timestamp_ms,accX,accY,accZ,gyroX,gyroY,gyroZ,label
888016,0.3812,-0.1172,0.9619,-3.7051,-0.9531,-0.2383,other
888039,0.3816,-0.1168,0.9607,-3.707,-0.9492,-0.2539,other
888062,0.3821,-0.1168,0.9619,-3.707,-0.9492,-0.2617,other
888085,0.3842,-0.1168,0.9607,-3.7031,-0.9512,-0.2656,other
888108,0.3834,-0.1165,0.9612,-3.6934,-0.9531,-0.2617,other
888131,0.3843,-0.1171,0.9602,-3.6836,-0.9531,-0.2559,other
888154,0.3861,-0.1167,0.9603,-3.6699,-0.9531,-0.2422,other
888177,0.3826,-0.1177,0.9607,-3.6641,-0.9531,-0.2324,other
888200,0.3843,-0.1176,0.9608,-3.6641,-0.957,-0.2148,other
888223,0.3835,-0.1183,0.9615,-3.668,-0.9609,-0.207,other
888246,0.3839,-0.1166,0.9609,-3.6738,-0.9688,-0.1973,other
888269,0.3832,-0.1168,0.9615,-3.6816,-0.9727,-0.1953,other
888292,0.3823,-0.1167,0.96,-3.6855,-0.9746,-0.1992,other
888315,0.3839,-0.116,0.9606,-3.6895,-0.9785,-0.2129,other
888338,0.3838,-0.1178,0.9615,-3.6914,-0.9805,-0.2227,other
888361,0.3849,-0.1176,0.9604,-3.6934,-0.9844,-0.2383,other
888384,0.3851,-0.1163,0.9624,-3.6953,-0.9863,-0.2559,other
888407,0.3845,-0.1167,0.9608,-3.6934,-0.9863,-0.2656,other
888430,0.3857,-0.1169,0.9612,-3.6895,-0.9785,-0.2754,other
888453,0.386,-0.1163,0.962,-3.6855,-0.9707,-0.2793,other
888476,0.3848,-0.1179,0.9617,-3.6777,-0.957,-0.2793,other
888499,0.3862,-0.1168,0.9609,-3.6719,-0.9434,-0.2734,other
888522,0.387,-0.1161,0.9611,-3.668,-0.9355,-0.2656,other
888545,0.3855,-0.1169,0.9598,-3.666,-0.9277,-0.252,other
888568,0.3859,-0.1179,0.9613,-3.666,-0.9258,-0.2402,other
888591,0.3854,-0.1161,0.9613,-3.6699,-0.9258,-0.2266,other
888614,0.3857,-0.1171,0.9606,-3.6738,-0.9277,-0.2207,other
888637,0.3867,-0.1151,0.9609,-3.6797,-0.9336,-0.2168,other
888660,0.3843,-0.1166,0.9606,-3.6855,-0.9414,-0.2207,other
888683,0.3877,-0.1172,0.9617,-3.6875,-0.9434,-0.2266,other
888706,0.3866,-0.1182,0.9612,-3.6895,-0.9395,-0.2363,other
888729,0.3871,-0.1177,0.9611,-3.6895,-0.9355,-0.2441,other
888752,0.3882,-0.1174,0.9608,-3.6914,-0.9355,-0.25,other
888775,0.3875,-0.1167,0.9609,-3.6953,-0.9414,-0.2539,other
888798,0.3851,-0.1173,0.9611,-3.6992,-0.9473,-0.2539,other
888821,0.3856,-0.1173,0.9597,-3.7051,-0.9531,-0.25,other
888844,0.3884,-0.1173,0.9609,-3.709,-0.9512,-0.2461,other
888867,0.3861,-0.1171,0.9606,-3.7129,-0.9434,-0.2441,other
888890,0.3903,-0.1174,0.9609,-3.7148,-0.9395,-0.2422,other
888913,0.385,-0.1171,0.9603,-3.7148,-0.9414,-0.2402,other
888936,0.3854,-0.1168,0.9608,-3.7109,-0.9453,-0.2422,other
888959,0.386,-0.1165,0.9618,-3.7051,-0.9492,-0.2441,other
888982,0.3877,-0.118,0.9617,-3.6934,-0.9531,-0.248,other
889005,0.3895,-0.1168,0.962,-3.6855,-0.9551,-0.252,other
889028,0.3896,-0.1168,0.9625,-3.6719,-0.9531,-0.2578,other
889051,0.3875,-0.1163,0.9622,-3.6641,-0.9512,-0.2617,other
889074,0.3877,-0.1167,0.9608,-3.6621,-0.9512,-0.2617,other
889097,0.3884,-0.1165,0.9613,-3.6641,-0.9512,-0.2598,other
889120,0.3872,-0.1168,0.9618,-3.666,-0.9512,-0.2559,other
889143,0.3867,-0.1165,0.9601,-3.6738,-0.9512,-0.25,other
889166,0.3878,-0.1169,0.9603,-3.6816,-0.9512,-0.2461,other
889189,0.3884,-0.1173,0.96,-3.6855,-0.9473,-0.2441,other
889212,0.389,-0.1171,0.9619,-3.6914,-0.9434,-0.2422,other
889235,0.3879,-0.1169,0.9602,-3.6953,-0.9375,-0.2441,other
889258,0.389,-0.1184,0.9614,-3.6973,-0.9258,-0.2461,other
889281,0.3894,-0.1167,0.9601,-3.6953,-0.916,-0.2461,other
889304,0.3893,-0.1176,0.9604,-3.6914,-0.9102,-0.2441,other
889327,0.3872,-0.1173,0.9615,-3.6816,-0.9063,-0.2383,other
889350,0.3885,-0.1171,0.9607,-3.6719,-0.9063,-0.2363,other
889373,0.3887,-0.1166,0.9609,-3.6582,-0.9063,-0.2305,other
889396,0.3864,-0.1168,0.9615,-3.6504,-0.9063,-0.2305,other
889419,0.3882,-0.1178,0.9614,-3.6406,-0.9023,-0.2285,other
889442,0.3884,-0.1171,0.9609,-3.6348,-0.8965,-0.2305,other
889465,0.3894,-0.1173,0.9603,-3.6328,-0.8906,-0.2305,other
889488,0.39,-0.1182,0.9619,-3.6328,-0.8809,-0.2305,other
889511,0.3878,-0.1183,0.9606,-3.6348,-0.873,-0.2305,other
889534,0.3899,-0.1179,0.9608,-3.6367,-0.8633,-0.2324,other
889557,0.3884,-0.1167,0.9623,-3.6387,-0.8535,-0.2383,other
889580,0.3911,-0.1171,0.9613,-3.6387,-0.8477,-0.2441,other
889603,0.3898,-0.1161,0.9614,-3.6387,-0.8398,-0.25,other
889626,0.3893,-0.1183,0.9607,-3.6406,-0.8359,-0.2539,other
889649,0.3878,-0.1168,0.9618,-3.6445,-0.832,-0.2598,other
889672,0.39,-0.1167,0.9614,-3.6504,-0.8301,-0.2617,other
889695,0.3884,-0.1167,0.9614,-3.6543,-0.8301,-0.2656,other
889718,0.3881,-0.1172,0.9619,-3.6602,-0.832,-0.2695,other
889741,0.3894,-0.1165,0.9611,-3.6602,-0.834,-0.2715,other
889764,0.3893,-0.1171,0.9612,-3.6602,-0.8379,-0.2734,other
889787,0.3896,-0.1173,0.9606,-3.6582,-0.8418,-0.2695,other
889810,0.3923,-0.1176,0.9608,-3.6523,-0.8457,-0.2656,other
889833,0.3896,-0.1167,0.9608,-3.6465,-0.8496,-0.2559,other
889856,0.3879,-0.1169,0.9595,-3.6445,-0.8516,-0.252,other
889879,0.3896,-0.1172,0.9612,-3.6445,-0.8496,-0.2441,other
889902,0.3901,-0.1178,0.9595,-3.6465,-0.8477,-0.2422,other
889925,0.3899,-0.1179,0.9609,-3.6543,-0.8477,-0.2402,other
889948,0.3887,-0.1174,0.9604,-3.6582,-0.8496,-0.2422,other
889971,0.3893,-0.1168,0.9601,-3.6621,-0.8496,-0.248,other
889994,0.3911,-0.1166,0.96,-3.6621,-0.8535,-0.2578,other
890017,0.3895,-0.1183,0.9597,-3.6621,-0.8535,-0.2656,other
890040,0.3884,-0.1172,0.962,-3.6582,-0.8516,-0.2773,other
890063,0.3896,-0.1167,0.9608,-3.6523,-0.8516,-0.2852,other
890086,0.3887,-0.1167,0.9615,-3.6504,-0.8516,-0.2891,other
890109,0.389,-0.1167,0.9596,-3.6484,-0.8496,-0.2871,other
890132,0.3926,-0.1176,0.9604,-3.6484,-0.8477,-0.2832,other
890155,0.3906,-0.1169,0.9607,-3.6504,-0.8438,-0.2715,other
890178,0.3888,-0.1166,0.9604,-3.6543,-0.8418,-0.2559,other
890201,0.39,-0.1172,0.9606,-3.6602,-0.8379,-0.2422,other
890224,0.3901,-0.1174,0.9602,-3.666,-0.832,-0.2246,other
890247,0.3901,-0.1168,0.96,-3.6699,-0.8301,-0.2148,other
890270,0.3904,-0.1173,0.9601,-3.6719,-0.8281,-0.2051,other
890293,0.3884,-0.1167,0.9604,-3.6699,-0.8281,-0.2051,other
890316,0.3889,-0.1172,0.9598,-3.666,-0.8281,-0.207,other
890339,0.3899,-0.1166,0.9602,-3.6602,-0.832,-0.2109,other
890362,0.3909,-0.1163,0.9604,-3.6562,-0.834,-0.2148,other
890385,0.3923,-0.1171,0.9595,-3.6504,-0.8379,-0.2227,other
890408,0.3905,-0.1166,0.9595,-3.6465,-0.8398,-0.2266,other
890431,0.3903,-0.1163,0.9612,-3.6465,-0.8379,-0.2324,other
890454,0.3899,-0.1179,0.9607,-3.6504,-0.832,-0.2422,other
890477,0.3916,-0.1163,0.9606,-3.6543,-0.8262,-0.248,other
890500,0.3911,-0.1168,0.9606,-3.6621,-0.8184,-0.2578,other
890523,0.3906,-0.1172,0.9595,-3.666,-0.8145,-0.2617,other
890546,0.3893,-0.1176,0.9609,-3.6699,-0.8086,-0.2656,other
890569,0.3899,-0.1182,0.9597,-3.6699,-0.8047,-0.2637,other
890592,0.3922,-0.1171,0.9611,-3.666,-0.7988,-0.2598,other
890615,0.3905,-0.1178,0.9603,-3.6602,-0.7969,-0.252,other
890638,0.3893,-0.1171,0.9607,-3.6543,-0.7988,-0.2461,other
890661,0.391,-0.1178,0.9595,-3.6445,-0.8027,-0.2402,other
890684,0.391,-0.1168,0.9602,-3.6367,-0.8066,-0.2363,other
890707,0.3895,-0.1187,0.9601,-3.6289,-0.8145,-0.2344,other
890730,0.3898,-0.1179,0.9614,-3.625,-0.8242,-0.2344,other
890753,0.3918,-0.1167,0.9596,-3.625,-0.832,-0.2363,other
890776,0.3906,-0.1173,0.9601,-3.6309,-0.8438,-0.2402,other
890799,0.3881,-0.1171,0.9615,-3.6367,-0.8516,-0.2461,other
890822,0.3904,-0.1158,0.9591,-3.6426,-0.8613,-0.2539,other
890845,0.3912,-0.1174,0.9606,-3.6465,-0.8633,-0.2617,other
890868,0.392,-0.1166,0.9609,-3.6484,-0.8613,-0.2676,other
890891,0.3909,-0.1185,0.9594,-3.6484,-0.8594,-0.2754,other
890914,0.3896,-0.1184,0.9609,-3.6445,-0.8555,-0.2793,other
890937,0.392,-0.1167,0.9594,-3.6367,-0.8477,-0.2852,other
890960,0.3907,-0.1174,0.96,-3.6289,-0.8398,-0.2871,other
890983,0.3911,-0.1167,0.9592,-3.6113,-0.832,-0.2852,other
891006,0.3901,-0.1144,0.9615,-3.5879,-0.8281,-0.2812,other
891029,0.3895,-0.1147,0.9595,-3.5703,-0.8262,-0.2754,other
891052,0.3918,-0.1161,0.9613,-3.5469,-0.8184,-0.2676,other
891075,0.3929,-0.1182,0.9606,-3.5371,-0.8105,-0.2617,other
891098,0.3898,-0.1177,0.9611,-3.5312,-0.8027,-0.2539,other
891121,0.3857,-0.1187,0.9622,-3.541,-0.7988,-0.248,other
891144,0.3916,-0.1156,0.9598,-3.5508,-0.791,-0.248,other
891167,0.3911,-0.116,0.9597,-3.5723,-0.7832,-0.2539,other
891190,0.3899,-0.1162,0.9618,-3.5859,-0.7852,-0.2598,other
891213,0.3911,-0.1171,0.9596,-3.6074,-0.7891,-0.2715,other
891236,0.3909,-0.118,0.9612,-3.625,-0.7891,-0.2793,other
891259,0.3888,-0.1176,0.9614,-3.6367,-0.791,-0.2832,other
891282,0.3899,-0.1156,0.9631,-3.6484,-0.7949,-0.2812,other
891305,0.3916,-0.1168,0.9606,-3.6543,-0.7949,-0.2793,other
891328,0.3899,-0.1157,0.9611,-3.6602,-0.7969,-0.2754,other
891351,0.3916,-0.1179,0.962,-3.6621,-0.8027,-0.2734,other
891374,0.3926,-0.1168,0.9591,-3.6641,-0.8066,-0.2734,other
891397,0.3896,-0.1168,0.96,-3.666,-0.8145,-0.2715,other
891420,0.3907,-0.1163,0.9603,-3.668,-0.8184,-0.2695,other
891443,0.3932,-0.1165,0.9604,-3.666,-0.8203,-0.2656,other
891466,0.3911,-0.1166,0.9598,-3.6641,-0.8223,-0.2637,other
891489,0.3894,-0.1173,0.9622,-3.6621,-0.8242,-0.2637,other
891512,0.3918,-0.1171,0.9603,-3.6582,-0.8203,-0.2656,other
891535,0.392,-0.1158,0.9591,-3.6582,-0.8184,-0.2656,other
891558,0.392,-0.1161,0.9608,-3.6602,-0.8184,-0.2656,other
891581,0.3916,-0.1161,0.9601,-3.6621,-0.8203,-0.2656,other
891604,0.392,-0.1163,0.9598,-3.668,-0.8242,-0.2656,other
891627,0.3912,-0.1167,0.9611,-3.6738,-0.8262,-0.2676,other
891650,0.3922,-0.1167,0.9606,-3.6797,-0.8262,-0.2695,other
891673,0.3917,-0.1165,0.9603,-3.6855,-0.8223,-0.2715,other
891696,0.3917,-0.1161,0.9598,-3.6875,-0.8203,-0.2734,other
891719,0.3916,-0.1171,0.9594,-3.6855,-0.8184,-0.2754,other
891742,0.3912,-0.1169,0.9596,-3.6816,-0.8184,-0.2754,other
891765,0.3909,-0.1177,0.9606,-3.6738,-0.8184,-0.2754,other
891788,0.3896,-0.1168,0.9597,-3.666,-0.8184,-0.2754,other
891811,0.3912,-0.1172,0.96,-3.6621,-0.8164,-0.2734,other
891834,0.3915,-0.1155,0.9604,-3.6562,-0.8145,-0.2715,other
891857,0.391,-0.1168,0.96,-3.6543,-0.8164,-0.2715,other
891880,0.3909,-0.1158,0.9602,-3.6523,-0.8164,-0.2715,other
891903,0.3923,-0.1168,0.9602,-3.6543,-0.8203,-0.2676,other
891926,0.391,-0.118,0.9592,-3.6543,-0.8262,-0.2637,other
891949,0.3926,-0.1157,0.9598,-3.6562,-0.832,-0.2598,other
891972,0.3915,-0.1173,0.9611,-3.6562,-0.8379,-0.2578,other
891995,0.3921,-0.1169,0.9608,-3.6582,-0.8438,-0.2578,other
892018,0.3932,-0.1154,0.9604,-3.6562,-0.8457,-0.2598,other
892041,0.3917,-0.1171,0.9595,-3.6543,-0.8457,-0.2598,other
892064,0.3925,-0.1158,0.9598,-3.6523,-0.8457,-0.2637,other
892087,0.394,-0.1176,0.9596,-3.6484,-0.8418,-0.2637,other
892110,0.392,-0.1166,0.9598,-3.6406,-0.8379,-0.2656,other
892133,0.3922,-0.1173,0.9592,-3.6367,-0.8398,-0.2695,other
892156,0.3938,-0.1176,0.959,-3.6289,-0.8398,-0.2715,other
892179,0.3911,-0.1176,0.9602,-3.623,-0.8418,-0.2734,other
892202,0.3865,-0.1172,0.9618,-3.6211,-0.8457,-0.2734,other
892225,0.3929,-0.1152,0.9608,-3.6211,-0.8418,-0.2754,other
892248,0.3973,-0.1168,0.9587,-3.623,-0.832,-0.2754,other
892271,0.3931,-0.1189,0.9614,-3.6289,-0.8262,-0.2734,other
892294,0.3877,-0.119,0.9619,-3.6406,-0.834,-0.2734,other
892317,0.3942,-0.1171,0.9587,-3.6465,-0.8359,-0.2715,other
892340,0.3937,-0.115,0.9598,-3.6562,-0.834,-0.2695,other
892363,0.3876,-0.1149,0.9603,-3.6602,-0.8359,-0.2656,other
892386,0.3922,-0.1172,0.9609,-3.6621,-0.834,-0.2637,other
892409,0.3981,-0.1182,0.95,-3.6621,-0.8203,-0.2617,other
892432,0.8038,-0.1443,0.6874,-3.6621,-0.791,-0.2637,other
892455,0.1925,-0.1293,1.0718,-3.6406,0.0332,-0.2617,other
892478,-0.0551,-0.074,1.0988,-3.5547,2.3594,-0.2461,other
892501,0.0643,-0.12,1.0789,-3.2402,10.6348,-0.0996,other
892524,0.1486,-0.1147,1.0338,-2.9297,24.8359,0.3164,other
892547,0.1941,-0.1168,1.0177,-2.4492,36.002,0.707,other
892570,0.1705,-0.1179,1.0162,-2.1152,51.6582,1.3066,other
892593,0.1313,-0.1152,1.0293,-2.0273,59.709,1.6426,other
892616,0.1234,-0.1117,1.033,-2.1055,63.998,1.9727,other
892639,0.0897,-0.1157,1.0403,-2.2832,63.998,2.0723,other
892662,0.0206,-0.1202,1.043,-2.7031,63.998,2.0937,other
892685,-0.0773,-0.1257,1.0499,-3.2617,63.998,2.166,other
892708,-0.1086,-0.1267,1.046,-3.6836,63.998,2.4141,other
892731,-0.1105,-0.1257,1.0498,-4.3457,63.998,3.207,other
892754,-0.0662,-0.1234,1.0441,-4.7617,63.998,3.9473,other
892777,-0.0348,-0.1217,1.0419,-5.2715,63.998,5.0918,other
892800,-0.0778,-0.1229,1.0454,-5.5527,58.9727,5.9141,other
892823,-0.0287,-0.1206,1.0402,-5.5879,52.8633,6.1523,other
892846,0.0194,-0.12,1.0367,-5.4082,40.1074,5.9902,other
892869,0.0077,-0.1227,1.041,-5.1562,29.6289,5.5605,other
892892,0.0559,-0.1211,1.0326,-4.6465,12.3652,4.5488,other
892915,0.0948,-0.1162,1.0308,-4.2695,-4.4766,3.2949,other
892938,0.0067,-0.1166,1.0454,-3.7461,-13.9941,2.4453,other
892961,-0.077,-0.1216,1.0552,-3.3848,-23.5117,1.4004,other
892984,-0.053,-0.1256,1.0376,-3.2832,-25.9297,1.0176,other
893007,-0.0186,-0.1307,1.0251,-3.3848,-23.8027,1.0117,other
893030,-0.0345,-0.1224,1.0541,-3.6152,-19.3457,1.2969,other
893053,-0.0341,-0.1276,1.0311,-4.1055,-10.1152,1.8906,other
893076,-0.0414,-0.1194,1.0515,-4.5918,-0.3574,2.3691,other
893099,0.0068,-0.1207,1.0414,-4.8184,5.2461,2.4902,other
893122,-0.0083,-0.1206,1.0408,-4.916,11.1309,2.2539,other
893145,-0.0347,-0.1229,1.041,-4.8223,13.1465,1.8027,other
893168,-0.0413,-0.1216,1.0419,-4.5215,13.627,0.8066,other
893191,0.0001,-0.1171,1.0389,-4.1406,11.9648,-0.3281,other
893214,-0.0111,-0.1226,1.0259,-3.9043,10.2344,-1.0137,other
893237,-0.0806,-0.1241,1.0444,-3.6504,7.6465,-1.7266,other
893260,-0.0428,-0.1228,1.0364,-3.5762,6.5273,-1.916,other
893283,-0.0746,-0.1256,1.0369,-3.625,6.5957,-1.7793,other
893306,-0.193,-0.1285,1.0435,-3.8477,9.3281,-1.2832,other
893329,-0.1539,-0.125,1.0383,-4.0742,12.6582,-0.8516,other
893352,-0.0732,-0.1206,1.0326,-4.4707,18.8848,-0.1953,other
893375,-0.0924,-0.1245,1.0317,-4.7207,22.8105,0.1836,other
893398,-0.1771,-0.1309,1.0366,-5.0156,26.959,0.5937,other
893421,-0.1031,-0.1249,1.0308,-5.1426,28.2832,0.7461,other
893444,-0.1458,-0.1268,1.0321,-5.2324,28.123,0.8105,other
893467,-0.1373,-0.1256,1.031,-5.2129,25.8574,0.7129,other
893490,-0.09,-0.124,1.0244,-5.1582,23.6445,0.5918,other
893513,-0.2339,-0.1333,1.0265,-5.0645,20.2363,0.3711,other
893536,-0.255,-0.1382,1.0225,-5.0371,18.6426,0.2266,other
893559,-0.2064,-0.1321,1.0244,-5.0898,18.0176,0.0371,other
893582,-0.2017,-0.1312,1.0251,-5.207,18.834,-0.0996,other
893605,-0.1989,-0.131,1.0276,-5.2598,19.2793,-0.1602,other
893628,-0.1069,-0.1238,1.0284,-5.1992,18.3359,-0.2187,other
893651,-0.1014,-0.1254,1.0275,-5.0293,16.0137,-0.2402,other
893674,-0.1476,-0.1281,1.0288,-4.5957,10.0137,-0.2559,other
893697,-0.1924,-0.1312,1.0273,-4.0723,2.6602,-0.2617,other
893720,-0.193,-0.1311,1.0277,-3.7637,-1.7148,-0.2598,other
893743,-0.1853,-0.1304,1.0265,-3.4609,-6.0801,-0.2559,other
893766,-0.1666,-0.1294,1.0272,-3.3848,-7.2539,-0.252,other
893789,-0.1698,-0.1301,1.0262,-3.4316,-6.7598,-0.25,other
893812,-0.1799,-0.1311,1.0259,-3.541,-5.3496,-0.25,other
893835,-0.186,-0.1305,1.026,-3.7695,-2.3672,-0.2598,other
893858,-0.1824,-0.1293,1.025,-4.0176,0.877,-0.2734,other
893881,-0.1824,-0.1299,1.0256,-4.168,2.8203,-0.2852,other
893904,-0.1804,-0.1312,1.0272,-4.3398,5.0273,-0.2988,other
893927,-0.1915,-0.1312,1.026,-4.4141,5.9062,-0.3066,other
893950,-0.1852,-0.1316,1.0256,-4.457,6.3145,-0.3125,other
893973,-0.1866,-0.1307,1.0267,-4.4297,5.7559,-0.3125,other
893996,-0.1748,-0.1293,1.026,-4.3789,4.9453,-0.3125,other
894019,-0.1688,-0.1289,1.0278,-4.2637,3.248,-0.3105,other
894042,-0.1771,-0.1302,1.0265,-4.1738,1.9355,-0.3066,other
894065,-0.1919,-0.1307,1.0273,-4.043,0.0645,-0.3027,other
894088,-0.1832,-0.1305,1.0242,-3.9512,-1.2305,-0.2969,other
894111,-0.1953,-0.1309,1.0258,-3.9219,-1.6191,-0.293,other
894134,-0.1895,-0.1299,1.0244,-3.9258,-1.4922,-0.2832,other
894157,-0.176,-0.129,1.0255,-3.9512,-1.0527,-0.2773,other
894180,-0.1951,-0.1306,1.0256,-4.0059,-0.1758,-0.2676,other
894203,-0.1825,-0.1301,1.026,-4.0449,0.4199,-0.2637,other
894226,-0.191,-0.1304,1.0262,-4.0937,1.1699,-0.2578,other
894249,-0.1975,-0.1309,1.0255,-4.1289,1.666,-0.2559,other
894272,-0.1805,-0.13,1.0266,-4.1426,1.8379,-0.2559,other
894295,-0.1848,-0.1307,1.0262,-4.1426,1.8281,-0.2598,other
894318,-0.191,-0.1316,1.0256,-4.1309,1.6523,-0.2637,other
894341,-0.1873,-0.1316,1.0254,-4.1074,1.2363,-0.2734,other
894364,-0.2023,-0.1309,1.0232,-4.0879,0.7949,-0.2852,other
894387,-0.1791,-0.1298,1.0253,-4.0801,0.5449,-0.2949,other
894410,-0.193,-0.131,1.0248,-4.0723,0.2266,-0.3086,other
894433,-0.1925,-0.1307,1.0259,-4.0645,0.0312,-0.3164,other
894456,-0.1758,-0.1304,1.022,-4.0488,-0.2715,-0.3223,other
894479,-0.1982,-0.1321,1.0261,-4.0215,-0.6348,-0.3184,other
894502,-0.1733,-0.1293,1.0253,-4.0,-0.8984,-0.3145,other
894525,-0.1826,-0.1312,1.0248,-3.9629,-1.293,-0.3008,other
894548,-0.1887,-0.1309,1.0255,-3.9395,-1.5078,-0.293,other
894571,-0.1901,-0.1307,1.025,-3.9199,-1.6191,-0.2793,other
894594,-0.198,-0.1322,1.0238,-3.9219,-1.4922,-0.2734,other
894617,-0.1849,-0.1302,1.0251,-3.9473,-0.9961,-0.2695,other
894640,-0.1884,-0.1305,1.0262,-3.9922,-0.2812,-0.2695,other
894663,-0.1947,-0.131,1.0251,-4.0215,0.2051,-0.2715,other
894686,-0.1871,-0.13,1.0233,-4.0625,0.8379,-0.2715,other
894709,-0.1906,-0.1305,1.025,-4.084,1.1484,-0.2715,other
894732,-0.187,-0.1312,1.0244,-4.0996,1.416,-0.2676,other
894755,-0.1876,-0.131,1.0222,-4.1016,1.4824,-0.2598,other
894778,-0.204,-0.1317,1.0236,-4.0996,1.4785,-0.2559,other
894801,-0.2001,-0.1305,1.0233,-4.1016,1.5313,-0.252,other
894824,-0.2007,-0.1317,1.0214,-4.1074,1.6387,-0.252,other
894847,-0.1979,-0.1306,1.0237,-4.125,1.8496,-0.2559,other
894870,-0.178,-0.1301,1.0226,-4.1348,1.9395,-0.2656,other
894893,-0.2202,-0.1334,1.0229,-4.1348,1.8457,-0.2734,other
894916,-0.1875,-0.1311,1.0237,-4.1172,1.4648,-0.2871,other
894939,-0.1962,-0.1311,1.0245,-4.0937,1.0293,-0.2969,other
894962,-0.212,-0.1324,1.0244,-4.0352,0.0234,-0.3125,other
894985,-0.1276,-0.125,1.0278,-3.9746,-0.9355,-0.3242,other
895008,-0.0891,-0.1234,1.0264,-3.8398,-2.9902,-0.3281,other
895031,-0.1976,-0.1315,1.0239,-3.6797,-5.4082,-0.332,other
895054,-0.2743,-0.1382,1.0166,-3.6094,-6.4199,-0.334,other
895077,-0.3711,-0.1462,1.017,-3.6582,-5.6855,-0.3398,other
895100,-0.259,-0.1323,1.0276,-3.793,-3.6152,-0.3477,other
895123,-0.1179,-0.1208,1.0366,-4.002,-0.2031,-0.3594,other
895146,-0.0088,-0.1183,1.0262,-3.9434,-0.6348,-0.3828,other
895169,0.1027,-0.116,1.0193,-3.6602,-4.9297,-0.4102,other
895192,0.0289,-0.1196,1.0287,-2.9102,-17.5879,-0.4805,other
895215,-0.0647,-0.1235,1.0481,-2.3027,-28.4668,-0.5391,other
895238,-0.0364,-0.1213,1.0371,-1.4746,-43.6563,-0.627,other
895261,-0.1108,-0.1256,1.0444,-0.9883,-52.4668,-0.6816,other
895284,-0.1693,-0.1289,1.0492,-0.9238,-53.2383,-0.6895,other
895307,-0.0978,-0.1302,1.0471,-1.1953,-46.959,-0.6641,other
895330,-0.0386,-0.1116,1.0414,-1.5488,-39.3516,-0.6367,other
895353,-0.0619,-0.1333,1.0613,-2.166,-26.8477,-0.6445,other
895376,-0.032,-0.1094,1.0728,-2.5371,-20.1113,-0.7949,other
895399,0.0892,-0.1125,1.038,-2.9219,-15.6719,-1.0078,other
895422,0.311,-0.1183,0.9756,-3.0469,-20.3613,-1.498,other
895445,0.3828,-0.1973,0.9578,-3.0215,-28.6953,-1.9219,other
895468,0.3148,-0.0114,0.9548,-2.9707,-47.2637,-2.7402,other
895491,0.2842,-0.1306,1.002,-3.041,-61.5977,-3.4687,other
895514,0.1929,-0.1172,1.0515,-3.3652,-64.0,-4.75,other
895537,0.2599,-0.1536,1.0515,-3.8809,-64.0,-5.9648,other
895560,0.264,-0.1238,1.0687,-4.2773,-64.0,-6.6445,other
895583,0.3151,-0.0673,1.0883,-5.0137,-64.0,-7.6504,other
895606,0.3551,-0.2017,0.8469,-5.6816,-64.0,-8.3652,other
895629,0.6172,-0.1577,0.6383,-6.9199,-64.0,-9.1133,other
895652,1.0225,-0.0289,0.358,-8.3906,-64.0,-9.2109,other
895675,1.1893,-0.1843,0.3384,-9.6973,-64.0,-9.1543,other
895698,0.9349,-0.2051,0.5481,-12.1484,-64.0,-9.1875,other
895721,0.8835,-0.0657,0.5355,-13.6367,-64.0,-9.3594,other
895744,0.6763,-0.0504,0.5194,-14.2187,-64.0,-10.0801,other
895767,0.6178,-0.0947,0.7495,-12.5957,-64.0,-11.3672,other
895790,0.6265,-0.0834,0.913,-6.0039,-53.7461,-11.8574,other
895813,0.7131,0.0571,0.6956,5.2227,-31.8438,-10.5801,other
895836,0.8043,0.0432,0.5076,13.5918,-20.4453,-8.2949,other
895859,1.108,-0.0123,0.4321,23.1699,-12.8555,-3.9844,other
895882,1.182,0.1335,0.4308,25.2422,-15.0879,-1.4297,other
895905,1.0208,-0.4258,0.3063,19.3906,-26.8711,0.7598,other
895928,1.0762,-0.077,0.2761,2.4512,-41.7813,0.4395,other
895951,1.1127,-0.0411,0.5446,-13.7637,-49.082,-0.8828,other
895974,1.0438,-0.3322,0.7374,-41.1211,-50.4824,-3.3848,other
895997,0.5463,-0.1658,0.5878,-57.75,-43.4512,-4.3223,other
896020,0.9672,0.0085,0.8394,-64.0,-23.25,-2.7305,other
896043,1.4303,0.085,0.8944,-64.0,-0.2734,2.8477,other
896066,1.132,-0.1694,0.3519,-64.0,11.8086,8.6113,other
896089,0.8503,-0.2078,0.3739,-46.5645,22.8242,20.6094,other
896112,0.5631,-0.3715,0.3223,-34.5703,26.7324,30.959,other
896135,0.484,-0.371,0.5126,-23.2422,30.5293,49.5,other
896158,0.6147,-0.3687,0.7931,-21.709,34.5605,63.998,other
896181,0.6676,-0.7623,0.6343,-28.1699,38.1191,63.998,other
896204,0.781,-0.7427,0.494,-42.1484,43.9902,63.998,other
896227,0.6978,-0.4211,0.6042,-53.0469,47.5039,63.998,other
896250,0.6144,-0.7372,0.7588,-64.0,50.916,63.998,other
896273,0.5568,-0.563,1.0345,-64.0,50.6094,63.998,other
896296,0.5765,-0.6238,1.2416,-64.0,43.8223,63.998,other
896319,0.3896,-0.6707,1.1229,-64.0,30.1191,63.998,other
896342,0.1848,-0.6949,0.7761,-64.0,18.998,63.998,other
896365,0.1274,-0.6786,0.4269,-64.0,1.2715,63.998,other
896388,0.1824,-0.7045,0.4244,-64.0,-11.1133,63.998,other
896411,0.3195,-0.5989,0.4197,-64.0,-30.7188,63.998,other
896434,0.3389,-0.3956,0.0614,-64.0,-50.5098,63.998,other
896457,0.214,-0.3809,-0.0211,-64.0,-62.5215,63.998,other
896480,0.3861,-0.4705,-0.2882,-64.0,-64.0,63.998,other
896503,0.6251,-0.4663,-0.7809,-64.0,-64.0,62.9902,other
896526,0.5538,-0.4852,-0.9136,-64.0,-64.0,34.334,other
896549,0.3066,-0.4806,-0.9723,-64.0,-64.0,5.1152,other
896572,0.3462,-0.4269,-0.7416,-64.0,-64.0,-12.6074,other
896595,0.3929,-0.4307,-0.5881,-64.0,-64.0,-33.9922,other
896618,0.5026,-0.4121,-0.8236,-64.0,-62.0586,-43.8789,other
896641,0.67,-0.4674,-1.3008,-64.0,-43.6797,-51.9316,other
896664,0.5839,-0.5216,-1.27,-64.0,-35.3652,-53.2715,other
896687,0.4064,-0.5001,-0.8789,-64.0,-30.8867,-50.3398,other
896710,0.3868,-0.4591,-0.6975,-64.0,-34.0176,-42.6758,other
896733,0.4658,-0.4585,-0.7249,-64.0,-38.1816,-35.668,other
896756,0.7723,-0.603,-1.1361,-64.0,-44.6367,-23.8438,other
896779,0.5852,-0.4742,-1.0316,-64.0,-48.0605,-16.1621,other
896802,0.3234,-0.3569,-0.5096,-64.0,-50.8145,-6.2891,other
896825,0.4186,-0.4498,-0.9159,-54.0566,-50.2715,1.2715,other
896848,0.2164,-0.4196,-0.9087,-40.8574,-48.2344,5.1953,other
896871,0.4001,-0.5399,-0.9792,-23.7559,-43.4961,9.6914,other
896894,0.3437,-0.3323,-0.8053,-14.7109,-39.7813,11.7129,other
896917,0.2734,-0.4446,-0.8519,-4.9395,-34.5137,12.8223,other
896940,0.1956,-0.4508,-0.9286,-0.9766,-31.5352,11.4844,other
896963,0.285,-0.4836,-0.8865,1.4414,-31.7012,9.584,other
896986,0.382,-0.4464,-0.8932,0.627,-35.0527,5.9062,other
897009,0.0255,-0.4901,-1.0143,-1.0918,-38.6406,3.2266,other
897032,0.1486,-0.5161,-0.8649,-5.084,-44.6035,-0.5957,other
897055,0.2954,-0.4122,-0.9058,-8.7871,-48.5273,-2.9199,other
897078,0.2498,-0.3539,-0.8492,-16.1699,-54.9258,-6.3301,other
897101,0.2399,-0.4078,-1.1273,-26.0879,-63.1094,-9.8223,other
897124,0.2656,-0.4264,-1.2765,-34.3457,-64.0,-12.1543,other
897147,0.2621,-0.2909,-0.797,-48.7051,-64.0,-15.627,other
897170,0.1829,-0.2584,-0.5065,-58.2383,-64.0,-17.9688,other
897193,0.1483,-0.2412,-0.8331,-64.0,-64.0,-21.5234,other
897216,0.1963,-0.2576,-0.8265,-64.0,-64.0,-25.0566,other
897239,0.3176,-0.2808,-0.576,-64.0,-64.0,-27.334,other
897262,0.1261,-0.2106,-0.4913,-64.0,-64.0,-30.3906,other
897285,-0.0201,-0.1237,-0.632,-64.0,-58.5801,-31.8672,other
897308,-0.043,-0.1885,-0.9332,-64.0,-35.4609,-32.5801,other
897331,-0.0414,-0.0996,-0.9883,-64.0,-12.9238,-31.1836,other
897354,0.0387,-0.0253,-0.9072,-64.0,-0.2148,-29.5117,other
897377,0.0626,0.0017,-1.036,-64.0,14.373,-27.4492,other
897400,0.0446,0.0339,-1.3015,-64.0,21.6016,-27.1504,other
897423,-0.0833,0.0945,-1.1871,-64.0,30.1582,-28.4746,other
897446,0.0518,0.1652,-0.6556,-64.0,35.1445,-30.0527,other
897469,0.036,0.1945,-0.7264,-64.0,42.7012,-32.707,other
897492,0.063,0.1952,-1.0973,-64.0,50.3555,-35.4355,other
897515,0.1586,0.162,-1.2339,-64.0,54.3711,-37.2598,other
897538,0.3389,0.1622,-0.954,-64.0,56.6621,-40.0039,other
897561,0.3175,0.1704,-0.7595,-64.0,55.6953,-41.8789,other
897584,0.2539,0.1877,-0.9237,-64.0,52.6855,-44.4316,other
897607,0.2831,0.2108,-0.8705,-64.0,50.5566,-45.7402,other
897630,0.1666,0.3467,-0.6593,-64.0,50.5137,-45.4902,other
897653,0.1227,0.314,-0.6331,-64.0,53.0137,-43.1406,other
897676,0.2539,0.2946,-0.7832,-64.0,56.0195,-40.293,other
897699,0.3727,0.3551,-0.7793,-64.0,60.3613,-34.582,other
897722,0.3993,0.4309,-0.7904,-64.0,61.9004,-28.1348,other
897745,0.4128,0.5312,-0.7506,-64.0,60.707,-23.9316,other
897768,0.4216,0.563,-0.579,-64.0,55.8438,-18.25,other
897791,0.3646,0.4806,-0.7511,-64.0,51.5254,-15.0898,other
897814,0.2518,0.4729,-0.8073,-64.0,45.416,-11.3867,other
897837,0.1837,0.6053,-0.5177,-64.0,42.0117,-9.4453,other
897860,0.1926,0.559,-0.3796,-64.0,37.8125,-7.1445,other
897883,0.4067,0.5162,-0.5248,-64.0,34.3906,-5.9727,other
897906,0.462,0.4888,-0.6246,-64.0,31.8555,-6.25,other
897929,0.304,0.5442,-0.5676,-64.0,26.0215,-8.5176,other
897952,0.197,0.6165,-0.4204,-64.0,20.2734,-10.9316,other
897975,0.1241,0.5405,-0.5485,-64.0,9.6152,-14.8457,other
897998,0.2334,0.5457,-0.657,-58.3125,-0.9316,-18.166,other
898021,0.2128,0.7183,-0.6709,-48.4023,-6.8008,-19.9063,bite
898044,0.0991,0.7754,-0.5277,-33.4414,-13.5059,-22.1328,bite
898067,0.2175,0.6821,-0.5135,-23.4805,-16.5273,-23.7324,bite
898090,0.3817,0.5432,-0.6628,-8.7695,-18.8945,-27.1055,bite
898113,0.286,0.4633,-0.682,4.998,-19.2813,-32.2441,bite
898136,0.0597,0.498,-0.5522,13.252,-18.7383,-36.4473,bite
898159,0.1013,0.5457,-0.2805,23.8984,-16.5488,-42.8984,bite
898182,0.3092,0.5486,-0.265,29.6406,-14.0234,-46.7148,bite
898205,0.3749,0.473,-0.7457,35.3164,-8.957,-51.1543,bite
898228,0.3358,0.4567,-1.2698,36.2715,-5.3203,-53.0293,bite
898251,0.1012,0.7334,-0.4388,32.6621,-0.9395,-53.6367,bite
898274,0.1677,0.5793,-0.7076,24.502,1.3906,-50.9902,bite
898297,0.2715,0.6437,-0.7327,17.9102,2.2051,-47.4141,bite
898320,0.1416,0.5648,-0.6686,8.1934,2.8457,-39.7676,bite
898343,0.1534,0.5935,-0.5646,2.625,2.8867,-33.623,bite
898366,0.0704,0.5505,-0.6091,-3.6133,1.5645,-23.8848,bite
898389,0.068,0.5107,-0.7854,-7.2187,-2.4102,-14.6836,bite
898412,0.0291,0.5276,-0.6666,-8.4238,-6.6582,-9.3145,bite
898435,0.0245,0.6136,-0.588,-9.0508,-14.959,-2.75,bite
898458,0.0958,0.5668,-0.6512,-9.0586,-21.2754,0.5215,bite
898481,0.0693,0.4834,-0.6998,-9.0195,-30.9355,3.7559,bite
898504,0.0166,0.4941,-0.6625,-9.3066,-39.5,5.4297,bite
898527,0.0366,0.5015,-0.6498,-9.6816,-43.957,6.1133,bite
898550,0.0354,0.4667,-0.7152,-10.2324,-48.3398,7.168,bite
898573,0.0387,0.4967,-0.7076,-10.3262,-49.9844,8.1406,bite
898596,0.0211,0.5627,-0.6625,-9.5332,-51.6152,10.0332,bite
898619,0.0022,0.6014,-0.5211,-8.123,-52.6816,11.4004,bite
898642,0.0917,0.7437,-0.5908,-4.3867,-54.207,13.2266,bite
898665,0.0254,0.889,-0.6731,1.3086,-54.4863,14.5664,bite
898688,-0.0082,0.8081,-0.757,5.8203,-53.1406,15.2949,bite
898711,0.0728,0.8444,-0.5613,12.3887,-47.7988,16.4766,bite
898734,0.0859,0.7639,-0.6211,15.7539,-41.9023,17.4492,bite
898757,0.012,0.7029,-0.7418,18.0547,-30.3809,19.1035,bite
898780,0.3214,0.708,-0.564,16.7832,-17.7305,20.2207,bite
898803,0.3036,0.6029,-0.6187,14.5215,-10.1895,19.9375,bite
898826,0.2202,0.5446,-0.5303,10.2598,-2.0039,17.3906,bite
898849,0.074,0.5265,-0.5288,7.4727,1.168,14.5449,bite
898872,0.0674,0.4008,-0.4827,3.9883,3.4141,9.7363,bite
898895,0.2003,0.3599,-0.538,1.2266,4.3145,5.7324,bite
898918,0.1879,0.3933,-0.5875,-0.6055,4.7988,4.0586,bite
898941,-0.0123,0.4066,-0.6477,-4.0449,5.6309,3.5156,bite
898964,-0.1078,0.431,-0.6534,-7.0957,6.3496,4.6426,bite
898987,-0.0289,0.4664,-0.7739,-12.9199,7.5742,8.4844,bite
899010,-0.0383,0.5518,-0.7693,-17.4121,8.1797,13.5508,bite
899033,-0.0612,0.6012,-0.7778,-24.2051,8.2871,17.6348,bite
899056,-0.1754,0.6593,-0.7677,-29.7051,7.0664,21.9219,bite
899079,-0.1198,0.7042,-0.4554,-31.9609,5.5215,23.3535,bite
899102,0.1296,0.6193,-0.6703,-32.6152,2.4512,22.5586,bite
899125,0.3079,0.5524,-0.7904,-31.377,-0.1074,19.8047,bite
899148,0.2804,0.6008,-0.5192,-27.9258,-5.0156,12.6758,bite
899171,-0.1284,0.5378,-0.6497,-23.5742,-10.6172,3.7168,bite
899194,-0.0442,0.6451,-0.5083,-20.5801,-13.6016,-1.9121,bite
899217,0.1643,0.5836,-0.7041,-16.3711,-15.0586,-8.3848,bite
899240,0.1129,0.6338,-0.6725,-13.9629,-13.8027,-11.0684,bite
899263,0.0426,0.6644,-0.6987,-11.2285,-9.5918,-12.793,bite
899286,0.0789,0.6191,-0.5911,-9.7324,-4.4434,-12.3496,bite
899309,0.1401,0.6241,-0.4869,-9.4746,-1.4375,-11.1797,bite
899332,0.1356,0.6499,-0.6134,-10.0684,1.7598,-8.5039,bite
899355,0.0724,0.6395,-0.635,-10.8828,3.1055,-6.3105,bite
899378,0.0577,0.6254,-0.6316,-12.2012,4.5273,-2.7656,bite
899401,0.0292,0.6229,-0.5166,-12.9238,5.3008,0.5527,bite
899424,0.0702,0.6611,-0.5275,-13.6406,6.3711,2.6074,bite
899447,0.1322,1.0099,-0.2273,-13.9492,7.5898,4.7715,bite
899470,-0.146,0.4886,-0.8467,-13.9687,8.5293,5.5273,bite
899493,0.0438,0.5614,-0.5381,-13.9141,9.4785,5.3828,bite
899516,0.1622,0.6954,-0.4667,-13.9766,9.4434,4.5195,bite
899539,0.0988,0.6975,-0.5846,-14.377,8.4609,2.6973,bite
899562,0.1147,0.6377,-0.573,-15.0703,7.3965,1.0449,bite
899585,0.1003,0.614,-0.4692,-15.5801,7.0332,0.3047,bite
899608,0.0983,0.6279,-0.5063,-16.2031,6.7988,-0.1953,bite
899631,0.0889,0.6636,-0.552,-16.377,6.4512,-0.2246,bite
899654,0.0707,0.6599,-0.5898,-16.0215,5.0977,-0.0605,bite
899677,0.068,0.6433,-0.5654,-14.793,2.8418,0.1426,bite
899700,0.0992,0.7079,-0.5969,-13.541,1.1602,0.248,bite
899723,0.0894,0.6947,-0.5261,-11.3008,-1.3301,0.3203,bite
899746,0.0874,0.6549,-0.5061,-9.7988,-3.0723,0.2734,bite
899769,0.1353,0.649,-0.579,-7.9434,-6.0762,0.0312,bite
899792,0.0302,0.6793,-0.5294,-7.123,-8.3125,-0.4199,bite
899815,0.0049,0.6816,-0.5078,-6.5937,-11.543,-0.8496,bite
899838,0.0918,0.667,-0.5432,-6.8398,-13.6289,-1.6387,bite
899861,0.0702,0.6649,-0.5394,-7.3398,-13.8125,-2.1523,bite
899884,-0.1326,0.7091,-0.4971,-8.3867,-11.7441,-2.6523,bite
899907,0.1376,0.6846,-0.5243,-9.1582,-8.7578,-2.7734,bite
899930,0.0952,0.6572,-0.5138,-10.3301,-2.6328,-3.0703,bite
899953,0.1746,0.6598,-0.5142,-11.543,3.7266,-4.2168,bite
899976,0.042,0.6736,-0.4689,-12.334,7.3125,-5.5117,bite
899999,0.5336,0.5582,-0.5692,-13.2402,11.3594,-7.5391,bite
900022,0.3387,0.6096,-0.5371,-13.459,13.2441,-8.2637,other
900045,0.1123,0.7059,-0.4965,-12.7891,15.2168,-7.0449,other
900068,-0.1536,0.7529,-0.5123,-10.541,16.7793,-2.0781,other
900091,-0.0018,0.7104,-0.6493,-8.2363,17.8086,3.1777,other
900114,0.4456,0.6639,-0.4277,-4.3379,18.9805,12.4961,other
900137,0.2322,0.6755,-0.4473,-2.0195,18.9043,18.3086,other
900160,-0.13,0.668,-0.4955,0.2773,16.4121,23.916,other
900183,-0.0188,0.6709,-0.5762,0.8672,13.2617,23.6953,other
900206,0.0629,0.6904,-0.5387,0.5469,7.5703,20.1328,other
900229,0.0571,0.6963,-0.54,-0.6387,2.2852,10.9961,other
900252,0.0149,0.6733,-0.5463,-1.6172,-0.375,3.6133,other
900275,0.1892,0.6211,-0.4752,-3.1504,-2.7441,-7.3477,other
900298,0.3027,0.6415,-0.4797,-4.1406,-3.5625,-13.584,other
900321,0.4812,0.6517,-0.4967,-5.3027,-4.7852,-20.0234,other
900344,0.0933,0.7135,-0.5944,-5.8379,-8.2363,-22.0605,other
900367,-0.163,0.6991,-0.5116,-5.9141,-12.5137,-20.8008,other
900390,-0.2794,0.6936,-0.5223,-5.7949,-20.8496,-15.1875,other
900413,0.0869,0.6627,-0.4935,-5.584,-26.248,-9.4805,other
900436,0.2522,0.6677,-0.4609,-5.002,-31.5547,0.3574,other
900459,0.0392,0.6947,-0.5906,-4.002,-31.6816,9.4727,other
900482,-0.0186,0.6661,-0.5192,-3.0937,-28.7617,13.9316,other
900505,-0.0635,0.675,-0.5023,-1.4375,-20.7363,16.6035,other
900528,-0.1222,0.697,-0.6084,-0.1855,-13.5898,15.1953,other
900551,0.1013,0.6729,-0.5635,1.748,-1.2637,8.5254,other
900574,0.188,0.6847,-0.4938,2.9023,11.127,-1.9102,other
900597,0.1658,0.6298,-0.5034,4.0547,17.9473,-9.5762,other
900620,0.2161,0.6305,-0.5791,4.0684,24.7461,-20.002,other
900643,0.0229,0.6597,-0.5546,3.3301,26.623,-25.1836,other
900666,0.0623,0.6772,-0.4642,1.2871,25.6465,-29.1973,other
900689,0.2473,0.6523,-0.4962,-0.4629,22.6816,-29.2637,other
900712,0.2877,0.6345,-0.5197,-3.1719,15.3027,-25.9063,other
900735,-0.5566,0.7638,-0.5212,-5.3203,5.8457,-19.0137,other
900758,0.0582,0.6552,-0.5851,-6.0664,-0.3164,-12.834,other
900781,0.2274,0.6527,-0.5009,-5.9414,-7.666,-2.5449,other
900804,0.3029,0.6481,-0.5223,-5.1113,-10.7949,3.9004,other
900827,0.4124,0.6421,-0.5426,-3.1641,-12.6562,11.4844,other
900850,-0.1764,0.714,-0.5916,-1.0488,-11.4395,16.0586,other
900873,0.0702,0.6169,-0.5032,0.1426,-8.8887,17.6719,other
900896,0.4926,0.5769,-0.4943,1.4316,-2.1797,18.3867,other
900919,0.687,0.5183,-0.5354,1.8984,3.8613,18.0098,other
900942,-0.3138,0.6768,-0.5941,1.8145,13.623,17.373,other
900965,-0.3917,1.0077,-0.6333,1.1777,22.0938,18.8418,other
900988,-0.3213,0.8973,-0.7649,-0.5664,26.2637,21.418,other
901011,-0.0146,0.6071,-0.4342,-2.709,29.082,25.5254,other
901034,1.2404,0.3177,-0.3796,-4.0488,27.9355,26.0527,other
901057,-0.1814,0.8661,-0.5298,-6.0957,20.1895,20.4746,other
901080,-0.203,0.686,-0.5974,-7.3223,11.5879,12.6035,other
901103,-0.0367,0.6696,-0.4541,-8.375,-3.0254,-2.668,other
901126,0.1619,0.6449,-0.6298,-8.1152,-14.5703,-17.541,other
901149,0.2203,0.592,-0.6161,-7.2187,-18.4824,-25.0469,other
901172,0.0483,0.6295,-0.5166,-5.0723,-17.9492,-31.0,other
901195,0.0953,0.6373,-0.5265,-3.3555,-14.1016,-31.377,other
901218,0.1444,0.7145,-0.5071,-0.8535,-5.4453,-27.6504,other
901241,0.0645,0.7281,-0.5286,0.9336,3.7363,-20.8105,other
901264,0.0167,0.6412,-0.517,1.4961,9.0684,-15.623,other
901287,-0.0164,0.6169,-0.6316,1.4531,15.9395,-8.082,other
901310,0.2129,0.6589,-0.5372,1.0391,20.3145,-3.5898,other
901333,0.1188,0.6537,-0.5239,0.1777,26.7734,2.0195,other
901356,-0.0602,0.6492,-0.5935,-0.4355,31.9531,6.0215,other
901379,-0.3356,0.7671,-0.5222,-1.3145,33.7598,7.6562,other
901402,0.6096,0.5972,-0.4813,-2.0273,32.4629,8.0957,other
901425,0.1656,0.6589,-0.506,-2.3359,27.9336,6.498,other
901448,-0.1506,0.7183,-0.5591,-2.4297,15.4434,0.9922,other
901471,-0.0612,0.618,-0.5704,-2.1543,4.7207,-4.1641,other
901494,-0.0881,0.6278,-0.5594,-1.2227,-11.1699,-12.3867,other
901517,-0.2826,0.6769,-0.6189,0.2109,-22.4707,-19.0234,other
901540,0.5349,0.5979,-0.5764,1.3672,-26.0234,-21.8711,other
901563,0.125,0.6807,-0.6013,3.252,-25.543,-23.8359,other
901586,-0.0039,0.7654,-0.6119,4.4922,-22.0781,-23.6758,other
901609,-0.006,0.7399,-0.585,6.0801,-13.5996,-21.0723,other
901632,0.151,0.7227,-0.4928,6.7383,-3.1523,-15.6426,other
901655,-0.032,0.7897,-0.5239,6.1875,3.8242,-10.5449,other
901678,-0.0905,0.8516,-0.989,3.3027,13.4941,-0.7422,other
901701,-0.0002,0.868,-0.5663,0.2812,19.6133,7.0547,other
901724,0.3046,0.7373,-0.576,-3.6152,29.4922,19.6211,other
901747,0.4813,0.5983,-0.5852,-4.0273,40.8262,31.4902,other
901770,0.4789,0.4609,-0.7377,1.0117,48.8027,38.3867,other
901793,0.4027,0.3975,-0.7416,13.9414,60.123,47.5449,other
901816,0.4099,0.3429,-0.7183,26.6055,63.998,53.5527,other
901839,0.4524,0.3051,-0.7666,49.8379,63.998,63.5449,other
901862,0.4032,0.2317,-0.7017,63.998,63.998,63.998,other
901885,0.4684,0.1161,-0.7164,63.998,63.998,63.998,other
901908,0.6534,0.0178,-0.6409,63.998,63.998,63.998,other
901931,0.798,-0.0145,-0.4359,63.998,63.998,63.998,other
901954,0.6587,-0.1559,-0.2675,63.998,63.998,63.998,other
901977,0.5269,-0.3915,-0.436,63.998,63.998,63.998,other
902000,0.5009,-0.5702,-0.6643,63.998,63.998,63.998,other
902023,0.4529,-0.6208,-0.5228,63.998,63.998,63.998,other
902046,0.5883,-0.6644,-0.5348,63.998,63.998,63.998,other
902069,0.5955,-0.6885,-0.6058,63.998,63.998,63.998,other
902092,0.5487,-0.7173,-0.5262,63.998,63.998,63.998,other
902115,0.6909,-0.8157,-0.6334,63.998,63.998,63.998,other
902138,0.7559,-0.8373,-0.6936,63.998,63.9063,63.998,other
902161,0.6301,-0.8555,-0.5522,63.998,53.9863,63.998,other
902184,0.5956,-0.9268,-0.6448,63.998,34.2441,63.998,other
902207,0.6708,-0.9142,-0.4783,63.998,19.7109,63.998,other
902230,0.6365,-0.8975,-0.3937,47.7793,-1.0059,63.998,other
902253,0.5469,-0.9202,-0.4694,36.7695,-12.707,63.998,other
902276,0.5001,-0.8254,-0.486,22.166,-26.0078,63.998,other
902299,0.3805,-0.7993,-0.4048,10.2578,-34.6094,63.998,other
902322,0.3065,-0.7938,-0.3336,3.8633,-38.2324,63.998,other
902345,0.2273,-0.691,-0.3491,-3.582,-41.2285,63.998,other
902368,0.0707,-0.6215,-0.464,-7.3691,-42.0762,63.998,other
902391,0.0182,-0.6293,-0.5732,-11.9941,-42.2031,63.998,other
902414,0.1151,-0.6384,-0.7056,-16.2363,-41.2559,63.998,other
902437,0.1815,-0.6254,-0.5219,-19.0723,-40.2148,63.998,other
902460,0.033,-0.6366,-0.499,-22.8887,-37.9766,63.998,other
902483,-0.0092,-0.6991,-0.7139,-24.7305,-35.7852,63.998,other
902506,0.0465,-0.7214,-0.7838,-26.1992,-31.2773,63.998,other
902529,0.074,-0.7671,-0.7004,-26.4395,-25.7949,63.998,other
902552,0.1885,-0.8479,-0.6963,-25.9219,-22.084,63.998,other
902575,0.2805,-0.902,-0.7808,-24.5098,-17.375,60.6484,other
902598,0.1185,-0.8838,-0.7222,-23.1191,-15.1953,53.4141,other
902621,0.0349,-0.8479,-0.6733,-20.2813,-13.0234,41.9297,other
902644,0.048,-0.8385,-0.5786,-17.8457,-11.7539,34.627,other
902667,0.136,-0.8767,-0.5399,-13.5449,-9.5312,25.2188,other
902690,0.1265,-0.8966,-0.6718,-9.1289,-6.9824,18.2891,other
902713,0.0481,-0.8623,-0.7754,-6.625,-5.3027,15.168,other
902736,-0.0179,-0.8134,-0.7058,-4.0723,-2.8809,12.7051,other
902759,-0.0249,-0.8094,-0.5341,-3.1465,-1.1719,12.4023,other
902782,0.0908,-0.8551,-0.4736,-2.377,1.7148,13.4473,other
902805,0.1042,-0.8516,-0.5502,-1.7422,4.5156,15.4453,other
902828,0.0027,-0.8152,-0.6185,-1.3047,5.9023,16.8809,other
902851,0.041,-0.8348,-0.7643,-0.7754,7.0,18.7754,other
902874,0.1241,-0.8427,-0.6458,-0.5508,7.1465,19.7012,other
902897,0.0405,-0.8315,-0.6168,-0.1152,6.916,20.4531,other
902920,-0.0206,-0.8153,-0.6057,1.0469,6.8242,20.6465,other
902943,-0.1345,-0.7863,-0.6102,2.4453,7.1445,20.6387,other
902966,0.0974,-0.7745,-0.5964,5.293,8.2656,20.3477,other
902989,0.0425,-0.7371,-0.6477,7.4395,9.1855,19.6543,other
903012,0.1797,-0.8275,-0.7858,10.3926,10.5527,17.1719,other
903035,-0.0597,-0.821,-0.525,11.8027,11.8359,14.2734,other
903058,0.2659,-0.8575,-0.6794,12.7969,15.4512,8.041,other
903081,0.1799,-0.9061,-0.5286,12.6309,21.0684,0.1797,other
903104,0.0032,-0.8243,-0.5786,12.2207,25.3125,-5.3086,other
903127,0.1576,-0.774,-0.5961,11.8184,30.6113,-12.5977,other
903150,-0.0347,-0.7266,-0.3503,11.8906,32.0527,-16.1719,other
903173,0.0475,-0.7435,-0.7882,12.0371,29.8555,-19.1191,other
903196,0.0535,-0.6447,-0.7449,10.8359,22.7109,-19.668,other
903219,-0.0192,-0.6046,-0.6368,8.8633,16.1348,-19.4141,other
903242,0.0588,-0.714,-0.5824,4.6094,6.1758,-19.6289,other
903265,0.0992,-0.7987,-0.4152,1.4355,1.0273,-21.2246,other
903288,0.0525,-0.8024,-0.2615,-3.082,-2.959,-27.4727,other
903311,0.2659,-0.7999,-0.3961,-7.209,-2.9023,-39.3008,other
903334,0.4841,-0.7418,-0.6038,-10.3809,-2.1875,-50.0449,other
903357,0.5187,-0.6123,-0.5812,-17.5195,-3.7402,-64.0,other
903380,0.5627,-0.4681,-0.5638,-24.7188,-8.168,-64.0,other
903403,0.6567,-0.4158,-0.6486,-39.6348,-20.5391,-64.0,other
903426,0.6577,-0.3694,-0.7526,-51.9277,-31.7539,-64.0,other
903449,0.5736,-0.3022,-0.8159,-64.0,-50.5039,-64.0,other
903472,0.4608,-0.2126,-0.8461,-64.0,-64.0,-64.0,other
903495,0.4675,-0.1691,-0.9614,-64.0,-64.0,-64.0,other
903518,0.5389,-0.1564,-1.115,-64.0,-64.0,-64.0,other
903541,0.5385,-0.0737,-1.0952,-64.0,-64.0,-64.0,other
903564,0.4989,0.0151,-0.9698,-64.0,-64.0,-64.0,other
903587,0.3437,0.0981,-0.8412,-64.0,-64.0,-64.0,other
903610,0.203,0.1462,-0.769,-64.0,-64.0,-64.0,other
903633,0.2638,0.1652,-0.7905,-64.0,-47.4551,-64.0,other
903656,0.3986,0.1254,-0.9755,-64.0,-32.0918,-64.0,other
903679,0.4757,0.1804,-1.0756,-64.0,-9.7012,-64.0,other
903702,0.3834,0.2428,-0.9332,-64.0,7.5508,-64.0,other
903725,0.2472,0.301,-0.8234,-64.0,14.873,-55.0098,other
903748,0.2504,0.3326,-0.8447,-64.0,19.9355,-43.2148,other
903771,0.4048,0.2894,-0.9032,-64.0,20.0938,-36.6641,other
903794,0.4596,0.2957,-0.983,-64.0,16.4297,-28.9707,other
903817,0.3348,0.3009,-0.9446,-59.998,11.8223,-23.7832,other
903840,0.2297,0.3179,-0.8787,-51.0859,3.1621,-21.5938,other
903863,0.2853,0.2936,-0.6764,-43.1172,-4.7168,-19.4863,other
903886,0.3396,0.3053,-0.8115,-38.1602,-8.1738,-18.6797,other
903909,0.2902,0.2898,-0.8989,-31.5508,-10.3398,-18.0742,other
903932,0.2408,0.3136,-0.7861,-28.1289,-10.3457,-17.9063,other
903955,0.2521,0.3105,-0.6626,-24.8281,-8.9922,-17.8711,other
903978,0.2877,0.3285,-0.6365,-23.377,-5.7969,-18.3066,other
904001,0.3762,0.3357,-0.697,-23.1504,-2.4297,-19.0156,other
904024,0.3729,0.3424,-0.7667,-23.7285,3.959,-20.6855,other
904047,0.353,0.3733,-0.6552,-24.7109,8.4707,-21.9941,other
904070,0.4003,0.4044,-0.6237,-26.9375,14.7383,-23.7813,other
904093,0.3762,0.3928,-0.7603,-29.7188,19.752,-24.959,other
904116,0.2854,0.403,-0.7841,-31.7129,22.084,-25.2539,other
904139,0.245,0.4116,-0.7762,-34.5684,23.6035,-24.7813,other
904162,0.2799,0.433,-0.6882,-36.0254,23.0039,-23.8301,other
904185,0.2574,0.4449,-0.6714,-36.8145,19.209,-21.6367,other
904208,0.2343,0.4447,-0.7799,-36.1172,14.6484,-18.8145,other
904231,0.2469,0.4368,-0.7762,-33.2188,5.084,-16.7188,other
904254,0.2357,0.4343,-0.7142,-28.4961,-6.4707,-13.4453,other
904277,0.2538,0.4342,-0.6362,-24.6191,-14.0352,-11.4316,other
904300,0.2456,0.403,-0.7734,-18.1602,-22.9727,-9.2324,other
904323,0.2314,0.415,-0.73,-13.7441,-26.3887,-8.5898,other
904346,0.2935,0.4425,-0.6809,-7.5059,-27.207,-9.002,other
904369,0.3169,0.4653,-0.7275,-2.291,-23.7227,-10.8008,other
904392,0.2361,0.4758,-0.7601,0.3437,-19.9063,-12.4707,other
904415,0.2025,0.4976,-0.7482,2.7715,-13.2246,-15.0566,other
904438,0.2512,0.4955,-0.7373,3.3437,-8.6484,-16.5039,other
904461,0.2209,0.4957,-0.7809,2.748,-2.375,-17.9629,other
904484,0.1211,0.5043,-0.7761,0.6895,2.2285,-18.5488,other
904507,0.1283,0.5065,-0.7642,-1.2422,4.0078,-18.5742,other
904530,0.222,0.5214,-0.6615,-4.4395,4.6191,-18.4785,other
904553,0.2292,0.5336,-0.7252,-6.4531,3.707,-18.6426,other
904576,0.1781,0.5583,-0.7635,-9.043,0.5918,-19.5801,other
904599,0.2284,0.5309,-0.7638,-10.5215,-2.3516,-21.1719,other
904622,0.1965,0.476,-0.8563,-12.4648,-7.2344,-22.8359,other
904645,0.115,0.4597,-0.822,-14.0527,-11.6094,-25.2285,other
904668,0.043,0.4736,-0.6598,-14.7148,-13.7695,-26.6172,other
904691,0.0393,0.4462,-0.6119,-14.5176,-15.5879,-27.8711,other
904714,0.0374,0.4265,-0.6475,-13.3516,-16.0254,-27.9824,other
904737,0.0675,0.3995,-0.6462,-10.1621,-16.1465,-27.125,other
904760,0.1041,0.3574,-0.7496,-5.9004,-16.0391,-25.6074,other
904783,0.0933,0.359,-0.7336,-2.9453,-15.7871,-24.6367,other
904806,0.1466,0.379,-0.5818,1.1055,-14.75,-23.707,other
904829,0.2418,0.3749,-0.5886,3.416,-13.3594,-23.5703,other
904852,0.2634,0.3756,-0.8462,6.1699,-10.0254,-24.0488,other
904875,0.1968,0.4296,-0.9052,7.8516,-5.623,-24.7168,other
904898,0.073,0.4564,-0.7334,8.4375,-2.5059,-24.668,other
904921,0.0547,0.4358,-0.6093,9.1738,2.2246,-23.0078,other
904944,0.1194,0.4037,-0.6326,9.9961,5.4746,-20.6543,other
904967,0.115,0.3879,-0.7502,11.918,10.3867,-15.4824,other
904990,0.0503,0.3678,-0.9263,13.3672,13.4004,-8.9043,other
905013,-0.0387,0.4082,-1.0762,14.9941,16.8691,-3.9922,other
905036,-0.0739,0.448,-1.0914,15.498,18.4277,3.918,other
905059,-0.0256,0.4747,-0.929,15.4844,18.2168,9.3535,other
905082,0.1272,0.4298,-0.8502,16.2148,15.918,17.0156,other
905105,0.2296,0.4005,-0.7736,18.0586,13.0527,21.1836,other
905128,0.1229,0.312,-0.8213,23.4727,7.3437,25.2598,other
905151,0.1061,0.2805,-1.0607,31.3887,2.125,26.9082,other
905174,-0.0889,0.4797,-0.829,37.4434,0.2734,27.2773,other
905197,0.1499,0.594,-0.2686,47.3652,1.1641,27.8086,other
905220,0.7977,0.6134,-0.5878,54.6523,3.9434,28.1348,other
905243,0.6677,0.2791,-1.0978,63.998,8.252,27.5098,other
905266,0.373,0.156,-1.1213,63.998,10.0469,24.918,other
905289,0.257,0.1393,-1.0234,63.998,10.7109,22.6523,other
905312,0.1653,0.1614,-0.8446,63.998,14.0352,20.1035,other
905335,0.2035,0.1799,-0.6149,58.6777,19.248,19.8535,other
905358,0.3273,0.1262,-0.6383,46.6719,31.8906,22.4863,other
905381,0.3928,0.0508,-0.8237,39.834,42.1328,28.7559,other
905404,0.3594,-0.0127,-0.9299,33.1719,56.8457,34.6094,other
905427,0.1565,-0.0203,-0.7693,31.5371,63.998,45.2207,other
905450,0.1736,-0.1022,-0.4791,33.3535,63.998,53.1484,other
905473,0.4508,-0.2753,-0.5925,40.2031,63.998,63.998,other
905496,0.6927,-0.3923,-0.8507,46.7461,63.998,63.998,other
905519,0.7891,-0.4213,-0.9102,57.1309,63.998,63.998,other
905542,0.799,-0.3235,-0.8536,63.998,63.998,63.998,other
905565,0.7367,-0.2587,-0.7925,63.998,63.998,63.998,other
905588,0.5806,-0.2722,-0.8845,63.998,45.8984,63.998,other
905611,0.4642,-0.2593,-0.9277,63.998,32.1777,63.4141,other
905634,0.3481,-0.2292,-0.7556,63.998,13.1016,59.2129,other
905657,-0.037,-0.3197,-0.0793,63.998,-2.1699,60.2285,other
905680,0.3979,-0.4626,0.0735,63.998,-9.3477,63.2852,other
905703,0.9031,-0.4883,-1.6774,63.998,-15.2773,63.998,other
905726,0.7716,-0.6823,-1.8248,63.998,-17.4297,63.998,other
905749,0.6121,-0.387,-0.7469,63.998,-21.4746,57.5313,other
905772,0.2811,-0.4802,-0.5078,63.998,-27.6543,41.1621,other
905795,0.1652,-0.4454,-0.4662,56.1484,-32.248,28.7383,other
905818,0.1018,-0.4604,-0.6863,39.6914,-35.6895,12.168,other
905841,0.0841,-0.4265,-0.6689,31.0371,-35.4336,4.2852,other
905864,0.066,-0.4032,-0.6194,21.3379,-31.7207,-1.5977,other
905887,0.1793,-0.379,-0.6406,16.3965,-27.541,-1.9336,other
905910,0.2402,-0.3457,-0.8285,9.625,-19.8828,0.9961,other
905933,0.261,-0.356,-1.0344,1.4043,-12.168,5.1699,other
905956,0.2908,-0.327,-1.0953,-5.791,-7.5918,7.3125,other
905979,0.3414,-0.3363,-1.1598,-19.2324,-1.957,8.4277,other
906002,0.4247,-0.3179,-1.1208,-29.2617,0.7246,7.5957,other
906025,0.3289,-0.3192,-1.0037,-43.7754,2.5625,4.459,other
906048,0.1886,-0.3134,-0.8439,-54.584,1.9258,0.4492,other
906071,0.2042,-0.3276,-0.7723,-58.2578,0.8457,-1.8242,other
906094,0.2717,-0.3314,-0.7968,-57.5371,-0.5918,-3.7871,other
906117,0.2883,-0.3334,-0.8607,-53.2383,-1.1523,-4.041,other
906140,0.241,-0.3284,-0.8864,-42.8105,-1.4707,-3.1719,other
906163,0.2548,-0.3191,-0.8865,-34.5215,-1.416,-1.4902,other
906186,0.3049,-0.3177,-0.9027,-22.1973,-1.0137,-0.3184,other
906209,0.3114,-0.3234,-0.927,-11.9082,-0.4746,1.0176,other
906232,0.2864,-0.322,-0.9155,-6.8027,-0.2207,1.4863,other
906255,0.2157,-0.3057,-0.8344,-1.9453,-0.1191,1.6035,other
906278,0.1997,-0.2993,-0.7896,-0.3223,-0.127,1.4473,other
906301,0.2344,-0.3104,-0.8352,0.3809,0.0215,1.125,other
906324,0.2856,-0.316,-0.8577,-0.293,0.4941,0.7988,other
906347,0.3224,-0.3319,-0.8986,-1.2402,0.9336,0.5312,other
906370,0.3234,-0.3412,-0.9291,-3.1504,1.582,-0.0371,other
906393,0.302,-0.3335,-0.9113,-4.6035,1.8965,-0.5273,other
906416,0.2628,-0.3152,-0.8492,-6.7227,2.1152,-1.2988,other
906439,0.2649,-0.3059,-0.8331,-8.2832,2.1875,-1.8828,other
906462,0.2795,-0.3162,-0.8954,-8.8281,2.2637,-2.0762,other
906485,0.2974,-0.3121,-0.9061,-8.9258,2.4043,-2.0566,other
906508,0.2838,-0.3057,-0.8744,-8.627,2.4395,-1.8809,other
906531,0.2657,-0.3104,-0.8551,-7.8145,2.3379,-1.4512,other
906554,0.2811,-0.3109,-0.8503,-7.1211,2.0723,-0.8965,other
906577,0.2902,-0.3229,-0.8849,-6.0195,1.8184,-0.5117,other
906600,0.2949,-0.3218,-0.8859,-5.0898,1.3242,-0.0039,other
906623,0.2814,-0.3182,-0.8685,-4.666,0.9297,0.25,other
906646,0.269,-0.3094,-0.8542,-4.3516,0.3105,0.4805,other
906669,0.2637,-0.3065,-0.8567,-4.3242,-0.0371,0.5469,other
906692,0.2866,-0.303,-0.8732,-4.4961,-0.3555,0.5391,other
906715,0.3094,-0.3014,-0.9082,-4.8906,-0.4258,0.3945,other
906738,0.2947,-0.3032,-0.9083,-5.2754,-0.3965,0.2187,other
906761,0.2815,-0.3004,-0.8817,-5.9629,-0.334,-0.1191,other
906784,0.2582,-0.3049,-0.8647,-6.3926,-0.2891,-0.3437,other
906807,0.2692,-0.3082,-0.8643,-6.8027,-0.1855,-0.5859,other
906830,0.3019,-0.3079,-0.8655,-6.8184,-0.0254,-0.6895,other
906853,0.2999,-0.3121,-0.8796,-6.6211,0.0801,-0.7129,other
906876,0.283,-0.3174,-0.891,-6.1289,0.168,-0.7266,other
906899,0.2805,-0.3054,-0.8667,-5.75,0.1738,-0.7324,other
906922,0.2771,-0.3076,-0.8702,-5.1992,0.1426,-0.7285,other
906945,0.2826,-0.3031,-0.8685,-4.873,0.1172,-0.709,other
906968,0.291,-0.2985,-0.865,-4.498,0.1191,-0.6973,other
906991,0.2885,-0.3009,-0.8756,-4.3105,0.1328,-0.6992,other
907014,0.2948,-0.3063,-0.8901,-4.3105,0.1328,-0.7168,other
907037,0.2963,-0.3086,-0.895,-4.5117,0.0801,-0.752,other
907060,0.2775,-0.3053,-0.8826,-4.75,-0.0176,-0.7754,other
907083,0.2603,-0.2964,-0.8533,-5.1484,-0.2285,-0.7871,other
907106,0.2615,-0.2924,-0.8367,-5.4141,-0.3945,-0.7656,other
907129,0.2919,-0.2957,-0.871,-5.4629,-0.416,-0.752,other
907152,0.3096,-0.3038,-0.9078,-5.4043,-0.3223,-0.8145,other
907175,0.3093,-0.3071,-0.9132,-5.3711,-0.2422,-0.9551,other
907198,0.282,-0.3002,-0.8723,-5.4238,-0.2168,-1.3125,other
907221,0.2623,-0.2939,-0.8516,-5.5293,-0.293,-1.7188,other
907244,0.2748,-0.2914,-0.854,-5.5508,-0.334,-1.9316,other
907267,0.2982,-0.2946,-0.8809,-5.4668,-0.3125,-2.1055,other
907290,0.3088,-0.2979,-0.8999,-5.3633,-0.2441,-2.1309,other
907313,0.3032,-0.2992,-0.9116,-5.2266,-0.1152,-2.0859,other
907336,0.2922,-0.2968,-0.8881,-5.1836,-0.041,-1.9766,other
907359,0.2748,-0.2936,-0.8606,-5.1426,-0.043,-1.873,other
907382,0.2776,-0.2936,-0.8518,-4.9863,-0.084,-1.6602,other
907405,0.2924,-0.2966,-0.8571,-4.7598,-0.1113,-1.4883,other
907428,0.296,-0.3015,-0.8751,-4.2715,-0.1387,-1.2305,other
907451,0.3002,-0.3057,-0.8925,-3.916,-0.1562,-1.082,other
907474,0.313,-0.3043,-0.8917,-3.4844,-0.2051,-0.9219,other
907497,0.2748,-0.3005,-0.8809,-3.2715,-0.3242,-0.8145,other
907520,0.2535,-0.292,-0.849,-3.2402,-0.4395,-0.7305,other
907543,0.2678,-0.2878,-0.8478,-3.2891,-0.5977,-0.5371,other
907566,0.2988,-0.2905,-0.8756,-3.3516,-0.6602,-0.377,other
907589,0.3108,-0.2976,-0.9042,-3.5078,-0.6934,-0.1738,other
907612,0.3043,-0.3005,-0.9059,-3.8105,-0.7207,-0.1074,other
907635,0.2885,-0.3024,-0.8951,-4.0957,-0.7754,-0.1406,other
907658,0.2578,-0.2936,-0.8506,-4.5469,-0.918,-0.2344,other
907681,0.2535,-0.2931,-0.8386,-4.7637,-1.0117,-0.2754,other
907704,0.2819,-0.2899,-0.8464,-4.8496,-1.0508,-0.2695,other
907727,0.3179,-0.2968,-0.8879,-4.7637,-0.916,-0.2637,other
907750,0.3274,-0.3037,-0.9276,-4.5723,-0.7598,-0.3203,other
907773,0.3152,-0.3005,-0.9188,-4.5117,-0.5332,-0.5352,other
907796,0.2665,-0.2933,-0.8719,-4.5762,-0.4453,-0.7187,other
907819,0.233,-0.2861,-0.8269,-4.6797,-0.418,-0.9121,other
907842,0.256,-0.285,-0.8224,-4.6387,-0.4121,-0.918,other
907865,0.2985,-0.2965,-0.8749,-4.3535,-0.3652,-0.7539,other
907888,0.3335,-0.3058,-0.9272,-3.9844,-0.3203,-0.5508,other
907911,0.3169,-0.3021,-0.9171,-3.8437,-0.3477,-0.4902,other
907934,0.2736,-0.2916,-0.8685,-3.8828,-0.4922,-0.5469,other
907957,0.2593,-0.2913,-0.8457,-4.0117,-0.6074,-0.6348,other
907980,0.2703,-0.2896,-0.843,-4.1797,-0.7129,-0.7383,other
908003,0.3007,-0.2959,-0.9039,-4.1992,-0.7012,-0.7793,other
908026,0.3181,-0.3079,-0.9106,-4.1582,-0.6562,-0.7969,other
908049,0.301,-0.3,-0.9006,-4.127,-0.6113,-0.8496,other
908072,0.2628,-0.2922,-0.8748,-4.1582,-0.6113,-0.8867,other
908095,0.2594,-0.2854,-0.8413,-4.2344,-0.623,-0.8789,other
908118,0.2694,-0.2861,-0.8461,-4.2363,-0.5547,-0.752,other
908141,0.2998,-0.2936,-0.8844,-4.1836,-0.4336,-0.6309,other
908164,0.3357,-0.2964,-0.9052,-4.1113,-0.1855,-0.4961,other
908187,0.3,-0.3026,-0.9086,-4.1309,-0.0488,-0.4883,other
908210,0.2683,-0.2958,-0.8655,-4.293,0.043,-0.5762,other
908233,0.2537,-0.2927,-0.8351,-4.4336,0.0449,-0.6387,other
908256,0.2598,-0.2917,-0.8295,-4.5625,0.0371,-0.6523,other
908279,0.2964,-0.2916,-0.8798,-4.5469,0.1016,-0.5762,other
908302,0.3304,-0.2949,-0.9242,-4.5273,0.1855,-0.5371,other
908325,0.3236,-0.2919,-0.9102,-4.6348,0.3027,-0.6016,other
908348,0.2908,-0.2894,-0.8876,-4.8203,0.3379,-0.7324,other
908371,0.2598,-0.2841,-0.85,-5.1504,0.3164,-0.9629,other
908394,0.2539,-0.2838,-0.8362,-5.3184,0.2734,-1.0762,other
908417,0.2828,-0.2885,-0.8574,-5.2656,0.2656,-1.0469,other
908440,0.3228,-0.2941,-0.8984,-5.002,0.2871,-0.9102,other
908463,0.3271,-0.2982,-0.9135,-4.8027,0.2891,-0.8301,other
908486,0.2992,-0.2906,-0.8821,-4.625,0.2051,-0.7988,other
908509,0.2638,-0.2872,-0.8575,-4.6016,0.0352,-0.832,other
908532,0.2588,-0.2833,-0.8418,-4.6152,-0.0703,-0.8262,other
908555,0.28,-0.2849,-0.8584,-4.6113,-0.1328,-0.7266,other
908578,0.3115,-0.2825,-0.8864,-4.6035,-0.0977,-0.627,other
908601,0.3156,-0.2882,-0.907,-4.668,0.0176,-0.5254,other
908624,0.299,-0.2919,-0.8994,-4.8125,0.0879,-0.5293,other
908647,0.2723,-0.2855,-0.873,-5.1699,0.1504,-0.6309,other
908670,0.2537,-0.282,-0.8555,-5.5527,0.2109,-0.7637,other
908693,0.2839,-0.2716,-0.8599,-5.7285,0.3125,-0.8301,other
908716,0.3385,-0.2716,-0.901,-5.8125,0.582,-0.9219,other
908739,0.3417,-0.2765,-0.9183,-5.7754,0.7832,-1.0215,other
908762,0.3508,-0.2867,-0.9171,-5.6445,0.9727,-1.2773,other
908785,0.2963,-0.2819,-0.8319,-5.3848,0.875,-1.5996,other
908808,0.2589,-0.285,-0.7722,-5.043,0.6641,-1.7578,other
908831,0.2847,-0.2769,-0.7795,-4.1797,0.2773,-1.7832,other
908854,0.282,-0.293,-0.8475,-3.4551,0.0254,-1.6504,other
908877,0.2679,-0.3002,-0.9144,-2.5801,-0.3379,-1.3203,other
908900,0.2682,-0.302,-0.913,-2.5645,-0.6465,-0.9746,other
908923,0.2632,-0.2981,-0.9093,-3.209,-0.7598,-0.7852,other
908946,0.3016,-0.2842,-0.915,-5.0684,-0.6562,-0.5801,other
908969,0.3394,-0.2582,-0.9065,-6.7207,-0.373,-0.5,other
908992,0.3312,-0.2452,-0.9119,-9.3848,0.2949,-0.4668,other
909015,0.3479,-0.2355,-0.9165,-11.0156,0.8086,-0.9883,other
909038,0.3406,-0.2301,-0.8945,-12.8379,1.4395,-0.5684,other
909061,0.2856,-0.2394,-0.8589,-13.4883,1.6563,-0.6816,other
909084,0.2875,-0.2585,-0.842,-13.1113,1.5508,-0.7539,other
909107,0.3049,-0.2786,-0.8562,-11.3574,1.0762,-0.8418,other
909130,0.3041,-0.2982,-0.8597,-9.5801,0.5664,-0.8926,other
909153,0.2815,-0.3036,-0.8542,-6.5254,-0.4355,-0.959,other
909176,0.26,-0.3002,-0.848,-3.6895,-1.5352,-0.9492,other
909199,0.2601,-0.2827,-0.8573,-2.2539,-2.1758,-0.8477,other
909222,0.2816,-0.2637,-0.8783,-1.1289,-2.7969,-0.5273,other
909245,0.3047,-0.2505,-0.8917,-1.1641,-2.9277,-0.2324,other
909268,0.3184,-0.2406,-0.9141,-2.3457,-2.6992,0.2285,other
909291,0.3241,-0.2344,-0.9199,-4.5566,-2.1133,0.5723,other
909314,0.2959,-0.2303,-0.8984,-6.2988,-1.6387,0.6875,other
909337,0.2731,-0.2401,-0.8865,-8.7461,-0.9043,0.7031,other
909360,0.2897,-0.2516,-0.8739,-9.9629,-0.4258,0.6387,other
909383,0.2903,-0.2638,-0.8734,-10.8418,0.1973,0.4629,other
909406,0.2993,-0.2703,-0.8678,-10.7539,0.4961,0.3047,other
909429,0.3107,-0.2716,-0.8629,-9.7695,0.7246,0.0059,other
909452,0.2961,-0.2709,-0.8744,-8.1367,0.6777,-0.3574,other
909475,0.287,-0.2596,-0.871,-6.9414,0.5254,-0.6172,other
909498,0.2877,-0.2526,-0.8776,-5.3418,0.209,-0.9844,other
909521,0.3059,-0.2426,-0.9045,-4.5586,-0.002,-1.1953,other
909544,0.2982,-0.2394,-0.9135,-3.957,-0.2695,-1.4434,other
909567,0.285,-0.238,-0.8896,-4.0117,-0.4551,-1.5996,other
909590,0.277,-0.2467,-0.8757,-4.291,-0.5117,-1.6445,other
909613,0.2969,-0.2535,-0.8593,-4.8184,-0.4746,-1.6348,other
909636,0.314,-0.2606,-0.8761,-5.1113,-0.377,-1.6016,other
909659,0.3213,-0.2598,-0.886,-5.3574,-0.1816,-1.5762,other
909682,0.3145,-0.26,-0.8806,-5.3828,-0.0098,-1.6211,other
909705,0.2947,-0.2599,-0.8683,-5.3125,0.0605,-1.6699,other
909728,0.2828,-0.2511,-0.8503,-5.123,0.0937,-1.7109,other
909751,0.2903,-0.2424,-0.8538,-4.9785,0.0937,-1.6797,other
909774,0.3014,-0.2479,-0.8914,-4.8281,0.0996,-1.5371,other
909797,0.3069,-0.2415,-0.9077,-4.8457,0.1133,-1.3281,other
909820,0.29,-0.2354,-0.9011,-5.1426,0.1387,-1.1836,other
909843,0.2802,-0.2328,-0.8721,-5.7305,0.1816,-0.9688,other
909866,0.2952,-0.2362,-0.8732,-6.1934,0.2441,-0.8359,other
909889,0.3251,-0.2385,-0.8822,-6.8398,0.3984,-0.6934,other
909912,0.3176,-0.2343,-0.8926,-7.1855,0.5156,-0.6719,other
909935,0.2876,-0.2429,-0.8809,-7.5391,0.6562,-0.7715,other
909958,0.2886,-0.2489,-0.8536,-7.6973,0.6992,-0.998,other
909981,0.2491,-0.2209,-0.7917,-7.7207,0.625,-1.1934,other
910004,0.1816,-0.2083,-0.7958,-7.7461,0.3184,-1.5371,other
910027,0.3202,-0.2605,-0.7871,-7.9375,-0.0566,-1.8672,other
910050,0.4978,-0.2472,-0.9542,-9.168,-1.2871,-2.9727,other
910073,0.4658,-0.2372,-1.1241,-12.8008,-4.3457,-5.5703,other
910096,0.3649,-0.114,-0.9054,-17.0801,-7.7773,-8.2227,other
910119,0.1697,-0.0884,-0.7793,-25.9238,-14.373,-12.7793,other
910142,0.2354,-0.0189,-0.7834,-32.7344,-18.6797,-15.4863,other
910165,0.2567,-0.0469,-1.0552,-43.1484,-23.7246,-18.1563,other
910188,0.2494,0.0247,-0.9122,-49.7949,-26.2773,-18.7656,other
910211,0.2046,-0.0259,-0.9583,-58.8926,-29.7109,-18.0566,other
910234,0.158,0.0081,-0.8774,-64.0,-32.8164,-15.5918,other
910257,0.1665,0.0195,-0.892,-64.0,-34.3984,-13.1973,other
910280,0.1654,0.0479,-0.7894,-64.0,-35.5977,-8.8652,other
910303,0.1913,0.0884,-0.8093,-64.0,-35.3164,-5.791,other
910326,0.0697,0.0839,-1.0372,-64.0,-32.7188,-1.5391,other
910349,0.2689,0.2191,-0.9503,-64.0,-28.3535,1.7539,other
910372,0.2653,0.2366,-0.9282,-64.0,-25.6543,3.2715,other
910395,0.1526,0.3076,-0.942,-64.0,-21.8418,4.4199,other
910418,-0.0372,0.3317,-1.2655,-64.0,-18.0273,4.4238,other
910441,0.1931,0.3562,-1.157,-64.0,-7.873,3.3086,other
910464,0.4462,0.3575,-0.8582,-64.0,7.4316,0.8418,other
910487,0.4895,0.1952,-0.7698,-64.0,18.5469,-1.4551,other
910510,0.2504,0.1045,-0.7584,-61.877,33.3164,-5.1797,other
910533,0.0957,0.0477,-0.6698,-58.4277,41.2441,-7.168,other
910556,0.215,0.0706,-0.6727,-51.6641,51.2051,-8.4414,other
910579,0.4475,0.1085,-0.618,-46.7578,60.2969,-7.6816,other
910602,0.4064,0.1405,-0.6665,-40.2734,63.998,-6.5605,other
910625,0.2098,0.135,-0.7908,-36.4785,63.998,-4.7715,other
910648,0.2458,0.245,-0.6708,-36.0449,63.998,-3.7676,other
910671,0.3861,0.3341,-0.6245,-38.4746,63.998,-2.918,other
910694,0.4684,0.3441,-0.7217,-41.6523,63.998,-3.0918,other
910717,0.472,0.3866,-0.672,-47.5703,63.998,-4.9727,other
910740,0.4332,0.4442,-0.6185,-53.2324,63.998,-8.9805,other
910763,0.4846,0.4948,-0.5902,-55.9883,56.1211,-12.6719,other
910786,0.5463,0.5323,-0.6,-57.6191,41.4336,-19.2676,other
910809,0.5199,0.4734,-0.6187,-56.7539,31.9082,-24.0703,other
910832,0.4374,0.4828,-0.6711,-52.5488,19.5391,-31.2715,other
910855,0.4397,0.5076,-0.6305,-45.3535,10.709,-37.5605,other
910878,0.4053,0.5723,-0.5592,-39.2813,6.8164,-40.7305,other
910901,0.3234,0.5133,-0.5361,-28.9531,3.1016,-43.418,other
910924,0.3218,0.4691,-0.6543,-21.8164,1.5801,-43.793,other
910947,0.3787,0.4388,-0.7603,-11.959,0.084,-42.6797,other
910970,0.3457,0.4535,-0.6877,-6.6289,-1.3379,-40.4883,other
910993,0.257,0.4457,-0.6008,-1.1152,-2.668,-38.9453,other
911016,0.2849,0.4702,-0.52,1.4551,-4.7891,-37.1133,other
911039,0.3446,0.5056,-0.5461,1.7637,-5.9297,-36.5098,other
911062,0.3013,0.5172,-0.6687,0.4297,-6.8594,-36.873,other
911085,0.3093,0.5455,-0.6584,-1.582,-6.9531,-37.9883,other
911108,0.4656,0.5748,-0.7883,-6.0918,-6.4512,-40.7422,other
911131,0.4551,0.6455,-0.7098,-11.8047,-5.7812,-44.2285,other
911154,0.1543,0.6425,-0.6293,-15.7207,-5.6934,-46.3945,other
911177,0.2026,0.65,-0.5558,-20.8125,-6.2305,-48.3516,other
911200,0.2576,0.6139,-0.5945,-23.3281,-6.998,-48.3438,other
911223,0.2369,0.5972,-0.6362,-25.5391,-8.7187,-46.0586,other
911246,0.1901,0.5808,-0.5651,-25.9199,-10.8457,-41.2793,other
911269,0.1794,0.5604,-0.5542,-25.2559,-12.2422,-37.0664,other
911292,0.2264,0.566,-0.6169,-23.1211,-13.8652,-29.9473,other
911315,0.2294,0.624,-0.6309,-21.1445,-14.4551,-25.1172,other
911338,0.201,0.6281,-0.6084,-17.75,-14.5293,-18.418,other
911361,0.1882,0.6077,-0.6682,-15.4238,-13.7422,-12.959,other
911384,0.1914,0.582,-0.7335,-12.1465,-12.8262,-10.1719,other
911407,0.3202,0.5881,-0.7032,-9.3086,-11.0371,-7.2383,other
911430,0.1847,0.62,-0.4546,-7.5469,-9.6348,-5.9297,other
911453,0.2327,0.5229,-0.6361,-4.7168,-7.1191,-4.5,other
911476,0.2655,0.484,-0.6597,-2.7227,-5.2715,-3.709,other
911499,0.1161,0.4789,-0.502,0.0664,-3.0,-2.5664,other
911522,0.0563,0.4955,-0.416,2.2148,-2.207,-1.2969,other
911545,0.1284,0.5238,-0.5072,3.0801,-2.7422,-0.3633,other
911568,0.1876,0.5626,-0.5864,3.0293,-5.1895,1.0176,other
911591,0.1777,0.5978,-0.6416,1.7773,-7.7578,1.7969,other
911614,0.0991,0.6094,-0.6505,-2.1621,-12.3711,2.623,other
911637,0.1646,0.696,-0.7036,-8.1582,-16.8203,3.0488,other
911660,0.1917,0.7023,-0.6307,-12.7051,-19.2266,3.1074,other
911683,0.165,0.647,-0.5737,-19.3184,-21.6016,2.7754,other
911706,0.1459,0.6121,-0.5399,-23.0957,-22.2363,2.2305,other
911729,0.1403,0.5977,-0.541,-27.1641,-21.8223,0.9082,other
911752,0.1274,0.5872,-0.5714,-28.584,-20.1797,-0.9375,other
911775,0.1107,0.6367,-0.5863,-28.7598,-18.7363,-2.373,other
911798,0.1053,0.6644,-0.5754,-27.0156,-16.5215,-4.6445,other
911821,0.1066,0.6626,-0.5626,-25.1992,-15.1914,-6.1055,other
911844,0.1119,0.6466,-0.5979,-22.1934,-13.5254,-7.9648,other
911867,0.1479,0.6249,-0.5726,-20.3086,-12.6133,-8.8223,other
911890,0.0977,0.6299,-0.5685,-17.9531,-11.4609,-9.3652,other
911913,0.0675,0.6439,-0.5646,-16.2969,-10.543,-9.0781,other
911936,0.1016,0.6503,-0.5559,-15.5781,-10.0586,-8.5801,other
911959,0.119,0.6582,-0.5671,-15.002,-9.4141,-7.6113,other
911982,0.1,0.6682,-0.5411,-14.873,-8.9668,-6.9238,other
912005,0.067,0.6552,-0.5352,-14.9023,-8.248,-5.9961,other
912028,0.0813,0.6472,-0.5542,-14.9453,-7.5566,-5.3574,other
912051,0.0906,0.6534,-0.5564,-14.8379,-7.1348,-5.1133,other
912074,0.042,0.6757,-0.5226,-14.375,-6.5449,-4.9414,other
912097,0.0981,0.6653,-0.5609,-13.8809,-6.1582,-4.8672,other
912120,0.1061,0.6512,-0.5652,-12.9492,-5.4922,-4.6016,other
912143,0.0997,0.656,-0.5978,-12.2852,-4.5801,-3.9473,other
912166,0.1,0.658,-0.5167,-11.4277,-3.748,-3.2715,other
912189,0.0957,0.681,-0.4851,-10.9395,-2.0,-2.0195,other
912212,0.0751,0.6791,-0.5248,-10.8633,-0.498,-1.1602,other
912235,0.0885,0.6613,-0.512,-11.0801,2.1191,-0.1074,other
912258,0.1353,0.6693,-0.4595,-11.3516,3.998,0.2969,other
912281,0.0647,0.6836,-0.4464,-11.7031,6.6367,0.2676,other
912304,0.0625,0.6718,-0.5271,-11.6621,8.3145,-0.6777,other
912327,0.0557,0.667,-0.5435,-11.2695,8.5957,-1.8027,other
912350,0.0563,0.672,-0.5444,-10.0273,7.7383,-3.9805,other
912373,0.0649,0.6711,-0.5293,-8.7773,6.498,-5.5,other
912396,0.0851,0.6707,-0.5072,-6.4316,4.1465,-7.3535,other
912419,0.0791,0.675,-0.5084,-3.8555,1.8535,-8.0918,other
912442,0.1176,0.656,-0.5714,-2.2246,0.6602,-7.7461,other
912465,0.1642,0.6509,-0.5798,-0.2305,-0.2812,-5.9551,other
912488,0.0314,0.6678,-0.5381,0.6387,-0.2891,-4.1348,other
912511,-0.0731,0.6963,-0.5211,1.0801,0.373,-1.2578,other
912534,-0.0242,0.6613,-0.5282,0.8418,1.7246,0.4219,other
912557,0.0277,0.6615,-0.5297,0.0195,3.0684,0.1133,other
912580,0.1124,0.6716,-0.5603,-0.9219,4.9707,-3.0703,other
912603,0.0698,0.6725,-0.5339,-1.5039,5.0684,-6.8828,other
912626,0.0089,0.688,-0.5048,-2.4258,1.832,-14.0449,other
912649,0.1028,0.6682,-0.3939,-3.1582,-2.4473,-18.6953,other
912672,0.3372,0.5912,-0.5674,-4.4102,-10.3066,-23.4727,other
912695,-0.166,0.7371,-0.5525,-5.543,-17.4414,-23.9531,other
912718,0.0496,0.6602,-0.54,-6.041,-20.9355,-21.6074,other
912741,-0.0502,0.6741,-0.5363,-6.2754,-23.873,-15.0449,other
912764,-0.0055,0.6753,-0.5515,-6.1055,-24.2656,-9.627,other
912787,0.0146,0.6725,-0.5273,-5.5078,-22.623,-1.5215,other
912810,0.0668,0.6704,-0.4989,-4.7461,-18.5625,5.3809,other
912833,0.0939,0.663,-0.5267,-4.2422,-14.7598,9.0078,other
912856,0.0764,0.6567,-0.531,-3.5469,-8.1445,12.8086,other
912879,0.0338,0.6697,-0.5166,-3.123,-3.7363,14.1836,other
912902,0.0385,0.678,-0.494,-2.5371,1.7676,14.4219,other
912925,0.0063,0.6672,-0.5381,-1.6738,5.0176,12.5977,other
912948,0.015,0.6661,-0.5349,-1.666,5.7598,10.4785,other
912971,0.053,0.6654,-0.5444,-1.2422,5.1074,6.5508,other
912994,0.0338,0.661,-0.5713,-1.0391,3.9395,3.8398,other
913017,0.0239,0.6633,-0.5291,-0.9121,1.9043,0.2246,other
913040,0.0597,0.6616,-0.5258,-0.9727,0.752,-1.6602,other
913063,0.1272,0.652,-0.5602,-1.2676,-0.1953,-3.5352,other
913086,0.2432,0.6318,-0.5216,-1.7402,-0.1152,-4.2949,other
913109,0.0216,0.6658,-0.5123,-2.1582,0.0352,-4.1621,other
913132,-0.03,0.7119,-0.5365,-3.0293,-1.2148,-2.5801,other
913155,0.0601,0.6641,-0.5485,-3.8066,-3.8125,-0.3047,other
913178,-0.1146,0.6688,-0.5148,-5.248,-10.4199,5.043,other
913201,0.1769,0.6666,-0.5175,-6.8594,-18.6563,11.9473,other
913224,-0.0562,0.6813,-0.516,-7.8711,-23.6973,16.4766,other
913247,-0.0375,0.6881,-0.5436,-9.0645,-28.9863,21.375,other
913270,0.0287,0.65,-0.5341,-9.5293,-30.457,22.5703,other
913293,-0.012,0.6685,-0.5454,-9.623,-29.1797,20.8008,other
913316,0.0605,0.6703,-0.5236,-9.0508,-23.9551,15.5176,other
913339,0.0057,0.6713,-0.5231,-8.3828,-18.7188,10.8496,other
913362,0.1306,0.6544,-0.5612,-7.0879,-9.2949,3.4023,other
913385,0.2045,0.6381,-0.5457,-6.1113,-2.7051,-1.2539,other
913408,-0.0283,0.6918,-0.4829,-4.7109,6.0234,-6.9238,other
913431,-0.0942,0.6792,-0.5116,-3.9883,9.9668,-9.3789,other
913454,0.0089,0.6548,-0.5404,-3.3691,11.8398,-10.5645,other
913477,0.1295,0.6718,-0.5363,-3.1797,9.2695,-8.8613,other
913500,-0.0222,0.6729,-0.525,-3.1738,6.0137,-6.5703,other
913523,-0.0217,0.6713,-0.5175,-3.2656,0.2734,-2.4082,other
913546,0.0553,0.6652,-0.5535,-3.377,-3.4238,0.3105,other
913569,0.0698,0.6665,-0.5471,-3.5742,-7.7383,3.6914,other
913592,0.0333,0.6681,-0.5303,-3.8047,-9.8359,5.8926,other
913615,0.0227,0.6622,-0.5304,-4.0137,-9.9824,6.6406,other
913638,0.0302,0.6714,-0.5192,-4.4453,-8.6992,6.7266,other
913661,0.0883,0.6902,-0.5118,-4.791,-7.0977,6.1758,other
913684,0.0704,0.6559,-0.5302,-5.2598,-3.9687,4.5566,other
913707,0.0249,0.6451,-0.5309,-5.4336,-0.5352,1.9805,other
913730,-0.0018,0.673,-0.5232,-5.3008,1.5137,-0.2422,other
913753,-0.0084,0.6631,-0.5325,-4.7363,3.6621,-4.0781,other
913776,0.0162,0.6667,-0.5266,-4.1504,4.3359,-6.6777,other
913799,0.0178,0.6653,-0.528,-3.0527,4.3145,-9.9902,other
913822,0.1373,0.6705,-0.5215,-2.2461,3.7891,-11.9473,other
913845,0.0225,0.6754,-0.5276,-1.084,2.5312,-12.0605,other
913868,-0.083,0.6359,-0.5491,-0.2363,0.5996,-10.4492,other
913891,-0.0256,0.7091,-0.5337,0.041,-1.168,-8.2285,other
913914,0.1029,0.6558,-0.5115,0.002,-4.084,-3.916,other
913937,0.0366,0.6345,-0.5654,-0.2637,-5.6328,-0.9668,other
913960,0.021,0.663,-0.5701,-0.8867,-6.5254,2.7441,other
913983,0.0023,0.6508,-0.5609,-1.7227,-5.4727,5.0293,other
914006,0.0695,0.6772,-0.4999,-2.3848,-3.8789,5.6465,other
914029,0.0236,0.6774,-0.5454,-3.4375,-0.709,5.2305,other
914052,0.0491,0.6403,-0.5259,-4.0703,1.5117,4.0859,other
914075,-0.0441,0.6792,-0.5275,-4.7207,4.3262,1.1563,other
914098,-0.0276,0.6733,-0.5414,-4.8867,5.9434,-2.8262,other
914121,-0.0323,0.6556,-0.5403,-4.6973,6.3145,-5.7187,other
914144,-0.0193,0.6704,-0.5104,-3.9746,6.3027,-9.8008,other
914167,0.1898,0.6384,-0.5409,-3.2305,6.3984,-12.0586,other
914190,0.0439,0.6643,-0.5614,-1.8477,7.3945,-14.4512,other
914213,0.0251,0.6619,-0.5176,-0.8965,8.5371,-15.2383,other
914236,-0.0259,0.656,-0.5366,0.2598,10.0195,-14.998,other
914259,0.0144,0.6622,-0.5713,0.8379,10.2344,-13.1074,other
914282,-0.0514,0.6914,-0.5212,0.8594,9.5391,-11.209,other
914305,-0.0385,0.6577,-0.5464,0.4395,7.5684,-8.0918,other
914328,0.0093,0.6405,-0.5564,-0.0098,6.0781,-6.2363,other
914351,0.1013,0.6425,-0.5659,-0.6699,4.5742,-4.2832,other
914374,0.0306,0.662,-0.5392,-1.1074,4.7246,-3.5,other
914397,0.0138,0.6644,-0.583,-1.2754,5.6465,-3.498,other
914420,-0.0001,0.6445,-0.5963,-1.4688,7.4668,-3.9453,other
914443,-0.0378,0.656,-0.5703,-1.6582,8.4648,-4.3672,other
914466,-0.1018,0.644,-0.5107,-2.1016,9.0977,-5.0098,other
914489,0.1392,0.6366,-0.5139,-2.6211,8.5137,-5.7852,other
914512,0.0629,0.6967,-0.5159,-2.9043,7.416,-6.625,other
914535,-0.0645,0.6569,-0.5327,-3.1367,4.8008,-8.5488,other
914558,-0.1027,0.6741,-0.5618,-3.1465,2.5801,-10.1484,other
914581,0.0057,0.6351,-0.5547,-2.9375,-0.9141,-12.627,other
914604,0.0128,0.65,-0.5598,-2.6484,-2.8301,-14.6035,other
914627,-0.0283,0.6549,-0.5446,-2.0469,-4.3418,-15.6602,other
914650,-0.0071,0.6498,-0.5726,-1.3965,-4.0742,-15.9824,other
914673,-0.0101,0.6488,-0.5723,-1.0293,-3.1094,-15.3711,other
914696,-0.0021,0.6523,-0.5536,-0.7109,-0.9961,-13.2949,other
914719,-0.0197,0.6541,-0.5405,-0.7129,0.5176,-11.3223,other
914742,0.0137,0.663,-0.5282,-1.0508,2.3906,-7.9531,other
914765,-0.0031,0.6251,-0.5839,-1.6836,3.3242,-4.6738,other
914788,-0.0051,0.6632,-0.5673,-2.1934,3.2988,-2.8066,other
914811,-0.001,0.6694,-0.5431,-3.0293,2.291,-0.6973,other
914834,-0.0399,0.6489,-0.5681,-3.5996,1.0723,0.2676,other
914857,-0.0414,0.6415,-0.5515,-4.4121,-1.1973,1.2617,other
914880,-0.0677,0.6405,-0.5479,-5.084,-3.3301,1.916,other
914903,-0.0531,0.6547,-0.5541,-5.4141,-4.3281,2.1719,other
914926,0.0016,0.6707,-0.5299,-5.6875,-4.8691,2.166,other
914949,0.0125,0.7147,-0.5283,-5.707,-4.5215,1.8281,other
914972,0.0419,0.6697,-0.5365,-5.459,-2.8086,0.7012,other
914995,0.1238,0.6431,-0.5321,-5.1211,-0.7578,-1.375,other
915018,-0.1705,0.6733,-0.5259,-4.4883,3.4766,-3.3437,other
915041,-0.0366,0.5945,-0.6064,-3.877,8.2832,-7.0586,other
915064,-0.1014,0.5782,-0.6046,-3.5664,11.1855,-9.8965,other
915087,-0.0887,0.6697,-0.5691,-3.2695,14.2793,-14.248,other
915110,-0.0507,0.6597,-0.5582,-3.1016,15.3262,-16.832,other
915133,-0.0455,0.6482,-0.5815,-2.7402,15.5625,-19.5488,other
915156,-0.0319,0.6472,-0.5502,-2.25,14.6758,-20.2676,other
915179,-0.0293,0.6635,-0.5237,-1.9238,13.6777,-19.5137,other
915202,-0.0056,0.6718,-0.5779,-1.5859,11.8184,-16.7305,other
915225,-0.0233,0.6425,-0.5806,-1.5332,10.4746,-14.0625,other
915248,-0.0994,0.6234,-0.5621,-1.8281,8.4414,-9.4824,other
915271,-0.0032,0.6646,-0.5288,-2.6738,6.4121,-4.9141,other
915294,-0.0295,0.6547,-0.5494,-3.5215,5.0684,-2.1816,other
915317,-0.0499,0.625,-0.5481,-5.0684,3.0957,1.1445,other
915340,-0.0435,0.6577,-0.5332,-6.1602,1.8711,2.7676,other
915363,0.0269,0.6638,-0.5197,-7.6621,0.3418,4.3418,other
915386,0.0248,0.6611,-0.5608,-8.459,-0.3848,5.0586,other
915409,-0.0857,0.6483,-0.5348,-9.2441,-0.9746,5.1582,other
915432,-0.0178,0.6674,-0.527,-9.5801,-1.0742,4.8535,other
915455,-0.0558,0.6592,-0.5328,-9.627,-1.0547,4.4316,other
915478,-0.1903,0.647,-0.5782,-9.5254,-1.127,3.6094,other
915501,-0.0233,0.624,-0.5767,-9.3828,-1.2383,2.9453,other
915524,0.0985,0.7134,-0.5132,-9.1074,-1.459,1.5,bite
915547,0.0706,0.6807,-0.562,-8.7695,-1.8145,-0.7852,bite
915570,0.1024,0.6177,-0.5699,-8.5117,-2.1035,-2.6191,bite
915593,-0.1349,0.7118,-0.4403,-8.0957,-2.5723,-5.0566,bite
915616,-0.2819,0.6405,-0.6824,-7.7617,-2.8789,-5.9512,bite
915639,-0.1984,0.5973,-0.4614,-7.1348,-3.2168,-5.8145,bite
915662,-0.5852,0.5763,-0.5033,-6.3281,-3.1816,-4.4687,bite
915685,0.0245,0.5472,-0.5411,-5.5957,-2.627,-3.8262,bite
915708,0.27,0.83,-0.4845,-3.9199,-0.543,-5.4395,bite
915731,0.2511,0.8945,-0.5435,-2.2559,1.6738,-9.0879,bite
915754,-0.0559,0.7305,-0.4702,0.9219,5.4844,-17.8379,bite
915777,-0.0713,0.6421,-0.5814,3.2422,8.7207,-27.3848,bite
915800,-0.1853,0.6392,-0.6042,6.6367,10.2793,-32.0566,bite
915823,-0.0786,0.627,-0.6122,9.5547,12.4062,-34.0254,bite
915846,0.0448,0.605,-0.6196,10.9727,13.6992,-31.3477,bite
915869,0.0337,0.6213,-0.6023,11.9043,14.9043,-21.7383,bite
915892,0.062,0.6987,-0.4907,11.6094,14.7266,-12.4062,bite
915915,0.0006,0.7443,-0.4578,9.8691,12.0781,4.3066,bite
915938,-0.0757,0.7227,-0.4744,6.9609,6.3223,22.3418,bite
915961,-0.1116,0.6222,-0.8225,4.666,1.4668,34.0313,bite
915984,-0.054,0.605,-0.9312,1.2617,-5.7715,49.4082,bite
916007,-0.0492,0.636,-0.775,-0.293,-10.0156,57.2949,bite
916030,-0.0338,0.6455,-0.5778,0.416,-15.0645,63.998,bite
916053,0.0215,0.6254,-0.5011,7.1738,-18.1055,63.998,bite
916076,0.0697,0.5511,-0.6138,15.584,-18.9316,62.127,bite
916099,0.0955,0.5022,-0.6667,32.9453,-18.5879,53.4434,bite
916122,0.0831,0.4739,-0.6683,46.2832,-17.3379,45.6016,bite
916145,0.1233,0.4655,-0.6614,63.998,-13.5605,32.3945,bite
916168,0.2186,0.4592,-0.714,63.998,-7.1113,19.4883,bite
916191,0.2701,0.4053,-0.7693,63.998,-1.9355,12.0293,bite
916214,0.2927,0.3588,-0.8574,63.998,6.7871,3.6152,bite
916237,0.1729,0.3278,-0.9069,63.998,12.5469,0.3184,bite
916260,0.1178,0.2501,-0.8334,63.998,20.541,-0.5703,bite
916283,0.1628,0.2271,-0.7935,63.998,25.4316,1.6016,bite
916306,0.1794,0.1832,-0.806,63.998,32.084,8.4277,bite
916329,0.2244,0.1812,-0.7943,63.998,37.5039,18.1973,bite
916352,0.2783,0.1646,-0.7762,63.998,40.1758,25.5234,bite
916375,0.2968,0.1777,-0.7776,63.9688,42.6387,36.793,bite
916398,0.335,0.1241,-0.7902,63.998,43.3555,44.1797,bite
916421,0.347,0.0114,-0.9097,63.998,43.418,54.748,bite
916444,0.376,-0.0436,-0.9285,63.998,42.877,63.998,bite
916467,0.4452,-0.0897,-0.9443,63.998,42.5313,63.998,bite
916490,0.4419,-0.0657,-0.8629,63.998,42.123,63.998,bite
916513,0.4009,-0.1232,-0.8707,63.998,41.8516,63.998,bite
916536,0.3546,-0.1383,-0.8658,63.998,41.5215,63.998,bite
916559,0.364,-0.1625,-0.8232,63.998,41.4199,63.998,bite
916582,0.3932,-0.1949,-0.8234,63.998,41.4258,63.998,bite
916605,0.38,-0.2156,-0.7716,63.998,41.0645,63.998,bite
916628,0.4167,-0.2305,-0.7788,63.998,40.2305,63.998,bite
916651,0.5117,-0.2573,-0.7954,63.998,37.709,63.998,bite
916674,0.5394,-0.2648,-0.8722,63.998,35.0781,63.998,bite
916697,0.4739,-0.262,-0.8652,54.3848,29.7949,62.6895,bite
916720,0.4493,-0.2596,-0.7961,42.6289,23.6328,55.1914,bite
916743,0.4673,-0.2605,-0.7747,34.7715,19.6816,49.8633,bite
916766,0.4735,-0.2789,-0.7782,24.0215,14.9102,42.0898,bite
916789,0.4927,-0.2971,-0.78,18.0293,12.8359,37.3691,bite
916812,0.5007,-0.3081,-0.7837,11.2402,11.5234,31.3145,bite
916835,0.4972,-0.3134,-0.7787,7.1797,12.043,26.7031,bite
916858,0.4771,-0.3362,-0.7769,5.9043,13.1602,24.4941,bite
916881,0.4834,-0.3472,-0.7521,5.877,15.7324,22.4961,bite
916904,0.522,-0.3412,-0.7098,6.9004,17.9063,21.9766,bite
916927,0.5444,-0.3702,-0.7709,9.459,21.4863,22.1758,bite
916950,0.5629,-0.4042,-0.7872,11.4277,24.8965,23.1992,bite
916973,0.5631,-0.411,-0.7734,14.0566,26.8027,24.1816,bite
916996,0.5402,-0.4092,-0.6992,15.916,28.9805,26.0,bite
917019,0.5322,-0.4363,-0.6626,16.8086,30.1172,27.4258,bite
917042,0.546,-0.4734,-0.6716,17.873,31.748,29.8203,bite
917065,0.549,-0.5118,-0.7043,18.457,32.9141,31.502,bite
917088,0.5382,-0.5094,-0.6285,19.1113,34.666,33.9551,bite
917111,0.5684,-0.5013,-0.5815,19.4434,36.1953,36.0605,bite
917134,0.6113,-0.5216,-0.6228,19.4414,36.9883,37.1035,bite
917157,0.6073,-0.5316,-0.6959,18.8633,37.6094,37.9043,bite
917180,0.5995,-0.5132,-0.6907,17.9199,37.5098,37.8887,bite
917203,0.6263,-0.5198,-0.6898,15.5547,36.4297,37.1387,bite
917226,0.6562,-0.5387,-0.6653,12.334,34.2832,35.7813,bite
917249,0.6167,-0.5524,-0.6201,10.0312,32.4629,34.7129,bite
917272,0.5431,-0.5554,-0.6041,6.9258,29.6895,33.2109,bite
917295,0.561,-0.5654,-0.5773,5.3613,28.1133,32.4688,bite
917318,0.6105,-0.6259,-0.5659,3.9941,26.3945,31.8887,bite
917341,0.6381,-0.6565,-0.5013,3.7129,25.3027,31.7656,bite
917364,0.6288,-0.6316,-0.4301,4.0293,24.7852,31.6934,bite
917387,0.6277,-0.6246,-0.4615,4.7969,24.2715,31.166,bite
917410,0.6417,-0.6456,-0.5663,5.1816,24.0918,30.3535,bite
917433,0.6937,-0.661,-0.6023,4.834,23.752,28.3555,bite
917456,0.696,-0.6315,-0.5618,3.6953,23.2012,26.5703,bite
917479,0.6434,-0.5957,-0.4962,0.6719,21.6211,23.5371,bite
917502,0.6321,-0.6259,-0.5358,-3.3047,19.3691,20.7129,bite
917525,0.6913,-0.6826,-0.5565,-6.1035,17.7129,19.3086,bite
917548,0.7329,-0.6577,-0.5123,-10.1289,15.0195,18.1934,bite
917571,0.7314,-0.6112,-0.5264,-12.5352,12.916,18.084,bite
917594,0.6692,-0.5858,-0.5789,-15.6074,9.0195,18.75,bite
917617,0.5769,-0.5959,-0.6155,-18.1699,4.3184,20.4707,bite
917640,0.5013,-0.5878,-0.6177,-19.7266,1.0762,22.3066,bite
917663,0.485,-0.5576,-0.6173,-21.9746,-3.3008,26.1211,bite
917686,0.4858,-0.5559,-0.6129,-23.4375,-5.6719,29.2285,bite
917709,0.5389,-0.5752,-0.6245,-25.5313,-8.293,34.2695,bite
917732,0.505,-0.5822,-0.646,-27.3066,-9.8711,39.1152,bite
917755,0.4758,-0.5779,-0.6599,-28.4063,-10.4395,41.9902,bite
917778,0.4263,-0.603,-0.631,-29.4453,-10.7461,45.6914,bite
917801,0.3904,-0.6449,-0.6002,-29.7285,-10.6387,47.793,bite
917824,0.4087,-0.6444,-0.6031,-29.4629,-10.084,50.4609,bite
917847,0.4276,-0.6519,-0.6334,-28.875,-9.5781,51.9023,bite
917870,0.3795,-0.6663,-0.6779,-27.6016,-8.8457,53.4453,bite
917893,0.3549,-0.6873,-0.7468,-26.2207,-8.2461,54.1406,bite
917916,0.3859,-0.694,-0.7191,-25.3926,-7.9121,54.1074,bite
917939,0.4763,-0.6818,-0.6329,-24.2695,-7.5352,53.2832,bite
917962,0.4395,-0.6915,-0.6079,-23.4746,-7.4062,52.2344,bite
917985,0.3361,-0.6847,-0.6757,-22.0469,-7.3125,50.1309,bite
918008,0.2289,-0.6628,-0.7367,-20.4668,-6.9746,47.8594,bite
918031,0.248,-0.644,-0.7764,-19.5098,-6.4336,46.459,bite
918054,0.3497,-0.6409,-0.7347,-18.3965,-5.2441,44.4844,bite
918077,0.3165,-0.6436,-0.7169,-17.8359,-4.4531,43.0586,bite
918100,0.2925,-0.6625,-0.7156,-17.0254,-3.6445,40.4102,bite
918123,0.2909,-0.7098,-0.6483,-15.8926,-3.3301,36.9805,bite
918146,0.3757,-0.7446,-0.6534,-14.7969,-3.2383,34.2891,bite
918169,0.4802,-0.7352,-0.7017,-12.543,-2.9609,29.7988,bite
918192,0.4427,-0.7129,-0.7288,-10.6641,-2.5684,26.666,bite
918215,0.1913,-0.6713,-0.6689,-7.3984,-1.4043,22.2832,bite
918238,0.1,-0.6322,-0.6423,-4.9941,0.0078,19.9707,bite
918261,0.194,-0.6312,-0.6653,-1.2227,3.3027,17.7988,bite
918284,0.379,-0.6149,-0.7162,2.3437,7.3437,16.8125,bite
918307,0.3496,-0.6001,-0.6443,4.3398,9.7246,16.3477,bite
918330,0.2466,-0.7148,-0.786,6.4805,12.2129,15.3301,bite
918353,0.3873,-0.7761,-0.5911,7.2578,13.2344,14.248,bite
918376,0.3757,-0.8336,-0.6178,7.6309,13.9395,11.9355,bite
918399,0.3867,-0.7734,-0.6653,7.5039,13.1855,8.9492,bite
918422,0.3041,-0.6903,-0.6882,7.3789,11.7187,6.7012,bite
918445,0.3188,-0.606,-0.7513,7.4668,8.5977,3.1348,bite
918468,0.288,-0.498,-0.5778,7.8301,6.3672,0.7871,bite
918491,0.0901,-0.6057,-0.6522,8.6934,3.3516,-2.3242,bite
918514,0.1763,-0.6086,-0.9125,8.8496,0.9609,-4.6328,bite
918537,0.2612,-0.5632,-0.7126,7.9727,-0.4277,-5.8848,bite
918560,0.277,-0.5548,-0.7186,5.4746,-2.6445,-8.1016,bite
918583,0.3624,-0.6573,-0.7456,3.5605,-4.4102,-10.3398,bite
918606,0.3257,-0.7009,-0.5847,1.1641,-7.4727,-15.7129,bite
918629,0.3173,-0.6924,-0.5145,0.207,-9.5937,-21.0801,bite
918652,0.5168,-0.676,-0.5588,-0.1406,-12.916,-32.3633,bite
918675,0.6373,-0.6764,-0.604,0.1758,-17.6113,-47.5645,bite
918698,0.5167,-0.6523,-0.556,0.1074,-22.3926,-59.4141,bite
918721,0.4276,-0.5784,-0.6008,-1.4063,-32.5703,-64.0,bite
918744,0.4366,-0.5339,-0.6499,-3.8066,-41.2676,-64.0,bite
918767,0.4512,-0.5165,-0.6924,-9.9297,-56.5684,-64.0,bite
918790,0.4453,-0.481,-0.6929,-18.9707,-64.0,-64.0,bite
918813,0.4186,-0.4366,-0.7573,-26.2227,-64.0,-64.0,bite
918836,0.38,-0.407,-0.7804,-37.9629,-64.0,-64.0,bite
918859,0.3088,-0.3622,-0.7764,-45.7227,-64.0,-64.0,bite
918882,0.2092,-0.2694,-0.7775,-56.1367,-64.0,-64.0,bite
918905,0.1974,-0.179,-0.7941,-63.8438,-64.0,-64.0,bite
918928,0.3335,-0.1835,-0.9556,-64.0,-64.0,-64.0,bite
918951,0.5148,-0.2356,-1.0426,-64.0,-64.0,-64.0,bite
918974,0.4799,-0.1978,-0.9498,-64.0,-64.0,-64.0,bite
918997,0.2343,-0.1622,-0.9115,-64.0,-64.0,-64.0,bite
919020,-0.0072,-0.1337,-0.8555,-60.4434,-64.0,-64.0,bite
919043,0.1689,-0.1287,-0.9482,-51.4004,-53.1348,-64.0,bite
919066,0.5049,-0.149,-1.1525,-40.6758,-36.0508,-64.0,bite
919089,0.59,-0.1993,-1.1556,-33.6621,-25.6973,-64.0,bite
919112,0.4451,-0.2352,-1.0295,-24.4805,-14.291,-64.0,bite
919135,0.2205,-0.1963,-0.806,-19.2969,-9.6914,-64.0,bite
919158,0.1156,-0.127,-0.7823,-12.2344,-5.791,-58.2344,bite
919181,0.1564,-0.1219,-0.9025,-5.418,-3.416,-48.3926,bite
919204,0.2242,-0.1422,-0.9741,-1.2266,-2.1973,-40.8633,bite
919227,0.2703,-0.1637,-0.9192,3.6055,-1.0059,-28.8516,bite
919250,0.2701,-0.1042,-0.8346,5.3984,-0.6895,-21.0391,bite
919273,0.2434,-0.0847,-0.9335,5.5977,-0.6992,-10.707,bite
919296,0.2307,-0.0961,-1.0265,2.7305,-0.7305,-2.9668,bite
919319,0.2294,-0.1073,-0.9825,-0.8047,-0.5059,0.457,bite
919342,0.2406,-0.0939,-0.8712,-7.9824,0.252,2.8965,bite
919365,0.3044,-0.1014,-0.9019,-13.4648,0.9121,2.8242,bite
919388,0.329,-0.1074,-0.9227,-21.7637,1.7676,0.5762,bite
919411,0.3535,-0.0605,-0.8813,-26.8984,2.0078,-3.4687,bite
919434,0.3129,-0.0223,-0.923,-33.4023,1.6309,-6.4375,bite
919457,0.2145,-0.0176,-0.9495,-38.0566,0.4727,-10.4219,bite
919480,0.1991,-0.0128,-0.9213,-40.082,-0.4492,-12.1855,bite
919503,0.2717,0.024,-0.9026,-41.6133,-1.5449,-13.0156,bite
919526,0.2588,0.0544,-0.9208,-41.7617,-1.9336,-12.3926,bite
919549,0.2483,0.0526,-0.9775,-41.041,-1.8887,-10.0996,bite
919572,0.2628,0.0447,-1.0486,-39.7461,-0.8926,-6.873,bite
919595,0.2659,0.0725,-0.9928,-38.8301,0.2988,-4.5937,bite
919618,0.2838,0.0869,-0.9626,-37.418,2.6113,-1.459,bite
919641,0.2965,0.052,-0.9625,-36.3125,4.2832,0.2324,bite
919664,0.2834,0.0183,-0.8755,-34.0996,6.582,1.9629,bite
919687,0.2423,0.0127,-0.7875,-30.8652,8.2734,2.7344,bite
919710,0.2119,0.0259,-0.7716,-27.9785,9.0156,2.8633,bite
919733,0.2334,0.0273,-0.7745,-22.6113,9.6875,2.7773,bite
919756,0.2699,0.0225,-0.7921,-18.6445,9.9375,2.6328,bite
919779,0.3049,0.0322,-0.854,-12.9902,10.0996,2.2832,bite
919802,0.3198,0.0427,-0.8821,-9.9395,10.084,1.6914,bite
919825,0.332,0.0598,-0.8905,-7.0039,9.918,1.166,bite
919848,0.3359,0.0791,-0.8503,-6.0898,9.6621,0.2969,bite
919871,0.3749,0.0826,-0.8511,-6.3594,9.498,-0.2324,bite
919894,0.3522,0.0785,-0.8907,-7.5156,9.3047,-0.8086,bite
919917,0.3293,0.0779,-0.899,-8.4844,9.168,-0.9844,bite
919940,0.307,0.0896,-0.8718,-9.8242,8.8828,-0.8672,bite
919963,0.3191,0.0853,-0.8685,-10.668,8.5039,-0.2754,bite
919986,0.3319,0.0786,-0.8785,-10.8594,8.1875,0.334,bite
920009,0.3324,0.0797,-0.8542,-10.6191,7.5527,1.3984,bite
920032,0.3356,0.0737,-0.8661,-10.1836,7.0078,2.0996,bite
920055,0.3262,0.0585,-0.8444,-9.3086,6.0566,2.9727,bite
920078,0.3285,0.0574,-0.8494,-8.3945,5.0684,3.5156,bite
920101,0.3333,0.0555,-0.8456,-7.8535,4.459,3.668,bite
920124,0.3437,0.0486,-0.8627,-7.2129,3.6582,3.5957,bite
920147,0.3385,0.0457,-0.8568,-6.9238,3.1855,3.3711,bite
920170,0.3188,0.0522,-0.8521,-6.6934,2.5781,2.8594,bite
920193,0.308,0.0599,-0.8591,-6.6367,2.2793,2.3047,bite
920216,0.3267,0.0652,-0.8645,-6.6113,2.0684,1.9941,bite
920239,0.3557,0.0682,-0.855,-6.5859,2.0957,1.6406,bite
920262,0.3765,0.0601,-0.8452,-6.5332,2.168,1.4453,bite
920285,0.3706,0.0557,-0.8398,-6.3477,2.2344,1.1348,bite
920308,0.3116,0.0471,-0.7997,-6.1387,2.2129,0.916,bite
920331,0.3026,0.0404,-0.7736,-5.6875,2.1426,0.6484,bite
920354,0.3857,0.0531,-0.7911,-5.2383,2.1328,0.498,bite
920377,0.4194,0.0691,-0.8768,-5.2187,2.0488,0.4082,bite
920400,0.3605,0.1018,-0.8843,-6.2285,1.4824,0.2266,bite
920423,0.278,0.1273,-0.8865,-7.8496,0.7461,0.1465,bite
920446,0.2542,0.146,-0.8541,-11.7578,-0.75,0.3516,bite
920469,0.301,0.1777,-0.8622,-17.043,-2.5234,1.1348,bite
920492,0.3113,0.1796,-0.9141,-20.9668,-3.8691,1.9082,bite
920515,0.3199,0.1667,-0.9189,-26.8047,-6.1621,3.1289,bite
920538,0.3226,0.1792,-0.88,-30.2383,-7.791,3.7969,bite
920561,0.299,0.1768,-0.8386,-33.9219,-10.0859,4.3496,bite
920584,0.3022,0.1533,-0.8334,-34.9961,-11.7871,4.2598,bite
920607,0.3336,0.1437,-0.8267,-34.1504,-12.2324,3.8301,bite
920630,0.3333,0.1328,-0.817,-30.3809,-11.9121,2.6699,bite
920653,0.3179,0.1316,-0.8041,-26.4707,-10.9434,1.6348,bite
920676,0.3069,0.1277,-0.8175,-19.1133,-8.4004,-0.0723,bite
920699,0.3049,0.131,-0.7871,-13.6523,-6.1035,-1.1621,bite
920722,0.3232,0.1425,-0.8279,-5.4141,-2.123,-2.5156,bite
920745,0.3333,0.1342,-0.8475,1.9434,1.9727,-3.4336,bite
920768,0.3453,0.1289,-0.8483,5.8789,4.5332,-3.8262,bite
920791,0.3525,0.1251,-0.8403,9.8672,7.877,-4.168,bite
920814,0.3596,0.129,-0.8392,11.1641,9.6719,-4.2695,bite
920837,0.3365,0.1305,-0.843,11.2129,11.5605,-4.2539,bite
920860,0.3464,0.1229,-0.8378,9.4453,12.3691,-4.0293,bite
920883,0.3673,0.1178,-0.8379,7.5996,12.3301,-3.7656,bite
920906,0.3654,0.1198,-0.8319,4.3633,11.5332,-3.2422,bite
920929,0.3658,0.1189,-0.8317,2.1582,10.5645,-2.8477,bite
920952,0.3412,0.124,-0.8325,-0.9023,8.502,-2.25,bite
920975,0.3409,0.129,-0.8396,-2.668,5.791,-1.709,bite
920998,0.3553,0.1312,-0.8495,-4.8359,3.959,-1.4063,bite
921021,0.3517,0.1305,-0.8356,-6.4512,1.1719,-1.0723,bite
921044,0.337,0.1331,-0.8217,-7.25,-0.4824,-0.9316,bite
921067,0.3328,0.1405,-0.8314,-8.0898,-2.4766,-0.8242,bite
921090,0.3492,0.144,-0.8325,-8.4512,-3.4102,-0.8066,bite
921113,0.3485,0.1409,-0.8259,-8.7402,-4.1426,-0.8418,bite
921136,0.3433,0.1437,-0.8311,-8.7773,-4.1211,-0.9063,bite
921159,0.3297,0.1337,-0.8367,-8.6797,-3.7891,-0.9258,bite
921182,0.344,0.1351,-0.8357,-8.3906,-3.0273,-0.8613,bite
921205,0.3523,0.1372,-0.8394,-8.1289,-2.4434,-0.748,bite
921228,0.3381,0.1433,-0.8489,-7.7324,-1.5957,-0.4941,bite
921251,0.3409,0.1538,-0.8392,-7.4746,-0.9727,-0.1855,bite
921274,0.335,0.1503,-0.8438,-7.4473,-0.7852,0.0234,bite
921297,0.3369,0.1504,-0.8311,-7.6367,-0.9199,0.2988,bite
921320,0.3181,0.1587,-0.8055,-7.873,-1.2793,0.4375,bite
921343,0.2925,0.1614,-0.8239,-8.2754,-2.0996,0.5645,bite
921366,0.2913,0.1707,-0.8207,-8.4961,-2.6973,0.5977,bite
921389,0.327,0.1727,-0.8357,-8.6406,-3.4297,0.5508,bite
921412,0.3352,0.1682,-0.8563,-8.5078,-3.8164,0.2988,bite
921435,0.3159,0.1583,-0.855,-8.2773,-3.8379,-0.0293,bite
921458,0.301,0.1539,-0.825,-7.7324,-3.4551,-0.748,bite
921481,0.338,0.1578,-0.7787,-7.2148,-2.9199,-1.334,bite
921504,0.3721,0.1412,-0.8248,-6.1797,-1.8281,-2.3184,bite
921527,0.3437,0.1332,-0.8209,-4.9199,-0.6719,-3.3848,other
921550,0.351,0.1384,-0.7869,-4.0469,0.002,-4.0879,other
921573,0.3397,0.1471,-0.7869,-2.8242,0.7949,-4.9727,other
921596,0.3428,0.152,-0.8348,-2.1504,1.1816,-5.3477,other
921619,0.3508,0.1874,-0.8535,-1.5039,1.5703,-5.4687,other
921642,0.3448,0.1683,-0.8391,-1.4219,1.7402,-5.041,other
921665,0.3251,0.1775,-0.8368,-1.6641,1.7539,-4.4844,other
921688,0.319,0.1824,-0.853,-2.3301,1.6914,-3.3398,other
921711,0.3174,0.1769,-0.8617,-2.873,1.6328,-2.457,other
921734,0.3044,0.1697,-0.8391,-3.6582,1.5586,-1.1348,other
921757,0.3074,0.1678,-0.7927,-4.0566,1.5449,-0.0547,other
921780,0.3195,0.1567,-0.8185,-4.3223,1.5898,0.418,other
921803,0.3401,0.1459,-0.8252,-4.1602,1.6855,0.6191,other
921826,0.3585,0.1392,-0.8049,-3.8672,1.7188,0.3711,other
921849,0.3662,0.1355,-0.7896,-3.2832,1.6758,-0.5625,other
921872,0.3743,0.1244,-0.8087,-2.875,1.5957,-1.4883,other
921895,0.379,0.1272,-0.8049,-2.377,1.4121,-3.1113,other
921918,0.3442,0.1306,-0.8037,-2.1719,1.1172,-4.6836,other
921941,0.3339,0.1465,-0.7892,-2.2441,0.8516,-5.4941,other
921964,0.3218,0.1561,-0.8179,-2.668,0.4609,-6.0625,other
921987,0.3391,0.1638,-0.842,-3.1426,0.2832,-5.916,other
922010,0.3435,0.1685,-0.8494,-4.1113,0.1621,-4.9531,other
922033,0.3253,0.1718,-0.8356,-5.2773,0.1484,-3.3672,other
922056,0.3229,0.1744,-0.8276,-6.0586,0.1816,-2.1523,other
922079,0.3256,0.1803,-0.829,-7.0352,0.291,-0.3711,other
922102,0.3486,0.1831,-0.8224,-7.4648,0.3926,0.6406,other
922125,0.3755,0.1774,-0.8491,-7.6914,0.5527,1.6836,other
922148,0.375,0.167,-0.861,-7.5742,0.627,2.0137,other
922171,0.3427,0.1603,-0.8451,-7.0605,0.5977,1.8574,other
922194,0.3018,0.1471,-0.8042,-6.2031,0.4922,1.2461,other
922217,0.3002,0.1427,-0.774,-5.4492,0.4414,0.7344,other
922240,0.3195,0.1382,-0.7782,-4.0879,0.457,0.0039,other
922263,0.3502,0.1379,-0.785,-3.1191,0.498,-0.4121,other
922286,0.3651,0.1431,-0.8213,-1.8418,0.4961,-0.9316,other
922309,0.3527,0.1562,-0.8002,-1.084,0.3242,-1.3535,other
922332,0.3254,0.1665,-0.7841,-0.957,0.123,-1.5625,other
922355,0.3307,0.173,-0.8226,-1.3203,-0.2109,-1.7188,other
922378,0.3569,0.173,-0.8573,-1.877,-0.4082,-1.7168,other
922401,0.3619,0.1744,-0.8477,-3.0684,-0.6738,-1.6309,other
922424,0.3513,0.1781,-0.8431,-4.4492,-0.918,-1.5469,other
922447,0.3251,0.1823,-0.8337,-5.3145,-1.0566,-1.5313,other
922470,0.3184,0.1829,-0.8198,-6.3027,-1.1836,-1.5723,other
922493,0.332,0.1821,-0.8341,-6.6641,-1.1816,-1.6406,other
922516,0.3284,0.1659,-0.8394,-6.7187,-1.0547,-1.832,other
922539,0.3134,0.1599,-0.7815,-6.4492,-0.8555,-2.1426,other
922562,0.3033,0.1542,-0.777,-5.6504,-0.7109,-2.4023,other
922585,0.3322,0.15,-0.7856,-4.5254,-0.4668,-2.8301,other
922608,0.3724,0.1516,-0.8538,-3.7559,-0.2852,-3.1387,other
922631,0.376,0.1542,-0.8651,-2.8887,-0.0371,-3.6348,other
922654,0.374,0.158,-0.8378,-2.6309,0.0703,-3.9668,other
922677,0.34,0.1594,-0.8124,-2.7402,0.125,-4.3437,other
922700,0.3411,0.1593,-0.808,-3.2617,0.1211,-4.3926,other
922723,0.3719,0.16,-0.8346,-3.7168,0.1133,-4.1855,other
922746,0.3448,0.1653,-0.8412,-4.4219,0.0645,-3.5352,other
922769,0.3124,0.166,-0.8259,-4.8418,0.002,-2.9102,other
922792,0.3149,0.1609,-0.8138,-5.291,-0.0449,-1.7578,other
922815,0.3221,0.1581,-0.7744,-5.4121,0.0352,-0.4863,other
922838,0.3457,0.1609,-0.7827,-5.293,0.1621,0.3223,other
922861,0.3553,0.1664,-0.819,-4.8789,0.4102,1.3086,other
922884,0.3394,0.1682,-0.8275,-4.5391,0.5781,1.7598,other
922907,0.3308,0.168,-0.8275,-4.1035,0.834,2.1289,other
922930,0.3301,0.1732,-0.8116,-3.9297,1.1191,2.2227,other
922953,0.3418,0.1833,-0.8164,-3.8965,1.3281,2.1914,other
922976,0.37,0.1827,-0.85,-4.1387,1.623,2.0449,other
922999,0.3755,0.1829,-0.854,-4.4355,1.7559,1.8848,other
923022,0.354,0.1792,-0.8442,-4.998,1.7832,1.5547,other
923045,0.3313,0.1714,-0.8038,-5.3574,1.6836,1.3008,other
923068,0.3146,0.1671,-0.7766,-5.6738,1.4121,0.9453,other
923091,0.316,0.1716,-0.7782,-5.5645,1.0977,0.6934,other
923114,0.3417,0.1737,-0.8224,-5.2539,0.9121,0.5801,other
923137,0.3762,0.1721,-0.8572,-4.582,0.6895,0.4102,other
923160,0.3743,0.1678,-0.8418,-4.123,0.5566,0.2305,other
923183,0.3398,0.1658,-0.7922,-3.543,0.3496,-0.1797,other
923206,0.309,0.1622,-0.7749,-3.1035,0.1914,-0.6562,other
923229,0.3459,0.1571,-0.7867,-2.877,0.1621,-0.9434,other
923252,0.3823,0.1619,-0.832,-2.6953,0.2031,-1.3066,other
923275,0.3827,0.166,-0.8611,-2.7461,0.2285,-1.5371,other
923298,0.353,0.165,-0.8497,-3.1406,0.2051,-1.8652,other
923321,0.3092,0.1667,-0.792,-3.8125,0.1582,-2.043,other
923344,0.3219,0.1732,-0.7754,-4.2754,0.1641,-1.9922,other
923367,0.3716,0.1652,-0.8074,-4.8008,0.2422,-1.6484,other
923390,0.3763,0.1573,-0.8458,-5.0059,0.2988,-1.3164,other
923413,0.3553,0.1661,-0.7981,-5.123,0.3184,-0.7988,other
923436,0.3239,0.1656,-0.776,-5.084,0.3066,-0.4707,other
923459,0.3234,0.165,-0.7792,-4.8457,0.3359,0.0254,other
923482,0.3363,0.1714,-0.7803,-4.4687,0.4531,0.5215,other
923505,0.3738,0.173,-0.827,-4.2246,0.5586,0.7988,other
923528,0.3752,0.1758,-0.8553,-4.043,0.6758,1.0117,other
923551,0.3464,0.181,-0.8376,-4.1133,0.6875,0.9902,other
923574,0.2992,0.1835,-0.8151,-4.4844,0.6562,0.7852,other
923597,0.3026,0.1827,-0.7955,-5.0156,0.6895,0.5352,other
923620,0.3379,0.182,-0.8153,-5.3652,0.7754,0.3789,other
923643,0.3766,0.183,-0.819,-5.8066,0.9043,0.0801,other
923666,0.3754,0.1823,-0.8395,-6.0273,0.9121,-0.2344,other
923689,0.3744,0.175,-0.8247,-6.2402,0.7559,-0.9453,other
923712,0.3568,0.1788,-0.78,-6.2676,0.4434,-1.8672,other
923735,0.3639,0.1788,-0.7896,-6.1543,0.2148,-2.5117,other
923758,0.3774,0.1781,-0.8367,-5.8008,-0.084,-3.3887,other
923781,0.3783,0.1746,-0.8444,-5.4961,-0.2539,-3.8633,other
923804,0.3712,0.1763,-0.7981,-5.0234,-0.4922,-4.3359,other
923827,0.3446,0.1774,-0.7747,-4.6992,-0.6367,-4.4355,other
923850,0.3389,0.1683,-0.7781,-4.1719,-0.7871,-4.1699,other
923873,0.3466,0.1715,-0.7885,-3.6113,-0.8164,-3.4062,other
923896,0.3594,0.1759,-0.8202,-3.2793,-0.7715,-2.6934,other
923919,0.3489,0.1788,-0.8193,-2.9551,-0.6621,-1.4922,other
923942,0.3173,0.1824,-0.7853,-2.8926,-0.5859,-0.6992,other
923965,0.3225,0.1824,-0.7905,-3.0195,-0.4687,0.3633,other
923988,0.3569,0.1842,-0.8258,-3.3711,-0.3496,1.1426,other
924011,0.3782,0.1837,-0.8687,-3.7168,-0.291,1.4258,other
924034,0.374,0.1744,-0.8597,-4.3809,-0.2969,1.4238,other
924057,0.3503,0.175,-0.7843,-4.8535,-0.3809,1.166,other
924080,0.332,0.1733,-0.7762,-5.3965,-0.5957,0.5684,other
924103,0.3431,0.1686,-0.7891,-5.5605,-0.8477,-0.0293,other
924126,0.3578,0.1737,-0.8256,-5.4707,-1.0059,-0.3398,other
924149,0.3572,0.1812,-0.8175,-5.2012,-1.2422,-0.625,other
924172,0.3341,0.1829,-0.801,-5.0273,-1.4141,-0.6934,other
924195,0.3264,0.1846,-0.7831,-4.8906,-1.6738,-0.6133,other
924218,0.3328,0.1881,-0.8054,-4.918,-1.8184,-0.457,other
924241,0.3586,0.1942,-0.8145,-5.1953,-1.9844,-0.1504,other
924264,0.3633,0.1947,-0.8215,-5.8242,-2.166,0.0937,other
924287,0.3414,0.2117,-0.7928,-6.4668,-2.3574,0.168,other
924310,0.3063,0.225,-0.7904,-7.7754,-2.8066,0.1602,other
924333,0.3014,0.243,-0.8612,-8.8984,-3.2344,0.1289,other
924356,0.2858,0.2556,-0.8895,-11.0469,-4.1172,0.1055,other
924379,0.2961,0.2428,-0.9114,-13.8613,-5.2676,0.0918,other
924402,0.3403,0.2426,-0.9044,-16.1035,-6.1465,0.0332,other
924425,0.3575,0.2609,-0.8069,-19.8262,-7.5586,-0.2227,other
924448,0.2891,0.2764,-0.7743,-22.3281,-8.4258,-0.498,other
924471,0.2242,0.2415,-0.8522,-25.7695,-9.1191,-0.9395,other
924494,0.28,0.2045,-0.9182,-28.8105,-8.5996,-1.2852,other
924517,0.3368,0.1978,-0.865,-30.7246,-7.7051,-1.5098,other
924540,0.2853,0.2072,-0.7959,-33.4355,-6.375,-1.9922,other
924563,0.2642,0.2113,-0.774,-34.9961,-6.0371,-2.4102,other
924586,0.3223,0.1996,-0.7816,-36.627,-7.0684,-3.0703,other
924609,0.3248,0.2048,-0.8025,-37.1113,-9.1016,-3.9707,other
924632,0.2677,0.2347,-0.7648,-36.8691,-14.4746,-3.8437,other
924655,0.2247,0.2507,-0.7192,-35.4434,-22.2207,-3.6133,other
924678,0.2281,0.2844,-0.6926,-33.8672,-28.0039,-2.9785,other
924701,0.2568,0.3483,-0.6309,-30.8184,-36.3379,-1.2832,other
924724,0.2831,0.3789,-0.6276,-28.5879,-41.0391,0.2598,other
924747,0.26,0.3553,-0.781,-25.5879,-45.8906,2.9355,other
924770,0.201,0.379,-0.775,-23.9277,-47.2832,5.8203,other
924793,0.1145,0.4547,-0.7471,-23.9316,-46.041,7.8535,other
924816,0.1499,0.5055,-0.686,-25.5938,-40.9121,11.125,other
924839,0.2513,0.4889,-0.7974,-27.6094,-35.584,13.3496,other
924862,0.2765,0.4832,-0.8608,-31.6738,-25.7656,16.2344,other
924885,0.2349,0.5001,-0.8082,-36.6074,-15.2852,17.959,other
924908,0.1498,0.5243,-0.7384,-40.0293,-8.5137,18.3125,other
924931,0.1185,0.5249,-0.7531,-44.7012,1.0762,17.7285,other
924954,0.2156,0.4978,-0.8181,-47.2344,7.0801,16.6621,other
924977,0.3444,0.4731,-0.8794,-50.0195,15.0605,14.0312,other
925000,0.3418,0.4539,-0.8248,-51.1523,19.2324,10.1562,other
925023,0.2218,0.4528,-0.6803,-51.459,23.2109,7.0996,other
925046,0.1041,0.4487,-0.6189,-49.3887,24.8105,2.5469,other
925069,0.1819,0.452,-0.6531,-46.3965,25.1934,-0.0078,other
925092,0.3333,0.4591,-0.6782,-39.5898,25.2578,-2.7617,other
925115,0.439,0.4609,-0.641,-33.8262,24.6543,-4.0293,other
925138,0.3784,0.4761,-0.5312,-24.0605,21.9043,-5.627,other
925161,0.2375,0.4678,-0.5432,-13.8184,17.0059,-7.2363,other
925184,0.1617,0.4445,-0.6479,-7.2754,13.2715,-8.2559,other
925207,0.2517,0.4581,-0.6732,1.1465,8.166,-9.4766,other
925230,0.4213,0.4844,-0.6331,5.3652,5.3574,-10.0996,other
925253,0.3672,0.4818,-0.6459,9.2187,1.7031,-10.9766,other
925276,0.189,0.4614,-0.6952,10.1426,-1.5273,-11.7871,other
925299,0.0977,0.448,-0.7483,9.3281,-3.1035,-12.0527,other
925322,0.1613,0.4368,-0.762,6.5,-3.8516,-11.6895,other
925345,0.267,0.4441,-0.7434,3.9473,-3.209,-10.9668,other
925368,0.2677,0.473,-0.6802,-0.1719,-1.3613,-9.5195,other
925391,0.2039,0.5035,-0.655,-2.7559,-0.2559,-8.002,other
925414,0.1719,0.512,-0.724,-6.0273,0.4883,-7.0215,other
925437,0.2007,0.5054,-0.7622,-8.5801,0.168,-5.627,other
925460,0.2682,0.5127,-0.6853,-10.0332,-0.3828,-4.8184,other
925483,0.2742,0.5044,-0.7203,-12.0469,-1.3008,-3.9746,other
925506,0.1973,0.5123,-0.7009,-13.3633,-1.8457,-3.7266,other
925529,0.215,0.5559,-0.7019,-15.332,-2.4883,-3.7754,other
925552,0.2469,0.5588,-0.6622,-17.2109,-3.0293,-4.1777,other
925575,0.2526,0.5533,-0.624,-18.3066,-3.4316,-4.5898,other
925598,0.1748,0.5138,-0.6726,-19.4785,-4.3125,-5.3125,other
925621,0.1527,0.5258,-0.6382,-19.8516,-5.2051,-5.7695,other
925644,0.1344,0.5336,-0.6617,-19.7656,-6.9941,-6.2754,other
925667,0.1782,0.5554,-0.6692,-19.0449,-8.8926,-6.5586,other
925690,0.2316,0.5811,-0.6307,-18.2988,-9.8145,-6.6699,other
925713,0.2559,0.5647,-0.6708,-16.877,-10.0762,-6.7637,other
925736,0.1964,0.5453,-0.6637,-15.7793,-9.3301,-6.7227,other
925759,0.1578,0.5254,-0.6067,-14.1016,-7.0391,-6.334,other
925782,0.2175,0.5057,-0.5673,-13.1406,-3.5332,-5.5059,other
925805,0.2435,0.5114,-0.5978,-12.3613,-1.8574,-4.8535,other
925828,0.1965,0.495,-0.759,-13.1406,0.793,-4.0723,other
925851,0.2023,0.5854,-0.6646,-14.9766,1.877,-3.8145,other
925874,0.153,0.6376,-0.6077,-19.9785,2.2246,-3.8984,other
925897,0.1088,0.6456,-0.7196,-24.6953,1.6543,-4.2637,other
925920,0.1791,0.6896,-0.5604,-33.2227,-0.0625,-5.1992,other
925943,0.1558,0.7129,-0.5435,-42.0605,-2.4258,-6.3262,other
925966,0.2454,0.6814,-0.5519,-47.2422,-4.2539,-6.916,other
925989,0.1499,0.6516,-0.4868,-53.0508,-6.8945,-7.1523,other
926012,0.209,0.6316,-0.5186,-55.4043,-8.0371,-6.7637,other
926035,0.1827,0.6548,-0.4297,-56.7617,-8.4863,-5.4746,other
926058,0.1484,0.6715,-0.4409,-55.9707,-8.1133,-3.8027,other
926081,0.1296,0.6614,-0.4501,-54.5527,-8.0684,-2.7988,other
926104,0.1205,0.6781,-0.4023,-51.5098,-9.0723,-1.8418,other
926127,0.1608,0.6989,-0.5083,-49.0527,-10.5059,-1.6797,other
926150,0.0962,0.7039,-0.5133,-44.9746,-13.6328,-2.1426,other
926173,0.0259,0.7788,-0.4413,-42.1465,-17.7207,-3.2617,other
926196,0.2217,0.7704,-0.4834,-38.0156,-20.2266,-4.166,other
926219,0.0928,0.6926,-0.3822,-34.1816,-23.6094,-5.3574,other
926242,0.0719,0.7194,-0.4465,-31.8027,-25.1074,-5.8848,other
926265,0.0587,0.7439,-0.4377,-28.4375,-25.6816,-6.2324,other
926288,0.2277,0.7207,-0.4938,-26.2715,-24.7266,-6.1836,other
926311,0.049,0.7209,-0.3876,-23.166,-21.1367,-5.709,other
926334,0.0403,0.7373,-0.4269,-20.4785,-15.1934,-4.8789,other
926357,0.2263,0.7463,-0.4303,-19.0781,-10.2363,-4.209,other
926380,0.137,0.7429,-0.3738,-17.7148,-2.0332,-3.0762,other
926403,0.1326,0.7271,-0.4011,-17.3516,3.4062,-2.3047,other
926426,0.0615,0.6654,-0.5468,-17.6504,10.2969,-1.3945,other
926449,0.1271,0.7878,-0.3636,-18.7246,14.1543,-1.1855,other
926472,0.0299,0.7164,-0.3232,-19.584,14.3398,-1.6445,other
926495,0.0651,0.7397,-0.3889,-20.6719,10.8125,-3.4277,other
926518,0.1415,0.7557,-0.3593,-20.9941,6.3203,-5.3457,other
926541,0.1149,0.736,-0.3572,-20.4297,-2.3945,-9.1387,other
926564,0.1758,0.7083,-0.4868,-19.1992,-11.5605,-13.5664,other
926587,-0.2634,0.7981,-0.4363,-15.9863,-16.7969,-16.377,other
926610,0.0044,0.7649,-0.3159,-11.2051,-21.7598,-19.377,other
926633,0.1102,0.7544,-0.3424,-7.375,-22.6465,-20.1563,other
926656,0.194,0.7367,-0.4675,-1.2949,-20.2891,-19.166,other
926679,-0.2086,0.7228,-0.4919,2.5449,-16.5215,-17.0391,other
926702,0.0968,0.7401,-0.4094,7.2617,-8.2949,-11.9668,other
926725,-0.0067,0.7828,-0.3739,10.1426,1.4531,-5.7734,other
926748,-0.0146,0.7378,-0.4913,10.9277,7.5156,-2.0527,other
926771,-0.1284,0.7262,-0.4568,10.4121,13.8496,1.0703,other
926794,-0.0432,0.7358,-0.384,9.0371,15.4844,0.752,other
926817,0.3202,0.7883,-0.3101,5.7754,13.9902,-3.627,other
926840,0.147,0.7096,-0.5352,1.6621,9.0957,-11.7891,other
926863,-0.259,0.7032,-0.4733,-1.2461,5.1719,-18.2891,other
926886,-0.082,0.7725,-0.2576,-5.3496,0.0156,-27.4082,other
926909,0.2141,0.7429,-0.4677,-7.5547,-2.4141,-31.7129,other
926932,0.5833,0.7083,-0.5404,-9.6211,-4.3047,-33.752,other
926955,-0.1713,0.7246,-0.3405,-10.043,-4.2637,-29.4961,other
926978,-0.0695,0.7505,-0.4353,-9.1621,-3.2578,-23.1094,other
927001,-0.0878,0.7639,-0.4254,-6.6309,-0.3887,-9.2637,other
927024,0.3035,0.7216,-0.4592,-4.2852,2.2383,1.5449,other
927047,0.6832,0.6508,-0.4359,-0.4609,6.5234,17.4258,other
927070,0.55,0.6208,-0.3625,1.8242,9.0645,26.6094,other
927093,-0.2534,0.7189,-0.4781,4.1934,11.707,38.1094,other
927116,-1.1039,1.0275,-0.5378,5.0742,12.6816,48.1367,other
927139,-0.1681,1.0719,-0.6001,5.0898,12.2871,53.9668,other
927162,-0.3854,0.6987,-0.2476,4.7871,8.7773,58.6504,other
927185,1.2544,0.3848,-0.4867,4.291,3.3398,56.7715,other
927208,-0.1321,0.9602,-0.3668,2.4727,-10.2012,43.9707,other
927231,-0.1345,0.8217,-0.4645,-0.2031,-26.9199,20.6953,other
927254,0.0435,0.7223,-0.4536,-1.7305,-36.5273,2.4668,other
927277,0.1874,0.5676,-0.5511,-2.9629,-44.041,-23.0254,other
927300,-0.0726,0.6396,-0.5311,-3.0352,-43.1074,-35.9668,other
927323,0.0052,0.7487,-0.4652,-2.1152,-33.2656,-46.8164,other
927346,-0.1494,0.7474,-0.4929,-0.3926,-16.668,-47.4668,other
927369,-0.0643,0.6965,-0.5454,1.5391,-4.168,-43.1953,other
927392,0.2239,0.6459,-0.4937,3.9785,13.7109,-31.916,other
927415,0.135,0.6984,-0.4316,5.2051,23.6504,-22.6211,other
927438,-0.2563,0.7784,-0.5156,6.1367,33.9258,-8.4004,other
927461,-0.2106,0.6938,-0.5895,6.1348,37.2813,0.1465,other
927484,-0.3033,0.734,-0.3973,5.2598,37.1699,9.9805,other
927507,0.0724,0.7057,-0.3124,3.5156,31.4063,14.6074,other
927530,0.1892,0.7507,-0.4609,2.0312,25.0117,14.1035,other
927553,-0.1122,0.7574,-0.52,-0.3535,13.457,8.1348,other
927576,-0.036,0.6862,-0.4791,-1.8262,6.0879,1.8242,other
927599,-0.5054,0.7036,-0.4209,-3.584,-1.8223,-8.3164,other
927622,0.0746,0.6019,-0.5413,-4.6582,-4.3672,-16.9277,other
927645,0.5658,0.6792,-0.5708,-5.0312,-3.2187,-21.6953,other
927668,0.239,0.871,-0.4574,-5.1055,1.6055,-27.832,other
927691,0.5713,0.7418,-0.4795,-4.7598,6.1934,-30.9082,other
927714,-0.822,0.699,-0.493,-3.8125,13.6973,-32.4844,other
927737,0.1366,0.5879,-0.5555,-2.6309,20.332,-28.7598,other
927760,-0.3159,0.7827,-0.4719,-2.498,23.168,-23.5898,other
927783,-0.1266,0.766,-0.4139,-2.4922,23.7441,-13.7832,other
927806,0.004,0.6974,-0.4307,-2.8223,21.5078,-7.2109,other
927829,-0.1062,0.7676,-0.3937,-3.8203,14.9668,0.9629,other
927852,-0.0265,0.7675,-0.3807,-4.7852,9.3242,4.8984,other
927875,0.0243,0.705,-0.4768,-6.5117,0.7344,8.7656,other
927898,-0.0778,0.6783,-0.4966,-8.3047,-5.6465,11.0859,other
927921,0.0258,0.6667,-0.6434,-9.3223,-7.4414,12.4062,other
927944,0.2369,0.7983,-0.6716,-10.1523,-5.4629,14.8262,other
927967,0.1672,0.8833,-0.2993,-9.7461,-1.2441,16.9473,other
927990,0.0151,0.8473,-0.2322,-6.5723,8.2344,20.8867,other
928013,0.101,0.718,-0.5243,0.0312,19.7676,25.334,other
928036,0.1261,0.6028,-0.7352,5.6855,27.4785,28.1855,other
928059,0.1458,0.5502,-0.608,14.4121,37.2383,31.6035,other
928082,0.2656,0.4753,-0.5334,19.6934,41.6191,32.9688,other
928105,0.4912,0.3677,-0.7192,26.3398,43.7969,33.3027,other
928128,0.3446,0.4186,-0.5063,31.4004,39.3711,31.8457,other
928151,0.2186,0.4485,-0.2721,34.2617,32.4688,30.5117,other
928174,0.1556,0.4646,-0.3025,37.8867,17.2422,29.332,other
928197,0.0333,0.4885,-0.647,39.709,4.998,29.7441,other
928220,-0.0349,0.6051,-0.7399,40.5039,-14.1777,32.5488,other
928243,0.1284,0.7227,-0.6627,39.1738,-26.1992,35.541,other
928266,0.2039,0.8324,-0.7861,34.125,-41.4883,40.2461,other
928289,0.0757,0.8024,-0.5811,25.916,-52.418,43.1211,other
928312,0.2114,0.7056,-0.5968,19.1602,-56.918,43.1387,other
928335,0.3511,0.6335,-0.5344,8.1445,-59.252,39.8496,other
928358,0.2428,0.5818,-0.5227,0.9063,-58.0859,35.7383,other
928381,-0.0167,0.5892,-0.6414,-8.9941,-53.6719,28.0645,other
928404,-0.1008,0.5912,-0.5939,-17.4238,-48.7227,20.6504,other
928427,0.0193,0.5828,-0.547,-22.1719,-46.3477,16.6309,other
928450,0.1731,0.5937,-0.4517,-27.8652,-44.5234,12.0234,other
928473,-0.0887,0.6323,-0.7241,-30.7129,-43.6582,9.5098,other
928496,0.1409,0.73,-0.6176,-33.6738,-40.3281,5.8223,other
928519,-0.0756,0.6732,-0.676,-35.0664,-32.625,1.7383,other
928542,0.1451,0.6846,-0.5834,-35.1152,-24.5293,-1.1855,other
928565,0.2212,0.7189,-0.4951,-33.7734,-8.7637,-5.4453,other
928588,0.129,0.7539,-0.5645,-31.9883,2.5371,-7.9043,other
928611,0.0514,0.8264,-0.5503,-28.4492,17.3652,-10.625,other
928634,-0.0165,0.7938,-0.6049,-25.9199,24.4082,-11.6133,other
928657,-0.0688,0.7423,-0.6964,-22.6484,29.7578,-11.623,other
928680,0.109,0.6589,-0.6824,-20.5566,29.4961,-10.0957,other
928703,0.1311,0.5992,-0.4938,-19.752,26.832,-8.7246,other
928726,0.1375,0.5447,-0.3768,-18.7715,20.0957,-7.0762,other
928749,0.1355,0.502,-0.3401,-17.834,14.3086,-6.6035,other
928772,0.0995,0.4901,-0.369,-15.709,4.4355,-6.9414,other
928795,0.1144,0.4934,-0.5022,-13.1641,-5.8633,-8.1172,other
928818,0.0959,0.5388,-0.5709,-11.709,-12.2832,-8.9961,other
928841,0.0249,0.6401,-0.3982,-10.4199,-20.2578,-9.8301,other
928864,0.02,0.7224,-0.265,-10.1895,-24.0781,-9.7207,other
928887,0.1259,0.7384,-0.2993,-10.6445,-27.3145,-8.2324,other
928910,0.1328,0.6981,-0.5808,-12.1816,-27.7754,-5.2187,other
928933,0.0513,0.6998,-0.6957,-14.0352,-26.7695,-2.5254,other
928956,-0.0468,0.7853,-0.5355,-18.0566,-23.6816,2.2227,other
928979,-0.0056,0.8639,-0.4686,-21.1387,-20.8652,5.5918,other
929002,0.1434,0.8156,-0.4983,-25.2441,-16.1172,10.2383,other
929025,0.0718,0.7699,-0.4668,-27.0996,-12.9883,13.0996,other
929048,0.0656,0.7167,-0.3597,-28.166,-8.9062,14.4863,other
929071,0.0787,0.6748,-0.4269,-27.3223,-5.9687,14.209,other
929094,0.033,0.6766,-0.4972,-25.9902,-4.6562,12.9629,other
929117,0.0892,0.6947,-0.4561,-23.4199,-3.1582,9.9687,other
929140,0.155,0.7179,-0.4163,-21.6797,-1.9883,7.5527,other
929163,0.0303,0.7416,-0.4064,-19.584,0.791,3.8027,other
929186,0.0754,0.7566,-0.3834,-18.5645,5.4219,0.2812,other
929209,0.0787,0.8015,-0.4463,-18.5859,9.5195,-1.8086,other
929232,0.1157,0.8213,-0.4568,-19.5898,16.375,-4.4336,other
929255,0.0784,0.7584,-0.3315,-20.7617,20.6094,-5.8379,other
929278,0.0553,0.7573,-0.3031,-23.0234,24.791,-7.5605,other
929301,0.0868,0.7688,-0.3387,-25.5547,25.084,-9.0605,other
929324,0.0569,0.759,-0.3585,-27.1016,23.1035,-10.041,other
929347,-0.0391,0.7804,-0.2911,-28.6953,17.8008,-11.5254,other
929370,0.0765,0.7931,-0.3259,-29.0215,13.5508,-12.4844,other
929393,0.0808,0.7601,-0.3945,-28.1523,7.7422,-13.6172,other
929416,0.0118,0.7476,-0.3875,-26.6992,5.0547,-13.9687,other
929439,0.0471,0.7687,-0.3466,-23.5273,3.5723,-13.6562,other
929462,0.1362,0.787,-0.3008,-19.6602,5.0801,-12.3047,other
929485,0.0903,0.767,-0.3151,-16.9668,7.2461,-10.9473,other
929508,0.0469,0.7469,-0.3752,-13.1465,11.0918,-8.6289,other
929531,0.019,0.7742,-0.3694,-10.9316,13.4043,-7.2187,other
929554,0.0696,0.8052,-0.2657,-8.2734,15.5977,-5.8633,other
929577,-0.0071,0.7795,-0.3066,-6.4316,15.8516,-5.7793,other
929600,-0.2061,0.7871,-0.3505,-5.6074,15.2129,-6.4219,other
929623,0.1525,0.7373,-0.3799,-4.8379,13.8437,-8.2773,other
929646,0.2418,0.7937,-0.3068,-4.5391,12.9238,-10.082,other
929669,-0.088,0.7772,-0.3079,-4.1934,11.5742,-13.4727,other
929692,-0.0057,0.7629,-0.3669,-3.6738,10.332,-16.9824,other
929715,0.1818,0.7755,-0.3428,-3.1074,9.623,-18.875,other
929738,0.069,0.7479,-0.368,-1.8145,8.8379,-20.4277,other
929761,0.0851,0.7823,-0.3728,-0.6621,8.5527,-20.4023,other
929784,-0.2025,0.8131,-0.335,1.3887,8.6602,-18.4355,other
929807,0.2156,0.7448,-0.3665,2.8516,9.3164,-13.8652,other
929830,-0.036,0.7622,-0.4238,4.7793,11.1309,-9.6621,other
929853,-0.0624,0.7451,-0.4329,5.873,13.2617,-2.7539,other
929876,-0.0007,0.7604,-0.3068,5.9746,14.3613,1.4941,other
929899,-0.1948,0.7924,-0.313,5.2324,14.8516,6.2012,other
929922,0.2054,0.7668,-0.3992,4.3008,14.2051,7.6328,other
929945,0.0692,0.7766,-0.3226,2.5508,11.5566,6.2422,other
929968,0.1727,0.7821,-0.3655,0.7227,7.3008,0.4277,other
929991,-0.1615,0.7578,-0.3361,-0.3437,4.2109,-5.1953,other
930014,-0.0854,0.7717,-0.3418,-1.5039,0.1777,-14.2715,other
930037,0.089,0.7402,-0.3928,-1.9141,-1.7051,-19.5234,other
930060,0.0686,0.7546,-0.3889,-1.9141,-2.9434,-24.5352,other
930083,0.0676,0.7744,-0.3087,-1.1211,-2.291,-25.1895,other
930106,0.0603,0.7534,-0.4283,-0.168,-1.0527,-23.2988,other
930129,-0.123,0.7637,-0.4243,1.7285,1.6152,-17.7363,other
930152,0.0411,0.7471,-0.3876,3.1191,3.8027,-12.7891,other
930175,0.0266,0.7507,-0.4053,4.9766,7.3594,-4.7266,other
930198,0.0383,0.7412,-0.4131,5.8398,9.5547,2.5879,other
930221,0.0254,0.7595,-0.3801,6.3945,11.7891,6.373,other
930244,0.0189,0.762,-0.4005,6.0977,12.0605,9.8184,other
930267,-0.079,0.7606,-0.4384,5.5,11.1387,10.502,other
930290,-0.0887,0.7451,-0.4308,4.1152,8.6836,9.2734,other
930313,-0.1115,0.7177,-0.3536,2.9434,6.7324,7.2422,other
930336,0.1691,0.7538,-0.3933,1.0313,3.7852,2.9746,other
930359,0.2972,0.7865,-0.3508,-0.7207,0.8262,-2.3457,other
930382,-0.2162,0.7389,-0.4263,-1.6309,-1.2363,-6.2578,other
930405,-0.0906,0.7446,-0.4095,-2.459,-4.0781,-11.8945,other
930428,0.0553,0.7544,-0.3937,-2.6445,-5.4199,-14.8906,other
930451,0.1655,0.7341,-0.3822,-2.4258,-6.0137,-17.2773,other
930474,0.277,0.7922,-0.321,-1.7676,-4.8437,-16.4277,other
930497,-0.3998,0.7336,-0.4471,-1.1934,-3.3652,-13.877,other
930520,0.0552,0.6937,-0.5084,-0.3066,-0.4102,-7.2656,other
930543,-0.0111,0.7552,-0.4027,0.1855,1.7637,-1.6777,other
930566,0.0188,0.7655,-0.3335,0.7305,4.5078,6.6953,other
930589,-0.009,0.7417,-0.4386,0.9961,5.5332,13.1641,other
930612,0.0255,0.7235,-0.4628,1.2559,5.5957,15.8047,other
930635,0.0153,0.7405,-0.4248,1.2988,4.2734,17.1113,other
930658,-0.1088,0.7556,-0.381,1.2363,2.9102,16.375,other
930681,0.0636,0.7262,-0.4216,1.1504,0.4277,13.1543,other
930704,0.1957,0.7385,-0.4379,1.1582,-1.4316,9.7051,other
930727,-0.0681,0.7332,-0.4421,1.3105,-4.3457,3.0469,other
930750,-0.0511,0.7219,-0.4126,1.6406,-6.8945,-4.084,other
930773,0.0291,0.7397,-0.4214,1.9688,-8.0645,-8.2324,other
930796,0.0251,0.7189,-0.4351,2.6699,-8.6895,-12.5371,other
930819,0.2141,0.707,-0.4362,3.2832,-8.2871,-13.8145,other
930842,0.1104,0.7461,-0.4314,4.4043,-6.6191,-13.2441,other
930865,-0.2324,0.7236,-0.5148,5.707,-3.9922,-9.7715,other
930888,-0.0255,0.7085,-0.4954,6.5996,-1.8477,-6.0859,other
930911,0.0624,0.7369,-0.4114,7.7676,1.4512,0.4395,other
930934,0.0505,0.7296,-0.4379,8.3008,3.3359,4.6562,other
930957,-0.0165,0.7096,-0.5027,8.5098,5.2988,9.6211,other
930980,0.0596,0.6987,-0.4794,8.1387,6.4375,12.2129,other
931003,0.0375,0.7224,-0.4326,6.7891,5.8242,12.5547,other
931026,0.0211,0.7284,-0.4316,4.791,4.4531,11.2695,other
931049,0.0233,0.7126,-0.4795,3.3613,2.9785,9.4863,other
931072,0.033,0.7147,-0.5012,1.4258,0.3672,5.9727,other
931095,0.0128,0.6945,-0.4875,0.4004,-1.3438,3.4238,other
931118,0.0092,0.7159,-0.4672,-0.6504,-3.4004,-0.1191,other
931141,0.0417,0.7156,-0.4556,-1.0996,-4.4434,-2.7539,other
931164,0.1198,0.6713,-0.5151,-1.1035,-4.4766,-3.8105,other
931187,0.1504,0.6337,-0.499,-0.8242,-3.5898,-4.2305,other
931210,-0.0795,0.7552,-0.4631,-0.5449,-2.5,-3.6758,other
931233,-0.0498,0.7822,-0.4667,-0.0273,-0.375,-1.5098,other
931256,0.0651,0.6987,-0.4796,0.5723,1.916,1.9043,other
931279,0.0359,0.7155,-0.4631,0.9082,3.2129,4.3984,other
931302,0.0397,0.724,-0.4471,1.0781,4.3281,7.627,other
931325,0.011,0.7377,-0.4489,0.8594,4.3477,9.0547,other
931348,0.0063,0.7252,-0.4771,-0.0664,3.334,9.7617,other
931371,0.0531,0.6903,-0.465,-1.0723,1.1543,8.7109,other
931394,0.056,0.6859,-0.438,-3.0547,0.043,7.1602,other
931417,0.0175,0.7097,-0.4847,-5.3086,-2.0664,3.9922,other
931440,0.0354,0.7269,-0.5033,-6.7305,-3.2363,1.7109,other
931463,0.0874,0.6744,-0.4894,-8.4277,-4.3477,-1.2852,other
931486,0.0459,0.7096,-0.4674,-9.1641,-4.6133,-2.7324,other
931509,0.0294,0.7133,-0.4828,-9.627,-4.3848,-3.8867,bite
931532,0.0624,0.7097,-0.4584,-9.375,-3.5254,-3.8984,bite
931555,0.0577,0.7107,-0.4459,-8.9062,-2.6953,-3.4199,bite
931578,0.0442,0.7142,-0.4265,-7.9297,-1.2871,-2.3027,bite
931601,0.0302,0.7185,-0.4258,-7.1699,-0.4199,-1.5156,bite
931624,-0.0173,0.7175,-0.4551,-5.8984,0.4551,-0.623,bite
931647,-0.0099,0.7305,-0.4674,-4.3984,0.5879,-0.2871,bite
931670,-0.0505,0.8372,-0.4498,-3.2187,0.2578,-0.3242,bite
931693,-0.0839,0.8801,-0.3734,-1.1758,-0.6309,-0.4453,bite
931716,0.0857,0.7869,-0.3949,0.1875,-1.3027,-0.3633,bite
931739,0.2229,0.7439,-0.4132,1.4277,-2.4473,0.2266,bite
931762,0.0806,0.7239,-0.3591,1.1328,-4.3008,1.8867,bite
931785,-0.0702,0.795,-0.5687,-1.6563,-6.0664,4.209,bite
931808,-0.0997,0.8876,-0.6879,-6.9844,-9.002,10.4863,bite
931831,0.0593,0.9314,-0.4742,-10.8809,-10.5996,16.5293,bite
931854,0.2072,0.8707,-0.5505,-14.4941,-11.7363,26.9023,bite
931877,0.261,0.806,-0.6906,-13.9863,-11.6152,33.3652,bite
931900,0.1766,0.7512,-0.7579,-7.5098,-10.4824,40.5566,bite
931923,0.1393,0.6823,-0.8059,6.0293,-8.4707,44.1074,bite
931946,0.1398,0.6677,-0.7418,18.5645,-6.6621,44.8184,bite
931969,0.1279,0.5743,-0.5404,41.2012,-3.4707,44.5469,bite
931992,0.1531,0.4353,-0.4514,57.668,-1.2852,44.0879,bite
932015,0.1835,0.3096,-0.4813,63.998,1.6777,43.5898,bite
932038,0.1334,0.1393,-0.5461,63.998,4.0957,43.498,bite
932061,0.1735,0.0454,-0.6696,63.998,5.5605,43.6445,bite
932084,0.2379,0.0618,-0.6771,63.998,7.7168,44.1367,bite
932107,0.2494,0.08,-0.5649,63.998,9.0879,44.6836,bite
932130,0.2532,0.0415,-0.509,63.998,11.3945,45.9297,bite
932153,0.3781,0.0022,-0.5496,63.998,15.4004,47.6914,bite
932176,0.5372,-0.0013,-0.6956,63.998,19.7617,48.998,bite
932199,0.6141,0.0201,-0.7833,63.998,28.7969,50.6406,bite
932222,0.6122,0.0422,-0.7834,63.998,35.9258,51.1035,bite
932245,0.6788,0.0491,-0.9897,63.998,47.1426,50.1133,bite
932268,0.5817,0.098,-1.0502,63.998,54.2773,48.0664,bite
932291,0.532,0.1108,-0.9862,63.998,63.5508,43.0898,bite
932314,0.5779,0.109,-0.9576,53.623,63.998,36.6113,bite
932337,0.5798,0.101,-0.8818,38.2969,63.998,31.9766,bite
932360,0.5908,0.077,-0.8068,18.2539,63.998,25.3711,bite
932383,0.5924,0.0717,-0.7186,8.0273,63.998,21.6738,bite
932406,0.561,0.059,-0.6545,-1.4531,63.998,17.8711,bite
932429,0.5878,-0.0022,-0.6473,-3.9336,63.998,16.6211,bite
932452,0.7054,-0.0442,-0.6675,-2.4082,63.998,17.207,bite
932475,0.6836,-0.0431,-0.5652,2.8867,63.998,19.8672,bite
932498,0.7612,-0.0353,-0.4965,7.3652,63.998,22.5527,bite
932521,0.9235,-0.0663,-0.5488,13.9277,63.998,27.4316,bite
932544,0.926,-0.0922,-0.6211,18.9316,63.998,32.6895,bite
932567,0.7786,-0.0957,-0.5925,20.4648,63.998,36.1973,bite
932590,0.7671,-0.1182,-0.5106,20.5645,63.998,41.4043,bite
932613,0.9675,-0.1598,-0.4703,19.2793,63.998,44.7168,bite
932636,1.0095,-0.181,-0.4557,16.0918,63.998,48.9434,bite
932659,0.9138,-0.1975,-0.4558,13.5859,63.998,51.0098,bite
932682,0.8872,-0.2363,-0.5104,9.877,63.998,52.9941,bite
932705,0.7981,-0.2571,-0.434,6.7148,59.041,54.1133,bite
932728,0.7769,-0.2637,-0.3312,5.1465,54.8457,54.6934,bite
932751,0.838,-0.312,-0.3364,3.8809,48.1855,55.5742,bite
932774,0.9592,-0.3342,-0.3405,3.7676,43.5352,56.1035,bite
932797,0.9818,-0.3698,-0.3907,4.4043,36.0391,56.4219,bite
932820,0.9271,-0.3732,-0.3672,5.4922,27.8672,55.7441,bite
932843,0.8567,-0.3425,-0.3031,6.2246,22.207,54.7012,bite
932866,0.8433,-0.3673,-0.3682,7.0957,13.7031,52.4395,bite
932889,0.9624,-0.4092,-0.4857,7.3437,8.0605,50.5566,bite
932912,0.9368,-0.3995,-0.4567,6.8418,-0.75,47.168,bite
932935,0.8497,-0.3751,-0.3928,5.3535,-10.3437,43.125,bite
932958,0.8053,-0.3938,-0.4741,3.6348,-16.9453,40.2109,bite
932981,0.8485,-0.4336,-0.5607,0.9336,-26.375,35.8535,bite
933004,0.8654,-0.3999,-0.48,-0.9512,-32.043,33.1426,bite
933027,0.7817,-0.3798,-0.3782,-3.5234,-39.4883,29.6406,bite
933050,0.7603,-0.4171,-0.4192,-4.8418,-43.6758,27.8633,bite
933073,0.7645,-0.4288,-0.4919,-6.1699,-48.5703,26.3301,bite
933096,0.6965,-0.4073,-0.5439,-7.1738,-51.8164,26.3711,bite
933119,0.63,-0.3995,-0.5924,-7.998,-53.2227,27.2949,bite
933142,0.6187,-0.4232,-0.5897,-9.8008,-54.4805,29.8555,bite
933165,0.5934,-0.4194,-0.5718,-11.4062,-54.8965,32.125,bite
933188,0.5712,-0.4149,-0.65,-14.2148,-55.0527,35.8301,bite
933211,0.5446,-0.4229,-0.7128,-17.1602,-54.8184,39.2715,bite
933234,0.4905,-0.4374,-0.7588,-19.0195,-54.5273,41.1758,bite
933257,0.4617,-0.422,-0.6919,-21.3184,-53.8574,43.2891,bite
933280,0.495,-0.463,-0.7433,-22.3242,-53.168,44.1777,bite
933303,0.4727,-0.4789,-0.7157,-22.8359,-51.6602,44.707,bite
933326,0.4683,-0.4655,-0.6742,-22.1348,-49.5234,44.2988,bite
933349,0.4556,-0.4802,-0.7335,-21.0898,-47.707,43.5879,bite
933372,0.3927,-0.4962,-0.6934,-19.0156,-44.3867,42.125,bite
933395,0.3851,-0.5016,-0.7336,-17.5547,-41.8008,41.0664,bite
933418,0.3848,-0.4702,-0.7825,-15.6758,-37.5703,39.582,bite
933441,0.3632,-0.4637,-0.8297,-14.8125,-34.7813,38.7246,bite
933464,0.2507,-0.449,-0.8429,-14.2051,-31.0723,37.6504,bite
933487,0.3306,-0.4344,-0.7576,-14.1641,-28.1484,36.793,bite
933510,0.4236,-0.4454,-0.777,-14.1504,-26.7969,36.2891,other
933533,0.3788,-0.4614,-0.7798,-13.8105,-26.2188,35.6953,other
933556,0.3562,-0.5372,-0.8934,-13.2969,-26.9434,35.5859,other
933579,0.3873,-0.5751,-0.8682,-12.0547,-29.1836,36.2793,other
933602,0.3826,-0.5715,-0.6498,-10.0723,-31.8652,38.5078,other
933625,0.1785,-0.624,-0.7074,-8.1699,-33.4766,41.0332,other
933648,0.0966,-0.6088,-0.8132,-4.4648,-35.1367,46.2422,other
933671,0.2374,-0.62,-0.8065,-1.6738,-35.4531,50.2246,other
933694,0.2998,-0.6134,-0.8729,2.4062,-34.5684,55.752,other
933717,0.1787,-0.646,-0.7809,5.7852,-32.1738,59.4219,other
933740,0.1278,-0.6854,-0.7043,7.5488,-29.498,60.4238,other
933763,0.2128,-0.689,-0.7538,9.4902,-23.3398,59.6973,other
933786,0.2314,-0.6655,-0.7776,10.2441,-17.998,57.877,other
933809,0.2351,-0.6658,-0.7913,10.2734,-9.2773,53.5332,other
933832,0.2117,-0.6476,-0.7162,9.4238,-3.7422,49.8555,other
933855,0.0419,-0.6238,-0.6671,6.9004,3.1367,43.7793,other
933878,0.1932,-0.5835,-0.7754,3.1934,7.5937,37.7227,other
933901,0.2371,-0.5852,-0.8558,0.2656,9.084,33.8809,other
933924,0.1173,-0.5532,-0.7778,-4.3672,9.3652,28.4316,other
933947,0.1158,-0.5623,-0.7782,-7.2656,8.6035,25.0293,other
933970,0.2212,-0.6115,-0.7769,-10.7344,6.6016,20.3633,other
933993,0.1687,-0.6659,-0.7758,-12.6543,4.0059,16.2852,other
934016,0.1272,-0.6179,-0.7777,-12.9668,2.1543,13.877,other
934039,0.1578,-0.5576,-0.7908,-12.1191,-0.5078,10.6133,other
934062,0.1877,-0.5649,-0.7808,-10.8945,-2.1133,8.5605,other
934085,0.2273,-0.6244,-0.7582,-8.4492,-4.1387,5.5508,other
934108,0.2299,-0.5824,-0.6938,-5.3594,-5.3535,2.8086,other
934131,0.0662,-0.665,-0.8926,-2.998,-5.3457,1.377,other
934154,0.1224,-0.5554,-0.6376,0.5488,-3.3926,0.1445,other
934177,0.1598,-0.5825,-0.7284,2.6484,-0.7676,-0.0234,other
934200,0.198,-0.5906,-0.8651,4.8535,4.4531,0.4707,other
934223,0.2205,-0.5745,-0.8762,5.3789,8.1953,1.0527,other
934246,0.1617,-0.5874,-0.7316,4.623,13.2148,1.9238,other
934269,0.2163,-0.5604,-0.7068,2.4434,16.5938,2.4902,other
934292,0.1943,-0.5371,-0.8669,0.5391,17.4121,2.5898,other
934315,0.147,-0.4651,-0.8324,-2.5254,16.1875,2.1289,other
934338,0.1334,-0.4565,-0.752,-4.4395,13.9609,1.3047,other
934361,0.0627,-0.5454,-0.9873,-6.9082,9.1172,-0.8066,other
934384,0.0942,-0.4912,-0.7723,-8.9355,3.293,-4.0977,other
934407,0.0323,-0.4854,-0.6969,-9.8516,-0.4883,-7.1562,other
934430,0.0651,-0.5229,-0.7235,-10.0586,-4.8184,-13.459,other
934453,0.1195,-0.5833,-0.8501,-9.3105,-6.2793,-19.043,other
934476,0.2876,-0.5518,-0.7759,-7.1914,-6.3926,-29.8691,other
934499,0.4463,-0.5237,-0.7782,-4.5547,-5.5586,-43.8262,other
934522,0.4204,-0.5013,-0.7781,-2.8594,-5.623,-54.6543,other
934545,0.3259,-0.5153,-0.8573,-0.8711,-7.7715,-64.0,other
934568,0.1967,-0.5022,-0.8746,-0.1562,-10.6309,-64.0,other
934591,0.537,-0.5168,-0.8695,-0.2441,-16.666,-64.0,other
934614,0.8306,-0.5996,-0.9352,-1.0957,-21.8379,-64.0,other
934637,0.6873,-0.6234,-0.9028,-3.3125,-31.2754,-64.0,other
934660,0.3494,-0.5735,-0.755,-5.6875,-41.0332,-64.0,other
934683,0.186,-0.5269,-0.6201,-6.502,-45.9102,-64.0,other
934706,0.3036,-0.5364,-0.6007,-5.4238,-48.3398,-64.0,other
934729,0.4395,-0.5198,-0.5643,-2.9824,-46.2402,-64.0,other
934752,0.4379,-0.5099,-0.6908,2.6113,-38.4961,-64.0,other
934775,0.4639,-0.4874,-0.7769,8.832,-27.5605,-64.0,other
934798,0.5203,-0.4934,-0.7787,12.3379,-19.7598,-64.0,other
934821,0.5111,-0.4913,-0.778,15.7383,-8.7246,-55.6445,other
934844,0.4686,-0.4791,-0.777,16.7344,-2.3535,-48.5645,other
934867,0.4397,-0.4646,-0.757,16.9941,5.2988,-40.6055,other
934890,0.4056,-0.4502,-0.6914,17.0332,10.666,-35.1035,other
934913,0.4584,-0.4462,-0.7061,17.5957,13.1406,-32.3574,other
934936,0.5278,-0.4718,-0.7764,19.748,15.418,-29.1934,other
934959,0.6379,-0.5205,-0.8453,21.9883,16.0371,-27.6465,other
934982,0.6343,-0.547,-0.7969,26.0996,15.6543,-26.1992,other
935005,0.5337,-0.5565,-0.6927,29.1348,14.666,-25.625,other
935028,0.4507,-0.5535,-0.6442,34.0605,12.7383,-25.4434,other
935051,0.45,-0.5603,-0.7281,39.2539,11.1074,-24.998,other
935074,0.5575,-0.6018,-0.8026,42.4746,10.3242,-24.498,other
935097,0.5953,-0.6423,-0.903,46.0234,9.1973,-23.75,other
935120,0.5798,-0.6686,-0.9009,47.0879,8.1523,-23.5273,other
935143,0.4884,-0.6888,-0.7972,46.5938,5.9102,-23.7852,other
935166,0.3748,-0.7109,-0.6907,44.4844,3.2871,-24.2656,other
935189,0.214,-0.6841,-0.4785,43.0859,1.8848,-24.1543,other
935212,0.166,-0.6882,-0.4037,42.4766,1.3418,-22.4434,other
935235,0.2753,-0.7034,-0.4515,43.543,2.4102,-20.0508,other
935258,0.3689,-0.7517,-0.5378,47.002,5.8262,-15.0645,other
935281,0.4312,-0.8228,-0.5807,51.1523,9.9355,-9.7852,other
935304,0.4449,-0.8192,-0.5278,53.4277,12.2285,-6.875,other
935327,0.3291,-0.7512,-0.397,55.6016,14.5664,-3.9727,other
935350,0.3097,-0.7527,-0.2225,56.4902,15.7637,-2.9062,other
935373,0.5685,-0.7897,-0.3462,57.7871,18.1602,-2.1289,other
935396,0.5981,-0.7949,-0.4634,58.7773,20.4824,-2.0547,other
935419,0.5764,-0.8011,-0.4658,59.9453,24.8164,-2.3887,other
935442,0.4558,-0.8002,-0.416,59.7754,29.5586,-3.4434,other
935465,0.4995,-0.7889,-0.4148,58.4922,32.5703,-4.4414,other
935488,0.6534,-0.7871,-0.5116,54.416,36.1094,-6.2676,other
935511,0.6456,-0.7916,-0.598,50.1289,37.2656,-7.7129,other
935534,0.6541,-0.8053,-0.6085,41.3984,36.4961,-10.209,other
935557,0.6794,-0.7976,-0.5757,30.6211,32.498,-12.8281,other
935580,0.5775,-0.7373,-0.4243,23.0605,28.291,-14.3457,other
935603,0.605,-0.7607,-0.4211,12.666,20.8125,-15.7129,other
935626,0.6774,-0.7994,-0.429,7.1035,15.8457,-15.7988,other
935649,0.7089,-0.809,-0.3802,1.4648,9.3672,-14.6953,other
935672,0.702,-0.7969,-0.3253,-0.8027,4.6484,-12.459,other
935695,0.6024,-0.793,-0.2582,-0.584,2.7656,-10.5488,other
935718,0.5354,-0.7828,-0.2299,1.8379,2.3984,-7.2988,other
935741,0.5453,-0.8081,-0.2681,4.3691,3.9883,-5.0156,other
935764,0.5542,-0.8442,-0.3278,8.4043,8.7109,-1.7539,other
935787,0.5778,-0.8876,-0.3519,10.543,14.7832,0.8535,other
935810,0.5928,-0.889,-0.2948,12.0449,19.1523,2.0332,other
935833,0.5537,-0.8779,-0.2303,11.2773,24.9766,2.9395,other
935856,0.5327,-0.8676,-0.2268,9.7363,28.3867,3.1191,other
935879,0.5422,-0.8651,-0.2803,6.416,32.7324,3.1387,other
935902,0.4961,-0.8604,-0.2833,3.8008,35.0566,3.1973,other
935925,0.5171,-0.823,-0.2365,-0.3418,37.6602,3.5977,other
935948,0.5957,-0.8228,-0.2882,-4.4043,39.1328,4.3086,other
935971,0.6381,-0.8473,-0.3171,-7.0469,39.2422,4.7148,other
935994,0.6312,-0.8573,-0.3093,-11.1035,37.5,4.7324,other
936017,0.5289,-0.8563,-0.3406,-13.9844,34.875,4.1738,other
936040,0.4917,-0.8517,-0.3168,-18.6152,29.0176,2.5059,other
936063,0.5027,-0.8353,-0.3115,-23.5137,21.8652,0.002,other
936086,0.4795,-0.7841,-0.3367,-26.8691,16.7422,-2.1328,other
936109,0.3871,-0.6962,-0.3562,-32.0977,8.1094,-6.1973,other
936132,0.467,-0.6466,-0.3276,-35.8066,1.2207,-9.6914,other
936155,0.5865,-0.5675,-0.3608,-41.8672,-11.4121,-16.7793,other
936178,0.5781,-0.5026,-0.4983,-46.3613,-27.1074,-26.916,other
936201,0.4645,-0.4551,-0.619,-54.1094,-39.5781,-35.5254,other
936224,0.3041,-0.3799,-0.5869,-63.252,-59.8633,-50.8066,other
936247,0.3843,-0.2825,-0.5399,-64.0,-64.0,-62.0957,other
936270,0.5675,-0.259,-0.693,-64.0,-64.0,-64.0,other
936293,0.7816,-0.2328,-0.8903,-64.0,-64.0,-64.0,other
936316,0.7227,-0.2306,-1.1284,-64.0,-64.0,-64.0,other
936339,0.4219,-0.1246,-1.0151,-64.0,-64.0,-64.0,other
936362,0.2448,0.0096,-0.792,-64.0,-64.0,-64.0,other
936385,0.4564,0.1028,-0.7202,-64.0,-64.0,-64.0,other
936408,0.5547,0.0819,-0.9293,-64.0,-64.0,-64.0,other
936431,0.4265,0.074,-1.0439,-64.0,-64.0,-64.0,other
936454,0.1439,0.2142,-0.8999,-64.0,-64.0,-64.0,other
936477,0.24,0.3197,-0.8571,-64.0,-64.0,-63.1211,other
936500,0.4504,0.2744,-1.0123,-64.0,-64.0,-43.0645,other
936523,0.5767,0.2239,-1.0161,-64.0,-57.2598,-31.3047,other
936546,0.4478,0.1998,-0.9713,-64.0,-48.4844,-17.5195,other
936569,0.1774,0.1699,-0.8756,-64.0,-42.9746,-8.4902,other
936592,0.1748,0.1648,-0.7599,-64.0,-39.2383,-4.5859,other
936615,0.2532,0.1216,-0.686,-56.8301,-32.2285,-0.9785,other
936638,0.385,0.0859,-0.6891,-43.7383,-25.9375,0.2773,other
936661,0.4772,0.0568,-0.8009,-23.1211,-14.959,0.8066,other
936684,0.3876,0.026,-0.8595,-10.0977,-7.7148,0.5234,other
936707,0.2747,0.0256,-0.7916,6.0312,1.7188,-0.127,other
936730,0.3203,-0.0048,-0.8882,16.2578,9.5254,-0.0195,other
936753,0.3793,0.0002,-1.019,19.3203,14.1309,0.8691,other
936776,0.3698,0.0316,-1.0465,18.3418,20.0645,3.584,other
936799,0.3491,0.0637,-0.9763,14.5176,23.2285,6.2187,other
936822,0.4194,0.0288,-1.2679,5.7441,26.8105,10.9902,other
936845,0.3882,0.1416,-0.809,-4.0977,28.9258,15.9648,other
936868,0.3857,0.0493,-0.8326,-9.8477,29.3145,18.8496,other
936891,0.4543,0.0282,-0.8634,-15.9727,28.0762,21.6367,other
936914,0.4269,0.0209,-0.8882,-18.1699,26.0469,22.0898,other
936937,0.4435,0.0176,-0.9171,-18.9043,21.8535,20.498,other
936960,0.4321,0.0333,-0.8783,-18.0176,17.5078,16.627,other
936983,0.4355,0.0273,-0.8429,-15.2207,15.1504,13.248,other
937006,0.4539,0.0068,-0.7911,-11.2754,12.9805,7.8242,other
937029,0.4546,-0.0139,-0.7755,-8.3242,12.498,4.4199,other
937052,0.4565,-0.0161,-0.7778,-3.9082,12.8848,0.2305,other
937075,0.4196,-0.0138,-0.7771,-1.2773,13.5176,-1.7148,other
937098,0.4307,-0.0188,-0.7794,1.6914,14.3555,-3.1816,other
937121,0.4465,-0.0137,-0.7793,3.0586,14.3105,-3.0352,other
937144,0.4459,0.0138,-0.7767,3.0,13.4941,-2.2695,other
937167,0.4254,0.0488,-0.7733,1.6465,11.0488,-0.582,other
937190,0.4414,0.0493,-0.782,0.0977,8.8066,0.625,other
937213,0.468,0.0381,-0.8677,-2.9238,5.0391,2.123,other
937236,0.4547,0.051,-0.8784,-6.6074,1.2598,2.8906,other
937259,0.4258,0.0675,-0.7915,-9.2676,-1.0566,2.9434,other
937282,0.4219,0.0844,-0.7574,-13.1074,-3.7871,2.4238,other
937305,0.4545,0.0551,-0.7878,-15.2969,-4.8164,1.7598,other
937328,0.4785,0.0234,-0.8938,-17.8652,-4.9707,0.4102,other
937351,0.4661,0.0186,-0.89,-19.1777,-3.7773,-1.1113,other
937374,0.4209,0.0377,-0.777,-20.6191,-2.4551,-2.0059,other
937397,0.4028,0.0477,-0.7777,-21.1855,0.168,-2.7852,other
937420,0.3986,0.0392,-0.7772,-20.9414,2.3262,-2.7852,other
937443,0.4344,0.0471,-0.7799,-19.7227,6.0898,-2.0449,other
937466,0.4667,0.0685,-0.7783,-18.5605,8.7344,-1.2344,other
937489,0.4956,0.0868,-0.7756,-16.7305,12.3789,0.0195,other
937512,0.537,0.087,-0.7775,-15.2129,15.0527,0.8203,other
937535,0.5433,0.0892,-0.7772,-14.5527,15.9961,0.9258,other
937558,0.4884,0.1045,-0.7745,-14.207,15.8906,0.4375,other
937581,0.441,0.1097,-0.7668,-14.3672,14.9043,-0.166,other
937604,0.4642,0.1187,-0.7802,-15.0156,12.666,-1.1172,other
937627,0.5168,0.1166,-0.8358,-15.9434,10.2598,-1.791,other
937650,0.5115,0.1268,-0.8032,-16.5957,8.791,-2.0195,other
937673,0.4604,0.1501,-0.7377,-17.2832,7.1953,-2.0391,other
937696,0.4836,0.1541,-0.7181,-17.2871,6.9551,-1.8789,other
937719,0.5559,0.1437,-0.7849,-16.375,8.2266,-1.5215,other
937742,0.5741,0.135,-0.7758,-14.7422,10.7773,-1.2813,other
937765,0.5345,0.1305,-0.7786,-13.125,12.459,-1.2813,other
937788,0.4706,0.1422,-0.7404,-10.8398,14.1113,-1.4727,other
937811,0.5126,0.1426,-0.7231,-9.2949,14.4844,-1.6406,other
937834,0.571,0.1289,-0.7738,-7.0039,14.0,-1.8945,other
937857,0.5872,0.1141,-0.7778,-5.584,13.0234,-2.1074,other
937880,0.5312,0.1201,-0.7682,-3.7988,10.7539,-2.5391,other
937903,0.4879,0.1271,-0.7096,-2.4668,8.0527,-2.9785,other
937926,0.52,0.1179,-0.7365,-1.7695,6.3945,-3.1758,other
937949,0.5706,0.1115,-0.781,-0.9629,4.4629,-3.2949,other
937972,0.5928,0.1145,-0.7737,-0.6094,3.6211,-3.3242,other
937995,0.5826,0.1257,-0.724,-0.3516,3.3516,-3.4297,other
938018,0.5641,0.1265,-0.6985,-0.2598,4.8496,-3.5977,other
938041,0.5613,0.1088,-0.7125,-0.207,6.9043,-3.6367,other
938064,0.5786,0.1074,-0.772,-0.1582,10.9785,-3.3867,other
938087,0.583,0.1125,-0.7601,-0.207,13.7656,-2.9551,other
938110,0.5757,0.1213,-0.6976,-0.4609,17.1113,-1.9258,other
938133,0.5684,0.1129,-0.6858,-0.7148,18.7676,-0.5898,other
938156,0.5725,0.1058,-0.7144,-1.1426,18.752,0.3555,other
938179,0.562,0.1097,-0.7446,-1.6445,17.0176,1.6738,other
938202,0.5669,0.1157,-0.7687,-2.0703,14.8047,2.4062,other
938225,0.5911,0.1115,-0.7723,-2.8945,10.1777,3.1738,other
938248,0.5791,0.1053,-0.7383,-3.5527,6.4805,3.4277,other
938271,0.5547,0.1046,-0.7404,-4.582,0.6953,3.3984,other
938294,0.5509,0.1086,-0.7477,-5.4609,-4.3789,2.9727,other
938317,0.5796,0.1133,-0.7678,-5.873,-6.8945,2.5527,other
938340,0.6061,0.1107,-0.7719,-6.1621,-9.0488,1.8145,other
938363,0.5768,0.108,-0.7231,-6.127,-9.4648,1.2949,other
938386,0.5214,0.0986,-0.7146,-5.7285,-8.8887,0.6055,other
938409,0.4965,0.103,-0.7111,-4.9707,-7.2871,0.207,other
938432,0.5359,0.113,-0.7267,-4.3437,-5.8691,0.1465,other
938455,0.576,0.1173,-0.7649,-3.416,-3.582,0.2363,other
938478,0.5682,0.1157,-0.7777,-2.9336,-2.2031,0.2852,other
938501,0.5496,0.1151,-0.7744,-2.5605,-0.6953,0.1777,other
938524,0.547,0.1239,-0.7197,-2.623,-0.0352,-0.1719,other
938547,0.5912,0.1252,-0.7474,-2.8379,-0.0352,-0.5156,other
938570,0.6305,0.1212,-0.777,-3.2969,-0.5898,-1.1836,other
938593,0.6147,0.1144,-0.777,-3.6523,-1.2852,-1.707,other
938616,0.551,0.1172,-0.7578,-4.1895,-2.6465,-2.4473,other
938639,0.5261,0.1155,-0.754,-4.4805,-3.5781,-2.7461,other
938662,0.536,0.1167,-0.7623,-4.6953,-4.668,-2.6445,other
938685,0.5471,0.1158,-0.7693,-4.5762,-5.1602,-1.8379,other
938708,0.5507,0.1069,-0.777,-4.3262,-5.1328,-1.0215,other
938731,0.5516,0.0997,-0.7675,-3.7539,-4.627,0.3242,other
938754,0.5491,0.0968,-0.7185,-3.2812,-4.0469,1.1367,other
938777,0.559,0.1011,-0.7114,-2.4687,-2.9375,2.0156,other
938800,0.5728,0.1041,-0.7394,-1.627,-1.7695,2.3711,other
938823,0.5874,0.1038,-0.78,-1.1484,-1.0801,2.3105,other
938846,0.6072,0.1005,-0.7764,-0.7363,-0.2578,1.8516,other
938869,0.5844,0.1029,-0.751,-0.709,0.1484,1.3965,other
938892,0.5502,0.1068,-0.7151,-0.9434,0.6367,0.7539,other
938915,0.5428,0.0991,-0.7587,-1.2793,1.1777,0.5312,other
938938,0.6228,0.0917,-0.7802,-1.4785,1.6406,0.752,other
938961,0.6644,0.078,-0.7828,-1.7109,2.4336,1.6523,other
938984,0.6371,0.0763,-0.7769,-1.8086,2.9863,2.5898,other
939007,0.6058,0.0734,-0.7758,-1.6973,4.0254,4.5137,other
939030,0.5991,0.0684,-0.7308,-1.2676,5.0527,6.2207,other
939053,0.7103,0.0532,-0.7606,0.1914,7.2441,9.5352,other
939076,0.7209,0.0284,-0.78,2.6777,9.8066,13.7773,other
939099,0.7195,0.0012,-0.7766,4.7969,11.4121,17.1641,other
939122,0.632,-0.0177,-0.7775,8.4629,13.6621,23.3379,other
939145,0.5165,-0.0242,-0.7397,11.1465,15.4062,28.4297,other
939168,0.4182,-0.0469,-0.6235,15.5117,19.4668,37.8594,other
939191,0.4216,-0.0802,-0.5402,20.2949,26.4453,49.1504,other
939214,0.5697,-0.1381,-0.5387,23.5957,32.8457,56.9785,other
939237,0.7843,-0.1875,-0.5969,28.1523,43.9043,63.998,other
939260,0.8511,-0.2019,-0.5808,30.4629,51.041,63.998,other
939283,0.8147,-0.2056,-0.528,32.2031,59.3789,63.998,other
939306,0.8024,-0.2203,-0.51,31.625,63.5586,63.998,other
939329,0.8037,-0.2319,-0.5156,30.043,63.8535,63.998,other
939352,0.8132,-0.243,-0.5251,26.2109,60.832,55.6816,other
939375,0.8719,-0.2596,-0.5535,22.9316,56.8066,48.4238,other
939398,0.8463,-0.2598,-0.5818,17.3828,48.3984,37.6582,other
939421,0.7629,-0.2505,-0.5332,13.5664,41.748,28.1641,other
939444,0.7026,-0.2583,-0.4988,8.2617,31.498,23.2461,other
939467,0.7507,-0.261,-0.5013,4.084,22.377,17.9199,other
939490,0.7919,-0.267,-0.541,2.0977,17.3477,15.6582,other
939513,0.804,-0.2642,-0.5452,0.2266,11.3711,13.5156,other
939536,0.7673,-0.2621,-0.5328,-0.4414,8.2793,12.4902,other
939559,0.7391,-0.2625,-0.5178,-0.8594,4.7578,11.0215,other
939582,0.7738,-0.2612,-0.5181,-0.8789,2.4141,9.291,other
939605,0.8392,-0.2609,-0.5211,-0.8164,1.3652,7.877,other
939628,0.8285,-0.2599,-0.5531,-0.8086,0.2363,5.3223,other
939651,0.7678,-0.26,-0.5508,-0.9434,-0.3496,3.4336,other
939674,0.7648,-0.26,-0.5394,-1.3945,-1.0039,0.6836,other
939697,0.7858,-0.2601,-0.5277,-2.0586,-1.3945,-1.5625,other
939720,0.8315,-0.2599,-0.5255,-2.5391,-1.5723,-2.666,other
939743,0.7994,-0.26,-0.5414,-3.2187,-1.8516,-3.7227,other
939766,0.7468,-0.26,-0.5375,-3.6172,-2.0547,-4.0352,other
939789,0.746,-0.26,-0.5436,-4.1172,-2.2812,-3.9395,other
939812,0.7423,-0.2598,-0.5269,-4.3945,-2.3594,-3.082,other
939835,0.7511,-0.2469,-0.5265,-4.7871,-2.4922,-2.9375,other
939858,0.755,-0.2343,-0.5728,-5.3203,-2.9629,-2.7559,other
939881,0.7614,-0.2322,-0.6152,-5.9238,-3.6875,-3.2656,other
939904,0.8008,-0.2145,-0.6796,-7.5449,-5.7871,-5.5332,other
939927,0.8091,-0.1812,-0.6816,-9.2949,-8.1543,-8.3223,other
939950,0.8401,-0.1436,-0.7015,-13.1367,-13.6113,-14.7051,other
939973,0.8169,-0.1117,-0.7021,-18.459,-21.6504,-23.5723,other
939996,0.7744,-0.0825,-0.651,-22.7168,-28.3477,-30.459,other
940019,0.7561,-0.0625,-0.6838,-29.8105,-39.5547,-41.2188,other
940042,0.7573,-0.0417,-0.7227,-34.7754,-47.125,-47.9648,other
940065,0.6332,-0.0143,-0.6737,-42.1777,-57.5039,-56.2598,other
940088,0.541,0.0114,-0.6613,-48.9688,-64.0,-61.1797,other
940111,0.5072,0.0327,-0.6663,-52.8535,-64.0,-62.1602,other
940134,0.4319,0.0638,-0.6235,-57.4355,-64.0,-60.1074,other
940157,0.4305,0.1029,-0.6024,-59.6172,-64.0,-56.7031,other
940180,0.4579,0.1421,-0.6056,-61.7695,-64.0,-49.6563,other
940203,0.4883,0.1476,-0.7413,-62.7266,-62.0957,-42.0898,other
940226,0.4779,0.1827,-0.8423,-64.0,-55.3965,-37.7109,other
940249,0.4314,0.2312,-0.793,-64.0,-48.3496,-33.1133,other
940272,0.4159,0.2839,-0.7455,-64.0,-44.1094,-31.6289,other
940295,0.4481,0.3021,-0.6991,-64.0,-39.3945,-31.793,other
940318,0.4797,0.3127,-0.7058,-64.0,-37.8008,-33.3145,other
940341,0.4817,0.3018,-0.7701,-64.0,-38.0,-37.041,other
940364,0.4226,0.3168,-0.7747,-64.0,-40.6836,-41.1641,other
940387,0.3253,0.3588,-0.7532,-64.0,-43.084,-43.1855,other
940410,0.274,0.3931,-0.703,-58.7285,-46.1172,-43.8027,other
940433,0.3337,0.3889,-0.7531,-54.5293,-47.0,-42.1797,other
940456,0.3802,0.382,-0.7502,-47.7402,-45.9238,-36.832,other
940479,0.3446,0.3804,-0.7761,-40.918,-41.9863,-29.0117,other
940502,0.3063,0.3923,-0.7773,-36.5723,-38.0625,-23.1563,other
940525,0.3252,0.3857,-0.7772,-30.4727,-30.959,-14.5195,other
940548,0.3389,0.368,-0.7772,-26.6699,-25.9395,-9.4434,other
940571,0.3755,0.3656,-0.7772,-21.3027,-18.8789,-3.5879,other
940594,0.3253,0.3695,-0.7518,-17.9063,-14.9199,-0.2051,other
940617,0.291,0.376,-0.6263,-13.0195,-10.5156,0.7441,other
940640,0.3613,0.3683,-0.6799,-8.4023,-7.9434,0.5762,other
940663,0.3981,0.3704,-0.7478,-5.6445,-7.0996,-0.332,other
940686,0.3624,0.3784,-0.781,-2.4863,-6.752,-2.3184,other
940709,0.269,0.3926,-0.7736,-1.3125,-6.8027,-3.6523,other
940732,0.2648,0.3916,-0.776,-1.166,-6.6797,-4.998,other
940755,0.3007,0.3901,-0.7775,-2.832,-5.8652,-5.1387,other
940778,0.3384,0.39,-0.7771,-4.7441,-4.9238,-4.5937,other
940801,0.3363,0.3812,-0.7772,-8.3711,-3.1582,-3.1602,other
940824,0.3176,0.38,-0.7742,-11.0176,-1.9121,-2.0059,other
940847,0.3375,0.3867,-0.7769,-14.916,-0.1406,-0.2852,other
940870,0.3398,0.3859,-0.7773,-18.4102,1.3789,1.1563,other
940893,0.3535,0.3859,-0.7679,-20.4277,2.1836,1.8574,other
940916,0.3396,0.3969,-0.7561,-22.9492,3.0195,2.4551,other
940939,0.3207,0.4093,-0.751,-24.3145,3.334,2.5605,other
940962,0.3273,0.4174,-0.6864,-25.9824,3.4746,2.3105,other
940985,0.3308,0.4346,-0.6299,-26.9043,3.334,1.6113,other
941008,0.3215,0.4513,-0.5758,-28.127,2.7266,0.9199,other
941031,0.271,0.4811,-0.5785,-29.375,1.8164,-0.3848,other
941054,0.2568,0.5116,-0.5325,-30.4043,1.2754,-1.4141,other
941077,0.2926,0.5394,-0.5135,-32.5508,0.9688,-3.2656,other
941100,0.3175,0.5646,-0.5374,-34.5508,1.2031,-4.8242,other
941123,0.351,0.5668,-0.5911,-38.6328,2.1113,-7.8418,other
941146,0.384,0.5709,-0.6876,-44.0957,3.3574,-11.6973,other
941169,0.3679,0.5906,-0.7799,-48.3535,4.1387,-14.5664,other
941192,0.2382,0.6677,-0.635,-54.9316,4.8945,-18.7402,other
941215,0.2063,0.6899,-0.5465,-58.707,5.0605,-21.0078,other
941238,0.2389,0.6694,-0.5404,-62.0605,4.8184,-23.1035,other
941261,0.2687,0.6364,-0.601,-61.5957,3.9238,-23.5605,other
941284,0.199,0.6168,-0.6238,-59.0625,2.9434,-23.1367,other
941307,0.1343,0.6427,-0.5024,-52.3613,1.0684,-21.8164,other
941330,0.1677,0.6517,-0.4343,-46.3535,-0.25,-20.7559,other
941353,0.2445,0.6224,-0.4915,-35.9453,-2.1035,-19.4766,other
941376,0.297,0.6067,-0.5565,-28.7871,-3.7676,-19.2402,other
941399,0.3105,0.5911,-0.6497,-19.0371,-5.0156,-19.8496,other
941422,0.3182,0.5782,-0.6604,-11.707,-6.9512,-21.6738,other
941445,0.2247,0.6016,-0.5276,-8.4395,-8.4492,-23.0996,other
941468,0.1294,0.6044,-0.4811,-5.6191,-10.8984,-24.6055,other
941491,0.0771,0.6233,-0.5389,-4.7344,-12.4414,-24.6582,other
941514,0.1096,0.6102,-0.6738,-4.3652,-14.2852,-22.8262,other
941537,0.1284,0.6149,-0.6869,-4.832,-15.6895,-18.9043,other
941560,0.0856,0.6335,-0.5366,-5.4668,-16.6641,-15.5703,other
941583,0.0673,0.634,-0.5228,-6.5195,-18.2656,-10.3965,other
941606,0.0807,0.6415,-0.5414,-7.082,-19.2129,-7.3496,other
941629,0.1442,0.653,-0.5677,-7.6016,-19.9238,-4.1074,other
941652,0.2172,0.6368,-0.6021,-7.8418,-19.3105,-3.0703,other
941675,0.2731,0.6193,-0.6086,-7.9434,-18.0996,-3.7344,other
941698,0.2679,0.6083,-0.5651,-8.0391,-15.2773,-6.4648,other
941721,0.2461,0.5864,-0.6536,-7.9863,-12.8848,-8.9687,other
941744,0.1616,0.5989,-0.6132,-7.5371,-9.0098,-12.6016,other
941767,0.0859,0.621,-0.4514,-6.832,-5.4238,-14.7109,other
941790,0.066,0.6371,-0.3689,-4.877,-3.3711,-14.7715,other
941813,0.1091,0.6166,-0.5195,-1.9414,-0.8672,-12.7656,other
941836,0.1768,0.6116,-0.6013,0.0879,0.3262,-10.3418,other
941859,0.2053,0.6499,-0.5195,2.2109,1.209,-5.9863,other
941882,0.187,0.6554,-0.5417,2.5801,1.1816,-3.1738,other
941905,0.139,0.6327,-0.5079,1.2695,0.3867,0.166,other
941928,0.1757,0.6271,-0.5048,-2.0879,-0.9004,2.0234,other
941951,0.1346,0.6405,-0.5393,-5.1641,-1.8301,2.4258,other
941974,0.0137,0.668,-0.5382,-10.4395,-3.166,2.1348,other
941997,0.0059,0.6898,-0.561,-14.0312,-3.8945,1.6816,other
942020,0.046,0.6981,-0.5543,-18.9297,-4.6602,1.1055,other
942043,0.1375,0.6963,-0.5227,-22.6582,-5.3164,0.8008,other
942066,0.2279,0.7136,-0.4824,-24.25,-5.9629,0.6387,other
942089,0.1864,0.7245,-0.4767,-25.1602,-7.5332,0.25,other
942112,0.0629,0.7144,-0.4714,-24.8496,-8.8789,-0.0957,other
942135,0.0538,0.7007,-0.5215,-23.3652,-10.6875,-0.5156,other
942158,0.1378,0.6973,-0.5277,-22.0098,-11.5332,-0.5781,other
942181,0.1443,0.692,-0.4943,-19.9648,-11.4785,-0.4277,other
942204,0.0844,0.6799,-0.4547,-18.3203,-10.7578,-0.0469,other
942227,0.0944,0.6652,-0.4908,-17.5527,-10.0449,0.2383,other
942250,0.1229,0.6904,-0.4745,-16.959,-8.9668,0.6348,other
942273,0.1287,0.7207,-0.4282,-16.9297,-8.4082,0.8555,other
942296,0.049,0.7101,-0.4966,-17.3398,-7.9121,1.123,other
942319,0.1204,0.7039,-0.5333,-18.1172,-7.7187,1.334,other
942342,0.1221,0.7336,-0.4792,-18.6855,-7.6934,1.4082,other
942365,0.0975,0.7511,-0.467,-19.2949,-7.8574,1.3184,other
942388,0.0836,0.736,-0.4745,-19.3887,-8.1367,1.0918,other
942411,0.0671,0.708,-0.4099,-18.9668,-8.7246,0.5117,other
942434,0.0942,0.6858,-0.3805,-17.9766,-9.2305,-0.2617,other
942457,0.1262,0.6864,-0.4028,-17.123,-9.4121,-0.8164,other
942480,0.076,0.6686,-0.4724,-15.7266,-9.4707,-1.6367,other
942503,0.0311,0.6973,-0.4786,-14.791,-9.3437,-2.1758,other
942526,0.0732,0.9532,-0.5347,-13.4902,-8.6699,-2.9648,other
942549,0.1876,0.7391,-0.4219,-12.6777,-7.5762,-3.6875,other
942572,-0.0861,0.6804,-0.4496,-11.5762,-7.0488,-4.1035,other
942595,0.1058,0.7445,-0.4093,-10.9336,-6.6934,-4.6016,other
942618,0.0935,0.7415,-0.4113,-10.8652,-6.6309,-4.8086,other
942641,0.0975,0.7244,-0.4457,-11.25,-6.5195,-4.8672,other
942664,0.0691,0.7281,-0.4258,-11.7324,-6.2207,-4.7461,other
942687,0.0525,0.7181,-0.4713,-12.5762,-5.1855,-4.4687,other
942710,0.0675,0.7413,-0.3865,-13.2891,-3.4199,-4.375,other
942733,0.0364,0.7388,-0.3901,-13.5684,-2.0586,-4.5781,other
942756,-0.0223,0.7455,-0.3806,-13.5801,-0.2422,-5.4648,other
942779,0.1617,0.7357,-0.3846,-13.2715,0.6367,-6.4687,other
942802,0.0217,0.728,-0.4142,-12.2617,1.2461,-8.4941,other
942825,0.0055,0.7379,-0.3978,-10.4863,1.0527,-10.959,other
942848,-0.0549,0.7368,-0.4288,-8.8145,0.6777,-12.7344,other
942871,-0.0118,0.7258,-0.4453,-5.543,0.2441,-15.2441,other
942894,0.0168,0.7213,-0.4677,-2.9023,0.3262,-16.4766,other
942917,0.1584,0.6453,-0.4558,1.5254,1.3242,-17.0,other
942940,0.3436,0.6783,-0.5204,6.1074,3.4043,-15.2637,other
942963,-0.1567,0.8287,-0.436,9.127,5.3359,-12.4902,other
942986,-0.0645,0.7397,-0.5066,13.25,9.2695,-5.6406,other
943009,0.2444,0.682,-0.5045,15.4746,12.584,0.3301,other
943032,0.1016,0.7087,-0.5056,17.3457,17.6875,9.7637,other
943055,0.0648,0.7133,-0.4348,17.3223,20.4023,15.2031,other
943078,0.1307,0.7177,-0.4355,15.2383,22.2246,20.4336,other
943101,0.0558,0.6949,-0.5304,10.9902,20.6504,21.1777,other
943124,0.0192,0.7091,-0.457,7.3086,17.791,19.1934,other
943147,0.0371,0.7366,-0.3518,1.2402,11.2598,13.2422,other
943170,0.1013,0.7205,-0.4198,-2.6992,5.7891,7.9687,other
943193,0.037,0.7036,-0.4683,-7.7344,-3.0215,-0.5762,other
943216,0.0289,0.7103,-0.4623,-11.0527,-10.918,-8.459,other
943239,0.0732,0.7279,-0.4176,-12.0566,-14.9355,-12.7578,other
943262,-0.0212,0.7045,-0.4878,-11.6055,-18.5137,-17.2305,other
943285,-0.0133,0.71,-0.5065,-10.0762,-19.1328,-18.75,other
943308,0.0697,0.6937,-0.5183,-6.3418,-17.4824,-18.8242,other
943331,0.141,0.6777,-0.5074,-1.7402,-13.1133,-16.4316,other
943354,0.0607,0.7544,-0.4077,1.5938,-9.0723,-13.6738,other
943377,-0.0242,0.7004,-0.4955,5.7598,-2.1035,-8.3418,other
943400,0.0925,0.7051,-0.5133,7.752,2.7559,-4.4805,other
943423,0.1163,0.7003,-0.4702,9.1992,9.7734,0.8398,other
943446,0.0868,0.7103,-0.4703,9.0879,13.8594,3.6641,other
943469,0.0647,0.692,-0.5184,7.4414,18.3457,6.4512,other
943492,0.0399,0.6992,-0.5073,4.3926,20.2168,7.4238,other
943515,0.0857,0.709,-0.433,1.8691,19.9277,7.1504,other
943538,0.1346,0.7048,-0.4408,-2.1348,17.4043,5.6113,other
943561,0.0685,0.6995,-0.4651,-4.6387,14.5703,3.9883,other
943584,0.0641,0.7109,-0.4924,-7.6914,9.1387,0.875,other
943607,-0.0497,0.6877,-0.5105,-9.5078,3.2344,-2.707,other
943630,0.0585,0.7184,-0.4185,-9.9219,-0.3164,-5.0332,other
943653,0.0873,0.6947,-0.4796,-9.3516,-4.1719,-7.8086,other
943676,0.2528,0.6545,-0.4858,-8.2656,-5.3809,-8.8574,other
943699,0.019,0.7665,-0.4519,-5.8652,-4.8711,-8.8242,other
943722,-0.0826,0.7253,-0.559,-3.0078,-1.5996,-6.4883,other
943745,0.0448,0.7415,-0.4722,-1.1719,1.9375,-3.7617,other
943768,0.1353,0.6588,-0.5312,0.8984,8.2969,1.0762,other
943791,-0.0034,0.6931,-0.4579,1.5684,12.4648,3.9844,other
943814,0.1265,0.719,-0.4207,1.4004,17.2188,6.5996,other
943837,0.0905,0.7208,-0.4706,0.6309,18.7754,6.6543,other
943860,0.0479,0.7184,-0.4735,-1.1133,18.4668,3.9062,other
943883,0.139,0.7089,-0.4751,-2.9863,15.7715,-1.75,other
943906,0.1907,0.6761,-0.489,-3.9961,13.377,-6.5605,other
943929,0.1801,0.6208,-0.5768,-4.7539,10.4004,-14.1367,other
943952,0.0432,0.6597,-0.5535,-4.5312,9.8887,-18.6211,other
943975,-0.0112,0.6619,-0.4503,-2.7109,13.0117,-23.1328,other
943998,0.2489,0.6587,-0.4808,1.1738,21.4805,-23.916,other
944021,0.0616,0.7606,-0.4764,4.877,29.7695,-22.2305,other
944044,0.3162,0.6857,-0.4725,11.6621,45.2285,-16.8691,other
944067,0.2444,0.6488,-0.5062,16.4746,56.7012,-11.9473,other
944090,0.3296,0.6394,-0.4712,23.1133,63.998,-3.6504,other
944113,0.3545,0.6436,-0.4464,28.0313,63.998,4.5215,other
944136,0.326,0.6705,-0.4679,29.9473,63.998,9.4102,other
944159,0.2942,0.6715,-0.4503,30.5,63.998,15.5078,other
944182,0.222,0.681,-0.558,29.3516,63.998,18.6621,other
944205,0.5186,0.6742,-0.5024,25.7305,63.998,21.918,other
944228,0.5486,0.7007,-0.3706,22.4043,63.998,23.0352,other
944251,0.4253,0.7223,-0.3962,16.5938,63.998,23.4063,other
944274,0.5063,0.7159,-0.5046,10.1562,63.998,23.2246,other
944297,0.4906,0.6691,-0.4867,5.5859,63.998,23.4453,other
944320,0.4905,0.585,-0.5587,-1.5234,63.998,24.8945,other
944343,0.5131,0.5825,-0.4452,-6.1582,63.998,26.6641,other
944366,0.4542,0.5903,-0.2998,-12.1074,61.6133,30.248,other
944389,0.4169,0.564,-0.2809,-15.873,54.1055,34.4473,other
944412,0.4156,0.5465,-0.3517,-17.0469,47.8301,37.2871,other
944435,0.4772,0.5079,-0.432,-17.5059,34.5313,41.084,other
944458,0.507,0.5194,-0.5065,-17.5977,22.1641,42.9473,other
944481,0.4991,0.4784,-0.6179,-18.3633,-1.8711,44.2051,other
944504,0.4891,0.4379,-0.7374,-20.3164,-30.8457,43.334,other
944527,0.4523,0.3823,-0.7202,-22.0137,-51.3242,41.6211,other
944550,0.3503,0.4176,-0.5699,-24.0176,-64.0,37.7402,other
944573,0.2438,0.421,-0.5155,-24.1602,-64.0,34.623,other
944596,0.2975,0.42,-0.4178,-21.5586,-64.0,29.5703,other
944619,0.3802,0.4159,-0.5847,-17.8457,-64.0,24.457,other
944642,0.2554,0.4576,-0.74,-10.2695,-64.0,20.209,other
944665,0.0903,0.5518,-0.5623,-2.3535,-64.0,14.6406,other
944688,0.0942,0.5698,-0.5178,2.0684,-64.0,11.4375,other
944711,0.1718,0.6122,-0.6217,6.3379,-64.0,7.6387,other
944734,0.1472,0.5989,-0.6965,7.1641,-64.0,5.6953,other
944757,0.1205,0.6166,-0.7617,4.9727,-64.0,3.3809,other
944780,0.1571,0.614,-0.6969,-1.0566,-61.4902,1.4629,other
944803,0.1382,0.6132,-0.6337,-6.582,-48.6016,0.2461,other
944826,0.048,0.6292,-0.5502,-15.6777,-32.3359,-1.5938,other
944849,0.0256,0.6331,-0.5115,-21.4395,-24.0488,-2.7988,other
944872,0.1384,0.6331,-0.4917,-28.6816,-15.8867,-4.5273,other
944895,0.1853,0.6125,-0.4197,-34.0391,-13.0586,-6.2559,other
944918,0.217,0.5663,-0.8984,-36.8887,-13.8906,-7.4355,other
944941,0.0328,0.7621,-0.6921,-40.7676,-17.9707,-9.0215,other
944964,-0.0465,0.6895,-0.5947,-43.0313,-21.3574,-9.7402,other
944987,0.198,0.6962,-0.4927,-45.3965,-25.1387,-10.1074,other
945010,0.2406,0.6544,-0.4409,-46.084,-26.0918,-9.8594,other
945033,0.1003,0.6471,-0.4948,-45.6973,-24.9492,-8.9687,other
945056,0.0308,0.7018,-0.5825,-43.6406,-20.8066,-8.1699,other
945079,0.0092,0.8131,-0.5156,-41.3926,-16.5098,-8.1777,other
945102,0.0381,0.6896,-0.4537,-36.8809,-8.4082,-9.4277,other
945125,0.0101,0.6273,-0.6064,-33.3945,-2.498,-11.0117,other
945148,0.0466,0.6919,-0.5458,-28.1406,6.4414,-13.8652,other
945171,0.1183,0.7068,-0.4441,-23.5469,14.7324,-16.1973,other
945194,0.0046,0.6899,-0.5052,-21.1074,19.2949,-16.9199,other
945217,0.0555,0.6736,-0.5394,-18.5645,23.8613,-16.3633,other
945240,0.0179,0.6547,-0.5179,-17.5703,25.1738,-14.9297,other
945263,-0.087,0.6943,-0.4124,-16.75,24.6953,-11.6309,other
945286,0.2369,0.7266,-0.4116,-15.9687,21.7129,-8.1348,other
945309,0.2068,0.7029,-0.5082,-15.0566,18.5879,-6.5488,other
945332,0.1692,0.6622,-0.6154,-12.748,13.0566,-6.1895,other
945355,-0.0458,0.6858,-0.5045,-10.5645,9.4707,-7.3789,other
945378,0.0992,0.6823,-0.4298,-6.5762,5.1348,-10.748,other
945401,0.038,0.655,-0.553,-3.7012,3.1934,-14.8047,other
945424,0.0627,0.6824,-0.574,0.4902,1.8496,-17.127,other
945447,0.0752,0.7032,-0.3866,4.1895,2.2695,-19.1777,other
945470,0.1418,0.6573,-0.5798,6.2715,3.3164,-19.3262,other
945493,-0.1807,0.7572,-0.5747,8.5859,5.502,-17.4004,other
945516,0.067,0.64,-0.5458,9.4395,6.8125,-14.5918,bite
945539,-0.0087,0.6956,-0.5491,9.5664,7.7832,-8.5742,bite
945562,0.0767,0.6779,-0.5269,8.3809,7.6016,-1.8496,bite
945585,-0.0109,0.7006,-0.4757,6.9922,7.2832,1.9941,bite
945608,0.104,0.6395,-0.5361,4.1484,7.1836,5.4551,bite
945631,-0.1249,0.6285,-0.5367,1.791,7.3555,5.8105,bite
945654,0.0801,0.6736,-0.4913,-2.0195,7.4629,3.3262,bite
945677,0.3105,0.7666,-0.4666,-5.2715,6.4785,-2.375,bite
945700,-0.0427,0.6803,-0.4377,-6.625,4.8691,-7.3633,bite
945723,0.3059,0.7013,-0.5502,-7.0449,1.4297,-15.0117,bite
945746,-0.2694,0.6582,-0.5674,-6.293,-0.9121,-19.1367,bite
945769,0.0729,0.64,-0.557,-4.0078,-3.293,-22.1152,bite
945792,0.0383,0.6763,-0.5359,-2.041,-3.7754,-20.459,bite
945815,0.1854,0.6254,-0.4946,0.9004,-3.0156,-17.2285,bite
945838,0.1516,0.6914,-0.4967,3.043,-1.2891,-10.6465,bite
945861,-0.141,0.7186,-0.5564,3.6934,-0.3555,-5.9668,bite
945884,-0.1293,0.6528,-0.5791,3.3262,-0.4785,0.2324,bite
945907,-0.228,0.6655,-0.578,2.3066,-1.793,3.2383,bite
945930,0.067,0.639,-0.5087,0.1094,-4.7324,5.4551,bite
945953,-0.061,0.6661,-0.5325,-2.0352,-6.5508,4.584,bite
945976,0.1599,0.6956,-0.5149,-3.0039,-5.8574,2.2051,bite
945999,-0.1085,0.7196,-0.4878,-3.4687,-0.8789,-4.0801,bite
946022,0.0804,0.6377,-0.7191,-3.207,4.8633,-9.8027,bite
946045,0.189,0.647,-0.3575,-2.666,14.4961,-19.4277,bite
946068,0.222,0.7148,-0.5245,-2.6973,21.3555,-28.1367,bite
946091,0.4261,0.6801,-0.5629,-3.0762,23.3047,-32.293,bite
946114,-0.478,0.6284,-0.5435,-3.918,22.4102,-34.8672,bite
946137,-0.0646,0.6981,-0.5493,-4.5273,19.7969,-33.8301,bite
946160,0.1833,0.6975,-0.4626,-5.3613,13.8652,-28.5957,bite
946183,-0.1068,0.7096,-0.5428,-5.8008,6.7207,-20.1992,bite
946206,-0.0071,0.6482,-0.5024,-6.293,2.0918,-13.5488,bite
946229,-0.1433,0.6548,-0.608,-6.5801,-4.4512,-3.1953,bite
946252,-0.1221,0.6599,-0.5477,-6.5957,-7.9883,3.1484,bite
946275,0.0099,0.6427,-0.5204,-6.2812,-11.1738,10.3594,bite
946298,0.2147,0.7157,-0.4828,-5.8145,-11.3652,12.8223,bite
946321,-0.082,0.6935,-0.5493,-4.7461,-8.3184,12.207,bite
946344,-0.1221,0.6588,-0.5669,-3.5332,-2.1738,7.0508,bite
946367,-0.0643,0.6389,-0.5059,-2.8945,2.6113,2.1797,bite
946390,0.1091,0.6566,-0.4868,-2.3691,9.3906,-5.2422,bite
946413,0.2081,0.7238,-0.4818,-2.2031,13.1387,-9.3379,bite
946436,-0.0233,0.6381,-0.5487,-1.7969,17.082,-13.3711,bite
946459,-0.0887,0.6721,-0.5792,-0.8047,18.4082,-14.75,bite
946482,-0.0581,0.6589,-0.5448,0.2344,17.6523,-14.4258,bite
946505,0.2366,0.6837,-0.5068,2.166,14.4004,-12.4824,bite
946528,-0.0305,0.7063,-0.5436,3.4805,11.2715,-10.3164,bite
946551,-0.1322,0.5983,-0.5863,4.9902,5.5859,-5.6934,bite
946574,-0.173,0.6576,-0.6002,5.4355,-0.7129,0.1445,bite
946597,-0.2992,0.6267,-0.5952,5.1172,-5.1992,4.0059,bite
946620,0.335,0.6827,-0.4687,3.8633,-9.9277,8.1953,bite
946643,0.1486,0.7455,-0.5259,2.7832,-10.8203,9.0781,bite
946666,0.0624,0.6743,-0.5176,1.082,-8.084,7.3047,bite
946689,-0.0128,0.6377,-0.5327,-0.1113,-4.2383,4.6738,bite
946712,-0.1985,0.5969,-0.5837,-2.0918,2.3223,0.1719,bite
946735,-0.037,0.644,-0.5751,-4.2617,7.3984,-3.291,bite
946758,-0.2885,0.5906,-0.5991,-5.6152,9.3437,-4.582,bite
946781,0.1794,0.6608,-0.4891,-7.0156,10.5859,-5.418,bite
946804,0.2546,0.7759,-0.5154,-7.2031,11.1406,-5.9277,bite
946827,-0.0397,0.6459,-0.5719,-6.0879,12.7305,-7.4141,bite
946850,0.0361,0.6536,-0.5577,-3.6426,15.2246,-9.3945,bite
946873,0.0397,0.6666,-0.5658,-1.6895,16.9512,-10.4355,bite
946896,0.0638,0.6758,-0.5653,1.0391,18.8945,-10.8145,bite
946919,0.1196,0.688,-0.5378,2.3789,19.4473,-10.0566,bite
946942,0.0985,0.7258,-0.5239,3.2305,18.7715,-7.3496,bite
946965,0.0797,0.7968,-0.4938,2.8809,15.8828,-2.7715,bite
946988,0.1027,0.9045,-0.4141,1.0078,12.5566,1.4453,bite
947011,-0.0781,0.8171,-0.4055,-2.2168,5.7793,9.9648,bite
947034,-0.2992,0.7716,-0.7042,-5.2187,1.2227,17.3477,bite
947057,-0.1642,0.8088,-1.059,-11.4844,-3.0098,30.9531,bite
947080,0.0399,0.8679,-0.7428,-16.4727,-3.4023,41.1328,bite
947103,0.3134,0.8076,-0.5302,-22.5195,-0.9316,55.8809,bite
947126,0.4722,0.7333,-0.5095,-22.6777,2.7324,63.998,bite
947149,0.498,0.6376,-0.7041,-17.8613,4.2031,63.998,bite
947172,0.4839,0.5499,-0.8711,-2.8145,3.5137,63.998,bite
947195,0.3744,0.5029,-0.8959,11.752,1.2383,63.998,bite
947218,0.3126,0.491,-0.7123,38.1719,-3.2734,63.998,bite
947241,0.3711,0.4298,-0.5859,63.998,-6.1445,63.998,bite
947264,0.4197,0.2815,-0.6201,63.998,-5.709,63.998,bite
947287,0.3979,0.1732,-0.6289,63.998,-0.8145,63.998,bite
947310,0.4644,0.1074,-0.5981,63.998,4.8086,63.998,bite
947333,0.5736,0.0024,-0.6447,63.998,15.2754,63.998,bite
947356,0.562,-0.1129,-0.6998,63.998,26.5137,63.998,bite
947379,0.5171,-0.2236,-0.7441,63.998,33.7676,63.998,bite
947402,0.4642,-0.2513,-0.6482,63.998,43.5176,63.998,bite
947425,0.3994,-0.3141,-0.4965,63.998,48.8184,63.998,bite
947448,0.5353,-0.4629,-0.5725,63.998,54.7012,63.998,bite
947471,0.6082,-0.5519,-0.7224,63.998,57.2773,63.998,bite
947494,0.5568,-0.5878,-0.6334,63.998,58.9258,63.998,bite
947517,0.5586,-0.6091,-0.5592,63.998,57.9434,63.998,bite
947540,0.5356,-0.6471,-0.5945,63.998,56.1543,63.998,bite
947563,0.5282,-0.6956,-0.6427,63.998,52.2832,63.998,bite
947586,0.6029,-0.6892,-0.5762,63.998,48.9902,63.998,bite
947609,0.6531,-0.6656,-0.501,63.998,42.7266,63.998,bite
947632,0.61,-0.6462,-0.5719,60.3691,34.5469,63.998,bite
947655,0.5226,-0.6519,-0.6313,48.9258,28.1328,63.998,bite
947678,0.4961,-0.6061,-0.619,31.4082,17.832,59.1836,bite
947701,0.4148,-0.5582,-0.583,19.8906,11.0254,54.7832,bite
947724,0.4047,-0.5415,-0.5953,3.6152,1.6191,50.957,bite
947747,0.464,-0.5734,-0.703,-6.2109,-6.2051,50.084,bite
947770,0.4092,-0.5665,-0.7828,-19.0684,-10.3105,50.7031,bite
947793,0.3075,-0.5405,-0.6914,-29.4238,-14.7891,52.7207,bite
947816,0.3374,-0.5399,-0.5898,-34.7539,-16.7617,54.416,bite
947839,0.4073,-0.5728,-0.6914,-40.2012,-18.4473,56.8398,bite
947862,0.3934,-0.5901,-0.8633,-42.2754,-18.957,58.0293,bite
947885,0.2991,-0.5586,-0.8286,-43.666,-19.1992,58.8398,bite
947908,0.2015,-0.5446,-0.6625,-43.5605,-18.9258,58.5469,bite
947931,0.257,-0.5763,-0.7258,-42.7754,-18.3809,57.9004,bite
947954,0.3311,-0.5798,-0.7887,-40.8203,-17.2227,56.3809,bite
947977,0.2908,-0.5645,-0.8446,-39.3262,-16.5293,54.9805,bite
948000,0.2423,-0.5502,-0.8712,-37.3066,-15.9219,52.2891,bite
948023,0.2129,-0.5438,-0.7775,-35.7188,-15.7109,49.0273,bite
948046,0.2793,-0.5448,-0.7449,-34.7422,-15.625,46.6504,bite
948069,0.2731,-0.5546,-0.8195,-33.0508,-15.5527,42.9141,bite
948092,0.2579,-0.5424,-0.8873,-31.666,-15.5371,40.3535,bite
948115,0.2639,-0.5474,-0.8865,-29.123,-15.207,36.4727,bite
948138,0.2642,-0.5488,-0.7511,-25.5313,-14.0566,32.6582,bite
948161,0.274,-0.5558,-0.7032,-23.0996,-12.8066,30.2578,bite
948184,0.2498,-0.5667,-0.7249,-18.2539,-10.4746,27.0684,bite
948207,0.181,-0.571,-0.7814,-14.8145,-8.7754,25.3047,bite
948230,0.1935,-0.5815,-0.8267,-10.1621,-6.2305,23.2246,bite
948253,0.2316,-0.552,-0.7506,-7.8613,-4.7617,22.1309,bite
948276,0.2455,-0.55,-0.7802,-5.9922,-3.332,20.6816,bite
948299,0.1877,-0.5182,-0.8096,-5.7773,-2.9219,19.2422,bite
948322,0.1316,-0.4807,-0.7792,-6.1641,-2.9043,18.2461,bite
948345,0.199,-0.4755,-0.8081,-6.7812,-2.5937,16.6426,bite
948368,0.2725,-0.5728,-0.8505,-6.8594,-2.043,15.4297,bite
948391,0.2422,-0.6194,-0.7775,-6.082,-0.7969,13.2598,bite
948414,0.2145,-0.6251,-0.7738,-3.959,0.9219,10.6992,bite
948437,0.2592,-0.5818,-0.7782,-1.7344,2.4258,8.916,bite
948460,0.2446,-0.5476,-0.7819,2.6211,5.2031,6.418,bite
948483,0.2266,-0.5135,-0.7913,5.8926,7.209,4.9883,bite
948506,0.2123,-0.5028,-0.8221,10.5977,9.8594,3.248,bite
948529,0.1821,-0.451,-0.7444,14.1504,11.416,1.8242,bite
948552,0.0767,-0.4636,-0.6957,15.5937,11.7285,0.8906,bite
948575,0.1959,-0.4941,-0.9429,16.0527,11.2227,-0.8613,bite
948598,0.259,-0.4619,-0.7709,15.2559,10.1973,-2.5879,bite
948621,0.1934,-0.5027,-0.6753,13.168,7.6289,-6.6152,bite
948644,0.1846,-0.5912,-0.6534,11.9297,5.5488,-10.4961,bite
948667,0.1639,-0.6471,-0.6263,11.4805,2.8105,-18.3457,bite
948690,0.0885,-0.6526,-0.5621,13.4219,1.0898,-28.8359,bite
948713,0.1541,-0.6194,-0.5784,15.9629,0.1699,-37.416,bite
948736,0.3081,-0.5367,-0.5509,20.6875,-2.5449,-52.5938,bite
948759,0.4186,-0.4865,-0.624,23.5527,-6.4629,-63.9063,bite
948782,0.4641,-0.4507,-0.7777,25.6367,-16.9766,-64.0,bite
948805,0.5325,-0.4481,-0.8652,23.1074,-33.334,-64.0,bite
948828,0.5232,-0.4362,-0.9136,18.2754,-46.7168,-64.0,bite
948851,0.479,-0.4205,-0.8976,6.7578,-64.0,-64.0,bite
948874,0.4315,-0.4105,-0.9396,-2.8086,-64.0,-64.0,bite
948897,0.3728,-0.3934,-0.9283,-17.6953,-64.0,-64.0,bite
948920,0.3759,-0.3717,-0.9015,-30.3965,-64.0,-64.0,bite
948943,0.4104,-0.3724,-0.9114,-36.3652,-64.0,-64.0,bite
948966,0.4796,-0.3663,-0.9512,-40.5039,-64.0,-64.0,bite
948989,0.5134,-0.3555,-0.9191,-39.9609,-64.0,-64.0,bite
949012,0.4893,-0.3457,-0.8489,-34.7324,-47.1094,-64.0,bite
949035,0.4487,-0.342,-0.819,-28.9063,-34.7207,-64.0,bite
949058,0.3961,-0.3442,-0.8361,-18.0391,-18.5898,-64.0,bite
949081,0.3728,-0.3127,-0.8695,-6.5469,-6.3223,-64.0,bite
949104,0.3778,-0.2897,-0.9254,0.3984,-0.3711,-64.0,bite
949127,0.4183,-0.2783,-0.9399,8.4043,5.377,-57.6094,bite
949150,0.4681,-0.2922,-0.9431,11.625,7.2305,-48.9727,bite
949173,0.4886,-0.3153,-0.8293,13.0527,7.3105,-38.0176,bite
949196,0.4731,-0.3297,-0.7704,11.0156,4.5859,-29.9023,bite
949219,0.317,-0.3079,-0.729,8.4102,1.6602,-25.8438,bite
949242,0.2217,-0.3,-0.8005,3.7285,-2.9355,-20.7832,bite
949265,0.2302,-0.2998,-0.974,0.4805,-5.0332,-17.4883,bite
949288,0.3857,-0.2776,-1.0813,-4.5,-5.4941,-12.2461,bite
949311,0.4889,-0.2474,-1.0404,-9.7187,-3.1211,-7.1504,bite
949334,0.5171,-0.2323,-0.9463,-13.123,-0.8672,-4.3672,bite
949357,0.4679,-0.2544,-0.884,-17.2246,2.0723,-1.6543,bite
949380,0.3876,-0.29,-0.8236,-18.6504,3.2695,-0.8105,bite
949403,0.3656,-0.3296,-0.729,-18.0,3.832,-0.541,bite
949426,0.3965,-0.3414,-0.593,-15.5332,3.5117,-0.6914,bite
949449,0.3447,-0.3151,-0.5135,-9.1348,2.1289,-0.9043,bite
949472,0.1919,-0.2783,-0.5823,-0.8008,0.1113,-0.4414,bite
949495,0.0974,-0.2607,-0.7917,4.666,-0.9004,0.6309,bite
949518,0.1927,-0.2369,-1.051,10.4883,-0.5918,3.4766,bite
949541,0.3739,-0.2018,-1.1917,11.5625,1.1289,5.7344,bite
949564,0.5215,-0.1718,-1.197,7.8789,4.9844,8.1328,bite
949587,0.5852,-0.1764,-1.1053,-1.332,8.0312,7.543,bite
949610,0.5396,-0.2223,-1.0012,-9.0605,8.5176,5.0254,bite
949633,0.4768,-0.2805,-0.8788,-19.9316,6.5469,-1.3867,bite
949656,0.4398,-0.3179,-0.7395,-24.9863,3.8555,-6.582,bite
949679,0.4169,-0.3326,-0.6221,-27.2852,-1.0313,-14.0078,bite
949702,0.3551,-0.3234,-0.5432,-22.7246,-5.5293,-19.0859,bite
949725,0.2185,-0.3011,-0.5913,-16.582,-7.6055,-20.3828,bite
949748,0.1558,-0.267,-0.7281,-5.1406,-8.293,-18.7031,bite
949771,0.2715,-0.2489,-0.9081,2.1582,-6.748,-15.4062,bite
949794,0.373,-0.2299,-1.076,9.6465,-1.8652,-8.584,bite
949817,0.4159,-0.1949,-1.0471,11.1973,2.2129,-1.918,bite
949840,0.468,-0.1743,-0.9824,8.1309,7.7832,1.4414,bite
949863,0.4893,-0.1995,-0.9606,0.4023,11.0469,3.4785,bite
949886,0.5056,-0.2432,-0.8838,-5.7715,11.4648,2.7832,bite
949909,0.4821,-0.2629,-0.7859,-14.1172,9.541,-0.8008,bite
949932,0.3937,-0.2616,-0.7106,-17.9258,6.9805,-4.2207,bite
949955,0.3229,-0.2631,-0.703,-19.9414,2.3809,-9.4512,bite
949978,0.2979,-0.2611,-0.7833,-17.7285,-1.5996,-13.2656,bite
950001,0.3468,-0.2598,-0.8286,-14.707,-3.2676,-14.5176,bite
950024,0.3948,-0.246,-0.9215,-9.625,-3.9863,-14.4609,bite
950047,0.4196,-0.2113,-0.9203,-6.8359,-3.4727,-13.4453,bite
950070,0.4313,-0.1997,-0.9285,-4.6016,-1.9004,-11.2129,bite
950093,0.4408,-0.1912,-0.9142,-4.9629,-0.2637,-8.9766,bite
950116,0.4713,-0.2001,-0.9006,-6.3613,0.459,-7.8242,bite
950139,0.4734,-0.2047,-0.8474,-9.334,0.6602,-6.8184,bite
950162,0.4142,-0.215,-0.8251,-11.3242,0.2109,-6.5801,bite
950185,0.3276,-0.2175,-0.79,-13.4883,-0.9863,-6.5312,bite
950208,0.3201,-0.2014,-0.7751,-14.1074,-1.8066,-6.4746,bite
950231,0.3578,-0.1958,-0.7782,-13.7559,-2.6621,-6.168,bite
950254,0.3779,-0.1918,-0.7788,-12.3633,-3.0625,-5.7676,bite
950277,0.3749,-0.1829,-0.7771,-11.291,-3.1797,-5.6465,bite
950300,0.3593,-0.1719,-0.7772,-10.1113,-3.1621,-5.9453,bite
950323,0.3564,-0.1572,-0.7773,-9.8965,-2.9551,-6.541,bite
950346,0.3785,-0.1583,-0.801,-10.7676,-2.1953,-8.0879,bite
950369,0.363,-0.1522,-0.8617,-13.3008,-0.916,-10.4219,bite
950392,0.3784,-0.1256,-0.8438,-15.9434,0.0684,-12.3789,bite
950415,0.4528,-0.087,-0.8954,-21.1426,1.3711,-15.834,bite
950438,0.4371,-0.0511,-0.9102,-25.209,1.8223,-18.4121,bite
950461,0.3849,-0.0367,-0.8788,-31.6699,1.5176,-22.4102,bite
950484,0.3762,-0.04,-0.8694,-37.7773,0.2539,-26.0488,bite
950507,0.4082,-0.0144,-0.8562,-41.2441,-0.7891,-28.0117,bite
950530,0.4017,0.0237,-0.9019,-45.1465,-2.1719,-30.0645,bite
950553,0.3835,0.0287,-0.8789,-46.8086,-2.7891,-30.8203,bite
950576,0.4282,0.0325,-0.816,-47.9473,-2.9883,-31.1504,bite
950599,0.4413,0.0305,-0.8136,-47.9043,-2.5039,-30.7988,bite
950622,0.4546,0.1016,-0.7676,-46.9785,-0.8926,-30.3535,bite
950645,0.5521,0.1624,-0.7749,-45.5977,1.4941,-29.543,bite
950668,0.5573,0.1522,-0.9343,-44.8457,3.3828,-28.9277,bite
950691,0.4504,0.1632,-0.9521,-44.748,6.582,-27.6992,bite
950714,0.428,0.1884,-0.8807,-45.6582,9.0078,-26.4512,bite
950737,0.4884,0.1989,-0.8429,-48.3516,13.1172,-23.6602,bite
950760,0.4424,0.2112,-0.7754,-51.8398,17.2305,-19.8633,bite
950783,0.3678,0.214,-0.7598,-54.0176,19.5781,-16.9902,bite
950806,0.3824,0.2047,-0.7579,-56.2734,22.2129,-12.6367,bite
950829,0.4209,0.1808,-0.7808,-56.8496,23.2637,-10.0059,bite
950852,0.4646,0.2064,-0.7747,-56.2852,23.4941,-6.8848,bite
950875,0.4615,0.2523,-0.739,-54.1953,21.832,-4.8906,bite
950898,0.3813,0.2711,-0.7233,-52.0508,19.7363,-4.0449,bite
950921,0.3793,0.2769,-0.7035,-47.877,15.7109,-3.1055,bite
950944,0.4458,0.2571,-0.7593,-44.5977,12.9062,-2.5391,bite
950967,0.4868,0.2385,-0.7759,-39.2773,9.0332,-1.7676,bite
950990,0.4559,0.2739,-0.6978,-35.666,6.793,-1.2031,bite
951013,0.3993,0.3027,-0.6565,-30.3438,4.0625,-0.9492,bite
951036,0.4352,0.3035,-0.7024,-25.2207,2.2969,-0.6797,bite
951059,0.5011,0.2935,-0.7672,-21.9883,1.6738,-0.5859,bite
951082,0.5216,0.3027,-0.7784,-17.5781,1.3457,-0.6855,bite
951105,0.536,0.3035,-0.798,-14.9609,1.3945,-0.9355,bite
951128,0.4952,0.2896,-0.8619,-11.3848,1.7207,-1.4023,bite
951151,0.4451,0.2589,-0.8922,-7.8262,2.3437,-1.498,bite
951174,0.4353,0.2111,-0.9615,-5.1641,3.0469,-1.0625,bite
951197,0.424,0.2061,-0.9287,-0.2969,4.5977,0.5684,bite
951220,0.4235,0.2164,-0.8149,3.7637,5.7578,2.2715,bite
951243,0.4326,0.1968,-0.7722,11.3711,7.0488,5.4277,bite
951266,0.4514,0.1482,-0.7781,20.7461,7.0371,8.7402,bite
951289,0.4148,0.1466,-0.6919,27.6758,6.0234,10.7539,bite
951312,0.3668,0.2181,-0.4922,38.3418,3.0566,13.2383,bite
951335,0.4353,0.2076,-0.4198,45.1172,0.5293,14.4297,bite
951358,0.649,0.1626,-0.5881,53.6289,-3.1445,15.1016,bite
951381,0.7344,0.1283,-0.7833,57.3301,-5.6602,13.7266,bite
951404,0.6683,0.1365,-0.7742,58.543,-7.293,11.5156,bite
951427,0.5718,0.1151,-0.7776,54.084,-8.0059,6.8105,bite
951450,0.5002,0.0952,-0.778,48.4609,-7.4414,3.3887,bite
951473,0.4724,0.0328,-0.7789,37.6621,-4.959,-0.9473,bite
951496,0.4977,0.0118,-0.7872,30.0332,-2.377,-2.75,bite
951519,0.4806,-0.0175,-0.7753,19.8438,2.3086,-3.3613,bite
951542,0.4819,-0.0439,-0.7764,12.9004,7.2539,-1.4902,bite
951565,0.462,-0.0746,-0.7582,10.6035,10.3516,0.8945,bite
951588,0.451,-0.078,-0.7322,10.5605,14.2949,5.5859,bite
951611,0.4523,-0.0588,-0.6927,12.3164,16.291,9.0508,bite
951634,0.4821,-0.036,-0.7235,16.2715,18.1992,14.0449,bite
951657,0.4968,-0.0024,-0.7837,19.8535,18.7637,18.0176,bite
951680,0.5115,0.0383,-0.7797,20.998,18.4199,19.75,bite
951703,0.5363,0.05,-0.8214,19.8027,17.0098,20.6543,bite
951726,0.5856,0.0394,-0.8403,16.8633,15.6348,20.043,bite
951749,0.6243,0.033,-0.8298,9.6699,13.1543,17.3359,bite
951772,0.6281,0.0472,-0.7748,3.6367,10.3047,12.8164,bite
951795,0.6267,0.0507,-0.7781,-5.8184,8.3184,9.1582,bite
951818,0.5951,0.0409,-0.777,-14.0371,5.2168,3.4727,bite
951841,0.5345,0.0284,-0.7773,-18.0977,3.248,0.0488,bite
951864,0.5007,0.0227,-0.7766,-21.5371,0.8184,-3.7988,bite
951887,0.5062,0.0222,-0.7773,-22.0664,-0.2695,-5.2598,bite
951910,0.5422,0.031,-0.7772,-20.6602,-1.0371,-5.7988,bite
951933,0.5634,0.0332,-0.7772,-17.4844,-0.9941,-4.8398,bite
951956,0.5822,0.0358,-0.7772,-14.9141,-0.7129,-3.7598,bite
951979,0.5853,0.0497,-0.7615,-11.084,-0.1973,-2.0469,bite
952002,0.5839,0.0508,-0.7699,-8.8535,0.0977,-1.0742,bite
952025,0.5657,0.0472,-0.7786,-6.3145,0.3594,-0.0391,bite
952048,0.5475,0.05,-0.7769,-4.9062,0.4062,0.5273,bite
952071,0.5361,0.0519,-0.7773,-4.5625,0.3809,0.7324,bite
952094,0.5475,0.0471,-0.7772,-4.7168,0.3516,0.9043,bite
952117,0.5586,0.0446,-0.7773,-5.0977,0.3633,0.9492,bite
952140,0.5413,0.0417,-0.7772,-5.793,0.4082,0.9004,bite
952163,0.5332,0.0355,-0.7772,-6.1816,0.4766,0.707,bite
952186,0.5353,0.033,-0.7704,-6.4551,0.541,0.502,bite
952209,0.5636,0.0338,-0.7645,-6.2246,0.6484,0.0605,bite
952232,0.6112,0.0244,-0.7794,-5.7988,0.6973,-0.3496,bite
952255,0.6035,0.0237,-0.7766,-4.9043,0.6289,-1.1582,bite
952278,0.5486,0.0302,-0.7758,-4.2422,0.4473,-1.7715,bite
952301,0.5288,0.0349,-0.7507,-3.2891,0.043,-2.6016,bite
952324,0.5414,0.0372,-0.7637,-2.4961,-0.3652,-3.0762,bite
952347,0.5654,0.035,-0.7783,-2.127,-0.5859,-3.1465,bite
952370,0.5735,0.0308,-0.777,-1.9414,-0.8359,-2.9512,bite
952393,0.5616,0.0381,-0.7773,-2.1094,-0.9453,-2.6914,bite
952416,0.5615,0.0419,-0.7772,-2.7422,-1.0156,-2.2051,bite
952439,0.5663,0.0382,-0.7772,-3.6211,-0.998,-1.6758,bite
952462,0.5538,0.0327,-0.7772,-4.1973,-0.9766,-1.3281,bite
952485,0.546,0.0314,-0.7717,-4.8652,-0.9863,-0.832,bite
952508,0.5411,0.0328,-0.7557,-5.0996,-1.0215,-0.5254,bite
952531,0.5498,0.0298,-0.7627,-5.0918,-1.0879,-0.1211,bite
952554,0.5728,0.0289,-0.7786,-4.8789,-1.1445,0.1816,bite
952577,0.5844,0.0284,-0.7769,-4.3965,-1.1992,0.3066,bite
952600,0.542,0.0372,-0.7754,-3.8984,-1.3594,0.4004,bite
952623,0.5153,0.0392,-0.757,-3.6055,-1.4961,0.4551,bite
952646,0.5414,0.0345,-0.7725,-3.2363,-1.6445,0.623,bite
952669,0.5818,0.0377,-0.7776,-3.0586,-1.6758,0.7832,bite
952692,0.5933,0.0315,-0.7773,-2.9609,-1.6641,1.002,bite
952715,0.5717,0.026,-0.7772,-3.1348,-1.6484,1.123,bite
952738,0.514,0.0294,-0.7771,-3.3984,-1.625,1.1855,bite
952761,0.4874,0.0364,-0.7671,-3.9082,-1.4805,1.3965,bite
952784,0.5101,0.0442,-0.7623,-4.25,-1.2734,1.6738,bite
952807,0.5684,0.0453,-0.78,-4.7129,-0.832,2.2012,bite
952830,0.618,0.0486,-0.7766,-5.1758,-0.3867,2.5449,bite
952853,0.6145,0.0464,-0.7775,-5.5078,-0.1797,2.5059,bite
952876,0.5325,0.0406,-0.7771,-5.9727,-0.0859,2.0059,bite
952899,0.525,0.0343,-0.7706,-6.168,-0.1602,1.4863,bite
952922,0.5135,0.0352,-0.7339,-6.1309,-0.4199,0.7246,bite
952945,0.5463,0.033,-0.73,-5.8437,-0.7715,0.2305,bite
952968,0.5731,0.0293,-0.7714,-5.0898,-1.0273,0.0703,bite
952991,0.5697,0.0303,-0.7783,-4.2148,-1.4219,-0.0117,bite
953014,0.5508,0.0292,-0.7771,-3.7344,-1.6621,-0.0117,bite
953037,0.531,0.0311,-0.7772,-3.334,-1.8848,0.0469,bite
953060,0.5245,0.0416,-0.7723,-3.2949,-1.8926,0.1328,bite
953083,0.55,0.0388,-0.7781,-3.4961,-1.6836,0.3262,bite
953106,0.573,0.038,-0.7771,-3.9004,-1.3086,0.4922,bite
953129,0.5944,0.0392,-0.7775,-4.2422,-1.0313,0.5098,bite
953152,0.5896,0.0385,-0.7771,-4.7793,-0.6777,0.3203,bite
953175,0.5557,0.0344,-0.7772,-5.082,-0.5273,0.0762,bite
953198,0.5104,0.0322,-0.7745,-5.3145,-0.4531,-0.291,bite
953221,0.5026,0.0309,-0.7596,-5.1797,-0.4902,-0.4102,bite
953244,0.5375,0.0255,-0.7745,-4.8906,-0.5137,-0.2852,bite
953267,0.5829,0.0253,-0.7776,-4.2832,-0.5215,0.1016,bite
953290,0.5959,0.0272,-0.7772,-3.8711,-0.5273,0.3652,bite
953313,0.5555,0.0251,-0.7772,-3.3848,-0.584,0.6074,bite
953336,0.5208,0.0249,-0.7689,-3.1797,-0.6934,0.6855,bite
953359,0.5107,0.0223,-0.7469,-3.0176,-0.7578,0.7324,bite
953382,0.5289,0.026,-0.733,-2.9629,-0.7773,0.8867,bite
953405,0.572,0.0309,-0.7708,-2.9805,-0.7227,1.0234,bite
953428,0.5974,0.0358,-0.7781,-3.1406,-0.5723,1.1348,bite
953451,0.5811,0.041,-0.7771,-3.3828,-0.4648,1.0684,bite
953474,0.5391,0.0413,-0.7772,-3.959,-0.3105,0.7617,bite
953497,0.5071,0.0438,-0.7744,-4.6758,-0.123,0.3789,bite
953520,0.5269,0.0421,-0.7748,-5.1191,0.0488,0.1836,bite
953543,0.569,0.04,-0.7778,-5.6055,0.3398,-0.0039,bite
953566,0.5828,0.0403,-0.7771,-5.7852,0.4883,-0.1152,bite
953589,0.5704,0.0332,-0.7772,-5.8418,0.5645,-0.3691,bite
953612,0.5359,0.0315,-0.7772,-5.6406,0.4766,-0.7227,bite
953635,0.4984,0.0376,-0.7563,-5.3711,0.3633,-0.9336,bite
953658,0.5233,0.0389,-0.7615,-4.791,0.1855,-1.0977,bite
953681,0.5742,0.0359,-0.7798,-4.3379,0.0781,-1.1191,bite
953704,0.608,0.0354,-0.7765,-3.6992,-0.1172,-1.1777,bite
953727,0.5911,0.0371,-0.7775,-3.3809,-0.4199,-1.4395,bite
953750,0.5392,0.0371,-0.7772,-3.1211,-0.6504,-1.7148,bite
953773,0.5212,0.0369,-0.7722,-3.0684,-0.8848,-2.1055,bite
953796,0.5592,0.0356,-0.7773,-3.0977,-0.8965,-2.2578,bite
953819,0.5758,0.0406,-0.7771,-3.1934,-0.7227,-2.2871,bite
953842,0.569,0.0446,-0.7773,-3.291,-0.5469,-2.207,bite
953865,0.5618,0.0374,-0.7772,-3.4746,-0.2812,-1.9961,bite
953888,0.5251,0.0409,-0.7657,-3.6387,-0.0977,-1.6797,bite
953911,0.5087,0.0365,-0.7701,-3.6738,-0.0352,-1.4004,bite
953934,0.5339,0.0339,-0.7786,-3.5527,-0.0059,-0.8965,bite
953957,0.5829,0.0327,-0.7769,-3.375,-0.0273,-0.5684,bite
953980,0.5979,0.0305,-0.7773,-3.043,-0.1523,-0.252,bite
954003,0.5558,0.0306,-0.7772,-2.7461,-0.4023,-0.2324,bite
954026,0.5189,0.0317,-0.7772,-2.6035,-0.5723,-0.3398,bite
954049,0.535,0.0227,-0.7772,-2.4746,-0.6953,-0.5312,bite
954072,0.5692,0.0288,-0.7765,-2.4551,-0.668,-0.6348,bite
954095,0.6061,0.0282,-0.7775,-2.5527,-0.5449,-0.7773,bite
954118,0.5795,0.0239,-0.7772,-2.8223,-0.4707,-0.9551,bite
954141,0.5199,0.0266,-0.7764,-3.0742,-0.4648,-1.0586,bite
954164,0.5009,0.0295,-0.7499,-3.4434,-0.4297,-1.0469,bite
954187,0.528,0.0354,-0.749,-3.623,-0.3477,-0.875,bite
954210,0.5784,0.0361,-0.7783,-3.7598,-0.1699,-0.4473,bite
954233,0.6097,0.037,-0.7767,-3.8047,-0.0723,-0.168,bite
954256,0.5914,0.0339,-0.7775,-3.8926,-0.0215,0.0566,bite
954279,0.5393,0.0361,-0.7772,-4.0527,-0.0645,0.0293,bite
954302,0.5138,0.0311,-0.7771,-4.1758,-0.084,-0.0391,bite
954325,0.5221,0.032,-0.77,-4.3203,-0.0312,-0.0664,bite
954348,0.5521,0.0286,-0.7754,-4.3613,0.0449,-0.0098,bite
954371,0.624,0.0312,-0.7775,-4.3594,0.1465,0.0918,bite
954394,0.6029,0.0339,-0.7772,-4.3633,0.125,0.043,bite
954417,0.5676,0.0322,-0.7772,-4.4102,0.0156,-0.1113,bite
954440,0.5209,0.0336,-0.7766,-4.5488,-0.2266,-0.4199,bite
954463,0.519,0.0378,-0.7648,-4.6543,-0.375,-0.5605,bite
954486,0.5529,0.035,-0.7765,-4.7676,-0.5156,-0.5586,bite
954509,0.5872,0.0341,-0.7772,-4.8008,-0.584,-0.3516,bite
954532,0.5872,0.0374,-0.7772,-4.793,-0.625,-0.1914,bite
954555,0.5596,0.0345,-0.7772,-4.7598,-0.6875,-0.0098,bite
954578,0.5258,0.0327,-0.7772,-4.7285,-0.7051,0.0781,bite
954601,0.5126,0.0343,-0.7672,-4.6738,-0.6484,0.2441,bite
954624,0.5375,0.045,-0.7567,-4.6348,-0.5449,0.9082,bite
954647,0.569,0.0406,-0.7814,-4.5937,-0.3223,0.6855,bite
954670,0.5808,0.0417,-0.7761,-4.6465,-0.1055,0.8477,bite
954693,0.5853,0.0349,-0.7775,-4.7539,-0.0039,0.8203,bite
954716,0.5641,0.0332,-0.7771,-4.9824,0.0566,0.5605,bite
954739,0.5306,0.0391,-0.764,-5.127,0.043,0.2949,bite
954762,0.5103,0.046,-0.7577,-5.2305,-0.0137,-0.0859,bite
954785,0.5444,0.0466,-0.7731,-5.1562,-0.0449,-0.3047,bite
954808,0.5883,0.0461,-0.7781,-5.0469,-0.0488,-0.375,bite
954831,0.5907,0.0469,-0.777,-4.8945,-0.084,-0.4863,bite
954854,0.5549,0.0428,-0.7772,-4.8418,-0.1465,-0.6094,bite
954877,0.5175,0.0398,-0.7771,-4.8301,-0.2617,-0.8203,bite
954900,0.5177,0.0391,-0.7574,-4.8203,-0.3242,-0.9395,bite
954923,0.5458,0.038,-0.7526,-4.7656,-0.3145,-0.9434,bite
954946,0.5864,0.0405,-0.7733,-4.5957,-0.2305,-0.9199,bite
954969,0.5902,0.0417,-0.7777,-4.4648,-0.1387,-0.9688,bite
954992,0.5721,0.0413,-0.7772,-4.3477,0.0547,-1.2109,bite
955015,0.553,0.0419,-0.7771,-4.3652,0.2227,-1.9492,bite
955038,0.5403,0.049,-0.767,-4.5137,0.5039,-1.7773,bite
955061,0.5636,0.0398,-0.7549,-4.6582,0.7363,-1.9258,bite
955084,0.5829,0.0327,-0.7754,-4.6777,0.8066,-1.916,bite
955107,0.5819,0.0317,-0.7775,-4.5566,0.7422,-1.8086,bite
955130,0.5596,0.0342,-0.7769,-4.3945,0.584,-1.7012,bite
955153,0.5309,0.0376,-0.7659,-4.0937,0.2051,-1.4648,bite
955176,0.5187,0.0404,-0.7703,-3.791,-0.2441,-1.0684,bite
955199,0.5417,0.0393,-0.7776,-3.6328,-0.5117,-0.7109,bite
955222,0.5834,0.0457,-0.7754,-3.5293,-0.8066,-0.1387,bite
955245,0.5952,0.0454,-0.7776,-3.584,-0.9492,0.1797,bite
955268,0.5594,0.0531,-0.7771,-3.8672,-1.1465,0.4668,bite
955291,0.5309,0.0485,-0.7773,-4.3164,-1.2988,0.582,bite
955314,0.5411,0.0488,-0.7772,-4.6406,-1.334,0.6328,bite
955337,0.582,0.045,-0.7772,-5.0469,-1.2832,0.7109,bite
955360,0.5966,0.0426,-0.7719,-5.2051,-1.2266,0.7324,bite
955383,0.5624,0.0435,-0.7687,-5.1992,-1.1895,0.6699,bite
955406,0.5322,0.0397,-0.7787,-5.0293,-1.1836,0.584,bite
955429,0.5304,0.0406,-0.7766,-4.5977,-1.1387,0.4902,bite
955452,0.5428,0.0459,-0.7689,-4.0762,-1.0176,0.5137,bite
955475,0.5557,0.0459,-0.7678,-3.7422,-0.918,0.5801,bite
955498,0.5706,0.0428,-0.7789,-3.3418,-0.7871,0.668,bite
955521,0.5776,0.0435,-0.7767,-3.1758,-0.7246,0.6641,bite
955544,0.5559,0.0465,-0.7773,-3.0977,-0.6758,0.5312,bite
955567,0.5353,0.0428,-0.7772,-3.1641,-0.6504,0.3086,bite
955590,0.5283,0.0382,-0.7772,-3.2422,-0.6211,0.1719,bite
955613,0.5552,0.0426,-0.7609,-3.3535,-0.5566,0.0391,bite
955636,0.571,0.0481,-0.7704,-3.4043,-0.5254,-0.0176,bite
955659,0.5656,0.0461,-0.7787,-3.4512,-0.5508,-0.1191,bite
955682,0.5581,0.0431,-0.777,-3.5293,-0.6523,-0.2773,bite
955705,0.5372,0.0428,-0.7772,-3.625,-0.748,-0.4023,bite
955728,0.5162,0.0404,-0.762,-3.7852,-0.9277,-0.541,bite
955751,0.5225,0.0347,-0.7655,-3.8496,-1.0527,-0.5703,bite
955774,0.5647,0.031,-0.7789,-3.8496,-1.1992,-0.543,bite
955797,0.5988,0.0311,-0.7769,-3.8125,-1.2539,-0.5918,bite
955820,0.604,0.0347,-0.7773,-3.7656,-1.2832,-0.75,bite
955843,0.5759,0.032,-0.7772,-3.7637,-1.2617,-1.1758,bite
955866,0.5366,0.0359,-0.7767,-3.7812,-1.2109,-1.498,bite
955889,0.5339,0.0385,-0.7601,-3.7949,-1.0508,-1.8223,bite
955912,0.558,0.0378,-0.7551,-3.7832,-0.9043,-1.8535,bite
955935,0.5687,0.0366,-0.7749,-3.7598,-0.7148,-1.623,bite
955958,0.5515,0.035,-0.7775,-3.8242,-0.6348,-1.166,bite
955981,0.5326,0.0369,-0.7772,-3.9746,-0.6348,-0.7832,bite
956004,0.524,0.0476,-0.7772,-4.4004,-0.6602,-0.1289,bite
956027,0.5397,0.0532,-0.7775,-4.8027,-0.668,0.334,bite
956050,0.5867,0.0532,-0.7772,-5.5,-0.6582,0.9648,bite
956073,0.6239,0.057,-0.7773,-6.1523,-0.7168,1.3301,bite
956096,0.5962,0.0475,-0.7771,-6.4609,-0.8691,1.3652,bite
956119,0.5371,0.0404,-0.7762,-6.5742,-1.2852,1.1797,bite
956142,0.5116,0.0352,-0.7394,-6.3398,-1.6328,1.0293,bite
956165,0.5172,0.0311,-0.707,-5.4668,-2.1406,0.957,bite
956188,0.5448,0.0265,-0.7087,-4.5898,-2.4395,1.1309,bite
956211,0.5415,0.0242,-0.7291,-3.0801,-2.8145,1.3242,bite
956234,0.5194,0.0238,-0.7703,-1.7676,-3.082,1.6113,bite
956257,0.5081,0.0278,-0.7782,-1.2324,-3.1445,1.7676,bite
956280,0.501,0.0403,-0.7771,-1.1641,-2.9707,1.9434,bite
956303,0.538,0.0568,-0.7775,-1.6348,-2.6309,2.0137,bite
956326,0.5952,0.0642,-0.7822,-3.0,-1.8086,1.9531,bite
956349,0.6265,0.0627,-0.8102,-4.8594,-0.8066,1.5313,bite
956372,0.6075,0.056,-0.797,-6.1582,-0.1777,1.002,bite
956395,0.5642,0.0483,-0.7743,-7.8027,0.5449,-0.0391,bite
956418,0.5186,0.0422,-0.7767,-8.4687,0.8301,-0.7441,bite
956441,0.5062,0.0315,-0.7378,-8.5605,0.9238,-1.5176,bite
956464,0.53,0.0276,-0.7148,-7.5371,0.6191,-1.7734,bite
956487,0.5504,0.0238,-0.7422,-6.3906,0.207,-1.6836,bite
956510,0.5475,0.0188,-0.772,-4.3887,-0.6367,-1.332,bite
956533,0.5255,0.0194,-0.7777,-3.1387,-1.2461,-1.0449,bite
956556,0.5135,0.0295,-0.7748,-1.7578,-2.0312,-0.623,bite
956579,0.5288,0.0393,-0.7688,-1.2852,-2.3691,-0.2441,bite
956602,0.5663,0.0383,-0.778,-1.2852,-2.5195,-0.043,bite
956625,0.5752,0.0432,-0.777,-2.0391,-2.2637,0.1113,bite
956648,0.5756,0.0533,-0.7775,-2.8516,-1.9063,0.0977,bite
956671,0.5608,0.0538,-0.7772,-4.3145,-1.1641,-0.0586,bite
956694,0.526,0.0579,-0.7771,-5.3066,-0.5918,-0.1836,bite
956717,0.5177,0.0632,-0.7772,-6.5781,0.2676,-0.2695,bite
956740,0.5494,0.058,-0.7772,-7.3516,0.9902,-0.1621,bite
956763,0.5774,0.0508,-0.7772,-7.5117,1.3105,-0.0332,bite
956786,0.5764,0.0439,-0.776,-7.2266,1.4551,0.0977,bite
956809,0.5383,0.0422,-0.7632,-6.7344,1.3223,0.0937,bite
956832,0.5099,0.0359,-0.7665,-5.6875,0.8926,-0.0117,bite
956855,0.507,0.0334,-0.7766,-4.5,0.3926,-0.1172,bite
956878,0.532,0.0433,-0.7603,-3.7734,0.1152,-0.1504,bite
956901,0.5753,0.0481,-0.7742,-2.9648,-0.1621,-0.1855,bite
956924,0.5836,0.0469,-0.778,-2.6914,-0.2734,-0.2617,bite
956947,0.5623,0.0531,-0.7771,-2.7383,-0.3359,-0.5078,bite
956970,0.5457,0.0555,-0.7773,-3.0488,-0.2812,-0.8457,bite
956993,0.5472,0.0546,-0.7772,-3.8047,-0.0273,-1.0449,bite
957016,0.5596,0.0544,-0.7772,-4.6855,0.3633,-1.2344,bite
957039,0.5609,0.0519,-0.777,-5.2031,0.6191,-1.2832,bite
957062,0.5569,0.051,-0.7759,-5.7109,0.8789,-1.2773,bite
957085,0.5559,0.0472,-0.7776,-5.8184,0.9492,-1.248,bite
957108,0.5499,0.0458,-0.7771,-5.6504,0.9063,-1.1973,bite
957131,0.5336,0.0486,-0.7723,-5.1816,0.707,-1.1348,bite
957154,0.5389,0.05,-0.7629,-4.7598,0.5156,-1.0742,bite
957177,0.5636,0.0496,-0.777,-4.0664,0.1992,-0.9668,bite
957200,0.5869,0.0465,-0.7771,-3.6348,-0.0117,-0.9102,bite
957223,0.5726,0.0479,-0.7772,-3.1484,-0.2969,-0.8945,bite
957246,0.5328,0.0417,-0.777,-2.9082,-0.4863,-0.9336,bite
957269,0.5072,0.0491,-0.7687,-2.873,-0.5234,-0.9297,bite
957292,0.5273,0.0509,-0.7786,-2.9395,-0.4219,-0.7988,bite
957315,0.5673,0.0508,-0.7769,-3.0391,-0.2773,-0.6484,bite
957338,0.5914,0.0496,-0.7773,-3.252,-0.043,-0.4492,bite
957361,0.5823,0.047,-0.7772,-3.4277,0.0957,-0.4258,bite
957384,0.5532,0.0433,-0.7772,-3.7109,0.1152,-0.5117,bite
957407,0.5208,0.0457,-0.776,-3.9395,0.1094,-0.6777,bite
957430,0.542,0.0436,-0.7605,-4.0059,0.1309,-0.7363,bite
957453,0.5765,0.0415,-0.7766,-3.9375,0.1953,-0.707,bite
957476,0.5781,0.0449,-0.7772,-3.8027,0.2168,-0.6406,bite
957499,0.5552,0.0424,-0.7772,-3.5586,0.168,-0.5312,bite
957522,0.5341,0.0424,-0.7772,-3.373,0.0469,-0.4004,bite
957545,0.5253,0.0485,-0.7753,-3.3086,-0.0352,-0.2734,bite
957568,0.5433,0.0531,-0.7771,-3.3203,-0.1289,-0.0156,bite
957591,0.5714,0.0527,-0.7772,-3.4023,-0.1758,0.166,bite
957614,0.5868,0.0531,-0.7772,-3.6191,-0.2539,0.3516,bite
957637,0.5764,0.0514,-0.7772,-3.8887,-0.3613,0.3379,bite
957660,0.5388,0.0447,-0.7772,-4.041,-0.4434,0.2305,bite
957683,0.5107,0.0396,-0.7719,-4.1543,-0.5234,0.0469,bite
957706,0.521,0.0447,-0.7537,-4.1309,-0.5176,-0.0234,bite
957729,0.5648,0.0464,-0.7665,-3.9648,-0.4199,-0.0332,bite
957752,0.5786,0.0492,-0.7788,-3.8145,-0.3047,-0.043,bite
957775,0.5785,0.046,-0.7769,-3.6484,-0.2617,-0.1172,bite
957798,0.5623,0.0458,-0.7773,-3.6445,-0.248,-0.3437,bite
957821,0.5254,0.0455,-0.7759,-3.7324,-0.2578,-0.5273,bite
957844,0.5278,0.0444,-0.7688,-3.9258,-0.2578,-0.7266,bite
957867,0.5613,0.043,-0.7778,-4.0469,-0.2285,-0.7773,bite
957890,0.5829,0.0438,-0.777,-4.1855,-0.1641,-0.7676,bite
957913,0.5708,0.0475,-0.7772,-4.2949,-0.1387,-0.75,bite
957936,0.5536,0.0471,-0.7772,-4.3652,-0.1445,-0.7578,bite
957959,0.5409,0.052,-0.7772,-4.4648,-0.1621,-0.7617,bite
957982,0.5441,0.0563,-0.7772,-4.5137,-0.1602,-0.7305,bite
958005,0.5652,0.052,-0.7756,-4.5137,-0.1465,-0.627,bite
958028,0.5787,0.052,-0.7679,-4.3867,-0.1836,-0.5156,bite
958051,0.5629,0.0448,-0.7776,-4.2305,-0.2656,-0.4766,bite
958074,0.5349,0.0439,-0.7771,-3.9258,-0.4531,-0.4648,bite
958097,0.5172,0.0394,-0.7772,-3.709,-0.5664,-0.4531,bite
958120,0.4998,0.0448,-0.7767,-3.4199,-0.623,-0.3691,bite
958143,0.5222,0.0538,-0.7725,-3.2812,-0.4902,-0.2187,bite
958166,0.5737,0.0565,-0.7782,-3.1895,-0.3047,-0.1562,bite
958189,0.615,0.051,-0.7771,-3.2871,0.0273,-0.2988,bite
958212,0.6104,0.051,-0.7772,-3.4629,0.2207,-0.623,bite
958235,0.5789,0.0482,-0.7666,-3.7969,0.4043,-1.4219,bite
958258,0.5461,0.0433,-0.7584,-3.9766,0.4531,-2.0469,bite
958281,0.5458,0.0403,-0.776,-4.082,0.4473,-2.8437,bite
958304,0.5602,0.0419,-0.7732,-3.9902,0.3672,-3.2422,bite
958327,0.5604,0.0441,-0.7759,-3.8652,0.2617,-3.248,bite
958350,0.5486,0.0453,-0.7751,-3.6816,0.0293,-2.9062,bite
958373,0.5276,0.0469,-0.7772,-3.6074,-0.1523,-2.4961,bite
958396,0.5118,0.0538,-0.7693,-3.627,-0.3965,-1.6875,bite
958419,0.5352,0.0579,-0.7754,-3.8223,-0.5156,-0.8008,bite
958442,0.5817,0.0603,-0.7775,-4.0449,-0.5059,-0.2852,bite
958465,0.604,0.0619,-0.7772,-4.5059,-0.416,0.1777,bite
958488,0.5919,0.0531,-0.7773,-4.8691,-0.3418,0.2148,bite
958511,0.5493,0.0491,-0.7743,-5.3984,-0.2383,-0.084,other
958534,0.5181,0.0518,-0.7626,-5.6699,-0.1133,-0.5703,other
958557,0.5382,0.0564,-0.7717,-5.8574,-0.0039,-0.8496,other
958580,0.5797,0.0531,-0.7781,-5.7832,0.1523,-1.0996,other
958603,0.5856,0.062,-0.777,-5.6426,0.2031,-1.1699,other
958626,0.5642,0.0591,-0.7772,-5.3867,0.1523,-1.1914,other
958649,0.537,0.0544,-0.7772,-5.2129,0.0488,-1.1582,other
958672,0.52,0.0562,-0.7734,-4.959,-0.1523,-1.0059,other
958695,0.5436,0.0599,-0.7692,-4.7051,-0.3359,-0.7168,other
958718,0.5824,0.0555,-0.7769,-4.541,-0.4355,-0.498,other
958741,0.6027,0.0531,-0.7772,-4.3418,-0.5879,-0.2617,other
958764,0.58,0.0535,-0.7772,-4.2656,-0.707,-0.2207,other
958787,0.5514,0.0532,-0.7772,-4.2441,-0.8906,-0.3105,other
958810,0.5217,0.053,-0.777,-4.291,-0.9883,-0.4277,other
958833,0.5282,0.0586,-0.774,-4.3359,-0.9688,-0.4316,other
958856,0.5532,0.0604,-0.777,-4.3965,-0.8359,-0.293,other
958879,0.5747,0.0625,-0.7772,-4.4355,-0.7129,-0.1504,other
958902,0.594,0.056,-0.7772,-4.5195,-0.543,0.0215,other
958925,0.5714,0.0563,-0.7772,-4.6035,-0.4336,0.0527,other
958948,0.538,0.0573,-0.7772,-4.7559,-0.4023,0.0117,other
958971,0.5271,0.0592,-0.7767,-4.8672,-0.4023,-0.0352,other
958994,0.5446,0.054,-0.7751,-4.8809,-0.4238,-0.0117,other
959017,0.574,0.0511,-0.7776,-4.8086,-0.4883,0.0937,other
959040,0.5731,0.0513,-0.7771,-4.7168,-0.5723,0.1641,other
959063,0.5592,0.0475,-0.7772,-4.5625,-0.7734,0.2012,other
959086,0.5325,0.0475,-0.7772,-4.4473,-1.0176,0.1758,other
959109,0.519,0.0577,-0.7688,-4.418,-1.1641,0.168,other
959132,0.5518,0.0643,-0.766,-4.459,-1.3125,0.2324,other
959155,0.593,0.0624,-0.7793,-4.5508,-1.375,0.3047,other
959178,0.5883,0.0662,-0.7767,-4.791,-1.4668,0.375,other
959201,0.5521,0.0642,-0.7773,-5.1387,-1.5684,0.3672,other
959224,0.5256,0.0658,-0.7772,-5.3887,-1.6094,0.3613,other
959247,0.5194,0.0677,-0.7754,-5.7012,-1.5957,0.4531,other
959270,0.546,0.0709,-0.7772,-5.8203,-1.541,0.6016,other
959293,0.5834,0.0653,-0.7772,-5.832,-1.4355,0.8711,other
959316,0.5861,0.0642,-0.7754,-5.6602,-1.4043,1.0371,other
959339,0.546,0.0593,-0.7705,-5.4531,-1.4551,1.0449,other
959362,0.5087,0.0613,-0.7723,-5.0352,-1.5918,0.9609,other
959385,0.5123,0.0605,-0.7751,-4.7227,-1.6641,0.9004,other
959408,0.5386,0.0592,-0.7772,-4.2832,-1.6836,0.8457,other
959431,0.5686,0.0573,-0.7772,-4.0625,-1.6445,0.7988,other
959454,0.5828,0.0547,-0.7772,-3.8926,-1.5547,0.6191,other
959477,0.5687,0.0439,-0.7772,-3.9023,-1.4766,0.2461,other
959500,0.537,0.0469,-0.7747,-3.9648,-1.4238,-0.0742,other
959523,0.528,0.051,-0.7751,-4.0684,-1.291,-0.5215,other
959546,0.5419,0.0548,-0.7771,-4.1211,-1.1621,-0.7187,other
959569,0.5747,0.056,-0.7772,-4.209,-0.9414,-0.832,other
959592,0.6023,0.064,-0.7772,-4.3887,-0.791,-0.8145,other
959615,0.5685,0.0664,-0.7772,-4.5898,-0.7793,-0.7832,other
959638,0.5239,0.0665,-0.7772,-5.002,-0.8984,-0.6914,other
959661,0.5131,0.0732,-0.7772,-5.3105,-1.0273,-0.5488,other
959684,0.5457,0.0763,-0.7772,-5.7324,-1.2344,-0.1699,other
959707,0.5686,0.0742,-0.7772,-5.998,-1.4668,0.3203,other
959730,0.5576,0.0677,-0.7772,-6.0488,-1.6563,0.6211,other
959753,0.5308,0.0632,-0.7767,-5.8926,-1.9668,0.9551,other
959776,0.5024,0.0599,-0.7771,-5.6367,-2.1445,1.0918,other
959799,0.5005,0.0571,-0.7772,-5.0898,-2.2773,1.2051,other
959822,0.5287,0.0605,-0.7759,-4.6777,-2.2578,1.2227,other
959845,0.5784,0.0592,-0.7772,-4.0996,-2.1016,1.1016,other
959868,0.5857,0.0549,-0.7772,-3.6816,-1.9121,0.6934,other
959891,0.5524,0.0493,-0.7767,-3.5254,-1.8105,0.2559,other
959914,0.5092,0.0531,-0.7544,-3.457,-1.6738,-0.5137,other
959937,0.5148,0.0549,-0.7778,-3.4902,-1.5469,-0.9707,other
959960,0.5441,0.0618,-0.7769,-3.6348,-1.2793,-1.4238,other
959983,0.5502,0.0646,-0.7773,-3.9023,-0.9707,-1.5938,other
960006,0.5638,0.066,-0.7772,-4.1426,-0.7773,-1.5996,other
960029,0.5588,0.0601,-0.7771,-4.5527,-0.5234,-1.5371,other
960052,0.5219,0.0635,-0.7725,-4.8203,-0.3809,-1.4727,other
960075,0.5044,0.0701,-0.7769,-5.1523,-0.1641,-1.3164,other
960098,0.5425,0.0771,-0.7764,-5.3828,0.1172,-1.0664,other
960121,0.5912,0.072,-0.7775,-5.498,0.3262,-0.8867,other
960144,0.5753,0.0743,-0.7771,-5.666,0.5723,-0.7148,other
960167,0.5389,0.071,-0.7765,-5.7754,0.6621,-0.6895,other
960190,0.5051,0.0692,-0.7773,-5.8906,0.7266,-0.707,other
960213,0.5034,0.0741,-0.7772,-5.9238,0.7637,-0.6855,other
960236,0.5547,0.072,-0.7772,-5.9121,0.8574,-0.5684,other
960259,0.6085,0.0698,-0.7772,-5.8418,0.9297,-0.4727,other
960282,0.5638,0.0692,-0.7772,-5.7734,0.8906,-0.5176,other
960305,0.545,0.0693,-0.7772,-5.625,0.6699,-0.7617,other
960328,0.5266,0.0643,-0.7772,-5.4922,0.4648,-0.959,other
960351,0.5277,0.0691,-0.7754,-5.25,0.1758,-1.125,other
960374,0.5415,0.0758,-0.7617,-4.9824,-0.0469,-1.0391,other
960397,0.5692,0.0751,-0.7687,-4.8027,-0.1738,-0.8672,other
960420,0.5625,0.0725,-0.7787,-4.5703,-0.3711,-0.5488,other
960443,0.5321,0.0746,-0.7769,-4.4648,-0.502,-0.3457,other
960466,0.5182,0.0748,-0.7773,-4.4023,-0.627,-0.0547,other
960489,0.5371,0.0754,-0.7731,-4.4355,-0.6055,0.2324,other
960512,0.5658,0.0729,-0.7716,-4.4844,-0.5254,0.3926,other
960535,0.5708,0.0753,-0.778,-4.5645,-0.375,0.5137,other
960558,0.5681,0.0797,-0.7771,-4.625,-0.2832,0.4902,other
960581,0.5502,0.0745,-0.7773,-4.7363,-0.1543,0.3477,other
960604,0.5101,0.0709,-0.7772,-4.8223,-0.0586,0.248,other
960627,0.4974,0.0746,-0.7653,-4.9219,0.125,0.2109,other
960650,0.5234,0.0791,-0.7513,-4.8945,0.3828,0.3516,other
960673,0.5874,0.0704,-0.7783,-4.7793,0.5625,0.4746,other
960696,0.6096,0.0734,-0.7767,-4.5098,0.7344,0.5098,other
960719,0.5774,0.075,-0.7773,-4.3066,0.7305,0.3516,other
960742,0.5344,0.0729,-0.7765,-4.0059,0.5645,-0.1172,other
960765,0.5251,0.071,-0.7745,-3.7363,0.3145,-0.6309,other
960788,0.536,0.0725,-0.7664,-3.584,0.1602,-0.877,other
960811,0.5564,0.0782,-0.7782,-3.4219,-0.0215,-1.0332,other
960834,0.5314,0.0773,-0.777,-3.3789,-0.1152,-1.0156,other
960857,0.5402,0.0779,-0.7773,-3.4395,-0.2187,-0.877,other
960880,0.5205,0.0729,-0.7712,-3.5879,-0.2715,-0.6641,other
960903,0.5201,0.0696,-0.7291,-3.666,-0.2734,-0.502,other
960926,0.5552,0.0648,-0.745,-3.6641,-0.2402,-0.293,other
960949,0.5692,0.0624,-0.7736,-3.5859,-0.2187,-0.2363,other
960972,0.5695,0.0692,-0.7773,-3.4434,-0.209,-0.3496,other
960995,0.5702,0.0697,-0.7772,-3.3984,-0.1953,-0.666,other
961018,0.5554,0.0682,-0.7772,-3.4805,-0.1367,-0.9258,other
961041,0.5377,0.0701,-0.7748,-3.7305,-0.0195,-1.2461,other
961064,0.5415,0.0729,-0.7605,-3.9414,0.0898,-1.3496,other
961087,0.5724,0.074,-0.7786,-4.2402,0.2832,-1.3105,other
961110,0.5908,0.0739,-0.7769,-4.4141,0.3965,-1.1875,other
961133,0.5634,0.0776,-0.7773,-4.6426,0.4707,-0.9355,other
961156,0.5328,0.0792,-0.7772,-4.8242,0.4316,-0.6211,other
961179,0.5165,0.0753,-0.7772,-4.8906,0.377,-0.3555,other
961202,0.5265,0.0714,-0.7772,-4.8809,0.3008,0.1328,other
961225,0.5474,0.0706,-0.7693,-4.8047,0.2637,0.4629,other
961248,0.5516,0.0699,-0.7454,-4.6016,0.2187,0.8262,other
961271,0.5703,0.0591,-0.7727,-4.3457,0.1895,0.8691,other
961294,0.55,0.0516,-0.7544,-4.2051,0.1797,0.6719,other
961317,0.5433,0.0593,-0.7777,-4.1758,0.2012,0.0625,other
961340,0.5294,0.0801,-0.7771,-4.3711,0.248,-0.4961,other
961363,0.5199,0.1045,-0.7773,-5.1328,0.3887,-1.4355,other
961386,0.5426,0.1095,-0.7772,-5.9961,0.5371,-2.3613,other
961409,0.5249,0.1184,-0.7732,-7.8242,0.7988,-2.9336,other
961432,0.5054,0.1288,-0.7217,-10.166,1.043,-3.709,other
961455,0.5254,0.1161,-0.7106,-11.8848,1.1816,-4.1895,other
961478,0.5537,0.1062,-0.6992,-14.5254,1.3203,-4.9883,other
961501,0.5782,0.1155,-0.6923,-16.2695,1.3477,-5.6855,other
961524,0.6466,0.1676,-0.6598,-18.834,1.3027,-7.1426,other
961547,0.7092,0.1993,-0.7015,-21.3555,1.2344,-9.1738,other
961570,0.6779,0.1869,-0.7538,-23.043,1.1719,-10.7793,other
961593,0.5724,0.1825,-0.7112,-25.6387,0.9746,-13.1836,other
961616,0.5063,0.1956,-0.6925,-27.3926,0.7617,-14.457,other
961639,0.4905,0.2177,-0.7567,-29.9824,0.3164,-15.3418,other
961662,0.4187,0.2454,-0.7805,-32.498,-0.3398,-14.668,other
961685,0.3772,0.2445,-0.7766,-34.1426,-0.8848,-13.3867,other
961708,0.38,0.2422,-0.7773,-36.5137,-1.7773,-10.6367,other
961731,0.4424,0.2471,-0.7772,-37.9434,-2.418,-8.6758,other
961754,0.4786,0.2441,-0.7772,-39.6582,-3.6016,-6.4141,other
961777,0.4557,0.2596,-0.7731,-40.3945,-5.1543,-5.8887,other
961800,0.4243,0.311,-0.6755,-40.7207,-6.6367,-6.8047,other
961823,0.4714,0.3287,-0.6976,-39.9883,-8.7832,-10.168,other
961846,0.5522,0.3176,-0.7812,-38.9492,-10.1172,-13.6875,other
961869,0.5603,0.3118,-0.7528,-36.8281,-11.9102,-20.6777,other
961892,0.5526,0.309,-0.6893,-35.1934,-12.9844,-26.1934,other
961915,0.5233,0.3425,-0.6674,-32.5527,-14.3184,-34.8691,other
961938,0.4604,0.3956,-0.6265,-29.7402,-15.0176,-42.5625,other
961961,0.4193,0.4285,-0.5941,-27.8105,-14.9316,-46.3223,other
961984,0.4081,0.4064,-0.6354,-24.9805,-13.8594,-49.0918,other
962007,0.3866,0.4103,-0.6058,-23.3047,-12.6211,-48.9297,other
962030,0.3921,0.4154,-0.5769,-21.4531,-10.3887,-46.0898,other
962053,0.3767,0.4344,-0.5441,-20.7148,-8.2207,-41.1191,other
962076,0.4147,0.4366,-0.6213,-20.9668,-6.9863,-37.25,other
962099,0.4142,0.4425,-0.6906,-22.5918,-5.5879,-31.5,other
962122,0.3616,0.4657,-0.6348,-24.4883,-5.0039,-28.0801,other
962145,0.3365,0.4694,-0.5173,-28.1895,-4.5137,-23.9063,other
962168,0.3645,0.4745,-0.4958,-30.8789,-4.2656,-20.9668,other
962191,0.3231,0.491,-0.6425,-34.7891,-3.7461,-19.668,other
962214,0.3528,0.4957,-0.8479,-38.4336,-2.8809,-18.6074,other
962237,0.411,0.5323,-0.915,-40.7422,-2.1875,-18.3828,other
962260,0.3835,0.6172,-0.6752,-43.6621,-1.6465,-18.4375,other
962283,0.3809,0.6469,-0.5145,-44.6504,-2.0605,-18.4395,other
962306,0.4362,0.6218,-0.4684,-43.5586,-4.1133,-17.8535,other
962329,0.3719,0.5663,-0.5062,-38.916,-7.5234,-16.1016,other
962352,0.1787,0.5201,-0.5796,-34.2656,-10.0176,-14.1582,other
962375,0.283,0.5065,-0.7789,-26.3789,-12.8887,-10.2246,other
962398,0.3776,0.5323,-0.6063,-21.457,-13.7441,-7.2793,other
962421,0.2732,0.5387,-0.5796,-15.9336,-13.3906,-3.2637,other
962444,0.2683,0.5676,-0.5922,-13.5898,-11.7559,-0.5508,other
962467,0.2991,0.6898,-0.5393,-13.8691,-10.3945,0.3594,other
962490,0.3844,0.684,-0.5568,-16.4902,-8.2598,0.498,other
962513,0.3763,0.6279,-0.6469,-19.1387,-6.7715,-0.0645,other
962536,0.3107,0.5818,-0.6246,-23.1914,-4.541,-1.5352,other
962559,0.2197,0.5428,-0.6062,-25.1641,-2.8887,-3.3184,other
962582,0.1631,0.5607,-0.509,-25.9297,-2.4902,-4.498,other
962605,0.2843,0.5267,-0.5166,-23.4688,-3.2578,-6.1914,other
962628,0.2922,0.5582,-0.4944,-20.2559,-4.6992,-7.2656,other
962651,0.3185,0.595,-0.5555,-14.2539,-7.7559,-8.6348,other
962674,0.2786,0.6754,-0.577,-10.3613,-9.7578,-9.1562,other
962697,0.2886,0.7493,-0.4481,-6.0273,-11.5937,-8.8027,other
962720,0.3737,0.7412,-0.5585,-4.3945,-11.1719,-6.6465,other
962743,0.4156,0.7502,-0.6416,-4.9609,-9.5937,-4.3066,other
962766,0.3567,0.6636,-0.7478,-8.0273,-6.1855,-0.1602,other
962789,0.3217,0.6272,-0.7496,-11.0898,-3.9492,2.5566,other
962812,0.2797,0.5339,-0.5962,-15.8867,-1.7285,6.0215,other
962835,0.3207,0.4839,-0.5522,-18.9316,-1.4922,8.4648,other
962858,0.3492,0.4204,-0.5353,-19.0801,-2.4258,9.4492,other
962881,0.2887,0.3903,-0.4927,-15.9687,-4.9727,9.9238,other
962904,0.1708,0.4717,-0.2434,-11.8867,-6.9727,9.5977,other
962927,0.4398,0.355,-0.7289,-3.9551,-9.918,8.2324,other
962950,0.3146,0.5265,-0.3828,1.3672,-13.3672,6.0156,other
962973,0.2191,0.5409,-0.4779,7.5078,-16.1836,4.3262,other
962996,0.0398,0.558,-0.5874,9.9629,-20.8574,2.1641,other
963019,0.191,0.6613,-0.5515,9.0879,-23.9805,1.3203,other
963042,0.2405,0.6689,-0.6648,4.166,-28.3379,0.9531,other
963065,0.2175,0.6519,-0.7402,-1.0273,-30.9668,1.0098,other
963088,0.2128,0.6664,-0.6553,-10.3086,-34.2539,0.9785,other
963111,0.2035,0.6602,-0.5162,-19.1973,-36.1934,0.4121,other
963134,0.1959,0.646,-0.4808,-23.7129,-36.3926,-0.2754,other
963157,0.1501,0.6173,-0.5092,-27.293,-34.6563,-1.5098,other
963180,0.1344,0.5968,-0.5454,-27.5,-32.0723,-2.25,other
963203,0.1554,0.6073,-0.556,-25.3027,-26.3691,-2.9687,other
963226,0.2183,0.616,-0.5858,-21.6055,-19.3867,-3.1719,other
963249,0.2086,0.6168,-0.6353,-19.168,-14.666,-3.1016,other
963272,0.2388,0.6913,-0.5907,-16.5273,-8.3516,-2.8184,other
963295,0.2158,0.7197,-0.6183,-15.707,-4.998,-2.541,other
963318,0.2139,0.7155,-0.5331,-15.8984,-1.5918,-1.9629,other
963341,0.2151,0.6627,-0.5021,-17.8516,-0.2734,-1.1719,other
963364,0.1987,0.6453,-0.486,-19.2539,-0.5195,-0.5762,other
963387,0.1624,0.6272,-0.4615,-22.4727,-2.4141,0.25,other
963410,0.2017,0.6105,-0.4574,-24.8535,-4.4941,0.6426,other
963433,0.2296,0.6425,-0.4258,-28.4297,-8.3945,0.8848,other
963456,0.1815,0.6843,-0.449,-30.6016,-11.1621,0.793,other
963479,0.0485,0.7395,-0.5189,-33.1426,-14.7461,0.2441,other
963502,0.1112,0.8297,-0.498,-34.4199,-16.9609,-0.8105,other
963525,0.2771,0.7305,-0.4371,-34.4531,-17.6816,-1.6992,other
963548,0.1187,0.6798,-0.4059,-33.2793,-18.1582,-3.0332,other
963571,0.1456,0.7,-0.5353,-31.7578,-18.1934,-3.7969,other
963594,0.2401,0.6964,-0.4443,-28.5293,-17.127,-4.6777,other
963617,0.1674,0.6935,-0.3875,-24.4551,-13.6113,-5.2402,other
963640,0.1082,0.6953,-0.5199,-21.5,-9.7852,-5.4961,other
963663,-0.0111,0.6672,-0.5502,-17.0566,-2.5117,-5.9102,other
963686,0.2484,0.7203,-0.2926,-14.2363,2.6426,-6.332,other
963709,0.3031,0.7369,-0.3969,-10.2617,8.8066,-7.3477,other
963732,0.0973,0.6971,-0.4877,-6.2324,10.5195,-9.043,other
963755,0.0187,0.6968,-0.5004,-4.082,8.5918,-10.6504,other
963778,-0.0277,0.707,-0.5454,-0.6367,1.8223,-13.7168,other
963801,0.0233,0.7133,-0.4825,1.4727,-4.1191,-15.9941,other
963824,0.1097,0.7008,-0.4572,4.1484,-12.7402,-19.0723,other
963847,0.1543,0.6752,-0.4989,5.4668,-17.0527,-20.375,other
963870,0.155,0.6979,-0.4722,6.5801,-20.0391,-20.4551,other
963893,0.0508,0.7075,-0.5438,6.6133,-18.7168,-18.0078,other
963916,-0.0769,0.6703,-0.5123,6.0254,-15.9922,-15.1953,other
963939,-0.1403,0.6937,-0.5474,4.2598,-10.2637,-10.0352,other
963962,0.0665,0.7075,-0.4556,2.6719,-5.6543,-6.6719,other
963985,-0.0223,0.7137,-0.4625,0.2988,2.9043,-3.293,other
964008,0.3635,0.7001,-0.4797,-1.3535,13.7363,-3.666,other
964031,0.0398,0.7206,-0.4805,-1.8809,21.1406,-6.5195,other
964054,0.0845,0.712,-0.4821,-1.9375,29.6563,-14.1465,other
964077,0.1484,0.6727,-0.5095,-1.707,32.4141,-20.3184,other
964100,0.189,0.6812,-0.4645,-1.4238,31.8105,-28.5098,other
964123,0.3115,0.7186,-0.3807,-1.9688,26.6094,-32.6738,other
964146,0.1575,0.7404,-0.4667,-1.9941,21.3105,-32.2148,other
964169,0.1046,0.714,-0.5105,-3.1484,11.3047,-25.8301,other
964192,-0.0964,0.6681,-0.5404,-4.3164,3.834,-17.8438,other
964215,0.0426,0.7146,-0.4767,-6.6035,-6.834,-1.834,other
964238,-0.0608,0.7406,-0.5071,-8.291,-12.3398,9.8066,other
964261,-0.0062,0.7201,-0.4663,-10.5547,-16.4512,25.2031,other
964284,-0.0441,0.6904,-0.4707,-11.875,-14.75,34.3281,other
964307,0.2296,0.6882,-0.3353,-11.9785,-11.0273,35.5566,other
964330,0.2341,0.7025,-0.5753,-10.9082,-3.9238,29.791,other
964353,0.1127,0.7246,-0.4883,-9.4961,0.4277,21.625,other
964376,-0.0145,0.7085,-0.5762,-6.7695,4.7598,5.6152,other
964399,0.1228,0.7152,-0.4988,-4.0352,6.2617,-10.5703,other
964422,0.4454,0.7345,-0.3837,-2.6152,6.1172,-19.1563,other
964445,0.2679,0.6288,-0.3425,-1.5664,5.0117,-26.2129,other
964468,0.1492,0.6781,-0.483,-1.7422,4.3105,-26.1914,other
964491,-0.0649,0.728,-0.4492,-3.2129,4.4219,-18.9688,other
964514,-0.1569,0.7588,-0.6019,-5.5449,6.375,-5.0742,other
964537,-0.0338,0.7415,-0.4412,-7.1562,8.3926,5.9082,other
964560,0.26,0.7533,-0.3622,-9.1406,11.5039,21.3281,other
964583,0.1648,0.6519,-0.504,-10.0117,13.0059,28.9844,other
964606,0.1072,0.6694,-0.3944,-10.584,13.6855,34.5254,other
964629,0.2841,0.7312,-0.3965,-10.4687,12.9238,34.0957,other
964652,0.296,0.6868,-0.5023,-9.5156,9.875,28.3672,other
964675,-0.0151,0.7084,-0.582,-7.7266,4.8535,18.7715,other
964698,0.1649,0.6963,-0.4294,-6.2227,0.8809,11.5879,other
964721,0.6337,0.681,-0.3582,-3.8437,-5.2109,1.5801,other
964744,0.1837,0.7021,-0.4333,-2.4395,-8.9102,-3.498,other
964767,0.2183,0.6493,-0.521,-1.1172,-13.1074,-6.9902,other
964790,-0.0488,0.7032,-0.48,-1.25,-15.4551,-4.5684,other
964813,-0.0862,0.7838,-0.4878,-2.1895,-16.2813,-0.0723,other
964836,0.1022,0.7473,-0.4327,-4.4531,-16.7637,9.1055,other
964859,0.4838,0.6421,-0.3495,-6.1074,-16.291,15.4746,other
964882,0.4902,0.6364,-0.4728,-8.0254,-13.8496,23.127,other
964905,-0.3212,0.6783,-0.5747,-8.8418,-10.332,26.6855,other
964928,0.1672,0.7618,-0.4307,-8.8496,-8.5645,26.4277,other
964951,0.0035,0.765,-0.4702,-8.1836,-7.7695,22.123,other
964974,0.2911,0.6438,-0.4437,-7.2832,-8.373,16.875,other
964997,0.1254,0.6991,-0.4454,-5.1777,-9.9453,6.1738,other
965020,0.1934,0.7355,-0.4252,-3.3086,-10.875,-6.0293,other
965043,0.1693,0.6846,-0.5192,-0.2285,-11.9395,-13.627,other
965066,0.2302,0.6367,-0.4922,2.2168,-13.1426,-21.1914,other
965089,-0.0231,0.7192,-0.4835,2.9844,-14.3633,-22.7539,other
965112,-0.0132,0.7214,-0.4631,2.5625,-16.9141,-19.7871,other
965135,0.2821,0.7166,-0.4237,1.377,-18.6543,-15.1328,other
965158,0.8263,0.6858,-0.4679,-1.25,-19.8906,-6.1953,other
965181,0.8059,0.5183,-0.4253,-4.4238,-18.0195,3.4961,other
965204,-0.9164,0.6998,-0.5734,-6.709,-14.5254,10.5254,other
965227,-0.3828,0.959,-0.8429,-10.0117,-5.2207,22.6465,other
965250,-0.7821,0.9136,-0.4893,-11.6426,3.2441,30.7695,other
965273,1.4479,0.589,-0.0768,-11.6172,17.4297,38.5352,other
965296,0.3857,0.7231,-0.5034,-7.0625,29.7422,36.0684,other
965319,0.1351,0.6945,-0.4839,-1.752,34.5566,28.2793,other
965342,-0.0201,0.6788,-0.4541,7.623,34.5234,11.0449,other
965365,0.1162,0.6459,-0.5735,13.2793,29.5156,-1.0391,other
965388,0.0774,0.6445,-0.5394,18.6816,16.3848,-15.7598,other
965411,0.0508,0.6857,-0.5017,19.6328,5.707,-23.5195,other
965434,0.0876,0.7393,-0.5112,17.2207,-10.0566,-25.6973,other
965457,0.0542,0.6133,-0.4495,11.4082,-22.4199,-23.5293,other
965480,0.1761,0.736,-0.4476,6.6016,-27.5781,-19.8535,other
965503,0.1084,0.7601,-0.5088,-0.5273,-29.9844,-12.9219,other
965526,0.1372,0.6553,-0.5256,-4.5645,-28.2637,-8.3223,other
965549,0.0684,0.6648,-0.5216,-9.0117,-22.0547,-2.3672,other
965572,0.1373,0.7074,-0.4371,-11.5098,-13.7012,2.1152,other
965595,0.0364,0.7107,-0.4647,-12.168,-8.0312,4.1836,other
965618,-0.089,0.7286,-0.5098,-11.7578,-0.5059,5.6543,other
965641,0.3036,0.6635,-0.4597,-10.6543,3.6055,5.375,other
965664,0.113,0.6743,-0.4768,-7.9766,8.7969,2.9492,other
965687,0.0801,0.6781,-0.5172,-4.5801,13.1211,-1.1113,other
965710,0.2839,0.6426,-0.4658,-2.3047,15.3613,-3.9023,other
965733,0.3237,0.6697,-0.462,0.4766,17.3418,-6.9219,other
965756,-0.0951,0.7484,-0.5201,1.5566,17.3184,-7.582,other
965779,-0.0038,0.6812,-0.543,1.6367,14.4141,-6.2246,other
965802,-0.0365,0.6504,-0.4757,0.707,10.6602,-2.623,other
965825,0.3726,0.7223,-0.4578,-1.6348,4.0762,-0.4453,other
965848,0.3339,0.6741,-0.3973,-4.332,-1.0449,2.6133,other
965871,-0.1218,0.7802,-0.5073,-6.0547,-3.1055,4.2168,other
965894,0.0151,0.6517,-0.5007,-8.3535,-4.9707,6.5352,other
965917,-0.4084,0.7657,-0.5437,-9.5684,-5.8418,8.0996,other
965940,-0.061,0.6716,-0.4263,-10.5078,-6.1621,9.5957,other
965963,1.0504,0.7072,-0.3687,-9.5664,-3.627,7.5996,other
965986,-0.1632,0.7441,-0.5193,-7.6602,-0.3574,3.334,other
966009,0.0143,0.7144,-0.5205,-3.3828,5.4004,-6.3008,other
966032,0.0099,0.6707,-0.528,-0.1543,8.9629,-13.2891,other
966055,0.1886,0.6078,-0.5382,4.1309,13.3027,-21.8789,other
966078,0.3369,0.6564,-0.4032,6.5742,16.4141,-26.252,other
966101,0.2275,0.6967,-0.4451,6.8418,17.5664,-26.5566,other
966124,0.2593,0.7025,-0.6372,5.2539,17.2461,-23.625,other
966147,0.0134,0.6624,-0.4733,3.0781,15.2754,-19.9316,other
966170,-0.0731,0.7568,-0.4617,-1.2441,9.625,-12.6328,other
966193,0.0514,0.6888,-0.4767,-4.3457,4.5098,-4.3418,other
966216,0.0564,0.7173,-0.535,-8.4238,-3.8047,0.9531,other
966239,-0.0194,0.7584,-0.4987,-10.8437,-11.0059,7.3965,other
966262,-0.0479,0.7522,-0.402,-11.1621,-14.4258,10.2871,other
966285,0.0992,0.7463,-0.5223,-9.6113,-17.1191,12.502,other
966308,0.1442,0.743,-0.441,-7.543,-17.4629,12.8887,other
966331,0.0509,0.7415,-0.5082,-3.9473,-16.2402,12.748,other
966354,0.1477,0.7941,-0.7635,-1.2168,-13.1133,12.8945,other
966377,0.2087,0.8251,-0.573,-0.2363,-9.8906,13.5156,other
966400,0.1704,0.8127,-0.2687,0.75,-3.3867,15.125,other
966423,0.0846,0.7156,-0.3439,1.8262,1.793,16.373,other
966446,0.1764,0.6429,-0.424,4.6152,10.0937,17.9043,other
966469,0.313,0.5699,-0.537,8.166,18.0117,18.3184,other
966492,0.4028,0.4932,-0.5983,10.3066,22.3184,17.7051,other
966515,0.2524,0.4587,-0.5272,12.4609,26.1074,15.5156,other
966538,0.1454,0.4421,-0.4351,13.1562,26.5605,13.543,other
966561,0.202,0.488,-0.3549,13.5059,24.6055,10.6035,other
966584,0.3323,0.52,-0.39,13.5391,21.9961,8.3984,other
966607,0.4725,0.4697,-0.678,13.2891,16.7012,7.5352,other
966630,0.3907,0.4656,-0.7306,12.0742,9.9434,7.377,other
966653,0.0736,0.6011,-0.5532,10.4687,4.6562,8.3047,other
966676,-0.0753,0.7369,-0.2687,7.1914,-3.9687,11.8301,other
966699,0.062,0.7605,-0.3418,4.8281,-9.6816,15.627,other
966722,0.3214,0.7264,-0.5104,1.1504,-17.5098,22.4531,other
966745,0.2574,0.6969,-0.9969,-3.5273,-24.2852,28.4434,other
966768,0.1321,0.8093,-0.5811,-7.6152,-28.1934,30.8301,other
966791,0.2679,0.6936,-0.6135,-14.6758,-32.5254,30.9941,other
966814,0.2288,0.6451,-0.5004,-19.3555,-33.9375,28.6914,other
966837,0.1797,0.6174,-0.5038,-25.2988,-33.3535,22.1484,other
966860,0.1484,0.5907,-0.5526,-29.1738,-29.4414,13.293,other
966883,0.1613,0.6333,-0.4901,-30.4512,-25.1992,7.0449,other
966906,0.2059,0.6647,-0.5524,-30.4102,-16.8984,-1.543,other
966929,0.1685,0.7759,-0.4998,-29.1406,-10.3789,-6.1777,other
966952,0.123,0.801,-0.4622,-25.4941,0.4277,-10.9375,other
966975,0.193,0.7755,-0.5233,-22.0391,12.1191,-13.0703,other
966998,0.3901,0.7654,-0.3539,-15.7773,19.5625,-13.4473,other
967021,0.2302,0.7128,-0.4912,-9.127,28.7676,-13.4238,other
967044,0.2278,0.718,-0.5112,-5.0449,32.5547,-13.4355,other
967067,0.2113,0.6232,-0.6112,0.0586,34.1367,-13.7285,other
967090,0.1199,0.5577,-0.6648,2.7344,32.6484,-13.9824,other
967113,0.063,0.5687,-0.4248,6.0684,27.5918,-14.0176,other
967136,0.0448,0.6014,0.0337,9.5352,20.6113,-13.2324,other
967159,0.295,0.5029,-0.5264,12.084,15.4316,-12.2324,other
967182,0.2842,0.5579,-0.5106,15.3906,7.1855,-10.291,other
967205,0.1289,0.6064,-0.5931,16.584,1.6855,-8.834,other
967228,0.1709,0.6602,-0.5963,16.0137,-5.8867,-6.3789,other
967251,0.2122,0.8141,-0.5375,12.5078,-12.0488,-3.623,other
967274,0.2035,0.8293,-0.5093,8.9238,-15.3691,-1.7773,other
967297,0.1863,0.7456,-0.5902,2.5254,-19.6816,0.6426,other
967320,0.0807,0.6654,-0.5427,-1.9766,-22.4336,1.8145,other
967343,0.1581,0.6099,-0.4755,-8.4355,-26.5391,2.6387,other
967366,0.1262,0.6257,-0.4331,-12.2227,-30.1465,2.2812,other
967389,0.1194,0.6602,-0.4399,-16.6992,-32.4473,1.4941,other
967412,0.1278,0.6731,-0.4512,-19.3945,-34.3047,-0.2031,other
967435,0.1079,0.6152,-0.4869,-20.1504,-34.3945,-1.4785,other
967458,0.1405,0.626,-0.5231,-19.8809,-32.6191,-3.3223,other
967481,0.1339,0.6718,-0.5353,-18.9609,-30.2715,-4.3965,other
967504,0.0394,0.84,-0.6493,-16.8945,-25.3652,-5.6953,other
967527,0.145,0.7877,-0.4872,-14.4805,-19.2988,-6.6914,bite
967550,0.1414,0.6663,-0.36,-12.9141,-15.0684,-7.2656,bite
967573,0.0691,0.6732,-0.5334,-11.0312,-8.9941,-8.0469,bite
967596,0.0891,0.6969,-0.5172,-10.2559,-5.1191,-8.4922,bite
967619,0.1471,0.7109,-0.5175,-9.8711,0.7031,-8.916,bite
967642,0.0439,0.729,-0.3781,-10.2461,6.9707,-8.8574,bite
967665,0.083,0.7003,-0.4657,-10.7891,11.5859,-8.4512,bite
967688,0.1786,0.6692,-0.5861,-11.8867,19.0039,-7.1348,bite
967711,0.0071,0.6443,-0.5905,-12.6992,23.7813,-5.7891,bite
967734,-0.1077,0.7245,-0.4094,-13.7773,29.3262,-3.5508,bite
967757,0.1495,0.7664,-0.3832,-14.125,31.1934,-2.6211,bite
967780,0.1273,0.6879,-0.5973,-13.5996,29.7266,-3.8906,bite
967803,0.1567,0.6858,-0.454,-11.6621,23.3984,-9.6543,bite
967826,0.1482,0.7758,-0.3844,-9.7363,16.9395,-15.752,bite
967849,-0.0701,0.6943,-0.4727,-6.3984,5.6094,-26.1719,bite
967872,0.0436,0.6766,-0.5503,-4.2324,-1.7305,-32.3145,bite
967895,0.201,0.637,-0.426,-1.6855,-10.2559,-37.873,bite
967918,0.1544,0.705,-0.4136,-0.4453,-14.1504,-37.6094,bite
967941,0.1315,0.771,-0.4526,-0.2988,-14.1621,-34.252,bite
967964,-0.0454,0.7477,-0.5194,-0.6816,-11.7031,-25.4336,bite
967987,0.0349,0.6823,-0.5386,-1.1602,-9.4453,-17.8672,bite
968010,0.0089,0.7172,-0.4329,-2.1582,-6.166,-5.8457,bite
968033,0.0476,0.7039,-0.4817,-3.4102,-3.2891,4.7344,bite
968056,-0.0029,0.702,-0.4916,-4.2637,-1.5742,10.0742,bite
968079,0.0013,0.6737,-0.4629,-5.3437,0.8066,14.8164,bite
968102,0.178,0.7327,-0.4614,-5.7812,2.4219,15.6055,bite
968125,0.0615,0.7151,-0.4742,-5.7324,5.2754,13.2148,bite
968148,0.0934,0.7014,-0.4984,-5.1777,8.7266,7.3926,bite
968171,0.0978,0.6979,-0.4563,-3.793,11.1172,2.5352,bite
968194,0.0631,0.6914,-0.4623,-2.2812,14.1777,-4.6152,bite
968217,0.0609,0.7014,-0.489,-1.4648,15.4512,-8.543,bite
968240,0.075,0.7018,-0.4746,-0.6836,15.7383,-12.4434,bite
968263,0.1926,0.6936,-0.4413,-0.4609,14.8066,-13.5879,bite
968286,-0.0144,0.7616,-0.4758,-0.5254,11.9512,-13.1895,bite
968309,0.1106,0.6616,-0.4619,-0.9668,7.6465,-10.4727,bite
968332,0.1907,0.7081,-0.4724,-1.3691,4.1895,-7.5898,bite
968355,-0.0436,0.7137,-0.5284,-2.0742,-1.5,-2.0918,bite
968378,-0.0922,0.6769,-0.5002,-2.6934,-5.4629,2.1094,bite
968401,-0.172,0.754,-0.5049,-3.9062,-10.9805,8.4707,bite
968424,0.1274,0.6243,-0.4504,-5.0664,-14.4023,13.2187,bite
968447,0.4039,0.7246,-0.4728,-5.3965,-14.4277,14.2461,bite
968470,0.0459,0.7452,-0.4525,-4.7773,-10.3887,11.3672,bite
968493,0.0958,0.7386,-0.4612,-3.7031,-5.7305,6.9062,bite
968516,0.0685,0.714,-0.4813,-1.6641,1.8398,-1.25,bite
968539,0.1473,0.6343,-0.4854,-0.4355,7.5371,-7.7363,bite
968562,0.1278,0.6553,-0.4651,0.5664,9.5156,-9.7012,bite
968585,0.0439,0.7371,-0.4973,0.1914,10.2324,-8.3809,bite
968608,0.0048,0.7047,-0.5067,-0.7559,9.8223,-4.9414,bite
968631,0.1245,0.6915,-0.4856,-2.8418,8.6289,2.5742,bite
968654,0.0914,0.7059,-0.4587,-4.3691,7.7441,7.9629,bite
968677,0.0836,0.7009,-0.4487,-6.3496,6.5879,14.7461,bite
968700,0.1001,0.7406,-0.4603,-7.5137,5.7383,18.584,bite
968723,0.0923,0.7161,-0.4258,-7.668,5.3262,19.2168,bite
968746,0.1616,0.6265,-0.5619,-6.873,4.9551,17.375,bite
968769,0.1105,0.6902,-0.4825,-5.7676,4.8867,14.5469,bite
968792,0.1212,0.7063,-0.4678,-3.5762,4.9375,8.7656,bite
968815,0.1168,0.6992,-0.4902,-1.1836,4.9004,2.4473,bite
968838,0.1025,0.6709,-0.5463,0.2559,4.6875,-1.4102,bite
968861,0.129,0.6866,-0.4821,1.7305,3.9844,-5.9922,bite
968884,0.1017,0.6748,-0.4902,2.084,3.2617,-8.0488,bite
968907,0.0959,0.7159,-0.4498,1.6484,1.8379,-9.627,bite
968930,0.0841,0.6991,-0.4863,0.3691,0.0645,-9.6875,bite
968953,0.0863,0.7449,-0.483,-0.5684,-1.252,-9.1133,bite
968976,0.1016,0.8015,-0.4034,-1.7227,-3.2559,-7.6504,bite
968999,0.1179,0.7834,-0.5519,-2.1113,-4.4707,-6.3965,bite
969022,0.0626,0.7823,-0.4055,-2.1328,-5.877,-4.1328,bite
969045,0.0536,0.7382,-0.5559,-1.9629,-6.4746,-2.1602,bite
969068,-0.0762,0.6948,-0.3535,-2.125,-6.7773,2.2793,bite
969091,-0.1451,0.6538,-0.4071,-3.7227,-5.9473,9.5488,bite
969114,0.0439,0.6881,-0.6819,-5.8945,-4.5742,16.166,bite
969137,0.3453,0.735,-0.7295,-10.3398,-1.7969,27.8398,bite
969160,0.4148,0.7794,-0.5121,-13.0352,-0.2168,35.7891,bite
969183,0.3933,0.7622,-0.4691,-13.9395,0.6777,46.3672,bite
969206,0.4412,0.6967,-0.5459,-8.2422,0.0918,54.4766,bite
969229,0.436,0.6152,-0.7081,-0.0762,-0.1504,58.6055,bite
969252,0.3774,0.5898,-0.7015,18.1973,1.4668,63.7285,bite
969275,0.3679,0.5514,-0.6085,33.4824,4.7012,63.998,bite
969298,0.5238,0.4677,-0.6154,58.832,13.4492,63.998,bite
969321,0.5219,0.3557,-0.671,63.998,25.8164,63.998,bite
969344,0.5656,0.2531,-0.7183,63.998,34.7383,63.998,bite
969367,0.564,0.1556,-0.78,63.998,47.0703,63.998,bite
969390,0.5272,0.0991,-0.709,63.998,53.8652,63.998,bite
969413,0.609,0.0077,-0.6278,63.998,61.5938,63.998,bite
969436,0.6653,-0.0696,-0.6671,63.998,63.998,63.998,bite
969459,0.6965,-0.1459,-0.6705,63.998,63.998,63.998,bite
969482,0.6595,-0.184,-0.668,63.998,63.998,63.998,bite
969505,0.584,-0.281,-0.6488,63.998,63.4395,63.998,bite
969528,0.5896,-0.27,-0.5858,63.998,56.8047,63.998,bite
969551,0.6979,-0.3176,-0.583,63.998,51.4336,63.998,bite
969574,0.7089,-0.3789,-0.6277,63.998,42.6621,63.998,bite
969597,0.6287,-0.4094,-0.5363,63.998,33.8281,63.998,bite
969620,0.6259,-0.4501,-0.4823,63.998,28.5527,63.998,bite
969643,0.6702,-0.4834,-0.5015,63.998,22.5488,63.998,bite
969666,0.8237,-0.5237,-0.6193,63.998,19.9766,63.998,bite
969689,0.8495,-0.5486,-0.6575,62.7773,17.5645,63.998,bite
969712,0.6799,-0.5295,-0.5626,51.5508,15.7402,63.998,bite
969735,0.5902,-0.5139,-0.4691,44.1289,14.6172,63.998,bite
969758,0.5771,-0.5442,-0.4886,33.6621,13.3086,63.998,bite
969781,0.5388,-0.5488,-0.5468,27.3477,12.8086,63.0547,bite
969804,0.53,-0.5604,-0.5325,18.9082,12.3887,60.7773,bite
969827,0.5469,-0.6036,-0.5219,13.8809,12.0176,60.3887,bite
969850,0.5074,-0.5757,-0.4867,7.1016,10.8184,60.4766,bite
969873,0.5654,-0.5541,-0.4943,1.1934,8.5586,60.0469,bite
969896,0.6451,-0.5575,-0.618,-2.2676,6.5137,58.875,bite
969919,0.7316,-0.5729,-0.7258,-6.8047,2.8047,55.3633,bite
969942,0.6172,-0.5726,-0.6665,-9.3711,0.0078,51.9805,bite
969965,0.4883,-0.5875,-0.509,-12.127,-3.9785,46.1836,bite
969988,0.5332,-0.6321,-0.5204,-12.8047,-6.1914,40.7773,bite
970011,0.5868,-0.6912,-0.6125,-11.9375,-6.1836,37.8477,bite
970034,0.5931,-0.6816,-0.6046,-9.1738,-4.416,34.5254,bite
970057,0.6289,-0.6718,-0.5447,-6.8711,-2.7832,32.8379,bite
970080,0.644,-0.6801,-0.5546,-3.5723,-0.7656,30.7324,bite
970103,0.5984,-0.6686,-0.5388,-1.2305,0.2891,28.8926,bite
970126,0.5115,-0.6635,-0.5657,-0.4863,0.668,27.8496,bite
970149,0.4976,-0.6671,-0.5813,-0.8301,1.3477,26.7773,bite
970172,0.5184,-0.6736,-0.5563,-2.0605,2.0645,26.4609,bite
970195,0.5355,-0.6791,-0.4938,-5.2148,3.4121,26.4863,bite
970218,0.6407,-0.6547,-0.4641,-7.9668,4.2969,26.666,bite
970241,0.6809,-0.644,-0.5573,-12.6641,5.2773,26.8984,bite
970264,0.5597,-0.6605,-0.6337,-17.6973,5.7129,27.0996,bite
970287,0.3772,-0.6592,-0.6204,-21.0625,5.9316,27.4902,bite
970310,0.3004,-0.6276,-0.5175,-25.709,6.7754,28.9492,bite
970333,0.5049,-0.6058,-0.5543,-28.2383,7.8359,30.5273,bite
970356,0.5814,-0.6223,-0.6472,-30.8984,9.5977,33.1836,bite
970379,0.5229,-0.6545,-0.7723,-32.3086,10.3711,35.1543,bite
970402,0.4978,-0.646,-0.7467,-32.6992,10.0078,35.7324,bite
970425,0.5133,-0.6451,-0.5898,-32.4121,8.3926,35.4785,bite
970448,0.5605,-0.671,-0.6067,-31.4824,6.9043,34.7305,bite
970471,0.4678,-0.6615,-0.5836,-28.8359,4.4062,33.166,bite
970494,0.3992,-0.6656,-0.6552,-24.8516,1.9004,31.6426,bite
970517,0.4298,-0.6462,-0.6124,-21.6777,0.4824,30.8984,bite
970540,0.3813,-0.6371,-0.5336,-16.5918,-0.8359,30.3125,bite
970563,0.3918,-0.6725,-0.6638,-13.3223,-1.0156,30.2148,bite
970586,0.4122,-0.6902,-0.6505,-9.2578,-0.3008,30.2383,bite
970609,0.4194,-0.7444,-0.7789,-7.3691,0.6328,30.1758,bite
970632,0.4907,-0.7268,-0.6741,-5.7617,2.4023,29.707,bite
970655,0.4343,-0.7382,-0.5446,-4.8516,4.4492,28.5371,bite
970678,0.4371,-0.6906,-0.4404,-4.0059,5.9023,27.3105,bite
970701,0.3867,-0.7389,-0.6298,-1.7988,7.9453,24.8301,bite
970724,0.467,-0.7246,-0.6323,0.2227,8.998,22.8047,bite
970747,0.4247,-0.7043,-0.6434,3.5117,9.7695,19.334,bite
970770,0.3696,-0.6693,-0.6211,6.4062,9.4551,15.5371,bite
970793,0.3929,-0.6615,-0.6249,7.873,8.7656,12.9336,bite
970816,0.4725,-0.6879,-0.6345,9.2344,7.2812,9.0234,bite
970839,0.4829,-0.708,-0.5533,9.5566,6.0996,6.4453,bite
970862,0.4308,-0.7258,-0.4479,9.1934,4.1719,2.6738,bite
970885,0.4413,-0.7294,-0.6177,7.8027,2.1934,-0.9121,bite
970908,0.485,-0.6918,-0.6074,6.2578,0.9277,-3.2187,bite
970931,0.5262,-0.6211,-0.6813,3.1465,-0.8066,-6.6387,bite
970954,0.4388,-0.641,-0.7654,0.8203,-1.793,-8.9102,bite
970977,0.4078,-0.6509,-0.7759,-2.2734,-2.8516,-12.2207,bite
971000,0.3732,-0.6659,-0.6552,-3.5215,-3.2383,-15.2812,bite
971023,0.4181,-0.6877,-0.5397,-3.1875,-3.5254,-17.1348,bite
971046,0.4475,-0.7018,-0.5076,0.5762,-4.0137,-19.9453,bite
971069,0.3947,-0.7164,-0.5662,4.9805,-4.7754,-22.0488,bite
971092,0.3309,-0.7482,-0.6439,13.6367,-6.7793,-25.9746,bite
971115,0.4003,-0.7485,-0.5485,20.0977,-8.6543,-29.3535,bite
971138,0.4724,-0.7313,-0.4955,29.8359,-12.1074,-36.0117,bite
971161,0.4938,-0.7173,-0.4631,38.8887,-16.1387,-45.0332,bite
971184,0.6243,-0.7194,-0.4036,44.293,-19.0078,-52.4219,bite
971207,0.5961,-0.7052,-0.2863,51.2109,-23.3711,-64.0,bite
971230,0.475,-0.6602,-0.2865,54.8945,-26.1582,-64.0,bite
971253,0.6434,-0.6075,-0.316,58.6504,-29.8203,-64.0,bite
971276,0.8673,-0.6171,-0.3923,59.627,-32.7168,-64.0,bite
971299,0.8237,-0.6194,-0.411,58.4082,-34.2402,-64.0,bite
971322,0.74,-0.5944,-0.4529,53.6484,-35.6504,-64.0,bite
971345,0.5911,-0.5372,-0.5433,48.6953,-35.8535,-64.0,bite
971368,0.6106,-0.4666,-0.5498,39.2539,-35.3027,-64.0,bite
971391,0.8044,-0.4413,-0.5706,32.1973,-34.8008,-64.0,bite
971414,0.8187,-0.4585,-0.6272,21.625,-34.8438,-64.0,bite
971437,0.7025,-0.452,-0.6019,12.3008,-36.6953,-64.0,bite
971460,0.6014,-0.4464,-0.556,7.3008,-39.002,-64.0,bite
971483,0.6147,-0.4409,-0.5785,2.0488,-43.7031,-64.0,bite
971506,0.694,-0.4625,-0.6443,0.0312,-47.4375,-64.0,bite
971529,0.6415,-0.4558,-0.6851,-1.207,-53.6133,-64.0,bite
971552,0.467,-0.4202,-0.6232,-1.0684,-59.7637,-64.0,bite
971575,0.5508,-0.3972,-0.6946,-0.627,-63.2461,-64.0,bite
971598,0.7103,-0.3951,-0.787,-0.1562,-64.0,-64.0,bite
971621,0.8445,-0.3877,-0.8762,-0.4551,-64.0,-64.0,bite
971644,0.8342,-0.3491,-0.9082,-2.3906,-64.0,-64.0,bite
971667,0.5286,-0.2952,-0.8588,-5.9082,-64.0,-64.0,bite
971690,0.3938,-0.2611,-0.765,-8.5449,-64.0,-64.0,bite
971713,0.4567,-0.2657,-0.7268,-11.7891,-64.0,-64.0,bite
971736,0.6132,-0.2595,-0.6829,-13.0293,-58.7637,-64.0,bite
971759,0.5229,-0.2368,-0.7001,-13.4453,-44.0645,-57.0273,bite
971782,0.376,-0.1921,-0.6263,-13.1172,-33.5195,-46.457,bite
971805,0.5752,-0.2092,-0.8152,-12.791,-18.6523,-39.8066,bite
971828,0.7024,-0.2438,-1.0088,-14.3223,-7.498,-31.9277,bite
971851,0.6777,-0.1898,-0.8545,-17.1191,-3.4473,-28.6738,bite
971874,0.6104,-0.1072,-0.7406,-23.9063,-3.0117,-26.8789,bite
971897,0.4978,-0.0725,-0.7079,-29.4883,-5.8594,-27.2188,bite
971920,0.4238,-0.0876,-0.7822,-38.0293,-12.6758,-28.5703,bite
971943,0.4015,-0.1093,-0.7847,-45.5391,-19.6953,-29.2695,bite
971966,0.3927,-0.1219,-0.78,-49.5898,-23.373,-28.8262,bite
971989,0.3795,-0.0338,-0.6644,-53.8789,-26.7734,-26.8242,bite
972012,0.5289,-0.0072,-0.7,-55.3984,-27.666,-24.998,bite
972035,0.5657,-0.0109,-0.8854,-55.7832,-27.4277,-22.5117,bite
972058,0.5415,0.0298,-0.8901,-54.707,-26.041,-21.2539,bite
972081,0.5145,0.0562,-0.8453,-53.6465,-24.6348,-21.2363,bite
972104,0.5022,0.0686,-0.8562,-51.8906,-21.3945,-22.0781,bite
972127,0.4825,0.0955,-0.7816,-50.6465,-17.9883,-22.8496,bite
972150,0.5177,0.0944,-0.7949,-48.5547,-10.2266,-23.7109,bite
972173,0.55,0.0952,-0.7946,-46.9238,0.8066,-23.7852,bite
972196,0.5764,0.0961,-0.7762,-44.0469,9.5625,-23.3359,bite
972219,0.4659,0.1025,-0.7212,-40.6348,23.5996,-22.0098,bite
972242,0.3677,0.155,-0.5923,-38.1328,32.7852,-20.7969,bite
972265,0.5023,0.2059,-0.6056,-34.4316,44.9395,-18.8789,bite
972288,0.7354,0.1868,-0.788,-32.4863,51.0371,-17.9824,bite
972311,0.8252,0.1735,-0.896,-31.5234,55.457,-18.0938,bite
972334,0.6785,0.2124,-0.7339,-33.9004,52.998,-20.3828,bite
972357,0.5698,0.2621,-0.5037,-37.2031,47.8984,-22.834,bite
972380,0.6371,0.2441,-0.6124,-43.5742,36.9121,-26.9688,bite
972403,0.6664,0.1902,-0.7844,-48.0391,28.4609,-29.5195,bite
972426,0.6421,0.1849,-0.8615,-54.1367,15.6445,-32.3828,bite
972449,0.4667,0.2454,-0.7603,-58.4512,4.1289,-33.4258,bite
972472,0.4039,0.3237,-0.5979,-59.5996,-2.1523,-32.7871,bite
972495,0.4821,0.3594,-0.5078,-57.6602,-8.9316,-29.7031,bite
972518,0.543,0.3494,-0.5717,-53.6973,-11.7383,-26.457,bite
972541,0.5237,0.3217,-0.7183,-44.4043,-13.8594,-20.5078,bite
972564,0.4127,0.3197,-0.7058,-36.8262,-14.1914,-14.0645,bite
972587,0.433,0.328,-0.5942,-24.9785,-13.4785,-9.8437,bite
972610,0.5137,0.3043,-0.6039,-14.0098,-11.7695,-4.1523,bite
972633,0.5542,0.2816,-0.6492,-7.7617,-10.4062,-1.0957,bite
972656,0.5598,0.2769,-0.7067,-0.6094,-8.4531,2.0488,bite
972679,0.5172,0.2844,-0.7123,2.4766,-7.3203,3.2031,bite
972702,0.5286,0.2949,-0.6975,4.6035,-5.8086,3.8652,bite
972725,0.5809,0.2919,-0.7031,4.2305,-4.3359,3.7246,bite
972748,0.6178,0.2799,-0.7222,3.0215,-3.3926,3.3691,bite
972771,0.5831,0.272,-0.6892,0.502,-2.2168,2.6016,bite
972794,0.5298,0.2672,-0.6394,-1.2285,-1.668,2.0391,bite
972817,0.5292,0.2523,-0.6575,-3.3184,-1.1113,1.3301,bite
972840,0.5669,0.2454,-0.6804,-4.5078,-0.6895,0.9531,bite
972863,0.5968,0.2623,-0.6803,-4.8516,-0.459,0.8965,bite
972886,0.5833,0.2938,-0.6844,-4.9785,-0.3086,1.0605,bite
972909,0.5034,0.3258,-0.6951,-4.9902,-0.4062,1.3301,bite
972932,0.4934,0.3405,-0.6807,-5.1504,-0.832,2.0195,bite
972955,0.549,0.3384,-0.7,-5.4102,-1.2461,3.0,bite
972978,0.5375,0.3252,-0.6787,-6.0,-2.0645,3.707,bite
973001,0.5139,0.2952,-0.6781,-6.6172,-3.0977,4.6816,bite
973024,0.4705,0.2668,-0.6783,-6.8926,-3.8164,5.2305,bite
973047,0.4681,0.2383,-0.693,-6.9219,-4.6953,5.875,bite
973070,0.5383,0.2223,-0.6758,-6.6426,-5.0273,6.1406,bite
973093,0.5925,0.2166,-0.6575,-5.8086,-5.1348,6.1309,bite
973116,0.5884,0.2217,-0.6709,-4.6797,-4.9668,5.5059,bite
973139,0.5692,0.2488,-0.6827,-3.9512,-4.7871,4.8086,bite
973162,0.5637,0.2788,-0.6788,-3.2363,-4.4336,3.6543,bite
973185,0.5265,0.2948,-0.7074,-3.166,-4.1328,3.043,bite
973208,0.5188,0.2966,-0.7206,-3.8086,-3.5566,2.6914,bite
973231,0.5298,0.2957,-0.6841,-5.2383,-2.832,3.1445,bite
973254,0.5153,0.2931,-0.6372,-6.4316,-2.3066,3.8125,bite
973277,0.4962,0.27,-0.6469,-8.1934,-1.5078,5.0918,bite
973300,0.4897,0.2416,-0.7062,-9.1855,-0.9668,5.9453,bite
973323,0.5168,0.2391,-0.7246,-10.3125,-0.1016,6.9082,bite
973346,0.5872,0.256,-0.7059,-10.8379,0.7949,7.1582,bite
973369,0.6277,0.2793,-0.6713,-11.3125,1.3125,6.8047,bite
973392,0.6002,0.2987,-0.6637,-11.4199,1.7969,5.5293,bite
973415,0.561,0.3074,-0.6666,-11.3223,1.8965,4.3301,bite
973438,0.5798,0.2947,-0.6863,-11.0586,1.7871,2.377,bite
973461,0.5513,0.2856,-0.6713,-10.9121,1.5762,1.1719,bite
973484,0.4973,0.295,-0.641,-10.8789,1.084,-0.2285,bite
973507,0.4866,0.3115,-0.6154,-11.1367,0.4453,-0.9551,bite
973530,0.5134,0.3142,-0.6364,-11.4727,-0.0195,-1.0879,bite
973553,0.5759,0.3022,-0.7046,-12.25,-0.791,-1.0059,bite
973576,0.5765,0.3076,-0.7245,-12.9746,-1.4102,-0.9492,bite
973599,0.5239,0.3179,-0.6748,-14.2949,-2.5176,-1.0703,bite
973622,0.5042,0.3293,-0.6443,-15.5742,-3.584,-1.418,bite
973645,0.5292,0.3259,-0.6381,-16.1797,-4.0898,-1.7051,bite
973668,0.5851,0.3146,-0.6818,-16.4902,-4.4238,-2.1777,bite
973691,0.5709,0.3164,-0.7094,-16.2813,-4.4004,-2.5332,bite
973714,0.514,0.3254,-0.6783,-15.4395,-4.1172,-3.0977,bite
973737,0.4877,0.34,-0.6522,-14.5957,-3.5645,-3.5293,bite
973760,0.5031,0.327,-0.6711,-13.0254,-3.0469,-3.6523,bite
973783,0.5284,0.3162,-0.682,-11.3164,-2.1445,-3.5898,bite
973806,0.5371,0.3069,-0.6753,-10.248,-1.5762,-3.4609,bite
973829,0.519,0.3124,-0.6478,-8.8926,-0.9492,-3.293,bite
973852,0.5037,0.3115,-0.6219,-8.166,-0.7285,-3.2441,bite
973875,0.5651,0.3103,-0.6282,-7.2656,-0.6406,-3.2871,bite
973898,0.5793,0.3152,-0.6249,-6.4824,-0.7891,-3.4629,bite
973921,0.536,0.3232,-0.6,-5.9785,-0.9805,-3.6016,bite
973944,0.465,0.3304,-0.6052,-5.2207,-1.2305,-3.6309,bite
973967,0.479,0.3464,-0.611,-4.7402,-1.2285,-3.4004,bite
973990,0.562,0.36,-0.6465,-4.209,-0.8457,-2.6309,bite
974013,0.6127,0.3656,-0.6904,-4.1738,-0.1426,-1.623,bite
974036,0.5557,0.3556,-0.7003,-4.5449,0.332,-1.0137,bite
974059,0.4979,0.3536,-0.6643,-5.6855,0.877,-0.3457,bite
974082,0.5023,0.3524,-0.6467,-6.707,1.1074,-0.0684,bite
974105,0.5574,0.3434,-0.6586,-8.334,1.2227,0.0937,bite
974128,0.572,0.3368,-0.635,-9.8242,0.9316,-0.0996,bite
974151,0.5632,0.328,-0.6056,-10.4844,0.4707,-0.4375,bite
974174,0.5493,0.3215,-0.6047,-11.1445,-0.5449,-1.1523,bite
974197,0.5107,0.3159,-0.6317,-11.3437,-1.3438,-1.6504,bite
974220,0.4869,0.3196,-0.6091,-11.498,-2.5684,-2.2051,bite
974243,0.5103,0.3397,-0.5996,-11.6582,-3.3477,-2.3672,bite
974266,0.5349,0.3497,-0.6458,-12.2422,-4.4883,-2.3145,bite
974289,0.5387,0.333,-0.7067,-13.5195,-5.7383,-2.0371,bite
974312,0.4956,0.3533,-0.6541,-14.8457,-6.7227,-1.7734,bite
974335,0.501,0.3812,-0.5836,-17.4219,-8.4707,-1.2344,bite
974358,0.5374,0.4041,-0.5757,-19.3359,-9.7871,-0.7715,bite
974381,0.5076,0.4354,-0.6041,-22.2227,-11.9199,0.0312,bite
974404,0.4573,0.4418,-0.6239,-25.0625,-14.041,0.9297,bite
974427,0.4578,0.432,-0.6851,-26.9922,-15.2793,1.5664,bite
974450,0.4938,0.4633,-0.631,-30.0547,-16.748,2.4336,bite
974473,0.5245,0.4985,-0.6157,-32.1797,-17.5273,2.7969,bite
974496,0.4978,0.5017,-0.6206,-35.3008,-18.6074,2.7598,bite
974519,0.4683,0.4999,-0.609,-38.209,-19.752,1.9688,bite
974542,0.42,0.5046,-0.6189,-39.6367,-20.5625,1.1445,bite
974565,0.3685,0.5223,-0.5931,-41.4375,-21.7578,-0.2207,bite
974588,0.3409,0.531,-0.5701,-42.2676,-22.4434,-1.0527,bite
974611,0.3384,0.5314,-0.5614,-42.9863,-23.1055,-2.0488,bite
974634,0.3838,0.5515,-0.5505,-43.1582,-23.2148,-2.5723,bite
974657,0.4283,0.5746,-0.5531,-43.0488,-22.8613,-3.332,bite
974680,0.4525,0.5452,-0.6246,-42.6094,-21.9551,-4.2969,bite
974703,0.4574,0.5074,-0.6708,-42.1875,-21.1035,-5.0898,bite
974726,0.425,0.4886,-0.6223,-41.334,-19.6172,-6.2949,bite
974749,0.3776,0.4735,-0.5553,-40.4727,-18.5742,-6.8594,bite
974772,0.3323,0.4796,-0.5192,-38.3926,-16.9551,-6.877,bite
974795,0.3066,0.486,-0.55,-35.1758,-15.1465,-5.5898,bite
974818,0.3408,0.4675,-0.6282,-32.5254,-13.7715,-4.0742,bite
974841,0.3846,0.4825,-0.6161,-28.2656,-11.5137,-1.3223,bite
974864,0.3787,0.5171,-0.5238,-25.4902,-9.998,0.418,bite
974887,0.3849,0.551,-0.4869,-21.6387,-7.8965,2.2734,bite
974910,0.4486,0.5492,-0.5477,-18.2734,-6.1152,2.7695,bite
974933,0.49,0.5487,-0.6085,-16.4141,-5.1797,2.2598,bite
974956,0.4738,0.5765,-0.5884,-14.3789,-4.2793,0.4473,bite
974979,0.4036,0.6002,-0.5378,-13.5312,-4.0273,-1.1387,bite
975002,0.3538,0.6006,-0.5112,-12.8223,-4.0,-3.3398,bite
975025,0.36,0.5839,-0.5425,-12.5586,-4.0488,-4.3145,bite
975048,0.4037,0.5759,-0.5648,-12.291,-4.0742,-4.7539,bite
975071,0.4225,0.5775,-0.5721,-12.0801,-4.2129,-4.1738,bite
975094,0.3942,0.5841,-0.5172,-11.9277,-4.5586,-3.4863,bite
975117,0.3539,0.5813,-0.4897,-11.5625,-5.582,-2.3516,bite
975140,0.3311,0.5833,-0.4978,-11.1914,-6.5234,-1.6406,bite
975163,0.3538,0.588,-0.5259,-10.541,-8.0508,-0.7383,bite
975186,0.3861,0.5797,-0.5707,-10.0859,-9.4434,-0.1758,bite
975209,0.3975,0.5731,-0.5927,-10.0586,-10.2383,-0.0937,bite
975232,0.3593,0.6016,-0.488,-10.4941,-11.2773,-0.4629,bite
975255,0.3234,0.6161,-0.4542,-10.9961,-11.873,-0.957,bite
975278,0.3499,0.6035,-0.5297,-11.834,-12.5352,-1.8027,bite
975301,0.3442,0.5854,-0.6122,-12.6992,-12.8594,-2.4687,bite
975324,0.3058,0.601,-0.5605,-13.3066,-12.8965,-2.6914,bite
975347,0.28,0.6317,-0.474,-14.125,-12.6992,-2.6035,bite
975370,0.29,0.6396,-0.4828,-14.4512,-12.4062,-2.2754,bite
975393,0.3153,0.6265,-0.5548,-14.4316,-11.7832,-1.5781,bite
975416,0.345,0.6218,-0.5959,-14.0977,-11.3242,-1.1719,bite
975439,0.3101,0.6392,-0.5138,-13.2187,-10.7207,-0.9805,bite
975462,0.3086,0.6436,-0.4486,-11.873,-10.2734,-1.4492,bite
975485,0.2972,0.6282,-0.5051,-10.6797,-9.998,-2.0801,bite
975508,0.2808,0.6239,-0.562,-8.5762,-9.4434,-3.2832,bite
975531,0.2831,0.6251,-0.5214,-7.127,-8.8848,-4.1152,bite
975554,0.3378,0.6162,-0.5026,-5.125,-7.7012,-5.2402,bite
975577,0.3768,0.599,-0.557,-3.5059,-6.2129,-6.1543,bite
975600,0.3225,0.5983,-0.569,-2.707,-5.1641,-6.627,bite
975623,0.2826,0.6241,-0.5032,-1.9297,-3.6035,-7.0273,bite
975646,0.3164,0.6196,-0.486,-1.6055,-2.5762,-7.0234,bite
975669,0.3744,0.5907,-0.5507,-1.2715,-1.1172,-6.627,bite
975692,0.3738,0.5736,-0.6282,-1.1406,0.041,-5.9062,bite
975715,0.3099,0.5929,-0.5725,-1.209,0.5117,-5.293,bite
975738,0.3038,0.6008,-0.5187,-1.4355,0.6504,-4.1348,bite
975761,0.3583,0.5673,-0.5883,-1.5313,0.3203,-3.2031,bite
975784,0.374,0.54,-0.6141,-1.4453,-1.0156,-1.6523,bite
975807,0.3668,0.5408,-0.552,-1.2188,-2.5977,-0.0918,bite
975830,0.3069,0.5337,-0.5662,-0.623,-6.0312,0.9727,bite
975853,0.256,0.5286,-0.5813,0.2012,-10.4883,2.5762,bite
975876,0.2483,0.5471,-0.542,0.7734,-13.7695,3.7129,bite
975899,0.2635,0.5746,-0.5234,1.4824,-18.6738,5.4473,bite
975922,0.2809,0.5908,-0.4937,1.7344,-21.6992,6.5039,bite
975945,0.2867,0.5951,-0.5837,1.5254,-25.5176,7.6738,bite
975968,0.2404,0.6124,-0.5651,0.2754,-28.0957,8.1191,bite
975991,0.24,0.6093,-0.567,-1.2285,-28.957,7.9961,bite
976014,0.226,0.6006,-0.6039,-4.3867,-28.8926,7.3008,bite
976037,0.1917,0.6133,-0.5543,-6.9199,-28.0527,6.5918,bite
976060,0.1907,0.6295,-0.4966,-10.9141,-25.875,5.3203,bite
976083,0.2288,0.6324,-0.5005,-14.5625,-23.0039,3.8789,bite
976106,0.252,0.6149,-0.5355,-16.6191,-20.9902,2.8066,bite
976129,0.2037,0.6013,-0.5198,-19.1387,-18.2207,0.9629,bite
976152,0.1759,0.5922,-0.6294,-20.5273,-16.6602,-0.4102,bite
976175,0.2996,0.6385,-0.5757,-22.2617,-14.8437,-2.6035,bite
976198,0.2686,0.6675,-0.5782,-23.1133,-14.043,-4.5742,bite
976221,0.1772,0.7192,-0.5873,-23.707,-13.5176,-6.0312,bite
976244,0.1609,0.7139,-0.4769,-23.332,-13.7148,-7.3359,bite
976267,0.1917,0.5907,-0.4568,-22.5723,-14.168,-7.7402,bite
976290,0.2622,0.532,-0.4741,-20.9512,-15.1934,-7.707,bite
976313,0.1674,0.6938,-0.572,-19.752,-16.0039,-7.3945,bite
976336,0.1814,0.7474,-0.6085,-17.9063,-16.7656,-6.7871,bite
976359,0.2102,0.694,-0.5364,-15.9551,-15.8418,-6.3008,bite
976382,0.1915,0.6517,-0.4756,-14.6484,-13.9199,-6.1309,bite
976405,0.1633,0.6368,-0.4458,-12.8848,-9.1719,-6.1406,bite
976428,0.157,0.6935,-0.6039,-11.9277,-5.0703,-6.3145,bite
976451,0.2363,0.6782,-0.5446,-10.7969,1.6113,-6.7031,bite
976474,0.2448,0.6549,-0.4156,-9.9141,7.4434,-7.0527,bite
976497,0.2135,0.6575,-0.5342,-9.4336,10.1562,-7.1973,bite
976520,0.0875,0.6605,-0.5286,-8.834,12.3145,-7.3164,bite
976543,0.1788,0.6671,-0.5554,-8.4766,12.9355,-7.3594,bite
976566,0.2681,0.6515,-0.4727,-7.9316,13.5508,-7.2461,bite
976589,0.2472,0.655,-0.5115,-7.5254,13.9785,-6.6543,bite
976612,0.1606,0.663,-0.5393,-6.7461,14.4941,-5.9395,bite
976635,0.1852,0.6748,-0.5344,-5.7051,14.2266,-4.6055,bite
976658,0.2548,0.6617,-0.4932,-4.9277,13.3223,-3.7656,bite
976681,0.2024,0.6628,-0.4946,-3.8164,10.7617,-2.9805,bite
976704,0.1942,0.6616,-0.517,-3.2012,8.3164,-2.9805,bite
976727,0.1411,0.663,-0.5137,-2.5234,3.7676,-4.0391,bite
976750,0.1016,0.6772,-0.5284,-2.082,-1.5156,-6.4258,bite
976773,0.0366,0.6611,-0.5428,-1.8477,-5.1895,-8.543,bite
976796,0.1295,0.6787,-0.5271,-1.5234,-10.2832,-11.7734,bite
976819,0.1677,0.6525,-0.5316,-1.3242,-12.8594,-13.4062,bite
976842,0.1719,0.6515,-0.5056,-1.0996,-14.5859,-14.1641,bite
976865,0.2438,0.6559,-0.4984,-1.041,-13.2266,-12.2559,bite
976888,0.1824,0.6577,-0.5112,-1.123,-10.6816,-9.4785,bite
976911,0.1328,0.6797,-0.5383,-1.4922,-5.0801,-3.5371,bite
976934,0.0793,0.684,-0.5684,-1.959,-0.6816,1.0801,bite
976957,0.2686,0.6582,-0.4725,-2.9922,6.3086,7.6562,bite
976980,0.0045,0.7183,-0.4591,-3.8047,11.1191,11.8867,bite
977003,0.1246,0.658,-0.575,-5.0293,18.3672,12.4844,bite
977026,0.2587,0.6605,-0.4465,-6.2949,24.3965,9.2715,bite
977049,0.1342,0.692,-0.5453,-7.1758,26.498,4.3848,bite
977072,0.3206,0.6912,-0.4614,-8.4844,25.5566,-6.082,bite
977095,0.2794,0.6587,-0.4448,-9.3223,22.418,-13.9258,bite
977118,0.2805,0.675,-0.4382,-10.5156,15.6445,-24.2246,bite
977141,0.3011,0.6038,-0.5482,-11.5508,8.7422,-30.0762,bite
977164,0.2642,0.6926,-0.4308,-12.127,4.877,-30.75,bite
977187,0.1323,0.7513,-0.5496,-12.8457,0.6113,-26.6035,bite
977210,-0.0142,0.7076,-0.4482,-13.2363,-1.1152,-20.5977,bite
977233,0.3303,0.6959,-0.3247,-13.6855,-2.0645,-8.1523,bite
977256,0.202,0.7097,-0.4553,-13.9297,-1.3496,5.4512,bite
977279,0.1998,0.6761,-0.4879,-13.957,-0.0371,13.4277,bite
977302,0.1781,0.6777,-0.3901,-13.8164,3.0312,21.8477,bite
977325,0.234,0.6807,-0.4956,-13.6406,5.4883,24.6855,bite
977348,0.2867,0.702,-0.5039,-13.2949,8.8477,25.0547,bite
977371,-0.0424,0.7385,-0.5038,-12.9258,10.7363,21.4434,bite
977394,-0.1532,0.8246,-0.4526,-11.9687,10.3047,17.2285,bite
977417,0.4127,0.6682,-0.4238,-10.4531,7.6777,8.6953,bite
977440,0.5212,0.5686,-0.4008,-9.2324,4.25,1.6426,bite
977463,-0.1306,0.738,-0.5234,-7.3945,-3.4238,-10.291,bite
977486,0.1654,0.6989,-0.4929,-6.2617,-9.4492,-18.0859,bite
977509,0.3259,0.6981,-0.4348,-4.7754,-17.6348,-27.2754,bite
977532,0.506,0.7216,-0.4023,-3.6602,-22.3594,-31.4297,bite
977555,-0.316,0.6907,-0.5264,-3.2559,-22.8281,-30.9375,bite
977578,0.0845,0.6858,-0.5383,-3.3789,-19.0293,-25.4805,bite
977601,-0.0995,0.7465,-0.4694,-3.8672,-13.6172,-19.4199,bite
977624,0.1353,0.7363,-0.4342,-4.707,-2.6582,-9.1113,bite
977647,0.1118,0.7346,-0.4393,-5.0547,8.9492,-0.8867,bite
977670,0.285,0.6984,-0.4225,-4.8496,15.5703,1.9277,bite
977693,0.3097,0.7064,-0.3397,-3.9844,22.3652,1.4414,bite
977716,0.2499,0.6587,-0.5084,-3.1895,24.4531,-1.584,bite
977739,0.1517,0.7196,-0.4329,-2.0078,24.1641,-8.3555,bite
977762,0.6003,0.6802,-0.364,-1.3984,20.5742,-15.0234,bite
977785,0.3269,0.6874,-0.3649,-0.9961,16.5547,-18.0,bite
977808,0.0341,0.7266,-0.5735,-1.4316,9.082,-18.6289,bite
977831,-0.1749,0.6959,-0.5321,-2.1738,4.0137,-15.9727,bite
977854,0.1891,0.7268,-0.4448,-3.6797,-1.9355,-7.6387,bite
977877,0.0658,0.697,-0.3943,-4.6699,-4.1055,-0.1719,bite
977900,0.0917,0.7333,-0.5718,-5.5664,-4.3379,11.1602,bite
977923,-0.0013,0.7168,-0.5519,-5.2109,-1.3418,19.0879,bite
977946,0.1844,0.7117,-0.3939,-4.1914,1.9668,21.0566,bite
977969,0.2856,0.7006,-0.4041,-1.7188,7.6797,18.4473,bite
977992,0.385,0.6512,-0.4506,0.3437,11.1348,13.3262,bite
978015,-0.0474,0.7192,-0.5337,3.6426,14.5645,2.1133,bite
978038,0.3667,0.6628,-0.4078,6.5801,15.3145,-10.2793,bite
978061,0.3688,0.7484,-0.4104,7.8828,14.5449,-17.2285,bite
978084,0.1879,0.6787,-0.474,8.1289,11.7695,-23.1152,bite
978107,0.0372,0.6434,-0.48,6.9473,8.7266,-23.3652,bite
978130,0.106,0.6882,-0.5145,3.4883,2.4414,-18.9922,bite
978153,0.114,0.7303,-0.4911,0.5684,-4.9043,-11.209,bite
978176,0.1584,0.7216,-0.4131,-3.7285,-9.1094,-5.457,bite
978199,-0.0332,0.7533,-0.5463,-6.8242,-12.877,2.3301,bite
978222,0.1833,0.6892,-0.4812,-7.7773,-12.7207,6.1562,bite
978245,0.5892,0.6677,-0.3257,-7.2539,-7.7031,8.7285,bite
978268,0.7828,0.7814,-0.2224,-5.666,-1.293,8.0898,bite
978291,0.3743,0.7318,-0.6339,-2.1895,11.5566,4.8711,bite
978314,-0.1559,0.5861,-0.7827,0.9785,26.7852,2.4082,bite
978337,-0.9746,0.5199,-1.0103,2.1133,37.9492,3.0215,bite
978360,-0.1724,0.7932,-0.381,2.3574,55.7676,7.7949,bite
978383,1.0079,0.8118,-0.0956,2.7461,63.998,11.8516,bite
978406,1.3241,0.7491,-0.3114,6.2832,63.998,14.6289,bite
978429,0.7579,0.8282,-0.1996,14.0469,63.998,10.3008,bite
978452,0.13,0.7239,-0.2649,20.2656,63.998,4.5215,bite
978475,-0.0883,0.5795,-0.653,27.4473,63.998,-3.7051,bite
978498,0.1353,0.5553,-0.6808,28.834,63.998,-6.377,bite
978521,0.4066,0.6017,-0.4855,24.7031,61.4922,-4.5762,bite
978544,0.384,0.6215,-0.4087,18.6855,59.9609,2.7773,bite
978567,0.5115,0.6428,-0.3129,7.7637,60.8984,9.1582,bite
978590,0.5856,0.7051,-0.194,-1.6426,63.998,18.4824,bite
978613,0.6381,0.6653,-0.1692,-5.5859,63.998,23.502,bite
978636,0.5797,0.6283,-0.2505,-7.4023,63.998,28.3457,bite
978659,0.5679,0.6116,-0.3079,-6.3027,63.998,29.6855,bite
978682,0.5083,0.5758,-0.3671,-2.6699,63.998,29.1582,bite
978705,0.5175,0.623,-0.376,1.3281,63.998,26.2793,bite
978728,0.4589,0.6378,-0.3876,3.3457,63.998,23.4668,bite
978751,0.5016,0.7273,-0.2875,4.9121,63.998,18.4023,bite
978774,0.7065,0.689,-0.2021,5.0605,60.8867,14.6582,bite
978797,0.615,0.7777,-0.1714,4.0996,49.5645,8.9062,bite
978820,0.5533,0.7726,-0.2771,1.4375,36.5293,3.9785,bite
978843,0.4639,0.7346,-0.2845,-1.625,27.9844,1.8652,bite
978866,0.4861,0.7034,-0.2816,-8.5293,16.8848,1.3242,bite
978889,0.5162,0.6249,-0.4104,-14.6152,10.9844,2.9121,bite
978912,0.6304,0.5676,-0.3649,-25.1914,3.9473,7.8574,bite
978935,0.5461,0.5663,-0.2034,-32.2852,-2.002,14.7578,bite
978958,0.4728,0.5721,-0.0266,-40.9492,-5.8262,19.7539,bite
978981,0.5411,0.5233,-0.0121,-45.2852,-11.9277,26.9102,bite
979004,0.7819,0.3861,-0.2737,-45.4551,-16.7695,30.9121,bite
979027,0.9272,0.2908,-0.4706,-42.5332,-26.2813,34.9297,other
979050,0.8286,0.2903,-0.4292,-39.3203,-34.6152,36.1113,other
979073,0.5425,0.3918,-0.373,-33.625,-50.1934,36.3047,other
979096,0.3456,0.4918,-0.3237,-27.0371,-64.0,36.2148,other
979119,0.4014,0.531,-0.4608,-21.9141,-64.0,36.6563,other
979142,0.4908,0.5522,-0.6653,-13.0273,-64.0,37.9434,other
979165,0.4974,0.5659,-0.6177,-6.6035,-64.0,38.6309,other
979188,0.3855,0.5358,-0.5908,2.9531,-64.0,38.1895,other
979211,0.3051,0.4712,-0.6382,11.3457,-64.0,34.9922,other
979234,0.328,0.4553,-0.7145,15.6602,-64.0,31.1758,other
979257,0.3073,0.4736,-0.6697,19.3613,-64.0,23.332,other
979280,0.2289,0.4846,-0.6367,19.7305,-64.0,17.1875,other
979303,0.1759,0.5044,-0.6664,17.252,-64.0,7.6387,other
979326,0.2394,0.5262,-0.6597,11.8672,-64.0,-1.2246,other
979349,0.2378,0.5286,-0.6572,6.877,-64.0,-6.3672,other
979372,0.1711,0.5308,-0.6707,-1.4688,-64.0,-12.6992,other
979395,0.199,0.5608,-0.566,-7.2402,-64.0,-15.9375,other
979418,0.2405,0.5721,-0.5713,-15.418,-63.6133,-19.2578,other
979441,0.1583,0.5842,-0.6204,-20.209,-56.3438,-20.418,other
979464,0.0806,0.6318,-0.7141,-26.1191,-46.9043,-20.5371,other
979487,0.3483,0.667,-0.541,-30.3496,-38.5449,-18.9063,other
979510,0.2887,0.6823,-0.5908,-32.2012,-33.3086,-17.1758,other
979533,-0.0317,0.6323,-0.6709,-33.666,-26.1953,-14.1309,other
979556,0.1343,0.5775,-0.629,-33.9805,-22.3047,-12.0625,other
979579,0.1494,0.5691,-0.6136,-33.8184,-17.9297,-9.6543,other
979602,0.1901,0.6086,-0.5629,-33.2129,-15.0059,-9.1055,other
979625,0.0265,0.641,-0.5825,-32.707,-13.6641,-10.2266,other
979648,0.197,0.6705,-0.6991,-31.9277,-12.2207,-14.3672,other
979671,0.3447,0.6438,-0.6256,-31.3652,-11.3555,-18.5332,other
979694,0.0404,0.6066,-0.5204,-30.1094,-8.4922,-25.9395,other
979717,-0.1722,0.6954,-0.637,-27.5898,-0.7148,-33.2813,other
979740,0.2979,0.6331,-0.6613,-24.748,7.9629,-37.4297,other
979763,0.0461,0.6517,-0.4901,-19.4688,24.1367,-41.748,other
979786,0.2296,0.6727,-0.457,-15.8125,34.6445,-43.084,other
979809,0.1384,0.6914,-0.5486,-11.3398,45.416,-42.6563,other
979832,0.1027,0.6871,-0.6421,-9.627,47.1836,-40.9023,other
979855,0.0959,0.6549,-0.5371,-9.5488,40.2832,-36.6074,other
979878,0.051,0.6499,-0.4824,-12.5078,23.5996,-31.1094,other
979901,0.0564,0.6648,-0.5095,-15.8848,9.3633,-27.1719,other
979924,0.0553,0.7017,-0.4618,-22.2285,-12.4141,-21.2559,other
979947,0.0618,0.7187,-0.3954,-26.7109,-25.0215,-17.4141,other
979970,0.1089,0.7263,-0.3621,-32.8105,-38.5039,-11.7949,other
979993,0.1578,0.7036,-0.425,-37.1426,-44.041,-6.2227,other
980016,0.1456,0.6904,-0.386,-38.6016,-43.1113,-2.4961,other
980039,0.1881,0.692,-0.4156,-38.2051,-35.0762,3.0117,other
980062,0.2468,0.6992,-0.5099,-36.1191,-25.7715,6.4668,other
980085,0.197,0.6855,-0.4279,-30.4648,-7.6133,10.9141,other
980108,0.1646,0.6837,-0.4583,-22.5098,12.7305,13.8809,other
980131,0.2521,0.6987,-0.479,-16.4941,25.8809,14.7656,other
980154,0.2059,0.697,-0.4449,-7.3672,42.6367,14.3086,other
980177,0.1768,0.691,-0.4705,-1.7422,50.791,12.8691,other
980200,0.1959,0.6848,-0.4872,5.3105,57.627,9.3105,other
980223,0.1915,0.6915,-0.4399,8.8301,58.4863,6.291,other
980246,0.1814,0.6949,-0.463,12.1426,54.4648,1.3809,other
980269,0.1581,0.6846,-0.4961,13.1973,45.0078,-3.2695,other
980292,0.1753,0.6696,-0.4657,12.8418,36.627,-5.873,other
980315,0.2064,0.6807,-0.4418,11.1406,22.6719,-8.623,other
980338,0.1278,0.6935,-0.4624,9.4922,13.3125,-9.5605,other
980361,0.1884,0.6594,-0.5432,6.6582,0.2578,-9.6406,other
980384,0.1677,0.6558,-0.4087,3.7676,-10.709,-8.4199,other
980407,0.2563,0.7114,-0.4517,2.0,-16.4023,-7.1289,other
980430,0.1117,0.7784,-0.5135,-0.1738,-22.0801,-4.9492,other
980453,0.1321,0.6968,-0.4884,-1.2207,-23.8926,-3.6094,other
980476,0.2502,0.6666,-0.4938,-2.2812,-23.8965,-2.0859,other
980499,0.1406,0.6918,-0.5015,-3.1113,-21.2676,-1.2832,other
980522,0.0715,0.6947,-0.3906,-3.7676,-18.3594,-1.1641,other
980545,0.2135,0.7019,-0.4521,-5.1172,-12.6035,-1.5215,other
980568,0.2332,0.6998,-0.5297,-6.2461,-8.0625,-1.9863,other
980591,0.1516,0.6866,-0.5626,-8.0723,-0.7949,-2.8184,other
980614,0.1154,0.6962,-0.4984,-9.2207,3.8145,-3.4395,other
980637,0.0736,0.6887,-0.5076,-10.5937,9.4258,-4.5723,other
980660,0.2069,0.7145,-0.4006,-11.373,12.4355,-6.0547,other
980683,0.2209,0.6951,-0.4221,-11.502,12.5293,-7.2402,other
980706,0.2432,0.7295,-0.3383,-11.0586,9.5176,-9.2363,other
980729,0.2133,0.7761,-0.4493,-10.334,5.5957,-10.6367,other
980752,-0.161,0.6129,-0.6597,-8.7422,-2.0859,-12.498,other
980775,0.0227,0.6831,-0.5013,-6.9434,-9.6777,-13.4844,other
980798,0.2168,0.733,-0.2689,-5.7793,-13.5762,-13.4492,other
980821,0.0967,0.6976,-0.5051,-4.1172,-16.8105,-12.2246,other
980844,0.059,0.6957,-0.4854,-3.0781,-17.082,-10.5762,other
980867,0.0441,0.6587,-0.5996,-1.8008,-14.8691,-6.8809,other
980890,0.0383,0.7261,-0.4803,-1.1777,-9.8477,-2.168,other
980913,0.1472,0.6925,-0.4977,-1.1543,-5.1211,1.0098,other
980936,0.0775,0.6566,-0.5576,-1.4277,3.7402,4.6035,other
980959,0.1534,0.6821,-0.4436,-1.6328,10.3086,5.4023,other
980982,0.1803,0.7317,-0.4122,-1.6855,19.2559,3.1035,other
981005,0.022,0.7607,-0.5603,-1.4121,23.5723,-3.9297,other
981028,0.088,0.7268,-0.6029,-0.625,26.9043,-9.8184,other
981051,0.4058,0.6847,-0.2964,0.1738,26.3184,-19.6152,other
981074,0.05,0.7073,-0.3986,0.4492,23.5723,-25.0645,other
981097,0.252,0.7052,-0.3647,0.293,16.4609,-29.8477,other
981120,0.111,0.7003,-0.4642,-0.1543,10.5352,-30.3262,other
981143,0.0593,0.6965,-0.5247,-1.041,1.4883,-27.2559,other
981166,0.0177,0.7074,-0.4482,-1.6543,-6.1133,-21.0254,other
981189,0.0326,0.7019,-0.5382,-1.6504,-9.8359,-16.0488,other
981212,-0.1105,0.6458,-0.5247,-0.9355,-13.0352,-8.5176,other
981235,0.0734,0.6967,-0.505,-0.166,-13.3828,-3.998,other
981258,0.1328,0.6857,-0.4869,1.0664,-10.668,1.0508,other
981281,0.1158,0.7097,-0.452,2.125,-3.6367,3.0,other
981304,0.1514,0.702,-0.4417,2.6582,3.1719,2.2988,other
981327,0.1454,0.7284,-0.567,3.2441,15.1641,-1.5781,other
981350,0.0219,0.7159,-0.6219,3.5254,23.2266,-5.6328,other
981373,0.324,0.7496,-0.2559,3.6016,33.1895,-12.4902,other
981396,0.4397,0.7668,-0.4176,3.293,36.9102,-17.9102,other
981419,-0.0427,0.6234,-0.4369,2.1895,36.2734,-19.373,other
981442,-0.0865,0.6215,-0.6005,0.3301,27.8691,-17.3398,other
981465,0.12,0.7362,-0.4882,-1.2461,18.8926,-13.3047,other
981488,0.0947,0.6892,-0.4572,-3.8906,3.3574,-4.7832,other
981511,-0.0239,0.6587,-0.5448,-5.709,-6.4629,1.4746,other
981534,-0.032,0.6866,-0.5771,-8.3574,-17.6367,10.1035,other
981557,0.0879,0.6948,-0.4956,-10.6973,-22.1699,16.1191,other
981580,0.0536,0.6812,-0.4603,-11.832,-20.8848,17.9004,other
981603,0.2283,0.7346,-0.3545,-12.4102,-13.4863,16.6406,other
981626,0.2239,0.7842,-0.4795,-11.8633,-6.2754,13.1914,other
981649,0.114,0.7053,-0.5867,-9.7266,5.4473,4.8848,other
981672,0.0686,0.6854,-0.4575,-6.7109,15.5605,-5.0039,other
981695,0.2808,0.6917,-0.3402,-4.7266,20.125,-10.9414,other
981718,0.1,0.6726,-0.4658,-2.377,22.5488,-17.0176,other
981741,0.1497,0.7535,-0.4747,-1.3613,21.2891,-18.7285,other
981764,0.0699,0.7175,-0.4397,-0.5488,16.1777,-18.0898,other
981787,0.298,0.7983,-0.4355,-0.3906,11.5156,-14.5273,other
981810,0.9286,0.7909,-0.4189,-0.8672,4.1641,-10.9473,other
981833,-0.4392,0.6011,-0.3876,-2.8809,-1.6191,-3.7461,other
981856,0.0778,0.6136,-0.7119,-5.4395,-3.252,2.7324,other
981879,-0.8672,0.814,-0.6769,-10.8848,-1.8438,15.041,other
981902,-0.9784,0.8696,-0.4423,-14.7617,0.8516,23.8438,other
981925,1.2433,0.6348,-0.2799,-18.6504,4.5508,33.6445,other
981948,0.8239,0.9043,-0.5383,-18.1953,3.7109,33.998,other
981971,0.1372,0.908,-0.3892,-15.3125,-0.1191,28.0137,other
981994,0.1903,0.8551,-0.479,-8.2793,-8.4277,12.9707,other
982017,0.1711,0.7887,-0.3687,-3.0312,-13.5195,2.168,other
982040,0.1772,0.6337,-0.4911,3.082,-16.8906,-9.6875,other
982063,-0.1305,0.5366,-0.4058,4.3926,-12.0508,-11.8223,other
982086,0.1746,0.5917,-0.5167,1.8809,-3.6699,-6.9453,other
982109,0.2778,0.7223,-0.3956,-6.2129,14.6133,8.3574,other
982132,0.179,0.75,-0.3802,-13.2305,28.2441,22.0156,other
982155,0.3356,0.7014,-0.3436,-23.6133,46.7363,43.8984,other
982178,0.5374,0.684,-0.369,-29.1758,55.9434,63.2051,other
982201,0.5483,0.7223,-0.2347,-34.0215,63.5039,63.998,other
982224,0.6364,0.7277,-0.275,-33.9609,63.8828,63.998,other
982247,0.6312,0.7246,-0.3827,-31.4766,61.1621,63.998,other
982270,0.6112,0.7094,-0.4537,-25.4102,54.959,63.998,other
982293,0.5614,0.6721,-0.4354,-20.7012,50.7227,63.998,other
982316,0.5852,0.6226,-0.3799,-13.7773,45.6953,63.998,other
982339,0.6174,0.5537,-0.3914,-7.5449,42.6875,63.998,other
982362,0.6228,0.4763,-0.4363,-3.7051,41.4805,63.998,other
982385,0.6239,0.3945,-0.4092,2.082,39.959,63.998,other
982408,0.713,0.3088,-0.3479,6.3848,38.6758,63.998,other
982431,0.7742,0.2311,-0.4056,14.2812,35.7754,63.998,other
982454,0.7798,0.1775,-0.3184,24.5625,31.3242,63.998,other
982477,0.8092,0.1211,-0.1593,32.9258,27.7871,63.998,other
982500,0.8258,0.047,-0.152,47.5391,23.0723,63.998,other
982523,0.8085,-0.0269,-0.17,58.0664,21.2227,63.998,bite
982546,0.8484,-0.0853,-0.2609,63.998,21.3359,63.998,bite
982569,0.8876,-0.0979,-0.3088,63.998,23.373,63.998,bite
982592,0.8124,-0.087,-0.2869,63.998,28.6211,63.998,bite
982615,0.873,-0.1345,-0.4344,63.998,35.1699,63.998,bite
982638,0.9968,-0.1454,-0.4429,63.998,39.3223,63.998,bite
982661,1.0156,-0.1111,-0.2368,63.998,43.6094,63.998,bite
982684,1.059,-0.108,-0.1406,63.998,44.4961,63.998,bite
982707,1.0524,-0.1354,-0.2183,54.6328,42.498,58.9082,bite
982730,1.0374,-0.1682,-0.3217,40.7168,36.9141,41.8574,bite
982753,0.9885,-0.1681,-0.334,32.125,31.748,32.1484,bite
982776,0.9554,-0.1534,-0.257,20.7578,22.9902,21.1523,bite
982799,0.9283,-0.1483,-0.1918,14.4551,17.1816,16.541,bite
982822,0.9186,-0.1608,-0.1749,7.2422,9.5625,13.6699,bite
982845,0.8983,-0.1844,-0.2522,2.6836,4.1113,14.873,bite
982868,0.8724,-0.2014,-0.3263,0.8457,1.8438,17.2324,bite
982891,0.8654,-0.1923,-0.2732,-0.7012,0.2129,21.834,bite
982914,0.9059,-0.172,-0.1589,-1.166,-0.0293,24.8574,bite
982937,0.9738,-0.2073,-0.2045,-1.2266,0.2969,28.1797,bite
982960,0.985,-0.2302,-0.2581,-0.9883,0.6934,29.1406,bite
982983,1.0002,-0.2247,-0.2236,-0.6035,1.2246,28.332,bite
983006,0.9996,-0.2325,-0.2407,-0.5664,1.4609,25.3633,bite
983029,0.9462,-0.246,-0.2352,-0.8438,1.4453,22.7031,bite
983052,0.9246,-0.2572,-0.222,-1.7266,1.3809,18.709,bite
983075,0.9127,-0.2692,-0.2491,-2.5801,1.4746,16.5898,bite
983098,0.9022,-0.2794,-0.2728,-4.1406,2.0117,14.8477,bite
983121,0.9012,-0.2867,-0.2618,-5.8164,3.0645,15.0059,bite
983144,0.9211,-0.2777,-0.1562,-6.8145,3.9336,15.9746,bite
983167,0.9536,-0.2863,-0.1592,-7.8437,5.1191,18.1035,bite
983190,1.0187,-0.2966,-0.2537,-8.1484,5.5898,19.5625,bite
983213,1.015,-0.2919,-0.2926,-8.1777,5.5254,21.2207,bite
983236,0.9932,-0.2628,-0.2209,-7.959,4.543,21.9277,bite
983259,1.0071,-0.2687,-0.2084,-7.7402,3.5332,21.9297,bite
983282,1.0048,-0.3125,-0.3082,-7.3672,1.7188,21.623,bite
983305,0.957,-0.3176,-0.3409,-7.1855,0.4121,21.5313,bite
983328,0.9288,-0.323,-0.3123,-7.1426,-1.4375,22.168,bite
983351,0.9552,-0.3437,-0.3163,-7.2246,-2.9082,24.3516,bite
983374,0.8755,-0.3693,-0.2726,-7.3242,-3.1816,26.9023,bite
983397,0.8083,-0.4196,-0.2555,-7.1992,-2.7734,32.5,bite
983420,0.8866,-0.3823,-0.2206,-6.959,-1.6582,37.3086,bite
983443,0.9114,-0.5488,-0.0643,-6.5,1.123,45.5957,bite
983466,0.8156,-0.6621,-0.41,-6.3711,3.1934,51.4688,bite
983489,0.8428,-0.5865,-0.2963,-7.2656,5.6152,60.2168,bite
983512,0.7462,-0.5566,-0.1857,-9.8379,6.8496,63.998,bite
983535,0.76,-0.5995,-0.2665,-12.209,7.0918,63.998,bite
983558,0.791,-0.5981,-0.2649,-16.0918,6.5625,63.998,bite
983581,0.7024,-0.5962,-0.2085,-18.502,5.668,63.998,bite
983604,0.6697,-0.6134,-0.1787,-21.1875,4.0937,63.998,bite
983627,0.6294,-0.6373,-0.2365,-22.2246,3.2441,63.998,bite
983650,0.614,-0.6316,-0.1965,-21.9375,3.5039,63.998,bite
983673,0.6675,-0.6626,-0.1548,-20.2324,5.3437,63.998,bite
983696,0.8667,-0.6693,-0.073,-18.4258,7.3262,58.9824,bite
983719,0.9258,-0.6768,-0.0657,-15.0918,10.5137,47.7109,bite
983742,0.764,-0.6666,-0.1586,-12.7578,12.873,34.8848,bite
983765,0.6605,-0.6293,-0.1892,-9.7598,13.8086,26.2754,bite
983788,0.7264,-0.6083,-0.1953,-8.0625,14.5488,14.5469,bite
983811,0.916,-0.6003,-0.1503,-7.8418,14.6992,7.9473,bite
983834,0.969,-0.6157,-0.1884,-8.8184,14.207,-0.002,bite
983857,0.8947,-0.6125,-0.2476,-10.1914,13.2637,-4.0801,bite
983880,0.8823,-0.6033,-0.2477,-12.9375,11.1191,-8.3848,bite
983903,0.9462,-0.6003,-0.1971,-15.7754,8.6719,-10.4375,bite
983926,0.8585,-0.5842,-0.1169,-17.2422,7.127,-10.5469,bite
983949,0.7966,-0.5937,-0.1497,-18.1895,5.2695,-8.9434,bite
983972,0.8798,-0.6083,-0.2013,-17.8574,4.4902,-6.9043,bite
983995,0.9268,-0.603,-0.1694,-16.1348,3.8867,-3.0762,bite
984018,0.9293,-0.6125,-0.1534,-13.4316,3.4902,0.7031,bite
984041,0.9557,-0.6371,-0.2074,-11.3437,3.1445,2.8223,bite
984064,0.8726,-0.6545,-0.1824,-8.1426,2.3809,5.3496,bite
984087,0.7579,-0.6694,-0.1666,-6.1094,1.7539,6.832,bite
984110,0.7046,-0.6725,-0.1592,-3.3691,0.8809,9.2988,bite
984133,0.745,-0.6821,-0.1552,-1.8184,0.248,12.3809,bite
984156,0.7952,-0.7255,-0.2072,-0.0957,-0.1289,14.6777,bite
984179,0.8005,-0.769,-0.2393,0.5918,-0.9199,18.0664,bite
984202,0.7924,-0.7651,-0.2244,0.3457,-1.7168,20.0742,bite
984225,0.7874,-0.7434,-0.2058,-1.0117,-3.2891,22.5625,bite
984248,0.7728,-0.7418,-0.2263,-2.418,-4.4551,23.9121,bite
984271,0.7375,-0.7416,-0.2346,-4.9531,-6.1113,25.7109,bite
984294,0.7706,-0.7501,-0.2599,-7.6895,-7.4395,27.5586,bite
984317,0.8074,-0.7499,-0.2255,-9.4922,-8.1484,28.9023,bite
984340,0.7441,-0.7604,-0.2339,-11.9668,-9.0977,31.0547,bite
984363,0.6512,-0.7478,-0.2269,-13.3555,-9.7168,32.5547,bite
984386,0.6362,-0.7277,-0.2101,-14.9258,-10.6328,34.8516,bite
984409,0.6685,-0.7163,-0.2701,-15.8379,-11.5137,36.9492,bite
984432,0.6855,-0.6975,-0.2798,-16.1152,-12.0859,37.998,bite
984455,0.6594,-0.7042,-0.3228,-16.0664,-12.8555,38.7578,bite
984478,0.6029,-0.705,-0.3307,-15.6758,-13.1504,38.707,bite
984501,0.5334,-0.7083,-0.2234,-14.3145,-12.7559,38.0293,bite
984524,0.5177,-0.7441,-0.2275,-11.6836,-10.7598,37.0566,bite
984547,0.4724,-0.7791,-0.2416,-8.9824,-8.4551,36.4141,bite
984570,0.483,-0.8035,-0.2281,-3.9902,-3.8555,35.4336,bite
984593,0.4828,-0.8353,-0.2187,-0.2383,-0.4238,34.584,bite
984616,0.5825,-0.8599,-0.1555,5.459,4.4102,32.4844,bite
984639,0.6737,-0.8901,-0.1559,8.9883,6.9336,30.1797,bite
984662,0.6472,-0.9025,-0.1521,13.3984,9.0371,25.0176,bite
984685,0.6277,-0.9063,-0.1654,16.3477,9.0176,18.0586,bite
984708,0.6211,-0.8971,-0.1648,17.3828,8.0723,12.8711,bite
984731,0.6704,-0.8958,-0.1597,17.5547,5.8516,5.1309,bite
984754,0.6801,-0.881,-0.1511,16.8613,4.123,0.4531,bite
984777,0.6073,-0.8582,-0.1521,14.9121,1.5566,-5.2227,bite
984800,0.587,-0.8555,-0.1578,12.2988,-0.4727,-8.7734,bite
984823,0.6251,-0.8588,-0.1918,10.3711,-1.3145,-9.875,bite
984846,0.6503,-0.8536,-0.1655,7.4023,-1.7949,-9.8809,bite
984869,0.675,-0.8507,-0.1497,5.4824,-1.7207,-9.0684,bite
984892,0.6309,-0.8755,-0.1526,2.8789,-1.3086,-7.1172,bite
984915,0.6167,-0.8978,-0.1528,0.8848,-0.8027,-4.7227,bite
984938,0.6631,-0.8925,-0.152,-0.5254,-0.5254,-3.0859,bite
984961,0.7551,-0.9224,-0.1519,-2.168,-0.4238,-0.8672,bite
984984,0.701,-0.9196,-0.1519,-3.2148,-0.7227,0.3262,bite
985007,0.6272,-0.8926,-0.1632,-4.8906,-1.7871,1.7363,bite
985030,0.6328,-0.9449,-0.2069,-6.1855,-2.7793,2.5664,bite
985053,0.7147,-1.0326,-0.1007,-8.5957,-4.5156,3.8945,bite
985076,0.7506,-1.0363,0.0106,-11.6699,-6.8125,5.5039,bite
985099,0.6432,-1.0099,-0.1425,-14.125,-8.8633,6.8398,bite
985122,0.5219,-0.9827,-0.2991,-18.6621,-12.5684,9.4707,bite
985145,0.5264,-0.8766,-0.2646,-22.4648,-15.1602,11.7305,bite
985168,0.5923,-0.8024,-0.3081,-29.4238,-18.9629,15.7598,bite
985191,0.5767,-0.8059,-0.4343,-37.5977,-22.7129,20.0098,bite
985214,0.527,-0.7222,-0.3536,-43.4102,-25.1992,22.5996,bite
985237,0.4092,-0.6677,-0.3444,-51.8809,-28.7129,25.752,bite
985260,0.3776,-0.6826,-0.4304,-56.8477,-30.6895,27.2754,bite
985283,0.4497,-0.7004,-0.4998,-62.6563,-32.6504,28.5605,bite
985306,0.4862,-0.7238,-0.6102,-64.0,-33.1816,28.4121,bite
985329,0.4829,-0.7263,-0.5751,-64.0,-32.8164,27.4609,bite
985352,0.4102,-0.7554,-0.4937,-64.0,-31.3496,24.9648,bite
985375,0.4463,-0.7971,-0.4254,-64.0,-29.7617,22.8594,bite
985398,0.4918,-0.8202,-0.4014,-58.6328,-26.5352,19.5352,bite
985421,0.4709,-0.8052,-0.4995,-53.6172,-24.0449,17.4297,bite
985444,0.4833,-0.7896,-0.6296,-45.2793,-20.3164,14.668,bite
985467,0.4814,-0.7737,-0.6267,-37.4844,-17.1035,12.502,bite
985490,0.4579,-0.776,-0.6097,-33.2012,-15.3926,11.4395,bite
985513,0.3699,-0.7433,-0.4955,-28.3652,-13.4141,10.5625,bite
985536,0.2942,-0.7126,-0.481,-26.0078,-12.3066,10.5566,bite
985559,0.2946,-0.7357,-0.6135,-23.2754,-10.582,11.4453,bite
985582,0.3456,-0.7533,-0.6322,-21.1387,-8.7187,13.0332,bite
985605,0.4242,-0.7777,-0.5952,-19.8887,-7.5684,14.1035,bite
985628,0.4603,-0.7915,-0.5205,-17.9355,-6.3242,15.1562,bite
985651,0.3993,-0.8591,-0.5197,-16.3418,-5.9102,15.3027,bite
985674,0.3932,-0.8687,-0.5101,-13.2656,-5.7539,14.7227,bite
985697,0.3455,-0.8102,-0.3437,-9.4473,-5.8574,13.4824,bite
985720,0.3893,-0.8441,-0.6813,-6.7656,-5.9668,12.4648,bite
985743,0.4663,-0.7131,-0.6941,-3.2734,-6.2324,10.8379,bite
985766,0.329,-0.6212,-0.5233,-1.5625,-6.5234,9.7949,bite
985789,0.2518,-0.6921,-0.639,0.1465,-6.9297,8.502,bite
985812,0.5148,-0.7583,-0.6311,0.7773,-7.1621,7.8437,bite
985835,0.3374,-0.8047,-0.6035,1.0059,-7.627,6.9473,bite
985858,0.3716,-0.7458,-0.6385,0.8262,-7.5781,5.7695,bite
985881,0.3887,-0.5508,-0.6134,0.9316,-6.7422,4.6445,bite
985904,0.3147,-0.7036,-0.6702,2.1035,-3.9199,2.3789,bite
985927,0.28,-0.5267,-0.249,3.6387,-1.0938,0.5684,bite
985950,0.2382,-0.7744,-0.9154,6.5488,3.6699,-2.4336,bite
985973,0.484,-0.5846,-0.8556,9.0195,7.625,-6.0156,bite
985996,0.3831,-0.4834,-0.6738,10.3145,8.9687,-8.9941,bite
986019,0.2474,-0.5538,-0.6581,13.1016,8.6191,-14.5781,bite
986042,0.1285,-0.709,-0.4646,16.6406,7.1602,-19.0527,bite
986065,0.1334,-0.7657,-0.2366,26.0137,4.2578,-27.043,bite
986088,0.2023,-0.8103,-0.0059,40.7676,1.0488,-37.2441,bite
986111,0.5829,-0.8536,0.0131,53.0137,-1.8086,-45.6426,bite
986134,0.8063,-0.8491,0.0016,63.998,-9.1016,-60.5762,bite
986157,0.9392,-0.7815,-0.0928,63.998,-16.8926,-64.0,bite
986180,0.9462,-0.7128,-0.3394,63.998,-33.334,-64.0,bite
986203,0.9489,-0.6698,-0.5533,63.998,-46.9258,-64.0,bite
986226,0.938,-0.6163,-0.5681,63.998,-64.0,-64.0,bite
986249,1.0316,-0.5693,-0.6208,63.998,-64.0,-64.0,bite
986272,1.1036,-0.5526,-0.7268,62.8555,-64.0,-64.0,bite
986295,0.9309,-0.5177,-0.6567,35.2012,-64.0,-64.0,bite
986318,0.7539,-0.5046,-0.6783,16.1797,-64.0,-64.0,bite
986341,0.6273,-0.4937,-0.653,-9.7832,-64.0,-64.0,bite
986364,0.6124,-0.4674,-0.5963,-29.6836,-64.0,-64.0,bite
986387,0.6471,-0.4442,-0.6459,-38.7734,-64.0,-64.0,bite
986410,0.6559,-0.4111,-0.7198,-46.418,-64.0,-64.0,bite
986433,0.6947,-0.3704,-0.7644,-48.291,-64.0,-58.7598,bite
986456,0.7177,-0.3296,-0.7822,-48.0039,-39.873,-36.5723,bite
986479,0.6508,-0.2819,-0.7806,-45.8379,-20.627,-18.8398,bite
986502,0.5697,-0.243,-0.7765,-44.0078,-11.4492,-10.0137,bite
986525,0.5302,-0.2131,-0.7684,-41.0234,-2.8867,-1.0898,other
986548,0.5421,-0.1993,-0.7667,-38.8945,-0.1191,2.3223,other
986571,0.5984,-0.2159,-0.7434,-35.5547,0.5,4.1914,other
986594,0.6567,-0.2271,-0.705,-33.375,-1.123,2.9687,other
986617,0.6565,-0.2302,-0.645,-30.5527,-6.2852,-0.3496,other
986640,0.6281,-0.2211,-0.5842,-28.75,-14.0703,-7.0234,other
986663,0.5908,-0.2114,-0.6027,-28.3496,-20.041,-12.627,other
986686,0.5721,-0.202,-0.7014,-29.332,-28.9004,-21.8496,other
986709,0.4991,-0.2039,-0.8197,-31.2852,-34.1504,-27.9336,other
986732,0.4409,-0.1816,-0.9083,-36.3633,-40.3926,-35.9336,other
986755,0.4149,-0.1392,-0.884,-43.4941,-44.2754,-41.5898,other
986778,0.4017,-0.1095,-0.8624,-48.6387,-45.5391,-43.7656,other
986801,0.3789,-0.099,-0.8413,-55.4434,-45.6445,-44.6777,other
986824,0.3951,-0.095,-0.8696,-58.582,-44.6895,-43.959,other
986847,0.4227,-0.0946,-0.9073,-60.3691,-42.084,-41.5527,other
986870,0.4888,-0.0858,-0.9637,-58.4551,-38.7813,-38.5273,other
986893,0.5297,-0.0795,-0.9436,-55.3105,-36.6992,-36.6719,other
986916,0.5402,-0.078,-0.8695,-48.2246,-34.3223,-34.5352,other
986939,0.5306,-0.0916,-0.8209,-42.1406,-33.2676,-33.4902,other
986962,0.4607,-0.0957,-0.7721,-31.3691,-32.0195,-31.8984,other
986985,0.3779,-0.0791,-0.7786,-23.3887,-30.9453,-29.3145,other
987008,0.3445,-0.0648,-0.777,-10.9395,-28.1699,-26.3418,other
987031,0.355,-0.0643,-0.7787,0.9316,-23.4492,-20.0762,other
987054,0.3693,-0.0674,-0.8105,7.8184,-19.2559,-14.8359,other
987077,0.3767,-0.0687,-0.8296,15.7012,-11.9316,-6.2598,other
987100,0.4053,-0.0681,-0.8177,19.0078,-6.8574,-0.6992,other
987123,0.4423,-0.0852,-0.8722,20.9473,0.0742,6.3887,other
987146,0.4576,-0.1007,-0.8601,19.6406,5.1523,11.1035,other
987169,0.4697,-0.1324,-0.8424,17.377,7.1523,12.6953,other
987192,0.4642,-0.1582,-0.8043,12.7246,8.0078,12.8711,other
987215,0.4272,-0.1667,-0.7769,9.2871,7.3262,11.7988,other
987238,0.4081,-0.1655,-0.7775,4.3633,5.043,9.1543,other
987261,0.4224,-0.1547,-0.7773,0.291,2.168,6.2285,other
987284,0.4369,-0.152,-0.7919,-1.8516,0.3672,4.5547,other
987307,0.446,-0.1514,-0.847,-4.3809,-1.7617,2.8477,other
987330,0.4349,-0.1361,-0.8431,-5.793,-2.7187,2.3496,other
987353,0.4139,-0.1184,-0.8245,-7.7344,-3.4414,2.6035,other
987376,0.3881,-0.1036,-0.8289,-8.9453,-3.4746,3.9687,other
987399,0.3737,-0.0997,-0.8411,-10.5742,-2.9395,5.3828,other
987422,0.3723,-0.0988,-0.8431,-11.8418,-1.791,7.9687,other
987445,0.3762,-0.0909,-0.8431,-12.4258,-0.7129,9.7812,other
987468,0.376,-0.0844,-0.8496,-12.8594,1.2695,12.2187,other
987491,0.3756,-0.0819,-0.8484,-12.8555,2.7344,13.4375,other
987514,0.3782,-0.0764,-0.8348,-12.4707,4.9707,14.3535,other
987537,0.4248,-0.0854,-0.8326,-11.8223,7.041,13.8027,other
987560,0.4974,-0.1003,-0.8383,-11.4297,8.1133,12.3633,other
987583,0.5054,-0.1091,-0.8048,-11.2676,8.748,8.2793,other
987606,0.4756,-0.1165,-0.7866,-11.6094,8.3027,4.2637,other
987629,0.4338,-0.0974,-0.7765,-12.9258,6.3555,-3.2324,other
987652,0.4348,-0.04,-0.7776,-15.1113,3.3848,-11.459,other
987675,0.459,-0.0105,-0.7899,-16.9355,1.1816,-16.7266,other
987698,0.4596,-0.0057,-0.8362,-20.0215,-2.0039,-23.5215,other
987721,0.4069,0.0031,-0.8452,-22.1855,-3.8066,-26.9629,other
987744,0.3375,0.0166,-0.8329,-25.3281,-5.6055,-30.0566,other
987767,0.2632,0.0187,-0.9222,-27.168,-6.0,-30.459,other
987790,0.23,0.0278,-0.8387,-29.2031,-5.2187,-29.3906,other
987813,0.3584,0.095,-0.7084,-29.8535,-2.6523,-26.6543,other
987836,0.4913,0.1025,-0.7471,-29.2871,-0.0137,-24.8301,other
987859,0.5685,0.1116,-0.814,-27.2109,4.5762,-23.3008,other
987882,0.6735,0.1353,-0.8246,-25.541,7.3184,-23.4785,other
987905,0.6958,0.1158,-0.8757,-23.6602,9.832,-25.5195,other
987928,0.675,0.1295,-0.8666,-23.4258,9.8359,-28.6895,other
987951,0.4794,0.1512,-0.7783,-24.3047,8.7285,-30.5137,other
987974,0.4047,0.1554,-0.8259,-26.7168,6.8516,-31.334,other
987997,0.3971,0.1605,-0.8354,-28.6328,6.291,-30.0293,other
988020,0.4341,0.1774,-0.7859,-31.2461,7.0762,-25.1758,other
988043,0.4659,0.1835,-0.792,-32.8086,9.4258,-17.7578,other
988066,0.4774,0.1829,-0.7767,-32.9824,11.3203,-12.1738,other
988089,0.452,0.1757,-0.7781,-31.7676,13.8672,-4.0527,other
988112,0.3815,0.1519,-0.7778,-29.9824,15.1191,0.6426,other
988135,0.3812,0.1294,-0.7764,-25.9941,16.2754,5.9863,other
988158,0.4521,0.1134,-0.6975,-22.6172,16.6074,8.8457,other
988181,0.5184,0.1099,-0.687,-16.8613,16.3906,9.2344,other
988204,0.5226,0.0946,-0.7366,-10.9844,15.1602,7.5957,other
988227,0.4702,0.1204,-0.7318,-7.5137,13.7578,5.2578,other
988250,0.4602,0.1567,-0.6505,-3.6914,11.0918,0.5527,other
988273,0.4656,0.191,-0.577,-2.332,9.2715,-2.9531,other
988296,0.5927,0.1604,-0.807,-2.3574,6.875,-8.1133,other
988319,0.5422,0.1987,-0.734,-5.1914,4.6934,-12.4805,other
988342,0.4974,0.2156,-0.7778,-8.625,3.3027,-14.6074,other
988365,0.4292,0.2245,-0.738,-15.5312,1.5918,-16.1621,other
988388,0.4041,0.2847,-0.6796,-20.8047,0.7832,-15.9297,other
988411,0.576,0.3018,-0.7694,-28.7754,-0.1055,-13.8047,other
988434,0.5532,0.3125,-0.7719,-35.9492,-1.1113,-10.4238,other
988457,0.566,0.2944,-0.7783,-39.959,-2.0098,-8.0762,other
988480,0.5282,0.2874,-0.7771,-44.4824,-3.666,-5.1465,other
988503,0.5261,0.29,-0.776,-46.3457,-4.8437,-3.8262,other
988526,0.4999,0.2961,-0.7362,-47.2344,-6.4863,-2.8984,other
988549,0.4857,0.2953,-0.7476,-46.5664,-7.8633,-3.0527,other
988572,0.4751,0.3348,-0.7319,-43.9727,-8.1543,-3.5391,other
988595,0.4238,0.3634,-0.7249,-40.168,-8.127,-4.4883,other
988618,0.3922,0.4103,-0.7797,-37.4512,-7.5469,-5.1152,other
988641,0.3796,0.4453,-0.7261,-33.8477,-5.8691,-6.0078,other
988664,0.42,0.4764,-0.6543,-32.0762,-4.3613,-6.6973,other
988687,0.478,0.4989,-0.6277,-30.6191,-1.8613,-8.3184,other
988710,0.4308,0.4751,-0.694,-30.6406,0.6602,-11.3145,other
988733,0.3547,0.4586,-0.7544,-31.4219,2.3965,-14.3477,other
988756,0.363,0.4355,-0.7157,-33.418,5.2441,-20.5313,other
988779,0.3763,0.3868,-0.7817,-34.9238,7.2812,-25.668,other
988802,0.3322,0.3817,-0.6884,-36.5781,10.0937,-34.5742,other
988825,0.3644,0.3798,-0.5698,-36.3848,11.8184,-44.252,other
988848,0.5229,0.3096,-0.6366,-34.7324,11.9609,-50.6543,other
988871,0.6613,0.2104,-0.808,-29.8867,10.043,-59.291,other
988894,0.5204,0.2729,-0.6349,-25.3906,6.9414,-63.6758,other
988917,0.1417,0.379,-0.3419,-17.3418,-0.5059,-64.0,other
988940,0.078,0.4086,-0.4021,-11.377,-9.6016,-63.0547,other
988963,0.3011,0.3641,-0.7213,-2.4453,-15.7578,-57.0781,other
988986,0.4087,0.3494,-0.7635,4.543,-24.0547,-43.9766,other
989009,0.3685,0.3986,-0.5634,7.1582,-29.0625,-33.7871,other
989032,0.2892,0.4856,-0.5115,7.5918,-35.4707,-18.4082,other
989055,0.149,0.58,-0.5685,5.7539,-38.5313,-8.9043,other
989078,0.0897,0.5984,-0.7723,0.3945,-40.2441,3.543,other
989101,0.1792,0.5997,-0.9415,-7.4082,-37.7461,13.4375,other
989124,0.2648,0.6221,-0.7535,-13.4648,-33.9824,18.3555,other
989147,0.2926,0.627,-0.6377,-22.5098,-26.3203,22.748,other
989170,0.2815,0.6338,-0.5952,-27.6016,-20.5859,23.5391,other
989193,0.3141,0.5847,-0.6476,-32.6992,-12.0664,21.6621,other
989216,0.387,0.5258,-0.7037,-34.4238,-4.7051,16.666,other
989239,0.4109,0.4917,-0.6763,-33.9531,-1.0117,12.0332,other
989262,0.3517,0.5046,-0.573,-31.4727,2.082,4.0684,other
989285,0.2317,0.5514,-0.4739,-29.0,2.4668,-1.1953,other
989308,0.2056,0.5665,-0.5574,-24.7031,1.0586,-7.6895,other
989331,0.2665,0.5587,-0.6681,-21.9063,-1.7617,-11.3926,other
989354,0.3035,0.5553,-0.6604,-18.6289,-3.9766,-12.1523,other
989377,0.3114,0.5806,-0.6252,-16.9883,-7.3457,-11.1113,other
989400,0.2433,0.6184,-0.5975,-16.7578,-9.4258,-9.3066,other
989423,0.192,0.6266,-0.5839,-17.2168,-11.9844,-5.4844,other
989446,0.2208,0.6233,-0.5682,-17.7031,-13.166,-2.5098,other
989469,0.2618,0.603,-0.6152,-18.2168,-14.0762,1.9375,other
989492,0.2556,0.5914,-0.6328,-18.1875,-14.0723,5.5547,other
989515,0.2063,0.6034,-0.5573,-17.8105,-13.6445,7.2148,other
989538,0.205,0.5916,-0.5348,-16.666,-12.4141,8.5195,other
989561,0.2401,0.5719,-0.5725,-15.543,-11.2305,8.6797,other
989584,0.2737,0.5667,-0.5963,-13.5508,-9.0527,8.0293,other
989607,0.2827,0.5507,-0.6475,-11.5937,-6.668,6.5488,other
989630,0.2327,0.573,-0.5449,-10.4805,-5.1289,5.3047,other
989653,0.178,0.5857,-0.5079,-9.125,-3.0098,3.459,other
989676,0.2087,0.5774,-0.577,-8.4062,-1.7109,2.4453,other
989699,0.3491,0.5809,-0.8096,-7.7148,-0.0039,1.3477,other
989722,0.2717,0.6384,-0.5342,-7.6367,1.2676,0.5879,other
989745,0.2781,0.6307,-0.5945,-8.2012,1.8984,0.1543,other
989768,0.2834,0.6202,-0.5717,-9.4687,2.6309,-0.4629,other
989791,0.2854,0.5813,-0.5654,-10.5254,3.0391,-0.8594,other
989814,0.2913,0.5737,-0.575,-12.0801,3.5547,-1.3984,other
989837,0.274,0.5796,-0.5718,-12.9141,3.7793,-1.6934,other
989860,0.2369,0.5828,-0.5851,-13.707,3.7207,-1.9922,other
989883,0.2283,0.587,-0.5693,-14.0078,2.9316,-2.123,other
989906,0.2465,0.6018,-0.567,-14.041,1.957,-2.166,other
989929,0.2482,0.6436,-0.5735,-13.9922,0.0195,-2.2852,other
989952,0.264,0.6504,-0.5835,-13.9453,-1.3867,-2.457,other
989975,0.2324,0.6162,-0.5713,-13.9473,-3.3027,-2.877,other
989998,0.2687,0.6031,-0.5977,-14.2734,-4.6602,-3.4629,other
990021,0.2415,0.6825,-0.5969,-14.8242,-5.1406,-3.9258,other
990044,0.2527,0.7567,-0.6144,-16.2305,-5.1426,-4.6758,other
990067,0.293,0.8879,-0.526,-17.6152,-4.7949,-5.1934,other
990090,0.1863,0.9735,-0.4296,-20.627,-4.373,-6.0234,other
990113,0.2223,0.8904,-0.4147,-25.4902,-4.6172,-7.0703,other
990136,0.2026,0.7117,-0.6027,-29.6309,-5.1914,-8.002,other
990159,0.2311,0.701,-0.3643,-38.3672,-6.4316,-9.8047,other
990182,0.1072,0.6664,-0.194,-45.1895,-7.3105,-11.1699,other
990205,0.0358,0.6504,-0.1388,-55.498,-8.3926,-12.9961,other
990228,0.0588,0.6288,-0.2881,-61.6758,-8.7734,-13.7578,other
990251,0.0398,0.582,-0.4875,-64.0,-8.5215,-13.9629,other
990274,0.0417,0.5618,-0.5142,-64.0,-6.9434,-13.2578,other
990297,0.0498,0.5901,-0.3696,-64.0,-5.0488,-12.6152,other
990320,0.2129,0.6104,-0.3308,-64.0,-1.1563,-12.0586,other
990343,0.3865,0.6251,-0.3351,-64.0,1.6875,-12.2891,other
990366,0.3131,0.7345,-0.1429,-64.0,5.1621,-13.6406,other
990389,0.222,0.785,-0.2579,-60.5996,7.0801,-15.4473,other
990412,0.2146,0.8101,-0.3683,-52.1914,7.6953,-16.1914,other
990435,0.2599,0.8151,-0.4331,-38.2129,8.3047,-15.7031,other
990458,0.2635,0.8363,-0.3604,-28.7051,8.7969,-14.1191,other
990481,0.2832,0.7975,-0.4445,-15.1074,9.7812,-10.1328,other
990504,0.2537,0.7727,-0.3912,-3.4121,10.707,-4.9863,other
990527,0.1764,0.7853,-0.228,3.627,11.041,-1.3457,other
990550,0.104,0.7603,-0.2616,11.8418,11.0352,3.9336,other
990573,0.1234,0.7303,-0.3904,15.877,10.8086,7.0879,other
990596,0.2136,0.7357,-0.3862,19.4023,10.2324,10.793,other
990619,0.2117,0.7555,-0.3147,19.9219,9.5723,12.3008,other
990642,0.1704,0.7611,-0.3391,18.0371,7.918,12.8555,other
990665,0.1471,0.7599,-0.33,13.4785,5.502,11.4902,other
990688,0.1953,0.777,-0.3295,9.375,3.6309,9.7734,other
990711,0.223,0.7758,-0.3246,2.3633,0.7109,6.5195,other
990734,0.1989,0.7611,-0.3326,-2.4629,-1.1484,4.2266,other
990757,0.1831,0.799,-0.3302,-9.3008,-3.5176,1.1191,other
990780,0.2195,0.8644,-0.3179,-15.1152,-5.1191,-1.1621,other
990803,0.2299,0.8931,-0.2952,-18.2344,-5.6855,-2.1152,other
990826,0.2013,0.8335,-0.3251,-21.6504,-5.8164,-2.7207,other
990849,0.1626,0.7712,-0.3181,-23.0723,-5.5215,-2.6582,other
990872,0.1843,0.7405,-0.2839,-23.9414,-4.7754,-2.0508,other
990895,0.1722,0.8126,-0.3032,-23.3301,-3.9824,-1.082,other
990918,0.1848,0.8478,-0.3442,-22.0488,-3.5117,-0.4102,other
990941,0.228,0.7726,-0.5535,-18.6953,-2.9492,0.3633,other
990964,0.1824,0.7864,-0.2889,-15.4102,-2.7246,0.625,other
990987,0.1764,0.703,-0.2526,-8.6523,-2.6133,0.6758,other
991010,0.2023,0.651,-0.286,-2.9375,-2.6797,0.5723,other
991033,0.2019,0.6626,-0.2976,6.8281,-3.0312,0.3516,other
991056,0.2031,0.7256,-0.2424,16.6113,-3.7676,0.1504,other
991079,0.2058,0.7483,-0.2156,22.1895,-4.4766,0.0547,other
991102,0.2397,0.7225,-0.4081,27.623,-5.793,-0.0312,other
991125,0.2211,0.7241,-0.5457,28.498,-6.8203,-0.0645,other
991148,0.1578,0.7544,-0.3723,25.0098,-8.5801,-0.0898,other
991171,0.1671,0.7759,-0.244,16.3574,-10.4414,-0.1504,other
991194,0.2089,0.7777,-0.3619,8.5352,-11.6836,-0.3184,other
991217,0.2073,0.8021,-0.3708,-4.9316,-13.6465,-0.9746,other
991240,0.1669,0.8079,-0.2631,-14.3223,-15.0547,-1.7266,other
991263,0.1483,0.8011,-0.1541,-27.8027,-17.1309,-3.1758,other
991286,0.1178,0.785,-0.1747,-39.3867,-18.7031,-4.5957,other
991309,0.1038,0.7583,-0.2621,-45.7402,-19.1855,-5.2969,other
991332,0.1239,0.735,-0.2855,-53.2891,-18.793,-5.7754,other
991355,0.1351,0.7589,-0.1582,-57.1289,-17.7754,-5.6875,other
991378,0.0898,0.7927,-0.0413,-61.168,-15.334,-5.002,other
991401,0.0844,0.7904,-0.0852,-62.7012,-13.2773,-4.2129,other
991424,0.11,0.7811,-0.1608,-63.4063,-9.8203,-2.6426,other
991447,0.1418,0.7798,-0.1805,-62.5859,-6.2227,-0.8984,other
991470,0.136,0.8074,-0.0836,-61.3301,-3.9629,0.1367,other
991493,0.1178,0.8259,0.0013,-58.2637,-1.1738,1.1738,other
991516,0.1636,0.838,-0.0071,-55.2793,0.0645,1.377,other
991539,0.2915,0.8894,-0.1412,-49.332,0.7246,0.8008,other
991562,0.1205,0.9536,-0.0848,-41.9668,-0.1152,-0.7441,other
991585,0.1128,0.9237,-0.0586,-36.584,-1.3438,-2.0762,other
991608,0.1356,0.855,-0.0743,-28.3359,-3.7871,-4.0605,other
991631,0.1099,0.8241,-0.1073,-23.0137,-5.5703,-5.1328,other
991654,0.1366,0.7874,-0.1067,-15.6582,-7.9395,-6.0859,other
991677,0.0957,0.7664,-0.1123,-9.3223,-9.2402,-6.1465,other
991700,0.1084,0.7964,-0.1444,-5.7578,-9.168,-5.7148,other
991723,0.1093,0.9839,-0.1748,-1.5059,-7.4551,-4.4473,other
991746,0.2111,0.9596,-0.1193,0.5566,-5.4629,-3.2441,other
991769,0.1479,0.7731,-0.0659,2.5449,-2.0098,-1.0547,other
991792,0.1787,0.8273,-0.1658,3.1953,0.2207,1.0371,other
991815,0.1216,0.833,-0.1041,3.4141,3.1562,2.8301,other
991838,0.1517,0.8429,-0.1428,3.1367,5.5039,4.625,other
991861,0.1283,0.847,-0.1262,2.8926,6.8203,5.4082,other
991884,0.137,0.8367,-0.0818,2.6582,8.8477,5.9609,other
991907,0.1514,0.8124,-0.1542,2.6348,10.6621,6.0234,other
991930,0.228,0.8464,-0.0603,2.7324,14.8437,5.9512,other
991953,0.2335,0.8114,-0.1423,2.8398,20.9922,5.9277,other
991976,0.0571,0.818,-0.0708,2.8242,25.875,5.9551,other
991999,0.2899,0.8627,-0.0503,2.5625,33.4531,5.9395,other
992022,0.3163,0.829,-0.0216,2.2734,37.9961,5.7422,other
992045,0.3589,0.7919,0.0143,2.0801,42.8711,4.8945,other
992068,-0.0287,0.8633,-0.1769,2.6523,44.3438,3.4375,other
992091,0.1,0.7974,-0.2269,3.5078,43.3672,2.4805,other
992114,0.1757,0.7664,-0.2695,5.3242,39.8652,1.7813,other
992137,0.2006,0.793,-0.1841,6.7754,36.9043,2.1211,other
992160,0.3357,0.856,-0.0854,9.209,32.6523,4.0586,other
992183,0.4517,0.6948,-0.1658,10.9902,30.2188,7.2012,other
992206,0.0411,0.8896,-0.1323,13.7051,26.7441,10.293,other
992229,0.3903,0.8726,-0.182,16.0781,22.8594,14.832,other
992252,0.0171,0.7025,-0.3667,17.2637,19.8398,17.5195,other
992275,0.3607,0.7637,-0.1074,18.0176,14.5762,20.0508,other
992298,0.2605,0.8964,-0.1125,17.627,10.8398,20.4746,other
992321,0.3693,0.7783,-0.1243,15.6621,5.8652,19.3906,other
992344,0.1975,0.7759,-0.2461,12.4629,2.459,16.5781,other
992367,0.1576,0.8127,-0.1841,10.0391,1.084,13.8437,other
992390,0.3077,0.8268,-0.1029,6.6348,-0.0937,8.6211,other
992413,0.2875,0.7804,-0.1608,4.8828,-0.625,4.5723,other
992436,0.0868,0.8585,-0.286,3.457,-1.4707,-1.8125,other
992459,0.2119,0.7483,-0.2223,3.7637,-2.5957,-7.8437,other
992482,0.3008,0.7465,-0.1392,5.0195,-3.709,-11.4473,other
992505,0.1846,0.8319,-0.2677,8.4219,-6.2441,-16.0273,other
992528,0.3497,0.6935,-0.3049,11.4707,-8.3242,-18.2656,other
992551,0.5468,0.7072,-0.1903,16.416,-11.0664,-19.6855,other
992574,0.059,0.8761,-0.2509,19.4199,-11.9277,-17.7949,other
992597,-0.1007,0.8489,-0.4048,22.6387,-10.6895,-14.3262,other
992620,0.2522,0.786,-0.2556,23.5137,-6.0352,-6.291,other
992643,0.5507,0.7498,-0.2247,22.6016,-1.5117,-0.0215,other
992666,0.2169,0.8014,-0.1864,19.1816,5.8359,8.6211,other
992689,0.1368,0.7797,-0.2896,15.8574,10.0156,12.8008,other
992712,0.0277,0.7627,-0.3461,9.9883,13.5664,15.5586,other
992735,0.0902,0.8887,-0.2795,3.957,12.8945,13.7324,other
992758,0.2786,0.7411,-0.1707,0.4297,9.9805,10.0293,other
992781,0.2598,0.756,-0.2175,-3.2402,1.9336,0.9492,other
992804,0.2714,0.8125,-0.2584,-4.2266,-5.6035,-7.0332,other
992827,0.0095,0.761,-0.3464,-3.3828,-18.7676,-20.2383,other
992850,0.153,0.7717,-0.3004,-0.377,-31.1934,-32.0215,other
992873,0.2186,0.7815,-0.3107,2.2969,-37.0859,-37.5703,other
992896,0.1776,0.7428,-0.3201,6.5312,-40.1602,-41.0703,other
992919,0.157,0.7717,-0.3593,9.1035,-37.9883,-39.9941,other
992942,0.0951,0.8483,-0.2507,12.0586,-29.0156,-33.7109,other
992965,0.0928,0.822,-0.2626,13.2305,-20.1758,-23.2871,other
992988,-0.2222,0.8196,-0.4377,13.5449,-5.0469,-15.3164,other
993011,0.0087,0.7313,-0.3818,12.0234,9.3281,-4.1875,other
993034,0.1218,0.8102,-0.233,10.1055,16.957,1.291,other
993057,0.3756,0.7952,-0.2349,6.4316,23.6191,4.709,other
993080,0.1385,0.7555,-0.391,3.8437,24.2852,3.2598,other
993103,-0.0343,0.74,-0.3979,0.2305,19.9453,-3.9492,other
993126,0.0376,0.7809,-0.2585,-2.7051,11.3809,-14.6348,other
993149,0.4945,0.7996,-0.2831,-4.0684,5.123,-21.8242,other
993172,0.0328,0.8251,-0.1869,-4.8437,-2.5332,-30.1934,other
993195,0.139,0.7676,-0.3966,-4.377,-5.4883,-33.0645,other
993218,0.2338,0.7247,-0.3431,-2.3691,-6.4375,-32.5703,other
993241,0.3785,0.8267,-0.2959,0.5977,-4.3066,-26.7754,other
993264,-0.0342,0.8142,-0.3524,2.7168,-1.7246,-20.5195,other
993287,-0.3297,0.7443,-0.4639,5.4023,3.7832,-8.5312,other
993310,0.0687,0.7806,-0.3855,6.4844,8.4492,0.3008,other
993333,-0.0154,0.7905,-0.249,6.832,15.7812,12.4336,other
993356,0.1329,0.7742,-0.2826,6.3887,19.7637,20.1074,other
993379,0.474,0.8099,-0.2722,5.2832,22.4863,21.3516,other
993402,0.0341,0.8219,-0.3368,4.2793,20.2813,16.8945,other
993425,0.177,0.8049,-0.4003,3.8691,16.7715,10.6152,other
993448,0.2366,0.6703,-0.4468,3.6309,11.1445,-0.8516,other
993471,0.2611,0.6053,-0.4127,3.6035,8.9922,-7.8867,other
993494,0.3898,0.6239,-0.3779,3.7246,10.8184,-14.3535,other
993517,0.2728,0.7454,-0.2491,4.5664,20.334,-13.1719,other
993540,0.3353,0.8025,-0.2273,5.9805,30.8789,-7.4316,other
993563,0.3046,0.8202,-0.3193,9.6992,51.4453,8.084,other
993586,0.3246,0.7683,-0.3629,12.998,63.998,21.959,other
993609,0.4338,0.7472,-0.2693,18.1875,63.998,45.3906,other
993632,0.6206,0.7341,-0.1595,22.3242,63.998,63.998,other
993655,0.7721,0.6722,-0.1639,23.8125,63.998,63.998,other
993678,0.693,0.6648,-0.2904,23.2578,63.998,63.998,other
993701,0.6293,0.6375,-0.417,20.7246,63.998,63.998,other
993724,0.6343,0.6077,-0.3311,13.9414,63.998,63.998,other
993747,0.5179,0.6034,-0.1292,8.1387,63.998,63.998,other
993770,0.4015,0.5876,-0.0371,-0.6738,63.998,63.998,other
993793,0.6377,0.5059,-0.1052,-7.6914,63.998,63.998,other
993816,0.9128,0.4084,-0.2758,-10.8594,63.998,63.998,other
993839,0.9817,0.3838,-0.2993,-13.5449,63.998,63.998,other
993862,0.918,0.4526,-0.1407,-14.293,50.916,63.998,other
993885,0.7684,0.4897,-0.176,-14.3906,19.793,60.2813,other
993908,0.6483,0.5109,-0.2396,-13.9824,-15.0937,42.6465,other
993931,0.5992,0.4762,-0.2944,-13.8574,-38.918,32.7031,other
993954,0.5697,0.4093,-0.5454,-14.4453,-64.0,21.5117,other
993977,0.4656,0.3899,-0.7483,-15.6289,-64.0,16.3457,other
994000,0.4375,0.3839,-0.6526,-18.6094,-64.0,10.832,other
994023,0.5245,0.3684,-0.6094,-21.959,-64.0,5.9707,other
994046,0.5123,0.3987,-0.4036,-23.4805,-64.0,2.0645,other
994069,0.4528,0.4092,-0.3342,-23.5586,-64.0,-5.502,other
994092,0.3749,0.4403,-0.4163,-21.9883,-64.0,-11.4961,other
994115,0.3317,0.4906,-0.5479,-18.082,-64.0,-20.6934,other
994138,0.1759,0.5475,-0.547,-15.4121,-64.0,-28.2578,other
994161,0.1313,0.5984,-0.5051,-12.9727,-64.0,-31.5996,other
994184,0.281,0.6244,-0.6151,-13.7168,-64.0,-33.8477,other
994207,0.2821,0.6954,-0.6259,-16.2891,-64.0,-33.9043,other
994230,0.304,0.7202,-0.5979,-22.8848,-64.0,-32.9941,other
994253,0.3706,0.6858,-0.6969,-28.4121,-64.0,-32.3906,other
994276,0.3615,0.686,-0.6329,-36.832,-50.625,-32.1172,other
994299,0.3315,0.6858,-0.2931,-43.4238,-26.6309,-32.4395,other
994322,0.2222,0.6694,-0.2555,-45.8008,-9.9199,-32.5508,other
994345,0.1588,0.6687,-0.1521,-45.7461,15.3633,-31.6563,other
994368,0.3359,0.6588,-0.1869,-43.6387,31.6582,-30.0273,other
994391,0.4985,0.6472,-0.3986,-38.9727,53.6719,-26.2285,other
994414,0.5376,0.6652,-0.4429,-35.0352,63.998,-21.5527,other
994437,0.4586,0.7891,-0.3812,-33.8613,63.998,-18.2578,other
994460,0.4243,0.8204,-0.2195,-34.4395,63.998,-13.1074,other
994483,0.5293,0.7837,-0.2526,-35.8223,63.998,-9.5156,other
994506,0.3795,0.7699,-0.1823,-38.0508,63.998,-4.084,other
994529,0.3599,0.7562,-0.2556,-38.9102,63.998,0.75,other
994552,0.53,0.6941,-0.3868,-38.5508,59.3555,3.1621,other
994575,0.437,0.6842,-0.2286,-36.2832,50.2266,4.9023,other
994598,0.3851,0.6719,-0.2632,-33.9102,44.959,4.5723,other
994621,0.4113,0.6942,-0.2529,-29.3203,39.1738,1.9043,other
994644,0.4069,0.7158,-0.2703,-25.7129,36.9297,-0.9785,other
994667,0.3944,0.7267,-0.3013,-19.7148,36.0176,-6.0391,other
994690,0.4656,0.7316,-0.1504,-13.2871,37.7969,-10.8398,other
994713,0.4225,0.7634,-0.1971,-8.9746,40.041,-13.3828,other
994736,0.3975,0.7336,-0.2404,-2.9043,44.3633,-15.7012,other
994759,0.4436,0.6835,-0.2235,0.541,47.6328,-16.0801,other
994782,0.4667,0.6835,-0.2502,4.1953,52.5117,-14.832,other
994805,0.4119,0.7167,-0.2361,5.6113,56.334,-11.6758,other
994828,0.3986,0.7283,-0.3239,5.3945,57.9785,-8.8047,other
994851,0.45,0.7142,-0.2698,3.9219,59.0527,-3.9551,other
994874,0.4113,0.7861,-0.1321,2.6504,58.8262,-0.7266,other
994897,0.4146,0.9038,-0.1613,1.0703,57.1973,3.6309,other
994920,0.5652,0.8958,-0.3032,0.4766,54.3008,7.1523,other
994943,0.6084,0.8287,-0.3446,0.1836,51.5098,8.9707,other
994966,0.4808,0.7502,-0.2676,0.209,45.1543,10.9434,other
994989,0.485,0.6588,-0.1948,0.3613,38.877,11.8496,other
995012,0.5607,0.5483,-0.1895,1.1992,25.3672,12.6816,other
995035,0.5668,0.4812,-0.2216,2.4941,13.1777,12.791,other
995058,0.5184,0.4121,-0.2556,5.8926,-9.8125,11.9336,other
995081,0.5061,0.4086,-0.3259,10.877,-36.9238,9.5,other
995104,0.4572,0.5081,-0.2751,14.707,-55.8906,7.0312,other
995127,0.3475,0.6775,-0.1652,20.4746,-64.0,2.5156,other
995150,0.2931,0.7241,-0.2272,23.9043,-64.0,-0.707,other
995173,0.2029,0.7288,-0.3164,27.6367,-64.0,-5.5332,other
995196,0.3162,0.7197,-0.3995,28.5371,-64.0,-10.3125,other
995219,0.2639,0.7427,-0.385,26.9727,-64.0,-13.5,other
995242,0.3306,0.7268,-0.4655,21.041,-64.0,-18.207,other
995265,0.4935,0.6636,-0.6522,14.9199,-54.3066,-21.1504,other
995288,0.4478,0.686,-0.5153,3.6621,-22.9297,-24.7969,other
995311,0.2075,0.7819,-0.1193,-7.584,4.207,-26.5,other
995334,0.1849,0.7814,0.0439,-13.7461,18.2852,-25.9375,other
995357,0.381,0.7946,-0.1918,-19.3828,32.7695,-22.2441,other
995380,0.6268,0.8356,-0.3606,-21.0566,38.1523,-18.2227,other
995403,0.6168,0.7968,-0.4249,-21.9238,40.4355,-10.9043,other
995426,0.375,0.7963,-0.5435,-22.3828,38.6348,-5.6445,other
995449,0.4297,0.7731,-0.291,-23.9844,32.0371,2.543,other
995472,0.35,0.7063,-0.3434,-26.8672,22.1328,11.1074,other
995495,0.3638,0.6665,-0.4448,-29.2363,14.4277,16.9746,other
995518,0.3726,0.6278,-0.4927,-32.6777,2.1973,25.5684,other
995541,0.344,0.5914,-0.528,-34.293,-5.8613,30.6895,other
995564,0.3721,0.5636,-0.4969,-34.543,-16.9941,36.4531,other
995587,0.3975,0.5745,-0.4336,-30.9375,-26.5,38.7988,other
995610,0.4216,0.5775,-0.3812,-25.9668,-31.9473,38.0762,other
995633,0.3666,0.5858,-0.2957,-14.75,-38.9199,33.582,other
995656,0.2577,0.59,-0.2501,-5.2891,-42.7031,28.6602,other
995679,0.2875,0.5858,-0.3362,10.1797,-46.6895,19.3984,other
995702,0.451,0.5696,-0.4585,24.0039,-48.6621,9.1797,other
995725,0.4687,0.595,-0.4648,31.6719,-49.4102,2.4805,other
995748,0.2919,0.673,-0.3464,37.7285,-50.7617,-6.4414,other
995771,0.1556,0.7198,-0.2935,38.2949,-52.0488,-11.082,other
995794,0.2061,0.7053,-0.3777,34.3301,-54.2988,-15.4863,other
995817,0.3311,0.6821,-0.4867,28.9336,-55.7617,-16.7676,other
995840,0.2993,0.6949,-0.4878,17.7031,-57.6953,-16.8555,other
995863,0.1069,0.7483,-0.3041,4.3203,-59.0176,-15.5859,other
995886,0.1587,0.7187,-0.2671,-4.7324,-59.1328,-14.3516,other
995909,0.3672,0.7174,-0.4023,-17.168,-57.623,-12.4727,other
995932,0.4586,0.6823,-0.552,-24.3066,-55.6289,-11.5254,other
995955,0.299,0.6947,-0.5127,-33.0742,-51.7734,-10.7305,other
995978,-0.047,0.7533,-0.3634,-39.2168,-47.0332,-10.0957,other
996001,0.1934,0.7699,-0.4563,-41.5684,-43.1074,-9.3203,other
996024,0.3431,0.7693,-0.484,-42.2109,-36.0645,-7.5039,other
996047,0.2397,0.7646,-0.391,-40.7695,-30.9941,-6.0488,other
996070,0.2766,0.7096,-0.3818,-36.2637,-23.5586,-3.9512,other
996093,0.1389,0.6934,-0.363,-29.6484,-17.0625,-2.4629,other
996116,0.1908,0.7003,-0.3434,-25.2109,-13.3906,-2.0195,other
996139,0.2061,0.8353,-0.4698,-18.3379,-8.6074,-2.252,other
996162,0.2261,0.8507,-0.4581,-14.1387,-5.5566,-2.9473,other
996185,0.1873,0.6752,-0.379,-8.5684,-0.5664,-4.6152,other
996208,0.1593,0.7181,-0.4473,-5.416,3.082,-6.0,other
996231,0.1763,0.7314,-0.3785,-1.666,8.4785,-8.2246,other
996254,0.2183,0.7223,-0.4294,0.873,12.7812,-10.3027,other
996277,0.1901,0.7244,-0.4031,1.9414,14.6504,-11.4316,other
996300,0.2104,0.7245,-0.3909,2.7676,15.916,-12.5605,other
996323,0.2187,0.7068,-0.4022,2.9199,15.9746,-12.8867,other
996346,0.186,0.7291,-0.411,2.7383,15.541,-12.7578,other
996369,0.1364,0.7402,-0.4197,2.2344,15.2617,-11.9863,other
996392,0.1797,0.729,-0.4124,1.7734,15.4355,-11.1719,other
996415,0.2097,0.7285,-0.3962,0.9277,16.3203,-9.5586,other
996438,0.1965,0.7133,-0.4476,0.2969,17.1934,-8.291,other
996461,0.0558,0.7363,-0.4152,-0.6191,18.5547,-6.3867,other
996484,0.0912,0.7517,-0.4171,-1.209,19.3691,-5.1211,other
996507,0.2448,0.7043,-0.4009,-1.2578,19.1016,-5.1582,other
996530,0.2745,0.6923,-0.4136,-0.6855,16.5664,-7.332,other
996553,0.2233,0.7336,-0.4165,0.127,13.1172,-10.4043,other
996576,0.0945,0.7415,-0.4064,1.9453,5.6074,-16.957,other
996599,0.1696,0.7107,-0.4177,3.4902,-0.209,-21.8887,other
996622,0.0211,0.6991,-0.5389,6.041,-8.4941,-28.5527,other
996645,0.1041,0.74,-0.4523,8.4277,-14.5332,-32.5352,other
996668,0.2092,0.7059,-0.3562,9.7266,-16.6797,-33.0508,other
996691,0.2104,0.7181,-0.4719,11.0469,-16.791,-30.4395,other
996714,-0.1036,0.7322,-0.4889,11.4277,-14.8105,-26.6406,other
996737,0.2296,0.6997,-0.4479,11.1816,-8.9336,-18.4902,other
996760,0.1729,0.7083,-0.4507,10.043,-0.2246,-8.6934,other
996783,0.0476,0.683,-0.5155,8.9219,6.4648,-2.1641,other
996806,0.0909,0.7083,-0.4845,6.9609,16.4766,6.2988,other
996829,-0.0253,0.7191,-0.5403,5.6504,22.2754,10.4219,other
996852,0.2437,0.7367,-0.3871,3.9902,28.2793,13.5098,other
996875,0.3667,0.7081,-0.4546,2.9746,29.6016,12.1836,other
996898,0.2208,0.6892,-0.4695,2.666,27.4375,8.7383,other
996921,-0.0179,0.7174,-0.5253,2.5059,20.2363,0.502,other
996944,0.1794,0.7382,-0.452,2.375,13.873,-6.0273,other
996967,0.1434,0.7159,-0.4309,1.752,4.2754,-15.1758,other
996990,0.1746,0.6949,-0.4204,0.8535,-0.9805,-21.125,other
997013,0.2632,0.697,-0.402,-1.3945,-5.8164,-22.4648,other
997036,0.1605,0.7013,-0.3887,-4.5898,-6.5937,-20.3613,other
997059,0.0156,0.7504,-0.476,-7.043,-5.0254,-16.4883,other
997082,0.1013,0.7198,-0.4785,-10.8008,-0.125,-8.0547,other
997105,0.303,0.7191,-0.3929,-13.1406,4.2754,-1.5742,other
997128,-0.0238,0.6605,-0.5034,-16.084,11.416,7.9414,other
997151,-0.0959,0.7401,-0.5867,-17.9805,17.8984,15.7109,other
997174,-0.4535,0.7526,-0.568,-18.3887,21.2227,19.0742,other
997197,0.9412,0.6768,-0.1444,-17.2266,23.3477,19.8535,other
997220,0.702,0.8108,-0.4006,-15.0723,21.5684,16.5254,other
997243,-0.1959,0.6957,-0.4893,-9.8984,13.0391,5.3848,other
997266,0.0632,0.7646,-0.4215,-3.2578,-0.6641,-10.6426,other
997289,0.0586,0.7216,-0.4851,1.2559,-10.752,-21.7988,other
997312,0.0046,0.6948,-0.483,6.9805,-23.8164,-35.6094,other
997335,0.3328,0.7136,-0.3474,9.5684,-29.3652,-41.1816,other
997358,0.3446,0.7168,-0.441,11.1699,-31.3965,-42.5508,other
997381,-0.2996,0.6812,-0.5233,10.7266,-28.5156,-35.1172,other
997404,0.1605,0.7273,-0.4708,8.2031,-18.8242,-26.3496,other
997427,-0.0764,0.6696,-0.4923,4.373,-5.373,-9.5312,other
997450,0.4407,0.7738,-0.3545,1.7129,3.8223,1.9004,other
997473,0.0179,0.7069,-0.5305,-1.6211,15.5156,16.2207,other
997496,-0.0161,0.6884,-0.6223,-3.1602,21.0645,22.7578,other
997519,0.1456,0.7177,-0.3508,-4.4141,25.4355,27.4766,other
997542,0.1281,0.7058,-0.473,-4.5039,24.7656,26.5605,other
997565,0.3801,0.6918,-0.4364,-3.9805,21.502,23.2305,other
997588,0.2174,0.7284,-0.4741,-2.4609,12.8652,14.8027,other
997611,-0.1761,0.6851,-0.5046,-1.1172,5.3652,7.5977,other
997634,-0.0087,0.7148,-0.5027,0.9883,-6.1777,-3.6758,other
997657,0.1763,0.6986,-0.42,2.7402,-15.0547,-13.0508,other
997680,0.2271,0.6921,-0.4376,3.5352,-18.291,-17.1973,other
997703,0.1926,0.6927,-0.4496,4.1055,-18.6367,-19.6484,other
997726,0.2096,0.6827,-0.5071,4.123,-16.2598,-18.9531,other
997749,-0.0706,0.7476,-0.4574,3.7324,-10.1133,-15.2383,other
997772,0.095,0.6571,-0.5078,3.2695,-5.0801,-9.0293,other
997795,-0.2365,0.7157,-0.6523,2.2812,2.6426,-5.166,other
997818,0.1484,0.6748,-0.493,0.9336,9.6738,0.8145,other
997841,0.1249,0.6815,-0.4517,-0.0879,13.5957,3.7715,other
997864,0.2306,0.75,-0.3947,-1.5762,17.6328,5.5762,other
997887,0.0688,0.7294,-0.5509,-2.3867,18.7676,4.6934,other
997910,0.1152,0.6794,-0.5463,-3.2441,18.043,0.4512,other
997933,0.1515,0.6653,-0.4111,-3.8809,14.9824,-6.0645,other
997956,0.2302,0.7235,-0.3901,-4.3242,12.1914,-10.6504,other
997979,0.3085,0.7311,-0.3905,-5.0918,7.8535,-16.293,other
998002,0.0277,0.6702,-0.4884,-5.6543,5.3437,-18.4941,other
998025,0.241,0.6904,-0.444,-6.5254,2.8418,-18.7109,other
998048,0.4908,0.745,-0.2786,-7.2969,2.3047,-15.1934,other
998071,0.4213,0.7948,-0.4202,-7.7187,3.1504,-10.9551,other
998094,-0.8766,0.6503,-0.7594,-8.4355,6.623,-1.9375,other
998117,0.5378,0.6667,-0.51,-9.1719,10.6309,5.5898,other
998140,-0.08,0.6578,-0.496,-10.5859,17.9844,17.498,other
998163,-0.0126,0.6812,-0.3419,-11.375,22.2422,27.1309,other
998186,0.5621,0.7174,-0.4879,-11.3477,24.8223,30.3809,other
998209,0.1593,0.8094,-0.479,-8.8262,20.5039,28.1465,other
998232,-0.09,0.7211,-0.5525,-5.6797,13.9004,21.834,other
998255,0.0834,0.7385,-0.4467,0.3164,1.0879,7.5918,other
998278,0.15,0.6788,-0.4054,4.3066,-7.3613,-2.8418,other
998301,0.338,0.6155,-0.4307,8.9375,-17.166,-16.3965,other
998324,-0.0009,0.7184,-0.5568,11.1074,-22.291,-25.0469,other
998347,0.052,0.7131,-0.537,11.1973,-23.1387,-27.6445,other
998370,0.2434,0.723,-0.4429,9.7871,-21.2031,-27.0977,other
998393,0.205,0.6906,-0.4623,8.1113,-18.3145,-24.1641,other
998416,0.5272,0.6498,-0.5208,4.7852,-12.6387,-16.7813,other
998439,-0.6855,0.6771,-0.5966,0.7109,-6.2148,-6.9395,other
998462,-0.078,0.7128,-0.5626,-2.1484,-1.4824,0.3555,other
998485,-0.0947,0.6901,-0.6123,-5.8848,5.9316,10.4727,other
998508,0.2651,0.6942,-0.3115,-7.5215,10.2422,15.125,other
998531,0.6189,0.7441,-0.4713,-8.0469,13.8555,16.6484,other
998554,0.0092,0.7061,-0.5461,-7.0117,13.6133,10.6133,other
998577,0.0371,0.6946,-0.4844,-3.8691,9.5625,3.2734,other
998600,0.0406,0.7211,-0.5328,-0.0059,2.6465,-9.6582,other
998623,0.0836,0.7357,-0.4391,2.3281,-2.3633,-17.584,other
998646,0.1562,0.7073,-0.5078,4.8828,-8.7734,-25.7559,other
998669,0.0247,0.6658,-0.562,5.8066,-11.6855,-27.9238,other
998692,-0.0771,0.713,-0.5958,6.0566,-13.6602,-26.1484,other
998715,0.0038,0.7596,-0.4055,5.2754,-13.1445,-19.2793,other
998738,0.1377,0.7471,-0.5935,4.3691,-11.7305,-12.6211,other
998761,0.2371,0.8279,-0.6047,2.5645,-8.0273,-0.7812,other
998784,0.2583,0.8018,-0.543,1.2832,-4.4902,7.5684,other
998807,0.3035,0.6978,-0.3817,-0.0527,1.9746,19.332,other
998830,0.3423,0.4768,-0.3842,0.0977,8.6387,28.4434,other
998853,0.3258,0.4175,-0.3473,1.1426,12.4043,32.3398,other
998876,0.214,0.4517,-0.4546,3.6426,16.0273,34.7285,other
998899,0.1405,0.5592,-0.4838,5.3926,16.6777,34.3809,other
998922,0.2135,0.5607,-0.4906,7.2246,14.6133,31.9023,other
998945,0.2291,0.5048,-0.5386,7.541,8.6719,28.0332,other
998968,0.0377,0.5273,-0.6177,6.3008,3.3105,25.1367,other
998991,-0.2122,0.7622,-0.5658,3.0215,-6.6582,21.0664,other
999014,0.0881,0.8494,-0.5922,0.0391,-13.666,18.8398,other
999037,0.1903,0.7955,-0.5195,-4.7637,-23.541,16.0898,other
999060,0.2048,0.6416,-0.5464,-7.752,-29.1367,14.375,other
999083,0.189,0.5767,-0.4318,-11.5527,-35.5293,11.6426,other
999106,0.0851,0.6049,-0.5884,-14.5332,-39.3984,8.5215,other
999129,0.1053,0.9304,-0.6735,-16.1367,-40.3867,6.1914,other
999152,0.118,0.698,-0.458,-18.0039,-39.2285,2.4141,other
999175,0.1381,0.687,-0.5067,-18.9297,-36.7734,-0.1777,other
999198,0.066,0.6693,-0.5679,-19.916,-30.7051,-3.8984,other
999221,0.1042,0.6855,-0.524,-20.5645,-22.0508,-7.0859,other
999244,0.0773,0.709,-0.4312,-20.877,-15.2891,-8.7441,other
999267,0.1293,0.7184,-0.4076,-21.1875,-4.5859,-10.2988,other
999290,0.165,0.6897,-0.458,-21.2441,2.4922,-10.5977,other
999313,0.1357,0.6924,-0.4791,-20.998,12.4316,-9.8828,other
999336,0.1273,0.7034,-0.4269,-20.5566,20.6953,-8.0098,other
999359,0.1855,0.7181,-0.4153,-19.4023,24.8555,-6.3555,other
999382,0.1587,0.7024,-0.4618,-17.6367,28.8184,-3.6406,other
999405,0.1239,0.7007,-0.4409,-16.1855,30.0996,-1.8652,other
999428,0.2084,0.7119,-0.3667,-13.8223,30.4199,0.498,other
999451,0.2452,0.7075,-0.4957,-12.2852,29.8555,1.7813,other
999474,0.132,0.7063,-0.4709,-10.2969,28.2969,3.1289,other
999497,0.0474,0.7048,-0.5214,-8.9336,26.2109,3.6504,other
999520,0.0986,0.6912,-0.5946,-8.4453,24.7207,3.5547,bite
999543,0.3768,0.6985,-0.2994,-8.3027,22.4023,2.9727,bite
999566,0.1487,0.712,-0.4482,-8.4453,20.4707,2.4023,bite
999589,0.0787,0.7341,-0.5231,-8.6523,16.5078,1.2324,bite
999612,0.0966,0.6978,-0.4307,-8.5352,11.4121,-0.4629,bite
999635,0.3176,0.7128,-0.3638,-8.1895,7.5762,-1.8281,bite
999658,0.2445,0.7216,-0.3997,-7.2383,1.293,-3.9766,bite
999681,0.1011,0.6866,-0.4264,-6.3164,-3.1621,-5.3809,bite
999704,-0.0077,0.7284,-0.5221,-4.5742,-9.8848,-7.3965,bite
999727,0.2332,0.7129,-0.3682,-3.2734,-15.8887,-9.123,bite
999750,0.1904,0.7267,-0.3469,-1.3672,-17.9844,-9.8613,bite
999773,0.04,0.7123,-0.5481,0.0742,-18.5723,-9.8574,bite
999796,0.1931,0.7153,-0.4865,0.5273,-16.5957,-8.9199,bite
999819,0.1863,0.6812,-0.4572,0.2676,-10.1934,-6.0918,bite
999842,0.2838,0.7246,-0.3392,-0.4687,-4.2207,-3.4062,bite
999865,0.0127,0.73,-0.5607,-2.0937,5.6953,1.4395,bite
999888,0.0226,0.6423,-0.6271,-3.9316,14.9121,6.8633,bite
999911,0.3437,0.6891,-0.3442,-5.041,19.6504,10.4746,bite
999934,-0.2562,0.6445,-0.5347,-5.9922,22.9297,14.8516,bite
999957,0.736,0.7213,-0.3302,-5.7168,21.9004,16.0195,bite
999980,0.0664,0.8271,-0.4835,-3.3711,15.2187,13.2344,bite
1000003,0.0511,0.6718,-0.5017,1.0137,4.1055,5.0137,bite
1000026,0.1731,0.7057,-0.4888,4.4453,-4.0078,-2.0781,bite
1000049,0.2019,0.6941,-0.4938,9.1914,-14.4336,-12.127,bite
1000072,0.3147,0.7281,-0.4811,11.5,-19.0352,-16.957,bite
1000095,0.6455,0.7374,-0.3563,13.0898,-21.5977,-19.9473,bite
1000118,0.3804,0.7125,-0.2626,12.8574,-19.1328,-17.0449,bite
1000141,0.2234,0.7224,-0.4899,10.7793,-14.7578,-11.5371,bite
1000164,-0.4568,0.7069,-0.5795,6.8223,-4.5312,2.0449,bite
1000187,0.004,0.6953,-0.5099,3.3984,3.8848,13.8574,bite
1000210,0.5667,0.6423,-0.4642,-1.9082,15.9238,32.2676,bite
1000233,0.2881,0.689,-0.3164,-4.7793,21.6035,42.373,bite
1000256,0.3354,0.6819,-0.4846,-7.1172,24.8867,51.1992,bite
1000279,0.2539,0.7139,-0.3419,-7.0215,21.9707,52.0957,bite
1000302,0.2723,0.6936,-0.4373,-5.8711,17.4648,49.4863,bite
1000325,0.317,0.6532,-0.6802,-3.084,8.9687,43.4375,bite
1000348,0.4127,0.6743,-0.6396,-0.8125,3.2793,39.377,bite
1000371,0.4011,0.7086,-0.6301,3.2656,-4.0469,34.9609,bite
1000394,0.3728,0.6995,-0.6732,8.9258,-9.1113,33.8477,bite
1000417,0.4247,0.6422,-0.6969,14.0781,-11.0195,35.3379,bite
1000440,0.4608,0.5521,-0.7783,24.3535,-11.8398,40.8867,bite
1000463,0.4186,0.5092,-0.7053,32.8945,-11.4629,46.4863,bite
1000486,0.394,0.4563,-0.5953,47.9121,-10.3457,56.9297,bite
1000509,0.3616,0.3755,-0.5753,59.0508,-9.0508,63.998,bite
1000532,0.3674,0.2891,-0.5647,63.998,-8.1699,63.998,bite
1000555,0.4296,0.1948,-0.6334,63.998,-6.877,63.998,bite
1000578,0.4799,0.1189,-0.7086,63.998,-6.0137,63.998,bite
1000601,0.549,0.0852,-0.7645,63.998,-4.5449,63.998,bite
1000624,0.5491,0.0443,-0.7791,63.998,-3.2949,63.998,bite
1000647,0.5515,0.0111,-0.7781,63.998,-0.6562,63.998,bite
1000670,0.6858,-0.0219,-0.7931,63.998,3.2461,63.998,bite
1000693,0.74,-0.0558,-0.8228,63.998,6.5,63.998,bite
1000716,0.6802,-0.0624,-0.8123,63.998,11.7285,63.998,bite
1000739,0.6848,-0.0853,-0.8304,63.998,14.959,63.998,bite
1000762,0.6769,-0.0964,-0.8218,63.998,18.9277,63.998,bite
1000785,0.6101,-0.116,-0.8347,63.998,21.6797,63.998,bite
1000808,0.5408,-0.144,-0.7839,57.8027,22.8477,62.7344,bite
1000831,0.5084,-0.157,-0.7325,49.916,23.8828,60.2441,bite
1000854,0.5742,-0.1855,-0.658,46.1738,24.332,59.8047,bite
1000877,0.6337,-0.2389,-0.694,42.9219,24.8594,60.3945,bite
1000900,0.6179,-0.2621,-0.6718,42.125,25.002,61.6348,bite
1000923,0.5476,-0.2921,-0.5985,42.4004,24.7148,62.498,bite
1000946,0.4838,-0.3437,-0.5547,43.7676,23.9277,63.6836,bite
1000969,0.4985,-0.3776,-0.4945,44.9648,23.5078,63.998,bite
1000992,0.5881,-0.4132,-0.5209,46.6875,23.4824,63.998,bite
1001015,0.6562,-0.4562,-0.5376,47.4453,23.791,63.998,bite
1001038,0.6195,-0.4812,-0.5167,47.4102,24.2676,63.998,bite
1001061,0.5925,-0.5116,-0.5718,45.5371,24.4785,62.3633,bite
1001084,0.6244,-0.5133,-0.5704,43.2148,24.4746,60.3379,bite
1001107,0.6539,-0.4985,-0.5203,38.3652,24.1426,56.6055,bite
1001130,0.6273,-0.5143,-0.4954,34.498,23.5605,53.8203,bite
1001153,0.6252,-0.5376,-0.5676,28.2227,22.0605,49.4082,bite
1001176,0.6935,-0.5483,-0.6332,21.6621,19.8594,44.8027,bite
1001199,0.7393,-0.5363,-0.6616,17.1895,17.9355,41.6035,bite
1001222,0.7297,-0.5345,-0.5946,10.5215,14.1719,36.6406,bite
1001245,0.686,-0.5415,-0.5349,6.3574,11.1289,33.3477,bite
1001268,0.6898,-0.5542,-0.5659,1.0137,6.2129,28.7852,bite
1001291,0.7019,-0.562,-0.6348,-3.3086,1.4082,25.0527,bite
1001314,0.7385,-0.5823,-0.6232,-5.0293,-1.5918,23.1406,bite
1001337,0.7241,-0.5862,-0.5494,-7.3145,-5.75,21.1426,bite
1001360,0.6531,-0.5741,-0.5399,-8.4453,-8.2754,20.3711,bite
1001383,0.6525,-0.5647,-0.5944,-9.7578,-11.5527,20.0488,bite
1001406,0.6495,-0.5779,-0.6393,-10.5664,-13.2871,20.3613,bite
1001429,0.6365,-0.5568,-0.6211,-12.0098,-15.1523,21.5293,bite
1001452,0.6141,-0.5552,-0.6395,-13.8945,-16.1953,23.4297,bite
1001475,0.5714,-0.5553,-0.621,-15.3398,-16.4785,25.0645,bite
1001498,0.5186,-0.5659,-0.641,-17.5918,-16.3672,28.0273,bite
1001521,0.5199,-0.5879,-0.6685,-19.0332,-16.0566,30.2832,bite
1001544,0.4706,-0.575,-0.6426,-20.9922,-15.5312,33.8594,bite
1001567,0.4668,-0.5673,-0.6272,-22.5879,-15.1699,37.3105,bite
1001590,0.5044,-0.5739,-0.6613,-23.4336,-15.0918,39.3516,bite
1001613,0.512,-0.5928,-0.7416,-24.502,-15.3848,41.8359,bite
1001636,0.4508,-0.5665,-0.7518,-25.1914,-15.875,43.0977,bite
1001659,0.39,-0.5538,-0.665,-26.2246,-16.7793,44.5859,bite
1001682,0.397,-0.5714,-0.6655,-27.0273,-17.3184,45.9141,bite
1001705,0.4163,-0.5607,-0.6342,-27.3008,-17.2715,46.8047,bite
1001728,0.3817,-0.5546,-0.6741,-27.2949,-16.5938,48.0684,bite
1001751,0.3666,-0.5598,-0.7488,-27.1094,-15.8145,48.75,bite
1001774,0.3437,-0.5658,-0.7527,-26.8203,-14.3086,49.3125,bite
1001797,0.4113,-0.5801,-0.7756,-26.7207,-13.1758,49.252,bite
1001820,0.4244,-0.5547,-0.7153,-26.7148,-11.4922,48.3125,bite
1001843,0.3658,-0.5625,-0.7924,-26.6719,-10.0195,46.3574,bite
1001866,0.3032,-0.5435,-0.8582,-26.4922,-9.1484,44.6543,bite
1001889,0.2943,-0.5115,-0.7908,-25.7773,-7.916,41.8613,bite
1001912,0.3348,-0.5408,-0.7657,-24.8066,-7.1289,39.9883,bite
1001935,0.3873,-0.5889,-0.7607,-22.3066,-6.127,37.2578,bite
1001958,0.324,-0.6069,-0.7185,-18.4824,-5.5273,34.6992,bite
1001981,0.2791,-0.6224,-0.7406,-15.3242,-5.2793,33.1992,bite
1002004,0.2771,-0.6282,-0.7731,-10.0723,-4.748,31.4453,bite
1002027,0.3448,-0.6056,-0.7096,-6.5234,-4.0801,30.625,bite
1002050,0.359,-0.6296,-0.7394,-1.6328,-2.5137,29.7383,bite
1002073,0.2847,-0.6462,-0.7928,2.1289,-0.4609,28.9551,bite
1002096,0.2896,-0.6227,-0.7771,3.7695,1.0449,28.3613,bite
1002119,0.3591,-0.6031,-0.6908,5.0312,3.2715,27.2637,bite
1002142,0.3013,-0.615,-0.6895,5.3203,4.5723,26.3867,bite
1002165,0.2916,-0.6343,-0.7449,5.3281,6.1035,24.9375,bite
1002188,0.2677,-0.6316,-0.7043,5.1816,6.8633,23.9531,bite
1002211,0.238,-0.6543,-0.7792,4.8398,7.7051,22.5449,bite
1002234,0.2854,-0.6616,-0.6892,4.3652,8.2715,21.2129,bite
1002257,0.3345,-0.6725,-0.7178,3.9961,8.4785,20.2734,bite
1002280,0.3749,-0.7048,-0.8505,3.416,8.459,18.5918,bite
1002303,0.2776,-0.6425,-0.7211,3.0977,8.2187,17.2363,bite
1002326,0.2806,-0.6273,-0.5339,3.1484,7.7363,14.8848,bite
1002349,0.3148,-0.7032,-0.7281,4.291,7.4844,12.2109,bite
1002372,0.2803,-0.65,-0.746,5.5723,7.4941,10.2656,bite
1002395,0.2836,-0.6198,-0.7609,7.8145,7.6953,7.1211,bite
1002418,0.3032,-0.5983,-0.6906,9.2539,7.8066,4.9062,bite
1002441,0.338,-0.5957,-0.7014,10.9336,7.4473,1.5078,bite
1002464,0.2203,-0.5803,-0.3928,11.6113,5.9922,-1.8281,bite
1002487,0.1973,-0.7693,-0.9823,11.1484,4.4414,-3.9297,bite
1002510,0.4642,-0.6661,-0.75,8.4668,1.5156,-7.0,bite
1002533,0.3506,-0.6399,-0.7327,5.5352,-0.7598,-9.1719,bite
1002556,0.3368,-0.6302,-0.7327,0.6074,-4.3164,-12.7559,bite
1002579,0.3158,-0.6447,-0.7845,-2.2363,-6.3809,-16.8125,bite
1002602,0.2932,-0.6674,-0.7754,-4.8379,-8.3672,-19.248,bite
1002625,0.332,-0.6688,-0.7598,-4.8887,-8.8691,-23.1875,bite
1002648,0.3356,-0.6764,-0.6919,-3.4687,-8.7324,-25.8203,bite
1002671,0.3757,-0.7117,-0.7424,0.5508,-8.6133,-29.8789,bite
1002694,0.3757,-0.717,-0.6967,4.1641,-8.916,-32.7227,bite
1002717,0.3752,-0.7146,-0.663,10.3418,-10.0625,-37.1953,bite
1002740,0.328,-0.6973,-0.5879,16.7383,-11.8223,-41.7324,bite
1002763,0.2325,-0.6704,-0.4921,20.7773,-13.1992,-44.6465,bite
1002786,0.3208,-0.6729,-0.5435,25.9375,-15.4805,-48.7773,bite
1002809,0.3867,-0.674,-0.6334,28.3516,-17.2656,-51.5078,bite
1002832,0.3668,-0.6414,-0.6366,29.6738,-20.6855,-56.002,bite
1002855,0.2722,-0.6024,-0.6409,27.8301,-25.0215,-61.332,bite
1002878,0.2322,-0.562,-0.6023,24.9648,-28.2324,-64.0,bite
1002901,0.2885,-0.5374,-0.6218,18.7695,-33.2773,-64.0,bite
1002924,0.3479,-0.4807,-0.6246,13.7344,-36.875,-64.0,bite
1002947,0.4127,-0.4287,-0.642,5.2949,-43.0,-64.0,bite
1002970,0.5129,-0.3901,-0.7452,-0.7559,-47.6895,-64.0,bite
1002993,0.5787,-0.3638,-0.7888,-10.3672,-55.5293,-64.0,bite
1003016,0.563,-0.3632,-0.8296,-20.5371,-63.707,-64.0,bite
1003039,0.496,-0.34,-0.7766,-27.4258,-64.0,-64.0,bite
1003062,0.4176,-0.2726,-0.7456,-37.2539,-64.0,-64.0,bite
1003085,0.4487,-0.22,-0.7509,-42.9961,-64.0,-64.0,bite
1003108,0.4686,-0.1902,-0.7919,-49.8965,-64.0,-64.0,bite
1003131,0.4696,-0.1621,-0.7977,-54.8477,-64.0,-64.0,bite
1003154,0.4811,-0.1351,-0.7887,-57.3398,-64.0,-64.0,bite
1003177,0.5464,-0.1086,-0.7756,-60.3145,-57.6367,-64.0,bite
1003200,0.6321,-0.1011,-0.8635,-62.0117,-49.9961,-64.0,bite
1003223,0.6165,-0.0774,-0.9702,-64.0,-36.7285,-64.0,bite
1003246,0.5142,-0.0264,-0.8793,-64.0,-21.9668,-64.0,bite
1003269,0.479,-0.0013,-0.8351,-64.0,-11.5293,-64.0,bite
1003292,0.4836,-0.0106,-0.9268,-64.0,4.709,-64.0,bite
1003315,0.5314,0.0406,-0.9365,-64.0,15.457,-64.0,bite
1003338,0.5045,0.0717,-0.9261,-64.0,30.1172,-64.0,bite
1003361,0.4902,0.0537,-0.9766,-64.0,38.1348,-64.0,bite
1003384,0.5273,0.0708,-0.9247,-64.0,46.5332,-59.8828,bite
1003407,0.5564,0.1371,-0.782,-60.3066,49.8125,-48.3633,bite
1003430,0.5671,0.1359,-0.8162,-55.2676,49.0742,-41.8867,bite
1003453,0.5103,0.1133,-0.816,-45.8496,44.0938,-34.0117,bite
1003476,0.4824,0.1104,-0.7725,-38.5586,38.8086,-29.7871,bite
1003499,0.5216,0.1091,-0.7787,-26.6777,29.2578,-24.4355,bite
1003522,0.5239,0.1005,-0.7769,-14.541,19.2383,-19.5625,bite
1003545,0.4597,0.0983,-0.7776,-6.8359,13.0078,-16.2246,bite
1003568,0.3812,0.0801,-0.7772,3.4043,5.248,-10.6719,bite
1003591,0.3765,0.0664,-0.7771,9.0254,1.5059,-6.5117,bite
1003614,0.4305,0.0565,-0.7773,15.3555,-1.8027,0.1504,bite
1003637,0.5031,0.0366,-0.8201,19.1289,-2.9199,6.4609,bite
1003660,0.4799,0.0243,-0.8945,20.3047,-3.0781,9.9238,bite
1003683,0.4397,0.0199,-0.7986,20.4219,-3.4551,13.4355,bite
1003706,0.422,0.0121,-0.7737,19.7988,-4.1699,14.5645,bite
1003729,0.4016,0.0027,-0.7717,18.6113,-6.0781,14.5879,bite
1003752,0.4253,-0.0125,-0.7767,17.9883,-7.7578,13.0137,bite
1003775,0.3945,-0.0228,-0.7773,17.4766,-10.4414,11.332,bite
1003798,0.4149,-0.0194,-0.7773,17.2031,-12.6875,8.1953,bite
1003821,0.5013,-0.0178,-0.803,16.8867,-13.6543,5.8477,bite
1003844,0.5791,-0.0067,-0.8197,15.7891,-14.2695,2.125,bite
1003867,0.605,-0.0155,-0.7787,14.4824,-14.2637,-0.3789,bite
1003890,0.5687,-0.0304,-0.7899,11.6641,-13.7559,-3.8574,bite
1003913,0.5194,-0.0184,-0.8173,8.1094,-12.4785,-6.4121,bite
1003936,0.4716,-0.0072,-0.7983,5.5586,-11.1074,-7.2266,bite
1003959,0.4481,-0.0159,-0.7935,1.834,-8.3125,-6.7246,bite
1003982,0.4441,-0.0225,-0.8057,-0.4004,-6.0645,-5.2246,bite
1004005,0.437,-0.0298,-0.7764,-3.1699,-2.3984,-1.5645,bite
1004028,0.4331,-0.0541,-0.7776,-5.1211,1.2734,3.0527,bite
1004051,0.4232,-0.0637,-0.7478,-5.9629,3.584,6.2031,bite
1004074,0.453,-0.0718,-0.7272,-6.6953,6.7949,10.3945,bite
1004097,0.5005,-0.0663,-0.7482,-7.0469,8.8086,12.5234,bite
1004120,0.5551,-0.0244,-0.7865,-7.9551,11.7559,14.3535,bite
1004143,0.6093,0.0066,-0.9222,-9.2207,13.7227,14.4082,bite
1004166,0.626,0.0294,-0.984,-12.6816,16.5566,13.5469,bite
1004189,0.564,0.0837,-0.8268,-18.0645,18.7656,11.2969,bite
1004212,0.5504,0.1124,-0.7554,-22.2441,19.6406,9.4746,bite
1004235,0.5623,0.0964,-0.78,-28.2168,19.9004,6.7656,bite
1004258,0.5422,0.0884,-0.7766,-31.416,19.3711,5.1934,bite
1004281,0.5421,0.0718,-0.7971,-34.4688,17.7148,3.4199,bite
1004304,0.5205,0.0699,-0.7753,-35.2246,15.332,2.4687,bite
1004327,0.4893,0.0731,-0.7035,-34.4668,13.4922,2.3086,bite
1004350,0.4871,0.0715,-0.6875,-31.5898,10.6211,2.6895,bite
1004373,0.5619,0.0725,-0.7417,-28.7402,8.7695,3.2324,bite
1004396,0.5792,0.0688,-0.7826,-23.7305,6.2578,4.1387,bite
1004419,0.5883,0.0702,-0.7756,-18.7676,4.1777,4.7383,bite
1004442,0.5656,0.0717,-0.7698,-15.8789,3.0781,4.8398,bite
1004465,0.5406,0.0669,-0.7223,-12.4062,1.916,4.5918,bite
1004488,0.532,0.0684,-0.7351,-10.6543,1.4941,4.2578,bite
1004511,0.5557,0.0643,-0.7827,-8.7832,1.4023,3.6719,bite
1004534,0.5612,0.0792,-0.7756,-8.0117,1.6406,3.0937,bite
1004557,0.538,0.0985,-0.7745,-7.4746,2.2344,2.7383,bite
1004580,0.5474,0.101,-0.7672,-7.4492,2.8906,2.2441,bite
1004603,0.5804,0.0902,-0.7792,-7.5703,3.2617,1.9023,bite
1004626,0.5721,0.0956,-0.7753,-7.8086,3.5566,1.2695,bite
1004649,0.5438,0.1068,-0.7351,-7.9258,3.5176,0.7461,bite
1004672,0.5314,0.1044,-0.74,-7.8906,3.1348,-0.1152,bite
1004695,0.5566,0.0808,-0.7809,-7.5332,2.5098,-0.9648,bite
1004718,0.5535,0.0795,-0.7686,-7.1504,2.041,-1.5137,bite
1004741,0.5361,0.084,-0.7263,-6.4492,1.3594,-2.332,bite
1004764,0.5659,0.0863,-0.7462,-5.9258,0.9902,-2.877,bite
1004787,0.609,0.0828,-0.7816,-5.1387,0.6094,-3.7109,bite
1004810,0.6274,0.0851,-0.7756,-4.498,0.3516,-4.6074,bite
1004833,0.6138,0.0869,-0.7473,-4.2109,0.1777,-5.2129,bite
1004856,0.5814,0.0824,-0.7568,-3.9785,-0.1172,-5.9746,bite
1004879,0.5581,0.0806,-0.7701,-3.9199,-0.3086,-6.2422,bite
1004902,0.5602,0.0847,-0.7677,-3.9043,-0.5215,-6.0645,bite
1004925,0.5829,0.0857,-0.7714,-3.9004,-0.6035,-5.1094,bite
1004948,0.5791,0.0773,-0.7783,-3.8574,-0.6758,-4.1035,bite
1004971,0.5476,0.0775,-0.7703,-3.7285,-0.7383,-2.2324,bite
1004994,0.5306,0.072,-0.7489,-3.5547,-0.75,-0.8613,bite
1005017,0.5416,0.0674,-0.7579,-3.1191,-0.6484,1.1895,bite
1005040,0.5587,0.0658,-0.7693,-2.7227,-0.502,2.4258,bite
1005063,0.5602,0.0637,-0.7708,-2.0488,-0.248,3.873,bite
1005086,0.5515,0.0621,-0.7303,-1.4043,-0.0586,4.666,bite
1005109,0.5449,0.0682,-0.7288,-1.0469,0.0234,4.8203,bite
1005132,0.557,0.0728,-0.7635,-0.7051,0.1445,4.5586,bite
1005155,0.5903,0.0759,-0.7792,-0.6641,0.2461,4.1133,bite
1005178,0.6042,0.077,-0.7767,-0.9668,0.4121,3.123,bite
1005201,0.5937,0.0685,-0.7773,-1.6855,0.5449,1.877,bite
1005224,0.5769,0.0593,-0.7753,-2.3223,0.6016,1.0156,bite
1005247,0.5558,0.0664,-0.7554,-3.3281,0.625,-0.0996,bite
1005270,0.5594,0.0729,-0.7623,-3.9238,0.6016,-0.6172,bite
1005293,0.5547,0.075,-0.7781,-4.5977,0.4902,-0.9629,bite
1005316,0.5635,0.0748,-0.7769,-4.8906,0.2949,-0.8535,bite
1005339,0.5741,0.0704,-0.777,-5.1328,0.127,-0.6211,bite
1005362,0.5629,0.0658,-0.7714,-5.1621,-0.1543,-0.1973,bite
1005385,0.5426,0.061,-0.7341,-5.0547,-0.3418,0.0723,bite
1005408,0.532,0.0605,-0.7101,-4.668,-0.5527,0.416,bite
1005431,0.5585,0.0549,-0.7231,-4.2559,-0.6074,0.584,bite
1005454,0.5905,0.052,-0.7595,-3.4961,-0.5312,0.668,bite
1005477,0.608,0.0549,-0.7737,-2.7812,-0.2969,0.4375,bite
1005500,0.5796,0.0613,-0.7751,-2.4473,-0.0781,0.1055,bite
1005523,0.5479,0.067,-0.7771,-2.2559,0.3203,-0.5215,bite
1005546,0.546,0.0698,-0.777,-2.3398,0.6328,-0.9004,bite
1005569,0.579,0.0702,-0.777,-2.7305,1.125,-1.2598,bite
1005592,0.6107,0.0719,-0.7772,-3.3184,1.4941,-1.3945,bite
1005615,0.6165,0.0747,-0.7771,-3.7422,1.5801,-1.4219,bite
1005638,0.5886,0.0765,-0.7727,-4.3066,1.4141,-1.4219,bite
1005661,0.5417,0.0726,-0.7494,-4.5625,1.1484,-1.373,bite
1005684,0.5376,0.0739,-0.734,-4.6934,0.6406,-1.1328,bite
1005707,0.5634,0.0784,-0.7344,-4.6055,0.1172,-0.6797,bite
1005730,0.5845,0.0767,-0.7644,-4.2871,-0.2148,-0.3281,bite
1005753,0.5961,0.0659,-0.7797,-3.9004,-0.666,0.1094,bite
1005776,0.5712,0.0631,-0.7644,-3.6875,-0.9219,0.2734,bite
1005799,0.5496,0.0662,-0.7239,-3.4727,-1.1992,0.334,bite
1005822,0.5415,0.0667,-0.7329,-3.3848,-1.2852,0.3008,bite
1005845,0.5566,0.0712,-0.7594,-3.3145,-1.2383,0.2109,bite
1005868,0.598,0.0741,-0.7767,-3.3633,-1.0098,0.0586,bite
1005891,0.6248,0.0726,-0.7772,-3.4902,-0.8125,-0.123,bite
1005914,0.5857,0.0713,-0.7772,-3.8223,-0.5488,-0.5508,bite
1005937,0.5323,0.0679,-0.7739,-4.0918,-0.418,-0.8789,bite
1005960,0.5187,0.0663,-0.7294,-4.4434,-0.2402,-1.2383,bite
1005983,0.552,0.063,-0.7231,-4.584,-0.0293,-1.3047,bite
1006006,0.604,0.0597,-0.7695,-4.5391,0.127,-1.2344,bite
1006029,0.624,0.0582,-0.7782,-4.3457,0.3184,-1.1426,bite
1006052,0.5889,0.0569,-0.7733,-4.2051,0.3848,-1.1719,bite
1006075,0.5344,0.0695,-0.7389,-4.0273,0.4082,-1.3086,bite
1006098,0.5309,0.0703,-0.7594,-3.918,0.4355,-1.3613,bite
1006121,0.5737,0.0673,-0.778,-3.7461,0.4922,-1.2793,bite
1006144,0.6179,0.0654,-0.7767,-3.6113,0.582,-1.0449,bite
1006167,0.6116,0.0697,-0.7758,-3.5684,0.5801,-0.8984,bite
1006190,0.5645,0.0626,-0.7629,-3.5586,0.4316,-0.7559,bite
1006213,0.5076,0.0525,-0.7305,-3.5488,0.2734,-0.6719,bite
1006236,0.4996,0.057,-0.7223,-3.457,0.084,-0.4297,bite
1006259,0.5282,0.0707,-0.7677,-3.2637,0.082,-0.0059,bite
1006282,0.567,0.073,-0.7792,-3.1387,0.1895,0.2969,bite
1006305,0.5774,0.0699,-0.7784,-3.082,0.4297,0.541,bite
1006328,0.5563,0.0745,-0.7765,-3.1465,0.5879,0.4492,bite
1006351,0.5375,0.0665,-0.7567,-3.2637,0.7852,-0.1172,bite
1006374,0.5092,0.0665,-0.7141,-3.1445,0.9785,-1.0859,bite
1006397,0.5176,0.0795,-0.7015,-2.8398,1.1621,-1.8613,bite
1006420,0.5812,0.0863,-0.7216,-2.084,1.584,-3.166,bite
1006443,0.6404,0.0789,-0.7831,-1.5137,1.9336,-4.1758,bite
1006466,0.644,0.0878,-0.745,-0.877,2.377,-6.0059,bite
1006489,0.6066,0.1023,-0.6959,-0.7285,2.5527,-8.1016,bite
1006512,0.6077,0.1,-0.7334,-0.9434,2.5469,-9.4531,bite
1006535,0.6311,0.0923,-0.7809,-1.5996,2.4727,-11.082,bite
1006558,0.6385,0.0867,-0.7621,-2.2129,2.4023,-11.7734,bite
1006581,0.5986,0.0822,-0.7216,-3.2246,2.2344,-12.1113,bite
1006604,0.549,0.0815,-0.7072,-3.8145,2.1016,-11.8281,bite
1006627,0.5631,0.0802,-0.724,-4.3594,1.9688,-10.6562,bite
1006650,0.5878,0.0743,-0.7302,-4.4102,1.9531,-8.8125,bite
1006673,0.6085,0.0675,-0.7654,-4.2187,1.9805,-7.4297,bite
1006696,0.6072,0.0675,-0.7395,-3.7559,2.0176,-5.4629,bite
1006719,0.589,0.076,-0.6973,-3.416,2.0156,-4.3516,bite
1006742,0.5917,0.0791,-0.7172,-2.9629,1.9766,-3.0566,bite
1006765,0.6042,0.0817,-0.7419,-2.6855,1.9004,-2.168,bite
1006788,0.6085,0.0841,-0.7666,-2.6641,1.8379,-1.7559,bite
1006811,0.5981,0.088,-0.7742,-2.9219,1.7383,-1.3184,bite
1006834,0.5864,0.0977,-0.7378,-3.2695,1.6758,-1.0781,bite
1006857,0.592,0.1042,-0.7266,-3.9473,1.5723,-0.7012,bite
1006880,0.6179,0.1045,-0.7609,-4.9297,1.4453,-0.2637,bite
1006903,0.604,0.1007,-0.7798,-5.1191,1.3379,0.0449,bite
1006926,0.5703,0.1025,-0.7765,-5.7285,1.1602,0.5176,bite
1006949,0.5598,0.1062,-0.7714,-6.0566,1.0508,0.8555,bite
1006972,0.5831,0.1035,-0.7592,-6.3535,0.8691,1.3926,bite
1006995,0.5939,0.0886,-0.7297,-6.3848,0.6699,1.7246,bite
1007018,0.5636,0.0828,-0.7207,-6.1543,0.1641,2.0742,bite
1007041,0.5544,0.0793,-0.7151,-5.6152,-0.5254,2.1934,bite
1007064,0.5715,0.0835,-0.7164,-5.1348,-1.0039,2.1562,bite
1007087,0.6055,0.0839,-0.7148,-4.3574,-1.6719,1.9238,bite
1007110,0.6045,0.0803,-0.7123,-3.8809,-2.0781,1.6367,bite
1007133,0.5889,0.0796,-0.7291,-3.3457,-2.6016,1.0352,bite
1007156,0.5886,0.0887,-0.7438,-3.1094,-2.918,0.3555,bite
1007179,0.5853,0.0885,-0.7732,-3.1367,-2.9707,-0.0391,bite
1007202,0.5824,0.0884,-0.7557,-3.4043,-2.8262,-0.4141,bite
1007225,0.5752,0.0865,-0.7264,-3.6797,-2.6152,-0.4707,bite
1007248,0.5701,0.0803,-0.7471,-4.0996,-2.166,-0.2383,bite
1007271,0.5682,0.085,-0.7496,-4.4238,-1.5957,0.3281,bite
1007294,0.5767,0.0911,-0.7397,-4.5547,-1.1816,0.8262,bite
1007317,0.5817,0.0917,-0.7546,-4.625,-0.5898,1.5938,bite
1007340,0.5911,0.0829,-0.769,-4.6055,-0.2637,2.0137,bite
1007363,0.5903,0.077,-0.7437,-4.5156,0.0527,2.3633,bite
1007386,0.5793,0.0786,-0.7041,-4.4219,0.1289,2.3691,bite
1007409,0.5756,0.0793,-0.7201,-4.2285,0.0566,2.0762,bite
1007432,0.5911,0.077,-0.752,-4.0039,-0.1719,1.5488,bite
1007455,0.589,0.0787,-0.762,-3.8848,-0.3789,1.1504,bite
1007478,0.5803,0.0828,-0.7416,-3.8066,-0.7168,0.5937,bite
1007501,0.5682,0.0839,-0.7323,-3.8242,-0.916,0.3125,bite
1007524,0.5665,0.0815,-0.7324,-3.9141,-1.0977,0.0918,bite
1007547,0.5856,0.0819,-0.7422,-4.0273,-1.1211,0.1035,bite
1007570,0.5924,0.0812,-0.7422,-4.0937,-1.0781,0.1914,bite
1007593,0.5708,0.0804,-0.7343,-4.1562,-0.9805,0.3516,bite
1007616,0.5559,0.0824,-0.7159,-4.1621,-0.8984,0.4531,bite
1007639,0.5669,0.0831,-0.7361,-4.1113,-0.7148,0.5859,bite
1007662,0.5881,0.085,-0.7418,-4.0215,-0.4531,0.6504,bite
1007685,0.6053,0.0833,-0.7561,-3.9707,-0.2578,0.6152,bite
1007708,0.5958,0.0798,-0.7706,-3.9414,0.0215,0.4082,bite
1007731,0.5649,0.0825,-0.7312,-3.9551,0.1953,0.1816,bite
1007754,0.5828,0.0869,-0.7328,-3.9883,0.4687,-0.2129,bite
1007777,0.6206,0.0876,-0.7811,-4.0039,0.6523,-0.4766,bite
1007800,0.6404,0.0851,-0.776,-4.0332,0.8359,-0.8652,bite
1007823,0.6166,0.0826,-0.7367,-4.0664,0.7695,-1.2422,bite
1007846,0.5552,0.0763,-0.6849,-4.0391,0.5547,-1.4238,bite
1007869,0.5278,0.0741,-0.6989,-3.8301,0.1035,-1.4277,bite
1007892,0.5458,0.075,-0.748,-3.5879,-0.1816,-1.1855,bite
1007915,0.5908,0.0789,-0.7727,-3.2109,-0.4727,-0.5195,bite
1007938,0.6281,0.0836,-0.7625,-3.0176,-0.6211,0.2246,bite
1007961,0.6154,0.0815,-0.7466,-3.0449,-0.6895,0.5918,bite
1007984,0.5664,0.0813,-0.7169,-3.2832,-0.7676,0.8457,bite
1008007,0.5497,0.0853,-0.7141,-3.5039,-0.7598,0.8496,bite
1008030,0.5872,0.0852,-0.7585,-3.8184,-0.5918,0.709,bite
1008053,0.635,0.085,-0.7773,-4.0898,-0.3027,0.4238,bite
1008076,0.6298,0.0874,-0.7577,-4.2578,-0.1406,0.1348,bite
1008099,0.557,0.0902,-0.7332,-4.4629,-0.043,-0.3828,bite
1008122,0.5239,0.089,-0.7255,-4.5312,-0.0391,-0.6699,bite
1008145,0.556,0.0867,-0.7286,-4.4687,-0.0098,-0.8418,bite
1008168,0.6246,0.0789,-0.7518,-4.3184,0.0391,-0.7891,bite
1008191,0.6221,0.0742,-0.723,-3.9746,0.0684,-0.6445,bite
1008214,0.5707,0.075,-0.7067,-3.541,-0.0293,-0.6074,bite
1008237,0.549,0.0774,-0.7006,-3.2246,-0.1133,-0.6465,bite
1008260,0.5996,0.0758,-0.7327,-2.7676,-0.1445,-0.7441,bite
1008283,0.631,0.076,-0.7518,-2.5312,-0.0996,-0.8359,bite
1008306,0.6112,0.0814,-0.7639,-2.3809,-0.0195,-1.0547,bite
1008329,0.5632,0.0802,-0.7631,-2.5098,0.0293,-1.3086,bite
1008352,0.5468,0.0758,-0.7433,-2.7187,0.0742,-1.4102,bite
1008375,0.5645,0.0776,-0.7491,-3.127,0.1934,-1.375,bite
1008398,0.5957,0.0819,-0.7576,-3.4102,0.2891,-1.2422,bite
1008421,0.6276,0.0813,-0.778,-3.7988,0.373,-1.002,bite
1008444,0.6254,0.0796,-0.7649,-4.0957,0.2773,-0.873,bite
1008467,0.5923,0.0803,-0.7269,-4.207,0.0977,-0.877,bite
1008490,0.5496,0.0829,-0.7158,-4.1875,-0.2793,-0.9297,bite
1008513,0.5728,0.0817,-0.7261,-4.041,-0.5273,-0.9258,other
1008536,0.618,0.0756,-0.746,-3.6797,-0.8223,-0.8359,other
1008559,0.6162,0.0781,-0.7361,-3.4102,-0.9844,-0.7559,other
1008582,0.573,0.0748,-0.7371,-3.0605,-1.1934,-0.6699,other
1008605,0.5314,0.0752,-0.7181,-2.8281,-1.3027,-0.5879,other
1008628,0.562,0.0793,-0.7128,-2.7461,-1.2715,-0.498,other
1008651,0.589,0.0828,-0.733,-2.7324,-1.0527,-0.3301,other
1008674,0.6416,0.08,-0.7783,-2.8184,-0.8457,-0.2793,other
1008697,0.6398,0.08,-0.7709,-3.1328,-0.5957,-0.4629,other
1008720,0.5804,0.0854,-0.7357,-3.6289,-0.5137,-0.959,other
1008743,0.521,0.0834,-0.7206,-3.9727,-0.498,-1.3242,other
1008766,0.5502,0.0817,-0.7397,-4.3711,-0.3789,-1.6699,other
1008789,0.6228,0.0779,-0.7755,-4.5273,-0.207,-1.7168,other
1008812,0.6403,0.0784,-0.7518,-4.623,0.0566,-1.6406,other
1008835,0.5934,0.0758,-0.7294,-4.5918,0.1562,-1.5547,other
1008858,0.5376,0.0739,-0.7198,-4.5,0.1309,-1.4883,other
1008881,0.55,0.0753,-0.7235,-4.2637,0.0781,-1.2734,other
1008904,0.6014,0.0804,-0.7334,-4.0664,0.0664,-1.0449,other
1008927,0.6288,0.0819,-0.7677,-3.7988,0.0215,-0.6895,other
1008950,0.6012,0.0819,-0.7759,-3.6973,-0.0781,-0.4629,other
1008973,0.5626,0.0842,-0.7484,-3.6953,-0.3242,-0.3945,other
1008996,0.5575,0.0879,-0.7269,-3.8125,-0.5918,-0.3535,other
1009019,0.5803,0.0901,-0.7393,-3.9004,-0.748,-0.3398,other
1009042,0.5956,0.0939,-0.7599,-4.0,-0.9785,-0.3867,other
1009065,0.6106,0.0958,-0.7367,-4.041,-1.1797,-0.5273,other
1009088,0.6017,0.0868,-0.7361,-4.0723,-1.6191,-0.9824,other
1009111,0.5529,0.0846,-0.7195,-4.0527,-2.1855,-1.666,other
1009134,0.5201,0.089,-0.7235,-4.0098,-2.5176,-2.1211,other
1009157,0.5908,0.0879,-0.7675,-3.9121,-2.7305,-2.6055,other
1009180,0.651,0.0845,-0.7788,-3.8711,-2.6543,-2.7754,other
1009203,0.6332,0.0867,-0.7704,-3.916,-2.3555,-2.8828,other
1009226,0.5688,0.0924,-0.7073,-4.0254,-2.0137,-2.8242,other
1009249,0.5392,0.0785,-0.7181,-4.0352,-1.7656,-2.627,other
1009272,0.5533,0.0695,-0.7531,-3.8809,-1.3066,-2.0176,other
1009295,0.5801,0.0746,-0.7269,-3.6914,-0.959,-1.4492,other
1009318,0.6014,0.0795,-0.722,-3.3809,-0.5,-0.5508,other
1009341,0.5937,0.0822,-0.7418,-3.2227,-0.3145,0.1602,other
1009364,0.5898,0.0831,-0.7703,-3.1562,-0.2461,0.4551,other
1009387,0.5892,0.0876,-0.7753,-3.3457,-0.3574,0.6484,other
1009410,0.61,0.0847,-0.7776,-3.5957,-0.4941,0.6738,other
1009433,0.6912,0.0685,-0.8394,-4.0352,-0.8105,0.7187,other
1009456,0.7344,0.0782,-0.786,-4.2637,-1.168,0.8906,other
1009479,0.6881,0.0758,-0.7528,-4.1621,-2.0312,1.7813,other
1009502,0.6062,0.0544,-0.7181,-2.9687,-3.0859,4.1699,other
1009525,0.5139,0.0327,-0.7053,-1.3691,-3.6035,6.9902,other
1009548,0.4399,0.0205,-0.6687,2.1309,-3.6055,13.2559,other
1009571,0.4291,0.0034,-0.6692,4.9219,-2.8945,18.5332,other
1009594,0.491,-0.0197,-0.7234,9.0371,-0.75,26.9551,other
1009617,0.4995,-0.0181,-0.7308,12.041,2.1953,34.0449,other
1009640,0.5353,-0.011,-0.6783,12.9961,4.2109,36.9961,other
1009663,0.5999,-0.0148,-0.7257,12.6152,6.752,37.6973,other
1009686,0.6788,-0.0193,-0.7799,11.2012,7.8594,35.4375,other
1009709,0.6981,-0.0166,-0.7679,7.6602,8.3164,28.2695,other
1009732,0.6545,-0.0048,-0.7063,4.7012,7.791,17.9219,other
1009755,0.6183,-0.0127,-0.7098,0.125,6.0605,10.3574,other
1009778,0.6288,-0.0195,-0.7775,-3.7988,3.8418,-0.2598,other
1009801,0.6268,-0.0146,-0.7645,-5.7812,2.3887,-6.0605,other
1009824,0.5957,-0.0038,-0.7228,-7.6602,0.4824,-12.0352,other
1009847,0.5731,0.0034,-0.7051,-8.1934,-0.5273,-14.0391,other
1009870,0.5909,0.001,-0.751,-8.0723,-1.5566,-14.2969,other
1009893,0.6068,0.005,-0.7507,-7.2148,-2.0059,-12.0527,other
1009916,0.6121,0.0107,-0.7512,-6.4668,-2.0488,-9.7578,other
1009939,0.6122,0.0148,-0.7264,-5.3594,-1.8809,-6.0078,other
1009962,0.6139,0.0063,-0.7651,-4.7344,-1.7031,-3.7246,other
1009985,0.6249,0.0081,-0.7483,-4.0684,-1.4395,-1.1035,other
1010008,0.6328,0.0012,-0.7621,-3.748,-1.2402,0.334,other
1010031,0.6147,0.0054,-0.7234,-3.6953,-1.1641,0.6738,other
1010054,0.5803,0.0083,-0.7257,-3.7656,-1.1055,0.5449,other
1010077,0.5752,0.0109,-0.7462,-3.8574,-1.043,0.248,other
1010100,0.6003,0.0112,-0.7722,-4.0332,-0.8457,-0.2207,other
1010123,0.6047,0.0126,-0.7549,-4.1777,-0.6562,-0.5645,other
1010146,0.5865,0.0173,-0.7361,-4.4375,-0.3711,-0.7109,other
1010169,0.5834,0.0172,-0.7377,-4.7109,-0.1465,-0.832,other
1010192,0.6118,0.0118,-0.7542,-4.8809,-0.0449,-0.8789,other
1010215,0.6104,0.0088,-0.7473,-5.1035,0.0098,-0.9922,other
1010238,0.6095,0.0098,-0.7621,-5.2285,-0.0215,-1.1504,other
1010261,0.6191,0.0157,-0.7421,-5.3828,-0.1484,-1.5586,other
1010284,0.6283,0.017,-0.7388,-5.4824,-0.3652,-2.1719,other
1010307,0.6277,0.0146,-0.7535,-5.5137,-0.5664,-2.6699,other
1010330,0.6261,0.0168,-0.7428,-5.5156,-0.9434,-3.457,other
1010353,0.6077,0.0128,-0.7252,-5.4844,-1.2168,-3.9219,other
1010376,0.5839,0.014,-0.7174,-5.377,-1.5762,-4.3477,other
1010399,0.5723,0.016,-0.7159,-5.2051,-1.7637,-4.2676,other
1010422,0.5924,0.0137,-0.7338,-5.082,-1.7461,-3.9043,other
1010445,0.611,0.0166,-0.7388,-4.9707,-1.5117,-3.0039,other
1010468,0.6067,0.0237,-0.7203,-4.9844,-1.2539,-2.2793,other
1010491,0.59,0.0281,-0.7244,-5.1719,-0.7539,-1.1973,other
1010514,0.6149,0.0264,-0.7625,-5.4102,-0.3477,-0.293,other
1010537,0.627,0.0259,-0.7697,-5.9375,0.3184,0.1406,other
1010560,0.6166,0.026,-0.7474,-6.627,0.9121,0.4824,other
1010583,0.6172,0.026,-0.7466,-7.1172,1.2129,0.5137,other
1010606,0.6158,0.0238,-0.7623,-7.7773,1.4746,0.3398,other
1010629,0.5913,0.0304,-0.7284,-8.1113,1.5156,0.1387,other
1010652,0.5835,0.033,-0.7192,-8.375,1.3945,-0.1582,other
1010675,0.6014,0.0304,-0.7529,-8.3145,1.1387,-0.3418,other
1010698,0.609,0.033,-0.7581,-8.1191,0.9316,-0.3887,other
1010721,0.6049,0.0348,-0.7441,-7.6797,0.6074,-0.3906,other
1010744,0.5946,0.0323,-0.7308,-7.3203,0.4004,-0.3691,other
1010767,0.5978,0.0284,-0.7299,-6.709,0.1387,-0.3359,other
1010790,0.6062,0.0281,-0.7223,-6.0352,-0.0371,-0.3281,other
1010813,0.6141,0.0293,-0.7231,-5.5781,-0.1074,-0.3535,other
1010836,0.6289,0.0262,-0.7609,-4.9434,-0.1426,-0.4629,other
1010859,0.6273,0.0333,-0.7284,-4.5996,-0.1328,-0.5879,other
1010882,0.6248,0.04,-0.7241,-4.2383,-0.0781,-0.8203,other
1010905,0.6107,0.0397,-0.7311,-4.0977,0.0039,-1.0156,other
1010928,0.6134,0.0369,-0.7495,-4.0195,0.0742,-1.0781,other
1010951,0.6019,0.0386,-0.7388,-4.0801,0.2012,-1.0273,other
1010974,0.5907,0.0406,-0.724,-4.1719,0.293,-0.8926,other
1010997,0.6036,0.0377,-0.7327,-4.332,0.4434,-0.5684,other
1011020,0.6201,0.0295,-0.7639,-4.4395,0.541,-0.3223,other
1011043,0.6289,0.035,-0.746,-4.6074,0.6465,-0.0332,other
1011066,0.6274,0.0338,-0.7256,-4.7891,0.666,0.0449,other
1011089,0.606,0.0315,-0.7246,-4.9062,0.623,-0.0312,other
1011112,0.5856,0.0332,-0.7272,-5.0527,0.5039,-0.2617,other
1011135,0.6144,0.031,-0.745,-5.1289,0.4121,-0.4277,other
1011158,0.6296,0.0302,-0.7328,-5.2285,0.2441,-0.6465,other
1011181,0.6204,0.0352,-0.7159,-5.332,-0.0117,-0.8281,other
1011204,0.6212,0.0396,-0.726,-5.4043,-0.2187,-0.9238,other
1011227,0.6287,0.0381,-0.7366,-5.5059,-0.5312,-1.0117,other
1011250,0.6248,0.0398,-0.7186,-5.5684,-0.7207,-1.0215,other
1011273,0.5996,0.038,-0.7142,-5.6289,-0.9707,-0.9258,other
1011296,0.5835,0.0381,-0.7202,-5.6328,-1.1406,-0.6641,other
1011319,0.6091,0.0361,-0.728,-5.5762,-1.1816,-0.4004,other
1011342,0.6342,0.0342,-0.7318,-5.4766,-1.1328,0.041,other
1011365,0.6317,0.0343,-0.7262,-5.4121,-1.0703,0.291,other
1011388,0.6117,0.036,-0.7205,-5.3418,-1.0039,0.5312,other
1011411,0.5913,0.0286,-0.7655,-5.3125,-0.9883,0.6172,other
1011434,0.5985,0.0201,-0.85,-5.2793,-1.0449,0.7168,other
1011457,0.6122,0.0393,-0.8633,-5.1387,-1.4609,0.8184,other
1011480,0.6276,0.0583,-0.8114,-4.7598,-2.209,0.8555,other
1011503,0.6422,0.067,-0.7716,-3.1953,-4.4941,0.7656,other
1011526,0.605,0.0533,-0.7205,-1.1699,-6.9316,0.5918,other
1011549,0.5287,0.0282,-0.6207,3.5566,-11.6836,0.2715,other
1011572,0.4814,-0.0046,-0.5747,9.8516,-16.6738,0.1328,other
1011595,0.4707,-0.0256,-0.5903,14.2559,-19.3672,0.2402,other
1011618,0.5015,-0.0194,-0.6018,19.6875,-21.4414,0.6387,other
1011641,0.5518,-0.0142,-0.6504,21.6055,-21.1465,0.8945,other
1011664,0.597,0.0055,-0.7061,20.6875,-18.0527,0.8887,other
1011687,0.6151,0.0234,-0.7797,14.709,-12.1309,0.0625,other
1011710,0.6316,0.0504,-0.7762,7.9316,-6.9922,-0.9883,other
1011733,0.6536,0.0831,-0.7773,-4.8789,1.6582,-3.1406,other
1011756,0.6381,0.1066,-0.752,-14.2617,7.4902,-4.7871,other
1011779,0.6433,0.1271,-0.6936,-27.7227,15.4668,-7.2871,other
1011802,0.6495,0.1479,-0.6448,-35.3809,19.8711,-8.8613,other
1011825,0.6122,0.1586,-0.652,-44.0059,24.7617,-11.0234,other
1011848,0.5575,0.1792,-0.6277,-49.1543,27.8086,-13.0137,other
1011871,0.5658,0.202,-0.6688,-51.0645,29.2422,-14.3613,other
1011894,0.6292,0.2195,-0.7344,-52.7012,31.1973,-16.793,other
1011917,0.634,0.2429,-0.7262,-53.6328,32.5391,-18.9961,other
1011940,0.6553,0.2593,-0.7264,-55.623,34.4512,-23.6641,other
1011963,0.6252,0.2711,-0.6777,-58.6699,35.5742,-30.1738,other
1011986,0.5453,0.2898,-0.5731,-61.1445,35.4219,-35.377,other
1012009,0.5481,0.3511,-0.4697,-64.0,33.332,-43.8848,other
1012032,0.5575,0.3962,-0.5001,-64.0,30.5254,-49.6113,other
1012055,0.4741,0.4275,-0.502,-64.0,24.125,-57.5762,other
1012078,0.4426,0.4558,-0.6185,-64.0,15.7812,-63.9355,other
1012101,0.4976,0.4761,-0.6752,-64.0,9.7695,-64.0,other
1012124,0.5968,0.5173,-0.5822,-64.0,0.8203,-64.0,other
1012147,0.6577,0.5269,-0.5531,-64.0,-4.8437,-64.0,other
1012170,0.6539,0.5399,-0.5029,-64.0,-12.6074,-64.0,other
1012193,0.6381,0.5502,-0.5369,-64.0,-17.0762,-64.0,other
1012216,0.5695,0.5881,-0.4775,-59.1719,-22.2969,-60.7559,other
1012239,0.5203,0.5878,-0.4537,-50.5391,-25.3594,-53.7266,other
1012262,0.5405,0.5505,-0.5118,-43.9844,-26.1035,-47.8242,other
1012285,0.5328,0.5062,-0.5569,-33.9492,-25.4629,-37.623,other
1012308,0.5017,0.4729,-0.5634,-27.7559,-24.1133,-30.3652,other
1012331,0.4418,0.458,-0.5273,-20.0625,-21.2363,-19.6016,other
1012354,0.395,0.4435,-0.4525,-14.7344,-17.9551,-9.8281,other
1012377,0.4066,0.4015,-0.433,-12.4863,-15.8262,-4.2793,other
1012400,0.4609,0.3646,-0.443,-10.8281,-13.0586,2.0605,other
1012423,0.4641,0.5094,-0.3224,-10.709,-11.7109,4.791,other
1012446,0.4271,0.6919,-0.1677,-11.6973,-10.6621,6.7383,other
1012469,0.412,0.7695,-0.2954,-13.9687,-10.5371,6.6289,other
1012492,0.397,0.7769,-0.4869,-15.8047,-10.6543,5.7285,other
1012515,0.329,0.7504,-0.605,-20.0957,-10.625,3.5156,other
1012538,0.2395,0.7209,-0.5833,-23.8066,-10.1953,1.6445,other
1012561,0.2018,0.6735,-0.537,-30.0039,-8.5684,-1.5059,other
1012584,0.2319,0.6252,-0.4907,-33.8457,-6.7344,-3.7676,other
1012607,0.2505,0.598,-0.4678,-37.8262,-3.0371,-7.4902,other
1012630,0.3623,0.5945,-0.4531,-38.5156,1.2852,-11.918,other
1012653,0.4529,0.6107,-0.4037,-36.9043,4.1875,-15.4395,other
1012676,0.5123,0.6312,-0.4033,-31.7227,8.1914,-21.5742,other
1012699,0.6459,0.6863,-0.5673,-26.9492,10.5391,-25.9395,other
1012722,0.4153,0.7765,-0.4021,-18.9844,13.6504,-31.8711,other
1012745,0.485,0.8062,-0.2118,-11.1504,16.6113,-35.5293,other
1012768,0.6156,0.6996,-0.3484,-6.4141,18.4805,-36.127,other
1012791,0.7428,0.6372,-0.4565,-0.6816,20.4844,-34.1484,other
1012814,0.5828,0.6135,-0.4266,1.9082,20.877,-31.0723,other
1012837,0.1243,0.5746,-0.4351,3.8262,19.9277,-23.9766,other
1012860,0.0001,0.5101,-0.4199,3.832,17.9355,-14.1074,other
1012883,0.2466,0.4578,-0.3914,3.168,16.4609,-6.6094,other
1012906,0.5237,0.4612,-0.4814,1.709,13.8789,3.9512,other
1012929,0.5471,0.5339,-0.5439,0.5918,11.5352,9.2129,other
1012952,0.1349,0.7362,-0.3307,-1.166,6.7441,13.1602,other
1012975,0.5411,0.7754,-0.6436,-2.2793,3.0137,13.1895,other
1012998,0.3831,0.7489,-0.5364,-3.7422,-2.4492,10.1484,other
1013021,0.2758,0.7111,-0.3495,-4.6836,-6.5234,4.9707,other
1013044,0.5852,0.5566,-0.4922,-4.8242,-7.9707,1.1582,other
1013067,0.3489,0.7072,-0.2794,-4.3418,-8.3379,-4.1777,other
1013090,0.3792,0.6423,-0.5486,-3.7148,-7.5059,-7.0254,other
1013113,0.3058,0.6759,-0.4081,-2.9141,-4.7988,-9.5977,other
1013136,0.3916,0.6836,-0.4016,-2.9473,-0.6445,-9.7773,other
1013159,0.401,0.8064,-0.3612,-3.6035,2.5898,-8.6992,other
1013182,0.3531,0.8615,-0.4674,-5.4648,7.4687,-5.8887,other
1013205,0.337,0.8875,-0.4333,-7.1172,10.4043,-3.6621,other
1013228,0.5626,0.8123,-0.3733,-9.6172,13.7891,-0.6934,other
1013251,0.6895,0.707,-0.2117,-11.0957,15.166,0.748,other
1013274,0.7146,0.5781,-0.1626,-10.9453,14.6934,0.5566,other
1013297,0.5532,0.4779,-0.2252,-8.7051,12.1309,-0.9707,other
1013320,0.2997,0.4058,-0.2292,-6.123,9.7227,-2.0117,other
1013343,0.2399,0.382,-0.2544,-1.6152,6.3223,-2.0176,other
1013366,0.3456,0.3883,-0.3065,1.0938,4.748,-0.4434,other
1013389,0.3937,0.4352,-0.3895,3.584,3.5977,4.0488,other
1013412,0.3644,0.5192,-0.4689,3.2969,3.4121,9.707,other
1013435,0.2747,0.5806,-0.5579,1.4258,3.4824,13.2363,other
1013458,0.1904,0.6158,-0.5439,-3.4375,3.5898,17.1113,other
1013481,0.3231,0.6583,-0.4336,-7.4473,3.6445,18.2891,other
1013504,0.6149,0.6865,-0.3679,-13.2207,3.6641,17.2969,other
1013527,0.7158,0.7579,-0.2999,-17.2715,3.2187,12.6309,other
1013550,0.7012,0.8851,-0.7437,-18.6602,2.4102,7.8125,other
1013573,0.1892,0.8857,-0.4609,-18.918,0.5898,-0.3418,other
1013596,0.2385,0.7433,-0.2645,-17.9121,-0.5371,-5.1855,other
1013619,0.58,0.647,-0.3943,-14.7676,-1.3496,-10.248,other
1013642,0.5106,0.6163,-0.3649,-10.3535,-1.2773,-12.3828,other
1013665,0.4998,0.6093,-0.415,-7.248,-0.9551,-12.3789,other
1013688,0.5255,0.5647,-0.4615,-3.1562,-0.2676,-10.6387,other
1013711,0.3788,0.6104,-0.3793,-1.1602,0.2793,-8.4297,other
1013734,0.4579,0.6447,-0.2358,0.5293,1.3594,-3.5352,other
1013757,0.4839,0.6646,-0.2194,0.8848,2.332,3.2793,other
1013780,0.5001,0.7787,-0.1881,0.4648,4.0586,8.6914,other
1013803,0.5306,0.8322,-0.3301,-1.0684,5.8477,17.7852,other
1013826,0.4874,0.6426,-0.6024,-2.7773,7.1016,23.9121,other
1013849,0.6964,0.9293,-0.4845,-6.3437,9.0137,31.9199,other
1013872,0.5897,0.733,-0.4398,-8.9141,9.9336,35.6445,other
1013895,0.6339,0.6956,-0.2837,-11.5234,9.8809,37.7324,other
1013918,0.5834,0.6027,-0.1606,-10.8594,7.3594,35.1152,other
1013941,0.6702,0.5076,-0.2141,-8.043,4.1387,30.9063,other
1013964,0.6747,0.3628,-0.3176,-0.6191,-2.9375,21.8066,other
1013987,0.6338,0.3259,-0.3394,5.668,-8.9004,14.7383,other
1014010,0.4564,0.3145,-0.2859,15.3203,-18.7754,4.4746,other
1014033,0.3286,0.3577,-0.2979,23.2129,-28.3164,-3.1992,other
1014056,0.2937,0.4344,-0.3066,26.5879,-33.7656,-6.084,other
1014079,0.3658,0.4935,-0.4586,27.9063,-39.9766,-7.0371,other
1014102,0.3859,0.5302,-0.6157,26.0117,-42.8379,-6.0039,other
1014125,0.2177,0.5846,-0.6527,19.0977,-45.6855,-3.4004,other
1014148,0.1783,0.6403,-0.595,12.2695,-46.7695,-1.252,other
1014171,0.2703,0.6665,-0.5571,0.2812,-47.1602,-0.5039,other
1014194,0.3544,0.6537,-0.5853,-11.5684,-46.291,-1.6133,other
1014217,0.327,0.6625,-0.5796,-18.334,-45.2188,-3.8359,other
1014240,0.2371,0.666,-0.5419,-25.7871,-42.9453,-8.9746,other
1014263,0.2292,0.6754,-0.5177,-28.709,-40.8633,-13.0527,other
1014286,0.2496,0.6898,-0.3407,-30.1133,-36.8086,-19.1016,other
1014309,0.3431,0.6993,-0.287,-28.627,-31.873,-24.1934,other
1014332,0.4296,0.6809,-0.3931,-26.7363,-28.4102,-26.8379,other
1014355,0.3752,0.6571,-0.5333,-24.0469,-23.5996,-29.5527,other
1014378,0.3542,0.6779,-0.6809,-23.1777,-20.9023,-30.4043,other
1014401,0.2473,0.7578,-0.4513,-23.8574,-17.7637,-29.9668,other
1014424,0.3224,0.6958,-0.3657,-26.2832,-15.7656,-27.3633,other
1014447,0.3177,0.6868,-0.3676,-28.2324,-15.168,-24.6074,other
1014470,0.2393,0.6616,-0.3728,-30.7461,-15.4961,-19.5898,other
1014493,0.2449,0.6339,-0.3014,-31.7676,-16.4121,-16.1367,other
1014516,0.2965,0.6362,-0.3025,-31.9746,-18.3887,-11.5918,other
1014539,0.2882,1.0264,-0.6993,-31.1875,-19.7656,-8.4805,other
1014562,0.0776,0.7534,-0.3732,-28.5488,-21.3848,-7.4023,other
1014585,0.1436,0.6718,-0.2917,-24.3496,-21.9922,-7.293,other
1014608,0.3069,0.7356,-0.4382,-21.1719,-21.9453,-8.0137,other
1014631,0.0977,0.7167,-0.4832,-16.6719,-21.4961,-9.5742,other
1014654,0.1378,0.6919,-0.4784,-14.2148,-20.8789,-10.4551,other
1014677,0.3215,0.7075,-0.3759,-11.6582,-19.1406,-10.8145,other
1014700,0.297,0.7487,-0.3043,-10.2949,-16.3633,-9.6758,other
1014723,0.2629,0.705,-0.4392,-9.7285,-14.1484,-8.2676,other
1014746,0.1582,0.6951,-0.4608,-8.8652,-11.0527,-5.957,other
1014769,0.1504,0.7181,-0.4023,-8.0508,-9.7363,-4.8457,other
1014792,0.1443,0.7247,-0.4082,-6.2383,-9.8535,-4.6426,other
1014815,0.1085,0.7271,-0.4546,-3.625,-12.7773,-6.6328,other
1014838,0.1157,0.7,-0.5317,-1.498,-15.7871,-8.9941,other
1014861,0.0968,0.6974,-0.4523,1.9961,-20.3535,-13.2031,other
1014884,0.1912,0.7018,-0.4507,4.3281,-22.4902,-15.7988,other
1014907,0.1558,0.6956,-0.4576,7.543,-23.1699,-18.4121,other
1014930,0.1852,0.673,-0.4816,9.377,-21.6934,-18.8613,other
1014953,0.2113,0.6722,-0.4493,11.5371,-16.7598,-17.8926,other
1014976,0.024,0.7811,-0.4857,12.834,-9.4414,-14.7168,other
1014999,0.1512,0.6853,-0.5094,13.0703,-4.1289,-11.623,other
1015022,0.1595,0.704,-0.5007,12.2695,3.2344,-6.1055,other
1015045,0.212,0.7046,-0.494,10.9316,7.3437,-2.3672,other
1015068,0.1599,0.6676,-0.4558,7.8359,12.0371,2.3926,other
1015091,0.2872,0.6945,-0.4744,3.8184,15.1309,5.5605,other
1015114,0.2053,0.6967,-0.486,0.9355,16.457,6.8398,other
1015137,-0.0967,0.7106,-0.4656,-3.2871,17.168,8.0781,other
1015160,0.2738,0.7192,-0.3774,-5.8027,16.5195,8.75,other
1015183,-0.1038,0.7977,-0.4346,-8.7109,13.1152,9.4336,other
1015206,0.1759,0.6918,-0.4879,-10.166,6.5625,8.8203,other
1015229,0.2345,0.6213,-0.4541,-10.2402,0.6602,6.8809,other
1015252,0.2351,0.6915,-0.5306,-9.1621,-9.5488,1.0605,other
1015275,0.1045,0.7242,-0.4354,-7.8047,-16.1172,-4.3184,other
1015298,0.5034,0.7113,-0.3622,-5.1777,-23.2852,-12.623,other
1015321,0.4072,0.7185,-0.4783,-3.3867,-25.2813,-18.1191,other
1015344,-0.407,0.6305,-0.6421,-1.4766,-23.5039,-18.7402,other
1015367,-0.0476,0.7012,-0.4363,-1.1191,-15.4551,-14.3926,other
1015390,0.3468,0.7432,-0.4651,-1.6504,-7.1309,-8.7539,other
1015413,0.3866,0.7162,-0.4132,-3.041,6.957,0.9414,other
1015436,0.0377,0.6958,-0.5488,-4.084,15.4961,6.5625,other
1015459,0.0793,0.6873,-0.5356,-5.5937,24.6621,12.1367,other
1015482,0.1611,0.7563,-0.3168,-6.9297,28.123,13.918,other
1015505,0.0468,0.7711,-0.438,-7.6465,27.0176,13.1973,other
1015528,0.1206,0.7524,-0.444,-8.3555,20.75,9.5859,other
1015551,0.452,0.6216,-0.4978,-8.627,14.2285,5.6602,other
1015574,-0.015,0.6914,-0.4512,-8.9805,2.6777,-1.8926,other
1015597,0.1554,0.7073,-0.4381,-9.4687,-8.2227,-9.709,other
1015620,0.2942,0.7242,-0.4352,-9.8613,-13.5527,-13.8828,other
1015643,0.6246,0.7307,-0.3322,-10.4668,-17.0723,-17.2168,other
1015666,0.006,0.7151,-0.3971,-10.9355,-16.2148,-17.0527,other
1015689,-0.2045,0.7145,-0.5969,-12.0176,-10.4668,-12.9844,other
1015712,0.0688,0.7462,-0.4768,-13.0879,-0.0645,-5.168,other
1015735,0.5233,0.682,-0.278,-15.0137,7.8125,0.9805,other
1015758,0.1501,0.7628,-0.3385,-16.8457,19.5117,9.5469,other
1015781,0.281,0.7739,-0.4503,-17.8203,25.7383,13.9492,other
1015804,-0.0171,0.6594,-0.4952,-18.877,31.3379,17.959,other
1015827,0.2396,0.6792,-0.3282,-19.3945,32.2988,18.9531,other
1015850,0.3069,0.7543,-0.3359,-19.8906,29.668,18.1348,other
1015873,0.3212,0.7311,-0.355,-19.7344,22.6621,14.6465,other
1015896,0.0709,0.744,-0.4521,-19.1074,16.1445,11.0273,other
1015919,0.0712,0.7239,-0.4572,-17.4336,5.1953,4.5254,other
1015942,0.3406,0.7274,-0.3629,-16.0078,-1.5977,0.2715,other
1015965,0.4124,0.7036,-0.2274,-13.8203,-9.0039,-4.6113,other
1015988,0.1888,0.749,-0.3446,-11.9844,-11.8203,-6.6309,other
1016011,0.1464,0.7738,-0.3817,-11.0918,-11.1289,-6.252,other
1016034,0.1472,0.7368,-0.3994,-10.3047,-7.1621,-3.6895,other
1016057,0.1807,0.739,-0.3717,-10.1309,-3.4453,-1.2656,other
1016080,0.1636,0.738,-0.3204,-10.252,2.1504,2.4082,other
1016103,0.2196,0.8109,-0.2955,-10.4453,6.2187,5.3418,other
1016126,0.1891,0.7637,-0.3872,-10.6094,8.1738,6.6523,other
1016149,0.1781,0.7107,-0.3658,-10.3984,8.8437,7.3984,other
1016172,0.379,0.705,-0.3081,-10.0,7.9785,6.9531,other
1016195,0.1719,0.7321,-0.385,-8.9883,4.918,4.8984,other
1016218,0.2239,0.7603,-0.3628,-8.0176,2.1074,2.8926,other
1016241,0.2511,0.7491,-0.382,-6.1484,-2.168,-0.2031,other
1016264,0.3403,0.6987,-0.3633,-4.0117,-5.0742,-2.3027,other
1016287,0.4327,0.6617,-0.3326,-2.6504,-5.6738,-2.7422,other
1016310,0.3909,0.7174,-0.2968,-1.0098,-4.4531,-1.752,other
1016333,-0.1919,0.8273,-0.5446,-0.3066,-2.4355,0.0762,other
1016356,0.2035,0.7474,-0.3931,0.0937,1.9453,4.4336,other
1016379,0.0038,0.8004,-0.4065,-0.1973,6.6875,9.541,other
1016402,0.3654,0.7653,-0.2767,-0.6191,9.0449,12.2285,other
1016425,0.3491,0.7211,-0.2974,-1.3086,9.7969,13.3652,other
1016448,0.2578,0.7241,-0.3824,-1.7617,8.0117,11.6758,other
1016471,0.0726,0.7454,-0.3839,-2.5352,2.7109,6.0977,other
1016494,0.1737,0.7771,-0.3398,-3.1602,-3.6992,-1.1523,other
1016517,0.3046,0.7187,-0.3531,-4.1758,-7.623,-5.875,other
1016540,0.3949,0.6571,-0.3525,-5.0293,-12.2637,-11.9902,other
1016563,0.1588,0.7458,-0.3738,-5.3457,-14.4062,-15.2051,other
1016586,0.1769,0.7466,-0.3975,-5.1621,-16.0,-18.334,other
1016609,0.1702,0.7677,-0.3838,-4.498,-15.8008,-19.0098,other
1016632,0.325,0.7926,-0.3395,-2.75,-13.3633,-17.6016,other
1016655,0.2432,0.7578,-0.3412,-0.5293,-8.7109,-13.4902,other
1016678,0.2273,0.698,-0.3829,0.8262,-4.8867,-9.6211,other
1016701,0.1479,0.7555,-0.3624,2.0391,0.877,-2.8906,other
1016724,0.2161,0.7791,-0.3459,2.1035,4.1035,1.7539,other
1016747,0.2427,0.7266,-0.3672,1.0898,7.1172,8.2383,other
1016770,0.1935,0.6643,-0.399,-1.0039,7.4531,13.4824,other
1016793,0.251,0.6885,-0.4202,-2.7852,6.2598,16.0566,other
1016816,0.2773,0.7404,-0.3506,-5.5117,2.6797,18.3203,other
1016839,0.2203,0.726,-0.3966,-6.998,-0.7383,18.7012,other
1016862,0.2927,0.7107,-0.3921,-8.2617,-7.043,17.6426,other
1016885,0.2593,0.7173,-0.4143,-8.3574,-14.248,14.877,other
1016908,0.1801,0.7174,-0.4075,-7.4609,-19.2559,12.3008,other
1016931,0.1353,0.7129,-0.4473,-5.6035,-26.3262,7.7754,other
1016954,0.1591,0.7085,-0.4705,-3.998,-30.1582,4.5977,other
1016977,0.2345,0.7,-0.5072,-1.2305,-33.6504,0.0098,other
1017000,0.2323,0.6481,-0.4293,0.8066,-34.0234,-2.752,other
1017023,0.1676,0.6649,-0.4318,4.1875,-30.8008,-6.2422,other
1017046,0.1702,0.6924,-0.4098,8.2578,-21.8809,-8.7559,other
1017069,0.2236,0.6957,-0.4576,11.6387,-12.3066,-9.8594,other
1017092,0.2885,0.7042,-0.4115,18.1504,7.4375,-10.8477,other
1017115,0.3661,0.7178,-0.4127,23.5859,23.5879,-11.2461,other
1017138,0.3163,0.6869,-0.4536,33.123,50.3828,-11.625,other
1017161,0.2982,0.6699,-0.4413,43.125,63.998,-11.498,other
1017184,0.4194,0.6372,-0.4342,49.0684,63.998,-10.8887,other
1017207,0.441,0.5962,-0.4268,55.3711,63.998,-8.9355,other
1017230,0.4664,0.6119,-0.4283,57.1602,63.998,-6.9102,other
1017253,0.3735,0.6641,-0.4589,55.7578,63.998,-2.8789,other
1017276,0.3818,0.6573,-0.5035,49.7383,63.998,2.0273,other
1017299,0.4325,0.6338,-0.4359,43.8594,63.998,5.4434,other
1017322,0.4523,0.6157,-0.4197,33.0547,63.998,10.0449,other
1017345,0.4474,0.615,-0.4182,25.2754,63.998,12.3301,other
1017368,0.4352,0.6447,-0.3958,13.8066,45.0801,14.123,other
1017391,0.4446,0.6589,-0.3842,6.7891,30.1406,14.2012,other
1017414,0.4883,0.6525,-0.36,-2.2871,10.7793,12.9922,other
1017437,0.525,0.6052,-0.4056,-9.5586,-3.8652,10.9746,other
1017460,0.4086,0.5759,-0.4403,-13.6113,-10.9336,9.668,other
1017483,0.3849,0.5734,-0.4769,-18.873,-17.9004,8.3359,other
1017506,0.3899,0.598,-0.4468,-21.8691,-20.5371,7.998,other
1017529,0.426,0.6406,-0.4592,-25.2695,-22.4922,8.1816,other
1017552,0.3995,0.6904,-0.4292,-26.7793,-23.5527,8.7598,other
1017575,0.5116,0.703,-0.5123,-26.541,-24.5195,9.0859,other
1017598,0.6161,0.7009,-0.5656,-24.3477,-27.1797,9.1191,other
1017621,0.4634,0.7255,-0.5537,-21.7695,-29.918,8.748,other
1017644,0.301,0.6826,-0.4719,-16.3613,-34.7031,7.8203,other
1017667,0.4357,0.62,-0.4377,-9.2793,-38.3359,6.8945,other
1017690,0.506,0.5651,-0.3878,-3.6992,-39.2324,6.4258,other
1017713,0.4597,0.5081,-0.441,4.9805,-37.9434,6.0996,other
1017736,0.316,0.4573,-0.4691,10.377,-35.4883,6.2734,other
1017759,0.2123,0.4642,-0.4513,16.7168,-30.0176,7.4395,other
1017782,0.2244,0.4839,-0.4332,19.2461,-25.7754,8.873,other
1017805,0.3826,0.4854,-0.48,20.0684,-20.0352,11.5781,other
1017828,0.4552,0.5114,-0.5594,17.3926,-17.1797,13.873,other
1017851,0.2322,0.5002,-0.7505,13.9395,-17.8105,14.6641,other
1017874,0.1895,0.5392,-0.6342,7.0469,-22.8926,14.584,other
1017897,0.3127,0.5662,-0.5272,2.0312,-28.8496,13.8164,other
1017920,0.3771,0.6196,-0.4846,-4.7344,-41.2891,11.8906,other
1017943,0.3359,0.6517,-0.3748,-9.4902,-57.0879,9.4766,other
1017966,0.3571,0.6152,-0.4944,-11.4238,-64.0,7.9004,other
1017989,0.1328,0.5906,-0.7981,-13.1543,-64.0,6.0234,other
1018012,0.0836,0.6243,-0.7283,-14.1445,-64.0,5.3223,other
1018035,0.3185,0.6913,-0.4907,-15.9785,-64.0,5.123,other
1018058,0.307,0.6466,-0.5502,-18.3691,-64.0,5.2227,other
1018081,0.1541,0.6459,-0.6047,-19.4727,-64.0,4.9687,other
1018104,0.1,0.6064,-0.5847,-21.5176,-64.0,3.7637,other
1018127,0.2533,0.6321,-0.4973,-22.8711,-63.5137,2.4023,other
1018150,0.2545,0.6354,-0.5525,-24.877,-48.9453,-0.2812,other
1018173,0.2064,0.637,-0.5551,-26.1289,-39.75,-2.3301,other
1018196,0.0764,0.6561,-0.5696,-27.7695,-27.8496,-5.4922,other
1018219,0.0752,0.6702,-0.522,-29.1543,-19.0625,-8.4824,other
1018242,0.1412,0.6954,-0.4965,-30.0156,-15.0,-10.25,other
1018265,0.1892,0.7809,-0.5323,-31.1836,-10.9824,-12.3359,other
1018288,0.2719,0.6543,-0.6075,-31.707,-9.1523,-13.209,other
1018311,-0.0132,0.6429,-0.4465,-31.8613,-6.625,-13.6055,other
1018334,0.1963,0.7235,-0.3298,-31.0918,-2.0879,-12.9004,other
1018357,0.3607,0.724,-0.3817,-30.0605,3.0195,-11.8555,other
1018380,0.0402,0.666,-0.6949,-28.0664,13.4336,-9.6406,other
1018403,0.1677,0.6832,-0.4755,-26.6953,21.4707,-7.9629,other
1018426,0.3601,0.7118,-0.3302,-24.9668,32.8359,-5.5527,other
1018449,0.1331,0.719,-0.4434,-23.8906,40.2949,-3.6562,other
1018472,0.0448,0.7076,-0.5632,-23.5586,42.125,-2.8477,other
1018495,-0.0858,0.7607,-0.6084,-23.5645,40.1445,-2.4512,other
1018518,-0.0542,0.7537,-0.281,-23.7715,36.2441,-2.748,other
1018541,0.6533,0.6923,-0.2494,-23.9922,27.5977,-4.3691,other
1018564,0.3702,0.6847,-0.5159,-23.8828,20.2051,-6.6875,other
1018587,-0.1044,0.7206,-0.4967,-23.2051,7.416,-12.2422,other
1018610,0.1241,0.7466,-0.3237,-21.8926,-4.9023,-18.9551,other
1018633,0.0963,0.7944,-0.3534,-20.6563,-11.1855,-22.8301,other
1018656,0.3865,0.6538,-0.4236,-18.3223,-15.9512,-26.1172,other
1018679,0.1598,0.7094,-0.4026,-16.5645,-15.8223,-26.2285,other
1018702,0.2294,0.7258,-0.3568,-13.8145,-11.6387,-23.4766,other
1018725,0.2357,0.7365,-0.353,-10.9746,-4.6367,-18.1367,other
1018748,0.1714,0.7524,-0.4814,-9.0879,0.5098,-13.7148,other
1018771,0.2026,0.7156,-0.5162,-6.5117,7.8965,-6.4785,other
1018794,0.2262,0.7216,-0.3257,-5.1543,12.2617,-1.5078,other
1018817,0.2177,0.7455,-0.3396,-3.8574,17.457,5.8008,other
1018840,-0.0437,0.7352,-0.49,-3.4902,20.4219,12.5234,other
1018863,-0.1198,0.7579,-0.5336,-3.6758,21.002,16.3477,other
1018886,-0.4037,0.7925,-0.3636,-4.2051,19.6602,20.127,other
1018909,0.6989,0.6663,-0.421,-4.3223,17.2188,20.4082,other
1018932,0.3959,0.787,-0.3649,-3.4687,10.7637,15.7207,other
1018955,0.2089,0.8751,-0.4105,-2.0352,4.8301,5.166,other
1018978,0.2848,0.8046,-0.2892,1.1504,-4.582,-3.459,other
1019001,0.2841,0.7379,-0.3715,4.4297,-11.7637,-15.1328,other
1019024,0.3646,0.7196,-0.3048,5.7793,-14.0469,-20.168,other
1019047,0.2332,0.6713,-0.3667,5.4453,-12.6562,-21.3887,other
1019070,-0.0244,0.683,-0.4065,3.3418,-8.3945,-17.418,other
1019093,0.1237,0.7262,-0.4385,-2.3965,2.3008,-4.7363,other
1019116,0.1858,0.7411,-0.3695,-9.8398,15.9219,13.4922,other
1019139,0.3231,0.7429,-0.3032,-14.6309,25.0273,26.6504,other
1019162,0.425,0.709,-0.3263,-19.9766,36.7012,44.7109,other
1019185,0.535,0.6968,-0.4695,-21.7363,42.4727,54.2559,other
1019208,0.4214,0.6461,-0.4916,-21.3438,47.9863,63.8398,other
1019231,0.465,0.6572,-0.4369,-17.4785,51.0215,63.998,other
1019254,0.5934,0.636,-0.3763,-13.1914,52.6445,63.998,other
1019277,0.6494,0.6207,-0.4047,-4.7266,55.5664,63.998,other
1019300,0.6213,0.575,-0.4025,1.8105,58.1582,63.998,other
1019323,0.574,0.5383,-0.3331,12.0117,63.2402,63.998,other
1019346,0.446,0.5127,-0.2035,18.5391,63.998,63.998,other
1019369,0.4453,0.475,-0.1527,27.1348,63.998,63.998,other
1019392,0.6061,0.4077,-0.2881,33.5488,63.998,63.998,other
1019415,0.8158,0.3857,-0.34,36.2988,63.998,63.998,other
1019438,0.9377,0.4059,-0.2218,38.0898,63.998,63.998,other
1019461,0.96,0.3737,-0.1144,38.043,63.998,63.998,other
1019484,0.7977,0.3062,-0.1541,36.9004,61.9297,63.998,other
1019507,0.6588,0.3075,-0.3185,34.8809,42.1563,55.2773,other
1019530,0.6287,0.3916,-0.4459,32.8652,28.1895,43.7754,other
1019553,0.597,0.5129,-0.4935,28.3945,8.7539,26.7891,other
1019576,0.5962,0.5831,-0.3425,24.4316,-2.2773,16.6445,other
1019599,0.6835,0.6138,-0.1399,17.5762,-15.4316,3.8945,other
1019622,0.876,0.4739,-0.6128,10.334,-25.1875,-6.1426,other
1019645,0.7615,0.5239,-0.4762,5.5039,-30.502,-11.6465,other
1019668,0.6172,0.6115,-0.358,-1.1855,-36.877,-18.2402,other
1019691,0.4489,0.6462,-0.2921,-4.8613,-39.5039,-21.3164,other
1019714,0.5853,0.6442,-0.3573,-8.8086,-39.6113,-23.5605,other
1019737,0.8685,0.6311,-0.5339,-10.5312,-36.791,-23.0098,other
1019760,0.7792,0.6285,-0.5165,-12.4844,-29.3066,-21.5957,other
1019783,0.5978,0.5991,-0.329,-14.3848,-20.1211,-18.0176,other
1019806,0.4929,0.507,-0.2673,-15.6699,-13.957,-14.9316,other
1019829,0.5131,0.3719,-0.389,-17.3965,-5.2773,-9.7969,other
1019852,0.6078,0.3145,-0.4993,-18.3164,-0.0781,-6.5723,other
1019875,0.642,0.3397,-0.542,-19.1719,6.3262,-2.9824,other
1019898,0.543,0.403,-0.3247,-18.8594,10.4199,-1.4336,other
1019921,0.5399,0.4343,-0.1927,-17.5469,11.7949,-1.4082,other
1019944,0.6011,0.4481,-0.2101,-13.5234,12.2305,-2.3027,other
1019967,0.6583,0.4607,-0.3282,-9.7109,11.7227,-3.1934,other
1019990,0.7043,0.4784,-0.3528,-3.4414,10.1367,-4.5879,other
1020013,0.714,0.4943,-0.3181,1.8984,7.8945,-5.8223,other
1020036,0.6891,0.5154,-0.2842,4.3047,6.2363,-6.498,other
1020059,0.698,0.5239,-0.2921,5.791,3.8203,-7.209,other
1020082,0.7346,0.5157,-0.3873,5.3652,2.4023,-7.416,other
1020105,0.6447,0.5374,-0.3629,2.8516,0.6289,-7.1445,other
1020128,0.5697,0.5681,-0.3015,0.2617,-0.332,-5.8867,other
1020151,0.574,0.5747,-0.2274,-4.168,-1.4609,-4.4258,other
1020174,0.6246,0.5614,-0.2803,-8.2656,-2.3945,-1.6055,other
1020197,0.5638,0.566,-0.301,-10.4551,-3.1602,0.2734,other
1020220,0.5839,0.5638,-0.3159,-12.7129,-5.1387,2.1367,other
1020243,0.6139,0.5488,-0.3523,-13.5098,-7.4375,2.125,other
1020266,0.5647,0.5486,-0.3475,-13.7246,-13.0137,-0.7344,other
1020289,0.5382,0.5713,-0.3779,-13.0117,-21.2148,-7.627,other
1020312,0.563,0.5626,-0.5447,-12.2578,-27.7031,-14.3828,other
1020335,0.5852,0.5566,-0.6188,-11.2227,-37.9238,-26.7852,other
1020358,0.4889,0.5789,-0.5587,-10.8203,-44.4121,-35.5684,other
1020381,0.3429,0.6094,-0.4873,-10.5859,-52.3574,-47.3242,other
1020404,0.2572,0.6196,-0.4248,-10.2305,-56.6035,-54.8789,other
1020427,0.3285,0.5811,-0.4871,-9.5996,-56.9023,-56.752,other
1020450,0.4064,0.5477,-0.5455,-7.9102,-53.959,-54.918,other
1020473,0.3541,0.5614,-0.421,-6.3672,-50.4746,-51.2305,other
1020496,0.3165,0.6229,-0.2614,-3.6191,-44.3086,-43.459,other
1020519,0.3596,0.6376,-0.2952,-1.6523,-40.1191,-34.6777,bite
1020542,0.4099,0.6222,-0.4377,0.8828,-34.2344,-29.0117,bite
1020565,0.3768,0.642,-0.5081,1.7559,-29.0566,-21.4727,bite
1020588,0.2739,0.6956,-0.4287,0.8789,-25.9316,-17.2109,bite
1020611,0.3228,0.693,-0.4617,-2.7734,-21.3906,-11.9043,bite
1020634,0.3895,0.6647,-0.525,-6.4922,-18.3496,-9.0684,bite
1020657,0.3711,0.6853,-0.438,-13.1289,-14.0,-5.9316,bite
1020680,0.3375,0.7161,-0.4653,-19.6738,-10.377,-4.0957,bite
1020703,0.2974,0.7389,-0.4567,-23.2578,-8.5195,-3.4512,bite
1020726,0.3468,0.7197,-0.3788,-26.7012,-6.5664,-3.0195,bite
1020749,0.3937,0.6967,-0.4232,-27.5156,-5.7363,-2.9062,bite
1020772,0.3176,0.6798,-0.428,-26.6563,-5.0254,-2.7676,bite
1020795,0.3437,0.6498,-0.4307,-23.9063,-4.584,-2.4922,bite
1020818,0.3348,0.6464,-0.3788,-21.459,-4.2422,-2.1875,bite
1020841,0.3762,0.6575,-0.41,-17.5215,-3.5137,-1.5625,bite
1020864,0.3633,0.7046,-0.4445,-15.0352,-2.9395,-1.0625,bite
1020887,0.3456,0.7117,-0.4413,-11.8848,-2.2246,-0.2773,bite
1020910,0.3416,0.6697,-0.4215,-10.2754,-1.9902,0.4121,bite
1020933,0.3402,0.6608,-0.4047,-8.623,-2.0156,0.7344,bite
1020956,0.3577,0.6567,-0.3655,-7.7715,-2.3242,0.9336,bite
1020979,0.3597,0.67,-0.4182,-7.5371,-2.5781,0.8574,bite
1021002,0.3145,0.6652,-0.3984,-7.4941,-2.8535,0.4551,bite
1021025,0.3217,0.6692,-0.3871,-7.5664,-2.8535,0.0352,bite
1021048,0.3405,0.7622,-0.4528,-7.6777,-2.4199,-0.6738,bite
1021071,0.3772,0.6882,-0.3757,-7.6133,-1.4727,-1.2207,bite
1021094,0.3214,0.6542,-0.3943,-7.4023,-0.7344,-1.375,bite
1021117,0.3481,0.6649,-0.4006,-6.8301,0.1309,-1.2383,bite
1021140,0.3672,0.6814,-0.3673,-6.2812,0.3633,-0.9297,bite
1021163,0.3695,0.6792,-0.4071,-5.1719,0.043,-0.2422,bite
1021186,0.324,0.6609,-0.3995,-3.6367,-1.125,0.5547,bite
1021209,0.3242,0.6676,-0.4092,-2.3105,-2.416,1.0449,bite
1021232,0.3378,0.6693,-0.4535,0.2461,-5.0996,1.6016,bite
1021255,0.3047,0.6357,-0.5057,2.3828,-7.2266,1.8477,bite
1021278,0.2994,0.6278,-0.48,6.291,-10.4121,2.166,bite
1021301,0.3044,0.6364,-0.4518,9.3711,-12.6621,2.7715,bite
1021324,0.3245,0.6184,-0.4561,14.6777,-13.5352,3.6074,bite
1021347,0.3444,0.6206,-0.4528,20.7285,-12.7207,5.9727,bite
1021370,0.3453,0.6196,-0.4619,25.0762,-10.8457,8.5117,bite
1021393,0.4476,0.6366,-0.5778,31.8203,-6.4277,13.9297,bite
1021416,0.5031,0.6953,-0.7421,36.293,-2.8301,18.498,bite
1021439,0.5098,0.6497,-0.8489,42.75,2.6738,26.2207,bite
1021462,0.5781,0.642,-0.874,49.0137,7.4238,33.9688,bite
1021485,0.5568,0.5643,-0.7635,53.4512,9.7891,38.5137,bite
1021508,0.566,0.4877,-0.777,61.3438,12.0078,43.6465,bite
1021531,0.6364,0.4115,-0.7821,63.998,12.8008,45.7422,bite
1021554,0.5879,0.3959,-0.7686,63.998,13.5469,47.0645,bite
1021577,0.5082,0.3369,-0.65,63.998,14.668,47.1602,bite
1021600,0.5332,0.2289,-0.6313,63.998,16.1211,47.3164,bite
1021623,0.5806,0.1353,-0.6946,63.998,19.5469,48.7324,bite
1021646,0.6229,0.0612,-0.6332,63.998,22.3516,50.8184,bite
1021669,0.6173,-0.0179,-0.5782,63.998,26.5059,55.791,bite
1021692,0.5314,-0.0916,-0.4875,63.998,29.8809,62.6406,bite
1021715,0.5228,-0.1577,-0.5149,63.998,31.7871,63.998,bite
1021738,0.5845,-0.213,-0.5937,63.998,34.2227,63.998,bite
1021761,0.5723,-0.2378,-0.6683,63.998,35.7109,63.998,bite
1021784,0.5238,-0.2408,-0.5851,63.998,37.9922,63.998,bite
1021807,0.5234,-0.2369,-0.5232,63.998,39.8457,63.998,bite
1021830,0.6273,-0.2782,-0.5532,63.998,43.5801,63.998,bite
1021853,0.8002,-0.3417,-0.6697,63.998,48.2207,63.998,bite
1021876,0.809,-0.3721,-0.6324,57.457,51.1543,63.998,bite
1021899,0.8022,-0.3638,-0.5165,44.2578,54.25,63.998,bite
1021922,0.6543,-0.376,-0.4374,36.5469,55.2871,63.998,bite
1021945,0.7198,-0.3983,-0.4763,27.1406,55.8301,63.998,bite
1021968,0.8638,-0.4045,-0.5128,20.4023,55.8242,63.998,bite
1021991,0.8816,-0.4213,-0.5713,17.127,55.5176,63.5313,bite
1022014,0.8032,-0.418,-0.5137,13.4277,54.3809,55.7402,bite
1022037,0.7257,-0.4249,-0.4496,11.5,53.2598,51.5957,bite
1022060,0.7184,-0.4415,-0.426,9.1504,51.4316,47.2832,bite
1022083,0.7426,-0.472,-0.4158,7.8379,49.6328,45.1602,bite
1022106,0.7982,-0.4908,-0.4331,6.0176,48.3027,44.6289,bite
1022129,0.7942,-0.4916,-0.3997,4.0957,45.6211,44.4102,bite
1022152,0.7915,-0.4889,-0.3241,2.6836,43.1426,44.2598,bite
1022175,0.7874,-0.5109,-0.3086,0.4023,38.3613,43.5996,bite
1022198,0.829,-0.5409,-0.3778,-1.2266,34.6309,42.7676,bite
1022221,0.8092,-0.556,-0.4412,-3.9336,28.6523,40.998,bite
1022244,0.7745,-0.5507,-0.3712,-6.959,22.9492,38.9102,bite
1022267,0.769,-0.5524,-0.2916,-8.9609,19.7988,37.5488,bite
1022290,0.8226,-0.5768,-0.2881,-11.502,16.5742,35.7617,bite
1022313,0.8573,-0.6021,-0.3591,-12.7539,15.3926,34.7656,bite
1022336,0.8595,-0.6128,-0.4108,-14.0957,14.5371,33.5176,bite
1022359,0.8125,-0.6074,-0.391,-15.1133,14.0566,32.5156,bite
1022382,0.8234,-0.6249,-0.3578,-15.709,13.7031,32.0,bite
1022405,0.8284,-0.614,-0.3206,-16.4883,12.9453,31.4434,bite
1022428,0.8485,-0.6351,-0.3615,-16.9297,12.1758,31.1699,bite
1022451,0.8807,-0.647,-0.4065,-17.6035,10.3789,30.7754,bite
1022474,0.8574,-0.6265,-0.356,-18.1797,7.5723,30.3535,bite
1022497,0.7551,-0.5922,-0.2933,-19.3203,5.1641,30.1855,bite
1022520,0.6962,-0.6079,-0.2806,-20.7344,1.1484,30.5156,bite
1022543,0.7067,-0.6625,-0.3687,-21.8379,-1.4395,31.334,bite
1022566,0.6709,-0.6752,-0.4321,-23.9219,-4.7324,33.5059,bite
1022589,0.6881,-0.6599,-0.4163,-25.7129,-6.4512,35.4395,bite
1022612,0.7448,-0.6356,-0.3781,-28.9707,-8.4609,38.6582,bite
1022635,0.697,-0.6515,-0.4333,-32.5801,-10.0469,41.7441,bite
1022658,0.6315,-0.6569,-0.5059,-34.9883,-10.8359,43.5332,bite
1022681,0.6761,-0.6571,-0.5562,-38.418,-11.4512,45.7051,bite
1022704,0.7507,-0.6267,-0.5287,-40.5,-11.5645,46.7871,bite
1022727,0.7109,-0.6167,-0.4644,-43.0898,-11.6543,47.8926,bite
1022750,0.5867,-0.6471,-0.5229,-44.7363,-11.75,48.623,bite
1022773,0.5084,-0.6532,-0.5695,-45.252,-11.5898,49.1074,bite
1022796,0.5106,-0.6451,-0.5593,-45.3027,-10.7422,50.0137,bite
1022819,0.5289,-0.6389,-0.4874,-44.9746,-9.875,50.6699,bite
1022842,0.5759,-0.644,-0.5162,-44.1094,-8.543,51.3398,bite
1022865,0.4906,-0.6536,-0.5868,-43.3945,-7.5762,51.127,bite
1022888,0.4097,-0.6611,-0.5911,-42.3438,-7.1387,50.3613,bite
1022911,0.4553,-0.6575,-0.5438,-41.4668,-6.6055,48.3301,bite
1022934,0.4978,-0.6545,-0.5393,-40.9629,-6.2988,46.4414,bite
1022957,0.5259,-0.6401,-0.6582,-40.2461,-5.9805,42.8848,bite
1022980,0.515,-0.6318,-0.7871,-39.7637,-5.8555,40.1113,bite
1023003,0.5153,-0.6055,-0.6842,-38.8594,-5.6133,35.6113,bite
1023026,0.5573,-0.6284,-0.5198,-37.1641,-5.0996,31.1719,bite
1023049,0.4834,-0.6655,-0.5693,-35.2656,-4.6719,28.5332,bite
1023072,0.3926,-0.6936,-0.6249,-31.1523,-4.084,25.4473,bite
1023095,0.4514,-0.6931,-0.6335,-27.7207,-3.7383,24.0801,bite
1023118,0.4895,-0.6591,-0.5399,-21.998,-3.3555,22.9258,bite
1023141,0.4626,-0.6633,-0.5959,-16.1738,-3.3145,22.3848,bite
1023164,0.4224,-0.6542,-0.6921,-12.5645,-3.4434,22.0996,bite
1023187,0.3654,-0.6204,-0.6556,-7.9121,-3.5,21.5371,bite
1023210,0.406,-0.6383,-0.7211,-5.3145,-3.1465,20.9922,bite
1023233,0.5178,-0.6017,-0.5588,-1.8398,-1.5371,19.75,bite
1023256,0.5355,-0.6664,-0.5084,1.5039,1.8438,17.7578,bite
1023279,0.5886,-0.7488,-0.6162,4.3926,5.2168,15.9531,bite
1023302,0.4633,-0.7202,-0.4994,8.5605,11.6797,12.6406,bite
1023325,0.4135,-0.6827,-0.5007,11.2969,16.4414,10.2031,bite
1023348,0.4806,-0.6572,-0.509,14.9453,22.8652,6.4941,bite
1023371,0.5447,-0.6558,-0.5693,16.7363,25.6172,4.0684,bite
1023394,0.3921,-0.6625,-0.5215,17.8242,25.9844,0.457,bite
1023417,0.496,-0.641,-0.5747,16.5469,21.5605,-3.3145,bite
1023440,0.4937,-0.6519,-0.603,14.416,16.3535,-6.0625,bite
1023463,0.5614,-0.6256,-0.6282,9.9355,6.3965,-10.7305,bite
1023486,0.5308,-0.6361,-0.6404,6.6953,-0.7305,-14.2578,bite
1023509,0.5039,-0.6519,-0.6095,2.6309,-10.4668,-20.1074,bite
1023532,0.4431,-0.6633,-0.5265,0.7598,-17.5254,-26.4219,bite
1023555,0.542,-0.6821,-0.4448,1.1641,-20.4063,-30.8008,bite
1023578,0.6445,-0.7196,-0.4977,4.2383,-22.4395,-37.6973,bite
1023601,0.6532,-0.7332,-0.6002,7.5449,-22.8145,-42.6055,bite
1023624,0.6025,-0.7035,-0.5867,13.334,-22.791,-50.3926,bite
1023647,0.6016,-0.6702,-0.5118,18.6465,-22.8418,-58.2676,bite
1023670,0.686,-0.6693,-0.4918,22.0527,-23.2168,-63.252,bite
1023693,0.707,-0.6625,-0.5229,25.4102,-24.5078,-64.0,bite
1023716,0.611,-0.6383,-0.5527,26.5625,-25.7734,-64.0,bite
1023739,0.4722,-0.6079,-0.5994,26.5137,-27.7988,-64.0,bite
1023762,0.4088,-0.5785,-0.5676,25.3164,-28.9336,-64.0,bite
1023785,0.6383,-0.551,-0.4874,22.0566,-30.0918,-64.0,bite
1023808,0.8268,-0.5312,-0.5317,17.6016,-30.9141,-64.0,bite
1023831,0.6604,-0.4756,-0.5918,14.2637,-31.6035,-64.0,bite
1023854,0.5487,-0.444,-0.5535,9.0977,-32.5586,-64.0,bite
1023877,0.5723,-0.4058,-0.5292,5.8281,-32.459,-64.0,bite
1023900,0.5991,-0.3616,-0.579,1.5977,-30.4082,-64.0,bite
1023923,0.6615,-0.3008,-0.5596,-1.6875,-26.7422,-64.0,bite
1023946,0.7887,-0.2554,-0.5913,-3.4414,-24.3711,-64.0,bite
1023969,0.9017,-0.2378,-0.6409,-5.6836,-22.4043,-64.0,bite
1023992,0.8455,-0.2284,-0.63,-7.0762,-22.5449,-64.0,bite
1024015,0.7241,-0.2181,-0.5825,-9.0879,-24.2676,-64.0,bite
1024038,0.5875,-0.2114,-0.6139,-10.8203,-25.8457,-64.0,bite
1024061,0.5778,-0.1689,-0.5558,-11.6426,-25.8262,-64.0,bite
1024084,0.6908,-0.1844,-0.6343,-12.1055,-23.6504,-64.0,bite
1024107,0.7498,-0.2023,-0.6754,-11.8301,-21.1328,-64.0,bite
1024130,0.6335,-0.1493,-0.5842,-10.5332,-16.8262,-64.0,bite
1024153,0.6182,-0.1292,-0.5919,-9.0391,-13.9727,-64.0,bite
1024176,0.6533,-0.141,-0.6847,-5.8477,-9.8574,-64.0,bite
1024199,0.7386,-0.1451,-0.7726,-1.8965,-6.0371,-64.0,bite
1024222,0.8156,-0.1531,-0.7944,0.8184,-3.7715,-64.0,bite
1024245,0.7839,-0.145,-0.7548,4.5605,-0.8301,-64.0,bite
1024268,0.676,-0.0994,-0.6328,6.7402,1.0801,-63.1602,bite
1024291,0.6104,-0.024,-0.5485,9.5586,4.6113,-54.7031,bite
1024314,0.6652,0.0375,-0.5699,11.6914,9.334,-45.1465,bite
1024337,0.8029,0.0562,-0.7214,12.3984,12.7695,-38.9902,bite
1024360,0.8828,0.0706,-0.7659,11.5937,17.002,-31.7969,bite
1024383,0.8712,0.1071,-0.6582,9.4961,18.418,-29.1211,bite
1024406,0.8419,0.1223,-0.6277,4.1152,17.8125,-28.582,bite
1024429,0.7975,0.1107,-0.6298,-3.0625,14.2598,-31.2031,bite
1024452,0.718,0.0763,-0.6323,-8.1992,10.8203,-33.7148,bite
1024475,0.6659,0.0356,-0.6418,-15.4609,5.2539,-37.0,bite
1024498,0.6814,0.0199,-0.6699,-19.5352,1.9492,-38.1191,bite
1024521,0.7257,0.0389,-0.651,-23.918,-1.7168,-37.5254,other
1024544,0.7349,0.0565,-0.6042,-25.4844,-3.2324,-34.0957,other
1024567,0.7584,0.0724,-0.6461,-25.7129,-4.3242,-30.7695,other
1024590,0.7522,0.0907,-0.6682,-23.7129,-4.3945,-24.2129,other
1024613,0.6997,0.1077,-0.6027,-21.4883,-4.1211,-19.1641,other
1024636,0.6849,0.0846,-0.6133,-17.3809,-3.4844,-10.959,other
1024659,0.6844,0.0748,-0.6376,-14.4531,-3.0273,-5.3437,other
1024682,0.6903,0.0779,-0.6366,-10.2988,-2.5449,2.6914,other
1024705,0.6975,0.0579,-0.681,-6.875,-2.6113,9.4297,other
1024728,0.6831,0.0433,-0.6866,-5.1152,-3.0664,12.8145,other
1024751,0.6361,0.0437,-0.6488,-3.1914,-4.334,15.9609,other
1024774,0.5715,0.0432,-0.642,-2.2129,-5.4336,16.8008,other
1024797,0.5338,0.0308,-0.6306,-0.8301,-7.125,16.4043,other
1024820,0.6012,0.0027,-0.6552,0.7812,-8.5547,14.2656,other
1024843,0.6821,-0.0187,-0.6816,2.0293,-9.3047,11.9316,other
1024866,0.7404,-0.0154,-0.6853,4.0137,-10.1816,7.1562,other
1024889,0.7528,-0.0057,-0.6599,5.2734,-10.6113,3.3164,other
1024912,0.7443,0.03,-0.6406,6.8203,-10.8945,-2.748,other
1024935,0.6807,0.0828,-0.5966,7.4863,-10.6953,-8.4414,other
1024958,0.6927,0.1039,-0.6351,7.6973,-9.5176,-10.5273,other
1024981,0.7623,0.0916,-0.7489,6.6484,-7.1934,-12.2539,other
1025004,0.7897,0.0973,-0.7715,5.1016,-5.2227,-12.1211,other
1025027,0.7426,0.0999,-0.7061,1.6133,-2.248,-10.4336,other
1025050,0.677,0.0735,-0.6715,-1.1777,-0.5625,-8.6113,other
1025073,0.6261,0.0457,-0.6404,-5.2578,1.2422,-5.2461,other
1025096,0.6284,0.0256,-0.6517,-8.3008,2.1777,-1.5547,other
1025119,0.6276,0.0184,-0.6368,-9.4277,2.3828,0.8359,other
1025142,0.632,0.019,-0.6315,-9.6309,2.1934,3.8984,other
1025165,0.636,0.015,-0.6157,-8.873,1.8203,5.3652,other
1025188,0.6572,0.0172,-0.6255,-6.7676,1.0547,6.4336,other
1025211,0.6771,0.0281,-0.6274,-4.1289,0.2734,6.0488,other
1025234,0.6952,0.0332,-0.6703,-2.4453,-0.1348,5.0547,other
1025257,0.726,0.0356,-0.6887,-0.5254,-0.4336,2.7148,other
1025280,0.733,0.0406,-0.6616,0.1719,-0.4102,0.7969,other
1025303,0.7317,0.0385,-0.6465,0.2988,-0.0898,-2.2227,other
1025326,0.7196,0.0345,-0.6516,-0.1289,0.2617,-4.5977,other
1025349,0.7053,0.0283,-0.6741,-1.2891,0.8906,-6.3496,other
1025372,0.6805,0.0264,-0.6595,-2.7715,1.5215,-7.623,other
1025395,0.657,0.0256,-0.6584,-3.7891,1.8867,-7.8437,other
1025418,0.6561,0.024,-0.656,-5.1797,2.2949,-7.2793,other
1025441,0.6519,0.0338,-0.6373,-5.9395,2.4316,-6.4238,other
1025464,0.6809,0.0397,-0.6251,-6.7598,2.3984,-4.752,other
1025487,0.7019,0.0406,-0.6444,-7.1875,2.0449,-3.084,other
1025510,0.6981,0.0447,-0.6492,-7.2988,1.6484,-2.1953,other
1025533,0.682,0.0497,-0.6544,-7.3008,0.9434,-1.3711,other
1025556,0.6842,0.0614,-0.6338,-7.2305,0.5098,-1.1621,other
1025579,0.6982,0.0671,-0.6241,-7.0469,0.0391,-1.2656,other
1025602,0.7209,0.0582,-0.6531,-6.7891,-0.1992,-1.7207,other
1025625,0.7163,0.0541,-0.6699,-6.6133,-0.2715,-2.1309,other
1025648,0.6857,0.061,-0.6482,-6.3926,-0.3145,-2.7168,other
1025671,0.6572,0.0637,-0.6306,-6.2695,-0.3027,-2.9629,other
1025694,0.6743,0.0625,-0.6381,-6.0605,-0.2012,-2.9512,other
1025717,0.6953,0.0565,-0.6545,-5.8848,-0.0898,-2.4902,other
1025740,0.6891,0.0529,-0.6589,-5.5664,0.0664,-2.0254,other
1025763,0.6718,0.0563,-0.6282,-5.1973,0.1191,-1.2402,other
1025786,0.6526,0.0577,-0.6207,-4.9238,0.0918,-0.7227,other
1025809,0.6718,0.0502,-0.6471,-4.4961,0.0234,-0.0215,other
1025832,0.6901,0.0544,-0.6554,-4.2441,-0.0078,0.3477,other
1025855,0.7195,0.0565,-0.6617,-4.0195,-0.0078,0.6523,other
1025878,0.7167,0.0591,-0.6705,-4.0488,0.0254,0.5859,other
1025901,0.7089,0.0616,-0.6681,-4.2031,0.043,0.3574,other
1025924,0.683,0.0613,-0.6561,-4.5469,0.0527,-0.1211,other
1025947,0.6758,0.0552,-0.6326,-4.7734,0.0488,-0.4219,other
1025970,0.6705,0.05,-0.6156,-4.9766,0.0156,-0.7012,other
1025993,0.6844,0.0507,-0.6394,-4.9531,-0.0703,-0.7305,other
1026016,0.6792,0.0518,-0.6627,-4.8496,-0.168,-0.6348,other
1026039,0.6737,0.061,-0.6672,-4.6797,-0.3496,-0.3887,other
1026062,0.6743,0.0636,-0.6484,-4.6094,-0.4707,-0.1895,other
1026085,0.6765,0.0625,-0.6284,-4.5762,-0.6113,0.0879,other
1026108,0.6948,0.0603,-0.6271,-4.5723,-0.6582,0.2461,other
1026131,0.7178,0.0544,-0.6405,-4.543,-0.6602,0.2305,other
1026154,0.7142,0.0527,-0.6354,-4.4629,-0.6113,-0.0117,other
1026177,0.6897,0.049,-0.6395,-4.3809,-0.5605,-0.2852,other
1026200,0.6699,0.0522,-0.6354,-4.2227,-0.4434,-0.7227,other
1026223,0.6669,0.0607,-0.6298,-4.1074,-0.332,-0.9375,other
1026246,0.6726,0.0585,-0.6272,-3.9512,-0.1504,-1.0488,other
1026269,0.689,0.0554,-0.6473,-3.8809,0.0098,-0.9277,other
1026292,0.715,0.0547,-0.666,-3.9316,0.0898,-0.7852,other
1026315,0.7053,0.0559,-0.6716,-4.2012,0.1602,-0.5859,other
1026338,0.6775,0.0603,-0.6577,-4.498,0.1875,-0.4824,other
1026361,0.6652,0.0676,-0.6294,-5.0039,0.2285,-0.3203,other
1026384,0.6868,0.0685,-0.6248,-5.3945,0.2969,-0.0918,other
1026407,0.726,0.0679,-0.6333,-5.5254,0.3437,0.0742,other
1026430,0.7496,0.0608,-0.6661,-5.5332,0.3672,0.2285,other
1026453,0.7213,0.0682,-0.6528,-5.457,0.3125,0.2227,other
1026476,0.6898,0.072,-0.6416,-5.2695,0.1094,0.1152,other
1026499,0.6538,0.0676,-0.6317,-5.1055,-0.0859,0.1074,other
1026522,0.6389,0.0574,-0.6382,-4.7891,-0.3848,0.2754,other
1026545,0.6565,0.0574,-0.6278,-4.3965,-0.582,0.8086,other
1026568,0.6948,0.0526,-0.6306,-4.1152,-0.6367,1.2578,other
1026591,0.7108,0.0492,-0.6394,-3.7129,-0.6641,1.8125,other
1026614,0.6875,0.0522,-0.6444,-3.4961,-0.6836,1.9766,other
1026637,0.6699,0.0551,-0.6448,-3.293,-0.709,1.8555,other
1026660,0.6748,0.0535,-0.6313,-3.2422,-0.6602,1.3867,other
1026683,0.7012,0.0557,-0.6287,-3.2773,-0.5703,0.9473,other
1026706,0.7135,0.0537,-0.649,-3.3965,-0.377,0.168,other
1026729,0.7172,0.0496,-0.6665,-3.5156,-0.2383,-0.3965,other
1026752,0.7013,0.046,-0.6615,-3.7402,-0.0508,-1.209,other
1026775,0.6719,0.0425,-0.6394,-3.9648,0.082,-1.8125,other
1026798,0.6549,0.032,-0.6232,-4.0605,0.1387,-2.002,other
1026821,0.6403,0.0479,-0.6135,-4.0664,0.2305,-1.9063,other
1026844,0.7067,0.0591,-0.6642,-3.9961,0.3496,-1.6328,other
1026867,0.7719,0.064,-0.6971,-3.9023,0.6172,-1.1211,other
1026890,0.762,0.0756,-0.6489,-3.9258,0.7656,-0.7852,other
1026913,0.7115,0.0861,-0.5966,-4.082,0.7852,-0.7246,other
1026936,0.6941,0.0823,-0.6077,-4.2266,0.5195,-0.7812,other
1026959,0.6882,0.0709,-0.6398,-4.2441,0.2168,-0.8164,other
1026982,0.6641,0.0708,-0.6272,-4.1543,-0.3574,-0.7305,other
1027005,0.6477,0.073,-0.6155,-4.0488,-0.7871,-0.543,other
1027028,0.6251,0.0732,-0.6298,-3.8926,-1.4375,-0.0723,other
1027051,0.6167,0.0685,-0.6627,-3.8496,-1.9473,0.5156,other
1027074,0.6501,0.0702,-0.6687,-3.9453,-2.1074,0.8535,other
1027097,0.7164,0.0721,-0.6688,-4.3066,-2.0449,0.9883,other
1027120,0.7555,0.0701,-0.6506,-4.6523,-1.8633,0.6582,other
1027143,0.7526,0.0618,-0.646,-5.1738,-1.5352,-0.6094,other
1027166,0.704,0.0493,-0.6315,-5.4941,-1.2578,-2.6094,other
1027189,0.6677,0.0424,-0.6316,-5.5215,-1.1016,-4.0801,other
1027212,0.6589,0.0477,-0.634,-5.2754,-0.8613,-6.0078,other
1027235,0.684,0.0532,-0.6333,-4.9805,-0.6797,-6.8965,other
1027258,0.7209,0.0504,-0.6519,-4.4922,-0.4043,-7.5098,other
1027281,0.7167,0.0509,-0.6519,-4.2344,-0.2676,-7.3418,other
1027304,0.66,0.0636,-0.6213,-4.0664,-0.2129,-6.873,other
1027327,0.647,0.0679,-0.6172,-4.168,-0.2852,-5.7227,other
1027350,0.6926,0.0668,-0.642,-4.3672,-0.3516,-4.7383,other
1027373,0.7246,0.0822,-0.6548,-4.8672,-0.4609,-3.1797,other
1027396,0.7318,0.0966,-0.6559,-5.3594,-0.5664,-2.252,other
1027419,0.7218,0.1173,-0.6426,-6.3555,-0.8164,-1.2383,other
1027442,0.7031,0.1235,-0.6578,-7.6406,-1.1602,-0.7422,other
1027465,0.6902,0.1178,-0.665,-8.6387,-1.4219,-0.668,other
1027488,0.6887,0.1111,-0.6483,-10.3164,-1.8379,-0.8652,other
1027511,0.693,0.0977,-0.6396,-11.541,-2.1406,-1.1855,other
1027534,0.6954,0.087,-0.6412,-13.5566,-2.6777,-1.9863,other
1027557,0.6493,0.0695,-0.6125,-15.9082,-3.3887,-3.2617,other
1027580,0.588,0.0298,-0.6171,-17.7656,-3.9609,-4.4121,other
1027603,0.5532,0.0059,-0.665,-21.1914,-4.9277,-6.6309,other
1027626,0.6191,0.119,-0.6205,-24.0371,-5.7207,-8.5156,other
1027649,0.6609,0.218,-0.6439,-29.2813,-7.5762,-12.1602,other
1027672,0.6783,0.2588,-0.7449,-33.4414,-10.8184,-16.8281,other
1027695,0.5962,0.3036,-0.7236,-40.5977,-13.8555,-20.2441,other
1027718,0.5282,0.3612,-0.6431,-48.4492,-19.3574,-24.9805,other
1027741,0.5552,0.4247,-0.6105,-53.6484,-23.3184,-27.3828,other
1027764,0.6213,0.428,-0.6182,-60.6621,-29.3203,-29.5098,other
1027787,0.619,0.379,-0.7189,-64.0,-33.2637,-30.1055,other
1027810,0.535,0.3524,-0.7203,-64.0,-39.0156,-30.334,other
1027833,0.4071,0.3424,-0.6041,-64.0,-44.3906,-30.2246,other
1027856,0.3702,0.317,-0.5602,-64.0,-47.5957,-29.998,other
1027879,0.38,0.301,-0.5884,-64.0,-51.5508,-29.2637,other
1027902,0.3536,0.2959,-0.637,-64.0,-53.5234,-28.4023,other
1027925,0.2587,0.3174,-0.6571,-64.0,-55.3613,-26.3711,other
1027948,0.214,0.3735,-0.6084,-61.3926,-55.4961,-23.2344,other
1027971,0.2362,0.4545,-0.4867,-59.375,-54.4199,-20.4941,other
1027994,0.3413,0.5297,-0.4799,-56.6406,-50.8828,-15.7012,other
1028017,0.4602,0.5414,-0.6034,-55.0176,-47.2852,-12.4102,other
1028040,0.5709,0.5836,-0.6498,-53.0078,-40.5313,-8.1211,other
1028063,0.5382,0.644,-0.5857,-51.9629,-33.1602,-5.377,other
1028086,0.465,0.6588,-0.5291,-50.5371,-28.3887,-4.5469,other
1028109,0.4221,0.6255,-0.5934,-48.709,-21.8164,-4.5293,other
1028132,0.3954,0.5775,-0.6527,-47.041,-17.9199,-5.0664,other
1028155,0.3867,0.5538,-0.5905,-43.748,-12.8574,-6.252,other
1028178,0.3706,0.5302,-0.5851,-40.9902,-9.9785,-7.0996,other
1028201,0.2623,0.5337,-0.5775,-35.9766,-6.2441,-8.1973,other
1028224,0.212,0.5417,-0.51,-30.0215,-3.0039,-8.9219,other
1028247,0.3284,0.5322,-0.4918,-25.7051,-1.0938,-9.2656,other
1028270,0.4446,0.5343,-0.5226,-19.3047,1.123,-10.0137,other
1028293,0.423,0.5675,-0.6084,-15.5918,1.9512,-10.9336,other
1028316,0.277,0.6167,-0.561,-11.7129,2.0684,-13.0234,other
1028339,0.2775,0.6239,-0.5542,-10.3945,1.3125,-15.5234,other
1028362,0.3379,0.6127,-0.6438,-10.9512,0.6719,-17.1094,other
1028385,0.3196,0.6278,-0.572,-13.5996,-0.3359,-19.0527,other
1028408,0.2721,0.6418,-0.4639,-16.1992,-1.0449,-19.959,other
1028431,0.2621,0.6455,-0.4648,-20.541,-2.127,-20.6602,other
1028454,0.2402,0.6492,-0.5076,-24.8555,-3.2656,-20.6387,other
1028477,0.309,0.6725,-0.516,-27.1484,-4.1133,-20.3496,other
1028500,0.4095,0.6996,-0.5438,-30.3145,-5.5957,-19.7852,other
1028523,0.2504,0.733,-0.4595,-32.0293,-6.7363,-19.4238,other
1028546,0.256,0.7242,-0.4037,-33.8867,-8.5234,-18.8457,other
1028569,0.2601,0.6737,-0.4203,-34.584,-9.6582,-18.3477,other
1028592,0.2269,0.6268,-0.3694,-34.8379,-11.2051,-17.3516,other
1028615,0.2599,0.6338,-0.4011,-34.2813,-12.6094,-16.0918,other
1028638,0.1974,0.6753,-0.4667,-33.5391,-13.5156,-15.1797,other
1028661,0.2065,0.7157,-0.4784,-31.9434,-14.666,-13.8418,other
1028684,0.2577,0.8441,-0.5732,-30.5703,-14.9199,-13.0215,other
1028707,0.2839,0.725,-0.3818,-27.9844,-13.8281,-11.8945,other
1028730,0.1808,0.6727,-0.4076,-24.7266,-11.0762,-10.8672,other
1028753,0.2206,0.6932,-0.4745,-22.3047,-8.8281,-10.2715,other
1028776,0.2592,0.6855,-0.4438,-18.5469,-5.5879,-9.5625,other
1028799,0.1812,0.6941,-0.4722,-16.0859,-3.7012,-9.2012,other
1028822,0.1515,0.7351,-0.3962,-12.6738,-1.0098,-8.6895,other
1028845,0.267,0.7117,-0.376,-9.707,2.4707,-7.8574,other
1028868,0.2749,0.6978,-0.5311,-8.4277,5.7773,-6.8848,other
1028891,0.2097,0.6743,-0.4504,-7.084,12.4922,-4.6113,other
1028914,0.288,0.7135,-0.3607,-6.6914,17.8086,-2.627,other
1028937,0.3126,0.6921,-0.4553,-6.6953,25.8418,0.7012,other
1028960,0.3821,0.7073,-0.3722,-6.9668,30.4512,2.873,other
1028983,0.2394,0.6748,-0.4769,-7.5332,35.0293,5.4727,other
1029006,0.3544,0.681,-0.3667,-8.0527,35.5371,6.5312,other
1029029,0.1949,0.7092,-0.3645,-8.2363,32.9863,5.9961,other
1029052,-0.0099,0.7341,-0.4846,-7.9687,24.3516,2.8535,other
1029075,0.1534,0.728,-0.5151,-7.2617,15.582,-0.9902,other
1029098,0.3536,0.7335,-0.371,-5.3457,-0.7773,-9.2832,other
1029121,0.1392,0.7297,-0.4204,-2.7617,-17.8086,-19.2656,other
1029144,0.2655,0.6814,-0.4108,-1.0547,-27.2031,-25.4629,other
1029167,0.0531,0.7432,-0.4368,0.7715,-35.3242,-31.7168,other
1029190,0.3235,0.6952,-0.4276,1.209,-35.8008,-32.916,other
1029213,0.2998,0.6823,-0.4211,0.5527,-29.3672,-29.9844,other
1029236,0.165,0.7098,-0.4109,-1.1367,-16.7109,-22.4453,other
1029259,0.1344,0.7413,-0.438,-3.127,-6.6797,-15.7656,other
1029282,0.1355,0.7106,-0.4495,-5.8105,7.8359,-4.9219,other
1029305,0.0929,0.7241,-0.4167,-7.3281,15.6836,1.7871,other
1029328,0.0471,0.683,-0.4393,-8.6914,23.002,9.3418,other
1029351,0.4426,0.7059,-0.3613,-8.7344,24.3887,11.8398,other
1029374,0.3871,0.8176,-0.3638,-7.2559,21.0801,11.002,other
1029397,0.3079,0.7201,-0.401,-4.1934,12.7793,5.5898,other
1029420,0.0623,0.6678,-0.5065,-1.7617,6.0703,0.8223,other
1029443,0.099,0.6632,-0.4574,1.4492,-3.0371,-5.4609,other
1029466,0.2347,0.7103,-0.4543,2.8594,-7.2461,-7.8926,other
1029489,0.2177,0.6915,-0.429,3.7285,-9.9043,-8.293,other
1029512,0.225,0.7058,-0.4194,3.5273,-8.7539,-5.7461,other
1029535,0.2124,0.7369,-0.4478,3.125,-6.6797,-3.3184,other
1029558,0.1238,0.6978,-0.4817,2.4609,-2.959,0.1992,other
1029581,0.1915,0.7021,-0.4368,2.0371,-0.6758,2.0449,other
1029604,0.1843,0.736,-0.4128,1.4453,1.8145,3.7812,other
1029627,0.1007,0.7385,-0.4684,0.9473,2.8418,4.2637,other
1029650,0.1443,0.7181,-0.4319,0.6816,2.6875,3.9531,other
1029673,0.437,0.6628,-0.3778,0.3789,1.3027,2.5859,other
1029696,0.1066,0.6747,-0.5432,0.2129,-0.2988,1.1523,other
1029719,0.1821,0.6809,-0.4646,-0.0352,-3.2012,-1.2676,other
1029742,0.2255,0.7246,-0.4324,-0.1699,-4.9707,-2.6367,other
1029765,0.3075,0.7959,-0.4114,-0.1816,-6.541,-3.7012,other
1029788,0.3855,0.7858,-0.355,0.125,-6.2539,-3.2656,other
1029811,0.3629,0.7448,-0.3192,0.377,-5.043,-2.1465,other
1029834,0.3229,0.7349,-0.4219,0.2344,-2.0195,0.8008,other
1029857,0.1046,0.7518,-0.3555,-0.6445,0.6562,3.748,other
1029880,0.1416,0.6448,-0.3759,-3.6113,5.6426,9.8711,other
1029903,0.1481,0.6367,-0.5217,-8.6191,11.6289,17.7285,other
1029926,0.1537,0.6649,-0.4771,-12.7383,15.8457,23.3438,other
1029949,0.162,0.7026,-0.4321,-18.8242,21.834,31.0313,other
1029972,0.2819,0.7202,-0.3972,-21.9023,25.373,34.9336,other
1029995,0.3785,0.7119,-0.3552,-23.7031,30.0391,38.0254,other
1030018,0.4884,0.6689,-0.4062,-21.3672,34.4512,37.373,other
1030041,0.5768,0.621,-0.4763,-17.6582,37.5977,35.0215,other
1030064,0.5295,0.6064,-0.4539,-9.8398,42.9043,29.5234,other
1030087,0.3929,0.5992,-0.4144,-3.8223,46.8027,25.3047,other
1030110,0.3748,0.5691,-0.3757,5.3086,52.832,19.4395,other
1030133,0.4982,0.5498,-0.3068,10.9141,56.4863,14.7891,other
1030156,0.5568,0.5343,-0.3228,17.7891,60.0645,12.7715,other
1030179,0.484,0.5732,-0.3009,21.9336,59.7129,10.2949,other
1030202,0.4642,0.6033,-0.3101,22.7734,56.8223,9.0254,other
1030225,0.7874,0.6152,-0.6869,20.8184,48.6641,7.5332,other
1030248,0.384,0.7435,-0.224,17.4531,41.0957,6.7988,other
1030271,0.4392,0.7059,-0.3456,10.252,27.8574,6.2949,other
1030294,0.457,0.6987,-0.3268,1.9551,14.1562,6.6816,other
1030317,0.4034,0.6741,-0.3396,-3.5039,5.543,7.3379,other
1030340,0.3927,0.6576,-0.405,-10.9648,-5.8008,8.5977,other
1030363,0.3834,0.6614,-0.3641,-15.2559,-12.0117,9.4121,other
1030386,0.3862,0.7369,-0.3927,-20.3828,-19.0117,10.252,other
1030409,0.4973,0.8281,-0.4333,-23.5488,-23.2012,10.2754,other
1030432,0.4983,0.8724,-0.5222,-24.3867,-24.5703,9.7559,other
1030455,0.4861,0.8282,-0.6606,-23.6094,-24.707,8.3711,other
1030478,0.3878,0.8002,-0.5599,-21.6738,-23.5996,7.2969,other
1030501,0.3773,0.7566,-0.3666,-16.3047,-20.3652,5.9121,other
1030524,0.3843,0.6844,-0.1666,-10.8262,-17.4629,4.7539,other
1030547,0.464,0.5549,-0.1499,0.2285,-12.8301,4.457,other
1030570,0.5621,0.4844,-0.1576,13.4844,-9.0254,3.2617,other
1030593,0.5656,0.4615,-0.2625,22.293,-7.4766,1.9258,other
1030616,0.5077,0.4596,-0.3477,33.2031,-6.8047,-0.918,other
1030639,0.4612,0.4675,-0.3419,37.8223,-7.1699,-3.0996,other
1030662,0.4363,0.4442,-0.3698,39.7188,-8.1191,-6.0566,other
1030685,0.4321,0.429,-0.4449,35.584,-8.7773,-7.9062,other
1030708,0.4565,0.4585,-0.4709,30.0,-8.9297,-8.3457,other
1030731,0.453,0.5172,-0.4619,18.7813,-9.0234,-7.9004,other
1030754,0.3943,0.5718,-0.5271,10.3828,-9.2598,-7.0137,other
1030777,0.3691,0.5973,-0.5631,-2.0039,-10.166,-5.0762,other
1030800,0.3767,0.6193,-0.5781,-12.5937,-11.793,-2.7422,other
1030823,0.3754,0.6288,-0.5928,-18.0488,-13.2207,-1.1777,other
1030846,0.3622,0.6207,-0.6262,-23.3145,-15.6309,0.9043,other
1030869,0.3235,0.6228,-0.5748,-24.7773,-17.2285,2.0078,other
1030892,0.2902,0.649,-0.4292,-23.916,-19.3594,3.1348,other
1030915,0.3529,0.6411,-0.4043,-21.416,-20.5293,3.4629,other
1030938,0.3735,0.594,-0.4851,-15.3301,-21.9512,3.1348,other
1030961,0.3047,0.5619,-0.613,-7.7051,-23.1094,1.7012,other
1030984,0.3024,0.5935,-0.5161,-2.5664,-23.7871,0.2109,other
1031007,0.3075,0.6337,-0.3755,4.3887,-24.7793,-2.5293,other
1031030,0.3057,0.6577,-0.3691,8.291,-25.4707,-4.5234,other
1031053,0.3534,0.6345,-0.4484,12.7695,-26.4746,-7.5488,other
1031076,0.3921,0.5887,-0.6548,15.1523,-27.1523,-10.4277,other
1031099,0.3354,0.5916,-0.6489,15.3437,-27.3086,-12.1387,other
1031122,0.2549,0.6179,-0.5266,13.6973,-26.9668,-14.0645,other
1031145,0.2111,0.6238,-0.4242,11.7598,-26.2441,-14.7246,other
1031168,0.2803,0.599,-0.4333,8.5469,-24.3242,-14.6387,other
1031191,0.3654,0.566,-0.5243,5.6445,-21.6367,-13.4961,other
1031214,0.406,0.585,-0.6749,3.9141,-19.6816,-12.3809,other
1031237,0.2905,0.6597,-0.5996,1.4121,-17.002,-10.3555,other
1031260,0.1079,0.7336,-0.4242,-0.1914,-15.502,-8.7246,other
1031283,0.1859,0.7,-0.4282,-2.2246,-13.418,-5.8672,other
1031306,0.3871,0.6239,-0.5194,-3.2598,-12.0664,-3.1641,other
1031329,0.5269,0.5854,-0.6685,-4.6191,-10.4668,-2.0371,other
1031352,0.2719,0.6453,-0.599,-6.2969,-10.0449,-1.8906,other
1031375,0.0986,0.6797,-0.5553,-7.709,-10.4707,-2.6621,other
1031398,0.2067,0.6735,-0.5375,-10.0312,-11.5801,-4.3965,other
1031421,0.3221,0.6531,-0.5259,-11.4922,-12.2305,-5.5508,other
1031444,0.2703,0.6335,-0.4912,-13.2227,-12.6035,-6.9336,other
1031467,0.2438,0.5994,-0.5552,-14.1953,-11.9746,-7.7246,other
1031490,0.2716,0.5873,-0.5072,-14.4336,-10.9785,-7.8828,other
1031513,0.2145,0.6162,-0.4497,-14.2891,-8.8301,-7.5605,other
1031536,0.2528,0.6245,-0.469,-13.9355,-7.1152,-7.0156,other
1031559,0.2582,0.6178,-0.5089,-13.25,-4.3594,-5.8594,other
1031582,0.278,0.7209,-0.7639,-12.7266,-1.5898,-4.5234,other
1031605,0.2045,0.7122,-0.3979,-12.4844,0.0996,-3.5918,other
1031628,0.3054,0.6306,-0.496,-11.9258,1.9375,-2.2129,other
1031651,0.2208,0.621,-0.4803,-11.3105,2.4316,-1.3887,other
1031674,0.2322,0.6154,-0.5577,-9.9941,2.0039,-0.4277,other
1031697,0.2526,0.6366,-0.5298,-8.8496,1.0313,0.1348,other
1031720,0.2417,0.6472,-0.5045,-6.7676,-1.3164,0.2715,other
1031743,0.2384,0.692,-0.5526,-4.3945,-4.3691,0.0801,other
1031766,0.2041,0.7192,-0.5405,-2.7344,-6.5078,-0.3145,other
1031789,0.2454,0.8082,-0.4681,-0.291,-9.4102,-1.1855,other
1031812,0.2946,0.772,-0.342,1.1836,-10.8359,-1.7461,other
1031835,0.2656,0.6445,-0.4606,2.6211,-11.6348,-1.8809,other
1031858,0.0576,0.6182,-0.5198,2.0762,-10.0332,-0.1895,other
1031881,0.2649,0.6642,-0.5782,0.291,-7.2051,2.2207,other
1031904,0.3378,0.7117,-0.4536,-3.9766,-0.5176,7.2285,other
1031927,0.3805,0.6949,-0.4155,-7.1094,4.9863,10.793,other
1031950,0.4092,0.6124,-0.4921,-10.8926,13.377,15.2305,other
1031973,0.4017,0.5476,-0.5609,-12.7734,20.2988,17.7363,other
1031996,0.3081,0.52,-0.5774,-12.957,23.5527,18.3125,other
1032019,0.2656,0.5127,-0.5326,-11.9512,26.2207,18.0117,other
1032042,0.3442,0.5007,-0.5208,-10.6289,26.5918,17.3164,other
1032065,0.3872,0.5123,-0.4987,-8.0,25.1758,15.7187,other
1032088,0.3437,0.5522,-0.4916,-6.0352,21.502,13.4355,other
1032111,0.3406,0.6055,-0.528,-3.2344,18.2441,11.5937,other
1032134,0.291,0.6475,-0.5635,-1.2363,12.4961,8.6719,other
1032157,0.3105,0.6732,-0.5969,-0.6211,8.6914,6.8496,other
1032180,0.3059,0.6936,-0.5784,-0.8594,3.7539,4.5996,other
1032203,0.2098,0.7229,-0.4401,-1.627,1.1875,3.4902,other
1032226,0.3917,0.7198,-0.5807,-3.1465,-1.5469,2.3398,other
1032249,0.48,0.7269,-0.5634,-4.4258,-3.3262,1.4453,other
1032272,0.2965,0.7325,-0.4427,-4.7578,-4.168,0.8398,other
1032295,0.2791,0.6632,-0.472,-4.0,-4.832,0.0059,other
1032318,0.3522,0.5709,-0.5253,-2.5898,-4.793,-0.4258,other
1032341,0.3768,0.5107,-0.5416,0.6055,-4.1543,-0.916,other
1032364,0.3214,0.4984,-0.5059,4.5254,-3.2734,-1.3301,other
1032387,0.2596,0.498,-0.5076,7.248,-2.7676,-1.5488,other
1032410,0.2692,0.4933,-0.5026,11.127,-2.3027,-1.6836,other
1032433,0.3474,0.4899,-0.4786,13.3672,-2.2695,-1.6348,other
1032456,0.3787,0.4869,-0.5323,15.8379,-2.8203,-1.4941,other
1032479,0.3689,0.5272,-0.5394,16.6719,-4.1426,-1.4277,other
1032502,0.3556,0.5859,-0.5475,16.4492,-5.4355,-1.4082,other
1032525,0.3339,0.6278,-0.5363,14.4355,-7.5078,-1.25,bite
1032548,0.3195,0.6222,-0.6146,12.2168,-8.7734,-0.9648,bite
1032571,0.3424,0.6016,-0.6626,7.8867,-10.1719,-0.2285,bite
1032594,0.3226,0.6177,-0.6074,4.5977,-10.709,0.4082,bite
1032617,0.2213,0.6281,-0.5312,-0.2461,-10.9883,1.4238,bite
1032640,0.2277,0.6294,-0.4773,-4.0605,-10.6816,2.3164,bite
1032663,0.3392,0.5953,-0.5563,-5.6934,-10.2129,2.6816,bite
1032686,0.3448,0.5808,-0.6116,-6.8105,-9.4199,2.6055,bite
1032709,0.2415,0.6016,-0.5436,-6.8887,-9.0039,2.0781,bite
1032732,0.2146,0.6138,-0.4835,-6.3945,-8.5547,0.7637,bite
1032755,0.2766,0.5936,-0.525,-5.5762,-8.1309,-0.8281,bite
1032778,0.3447,0.583,-0.5836,-5.1074,-7.8242,-1.9219,bite
1032801,0.3281,0.5902,-0.5842,-4.9004,-7.3926,-3.5195,bite
1032824,0.2321,0.6171,-0.4867,-5.1953,-7.1094,-4.4687,bite
1032847,0.2457,0.6244,-0.4645,-6.2051,-6.4727,-5.5098,bite
1032870,0.3516,0.601,-0.5779,-7.1777,-5.2812,-6.0039,bite
1032893,0.3793,0.5837,-0.7014,-9.0703,-4.3984,-6.1035,bite
1032916,0.2715,0.6388,-0.5398,-11.4102,-2.9062,-6.0195,bite
1032939,0.2571,0.6619,-0.4613,-12.9668,-1.9375,-5.793,bite
1032962,0.3209,0.5944,-0.537,-14.8066,-0.5273,-5.1543,bite
1032985,0.319,0.5994,-0.5713,-15.5684,0.3691,-4.5781,bite
1033008,0.2784,0.6202,-0.5273,-16.0723,1.5742,-3.6484,bite
1033031,0.2828,0.63,-0.506,-16.0234,2.5566,-2.834,bite
1033054,0.2859,0.6456,-0.5298,-15.8184,3.0898,-2.4316,bite
1033077,0.2804,0.6495,-0.506,-15.4551,3.7363,-2.0801,bite
1033100,0.3063,0.6359,-0.5468,-15.2656,4.0742,-2.0156,bite
1033123,0.2777,0.6387,-0.5074,-15.1816,4.3535,-2.1328,bite
1033146,0.2859,0.6366,-0.4611,-15.373,4.1641,-2.4297,bite
1033169,0.2859,0.641,-0.4677,-15.623,3.7109,-2.6875,bite
1033192,0.2791,0.6451,-0.5051,-16.0762,2.6133,-3.0977,bite
1033215,0.277,0.6415,-0.4689,-16.3691,1.7461,-3.3555,bite
1033238,0.2827,0.6455,-0.4603,-16.6992,0.5098,-3.6738,bite
1033261,0.2831,0.6576,-0.4916,-16.8047,-0.4609,-3.8867,bite
1033284,0.2778,0.663,-0.4812,-16.7539,-0.9375,-3.9727,bite
1033307,0.274,0.6604,-0.4574,-16.4492,-1.4121,-4.0293,bite
1033330,0.2727,0.6636,-0.4698,-16.1191,-1.5742,-4.0352,bite
1033353,0.2809,0.6605,-0.4608,-15.4824,-1.6016,-4.0156,bite
1033376,0.2715,0.6591,-0.4714,-15.0,-1.5078,-3.9941,bite
1033399,0.2716,0.6449,-0.4489,-14.2559,-1.2969,-3.9707,bite
1033422,0.2618,0.6436,-0.4496,-13.5547,-1.1738,-3.9668,bite
1033445,0.2559,0.6962,-0.4758,-13.127,-1.2051,-3.9766,bite
1033468,0.2671,0.7098,-0.4847,-12.5039,-1.4043,-3.998,bite
1033491,0.2687,0.7216,-0.4779,-12.0469,-1.6016,-4.0059,bite
1033514,0.2518,0.683,-0.4451,-11.2051,-1.8984,-3.9805,bite
1033537,0.2518,0.6697,-0.4442,-10.0859,-2.043,-3.8965,bite
1033560,0.2588,0.6812,-0.4463,-9.1738,-1.9395,-3.8086,bite
1033583,0.2682,0.6711,-0.463,-7.5684,-1.2461,-3.625,bite
1033606,0.2723,0.6655,-0.4678,-6.373,-0.3164,-3.4648,bite
1033629,0.2789,0.6642,-0.4683,-4.498,1.7539,-3.1406,bite
1033652,0.2802,0.665,-0.4647,-3.2715,4.4355,-2.6934,bite
1033675,0.3099,0.6677,-0.4478,-1.5703,6.4121,-2.3301,bite
1033698,0.27,0.6685,-0.4788,-0.123,9.2773,-1.7363,bite
1033721,0.2623,0.6636,-0.4868,0.6641,10.8457,-1.3633,bite
1033744,0.275,0.6547,-0.4883,1.541,12.3203,-0.9141,bite
1033767,0.2686,0.6816,-0.4731,1.9043,12.6699,-0.6895,bite
1033790,0.2812,0.6807,-0.4666,2.127,12.4922,-0.3672,bite
1033813,0.2915,0.656,-0.4857,1.9531,12.0176,0.125,bite
1033836,0.2952,0.6458,-0.4879,1.6055,11.8516,0.6523,bite
1033859,0.3164,0.6611,-0.4587,0.7578,12.1621,1.8613,bite
1033882,0.348,0.6719,-0.4287,0.0508,12.8145,3.002,bite
1033905,0.329,0.6621,-0.4343,-1.002,14.4023,5.25,bite
1033928,0.256,0.684,-0.4235,-1.7051,16.4395,8.1543,bite
1033951,0.3204,0.7263,-0.3606,-1.7832,17.8066,10.498,bite
1033974,0.3048,0.821,-0.3112,-1.1016,19.5723,14.7773,bite
1033997,0.4805,0.828,-0.6613,-0.0762,20.75,18.1992,bite
1034020,0.609,0.8561,-0.7148,2.4648,23.3184,24.1367,bite
1034043,0.8418,0.7803,-0.7148,6.6777,26.9746,30.8965,bite
1034066,0.681,0.7671,-0.4357,11.7676,29.832,35.8652,bite
1034089,0.6273,0.5916,-0.4076,22.5469,35.1055,44.3145,bite
1034112,0.66,0.426,-0.4509,32.1797,39.543,50.8574,bite
1034135,0.6591,0.3054,-0.4414,49.2168,47.2441,62.2637,bite
1034158,0.5914,0.2007,-0.4076,61.2148,52.3887,63.998,bite
1034181,0.4255,0.1068,-0.3027,63.998,58.7852,63.998,bite
1034204,0.4147,-0.0087,-0.2551,63.998,62.9297,63.998,bite
1034227,0.5396,-0.1068,-0.399,63.998,63.998,63.998,bite
1034250,0.6083,-0.1671,-0.4863,63.998,63.998,63.998,bite
1034273,0.6586,-0.1548,-0.4825,63.998,63.3105,63.998,bite
1034296,0.7683,-0.0618,-0.4624,63.998,58.3301,63.998,bite
1034319,0.834,-0.0176,-0.4594,63.998,50.5859,63.998,bite
1034342,0.7639,0.0087,-0.4883,63.998,44.5762,63.998,bite
1034365,0.8729,-0.0037,-0.3801,62.3965,35.9707,63.998,bite
1034388,1.1433,-0.053,-0.5693,55.2051,31.5215,63.998,bite
1034411,1.2219,-0.0394,-0.6392,46.0703,27.4199,63.998,bite
1034434,1.0867,-0.0156,-0.4951,38.9727,25.8828,63.998,bite
1034457,1.0262,-0.0438,-0.5162,34.6504,26.0859,63.1563,bite
1034480,0.9894,-0.0889,-0.5741,29.7598,28.0566,48.6641,bite
1034503,0.9419,-0.126,-0.5223,27.1367,30.1445,40.2598,bite
1034526,0.8375,-0.1589,-0.4231,24.0078,33.6426,30.7871,bite
1034549,0.7451,-0.1947,-0.2974,22.4824,35.8398,27.0645,bite
1034572,0.7365,-0.2343,-0.2611,21.1426,38.5098,25.6777,bite
1034595,0.7842,-0.2725,-0.2374,20.7832,39.9902,28.8301,bite
1034618,0.8593,-0.2996,-0.2588,20.8027,40.123,32.7754,bite
1034641,0.8488,-0.3112,-0.3163,20.5781,38.8945,40.1563,bite
1034664,0.8445,-0.3105,-0.2694,19.9316,37.1934,45.373,bite
1034687,0.9532,-0.2948,-0.2074,17.9941,33.8555,52.7363,bite
1034710,1.0278,-0.358,-0.3092,15.0527,30.3379,58.6914,bite
1034733,1.0936,-0.4434,-0.4406,12.6211,28.0859,61.5566,bite
1034756,1.1177,-0.4926,-0.4209,8.3926,24.6426,63.998,bite
1034779,1.1233,-0.4828,-0.236,5.4316,22.1504,63.998,bite
1034802,1.0698,-0.5006,-0.1486,1.5195,18.0586,63.998,bite
1034825,1.0493,-0.5297,-0.2433,-1.3945,13.5723,63.2461,bite
1034848,0.9537,-0.5569,-0.3041,-2.2109,10.3066,62.6055,bite
1034871,0.8615,-0.5757,-0.2959,-3.3223,4.9609,62.3223,bite
1034894,0.8158,-0.5792,-0.2378,-4.0039,1.1602,62.8125,bite
1034917,0.7971,-0.567,-0.1477,-5.2266,-4.8262,63.998,bite
1034940,0.7712,-0.5902,-0.1786,-6.2539,-8.9941,63.998,bite
1034963,0.7202,-0.6244,-0.2706,-8.2969,-15.4121,63.998,bite
1034986,0.6698,-0.6323,-0.3147,-11.2656,-21.6152,63.998,bite
1035009,0.715,-0.6427,-0.2848,-13.8437,-25.3008,63.998,bite
1035032,0.7234,-0.6368,-0.2355,-18.4375,-29.7832,63.998,bite
1035055,0.6223,-0.661,-0.275,-21.7676,-31.9727,63.998,bite
1035078,0.559,-0.6699,-0.3311,-26.8242,-33.9121,63.998,bite
1035101,0.5996,-0.6642,-0.3619,-31.7266,-34.2031,63.998,bite
1035124,0.6573,-0.652,-0.384,-34.8379,-33.7051,63.998,bite
1035147,0.5524,-0.6486,-0.3329,-39.1543,-32.4297,60.707,bite
1035170,0.4698,-0.6633,-0.3917,-41.7012,-31.3125,57.502,bite
1035193,0.4625,-0.6472,-0.4304,-44.957,-29.0742,52.9023,bite
1035216,0.4999,-0.6259,-0.4596,-47.6426,-26.168,48.8496,bite
1035239,0.521,-0.6217,-0.506,-49.1973,-23.9766,46.459,bite
1035262,0.4988,-0.6127,-0.4828,-51.2598,-20.4551,43.1719,bite
1035285,0.5266,-0.6091,-0.5374,-52.4531,-17.916,41.0605,bite
1035308,0.6044,-0.6104,-0.5808,-53.9609,-13.8184,37.8438,bite
1035331,0.632,-0.6235,-0.6348,-54.7773,-11.0293,35.6035,bite
1035354,0.6427,-0.6073,-0.6093,-55.6602,-7.0723,32.1289,bite
1035377,0.642,-0.5995,-0.6255,-55.918,-3.7461,28.7715,bite
1035400,0.5881,-0.6133,-0.641,-55.6055,-2.0508,26.834,bite
1035423,0.5361,-0.6183,-0.7074,-54.2852,-0.3437,24.7695,bite
1035446,0.4965,-0.5979,-0.7775,-52.8008,0.3105,24.1074,bite
1035469,0.5189,-0.5836,-0.6663,-49.5508,0.7187,24.1523,bite
1035492,0.5542,-0.6201,-0.6039,-44.8633,0.416,25.0293,bite
1035515,0.5593,-0.627,-0.5453,-40.9277,-0.293,25.7773,bite
1035538,0.4794,-0.6296,-0.5846,-34.1055,-2.1582,26.8125,bite
1035561,0.4769,-0.6425,-0.6895,-29.2656,-3.7305,27.3906,bite
1035584,0.4965,-0.6118,-0.6704,-22.2188,-5.9922,28.1133,bite
1035607,0.439,-0.5833,-0.5984,-15.9727,-7.5859,28.6758,bite
1035630,0.3729,-0.5731,-0.6261,-12.3398,-8.0176,28.918,bite
1035653,0.4712,-0.5707,-0.6776,-7.5781,-7.2305,28.793,bite
1035676,0.5896,-0.6318,-0.7385,-4.7363,-5.5508,28.0879,bite
1035699,0.6282,-0.6385,-0.6615,-0.709,-1.3906,25.6563,bite
1035722,0.3685,-0.5723,-0.324,2.0586,2.166,21.6035,bite
1035745,0.5413,-0.6479,-0.76,6.6914,7.918,18.334,bite
1035768,0.4463,-0.5726,-0.5535,11.6348,12.4004,13.2148,bite
1035791,0.4602,-0.6306,-0.5342,14.7031,13.8848,9.8379,bite
1035814,0.479,-0.6423,-0.5763,18.1934,13.791,4.752,bite
1035837,0.5465,-0.6962,-0.74,19.377,12.3594,1.2324,bite
1035860,0.559,-0.6626,-0.6688,19.2207,8.5078,-4.3848,bite
1035883,0.5199,-0.6556,-0.6123,17.5078,3.3086,-10.3262,bite
1035906,0.5002,-0.6766,-0.59,16.252,-0.3652,-14.3242,bite
1035929,0.505,-0.6962,-0.5522,15.2715,-5.3906,-20.1836,bite
1035952,0.5342,-0.703,-0.5725,15.5937,-8.1191,-23.9766,bite
1035975,0.537,-0.703,-0.6167,17.6328,-11.1797,-29.6445,bite
1035998,0.521,-0.6909,-0.5946,21.0391,-13.3926,-35.6035,bite
1036021,0.4943,-0.6462,-0.527,23.6602,-14.7441,-39.9609,bite
1036044,0.488,-0.619,-0.4985,27.5156,-17.0996,-47.4668,bite
1036067,0.454,-0.5908,-0.4401,29.707,-19.1641,-53.373,bite
1036090,0.4186,-0.5354,-0.4139,31.8848,-23.3496,-63.9141,bite
1036113,0.4666,-0.4866,-0.4738,32.2813,-27.0449,-64.0,bite
1036136,0.6014,-0.4464,-0.5719,30.6953,-34.4121,-64.0,bite
1036159,0.686,-0.4243,-0.5751,25.8652,-44.6855,-64.0,bite
1036182,0.7062,-0.4098,-0.5222,20.7676,-53.2051,-64.0,bite
1036205,0.6429,-0.3682,-0.408,10.8301,-64.0,-64.0,bite
1036228,0.531,-0.2942,-0.4,3.2266,-64.0,-64.0,bite
1036251,0.4901,-0.2444,-0.4623,-8.7305,-64.0,-64.0,bite
1036274,0.6156,-0.2512,-0.6218,-20.7383,-64.0,-64.0,bite
1036297,0.6639,-0.2578,-0.6953,-28.7383,-64.0,-64.0,bite
1036320,0.6227,-0.2135,-0.6711,-40.793,-64.0,-64.0,bite
1036343,0.6478,-0.0918,-0.5988,-48.7031,-64.0,-64.0,bite
1036366,0.7056,0.0071,-0.5468,-59.7363,-44.1387,-64.0,bite
1036389,0.7903,0.1068,-0.5575,-64.0,-22.1113,-64.0,bite
1036412,0.8057,0.1759,-0.6553,-64.0,-8.3281,-64.0,bite
1036435,0.8196,0.2637,-0.6504,-64.0,9.1758,-64.0,bite
1036458,0.8312,0.3601,-0.6334,-64.0,18.1602,-64.0,bite
1036481,0.8245,0.4418,-0.6497,-64.0,27.4414,-64.0,bite
1036504,0.8458,0.4888,-0.6454,-64.0,31.084,-64.0,bite
1036527,0.8169,0.5048,-0.6837,-64.0,33.6289,-64.0,other
1036550,0.8046,0.5564,-0.7284,-64.0,34.0645,-64.0,other
1036573,0.7828,0.5627,-0.6935,-64.0,33.9395,-64.0,other
1036596,0.7638,0.5505,-0.6448,-64.0,34.2539,-64.0,other
1036619,0.7437,0.495,-0.7058,-64.0,35.3672,-64.0,other
1036642,0.7386,0.4443,-0.7577,-64.0,38.5527,-57.5801,other
1036665,0.6976,0.4095,-0.6708,-64.0,42.3848,-48.3633,other
1036688,0.6306,0.3977,-0.5283,-64.0,44.3086,-42.3633,other
1036711,0.5924,0.3828,-0.3918,-64.0,44.9277,-34.0859,other
1036734,0.5759,0.3596,-0.3397,-64.0,43.3242,-29.2871,other
1036757,0.4349,0.3323,-0.4189,-64.0,37.6016,-23.4512,other
1036780,0.3632,0.3197,-0.4879,-56.6172,28.4141,-19.4473,other
1036803,0.4242,0.3799,-0.3938,-43.918,20.9961,-17.9512,other
1036826,0.5372,0.4747,-0.2672,-26.0137,9.0332,-17.9141,other
1036849,0.6366,0.5381,-0.3092,-15.4902,1.1016,-19.6172,other
1036872,0.614,0.5804,-0.3571,-2.7441,-9.8711,-24.7539,other
1036895,0.5988,0.6145,-0.4326,3.2812,-16.0664,-32.0801,other
1036918,0.5306,0.6243,-0.4272,8.2168,-22.7832,-37.3027,other
1036941,0.4929,0.6261,-0.3699,8.4902,-25.5156,-44.1328,other
1036964,0.5505,0.6379,-0.3724,6.6152,-24.8711,-47.293,other
1036987,0.6245,0.627,-0.4152,1.875,-20.6172,-49.2422,other
1037010,0.6172,0.6057,-0.4315,-1.8711,-16.2402,-48.5879,other
1037033,0.5308,0.6116,-0.3772,-7.2539,-8.6719,-44.8262,other
1037056,0.5122,0.6036,-0.3334,-11.2715,-1.1191,-38.1094,other
1037079,0.5825,0.5519,-0.3998,-12.8301,3.4023,-32.3145,other
1037102,0.6301,0.5133,-0.486,-13.502,8.6934,-22.3398,other
1037125,0.6227,0.5074,-0.547,-13.0547,10.8125,-15.25,other
1037148,0.516,0.5509,-0.4133,-11.4258,11.4082,-4.4961,other
1037171,0.4083,0.574,-0.2922,-8.7832,9.3574,5.9258,other
1037194,0.4434,0.575,-0.3129,-6.4785,7.2832,12.3535,other
1037217,0.5095,0.5692,-0.3745,-2.6113,4.2559,20.4297,other
1037240,0.6215,0.5536,-0.4922,-0.2344,2.7324,24.2109,other
1037263,0.6342,0.5691,-0.47,2.1055,1.4746,26.7266,other
1037286,0.6221,0.5913,-0.4117,2.5117,1.3066,25.3027,other
1037309,0.5894,0.5881,-0.431,1.3926,1.9766,22.5313,other
1037332,0.5455,0.5789,-0.416,-1.2227,3.5684,16.6777,other
1037355,0.5649,0.5773,-0.3372,-3.3242,4.9687,12.293,other
1037378,0.5149,0.5679,-0.2535,-6.2637,7.1992,5.8555,other
1037401,0.4724,0.55,-0.2571,-7.7734,8.6191,1.9414,other
1037424,0.5804,0.5204,-0.3904,-9.252,10.6562,-3.3105,other
1037447,0.6326,0.4987,-0.4399,-10.1875,12.3848,-8.1211,other
1037470,0.5968,0.5088,-0.3649,-10.7949,13.0996,-11.2363,other
1037493,0.5334,0.5219,-0.3535,-11.8477,13.334,-15.7051,other
1037516,0.4933,0.5387,-0.4296,-12.5898,12.9902,-18.3457,other
1037539,0.5255,0.5616,-0.5006,-13.5977,11.8848,-21.3809,other
1037562,0.5671,0.6055,-0.4371,-14.166,10.0547,-23.041,other
1037585,0.5916,0.6471,-0.3326,-14.0312,8.3789,-23.416,other
1037608,0.6187,0.6012,-0.4281,-12.6836,5.2988,-23.1035,other
1037631,0.6361,0.6027,-0.4194,-10.9941,2.9727,-22.418,other
1037654,0.5372,0.5791,-0.4222,-7.5352,-0.7344,-20.7227,other
1037677,0.4492,0.5729,-0.4091,-4.832,-4.1621,-18.1328,other
1037700,0.4727,0.5797,-0.3337,-0.5332,-6.3223,-15.9141,other
1037723,0.5623,0.5819,-0.3447,3.7402,-8.4766,-12.1602,other
1037746,0.588,0.5869,-0.3944,6.375,-9.2715,-9.6719,other
1037769,0.5463,0.5959,-0.4402,9.627,-9.6387,-6.3945,other
1037792,0.4963,0.6096,-0.4314,11.1543,-9.4062,-4.6191,other
1037815,0.5056,0.6658,-0.3687,12.4668,-8.4238,-2.4785,other
1037838,0.6143,0.7104,-0.2294,12.9355,-6.8145,-0.7266,other
1037861,0.6388,0.7227,-0.2112,13.0137,-5.4512,0.3301,other
1037884,0.7944,0.6937,-0.3551,12.877,-3.1543,1.9199,other
1037907,0.6343,0.6825,-0.4481,12.4336,-1.6016,3.168,other
1037930,0.5471,0.6868,-0.4628,10.8125,0.8633,5.7871,other
1037953,0.4486,0.7284,-0.4034,7.998,3.7598,9.5996,other
1037976,0.4303,0.7061,-0.3898,5.7441,5.8906,12.6191,other
1037999,0.5636,0.6143,-0.5057,2.4512,8.8516,16.8594,other
1038022,0.6624,0.5276,-0.5258,0.6406,10.0723,18.6934,other
1038045,0.6636,0.4795,-0.4586,-1.0547,9.6895,18.8574,other
1038068,0.6605,0.4478,-0.4659,-1.2578,6.1758,15.6484,other
1038091,0.5966,0.4109,-0.4785,0.0742,2.3594,12.0723,other
1038114,0.6024,0.3969,-0.5258,3.2734,-4.5586,5.8184,other
1038137,0.6155,0.4039,-0.5593,6.2266,-9.3418,1.8418,other
1038160,0.5629,0.4106,-0.4727,11.4961,-15.9805,-2.7832,other
1038183,0.4644,0.368,-0.4415,15.375,-19.7148,-4.6211,other
1038206,0.3708,0.3297,-0.4335,21.3711,-23.8398,-5.4121,other
1038229,0.5802,0.2568,-0.614,26.8965,-26.084,-4.3906,other
1038252,0.3899,0.3076,-0.418,29.8789,-26.7539,-3.2305,other
1038275,0.2595,0.3444,-0.3754,32.8691,-27.0137,-1.4023,other
1038298,0.2469,0.3801,-0.4539,33.7109,-26.9805,-0.3184,other
1038321,0.4097,0.41,-0.6254,32.8223,-27.0957,0.6719,other
1038344,0.3887,0.4509,-0.6768,28.8086,-27.8574,0.1211,other
1038367,0.3235,0.5319,-0.6075,24.3066,-28.7168,-1.3789,other
1038390,0.2428,0.5688,-0.5181,15.3301,-29.8301,-5.2324,other
1038413,0.3315,0.5883,-0.4884,8.4219,-29.8926,-8.6289,other
1038436,0.4283,0.619,-0.5095,-2.3164,-28.3984,-14.582,other
1038459,0.4724,0.6348,-0.59,-9.2773,-25.3926,-21.2305,other
1038482,0.4435,0.6471,-0.5653,-18.9727,-22.3008,-25.7988,other
1038505,0.4451,0.6548,-0.5885,-27.4805,-17.3105,-32.2461,other
1038528,0.399,0.661,-0.6019,-32.3809,-13.6934,-35.8066,other
1038551,0.3174,0.6676,-0.5157,-38.4453,-8.252,-39.2207,other
1038574,0.3494,0.6481,-0.5487,-41.5625,-4.8789,-39.8848,other
1038597,0.4525,0.6279,-0.5929,-44.7969,-0.709,-38.4844,other
1038620,0.45,0.6338,-0.4806,-46.2676,1.5996,-34.957,other
1038643,0.4176,0.6575,-0.3561,-46.1758,1.8086,-31.9922,other
1038666,0.4119,0.6584,-0.323,-44.3105,0.2285,-27.3555,other
1038689,0.3546,0.6503,-0.3385,-42.0371,-1.7773,-24.4004,other
1038712,0.2937,0.6328,-0.4274,-37.7422,-5.3633,-20.3398,other
1038735,0.3291,0.6321,-0.486,-33.4531,-8.5703,-16.7266,other
1038758,0.3346,0.66,-0.4525,-31.0684,-10.1602,-14.5645,other
1038781,0.2762,0.707,-0.3287,-28.3809,-11.6426,-11.7207,other
1038804,0.3042,0.7019,-0.3657,-27.0313,-12.0293,-10.0996,other
1038827,0.3325,0.6835,-0.4497,-25.3535,-11.7949,-8.0781,other
1038850,0.2855,0.6663,-0.4606,-24.3613,-10.8652,-6.502,other
1038873,0.2528,0.6594,-0.4279,-22.9355,-10.0254,-5.627,other
1038896,0.1995,0.666,-0.423,-21.3555,-8.6172,-4.4727,other
1038919,0.2012,0.6716,-0.4081,-20.0996,-7.6562,-3.7871,other
1038942,0.245,0.6689,-0.454,-17.8848,-6.3418,-3.0039,other
1038965,0.2233,0.6715,-0.5057,-16.293,-5.707,-2.7949,other
1038988,0.2728,0.6885,-0.454,-14.002,-5.3633,-3.2402,other
1039011,0.3162,0.6931,-0.3771,-12.0547,-5.9727,-4.8223,other
1039034,0.3727,0.7041,-0.3818,-11.0332,-6.9629,-6.4941,other
1039057,0.2273,0.7399,-0.3516,-10.1211,-9.1816,-9.5176,other
1039080,0.1312,0.7317,-0.49,-10.0957,-10.8398,-11.4512,other
1039103,0.1467,0.7388,-0.4032,-11.1777,-12.9121,-13.5098,other
1039126,0.2921,0.6949,-0.4009,-13.6191,-14.2324,-14.2051,other
1039149,0.2438,0.7173,-0.3218,-15.7988,-14.875,-14.0137,other
1039172,0.1846,0.7133,-0.4286,-19.3086,-15.7207,-13.0625,other
1039195,0.1254,0.734,-0.3475,-21.4863,-16.2363,-12.1152,other
1039218,0.3236,0.7689,-0.3842,-24.0898,-16.8574,-10.4121,other
1039241,0.2928,0.8417,-0.4415,-25.2656,-17.2168,-8.627,other
1039264,0.2266,0.8514,-0.4086,-26.2207,-17.2207,-7.4648,other
1039287,0.2133,0.7631,-0.3572,-26.4824,-16.8027,-5.7891,other
1039310,0.1952,0.7083,-0.3556,-26.498,-16.4023,-4.75,other
1039333,0.2076,0.699,-0.3489,-26.6699,-16.2441,-3.418,other
1039356,0.1559,0.7427,-0.3207,-27.0742,-16.8223,-2.7441,other
1039379,0.1689,0.8157,-0.3374,-28.2852,-18.8555,-2.1113,other
1039402,0.1836,0.8551,-0.2803,-30.166,-21.7598,-1.8984,other
1039425,0.1663,0.8149,-0.3213,-31.6465,-23.7793,-1.9199,other
1039448,0.0869,0.7701,-0.2623,-33.8965,-26.3926,-2.0566,other
1039471,0.2555,0.7672,-0.2513,-35.2383,-27.5391,-2.0898,other
1039494,0.2467,0.798,-0.1752,-36.6973,-27.7109,-1.7773,other
1039517,0.1427,0.7955,-0.2697,-37.0547,-25.168,-0.8633,other
1039540,0.1605,0.7638,-0.3093,-36.4629,-21.4453,0.0156,other
1039563,0.2075,0.7764,-0.2126,-34.1992,-12.5371,1.5078,other
1039586,0.2784,0.8043,-0.2072,-31.8242,-5.0312,2.4434,other
1039609,0.0969,0.7699,-0.3167,-27.1582,6.2363,3.3848,other
1039632,0.1473,0.7944,-0.2439,-21.9727,14.5488,3.3203,other
1039655,0.2368,0.7938,-0.1821,-17.4355,17.2969,2.5625,other
1039678,0.201,0.7776,-0.298,-11.2148,16.4902,0.3359,other
1039701,0.2076,0.7919,-0.2579,-7.1543,12.7168,-1.8125,other
1039724,0.0933,0.7906,-0.2914,-1.4023,3.0859,-5.873,other
1039747,0.0348,0.7611,-0.423,2.0918,-5.0176,-8.9785,other
1039770,0.0284,0.8098,-0.2963,6.5781,-17.4883,-13.8145,other
1039793,0.1582,0.7926,-0.2743,9.9102,-27.6133,-18.1309,other
1039816,0.0468,0.7712,-0.3588,11.377,-31.8906,-20.2051,other
1039839,0.1556,0.7765,-0.3242,12.3496,-33.6211,-21.3887,other
1039862,0.144,0.7976,-0.2799,12.1875,-31.5293,-20.6445,other
1039885,0.0347,0.7987,-0.3571,10.8437,-24.0664,-17.4023,other
1039908,0.1393,0.7778,-0.2966,8.4121,-12.6504,-12.5703,other
1039931,0.1738,0.7733,-0.2998,6.3398,-3.9375,-9.0879,other
1039954,0.171,0.7731,-0.2921,2.8105,8.5723,-4.1797,other
1039977,0.0577,0.7723,-0.3419,0.3711,15.3125,-1.416,other
1040000,-0.0116,0.7716,-0.3468,-3.0098,21.7148,1.6445,other
1040023,0.2675,0.7998,-0.1548,-5.8418,23.375,3.2715,other
1040046,0.2312,0.7675,-0.2882,-6.6387,22.043,3.6016,other
1040069,0.1132,0.8005,-0.3193,-7.0566,17.082,3.0527,other
1040092,0.0378,0.7794,-0.4047,-6.4805,12.4473,2.0332,other
1040115,0.0593,0.7511,-0.3264,-4.4336,4.9082,-0.2168,other
1040138,0.2484,0.801,-0.272,-2.502,0.3086,-1.8594,other
1040161,0.533,0.691,-0.2543,0.7441,-4.8867,-3.8516,other
1040184,-0.1559,0.8577,-0.3138,3.7891,-7.4863,-4.502,other
1040207,-0.0629,0.7906,-0.4227,5.416,-7.5469,-3.7031,other
1040230,0.0652,0.7698,-0.3975,6.8984,-4.9883,-0.498,other
1040253,0.3258,0.7546,-0.3207,7.0898,-1.8809,2.541,other
1040276,0.1539,0.7469,-0.3209,6.1484,3.8652,7.3379,other
1040299,0.2213,0.7897,-0.2738,4.0352,9.3008,11.2207,other
1040322,0.0881,0.7616,-0.3284,2.2676,11.877,12.7637,other
1040345,0.1162,0.7721,-0.375,-0.4141,13.3848,13.0312,other
1040368,0.167,0.7753,-0.292,-1.9629,12.7168,11.8105,other
1040391,0.1672,0.7802,-0.3147,-3.5996,9.3555,8.207,other
1040414,0.1367,0.7655,-0.3607,-4.1543,3.7227,3.1836,other
1040437,0.0758,0.7472,-0.3638,-4.2227,-0.6875,-0.4727,other
1040460,0.1824,0.7716,-0.3722,-3.6328,-7.0684,-5.543,other
1040483,0.1228,0.7635,-0.333,-3.0488,-10.5098,-8.1758,other
1040506,0.2346,0.7594,-0.317,-2.1328,-13.6855,-10.4844,other
1040529,0.022,0.7936,-0.2965,-1.6309,-14.2617,-10.8184,other
1040552,-0.0054,0.7638,-0.3774,-1.2383,-12.7949,-9.5996,other
1040575,-0.5161,0.7733,-0.5006,-1.4063,-8.9336,-7.0469,other
1040598,0.2753,0.7542,-0.2736,-1.7324,-5.5391,-5.5371,other
1040621,0.2311,0.8232,-0.231,-2.1797,-0.9395,-5.541,other
1040644,0.2546,0.8585,-0.2679,-2.2344,0.8594,-7.8555,other
1040667,0.0033,0.7694,-0.4241,-1.918,1.0879,-14.7812,other
1040690,0.1974,0.7172,-0.4149,-1.6387,-0.6484,-23.9805,other
1040713,0.0889,0.77,-0.2839,-1.8125,-1.9863,-29.7129,other
1040736,0.2566,0.7911,-0.3035,-2.7539,-3.1387,-35.2813,other
1040759,0.6062,0.8091,-0.2443,-3.7285,-3.0723,-36.1133,other
1040782,-0.0275,0.793,-0.3195,-5.4844,-1.9043,-32.4297,other
1040805,-0.2826,0.7335,-0.3544,-7.4883,0.5234,-22.7285,other
1040828,-0.0479,0.7935,-0.3387,-8.9395,2.9004,-13.4141,other
1040851,-0.0304,0.7527,-0.2717,-11.0098,7.2227,2.6191,other
1040874,-0.0238,0.7814,-0.3948,-12.0195,10.123,12.8398,other
1040897,0.2205,0.8121,-0.3843,-12.375,13.3594,24.1699,other
1040920,0.1976,0.775,-0.2633,-11.6035,14.0684,27.6836,other
1040943,0.2579,0.7938,-0.1597,-8.9375,12.5254,26.5898,other
1040966,0.0668,0.7988,-0.3469,-4.9414,8.4687,19.7676,other
1040989,-0.1158,0.7294,-0.5424,-1.9863,5.1523,13.5352,other
1041012,0.0519,0.7582,-0.4052,2.0879,0.707,3.9375,other
1041035,0.1669,0.7574,-0.2795,4.2324,-1.2715,-1.4766,other
1041058,-0.0603,0.7797,-0.2694,6.4023,-2.3379,-6.7969,other
1041081,0.5199,0.8208,-0.2814,7.5469,-1.5039,-8.4258,other
1041104,-0.0117,0.731,-0.3926,7.9375,-0.4941,-7.8887,other
1041127,0.2598,0.712,-0.4751,8.0996,0.8789,-5.5527,other
1041150,0.293,0.7404,-0.2494,7.9473,1.4688,-3.3477,other
1041173,-0.333,0.8384,-0.3867,7.4336,1.9922,0.8301,other
1041196,0.3899,0.7308,-0.3597,6.7871,2.7949,5.9687,other
1041219,0.0635,0.7513,-0.4432,6.3535,3.5723,9.3867,other
1041242,0.2101,0.7611,-0.2904,5.7207,4.8535,13.418,other
1041265,-0.1492,0.8165,-0.3824,5.2812,5.6172,14.9746,other
1041288,-0.0063,0.8368,-0.4039,4.5039,6.5898,15.4121,other
1041311,0.3553,0.7275,-0.2719,3.8555,7.1543,13.375,other
1041334,0.3289,0.7711,-0.2952,2.5605,7.5039,10.7676,other
1041357,0.2047,0.8556,-0.2159,0.7891,6.8242,5.4023,other
1041380,0.3755,0.8566,-0.1963,-0.6641,5.8867,1.7051,other
1041403,0.4988,0.8043,-0.2378,-3.4316,4.3789,-2.4824,other
1041426,-0.2941,0.7644,-0.5175,-5.9648,3.8477,-3.4785,other
1041449,-0.3291,0.9094,-0.4608,-11.3652,4.9121,-1.0586,other
1041472,-0.3986,0.7703,-0.4307,-18.8359,8.4512,5.8242,other
1041495,-0.0201,0.6412,-0.3864,-24.7598,11.0527,11.4805,other
1041518,0.6288,0.649,-0.3723,-34.1426,12.168,18.0254,other
1041541,0.6245,0.7201,-0.3335,-39.8262,9.4766,19.2773,other
1041564,0.3291,0.8025,-0.1859,-45.6406,0.2285,15.6523,other
1041587,0.1873,0.7954,-0.2316,-46.3398,-11.6191,7.709,other
1041610,0.275,0.7584,-0.2883,-43.5273,-18.2539,2.0508,other
1041633,0.3127,0.7422,-0.365,-34.9238,-23.248,-4.2129,other
1041656,0.2123,0.7404,-0.4877,-27.0273,-22.5059,-5.8379,other
1041679,-0.0027,0.7687,-0.4648,-13.416,-15.4961,-3.627,other
1041702,-0.0421,0.7598,-0.3204,-3.8262,-7.623,3.8047,other
1041725,0.26,0.7362,-0.2455,10.7031,7.0918,10.4062,other
1041748,0.4048,0.7295,-0.2168,24.873,22.3105,20.4941,other
1041771,0.3502,0.6921,-0.2667,33.6797,31.1777,25.8184,other
1041794,0.3494,0.6733,-0.2764,44.8906,41.4473,30.2969,other
1041817,0.4058,0.6842,-0.3387,50.3613,46.3398,30.834,other
1041840,0.3936,0.6987,-0.3998,54.6406,51.4824,28.6895,other
1041863,0.3945,0.7233,-0.4308,53.791,54.9531,24.4863,other
1041886,0.4197,0.7372,-0.4952,50.5645,56.625,21.3984,other
1041909,0.277,0.7217,-0.3313,42.7324,58.2461,17.3359,other
1041932,0.4435,0.681,-0.3835,36.3262,58.748,15.293,other
1041955,0.4054,0.6624,-0.3636,26.2598,58.4141,13.1777,other
1041978,0.4325,0.6609,-0.3529,16.8066,56.1621,11.7637,other
1042001,0.4897,0.6648,-0.3147,11.2422,53.1934,10.9453,other
1042024,0.436,0.7051,-0.306,4.2207,46.2617,9.7207,other
1042047,0.4141,0.712,-0.3282,0.3906,40.1699,8.9316,other
1042070,0.3907,0.6877,-0.3612,-4.3516,29.6504,7.9414,other
1042093,0.375,0.6642,-0.3774,-7.0605,22.3594,7.457,other
1042116,0.3741,0.6757,-0.3722,-10.7168,12.1445,6.9062,other
1042139,0.3706,0.7029,-0.3358,-13.8906,3.8945,6.2969,other
1042162,0.3787,0.7113,-0.3163,-15.5859,-0.166,5.6934,other
1042185,0.3905,0.6959,-0.3214,-17.2324,-4.0137,4.334,other
1042208,0.3866,0.6903,-0.3296,-17.6426,-5.2012,3.123,other
1042231,0.3997,0.6917,-0.3103,-17.2559,-5.2656,1.0078,other
1042254,0.4075,0.6902,-0.327,-15.8672,-3.7383,-1.1309,other
1042277,0.3972,0.6946,-0.2968,-14.5488,-2.123,-2.375,other
1042300,0.4136,0.7002,-0.3094,-12.2422,0.7051,-3.748,other
1042323,0.3954,0.6965,-0.3157,-10.6328,2.5898,-4.2637,other
1042346,0.4087,0.6858,-0.323,-8.3301,5.0371,-4.4238,other
1042369,0.4039,0.6897,-0.3076,-6.3984,6.6387,-3.9258,other
1042392,0.4049,0.6973,-0.3168,-5.4062,7.0918,-3.3066,other
1042415,0.4065,0.7053,-0.3073,-4.3848,6.8926,-2.0781,other
1042438,0.4139,0.7018,-0.2965,-3.9785,6.3437,-1.1504,other
1042461,0.4218,0.6992,-0.286,-3.6973,5.3203,0.2402,other
1042484,0.425,0.696,-0.3064,-3.6875,4.7187,1.4375,other
1042507,0.4252,0.6953,-0.3027,-3.8906,4.1211,2.0352,other
1042530,0.4264,0.6946,-0.3027,-4.2949,3.9258,2.5156,other
1042553,0.4252,0.6935,-0.287,-4.6387,3.9922,2.5176,other
1042576,0.423,0.697,-0.2799,-5.1992,4.2676,2.0156,other
1042599,0.438,0.6971,-0.2778,-5.5625,4.4961,1.3691,other
1042622,0.4209,0.697,-0.282,-6.0234,4.8164,0.0625,other
1042645,0.4215,0.6926,-0.291,-6.3574,5.0391,-1.3867,other
1042668,0.402,0.7102,-0.2772,-6.5176,5.0879,-2.2695,other
1042691,0.3953,0.7377,-0.2673,-6.6934,4.9746,-3.2598,other
1042714,0.3923,0.7227,-0.2745,-6.7695,4.7988,-3.6309,other
1042737,0.4109,0.6931,-0.2916,-6.873,4.498,-3.7617,other
1042760,0.4167,0.6757,-0.3047,-7.082,4.2187,-3.5059,other
1042783,0.4043,0.6927,-0.2972,-7.3262,4.0234,-3.2012,other
1042806,0.3781,0.7251,-0.2701,-7.7773,3.7031,-2.6133,other
1042829,0.4261,0.733,-0.2456,-8.0117,3.5293,-2.1543,other
1042852,0.3893,0.7275,-0.276,-8.0645,3.377,-1.4082,other
1042875,0.4365,0.6909,-0.2786,-7.8711,3.2969,-0.6641,other
1042898,0.4083,0.7212,-0.243,-7.3594,2.9707,-0.2168,other
1042921,0.4265,0.7678,-0.3151,-6.8242,2.0566,0.3711,other
1042944,0.401,0.8065,-0.3563,-6.5781,1.0547,0.7539,other
1042967,0.4602,0.8192,-0.3782,-6.4121,-0.8242,1.4316,other
1042990,0.5072,0.7876,-0.408,-6.3711,-2.1309,2.0195,other
1043013,0.5417,0.7476,-0.5442,-6.1309,-3.8535,3.25,other
1043036,0.3735,0.7446,-0.3145,-4.9629,-4.9785,5.1465,other
1043059,0.3278,0.7031,-0.1633,-3.0977,-5.2148,6.9062,other
1043082,0.4058,0.6498,-0.1512,1.8945,-4.7031,10.1738,other
1043105,0.4713,0.619,-0.1953,6.5625,-3.9824,12.4609,other
1043128,0.4738,0.5996,-0.2852,14.5332,-3.0098,15.3613,other
1043151,0.4436,0.5856,-0.3502,21.8535,-2.9863,17.0449,other
1043174,0.4272,0.5919,-0.332,25.4766,-3.7617,17.4043,other
1043197,0.4153,0.6116,-0.2814,28.3574,-6.0566,16.9473,other
1043220,0.3792,0.6117,-0.3273,28.5938,-8.0937,16.1094,other
1043243,0.4067,0.61,-0.3348,26.9004,-11.3164,14.2227,other
1043266,0.4114,0.6053,-0.3251,24.832,-14.291,11.6211,other
1043289,0.4484,0.5957,-0.3402,21.1289,-15.6328,9.459,other
1043312,0.4683,0.597,-0.408,17.4922,-17.002,5.5898,other
1043335,0.453,0.6261,-0.4285,15.373,-17.3359,2.7168,other
1043358,0.3989,0.649,-0.4219,12.8047,-16.9063,-1.584,other
1043381,0.4021,0.6371,-0.4298,11.5137,-15.8945,-4.1035,other
1043404,0.4301,0.6283,-0.4535,10.1172,-13.0879,-6.8145,other
1043427,0.4564,0.6196,-0.4849,9.1777,-8.7715,-7.8711,other
1043450,0.4634,0.6066,-0.4943,8.6992,-5.2695,-7.6152,other
1043473,0.4648,0.6014,-0.4609,8.1484,0.3691,-5.9746,other
1043496,0.4666,0.6024,-0.4166,7.9355,4.0234,-4.2578,other
1043519,0.4679,0.5973,-0.3884,8.002,8.7461,-1.2461,other
1043542,0.5126,0.5695,-0.4087,8.6582,11.9961,1.5859,other
1043565,0.5455,0.5591,-0.4312,9.3965,13.0859,3.0078,other
1043588,0.5149,0.5691,-0.4205,10.7598,12.791,4.0527,other
1043611,0.4965,0.5718,-0.4299,11.7012,11.2598,3.957,other
1043634,0.4862,0.5839,-0.4597,12.9043,7.1738,2.7793,other
1043657,0.4646,0.6072,-0.4796,13.418,1.0039,0.8164,other
1043680,0.4066,0.5999,-0.4866,13.5566,-2.875,-0.6133,other
1043703,0.3839,0.5739,-0.4933,12.8359,-9.543,-2.5234,other
1043726,0.4143,0.5516,-0.4974,11.8906,-13.7715,-3.4844,other
1043749,0.3982,0.5608,-0.4845,9.8652,-19.4453,-4.3672,other
1043772,0.3678,0.5707,-0.4592,8.1973,-22.6328,-4.6152,other
1043795,0.3815,0.5635,-0.5077,5.3828,-26.168,-4.5977,other
1043818,0.4309,0.5704,-0.5449,2.3105,-27.9063,-4.291,other
1043841,0.4264,0.6031,-0.5432,0.1504,-28.0996,-4.0117,other
1043864,0.3726,0.6102,-0.5673,-3.1445,-27.1211,-3.5234,other
1043887,0.3767,0.5861,-0.5985,-5.25,-25.7129,-3.127,other
1043910,0.3752,0.5658,-0.5796,-7.9727,-22.7344,-2.3672,other
1043933,0.3716,0.5747,-0.5422,-9.7539,-19.2715,-1.3711,other
1043956,0.3961,0.5625,-0.5702,-10.1914,-17.1035,-0.5977,other
1043979,0.3616,0.5677,-0.5358,-9.543,-14.8535,0.6309,other
1044002,0.2815,0.5948,-0.4891,-8.2324,-14.4082,1.4375,other
1044025,0.3159,0.6028,-0.521,-5.0781,-15.5469,2.4805,other
1044048,0.4125,0.5977,-0.5369,-2.375,-18.5332,2.9473,other
1044071,0.4426,0.6128,-0.5266,2.0762,-22.4375,2.6738,other
1044094,0.3798,0.5872,-0.5198,6.2598,-29.3379,1.2363,other
1044117,0.2441,0.585,-0.5701,8.4863,-34.3926,-0.2227,other
1044140,0.1677,0.5599,-0.5911,10.4082,-41.0215,-2.4805,other
1044163,0.1971,0.5734,-0.5948,10.5059,-43.9414,-3.6152,other
1044186,0.2618,0.5732,-0.5963,8.7754,-45.3867,-4.4277,other
1044209,0.257,0.5592,-0.5979,5.0918,-43.6211,-4.2852,other
1044232,0.2303,0.5759,-0.5571,1.877,-41.1172,-3.8359,other
1044255,0.1908,0.5861,-0.6117,-3.4531,-36.1172,-2.875,other
1044278,0.2053,0.6019,-0.5941,-6.9883,-32.3926,-2.1484,other
1044301,0.2651,0.5769,-0.6332,-11.7324,-27.0156,-1.1563,other
1044324,0.3389,0.5784,-0.6191,-15.3281,-22.9023,-0.6387,other
1044347,0.2906,0.5664,-0.6376,-16.8867,-21.2949,-0.6836,other
1044370,0.2449,0.5909,-0.5853,-17.7383,-20.498,-1.2344,other
1044393,0.243,0.6783,-0.4491,-17.2168,-20.5938,-1.7266,other
1044416,0.1125,0.619,-0.4067,-14.8203,-20.75,-2.2832,other
1044439,0.3151,0.5333,-0.7893,-12.457,-20.5938,-2.252,other
1044462,0.3444,0.6628,-0.5331,-8.8633,-20.6133,-1.8379,other
1044485,0.2896,0.6306,-0.6121,-6.1445,-21.1855,-0.6641,other
1044508,0.0869,0.6211,-0.6182,-5.0312,-21.9219,0.5977,bite
1044531,0.068,0.6099,-0.6012,-4.3809,-23.1191,3.4805,bite
1044554,0.1494,0.6265,-0.5447,-4.4395,-23.5938,5.9805,bite
1044577,0.2305,0.6134,-0.5883,-4.8203,-23.5176,9.8496,bite
1044600,0.2344,0.5973,-0.6085,-5.2012,-22.7207,12.6562,bite
1044623,0.2098,0.5909,-0.6134,-5.3828,-21.8809,13.4336,bite
1044646,0.1675,0.5937,-0.6139,-5.5215,-20.0527,12.75,bite
1044669,0.2015,0.5946,-0.5959,-5.5156,-18.3457,11.2168,bite
1044692,0.2354,0.5924,-0.5848,-5.3359,-15.0312,7.7891,bite
1044715,0.2269,0.5867,-0.6075,-4.9687,-11.0937,3.6992,bite
1044738,0.1722,0.5842,-0.6167,-4.6641,-8.3457,1.0039,bite
1044761,0.1754,0.5898,-0.5737,-4.2207,-4.3809,-2.4277,bite
1044784,0.2158,0.5852,-0.5771,-3.9863,-2.0547,-4.084,bite
1044807,0.2114,0.5767,-0.6021,-3.8301,0.6074,-5.5039,bite
1044830,0.1982,0.5768,-0.6312,-3.9199,2.0391,-5.7559,bite
1044853,0.1824,0.5905,-0.5757,-4.3848,2.3086,-5.3887,bite
1044876,0.1887,0.5979,-0.5435,-5.1133,1.8672,-4.25,bite
1044899,0.2137,0.5823,-0.5874,-5.6367,1.1719,-3.2461,bite
1044922,0.2253,0.5793,-0.6464,-6.3926,-0.2187,-1.6152,bite
1044945,0.1871,0.5935,-0.6477,-6.8594,-1.2676,-0.5566,bite
1044968,0.1832,0.6239,-0.556,-7.3984,-2.8242,0.873,bite
1044991,0.2056,0.6367,-0.5349,-7.4785,-4.0859,2.0039,bite
1045014,0.2263,0.6324,-0.6057,-7.2129,-4.6289,2.5273,bite
1045037,0.2125,0.619,-0.6917,-6.5703,-4.8945,2.9219,bite
1045060,0.1798,0.6151,-0.7096,-6.2285,-4.7441,2.9492,bite
1045083,0.1803,0.6226,-0.5844,-6.1426,-4.2109,2.7305,bite
1045106,0.2031,0.606,-0.5236,-6.5195,-3.6133,2.2695,bite
1045129,0.2123,0.5802,-0.561,-6.8945,-3.3359,1.8359,bite
1045152,0.1664,0.5778,-0.5851,-7.5176,-3.2402,1.0469,bite
1045175,0.1531,0.583,-0.5955,-7.9531,-3.3828,0.498,bite
1045198,0.1528,0.5944,-0.5583,-8.584,-3.7988,-0.2383,bite
1045221,0.1686,0.6125,-0.493,-9.4199,-4.2812,-0.8262,bite
1045244,0.2045,0.6085,-0.5028,-9.1641,-4.5352,-1.1641,bite
1045267,0.2322,0.5856,-0.6068,-9.1348,-4.7148,-1.6484,bite
1045290,0.1943,0.5886,-0.653,-9.1152,-4.6934,-1.9434,bite
1045313,0.1519,0.6189,-0.5645,-9.2578,-4.4434,-2.2246,bite
1045336,0.1941,0.6305,-0.5216,-9.416,-4.1074,-2.2285,bite
1045359,0.2401,0.6249,-0.5831,-9.5195,-3.4316,-1.9414,bite
1045382,0.2036,0.6213,-0.6276,-9.3262,-2.793,-1.3887,bite
1045405,0.1479,0.6194,-0.6183,-9.0332,-2.4727,-0.9004,bite
1045428,0.1398,0.6199,-0.5818,-8.3535,-2.1172,0.0176,bite
1045451,0.1783,0.6211,-0.5404,-7.709,-1.9297,0.7168,bite
1045474,0.1981,0.6179,-0.5222,-6.4395,-1.748,1.7305,bite
1045497,0.1737,0.5953,-0.532,-4.9551,-1.7539,2.4883,bite
1045520,0.1334,0.5719,-0.6207,-4.0527,-1.8398,2.7949,bite
1045543,0.1991,0.5917,-0.6426,-3.1992,-2.0078,2.9707,bite
1045566,0.2367,0.6387,-0.5507,-3.0488,-2.1348,2.9141,bite
1045589,0.1456,0.6848,-0.5736,-3.2773,-2.3496,2.6562,bite
1045612,0.1962,0.6736,-0.554,-3.5625,-2.457,2.3535,bite
1045635,0.2115,0.6174,-0.4391,-3.9844,-2.4375,2.1816,bite
1045658,0.2109,0.5618,-0.5549,-4.4004,-2.3828,1.9531,bite
1045681,0.1404,0.5734,-0.6855,-4.7676,-2.4395,1.7734,bite
1045704,0.1677,0.5833,-0.6078,-5.5371,-2.6777,1.3828,bite
1045727,0.187,0.623,-0.4257,-6.1699,-2.8242,1.0176,bite
1045750,0.2081,0.6332,-0.5045,-7.1328,-2.75,0.3477,bite
1045773,0.202,0.6289,-0.6643,-7.8359,-1.9199,-0.3359,bite
1045796,0.1774,0.6151,-0.6519,-8.0098,-0.7969,-0.7207,bite
1045819,0.1658,0.5944,-0.5403,-7.6602,1.6016,-1.127,bite
1045842,0.1832,0.7073,-0.5836,-6.9551,3.4316,-1.2676,bite
1045865,0.1865,0.6711,-0.5056,-5.0527,6.0625,-1.2031,bite
1045888,0.1892,0.6121,-0.6078,-1.9941,8.0703,-0.6289,bite
1045911,0.1731,0.5873,-0.6395,0.6582,8.8457,0.1582,bite
1045934,0.1777,0.5935,-0.6881,5.3516,9.0391,2.125,bite
1045957,0.1489,0.6224,-0.611,8.7793,8.5645,4.0723,bite
1045980,0.2463,0.7596,-0.603,13.9102,7.1426,8.1328,bite
1046003,0.2493,0.8217,-0.6569,18.4922,5.2461,13.8066,bite
1046026,0.3834,0.7085,-1.0895,20.6094,4.2988,18.5273,bite
1046049,0.4886,0.6656,-0.9863,22.9629,4.7812,26.627,bite
1046072,0.4741,0.6052,-0.6553,24.4395,6.9297,32.3066,bite
1046095,0.5952,0.4762,-0.5701,28.1563,12.916,40.4707,bite
1046118,0.7061,0.3678,-0.6603,32.3516,18.1152,45.248,bite
1046141,0.6141,0.3196,-0.7019,41.3027,25.9707,50.9531,bite
1046164,0.4797,0.2908,-0.6597,52.3555,32.123,55.1387,bite
1046187,0.3882,0.2784,-0.6088,60.0762,34.8125,57.5781,bite
1046210,0.3401,0.2698,-0.5908,63.998,36.7598,61.5332,bite
1046233,0.3527,0.2723,-0.6167,63.998,36.9023,63.998,bite
1046256,0.3105,0.239,-0.7056,63.998,36.0059,63.998,bite
1046279,0.2891,0.2251,-0.697,63.998,34.9961,63.998,bite
1046302,0.408,0.1694,-0.7587,63.998,35.1133,63.998,bite
1046325,0.5587,0.0317,-0.7108,63.998,37.3301,63.998,bite
1046348,0.7795,-0.0985,-0.5934,63.998,40.1816,63.998,bite
1046371,0.9308,-0.2369,-0.5663,63.998,45.584,63.998,bite
1046394,0.948,-0.3198,-0.5603,63.998,50.4688,63.998,bite
1046417,0.8525,-0.3079,-0.4862,63.998,52.4297,63.998,bite
1046440,0.5684,-0.2692,-0.4746,63.998,52.6289,63.998,bite
1046463,0.298,-0.1929,-0.4227,62.8125,51.1055,63.998,bite
1046486,0.2168,-0.1665,-0.5118,60.6348,47.5137,63.998,bite
1046509,0.3091,-0.1641,-0.6545,59.1777,45.0039,63.998,other
1046532,0.577,-0.1545,-0.7288,55.7891,41.709,63.998,other
1046555,0.7811,-0.1652,-0.7765,49.8105,38.6465,63.998,other
1046578,0.9241,-0.2428,-0.7402,44.2188,36.2988,63.998,other
1046601,1.1085,-0.3124,-0.7146,34.0703,31.9355,63.998,other
1046624,1.1924,-0.3507,-0.7147,26.8555,28.4375,61.666,other
1046647,1.299,-0.371,-0.7954,16.7656,22.4648,45.4141,other
1046670,1.2844,-0.3888,-0.7876,8.9687,15.8789,29.5723,other
1046693,1.1831,-0.4272,-0.7028,5.6211,11.2559,20.9766,other
1046716,0.9851,-0.4651,-0.5205,3.8945,4.1816,13.332,other
1046739,0.8146,-0.5022,-0.3878,5.002,-0.4121,12.668,other
1046762,0.6687,-0.5166,-0.384,9.5098,-6.6758,18.8262,other
1046785,0.5991,-0.5027,-0.4233,15.8164,-12.0195,32.5605,other
1046808,0.5297,-0.484,-0.3855,19.791,-15.2812,44.6543,other
1046831,0.4437,-0.4856,-0.3723,23.6328,-20.1777,63.998,other
1046854,0.3186,-0.4833,-0.4365,24.0254,-23.5059,63.998,other
1046877,0.3719,-0.4924,-0.5422,20.6523,-28.2227,63.998,other
1046900,0.4144,-0.486,-0.6062,15.7305,-30.8574,63.998,other
1046923,0.338,-0.4578,-0.5431,4.9785,-33.5273,63.998,other
1046946,0.2969,-0.4561,-0.6025,-8.2227,-34.0098,63.998,other
1046969,0.3376,-0.4585,-0.7218,-17.373,-32.8711,63.998,other
1046992,0.4463,-0.4274,-0.7905,-30.3496,-29.0215,63.998,other
1047015,0.5332,-0.4535,-0.8662,-37.9316,-25.3027,63.998,other
1047038,0.5417,-0.4697,-0.8856,-46.9355,-18.7051,63.998,other
1047061,0.4733,-0.4785,-0.7742,-52.3613,-11.9395,63.998,other
1047084,0.3746,-0.5214,-0.7784,-53.6777,-7.834,62.4805,other
1047107,0.4098,-0.551,-0.777,-52.1035,-2.5996,53.459,other
1047130,0.4958,-0.5565,-0.7794,-48.9082,0.1855,49.0,other
1047153,0.4623,-0.5565,-0.7325,-41.6055,3.1191,44.6543,other
1047176,0.3706,-0.5577,-0.6277,-32.2656,4.6738,42.8125,other
1047199,0.3021,-0.5861,-0.7081,-25.4688,5.2969,42.7305,other
1047222,0.3683,-0.5984,-0.7825,-15.3711,6.2734,43.7754,other
1047245,0.4596,-0.5742,-0.7061,-9.2324,7.1406,44.8066,other
1047268,0.4502,-0.5503,-0.6328,-1.4785,8.6914,46.0957,other
1047291,0.3878,-0.5188,-0.6355,2.6504,9.8594,46.4766,other
1047314,0.2683,-0.4846,-0.6886,7.3906,12.0957,46.1055,other
1047337,0.3578,-0.5121,-0.813,10.5664,15.5273,44.5137,other
1047360,0.7187,-0.5625,-0.9388,11.9355,18.6152,42.6699,other
1047383,0.2433,-0.4067,-0.5778,13.4687,23.8809,38.6738,other
1047406,0.3732,-0.3881,-0.6472,14.7559,27.3984,35.2773,other
1047429,0.3254,-0.4033,-0.3918,17.6563,32.0371,28.9961,other
1047452,0.3372,-0.6263,-0.9827,20.9023,34.8965,20.8887,other
1047475,0.4747,-0.5875,-0.7585,22.3574,35.2754,14.2109,other
1047498,0.408,-0.5868,-0.733,23.0977,33.1465,2.0703,other
1047521,0.3928,-0.6281,-0.6588,23.0664,29.9414,-7.3301,other
1047544,0.3114,-0.6787,-0.5771,23.3613,22.6992,-22.8906,other
1047567,0.3525,-0.6869,-0.4269,25.0547,12.918,-39.6152,other
1047590,0.4164,-0.6669,-0.3929,27.0586,5.0605,-51.2012,other
1047613,0.4497,-0.6301,-0.391,30.5352,-8.9023,-64.0,other
1047636,0.4838,-0.5763,-0.413,32.2168,-19.6523,-64.0,other
1047659,0.6045,-0.4869,-0.423,31.834,-37.502,-64.0,other
1047682,0.673,-0.344,-0.52,28.5449,-50.1758,-64.0,other
1047705,0.745,-0.2697,-0.6376,17.584,-64.0,-64.0,other
1047728,0.7288,-0.1979,-0.7156,-1.1758,-64.0,-64.0,other
1047751,0.6967,-0.1101,-0.7825,-17.4336,-64.0,-64.0,other
1047774,0.6611,0.0298,-0.7439,-45.2949,-64.0,-64.0,other
1047797,0.663,0.171,-0.7054,-64.0,-64.0,-64.0,other
1047820,0.6339,0.2198,-0.9323,-64.0,-64.0,-64.0,other
1047843,0.551,0.1902,-1.1825,-64.0,-64.0,-64.0,other
1047866,0.5385,0.2705,-0.9272,-64.0,-64.0,-64.0,other
1047889,0.5542,0.3693,-0.6776,-64.0,-58.2207,-64.0,other
1047912,0.515,0.4203,-0.6317,-64.0,-38.7227,-64.0,other
1047935,0.4462,0.4095,-0.7449,-64.0,-9.7832,-64.0,other
1047958,0.4783,0.3663,-0.7852,-64.0,16.3535,-64.0,other
1047981,0.5273,0.3947,-0.7166,-64.0,31.1973,-59.2051,other
1048004,0.5291,0.4198,-0.625,-64.0,48.4512,-43.3652,other
1048027,0.5055,0.4243,-0.6366,-64.0,56.3105,-34.7246,other
1048050,0.504,0.4281,-0.7084,-64.0,62.7539,-25.4141,other
1048073,0.46,0.4614,-0.714,-64.0,63.7715,-20.5938,other
1048096,0.4542,0.4901,-0.6527,-64.0,61.0996,-19.5957,other
1048119,0.4811,0.49,-0.6082,-64.0,54.543,-20.7031,other
1048142,0.5356,0.4976,-0.5746,-64.0,48.6934,-22.7246,other
1048165,0.5485,0.5298,-0.5177,-64.0,38.6484,-26.8848,other
1048188,0.5693,0.5367,-0.5575,-59.748,31.6602,-29.9199,other
1048211,0.5461,0.5056,-0.6586,-50.7344,21.7051,-33.9395,other
1048234,0.5629,0.5461,-0.6472,-41.8516,13.3047,-36.1797,other
1048257,0.5295,0.573,-0.5638,-36.252,8.8867,-36.1504,other
1048280,0.486,0.5842,-0.3912,-28.2832,4.209,-33.4492,other
1048303,0.4473,0.5657,-0.3644,-23.0996,2.4453,-29.9902,other
1048326,0.3699,0.5548,-0.3408,-15.418,1.7754,-23.0918,other
1048349,0.4828,0.542,-0.3511,-8.2812,3.1074,-15.7012,other
1048372,0.5627,0.5284,-0.3634,-4.291,4.6504,-11.5078,other
1048395,0.6372,0.5269,-0.3805,-0.2324,7.0566,-7.5332,other
1048418,0.6677,0.5144,-0.4435,0.8418,8.3145,-6.6738,other
1048441,0.5363,0.5615,-0.3484,-0.2324,9.3613,-7.4785,other
1048464,0.3378,0.5935,-0.5959,-2.5898,9.6465,-9.125,other
1048487,0.5219,0.6338,-0.5886,-7.873,10.123,-9.7715,other
1048510,0.7124,0.6376,-0.4586,-13.8086,11.082,-9.4668,other
1048533,0.6532,0.5955,-0.339,-17.2188,11.8203,-8.4687,other
1048556,0.6124,0.5177,-0.3739,-20.6094,12.6719,-6.0371,other
1048579,0.4978,0.467,-0.5105,-21.6582,12.9844,-3.8242,other
1048602,0.4423,0.4841,-0.558,-21.9883,13.1074,0.4883,other
1048625,0.5284,0.5071,-0.5216,-21.709,12.7187,5.9082,other
1048648,0.6134,0.4897,-0.4601,-21.4922,11.918,9.8242,other
1048671,0.5907,0.4851,-0.4011,-21.1934,9.375,15.4316,other
1048694,0.5349,0.5164,-0.4467,-20.9297,6.6523,18.6426,other
1048717,0.5284,0.5287,-0.5615,-20.1895,1.4375,22.3574,other
1048740,0.474,0.5554,-0.4927,-18.7871,-4.2109,24.709,other
1048763,0.499,0.6368,-0.354,-17.3711,-7.7324,25.5684,other
1048786,0.5397,0.6353,-0.4445,-14.4141,-12.0488,25.8027,other
1048809,0.4633,0.668,-0.4006,-12.0254,-13.8945,25.1738,other
1048832,0.5225,0.6599,-0.4692,-8.252,-14.5039,22.959,other
1048855,0.6222,0.6647,-0.3805,-5.8496,-13.4238,19.3828,other
1048878,0.593,0.6622,-0.2994,-2.4629,-9.8125,16.4805,other
1048901,0.5898,0.7123,-0.4164,1.1211,-4.4395,11.8008,other
1048924,0.7025,0.7645,-0.4171,3.8711,-0.6465,8.6699,other
1048947,0.676,0.7239,-0.431,8.4492,3.9727,4.1035,other
1048970,0.6777,0.6456,-0.4425,11.4453,6.0254,1.1797,other
1048993,0.6615,0.5118,-0.5973,15.0039,7.8809,-2.8262,other
1049016,0.6521,0.4263,-0.674,16.4785,9.0137,-5.7441,other
1049039,0.5591,0.3967,-0.5643,16.1191,9.6289,-6.5918,other
1049062,0.4678,0.3964,-0.4449,14.1641,10.4844,-5.5312,other
1049085,0.4457,0.3478,-0.4735,12.5586,11.0117,-3.1367,other
1049108,0.5007,0.2872,-0.5704,10.6328,11.5312,2.4863,other
1049131,0.4587,0.2352,-0.6255,9.7988,11.0605,9.0879,other
1049154,0.4449,0.2167,-0.6438,9.9414,9.8008,13.0371,other
1049177,0.3639,0.2281,-0.5309,11.3047,6.0039,16.9395,other
1049200,0.3594,0.2404,-0.3774,13.0566,2.084,17.623,other
1049223,0.532,0.2271,-0.4038,16.918,-5.7109,15.1543,other
1049246,0.5946,0.2667,-0.5321,19.9922,-15.5547,8.3516,other
1049269,0.476,0.355,-0.5626,24.2754,-23.1719,1.8145,other
1049292,0.3502,0.4397,-0.5187,26.8398,-35.5547,-9.6074,other
1049315,0.4249,0.4684,-0.5178,27.1582,-43.748,-17.3809,other
1049338,0.5603,0.5126,-0.5504,25.3457,-54.7676,-28.0625,other
1049361,0.5054,0.5549,-0.5343,22.6328,-60.8184,-34.0332,other
1049384,0.3413,0.5795,-0.4967,16.5762,-64.0,-40.5078,other
1049407,0.3109,0.5946,-0.5408,8.7305,-64.0,-43.2793,other
1049430,0.4094,0.5951,-0.6392,2.8613,-64.0,-42.9941,other
1049453,0.4478,0.5874,-0.6647,-6.4121,-61.7891,-40.0039,other
1049476,0.4807,0.6055,-0.608,-12.5625,-56.4043,-36.9277,other
1049499,0.3199,0.6125,-0.6063,-20.998,-47.6523,-31.668,other
1049522,0.1932,0.6127,-0.6327,-27.5898,-39.5371,-26.2305,other
1049545,0.1659,0.6174,-0.5358,-30.6152,-34.9805,-22.6328,other
1049568,0.3169,0.6028,-0.5105,-32.9629,-29.9023,-17.5293,other
1049591,0.4178,0.551,-0.6779,-33.2793,-27.959,-14.5625,other
1049614,0.2853,0.5795,-0.8196,-32.7012,-27.5977,-11.0098,other
1049637,0.0753,0.6948,-0.6545,-32.0273,-29.9531,-8.252,other
1049660,0.3187,0.6243,-0.6461,-30.7188,-32.4258,-6.584,other
1049683,0.2886,0.6323,-0.5642,-28.9121,-36.3184,-4.1113,other
1049706,0.2313,0.6268,-0.5399,-27.3926,-38.6211,-2.4805,other
1049729,0.1813,0.579,-0.6002,-24.7012,-41.0898,-0.252,other
1049752,0.1951,0.5222,-0.5963,-22.7383,-41.9355,0.8984,other
1049775,0.1696,0.5128,-0.5232,-19.8145,-42.0039,1.8262,other
1049798,0.2268,0.5867,-0.4854,-17.1777,-40.6758,1.6152,other
1049821,0.2329,0.6404,-0.6462,-15.6543,-38.9141,0.8477,other
1049844,0.1997,0.7328,-0.8057,-13.6875,-34.5039,-1.1563,other
1049867,0.0311,0.5881,-0.5665,-12.5586,-30.3398,-2.998,other
1049890,0.1986,0.6199,-0.5618,-11.2715,-22.8262,-6.3105,other
1049913,0.1833,0.6372,-0.7153,-10.8008,-14.459,-9.6992,other
1049936,0.2067,0.5981,-0.5736,-11.0488,-8.6719,-11.5898,other
1049959,0.217,0.6318,-0.4762,-12.1953,-0.3848,-13.502,other
1049982,0.1227,0.6262,-0.6237,-13.3281,4.3477,-14.1934,other
1050005,0.0632,0.6299,-0.6344,-15.2383,9.7676,-14.6875,other
1050028,-0.0441,0.6575,-0.5199,-16.4355,13.0391,-15.0273,other
1050051,0.4509,0.5983,-0.5144,-17.7578,13.9395,-15.4707,other
1050074,0.152,0.6406,-0.5571,-18.1777,13.0684,-16.9141,other
1050097,0.0996,0.6263,-0.6783,-17.8516,11.043,-18.4531,other
1050120,0.011,0.6406,-0.5126,-16.4238,6.375,-21.3203,other
1050143,0.0912,0.6572,-0.5798,-14.9219,2.5723,-23.293,other
1050166,0.0381,0.6357,-0.5714,-12.0723,-3.1777,-25.7324,other
1050189,0.127,0.6327,-0.6021,-8.877,-7.2793,-26.7441,other
1050212,0.1151,0.6479,-0.5458,-6.8105,-8.2246,-26.2324,other
1050235,-0.048,0.6606,-0.5316,-4.2129,-6.4297,-23.4766,other
1050258,0.038,0.6637,-0.6427,-2.998,-3.2617,-20.498,other
1050281,0.0649,0.6631,-0.5587,-2.0859,3.5449,-15.123,other
1050304,0.0859,0.679,-0.5074,-2.2344,11.1719,-9.9785,other
1050327,0.1215,0.6128,-0.611,-2.8418,15.6973,-7.4824,other
1050350,0.1931,0.6108,-0.4893,-4.3555,20.3516,-6.1875,other
1050373,0.3262,0.6687,-0.4767,-5.6094,21.6035,-7.1523,other
1050396,0.066,0.6377,-0.5862,-7.4844,20.7578,-10.6035,other
1050419,0.0853,0.6497,-0.6068,-8.5234,17.668,-14.709,other
1050442,0.2769,0.5967,-0.5408,-9.543,15.0254,-16.9063,other
1050465,0.348,0.6525,-0.4498,-9.8027,10.9023,-18.4766,other
1050488,0.1011,0.677,-0.5908,-9.5195,8.3828,-18.1094,other
1050511,-0.281,0.6934,-0.5472,-8.459,5.4609,-15.4199,other
1050534,0.1257,0.65,-0.5718,-7.4082,4.2148,-12.4238,other
1050557,0.2029,0.6715,-0.5304,-5.5391,3.3145,-6.9961,other
1050580,-0.0066,0.6469,-0.5536,-3.7266,3.3359,-1.7305,other
1050603,0.0604,0.6454,-0.5885,-2.7676,3.7129,1.1406,other
1050626,0.219,0.6383,-0.5016,-1.7969,4.5937,4.1348,other
1050649,0.2129,0.6592,-0.5183,-1.3809,5.2207,5.2109,other
1050672,0.0916,0.6407,-0.5916,-0.8594,5.7812,5.2793,other
1050695,0.0,0.6422,-0.5964,-0.25,5.2539,3.1074,other
1050718,0.0304,0.6562,-0.588,0.2109,4.0664,0.3574,other
1050741,0.0867,0.6163,-0.5394,0.7793,1.1855,-5.1309,other
1050764,0.0536,0.6538,-0.488,0.8984,-1.0645,-8.9883,other
1050787,0.1793,0.6545,-0.5714,0.6621,-3.9668,-13.5879,other
1050810,0.1637,0.6432,-0.5604,0.3809,-5.457,-15.416,other
1050833,-0.0042,0.6484,-0.5364,0.0039,-5.5918,-14.8672,other
1050856,-0.1259,0.6251,-0.6041,-0.2246,-4.8887,-11.9414,other
1050879,-0.1478,0.6354,-0.7434,-0.1641,-3.9258,-9.2168,other
1050902,0.1022,0.5956,-0.5527,0.6484,-1.2695,-5.3984,other
1050925,0.6567,0.7205,-0.3889,1.8652,1.8398,-3.9824,other
1050948,0.0337,0.6741,-0.6365,4.6191,8.8418,-4.5332,other
1050971,0.0093,0.6235,-0.6332,7.6641,17.2383,-7.623,other
1050994,0.1111,0.631,-0.5861,9.2324,22.3203,-10.2148,other
1051017,0.156,0.6201,-0.5479,10.1914,27.6797,-13.7891,other
1051040,0.1169,0.5745,-0.6703,9.7305,29.3242,-15.6055,other
1051063,0.0275,0.5839,-0.5691,7.7187,29.0078,-17.377,other
1051086,-0.0887,0.6017,-0.668,5.375,26.6719,-18.2656,other
1051109,0.1282,0.6128,-0.629,4.375,24.9199,-18.666,other
1051132,0.1392,0.6478,-0.5475,4.5098,23.0723,-19.6563,other
1051155,0.2722,0.6892,-0.4792,5.8887,22.9414,-20.8633,other
1051178,0.2579,0.6523,-0.5652,9.75,25.3984,-23.457,other
1051201,0.2187,0.636,-0.6422,14.6328,31.8535,-26.1992,other
1051224,0.2971,0.5804,-0.5481,18.3789,38.4023,-27.4434,other
1051247,0.2455,0.5919,-0.5331,22.4902,50.7832,-27.4238,other
1051270,0.181,0.6027,-0.5925,23.9844,60.0313,-25.6855,other
1051293,0.2777,0.5956,-0.5952,23.8164,63.998,-20.1543,other
1051316,0.3199,0.5712,-0.5874,22.0215,63.998,-14.6953,other
1051339,0.1891,0.6012,-0.6082,17.0059,63.998,-4.6992,other
1051362,0.0753,0.6454,-0.6128,9.8516,63.998,6.0195,other
1051385,0.415,0.6348,-0.5249,4.4141,63.998,12.6738,other
1051408,0.4553,0.6272,-0.4669,-3.9473,63.998,20.6094,other
1051431,0.4156,0.6345,-0.6412,-9.3301,63.998,24.0723,other
1051454,0.3021,0.6901,-0.5861,-16.8242,60.8789,26.5645,other
1051477,0.3611,0.6764,-0.4615,-23.2461,44.7539,26.7988,other
1051500,0.4724,0.6053,-0.4194,-26.6504,34.9531,26.3867,other
1051523,0.4703,0.5796,-0.4834,-30.1074,23.0898,25.7813,other
1051546,0.4825,0.5747,-0.5388,-31.2344,17.5352,25.7617,other
1051569,0.5172,0.5376,-0.4944,-31.2324,12.877,26.7656,other
1051592,0.3813,0.462,-0.3822,-29.2148,12.2363,29.2676,other
1051615,0.4032,0.3932,-0.2902,-27.3438,13.8789,31.7051,other
1051638,0.4703,0.3549,-0.3529,-23.1953,19.1016,35.916,other
1051661,0.4664,0.3762,-0.4521,-20.0313,23.9453,38.4883,other
1051684,0.4064,0.427,-0.3951,-15.2871,31.8945,40.8613,other
1051707,0.407,0.4862,-0.2631,-12.4199,36.7676,40.8906,other
1051730,0.6653,0.5291,-0.3164,-8.8555,42.2793,37.8926,other
1051753,0.6119,0.5679,-0.3828,-6.4258,44.7363,30.8926,other
1051776,1.35,0.6121,-0.9823,-5.5527,44.4805,24.2148,other
1051799,0.161,0.744,-0.0927,-5.0547,41.4727,12.5117,other
1051822,0.6685,0.6298,-0.5024,-4.6738,38.5,4.8672,other
1051845,0.465,0.6573,-0.3263,-3.3008,33.8633,-4.5195,other
1051868,0.5459,0.6276,-0.4044,-0.8613,29.0254,-10.5078,other
1051891,0.4996,0.6201,-0.358,1.0547,25.1133,-12.7422,other
1051914,0.5586,0.594,-0.4523,3.5449,17.0898,-14.2559,other
1051937,0.5541,0.6285,-0.5284,4.4258,9.8672,-14.5215,other
1051960,0.524,0.6404,-0.5408,4.0039,-3.709,-14.3379,other
1051983,0.5063,0.6383,-0.4862,1.6523,-19.2734,-13.6719,other
1052006,0.5094,0.5839,-0.5043,-0.5098,-29.7266,-12.9629,other
1052029,0.4768,0.5065,-0.5892,-3.6797,-44.0781,-11.4512,other
1052052,0.4391,0.4283,-0.5745,-5.2051,-52.0996,-10.1348,other
1052075,0.3856,0.3715,-0.4999,-5.7969,-61.0645,-7.7422,other
1052098,0.2996,0.3441,-0.5217,-4.7207,-64.0,-5.9102,other
1052121,0.1897,0.3763,-0.5001,-0.7656,-64.0,-2.8613,other
1052144,0.238,0.4462,-0.4608,5.502,-64.0,0.3379,other
1052167,0.3074,0.5002,-0.5513,10.4004,-64.0,2.2715,other
1052190,0.3092,0.5609,-0.6082,17.6289,-64.0,4.2832,other
1052213,0.3351,0.6555,-0.5945,21.666,-64.0,4.7383,other
1052236,0.411,0.6486,-0.5819,25.5762,-64.0,3.8984,other
1052259,0.4564,0.6377,-0.7045,25.9512,-64.0,1.3984,other
1052282,0.3303,0.6281,-0.7247,23.8711,-64.0,-0.8848,other
1052305,0.1515,0.5743,-0.6339,17.4375,-64.0,-4.4453,other
1052328,0.152,0.5381,-0.5131,11.4727,-64.0,-6.4102,other
1052351,0.3015,0.5437,-0.4954,1.3633,-51.9238,-8.2559,other
1052374,0.3291,0.5718,-0.6792,-8.5566,-37.6855,-8.9199,other
1052397,0.2627,0.5962,-0.712,-14.416,-28.5195,-8.9844,other
1052420,0.2069,0.5634,-0.6335,-21.4531,-16.5352,-8.9883,other
1052443,0.2988,0.4926,-0.6586,-24.8223,-10.2695,-9.1816,other
1052466,0.0767,0.4932,-0.5542,-27.9629,-3.4805,-10.0898,other
1052489,0.2385,0.6256,-0.4564,-28.9375,-0.0996,-11.1699,other
1052512,0.254,0.7681,-0.71,-29.2148,4.0859,-13.3223,other
1052535,0.2178,0.6083,-0.6965,-28.8535,7.2285,-15.6387,other
1052558,0.163,0.5912,-0.5107,-28.5977,8.498,-16.9727,other
1052581,0.2433,0.6775,-0.5983,-28.3535,8.9473,-18.2539,other
1052604,0.208,0.6271,-0.5184,-28.2402,8.3848,-18.4648,other
1052627,0.3055,0.6243,-0.5399,-27.9492,6.752,-17.7168,other
1052650,0.1289,0.6455,-0.5018,-27.1875,5.2715,-15.7539,other
1052673,0.2501,0.6486,-0.5559,-26.2148,5.3164,-13.8496,other
1052696,0.3123,0.6241,-0.5234,-24.0176,7.8047,-10.2852,other
1052719,0.2163,0.6299,-0.5345,-22.2461,11.0547,-7.5918,other
1052742,0.2987,0.6519,-0.4626,-19.5762,17.8477,-3.4121,other
1052765,0.3116,0.6473,-0.4603,-17.3164,25.666,0.4746,other
1052788,0.312,0.6488,-0.5219,-16.2207,30.4922,2.6738,other
1052811,0.29,0.6508,-0.5012,-15.3887,35.7754,5.1191,other
1052834,0.3248,0.6479,-0.5017,-15.4199,37.5703,6.0879,other
1052857,0.3284,0.6337,-0.5276,-16.2715,37.6719,6.502,other
1052880,0.2948,0.6749,-0.4084,-17.2793,36.127,5.6035,other
1052903,0.287,0.6787,-0.4188,-19.1875,31.6406,4.5781,other
1052926,0.2739,0.6794,-0.4769,-21.1113,25.2539,2.0781,other
1052949,0.2715,0.6807,-0.4445,-22.1504,20.3965,-0.0078,other
1052972,0.2789,0.6805,-0.4512,-23.1426,12.7949,-3.4531,other
1052995,0.3135,0.6573,-0.4584,-23.4043,7.7891,-5.6992,other
1053018,0.3682,0.6626,-0.4226,-23.2969,0.8496,-8.4687,other
1053041,0.3185,0.6602,-0.3813,-22.8359,-4.709,-9.8652,other
1053064,0.22,0.7183,-0.389,-22.4902,-7.2227,-9.6816,other
1053087,0.2063,0.764,-0.4098,-22.043,-8.7227,-7.4648,other
1053110,0.3834,0.687,-0.2798,-21.8066,-8.1641,-4.8633,other
1053133,0.283,0.7126,-0.439,-21.5762,-5.3926,-0.0664,other
1053156,0.1057,0.6683,-0.536,-21.5605,-0.9805,4.6484,other
1053179,0.1185,0.7246,-0.4561,-21.6543,2.4277,7.2324,other
1053202,0.2852,0.7384,-0.3523,-21.6621,6.9961,9.6875,other
1053225,0.4003,0.6621,-0.3373,-21.2168,8.5937,9.9043,other
1053248,0.3025,0.6989,-0.448,-19.1602,7.1172,7.0762,other
1053271,0.4158,0.7485,-0.3568,-16.6172,3.2324,-0.2344,other
1053294,0.1321,0.7173,-0.4015,-11.166,-6.0625,-6.7031,other
1053317,0.175,0.6899,-0.4886,-4.6191,-16.9258,-17.4551,other
1053340,0.3134,0.6986,-0.3607,-0.3164,-23.3711,-23.7383,other
1053363,0.2887,0.7139,-0.467,5.1543,-30.0957,-29.9395,other
1053386,0.1071,0.6759,-0.4446,7.8437,-32.293,-31.4316,other
1053409,0.1158,0.7318,-0.5018,10.3398,-32.4004,-29.8535,other
1053432,0.2894,0.7075,-0.4052,11.1875,-29.1191,-24.6074,other
1053455,0.2501,0.7126,-0.4508,10.9961,-25.2363,-19.7559,other
1053478,0.095,0.663,-0.501,9.8008,-17.3555,-11.625,other
1053501,0.1819,0.6765,-0.5092,8.5293,-11.252,-6.2637,other
1053524,-0.0403,0.7463,-0.4338,6.2305,-2.2305,0.8184,other
1053547,0.4331,0.6792,-0.4528,4.0859,4.5391,5.6816,other
1053570,0.3267,0.6768,-0.4468,3.1152,6.6855,7.0137,other
1053593,0.0798,0.7009,-0.5693,2.6426,5.7402,5.7891,other
1053616,0.1218,0.679,-0.4398,2.9434,2.9473,3.2734,other
1053639,0.25,0.6725,-0.4518,3.9902,-2.6191,-1.584,other
1053662,0.2761,0.6562,-0.4783,4.8496,-6.2109,-6.0645,other
1053685,0.2024,0.6649,-0.4714,6.0332,-10.3086,-8.2363,other
1053708,0.0651,0.7225,-0.5691,6.8125,-12.3047,-9.8066,other
1053731,0.1938,0.6886,-0.4612,6.9941,-12.2969,-9.5488,other
1053754,0.2964,0.6724,-0.5062,6.6719,-10.2363,-7.1758,other
1053777,0.337,0.6937,-0.4646,6.0586,-7.7402,-4.5254,other
1053800,0.1385,0.6876,-0.5215,4.6289,-3.1445,0.334,other
1053823,0.075,0.6855,-0.4648,2.7715,1.3711,5.3926,other
1053846,0.1088,0.6725,-0.5466,1.4434,3.7598,8.4395,other
1053869,0.1428,0.7428,-0.4867,-0.377,5.6152,11.873,other
1053892,0.019,0.7246,-0.5598,-1.2617,5.332,12.9941,other
1053915,0.3008,0.6371,-0.4869,-1.793,2.4609,12.2227,other
1053938,0.3568,0.6807,-0.4227,-1.2285,-3.1523,8.0,other
1053961,0.339,0.7726,-0.4749,-0.293,-7.9922,3.5801,other
1053984,0.4915,0.7435,-0.3309,1.6914,-15.3906,-3.7852,other
1054007,0.5856,0.734,-0.3877,3.0898,-19.2773,-7.8301,other
1054030,0.3929,0.6744,-0.3225,4.4395,-21.5234,-10.0742,other
1054053,-0.0309,0.6117,-0.53,4.2246,-19.4941,-5.0723,other
1054076,-0.3639,0.6111,-0.7689,1.3574,-9.8633,3.0137,other
1054099,-0.0817,0.6765,-0.6576,-4.416,6.9707,20.9844,other
1054122,0.4639,0.7074,-0.5935,-8.8652,20.1699,34.6465,other
1054145,0.629,0.74,-0.505,-13.9102,38.1914,52.6738,other
1054168,0.542,0.7383,-0.5018,-14.791,46.7871,60.666,other
1054191,0.4797,0.734,-0.5557,-11.0352,53.2598,63.998,other
1054214,0.3921,0.6843,-0.5891,-1.3926,53.3535,61.0469,other
1054237,0.3862,0.5961,-0.5278,7.4375,51.2598,55.4453,other
1054260,0.4507,0.506,-0.4894,22.3496,46.7988,45.0547,other
1054283,0.4545,0.4526,-0.4333,32.2168,43.627,37.9531,other
1054306,0.3821,0.4199,-0.3906,45.1172,39.0117,28.291,other
1054329,0.3806,0.3629,-0.4102,54.1152,34.5898,20.4785,other
1054352,0.4147,0.335,-0.4796,57.3145,31.5977,16.3027,other
1054375,0.3995,0.3116,-0.5834,57.4336,26.5332,11.1953,other
1054398,0.3479,0.3285,-0.5958,54.4336,22.373,8.2539,other
1054421,0.3531,0.3693,-0.5226,46.1035,14.3457,4.0254,other
1054444,0.553,0.3872,-0.4956,38.8301,7.5625,-0.5566,other
1054467,0.6238,0.411,-0.6501,26.8965,-5.1328,-4.0156,other
1054490,0.3884,0.4866,-0.6938,15.1445,-20.9531,-9.5078,other
1054513,0.2111,0.5505,-0.6543,7.9746,-32.5723,-12.791,other
1054536,0.2452,0.577,-0.6694,-1.1016,-49.498,-16.0215,other
1054559,0.276,0.5514,-0.7725,-5.7988,-59.3125,-16.707,other
1054582,0.3566,0.6104,-0.8082,-10.7734,-64.0,-15.6719,other
1054605,0.2108,0.598,-0.6825,-13.6328,-64.0,-12.9082,other
1054628,0.1561,0.6313,-0.6412,-14.7637,-64.0,-10.6016,other
1054651,0.2615,0.5902,-0.6433,-15.959,-64.0,-7.0957,other
1054674,0.3231,0.5396,-0.7112,-16.6602,-64.0,-5.0234,other
1054697,0.2006,0.5052,-0.8284,-17.6875,-64.0,-2.5762,other
1054720,0.1196,0.5968,-0.5105,-18.4531,-53.7578,-0.7695,other
1054743,0.1365,0.563,-0.4316,-18.5,-45.8027,0.25,other
1054766,0.2351,0.5209,-0.6025,-17.5938,-36.1035,1.4922,other
1054789,0.2284,0.4819,-0.7168,-16.5098,-31.5625,1.9805,other
1054812,0.1089,0.524,-0.7308,-14.9375,-27.6191,2.0176,other
1054835,0.0645,0.6061,-0.5309,-14.4004,-26.0078,1.291,other
1054858,0.202,0.6179,-0.7153,-14.75,-25.75,0.4687,other
1054881,0.2502,0.5927,-0.6385,-16.2832,-24.0313,-1.2559,other
1054904,0.2535,0.5276,-0.6165,-17.668,-21.4883,-2.709,other
1054927,0.1909,0.552,-0.593,-19.9219,-15.4805,-5.0684,other
1054950,0.0809,0.6302,-0.5836,-21.4531,-10.6465,-6.4531,other
1054973,0.2006,0.6777,-0.5884,-23.7305,-3.582,-7.7109,other
1054996,0.2308,0.6348,-0.5895,-25.6836,2.2031,-7.7578,other
1055019,0.2263,0.5583,-0.6011,-26.5469,5.1445,-7.2051,other
1055042,0.145,0.5424,-0.5905,-26.9531,8.0566,-5.8086,other
1055065,0.1589,0.6056,-0.5614,-26.709,8.8828,-4.7012,other
1055088,0.1747,0.6724,-0.5596,-25.9688,8.3652,-3.1074,other
1055111,0.1848,0.6971,-0.5364,-25.2461,6.166,-1.9277,other
1055134,0.1909,0.653,-0.5651,-24.8906,4.2012,-1.4785,other
1055157,0.1345,0.6049,-0.5842,-24.4395,1.1523,-1.3008,other
1055180,0.144,0.5934,-0.5925,-24.0996,-0.7246,-1.4375,other
1055203,0.1748,0.6454,-0.491,-23.5293,-3.3984,-1.8828,other
1055226,0.1531,0.6735,-0.5204,-23.1348,-6.2852,-2.4492,other
1055249,0.151,0.6559,-0.5937,-22.5195,-8.2363,-2.8145,other
1055272,0.1541,0.6613,-0.5269,-21.8867,-10.8066,-3.2539,other
1055295,0.1525,0.6965,-0.4995,-21.4277,-12.0469,-3.4414,other
1055318,0.1329,0.7283,-0.5367,-20.5918,-13.0039,-3.543,other
1055341,0.1448,0.7166,-0.5273,-19.873,-12.9941,-3.4883,other
1055364,0.1536,0.7084,-0.517,-18.457,-11.959,-3.2207,other
1055387,0.1066,0.7257,-0.5071,-16.6055,-9.5332,-2.7207,other
1055410,0.1663,0.7,-0.5833,-15.1211,-7.0547,-2.2734,other
1055433,0.2043,0.6833,-0.5929,-12.4883,-2.1953,-1.5508,other
1055456,0.1729,0.6683,-0.5839,-10.4141,1.6152,-1.1289,other
1055479,0.2112,0.6165,-0.5769,-6.6602,7.8965,-0.6895,other
1055502,0.1631,0.6104,-0.536,-1.9355,14.627,-0.5117,other
1055525,0.0337,0.6246,-0.4834,1.793,19.3125,-0.4844,other
1055548,0.0848,0.5879,-0.5281,8.0488,26.5566,-0.5039,other
1055571,0.2643,0.5636,-0.5438,12.3301,31.166,-0.6484,other
1055594,0.3369,0.5609,-0.4639,18.123,36.5527,-1.4355,other
1055617,0.3706,0.5513,-0.5087,21.1348,38.5469,-3.2051,other
1055640,0.2494,0.5726,-0.4503,23.75,38.7813,-4.7754,other
1055663,0.1895,0.5879,-0.4834,23.5977,36.0391,-6.9199,other
1055686,0.1917,0.5964,-0.5352,21.8359,32.9668,-7.6758,other
1055709,0.238,0.5974,-0.5662,16.7676,27.0215,-7.248,other
1055732,0.2581,0.6189,-0.5491,11.998,22.3555,-5.9277,other
1055755,0.2463,0.6362,-0.5238,3.4922,14.584,-2.8203,other
1055778,0.228,0.6432,-0.5636,-5.4746,6.2891,0.9766,other
1055801,0.1973,0.6482,-0.5537,-11.0879,0.7578,3.5391,other
1055824,0.2365,0.6483,-0.5748,-18.2012,-6.8887,6.9668,other
1055847,0.244,0.6666,-0.5663,-21.752,-11.1777,8.7559,other
1055870,0.2019,0.6887,-0.538,-24.9844,-15.9707,10.4805,other
1055893,0.1652,0.7059,-0.5328,-25.6367,-18.4375,11.0293,other
1055916,0.173,0.7457,-0.5718,-24.7578,-18.6777,10.8125,other
1055939,0.2203,0.8032,-0.6028,-21.8828,-16.9512,9.75,other
1055962,0.2257,0.7877,-0.6808,-19.2148,-14.5371,8.6133,other
1055985,0.244,0.7153,-0.6637,-14.4668,-9.3437,6.3301,other
1056008,0.2773,0.6354,-0.6036,-10.8691,-2.6797,3.3945,other
1056031,0.25,0.5806,-0.4769,-4.6914,2.2754,1.1445,other
1056054,0.2341,0.5145,-0.3784,2.6484,10.0605,-2.4062,other
1056077,0.2318,0.4724,-0.375,8.1426,15.3984,-4.6934,other
1056100,0.2919,0.4392,-0.4244,16.6563,23.5469,-7.707,other
1056123,0.3811,0.4496,-0.5142,21.8711,28.8984,-9.3437,other
1056146,0.3016,0.5377,-0.5895,27.8184,36.084,-11.1328,other
1056169,0.2266,0.6395,-0.5769,30.6289,41.3457,-11.8887,other
1056192,0.1906,0.6554,-0.5615,30.8047,43.6133,-11.7148,other
1056215,0.307,0.6917,-0.3165,29.1914,45.0313,-10.5605,other
1056238,0.4329,0.6007,-0.5438,27.1758,44.3125,-9.4355,other
1056261,0.3583,0.613,-0.6642,22.6543,40.1191,-7.6855,other
1056284,0.2468,0.6216,-0.7751,15.9883,32.7266,-6.1133,other
1056307,0.1699,0.6421,-0.6902,10.4727,26.8984,-5.1133,other
1056330,0.2686,0.6461,-0.545,1.6328,18.0313,-3.623,other
1056353,0.3571,0.6171,-0.496,-3.7402,12.377,-2.75,other
1056376,0.3958,0.5771,-0.5201,-9.7148,4.3418,-1.9277,other
1056399,0.3269,0.5476,-0.5498,-11.9609,-3.0078,-1.793,other
1056422,0.2479,0.5519,-0.5286,-12.8633,-7.1582,-1.916,other
1056445,0.2622,0.5618,-0.5044,-11.5879,-11.5645,-2.0137,other
1056468,0.2932,0.5681,-0.4867,-10.0996,-13.1211,-1.8633,other
1056491,0.2653,0.5643,-0.5093,-7.8262,-13.5859,-1.2891,other
1056514,0.2498,0.568,-0.6218,-6.7617,-12.8867,-0.7539,other
1056537,0.2783,0.583,-0.6572,-6.4219,-10.8047,0.0898,other
1056560,0.2544,0.636,-0.5356,-7.7012,-8.1934,0.7578,other
1056583,0.2255,0.6493,-0.4438,-9.166,-6.5391,1.0195,other
1056606,0.283,0.6318,-0.4792,-11.6152,-4.5234,1.0859,other
1056629,0.3168,0.6177,-0.5675,-13.1738,-3.5957,0.9043,other
1056652,0.2722,0.6294,-0.6687,-15.3164,-2.8652,0.3223,other
1056675,0.2263,0.6771,-0.5306,-17.1738,-2.7207,-0.4551,other
1056698,0.2612,0.6805,-0.4569,-18.0742,-2.7715,-0.957,other
1056721,0.2889,0.6582,-0.5586,-18.5957,-2.8672,-1.5645,other
1056744,0.2703,0.6481,-0.5455,-18.3457,-2.873,-1.8418,other
1056767,0.2656,0.6346,-0.5018,-17.2129,-2.7344,-2.0449,other
1056790,0.2767,0.6268,-0.4948,-15.0937,-2.4687,-1.9941,other
1056813,0.2858,0.6355,-0.5107,-14.1641,-2.291,-1.834,other
1056836,0.2615,0.6547,-0.489,-12.2734,-2.0566,-1.4648,other
1056859,0.2947,0.647,-0.5223,-11.1836,-1.8652,-1.1914,other
1056882,0.3018,0.6385,-0.525,-9.9492,-1.4023,-0.8633,other
1056905,0.2618,0.6349,-0.495,-9.4492,-0.9863,-0.7793,other
1056928,0.2458,0.6371,-0.4996,-9.2109,-0.3066,-0.9551,other
1056951,0.2609,0.6411,-0.5076,-9.5527,0.2578,-1.5215,other
1056974,0.2805,0.6438,-0.4655,-10.0527,0.4785,-2.0684,other
1056997,0.2791,0.6836,-0.5004,-11.084,0.5762,-3.002,other
1057020,0.262,0.7007,-0.4609,-11.8711,0.5117,-3.6172,other
1057043,0.2104,0.6339,-0.457,-13.0195,0.1172,-4.4199,other
1057066,0.2362,0.63,-0.4841,-13.7773,-0.8418,-4.9687,other
1057089,0.3196,0.6863,-0.4652,-13.873,-1.7988,-5.1543,other
1057112,0.2642,0.6914,-0.4817,-13.1992,-3.5664,-5.1758,other
1057135,0.2096,0.6399,-0.5708,-12.207,-4.918,-5.1055,other
1057158,0.1981,0.6519,-0.5273,-10.1992,-7.2012,-5.1152,other
1057181,0.1836,0.6952,-0.4912,-8.2402,-9.6992,-5.4961,other
1057204,0.181,0.6671,-0.5085,-6.6484,-11.3359,-5.9609,other
1057227,0.1716,0.6848,-0.5249,-4.7656,-13.3262,-6.7207,other
1057250,0.2218,0.6801,-0.5031,-3.5898,-14.0391,-6.9922,other
1057273,0.1583,0.689,-0.4642,-1.8555,-13.7012,-6.4648,other
1057296,0.1566,0.7964,-0.5088,-0.6641,-12.3457,-5.1152,other
1057319,0.3264,0.7959,-0.6421,1.3086,-8.3262,-1.0488,other
1057342,0.4937,0.6982,-0.7507,3.9824,-1.5098,5.6445,other
1057365,0.4858,0.6814,-0.7448,6.7871,4.5684,11.4219,other
1057388,0.4801,0.6442,-0.5717,14.0488,15.2109,21.6914,other
1057411,0.3496,0.6094,-0.3622,21.6738,22.8516,29.3184,other
1057434,0.3594,0.5173,-0.3455,37.4824,34.9629,41.2539,other
1057457,0.4871,0.4221,-0.4901,56.8652,47.8379,52.6719,other
1057480,0.6023,0.3286,-0.5781,63.998,56.5371,59.3027,other
1057503,0.589,0.2764,-0.5341,63.998,63.998,63.998,other
1057526,0.5488,0.2542,-0.4149,63.998,63.998,63.998,bite
1057549,0.6432,0.201,-0.431,63.998,63.998,63.998,bite
1057572,0.7266,0.1084,-0.537,63.998,63.998,63.998,bite
1057595,0.7539,0.0745,-0.5546,63.998,63.998,63.998,bite
1057618,0.7814,0.0747,-0.4523,63.998,63.998,63.998,bite
1057641,0.8073,0.041,-0.4401,63.998,63.998,63.998,bite
1057664,0.7758,-0.0013,-0.4381,63.998,63.998,63.998,bite
1057687,0.8197,-0.0718,-0.4406,63.998,63.998,63.998,bite
1057710,0.9137,-0.1555,-0.4829,63.998,63.998,63.998,bite
1057733,0.9258,-0.1841,-0.4331,63.998,63.998,63.998,bite
1057756,0.9355,-0.1707,-0.2953,63.998,63.998,63.998,bite
1057779,0.9375,-0.1757,-0.2601,63.998,63.998,63.998,bite
1057802,0.9646,-0.2025,-0.2312,63.998,63.998,63.998,bite
1057825,1.0175,-0.2371,-0.2336,63.1426,63.998,63.998,bite
1057848,1.01,-0.2703,-0.2661,56.5449,63.998,63.998,bite
1057871,1.0371,-0.2771,-0.2367,51.9297,63.998,63.998,bite
1057894,0.9742,-0.2522,-0.106,44.6797,63.998,61.7344,bite
1057917,0.8804,-0.2441,0.0007,39.8379,63.998,58.2813,bite
1057940,0.9427,-0.2792,0.0471,32.9785,63.998,53.4551,bite
1057963,1.0187,-0.3013,0.0442,26.8125,63.998,49.5059,bite
1057986,0.8989,-0.312,0.0649,23.043,63.998,47.4648,bite
1058009,0.8116,-0.301,0.1161,17.7715,63.998,45.4141,bite
1058032,0.8594,-0.3169,0.1466,14.5,63.998,44.7227,bite
1058055,1.0098,-0.356,0.2134,10.0547,63.998,44.3789,bite
1058078,0.9955,-0.3691,0.2635,7.5039,63.998,44.2441,bite
1058101,0.8851,-0.3774,0.3059,4.5195,63.998,43.6387,bite
1058124,0.8879,-0.3967,0.35,2.707,63.998,42.3477,bite
1058147,0.9723,-0.4244,0.3674,2.1094,63.998,41.1309,bite
1058170,0.9617,-0.432,0.4124,1.8633,63.998,38.8516,bite
1058193,0.8724,-0.4454,0.423,1.9336,63.998,37.1348,bite
1058216,0.759,-0.454,0.4329,2.0898,63.998,34.5977,bite
1058239,0.7732,-0.469,0.4999,2.0859,63.998,32.4512,bite
1058262,0.7443,-0.4663,0.4817,1.9941,63.998,31.2383,bite
1058285,0.8298,-0.4674,0.5342,1.8672,63.998,29.4082,bite
1058308,0.9479,-0.4707,0.5641,1.8887,63.998,27.8809,bite
1058331,0.8833,-0.4655,0.5697,2.1523,56.668,24.6953,bite
1058354,0.8792,-0.4596,0.5382,2.5488,41.5586,20.3848,bite
1058377,1.007,-0.4641,0.5237,2.709,31.8418,17.0723,bite
1058400,1.0424,-0.4624,0.5288,2.4531,18.3066,11.8672,bite
1058423,0.9099,-0.4648,0.5018,1.7891,10.166,8.5664,bite
1058446,0.8461,-0.4718,0.4647,-0.1367,-0.2227,4.5293,bite
1058469,0.8083,-0.4712,0.4572,-2.084,-5.6328,2.2695,bite
1058492,0.7346,-0.4769,0.4425,-5.9277,-11.2812,1.7363,bite
1058515,0.7175,-0.475,0.4082,-10.6289,-14.2656,2.3711,bite
1058538,0.7128,-0.4653,0.4121,-14.0449,-15.1602,3.3672,bite
1058561,0.704,-0.4655,0.3551,-19.2461,-15.4766,5.0312,bite
1058584,0.7015,-0.4774,0.288,-22.5742,-15.2461,5.8789,bite
1058607,0.7957,-0.496,0.2776,-27.0371,-14.4922,6.2637,bite
1058630,0.9119,-0.474,0.3956,-30.3262,-13.6191,5.2578,bite
1058653,0.9406,-0.4558,0.5018,-31.4961,-13.2246,3.8086,bite
1058676,0.9056,-0.4637,0.5038,-31.3828,-12.9941,0.8594,bite
1058699,0.8687,-0.4935,0.4166,-30.207,-12.8789,-1.209,bite
1058722,0.8634,-0.5222,0.3799,-27.6543,-12.2617,-3.7148,bite
1058745,0.9227,-0.532,0.3878,-25.4609,-10.7539,-4.918,bite
1058768,0.9852,-0.5215,0.4252,-24.7754,-9.3105,-4.9023,bite
1058791,0.9421,-0.5161,0.3898,-25.3535,-6.8574,-3.7402,bite
1058814,0.7976,-0.5278,0.3107,-26.8809,-5.1816,-2.2637,bite
1058837,0.7689,-0.5659,0.2577,-30.7715,-2.5586,0.9336,bite
1058860,0.8329,-0.5916,0.2512,-34.1914,-0.6465,4.5781,bite
1058883,0.821,-0.5803,0.2675,-39.7891,2.3496,7.8164,bite
1058906,0.7733,-0.5713,0.2787,-44.6719,5.0137,11.6602,bite
1058929,0.8171,-0.5884,0.3068,-46.834,6.3457,13.6699,bite
1058952,0.8186,-0.6042,0.333,-47.7305,7.4902,15.5195,bite
1058975,0.7903,-0.5948,0.3446,-46.6191,7.709,15.8984,bite
1058998,0.7518,-0.5693,0.3434,-42.5898,7.5098,15.3262,bite
1059021,0.6761,-0.5647,0.2147,-36.4336,7.1816,13.7852,bite
1059044,0.6644,-0.5704,0.2002,-31.6504,7.1074,12.416,bite
1059067,0.787,-0.5524,0.3278,-23.998,7.3184,9.8574,bite
1059090,0.8931,-0.5371,0.4219,-18.6484,7.5547,7.6719,bite
1059113,0.7698,-0.5226,0.4965,-10.2402,7.7715,3.5605,bite
1059136,0.7631,-0.545,0.4755,-1.6621,8.1348,-1.1543,bite
1059159,0.7972,-0.5602,0.4226,3.7168,8.8516,-4.2422,bite
1059182,0.817,-0.5673,0.3938,10.373,11.0078,-8.2598,bite
1059205,0.843,-0.5547,0.4214,13.4375,13.0742,-10.3418,bite
1059228,0.8447,-0.5532,0.4871,15.7344,16.5605,-12.4785,bite
1059251,0.875,-0.5353,0.5748,15.9141,18.7773,-13.8066,bite
1059274,0.9823,-0.5558,0.5734,14.7305,21.3984,-13.8516,bite
1059297,0.9318,-0.5675,0.5179,12.3027,22.6855,-13.7617,bite
1059320,0.8647,-0.5715,0.5138,10.0879,22.7852,-13.3301,bite
1059343,0.8618,-0.5551,0.5416,5.9141,22.2246,-11.9219,bite
1059366,0.8428,-0.5627,0.5762,2.6406,21.6289,-10.3965,bite
1059389,0.8569,-0.5908,0.5765,-2.7969,20.6172,-7.3223,bite
1059412,0.8339,-0.6362,0.5754,-8.6562,19.459,-3.6367,bite
1059435,0.8202,-0.625,0.6135,-12.7012,18.5508,-1.0508,bite
1059458,0.7444,-0.6127,0.5857,-18.8438,16.8887,2.7578,bite
1059481,0.6759,-0.6167,0.5165,-22.9414,15.5723,5.1211,bite
1059504,0.7512,-0.6125,0.4313,-29.1211,13.3555,8.1211,bite
1059527,0.8469,-0.6196,0.4393,-35.3203,10.7109,9.9844,bite
1059550,0.8444,-0.584,0.524,-39.3223,8.5352,10.3516,bite
1059573,0.7866,-0.5637,0.4941,-44.748,4.5703,9.5762,bite
1059596,0.7697,-0.6011,0.4197,-47.8516,1.6035,8.3867,bite
1059619,0.8055,-0.6759,0.3385,-51.8398,-2.8691,6.1367,bite
1059642,0.8129,-0.6523,0.3972,-54.209,-5.6289,3.918,bite
1059665,0.7772,-0.5961,0.467,-57.4102,-9.3047,2.7168,bite
1059688,0.7368,-0.6016,0.4305,-60.0762,-12.5117,1.6465,bite
1059711,0.733,-0.621,0.3368,-61.5918,-14.4551,1.541,bite
1059734,0.7556,-0.6488,0.2439,-63.8086,-17.1758,2.3145,bite
1059757,0.7749,-0.6495,0.1921,-64.0,-18.9258,3.3437,bite
1059780,0.7585,-0.6531,0.1411,-64.0,-21.5859,5.3535,bite
1059803,0.7197,-0.6766,0.1128,-64.0,-24.4023,7.5234,bite
1059826,0.7509,-0.6748,0.1613,-64.0,-26.334,8.8281,bite
1059849,0.861,-0.6533,0.1926,-64.0,-29.2324,10.2148,bite
1059872,0.8585,-0.6617,0.1379,-64.0,-31.2031,10.5898,bite
1059895,0.8716,-0.6887,0.045,-64.0,-34.2461,10.3203,bite
1059918,0.8669,-0.7157,-0.1602,-64.0,-37.248,9.4531,bite
1059941,0.7859,-0.6843,-0.1748,-64.0,-39.1211,8.9316,bite
1059964,0.7595,-0.6962,-0.052,-64.0,-41.5078,8.834,bite
1059987,0.7738,-0.6689,0.0548,-64.0,-42.7305,9.4297,bite
1060010,0.7496,-0.6946,0.027,-64.0,-44.1523,11.3359,bite
1060033,0.7854,-0.7275,-0.1693,-61.9316,-45.0195,14.168,bite
1060056,0.6686,-0.7323,-0.2097,-55.8398,-46.5488,16.3535,bite
1060079,0.6326,-0.7181,-0.1562,-50.1973,-48.3613,19.6992,bite
1060102,0.6919,-0.6935,-0.1165,-46.9453,-49.5605,21.6738,bite
1060125,0.7257,-0.6941,-0.1794,-42.9629,-51.1387,23.5957,bite
1060148,0.7112,-0.703,-0.3815,-40.9453,-51.9082,23.8477,bite
1060171,0.7382,-0.7106,-0.3373,-38.8477,-52.248,22.4668,bite
1060194,0.7217,-0.6926,-0.1785,-37.332,-50.9277,19.248,bite
1060217,0.6838,-0.7627,-0.166,-36.1211,-48.8008,16.4395,bite
1060240,0.783,-0.8075,-0.2124,-33.3359,-43.6836,11.9375,bite
1060263,0.7482,-0.7592,-0.2825,-30.6563,-39.3066,9.1152,bite
1060286,0.4797,-0.704,-0.0475,-25.377,-32.3262,5.6699,bite
1060309,0.7817,-0.7732,-0.2388,-19.0195,-26.1465,3.373,bite
1060332,0.6665,-0.7709,-0.2433,-14.7539,-23.0664,2.3047,bite
1060355,0.7103,-0.8109,-0.2517,-9.2812,-20.0996,0.9707,bite
1060378,0.7653,-0.7689,-0.2339,-6.6602,-18.9785,0.0801,bite
1060401,0.7148,-0.708,-0.2991,-4.5059,-18.3281,-1.3496,bite
1060424,0.6168,-0.6949,-0.351,-4.1094,-18.9707,-2.6777,bite
1060447,0.6481,-0.6737,-0.348,-4.5293,-19.1621,-3.3164,bite
1060470,0.5601,-0.5793,-0.3667,-5.4199,-20.0723,-3.748,bite
1060493,0.5684,-0.631,-0.2692,-5.9258,-20.7383,-3.7695,bite
1060516,0.9413,-0.7748,-0.5342,-6.3887,-21.6738,-3.9785,bite
1060539,0.819,-0.7981,-0.1527,-6.541,-22.334,-4.6211,bite
1060562,0.6438,-0.7323,-0.0231,-6.2969,-23.3555,-6.4805,bite
1060585,0.715,-0.7117,-0.3252,-5.1621,-24.1406,-8.8496,bite
1060608,0.6862,-0.5967,-0.2502,-3.9824,-24.4434,-10.3262,bite
1060631,0.718,-0.5428,-0.3965,-1.9707,-24.4082,-12.0137,bite
1060654,0.7816,-0.5269,-0.5031,-0.7754,-24.0938,-12.7266,bite
1060677,0.738,-0.5477,-0.6984,0.373,-23.5195,-13.2949,bite
1060700,0.6304,-0.5642,-0.7793,0.8223,-23.0469,-13.4336,bite
1060723,0.6384,-0.7678,-0.7192,1.2402,-22.6895,-13.3203,bite
1060746,0.7012,-0.9253,-0.2495,3.5703,-21.8691,-12.9219,bite
1060769,0.6619,-0.8488,0.3031,7.3965,-21.1094,-12.6562,bite
1060792,0.6213,-0.7361,0.4382,17.9766,-19.6523,-12.6523,bite
1060815,0.6499,-0.6865,-0.054,28.0918,-17.5059,-13.6562,bite
1060838,0.6504,-0.658,-0.4719,45.1836,-16.9492,-15.1328,bite
1060861,0.7067,-0.6667,-0.6298,59.6973,-16.5391,-18.6836,bite
1060884,0.7263,-0.6932,-0.5525,63.998,-17.2266,-21.7891,bite
1060907,0.6385,-0.7053,-0.2593,63.998,-19.2773,-26.8555,bite
1060930,0.6248,-0.7064,-0.0979,63.998,-20.6016,-29.9277,bite
1060953,0.6326,-0.7017,-0.0228,60.3496,-21.2344,-33.2324,bite
1060976,0.7675,-0.7495,-0.1033,53.3848,-19.5996,-34.582,bite
1060999,0.7787,-0.7461,-0.1252,49.1426,-17.4531,-34.5391,bite
1061022,0.7117,-0.7229,-0.1543,43.8633,-13.3984,-33.5918,bite
1061045,0.6437,-0.7012,-0.1567,41.0215,-10.5781,-32.7012,bite
1061068,0.7129,-0.7046,-0.1569,37.3906,-7.0059,-31.582,bite
1061091,0.7894,-0.6918,-0.1615,34.0176,-5.377,-31.5488,bite
1061114,0.7639,-0.6488,-0.156,31.7148,-5.959,-32.5566,bite
1061137,0.7151,-0.5939,-0.2192,28.0684,-9.75,-35.9648,bite
1061160,0.7162,-0.559,-0.2921,25.4824,-14.2012,-39.5254,bite
1061183,0.8018,-0.5437,-0.3324,21.3145,-23.5273,-46.6953,bite
1061206,0.8978,-0.5074,-0.3314,18.3281,-35.8594,-55.8945,bite
1061229,0.9905,-0.4696,-0.3176,13.5781,-45.2188,-63.0098,bite
1061252,0.9889,-0.4231,-0.3508,8.6152,-60.9121,-64.0,bite
1061275,0.8881,-0.4056,-0.4238,5.1992,-64.0,-64.0,bite
1061298,0.7958,-0.4025,-0.4534,-0.1797,-64.0,-64.0,bite
1061321,0.7717,-0.4088,-0.4556,-3.9785,-64.0,-64.0,bite
1061344,0.7489,-0.3472,-0.3683,-9.918,-64.0,-64.0,bite
1061367,0.688,-0.2563,-0.3179,-15.8164,-64.0,-64.0,bite
1061390,0.6693,-0.2103,-0.3689,-19.5742,-64.0,-64.0,bite
1061413,0.6792,-0.2094,-0.489,-25.1055,-64.0,-64.0,bite
1061436,0.6755,-0.2208,-0.5913,-29.0488,-64.0,-64.0,bite
1061459,0.6122,-0.1261,-0.5146,-35.9199,-64.0,-64.0,bite
1061482,0.5024,-0.0209,-0.4855,-44.0879,-49.9063,-64.0,bite
1061505,0.624,0.0447,-0.613,-50.0781,-39.0859,-64.0,bite
1061528,0.8242,0.0613,-0.7845,-59.5508,-23.5117,-64.0,bite
1061551,0.9536,0.1029,-0.7827,-64.0,-14.3477,-64.0,bite
1061574,0.9686,0.1948,-0.7527,-64.0,-3.8223,-64.0,bite
1061597,0.9818,0.2654,-0.6827,-64.0,2.0391,-64.0,bite
1061620,1.0081,0.3114,-0.6565,-64.0,3.4668,-64.0,bite
1061643,0.9835,0.3268,-0.6663,-64.0,2.707,-64.0,bite
1061666,0.8528,0.3092,-0.7118,-64.0,0.9355,-64.0,bite
1061689,0.7495,0.2864,-0.6954,-64.0,-2.3711,-64.0,bite
1061712,0.6764,0.2666,-0.6122,-64.0,-4.375,-64.0,bite
1061735,0.6056,0.2546,-0.525,-64.0,-6.457,-64.0,bite
1061758,0.5425,0.2225,-0.4987,-64.0,-7.3965,-64.0,bite
1061781,0.5142,0.2389,-0.4841,-64.0,-7.6211,-63.9805,bite
1061804,0.5513,0.2689,-0.4875,-64.0,-7.8184,-51.2363,bite
1061827,0.6322,0.2994,-0.4999,-64.0,-8.1035,-44.0859,bite
1061850,0.6238,0.332,-0.4939,-64.0,-8.9687,-36.4805,bite
1061873,0.5146,0.3699,-0.5209,-64.0,-9.9961,-32.8203,bite
1061896,0.4852,0.4381,-0.4716,-64.0,-10.248,-32.1465,bite
1061919,0.4865,0.5084,-0.3271,-61.4824,-8.9316,-32.8301,bite
1061942,0.5796,0.5479,-0.3578,-58.502,-6.4277,-33.9883,bite
1061965,0.724,0.5756,-0.4407,-52.377,-0.1133,-36.4238,bite
1061988,0.7858,0.5707,-0.5575,-47.3594,8.3164,-39.5137,bite
1062011,0.6984,0.6118,-0.3795,-38.918,14.1777,-41.7051,bite
1062034,0.6132,0.6217,-0.2856,-29.7539,21.873,-44.4766,bite
1062057,0.5271,0.5908,-0.283,-23.3789,25.5625,-45.5,bite
1062080,0.5535,0.5269,-0.3624,-13.8926,28.0059,-45.2363,bite
1062103,0.5604,0.5068,-0.4086,-8.0801,27.2656,-43.8184,bite
1062126,0.5021,0.512,-0.3777,-0.9648,22.6387,-40.2109,bite
1062149,0.6237,0.5286,-0.3455,3.6094,14.7031,-35.6133,bite
1062172,0.6469,0.5347,-0.3616,5.1191,8.2793,-32.4609,bite
1062195,0.6198,0.5662,-0.3774,5.0996,-1.8945,-28.0703,bite
1062218,0.6786,0.6095,-0.6149,3.6406,-8.2734,-25.3906,bite
1062241,0.6121,0.6471,-0.4565,-0.3828,-15.8379,-21.3633,bite
1062264,0.3632,0.618,-0.4441,-5.7207,-19.5469,-16.6289,bite
1062287,0.623,0.575,-0.5133,-9.4219,-19.5254,-12.877,bite
1062310,0.5376,0.5435,-0.4054,-14.3105,-16.5156,-6.7168,bite
1062333,0.5697,0.5066,-0.4482,-16.6309,-13.4375,-2.6973,bite
1062356,0.5381,0.5303,-0.4011,-18.0547,-9.082,2.4023,bite
1062379,0.6262,0.6166,-0.306,-16.9238,-6.916,5.8281,bite
1062402,0.6478,0.6388,-0.2883,-14.1074,-7.1582,7.1895,bite
1062425,0.7649,0.6206,-0.4642,-8.6582,-9.4805,8.3496,bite
1062448,0.7416,0.6708,-0.5376,-4.5742,-11.6367,9.0391,bite
1062471,0.5811,0.7556,-0.5332,1.1523,-14.459,11.0508,bite
1062494,0.4189,0.7747,-0.4008,4.4102,-15.3633,13.627,bite
1062517,0.4983,0.6903,-0.4077,8.582,-14.4473,19.5293,bite
1062540,0.6493,0.5778,-0.5177,12.3223,-11.0996,26.4238,bite
1062563,0.6833,0.5229,-0.4365,14.7441,-8.5,30.1797,bite
1062586,0.6395,0.4875,-0.2751,18.498,-6.0176,32.5234,bite
1062609,0.6095,0.3926,-0.2721,21.1641,-6.125,31.1855,bite
1062632,0.6317,0.2717,-0.4026,25.1016,-9.2539,24.7148,bite
1062655,0.6384,0.1808,-0.5177,27.8672,-15.0801,14.1992,bite
1062678,0.433,0.0693,-0.5339,28.377,-19.5254,6.2227,bite
1062701,0.406,0.1611,-0.4497,26.6602,-25.207,-4.8867,bite
1062724,0.3395,0.2051,-0.4965,24.0176,-27.4688,-10.5977,bite
1062747,0.3066,0.3717,-0.5321,18.5977,-28.0918,-15.5664,bite
1062770,0.3409,0.436,-0.5468,12.5742,-26.1211,-16.3203,bite
1062793,0.4924,0.4458,-0.6742,8.6426,-24.1055,-15.2031,bite
1062816,0.4503,0.5106,-0.6814,3.0059,-21.3711,-12.7187,bite
1062839,0.3053,0.5439,-0.63,-0.7383,-20.2734,-11.332,bite
1062862,0.4385,0.5481,-0.7501,-6.6562,-19.8438,-10.4238,bite
1062885,0.4994,0.5593,-0.8424,-10.9648,-20.2598,-10.752,bite
1062908,0.4618,0.6085,-0.7966,-17.8965,-21.6895,-12.502,bite
1062931,0.3752,0.646,-0.6089,-24.4961,-23.3984,-15.1582,bite
1062954,0.3672,0.6177,-0.5208,-27.9277,-24.0352,-17.043,bite
1062977,0.4941,0.5702,-0.661,-30.6934,-23.416,-19.6348,bite
1063000,0.5042,0.5277,-0.6351,-30.8223,-22.0137,-21.1016,bite
1063023,0.4067,0.5153,-0.5048,-28.7031,-18.9961,-22.8457,bite
1063046,0.3206,0.516,-0.3773,-24.3496,-15.418,-23.9141,bite
1063069,0.3156,0.4843,-0.4353,-20.6406,-13.0098,-24.1719,bite
1063092,0.3442,0.4904,-0.4653,-14.8848,-10.0098,-23.9121,bite
1063115,0.3927,0.5015,-0.4542,-11.582,-8.7988,-23.4336,bite
1063138,0.4282,0.5343,-0.4976,-8.3496,-8.4355,-22.541,bite
1063161,0.2529,0.632,-0.3949,-7.6426,-9.5352,-21.5488,bite
1063184,0.2197,0.6681,-0.3933,-8.8301,-10.623,-20.7324,bite
1063207,0.4222,0.6473,-0.5645,-12.4766,-12.1445,-19.1934,bite
1063230,0.4545,0.6619,-0.5674,-16.0977,-13.0664,-18.0859,bite
1063253,0.3604,0.6959,-0.7018,-22.7383,-14.4883,-16.5645,bite
1063276,0.182,0.74,-0.6816,-27.3633,-15.3965,-15.6641,bite
1063299,0.225,0.6735,-0.6156,-33.2227,-16.3223,-14.3613,bite
1063322,0.36,0.6041,-0.4563,-36.3105,-16.5898,-13.0371,bite
1063345,0.4056,0.6295,-0.2867,-36.3379,-16.6289,-12.2148,bite
1063368,0.3024,0.6323,-0.3795,-33.2031,-16.8652,-11.3418,bite
1063391,0.2089,0.623,-0.5094,-29.334,-17.1895,-11.127,bite
1063414,0.2263,0.6046,-0.6099,-22.0918,-17.9512,-11.3848,bite
1063437,0.274,0.5969,-0.5223,-14.834,-19.0059,-12.1543,bite
1063460,0.2468,0.6643,-0.4275,-10.7539,-19.7051,-12.7695,bite
1063483,0.2655,0.6812,-0.4891,-6.4766,-20.1836,-13.5156,bite
1063506,0.278,0.6864,-0.6672,-5.0,-19.7656,-13.7285,bite
1063529,0.2729,0.6707,-0.4446,-4.6719,-18.2695,-13.3848,bite
1063552,0.1879,0.6871,-0.4413,-5.9238,-17.5488,-11.998,bite
1063575,0.0731,0.7418,-0.5168,-7.1816,-18.6016,-10.4805,bite
1063598,0.1683,0.6805,-0.569,-9.0625,-22.6777,-7.6484,bite
1063621,0.4088,0.6244,-0.5007,-10.0762,-26.3574,-5.7051,bite
1063644,0.0804,0.646,-0.4762,-11.1367,-31.5547,-3.2441,bite
1063667,0.032,0.7227,-0.5784,-11.5684,-33.7012,-2.1934,bite
1063690,0.2124,0.67,-0.5435,-11.873,-33.3652,-1.7051,bite
1063713,0.2268,0.6478,-0.5112,-11.8926,-28.1426,-2.1699,bite
1063736,0.0458,0.7157,-0.4618,-11.8105,-22.4277,-2.6777,bite
1063759,-0.0482,0.7072,-0.645,-11.5488,-12.1211,-3.4687,bite
1063782,0.3177,0.6312,-0.4537,-11.2422,-5.1973,-4.1621,bite
1063805,0.498,0.6095,-0.468,-10.5273,3.2051,-5.9395,bite
1063828,0.1925,0.6621,-0.4727,-9.3965,7.3203,-8.7773,bite
1063851,0.1714,0.6547,-0.4608,-8.2891,7.3125,-11.041,bite
1063874,-0.0389,0.7157,-0.6609,-6.0293,3.5273,-14.3047,bite
1063897,0.1057,0.6532,-0.5363,-4.3281,-0.916,-15.832,bite
1063920,0.2263,0.627,-0.4829,-2.0859,-8.7832,-16.3828,bite
1063943,0.2089,0.6489,-0.4384,-0.7656,-15.918,-14.6719,bite
1063966,-0.125,0.7634,-0.6082,-0.5117,-19.3398,-12.416,bite
1063989,0.0697,0.6624,-0.5604,-0.9102,-21.1348,-7.709,bite
1064012,0.234,0.6743,-0.4943,-1.4629,-19.5527,-4.0352,bite
1064035,0.3687,0.6139,-0.4508,-2.2168,-13.0586,1.4258,bite
1064058,0.1577,0.6571,-0.5575,-2.4219,-6.6621,4.5059,bite
1064081,0.0989,0.6571,-0.5468,-2.1191,3.8789,7.623,bite
1064104,0.1836,0.6586,-0.5488,-1.1582,12.7793,8.6172,bite
1064127,0.1992,0.6539,-0.522,-0.2598,16.7344,8.1133,bite
1064150,0.1486,0.6575,-0.5305,1.2051,19.1055,5.8574,bite
1064173,0.2063,0.662,-0.521,2.0879,18.4023,3.6172,bite
1064196,0.0719,0.6343,-0.5671,3.0391,14.627,-0.2031,bite
1064219,0.3042,0.6305,-0.5032,3.3457,8.7812,-3.6602,bite
1064242,0.3844,0.6056,-0.4396,3.1133,4.4199,-5.3555,bite
1064265,-0.2384,0.7393,-0.6189,1.9355,-2.3281,-6.4668,bite
1064288,0.1006,0.6678,-0.5562,0.498,-6.9707,-6.0,bite
1064311,-0.1041,0.6683,-0.5845,-2.4199,-13.6094,-3.7266,bite
1064334,0.1477,0.6459,-0.5315,-5.5195,-18.1328,-0.8965,bite
1064357,0.1642,0.6733,-0.5137,-7.1582,-18.748,0.207,bite
1064380,0.2915,0.6797,-0.4674,-8.4219,-14.7754,-0.6113,bite
1064403,0.256,0.6361,-0.4943,-8.4043,-8.9023,-2.8926,bite
1064426,0.1475,0.6556,-0.5146,-7.3477,3.1035,-7.8809,bite
1064449,0.267,0.6222,-0.5084,-6.2207,11.709,-12.7969,bite
1064472,0.4347,0.635,-0.4325,-4.4375,22.8516,-15.0039,bite
1064495,0.1567,0.6584,-0.5123,-3.2109,29.0508,-15.666,bite
1064518,0.0145,0.6843,-0.5144,-2.9805,29.1211,-14.1426,bite
1064541,-0.0596,0.7142,-0.6244,-3.6465,22.2324,-9.3379,bite
1064564,0.1167,0.6436,-0.5039,-4.6816,13.5488,-5.0742,bite
1064587,0.204,0.6891,-0.5129,-6.7168,-2.8418,1.375,bite
1064610,0.6252,0.7187,-0.3997,-8.7227,-19.2402,6.2285,bite
1064633,-0.1982,0.7939,-0.5624,-9.875,-28.5273,8.3789,bite
1064656,-0.2632,0.5311,-0.6281,-11.5645,-39.1543,11.2422,bite
1064679,-0.1929,0.6769,-0.5773,-12.7461,-43.7402,13.5195,bite
1064702,-0.5011,0.7358,-0.5601,-14.1797,-45.9922,16.918,bite
1064725,1.5375,0.5461,-0.2283,-13.7754,-41.0117,17.4355,bite
1064748,-0.123,0.7692,-0.6376,-11.6094,-33.0625,14.5059,bite
1064771,0.0937,0.6843,-0.5693,-5.6895,-16.4668,5.6191,bite
1064794,0.0684,0.6912,-0.5391,-0.8594,-4.8086,-1.6934,bite
1064817,0.0757,0.6736,-0.5765,5.6641,9.6719,-11.4102,bite
1064840,0.3469,0.5808,-0.505,8.502,16.0098,-16.9648,bite
1064863,-0.1139,0.6185,-0.4707,9.6582,20.332,-16.6914,bite
1064886,0.1857,0.682,-0.5443,7.5195,20.2422,-12.5898,bite
1064909,0.0332,0.6445,-0.5553,4.9512,18.7754,-8.0293,bite
1064932,-0.0286,0.7042,-0.5511,0.6289,15.3437,-0.877,bite
1064955,0.0275,0.7085,-0.5364,-1.9199,12.7012,2.8516,bite
1064978,0.1857,0.7057,-0.556,-4.541,9.2383,5.7363,bite
1065001,0.256,0.6383,-0.4866,-5.4512,7.7578,5.377,bite
1065024,0.2465,0.6008,-0.5625,-5.2559,8.1973,3.8125,bite
1065047,0.0945,0.6659,-0.6301,-4.3398,10.1328,0.5,bite
1065070,0.0863,0.7686,-0.6555,-3.6133,11.4648,-1.7949,bite
1065093,0.0022,0.7599,-0.546,-2.6582,12.5977,-4.5449,bite
1065116,0.1401,0.6844,-0.4553,-2.293,12.9766,-5.4687,bite
1065139,0.2402,0.7054,-0.2996,-2.709,13.584,-4.5176,bite
1065162,-0.4703,0.8544,-0.2762,-4.7051,16.4941,-0.1562,bite
1065185,0.1505,0.746,-0.4454,-7.0059,20.3574,4.5469,bite
1065208,0.7592,0.6536,-0.3649,-11.6465,27.8574,12.4648,bite
1065231,0.7994,0.6692,-0.5768,-15.2461,32.1191,18.6426,bite
1065254,0.6473,0.7241,-0.5283,-20.6836,35.2051,21.1875,bite
1065277,0.3167,0.6682,-0.5129,-24.793,34.748,23.8965,bite
1065300,0.156,0.6107,-0.4244,-25.9785,33.748,26.2793,bite
1065323,0.2661,0.5582,-0.3817,-24.6367,32.7109,32.3555,bite
1065346,0.369,0.4846,-0.6226,-21.6309,32.2168,38.0938,bite
1065369,0.2572,0.4803,-0.6522,-14.6836,30.334,47.7832,bite
1065392,0.2234,0.532,-0.4224,-5.9707,25.7188,56.1953,bite
1065415,0.3727,0.5645,-0.2266,0.377,21.0781,59.6855,bite
1065438,0.6343,0.5441,-0.4106,10.0605,12.6094,60.1426,bite
1065461,0.5723,0.5559,-0.5233,15.9609,6.6426,56.918,bite
1065484,0.4297,0.5701,-0.5299,22.6016,-1.3281,47.6094,bite
1065507,0.1995,0.5758,-0.4989,25.5254,-6.1055,35.3848,bite
1065530,0.2458,0.5829,-0.4844,25.3145,-6.6211,27.1016,bite
1065553,0.4388,0.5697,-0.507,22.3047,-3.2949,15.8691,bite
1065576,0.6606,0.531,-0.514,19.0449,1.0781,9.3359,bite
1065599,0.5717,0.5067,-0.5651,13.3516,9.5469,0.7695,bite
1065622,0.4116,0.5448,-0.4449,9.5762,15.791,-5.998,bite
1065645,0.3356,0.5876,-0.3695,4.6816,25.3906,-8.9844,bite
1065668,0.4203,0.5857,-0.4043,1.1367,34.9316,-10.5195,bite
1065691,0.5532,0.5671,-0.4507,-0.5625,41.0527,-9.6621,bite
1065714,0.6313,0.5591,-0.5234,-2.6094,49.1289,-6.4922,bite
1065737,0.5547,0.5862,-0.4426,-3.9336,53.1113,-3.8652,bite
1065760,0.5151,0.6104,-0.3931,-6.0391,55.9336,-0.2422,bite
1065783,0.5488,0.6069,-0.4194,-8.1484,54.3438,2.1602,bite
1065806,0.5751,0.5966,-0.4647,-9.4355,50.9199,2.8359,bite
1065829,0.571,0.5945,-0.4607,-11.0332,43.0566,2.4238,bite
1065852,0.5057,0.6177,-0.3748,-11.7832,36.6563,1.3789,bite
1065875,0.4717,0.6276,-0.3417,-12.2812,26.4336,-0.7793,bite
1065898,0.4678,0.6239,-0.3917,-11.9805,16.6484,-2.9297,bite
1065921,0.5181,0.6112,-0.4364,-11.4551,10.9316,-4.082,bite
1065944,0.5675,0.6036,-0.406,-10.4629,4.1602,-5.2187,bite
1065967,0.4833,0.66,-0.3011,-9.793,0.9805,-5.5469,bite
1065990,0.2976,0.6501,-0.6736,-8.8496,-1.75,-5.3203,bite
1066013,0.5686,0.7631,-0.2028,-8.209,-2.125,-4.3965,bite
1066036,0.5315,0.7531,-0.3674,-6.873,-0.5937,-3.6484,bite
1066059,0.5649,0.7899,-0.4993,-5.1309,2.3496,-2.5937,bite
1066082,0.6008,0.7542,-0.5697,-4.0527,4.4434,-1.9805,bite
1066105,0.5758,0.6757,-0.5491,-2.9531,7.168,-1.0684,bite
1066128,0.4857,0.6064,-0.449,-2.5371,8.4766,-0.2656,bite
1066151,0.4286,0.5427,-0.3555,-1.877,9.2656,1.6465,bite
1066174,0.3744,0.5153,-0.2666,-0.3574,8.0039,4.6602,bite
1066197,0.4276,0.488,-0.2045,1.4336,5.8027,7.1387,bite
1066220,0.5266,0.4377,-0.3124,5.1758,0.6074,10.8184,bite
1066243,0.6121,0.417,-0.4453,7.9277,-3.9316,12.6973,bite
1066266,0.5526,0.427,-0.4761,11.3359,-12.0664,13.9766,bite
1066289,0.4822,0.4414,-0.3669,12.8965,-21.0742,13.2949,bite
1066312,0.4886,0.4388,-0.3595,12.748,-26.8926,11.9824,bite
1066335,0.5835,0.4316,-0.4587,10.8906,-34.5039,9.2441,bite
1066358,0.5625,0.427,-0.5615,8.6836,-38.7031,7.1777,bite
1066381,0.4326,0.433,-0.5444,4.2207,-43.7852,4.1465,bite
1066404,0.3884,0.4736,-0.4935,0.8027,-47.2988,1.6797,bite
1066427,0.4169,0.5181,-0.4908,-4.209,-48.4551,0.5098,bite
1066450,0.4351,0.5509,-0.4779,-8.2715,-48.5332,-0.543,bite
1066473,0.4243,0.5835,-0.4545,-10.207,-47.4355,-0.8652,bite
1066496,0.376,0.6375,-0.4547,-12.0117,-44.0156,-0.916,bite
1066519,0.3719,0.6558,-0.5125,-12.7031,-40.4648,-0.6973,bite
1066542,0.4316,0.6417,-0.5852,-13.5391,-33.3047,-0.0527,bite
1066565,0.4613,0.6045,-0.6992,-14.7109,-24.7676,0.7383,bite
1066588,0.4529,0.5807,-0.7079,-15.752,-19.0742,1.1738,bite
1066611,0.4346,0.5594,-0.6118,-17.2012,-11.8379,1.4863,bite
1066634,0.3903,0.542,-0.5396,-17.5215,-8.5176,1.4102,bite
1066657,0.3695,0.5482,-0.5267,-16.043,-6.4687,0.8789,bite
1066680,0.3744,0.5575,-0.5508,-11.6211,-8.2363,-0.0723,bite
1066703,0.397,0.5792,-0.4891,-7.1465,-11.5312,-0.9082,bite
1066726,0.4441,0.5824,-0.4534,1.084,-19.1914,-2.5156,bite
1066749,0.4434,0.6017,-0.4818,6.9141,-25.4629,-3.8887,bite
1066772,0.3794,0.6226,-0.4802,14.8027,-34.9902,-6.3848,bite
1066795,0.3048,0.5927,-0.5145,18.707,-42.3047,-9.1602,bite
1066818,0.3627,0.5314,-0.6379,21.457,-45.0391,-10.998,bite
1066841,0.3685,0.4963,-0.7051,19.7852,-45.3066,-13.5293,bite
1066864,0.2745,0.4951,-0.6852,16.2734,-43.5098,-14.9648,bite
1066887,0.1345,0.5232,-0.5878,8.377,-39.1953,-16.5293,bite
1066910,0.1193,0.5642,-0.527,2.2715,-35.9727,-17.0859,bite
1066933,0.2002,0.5779,-0.5604,-6.5527,-31.6445,-17.2813,bite
1066956,0.3044,0.5828,-0.6995,-13.7305,-28.9961,-17.1582,bite
1066979,0.2858,0.6235,-0.7028,-17.3281,-28.6094,-17.1367,bite
1067002,0.1555,0.6746,-0.5228,-20.8379,-30.1367,-17.1953,bite
1067025,0.0538,0.6725,-0.3745,-21.877,-32.125,-17.1309,bite
1067048,0.2938,0.6069,-0.652,-21.8789,-35.5684,-16.6582,bite
1067071,0.2052,0.5873,-0.6674,-21.2813,-38.9082,-15.6543,bite
1067094,0.0184,0.619,-0.5957,-21.1934,-40.752,-14.5859,bite
1067117,-0.1168,0.6776,-0.4406,-21.8438,-42.1445,-12.1309,bite
1067140,-0.0707,0.6832,-0.3988,-22.6797,-41.7129,-9.9727,bite
1067163,0.3206,0.6711,-0.6642,-24.4199,-39.0996,-6.7168,bite
1067186,0.4354,0.7778,-0.7129,-26.0293,-35.8008,-4.707,bite
1067209,0.0022,0.7942,-0.4642,-29.1719,-34.375,-4.3496,bite
1067232,0.0892,0.6504,-0.5046,-32.7207,-33.8184,-4.8672,bite
1067255,0.0925,0.5872,-0.4882,-35.0215,-34.1914,-5.502,bite
1067278,0.1088,0.5942,-0.4932,-38.0488,-35.2188,-6.2266,bite
1067301,0.0917,0.6583,-0.3727,-39.6484,-35.959,-6.3164,bite
1067324,0.2108,0.6842,-0.3159,-41.2441,-36.7832,-5.7852,bite
1067347,0.088,0.9644,-0.5598,-41.7324,-36.3555,-4.793,bite
1067370,-0.0428,0.8008,-0.6855,-41.375,-34.4844,-4.2617,bite
1067393,-0.0063,0.6525,-0.4855,-39.8672,-28.1211,-4.2793,bite
1067416,0.1279,0.7567,-0.3635,-38.4922,-21.75,-4.9727,bite
1067439,0.0148,0.7323,-0.4155,-36.4258,-10.8262,-6.8535,bite
1067462,-0.1819,0.7168,-0.5021,-34.7578,-0.168,-9.2383,bite
1067485,-0.6107,0.7517,-0.3185,-33.8965,6.2812,-10.8164,bite
1067508,0.3713,0.7511,-0.3508,-32.6563,14.2637,-13.2461,bite
1067531,0.2114,0.7727,-0.3604,-31.5996,17.6875,-15.4043,bite
1067554,0.2577,0.7394,-0.4237,-29.2773,19.1582,-20.209,bite
1067577,-0.0968,0.7496,-0.4268,-27.1094,17.0684,-26.4863,bite
1067600,0.1678,0.8041,-0.3806,-22.8965,14.8926,-30.498,bite
1067623,0.1082,0.7554,-0.4026,-17.793,12.2012,-34.2793,bite
1067646,-0.064,0.6912,-0.4515,-14.2187,11.457,-34.3184,bite
1067669,0.1084,0.7278,-0.3684,-9.1719,12.457,-29.8691,bite
1067692,-0.0688,0.7205,-0.3359,-6.2227,14.3379,-24.1387,bite
1067715,-0.0211,0.7296,-0.5574,-2.5059,18.0234,-12.7969,bite
1067738,-0.4779,0.713,-0.5505,0.4414,21.6191,-0.707,bite
1067761,0.0083,0.6854,-0.4319,2.0859,23.5586,6.1875,bite
1067784,0.2455,0.724,-0.3314,4.3496,24.8145,12.4395,bite
1067807,0.1044,0.786,-0.4773,5.8965,23.9746,12.8906,bite
1067830,0.1031,0.7994,-0.4799,8.4102,20.3809,7.7637,bite
1067853,0.0061,0.6982,-0.4705,10.8848,15.5488,-2.2383,bite
1067876,0.3262,0.743,-0.4071,12.1777,12.5879,-9.5977,bite
1067899,0.4766,0.7251,-0.3435,13.127,9.2207,-18.5742,bite
1067922,-0.0669,0.7179,-0.5226,12.9531,7.7695,-21.8359,bite
1067945,-0.1195,0.7054,-0.5535,11.4414,7.25,-21.3457,bite
1067968,-0.1316,0.7178,-0.3549,9.6758,9.0137,-14.5918,bite
1067991,0.036,0.7225,-0.4689,6.1934,11.0703,-7.6543,bite
1068014,-0.3093,0.7365,-0.5425,2.2285,14.4844,3.7715,bite
1068037,-0.2568,0.7187,-0.5679,-0.3398,16.4785,10.375,bite
1068060,0.2738,0.702,-0.3668,-3.5254,18.248,16.1836,bite
1068083,0.4569,0.7598,-0.3494,-4.9102,18.0781,16.3477,bite
1068106,0.0165,0.739,-0.4036,-5.5703,15.3555,10.9512,bite
1068129,-0.022,0.8347,-0.5507,-4.6152,10.623,1.1133,bite
1068152,0.2297,0.7797,-0.4296,-3.4043,7.3223,-5.8789,bite
1068175,0.4233,0.6787,-0.4089,-1.5449,3.3047,-14.0254,bite
1068198,-0.2455,0.5961,-0.4924,-0.7695,1.6035,-16.6543,bite
1068221,-0.0291,0.6597,-0.5608,-0.7715,0.875,-15.584,bite
1068244,0.0229,0.7349,-0.5664,-1.9141,2.0996,-9.6113,bite
1068267,0.1166,0.7185,-0.4115,-2.8984,3.5996,-4.1602,bite
1068290,0.1785,0.7129,-0.4014,-4.1289,6.2793,4.3066,bite
1068313,0.14,0.709,-0.4734,-4.6016,8.0176,9.2383,bite
1068336,0.0802,0.7172,-0.4592,-4.7129,9.9922,14.4336,bite
1068359,0.002,0.7395,-0.4227,-4.4277,10.7344,16.2988,bite
1068382,0.0084,0.6931,-0.4962,-3.627,10.4668,15.748,bite
1068405,0.171,0.7209,-0.4485,-2.6875,9.0937,12.916,bite
1068428,0.0999,0.712,-0.4237,-2.1387,7.6895,10.2305,bite
1068451,0.1929,0.7312,-0.4016,-1.5664,5.2148,5.9238,bite
1068474,0.0829,0.7268,-0.4847,-1.3828,3.6094,3.2812,bite
1068497,-0.027,0.6733,-0.4833,-1.4727,1.8398,0.1562,bite
1068520,0.0605,0.7334,-0.4662,-2.0566,1.2676,-1.6797,other
1068543,-0.0072,0.7681,-0.4895,-2.6562,1.5352,-2.2402,other
1068566,0.05,0.72,-0.4812,-3.6758,2.5547,-2.5762,other
1068589,0.1099,0.6884,-0.4573,-4.3496,3.3008,-2.9199,other
1068612,0.132,0.708,-0.4004,-5.2461,3.9004,-4.2695,other
1068635,0.0308,0.7307,-0.4229,-5.8633,3.4043,-6.6582,other
1068658,-0.0822,0.7473,-0.4784,-6.0254,2.4199,-8.457,other
1068681,-0.2208,0.7339,-0.4165,-5.7578,0.1387,-10.8477,other
1068704,0.0529,0.7441,-0.4658,-5.1895,-1.7871,-12.1816,other
1068727,0.222,0.8646,-0.4369,-3.8164,-5.1309,-14.3594,other
1068750,0.2687,0.8477,-0.4506,-2.1953,-8.6348,-17.1855,other
1068773,0.0846,0.798,-0.3383,-1.2559,-10.6484,-19.0156,other
1068796,0.1417,0.7156,-0.4138,-1.2422,-12.6426,-20.0488,other
1068819,0.1292,0.668,-0.3668,-2.6836,-13.1699,-18.5723,other
1068842,0.1323,0.6757,-0.4266,-7.4922,-12.709,-12.0645,other
1068865,-0.0099,0.6802,-0.385,-12.2285,-11.5332,-4.8516,other
1068888,0.0834,0.6716,-0.4393,-20.377,-8.3242,9.3203,other
1068911,0.1272,0.6864,-0.4576,-27.7207,-3.6328,25.3477,other
1068934,0.0475,0.7358,-0.4183,-31.0293,0.0,35.6523,other
1068957,0.1312,0.7603,-0.5167,-32.3418,5.9082,48.6777,other
1068980,0.2559,0.8103,-0.4645,-30.4102,10.084,54.9258,other
1069003,0.3617,0.796,-0.494,-23.252,16.4258,59.791,other
1069026,0.3798,0.7688,-0.4636,-11.7012,22.2969,59.1875,other
1069049,0.3524,0.7383,-0.4203,-2.3145,25.6992,56.2969,other
1069072,0.3406,0.7185,-0.4524,12.7559,29.9297,49.834,other
1069095,0.3115,0.6913,-0.4757,22.4844,32.1699,45.1816,other
1069118,0.3582,0.6458,-0.4082,35.1289,34.6152,39.1875,other
1069141,0.4304,0.5934,-0.3285,44.2617,35.7012,35.2461,other
1069164,0.4382,0.5431,-0.3065,48.0137,35.3984,33.7773,other
1069187,0.4524,0.5034,-0.4143,49.8066,33.0938,32.9551,other
1069210,0.3245,0.4587,-0.5258,48.3398,30.2813,33.0781,other
1069233,0.2836,0.4495,-0.5289,42.3047,24.4063,33.8125,other
1069256,0.2988,0.4487,-0.5446,36.1172,19.6621,34.2988,other
1069279,0.3214,0.4728,-0.5375,24.7461,11.6621,34.1387,other
1069302,0.3676,0.5214,-0.6078,12.5879,2.7344,31.8281,other
1069325,0.2782,0.5861,-0.6558,4.9668,-3.7852,28.7188,other
1069348,0.2233,0.6165,-0.6106,-4.6797,-14.2715,21.8301,other
1069371,0.1613,0.5964,-0.6309,-9.5,-21.3203,16.1328,other
1069394,0.1816,0.6272,-0.4443,-13.9687,-30.9785,6.832,other
1069417,0.3413,0.6593,-0.3328,-15.2305,-38.5508,-2.3789,other
1069440,0.4799,0.6158,-0.5874,-14.6934,-42.1758,-8.0527,other
1069463,0.4073,0.5962,-0.7198,-13.0117,-45.3633,-15.2305,other
1069486,0.1794,0.6199,-0.6259,-11.957,-45.8066,-18.6016,other
1069509,0.0566,0.6787,-0.4471,-10.918,-43.4004,-20.5625,other
1069532,0.1725,0.6921,-0.2551,-10.2441,-37.2441,-18.4492,other
1069555,0.3285,0.5785,-0.6079,-9.8555,-31.6445,-15.2969,other
1069578,0.4707,0.5356,-0.8074,-9.6797,-22.6602,-9.5293,other
1069601,0.1542,0.6428,-0.4557,-10.0117,-17.1797,-5.8516,other
1069624,0.1862,0.6425,-0.4475,-10.8887,-10.4297,-1.3613,other
1069647,0.4136,0.6255,-0.6259,-11.3887,-6.957,0.7676,other
1069670,0.2191,0.6711,-0.5509,-11.5645,-3.3066,2.5605,other
1069693,0.2926,0.7555,-0.5513,-10.7227,-1.3438,2.7852,other
1069716,0.2441,0.7167,-0.4889,-9.5371,-0.8574,2.209,other
1069739,0.2373,0.6475,-0.5221,-7.123,-1.2285,0.4844,other
1069762,0.2205,0.6193,-0.5566,-5.3555,-2.0625,-1.0684,other
1069785,0.2463,0.6614,-0.5427,-2.8574,-3.7969,-3.6406,other
1069808,0.24,0.6893,-0.5409,-0.8242,-5.5703,-6.0371,other
1069831,0.2632,0.7325,-0.5671,0.2051,-6.5234,-7.3164,other
1069854,0.381,0.8242,-0.5505,1.293,-7.3613,-8.5508,other
1069877,0.1986,0.7152,-0.7938,1.7656,-7.3828,-8.8359,other
1069900,0.1711,0.6404,-0.9745,1.9336,-6.3965,-8.3848,other
1069923,0.1667,0.6173,-0.6548,1.5957,-4.4453,-7.1172,other
1069946,0.1257,0.545,-0.4276,1.7461,-2.9277,-6.125,other
1069969,0.0455,0.4681,-0.286,3.7637,-0.9004,-4.8867,other
1069992,0.0844,0.3802,-0.4574,6.5742,0.0605,-4.4453,other
1070015,0.1085,0.4,-0.5122,12.252,0.6152,-4.6641,other
1070038,0.1511,0.5096,-0.4832,16.1543,0.2871,-6.0039,other
1070061,0.2804,0.6097,-0.4854,20.752,-1.2598,-7.8535,other
1070084,0.3979,0.6119,-0.6338,22.6211,-3.791,-11.3301,other
1070107,0.3464,0.6078,-0.6962,21.957,-5.7441,-13.9668,other
1070130,0.1589,0.6136,-0.7086,18.1426,-8.4258,-17.5176,other
1070153,0.0897,0.6646,-0.501,14.1855,-9.584,-19.0195,other
1070176,0.173,0.6284,-0.5178,7.4297,-9.8184,-19.3457,other
1070199,0.2786,0.5608,-0.6764,1.0313,-8.3496,-17.4512,other
1070222,0.2411,0.5698,-0.6586,-2.6348,-6.7891,-15.2988,other
1070245,0.0863,0.6595,-0.4132,-6.9082,-4.1562,-11.2832,other
1070268,0.1575,0.7043,-0.5416,-8.7891,-2.3828,-8.332,other
1070291,0.314,0.7104,-0.6039,-10.2227,0.1816,-3.9844,other
1070314,0.225,0.6492,-0.6782,-10.6152,2.5195,-0.4102,other
1070337,0.1592,0.5887,-0.5548,-10.7891,3.8477,1.2637,other
1070360,0.1155,0.5607,-0.5209,-11.5508,5.2363,2.5566,other
1070383,0.165,0.5846,-0.4388,-12.5781,5.6641,2.6543,other
1070406,0.2356,0.6376,-0.5221,-14.8926,5.5508,1.918,other
1070429,0.177,0.6604,-0.748,-16.8516,5.0762,0.5703,other
1070452,0.1539,0.6517,-0.5155,-20.1934,4.0762,-0.3223,other
1070475,0.1813,0.6431,-0.5,-23.6855,3.0332,-1.5605,other
1070498,0.1943,0.7169,-0.4967,-25.8945,2.457,-2.2324,other
1070521,0.1796,0.7056,-0.5504,-28.5684,1.9395,-2.9512,bite
1070544,0.1846,0.6497,-0.5055,-29.6309,1.8496,-3.1934,bite
1070567,0.2106,0.6431,-0.4835,-29.8926,2.0547,-3.1309,bite
1070590,0.1561,0.6366,-0.5063,-28.5,2.5566,-2.5234,bite
1070613,0.0922,0.6002,-0.5066,-26.7109,2.9434,-1.8359,bite
1070636,0.2312,0.6858,-0.4839,-23.0078,3.5195,-0.418,bite
1070659,0.3228,0.7513,-0.507,-20.0723,3.9961,0.791,bite
1070682,0.2483,0.6501,-0.5137,-15.2891,5.0918,2.998,bite
1070705,0.1906,0.6359,-0.5059,-10.4785,6.6211,5.4727,bite
1070728,0.1936,0.6693,-0.5072,-7.5215,7.7031,7.0625,bite
1070751,0.2335,0.6531,-0.5103,-3.75,9.1836,9.0723,bite
1070774,0.2388,0.6318,-0.5132,-1.7305,10.0684,10.1074,bite
1070797,0.2684,0.6376,-0.4896,0.6211,11.3965,11.334,bite
1070820,0.2854,0.6605,-0.5079,1.834,12.3789,12.6035,bite
1070843,0.2885,0.7262,-0.533,3.4043,14.1133,13.457,bite
1070866,0.3646,0.6917,-0.4827,5.1797,16.2266,15.1719,bite
1070889,0.3646,0.7095,-0.5831,6.7891,17.8867,16.4727,bite
1070912,0.4543,0.7299,-0.5242,10.3008,20.7051,18.5137,bite
1070935,0.4474,0.6581,-0.7225,13.6406,22.543,19.9004,bite
1070958,0.496,0.5616,-0.8632,20.7422,24.3828,22.1797,bite
1070981,0.2761,0.549,-0.4762,31.3164,24.8379,25.0391,bite
1071004,0.1251,0.5454,-0.1273,40.5938,25.3477,27.3516,bite
1071027,0.2727,0.3904,-0.2863,57.2754,28.5566,31.0254,bite
1071050,0.5623,0.4031,-0.6364,63.998,32.9336,32.9336,bite
1071073,0.6782,0.4012,-0.8008,63.998,42.125,33.5762,bite
1071096,0.8287,0.3894,-0.8849,63.998,52.4805,30.5137,bite
1071119,0.7286,0.4261,-0.708,63.998,59.1328,26.5215,bite
1071142,0.6588,0.4393,-0.4889,63.998,63.998,18.9863,bite
1071165,0.7014,0.406,-0.5245,63.998,63.998,14.0527,bite
1071188,0.6904,0.3148,-0.6178,63.9766,63.998,8.5723,bite
1071211,0.7495,0.2285,-0.6241,51.6738,63.998,6.7383,bite
1071234,0.7068,0.1608,-0.6093,32.0508,63.998,7.7969,bite
1071257,0.6132,0.1162,-0.536,12.9473,63.998,12.6465,bite
1071280,0.4779,0.0908,-0.3969,1.6289,63.998,17.8223,bite
1071303,0.3409,0.0978,-0.1921,-11.7148,63.998,27.8633,bite
1071326,0.4751,0.1982,-0.2068,-17.666,63.998,35.4551,bite
1071349,0.8667,0.2699,-0.5371,-22.3516,55.8145,46.6289,bite
1071372,1.1429,0.3134,-0.8916,-23.5938,43.9219,55.4512,bite
1071395,1.1193,0.3361,-0.8723,-23.5996,35.4961,59.2129,bite
1071418,1.0554,0.3129,-0.6926,-22.9883,22.168,61.5957,bite
1071441,0.9659,0.2422,-0.5771,-21.7656,13.3711,61.5059,bite
1071464,0.8818,0.1404,-0.5157,-17.5273,1.416,60.25,bite
1071487,0.7113,0.0432,-0.4644,-9.5195,-8.375,59.5293,bite
1071510,0.5292,-0.0198,-0.3794,-2.1621,-13.6777,60.2695,bite
1071533,0.3691,-0.0717,-0.3358,10.9336,-19.7773,63.9707,bite
1071556,0.2433,-0.1333,-0.4017,20.1191,-22.4414,63.998,bite
1071579,0.2578,-0.0814,-0.4254,32.6523,-23.9414,63.998,bite
1071602,0.47,0.004,-0.3911,39.1328,-23.2031,63.998,bite
1071625,0.6675,-0.0051,-0.5089,44.7441,-20.0117,63.998,bite
1071648,0.9235,0.006,-0.6998,44.4902,-15.8418,63.998,bite
1071671,1.0526,-0.0306,-0.8264,40.9414,-13.6172,63.998,bite
1071694,1.1234,-0.0797,-0.8921,31.2695,-12.5605,63.998,bite
1071717,1.2137,-0.0808,-0.8527,22.9102,-13.7988,63.998,bite
1071740,1.0933,-0.1052,-0.7825,10.0137,-18.2773,47.5117,bite
1071763,0.8992,-0.1324,-0.6594,0.0293,-24.0801,31.623,bite
1071786,0.6924,-0.1892,-0.5209,-3.5215,-27.2598,23.5371,bite
1071809,0.5797,-0.2434,-0.4717,-3.2793,-29.2715,17.4746,bite
1071832,0.5538,-0.2649,-0.4769,0.2773,-28.3516,18.0215,bite
1071855,0.5576,-0.2806,-0.4968,9.0176,-23.7559,25.0801,bite
1071878,0.5409,-0.3025,-0.5059,19.168,-16.1094,37.334,bite
1071901,0.5162,-0.3384,-0.5057,25.334,-9.7461,46.7949,bite
1071924,0.5142,-0.3483,-0.4471,32.2715,1.1875,60.5938,bite
1071947,0.5946,-0.3562,-0.397,34.9668,9.0449,63.998,bite
1071970,0.7266,-0.3812,-0.4194,36.0254,20.6816,63.998,bite
1071993,0.8452,-0.4269,-0.5127,34.8633,30.5703,63.998,bite
1072016,0.9073,-0.4338,-0.5828,30.668,35.3242,63.998,bite
1072039,0.858,-0.4194,-0.5608,24.2344,38.8809,63.998,bite
1072062,0.8169,-0.3965,-0.4755,19.3262,38.7676,60.0781,bite
1072085,0.8004,-0.4031,-0.4833,12.2109,35.5703,46.3281,bite
1072108,0.8301,-0.4192,-0.5383,8.1914,32.0938,36.9258,bite
1072131,0.8588,-0.4233,-0.5721,3.7168,25.9395,23.9316,bite
1072154,0.7986,-0.4144,-0.5151,1.1582,19.5566,13.4883,bite
1072177,0.7661,-0.4199,-0.4833,0.4492,15.6094,8.3711,bite
1072200,0.7883,-0.4366,-0.4921,0.6953,10.7637,3.6914,bite
1072223,0.8114,-0.4537,-0.4904,1.5469,8.4531,2.4785,bite
1072246,0.7865,-0.4681,-0.4783,3.4316,6.2949,3.0605,bite
1072269,0.7538,-0.4834,-0.4634,5.5508,5.375,5.7383,bite
1072292,0.7505,-0.4869,-0.4409,6.8867,5.3105,8.1914,bite
1072315,0.8108,-0.4952,-0.4238,8.5996,5.8496,12.1074,bite
1072338,0.8378,-0.5049,-0.444,9.4687,6.4102,14.4863,bite
1072361,0.7883,-0.5126,-0.4594,10.2168,7.0605,17.2891,bite
1072384,0.7681,-0.5187,-0.4767,10.2754,7.2344,19.0605,bite
1072407,0.7708,-0.532,-0.4722,9.6973,7.1855,19.7422,bite
1072430,0.818,-0.5376,-0.4592,8.4824,6.9297,20.1875,bite
1072453,0.8274,-0.5483,-0.4089,7.4766,6.6504,20.2012,bite
1072476,0.8376,-0.571,-0.429,5.9453,6.0762,19.998,bite
1072499,0.8153,-0.6057,-0.4825,5.0117,5.6387,19.8691,bite
1072522,0.7831,-0.616,-0.49,3.7773,4.9961,20.0273,bite
1072545,0.7595,-0.6055,-0.4298,2.7852,4.3633,21.0352,bite
1072568,0.7518,-0.6097,-0.3489,2.3398,3.8984,22.3359,bite
1072591,0.7844,-0.6422,-0.3511,2.0918,3.0762,25.207,bite
1072614,0.7454,-0.6572,-0.4078,2.125,2.3984,27.584,bite
1072637,0.6913,-0.6576,-0.4308,2.0996,1.1758,31.4883,bite
1072660,0.6891,-0.6772,-0.4294,1.498,-0.1426,35.3887,bite
1072683,0.7054,-0.6842,-0.3809,0.6172,-1.0,37.7695,bite
1072706,0.7145,-0.6775,-0.3713,-1.4414,-2.2539,40.7031,bite
1072729,0.7001,-0.6692,-0.3998,-3.2578,-3.1113,42.1016,bite
1072752,0.6737,-0.6874,-0.4811,-6.6172,-4.502,43.2813,bite
1072775,0.6742,-0.7034,-0.4911,-9.2949,-6.0059,43.4434,bite
1072798,0.6876,-0.6746,-0.4207,-13.8945,-7.1426,43.082,bite
1072821,0.7209,-0.6686,-0.4756,-18.8672,-8.9707,42.0039,bite
1072844,0.6733,-0.6685,-0.5386,-22.1914,-10.2695,41.0605,bite
1072867,0.6066,-0.6644,-0.5508,-26.9707,-12.1133,39.6484,bite
1072890,0.5664,-0.6627,-0.5524,-29.9023,-13.0645,38.9492,bite
1072913,0.5602,-0.6644,-0.5072,-33.7051,-13.8633,38.582,bite
1072936,0.5758,-0.6725,-0.5029,-36.5996,-14.041,39.123,bite
1072959,0.5458,-0.6787,-0.5203,-38.0137,-13.9883,39.8984,bite
1072982,0.4846,-0.6825,-0.5515,-39.5391,-13.8359,41.4629,bite
1073005,0.4385,-0.6761,-0.5438,-40.3086,-13.6973,42.6797,bite
1073028,0.3982,-0.6704,-0.5231,-41.2969,-13.3574,44.6484,bite
1073051,0.3226,-0.6736,-0.5201,-42.1914,-12.7383,46.6523,bite
1073074,0.3597,-0.673,-0.5422,-42.7539,-12.0469,47.9004,bite
1073097,0.3834,-0.6638,-0.5894,-43.5488,-10.5176,49.3711,bite
1073120,0.3788,-0.6447,-0.6121,-44.0508,-9.2422,49.9082,bite
1073143,0.3545,-0.6216,-0.5764,-44.6797,-7.0566,49.832,bite
1073166,0.3274,-0.6144,-0.5631,-44.9219,-4.4941,48.6211,bite
1073189,0.4285,-0.6334,-0.6675,-44.8848,-2.5527,47.1797,bite
1073212,0.4589,-0.644,-0.7549,-44.4609,0.4668,44.0273,bite
1073235,0.48,-0.6543,-0.7333,-44.0918,2.2852,41.2813,bite
1073258,0.5022,-0.661,-0.6843,-43.4629,4.2852,36.4043,bite
1073281,0.4496,-0.6553,-0.6428,-42.918,4.9785,32.8945,bite
1073304,0.4459,-0.6456,-0.6622,-41.7363,5.1211,27.8438,bite
1073327,0.4548,-0.6401,-0.7429,-40.0996,4.459,23.7148,bite
1073350,0.4187,-0.6425,-0.7351,-38.8867,3.7051,21.709,bite
1073373,0.4099,-0.6412,-0.6818,-37.1191,2.3164,19.9102,bite
1073396,0.416,-0.6693,-0.7151,-36.0508,1.3496,19.457,bite
1073419,0.4053,-0.6495,-0.7112,-34.6699,-0.0371,19.6602,bite
1073442,0.371,-0.6149,-0.7219,-33.543,-1.3516,20.5898,bite
1073465,0.3719,-0.6097,-0.7852,-32.8848,-2.2207,21.4219,bite
1073488,0.3735,-0.5795,-0.7745,-31.8789,-3.4785,22.6699,bite
1073511,0.3097,-0.5299,-0.6957,-31.0215,-4.2168,23.3223,bite
1073534,0.3441,-0.5172,-0.7533,-29.1191,-5.0723,23.8184,bite
1073557,0.317,-0.4944,-0.7686,-27.3652,-5.7129,23.5703,bite
1073580,0.3136,-0.5281,-0.8376,-24.1484,-6.0391,22.9121,bite
1073603,0.3931,-0.5306,-0.8921,-20.5332,-6.1543,21.0859,bite
1073626,0.3976,-0.5084,-0.7634,-17.9473,-5.7363,19.3027,bite
1073649,0.299,-0.4865,-0.597,-13.4766,-3.8926,15.959,bite
1073672,0.4314,-0.6893,-0.8658,-9.7871,-1.9004,13.5059,bite
1073695,0.2814,-0.6335,-0.8429,-3.0859,0.3437,10.0195,bite
1073718,0.4426,-0.5531,-0.8295,4.2109,-1.3887,6.8555,bite
1073741,0.2758,-0.3993,-0.869,8.9355,-5.4277,4.6777,bite
1073764,0.2397,-0.3455,-0.8549,15.3359,-13.7324,0.8379,bite
1073787,0.0809,-0.353,-0.4598,18.9199,-18.5117,-2.2832,bite
1073810,0.0458,-0.661,-1.3544,22.6016,-21.2012,-7.752,bite
1073833,0.4551,-0.5237,-1.0171,23.377,-18.3047,-13.9727,bite
1073856,0.4365,-0.5648,-0.8142,22.8496,-14.873,-18.5996,bite
1073879,0.4457,-0.6532,-0.7319,22.9141,-10.2539,-26.3398,bite
1073902,0.3638,-0.7576,-0.568,24.9531,-8.5586,-31.9219,bite
1073925,0.3173,-0.8127,-0.4177,32.4316,-8.5254,-40.541,bite
1073948,0.2798,-0.8655,-0.3568,45.3633,-10.959,-49.0547,bite
1073971,0.2435,-0.8953,-0.3436,55.2422,-13.5684,-54.6035,bite
1073994,0.2642,-0.8625,-0.2582,63.998,-18.709,-62.9707,bite
1074017,0.2664,-0.8002,-0.2361,63.998,-22.9844,-64.0,bite
1074040,0.3602,-0.7325,-0.2767,63.998,-30.8926,-64.0,bite
1074063,0.4307,-0.6913,-0.391,63.998,-37.2949,-64.0,bite
1074086,0.5582,-0.665,-0.4092,63.998,-48.4707,-64.0,bite
1074109,0.5693,-0.6016,-0.4747,63.998,-60.4668,-64.0,bite
1074132,0.4838,-0.5217,-0.4526,51.1582,-64.0,-64.0,bite
1074155,0.4259,-0.387,-0.321,25.0703,-64.0,-64.0,bite
1074178,0.36,-0.2664,-0.3373,6.3301,-64.0,-64.0,bite
1074201,0.4343,-0.1625,-0.5134,-21.8848,-64.0,-64.0,bite
1074224,0.5667,-0.1226,-0.7906,-48.7949,-64.0,-64.0,bite
1074247,0.6246,-0.1099,-0.9415,-64.0,-64.0,-64.0,bite
1074270,0.6661,-0.0822,-0.9796,-64.0,-57.0918,-64.0,bite
1074293,0.6586,-0.0804,-0.9055,-64.0,-51.375,-64.0,bite
1074316,0.5562,-0.0471,-0.8503,-64.0,-43.3965,-64.0,bite
1074339,0.4692,-0.0088,-0.7888,-64.0,-34.4824,-64.0,bite
1074362,0.525,0.0551,-0.8214,-64.0,-27.0586,-64.0,bite
1074385,0.6764,0.1597,-0.9983,-64.0,-13.1504,-64.0,bite
1074408,0.7052,0.2944,-1.0349,-64.0,-2.541,-64.0,bite
1074431,0.6611,0.3419,-1.0035,-64.0,13.6504,-64.0,bite
1074454,0.6726,0.3483,-0.9377,-64.0,23.6406,-64.0,bite
1074477,0.7059,0.3625,-0.917,-64.0,35.877,-56.8633,bite
1074500,0.6582,0.3491,-0.856,-64.0,43.1621,-40.7871,bite
1074523,0.5824,0.3064,-0.7799,-64.0,44.7188,-31.7656,bite
1074546,0.5187,0.2659,-0.7684,-64.0,42.2617,-21.4551,bite
1074569,0.5176,0.2463,-0.7147,-58.1543,37.998,-16.8066,bite
1074592,0.5823,0.2195,-0.7454,-42.4395,29.0195,-12.957,bite
1074615,0.6486,0.2048,-0.7247,-28.0039,18.4609,-12.3477,bite
1074638,0.6531,0.2047,-0.6544,-19.5781,11.2168,-13.3379,bite
1074661,0.6042,0.2096,-0.6283,-9.1543,0.9961,-16.0117,bite
1074684,0.5347,0.1981,-0.6252,-3.7832,-4.7734,-17.9141,bite
1074707,0.5271,0.1929,-0.6609,1.8672,-10.9258,-19.8418,bite
1074730,0.564,0.2036,-0.7007,4.5449,-13.5996,-19.8438,bite
1074753,0.5306,0.2131,-0.6868,5.0742,-13.6328,-18.6758,bite
1074776,0.5193,0.2272,-0.6912,3.8613,-11.7246,-15.4512,bite
1074799,0.514,0.2427,-0.6893,2.1699,-9.6016,-12.6191,bite
1074822,0.49,0.2455,-0.6765,-1.0703,-5.9277,-7.9375,bite
1074845,0.5111,0.2457,-0.7179,-3.3672,-3.5098,-4.8789,bite
1074868,0.5365,0.2329,-0.7789,-6.5859,-0.3457,-0.9707,bite
1074891,0.5341,0.2522,-0.7521,-9.2207,1.9316,1.584,bite
1074914,0.5356,0.2588,-0.7063,-10.5039,2.8867,2.3789,bite
1074937,0.5568,0.2479,-0.7461,-11.5488,3.5703,2.2227,bite
1074960,0.5776,0.2375,-0.7371,-11.6348,3.6035,1.332,bite
1074983,0.5756,0.239,-0.7054,-10.9316,3.1211,-0.8691,bite
1075006,0.572,0.2377,-0.6919,-9.4199,2.1875,-3.5664,bite
1075029,0.5508,0.245,-0.6823,-8.1016,1.4512,-5.2969,bite
1075052,0.5266,0.2441,-0.6899,-5.9395,0.4043,-7.3281,bite
1075075,0.5519,0.2407,-0.715,-4.5664,-0.1328,-8.1211,bite
1075098,0.5652,0.2363,-0.7036,-2.9121,-0.6289,-8.3906,bite
1075121,0.5614,0.2391,-0.7056,-1.9668,-0.8164,-7.7207,bite
1075144,0.5604,0.2408,-0.6998,-1.7461,-0.8359,-6.8926,bite
1075167,0.5359,0.2351,-0.6863,-1.9141,-0.8047,-5.2773,bite
1075190,0.5131,0.2373,-0.6797,-2.2539,-0.7637,-4.043,bite
1075213,0.5107,0.2424,-0.6837,-2.9238,-0.6309,-2.0859,bite
1075236,0.5315,0.2498,-0.7126,-3.4102,-0.4707,-0.8008,bite
1075259,0.5569,0.2533,-0.7296,-4.166,-0.1367,0.8965,bite
1075282,0.5818,0.2596,-0.7269,-4.9453,0.1992,2.0586,bite
1075305,0.5906,0.2646,-0.7299,-5.4551,0.3398,2.4355,bite
1075328,0.5526,0.2627,-0.703,-6.1074,0.3164,2.4082,bite
1075351,0.5135,0.2507,-0.6949,-6.3828,0.1621,2.0977,bite
1075374,0.4999,0.2421,-0.6821,-6.416,-0.1387,1.4531,bite
1075397,0.5088,0.2343,-0.6809,-5.9219,-0.3613,0.8652,bite
1075420,0.5215,0.2388,-0.6768,-5.3242,-0.4473,0.582,bite
1075443,0.5197,0.2407,-0.6719,-4.1777,-0.5391,0.3223,bite
1075466,0.5208,0.2406,-0.689,-3.3633,-0.5859,0.2324,bite
1075489,0.5239,0.2408,-0.7028,-2.3027,-0.5957,0.1484,bite
1075512,0.5273,0.2427,-0.7061,-1.6758,-0.4492,0.0371,other
1075535,0.545,0.2358,-0.7487,-1.584,-0.2383,-0.0977,other
1075558,0.5605,0.2473,-0.7456,-1.9473,0.2051,-0.4414,other
1075581,0.5636,0.2626,-0.7566,-2.4648,0.5195,-0.7676,other
1075604,0.5416,0.2629,-0.7466,-3.4297,0.8887,-1.3203,other
1075627,0.5221,0.2512,-0.7632,-4.0293,1.0254,-1.6504,other
1075650,0.5293,0.2385,-0.7776,-4.5488,1.0469,-1.9609,other
1075673,0.5535,0.2352,-0.7238,-4.2734,0.7617,-2.0,other
1075696,0.5621,0.2434,-0.6796,-3.4922,0.3242,-1.8926,other
1075719,0.551,0.2428,-0.6396,-1.3301,-0.752,-1.5605,other
1075742,0.5193,0.2091,-0.6982,0.6973,-1.6777,-1.2402,other
1075765,0.5101,0.1725,-0.7345,4.2246,-3.1113,-0.6992,other
1075788,0.5392,0.1444,-0.6252,7.7344,-4.4805,-0.2578,other
1075811,0.5275,0.1584,-0.5507,9.834,-5.4434,-0.1191,other
1075834,0.3568,0.1849,-0.6675,12.4648,-7.0625,-0.0703,other
1075857,0.2244,0.1798,-1.0721,13.7734,-8.0488,0.0801,other
1075880,0.3728,0.2465,-1.1387,14.9824,-8.8242,0.8398,other
1075903,0.6663,0.3304,-0.9244,15.9277,-8.5273,1.9043,other
1075926,0.7599,0.2693,-0.7605,17.1836,-7.7363,2.1191,other
1075949,0.7274,0.1598,-0.7783,21.0762,-5.3145,0.6934,other
1075972,0.6392,0.0376,-0.8577,25.2012,-2.5312,-1.5605,other
1075995,0.6492,0.0674,-0.75,33.2754,3.875,-6.2109,other
1076018,0.5763,0.0737,-0.5979,39.5488,9.6875,-10.8906,other
1076041,0.4801,0.064,-0.4449,49.6602,20.4082,-12.7383,other
1076064,0.5088,0.0266,-0.4353,59.498,32.75,-12.9023,other
1076087,0.6862,-0.0652,-0.5944,63.998,40.9355,-10.9941,other
1076110,0.8049,-0.1642,-0.8998,63.998,50.8398,-5.8281,other
1076133,0.7502,-0.1451,-0.8456,63.998,54.5332,-1.582,other
1076156,0.6233,-0.0819,-0.7788,63.998,54.875,4.8145,other
1076179,0.6451,-0.0123,-0.6923,61.6191,50.5566,10.2656,other
1076202,0.7523,-0.0785,-0.4996,58.8809,47.1309,12.8594,other
1076225,0.8665,0.0933,-0.0675,58.0762,44.6719,14.543,other
1076248,0.8309,-0.349,-1.104,59.9551,46.2344,14.3105,other
1076271,0.7966,-0.2651,-0.7788,63.998,54.1855,13.207,other
1076294,0.8571,-0.2228,-0.3195,63.998,63.998,13.4062,other
1076317,0.8822,-0.2498,-0.0023,63.998,63.998,15.2383,other
1076340,0.9579,-0.3545,0.0099,63.998,63.998,21.2266,other
1076363,0.9547,-0.4639,-0.1715,63.998,63.998,27.5176,other
1076386,0.8229,-0.3654,0.0809,63.998,63.998,39.9746,other
1076409,0.7737,-0.1835,0.2236,63.998,63.998,54.7422,other
1076432,0.5715,-0.3729,0.1462,63.998,63.998,63.998,other
1076455,0.4901,-0.3448,0.4154,63.998,63.998,63.998,other
1076478,0.4641,-0.2736,0.6069,63.998,63.998,63.998,other
1076501,0.1287,-0.0944,0.9717,63.998,63.998,63.998,other
1076524,0.0967,-0.2289,1.1261,63.998,63.998,63.998,other
1076547,0.5371,-0.3444,0.9347,63.998,63.998,63.998,other
1076570,0.7305,-0.3319,0.7621,63.998,63.998,63.998,other
1076593,0.5117,-0.2716,0.9886,63.998,63.998,63.998,other
1076616,0.6514,-0.4124,1.146,63.998,63.998,63.998,other
1076639,0.5945,-0.9819,0.4507,63.998,63.998,59.7695,other
1076662,0.6129,-0.4755,0.7057,63.998,63.998,43.7871,other
1076685,0.299,-0.3401,1.1399,32.8066,61.0215,34.0684,other
1076708,0.1627,-0.4712,1.0909,13.332,55.8359,31.5762,other
1076731,0.251,-0.5959,1.4056,-7.4043,52.6035,33.4473,other
1076754,0.2827,-0.4062,1.0414,-13.9707,52.1465,37.3926,other
1076777,0.2354,-0.3218,0.892,-13.2715,52.3379,44.0664,other
1076800,0.1216,-0.3311,1.1215,-7.3828,52.8086,47.2832,other
1076823,0.0652,-0.2753,1.1326,5.7793,53.2988,46.1484,other
1076846,0.1816,-0.3704,0.8613,19.3086,52.7266,39.5488,other
1076869,0.3156,-0.3201,0.7979,25.9453,51.6719,32.4336,other
1076892,0.266,-0.3782,0.877,29.7539,48.4551,18.8496,other
1076915,0.1508,-0.3856,0.7963,27.9531,44.9609,8.7207,other
1076938,0.2971,-0.4325,0.7871,20.3594,38.0313,-6.2891,other
1076961,0.6196,-0.4113,0.8616,10.7969,28.8965,-18.9121,other
1076984,0.5961,-0.3777,0.9884,5.9121,20.8145,-24.7012,other
1077007,0.4573,-0.4181,0.8713,3.8867,5.1211,-26.9219,other
1077030,0.2269,-0.2172,0.9016,6.9004,-6.5723,-22.7871,other
1077053,0.1489,-0.224,1.2432,18.0996,-21.6797,-7.4746,other
1077076,0.0699,-0.4205,1.175,35.666,-30.0195,17.1406,other
1077099,0.0807,-0.1508,1.3243,49.0098,-32.3555,36.8555,other
1077122,0.2864,-0.2786,0.9377,63.998,-34.5371,63.998,other
1077145,0.5465,-0.2214,0.7179,63.998,-36.8262,63.998,other
1077168,0.611,-0.3873,1.0686,63.998,-41.1973,63.998,other
1077191,0.5052,-0.2388,1.1724,63.998,-42.5742,63.998,other
1077214,0.163,-0.2728,1.0518,63.998,-38.457,63.998,other
1077237,-0.0624,-0.308,0.9718,63.2578,-25.1602,63.998,other
1077260,0.0725,-0.2554,1.1976,51.1406,-11.543,63.998,other
1077283,0.2324,-0.3315,0.954,31.375,13.3477,58.9277,other
1077306,0.2039,-0.2645,0.7964,17.9414,29.7227,45.0625,other
1077329,0.2126,-0.2736,0.8865,-1.9648,47.3086,24.0391,other
1077352,0.2611,-0.2145,0.9781,-20.0059,51.1484,3.9648,other
1077375,0.2601,-0.3129,1.1565,-29.2656,45.9746,-8.3398,other
1077398,0.239,-0.1558,0.949,-36.2441,30.9453,-24.6289,other
1077421,0.14,-0.1396,0.9801,-35.7363,18.9805,-33.6953,other
1077444,0.2272,-0.197,1.028,-28.5352,1.6934,-44.0195,other
1077467,0.3054,-0.2765,0.8894,-17.0293,-12.7812,-50.1563,other
1077490,0.4443,-0.3478,0.9569,-9.1621,-20.7031,-52.123,other
1077513,0.4507,-0.2926,1.0405,0.5176,-30.459,-52.5586,other
1077536,0.5099,-0.224,0.9949,5.0605,-36.1191,-51.5195,other
1077559,0.5054,-0.2533,0.8804,9.2305,-44.4531,-48.3379,other
1077582,0.5358,-0.2415,0.8929,10.5664,-50.1387,-43.4043,other
1077605,0.455,-0.1693,0.9576,11.1309,-58.3809,-39.2285,other
1077628,0.4086,-0.1941,0.892,11.0312,-64.0,-31.9082,other
1077651,0.5701,-0.1791,0.9526,11.0645,-64.0,-26.6133,other
1077674,0.4951,-0.1836,0.9414,11.6777,-64.0,-18.9199,other
1077697,0.5079,-0.1627,0.9031,12.5117,-62.3691,-14.4648,other
1077720,0.4045,-0.2234,0.77,14.1406,-52.1914,-9.252,other
1077743,0.4484,-0.1276,0.9718,15.9258,-38.1914,-5.7305,other
1077766,0.5048,-0.0654,1.1101,17.373,-27.959,-4.2031,other
1077789,0.5028,-0.1002,0.9335,20.1914,-13.1895,-2.9746,other
1077812,0.442,-0.1243,0.9413,22.166,-4.6602,-2.6738,other
1077835,0.4489,-0.1355,0.9341,24.2637,5.2246,-2.5742,other
1077858,0.4506,-0.1527,0.9358,24.2695,11.2949,-2.3828,other
1077881,0.4541,-0.1312,0.929,22.834,13.3203,-1.9902,other
1077904,0.4828,-0.1494,0.9191,18.6504,13.7656,-0.8594,other
1077927,0.4783,-0.136,0.9347,14.8086,12.7012,0.2422,other
1077950,0.49,-0.1409,0.897,8.2539,9.8613,2.2148,other
1077973,0.4872,-0.1462,0.8888,3.8633,6.6387,4.1465,other
1077996,0.5377,-0.1486,0.8842,-1.9883,4.7461,5.168,other
1078019,0.293,-0.1378,1.0414,-6.3301,3.9922,6.0547,other
1078042,0.1838,-0.1331,1.0651,-8.1621,5.9238,6.1738,other
1078065,0.4578,-0.1556,0.9105,-9.2734,12.9609,5.7051,other
1078088,0.2723,-0.1393,1.0234,-9.1133,19.2578,4.9746,other
1078111,0.3223,-0.1447,0.9827,-8.1035,28.8926,3.0566,other
1078134,0.3405,-0.1602,0.9486,-6.9687,36.6523,-0.2012,other
1078157,0.5128,-0.1327,0.9324,-6.5293,40.0762,-3.2871,other
1078180,0.3297,-0.1483,0.9857,-6.6621,43.2422,-9.4434,other
1078203,0.1156,-0.1215,1.0452,-7.1836,45.2754,-14.25,other
1078226,-0.0247,-0.1227,1.084,-8.0801,50.3457,-21.2266,other
1078249,0.0602,-0.1212,1.0558,-8.4824,58.6504,-26.2305,other
1078272,0.2269,-0.1423,1.0093,-8.3262,63.998,-27.7871,other
1078295,0.2065,-0.1433,1.0127,-7.5605,63.998,-27.1211,other
1078318,0.2136,-0.1431,1.0134,-6.8281,63.998,-24.8379,other
1078341,0.0411,-0.1246,1.0564,-5.5781,63.998,-19.4121,other
1078364,-0.0051,-0.127,1.0503,-4.709,60.5234,-12.7891,other
1078387,0.0341,-0.1318,1.0472,-3.416,55.4199,-8.377,other
1078410,0.0975,-0.1321,1.038,-2.2676,48.1563,-2.5527,other
1078433,-0.0791,-0.1206,1.0532,-1.6621,43.9844,0.4902,other
1078456,0.0593,-0.1334,1.0371,-1.0762,38.4863,3.541,other
1078479,0.1344,-0.1373,1.0314,-0.9316,34.8477,4.5801,other
1078502,0.0587,-0.1321,1.0413,-1.1152,28.4355,4.873,other
1078525,0.0474,-0.1299,1.041,-1.6836,20.8906,4.0547,other
1078548,-0.0035,-0.1246,1.0453,-2.1719,15.832,3.1406,other
1078571,0.0356,-0.1293,1.0443,-2.9043,9.2676,1.5645,other
1078594,0.0597,-0.132,1.0398,-3.334,5.8242,0.5508,other
1078617,0.0557,-0.1315,1.0396,-3.8574,1.834,-0.6992,other
1078640,0.0673,-0.1304,1.0343,-4.2383,-1.1895,-1.4941,other
1078663,0.0503,-0.1311,1.0444,-4.418,-2.8184,-1.7559,other
1078686,0.0446,-0.13,1.0424,-4.5762,-4.6777,-1.7988,other
1078709,0.063,-0.1326,1.0364,-4.6152,-5.4707,-1.6484,other
1078732,0.0663,-0.1342,1.0402,-4.5937,-5.9883,-1.2656,other
1078755,0.0468,-0.1302,1.0441,-4.5391,-5.8145,-0.8145,other
1078778,0.052,-0.129,1.0393,-4.416,-5.3633,-0.5371,other
1078801,0.0581,-0.1315,1.0415,-4.2637,-4.2852,-0.209,other
1078824,0.0447,-0.132,1.043,-4.1582,-3.4004,-0.0645,other
1078847,0.0437,-0.1299,1.0411,-4.0117,-2.0273,0.0371,other
1078870,0.0514,-0.1307,1.0408,-3.9336,-1.1992,0.041,other
1078893,0.0614,-0.1301,1.0416,-3.8574,-0.334,-0.0234,other
1078916,0.0748,-0.1318,1.0397,-3.8457,-0.1406,-0.127,other
1078939,0.0623,-0.1321,1.041,-3.873,-0.416,-0.2012,other
1078962,0.0568,-0.131,1.0402,-3.9434,-1.2832,-0.2988,other
1078985,0.0693,-0.1307,1.0398,-3.998,-2.0098,-0.3496,other
1079008,0.0743,-0.1322,1.0371,-4.0742,-3.0781,-0.4023,other
1079031,0.05,-0.1304,1.0432,-4.127,-3.9082,-0.4219,other
1079054,0.0801,-0.1326,1.0387,-4.1484,-4.248,-0.4199,other
1079077,0.0808,-0.1328,1.0398,-4.1621,-4.4355,-0.3926,other
1079100,0.0663,-0.1313,1.0406,-4.1621,-4.3633,-0.3652,other
1079123,0.0615,-0.1309,1.0419,-4.1426,-3.9121,-0.3164,other
1079146,0.0557,-0.1302,1.0406,-4.1133,-2.9922,-0.2734,other
1079169,0.0529,-0.1318,1.0439,-4.0449,-2.1426,-0.2539,other
1079192,0.0619,-0.1328,1.0416,-3.9609,-0.6797,-0.2402,other
1079215,0.0573,-0.1328,1.0424,-3.9082,0.2793,-0.2402,other
1079238,0.0586,-0.1301,1.0383,-3.8496,1.4492,-0.25,other
1079261,0.0623,-0.1316,1.0431,-3.8281,1.9531,-0.2637,other
1079284,0.0623,-0.1313,1.0393,-3.8242,2.2324,-0.291,other
1079307,0.0569,-0.1302,1.0364,-3.8496,1.998,-0.3184,other
1079330,0.0563,-0.1332,1.0398,-3.873,1.6523,-0.3359,other
1079353,0.0546,-0.1317,1.0409,-3.9141,0.9883,-0.3535,other
1079376,0.063,-0.1309,1.0365,-3.9395,0.5098,-0.3594,other
1079399,0.0607,-0.132,1.0388,-3.9707,-0.1992,-0.3574,other
1079422,0.0673,-0.132,1.0388,-3.9961,-0.8652,-0.3496,other
1079445,0.0649,-0.1322,1.0378,-4.0098,-1.2715,-0.3418,other
1079468,0.0581,-0.1318,1.0393,-4.0273,-1.7715,-0.3262,other
1079491,0.0648,-0.1317,1.0389,-4.0371,-1.9902,-0.3164,other
1079514,0.0652,-0.1299,1.0376,-4.0391,-2.1309,-0.3047,other
1079537,0.0642,-0.1299,1.0349,-4.0352,-2.1094,-0.3008,other
1079560,0.0739,-0.1348,1.0455,-4.0273,-2.0586,-0.3008,other
1079583,0.0652,-0.1349,1.0405,-4.0234,-1.9961,-0.3027,other
1079606,0.0696,-0.1281,1.0323,-4.0234,-1.9727,-0.3027,other
1079629,0.0713,-0.1324,1.0413,-4.0254,-1.9336,-0.3027,other
1079652,0.0598,-0.1294,1.0404,-4.0254,-1.8672,-0.3047,other
1079675,0.0665,-0.131,1.0364,-4.0176,-1.6738,-0.3066,other
1079698,0.0924,-0.1329,1.0402,-4.002,-1.3672,-0.3066,other
1079721,0.0782,-0.1345,1.0385,-3.9863,-1.1074,-0.3047,other
1079744,0.0541,-0.1289,1.0378,-3.9648,-0.6953,-0.3008,other
1079767,0.067,-0.131,1.0383,-3.9512,-0.4414,-0.2969,other
1079790,0.0637,-0.1317,1.04,-3.9297,-0.1113,-0.291,other
1079813,0.0718,-0.1317,1.0385,-3.9121,0.1367,-0.2871,other
1079836,0.0474,-0.1318,1.0433,-3.9062,0.2402,-0.2852,other
1079859,0.0682,-0.1333,1.0388,-3.9023,0.3027,-0.2891,other
1079882,0.0697,-0.1312,1.0372,-3.9023,0.2793,-0.293,other
1079905,0.0659,-0.1302,1.0388,-3.9141,0.1133,-0.3008,other
1079928,0.0671,-0.1313,1.0404,-3.9238,-0.1973,-0.3086,other
1079951,0.0739,-0.1328,1.0389,-3.9434,-0.457,-0.3145,other
1079974,0.0629,-0.1312,1.0389,-3.9648,-0.8555,-0.3223,other
1079997,0.0662,-0.1321,1.0393,-3.9746,-1.0762,-0.3223,other
1080020,0.0703,-0.1318,1.0371,-3.9844,-1.2813,-0.3223,other
1080043,0.0636,-0.1312,1.0385,-3.9863,-1.3262,-0.3164,other
1080066,0.0653,-0.1309,1.0409,-3.9824,-1.2695,-0.3047,other
1080089,0.0687,-0.1313,1.0396,-3.9766,-1.0859,-0.2871,other
1080112,0.0665,-0.132,1.0386,-3.9727,-0.9277,-0.2754,other
1080135,0.0651,-0.1315,1.0396,-3.9668,-0.6992,-0.2617,other
1080158,0.0671,-0.1316,1.0396,-3.9668,-0.5781,-0.2539,other
1080181,0.0685,-0.1309,1.0377,-3.9687,-0.4727,-0.25,other
1080204,0.0664,-0.1318,1.0408,-3.9746,-0.4766,-0.25,other
1080227,0.0692,-0.131,1.0385,-3.9805,-0.5352,-0.2539,other
1080250,0.0651,-0.1315,1.0398,-3.9883,-0.6641,-0.2578,other
1080273,0.0649,-0.1312,1.0393,-3.9941,-0.7539,-0.2617,other
1080296,0.0715,-0.1327,1.0388,-3.998,-0.8594,-0.2676,other
1080319,0.0624,-0.1305,1.04,-3.998,-0.9063,-0.2695,other
1080342,0.0691,-0.1311,1.0376,-3.9961,-0.9023,-0.2715,other
1080365,0.0654,-0.1318,1.0389,-3.9902,-0.8594,-0.2734,other
1080388,0.0717,-0.1323,1.037,-3.9844,-0.8145,-0.2754,other
1080411,0.0616,-0.1309,1.0388,-3.9805,-0.75,-0.2832,other
1080434,0.0753,-0.1321,1.0382,-3.9805,-0.7246,-0.2871,other
1080457,0.0736,-0.132,1.0393,-3.9844,-0.7324,-0.2969,other
1080480,0.0571,-0.131,1.0402,-3.9941,-0.7754,-0.3047,other
1080503,0.0659,-0.1321,1.0396,-4.0,-0.7812,-0.3105,other
1080526,0.0719,-0.1311,1.0372,-4.0078,-0.7285,-0.3184,other
1080549,0.0701,-0.1307,1.0391,-4.0098,-0.6738,-0.3223,other
1080572,0.0653,-0.1315,1.0397,-4.0098,-0.5957,-0.3301,other
1080595,0.0665,-0.131,1.0398,-4.0059,-0.5332,-0.3359,other
1080618,0.0691,-0.132,1.0363,-4.002,-0.5,-0.3398,other
1080641,0.0725,-0.1315,1.0377,-3.9961,-0.4883,-0.3437,other
1080664,0.0673,-0.1315,1.0391,-3.9941,-0.5117,-0.3437,other
1080687,0.0614,-0.1304,1.0409,-3.9902,-0.5684,-0.3437,other
1080710,0.0688,-0.1318,1.0371,-3.9863,-0.6133,-0.3398,other
1080733,0.075,-0.1317,1.0386,-3.9766,-0.6406,-0.3379,other
1080756,0.0692,-0.1307,1.0369,-3.9707,-0.709,-0.334,other
