timestamp_ms,accX,accY,accZ,gyroX,gyroY,gyroZ,label
1037,-0.1749,-0.1803,1.0275,-4.1602,-2.1777,-0.3926,other
1060,-0.1661,-0.181,1.0258,-4.1641,-2.2617,-0.3906,other
1083,-0.1697,-0.1819,1.0277,-4.1641,-2.334,-0.3848,other
1106,-0.1707,-0.1821,1.0282,-4.1582,-2.4434,-0.375,other
1129,-0.1708,-0.1804,1.0282,-4.1504,-2.4863,-0.3672,other
1152,-0.1718,-0.181,1.0265,-4.1328,-2.4609,-0.3594,other
1175,-0.173,-0.1808,1.0269,-4.1152,-2.3066,-0.3496,other
1198,-0.1692,-0.1812,1.0273,-4.1035,-2.1367,-0.3437,other
1221,-0.1709,-0.1805,1.0275,-4.0918,-1.8242,-0.3359,other
1244,-0.1704,-0.1816,1.0281,-4.0879,-1.6016,-0.3301,other
1267,-0.1718,-0.1804,1.0284,-4.0957,-1.3008,-0.3203,other
1290,-0.1689,-0.1809,1.0289,-4.1055,-1.1465,-0.3105,other
1313,-0.1667,-0.1804,1.0284,-4.125,-1.0234,-0.3047,other
1336,-0.1685,-0.181,1.027,-4.1465,-1.0469,-0.3008,other
1359,-0.1724,-0.1808,1.0283,-4.1602,-1.125,-0.3027,other
1382,-0.1703,-0.1735,1.0231,-4.1758,-1.2852,-0.3105,other
1405,-0.1799,-0.1827,1.0291,-4.1836,-1.3809,-0.3184,other
1428,-0.1552,-0.1858,1.0271,-4.1855,-1.4297,-0.3437,other
1451,-0.1639,-0.1823,1.0287,-4.1738,-1.3496,-0.3887,other
1474,-0.1735,-0.1815,1.0282,-4.1582,-1.248,-0.4316,other
1497,-0.1689,-0.1803,1.0271,-4.1309,-1.0449,-0.498,other
1520,-0.1676,-0.1808,1.0267,-4.1113,-0.8965,-0.5371,other
1543,-0.171,-0.1813,1.0272,-4.0918,-0.6914,-0.5723,other
1566,-0.1703,-0.1805,1.0256,-4.0859,-0.5293,-0.5703,other
1589,-0.1708,-0.1815,1.0289,-4.0898,-0.4434,-0.5527,other
1612,-0.1747,-0.1816,1.0287,-4.1074,-0.3242,-0.5039,other
1635,-0.1777,-0.1814,1.0272,-4.123,-0.2324,-0.4609,other
1658,-0.1698,-0.1812,1.0276,-4.1465,-0.0762,-0.3965,other
1681,-0.1722,-0.1802,1.0269,-4.1602,0.0234,-0.3398,other
1704,-0.1696,-0.1802,1.0266,-4.1719,0.0,-0.3125,other
1727,-0.1699,-0.1798,1.0287,-4.1738,-0.2148,-0.2891,other
1750,-0.1718,-0.1812,1.0297,-4.1719,-0.4629,-0.2832,other
1773,-0.1667,-0.1826,1.0261,-4.168,-0.918,-0.291,other
1796,-0.1754,-0.1825,1.0273,-4.168,-1.2246,-0.3027,other
1819,-0.1693,-0.181,1.0283,-4.1719,-1.6035,-0.3242,other
1842,-0.1694,-0.1798,1.0272,-4.1836,-1.8145,-0.3398,other
1865,-0.1681,-0.1805,1.0275,-4.1914,-1.8555,-0.3457,other
1888,-0.175,-0.1802,1.027,-4.2051,-1.7656,-0.3477,other
1911,-0.1698,-0.1809,1.0291,-4.2109,-1.6094,-0.3437,other
1934,-0.1738,-0.1809,1.0266,-4.2168,-1.2578,-0.3359,other
1957,-0.1757,-0.1818,1.028,-4.2148,-0.8086,-0.3262,other
1980,-0.1747,-0.1809,1.026,-4.2109,-0.4844,-0.3203,other
2003,-0.1736,-0.1809,1.0267,-4.2031,-0.0137,-0.3125,other
2026,-0.1761,-0.1799,1.0278,-4.1992,0.2598,-0.3086,other
2049,-0.1772,-0.1818,1.0283,-4.1934,0.5801,-0.3066,other
2072,-0.1749,-0.182,1.0259,-4.1914,0.7812,-0.3086,other
2095,-0.1776,-0.1818,1.0265,-4.1914,0.8398,-0.3125,other
2118,-0.1759,-0.1815,1.0267,-4.1934,0.8145,-0.3184,other
2141,-0.1753,-0.1805,1.0281,-4.1953,0.7246,-0.3242,other
2164,-0.178,-0.1808,1.0276,-4.1953,0.502,-0.3281,other
2187,-0.1763,-0.1807,1.0269,-4.1914,0.3145,-0.332,other
2210,-0.1783,-0.1808,1.0276,-4.1836,0.0234,-0.334,other
2233,-0.1815,-0.1816,1.0273,-4.1738,-0.2324,-0.3359,other
2256,-0.1753,-0.1813,1.0266,-4.1641,-0.3672,-0.3359,other
2279,-0.1775,-0.1802,1.028,-4.1484,-0.5254,-0.3359,other
2302,-0.1764,-0.1808,1.0265,-4.1387,-0.6113,-0.3359,other
2325,-0.1809,-0.1814,1.0286,-4.125,-0.7187,-0.3379,other
2348,-0.1764,-0.1799,1.0281,-4.1152,-0.7969,-0.3379,other
2371,-0.1761,-0.1809,1.0287,-4.1133,-0.8418,-0.3359,other
2394,-0.1807,-0.1821,1.0294,-4.1152,-0.9082,-0.3359,other
2417,-0.1737,-0.1821,1.0262,-4.1211,-0.9492,-0.3359,other
2440,-0.1763,-0.1814,1.0271,-4.1348,-1.0059,-0.3379,other
2463,-0.1807,-0.189,1.0286,-4.1523,-1.0371,-0.3398,other
2486,-0.1674,-0.1796,1.0245,-4.1641,-1.0332,-0.3437,other
2509,-0.1926,-0.1776,1.0309,-4.1777,-1.0254,-0.3672,other
2532,-0.17,-0.1796,1.0267,-4.1816,-1.0547,-0.4082,other
2555,-0.1743,-0.1831,1.0277,-4.1758,-1.2109,-0.5098,other
2578,-0.1716,-0.1823,1.0287,-4.168,-1.416,-0.5977,other
2601,-0.1698,-0.179,1.028,-4.1523,-1.877,-0.7324,other
2624,-0.1725,-0.1805,1.0265,-4.1387,-2.459,-0.8477,other
2647,-0.1669,-0.1814,1.0286,-4.1348,-2.8613,-0.9004,other
2670,-0.1652,-0.1818,1.0272,-4.1328,-3.3945,-0.9297,other
2693,-0.1804,-0.1836,1.0299,-4.1387,-3.6406,-0.9141,other
2716,-0.1736,-0.181,1.0281,-4.1543,-3.7246,-0.8398,other
2739,-0.1719,-0.1797,1.0278,-4.1738,-3.4355,-0.7207,other
2762,-0.1725,-0.1808,1.0287,-4.1836,-3.0977,-0.6289,other
2785,-0.1643,-0.1815,1.0293,-4.1973,-2.5469,-0.498,other
2808,-0.1663,-0.1821,1.0277,-4.2031,-2.248,-0.4258,other
2831,-0.1653,-0.1821,1.0286,-4.2051,-2.0156,-0.3477,other
2854,-0.1599,-0.1821,1.0286,-4.2012,-2.0742,-0.3105,other
2877,-0.1573,-0.1803,1.0286,-4.1953,-2.2402,-0.3066,other
2900,-0.1653,-0.1807,1.0267,-4.1836,-2.5742,-0.3203,other
2923,-0.1621,-0.181,1.0298,-4.1738,-2.7598,-0.3379,other
2946,-0.1711,-0.1813,1.0295,-4.1602,-2.834,-0.3652,other
2969,-0.1667,-0.1814,1.028,-4.1562,-2.6875,-0.3828,other
2992,-0.17,-0.1818,1.0267,-4.1543,-2.1465,-0.3867,other
3015,-0.1688,-0.1807,1.0281,-4.1602,-1.3086,-0.375,other
3038,-0.1743,-0.1808,1.0295,-4.166,-0.668,-0.3613,other
3061,-0.163,-0.1868,1.0315,-4.1777,0.2852,-0.334,other
3084,-0.1261,-0.1809,1.0291,-4.1816,0.832,-0.3242,other
3107,-0.1573,-0.1871,1.0319,-4.166,1.4199,-0.4023,other
3130,-0.1084,-0.198,1.0443,-4.0527,1.7832,-0.9199,other
3153,0.173,-0.1416,1.1084,-3.8555,1.9336,-1.8223,other
3176,-0.0131,-0.1781,1.0712,-3.2598,1.8848,-4.6133,other
3199,0.1223,-0.131,1.0421,-2.6797,1.5449,-7.3867,other
3222,-0.4075,-0.299,0.9929,-1.7852,0.4941,-11.6816,other
3245,-0.5059,-0.3372,0.9604,-1.3145,-0.9258,-13.9004,other
3268,-0.3287,-0.2112,1.0061,-1.3828,-1.7871,-13.4844,other
3291,-0.1749,-0.0892,1.0282,-1.8926,-2.5273,-10.7383,other
3314,-0.1727,-0.1467,1.0276,-2.2715,-2.5625,-8.6348,other
3337,-0.1643,-0.1277,1.0203,-2.4824,-2.0215,-7.082,other
3360,-0.1245,-0.1445,1.0437,-2.2383,-0.8477,-8.8672,other
3383,-0.0657,-0.1317,1.0499,-1.2188,0.1562,-12.084,other
3406,-0.1481,-0.1699,1.0592,0.4023,2.2773,-19.1055,other
3429,-0.2415,-0.2135,1.0565,1.625,4.0156,-24.2676,other
3452,-0.0836,-0.172,1.084,3.457,6.8906,-30.8809,other
3475,-0.016,-0.0812,1.0786,4.7129,8.5762,-33.7168,other
3498,-0.2638,-0.0686,1.1855,6.9824,10.1191,-34.748,other
3521,-0.2664,-0.0822,1.2899,10.1738,9.6426,-31.1172,other
3544,0.0653,-0.0018,1.0491,12.9648,7.0508,-25.9824,other
3567,0.0066,-0.1268,0.8829,17.1055,-1.5059,-15.2617,other
3590,-0.2142,-0.2051,0.967,18.3125,-9.3145,-7.1816,other
3613,-0.3297,-0.1946,1.0166,15.3945,-19.7891,4.5332,other
3636,-0.1439,-0.1935,0.8651,6.3047,-24.3945,14.2285,other
3659,0.0059,-0.1788,0.7722,-2.0332,-24.3281,19.1172,other
3682,-0.1073,-0.2866,0.9285,-14.9727,-22.8984,23.9805,other
3705,0.0089,-0.153,1.0415,-21.9551,-23.2637,25.8457,other
3728,0.0809,-0.1403,0.8815,-27.3262,-27.5254,27.0977,other
3751,-0.0626,-0.1387,0.9142,-27.0684,-34.1055,26.7168,other
3774,-0.0664,-0.0421,1.1158,-21.8555,-37.3613,25.6465,other
3797,-0.0032,-0.0801,1.0492,-12.5039,-37.9238,23.1016,other
3820,-0.184,-0.1548,1.1864,-4.9727,-35.1484,20.9961,other
3843,-0.2202,-0.2288,1.0356,5.8359,-26.6035,17.6289,other
3866,-0.3738,-0.2227,1.3086,10.752,-17.9844,15.4121,other
3889,-0.4509,-0.304,0.8887,12.3086,-0.8516,12.293,other
3912,-0.149,-0.1353,1.0659,7.2031,18.4043,9.4766,other
3935,-0.1797,-0.1617,1.0212,1.459,29.8945,7.4844,other
3958,-0.171,-0.1611,1.0273,-8.041,41.9004,3.8574,other
3981,-0.168,-0.1461,1.0374,-13.6426,45.4355,0.9766,other
4004,-0.1146,-0.1875,1.0253,-19.4492,43.9648,-3.7715,other
4027,-0.1404,-0.1893,1.0336,-21.4531,35.9258,-8.541,other
4050,-0.1333,-0.2024,1.0345,-20.7715,28.3398,-11.4746,other
4073,-0.0912,-0.1687,1.0392,-17.4121,16.082,-15.2441,other
4096,-0.0333,-0.1947,1.0593,-14.1426,8.5742,-17.3359,other
4119,0.0159,-0.1571,1.0481,-8.6035,-0.25,-20.1211,other
4142,-0.1519,-0.2007,1.03,-3.4883,-5.5254,-22.5078,other
4165,-0.2017,-0.187,1.0304,-0.4121,-7.125,-23.5957,other
4188,-0.1292,-0.1453,1.0291,2.6152,-7.1855,-24.123,other
4211,-0.1367,-0.1284,1.0424,3.7051,-6.1387,-23.8066,other
4234,-0.1357,-0.1495,1.0372,4.1289,-3.7266,-22.7441,other
4257,-0.2563,-0.2095,1.0049,3.7891,-1.9512,-21.8867,other
4280,-0.3302,-0.2084,1.0074,2.6855,0.4316,-20.5645,other
4303,-0.1099,-0.1388,1.0325,1.2695,2.1523,-19.293,other
4326,-0.2145,-0.1879,1.0212,0.3535,2.8496,-18.5879,other
4349,-0.2971,-0.2316,1.0048,-0.8125,3.1797,-17.6543,other
4372,-0.2511,-0.1881,1.0262,-1.4395,2.9199,-16.9004,other
4395,-0.1326,-0.1771,1.0311,-2.1836,1.8457,-15.291,other
4418,-0.1201,-0.1792,1.0269,-2.7402,-0.1074,-13.0098,other
4441,-0.1798,-0.1796,1.0428,-3.0332,-1.8809,-11.1777,other
4464,-0.0875,-0.1799,1.0284,-3.3945,-5.0273,-8.1875,other
4487,-0.1313,-0.1807,1.0391,-3.5977,-7.3613,-6.2031,other
4510,-0.08,-0.1771,1.0306,-3.8516,-11.0156,-3.5117,other
4533,-0.1129,-0.1805,1.0359,-4.041,-14.4004,-1.4043,other
4556,-0.0841,-0.176,1.0304,-4.127,-16.1914,-0.3945,other
4579,-0.0999,-0.1774,1.0356,-4.1973,-17.7031,0.5332,other
4602,-0.1201,-0.1781,1.0363,-4.2148,-17.6855,0.8047,other
4625,-0.1431,-0.1782,1.0413,-4.2051,-15.8672,0.8281,other
4648,-0.1252,-0.1791,1.0361,-4.1836,-13.5039,0.6719,other
4671,-0.1134,-0.1788,1.0332,-4.1348,-8.8242,0.3145,other
4694,-0.1312,-0.1792,1.0372,-4.0723,-3.8789,-0.0684,other
4717,-0.0829,-0.1765,1.032,-4.0293,-1.0234,-0.293,other
4740,-0.0835,-0.1765,1.027,-3.9805,1.9707,-0.541,other
4763,-0.1298,-0.1785,1.0391,-3.9609,3.0273,-0.6406,other
4786,-0.1344,-0.1791,1.0399,-3.9668,3.543,-0.6836,other
4809,-0.1206,-0.1794,1.0331,-4.0156,3.3223,-0.6172,other
4832,-0.1262,-0.1788,1.0286,-4.0664,3.0469,-0.5312,other
4855,-0.1877,-0.1781,1.0474,-4.1602,2.7109,-0.377,other
4878,-0.1312,-0.1794,1.0376,-4.2324,2.5742,-0.2812,other
4901,-0.071,-0.1788,1.0302,-4.3437,2.1133,-0.1758,other
4924,-0.0869,-0.181,1.0326,-4.4473,0.6133,-0.1484,other
4947,-0.1125,-0.1836,1.0398,-4.5059,-1.0996,-0.1816,other
4970,-0.1261,-0.1805,1.0457,-4.582,-4.3047,-0.293,other
4993,-0.0707,-0.1788,1.0385,-4.623,-6.5234,-0.3926,other
5016,-0.0887,-0.178,1.0374,-4.6602,-9.5625,-0.5508,other
5039,-0.0911,-0.1801,1.0388,-4.6543,-11.209,-0.6875,other
5062,-0.0787,-0.1799,1.0381,-4.5898,-12.8398,-0.75,other
5085,-0.0868,-0.1813,1.036,-4.4609,-13.3242,-0.7871,other
5108,-0.0842,-0.1796,1.0392,-4.3496,-13.0098,-0.7773,other
5131,-0.0906,-0.1782,1.0394,-4.1777,-11.6914,-0.7187,other
5154,-0.0764,-0.1788,1.0354,-4.0742,-10.3574,-0.6602,other
5177,-0.0847,-0.1786,1.0375,-3.9512,-7.9238,-0.5527,other
5200,-0.0913,-0.1812,1.0361,-3.8789,-5.2598,-0.4355,other
5223,-0.0966,-0.1793,1.0366,-3.8574,-3.457,-0.3574,other
5246,-0.1077,-0.1802,1.0388,-3.8574,-0.8203,-0.2441,other
5269,-0.0917,-0.1782,1.0328,-3.877,0.8223,-0.1738,other
5292,-0.0944,-0.179,1.0353,-3.9199,2.9336,-0.0859,other
5315,-0.1191,-0.1804,1.0404,-3.9727,4.5,-0.0234,other
5338,-0.1051,-0.1785,1.0336,-4.0078,5.2461,0.0059,other
5361,-0.1241,-0.1802,1.0392,-4.0488,5.9648,0.0273,other
5384,-0.1089,-0.1783,1.0356,-4.0625,6.2012,0.0293,other
5407,-0.1167,-0.1793,1.0349,-4.0547,6.168,0.0117,other
5430,-0.1145,-0.176,1.0366,-4.0293,5.8574,-0.0273,other
5453,-0.1093,-0.177,1.0371,-3.9785,4.9121,-0.0645,other
5476,-0.1001,-0.1766,1.0348,-3.9238,3.3555,-0.1328,other
5499,-0.0996,-0.1797,1.0369,-3.8945,1.9766,-0.1855,other
5522,-0.0867,-0.1797,1.0372,-3.8672,-0.5137,-0.2734,other
5545,-0.0671,-0.1797,1.0334,-3.8613,-2.3418,-0.334,other
5568,-0.1039,-0.1786,1.0375,-3.8672,-5.0117,-0.4199,other
5591,-0.0977,-0.1781,1.0411,-3.8906,-7.0156,-0.4824,other
5614,-0.0945,-0.1763,1.036,-3.9121,-7.707,-0.5039,other
5637,-0.1101,-0.1802,1.0383,-3.9492,-7.6035,-0.5039,other
5660,-0.0845,-0.1785,1.0358,-3.9746,-6.8223,-0.4824,other
5683,-0.1024,-0.1835,1.0408,-4.0117,-4.8379,-0.4277,other
5706,-0.1111,-0.178,1.0366,-4.0527,-2.1992,-0.3555,other
5729,-0.1327,-0.1812,1.0386,-4.0781,-0.1973,-0.3008,other
5752,-0.1086,-0.1757,1.0315,-4.1016,3.002,-0.2129,other
5775,-0.1475,-0.1782,1.0358,-4.1074,5.1504,-0.1543,other
5798,-0.146,-0.1786,1.0363,-4.1016,8.2031,-0.0664,other
5821,-0.1449,-0.1809,1.0363,-4.0898,10.7383,0.0098,other
5844,-0.1276,-0.1796,1.0328,-4.0703,11.9531,0.0488,other
5867,-0.158,-0.1774,1.0377,-4.0488,12.8184,0.0801,other
5890,-0.1316,-0.1783,1.0308,-4.0332,12.7246,0.0859,other
5913,-0.1414,-0.1749,1.0339,-4.0098,11.6602,0.0742,other
5936,-0.1646,-0.1797,1.0308,-3.9922,10.4766,0.0605,other
5959,-0.1489,-0.1779,1.0304,-3.9629,8.334,0.0449,other
5982,-0.1558,-0.1813,1.033,-3.9355,6.0742,0.0371,other
6005,-0.1489,-0.1785,1.0347,-3.9258,4.5859,0.0293,other
6028,-0.1226,-0.179,1.0331,-3.9297,2.3164,-0.002,other
6051,-0.0348,-0.1678,1.0472,-3.9414,0.7129,-0.041,other
6074,-0.1423,-0.1675,1.0286,-3.9746,-1.7324,-0.1016,other
6097,-0.0487,-0.0388,1.0637,-4.0488,-3.7051,0.043,other
6120,-0.1708,-0.2494,1.0137,-4.1426,-4.4824,0.4141,other
6143,-0.3468,-0.2614,1.0187,-4.3848,-4.6836,1.5957,other
6166,-0.0327,-0.1864,1.0428,-4.6289,-4.1523,2.8516,other
6189,-0.0863,-0.1793,1.0332,-5.0742,-2.6387,5.1738,other
6212,-0.0616,-0.1691,1.0337,-5.5352,-0.7109,7.5977,other
6235,-0.2532,-0.1859,1.0253,-5.832,0.8398,9.166,other
6258,-0.2642,-0.1735,1.0193,-6.2754,4.123,11.5234,other
6281,-0.302,-0.1864,1.0056,-6.5937,7.1172,13.125,other
6304,-0.2334,-0.1812,1.0184,-7.0977,12.2949,15.4316,other
6327,-0.171,-0.1805,1.0261,-7.4082,15.5488,16.666,other
6350,-0.2228,-0.1805,1.0234,-7.7344,18.9453,17.5605,other
6373,-0.2091,-0.1819,1.0234,-7.7871,19.7891,16.9297,other
6396,-0.2196,-0.179,1.0288,-7.6523,18.8887,15.6445,other
6419,-0.1874,-0.1785,1.0266,-7.2246,15.6016,12.6836,other
6442,-0.2043,-0.184,1.0304,-6.8262,12.3184,10.2656,other
6465,-0.1658,-0.1764,1.0293,-6.1543,6.1797,6.4453,other
6488,-0.1879,-0.1813,1.0326,-5.4707,-0.7793,2.8984,other
6511,-0.1865,-0.1824,1.035,-5.0391,-5.4141,0.9023,other
6534,-0.1014,-0.181,1.0245,-4.4648,-11.7871,-1.3574,other
6557,-0.1195,-0.1804,1.0355,-4.1504,-15.5312,-2.3477,other
6580,-0.139,-0.1797,1.031,-3.8027,-20.125,-3.1152,other
6603,-0.1366,-0.1801,1.033,-3.6172,-22.8809,-3.1582,other
6626,-0.0956,-0.1815,1.0294,-3.582,-23.3965,-2.8828,other
6649,-0.1478,-0.1823,1.0327,-3.6406,-22.0488,-2.1914,other
6672,-0.1539,-0.1832,1.0315,-3.7344,-19.7949,-1.6445,other
6695,-0.1536,-0.1823,1.0322,-3.9219,-14.7324,-0.8301,other
6718,-0.1595,-0.1798,1.0304,-4.0508,-10.5723,-0.3496,other
6741,-0.1636,-0.1794,1.0272,-4.207,-3.8535,0.2109,other
6764,-0.1896,-0.1797,1.0254,-4.2793,2.6816,0.5508,other
6787,-0.1835,-0.1802,1.0256,-4.2754,6.6074,0.6602,other
6810,-0.1827,-0.1801,1.0266,-4.2051,11.4414,0.6816,other
6833,-0.2015,-0.1794,1.0253,-4.1309,13.7773,0.625,other
6856,-0.2032,-0.1799,1.0251,-4.0098,15.8125,0.4707,other
6879,-0.1841,-0.179,1.0261,-3.9082,16.0508,0.2832,other
6902,-0.1934,-0.1793,1.0248,-3.8633,15.2363,0.1543,other
6925,-0.188,-0.1796,1.0254,-3.8398,12.7461,-0.0312,other
6948,-0.1792,-0.1791,1.0255,-3.8516,10.4336,-0.1406,other
6971,-0.182,-0.1801,1.0247,-3.8926,6.3984,-0.2812,other
6994,-0.1887,-0.1794,1.0259,-3.9531,2.2559,-0.3887,other
7017,-0.1805,-0.1792,1.0266,-3.9941,-0.2539,-0.4434,other
7040,-0.1742,-0.1788,1.0264,-4.0469,-3.3203,-0.4961,other
7063,-0.1757,-0.1799,1.0243,-4.0762,-4.8145,-0.5156,other
7086,-0.1771,-0.1794,1.0258,-4.1055,-6.1914,-0.5234,other
7109,-0.1769,-0.179,1.027,-4.1152,-6.5488,-0.5078,other
7132,-0.1836,-0.1802,1.0271,-4.1191,-6.3262,-0.4883,other
7155,-0.1821,-0.1799,1.0273,-4.1133,-5.3574,-0.4453,other
7178,-0.1826,-0.1794,1.0255,-4.1055,-4.4277,-0.4141,other
7201,-0.1787,-0.1788,1.0238,-4.0898,-2.8457,-0.3672,other
7224,-0.1833,-0.1791,1.0256,-4.0781,-1.8086,-0.3398,other
7247,-0.1882,-0.1802,1.0251,-4.0625,-0.459,-0.3066,other
7270,-0.1836,-0.1803,1.0259,-4.0508,0.5254,-0.2812,other
7293,-0.1859,-0.1801,1.0238,-4.043,0.9355,-0.2715,other
7316,-0.1805,-0.1794,1.0245,-4.0371,1.1582,-0.2617,other
7339,-0.1825,-0.1801,1.026,-4.0352,1.0527,-0.2617,other
7362,-0.1824,-0.1798,1.0244,-4.041,0.5859,-0.2695,other
7385,-0.1823,-0.1799,1.0269,-4.0508,-0.1094,-0.2852,other
7408,-0.1803,-0.1794,1.0232,-4.0566,-0.6211,-0.3008,other
7431,-0.182,-0.1799,1.0251,-4.0645,-1.3496,-0.3281,other
7454,-0.184,-0.1791,1.0264,-4.0684,-1.7441,-0.3437,other
7477,-0.1819,-0.1793,1.0254,-4.0703,-2.125,-0.3613,other
7500,-0.1821,-0.1796,1.0253,-4.0703,-2.2305,-0.3691,other
7523,-0.1847,-0.1801,1.0265,-4.0703,-2.1738,-0.3691,other
7546,-0.1813,-0.1797,1.0253,-4.0684,-1.9609,-0.3652,other
7569,-0.1793,-0.1792,1.0266,-4.0664,-1.7813,-0.3613,other
7592,-0.1801,-0.1799,1.027,-4.0645,-1.543,-0.3594,other
7615,-0.1791,-0.1791,1.0265,-4.0645,-1.4375,-0.3574,other
7638,-0.1843,-0.1799,1.0273,-4.0625,-1.375,-0.3594,other
7661,-0.179,-0.1803,1.027,-4.0605,-1.416,-0.3594,other
7684,-0.1812,-0.1801,1.0243,-4.0566,-1.4902,-0.3574,other
7707,-0.1783,-0.1791,1.0272,-4.0527,-1.6406,-0.3574,other
7730,-0.1807,-0.1793,1.0276,-4.0488,-1.7363,-0.3555,other
7753,-0.181,-0.1799,1.0267,-4.0469,-1.8262,-0.3535,other
7776,-0.1815,-0.1792,1.0261,-4.0488,-1.8047,-0.3496,other
7799,-0.1807,-0.1799,1.0264,-4.0527,-1.7266,-0.3457,other
7822,-0.1799,-0.1796,1.0264,-4.0586,-1.5449,-0.3359,other
7845,-0.1823,-0.1807,1.0242,-4.0625,-1.4082,-0.3301,other
7868,-0.1798,-0.1791,1.0258,-4.0684,-1.2207,-0.3223,other
7891,-0.1783,-0.1792,1.0253,-4.0742,-1.0859,-0.3164,other
7914,-0.182,-0.1796,1.0267,-4.0801,-1.0293,-0.3145,other
7937,-0.1793,-0.1803,1.0266,-4.0879,-0.9883,-0.3125,other
7960,-0.182,-0.1788,1.0244,-4.0898,-0.9785,-0.3145,other
7983,-0.1794,-0.1791,1.0254,-4.0937,-0.9785,-0.3184,other
8006,-0.1779,-0.1793,1.0255,-4.0957,-0.9844,-0.3223,other
8029,-0.1816,-0.179,1.0247,-4.0937,-1.0,-0.3301,other
8052,-0.1796,-0.1807,1.0245,-4.0898,-1.0273,-0.332,other
8075,-0.1804,-0.1807,1.0256,-4.0879,-1.0488,-0.332,other
8098,-0.1804,-0.1796,1.0273,-4.082,-1.0879,-0.3281,other
8121,-0.1802,-0.1792,1.0281,-4.0781,-1.1191,-0.3242,other
8144,-0.1787,-0.1792,1.0256,-4.0723,-1.1816,-0.3203,other
8167,-0.1761,-0.1793,1.0271,-4.0664,-1.2695,-0.3184,other
8190,-0.1814,-0.1799,1.0275,-4.0645,-1.3379,-0.3203,other
8213,-0.1804,-0.179,1.0253,-4.0625,-1.4355,-0.3262,other
8236,-0.1766,-0.1803,1.0266,-4.0605,-1.4863,-0.334,other
8259,-0.1779,-0.1798,1.0265,-4.0605,-1.5449,-0.3457,other
8282,-0.1812,-0.1787,1.0256,-4.0605,-1.5801,-0.3594,other
8305,-0.1796,-0.1791,1.0272,-4.0586,-1.5781,-0.3691,other
8328,-0.1794,-0.1799,1.0269,-4.0566,-1.5176,-0.377,other
8351,-0.1803,-0.1797,1.0269,-4.0547,-1.4414,-0.377,other
8374,-0.1796,-0.1786,1.0269,-4.0527,-1.2969,-0.3711,other
8397,-0.1792,-0.1799,1.028,-4.0527,-1.2012,-0.3652,other
8420,-0.1801,-0.1798,1.0262,-4.0547,-1.082,-0.3555,other
8443,-0.181,-0.1788,1.0276,-4.0566,-1.0098,-0.3437,other
8466,-0.1807,-0.1797,1.0289,-4.0566,-0.9883,-0.3398,other
8489,-0.179,-0.1792,1.0265,-4.0547,-0.9941,-0.3379,other
8512,-0.1781,-0.1798,1.0258,-4.0508,-1.0215,-0.3379,other
8535,-0.1776,-0.1796,1.0259,-4.043,-1.0977,-0.3418,other
8558,-0.1776,-0.1786,1.0269,-4.0332,-1.2031,-0.3496,other
8581,-0.1825,-0.1797,1.0269,-4.0273,-1.2734,-0.3555,other
8604,-0.179,-0.1788,1.0255,-4.0215,-1.3477,-0.3613,other
8627,-0.1782,-0.1792,1.0272,-4.0195,-1.373,-0.3633,other
8650,-0.1779,-0.1786,1.0286,-4.0195,-1.3945,-0.3633,other
8673,-0.1791,-0.179,1.0267,-4.0234,-1.4199,-0.3613,other
8696,-0.1797,-0.1803,1.027,-4.0273,-1.4336,-0.3613,other
8719,-0.1791,-0.1791,1.0259,-4.0371,-1.4316,-0.3574,other
8742,-0.1807,-0.1794,1.027,-4.0449,-1.4063,-0.3535,other
8765,-0.1781,-0.179,1.026,-4.0566,-1.3301,-0.3457,other
8788,-0.1801,-0.1794,1.0275,-4.0645,-1.2656,-0.3398,other
8811,-0.1801,-0.1791,1.0271,-4.0742,-1.1758,-0.3398,other
8834,-0.179,-0.1802,1.0258,-4.0762,-1.1172,-0.3398,other
8857,-0.1794,-0.1796,1.0265,-4.0762,-1.1055,-0.3437,other
8880,-0.1774,-0.1792,1.0256,-4.0723,-1.1309,-0.3477,other
8903,-0.179,-0.1802,1.0277,-4.0684,-1.1738,-0.3516,other
8926,-0.1785,-0.179,1.0276,-4.0625,-1.2637,-0.3535,other
8949,-0.1797,-0.1801,1.0282,-4.0586,-1.3652,-0.3516,other
8972,-0.1765,-0.1792,1.0255,-4.0566,-1.4258,-0.3496,other
8995,-0.1763,-0.1793,1.0264,-4.0605,-1.5,-0.3477,other
9018,-0.177,-0.1793,1.0259,-4.0645,-1.5371,-0.3477,other
9041,-0.1775,-0.1786,1.0267,-4.0703,-1.5703,-0.3496,other
9064,-0.1791,-0.1807,1.0288,-4.0781,-1.5645,-0.3496,other
9087,-0.1766,-0.1792,1.0261,-4.0801,-1.5352,-0.3477,other
9110,-0.1798,-0.179,1.0289,-4.082,-1.4629,-0.3398,other
9133,-0.1769,-0.1793,1.0267,-4.0801,-1.4063,-0.334,other
9156,-0.1768,-0.1801,1.0262,-4.0742,-1.3301,-0.3301,other
9179,-0.1764,-0.1802,1.027,-4.0703,-1.2969,-0.332,other
9202,-0.178,-0.1791,1.0267,-4.0684,-1.2773,-0.3379,other
9225,-0.1765,-0.1805,1.026,-4.0664,-1.2852,-0.3516,other
9248,-0.1769,-0.1803,1.0275,-4.0645,-1.2988,-0.3633,other
9271,-0.1782,-0.1794,1.0277,-4.0605,-1.3184,-0.377,other
9294,-0.1787,-0.1796,1.0286,-4.0586,-1.3203,-0.3828,other
9317,-0.1769,-0.1792,1.0278,-4.0547,-1.3066,-0.3848,other
9340,-0.1768,-0.1787,1.0262,-4.0508,-1.2949,-0.3789,other
9363,-0.177,-0.1794,1.0275,-4.0488,-1.2988,-0.373,other
9386,-0.1749,-0.1793,1.0286,-4.0469,-1.3262,-0.3594,other
9409,-0.1754,-0.1805,1.0278,-4.0449,-1.3555,-0.3496,other
9432,-0.1753,-0.1802,1.0288,-4.043,-1.4063,-0.332,other
9455,-0.1776,-0.1793,1.0282,-4.0449,-1.4414,-0.3164,other
9478,-0.1759,-0.1788,1.0258,-4.0469,-1.4492,-0.3047,other
9501,-0.1777,-0.1793,1.0272,-4.0527,-1.4316,-0.291,other
9524,-0.1761,-0.1804,1.0276,-4.0566,-1.4043,-0.2812,other
9547,-0.175,-0.1803,1.0276,-4.0625,-1.3516,-0.2754,other
9570,-0.1769,-0.1798,1.0259,-4.0645,-1.3027,-0.2754,other
9593,-0.1783,-0.1797,1.0266,-4.0664,-1.2715,-0.2793,other
9616,-0.1765,-0.1797,1.0264,-4.0664,-1.2148,-0.2891,other
9639,-0.1775,-0.1788,1.0273,-4.0664,-1.1699,-0.2969,other
9662,-0.1775,-0.1794,1.0273,-4.0625,-1.1016,-0.3105,other
9685,-0.1763,-0.1804,1.0278,-4.0605,-1.0605,-0.3184,other
9708,-0.1768,-0.1804,1.0278,-4.0586,-1.0215,-0.3281,other
9731,-0.1754,-0.1796,1.0289,-4.0566,-1.0234,-0.334,other
9754,-0.1752,-0.1805,1.0287,-4.0547,-1.0508,-0.334,other
9777,-0.1774,-0.1793,1.0278,-4.0566,-1.127,-0.334,other
9800,-0.1748,-0.1794,1.0282,-4.0586,-1.1875,-0.334,other
9823,-0.1763,-0.1801,1.026,-4.0664,-1.2832,-0.332,other
9846,-0.1765,-0.1809,1.0278,-4.0742,-1.3691,-0.332,other
9869,-0.1779,-0.1797,1.028,-4.0801,-1.4102,-0.334,other
9892,-0.1768,-0.1792,1.0267,-4.0859,-1.4297,-0.3379,other
9915,-0.1765,-0.1797,1.0277,-4.0859,-1.4102,-0.3398,other
9938,-0.1761,-0.1791,1.0275,-4.0859,-1.3516,-0.3457,other
9961,-0.1744,-0.1803,1.0258,-4.082,-1.2832,-0.3477,other
9984,-0.1769,-0.1815,1.0269,-4.0781,-1.2461,-0.3477,other
10007,-0.1752,-0.1797,1.0288,-4.0762,-1.209,-0.3437,other
10030,-0.177,-0.1796,1.0283,-4.0762,-1.1934,-0.3398,other
10053,-0.1791,-0.1794,1.0283,-4.0801,-1.1738,-0.334,other
10076,-0.1775,-0.1791,1.0282,-4.084,-1.1582,-0.332,other
10099,-0.1776,-0.1803,1.0278,-4.0859,-1.1348,-0.3281,other
10122,-0.177,-0.1805,1.0276,-4.084,-1.1133,-0.3242,other
10145,-0.1757,-0.1796,1.0295,-4.0801,-1.1035,-0.3223,other
10168,-0.1772,-0.1791,1.0275,-4.0762,-1.0898,-0.3203,other
10191,-0.1774,-0.1788,1.0273,-4.0742,-1.0801,-0.3203,other
10214,-0.1747,-0.1783,1.028,-4.0723,-1.0645,-0.3242,other
10237,-0.1754,-0.1797,1.0272,-4.0723,-1.0547,-0.332,other
10260,-0.1772,-0.179,1.0275,-4.0742,-1.0547,-0.3359,other
10283,-0.1782,-0.1796,1.027,-4.0742,-1.0625,-0.3398,other
10306,-0.1753,-0.1792,1.0266,-4.0742,-1.0723,-0.3398,other
10329,-0.1759,-0.1792,1.0269,-4.0762,-1.1016,-0.3359,other
10352,-0.1772,-0.1791,1.0278,-4.0801,-1.1387,-0.3301,other
10375,-0.178,-0.1794,1.0265,-4.082,-1.1582,-0.3262,other
10398,-0.178,-0.1796,1.0292,-4.0859,-1.166,-0.3223,other
10421,-0.1752,-0.1804,1.0277,-4.0879,-1.1582,-0.3203,other
10444,-0.178,-0.1803,1.0288,-4.0879,-1.1387,-0.3164,other
10467,-0.177,-0.1788,1.0282,-4.0859,-1.123,-0.3164,other
10490,-0.1779,-0.1805,1.0272,-4.082,-1.0938,-0.3145,other
10513,-0.1777,-0.1794,1.0283,-4.0742,-1.0645,-0.3145,other
10536,-0.1785,-0.1792,1.0275,-4.0703,-1.0469,-0.3145,other
10559,-0.1761,-0.1801,1.0281,-4.0664,-1.0215,-0.3164,other
10582,-0.1777,-0.1798,1.0278,-4.0664,-1.0137,-0.3184,other
10605,-0.1758,-0.1797,1.0277,-4.0723,-1.0254,-0.3203,other
10628,-0.178,-0.1804,1.0289,-4.0801,-1.0684,-0.3203,other
10651,-0.1755,-0.1786,1.0282,-4.0859,-1.1055,-0.3223,other
10674,-0.1776,-0.1794,1.0276,-4.0937,-1.166,-0.3203,other
10697,-0.1768,-0.1802,1.0251,-4.0977,-1.1992,-0.3184,other
10720,-0.1753,-0.1791,1.0287,-4.0996,-1.2363,-0.3145,other
10743,-0.177,-0.1785,1.0272,-4.0977,-1.25,-0.3145,other
10766,-0.1788,-0.1787,1.028,-4.0957,-1.248,-0.3164,other
10789,-0.1754,-0.1785,1.0255,-4.0918,-1.2324,-0.3262,other
10812,-0.1774,-0.1797,1.027,-4.0879,-1.2207,-0.334,other
10835,-0.1769,-0.1787,1.0282,-4.0801,-1.209,-0.3496,other
10858,-0.1785,-0.1791,1.0291,-4.0742,-1.2031,-0.3633,other
10881,-0.176,-0.1783,1.0287,-4.0664,-1.1973,-0.3711,other
10904,-0.1783,-0.1794,1.0273,-4.0566,-1.1875,-0.377,other
10927,-0.1776,-0.1792,1.0266,-4.0527,-1.1797,-0.3789,other
10950,-0.1786,-0.1787,1.0267,-4.0527,-1.1621,-0.377,other
10973,-0.1771,-0.1796,1.0271,-4.0566,-1.1543,-0.373,other
10996,-0.1769,-0.179,1.0291,-4.0703,-1.1523,-0.3633,other
11019,-0.1765,-0.1782,1.0273,-4.0859,-1.1699,-0.3555,other
11042,-0.1777,-0.1796,1.0265,-4.0957,-1.1895,-0.3496,other
11065,-0.1783,-0.1788,1.0277,-4.1055,-1.2168,-0.3437,other
11088,-0.1779,-0.179,1.0282,-4.1094,-1.2266,-0.3379,other
11111,-0.1772,-0.1793,1.0269,-4.1094,-1.2344,-0.3301,other
11134,-0.1772,-0.1792,1.0278,-4.1055,-1.2402,-0.3242,other
11157,-0.1761,-0.1788,1.0271,-4.1016,-1.2422,-0.3223,other
11180,-0.1766,-0.1786,1.0265,-4.0977,-1.2441,-0.3242,other
11203,-0.1777,-0.1786,1.0269,-4.0957,-1.2402,-0.3281,other
11226,-0.1779,-0.1792,1.0283,-4.0937,-1.2168,-0.334,other
11249,-0.1761,-0.1792,1.026,-4.0957,-1.1934,-0.3418,other
11272,-0.1761,-0.1785,1.0291,-4.0957,-1.1582,-0.3457,other
11295,-0.1777,-0.1786,1.028,-4.0937,-1.1367,-0.3535,other
11318,-0.1777,-0.1794,1.027,-4.0918,-1.1348,-0.3555,other
11341,-0.1787,-0.1782,1.0275,-4.0859,-1.1367,-0.3555,other
11364,-0.1785,-0.179,1.0269,-4.084,-1.1406,-0.3516,other
11387,-0.1765,-0.1796,1.027,-4.082,-1.1484,-0.3418,other
11410,-0.1757,-0.1803,1.0287,-4.0801,-1.1758,-0.3281,other
11433,-0.1763,-0.1797,1.0291,-4.082,-1.207,-0.3184,other
11456,-0.1764,-0.1794,1.0281,-4.084,-1.2637,-0.3047,other
11479,-0.1772,-0.1787,1.0288,-4.0859,-1.2969,-0.2969,other
11502,-0.178,-0.1792,1.0277,-4.084,-1.3164,-0.291,other
11525,-0.1775,-0.1792,1.0282,-4.0801,-1.2988,-0.2891,other
11548,-0.1774,-0.1804,1.0271,-4.0762,-1.2793,-0.293,other
11571,-0.1761,-0.1801,1.0292,-4.0703,-1.2578,-0.3047,other
11594,-0.1771,-0.1792,1.028,-4.0684,-1.2578,-0.3145,other
11617,-0.1777,-0.1799,1.0267,-4.0684,-1.2656,-0.3301,other
11640,-0.1776,-0.1796,1.0261,-4.0723,-1.2715,-0.3398,other
11663,-0.1766,-0.1802,1.0281,-4.082,-1.2715,-0.3418,other
11686,-0.1788,-0.1797,1.0281,-4.0898,-1.2598,-0.3379,other
11709,-0.1775,-0.1803,1.028,-4.0957,-1.2461,-0.3301,other
11732,-0.1769,-0.1808,1.0262,-4.0996,-1.2227,-0.3145,other
11755,-0.1775,-0.179,1.028,-4.1016,-1.2051,-0.3047,other
11778,-0.1764,-0.1793,1.0264,-4.1035,-1.1777,-0.291,other
11801,-0.1769,-0.1791,1.0277,-4.0996,-1.1465,-0.2832,other
11824,-0.1777,-0.1791,1.0261,-4.0937,-1.1289,-0.2812,other
11847,-0.178,-0.1799,1.0294,-4.084,-1.1113,-0.2812,other
11870,-0.1775,-0.1794,1.0281,-4.0762,-1.1074,-0.2832,other
11893,-0.1772,-0.1794,1.0261,-4.0703,-1.1211,-0.291,other
11916,-0.1794,-0.1793,1.0275,-4.0664,-1.1602,-0.3047,other
11939,-0.1768,-0.1797,1.0287,-4.0664,-1.1895,-0.3184,other
11962,-0.1758,-0.1798,1.0273,-4.0664,-1.2363,-0.3359,other
11985,-0.1765,-0.1804,1.0267,-4.0664,-1.2695,-0.3477,other
12008,-0.1769,-0.1803,1.0261,-4.0664,-1.3203,-0.3633,other
12031,-0.1783,-0.1797,1.027,-4.0645,-1.3535,-0.3691,other
12054,-0.1768,-0.1804,1.0275,-4.0625,-1.3594,-0.3711,other
12077,-0.1774,-0.1799,1.0264,-4.0625,-1.3398,-0.3672,other
12100,-0.1765,-0.1809,1.0291,-4.0625,-1.3105,-0.3633,other
12123,-0.177,-0.1797,1.0267,-4.0645,-1.2598,-0.3574,other
12146,-0.1772,-0.1798,1.0271,-4.0684,-1.2266,-0.3555,other
12169,-0.1793,-0.1804,1.0278,-4.0742,-1.1777,-0.3555,other
12192,-0.1785,-0.1794,1.0282,-4.0781,-1.1309,-0.3555,other
12215,-0.1772,-0.179,1.0272,-4.0781,-1.1016,-0.3574,other
12238,-0.1768,-0.1792,1.0273,-4.0781,-1.0801,-0.3594,other
12261,-0.175,-0.1803,1.0281,-4.0762,-1.0938,-0.3594,other
12284,-0.1772,-0.1802,1.0282,-4.0742,-1.1543,-0.3594,other
12307,-0.1801,-0.1798,1.0253,-4.0723,-1.2383,-0.3574,other
12330,-0.1766,-0.1804,1.0286,-4.0742,-1.2832,-0.3535,other
12353,-0.1759,-0.1793,1.0276,-4.0762,-1.3145,-0.3477,other
12376,-0.177,-0.1793,1.0283,-4.0781,-1.3145,-0.3437,other
12399,-0.1772,-0.1787,1.0269,-4.0781,-1.2949,-0.334,other
12422,-0.1782,-0.1801,1.0272,-4.0762,-1.2598,-0.3223,other
12445,-0.1768,-0.1798,1.0281,-4.0742,-1.2344,-0.3184,other
12468,-0.178,-0.1793,1.0282,-4.0703,-1.2012,-0.3145,other
12491,-0.1769,-0.1793,1.0287,-4.0684,-1.1836,-0.3125,other
12514,-0.1775,-0.1787,1.0276,-4.0645,-1.166,-0.3125,other
12537,-0.1781,-0.179,1.0281,-4.0645,-1.1602,-0.3125,other
12560,-0.1768,-0.1802,1.0295,-4.0625,-1.1641,-0.3145,other
12583,-0.1764,-0.1794,1.0295,-4.0645,-1.1777,-0.3164,other
12606,-0.1771,-0.1796,1.0272,-4.0664,-1.1895,-0.3164,other
12629,-0.1766,-0.1803,1.0281,-4.0762,-1.2012,-0.3145,other
12652,-0.1774,-0.1792,1.028,-4.084,-1.2012,-0.3125,other
12675,-0.1774,-0.1796,1.0277,-4.0977,-1.1895,-0.3125,other
12698,-0.1777,-0.1797,1.0253,-4.1094,-1.1543,-0.3145,other
12721,-0.1791,-0.1792,1.028,-4.1133,-1.1211,-0.3184,other
12744,-0.1783,-0.1792,1.028,-4.1191,-1.0527,-0.3262,other
12767,-0.1779,-0.1796,1.0276,-4.1191,-1.0,-0.334,other
12790,-0.1792,-0.1798,1.0276,-4.1172,-0.9238,-0.3437,other
12813,-0.1797,-0.1799,1.0266,-4.1094,-0.8613,-0.3437,other
12836,-0.1786,-0.1802,1.0277,-4.1055,-0.832,-0.3379,other
12859,-0.1781,-0.1798,1.0278,-4.0957,-0.8125,-0.3281,other
12882,-0.1802,-0.1801,1.0275,-4.0879,-0.8125,-0.3203,other
12905,-0.1781,-0.1788,1.0278,-4.0762,-0.8203,-0.3105,other
12928,-0.1809,-0.179,1.0278,-4.0703,-0.8242,-0.3047,other
12951,-0.1786,-0.1788,1.0276,-4.0605,-0.8281,-0.3027,other
12974,-0.1779,-0.1805,1.0277,-4.0566,-0.8438,-0.3008,other
12997,-0.1797,-0.1798,1.0272,-4.0566,-0.8691,-0.3027,other
13020,-0.1791,-0.1794,1.0249,-4.0645,-0.9395,-0.3047,other
13043,-0.1807,-0.1794,1.0284,-4.0723,-0.998,-0.3086,other
13066,-0.1792,-0.1805,1.0272,-4.0859,-1.0898,-0.3145,other
13089,-0.1785,-0.1786,1.0265,-4.0996,-1.1719,-0.3223,other
13112,-0.1791,-0.1804,1.0273,-4.1074,-1.2168,-0.332,other
13135,-0.1781,-0.1797,1.0269,-4.1133,-1.2656,-0.3496,other
13158,-0.1775,-0.1791,1.0281,-4.1152,-1.2832,-0.3633,other
13181,-0.1813,-0.1792,1.0271,-4.1152,-1.2832,-0.3809,other
13204,-0.1799,-0.1788,1.0278,-4.1113,-1.25,-0.3926,other
13227,-0.1798,-0.1796,1.0271,-4.1074,-1.207,-0.3945,other
13250,-0.1793,-0.179,1.0271,-4.1016,-1.127,-0.3887,other
13273,-0.1807,-0.1799,1.026,-4.0957,-1.0703,-0.3789,other
13296,-0.1804,-0.1796,1.0281,-4.0898,-1.0098,-0.3594,other
13319,-0.1797,-0.1807,1.0254,-4.0859,-0.9844,-0.3398,other
13342,-0.179,-0.1797,1.0272,-4.082,-0.9922,-0.3301,other
13365,-0.1802,-0.1792,1.0269,-4.0781,-1.0371,-0.3203,other
13388,-0.1782,-0.1793,1.0237,-4.0762,-1.0859,-0.3184,other
13411,-0.1783,-0.1803,1.0273,-4.0703,-1.1836,-0.3223,other
13434,-0.1787,-0.1792,1.0281,-4.0664,-1.2559,-0.3262,other
13457,-0.1794,-0.1802,1.0247,-4.0586,-1.3574,-0.3359,other
13480,-0.1787,-0.1798,1.026,-4.0527,-1.4375,-0.3457,other
13503,-0.1791,-0.1796,1.0262,-4.0527,-1.4688,-0.3496,other
13526,-0.1775,-0.1793,1.0262,-4.0566,-1.4844,-0.3535,other
13549,-0.1801,-0.1797,1.0258,-4.0625,-1.4727,-0.3535,other
13572,-0.1788,-0.1802,1.0275,-4.0723,-1.4258,-0.3496,other
13595,-0.179,-0.1805,1.0259,-4.082,-1.3496,-0.3418,other
13618,-0.1787,-0.1798,1.028,-4.0879,-1.2852,-0.334,other
13641,-0.1791,-0.1794,1.0269,-4.0937,-1.1758,-0.3203,other
13664,-0.1798,-0.1781,1.028,-4.0977,-1.0996,-0.3105,other
13687,-0.1794,-0.1797,1.0256,-4.0996,-0.9961,-0.2988,other
13710,-0.1782,-0.1801,1.0262,-4.0996,-0.9336,-0.293,other
13733,-0.1785,-0.1803,1.0281,-4.0977,-0.9238,-0.293,other
13756,-0.1794,-0.1802,1.0287,-4.0937,-0.9531,-0.2949,other
13779,-0.1797,-0.1799,1.0265,-4.0879,-0.9883,-0.2988,other
13802,-0.1791,-0.1801,1.025,-4.0801,-1.0469,-0.3008,other
13825,-0.1783,-0.1798,1.0256,-4.0723,-1.0781,-0.3027,other
13848,-0.1785,-0.1798,1.0272,-4.0625,-1.1211,-0.3047,other
13871,-0.1807,-0.1803,1.0259,-4.0508,-1.1543,-0.3066,other
13894,-0.1816,-0.1794,1.0267,-4.043,-1.1621,-0.3047,other
13917,-0.1794,-0.1802,1.0264,-4.0332,-1.1465,-0.3027,other
13940,-0.1799,-0.1796,1.0253,-4.0312,-1.123,-0.3027,other
13963,-0.1785,-0.1794,1.0258,-4.0332,-1.082,-0.3027,other
13986,-0.1788,-0.1794,1.0277,-4.0449,-1.0566,-0.3047,other
14009,-0.1802,-0.1793,1.0275,-4.0527,-1.0547,-0.3047,other
14032,-0.1796,-0.1793,1.0261,-4.0645,-1.0645,-0.3066,other
14055,-0.1794,-0.1799,1.027,-4.0703,-1.0801,-0.3066,other
14078,-0.1785,-0.1793,1.0258,-4.0742,-1.1133,-0.3066,other
14101,-0.1791,-0.1802,1.0266,-4.0762,-1.1543,-0.3086,other
14124,-0.1794,-0.1797,1.026,-4.0781,-1.1816,-0.3125,other
14147,-0.1796,-0.1802,1.0258,-4.0781,-1.2129,-0.3184,other
14170,-0.1807,-0.1803,1.0258,-4.0781,-1.2246,-0.3242,other
14193,-0.1793,-0.1796,1.0273,-4.0781,-1.2227,-0.334,other
14216,-0.1801,-0.1798,1.0258,-4.0762,-1.2148,-0.3398,other
14239,-0.1816,-0.1799,1.0262,-4.0742,-1.1973,-0.3457,other
14262,-0.1816,-0.1794,1.0264,-4.0723,-1.1699,-0.3457,other
14285,-0.1777,-0.1794,1.0277,-4.0742,-1.1484,-0.3457,other
14308,-0.1801,-0.1791,1.0262,-4.0801,-1.1211,-0.3418,other
14331,-0.1807,-0.1804,1.0269,-4.0859,-1.1094,-0.3418,other
14354,-0.1793,-0.1787,1.0287,-4.0957,-1.0898,-0.3379,other
14377,-0.181,-0.1805,1.025,-4.1035,-1.0645,-0.334,other
14400,-0.1808,-0.1796,1.0269,-4.1055,-1.043,-0.332,other
14423,-0.1807,-0.1796,1.0269,-4.1035,-1.0,-0.3262,other
14446,-0.1791,-0.1799,1.0273,-4.0977,-0.9688,-0.3223,other
14469,-0.1799,-0.1797,1.0267,-4.0879,-0.9297,-0.3164,other
14492,-0.1818,-0.1804,1.0264,-4.0781,-0.9141,-0.3125,other
14515,-0.1807,-0.1796,1.0258,-4.0723,-0.916,-0.3145,other
14538,-0.1816,-0.1797,1.0265,-4.0684,-0.9297,-0.3184,other
14561,-0.179,-0.1812,1.0287,-4.0703,-0.9473,-0.3242,other
14584,-0.1797,-0.1797,1.0247,-4.0781,-0.9922,-0.3379,other
14607,-0.1801,-0.1805,1.0271,-4.0859,-1.0313,-0.3516,other
14630,-0.1808,-0.1798,1.0259,-4.0918,-1.0898,-0.3574,other
14653,-0.1812,-0.1804,1.027,-4.0937,-1.1309,-0.3613,other
14676,-0.1826,-0.1802,1.0273,-4.0937,-1.1426,-0.3613,other
14699,-0.1793,-0.1796,1.0267,-4.0918,-1.1387,-0.3555,other
14722,-0.1793,-0.1796,1.026,-4.0898,-1.1289,-0.3477,other
14745,-0.1819,-0.1793,1.0262,-4.0879,-1.1133,-0.3359,other
14768,-0.1813,-0.1798,1.0276,-4.0859,-1.1016,-0.3262,other
14791,-0.1815,-0.1798,1.026,-4.0859,-1.0977,-0.3203,other
14814,-0.1805,-0.1796,1.0271,-4.084,-1.0879,-0.3145,other
14837,-0.1805,-0.1802,1.0273,-4.084,-1.082,-0.3105,other
14860,-0.1819,-0.1799,1.0271,-4.0801,-1.0801,-0.3086,other
14883,-0.1818,-0.1793,1.0273,-4.0742,-1.0938,-0.3105,other
14906,-0.1836,-0.1798,1.0267,-4.0723,-1.1094,-0.3164,other
14929,-0.1804,-0.1794,1.0271,-4.0703,-1.1387,-0.3281,other
14952,-0.1819,-0.1802,1.0258,-4.0703,-1.166,-0.3379,other
14975,-0.1814,-0.1787,1.0249,-4.0742,-1.2148,-0.3516,other
14998,-0.1829,-0.1798,1.0267,-4.0781,-1.248,-0.3594,other
15021,-0.1813,-0.1805,1.0253,-4.0859,-1.293,-0.3613,other
15044,-0.1809,-0.1796,1.0265,-4.0918,-1.3223,-0.3594,other
15067,-0.183,-0.1799,1.0262,-4.0937,-1.3301,-0.3535,other
15090,-0.1826,-0.1793,1.0269,-4.0937,-1.3164,-0.3437,other
15113,-0.182,-0.1794,1.0253,-4.0937,-1.2891,-0.3379,other
15136,-0.1824,-0.1794,1.027,-4.0898,-1.2285,-0.3301,other
15159,-0.1801,-0.1799,1.027,-4.0859,-1.166,-0.3301,other
15182,-0.1818,-0.1788,1.025,-4.084,-1.1328,-0.332,other
15205,-0.1835,-0.1797,1.0251,-4.082,-1.0957,-0.3418,other
15228,-0.1809,-0.1807,1.0248,-4.084,-1.082,-0.3496,other
15251,-0.1819,-0.1794,1.026,-4.0859,-1.0703,-0.3574,other
15274,-0.1818,-0.1801,1.0258,-4.0879,-1.0723,-0.3574,other
15297,-0.1812,-0.1799,1.025,-4.0898,-1.0801,-0.3516,other
15320,-0.1826,-0.1794,1.0253,-4.0918,-1.0977,-0.3418,other
15343,-0.182,-0.1798,1.0256,-4.0918,-1.1113,-0.334,other
15366,-0.1808,-0.1797,1.0255,-4.0937,-1.1309,-0.3223,other
15389,-0.183,-0.1788,1.0247,-4.0937,-1.1523,-0.3145,other
15412,-0.1809,-0.1791,1.0262,-4.0957,-1.168,-0.3125,other
15435,-0.1807,-0.1792,1.026,-4.0937,-1.1914,-0.3105,other
15458,-0.1824,-0.1797,1.0265,-4.0918,-1.207,-0.3125,other
15481,-0.1814,-0.1792,1.0256,-4.0859,-1.2227,-0.3164,other
15504,-0.1835,-0.1801,1.0256,-4.082,-1.2246,-0.3223,other
15527,-0.1821,-0.1785,1.0245,-4.0762,-1.2148,-0.3301,other
15550,-0.1815,-0.1802,1.0236,-4.0742,-1.1953,-0.3379,other
15573,-0.1824,-0.179,1.0255,-4.0762,-1.1836,-0.3418,other
15596,-0.1843,-0.1793,1.0256,-4.0801,-1.166,-0.3457,other
15619,-0.1803,-0.1802,1.0245,-4.084,-1.1582,-0.3457,other
15642,-0.1805,-0.1801,1.0259,-4.0898,-1.1582,-0.3437,other
15665,-0.1833,-0.1796,1.0264,-4.0937,-1.1699,-0.3379,other
15688,-0.1831,-0.1799,1.0262,-4.0937,-1.1758,-0.334,other
15711,-0.1803,-0.179,1.027,-4.0918,-1.1719,-0.3262,other
15734,-0.1823,-0.1802,1.0266,-4.0879,-1.168,-0.3203,other
15757,-0.1818,-0.1797,1.0273,-4.084,-1.1719,-0.3164,other
15780,-0.1797,-0.1791,1.0253,-4.082,-1.2031,-0.3164,other
15803,-0.1799,-0.1802,1.0256,-4.082,-1.2422,-0.3203,other
15826,-0.181,-0.1797,1.0255,-4.0801,-1.3184,-0.3281,other
15849,-0.1825,-0.1791,1.0273,-4.0762,-1.3672,-0.332,other
15872,-0.1812,-0.179,1.0262,-4.0723,-1.4277,-0.3379,other
15895,-0.1772,-0.1799,1.025,-4.0703,-1.4609,-0.3418,other
15918,-0.1802,-0.1804,1.0253,-4.0664,-1.5176,-0.3437,other
15941,-0.1786,-0.1801,1.0273,-4.0645,-1.5781,-0.3437,other
15964,-0.181,-0.1791,1.0265,-4.0625,-1.6094,-0.3457,other
15987,-0.1793,-0.1802,1.0272,-4.0625,-1.6211,-0.3437,other
16010,-0.1786,-0.1786,1.0269,-4.0605,-1.6074,-0.3398,other
16033,-0.1787,-0.1802,1.0247,-4.0566,-1.5703,-0.332,other
16056,-0.1813,-0.1787,1.0266,-4.0566,-1.5254,-0.3223,other
16079,-0.1812,-0.1799,1.0291,-4.0586,-1.4941,-0.3184,other
16102,-0.181,-0.1802,1.0266,-4.0645,-1.4395,-0.3164,other
16125,-0.1797,-0.1797,1.026,-4.0703,-1.4004,-0.3184,other
16148,-0.1812,-0.1781,1.0271,-4.084,-1.3379,-0.3242,other
16171,-0.1804,-0.1786,1.026,-4.0996,-1.2715,-0.332,other
16194,-0.1787,-0.1794,1.0272,-4.1074,-1.2305,-0.3379,other
16217,-0.1812,-0.1802,1.0269,-4.1152,-1.1914,-0.3437,other
16240,-0.1801,-0.1804,1.0272,-4.1191,-1.1816,-0.3437,other
16263,-0.1802,-0.1805,1.028,-4.1191,-1.1816,-0.3398,other
16286,-0.1788,-0.1794,1.0266,-4.1191,-1.1914,-0.334,other
16309,-0.1813,-0.1783,1.0273,-4.1152,-1.2129,-0.3262,other
16332,-0.1809,-0.1793,1.0251,-4.1113,-1.2305,-0.3203,other
16355,-0.177,-0.1799,1.0266,-4.1094,-1.2402,-0.3203,other
16378,-0.179,-0.1804,1.0265,-4.1055,-1.252,-0.3242,other
16401,-0.1794,-0.1801,1.027,-4.1035,-1.2598,-0.3301,other
16424,-0.1812,-0.1794,1.0266,-4.1016,-1.2637,-0.3379,other
16447,-0.1781,-0.1788,1.026,-4.0977,-1.248,-0.3457,other
16470,-0.1783,-0.1792,1.0256,-4.0918,-1.2344,-0.3496,other
16493,-0.1798,-0.1788,1.0258,-4.084,-1.2148,-0.3516,other
16516,-0.179,-0.1797,1.0253,-4.0762,-1.1992,-0.3516,other
16539,-0.1787,-0.181,1.0269,-4.0684,-1.1699,-0.3496,other
16562,-0.1809,-0.1797,1.026,-4.0645,-1.1309,-0.3457,other
16585,-0.1814,-0.1796,1.0269,-4.0645,-1.0977,-0.3418,other
16608,-0.1804,-0.1785,1.0271,-4.0645,-1.0391,-0.334,other
16631,-0.1791,-0.1791,1.0272,-4.0625,-1.0,-0.3262,other
16654,-0.1813,-0.1786,1.0251,-4.0625,-0.9551,-0.3164,other
16677,-0.1797,-0.1801,1.0261,-4.0605,-0.9375,-0.3105,other
16700,-0.1808,-0.1796,1.0266,-4.0605,-0.9277,-0.3086,other
16723,-0.1804,-0.1792,1.0259,-4.0605,-0.9316,-0.3125,other
16746,-0.1786,-0.1793,1.0243,-4.0605,-0.9434,-0.3184,other
16769,-0.1792,-0.1786,1.0261,-4.0625,-0.9766,-0.332,other
16792,-0.1809,-0.1786,1.0256,-4.0605,-1.0117,-0.3418,other
16815,-0.1797,-0.179,1.0265,-4.0586,-1.0703,-0.3535,other
16838,-0.1791,-0.1797,1.0249,-4.0547,-1.123,-0.3594,other
16861,-0.1802,-0.1788,1.0251,-4.0547,-1.1484,-0.3574,other
16884,-0.179,-0.1786,1.0262,-4.0527,-1.1797,-0.3516,other
16907,-0.1781,-0.1785,1.0272,-4.0547,-1.1992,-0.3457,other
16930,-0.1805,-0.1798,1.0281,-4.0566,-1.2305,-0.3359,other
16953,-0.1807,-0.1801,1.0266,-4.0586,-1.252,-0.3242,other
16976,-0.1777,-0.1802,1.0277,-4.0586,-1.2598,-0.3184,other
16999,-0.1781,-0.1796,1.0265,-4.0566,-1.2715,-0.3066,other
17022,-0.1808,-0.1793,1.0275,-4.0527,-1.2832,-0.3027,other
17045,-0.1791,-0.1786,1.0273,-4.0449,-1.3008,-0.2969,other
17068,-0.1799,-0.1775,1.025,-4.0391,-1.3086,-0.293,other
17091,-0.1781,-0.1791,1.024,-4.0293,-1.3105,-0.2949,other
17114,-0.1802,-0.1793,1.0275,-4.0234,-1.3086,-0.3008,other
17137,-0.1799,-0.179,1.0282,-4.0234,-1.3027,-0.3066,other
17160,-0.1801,-0.179,1.0286,-4.0254,-1.2832,-0.3184,other
17183,-0.1788,-0.1788,1.028,-4.0312,-1.2637,-0.3242,other
17206,-0.1798,-0.1786,1.0261,-4.0391,-1.2383,-0.3301,other
17229,-0.1796,-0.1792,1.0272,-4.0488,-1.2148,-0.3281,other
17252,-0.178,-0.1783,1.0266,-4.0566,-1.2031,-0.3223,other
17275,-0.1792,-0.1792,1.0277,-4.0664,-1.1953,-0.3125,other
17298,-0.1786,-0.179,1.0277,-4.0723,-1.1914,-0.3066,other
17321,-0.1814,-0.1782,1.0284,-4.0742,-1.1816,-0.2988,other
17344,-0.1794,-0.1776,1.027,-4.0703,-1.1602,-0.293,other
17367,-0.1792,-0.1786,1.0262,-4.0664,-1.1426,-0.2891,other
17390,-0.1793,-0.1787,1.0284,-4.0605,-1.1289,-0.2891,other
17413,-0.1798,-0.1788,1.0294,-4.0566,-1.1328,-0.291,other
17436,-0.1787,-0.1802,1.0264,-4.0508,-1.1621,-0.2969,other
17459,-0.1788,-0.1797,1.028,-4.0508,-1.2129,-0.3086,other
17482,-0.1807,-0.1788,1.0275,-4.0527,-1.25,-0.3164,other
17505,-0.1803,-0.1797,1.0251,-4.0566,-1.3008,-0.3301,other
17528,-0.179,-0.1797,1.0271,-4.0605,-1.3281,-0.3379,other
17551,-0.1779,-0.1812,1.027,-4.0664,-1.373,-0.3477,other
17574,-0.1769,-0.1794,1.0269,-4.0684,-1.4102,-0.3535,other
17597,-0.1794,-0.1799,1.0273,-4.0742,-1.4707,-0.3574,other
17620,-0.178,-0.1788,1.0266,-4.0801,-1.5156,-0.3594,other
17643,-0.1785,-0.1792,1.0281,-4.084,-1.5254,-0.3574,other
17666,-0.1786,-0.179,1.0267,-4.0918,-1.5117,-0.3555,other
17689,-0.1765,-0.1798,1.0273,-4.0977,-1.4824,-0.3516,other
17712,-0.1794,-0.1802,1.0291,-4.1016,-1.4121,-0.3457,other
17735,-0.1782,-0.1798,1.0261,-4.0996,-1.3184,-0.3379,other
17758,-0.1771,-0.1791,1.0281,-4.0957,-1.2441,-0.332,other
17781,-0.1788,-0.1799,1.0258,-4.0859,-1.123,-0.3242,other
17804,-0.1792,-0.1796,1.0269,-4.0762,-1.041,-0.3203,other
17827,-0.1782,-0.1793,1.0273,-4.0645,-0.9297,-0.3164,other
17850,-0.181,-0.1802,1.0271,-4.0586,-0.8535,-0.3125,other
17873,-0.1779,-0.1799,1.0249,-4.0508,-0.834,-0.3105,other
17896,-0.178,-0.1802,1.0261,-4.0449,-0.8457,-0.3086,other
17919,-0.1785,-0.1783,1.0259,-4.0449,-0.877,-0.3105,other
17942,-0.1791,-0.1787,1.0253,-4.0488,-0.9297,-0.3125,other
17965,-0.1786,-0.1799,1.0265,-4.0527,-0.9609,-0.3125,other
17988,-0.1847,-0.1799,1.0275,-4.0625,-0.9824,-0.3105,other
18011,-0.1788,-0.1802,1.0273,-4.0723,-0.957,-0.3047,other
18034,-0.1993,-0.1804,1.0292,-4.082,-0.916,-0.3008,other
18057,-0.1693,-0.1788,1.026,-4.0898,-0.8672,-0.2969,other
18080,-0.1636,-0.1777,1.0229,-4.0879,-0.9141,-0.2969,other
18103,-0.1792,-0.1792,1.026,-4.0703,-1.2129,-0.3066,other
18126,-0.1807,-0.1807,1.0275,-4.0312,-1.6836,-0.3242,other
18149,-0.1953,-0.1851,1.0293,-4.0,-1.9746,-0.334,other
18172,-0.1674,-0.1836,1.027,-3.9492,-2.2695,-0.3437,other
18195,-0.1632,-0.1791,1.0259,-3.916,-2.4023,-0.3477,other
18218,-0.1829,-0.1719,1.0234,-3.8633,-2.5918,-0.3516,other
18241,-0.1825,-0.1718,1.0228,-3.8105,-2.7305,-0.3516,other
18264,-0.1628,-0.1771,1.0271,-3.7812,-2.7617,-0.3457,other
18287,-0.1758,-0.1847,1.0306,-3.7539,-2.7598,-0.334,other
18310,-0.1694,-0.1829,1.0276,-3.752,-2.748,-0.3281,other
18333,-0.1753,-0.1782,1.027,-3.7793,-2.6973,-0.3184,other
18356,-0.1646,-0.1719,1.0239,-3.8105,-2.6016,-0.3105,other
18379,-0.1809,-0.1747,1.0256,-3.8691,-2.2852,-0.2969,other
18402,-0.1814,-0.1805,1.0267,-3.9316,-1.6523,-0.2695,other
18425,-0.1901,-0.1844,1.0292,-3.9727,-1.0039,-0.2422,other
18448,-0.1917,-0.1812,1.0258,-4.0371,0.3281,-0.1895,other
18471,-0.1975,-0.175,1.0223,-4.0742,1.4043,-0.1484,other
18494,-0.1527,-0.173,1.02,-4.1191,3.0879,-0.0879,other
18517,-0.2338,-0.1782,1.0244,-4.1406,4.6348,-0.0352,other
18540,-0.2052,-0.1837,1.0197,-4.1406,5.6348,-0.002,other
18563,-0.2303,-0.1826,1.0211,-4.125,7.168,0.0449,other
18586,-0.205,-0.3628,1.0387,-4.1074,8.1426,0.0703,other
18609,-0.1893,0.0156,0.969,-4.0762,9.1426,0.0547,other
18632,-0.2379,-0.1975,1.0276,-4.0039,8.8066,-0.2461,other
18655,-0.1483,-0.1744,1.0188,-3.9219,7.6367,-0.6719,other
18678,-0.25,-0.186,1.0319,-3.7734,4.6406,-1.5137,other
18701,-0.1332,-0.178,1.0211,-3.6816,2.0723,-2.084,other
18724,-0.1814,-0.1763,1.0249,-3.584,-2.1836,-2.7715,other
18747,-0.1714,-0.1765,1.0227,-3.5547,-4.957,-3.1094,other
18770,-0.1997,-0.1782,1.0238,-3.5664,-8.3223,-3.1113,other
18793,-0.2213,-0.1825,1.0255,-3.6406,-9.9844,-2.8008,other
18816,-0.1324,-0.1797,1.0214,-3.7168,-9.9766,-2.4336,other
18839,-0.1921,-0.1777,1.0261,-3.8535,-8.6855,-1.7617,other
18862,-0.1727,-0.1749,1.021,-3.9492,-7.2773,-1.2988,other
18885,-0.1755,-0.1752,1.022,-4.0762,-4.5859,-0.6719,other
18908,-0.1431,-0.1796,1.0189,-4.1602,-1.2031,-0.1777,other
18931,-0.2306,-0.1829,1.0021,-4.1836,1.7051,0.0781,other
18954,-0.4286,-0.1903,0.9862,-4.1699,8.1152,0.3867,other
18977,-0.338,-0.2181,0.9843,-4.127,14.3027,0.5723,other
19000,-0.3556,-0.1555,0.9905,-4.0312,25.8066,0.8223,other
19023,-0.2615,-0.1368,1.0024,-3.9062,37.2422,0.9609,other
19046,-0.3241,-0.1769,0.9888,-3.8125,43.0781,0.9492,other
19069,-0.3077,-0.1774,0.9912,-3.6797,47.5918,0.7734,other
19092,-0.3485,-0.1702,0.9801,-3.6016,47.6523,0.584,other
19115,-0.3976,-0.1805,0.9713,-3.5039,44.3574,0.2285,other
19138,-0.3822,-0.1785,0.9666,-3.4199,38.8652,-0.3281,other
19161,-0.4003,-0.1967,0.9728,-3.1699,34.748,-0.9453,other
19184,-0.3209,-0.1805,0.9828,-2.7539,28.082,-2.2324,other
19207,-0.3394,-0.158,0.9878,-2.4316,23.4922,-3.207,other
19230,-0.3909,-0.1791,0.97,-1.9395,16.6973,-4.668,other
19253,-0.427,-0.1755,0.9541,-1.5957,12.4121,-5.6484,other
19276,-0.3807,-0.1722,0.9745,-1.0234,6.3184,-7.2051,other
19299,-0.5934,-0.3276,0.8848,-0.4805,0.0547,-8.6777,other
19322,-0.5829,-0.0759,0.9233,-0.2227,-4.4668,-9.4336,other
19345,-0.2783,0.0106,0.9952,0.0625,-11.2051,-10.3672,other
19368,-0.2084,-0.1143,1.0299,0.3516,-15.0195,-11.2539,other
19391,-0.0531,-0.1479,1.1227,1.2285,-18.375,-13.6934,other
19414,-0.1638,-0.2832,1.0323,2.75,-17.7559,-17.5605,other
19437,-0.4604,-0.1932,1.0244,3.9473,-15.2793,-20.2969,other
19460,-0.3402,-0.2007,0.9485,5.5176,-9.8789,-22.9121,other
19483,-0.288,-0.1666,1.0107,6.2715,-6.2383,-22.7305,other
19506,-0.2286,-0.0371,1.0765,7.0234,-2.3047,-18.8281,other
19529,-0.3436,-0.1577,1.0646,7.4277,-0.8086,-11.0078,other
19552,-0.2563,-0.0808,1.011,8.5156,-0.8105,-4.3203,other
19575,-0.2114,-0.0621,1.0081,11.2441,-1.8848,6.5957,other
19598,-0.3728,-0.089,1.0895,14.3906,-3.2598,13.7656,other
19621,-0.3829,0.0154,1.0889,20.9434,-6.0195,23.4121,other
19644,-0.1604,0.0476,1.0714,25.9688,-7.543,28.3438,other
19667,-0.2067,-0.006,1.0326,33.1797,-7.0684,31.6855,other
19690,-0.2788,0.0648,1.083,39.3496,-2.5801,29.4531,other
19713,-0.39,0.129,1.0037,43.123,1.4102,25.9473,other
19736,-0.421,0.0742,0.9463,48.5469,5.3125,20.9688,other
19759,-0.3732,0.0852,0.9617,51.623,4.9844,19.4043,other
19782,-0.2896,0.0631,0.8311,54.1523,0.3066,20.0137,other
19805,-0.2852,0.0172,1.0297,53.166,-6.4238,21.5723,other
19828,-0.2991,0.1051,1.1617,50.5723,-9.707,21.0137,other
19851,-0.4573,-0.0114,1.0043,44.2051,-10.3047,15.752,other
19874,-0.6793,-0.0118,0.928,38.3535,-7.752,9.457,other
19897,-0.5814,-0.0638,0.9396,26.8164,0.0664,-2.8398,other
19920,-0.4183,-0.0247,1.114,12.1309,12.2598,-17.8711,other
19943,-0.2657,0.1433,1.2733,1.5,21.5762,-29.3945,other
19966,-0.2231,0.0952,1.2257,-13.709,33.0996,-48.5742,other
19989,-0.2593,-0.0402,1.0087,-22.7383,36.3105,-61.9238,other
20012,-0.2773,-0.196,0.6809,-35.1523,31.498,-64.0,other
20035,-0.2354,-0.3033,0.636,-43.4121,21.875,-64.0,other
20058,-0.254,-0.3507,0.6682,-56.2188,0.293,-64.0,other
20081,-0.1857,-0.2778,0.8389,-64.0,-24.9004,-64.0,other
20104,-0.2024,-0.2291,0.8839,-64.0,-40.5566,-64.0,other
20127,-0.269,-0.2078,0.9418,-64.0,-58.2773,-64.0,other
20150,-0.3361,-0.1757,0.8093,-64.0,-64.0,-64.0,other
20173,-0.111,-0.2441,0.734,-62.0527,-64.0,-64.0,other
20196,0.0585,-0.1449,0.8434,-45.8203,-61.5742,-64.0,other
20219,-0.0457,-0.0858,0.9733,-32.8496,-56.3691,-64.0,other
20242,-0.3768,-0.0956,1.2667,-11.127,-47.3359,-51.0117,other
20265,-0.4265,-0.1243,1.3416,4.1191,-40.4785,-39.8008,other
20288,-0.2499,-0.1456,1.2355,25.2637,-28.3203,-21.582,other
20311,-0.1691,-0.1575,1.1124,39.0352,-14.2402,-3.3848,other
20334,-0.2804,-0.2751,0.9731,41.4004,-4.748,7.6367,other
20357,-0.2196,-0.2277,0.9442,33.082,7.6504,21.6406,other
20380,-0.092,-0.2231,0.9523,20.5313,13.7363,29.3555,other
20403,-0.0582,-0.1891,0.9348,-4.3301,18.293,39.5469,other
20426,-0.0922,-0.1031,0.9818,-21.1992,17.6152,49.8535,other
20449,-0.1843,-0.0427,1.0658,-40.209,10.5879,57.8301,other
20472,-0.2169,-0.0397,1.0249,-45.8145,-2.2715,63.998,other
20495,-0.2211,-0.0439,0.9476,-41.0781,-12.4844,63.998,other
20518,-0.2125,-0.0717,0.8868,-23.7969,-26.7637,63.998,other
20541,-0.2882,-0.0577,0.9254,-8.5762,-33.0566,63.998,other
20564,-0.4749,-0.0457,1.1165,13.6484,-33.6484,63.998,other
20587,-0.6464,-0.0513,1.1605,29.3262,-21.8418,63.998,other
20610,-0.6703,-0.0646,0.9546,34.8027,-8.8789,63.998,other
20633,-0.4614,-0.1171,0.9885,35.9473,12.3008,63.998,other
20656,-0.4773,-0.0822,0.9844,32.2891,24.9395,63.998,other
20679,-0.2106,0.0792,1.0111,20.8477,39.0664,63.998,other
20702,-0.1107,0.1321,0.9264,4.293,44.6152,63.998,other
20725,-0.3888,-0.0662,0.9099,-8.0586,42.4492,63.998,other
20748,-0.267,-0.0524,0.7927,-26.3828,30.7949,63.998,other
20771,-0.2743,-0.1217,0.9713,-37.416,18.7813,61.9375,other
20794,-0.231,-0.0636,1.0808,-50.5547,-2.1602,40.9219,other
20817,-0.0729,-0.1715,1.0474,-56.1641,-16.1328,22.1445,other
20840,-0.0116,-0.2001,0.8619,-59.0547,-34.6992,11.127,other
20863,-0.1316,-0.1925,0.9634,-55.4824,-47.5,-2.9082,other
20886,-0.1443,-0.1017,1.1122,-49.8418,-50.8301,-10.2754,other
20909,-0.2698,-0.1593,1.0939,-37.0156,-46.1465,-17.2715,other
20932,-0.2024,-0.1129,1.054,-26.0469,-37.041,-18.4961,other
20955,-0.2898,0.0151,1.1172,-7.5957,-17.2637,-14.625,other
20978,-0.3546,0.0427,1.1354,9.6973,6.3027,-4.9805,other
21001,-0.2125,-0.1112,0.9912,17.8027,22.6543,3.1211,other
21024,-0.2322,-0.3456,0.8176,20.8691,45.9531,14.6914,other
21047,-0.4176,-0.2521,0.7725,15.6816,59.3672,20.5469,other
21070,-0.4293,-0.1859,1.02,-2.2129,63.998,25.4785,other
21093,-0.3508,-0.2839,1.0406,-27.8828,63.998,25.9063,other
21116,-0.2745,-0.3025,0.9368,-46.3164,63.998,24.0918,other
21139,-0.4399,-0.3583,0.9198,-64.0,63.998,19.625,other
21162,-0.6125,-0.3373,0.9125,-64.0,63.998,16.9004,other
21185,-0.3915,-0.5121,0.9175,-64.0,63.8496,15.9238,other
21208,-0.4205,-0.7784,0.7322,-64.0,48.7266,20.2617,other
21231,-0.5172,-0.4758,0.7925,-64.0,37.3594,25.7578,other
21254,-0.3765,-0.1173,0.944,-64.0,20.6836,36.1699,other
21277,-0.3223,-0.1934,0.9825,-64.0,11.0,43.3633,other
21300,-0.3759,-0.1637,1.0848,-60.0547,-0.8008,52.707,other
21323,-0.4534,-0.1263,1.0747,-38.0625,-6.5566,57.0215,other
21346,-0.6774,-0.1731,1.0619,-2.8125,-11.0879,59.4668,other
21369,-0.5625,-0.1888,0.8746,28.2813,-10.0977,56.8262,other
21392,-0.5432,-0.2246,0.7358,43.5098,-6.793,52.4844,other
21415,-0.411,-0.0867,0.7345,55.6875,0.5039,42.8281,other
21438,-0.5483,-0.1725,0.9435,56.7559,6.0293,34.7793,other
21461,-0.5345,-0.1394,0.7295,50.0605,14.6094,21.1152,other
21484,-0.5586,-0.1139,0.8164,38.0625,23.0801,7.1621,other
21507,-0.6906,-0.0791,0.9352,30.082,28.3359,-0.8945,other
21530,-0.5515,0.0515,1.1169,21.6855,34.8711,-8.834,other
21553,-0.6301,0.0956,1.0129,19.3516,37.6992,-10.3906,other
21576,-0.5089,-0.0909,0.7402,19.3691,38.1152,-5.9062,other
21599,-0.4812,-0.0596,0.9465,19.1699,31.1582,7.373,other
21622,-0.4733,-0.014,1.142,17.3809,21.3789,20.6211,other
21645,-0.5038,-0.0591,1.0829,10.2559,0.1719,45.0059,other
21668,-0.547,-0.2427,0.793,2.9746,-16.0352,62.627,other
21691,-0.3096,-0.176,0.673,-10.8652,-38.6406,63.998,other
21714,-0.6398,-0.2334,0.9219,-21.4082,-50.334,63.998,other
21737,-0.3671,-0.163,1.3033,-37.5781,-60.8125,63.998,other
21760,-0.1025,0.0092,1.0502,-52.0664,-62.7559,63.998,other
21783,-0.2338,-0.0566,0.6589,-60.3496,-60.2539,63.998,other
21806,-0.4312,-0.1636,0.5566,-64.0,-53.1504,63.998,other
21829,-0.1147,-0.0941,0.8258,-64.0,-47.627,63.998,other
21852,-0.174,-0.0425,0.8295,-64.0,-40.1523,63.998,other
21875,-0.2842,-0.1553,1.144,-64.0,-34.6426,63.998,other
21898,-0.2412,-0.0043,1.2875,-64.0,-31.832,63.998,other
21921,-0.1097,-0.0148,1.1228,-53.4668,-28.2676,58.9473,other
21944,-0.1677,-0.0078,1.1412,-35.9258,-26.3281,53.0801,other
21967,-0.1189,0.0352,1.1123,-6.373,-24.3262,44.8828,other
21990,-0.1212,0.1545,1.0742,21.7441,-23.3945,37.3301,other
22013,-0.1173,0.1272,0.9728,36.9414,-23.0605,32.7422,other
22036,-0.1194,0.0204,0.953,51.6191,-22.1738,26.4004,other
22059,-0.1989,-0.0052,0.9467,55.3672,-20.8594,22.3516,other
22082,-0.1783,0.0966,0.9503,52.4434,-17.25,16.5645,other
22105,-0.2694,0.0128,0.9642,45.7988,-13.625,13.127,other
22128,-0.198,0.0548,1.0306,31.2559,-6.4453,8.9941,other
22151,-0.2225,0.0417,1.0836,14.582,2.2754,6.1035,other
22174,-0.1996,-0.0309,1.0475,3.9785,8.4629,4.6543,other
22197,-0.1703,0.0735,1.0927,-9.3047,17.3906,2.6211,other
22220,-0.2633,0.1182,1.0453,-15.752,22.4863,1.0957,other
22243,-0.2783,0.0522,0.9379,-21.7109,27.9297,-1.5215,other
22266,-0.2931,-0.0485,0.9203,-24.1816,30.0586,-4.6465,other
22289,-0.3401,-0.1086,0.822,-24.6211,29.4766,-7.2227,other
22312,-0.3575,-0.1783,0.8597,-24.5996,25.7793,-12.0,other
22335,-0.1868,-0.2578,0.9674,-24.6543,21.625,-15.6328,other
22358,-0.601,-0.1801,0.8849,-25.3066,13.3691,-20.5762,other
22381,-0.4731,-0.3158,0.7841,-27.1719,4.125,-22.0625,other
22404,-0.3867,-0.2322,0.8588,-29.0293,-1.6289,-20.2402,other
22427,-0.3885,0.103,1.2616,-30.6074,-9.4453,-14.0273,other
22450,-0.1946,0.1223,1.0509,-28.8164,-14.625,-8.5508,other
22473,-0.2709,0.0011,1.1714,-19.4238,-23.5879,-0.4551,other
22496,-0.2206,0.0721,1.1759,-8.6855,-30.7188,5.2598,other
22519,-0.1945,0.0977,1.0737,11.5898,-42.3496,7.2539,other
22542,-0.3153,0.0292,0.9288,31.543,-52.0898,7.2051,other
22565,-0.1885,0.0227,0.6941,41.6797,-55.207,5.4434,other
22588,-0.2332,0.0331,0.7703,49.4355,-52.3184,0.6152,other
22611,-0.0199,0.2787,1.12,49.5938,-45.7207,-3.6523,other
22634,-0.0797,0.1395,1.0325,44.2285,-32.1641,-10.6367,other
22657,-0.2106,0.0988,1.2843,35.0137,-18.6621,-16.8125,other
22680,-0.129,0.2966,1.1301,28.4688,-11.2695,-19.6367,other
22703,-0.1141,0.1462,0.9425,20.4492,-3.7402,-21.2637,other
22726,-0.1898,0.2047,0.9299,17.2949,-1.082,-20.625,other
22749,-0.1461,0.2869,1.1466,16.6367,0.4004,-17.4023,other
22772,-0.2542,0.1865,1.0906,21.0215,0.7344,-12.1367,other
22795,-0.2587,0.1111,1.0798,26.252,1.4863,-8.0605,other
22818,-0.272,0.1309,1.0377,35.2988,4.7598,-2.2559,other
22841,-0.3796,-0.1018,0.949,40.1387,8.6777,0.793,other
22864,-0.2571,0.0538,0.8196,41.9453,16.793,3.5898,other
22887,-0.1511,0.0743,0.798,37.8105,25.7695,4.2969,other
22910,-0.249,-0.022,0.8822,22.8379,30.1074,3.9629,other
22933,-0.2561,0.0354,1.0098,0.373,33.3809,3.166,other
22956,-0.2156,0.0833,1.0022,-15.5098,33.125,2.8359,other
22979,-0.2777,0.0433,0.9674,-35.2227,30.0234,2.8242,other
23002,-0.2933,0.0778,1.0057,-43.2676,26.875,3.1211,other
23025,-0.2908,0.1586,0.9409,-46.207,21.7109,4.0332,other
23048,-0.3326,0.0044,0.8707,-39.8223,17.2422,5.4941,other
23071,-0.2445,0.0931,0.7948,-32.2598,15.2168,6.6387,other
23094,-0.5416,0.2319,0.8586,-18.873,14.3184,8.1816,other
23117,-1.0454,0.6318,1.1781,-9.8516,15.832,8.9395,other
23140,-0.8052,0.5588,1.4448,2.8555,22.1543,9.75,other
23163,-0.4397,0.3123,1.1923,14.2305,31.8047,9.873,other
23186,-0.5057,0.1213,1.0414,20.5098,38.3594,9.1367,other
23209,-0.4376,-0.0128,0.8817,26.3906,46.043,6.748,other
23232,-0.5038,-0.0712,0.8196,27.2207,48.873,4.7949,other
23255,-0.584,-0.1002,0.7563,23.8535,48.9473,2.7461,other
23278,-0.4369,-0.1327,0.7856,19.3828,44.5645,3.2969,other
23301,-0.2579,-0.151,0.6365,11.5742,40.3945,5.3926,other
23324,-0.2163,-0.0732,0.5404,4.8496,34.7539,10.8242,other
23347,-0.3986,0.0292,0.4122,1.877,32.6602,15.8203,other
23370,-0.4525,0.0504,0.3496,0.2598,33.5625,25.5098,other
23393,-0.4581,0.0366,0.3259,0.9668,37.1738,33.502,other
23416,-0.1113,0.123,0.6835,4.0234,45.998,47.2598,other
23439,0.1299,0.2764,1.084,8.6602,55.709,61.4199,other
23462,0.1089,0.5039,1.1002,12.293,61.25,63.998,other
23485,-0.1749,0.6099,0.9855,17.9727,63.998,63.998,other
23508,-0.5123,0.5021,0.7556,21.4023,63.998,63.998,other
23531,-0.6394,0.5854,0.7903,25.1074,63.998,63.998,other
23554,-0.4998,0.7767,0.6189,27.0664,63.998,63.998,other
23577,-0.3602,0.6927,0.5927,28.1523,63.998,63.998,other
23600,-0.3264,0.7157,0.6272,31.2109,63.998,63.998,other
23623,-0.3267,0.8695,0.8225,35.0488,63.998,63.998,other
23646,-0.3779,0.8108,0.6196,43.7559,57.8809,63.998,other
23669,-0.5114,0.6377,0.2585,53.5488,46.8633,63.998,other
23692,-0.4016,0.5785,0.2749,59.2012,38.9336,63.998,other
23715,-0.3048,0.74,0.5375,63.3066,26.6211,63.998,other
23738,-0.2299,0.7523,0.7357,63.334,18.4844,56.916,other
23761,-0.4298,0.7213,0.5297,60.3633,7.2441,40.998,other
23784,-0.4948,0.537,0.318,56.8086,1.0,31.752,other
23807,-0.2708,0.5978,0.4138,49.3535,-5.6973,21.0469,other
23830,-0.233,0.7338,0.7174,40.1152,-9.2109,14.375,other
23853,-0.3757,0.7314,0.6652,33.7266,-10.127,11.9629,other
23876,-0.3774,0.7091,0.5454,24.4805,-9.9629,10.9746,other
23899,-0.2231,0.5098,0.5206,18.3945,-9.1445,11.7441,other
23922,-0.2139,0.4946,0.6068,8.7656,-7.373,14.1895,other
23945,-0.3372,0.6455,0.579,-1.8223,-5.4238,17.3359,other
23968,-0.2308,0.4916,0.4231,-9.3848,-4.1504,19.6504,other
23991,-0.1364,0.6215,0.6093,-21.2266,-2.4473,23.3691,other
24014,-0.2028,0.8547,0.6268,-29.0488,-1.5586,25.9219,other
24037,-0.2097,0.778,0.5105,-39.8516,-0.7695,29.7598,other
24060,-0.2023,0.7101,0.5577,-49.2148,-0.8965,33.5996,other
24083,-0.1667,0.5382,0.6335,-54.7754,-1.6895,36.0879,other
24106,-0.0486,0.4015,0.8416,-62.5957,-4.3105,39.4238,other
24129,-0.0437,0.5839,1.0074,-64.0,-7.2246,41.2383,other
24152,-0.0461,0.4952,0.866,-64.0,-13.2832,43.3105,other
24175,-0.0994,0.64,0.824,-64.0,-17.9531,44.2715,other
24198,-0.0524,0.5907,0.8112,-64.0,-24.6309,45.0703,other
24221,-0.019,0.5508,0.7728,-64.0,-29.5547,45.0371,other
24244,-0.0461,0.6282,0.7581,-64.0,-31.3867,44.498,other
24267,-0.0634,0.6357,0.8107,-64.0,-31.8516,42.8828,other
24290,-0.0476,0.5686,0.9478,-64.0,-30.9473,41.2344,other
24313,-0.035,0.5806,0.9232,-64.0,-28.6953,37.6953,other
24336,0.0135,0.4657,0.876,-64.0,-26.3535,32.5039,other
24359,-0.0098,0.3925,0.8939,-64.0,-24.9785,27.9863,other
24382,-0.0699,0.3357,0.9034,-64.0,-23.1191,19.8203,other
24405,-0.0391,0.2601,0.9299,-64.0,-21.9121,13.8027,other
24428,0.004,0.1908,0.9468,-64.0,-20.0586,4.6992,other
24451,0.0179,0.1663,0.979,-64.0,-18.1055,-3.5254,other
24474,-0.0253,0.1996,0.9904,-64.0,-16.7344,-7.9746,other
24497,-0.0234,0.1405,0.8494,-64.0,-14.5488,-12.3887,other
24520,-0.0343,0.1169,0.8846,-64.0,-13.0059,-13.6152,other
24543,-0.0161,0.0869,0.8854,-64.0,-10.5957,-13.0527,other
24566,0.0081,0.1012,0.8589,-64.0,-8.9082,-10.5176,other
24589,-0.0206,0.2941,1.048,-64.0,-5.998,-8.4609,other
24612,0.0392,0.3923,1.1277,-64.0,-2.0918,-6.0059,other
24635,0.0262,0.4493,1.22,-64.0,1.4023,-5.4141,other
24658,-0.1776,0.5421,1.3347,-37.0137,8.5898,-6.918,other
24681,-0.1489,0.3678,1.2932,-14.3633,14.9375,-9.7441,other
24704,-0.0935,-0.0035,0.9927,23.252,26.7109,-16.7441,other
24727,-0.2599,-0.0007,0.7537,60.4512,40.8184,-26.6387,other
24750,-0.2947,0.0625,0.6085,63.998,51.3516,-34.2363,other
24773,-0.5607,0.2649,0.3405,63.998,63.998,-45.4961,other
24796,-0.3981,0.3076,0.4537,63.998,63.998,-51.6406,other
24819,-0.2823,0.3705,0.6364,63.998,63.998,-56.8672,other
24842,-0.2959,0.4602,0.4073,63.998,63.998,-55.9219,other
24865,-0.6315,0.4092,-0.4028,63.998,63.998,-51.4805,other
24888,-0.2728,0.6179,0.0863,63.998,63.998,-39.1191,other
24911,-0.2926,1.1591,1.1044,63.998,63.998,-27.7246,other
24934,-0.4178,1.1532,0.5443,63.998,63.998,-7.877,other
24957,-0.4329,0.8582,0.0261,63.998,63.998,12.6172,other
24980,-0.2462,0.6892,0.3696,63.998,58.6758,25.1523,other
25003,-0.1893,0.4812,0.6135,63.998,37.2227,40.2734,other
25026,-0.5118,0.7223,0.5092,63.998,23.0449,47.2266,other
25049,-0.4453,0.8159,0.5774,50.9746,3.043,53.0137,other
25072,-0.238,0.7059,0.3042,37.6777,-9.0078,54.2266,other
25095,-0.0741,0.7123,0.6453,17.4082,-25.1172,53.0859,other
25118,-0.1445,0.5781,0.5415,-3.584,-39.1797,49.8379,other
25141,-0.2742,0.5902,0.5887,-18.2539,-47.2852,47.4434,other
25164,-0.209,0.6365,0.6403,-41.2461,-57.1914,45.0313,other
25187,-0.036,0.5748,0.6794,-56.8457,-62.4922,44.8652,other
25210,-0.0195,0.6866,0.599,-64.0,-64.0,47.082,other
25233,0.1268,0.6713,0.7968,-64.0,-64.0,51.5742,other
25256,0.1538,0.7122,0.9669,-64.0,-64.0,55.0117,other
25279,0.0848,0.7504,1.2072,-64.0,-64.0,59.166,other
25302,0.0903,0.5215,0.9727,-64.0,-64.0,60.334,other
25325,0.0468,0.3724,0.8302,-64.0,-64.0,58.5527,other
25348,0.0364,0.265,0.8599,-64.0,-64.0,52.1328,other
25371,0.0524,0.1421,0.8307,-64.0,-64.0,45.5586,other
25394,0.0483,0.1019,0.8439,-64.0,-56.666,33.2715,other
25417,0.0109,0.1279,0.8298,-64.0,-47.0742,24.2637,other
25440,0.0425,0.1761,0.899,-64.0,-31.9277,11.1094,other
25463,0.0541,0.3191,1.0548,-64.0,-22.1973,3.457,other
25486,0.1084,0.4059,1.1241,-64.0,-9.4316,-5.2285,other
25509,0.1321,0.2805,1.0935,-64.0,0.2051,-10.0664,other
25532,0.0924,0.2228,0.8998,-64.0,4.7285,-11.3066,other
25555,0.0221,0.1553,0.907,-57.541,8.8574,-10.793,other
25578,0.049,0.1304,0.9843,-51.7715,10.1113,-9.2852,other
25601,0.0088,0.1691,1.0522,-45.6953,10.3652,-6.0664,other
25624,-0.007,0.1227,1.0009,-42.5684,9.3574,-2.5352,other
25647,0.0527,0.1298,1.0398,-41.8789,8.2539,-0.3613,other
25670,0.0177,0.0741,0.9598,-42.498,6.1914,2.2539,other
25693,-0.0222,0.0453,0.8787,-43.7461,4.6602,3.4414,other
25716,0.0377,0.0645,0.9972,-46.1816,2.4199,4.2812,other
25739,0.0831,0.0734,1.0762,-47.5313,0.7148,3.8496,other
25762,0.0956,-0.0033,0.9686,-48.0742,0.0566,2.8633,other
25785,0.0116,0.0861,1.0052,-46.3066,-0.1309,0.6855,other
25808,-0.0481,0.1217,0.9088,-43.875,0.2539,-0.8555,other
25831,-0.0354,0.2302,1.0708,-38.5547,1.377,-2.748,other
25854,0.026,0.3063,1.2236,-33.8535,2.2656,-3.7051,other
25877,-0.0649,0.2451,1.0417,-24.7715,3.4766,-5.2812,other
25900,-0.0779,0.0254,0.7452,-13.3906,4.4297,-8.2109,other
25923,-0.098,-0.0018,0.7405,-4.7715,5.0449,-11.6367,other
25946,-0.0333,0.0383,0.949,9.9297,6.4004,-19.8965,other
25969,-0.0371,0.1285,1.2303,21.248,8.0,-27.709,other
25992,0.1088,0.0209,1.0583,40.5684,12.1406,-42.3184,other
26015,0.0708,0.0646,0.6963,61.5684,18.9434,-58.1738,other
26038,-0.0751,0.3694,0.6166,63.998,25.1426,-64.0,other
26061,-0.3948,0.6418,0.8195,63.998,36.9395,-64.0,other
26084,-0.2086,0.6101,1.108,63.998,46.0605,-64.0,other
26107,-0.2026,0.4323,0.736,63.998,59.916,-64.0,other
26130,-0.3448,0.5167,0.5155,63.998,63.998,-51.2188,other
26153,-0.0635,0.6348,0.7078,63.998,63.998,-36.3008,other
26176,-0.2717,0.7471,0.7935,63.998,63.998,-11.8242,other
26199,-0.2531,0.6785,0.6691,63.998,63.998,4.1797,other
26222,-0.1956,0.6179,0.726,63.998,63.998,25.2891,other
26245,-0.1072,0.5305,0.6835,63.998,60.5645,40.9063,other
26268,-0.1672,0.7111,0.7748,61.6953,48.2539,47.7539,other
26291,-0.1493,0.5894,0.674,42.9727,35.6191,53.0137,other
26314,-0.1094,0.5322,0.7411,31.4375,27.5898,53.8926,other
26337,-0.2738,0.3912,0.7646,15.9434,16.4453,52.9004,other
26360,-0.1595,0.2146,0.8368,6.7637,9.4727,51.6953,other
26383,-0.1602,0.3265,0.88,-6.0273,-0.9746,50.5137,other
26406,-0.0878,0.3894,0.9663,-19.3262,-12.4453,51.4785,other
26429,-0.0657,0.5898,0.8667,-29.3672,-20.7695,53.6953,other
26452,0.1327,0.6995,0.8168,-46.5313,-32.9063,58.709,other
26475,0.0249,0.7837,0.7017,-58.8203,-39.6797,62.2031,other
26498,0.1232,0.7205,0.7577,-64.0,-46.6543,63.998,other
26521,0.141,0.7203,0.9248,-64.0,-49.6699,63.998,other
26544,0.1086,0.5042,0.9176,-64.0,-49.9473,62.7266,other
26567,0.1503,0.3882,0.8895,-64.0,-48.8574,54.7813,other
26590,0.0975,0.3129,0.8431,-64.0,-47.6543,47.4434,other
26613,0.1305,0.28,0.9414,-64.0,-45.6426,34.4668,other
26636,0.1879,0.2013,0.9296,-64.0,-44.209,20.4805,other
26659,0.1223,0.2014,1.0096,-64.0,-41.6855,11.3066,other
26682,0.1421,0.1782,0.9384,-64.0,-38.3359,-1.1367,other
26705,0.1139,0.1144,0.8131,-64.0,-35.5332,-7.9609,other
26728,0.0417,0.1138,0.7162,-64.0,-30.6367,-15.2109,other
26751,0.0498,0.2725,0.9264,-64.0,-27.1543,-17.8574,other
26774,0.2537,0.3054,1.208,-64.0,-21.9922,-19.0059,other
26797,0.3096,0.3802,1.2087,-58.5469,-17.1758,-18.2559,other
26820,0.2205,0.3962,1.0029,-52.9648,-14.1621,-17.5801,other
26843,0.1877,0.4009,0.9382,-42.6777,-9.7891,-17.1152,other
26866,0.1415,0.3094,0.7574,-35.377,-6.8574,-17.4199,other
26889,0.1455,0.3073,0.821,-24.6406,-2.2754,-19.1504,other
26912,0.1306,0.2902,0.8346,-13.6895,2.4199,-22.8223,other
26935,0.1198,0.177,0.8341,-5.3711,5.2598,-26.4922,other
26958,0.1268,0.1763,0.8785,10.0645,8.3105,-33.7168,other
26981,0.0439,0.192,0.8674,22.6914,9.2363,-39.3809,other
27004,-0.0594,0.2083,0.7883,44.6152,8.8711,-48.1523,other
27027,0.0233,0.14,0.7273,60.3809,6.5703,-55.6816,other
27050,-0.1124,0.2456,0.7463,63.998,4.3691,-59.1641,other
27073,-0.0647,0.5651,1.002,63.998,0.3125,-61.0957,other
27096,0.0106,0.6392,1.1953,63.998,-2.4336,-59.877,other
27119,0.0481,0.4429,0.5682,63.998,-5.918,-54.1855,other
27142,-0.074,0.6505,0.5485,63.998,-7.2637,-47.9746,other
27165,-0.0377,0.7838,0.6855,63.998,-6.9922,-35.6348,other
27188,0.1218,0.5585,0.7649,63.998,-3.998,-20.8398,other
27211,0.1127,0.5846,0.7834,63.998,-0.9824,-10.5059,other
27234,0.1453,0.5713,0.7913,60.5918,4.0527,4.2383,other
27257,0.1676,0.4515,0.9364,36.6738,7.1738,12.7949,other
27280,0.1927,0.3986,0.8723,0.5332,10.9687,22.7305,other
27303,0.0446,0.4845,0.8206,-31.9277,14.0625,28.7188,other
27326,-0.016,0.5061,0.7963,-49.8828,16.127,30.7734,other
27349,-0.0057,0.5397,0.8452,-64.0,19.3828,31.9336,other
27372,0.0194,0.5967,0.7833,-64.0,21.4063,31.9805,other
27395,0.0271,0.6357,0.7887,-64.0,23.543,31.5,other
27418,0.0131,0.5687,0.7506,-64.0,23.832,30.4355,other
27441,0.0865,0.4326,0.8502,-64.0,22.6914,29.2441,other
27464,0.1577,0.4647,0.8015,-64.0,18.7676,26.375,other
27487,0.1992,0.6079,0.8832,-64.0,14.7187,23.6406,other
27510,0.099,0.644,1.0031,-57.2949,6.8652,18.6152,other
27533,0.1232,0.4824,0.9559,-50.2988,0.8086,15.0937,other
27556,0.0691,0.4006,0.8424,-41.7813,-8.6094,10.3398,other
27579,0.115,0.368,0.8689,-37.0801,-17.1621,6.6758,other
27602,0.0797,0.3302,0.8091,-36.4805,-21.7637,4.8027,other
27625,0.162,0.3673,0.8403,-39.0273,-26.4238,2.459,other
27648,0.0969,0.4722,1.0095,-42.1777,-27.8281,0.8398,other
27671,0.0358,0.4421,0.8999,-47.0117,-27.2754,-2.3184,other
27694,0.129,0.3782,0.818,-49.9395,-23.9492,-6.9258,other
27717,0.068,0.2864,0.749,-50.1758,-20.6563,-11.0625,other
27740,0.0096,0.3186,0.8054,-47.2402,-14.9121,-19.1211,other
27763,0.0645,0.2592,0.9027,-42.5078,-10.9141,-25.8184,other
27786,0.1414,0.2135,1.0514,-30.0234,-4.9648,-37.9492,other
27809,0.1737,0.105,0.9313,-10.1719,0.9258,-52.2227,other
27832,0.0563,0.0403,0.6342,6.3105,4.9395,-62.1797,other
27855,-0.1798,0.3868,1.0626,34.459,11.4414,-64.0,other
27878,-0.0505,0.4106,1.2208,53.873,16.3789,-64.0,other
27901,-0.1998,0.4147,0.6711,63.998,25.1035,-64.0,other
27924,-0.2196,0.6122,0.5232,63.998,31.9531,-64.0,other
27947,-0.1676,0.568,0.8398,63.998,43.3613,-64.0,other
27970,-0.1387,0.5662,0.614,63.998,54.207,-64.0,other
27993,-0.1644,0.6536,0.5538,63.998,59.7891,-52.9961,other
28016,-0.1267,0.6841,0.6802,63.998,63.9844,-34.4727,other
28039,-0.0747,0.6447,0.6469,63.998,63.3379,-21.9902,other
28062,-0.015,0.5886,0.7402,63.998,56.8828,-4.2559,other
28085,-0.011,0.5133,0.7939,56.0137,44.6035,11.5,other
28108,-0.1097,0.4419,0.7147,37.2598,34.2109,20.8301,other
28131,-0.3275,0.5729,0.7942,7.3496,17.4707,33.3867,other
28154,-0.1429,0.5972,0.8976,-12.7773,6.6719,40.9297,other
28177,-0.1145,0.5115,0.8622,-41.2559,-7.6602,50.4922,other
28200,-0.0511,0.4808,0.8192,-64.0,-18.5586,56.5098,other
28223,0.0287,0.4821,0.8352,-64.0,-23.2578,57.6738,other
28246,0.017,0.4647,0.7866,-64.0,-25.8691,54.4063,other
28269,0.0347,0.4263,0.839,-64.0,-24.8164,49.0215,other
28292,0.047,0.4967,0.8373,-64.0,-20.125,37.4336,other
28315,0.0398,0.6047,0.8459,-64.0,-15.8809,24.0879,other
28338,-0.03,0.6299,0.7787,-64.0,-9.5703,15.9395,bite
28361,0.005,0.5731,0.8525,-63.4961,-4.7187,6.1016,bite
28384,0.0037,0.618,1.0009,-56.752,-2.5801,1.6309,bite
28407,-0.0601,0.5195,0.9517,-47.6367,-0.9707,-2.0508,bite
28430,-0.0551,0.4121,0.8585,-42.873,-0.8242,-2.8242,bite
28453,0.0175,0.2808,0.8101,-38.8438,-1.5684,-2.3594,bite
28476,-0.016,0.2484,0.849,-39.1992,-2.9609,-1.1582,bite
28499,-0.0471,0.2444,0.9342,-41.6094,-4.084,-0.4805,bite
28522,0.0009,0.2408,1.0609,-47.1582,-5.9082,-0.0527,bite
28545,-0.0022,0.1973,0.9877,-51.2676,-7.1348,-0.2363,bite
28568,-0.0005,0.1687,0.9067,-57.0313,-8.8398,-1.0957,bite
28591,0.0056,0.1957,1.0099,-61.7539,-10.082,-2.3145,bite
28614,-0.004,0.1993,1.0409,-64.0,-10.4629,-3.1094,bite
28637,-0.0027,0.2098,1.0208,-64.0,-10.1211,-4.0195,bite
28660,-0.0317,0.1848,1.0009,-64.0,-9.2187,-4.3516,bite
28683,-0.009,0.2021,1.0719,-64.0,-6.959,-4.4277,bite
28706,-0.0081,0.2322,1.1512,-64.0,-5.0039,-4.1719,bite
28729,0.0118,0.1783,1.083,-64.0,-1.8496,-3.9551,bite
28752,-0.0621,0.0673,0.8717,-64.0,0.7949,-3.7051,bite
28775,-0.1075,0.0242,0.8276,-64.0,1.918,-3.6152,bite
28798,-0.0792,0.015,0.9852,-64.0,2.4492,-3.6816,bite
28821,0.0391,-0.0511,1.0267,-64.0,2.0,-3.9824,bite
28844,0.0887,-0.0697,1.1456,-64.0,0.0703,-5.0488,bite
28867,-0.0303,-0.0454,1.1276,-64.0,-3.1934,-6.6934,bite
28890,-0.0701,-0.1342,1.2094,-64.0,-5.8379,-7.6953,bite
28913,0.1028,-0.1836,1.3746,-64.0,-9.9648,-8.3613,bite
28936,0.1178,-0.1761,1.3011,-64.0,-12.5293,-8.0488,bite
28959,-0.0623,-0.2141,1.1115,-64.0,-15.7051,-6.2324,bite
28982,-0.0688,-0.2341,1.1277,-64.0,-17.6035,-2.4199,bite
29005,0.0543,-0.335,1.1687,-64.0,-17.9316,1.2773,bite
29028,0.1116,-0.3671,1.1638,-64.0,-17.0684,8.1133,bite
29051,0.0376,-0.2769,1.1492,-63.459,-15.8301,13.1777,bite
29074,-0.0574,-0.2739,0.9276,-56.8066,-13.5625,21.1914,bite
29097,0.0308,-0.3467,0.8154,-52.1992,-11.0703,29.5195,bite
29120,0.0637,-0.3175,0.8768,-45.8066,-10.0527,34.9941,bite
29143,0.0471,-0.2253,0.9628,-40.3809,-8.2148,42.4258,bite
29166,0.0112,-0.2194,0.8171,-37.2402,-7.041,46.4746,bite
29189,-0.0298,-0.2826,0.7871,-33.2793,-5.4062,50.7148,bite
29212,0.0469,-0.2151,0.8787,-31.2832,-4.416,52.1699,bite
29235,0.0968,-0.2085,0.948,-29.4629,-3.0195,52.1289,bite
29258,0.0854,-0.2013,0.9287,-29.2832,-1.748,49.3789,bite
29281,-0.0582,-0.2852,0.8428,-30.3535,-0.9648,46.25,bite
29304,-0.1318,-0.5082,0.7181,-34.2871,0.2187,40.3496,bite
29327,0.1458,-0.5887,1.0354,-38.5488,0.9512,36.0723,bite
29350,0.3163,-0.4161,1.2729,-46.7305,1.1816,29.7793,bite
29373,0.1339,-0.4927,1.1482,-55.4551,-0.5918,24.2656,bite
29396,0.0945,-0.5417,0.968,-60.6875,-2.7637,21.3789,bite
29419,0.1362,-0.5928,0.8867,-64.0,-6.3945,18.4805,bite
29442,-0.0442,-0.413,0.9393,-64.0,-8.373,17.4297,bite
29465,-0.1305,-0.3732,0.9696,-64.0,-9.8242,16.8867,bite
29488,-0.0032,-0.5243,0.8772,-64.0,-9.0371,17.0059,bite
29511,-0.0396,-0.6084,0.7994,-58.1074,-7.4082,17.0527,bite
29534,-0.0963,-0.5902,0.7683,-49.1094,-4.0195,16.7773,bite
29557,-0.0367,-0.5338,0.9561,-43.2363,-1.6621,16.4492,bite
29580,0.1245,-0.4816,1.0818,-35.6797,1.0801,16.0664,bite
29603,0.0276,-0.5027,0.9454,-31.7422,1.8906,16.0645,bite
29626,-0.1088,-0.4298,1.005,-27.5605,1.1406,16.8359,bite
29649,0.0807,-0.4187,1.167,-25.0996,-1.7695,18.9121,bite
29672,0.0725,-0.4667,1.0781,-24.0117,-4.4883,20.8418,bite
29695,-0.0232,-0.5995,0.8795,-22.6934,-8.7949,23.8125,bite
29718,-0.0648,-0.5684,0.8774,-21.8848,-11.2793,25.4277,bite
29741,-0.0021,-0.4598,0.9172,-20.5117,-13.7715,26.748,bite
29764,-0.0032,-0.4768,0.9701,-18.5098,-14.4922,26.3066,bite
29787,0.0039,-0.4446,1.0177,-16.6934,-14.0156,25.002,bite
29810,-0.0792,-0.3728,0.9811,-13.3906,-12.0898,21.832,bite
29833,-0.0078,-0.4803,0.9075,-11.0762,-10.2207,19.1777,bite
29856,0.0341,-0.5392,1.041,-7.9766,-7.0312,14.75,other
29879,0.0873,-0.6415,0.9839,-5.8086,-3.9355,10.0371,other
29902,-0.0055,-0.5773,0.9374,-4.4258,-2.1016,6.9023,other
29925,-0.0834,-0.5515,0.923,-3.1855,0.2441,2.6348,other
29948,0.0657,-0.5585,1.0485,-2.6367,1.5547,0.3281,other
29971,-0.0405,-0.6191,0.8624,-2.1699,3.1328,-2.0918,other
29994,-0.0442,-0.563,0.8677,-2.1777,3.877,-2.9004,other
30017,-0.0759,-0.504,0.8567,-2.7207,4.4961,-2.8184,other
30040,0.0294,-0.4999,1.0253,-3.4297,4.5879,-1.5156,other
30063,0.0123,-0.5592,1.0223,-3.5703,4.3926,-0.334,other
30086,-0.0044,-0.5857,0.9565,-2.9258,3.748,1.4023,other
30109,-0.0183,-0.5281,0.9622,-1.9766,3.1367,2.3574,other
30132,-0.0168,-0.4755,0.978,-0.1191,2.1094,3.3223,other
30155,-0.0302,-0.484,0.957,1.8262,1.1699,3.666,other
30178,-0.0243,-0.5532,0.9514,3.002,0.7012,3.5684,other
30201,-0.0507,-0.5112,0.9988,4.4512,0.3594,3.0195,other
30224,0.0,-0.4902,1.0189,5.1289,0.3691,2.4707,other
30247,-0.0164,-0.5092,0.9568,5.4492,0.6016,1.5176,other
30270,0.0004,-0.4973,1.0432,4.6855,1.0156,0.5195,other
30293,0.0065,-0.6139,0.949,3.6484,1.4609,-0.1523,other
30316,-0.0201,-0.5691,0.9462,1.8418,2.5176,-1.1914,other
30339,-0.0681,-0.4932,0.897,0.9629,3.5645,-1.9473,other
30362,-0.0619,-0.4773,0.8799,1.0586,5.7852,-3.2988,other
30385,-0.0791,-0.3755,0.9502,2.4863,7.6504,-4.877,other
30408,-0.1177,-0.3748,0.9697,6.9941,10.6074,-6.0996,other
30431,-0.0983,-0.3733,0.9849,14.0293,13.0254,-7.5176,other
30454,-0.0793,-0.4236,0.9979,19.5605,13.9687,-8.0762,other
30477,-0.0576,-0.4316,1.022,27.8164,14.0527,-8.1758,other
30500,-0.0365,-0.3867,1.0459,32.5254,13.1855,-7.7852,other
30523,-0.0488,-0.3831,1.0375,37.5273,10.7266,-6.7578,other
30546,-0.0292,-0.3579,1.043,39.8164,7.5,-5.6094,other
30569,-0.0585,-0.3245,1.0297,40.0547,5.334,-5.0156,other
30592,-0.0833,-0.3145,1.0173,39.1484,2.6094,-4.6875,other
30615,-0.0811,-0.3193,1.0011,38.1074,1.3574,-4.9609,other
30638,-0.1055,-0.313,1.0079,36.3555,0.4141,-6.1543,other
30661,-0.0635,-0.2939,1.0374,34.4727,0.3359,-8.0508,other
30684,-0.0499,-0.3518,1.0382,33.0078,0.5195,-9.498,other
30707,-0.0669,-0.3083,1.0181,30.1836,0.8242,-11.5723,other
30730,-0.0931,-0.1935,1.0137,27.7402,0.9316,-12.6797,other
30753,-0.0729,-0.2209,1.0153,23.1914,0.8516,-13.6543,other
30776,0.0011,-0.2682,1.0247,19.6777,0.625,-13.7305,other
30799,-0.152,-0.1599,1.1483,13.998,0.0586,-13.3633,other
30822,-0.1138,-0.2898,0.8672,8.0996,-0.6816,-12.459,other
30845,-0.0365,-0.2427,1.0709,4.0801,-1.1973,-11.9121,other
30868,-0.0648,-0.3687,0.9552,-1.7402,-1.8633,-11.8535,other
30891,-0.0287,-0.4128,1.0084,-5.1797,-2.1816,-12.6348,other
30914,-0.0298,-0.4497,0.9709,-9.2695,-2.457,-15.2148,other
30937,-0.0164,-0.4634,0.9781,-11.7383,-2.543,-19.2148,other
30960,0.0461,-0.4431,1.0702,-12.3555,-2.5449,-22.334,other
30983,0.0331,-0.4738,1.0188,-11.6543,-2.5352,-27.0234,other
31006,0.0133,-0.4556,0.9774,-10.2383,-2.5566,-29.7168,other
31029,0.0182,-0.3418,1.0538,-7.1328,-2.6484,-32.4219,other
31052,0.0183,-0.3026,1.0637,-3.2676,-2.7285,-33.084,other
31075,0.0253,-0.2778,1.0825,-0.4844,-2.7187,-32.3711,other
31098,0.0065,-0.2747,1.0398,3.5918,-2.5449,-29.875,other
31121,-0.0212,-0.2738,0.9817,5.9902,-2.2949,-27.5625,other
31144,-0.021,-0.2284,1.0094,8.8398,-1.6543,-23.793,other
31167,0.0084,-0.1899,1.0493,10.2656,-0.5117,-20.5684,other
31190,-0.0157,-0.2548,0.9506,11.8984,0.291,-19.2012,other
31213,-0.0447,-0.3085,0.8456,12.9629,1.8887,-18.8027,other
31236,0.0415,-0.2145,0.8077,13.3223,3.0117,-19.752,other
31259,0.0613,-0.0923,0.9049,13.627,4.6465,-23.0527,other
31282,0.101,-0.0551,1.0066,14.1406,5.6875,-26.5723,other
31305,0.0225,-0.1752,0.8022,16.293,7.3691,-34.0762,other
31328,-0.0034,-0.179,0.7924,20.6133,9.748,-44.375,other
31351,-0.0652,-0.101,0.8591,24.6074,12.0,-52.5391,other
31374,-0.1266,-0.1082,0.8273,31.748,16.3711,-64.0,other
31397,-0.0625,-0.0593,0.9453,36.8809,19.625,-64.0,other
31420,-0.1171,-0.0396,1.0177,44.625,24.1445,-64.0,other
31443,-0.1754,-0.0354,1.0902,51.9863,27.1465,-64.0,other
31466,-0.1595,-0.0974,1.1152,56.2734,27.7383,-64.0,other
31489,-0.1287,-0.1853,1.1499,60.7422,25.8105,-64.0,other
31512,-0.0663,-0.2158,1.311,61.8379,22.4277,-64.0,other
31535,0.0342,-0.1255,1.5101,60.4473,14.2871,-64.0,other
31558,-0.009,-0.0988,1.3611,57.9941,3.3965,-64.0,other
31581,-0.1024,-0.127,1.0222,53.291,-4.4336,-64.0,other
31604,-0.1949,-0.1025,0.8818,48.5625,-15.0566,-64.0,other
31627,-0.1023,-0.01,1.1394,45.9297,-20.291,-64.0,other
31650,0.1858,-0.0625,1.2749,43.5,-24.498,-64.0,other
31673,0.1055,-0.0305,1.2347,43.1719,-25.0664,-64.0,other
31696,0.0021,0.0302,1.1326,44.6465,-23.3613,-51.5547,other
31719,0.0544,0.0599,1.1238,48.2148,-19.3184,-36.918,other
31742,0.0243,0.1394,1.1727,51.6172,-15.6074,-28.1895,other
31765,-0.0289,0.2229,1.2166,57.9551,-8.9043,-17.4746,other
31788,-0.0963,0.1868,1.1031,62.5371,-3.9785,-12.1895,other
31811,-0.0293,0.0696,0.8844,63.998,3.3477,-7.123,other
31834,-0.172,0.0419,0.7317,63.998,9.5371,-5.2383,other
31857,-0.3209,0.1588,0.7147,63.998,12.5293,-5.4121,other
31880,-0.1655,0.2113,0.88,63.998,14.8555,-7.0859,other
31903,-0.0912,0.3114,0.9042,60.4004,14.8164,-8.8301,other
31926,-0.1974,0.3909,0.8978,53.9434,12.5312,-12.0488,other
31949,-0.1315,0.4492,0.9352,50.1953,8.3613,-15.4199,other
31972,-0.1727,0.4949,0.9038,50.4238,5.0391,-17.332,other
31995,-0.0592,0.4116,0.7399,52.9648,-0.0879,-19.0781,other
32018,-0.1217,0.371,0.6844,55.3281,-3.3125,-19.2754,other
32041,0.0178,0.3867,0.7166,57.9395,-7.5527,-18.0176,other
32064,-0.0594,0.4958,0.772,58.418,-9.8496,-16.2793,other
32087,0.1998,0.5625,0.9357,57.2871,-12.3066,-12.8691,other
32110,0.1154,0.554,0.8661,54.875,-13.6152,-9.2715,other
32133,-0.0803,0.7054,0.8435,52.9688,-14.1055,-6.8867,other
32156,0.0198,0.5902,0.6449,49.7598,-14.9023,-2.9199,other
32179,0.0652,0.5059,0.8055,47.3398,-15.8379,0.1152,other
32202,0.1113,0.483,0.775,43.4551,-18.207,4.9648,other
32225,0.0608,0.5155,0.8004,39.6172,-21.7539,9.5117,other
32248,0.074,0.5392,0.8402,37.1055,-24.6191,12.0996,other
32271,0.1501,0.4631,0.8354,33.082,-29.3184,15.2012,other
32294,0.026,0.5262,0.9512,30.043,-32.4199,16.8105,other
32317,0.1509,0.5371,0.9633,24.9453,-36.3672,18.6719,other
32340,0.1105,0.5339,0.9764,19.5195,-38.6797,19.6934,other
32363,-0.0212,0.51,0.8987,15.9863,-38.8477,19.707,other
32386,-0.0172,0.5037,0.8979,11.2324,-36.2773,18.5273,other
32409,-0.03,0.5394,0.96,8.5723,-32.3828,16.8984,other
32432,-0.0143,0.5178,0.9543,5.1934,-23.416,13.2441,other
32455,-0.0963,0.4669,0.8459,2.9023,-15.8945,8.1484,other
32478,-0.0902,0.4491,0.886,-1.7891,-3.6855,4.9531,other
32501,-0.111,0.3326,0.7367,-9.0996,8.0195,-0.3965,other
32524,-0.0704,0.298,0.735,-15.5684,14.9004,-3.8691,other
32547,-0.1064,0.3351,0.7655,-26.8438,23.2559,-8.7285,other
32570,-0.0679,0.3687,0.834,-34.4297,27.3105,-11.5977,other
32593,0.0403,0.3967,0.9098,-43.834,30.998,-15.1934,other
32616,0.0192,0.4152,0.9242,-48.6758,32.0254,-17.8984,other
32639,-0.0004,0.4459,0.9009,-48.7227,31.5195,-19.0996,other
32662,-0.0847,0.496,0.8765,-44.2422,29.6348,-19.6133,other
32685,-0.1123,0.5271,0.8586,-38.8477,28.0977,-18.875,other
32708,-0.0963,0.4989,0.845,-28.6387,26.1406,-16.1309,other
32731,-0.0574,0.4523,0.8612,-17.8379,25.3047,-12.0391,other
32754,-0.012,0.3979,0.8466,-11.373,25.6094,-9.0762,other
32777,-0.0802,0.3939,0.8123,-4.4297,27.4531,-4.8301,other
32800,-0.0834,0.3633,0.7921,-2.6406,29.4824,-2.1348,other
32823,-0.0786,0.2899,0.7377,-5.75,33.2031,2.0547,other
32846,-0.1124,0.1805,0.6663,-12.1973,35.709,6.8105,other
32869,-0.1251,0.1809,0.7305,-28.1445,38.6973,10.3203,other
32892,-0.1122,0.1367,0.7715,-49.5801,39.8906,15.7441,other
32915,-0.1777,0.0591,0.8365,-64.0,39.3203,19.084,other
32938,0.0109,0.1775,1.4668,-64.0,35.7988,23.0313,other
32961,0.1755,0.3387,1.6498,-64.0,31.0664,24.6973,other
32984,-0.1985,0.1691,0.968,-64.0,20.0859,25.4023,other
33007,-0.3077,0.1317,0.8154,-64.0,6.7969,23.9727,other
33030,-0.2556,0.0375,0.8673,-64.0,-1.502,22.1758,other
33053,-0.1655,0.0403,0.9633,-64.0,-11.418,18.9063,other
33076,-0.105,0.062,0.9849,-64.0,-16.1738,16.6387,other
33099,-0.0627,0.0853,1.0247,-51.9805,-21.0664,13.3301,other
33122,-0.0145,0.0859,1.0321,-40.5723,-24.1563,10.1328,other
33145,0.0264,0.0771,1.0381,-35.4473,-25.5938,8.043,other
33168,0.0306,0.1006,1.0482,-30.916,-27.0566,5.0469,other
33191,-0.0284,0.1451,1.0635,-29.3164,-27.5078,3.2715,other
33214,-0.071,0.1732,1.0547,-27.6484,-27.0605,1.1855,other
33237,-0.0826,0.1106,0.9913,-26.3555,-24.8184,-0.0645,other
33260,-0.0106,0.0626,0.9797,-23.6836,-22.5078,-0.4941,other
33283,-0.0182,0.049,1.0087,-20.3359,-17.9238,-0.8105,other
33306,-0.0494,0.0797,1.0526,-17.9512,-14.5547,-0.9434,other
33329,-0.0499,0.0564,1.0438,-14.3633,-9.5879,-1.1602,other
33352,-0.0034,0.0267,1.0093,-12.0586,-6.5762,-1.3555,other
33375,-0.0323,0.0376,0.9944,-8.9531,-2.7969,-1.7227,other
33398,-0.0454,0.0563,0.9932,-6.4922,-0.0664,-2.0371,other
33421,-0.054,0.071,0.9858,-5.2539,1.1719,-2.0879,other
33444,-0.0454,0.0862,1.0245,-3.916,2.2344,-1.791,other
33467,-0.042,0.0968,1.0341,-3.2734,2.4844,-1.334,other
33490,-0.0487,0.088,1.0148,-2.5527,2.3262,-0.3359,other
33513,-0.0474,0.0967,1.027,-2.0937,1.7168,0.8926,other
33536,-0.0376,0.0929,1.0308,-1.9258,1.1758,1.7363,other
33559,-0.0288,0.0931,1.0361,-1.8281,0.3457,2.8398,other
33582,-0.0558,0.1029,1.0392,-1.8145,-0.1152,3.3535,other
33605,-0.0514,0.0779,1.0104,-1.8398,-0.5293,3.6816,other
33628,-0.0524,0.0781,1.0001,-1.9277,-0.5449,3.4668,other
33651,-0.0627,0.0872,1.0142,-2.248,-0.3535,3.0625,other
33674,-0.0419,0.0677,1.0154,-2.7988,0.1504,2.1777,other
33697,-0.0306,0.0516,1.0054,-3.2715,0.5508,1.4844,other
33720,-0.0402,0.0559,1.0193,-4.0898,1.1035,0.4473,other
33743,-0.0417,0.0609,1.0229,-4.6523,1.3828,-0.1426,other
33766,-0.0559,0.0785,1.0048,-5.3945,1.6172,-0.7402,other
33789,-0.0864,0.1001,1.0057,-5.8574,1.6543,-0.9004,other
33812,-0.0645,0.099,1.0126,-5.9609,1.6016,-0.7617,other
33835,-0.0531,0.0936,1.0168,-5.8281,1.4473,-0.293,other
33858,-0.0637,0.0895,1.0072,-5.6016,1.2949,0.0918,other
33881,-0.0543,0.0802,1.0236,-5.1484,1.0078,0.5859,other
33904,-0.0339,0.0664,1.0308,-4.6465,0.6816,0.7832,other
33927,-0.0479,0.0626,1.0203,-4.3379,0.4531,0.6875,other
33950,-0.0673,0.0703,1.0127,-3.9766,0.1211,0.2109,other
33973,-0.0525,0.0646,1.0,-3.8203,-0.0625,-0.2676,other
33996,-0.068,0.0802,1.0115,-3.7031,-0.248,-1.0957,other
34019,-0.0533,0.0907,1.0248,-3.6738,-0.3223,-1.8926,other
34042,-0.0607,0.0774,1.0057,-3.6504,-0.3242,-2.3262,other
34065,-0.0626,0.0688,1.0045,-3.6641,-0.3125,-2.7559,other
34088,-0.0503,0.0593,1.0062,-3.7227,-0.3281,-2.8828,other
34111,-0.0452,0.0643,1.0269,-3.8848,-0.4199,-2.8789,other
34134,-0.0408,0.0677,1.0361,-4.002,-0.5234,-2.7832,other
34157,-0.0555,0.0648,1.0183,-4.1172,-0.7246,-2.5469,other
34180,-0.0616,0.0793,1.0134,-4.1367,-0.9277,-2.2129,other
34203,-0.0609,0.0809,1.0128,-4.0957,-1.0293,-1.9375,other
34226,-0.0466,0.0924,1.0415,-3.9395,-1.0879,-1.4805,other
34249,-0.047,0.0902,1.0375,-3.7773,-1.0547,-1.1758,other
34272,-0.0576,0.0786,1.0044,-3.5098,-0.9199,-0.7578,other
34295,-0.0635,0.0751,1.0076,-3.3594,-0.7109,-0.4023,other
34318,-0.069,0.0828,1.0221,-3.375,-0.541,-0.209,other
34341,-0.0546,0.0791,1.0055,-3.5605,-0.2578,-0.002,other
34364,-0.0734,0.0833,1.0129,-3.7695,-0.0664,0.0684,other
34387,-0.0673,0.0828,1.0076,-4.168,0.1816,0.0742,other
34410,-0.061,0.0668,1.0116,-4.6113,0.3379,-0.0312,other
34433,-0.0543,0.0668,1.0248,-4.8984,0.373,-0.168,other
34456,-0.0541,0.0635,1.0233,-5.2637,0.3105,-0.4687,other
34479,-0.0588,0.0643,1.0165,-5.4473,0.2012,-0.709,other
34502,-0.0691,0.0719,1.0161,-5.6191,-0.0273,-1.0684,other
34525,-0.0569,0.0685,1.0181,-5.6602,-0.1914,-1.2637,other
34548,-0.057,0.0643,1.0094,-5.6348,-0.4238,-1.4434,other
34571,-0.0706,0.0645,1.0076,-5.5605,-0.6289,-1.457,other
34594,-0.0612,0.0673,1.0205,-5.5117,-0.7578,-1.3633,other
34617,-0.0615,0.0708,1.0214,-5.4336,-0.9434,-1.0859,other
34640,-0.0681,0.0743,1.0139,-5.3613,-1.0664,-0.8418,other
34663,-0.062,0.0773,1.0164,-5.2227,-1.25,-0.4453,other
34686,-0.0603,0.0797,1.0176,-5.0625,-1.4277,-0.0879,other
34709,-0.0603,0.0775,1.0154,-4.9531,-1.5371,0.0918,other
34732,-0.0651,0.0806,1.0309,-4.7812,-1.668,0.2285,other
34755,-0.0513,0.0704,1.0173,-4.6602,-1.7207,0.2148,other
34778,-0.0588,0.0664,1.0178,-4.4727,-1.7266,0.0059,other
34801,-0.062,0.0663,1.0093,-4.2949,-1.6328,-0.4258,other
34824,-0.062,0.0754,1.0272,-4.1895,-1.5176,-0.8008,other
34847,-0.0579,0.0747,1.0345,-4.0352,-1.2754,-1.4219,other
34870,-0.0449,0.0742,1.0321,-3.9199,-1.0742,-1.8398,other
34893,-0.0679,0.0713,1.0253,-3.7129,-0.7207,-2.4219,other
34916,-0.0751,0.0616,1.0049,-3.5684,-0.457,-2.8965,other
34939,-0.0721,0.067,0.9912,-3.4043,-0.0293,-3.1289,other
34962,-0.0887,0.0768,0.9977,-3.334,0.4258,-3.3379,other
34985,-0.0764,0.0779,1.0076,-3.3105,0.7266,-3.3984,other
35008,-0.0704,0.0691,1.0099,-3.252,1.1094,-3.4102,other
35031,-0.0668,0.0665,1.0118,-3.1758,1.2676,-3.4043,other
35054,-0.0699,0.0686,1.0115,-2.9863,1.3047,-3.4297,other
35077,-0.0696,0.0762,1.0314,-2.6953,1.0898,-3.5332,other
35100,-0.0576,0.063,1.0299,-2.4551,0.832,-3.6406,other
35123,-0.0531,0.0645,1.0126,-2.0918,0.3301,-3.8223,other
35146,-0.0709,0.0779,1.0289,-1.8945,-0.0312,-3.9258,other
35169,-0.0696,0.0698,0.9954,-1.6875,-0.5117,-3.9844,other
35192,-0.0712,0.0757,1.001,-1.5352,-0.7949,-3.9004,other
35215,-0.0784,0.089,1.0123,-1.3691,-0.8223,-3.7949,other
35238,-0.082,0.1001,1.0226,-0.7949,-0.5801,-3.666,other
35261,-0.0947,0.0813,0.9746,-0.082,-0.2305,-3.6621,other
35284,-0.1179,0.0647,0.9099,1.5215,0.5273,-3.8633,other
35307,-0.1356,0.0551,0.839,2.9531,1.1504,-4.4258,other
35330,-0.1174,0.0481,0.8165,5.9121,2.1895,-5.1191,other
35353,-0.0911,0.1106,0.8812,10.875,3.291,-6.9609,other
35376,-0.1259,0.2467,0.981,16.1797,4.0664,-8.9629,other
35399,-0.1433,0.3467,1.0194,28.1719,5.3867,-13.3926,other
35422,-0.0859,0.3866,1.0939,38.8945,6.3633,-17.2617,other
35445,-0.0623,0.4587,1.1316,57.7734,7.709,-23.9473,other
35468,-0.1565,0.4222,0.9425,63.998,8.4687,-30.4297,other
35491,-0.1841,0.3521,0.8395,63.998,8.4434,-33.6582,other
35514,-0.1567,0.3552,0.8539,63.998,7.4082,-35.5254,other
35537,-0.1193,0.3469,0.9396,63.998,6.041,-34.4512,other
35560,-0.0839,0.343,1.0023,63.998,3.166,-29.7246,other
35583,-0.0953,0.338,0.9889,59.8125,-0.1914,-22.5391,other
35606,-0.1285,0.3033,0.9303,44.4805,-2.3555,-17.1855,other
35629,-0.1292,0.281,0.8793,20.8809,-5.0703,-9.2949,other
35652,-0.1274,0.2706,0.8824,6.1172,-6.377,-4.5527,other
35675,-0.1217,0.2804,0.9207,-12.6855,-7.4453,1.2441,other
35698,-0.1198,0.2952,0.9635,-22.1484,-7.4062,5.0234,other
35721,-0.1105,0.2723,0.9253,-30.9297,-6.8008,6.3125,other
35744,-0.1375,0.2665,0.8909,-33.373,-5.1973,6.5469,other
35767,-0.1176,0.2834,0.9233,-32.0801,-3.8184,5.8027,other
35790,-0.1174,0.2877,0.9359,-27.082,-1.6133,3.8789,other
35813,-0.1332,0.2931,0.9387,-22.541,-0.2383,2.3828,other
35836,-0.1412,0.2987,0.9319,-15.2363,1.4258,0.3125,other
35859,-0.1299,0.2856,0.9227,-8.6035,2.457,-1.1563,other
35882,-0.1251,0.2953,0.9344,-5.0371,2.7754,-1.7168,other
35905,-0.1339,0.299,0.9437,-1.2891,2.7676,-1.9707,other
35928,-0.1296,0.2838,0.9136,0.1504,2.5137,-1.8379,other
35951,-0.1592,0.298,0.9166,0.9473,1.9121,-1.377,other
35974,-0.1246,0.3077,0.942,0.584,1.2266,-0.8477,other
35997,-0.1265,0.3044,0.9418,0.002,0.8008,-0.5918,other
36020,-0.1376,0.2936,0.9194,-1.0273,0.2637,-0.4648,other
36043,-0.1335,0.2836,0.9174,-1.7168,-0.0234,-0.543,other
36066,-0.1432,0.2836,0.9211,-2.668,-0.3652,-0.8262,other
36089,-0.1233,0.2788,0.9343,-3.2051,-0.6309,-1.207,other
36112,-0.1255,0.274,0.9288,-3.7949,-0.7891,-1.4727,other
36135,-0.1331,0.2772,0.9254,-4.0996,-1.0371,-1.8242,other
36158,-0.1609,0.2592,0.8914,-4.1406,-1.2148,-1.9902,other
36181,-0.146,0.2495,0.9027,-3.9297,-1.4668,-2.1133,other
36204,-0.1405,0.2134,0.8964,-3.5391,-1.5781,-2.1523,other
36227,-0.1649,0.2671,0.9368,-2.3867,-1.543,-2.3164,other
36250,-0.1497,0.3477,0.9329,-0.3867,-1.0391,-2.8164,other
36273,-0.0986,0.3373,0.9446,1.3633,-0.3477,-3.4238,other
36296,-0.1174,0.3499,0.9091,4.1797,1.0996,-4.7187,other
36319,-0.1693,0.3429,0.926,5.8359,2.1367,-5.6641,other
36342,-0.1632,0.3462,0.8826,7.5332,3.4062,-6.7676,other
36365,-0.1749,0.3665,0.9183,8.0605,3.9922,-7.084,other
36388,-0.1403,0.3766,0.9462,7.8086,3.9141,-6.7871,other
36411,-0.1698,0.3831,0.9314,6.7363,3.1152,-5.7344,other
36434,-0.1625,0.3673,0.9396,5.6895,2.2148,-4.8008,other
36457,-0.1073,0.3341,0.9365,3.8125,0.5527,-3.4297,other
36480,-0.1427,0.3215,0.9065,1.707,-1.2148,-2.5195,other
36503,-0.1742,0.3264,0.906,0.2344,-2.3027,-2.2734,other
36526,-0.1396,0.3112,0.91,-1.9727,-3.5977,-2.3945,other
36549,-0.1431,0.3044,0.916,-3.3613,-4.166,-2.7266,other
36572,-0.1447,0.3052,0.9266,-5.1855,-4.5586,-3.4453,other
36595,-0.1387,0.303,0.9207,-6.1699,-4.5449,-4.4648,other
36618,-0.1523,0.3043,0.9156,-7.2441,-4.1973,-4.6465,other
36641,-0.1486,0.3047,0.9227,-7.834,-3.5723,-5.0664,other
36664,-0.142,0.2965,0.9163,-7.9805,-3.0645,-5.168,other
36687,-0.1466,0.2943,0.9119,-7.8965,-2.2539,-5.0723,other
36710,-0.145,0.3033,0.9225,-7.6816,-1.7188,-4.873,other
36733,-0.1526,0.3097,0.9346,-7.1816,-0.9707,-4.4141,other
36756,-0.1501,0.3015,0.9261,-6.5312,-0.3027,-3.8203,other
36779,-0.1583,0.2958,0.9058,-6.0684,0.0937,-3.373,other
36802,-0.1599,0.2939,0.8916,-5.4375,0.5957,-2.6465,other
36825,-0.1688,0.3052,0.9138,-5.1055,0.8535,-2.125,other
36848,-0.1595,0.3115,0.92,-4.7187,1.1133,-1.3105,other
36871,-0.1721,0.3098,0.9033,-4.3906,1.2129,-0.5098,other
36894,-0.1708,0.2869,0.8828,-4.1914,1.1777,-0.0137,other
36917,-0.1555,0.2847,0.8962,-3.9316,0.9668,0.625,other
36940,-0.1458,0.2977,0.9235,-3.7578,0.7246,0.9414,other
36963,-0.1375,0.308,0.9376,-3.4062,0.2422,1.2148,other
36986,-0.1469,0.311,0.9181,-3.0898,-0.1465,1.3047,other
37009,-0.1421,0.3113,0.9135,-2.5391,-0.8145,1.3418,other
37032,-0.1461,0.3345,0.944,-2.0059,-1.543,1.4883,other
37055,-0.1587,0.345,0.9426,-1.6992,-2.0293,1.6934,other
37078,-0.1624,0.3445,0.9155,-1.3809,-2.6816,2.1836,other
37101,-0.165,0.3501,0.9238,-1.3281,-3.0293,2.6016,other
37124,-0.1536,0.3375,0.9269,-1.5879,-3.3906,3.2363,other
37147,-0.1487,0.3077,0.8883,-2.2773,-3.543,3.6426,other
37170,-0.1445,0.3114,0.9139,-2.9453,-3.5215,3.6641,other
37193,-0.1406,0.3024,0.9111,-4.127,-3.3262,3.2324,other
37216,-0.1464,0.2969,0.9139,-4.9453,-3.1211,2.6621,other
37239,-0.1324,0.2935,0.9255,-6.0547,-2.7773,1.5137,other
37262,-0.1373,0.2992,0.9243,-6.8477,-2.4609,0.2187,other
37285,-0.142,0.299,0.9144,-7.127,-2.2812,-0.6074,other
37308,-0.1613,0.3102,0.9158,-7.1348,-2.0625,-1.6328,other
37331,-0.1443,0.3102,0.924,-6.8809,-1.9453,-2.1113,other
37354,-0.1382,0.3003,0.9167,-6.1836,-1.8066,-2.5137,other
37377,-0.144,0.295,0.9207,-5.5742,-1.7344,-2.6074,other
37400,-0.1486,0.2866,0.9081,-4.5684,-1.6484,-2.543,other
37423,-0.1277,0.2875,0.9177,-3.5684,-1.5664,-2.3223,other
37446,-0.1366,0.3152,0.9385,-2.9316,-1.4863,-2.1328,other
37469,-0.1285,0.3325,0.9441,-2.0312,-1.3047,-1.8125,other
37492,-0.1605,0.3307,0.9064,-1.5,-1.1348,-1.5547,other
37515,-0.1571,0.3461,0.9065,-0.9414,-0.8242,-1.0293,other
37538,-0.1483,0.36,0.9364,-0.8223,-0.4922,-0.293,other
37561,-0.1637,0.3647,0.9387,-1.0098,-0.3008,0.2793,other
37584,-0.1482,0.3534,0.9357,-1.6504,-0.0957,1.1152,other
37607,-0.1548,0.3411,0.9243,-2.2812,-0.0117,1.5469,other
37630,-0.1559,0.3229,0.9166,-3.4941,0.0781,1.8301,other
37653,-0.1641,0.3052,0.9048,-4.9375,0.1914,1.5371,other
37676,-0.1459,0.3104,0.9377,-5.9434,0.3145,0.9824,other
37699,-0.1356,0.2992,0.9349,-7.334,0.5898,-0.3613,other
37722,-0.1659,0.2821,0.912,-8.0957,0.8164,-1.5234,other
37745,-0.1655,0.2631,0.8958,-8.9238,1.1484,-3.4375,other
37768,-0.1516,0.2599,0.9078,-9.248,1.3828,-5.2617,other
37791,-0.1333,0.2727,0.9003,-9.3398,1.4473,-6.3086,other
37814,-0.1295,0.308,0.8868,-8.8828,1.4004,-7.4727,other
37837,-0.1332,0.3634,0.8932,-8.2109,1.3027,-7.8965,other
37860,-0.1138,0.3947,0.908,-6.4238,1.1797,-7.9023,other
37883,-0.1409,0.4407,0.9314,-4.5176,1.2051,-7.4531,other
37906,-0.0454,0.4028,0.9617,-0.4766,1.416,-6.0547,other
37929,-0.0677,0.3108,0.9574,4.4238,1.3887,-3.7363,other
37952,-0.0817,0.2781,0.7335,7.6016,0.8574,-1.6914,other
37975,-0.1934,0.3412,0.72,11.6016,-1.0273,1.9766,other
37998,-0.2118,0.4277,0.8005,13.9629,-2.9941,4.6387,other
38021,-0.0625,0.4773,0.9222,18.541,-6.6738,8.3105,other
38044,-0.1031,0.5762,1.0248,26.5723,-10.582,10.4883,other
38067,-0.1914,0.6057,0.9436,34.5117,-12.9395,10.7227,other
38090,-0.1085,0.4852,0.8021,49.4238,-15.6465,9.4336,other
38113,-0.1077,0.4274,0.7162,59.9727,-16.7852,7.875,other
38136,-0.1252,0.4143,0.7488,63.998,-17.5137,5.3477,other
38159,-0.1058,0.4557,0.7368,63.998,-17.166,3.4883,other
38182,-0.0743,0.4507,0.6925,63.998,-16.3848,2.8789,other
38205,-0.0957,0.4579,0.6373,63.998,-14.4805,2.8945,other
38228,-0.106,0.4982,0.5884,63.998,-12.8008,3.4043,other
38251,-0.1259,0.588,0.6187,63.998,-9.8398,4.7109,other
38274,-0.0778,0.6241,0.6157,63.998,-7.6758,5.8125,other
38297,-0.0592,0.6996,0.6533,63.998,-4.3164,7.4687,other
38320,-0.0544,0.7461,0.6469,63.998,-1.0137,8.7246,other
38343,-0.0878,0.6903,0.5537,63.998,1.0371,9.2676,other
38366,-0.0646,0.6903,0.5959,63.998,3.6895,9.7949,other
38389,-0.0519,0.6542,0.6077,63.998,5.0996,10.043,other
38412,-0.1033,0.6815,0.5979,48.9102,6.6406,10.2715,other
38435,-0.1102,0.6632,0.6082,29.5293,7.6777,10.2305,other
38458,-0.0618,0.608,0.6217,16.3516,8.2266,9.9629,other
38481,-0.1053,0.5535,0.6525,-1.9609,9.0391,9.0215,other
38504,-0.0789,0.5236,0.6022,-12.3418,9.7539,7.9648,other
38527,-0.2411,0.6946,0.6387,-24.2617,11.3887,5.7344,other
38550,-0.11,0.7501,0.6462,-31.6836,13.5762,3.0586,other
38573,-0.0786,0.5721,0.662,-34.75,14.8691,1.2949,other
38596,-0.0398,0.5469,0.7094,-38.3516,15.8652,-0.9355,other
38619,-0.0786,0.5648,0.7181,-41.2148,15.7402,-1.9141,other
38642,-0.0868,0.5277,0.7732,-47.709,14.3379,-2.1191,other
38665,-0.0406,0.4381,0.854,-53.9375,12.6328,-0.1504,other
38688,-0.0199,0.441,0.9067,-64.0,9.1602,2.0527,other
38711,-0.0471,0.5156,0.8909,-64.0,5.2148,6.8613,other
38734,-0.1123,0.8602,0.8936,-64.0,2.9082,10.4453,other
38757,-0.0924,0.6431,0.8523,-64.0,1.0332,15.3301,other
38780,-0.1989,0.4243,0.748,-64.0,1.3887,17.582,other
38803,-0.0364,0.5151,0.8844,-64.0,4.834,18.3535,other
38826,-0.1506,0.4009,0.7377,-64.0,11.5254,15.0879,other
38849,-0.0974,0.2933,0.7803,-64.0,17.1621,10.6758,other
38872,-0.1411,0.1982,0.783,-64.0,25.7656,1.6992,other
38895,-0.1493,0.1229,0.832,-56.7871,30.5508,-4.9043,other
38918,-0.2369,0.2925,0.925,-41.1719,34.875,-13.9473,other
38941,-0.2518,0.7222,1.2153,-29.3281,35.3008,-20.3867,other
38964,-0.2159,0.3635,0.829,-23.6543,33.873,-22.9102,other
38987,-0.1526,0.3369,0.9767,-17.9707,30.5039,-24.2734,other
39010,-0.1638,0.3253,0.8409,-15.5039,28.2637,-23.8711,other
39033,-0.3556,0.4708,0.7664,-12.7598,25.8379,-21.75,other
39056,-0.3784,0.5325,0.8154,-11.1836,25.0059,-18.1035,other
39079,-0.2927,0.588,0.8962,-9.0371,24.6152,-15.0273,other
39102,-0.3055,0.4908,0.8424,-7.6113,24.1797,-9.998,other
39125,-0.2887,0.3096,0.7484,-7.6035,23.0977,-6.7246,other
39148,-0.2228,0.2,0.8328,-9.834,19.4043,-2.4414,other
39171,-0.2139,0.1085,0.8308,-12.9844,15.3906,-0.2539,other
39194,-0.1199,0.0288,0.8616,-19.8242,7.3711,1.7734,other
39217,-0.0891,0.0713,0.8567,-28.1875,-2.0371,2.3672,other
39240,-0.2046,0.4883,0.8372,-33.9121,-8.3613,2.2402,other
39263,-0.3231,0.559,1.2993,-41.4297,-16.8262,2.0137,other
39286,-0.0609,0.2178,1.1483,-44.7949,-21.209,2.2285,other
39309,-0.0266,0.1949,0.8159,-46.3809,-25.293,3.3359,other
39332,-0.1803,0.2378,0.7684,-44.498,-26.502,5.4785,other
39355,-0.15,0.2225,0.7819,-42.1484,-26.1172,7.6602,bite
39378,-0.1644,0.2239,0.8469,-37.6836,-24.4375,12.25,bite
39401,-0.0048,0.2179,1.0173,-33.8848,-22.7422,16.0508,bite
39424,-0.0403,0.2717,1.1508,-25.9512,-19.1445,22.2461,bite
39447,-0.4076,0.4325,1.0968,-18.7988,-14.416,28.4727,bite
39470,-0.2141,0.2192,0.873,-5.9277,-9.9277,32.5215,bite
39493,-0.22,0.2531,1.0946,7.3867,-3.209,38.0215,bite
39516,-0.1246,0.3936,0.7021,15.3164,1.209,40.8223,bite
39539,-0.454,0.8757,0.9337,24.459,7.1953,42.8691,bite
39562,-0.212,0.2084,0.8458,28.2813,10.5937,42.4688,bite
39585,-0.0647,0.3237,0.9065,30.3594,14.5586,38.7988,bite
39608,-0.0875,0.3497,0.8655,27.9805,17.1055,31.1738,bite
39631,-0.0858,0.3602,0.9456,23.9766,18.0859,24.1445,bite
39654,-0.1702,0.3699,0.9303,14.834,18.5977,11.873,bite
39677,-0.2693,0.3387,0.8322,7.0586,18.2012,3.5703,bite
39700,-0.1656,0.1904,0.8174,-6.373,16.0449,-7.2031,bite
39723,-0.1271,0.1892,0.8447,-20.7871,11.4805,-14.4199,bite
39746,-0.1217,0.2349,0.9778,-30.0605,7.043,-16.9238,bite
39769,-0.1351,0.2863,1.0411,-41.8535,-1.1953,-17.4473,bite
39792,-0.0149,0.1628,0.9491,-47.5684,-7.2266,-16.0332,bite
39815,0.1167,0.0548,0.8577,-52.5801,-16.2773,-12.084,bite
39838,-0.0714,0.1356,0.8612,-53.6699,-24.377,-6.7344,bite
39861,-0.3046,0.2816,1.1366,-51.7109,-28.4531,-2.6387,bite
39884,-0.2,0.3119,1.2072,-44.5,-31.2852,3.9844,bite
39907,-0.1855,0.2611,0.9357,-36.7617,-30.6836,8.3398,bite
39930,-0.1646,0.2612,0.8696,-22.6934,-26.5488,13.9199,bite
39953,-0.0962,0.2993,0.9352,-13.4414,-22.2832,16.5371,bite
39976,-0.1283,0.3136,1.046,-2.3125,-14.9141,18.2754,bite
39999,-0.0969,0.2771,1.0452,3.9766,-7.9258,17.3672,bite
40022,-0.1182,0.2461,0.917,5.1797,-4.2773,15.5996,bite
40045,-0.1021,0.1926,0.948,2.4082,-1.2344,12.0352,bite
40068,-0.0696,0.1532,0.9816,-2.3027,-1.1348,9.5742,bite
40091,-0.0664,0.129,0.9839,-12.6855,-3.8496,6.418,bite
40114,-0.063,0.1235,0.9845,-25.0859,-9.0293,4.1602,bite
40137,-0.0396,0.1462,1.0428,-33.2246,-12.9414,3.041,bite
40160,-0.0015,0.1476,1.0277,-43.5938,-17.9922,1.5469,bite
40183,-0.0341,0.1234,1.0369,-48.6875,-20.1211,0.4629,bite
40206,-0.0515,0.0887,1.0466,-53.3887,-20.9336,-1.416,bite
40229,-0.0387,0.0466,1.0929,-55.334,-19.3516,-3.3652,bite
40252,-0.048,0.0688,1.1288,-55.2715,-17.5762,-4.4922,bite
40275,-0.0715,0.0569,1.0935,-54.6465,-14.7461,-5.666,bite
40298,-0.0272,-0.0433,0.8545,-54.1426,-13.0723,-6.0488,bite
40321,-0.0948,-0.0907,0.7961,-53.8047,-11.1914,-6.084,bite
40344,-0.0416,-0.0804,0.8418,-53.8301,-10.502,-5.832,bite
40367,-0.0164,-0.043,0.9752,-53.2344,-10.3945,-5.3008,bite
40390,0.0741,-0.0172,1.0596,-49.9844,-11.3945,-4.9941,bite
40413,0.0626,0.0226,1.071,-45.5957,-12.6602,-5.0527,bite
40436,0.0177,0.041,1.1005,-35.8242,-15.332,-5.377,bite
40459,-0.0135,0.0924,1.1539,-27.8613,-17.3613,-5.5059,bite
40482,0.0609,0.0582,1.2047,-15.291,-19.9004,-5.2715,bite
40505,0.047,0.0612,1.2902,-3.623,-20.7129,-4.5625,bite
40528,0.0348,0.0603,1.307,2.9648,-19.8594,-3.9883,bite
40551,-0.0465,0.0421,1.1854,10.252,-16.2422,-3.1543,bite
40574,-0.0566,-0.0083,1.0924,12.9551,-12.4023,-2.5937,bite
40597,-0.0579,-0.01,1.0991,13.4258,-5.1016,-1.5957,bite
40620,-0.0375,-0.0121,1.1165,10.1074,3.1426,-0.3281,bite
40643,-0.0325,-0.0122,1.1296,6.5039,8.6641,0.6484,bite
40666,-0.0386,-0.0109,1.0631,0.291,16.2813,2.2715,bite
40689,-0.0233,-0.0564,0.9541,-3.8086,20.5762,3.4883,bite
40712,-0.0892,-0.0409,0.9005,-9.3457,25.4805,5.6465,bite
40735,-0.1055,0.0005,0.9883,-12.4355,27.7148,8.3945,bite
40758,-0.0734,-0.0033,0.9941,-15.9004,29.7285,10.5234,bite
40781,-0.0565,0.0088,0.9967,-17.9629,30.3086,14.1035,bite
40804,-0.092,0.0071,0.9675,-18.8457,29.8848,16.6152,bite
40827,-0.1335,-0.0654,0.91,-20.2441,27.8535,20.4824,bite
40850,-0.1239,-0.1017,0.9218,-21.7031,25.3965,23.1328,bite
40873,-0.0522,-0.0818,0.9845,-25.0449,20.0254,27.0918,bite
40896,-0.063,-0.0681,0.9581,-29.4297,13.3477,30.5723,bite
40919,-0.1107,-0.0852,0.8992,-32.5625,8.7891,32.375,bite
40942,-0.1089,-0.1432,0.8204,-37.1934,2.5547,34.2266,bite
40965,-0.0874,-0.1451,0.8616,-40.1523,-0.9727,34.998,bite
40988,-0.0764,-0.1284,0.9545,-44.2227,-5.1973,35.6641,bite
41011,-0.0671,-0.1636,0.9457,-47.3535,-8.248,35.8164,bite
41034,-0.0261,-0.1874,1.0049,-48.6094,-9.8066,35.584,bite
41057,0.0236,-0.2068,1.1218,-48.8301,-11.7031,34.541,bite
41080,0.0641,-0.205,1.2087,-47.6348,-12.7227,33.2344,bite
41103,0.0535,-0.2057,1.2119,-43.5801,-13.834,30.2012,bite
41126,0.0347,-0.1785,1.2161,-39.4316,-14.2324,26.1074,bite
41149,-0.032,-0.1426,1.2002,-31.4902,-14.1797,23.127,bite
41172,-0.0503,-0.1444,1.2009,-22.2695,-13.125,18.9297,bite
41195,-0.0107,-0.1744,1.1376,-15.9043,-11.7617,16.6152,bite
41218,-0.0444,-0.1941,1.0504,-6.8242,-8.7324,14.1211,bite
41241,-0.0897,-0.1783,1.0416,-1.5098,-6.1504,13.1602,bite
41264,-0.0599,-0.1776,1.0361,4.9023,-1.668,12.7402,bite
41287,-0.046,-0.126,1.0059,9.3984,3.209,13.2871,bite
41310,-0.0807,-0.1093,1.0321,11.4883,6.4785,13.9883,bite
41333,-0.123,-0.1176,0.9521,13.5391,11.0937,15.3145,bite
41356,-0.134,-0.1323,0.8895,14.2617,13.793,16.3242,bite
41379,-0.0917,-0.0945,0.9531,14.4863,17.0391,17.9043,bite
41402,-0.094,-0.0781,0.9087,14.0527,19.2402,19.2637,bite
41425,-0.1118,-0.0728,0.7876,13.6348,20.1738,19.8887,bite
41448,-0.1886,-0.0203,0.6761,13.0098,20.9512,20.3379,bite
41471,-0.317,0.0155,0.6149,12.6543,21.1895,20.3574,bite
41494,-0.2697,0.007,0.7051,12.2559,21.2051,20.0449,bite
41517,-0.1487,-0.0009,0.9219,12.043,20.3066,19.1445,bite
41540,-0.0499,-0.0311,1.0851,11.6172,18.9883,17.9609,bite
41563,-0.0479,-0.0648,1.1366,10.6367,15.0898,14.9824,bite
41586,-0.103,-0.0901,1.123,9.3711,11.2812,12.1914,bite
41609,-0.0817,-0.1166,1.1094,6.2988,4.2812,7.0762,bite
41632,-0.0646,-0.0774,1.1963,3.6211,-0.6777,3.25,bite
41655,-0.0702,-0.0563,1.2251,-0.5469,-7.4355,-2.8008,bite
41678,-0.0795,-0.1049,1.0863,-3.9258,-12.332,-8.7383,bite
41701,-0.1272,-0.125,1.0074,-5.5547,-14.2832,-12.2617,bite
41724,-0.1184,-0.0984,1.0857,-7.252,-15.3047,-16.2988,bite
41747,-0.0565,-0.0902,1.1815,-7.9766,-14.9414,-17.9355,bite
41770,-0.045,-0.1014,1.2115,-8.4395,-13.418,-18.7832,bite
41793,-0.0564,-0.1445,1.1432,-8.2227,-11.4668,-17.9863,bite
41816,-0.0641,-0.131,1.1475,-7.8574,-10.2598,-16.7402,bite
41839,-0.0975,-0.1035,1.1676,-7.1875,-8.7715,-14.1211,bite
41862,-0.0857,-0.0845,1.1885,-6.6875,-7.9258,-12.0625,bite
41885,-0.0909,-0.1058,1.1676,-5.8633,-6.6152,-8.8125,bite
41908,-0.0941,-0.1613,1.0906,-5.3633,-5.0137,-5.6113,bite
41931,-0.1102,-0.146,1.1011,-5.0586,-3.7285,-3.5508,bite
41954,-0.1282,-0.1326,1.1199,-5.6152,-1.4336,-0.5488,bite
41977,-0.0836,-0.1488,1.1376,-6.4941,0.3691,1.4121,bite
42000,-0.079,-0.1709,1.0555,-8.5234,3.4434,4.3242,bite
42023,-0.1559,-0.1597,1.0439,-10.3477,5.6328,6.3027,bite
42046,-0.1387,-0.1462,1.0505,-13.7598,8.8945,9.4883,bite
42069,-0.1718,-0.1595,1.007,-17.7695,11.8809,13.0215,bite
42092,-0.1692,-0.1763,0.9951,-20.6309,13.6035,15.5156,bite
42115,-0.1658,-0.2161,0.9639,-25.0352,15.6367,19.252,bite
42138,-0.1313,-0.2391,0.9727,-27.9805,16.5117,21.5977,bite
42161,-0.1079,-0.2501,0.9615,-32.3125,16.9277,24.6855,bite
42184,-0.1658,-0.2206,0.975,-36.3652,16.2598,27.1406,bite
42207,-0.1725,-0.2458,0.9596,-38.8086,15.3379,28.4805,bite
42230,-0.1422,-0.2659,0.901,-41.9629,13.5176,30.2285,bite
42253,-0.2045,-0.2317,0.9484,-43.6504,12.1738,31.2988,bite
42276,-0.1442,-0.2274,1.0719,-45.2539,10.2109,32.793,bite
42299,-0.0355,-0.2449,1.0979,-45.459,8.5586,33.9746,bite
42322,-0.1223,-0.2605,0.9711,-44.3203,7.7246,34.4805,bite
42345,-0.2739,-0.252,0.8856,-41.9785,6.9746,34.9551,other
42368,-0.244,-0.2399,0.9683,-40.1953,6.8633,35.2793,other
42391,-0.1759,-0.2198,1.0352,-37.5957,7.3164,35.9121,other
42414,-0.2576,-0.2354,0.946,-36.0098,7.9727,36.3359,other
42437,-0.2974,-0.2334,0.9241,-34.0781,9.2832,36.7578,other
42460,-0.2931,-0.1759,1.0068,-32.9492,10.6562,36.707,other
42483,-0.2255,-0.2384,0.957,-32.6836,11.4023,36.2363,other
42506,-0.2191,-0.3293,0.951,-32.9805,11.9863,34.5879,other
42529,-0.2084,-0.3771,0.9364,-33.6191,11.8809,32.8301,other
42552,-0.2804,-0.3439,0.9565,-35.1719,10.8047,29.5078,other
42575,-0.2854,-0.3015,0.9994,-37.2246,8.5918,26.0,other
42598,-0.2385,-0.326,0.9497,-38.6973,6.5937,23.8828,other
42621,-0.2604,-0.3923,0.875,-40.8867,3.0586,21.3164,other
42644,-0.2767,-0.358,0.9884,-42.2539,0.5098,20.082,other
42667,-0.3014,-0.3148,1.0392,-43.8789,-3.2793,18.9316,other
42690,-0.2876,-0.3478,0.9858,-44.5957,-6.6738,18.3984,other
42713,-0.2733,-0.4288,0.9069,-44.5254,-8.5957,18.1348,other
42736,-0.1865,-0.3964,1.0056,-43.7441,-10.8535,17.3438,other
42759,-0.1901,-0.3108,1.0773,-42.8086,-11.916,16.2715,other
42782,-0.2621,-0.4039,0.8993,-40.9023,-12.9199,13.748,other
42805,-0.2246,-0.4412,0.8698,-39.4648,-13.2832,10.6582,other
42828,-0.2372,-0.4543,0.9208,-37.0742,-13.4668,8.3242,other
42851,-0.2065,-0.4663,0.9333,-33.7168,-13.248,5.0566,other
42874,-0.1438,-0.4902,0.8563,-30.4902,-12.918,2.957,other
42897,-0.2516,-0.3909,0.9752,-23.7949,-12.3008,-0.1289,other
42920,-0.2203,-0.3956,0.9563,-18.0078,-11.9219,-2.1426,other
42943,-0.168,-0.394,1.0032,-7.5645,-11.625,-5.0469,other
42966,-0.1315,-0.386,1.0123,4.1621,-11.9277,-7.7754,other
42989,-0.1646,-0.3464,1.0337,12.0723,-12.5898,-9.4297,other
43012,-0.1406,-0.3219,1.0182,23.1328,-14.3516,-11.4355,other
43035,-0.1021,-0.274,1.0566,29.5469,-15.957,-12.3379,other
43058,-0.1163,-0.3018,1.0774,37.3789,-18.6484,-12.9512,other
43081,-0.1096,-0.2996,1.0494,43.1152,-21.1738,-12.6484,other
43104,-0.1067,-0.3201,1.0419,45.9238,-22.5664,-11.9941,other
43127,-0.0631,-0.3145,1.002,48.8516,-24.1348,-10.5742,other
43150,-0.0807,-0.2626,1.0109,50.0273,-24.8887,-9.5176,other
43173,-0.0925,-0.1886,1.0502,50.7188,-25.6563,-8.0039,other
43196,-0.0533,-0.1932,1.0161,50.5391,-25.9141,-6.752,other
43219,-0.0366,-0.2083,0.9918,49.5273,-25.8574,-6.168,other
43242,-0.079,-0.0908,1.0066,48.0,-25.1523,-5.8398,other
43265,-0.0879,-0.0494,1.0439,46.8789,-24.2695,-6.0293,other
43288,-0.032,-0.0898,1.0034,45.127,-22.416,-6.873,other
43311,-0.0568,-0.0742,0.9973,43.8086,-20.9668,-7.7383,other
43334,-0.041,-0.0598,1.0391,41.2207,-18.7578,-9.3086,other
43357,-0.0865,-0.0635,1.1383,37.3145,-16.7168,-11.041,other
43380,0.1752,-0.254,0.8856,33.6602,-15.4902,-12.3281,other
43403,-0.0557,-0.2855,0.8589,26.2402,-13.9414,-14.6836,other
43426,-0.0552,-0.1262,1.0249,20.125,-13.1426,-16.5508,other
43449,0.03,-0.1193,1.0367,10.3008,-12.2949,-19.7305,other
43472,0.0391,-0.1409,0.9878,1.3848,-11.7559,-23.4434,other
43495,-0.0177,-0.2379,0.8328,-3.4238,-11.4941,-26.248,other
43518,-0.0328,-0.2637,0.7883,-8.6602,-11.1738,-30.8184,other
43541,0.085,-0.2216,0.9066,-10.7637,-10.9727,-34.041,other
43564,0.1445,-0.1643,1.1069,-11.457,-10.6055,-39.207,other
43587,0.036,-0.2504,0.9517,-10.1348,-10.2988,-44.7363,other
43610,-0.0438,-0.3063,0.7963,-6.1602,-9.9023,-48.2676,other
43633,-0.056,-0.287,0.7391,-1.4648,-9.9258,-52.5195,other
43656,0.0339,-0.199,0.8339,1.5957,-10.2383,-54.4453,other
43679,0.0803,-0.083,1.0571,7.0508,-10.8164,-56.4727,other
43702,0.1531,0.0016,1.2268,12.3984,-10.9355,-57.875,other
43725,0.1122,0.0765,1.2457,24.4102,-10.2656,-60.9023,other
43748,0.0045,0.1198,1.2081,40.7559,-8.5059,-64.0,other
43771,0.0367,0.059,1.1239,52.5137,-6.957,-64.0,other
43794,0.0333,0.0739,1.1571,63.998,-4.7773,-64.0,other
43817,-0.012,0.1527,1.1843,63.998,-3.8477,-64.0,other
43840,-0.0261,0.281,1.2998,63.998,-3.6504,-63.7617,other
43863,0.014,0.2646,1.3057,63.998,-4.8223,-55.4004,other
43886,0.0447,0.2036,1.2222,63.998,-6.1426,-48.377,other
43909,0.036,0.1445,1.108,62.5039,-8.4492,-36.9316,other
43932,0.0156,0.114,1.0774,53.9766,-9.8828,-29.3789,other
43955,0.0258,0.1021,1.0471,39.7402,-11.3066,-19.1406,other
43978,0.0546,0.0812,1.0347,29.9824,-11.3828,-11.0488,other
44001,0.0782,0.0587,1.0106,16.1699,-10.5879,-7.1465,other
44024,0.072,0.0581,0.981,4.5898,-8.252,-3.6348,other
44047,0.0381,0.0676,0.9447,-1.4102,-6.1113,-2.7031,other
44070,0.0184,0.1019,0.9536,-7.4961,-2.4219,-2.8848,other
44093,-0.0129,0.1399,0.9816,-9.5977,0.0957,-3.6602,other
44116,-0.0172,0.1603,1.0184,-10.0586,3.5059,-5.1484,other
44139,0.0278,0.1388,1.0197,-7.9453,5.9941,-6.4375,other
44162,0.037,0.1133,0.9812,-5.6602,6.9492,-6.9863,other
44185,0.0316,0.1292,0.9988,-1.8574,7.2324,-7.2129,other
44208,0.0217,0.1544,1.0283,0.4824,6.7441,-6.9512,other
44231,-0.0031,0.1624,1.0345,3.2734,5.3105,-6.0156,other
44254,-0.0081,0.1495,1.0166,4.9844,3.4746,-4.6289,other
44277,0.0204,0.1344,1.0043,5.4785,2.2266,-3.6016,other
44300,0.0288,0.1445,1.0308,5.2871,0.5547,-2.1621,other
44323,0.0381,0.1633,1.0503,4.6426,-0.3203,-1.4141,other
44346,0.0128,0.1499,1.0116,3.166,-1.1621,-0.75,other
44369,0.0155,0.1293,0.9684,1.4648,-1.4238,-0.6523,other
44392,0.0087,0.1285,0.9729,-0.0215,-1.3184,-0.8535,other
44415,-0.0044,0.1401,0.9922,-2.0234,-0.8496,-1.4512,other
44438,-0.0161,0.1599,1.0151,-3.2187,-0.4023,-1.9824,other
44461,-0.0217,0.1515,0.9878,-4.6367,0.3242,-2.8633,other
44484,-0.0267,0.145,0.9869,-5.3242,0.7578,-3.4512,other
44507,-0.0146,0.1365,0.9872,-6.082,1.1953,-4.2734,other
44530,-0.0211,0.1345,1.0057,-6.6699,1.2656,-5.0254,other
44553,-0.0104,0.1257,1.0005,-7.0332,1.0938,-5.5137,other
44576,-0.0148,0.1177,0.9917,-7.582,0.5762,-6.2852,other
44599,0.002,0.1128,1.0132,-7.9609,0.1191,-6.8574,other
44622,0.006,0.1165,1.0632,-8.5254,-0.6348,-7.8398,other
44645,-0.0089,0.1282,1.1141,-9.0547,-1.3691,-8.9648,other
44668,0.0051,0.1217,1.1168,-9.4141,-1.7988,-9.7676,other
44691,-0.0149,0.1266,1.1221,-10.1367,-2.2891,-10.9941,other
44714,0.0144,0.1138,1.1631,-10.8906,-2.4648,-11.8105,other
44737,0.0465,0.084,1.1603,-12.6797,-2.4141,-13.0352,other
44760,0.0371,0.0894,1.1294,-15.5117,-1.8965,-14.2734,other
44783,-0.0226,0.1046,1.1407,-18.0371,-1.2344,-15.0781,other
44806,-0.0369,0.0636,1.0811,-22.625,0.3457,-16.1699,other
44829,-0.0116,0.0319,1.0178,-26.0293,1.8535,-16.8301,other
44852,-0.0422,-0.0028,0.9502,-31.2734,4.8379,-17.8535,other
44875,-0.0834,-0.0419,0.838,-34.6387,7.2695,-18.6211,other
44898,-0.0898,-0.0941,0.7604,-39.1035,11.4082,-19.9277,other
44921,-0.0416,-0.11,0.7552,-42.3281,15.8008,-21.3418,other
44944,-0.0759,-0.0792,0.746,-43.4316,18.666,-22.25,other
44967,-0.1561,-0.0341,0.7406,-42.9727,22.6914,-23.2598,other
44990,-0.1908,0.0171,0.8087,-41.0332,25.1582,-23.4316,other
45013,-0.2141,0.0006,0.821,-35.6523,28.4512,-22.5098,other
45036,-0.1697,-0.0453,0.8402,-27.918,30.8828,-19.9316,other
45059,-0.1677,-0.0222,0.8904,-22.0117,31.584,-17.3438,other
45082,-0.1398,-0.0094,0.9597,-12.6621,30.5078,-12.5605,other
45105,-0.0604,-0.0063,0.9797,-6.1426,28.1406,-9.1621,other
45128,-0.0637,0.0577,1.0968,4.459,22.2656,-4.5508,other
45151,-0.0712,0.1008,1.1776,16.6172,14.3613,-1.2617,other
45174,-0.0854,0.1335,1.1581,25.6348,8.5566,0.0469,other
45197,-0.1934,0.1854,1.0767,39.8027,0.0449,0.9004,other
45220,-0.318,0.243,1.0902,48.9395,-4.8965,1.0176,other
45243,-0.1547,0.2646,1.1052,60.8516,-10.3418,0.9824,other
45266,-0.0906,0.2891,1.2051,63.998,-12.4375,0.8633,other
45289,-0.0654,0.2964,1.1989,63.998,-13.4316,0.2988,other
45312,-0.1011,0.2137,1.009,63.998,-12.4375,-0.9707,other
45335,-0.1211,0.1862,0.9125,63.998,-11.0488,-2.1465,other
45358,-0.0898,0.1819,0.9093,62.9941,-8.3418,-4.0703,other
45381,-0.0575,0.2032,0.9398,54.9766,-6.3008,-5.2793,other
45404,-0.1206,0.2747,1.0297,41.1211,-3.0508,-6.7793,other
45427,-0.1788,0.2828,1.0051,27.75,0.3027,-7.6191,other
45450,-0.1879,0.2384,0.9055,20.1602,2.4668,-7.6211,other
45473,-0.176,0.2394,0.8828,11.2637,5.2871,-6.6094,other
45496,-0.217,0.2808,0.9235,6.9336,6.7168,-5.3164,other
45519,-0.2141,0.2837,0.9319,2.5859,8.0605,-2.8047,other
45542,-0.1755,0.296,0.9788,0.4453,8.5352,-0.2637,other
45565,-0.182,0.2756,0.9661,-0.0547,8.4629,1.0508,other
45588,-0.194,0.3247,1.0328,-0.0898,7.9043,2.0078,other
45611,-0.2555,0.3569,1.0674,-0.1074,7.3164,1.8262,other
45634,-0.2622,0.3451,1.0956,-1.0645,6.252,0.248,other
45657,-0.2103,0.2457,0.98,-2.9961,4.9336,-2.8926,other
45680,-0.166,0.1508,0.8805,-9.1797,3.9004,-5.8184,other
45703,-0.1584,0.049,0.8331,-20.5313,1.6816,-11.2402,other
45726,-0.1329,0.0106,0.866,-30.9688,-0.3164,-15.2988,other
45749,-0.1652,0.0015,0.9308,-49.3359,-4.0957,-21.5059,other
45772,-0.103,-0.0269,0.9871,-61.7617,-6.9902,-25.3887,other
45795,-0.0691,-0.0502,1.0117,-64.0,-11.459,-30.3809,other
45818,-0.1074,-0.0773,0.9774,-64.0,-15.4609,-33.9668,other
45841,-0.0787,-0.0511,1.0597,-64.0,-17.5098,-35.3652,other
45864,-0.0937,-0.0225,1.0441,-64.0,-19.1191,-35.7852,other
45887,-0.1565,0.0194,1.053,-64.0,-18.9961,-34.916,other
45910,-0.1526,0.0276,1.0594,-58.1621,-16.9238,-31.9863,other
45933,-0.1544,0.0426,1.0482,-37.709,-12.9277,-27.4961,other
45956,-0.1716,0.0226,0.9877,-23.9238,-9.5801,-23.9824,other
45979,-0.1747,0.0339,0.9923,-5.4336,-4.2715,-18.502,other
46002,-0.1678,0.0446,1.0255,4.4219,-0.9434,-15.0254,other
46025,-0.1753,0.0421,1.0181,14.6621,3.2129,-10.5098,other
46048,-0.1616,0.0275,1.0049,18.4199,5.9902,-7.1504,other
46071,-0.1564,0.0201,0.9921,19.9395,6.9902,-5.6074,other
46094,-0.173,0.0289,1.0024,17.6055,7.2871,-4.25,other
46117,-0.1458,0.0399,1.0228,14.6699,6.8184,-3.8535,other
46140,-0.156,0.043,0.9961,9.3633,5.4355,-3.7305,other
46163,-0.1892,0.0311,1.0062,5.7832,4.252,-3.7773,other
46186,-0.1818,0.0469,1.0247,1.0215,2.3516,-3.7266,other
46209,-0.2014,0.0607,0.9983,-2.5195,0.5605,-3.3262,other
46232,-0.1807,0.0494,0.9872,-4.0781,-0.4434,-2.8555,other
46255,-0.1549,0.0529,1.0168,-5.2187,-1.5293,-2.0078,other
46278,-0.1696,0.0519,1.0342,-5.2539,-1.9375,-1.4922,other
46301,-0.1622,0.046,1.0372,-4.4316,-2.0957,-0.9844,other
46324,-0.151,0.0391,1.0515,-2.9492,-1.8203,-0.8867,other
46347,-0.1379,0.0266,1.0522,-1.832,-1.4746,-1.0352,other
46370,-0.1874,0.017,1.0304,-0.291,-0.8105,-1.4727,other
46393,-0.1542,0.0154,1.0131,0.4961,-0.3008,-1.8047,other
46416,-0.171,0.0328,0.9935,1.1582,0.5566,-2.1777,other
46439,-0.1948,0.0465,0.9896,1.2402,1.5234,-2.2109,other
46462,-0.1775,0.0485,0.9569,0.916,2.2207,-1.9844,other
46485,-0.2172,0.0565,0.9738,0.2422,3.2852,-1.2813,other
46508,-0.2089,0.0876,0.9922,-0.2617,3.9434,-0.6094,other
46531,-0.2383,0.0912,0.9818,-0.8672,4.7598,0.5742,other
46554,-0.2157,0.0909,0.9796,-1.0781,5.1426,1.377,other
46577,-0.2069,0.0754,0.9685,-1.0742,5.4043,2.3945,other
46600,-0.2155,0.0813,0.9915,-0.7793,5.2148,2.9668,other
46623,-0.1996,0.0814,0.9962,-0.4805,4.8262,3.0312,other
46646,-0.1899,0.0663,0.9834,0.0449,3.9082,2.6328,other
46669,-0.183,0.0636,1.0168,0.416,3.1367,2.0645,other
46692,-0.1708,0.0656,1.0267,0.9727,1.8809,0.8848,other
46715,-0.1742,0.0544,0.9697,1.4707,0.6641,-0.4395,other
46738,-0.1926,0.0532,0.9945,1.6953,-0.0586,-1.2168,other
46761,-0.1814,0.0637,1.021,1.752,-0.9551,-1.9688,other
46784,-0.1786,0.0609,1.0111,1.5781,-1.416,-2.1172,other
46807,-0.1732,0.0575,1.0059,1.0176,-1.9238,-1.8086,other
46830,-0.1761,0.0676,1.0072,0.1406,-2.2461,-0.9668,other
46853,-0.1914,0.0729,0.9907,-0.5586,-2.3574,-0.1855,other
46876,-0.1915,0.0741,0.9795,-1.6504,-2.3555,1.2012,other
46899,-0.2056,0.084,0.976,-2.3223,-2.2305,2.1934,other
46922,-0.2019,0.098,0.9896,-3.0684,-1.8535,3.6406,other
46945,-0.2146,0.1237,1.0026,-3.2949,-1.4824,4.4805,other
46968,-0.2198,0.1143,0.9954,-3.1621,-0.8281,5.4121,other
46991,-0.1902,0.0947,0.9772,-2.6074,-0.2305,5.8457,other
47014,-0.2041,0.1018,0.9907,-2.1641,0.0234,5.8301,other
47037,-0.191,0.0989,1.0094,-1.584,0.1055,5.3789,other
47060,-0.1747,0.0795,1.0244,-1.3145,-0.0469,4.8379,other
47083,-0.1677,0.0623,0.9869,-1.127,-0.5508,3.7637,other
47106,-0.1639,0.0941,1.0382,-1.1875,-1.2715,2.5215,other
47129,-0.1731,0.1007,1.0444,-1.2871,-1.75,1.7031,other
47152,-0.1938,0.0724,0.9807,-1.3867,-2.2402,0.6621,other
47175,-0.1613,0.0364,0.9253,-1.4414,-2.3105,0.2012,other
47198,-0.1691,0.0574,0.942,-1.6855,-2.0039,0.0254,other
47221,-0.2368,0.103,0.9696,-2.1855,-1.293,0.6133,other
47244,-0.2037,0.1075,0.9795,-2.5156,-0.6484,1.4375,other
47267,-0.1832,0.1299,1.0348,-2.6133,0.5117,3.0859,other
47290,-0.1886,0.116,1.0419,-2.2324,1.332,4.2305,other
47313,-0.1725,0.1185,1.0259,-0.9824,2.416,5.6543,other
47336,-0.2147,0.1326,0.9871,0.127,2.9258,6.2734,other
47359,-0.2328,0.1428,0.946,1.8125,3.3223,6.6211,other
47382,-0.2418,0.1575,0.9409,3.1934,3.4629,6.2754,other
47405,-0.2452,0.1744,0.9851,3.9062,3.5664,5.6621,other
47428,-0.2183,0.1538,0.9922,4.7402,3.8379,4.1816,other
47451,-0.2081,0.1069,0.9581,5.1367,4.0293,2.8652,other
47474,-0.1869,0.1019,0.9889,5.3555,4.0918,0.5371,other
47497,-0.1829,0.1198,1.0244,5.043,3.6641,-1.9785,other
47520,-0.1852,0.1053,1.015,4.5918,3.0879,-3.6035,other
47543,-0.172,0.1052,1.0323,3.6777,1.9043,-5.7109,other
47566,-0.1714,0.0978,1.0309,2.9766,1.0156,-6.7715,other
47589,-0.1851,0.0985,1.0046,1.8379,-0.2559,-7.6914,other
47612,-0.1987,0.0946,0.9613,0.5977,-1.209,-7.7109,other
47635,-0.201,0.0959,0.9525,-0.2832,-1.5605,-7.2344,other
47658,-0.2032,0.1105,0.9607,-1.625,-1.6016,-5.8984,other
47681,-0.21,0.118,0.9666,-2.4551,-1.3262,-4.6973,other
47704,-0.2162,0.1272,0.962,-3.4492,-0.6074,-2.6348,other
47727,-0.2218,0.1306,0.9587,-3.8848,-0.0332,-0.4863,other
47750,-0.2117,0.1311,0.9718,-4.1621,0.7793,0.8711,other
47773,-0.2035,0.1387,1.0098,-4.0039,1.3477,2.6309,other
47796,-0.207,0.1416,1.0028,-3.6855,1.5273,3.5488,other
47819,-0.2076,0.1475,1.0088,-2.9863,1.4863,4.4941,other
47842,-0.2059,0.1567,1.0144,-2.4512,1.3008,4.8457,other
47865,-0.213,0.1447,0.9855,-1.6836,0.9238,4.9922,other
47888,-0.2131,0.1521,0.9873,-1.1426,0.6016,4.7598,other
47911,-0.2322,0.157,0.9811,-0.9883,0.4961,4.4434,other
47934,-0.2297,0.1525,0.958,-1.1094,0.5684,3.8008,other
47957,-0.2417,0.1666,0.9597,-1.4082,0.7754,3.2891,other
47980,-0.2568,0.1659,0.9589,-2.084,1.2793,2.4316,other
48003,-0.2351,0.1508,0.9594,-2.8633,1.8926,1.4863,other
48026,-0.2249,0.1375,0.9645,-3.3672,2.2676,0.8047,other
48049,-0.2229,0.1223,0.9768,-4.0293,2.6328,-0.3066,other
48072,-0.2034,0.1075,0.9894,-4.3809,2.6797,-1.0977,other
48095,-0.1978,0.0948,0.9644,-4.7617,2.4141,-2.3125,other
48118,-0.2046,0.0948,0.9771,-4.9375,1.5234,-3.4199,other
48141,-0.2015,0.1091,0.9967,-5.0957,1.207,-3.9961,other
48164,-0.2096,0.118,0.9918,-5.0898,0.3027,-4.4824,other
48187,-0.2187,0.1169,0.9591,-4.9766,-0.2383,-4.5,other
48210,-0.2266,0.1344,0.9625,-4.6797,-0.8281,-4.0371,other
48233,-0.2502,0.1508,0.972,-4.4219,-1.0371,-3.4199,other
48256,-0.2323,0.1477,0.9719,-3.9805,-1.0762,-2.1289,other
48279,-0.2271,0.1388,0.9595,-3.5371,-0.8809,-0.623,other
48302,-0.2372,0.1482,0.9673,-3.2891,-0.7012,0.3535,other
48325,-0.2317,0.1481,0.9833,-3.0293,-0.4707,1.5781,other
48348,-0.2191,0.1354,0.9819,-2.9238,-0.3906,2.1445,other
48371,-0.2131,0.1343,0.9886,-2.8672,-0.4414,2.541,other
48394,-0.219,0.1405,0.9924,-2.9277,-0.7031,2.3965,other
48417,-0.2135,0.1378,1.0033,-3.0234,-0.9551,2.0508,other
48440,-0.2085,0.1276,0.9944,-3.2285,-1.3594,1.2773,other
48463,-0.2166,0.1189,0.9763,-3.4062,-1.5977,0.6719,other
48486,-0.2081,0.1091,0.975,-3.748,-1.8281,-0.2227,other
48509,-0.215,0.1162,0.9669,-4.0117,-1.8359,-0.9473,other
48532,-0.2177,0.1133,0.9506,-4.4004,-1.6973,-1.2637,other
48555,-0.219,0.1249,0.9487,-4.668,-1.2891,-1.3984,other
48578,-0.2437,0.1393,0.9573,-4.7031,-0.9082,-1.2363,other
48601,-0.23,0.1472,0.9615,-4.418,-0.2305,-0.6289,other
48624,-0.2286,0.1498,0.9747,-3.9648,0.2324,-0.0332,other
48647,-0.218,0.16,0.9835,-2.9219,0.832,1.0039,other
48670,-0.2219,0.1528,0.9755,-1.5859,1.1914,2.0332,other
48693,-0.2094,0.1504,0.9618,-0.6328,1.2676,2.6289,other
48716,-0.21,0.1553,0.964,0.8086,1.1934,3.3223,other
48739,-0.1664,0.1581,0.9927,1.8145,1.1035,3.6348,other
48762,-0.2007,0.1915,1.0262,3.6113,1.1133,3.9277,other
48785,-0.2407,0.1703,0.9456,5.9844,1.457,4.2695,other
48808,-0.2637,0.1775,0.8806,7.873,1.8926,4.7227,other
48831,-0.2571,0.1958,0.9424,11.0137,2.7012,5.8945,other
48854,-0.1968,0.2124,0.9741,13.2773,3.1797,6.9297,other
48877,-0.2393,0.2372,0.9688,16.8496,3.5039,8.4883,other
48900,-0.2349,0.2189,0.9324,20.1699,3.082,9.6328,other
48923,-0.2068,0.1998,0.8865,22.0098,2.3184,10.0039,other
48946,-0.1864,0.2032,0.9111,23.4395,0.4805,9.8711,other
48969,-0.1775,0.2251,0.9987,23.4492,-1.1523,9.3574,other
48992,-0.1692,0.2206,0.9785,22.1719,-4.0684,8.1406,other
49015,-0.1699,0.2196,0.9698,20.6113,-6.1875,7.209,other
49038,-0.1519,0.2253,0.9596,17.4531,-9.3047,5.9707,other
49061,-0.1641,0.2382,0.9307,13.6211,-11.9102,5.2461,other
49084,-0.1752,0.269,0.932,10.8984,-13.125,5.1621,other
49107,-0.1864,0.2816,0.9535,6.9648,-13.9141,5.666,other
49130,-0.1449,0.2748,0.9572,4.6758,-13.7227,6.3477,other
49153,-0.1399,0.2775,0.9913,1.9902,-12.5586,7.6426,other
49176,-0.1492,0.2687,0.9735,0.1875,-10.8184,9.0059,other
49199,-0.1334,0.266,0.9757,-0.6543,-9.6191,9.877,other
49222,-0.137,0.2633,0.9445,-1.5723,-8.0117,11.041,other
49245,-0.1583,0.2772,0.9365,-2.0059,-7.0879,11.6758,other
49268,-0.1588,0.3048,0.9305,-2.3555,-5.7812,12.3535,other
49291,-0.219,0.328,0.8949,-2.2891,-4.2773,12.6426,other
49314,-0.2222,0.3286,0.8688,-2.0586,-3.0391,12.6113,other
49337,-0.1851,0.3119,0.8585,-1.6582,-0.8301,12.2285,other
49360,-0.1913,0.3055,0.8579,-1.4863,0.748,11.7266,other
49383,-0.187,0.3125,0.8743,-1.4473,2.957,10.5781,other
49406,-0.1892,0.3221,0.9205,-1.5,4.1523,8.5645,other
49429,-0.1777,0.296,0.9176,-1.4902,5.3242,7.7656,other
49452,-0.1541,0.2852,0.9442,-1.2715,5.5937,5.7852,other
49475,-0.155,0.2865,0.9579,-1.0469,5.248,4.4453,other
49498,-0.1641,0.2878,0.9462,-0.7168,4.0449,2.5234,other
49521,-0.1699,0.2881,0.9427,-0.5742,2.9219,1.3555,other
49544,-0.1461,0.2806,0.9479,-0.5586,1.0547,-0.166,other
49567,-0.1456,0.2828,0.9518,-0.7988,-0.6758,-1.4238,other
49590,-0.1467,0.2842,0.9423,-1.082,-1.5957,-2.1328,other
49613,-0.1709,0.2898,0.9436,-1.6289,-2.459,-3.0059,other
49636,-0.1678,0.2842,0.9324,-2.0293,-2.6387,-3.459,other
49659,-0.1628,0.276,0.9305,-2.6348,-2.2988,-3.9453,other
49682,-0.1694,0.2723,0.9331,-3.2266,-1.3516,-4.2109,other
49705,-0.1621,0.2706,0.9357,-3.6113,-0.5117,-4.2695,other
49728,-0.1606,0.2675,0.9305,-4.1641,0.8164,-4.1719,other
49751,-0.1763,0.2783,0.9257,-4.5,1.6152,-3.9805,other
49774,-0.2103,0.2946,0.9087,-4.918,2.5195,-3.5098,other
49797,-0.1891,0.2794,0.9081,-5.1152,2.8867,-2.8652,other
49820,-0.1628,0.2711,0.9105,-5.2676,3.0762,-2.418,other
49843,-0.1779,0.28,0.9338,-5.2715,2.834,-1.8574,other
49866,-0.1658,0.275,0.9283,-5.1973,2.4531,-1.6074,other
49889,-0.1746,0.278,0.9354,-4.9648,1.6328,-1.4277,other
49912,-0.1749,0.2759,0.946,-4.7305,0.9902,-1.4141,other
49935,-0.1581,0.2684,0.9489,-4.2734,0.0156,-1.4922,other
49958,-0.1571,0.2653,0.9495,-3.7773,-0.834,-1.6152,other
49981,-0.1593,0.2686,0.9579,-3.4922,-1.2813,-1.6758,other
50004,-0.1722,0.2697,0.9517,-3.2148,-1.7324,-1.6582,other
50027,-0.161,0.267,0.9454,-3.1641,-1.873,-1.5371,other
50050,-0.1626,0.2651,0.9237,-3.3105,-1.8301,-1.1738,other
50073,-0.182,0.2754,0.9176,-3.6895,-1.4863,-0.6309,other
50096,-0.1993,0.282,0.901,-4.0273,-1.1094,-0.1973,other
50119,-0.1958,0.2871,0.9111,-4.5762,-0.3867,0.5117,other
50142,-0.194,0.2881,0.9236,-4.9121,0.1367,0.9746,other
50165,-0.1747,0.2784,0.9275,-5.2812,0.8574,1.5625,other
50188,-0.1769,0.2729,0.9375,-5.418,1.2129,1.9297,other
50211,-0.1753,0.2816,0.9489,-5.459,1.4668,2.0234,other
50234,-0.1757,0.2804,0.9408,-5.3242,1.3906,1.9492,other
50257,-0.1826,0.2683,0.9202,-5.1543,1.2051,1.7695,other
50280,-0.1854,0.278,0.9121,-4.8359,0.8262,1.3555,other
50303,-0.1888,0.2721,0.9072,-4.6211,0.5723,1.0254,other
50326,-0.1807,0.2754,0.9202,-4.334,0.2617,0.5137,other
50349,-0.1902,0.2723,0.9241,-4.1016,0.0508,0.0566,other
50372,-0.1777,0.2629,0.9115,-3.9727,-0.0508,-0.1914,other
50395,-0.1785,0.2714,0.9343,-3.8105,-0.2012,-0.4473,other
50418,-0.1747,0.2808,0.9541,-3.7031,-0.3242,-0.5371,other
50441,-0.167,0.2823,0.9534,-3.4902,-0.5469,-0.5566,other
50464,-0.1777,0.2826,0.936,-3.1992,-0.7852,-0.4609,other
50487,-0.1852,0.2864,0.923,-2.9824,-0.9238,-0.3437,other
50510,-0.1896,0.2854,0.9161,-2.6875,-1.0488,-0.1035,other
50533,-0.1805,0.2834,0.9266,-2.541,-1.0605,0.0742,other
50556,-0.1832,0.2872,0.9371,-2.4258,-0.9766,0.3105,other
50579,-0.1843,0.2841,0.931,-2.4141,-0.7988,0.4395,other
50602,-0.1804,0.2758,0.9308,-2.4766,-0.6523,0.4414,other
50625,-0.1764,0.2758,0.928,-2.6035,-0.4238,0.3047,other
50648,-0.1832,0.2733,0.918,-2.7168,-0.2852,0.1387,other
50671,-0.1807,0.2786,0.927,-2.918,-0.1211,-0.168,other
50694,-0.1825,0.2808,0.9312,-3.0566,-0.0508,-0.373,other
50717,-0.1803,0.2748,0.924,-3.2441,-0.0176,-0.6328,other
50740,-0.1788,0.2793,0.9325,-3.3926,-0.0742,-0.791,other
50763,-0.1865,0.2808,0.932,-3.4668,-0.1523,-0.8262,other
50786,-0.187,0.2805,0.9246,-3.5332,-0.3027,-0.7656,other
50809,-0.178,0.2777,0.927,-3.5586,-0.4082,-0.6582,other
50832,-0.1738,0.2826,0.9318,-3.5723,-0.5449,-0.4492,other
50855,-0.1854,0.2817,0.9274,-3.5547,-0.6328,-0.2422,other
50878,-0.1862,0.2856,0.9326,-3.5293,-0.6523,-0.1172,other
50901,-0.1852,0.2831,0.9158,-3.4824,-0.6074,0.0449,other
50924,-0.1965,0.286,0.9165,-3.4512,-0.5332,0.1328,other
50947,-0.1951,0.2845,0.9131,-3.418,-0.373,0.2383,other
50970,-0.1877,0.283,0.9194,-3.4082,-0.209,0.3027,other
50993,-0.1824,0.286,0.9255,-3.4121,-0.1309,0.3145,other
51016,-0.1951,0.2946,0.9272,-3.4336,-0.1074,0.2715,other
51039,-0.1985,0.2971,0.9265,-3.457,-0.166,0.1953,other
51062,-0.1864,0.2927,0.9083,-3.498,-0.3535,0.0,other
51085,-0.2001,0.2871,0.9031,-3.5273,-0.5273,-0.1992,other
51108,-0.1869,0.2853,0.9274,-3.5742,-0.8281,-0.5996,other
51131,-0.1807,0.2722,0.9312,-3.6055,-1.1563,-1.0938,other
51154,-0.1653,0.266,0.938,-3.6113,-1.3848,-1.4492,other
51177,-0.167,0.2688,0.9513,-3.5879,-1.7402,-1.9805,other
51200,-0.17,0.2705,0.9507,-3.5449,-1.9629,-2.3027,other
51223,-0.1729,0.2778,0.9524,-3.4395,-2.2285,-2.6719,other
51246,-0.1782,0.2805,0.9347,-3.3223,-2.3398,-2.8262,other
51269,-0.2002,0.2742,0.8977,-3.2715,-2.3008,-2.7793,other
51292,-0.2002,0.2783,0.8893,-3.2949,-2.0605,-2.4785,other
51315,-0.194,0.28,0.9031,-3.3809,-1.793,-2.1387,other
51338,-0.1935,0.2842,0.912,-3.584,-1.3105,-1.5,other
51361,-0.1874,0.2887,0.9225,-3.8008,-0.8867,-0.8125,other
51384,-0.1873,0.2959,0.9408,-3.916,-0.7187,-0.377,other
51407,-0.1802,0.29,0.9412,-3.9922,-0.7031,0.1621,other
51430,-0.1722,0.2856,0.9491,-3.9648,-0.8457,0.4062,other
51453,-0.1744,0.281,0.9447,-3.8184,-1.2246,0.5547,other
51476,-0.1671,0.2751,0.9353,-3.6797,-1.5254,0.0039,other
51499,-0.178,0.2699,0.9324,-3.4844,-1.9395,0.25,other
51522,-0.1825,0.2767,0.9216,-3.3711,-2.1934,-0.1289,other
51545,-0.1824,0.2737,0.9097,-3.3594,-2.2324,-0.3828,other
51568,-0.1882,0.2773,0.9128,-3.4395,-2.0801,-0.6914,other
51591,-0.1953,0.2858,0.9034,-3.5371,-1.8574,-0.8164,other
51614,-0.2042,0.3008,0.9117,-3.6953,-1.418,-0.8535,other
51637,-0.1865,0.2981,0.9186,-3.7949,-0.9688,-0.7363,other
51660,-0.1877,0.2943,0.9135,-3.7988,-0.7363,-0.6211,other
51683,-0.2017,0.2979,0.9219,-3.7148,-0.5801,-0.4727,other
51706,-0.1802,0.2897,0.933,-3.6113,-0.625,-0.4258,other
51729,-0.1735,0.2776,0.9342,-3.4121,-0.9043,-0.4961,other
51752,-0.1703,0.2775,0.9457,-3.2168,-1.3828,-0.7676,other
51775,-0.1676,0.2704,0.9362,-3.1133,-1.7617,-1.0547,other
51798,-0.1693,0.2706,0.9386,-3.0215,-2.3281,-1.5801,other
51821,-0.1721,0.2766,0.9397,-3.0098,-2.6484,-1.9375,other
51844,-0.1765,0.2712,0.9148,-3.0664,-2.9648,-2.3848,other
51867,-0.1785,0.2771,0.9165,-3.1484,-3.0391,-2.623,other
51890,-0.188,0.2845,0.9259,-3.3242,-2.9414,-2.6289,other
51913,-0.1766,0.2771,0.9186,-3.5137,-2.6504,-2.3965,other
51936,-0.1718,0.283,0.9359,-3.6289,-2.4023,-2.0977,other
51959,-0.1752,0.2849,0.9371,-3.7598,-2.0352,-1.5039,other
51982,-0.1759,0.287,0.9335,-3.8105,-1.8223,-1.0566,other
52005,-0.1772,0.2874,0.9291,-3.834,-1.5645,-0.3965,other
52028,-0.186,0.2883,0.9254,-3.8145,-1.3867,0.1699,other
52051,-0.1772,0.292,0.9288,-3.793,-1.3047,0.4687,other
52074,-0.1812,0.2865,0.9247,-3.7656,-1.2188,0.7676,other
52097,-0.1782,0.2863,0.9259,-3.7578,-1.1758,0.8613,other
52120,-0.1799,0.2852,0.9288,-3.7773,-1.1289,0.8477,other
52143,-0.176,0.28,0.9316,-3.8281,-1.0996,0.6738,other
52166,-0.1725,0.2748,0.9297,-3.875,-1.0898,0.4883,other
52189,-0.1737,0.2797,0.9264,-3.957,-1.084,0.1504,other
52212,-0.1729,0.2778,0.9363,-4.0117,-1.0781,-0.082,other
52235,-0.1736,0.274,0.9369,-4.0742,-1.0527,-0.3848,other
52258,-0.1775,0.2743,0.9181,-4.0937,-0.5195,-0.5879,other
52281,-0.183,0.2817,0.9163,-4.1016,-0.9238,-0.6465,other
52304,-0.184,0.2852,0.9236,-4.084,-0.7656,-0.6094,other
52327,-0.1774,0.2889,0.9286,-4.0508,-0.6309,-0.5117,other
52350,-0.1838,0.2898,0.9346,-3.9512,-0.416,-0.3008,other
52373,-0.1709,0.2915,0.9403,-3.8457,-0.2812,-0.1484,other
52396,-0.1804,0.2788,0.9333,-3.6367,-0.0957,0.0352,other
52419,-0.1633,0.2777,0.9425,-3.3984,0.0664,0.123,other
52442,-0.168,0.276,0.951,-3.2441,0.1738,0.1191,other
52465,-0.1698,0.2753,0.9402,-2.9961,0.3652,0.0352,other
52488,-0.1726,0.2832,0.9303,-2.7734,0.5508,-0.0547,other
52511,-0.1971,0.2969,0.9275,-2.2461,1.0,-0.2031,other
52534,-0.2117,0.2972,0.8975,-1.4277,1.7402,-0.3262,other
52557,-0.2151,0.3029,0.8855,-0.7656,2.3926,-0.3691,other
52580,-0.2207,0.2996,0.8622,0.2324,3.5059,-0.373,other
52603,-0.2262,0.2985,0.8556,0.7793,4.2344,-0.3379,other
52626,-0.2177,0.3121,0.8884,1.25,5.0918,-0.25,other
52649,-0.2083,0.3022,0.9097,1.2988,5.4297,-0.168,other
52672,-0.183,0.2878,0.9189,1.0,5.2715,-0.1445,other
52695,-0.1848,0.2874,0.934,0.332,4.4043,-0.1816,other
52718,-0.1765,0.2906,0.9514,-0.248,3.4551,-0.2559,other
52741,-0.1736,0.2957,0.9435,-1.1895,1.6738,-0.4082,other
52764,-0.1948,0.2961,0.9216,-1.793,0.4121,-0.5117,other
52787,-0.1868,0.3044,0.92,-2.5781,-1.3066,-0.6152,other
52810,-0.2041,0.3003,0.9094,-3.1621,-2.5371,-0.6133,other
52833,-0.1987,0.2971,0.905,-3.4297,-3.002,-0.5488,other
52856,-0.1997,0.2959,0.9005,-3.6758,-3.1621,-0.377,other
52879,-0.198,0.2982,0.9017,-3.7637,-2.9727,-0.2305,other
52902,-0.1971,0.3066,0.9165,-3.8203,-2.4062,0.0078,other
52925,-0.1896,0.3032,0.9298,-3.7969,-1.7129,0.2227,other
52948,-0.1833,0.2932,0.9252,-3.7422,-1.2832,0.3262,other
52971,-0.1892,0.2972,0.9293,-3.6328,-0.7871,0.3984,other
52994,-0.1913,0.2936,0.9191,-3.5605,-0.5723,0.3926,other
53017,-0.1986,0.2889,0.9008,-3.4844,-0.3984,0.3223,other
53040,-0.1926,0.2972,0.9044,-3.4668,-0.3379,0.2168,other
53063,-0.198,0.3051,0.9,-3.4824,-0.3242,0.1426,other
53086,-0.2126,0.3085,0.895,-3.502,-0.3027,0.0605,other
53109,-0.2092,0.3146,0.9044,-3.502,-0.2852,0.041,other
53132,-0.199,0.3103,0.9177,-3.4668,-0.2734,0.0684,other
53155,-0.1906,0.302,0.9235,-3.4238,-0.293,0.0996,other
53178,-0.1851,0.2996,0.9347,-3.3496,-0.4043,0.123,other
53201,-0.1857,0.2963,0.9312,-3.293,-0.6172,0.0703,other
53224,-0.1946,0.301,0.9182,-3.2754,-0.7891,-0.0156,other
53247,-0.2002,0.2997,0.9031,-3.2891,-1.0234,-0.1934,other
53270,-0.1997,0.3025,0.9052,-3.3262,-1.125,-0.332,other
53293,-0.1956,0.3031,0.9121,-3.4121,-1.1563,-0.5488,other
53316,-0.1951,0.3026,0.9176,-3.5117,-1.0527,-0.7578,other
53339,-0.1962,0.299,0.9092,-3.5781,-0.9355,-0.8809,other
53362,-0.1996,0.3005,0.9125,-3.6777,-0.7383,-1.0273,other
53385,-0.1925,0.2994,0.9146,-3.7441,-0.6152,-1.0898,other
53408,-0.1918,0.2972,0.9253,-3.8398,-0.4727,-1.1348,other
53431,-0.1946,0.293,0.9213,-3.9238,-0.3984,-1.1191,other
53454,-0.1952,0.2942,0.9189,-3.9727,-0.3848,-1.082,other
53477,-0.1852,0.299,0.9272,-4.0371,-0.3945,-0.998,other
53500,-0.1941,0.2948,0.9154,-4.0723,-0.4043,-0.9336,other
53523,-0.2014,0.2971,0.9103,-4.1328,-0.3984,-0.8301,other
53546,-0.1989,0.2936,0.9067,-4.1855,-0.3672,-0.748,other
53569,-0.1898,0.2915,0.9164,-4.291,-0.2832,-0.584,other
53592,-0.1888,0.296,0.9327,-4.418,-0.168,-0.3574,other
53615,-0.1913,0.2872,0.9164,-4.4961,-0.0879,-0.1699,other
53638,-0.1924,0.2897,0.9209,-4.5996,0.0273,0.1797,other
53661,-0.1887,0.2937,0.9291,-4.6543,0.0977,0.4629,other
53684,-0.1982,0.295,0.9001,-4.7031,0.1953,0.959,other
53707,-0.2126,0.3024,0.8879,-4.707,0.2949,1.5254,other
53730,-0.2261,0.3181,0.8905,-4.6797,0.3789,1.9316,other
53753,-0.2236,0.3098,0.885,-4.5605,0.5547,2.5352,other
53776,-0.2067,0.3019,0.8883,-4.4297,0.6953,2.8906,other
53799,-0.2048,0.3066,0.9097,-4.1758,0.873,3.2461,other
53822,-0.2089,0.3125,0.9258,-3.8828,0.9063,3.3008,other
53845,-0.1921,0.3108,0.9312,-3.6738,0.8125,3.1426,other
53868,-0.1974,0.3088,0.912,-3.3633,0.5078,2.6191,other
53891,-0.2089,0.308,0.9055,-3.1875,0.2187,2.1055,other
53914,-0.1992,0.3064,0.9187,-3.0156,-0.2637,1.1797,other
53937,-0.1948,0.2906,0.9043,-2.9687,-0.5742,0.1797,other
53960,-0.1952,0.2885,0.9053,-3.0039,-0.9746,-0.4668,other
53983,-0.1991,0.2935,0.9226,-3.1445,-1.2598,-1.3125,other
54006,-0.1923,0.293,0.9142,-3.2617,-1.3809,-1.752,other
54029,-0.1971,0.2975,0.9177,-3.418,-1.457,-2.1895,other
54052,-0.1947,0.3035,0.9214,-3.4883,-1.4473,-2.3223,other
54075,-0.2004,0.3087,0.9171,-3.5332,-1.3555,-2.2891,other
54098,-0.2054,0.3021,0.9094,-3.5215,-1.1973,-2.0059,other
54121,-0.2017,0.3018,0.9095,-3.5098,-1.0723,-1.7012,other
54144,-0.2029,0.2936,0.9078,-3.5195,-0.8848,-1.1387,other
54167,-0.2012,0.2947,0.9055,-3.5508,-0.7754,-0.7402,other
54190,-0.2025,0.2999,0.9153,-3.6328,-0.6445,-0.1797,other
54213,-0.2017,0.3035,0.9109,-3.7266,-0.5605,0.2715,other
54236,-0.2092,0.3066,0.9,-3.7832,-0.5352,0.4922,other
54259,-0.2146,0.318,0.9087,-3.8574,-0.543,0.7012,other
54282,-0.2083,0.3169,0.9063,-3.8887,-0.5762,0.7637,other
54305,-0.2112,0.3185,0.9053,-3.9004,-0.666,0.7324,other
54328,-0.2061,0.3176,0.923,-3.8809,-0.748,0.5391,other
54351,-0.2041,0.3094,0.9205,-3.8086,-0.8965,0.3125,other
54374,-0.2009,0.2983,0.9197,-3.707,-1.0586,-0.1777,other
54397,-0.1896,0.2937,0.9291,-3.6406,-1.1582,-0.6016,other
54420,-0.1926,0.2845,0.9177,-3.5703,-1.2695,-1.3398,other
54443,-0.1949,0.2826,0.9114,-3.5547,-1.3008,-1.8535,other
54466,-0.1989,0.2911,0.9065,-3.5879,-1.2539,-2.5488,other
54489,-0.2123,0.2959,0.9122,-3.6719,-1.0742,-3.0098,other
54512,-0.2,0.2944,0.9086,-3.7344,-0.8828,-3.1348,other
54535,-0.209,0.2936,0.908,-3.8281,-0.5312,-3.0234,other
54558,-0.199,0.2952,0.9144,-3.8906,-0.2949,-2.7598,other
54581,-0.2075,0.2988,0.9126,-3.9727,0.0098,-2.1387,other
54604,-0.2147,0.3027,0.9133,-4.0254,0.2109,-1.3477,other
54627,-0.2014,0.2982,0.9067,-4.0332,0.2891,-0.7949,other
54650,-0.2058,0.2953,0.8983,-4.0156,0.3398,-0.0293,other
54673,-0.2136,0.3036,0.9047,-4.0,0.334,0.3965,other
54696,-0.215,0.3025,0.9044,-3.9922,0.2773,0.8867,other
54719,-0.2041,0.2983,0.9132,-3.998,0.1621,1.1992,other
54742,-0.2012,0.3057,0.908,-4.0156,0.0547,1.3066,other
54765,-0.2224,0.3109,0.902,-4.0254,-0.1328,1.332,other
54788,-0.2124,0.3149,0.9142,-4.0195,-0.2656,1.2773,other
54811,-0.2135,0.3081,0.8997,-3.9805,-0.4512,1.1211,other
54834,-0.2107,0.3048,0.903,-3.9355,-0.5605,0.9688,other
54857,-0.2023,0.3086,0.9258,-3.8535,-0.7031,0.6738,other
54880,-0.2,0.3103,0.944,-3.7539,-0.8359,0.2988,other
54903,-0.2037,0.3046,0.9286,-3.6738,-0.916,0.0078,other
54926,-0.2036,0.2942,0.9122,-3.5625,-1.0078,-0.4629,other
54949,-0.2091,0.2891,0.8992,-3.5234,-1.0273,-0.7852,other
54972,-0.2175,0.2867,0.8898,-3.543,-0.9629,-1.252,other
54995,-0.2134,0.285,0.892,-3.6465,-0.7715,-1.6563,other
55018,-0.2094,0.2819,0.8949,-3.7422,-0.5996,-1.8633,other
55041,-0.2052,0.2859,0.899,-3.8789,-0.3457,-2.043,other
55064,-0.2158,0.2977,0.9086,-3.9473,-0.2187,-2.0547,other
55087,-0.213,0.304,0.9025,-3.9727,-0.1426,-1.8906,other
55110,-0.2156,0.3102,0.8983,-3.9277,-0.207,-1.5098,other
55133,-0.215,0.3207,0.9166,-3.7793,-0.3125,-1.1621,other
55156,-0.2111,0.3223,0.9255,-3.5547,-0.5195,-0.5723,other
55179,-0.2131,0.3119,0.9258,-3.3887,-0.666,-0.1895,other
55202,-0.2053,0.3069,0.9213,-3.1758,-0.877,0.2656,other
55225,-0.2125,0.3073,0.9155,-3.0918,-1.002,0.4414,other
55248,-0.2159,0.3003,0.9056,-3.0742,-1.1406,0.4707,other
55271,-0.2023,0.292,0.9003,-3.1895,-1.1973,0.2285,other
55294,-0.2114,0.2808,0.8927,-3.3301,-1.1855,-0.0566,other
55317,-0.2025,0.2802,0.9012,-3.6016,-1.1191,-0.5898,other
55340,-0.2029,0.2848,0.9148,-3.7891,-1.0625,-0.959,other
55363,-0.1981,0.2959,0.9176,-4.0117,-0.9883,-1.4277,other
55386,-0.2155,0.3105,0.9218,-4.0879,-0.959,-1.6699,other
55409,-0.2155,0.3173,0.9078,-4.043,-0.9648,-1.6523,other
55432,-0.22,0.3159,0.9012,-3.8613,-0.9961,-1.3535,other
55455,-0.2084,0.3191,0.9135,-3.6992,-1.0195,-1.0098,other
55478,-0.219,0.3174,0.9183,-3.4473,-1.043,-0.4121,other
55501,-0.2152,0.3091,0.9108,-3.2402,-1.0371,0.1172,other
55524,-0.2166,0.2983,0.9059,-3.1582,-1.0137,0.3594,other
55547,-0.2046,0.2828,0.892,-3.1602,-0.9453,0.4941,other
55570,-0.201,0.2821,0.9075,-3.252,-0.8828,0.4258,other
55593,-0.2108,0.2911,0.9143,-3.4883,-0.7832,0.125,other
55616,-0.2019,0.2953,0.9067,-3.668,-0.7187,-0.1543,other
55639,-0.2133,0.3007,0.8993,-3.8965,-0.6387,-0.584,other
55662,-0.2207,0.306,0.9017,-4.0449,-0.5977,-0.8867,other
55685,-0.2163,0.3153,0.9167,-4.084,-0.6016,-0.9629,other
55708,-0.2118,0.3149,0.9191,-4.041,-0.6543,-0.877,other
55731,-0.2118,0.3103,0.9014,-3.9492,-0.7109,-0.7227,other
55754,-0.2241,0.3057,0.903,-3.7617,-0.8008,-0.4238,other
55777,-0.204,0.3027,0.9025,-3.5859,-0.8906,-0.1445,other
55800,-0.2164,0.3022,0.9056,-3.5059,-0.9551,-0.0176,other
55823,-0.2061,0.2976,0.9026,-3.4687,-1.082,0.0547,other
55846,-0.2113,0.2933,0.9087,-3.4941,-1.1953,0.0215,other
55869,-0.203,0.2943,0.9205,-3.5898,-1.416,-0.1211,other
55892,-0.1947,0.2899,0.9191,-3.7051,-1.6777,-0.3262,other
55915,-0.2069,0.2877,0.8998,-3.7695,-1.8535,-0.4668,other
55938,-0.2102,0.3054,0.9039,-3.8301,-2.0762,-0.623,other
55961,-0.223,0.3101,0.9017,-3.8418,-2.1738,-0.6562,other
55984,-0.2144,0.3082,0.8962,-3.8027,-2.2324,-0.5625,other
56007,-0.2069,0.3137,0.9185,-3.748,-2.2227,-0.4082,other
56030,-0.1971,0.3138,0.9263,-3.6387,-2.1641,-0.0996,other
56053,-0.2032,0.3153,0.9337,-3.5215,-2.0859,0.207,other
56076,-0.1935,0.3145,0.9369,-3.4551,-2.0312,0.3613,other
56099,-0.2086,0.3108,0.9182,-3.3906,-1.9375,0.4648,other
56122,-0.214,0.3025,0.8964,-3.3926,-1.8535,0.4414,other
56145,-0.2097,0.3022,0.9039,-3.4922,-1.666,0.2832,other
56168,-0.2064,0.2974,0.8995,-3.6992,-1.3945,-0.0078,other
56191,-0.2115,0.2935,0.8875,-3.873,-1.1738,-0.2598,other
56214,-0.2053,0.2913,0.9003,-4.1582,-0.834,-0.6758,other
56237,-0.2069,0.2897,0.9131,-4.3379,-0.6387,-0.9414,other
56260,-0.1968,0.2963,0.9089,-4.5449,-0.4473,-1.2617,other
56283,-0.2041,0.2969,0.9277,-4.6348,-0.416,-1.4297,other
56306,-0.1948,0.2981,0.9219,-4.627,-0.4824,-1.4336,other
56329,-0.2048,0.2993,0.9031,-4.5293,-0.6816,-1.2695,other
56352,-0.2148,0.3065,0.9041,-4.4297,-0.8477,-1.0488,other
56375,-0.2108,0.3119,0.9108,-4.2559,-1.0898,-0.582,other
56398,-0.2094,0.3065,0.9121,-4.1406,-1.2246,-0.0234,other
56421,-0.2035,0.3137,0.9191,-3.9863,-1.3691,0.3437,other
56444,-0.2112,0.3114,0.9125,-3.8652,-1.4434,0.7949,other
56467,-0.2045,0.3087,0.9147,-3.8105,-1.4492,0.9941,other
56490,-0.2113,0.3049,0.9109,-3.7773,-1.3906,1.0977,other
56513,-0.2067,0.299,0.9023,-3.7891,-1.3047,1.0313,other
56536,-0.2078,0.2959,0.9064,-3.8574,-1.123,0.748,other
56559,-0.1997,0.2921,0.9059,-3.9648,-0.9121,0.3008,other
56582,-0.2085,0.2914,0.8986,-4.0449,-0.7832,-0.043,other
56605,-0.2109,0.302,0.9098,-4.1562,-0.6367,-0.5312,other
56628,-0.2037,0.3036,0.9139,-4.2031,-0.5801,-0.7949,other
56651,-0.2031,0.2979,0.9103,-4.2031,-0.5625,-1.0547,other
56674,-0.2059,0.3002,0.9097,-4.1309,-0.623,-1.1445,other
56697,-0.2104,0.3024,0.9152,-4.0547,-0.6992,-1.1133,other
56720,-0.2051,0.2987,0.9065,-3.9199,-0.8301,-0.9648,other
56743,-0.2075,0.3032,0.9058,-3.8281,-0.9141,-0.8262,other
56766,-0.2106,0.3024,0.907,-3.7051,-1.0117,-0.6016,other
56789,-0.2018,0.3026,0.9139,-3.6406,-1.0547,-0.3906,other
56812,-0.2046,0.3032,0.915,-3.5762,-1.0996,-0.2734,other
56835,-0.2117,0.3038,0.9219,-3.5469,-1.1328,-0.1387,other
56858,-0.1956,0.2998,0.9174,-3.543,-1.1484,-0.0762,other
56881,-0.2078,0.3029,0.9146,-3.5625,-1.1543,-0.0391,other
56904,-0.2131,0.3025,0.9015,-3.5937,-1.1367,-0.0508,other
56927,-0.2061,0.2915,0.8899,-3.6641,-1.0566,-0.1133,other
56950,-0.2146,0.2966,0.9001,-3.7578,-0.916,-0.2051,other
56973,-0.2092,0.2982,0.9061,-3.8184,-0.8086,-0.2656,other
56996,-0.2064,0.2974,0.9064,-3.8691,-0.6621,-0.3242,other
57019,-0.2053,0.3066,0.9106,-3.8691,-0.6035,-0.3359,other
57042,-0.208,0.3093,0.9092,-3.8066,-0.6035,-0.3027,other
57065,-0.2096,0.3116,0.9161,-3.6836,-0.7207,-0.2129,other
57088,-0.1978,0.311,0.9314,-3.5801,-0.8555,-0.1328,other
57111,-0.2029,0.2993,0.913,-3.4082,-1.1133,-0.0195,other
57134,-0.2002,0.3014,0.9033,-3.3027,-1.293,0.0293,other
57157,-0.2123,0.3102,0.908,-3.1934,-1.5156,0.0527,other
57180,-0.2107,0.3081,0.9119,-3.1602,-1.6289,0.0273,other
57203,-0.1953,0.308,0.9163,-3.1758,-1.6348,-0.0059,other
57226,-0.2108,0.3076,0.9185,-3.2559,-1.5488,-0.084,other
57249,-0.21,0.3004,0.9103,-3.332,-1.4414,-0.1484,other
57272,-0.2069,0.2947,0.9032,-3.4648,-1.2207,-0.2598,other
57295,-0.2104,0.2932,0.895,-3.5664,-1.0449,-0.3379,other
57318,-0.208,0.2904,0.8975,-3.7363,-0.7676,-0.4453,other
57341,-0.1957,0.2943,0.9111,-3.9102,-0.5176,-0.5117,other
57364,-0.2006,0.3014,0.915,-4.0098,-0.3984,-0.5195,other
57387,-0.2102,0.3083,0.9141,-4.0996,-0.3203,-0.4375,other
57410,-0.2078,0.318,0.9226,-4.1133,-0.3418,-0.3086,other
57433,-0.2146,0.3165,0.9138,-4.0625,-0.4609,-0.0098,other
57456,-0.2058,0.3148,0.9171,-3.9512,-0.625,0.3418,other
57479,-0.2036,0.3024,0.9131,-3.8691,-0.7266,0.5488,other
57502,-0.2065,0.2985,0.8969,-3.7793,-0.8359,0.7441,other
57525,-0.2173,0.307,0.8971,-3.7617,-0.8652,0.7773,other
57548,-0.2134,0.3032,0.902,-3.791,-0.8242,0.6855,other
57571,-0.208,0.3013,0.9021,-3.8223,-0.6934,0.4473,other
57594,-0.2039,0.2938,0.9004,-3.8535,-0.582,0.2285,other
57617,-0.1989,0.2958,0.9181,-3.8633,-0.4375,-0.1426,other
57640,-0.2028,0.3004,0.918,-3.8574,-0.3848,-0.3789,other
57663,-0.2096,0.3079,0.9218,-3.8164,-0.3926,-0.6465,other
57686,-0.2051,0.3134,0.9159,-3.7715,-0.4473,-0.7402,other
57709,-0.2087,0.3169,0.9081,-3.6875,-0.5723,-0.7422,other
57732,-0.2169,0.3201,0.9143,-3.5996,-0.6934,-0.6133,other
57755,-0.2144,0.3108,0.9103,-3.5449,-0.7461,-0.4902,other
57778,-0.2091,0.2965,0.903,-3.4883,-0.752,-0.3203,other
57801,-0.203,0.2892,0.907,-3.4863,-0.7109,-0.2539,other
57824,-0.2078,0.286,0.8988,-3.5449,-0.6016,-0.2578,other
57847,-0.202,0.2882,0.8955,-3.6738,-0.4668,-0.3652,other
57870,-0.2104,0.3009,0.9038,-3.7773,-0.3828,-0.4609,other
57893,-0.2135,0.3086,0.9076,-3.9141,-0.2891,-0.5625,other
57916,-0.2057,0.3068,0.9094,-3.9629,-0.2578,-0.5684,other
57939,-0.2063,0.3119,0.9186,-3.9473,-0.2734,-0.4648,other
57962,-0.2137,0.3148,0.9246,-3.8223,-0.3672,-0.2441,other
57985,-0.2053,0.311,0.915,-3.6875,-0.4551,-0.0547,other
58008,-0.2122,0.3085,0.9092,-3.4668,-0.5937,0.2363,other
58031,-0.2073,0.3055,0.9117,-3.3398,-0.6641,0.4062,other
58054,-0.2061,0.3042,0.9108,-3.2266,-0.7031,0.5664,other
58077,-0.2074,0.3003,0.9181,-3.207,-0.6758,0.5937,other
58100,-0.1985,0.2974,0.9159,-3.2695,-0.5586,0.5176,other
58123,-0.2114,0.2996,0.905,-3.4336,-0.377,0.3574,other
58146,-0.2103,0.3009,0.9,-3.5898,-0.2285,0.252,other
58169,-0.2034,0.2993,0.8873,-3.8633,0.0156,0.1719,other
58192,-0.2191,0.3018,0.9005,-4.0469,0.1738,0.2129,other
58215,-0.2129,0.316,0.9235,-4.2637,0.3418,0.4707,other
58238,-0.2119,0.3103,0.9023,-4.3145,0.3926,0.9492,other
58261,-0.2174,0.3132,0.8899,-4.2285,0.3633,1.3398,other
58284,-0.2164,0.3126,0.9003,-3.9473,0.248,1.9395,other
58307,-0.1986,0.3092,0.9052,-3.6797,0.1445,2.2852,other
58330,-0.2114,0.3041,0.8969,-3.207,-0.0352,2.6406,other
58353,-0.205,0.299,0.8901,-2.7305,-0.252,2.7852,other
58376,-0.1993,0.2935,0.8933,-2.457,-0.4258,2.7891,other
58399,-0.1838,0.2952,0.9009,-2.1191,-0.7266,2.7187,other
58422,-0.1843,0.3041,0.9139,-1.9102,-0.9531,2.6641,other
58445,-0.1967,0.3112,0.9175,-1.5391,-1.3398,2.6855,other
58468,-0.1815,0.2792,0.9493,-1.2422,-1.6426,2.9902,other
58491,-0.1729,0.2634,0.9767,-0.7617,-2.1953,3.4004,other
58514,-0.2001,0.2484,0.9126,-0.2773,-2.8125,4.2773,other
58537,-0.1437,0.2322,0.8429,0.0254,-3.1309,4.9473,other
58560,-0.2057,0.2529,0.791,0.4062,-3.2832,5.8711,other
58583,-0.2242,0.3411,0.8789,0.6523,-3.168,6.3613,other
58606,-0.2152,0.3789,0.8817,1.3008,-2.8711,6.8965,other
58629,-0.2443,0.4027,0.889,2.6934,-2.8652,7.2187,other
58652,-0.1729,0.4257,0.9277,4.0918,-3.3223,7.3457,other
58675,-0.1302,0.4028,0.8424,6.6641,-5.0566,7.3926,other
58698,-0.114,0.4252,0.8976,8.4473,-6.9863,7.293,other
58721,-0.1123,0.4364,0.8746,10.8457,-10.8711,6.9395,other
58744,-0.1344,0.4287,0.8542,12.6445,-15.3867,6.3965,other
58767,-0.131,0.4625,0.9199,13.4238,-18.3438,5.9902,other
58790,-0.1312,0.4464,0.881,13.9355,-22.1055,5.3867,other
58813,-0.1398,0.4138,0.8776,13.8086,-23.9102,4.9961,other
58836,-0.0917,0.3513,0.8379,12.832,-25.377,4.3828,other
58859,-0.088,0.2676,0.7733,11.6602,-25.0371,3.5977,other
58882,-0.0345,0.2238,0.7843,9.3633,-24.6641,2.9238,other
58905,-0.0793,0.349,0.8992,7.1953,-22.6758,1.7129,other
58928,-0.1052,0.4751,0.9792,6.459,-20.8613,0.8438,other
58951,-0.0304,0.4471,0.8252,7.0996,-17.6504,-0.3867,other
58974,-0.0457,0.4388,0.7255,8.5723,-15.4355,-1.0391,other
58997,-0.047,0.5688,0.9266,11.5078,-12.5859,-1.4473,other
59020,-0.0144,0.5309,0.9197,14.4844,-10.834,-0.918,other
59043,-0.017,0.4895,0.7854,16.3457,-10.3066,-0.0996,other
59066,-0.0266,0.5282,0.7394,19.0918,-10.1699,1.4746,other
59089,-0.0637,0.5444,0.874,21.0645,-10.252,2.5469,other
59112,-0.0286,0.5194,0.7963,24.5488,-10.2695,3.9375,other
59135,-0.0608,0.5519,0.7999,28.6113,-9.9824,4.9277,other
59158,-0.0068,0.561,0.7971,31.3008,-9.6855,5.4023,other
59181,-0.0234,0.5656,0.8356,34.6191,-9.332,6.0293,other
59204,-0.0182,0.5913,0.8386,36.0566,-9.2832,6.5273,other
59227,-0.0034,0.6049,0.8368,36.8457,-9.5293,7.5508,other
59250,-0.0414,0.6406,0.8018,36.4707,-9.9668,8.877,other
59273,-0.1818,0.6979,0.855,34.5977,-10.1367,9.8262,other
59296,-0.1455,0.6573,0.9001,30.9551,-9.8164,11.1055,other
59319,-0.0762,0.4536,0.6288,27.1191,-9.1562,11.627,other
59342,-0.098,0.3772,0.6534,18.2676,-7.6992,11.3574,other
59365,-0.0828,0.3358,0.75,10.1699,-6.6016,10.1348,other
59388,-0.0406,0.2642,0.9044,-4.1445,-4.9902,6.2461,other
59411,0.0992,0.0951,0.8186,-18.666,-3.5059,-0.334,other
59434,0.0886,0.1123,0.7913,-27.2227,-2.5293,-6.0078,other
59457,0.0452,0.2194,0.7584,-37.002,-0.8398,-15.3965,other
59480,0.0536,0.328,0.7441,-40.916,0.5781,-21.3203,other
59503,-0.0576,0.4828,0.8396,-42.209,3.2656,-28.0684,other
59526,-0.0854,0.6025,0.8159,-37.6035,6.6934,-30.7871,other
59549,-0.1277,0.512,0.3225,-31.3809,9.4121,-30.0566,other
59572,-0.2769,1.0891,1.0332,-18.1133,14.0195,-25.6563,other
59595,-0.0735,1.0835,0.7898,-7.041,17.2207,-21.2949,other
59618,-0.1996,0.8013,0.651,11.8848,21.2715,-14.3262,other
59641,-0.0923,0.5978,0.5988,31.0215,23.0059,-8.4687,other
59664,-0.0591,0.5559,0.7079,43.6211,22.3223,-5.6406,other
59687,-0.0714,0.6078,0.7444,58.8301,18.293,-2.9531,other
59710,-0.0432,0.7224,0.7463,63.998,13.8477,-1.8848,other
59733,-0.1569,0.6772,0.6798,63.998,5.707,-0.668,other
59756,-0.2753,0.8698,1.1006,63.998,0.3867,0.2949,other
59779,-0.2028,0.8846,0.8665,63.998,-5.4512,2.4531,other
59802,-0.2238,0.5894,0.3601,50.584,-7.5195,5.5176,other
59825,-0.23,0.5479,0.5101,36.5859,-6.9258,7.7656,other
59848,-0.078,0.4792,0.6244,9.9355,-3.8887,10.3457,other
59871,-0.0806,0.4059,0.6029,-9.4375,-0.9707,10.6152,other
59894,-0.1213,0.3907,0.6101,-35.9648,4.168,7.5312,other
59917,-0.2028,0.3765,0.6393,-54.0078,10.3828,-0.0781,other
59940,-0.2374,0.3473,0.6439,-59.3184,15.5723,-7.1309,other
59963,-0.327,0.3488,0.7808,-56.4844,25.418,-19.0059,other
59986,-0.2734,0.3745,0.7994,-48.1777,33.2031,-26.6484,other
60009,-0.3448,0.3958,0.8423,-29.0957,45.6523,-36.0723,other
60032,-0.2124,0.4448,0.8715,-6.7812,57.1309,-41.9355,other
60055,-0.2185,0.4469,0.7292,7.2715,63.1953,-43.6777,other
60078,-0.313,0.5376,0.7227,23.9336,63.998,-43.1309,other
60101,-0.4484,0.5665,0.6658,30.9961,63.998,-40.7578,other
60124,-0.4452,0.6182,0.6821,35.1641,63.998,-34.5977,other
60147,-0.4525,0.6075,0.6766,34.2402,63.998,-26.291,other
60170,-0.5077,0.4957,0.5629,29.1016,63.998,-20.916,other
60193,-0.4481,0.399,0.4485,21.7148,63.998,-13.7812,other
60216,-0.166,0.3805,0.3885,16.5977,63.998,-10.5234,other
60239,-0.5497,0.8047,0.9843,9.8789,63.998,-8.375,other
60262,-0.3735,0.7056,0.4452,6.3691,63.998,-8.3535,other
60285,-0.6516,0.9169,0.4675,1.6465,63.998,-8.6797,other
60308,-0.4388,0.7382,0.4767,-4.541,63.998,-6.7754,other
60331,-0.3776,0.624,0.674,-10.332,63.998,-3.0977,other
60354,-0.2079,0.5259,0.7402,-21.4922,63.998,6.7441,bite
60377,-0.4318,0.4241,0.6268,-30.0,51.3633,15.9902,bite
60400,-0.5018,0.4307,0.5739,-43.0645,21.6016,32.707,bite
60423,-0.3134,0.4752,0.7562,-55.0586,-10.3164,50.5938,bite
60446,-0.3307,0.4847,0.7231,-61.8418,-30.1641,61.6914,bite
60469,-0.3324,0.475,0.7637,-64.0,-55.0859,63.998,bite
60492,-0.3021,0.4536,0.7729,-64.0,-64.0,63.998,bite
60515,-0.2114,0.4408,0.8613,-64.0,-64.0,63.998,bite
60538,-0.0475,0.4097,0.8693,-64.0,-64.0,63.998,bite
60561,-0.1613,0.5393,0.8151,-64.0,-64.0,63.998,bite
60584,-0.1619,0.5552,0.8226,-64.0,-64.0,63.3945,bite
60607,-0.201,0.5319,0.7668,-64.0,-64.0,53.0391,bite
60630,0.0127,0.6208,0.8422,-64.0,-64.0,36.334,bite
60653,-0.1147,0.4413,0.8083,-61.0684,-56.7227,25.1758,bite
60676,-0.1115,0.4366,0.7729,-53.9961,-42.9316,9.5684,bite
60699,-0.1608,0.4661,0.8059,-46.293,-28.7559,-3.5293,bite
60722,-0.1263,0.4092,0.8927,-41.1094,-19.6875,-10.3711,bite
60745,-0.182,0.4684,0.9047,-33.8477,-7.7441,-17.3652,bite
60768,-0.2111,0.442,0.8588,-29.6875,-1.4023,-19.793,bite
60791,-0.1608,0.3903,0.8555,-25.0039,5.293,-20.3887,bite
60814,-0.1133,0.3754,0.9319,-22.6582,8.6426,-18.1914,bite
60837,-0.1884,0.3967,0.9376,-22.4629,9.166,-15.7754,bite
60860,-0.1677,0.3569,0.9028,-24.0469,7.8691,-11.5645,bite
60883,-0.1655,0.3469,0.8744,-26.1563,6.0996,-8.8086,bite
60906,-0.1404,0.3113,0.8822,-30.4531,3.0488,-5.3906,bite
60929,-0.1364,0.2992,0.9137,-33.7324,0.1816,-3.291,bite
60952,-0.172,0.312,0.9449,-38.5586,-1.0098,-2.6738,bite
60975,-0.1888,0.2968,0.955,-42.4199,-2.4512,-2.6895,bite
60998,-0.1343,0.2501,0.9708,-44.125,-3.1094,-3.1094,bite
61021,-0.1339,0.2515,1.0164,-45.207,-3.8262,-4.0449,bite
61044,-0.1573,0.2312,0.9519,-45.0059,-4.1641,-4.7383,bite
61067,-0.1738,0.2279,0.9327,-43.6602,-4.3516,-5.7168,bite
61090,-0.1825,0.2454,0.9332,-41.5605,-3.8828,-6.498,bite
61113,-0.1921,0.2321,0.954,-39.9395,-3.1152,-6.8848,bite
61136,-0.1849,0.2374,1.0022,-37.3555,-1.4238,-7.2949,bite
61159,-0.1824,0.218,0.9919,-35.6113,-0.0762,-7.5234,bite
61182,-0.1765,0.1753,0.9357,-33.1621,2.1152,-7.9473,bite
61205,-0.204,0.2197,1.0287,-31.1484,4.4043,-8.5918,bite
61228,-0.1787,0.1813,0.9532,-30.1309,5.9023,-9.1387,bite
61251,-0.1881,0.1349,0.9309,-29.3164,7.7383,-9.9844,bite
61274,-0.1713,0.124,0.8961,-29.377,8.4082,-10.4316,bite
61297,-0.1945,0.0575,0.6942,-30.3047,8.207,-10.6816,bite
61320,-0.1677,0.0133,0.5864,-31.1563,6.2734,-10.1699,bite
61343,-0.1707,0.1658,1.0236,-31.418,3.9805,-9.3418,bite
61366,-0.1179,0.2684,1.3063,-27.8809,-0.7187,-7.4941,bite
61389,-0.1493,0.2928,1.2584,-22.4434,-4.4824,-5.9922,bite
61412,-0.1593,0.2645,1.0464,-10.6543,-10.7695,-3.4297,bite
61435,-0.1578,0.2135,0.9377,-2.0996,-15.1777,-1.5078,bite
61458,-0.1183,0.2648,0.9866,8.5508,-21.5117,1.5605,bite
61481,-0.1045,0.3326,1.1815,14.3379,-26.4043,4.2832,bite
61504,-0.1047,0.353,1.3246,15.2969,-28.2773,5.4707,bite
61527,-0.1271,0.259,1.2356,13.0,-28.6953,5.8223,bite
61550,-0.1158,0.1344,1.0315,9.2617,-27.5859,5.0117,bite
61573,-0.1206,0.0851,0.9611,0.5254,-24.543,2.3906,bite
61596,-0.1345,0.1189,1.0605,-11.2773,-20.5547,-1.4961,bite
61619,-0.137,0.1606,1.1847,-19.8477,-17.5273,-4.5273,bite
61642,-0.1302,0.1309,1.1504,-31.6465,-12.4004,-9.3203,bite
61665,-0.1475,0.1051,1.1311,-37.793,-8.5977,-12.3906,bite
61688,-0.1316,0.0529,1.0499,-43.6621,-2.666,-16.1328,bite
61711,-0.155,0.0122,1.074,-45.9258,2.6719,-17.9297,bite
61734,-0.1163,0.0486,1.1201,-45.4707,5.4336,-17.6484,bite
61757,-0.0759,0.0317,1.0868,-43.2305,8.0684,-14.8691,bite
61780,-0.1016,0.0652,1.0707,-40.9238,8.8008,-11.5859,bite
61803,-0.1869,0.0737,1.0481,-36.8125,8.4687,-4.9199,bite
61826,-0.1344,0.0276,0.9431,-33.9004,7.4199,0.4082,bite
61849,-0.0767,-0.0245,0.8829,-29.7734,4.8887,9.0898,bite
61872,-0.0809,-0.01,0.8765,-26.6582,1.7617,17.6465,bite
61895,-0.1012,-0.0166,0.8152,-25.5508,-0.2852,22.8066,bite
61918,-0.1455,-0.0806,0.6837,-25.9121,-2.9668,29.3555,bite
61941,-0.131,-0.1521,0.6724,-27.7441,-4.502,32.8711,bite
61964,-0.0605,-0.1042,0.8479,-32.7871,-6.5098,36.8359,bite
61987,-0.0179,-0.1183,0.9735,-39.5313,-8.1172,39.0371,bite
62010,-0.0405,-0.1376,0.9884,-44.1426,-8.9395,39.4434,bite
62033,-0.1133,-0.1274,1.0576,-50.168,-9.7734,38.5938,bite
62056,-0.0752,-0.1708,1.0797,-53.1914,-9.9766,37.291,bite
62079,-0.0077,-0.1902,1.1393,-55.873,-9.5195,34.627,bite
62102,-0.0524,-0.2284,1.0895,-56.2227,-7.9316,31.4648,bite
62125,-0.1304,-0.2355,1.0526,-55.293,-6.209,29.3184,bite
62148,-0.1434,-0.2225,1.0851,-52.5723,-2.6875,26.4863,bite
62171,-0.067,-0.2476,1.0892,-50.1113,0.1797,25.0273,bite
62194,-0.0812,-0.2676,0.9889,-45.8379,4.8613,23.5234,bite
62217,-0.17,-0.2308,0.9935,-42.8691,7.918,22.9629,bite
62240,-0.2018,-0.2234,1.019,-38.7148,11.8789,22.8574,bite
62263,-0.1072,-0.2513,1.0298,-35.3613,14.5547,23.6543,bite
62286,-0.0737,-0.2588,0.995,-33.7305,15.3887,24.5391,bite
62309,-0.1467,-0.2313,0.9706,-32.3203,15.0937,26.0527,bite
62332,-0.1898,-0.1874,1.0295,-32.0977,13.9531,27.0879,bite
62355,-0.1504,-0.1952,1.0542,-32.7539,11.1816,28.6484,bite
62378,-0.1083,-0.2606,0.9707,-34.3379,7.7559,30.0469,bite
62401,-0.144,-0.2982,0.955,-35.7656,5.4824,30.7402,bite
62424,-0.1205,-0.2672,1.0481,-38.1523,2.5801,31.3301,bite
62447,-0.1605,-0.3004,0.9551,-39.6152,1.1738,31.4492,bite
62470,-0.179,-0.2582,1.0707,-41.0605,0.0371,31.3242,bite
62493,-0.1448,-0.2755,1.0317,-40.9707,0.1055,30.9141,bite
62516,-0.1774,-0.3442,0.9282,-39.8965,0.7461,30.4863,bite
62539,-0.1738,-0.2992,0.9799,-37.0176,2.3437,29.6563,bite
62562,-0.1637,-0.3154,0.9822,-34.5352,3.6367,29.0586,bite
62585,-0.1689,-0.2917,0.9603,-30.5566,5.541,28.3086,bite
62608,-0.2949,-0.2571,0.9357,-28.1113,6.5664,28.0742,bite
62631,-0.2781,-0.2379,1.0005,-25.3008,7.4277,28.373,bite
62654,-0.1458,-0.2859,1.0273,-23.8164,7.2422,29.3242,bite
62677,-0.1958,-0.3079,1.0022,-23.6211,6.4727,30.0137,bite
62700,-0.2404,-0.2999,1.0099,-24.5918,4.4629,30.6602,bite
62723,-0.1854,-0.3396,1.0216,-26.0293,2.7773,30.6582,bite
62746,-0.175,-0.3633,0.9655,-29.0254,0.248,29.7715,bite
62769,-0.2599,-0.3257,0.9646,-32.4902,-1.7441,27.7422,bite
62792,-0.3102,-0.3499,0.952,-34.7891,-2.5918,25.9004,bite
62815,-0.2222,-0.4124,0.9496,-37.9336,-3.1055,22.7363,bite
62838,-0.2089,-0.3679,0.9755,-39.6953,-3.0176,20.4609,bite
62861,-0.2811,-0.3671,0.9604,-41.6445,-2.459,16.8359,bite
62884,-0.2035,-0.4539,0.9603,-42.6074,-1.6953,13.0254,bite
62907,-0.1367,-0.5208,0.9888,-42.625,-1.25,10.3965,bite
62930,-0.1547,-0.5271,0.973,-41.5664,-0.8906,6.3691,bite
62953,-0.2195,-0.4645,1.014,-40.0527,-0.9336,3.7793,bite
62976,-0.186,-0.5237,0.9443,-36.5352,-1.4727,0.5,bite
62999,-0.1567,-0.558,0.8862,-33.4746,-2.1543,-1.5801,bite
63022,-0.2057,-0.486,0.9517,-28.1563,-3.6113,-2.1934,bite
63045,-0.2269,-0.4036,0.9895,-22.2539,-5.3633,-2.0078,bite
63068,-0.2327,-0.3899,0.9664,-18.123,-6.5234,-1.2695,bite
63091,-0.2324,-0.3763,0.957,-12.0195,-8.0605,0.4141,bite
63114,-0.2147,-0.3833,0.9833,-8.3477,-8.9043,1.6621,bite
63137,-0.144,-0.4802,0.9703,-3.9902,-9.916,3.2598,bite
63160,-0.1299,-0.5378,1.0261,-1.4355,-10.7773,4.0898,bite
63183,-0.1591,-0.5778,0.9332,-0.7695,-11.3945,4.1055,bite
63206,-0.0793,-0.5525,0.8883,-1.0352,-12.4941,3.3418,bite
63229,-0.1608,-0.4524,0.9636,-1.625,-13.3516,2.375,bite
63252,-0.152,-0.3584,0.9673,-1.9805,-14.7871,0.5137,bite
63275,-0.1555,-0.3649,0.9783,-0.5039,-16.2344,-1.3613,bite
63298,-0.1254,-0.3577,1.0052,1.7656,-17.082,-2.3301,bite
63321,-0.129,-0.3381,1.0243,6.8008,-18.041,-3.0586,bite
63344,-0.0914,-0.4269,1.0381,10.8477,-18.4531,-3.0078,other
63367,-0.0903,-0.411,1.0313,17.2383,-18.8594,-2.2617,other
63390,-0.068,-0.3804,1.027,21.3945,-19.0801,-1.1875,other
63413,-0.0774,-0.3645,1.0244,27.2051,-19.4082,-0.6602,other
63436,-0.0922,-0.2997,1.0165,32.4375,-19.6348,-0.6934,other
63459,-0.0793,-0.286,1.0339,35.582,-19.6035,-1.4531,other
63482,-0.0682,-0.286,1.0291,39.6465,-19.0625,-3.7695,other
63505,-0.0342,-0.2473,1.0387,41.7734,-18.2832,-6.0098,other
63528,-0.0686,-0.2014,1.0273,43.7715,-16.4961,-10.0762,other
63551,-0.0726,-0.2144,1.0089,44.0098,-14.1465,-14.3711,other
63574,-0.0642,-0.2439,1.0309,43.1211,-12.4219,-16.9902,other
63597,-0.0477,-0.2355,1.0175,40.3457,-9.8789,-20.1465,other
63620,-0.0551,-0.231,1.0065,37.6914,-8.3906,-21.6152,other
63643,-0.064,-0.1726,1.009,32.8027,-6.6934,-22.8789,other
63666,-0.103,-0.1113,1.0511,27.1523,-5.6758,-23.2559,other
63689,-0.0438,-0.1152,1.0543,23.0664,-5.2832,-23.2324,other
63712,-0.0887,-0.2936,0.8997,16.2559,-4.8828,-23.1719,other
63735,0.038,-0.2914,0.991,11.041,-4.6172,-23.3262,other
63758,-0.1078,-0.2253,0.9495,2.2812,-4.1055,-24.1504,other
63781,-0.1735,-0.1827,0.9653,-3.8398,-3.3945,-25.752,other
63804,-0.0653,-0.2899,0.9261,-12.5859,-2.8223,-27.1953,other
63827,0.0015,-0.3657,0.978,-19.877,-1.957,-29.9492,other
63850,0.0009,-0.4086,0.9821,-23.5723,-1.5176,-32.1973,other
63873,-0.0201,-0.3999,1.0045,-27.1719,-1.2969,-35.9902,other
63896,-0.0103,-0.4243,0.9778,-28.3164,-1.5195,-38.541,other
63919,0.0168,-0.4427,0.9939,-28.3184,-2.3652,-41.9336,other
63942,0.0835,-0.3954,1.1106,-26.3535,-3.5996,-44.4902,other
63965,0.0647,-0.3895,1.095,-23.9395,-4.4609,-45.668,other
63988,0.0325,-0.3939,1.0325,-18.9082,-5.5684,-46.5176,other
64011,-0.0201,-0.3701,0.9708,-14.9883,-6.0762,-46.3457,other
64034,0.0067,-0.3162,1.0072,-8.9453,-6.3301,-44.8809,other
64057,0.0428,-0.3132,1.0177,-3.1211,-5.8281,-42.2695,other
64080,0.0364,-0.3208,0.959,0.5742,-5.0469,-40.2305,other
64103,-0.0404,-0.2908,0.8851,5.7773,-3.2559,-37.2109,other
64126,-0.0782,-0.2581,0.8262,9.0273,-1.6523,-35.4434,other
64149,-0.0298,-0.2291,0.8633,13.9316,1.4531,-33.5488,other
64172,-0.0646,-0.1539,0.8412,19.7227,5.6738,-33.2695,other
64195,-0.0797,-0.0516,0.9978,25.4004,9.3984,-34.3945,other
64218,-0.0618,0.0168,1.1279,36.584,16.6738,-38.2598,other
64241,-0.1019,0.011,1.1125,45.8203,22.4922,-41.9902,other
64264,-0.1108,-0.0864,1.0742,60.127,31.666,-48.0117,other
64287,-0.1127,-0.2285,0.9067,63.998,37.1934,-51.3223,other
64310,-0.1799,-0.3511,0.801,63.998,43.1113,-53.8281,other
64333,-0.0892,-0.3097,0.9495,63.998,45.1406,-52.8418,other
64356,-0.0573,-0.146,1.3756,63.6289,44.2246,-50.6309,other
64379,0.1084,0.166,1.8185,52.7305,39.7637,-46.1914,other
64402,-0.1063,0.2172,1.4153,46.9199,34.9863,-43.0605,other
64425,-0.3971,-0.0793,0.9075,41.7383,25.8066,-38.1582,other
64448,-0.2,-0.1979,0.8103,38.002,15.2734,-32.1738,other
64471,0.0208,-0.182,0.9525,34.2402,7.9414,-27.4355,other
64494,0.006,-0.1191,1.0074,25.6543,-3.0723,-19.9336,other
64517,0.0143,0.0098,1.0758,18.8906,-9.9883,-15.3242,other
64540,-0.064,0.1257,1.0706,10.4727,-18.502,-10.0,other
64563,-0.1105,0.2203,1.1534,8.2246,-23.2188,-7.3066,other
64586,-0.1445,0.25,1.2268,11.5312,-23.6836,-7.084,other
64609,-0.1359,0.1683,1.0762,23.1758,-20.5117,-8.7832,other
64632,-0.1375,0.145,0.9647,33.6836,-16.4707,-10.8457,other
64655,-0.1606,0.141,0.9441,49.5313,-9.1113,-14.4922,other
64678,-0.1206,0.1643,0.9857,58.0859,-4.2344,-18.3887,other
64701,-0.1016,0.1838,1.0767,63.998,1.9258,-20.0527,other
64724,-0.0701,0.1725,1.0692,63.998,5.9395,-22.4766,other
64747,-0.0975,0.1219,0.9542,63.998,7.1992,-23.5098,other
64770,-0.1006,0.1377,0.9905,55.4824,6.9492,-23.8086,other
64793,-0.0828,0.174,1.0264,47.5527,5.5586,-23.0254,other
64816,-0.087,0.1761,1.0294,34.1348,2.3008,-20.4453,other
64839,-0.1144,0.1794,1.0056,20.9688,-1.4199,-16.5996,other
64862,-0.1262,0.1604,0.9709,13.2109,-3.6895,-13.6426,other
64885,-0.1089,0.1486,0.9535,3.8594,-6.2891,-9.1621,other
64908,-0.0948,0.1572,0.9702,-0.6113,-7.3223,-6.4922,other
64931,-0.085,0.2222,1.0504,-4.4609,-7.7129,-3.4805,other
64954,-0.131,0.2235,1.0504,-4.9746,-6.8008,-1.9785,other
64977,-0.1013,0.1562,0.9515,-3.875,-5.6621,-1.7598,other
65000,-0.089,0.1486,0.9482,-1.25,-3.6348,-2.2441,other
65023,-0.1218,0.1655,0.9552,0.4531,-2.3574,-2.8535,other
65046,-0.1324,0.1854,0.9838,2.2051,-0.875,-3.7676,other
65069,-0.125,0.1866,0.9727,2.7148,-0.25,-4.3262,other
65092,-0.1213,0.1823,0.9613,2.5781,0.1465,-4.416,other
65115,-0.0983,0.1816,0.9702,1.6035,-0.0332,-4.1641,other
65138,-0.1018,0.1832,0.9888,0.6582,-0.4043,-3.8203,other
65161,-0.1121,0.1971,0.9894,-0.9063,-1.207,-3.2187,other
65184,-0.1102,0.1907,0.9944,-1.8848,-1.8086,-2.8398,other
65207,-0.0975,0.1892,1.004,-3.0703,-2.6641,-2.418,other
65230,-0.109,0.174,0.9794,-3.834,-3.3437,-2.2656,other
65253,-0.0955,0.1552,0.9595,-4.1504,-3.6641,-2.3242,other
65276,-0.0963,0.1705,0.9952,-4.4316,-3.9277,-2.6289,other
65299,-0.0897,0.1656,0.9983,-4.5059,-3.9648,-2.9395,other
65322,-0.0829,0.1483,0.9784,-4.4609,-3.8496,-3.4766,other
65345,-0.0953,0.1619,0.9689,-4.3145,-3.6055,-3.9238,other
65368,-0.1095,0.1836,0.9802,-4.2148,-3.4082,-4.0566,other
65391,-0.1016,0.1844,0.9899,-4.0723,-3.0859,-3.8828,other
65414,-0.0935,0.1824,0.9916,-3.9629,-2.8711,-3.5059,other
65437,-0.1019,0.183,0.9839,-3.7832,-2.5742,-2.625,other
65460,-0.0975,0.1833,0.9937,-3.6738,-2.4121,-1.5254,other
65483,-0.0942,0.1832,0.9944,-3.5508,-2.2324,-0.7734,other
65506,-0.1041,0.1818,0.9822,-3.4902,-2.1172,0.2383,other
65529,-0.0985,0.1802,0.9779,-3.4941,-2.0586,0.7715,other
65552,-0.1107,0.175,0.969,-3.5625,-1.9551,1.2949,other
65575,-0.1074,0.1831,0.9718,-3.6445,-1.8555,1.4492,other
65598,-0.1072,0.1913,0.9784,-3.7852,-1.6523,1.4082,other
65621,-0.1158,0.1932,0.9659,-3.9062,-1.418,1.0938,other
65644,-0.1141,0.2001,0.9762,-3.9668,-1.2793,0.7734,other
65667,-0.1069,0.1877,0.9778,-4.0391,-1.166,0.1953,other
65690,-0.0999,0.1725,0.9692,-4.0918,-1.1895,-0.2207,other
65713,-0.0864,0.1632,0.9806,-4.2266,-1.4277,-0.8594,other
65736,-0.0862,0.1718,1.0011,-4.4102,-1.8945,-1.4922,other
65759,-0.0813,0.1602,0.9821,-4.5215,-2.293,-1.8984,other
65782,-0.0892,0.1716,0.9829,-4.6172,-2.9238,-2.4473,other
65805,-0.0848,0.1718,0.9825,-4.6152,-3.3086,-2.7383,other
65828,-0.0875,0.1735,0.9989,-4.4844,-3.7363,-3.0137,other
65851,-0.0697,0.1641,0.9949,-4.3008,-3.9238,-3.0664,other
65874,-0.09,0.1749,0.9945,-3.9043,-3.9062,-2.9785,other
65897,-0.0973,0.1816,0.991,-3.4102,-3.6875,-2.6602,other
65920,-0.0896,0.1841,0.983,-3.0586,-3.4199,-2.3398,other
65943,-0.0946,0.1917,0.972,-2.5469,-2.8555,-1.7617,other
65966,-0.1071,0.2026,0.9906,-2.2422,-2.3984,-1.3613,other
65989,-0.1051,0.208,0.9948,-1.8574,-1.6563,-0.8281,other
66012,-0.1021,0.187,0.9697,-1.582,-0.9316,-0.4687,other
66035,-0.0896,0.1836,0.9843,-1.5,-0.5156,-0.3672,other
66058,-0.0918,0.1816,0.9923,-1.5664,-0.0625,-0.4609,other
66081,-0.0851,0.1705,0.9921,-1.7324,0.1113,-0.6758,other
66104,-0.0753,0.1797,1.0027,-2.1094,0.1934,-1.1836,other
66127,-0.0952,0.1666,0.9802,-2.5742,0.1309,-1.8105,other
66150,-0.1012,0.1729,0.9686,-2.918,0.0527,-2.207,other
66173,-0.0989,0.1796,0.9774,-3.4609,-0.0488,-2.6406,other
66196,-0.1101,0.1809,0.9617,-3.8105,-0.0781,-2.7734,other
66219,-0.1095,0.1824,0.9629,-4.2773,-0.0586,-2.6953,other
66242,-0.0953,0.1829,0.9872,-4.5273,0.0273,-2.3223,other
66265,-0.0989,0.174,0.9764,-4.7676,0.0918,-1.9629,other
66288,-0.0901,0.1787,0.9814,-4.8418,0.1484,-1.3672,other
66311,-0.0951,0.1833,1.0009,-4.8086,0.1348,-0.9805,other
66334,-0.097,0.1827,0.9918,-4.6484,0.0352,-0.4707,other
66357,-0.0975,0.184,0.9856,-4.4922,-0.0723,-0.1875,other
66380,-0.0981,0.1826,0.9856,-4.2441,-0.2617,0.1719,other
66403,-0.1056,0.1805,0.9772,-4.0547,-0.4297,0.4687,other
66426,-0.1082,0.1826,0.9727,-3.9844,-0.5039,0.6328,other
66449,-0.1013,0.1831,0.9771,-3.957,-0.5312,0.8105,other
66472,-0.1005,0.183,0.9856,-3.9687,-0.4902,0.8672,other
66495,-0.1144,0.1832,0.9735,-3.9902,-0.3691,0.8535,other
66518,-0.1146,0.1891,0.9702,-3.9922,-0.2246,0.748,other
66541,-0.1051,0.1859,0.9812,-3.9727,-0.1328,0.6426,other
66564,-0.094,0.1824,0.9878,-3.9062,-0.0312,0.4258,other
66587,-0.1014,0.1825,0.9828,-3.8418,-0.0039,0.2383,other
66610,-0.1014,0.1821,0.9857,-3.7324,-0.0352,-0.0977,other
66633,-0.0962,0.1736,0.9792,-3.6367,-0.1387,-0.4492,other
66656,-0.1088,0.1721,0.9678,-3.5977,-0.2305,-0.6602,other
66679,-0.1074,0.1782,0.972,-3.584,-0.375,-0.8926,other
66702,-0.1021,0.1801,0.9686,-3.5977,-0.459,-0.9668,other
66725,-0.1036,0.1825,0.9736,-3.6113,-0.5625,-0.9492,other
66748,-0.1096,0.1921,0.9863,-3.5918,-0.6191,-0.8555,other
66771,-0.1039,0.1877,0.9867,-3.4922,-0.7031,-0.6152,other
66794,-0.0969,0.181,0.9839,-3.3281,-0.8008,-0.3027,other
66817,-0.1025,0.1842,0.9904,-3.207,-0.8828,-0.0937,other
66840,-0.1073,0.1827,0.9757,-3.0391,-1.0117,0.1816,other
66863,-0.0955,0.1842,0.9814,-2.9453,-1.0859,0.3164,other
66886,-0.1102,0.1853,0.9778,-2.8574,-1.1621,0.4395,other
66909,-0.1044,0.1826,0.9741,-2.8574,-1.1875,0.4844,other
66932,-0.0996,0.1891,0.9905,-2.9082,-1.1816,0.4902,other
66955,-0.1097,0.1895,0.9866,-3.0312,-1.1445,0.4727,other
66978,-0.1007,0.188,0.9788,-3.123,-1.1035,0.4395,other
67001,-0.1019,0.1855,0.9874,-3.2598,-1.0234,0.3516,other
67024,-0.1105,0.1814,0.9644,-3.3848,-0.916,0.1992,other
67047,-0.104,0.1779,0.9651,-3.4687,-0.8262,0.0684,other
67070,-0.0967,0.183,0.9984,-3.5996,-0.6895,-0.1445,other
67093,-0.0941,0.1824,0.9918,-3.6699,-0.6133,-0.2812,other
67116,-0.1034,0.183,0.9698,-3.7305,-0.5449,-0.4453,other
67139,-0.1154,0.1888,0.974,-3.7441,-0.5254,-0.5078,other
67162,-0.113,0.2012,0.9753,-3.7402,-0.5234,-0.4883,other
67185,-0.1127,0.1924,0.9747,-3.7129,-0.5332,-0.3457,other
67208,-0.0989,0.1886,0.985,-3.6875,-0.5488,-0.2148,other
67231,-0.1034,0.1826,0.9739,-3.6504,-0.6016,-0.0391,other
67254,-0.1005,0.183,0.9827,-3.6406,-0.666,0.0293,other
67277,-0.0944,0.1827,0.9952,-3.6543,-0.8027,0.0371,other
67300,-0.0946,0.1824,0.9816,-3.6895,-0.9629,-0.0664,other
67323,-0.1128,0.1829,0.9724,-3.7227,-1.0605,-0.1758,other
67346,-0.1058,0.1836,0.9711,-3.791,-1.1523,-0.3359,other
67369,-0.1064,0.181,0.9783,-3.8398,-1.1621,-0.416,other
67392,-0.0988,0.1819,0.9692,-3.9004,-1.1055,-0.4824,other
67415,-0.1093,0.1832,0.9722,-3.9355,-0.9902,-0.4863,other
67438,-0.1084,0.1901,0.9805,-3.9355,-0.9063,-0.4492,other
67461,-0.1083,0.2008,0.9818,-3.8672,-0.7949,-0.3457,other
67484,-0.1082,0.1986,0.9843,-3.7754,-0.7422,-0.2578,other
67507,-0.1028,0.1932,0.9895,-3.5879,-0.707,-0.1387,other
67530,-0.0945,0.1892,0.9932,-3.457,-0.709,-0.1016,other
67553,-0.1094,0.187,0.9839,-3.2988,-0.7402,-0.1465,other
67576,-0.1042,0.1857,0.9757,-3.2324,-0.7695,-0.3223,other
67599,-0.114,0.1836,0.9655,-3.2559,-0.7715,-0.498,other
67622,-0.1073,0.1827,0.9679,-3.3965,-0.7285,-0.8184,other
67645,-0.1099,0.1869,0.9789,-3.541,-0.6699,-1.0469,other
67668,-0.1091,0.1821,0.9851,-3.7832,-0.5527,-1.3789,other
67691,-0.0901,0.1693,0.978,-3.9941,-0.4355,-1.6641,other
67714,-0.1031,0.177,0.9905,-4.1055,-0.3848,-1.8203,other
67737,-0.1112,0.1884,0.9844,-4.209,-0.3691,-1.9805,other
67760,-0.1075,0.1826,0.9764,-4.2266,-0.3848,-2.0215,other
67783,-0.1042,0.1831,0.9679,-4.1895,-0.418,-1.9766,other
67806,-0.1182,0.1857,0.974,-4.1055,-0.4375,-1.8223,other
67829,-0.106,0.1837,0.9817,-4.0312,-0.4355,-1.668,other
67852,-0.111,0.1829,0.9791,-3.9043,-0.4238,-1.3906,other
67875,-0.1041,0.1821,0.9813,-3.8145,-0.4219,-1.1973,other
67898,-0.1053,0.1818,0.9742,-3.6855,-0.4434,-0.9297,other
67921,-0.1188,0.1829,0.9686,-3.6074,-0.4766,-0.7129,other
67944,-0.108,0.1832,0.9727,-3.4844,-0.5352,-0.5957,other
67967,-0.1075,0.1802,0.963,-3.332,-0.5918,-0.4629,other
67990,-0.1097,0.1832,0.9648,-3.2168,-0.6348,-0.3926,other
68013,-0.1145,0.1913,0.9771,-3.0371,-0.7344,-0.2852,other
68036,-0.1105,0.1938,0.9825,-2.9004,-0.832,-0.1934,other
68059,-0.105,0.2008,0.9961,-2.6504,-1.0156,-0.0176,other
68082,-0.1082,0.1957,0.9833,-2.3359,-1.2227,0.168,other
68105,-0.1031,0.1914,0.9777,-2.123,-1.3535,0.2773,other
68128,-0.1068,0.2013,0.9861,-1.8652,-1.5176,0.3848,other
68151,-0.1129,0.2009,0.9857,-1.7637,-1.582,0.4102,other
68174,-0.1101,0.1929,0.9681,-1.7441,-1.5918,0.375,other
68197,-0.1127,0.1881,0.9727,-1.9141,-1.4961,0.2539,other
68220,-0.1124,0.1874,0.9602,-2.1367,-1.3887,0.1328,other
68243,-0.1124,0.1833,0.9718,-2.5859,-1.1953,-0.082,other
68266,-0.1036,0.1836,0.9745,-2.9219,-1.0684,-0.2324,other
68289,-0.097,0.1816,0.9773,-3.416,-0.9316,-0.4316,other
68312,-0.1025,0.1838,0.983,-3.707,-0.9004,-0.5645,other
68335,-0.098,0.1921,0.9868,-4.041,-0.9414,-0.5996,other
68358,-0.1047,0.1969,0.9768,-4.2187,-1.0742,-0.5469,other
68381,-0.1116,0.2004,0.9819,-4.252,-1.1797,-0.4375,other
68404,-0.1102,0.1947,0.9747,-4.1992,-1.3184,-0.1699,other
68427,-0.1045,0.191,0.9672,-4.123,-1.377,0.0527,other
68450,-0.1133,0.1887,0.9824,-3.9863,-1.4004,0.3965,other
68473,-0.0968,0.1876,0.978,-3.8574,-1.3516,0.666,other
68496,-0.1051,0.2013,0.9843,-3.7695,-1.2852,0.7617,other
68519,-0.1167,0.1953,0.9679,-3.6309,-1.1484,0.7559,other
68542,-0.108,0.1896,0.9619,-3.5449,-1.0488,0.668,other
68565,-0.1067,0.197,0.9886,-3.4687,-0.916,0.4551,other
68588,-0.103,0.192,0.9834,-3.459,-0.834,0.1836,other
68611,-0.0939,0.1909,0.9808,-3.4883,-0.8145,-0.0176,other
68634,-0.1093,0.1945,0.9789,-3.5879,-0.8359,-0.3164,other
68657,-0.1167,0.191,0.9733,-3.6914,-0.8711,-0.4883,other
68680,-0.1079,0.1907,0.9729,-3.8809,-0.918,-0.6738,other
68703,-0.1097,0.1825,0.9677,-4.0137,-0.9336,-0.7695,other
68726,-0.1012,0.1902,0.9823,-4.209,-0.9258,-0.8008,other
68749,-0.1044,0.1843,0.9818,-4.3672,-0.8984,-0.8203,other
68772,-0.0951,0.1838,0.9788,-4.4434,-0.8828,-0.8184,other
68795,-0.1112,0.1871,0.9802,-4.5137,-0.8809,-0.7871,other
68818,-0.1021,0.1895,0.9844,-4.5352,-0.8906,-0.7383,other
68841,-0.1035,0.1843,0.99,-4.5273,-0.9043,-0.6211,other
68864,-0.1024,0.1827,0.9828,-4.4902,-0.9063,-0.4609,other
68887,-0.0941,0.1844,0.9835,-4.4609,-0.8887,-0.3457,other
68910,-0.1104,0.1875,0.9796,-4.4062,-0.8164,-0.1816,other
68933,-0.1085,0.1862,0.9797,-4.3477,-0.7187,-0.084,other
68956,-0.0985,0.1824,0.9763,-4.1992,-0.4746,0.0332,other
68979,-0.1108,0.188,0.9729,-3.9395,-0.1074,0.0996,other
69002,-0.1301,0.2017,0.9559,-3.6914,0.2051,0.1152,other
69025,-0.1375,0.1984,0.9449,-3.2148,0.7461,0.1348,other
69048,-0.1223,0.2023,0.9594,-2.8555,1.1211,0.1621,other
69071,-0.1227,0.2085,0.9772,-2.3008,1.6172,0.2246,other
69094,-0.1174,0.2014,0.9792,-1.7734,1.9063,0.2793,other
69117,-0.1047,0.1973,0.9838,-1.4883,1.9297,0.3008,other
69140,-0.1128,0.1925,0.978,-1.252,1.6758,0.2988,other
69163,-0.1124,0.192,0.9734,-1.2559,1.3379,0.2715,other
69186,-0.1122,0.1957,0.9773,-1.5039,0.668,0.1953,other
69209,-0.1178,0.1913,0.9666,-1.793,0.1836,0.1211,other
69232,-0.1108,0.1962,0.973,-2.3223,-0.4844,-0.0117,other
69255,-0.1115,0.1931,0.9678,-2.8516,-1.002,-0.1465,other
69278,-0.1198,0.1992,0.9637,-3.1504,-1.2383,-0.2168,other
69301,-0.1177,0.2025,0.9747,-3.4609,-1.4238,-0.2617,other
69324,-0.1163,0.1935,0.9644,-3.5547,-1.4492,-0.2461,other
69347,-0.1173,0.2031,0.9648,-3.5371,-1.3906,-0.1621,other
69370,-0.1215,0.2106,0.9749,-3.3809,-1.291,-0.0371,other
69393,-0.1115,0.2041,0.9789,-3.2227,-1.2383,0.0508,other
69416,-0.1136,0.1996,0.9722,-2.9531,-1.2148,0.1523,other
69439,-0.1074,0.1964,0.9734,-2.7891,-1.2461,0.1816,other
69462,-0.1105,0.1962,0.9731,-2.6152,-1.3555,0.1504,other
69485,-0.0997,0.1985,0.9766,-2.5508,-1.5078,0.0254,other
69508,-0.1138,0.2015,0.9767,-2.5703,-1.6094,-0.0996,other
69531,-0.111,0.2001,0.9712,-2.6855,-1.7324,-0.3047,other
69554,-0.115,0.198,0.9703,-2.8066,-1.7832,-0.4297,other
69577,-0.1082,0.1927,0.9667,-3.0293,-1.7969,-0.5762,other
69600,-0.1108,0.1942,0.9626,-3.1797,-1.7656,-0.6719,other
69623,-0.1125,0.1974,0.9641,-3.3789,-1.668,-0.709,other
69646,-0.1115,0.2025,0.9685,-3.5,-1.5371,-0.7227,other
69669,-0.1113,0.2047,0.9662,-3.5176,-1.4492,-0.7051,other
69692,-0.1118,0.2075,0.9722,-3.4512,-1.3438,-0.6387,other
69715,-0.1021,0.2094,0.9854,-3.3574,-1.3086,-0.5684,other
69738,-0.1053,0.2109,0.9919,-3.1777,-1.3223,-0.4434,other
69761,-0.1068,0.2046,0.9741,-3.0,-1.4023,-0.3145,other
69784,-0.1095,0.1967,0.9636,-2.9121,-1.4727,-0.2383,other
69807,-0.1024,0.1913,0.975,-2.8633,-1.5488,-0.1543,other
69830,-0.0966,0.1862,0.9718,-2.8906,-1.5625,-0.1289,other
69853,-0.1115,0.1978,0.9728,-2.9961,-1.5195,-0.123,other
69876,-0.1053,0.2045,0.9672,-3.1191,-1.3867,-0.125,other
69899,-0.1122,0.2166,0.9661,-3.1738,-1.248,-0.1074,other
69922,-0.1167,0.2251,0.9817,-3.1758,-0.9863,-0.0391,other
69945,-0.1115,0.2246,0.9762,-3.123,-0.8008,0.0371,other
69968,-0.1207,0.2133,0.96,-3.0039,-0.5566,0.1777,other
69991,-0.1152,0.2052,0.9681,-2.9395,-0.4414,0.2988,other
70014,-0.1091,0.197,0.9611,-2.9199,-0.3516,0.334,other
70037,-0.1028,0.1975,0.9745,-3.0156,-0.3633,0.2656,other
70060,-0.097,0.2004,0.9806,-3.1348,-0.418,0.1309,other
70083,-0.1134,0.2092,0.9779,-3.3594,-0.5625,-0.1777,other
70106,-0.114,0.2185,0.979,-3.5195,-0.6777,-0.4102,other
70129,-0.1053,0.2227,0.9797,-3.7324,-0.834,-0.7285,other
70152,-0.115,0.2277,0.9797,-3.873,-0.9082,-0.9766,other
70175,-0.1199,0.2198,0.9814,-3.918,-0.8848,-1.1113,other
70198,-0.114,0.2015,0.9734,-3.9434,-0.7246,-1.293,other
70221,-0.1188,0.1853,0.9521,-3.9727,-0.543,-1.4297,other
70244,-0.1273,0.1832,0.9454,-4.1113,-0.1953,-1.6875,other
70267,-0.114,0.1848,0.962,-4.3691,0.1914,-2.0098,other
70290,-0.109,0.181,0.9543,-4.5664,0.4355,-2.2402,other
70313,-0.1119,0.1816,0.9639,-4.8418,0.6992,-2.5488,other
70336,-0.1034,0.1919,0.9841,-4.9805,0.7656,-2.6719,other
70359,-0.1122,0.1964,0.9867,-5.0527,0.6719,-2.6504,other
70382,-0.1093,0.205,0.9851,-4.9922,0.377,-2.3164,other
70405,-0.109,0.2054,0.9814,-4.7559,0.1094,-1.916,other
70428,-0.11,0.2054,0.9807,-4.4199,-0.3145,-1.1016,other
70451,-0.1089,0.2051,0.9795,-4.1934,-0.5605,-0.457,other
70474,-0.1213,0.2002,0.98,-3.9062,-0.8008,0.5781,other
70497,-0.1086,0.1798,0.9614,-3.7715,-0.8535,1.2637,other
70520,-0.1062,0.1611,0.9496,-3.6621,-0.7598,2.1992,other
70543,-0.1049,0.1918,0.9745,-3.5918,-0.4844,2.9336,other
70566,-0.1202,0.2094,0.973,-3.4531,-0.2129,3.291,other
70589,-0.1362,0.2281,0.9552,-2.9316,0.3242,3.6426,other
70612,-0.136,0.2449,0.9529,-2.3398,0.7578,3.7812,other
70635,-0.1547,0.2528,0.9446,-1.1582,1.4844,3.8867,other
70658,-0.1537,0.2555,0.9412,0.1406,2.1816,3.8887,other
70681,-0.141,0.2574,0.9663,0.9199,2.5449,3.8203,other
70704,-0.1307,0.2404,0.9659,1.7676,2.8105,3.541,other
70727,-0.116,0.2239,0.9702,2.0293,2.7402,3.1973,other
70750,-0.113,0.2168,0.9766,1.8867,2.2344,2.4062,other
70773,-0.1104,0.2051,0.9774,1.4473,1.3262,1.3223,other
70796,-0.1022,0.1996,0.9778,0.4023,0.5918,0.4961,other
70819,-0.113,0.1968,0.9689,-0.8984,-0.5312,-0.7656,other
70842,-0.1097,0.2083,0.9706,-1.793,-1.1992,-1.5234,other
70865,-0.1207,0.2174,0.9661,-3.0156,-1.9512,-2.3926,other
70888,-0.1237,0.2222,0.9613,-3.668,-2.2383,-2.7305,other
70911,-0.1267,0.2273,0.9644,-4.3379,-2.334,-2.834,other
70934,-0.1189,0.2203,0.9668,-4.6465,-2.1172,-2.4824,other
70957,-0.1229,0.2118,0.9601,-4.6914,-1.875,-2.0566,other
70980,-0.1245,0.2151,0.9655,-4.623,-1.4824,-1.252,other
71003,-0.1235,0.2207,0.9646,-4.5391,-1.2539,-0.6758,other
71026,-0.1171,0.214,0.9611,-4.4258,-1.0156,0.1309,other
71049,-0.1198,0.2183,0.9611,-4.3711,-0.916,0.7539,other
71072,-0.1256,0.2227,0.9661,-4.3594,-0.9023,1.0273,other
71095,-0.1165,0.2183,0.9658,-4.3496,-0.9023,1.207,other
71118,-0.1238,0.2186,0.9675,-4.3301,-0.8965,1.1855,other
71141,-0.1224,0.2158,0.9637,-4.2773,-0.8613,0.9824,other
71164,-0.1187,0.2173,0.974,-4.2012,-0.7969,0.6504,other
71187,-0.1111,0.2168,0.9762,-4.1348,-0.7441,0.3984,other
71210,-0.1184,0.2136,0.9679,-4.0215,-0.6699,0.0332,other
71233,-0.1172,0.2151,0.9635,-3.9531,-0.6387,-0.1641,other
71256,-0.1172,0.2146,0.9741,-3.9004,-0.6309,-0.3457,other
71279,-0.1201,0.212,0.9749,-3.9141,-0.6621,-0.3691,other
71302,-0.1227,0.2167,0.9675,-4.0273,-0.7773,-0.2656,other
71325,-0.1196,0.207,0.9546,-4.2695,-0.957,-0.0312,other
71348,-0.1228,0.2097,0.962,-4.5137,-1.0859,0.168,other
71371,-0.1304,0.2135,0.9788,-4.9629,-1.2383,0.4727,other
71394,-0.099,0.2238,0.9722,-5.2695,-1.2676,0.6367,other
71417,-0.1353,0.2123,0.9642,-5.6484,-1.1387,0.7559,other
71440,-0.126,0.2134,0.9508,-5.8887,-0.8418,0.7227,other
71463,-0.1313,0.225,0.9607,-5.9687,-0.6055,0.6426,other
71486,-0.1282,0.22,0.9606,-5.9395,-0.2891,0.4648,other
71509,-0.1166,0.2101,0.9598,-5.8105,-0.1504,0.3242,other
71532,-0.1154,0.2103,0.968,-5.4746,-0.1094,0.0918,other
71555,-0.124,0.2094,0.9757,-5.0117,-0.2793,-0.1484,other
71578,-0.1084,0.2073,0.978,-4.6602,-0.4863,-0.3027,other
71601,-0.1106,0.2067,0.9711,-4.1133,-0.8496,-0.5156,other
71624,-0.1172,0.213,0.9758,-3.7598,-1.0723,-0.6367,other
71647,-0.1227,0.2142,0.9667,-3.2793,-1.2988,-0.7578,other
71670,-0.1321,0.2134,0.9587,-3.0059,-1.3457,-0.7773,other
71693,-0.1252,0.2152,0.9557,-2.7031,-1.2559,-0.6953,other
71716,-0.1241,0.2122,0.9589,-2.5547,-1.0156,-0.5059,other
71739,-0.123,0.2186,0.9697,-2.541,-0.8164,-0.3437,other
71762,-0.1165,0.2177,0.9757,-2.5996,-0.543,-0.0898,other
71785,-0.1139,0.2131,0.9774,-2.666,-0.4199,0.0664,other
71808,-0.1165,0.2123,0.9719,-2.7773,-0.3672,0.2598,other
71831,-0.1194,0.215,0.9618,-2.8906,-0.4531,0.3984,other
71854,-0.1256,0.217,0.9603,-2.9648,-0.5566,0.4629,other
71877,-0.1199,0.2228,0.9717,-3.0703,-0.7168,0.5312,other
71900,-0.1238,0.2189,0.9675,-3.1367,-0.8066,0.5645,other
71923,-0.1204,0.225,0.979,-3.2422,-0.9063,0.6035,other
71946,-0.1201,0.2228,0.9758,-3.3789,-0.9551,0.6309,other
71969,-0.1183,0.2161,0.9634,-3.4883,-0.9551,0.6348,other
71992,-0.1234,0.2246,0.9714,-3.6641,-0.8984,0.5918,other
72015,-0.134,0.2168,0.9501,-3.7734,-0.8164,0.5254,other
72038,-0.1298,0.2172,0.9559,-3.9141,-0.6348,0.3672,other
72061,-0.1287,0.2139,0.959,-3.9844,-0.4883,0.1348,other
72084,-0.1251,0.2063,0.9537,-4.0488,-0.2793,-0.0566,other
72107,-0.1257,0.2112,0.959,-4.0801,-0.1484,-0.373,other
72130,-0.1168,0.2085,0.968,-4.0879,-0.1406,-0.5801,other
72153,-0.106,0.2112,0.979,-4.0645,-0.2734,-0.8496,other
72176,-0.1185,0.217,0.979,-4.0156,-0.4551,-0.9805,other
72199,-0.1201,0.2211,0.9779,-3.9004,-0.8301,-1.0605,other
72222,-0.1064,0.218,0.9788,-3.7617,-1.2344,-0.9785,other
72245,-0.1211,0.2156,0.9596,-3.6777,-1.4648,-0.8379,other
72268,-0.1271,0.22,0.9668,-3.6191,-1.6992,-0.5117,other
72291,-0.1281,0.2197,0.9655,-3.627,-1.7578,-0.2344,other
72314,-0.121,0.2207,0.9664,-3.6836,-1.6719,0.2109,other
72337,-0.1283,0.2184,0.9583,-3.7461,-1.3965,0.5977,other
72360,-0.1232,0.2139,0.9629,-3.7773,-1.1465,0.7754,other
72383,-0.1144,0.2163,0.9661,-3.8086,-0.7559,0.8848,other
72406,-0.1294,0.215,0.955,-3.8145,-0.5293,0.8438,other
72429,-0.1338,0.2212,0.954,-3.8086,-0.2949,0.6465,other
72452,-0.1287,0.2209,0.958,-3.7988,-0.2285,0.3613,other
72475,-0.1189,0.2191,0.9655,-3.7773,-0.2754,0.1484,other
72498,-0.11,0.2195,0.972,-3.7285,-0.4844,-0.1855,other
72521,-0.1178,0.2174,0.9799,-3.6758,-0.6992,-0.4082,other
72544,-0.1093,0.2118,0.981,-3.5723,-1.0938,-0.7109,other
72567,-0.1042,0.2098,0.9797,-3.5039,-1.3691,-0.873,other
72590,-0.1187,0.212,0.9731,-3.4297,-1.7305,-1.0254,other
72613,-0.1173,0.214,0.9712,-3.4258,-1.9531,-1.0215,other
72636,-0.1124,0.2123,0.9728,-3.4727,-1.9961,-0.918,other
72659,-0.1226,0.2131,0.9612,-3.6094,-1.8945,-0.625,other
72682,-0.127,0.2177,0.9589,-3.7344,-1.7227,-0.3574,other
72705,-0.1287,0.2203,0.9578,-3.9375,-1.3496,0.1133,other
72728,-0.1288,0.2222,0.955,-4.1133,-0.9043,0.5918,other
72751,-0.1351,0.2322,0.9612,-4.1875,-0.6133,0.8672,other
72774,-0.1223,0.2263,0.9636,-4.2051,-0.2422,1.1523,other
72797,-0.1178,0.2203,0.9656,-4.1523,-0.0703,1.2227,other
72820,-0.1176,0.22,0.9764,-4.0117,0.0293,1.125,other
72843,-0.1121,0.218,0.976,-3.9004,-0.0586,0.8086,other
72866,-0.1212,0.213,0.969,-3.7402,-0.1953,0.5117,other
72889,-0.1196,0.2236,0.9633,-3.623,-0.4512,0.0098,other
72912,-0.1307,0.2205,0.9592,-3.5723,-0.6074,-0.3223,other
72935,-0.1255,0.2142,0.9575,-3.541,-0.7617,-0.7539,other
72958,-0.1276,0.2113,0.9529,-3.5488,-0.7988,-0.9785,other
72981,-0.1196,0.2106,0.9673,-3.5957,-0.7773,-1.209,other
73004,-0.1157,0.2119,0.9691,-3.6465,-0.7148,-1.3125,other
73027,-0.1194,0.2164,0.9622,-3.6621,-0.6797,-1.3164,other
73050,-0.1176,0.224,0.9763,-3.6465,-0.6816,-1.2168,other
73073,-0.1188,0.2161,0.9714,-3.6074,-0.7285,-1.0762,other
73096,-0.114,0.2164,0.9664,-3.5273,-0.8691,-0.7676,other
73119,-0.1257,0.219,0.9658,-3.457,-1.0703,-0.3711,other
73142,-0.1208,0.2196,0.9646,-3.4355,-1.207,-0.084,other
73165,-0.1144,0.2277,0.9865,-3.4453,-1.3672,0.3418,other
73188,-0.1094,0.2184,0.9874,-3.4805,-1.4199,0.5918,other
73211,-0.12,0.1997,0.9448,-3.5898,-1.3906,0.877,other
73234,-0.1183,0.205,0.9536,-3.7324,-1.2207,1.0527,other
73257,-0.1311,0.2223,0.96,-4.0605,-1.0273,1.123,other
73280,-0.1296,0.2241,0.9543,-4.4219,-0.6387,1.1895,other
73303,-0.1285,0.2311,0.9615,-4.6133,-0.3398,1.2207,other
73326,-0.1366,0.2345,0.9565,-4.752,0.0996,1.2539,other
73349,-0.1342,0.238,0.9657,-4.7246,0.3437,1.2617,other
73372,-0.1259,0.2301,0.9723,-4.5117,0.5859,1.2246,other
73395,-0.1182,0.2151,0.9633,-4.1562,0.6367,1.0684,other
73418,-0.1127,0.213,0.9647,-3.9062,0.5586,0.875,other
73441,-0.1276,0.2191,0.9673,-3.5977,0.2969,0.4609,other
73464,-0.1211,0.2129,0.9712,-3.457,0.0664,0.1289,other
73487,-0.1115,0.2086,0.9639,-3.3477,-0.293,-0.3926,other
73510,-0.1271,0.2095,0.9576,-3.3496,-0.5918,-0.8809,other
73533,-0.1351,0.2207,0.9557,-3.4004,-0.7266,-1.1387,other
73556,-0.1301,0.2212,0.9585,-3.5117,-0.8086,-1.375,other
73579,-0.1221,0.2191,0.9624,-3.5801,-0.7891,-1.4238,other
73602,-0.1239,0.2144,0.9615,-3.6445,-0.6953,-1.3594,other
73625,-0.1166,0.2175,0.9695,-3.6602,-0.6016,-1.1719,other
73648,-0.1245,0.2191,0.9727,-3.6445,-0.5684,-1.0039,other
73671,-0.1248,0.2173,0.9615,-3.5703,-0.5684,-0.7227,other
73694,-0.1222,0.2152,0.9713,-3.4941,-0.5957,-0.5273,other
73717,-0.1172,0.2175,0.9685,-3.3457,-0.6504,-0.2402,other
73740,-0.1232,0.2076,0.9467,-3.2246,-0.6836,0.4297,other
73763,-0.1228,0.1953,0.9188,-3.0078,-0.6934,0.1484,other
73786,-0.1294,0.2231,0.9606,-2.623,-0.5937,0.2969,other
73809,-0.1355,0.246,0.9658,-2.1016,-0.4062,0.3223,other
73832,-0.1429,0.259,0.9608,-0.6465,0.1426,0.1973,other
73855,-0.1508,0.2706,0.9452,0.8105,0.6953,-0.0059,other
73878,-0.1675,0.2742,0.9268,3.4922,1.7051,-0.4492,other
73901,-0.1616,0.2611,0.9189,6.2012,2.7168,-0.9648,other
73924,-0.1362,0.2531,0.9436,7.6992,3.248,-1.3125,other
73947,-0.1396,0.2567,0.964,9.1953,3.6699,-1.8613,other
73970,-0.1396,0.243,0.958,9.6562,3.666,-2.2715,other
73993,-0.1713,0.2168,0.941,9.6152,3.2676,-2.9727,other
74016,-0.1241,0.1995,0.8723,8.877,2.5586,-3.7812,other
74039,-0.1873,0.1951,0.8767,8.1953,2.041,-4.418,other
74062,-0.1725,0.1964,0.8855,7.4902,1.3828,-5.6113,other
74085,-0.1348,0.2894,1.0438,7.7734,1.1445,-6.6797,other
74108,-0.1632,0.332,1.0157,10.2793,1.3711,-8.9141,other
74131,-0.2563,0.3252,0.9496,13.4746,2.0352,-11.832,other
74154,-0.1884,0.2751,1.0098,19.6211,3.6191,-13.8555,other
74177,-0.0824,0.2626,1.0184,25.3828,4.9473,-16.4258,other
74200,-0.0916,0.2926,1.0146,27.9844,5.0332,-17.5625,other
74223,-0.1757,0.3132,0.8895,29.2441,3.5547,-18.1328,other
74246,-0.1864,0.3309,0.8701,28.3574,1.7109,-17.7148,other
74269,-0.1215,0.2943,0.8212,25.1602,-1.5859,-16.0703,other
74292,-0.1018,0.3308,0.7729,21.0918,-4.6934,-13.6543,other
74315,-0.1934,0.3616,0.6788,18.752,-6.2578,-11.8594,other
74338,-0.2216,0.4237,0.6973,17.1055,-7.4219,-9.1055,other
74361,-0.1766,0.4689,0.6506,17.9531,-7.3379,-7.3535,other
74384,-0.1849,0.5797,0.8356,23.0586,-5.998,-5.2695,other
74407,-0.1053,0.6281,0.9105,32.9629,-3.6094,-4.3301,other
74430,-0.2001,0.5696,0.6779,41.4727,-1.8867,-4.4082,other
74453,-0.1653,0.6088,0.7446,54.6211,-0.0293,-5.209,other
74476,-0.1132,0.7102,0.9235,62.2363,0.3145,-5.8984,other
74499,-0.1674,0.5699,0.7614,63.998,-0.4844,-6.9336,other
74522,-0.1874,0.5405,0.6171,63.998,-2.0488,-7.8809,other
74545,-0.1687,0.6414,0.6339,63.998,-3.2617,-8.3477,other
74568,-0.1516,0.6841,0.6483,63.998,-4.7344,-8.4766,other
74591,-0.0382,0.7152,0.6263,63.998,-5.6797,-7.9922,other
74614,-0.1115,0.6627,0.636,63.998,-7.4355,-6.1816,other
74637,-0.0878,0.7097,0.6677,62.4512,-9.0137,-4.1113,other
74660,-0.1421,0.6335,0.7058,54.7461,-12.1133,0.4805,other
74683,-0.109,0.619,0.7456,47.0742,-15.9766,6.7656,other
74706,-0.1498,0.6378,0.8077,42.1582,-18.6992,11.5684,other
74729,-0.236,0.6005,0.8905,35.0625,-22.0781,18.7813,other
74752,-0.2218,0.6304,0.9581,30.377,-23.0566,22.8906,other
74775,-0.066,0.4752,0.6888,22.7051,-21.4102,26.6836,other
74798,-0.1434,0.4722,0.6589,12.6582,-15.8105,26.4629,other
74821,-0.1416,0.5382,0.8087,4.0117,-10.3711,23.9395,other
74844,-0.13,0.4745,0.7404,-11.5449,-0.9219,17.1055,other
74867,-0.109,0.3547,0.5745,-22.9102,5.5156,11.0078,other
74890,-0.0557,0.2761,0.468,-39.7754,14.5273,0.5215,other
74913,0.0992,0.3551,0.6101,-49.7441,22.0645,-10.1914,other
74936,0.0172,0.4613,0.5309,-60.5879,25.877,-16.459,other
74959,-0.1218,0.7181,0.5375,-64.0,29.2188,-22.4863,other
74982,-0.3395,1.0198,0.8094,-61.9785,29.5664,-22.9727,other
75005,-0.1482,1.1187,0.9564,-51.4141,26.8027,-17.1621,other
75028,-0.1068,0.8755,0.7407,-40.2969,22.6563,-9.293,other
75051,-0.0957,0.7203,0.6919,-19.9336,13.4863,6.1641,other
75074,-0.0774,0.6927,0.7664,1.3164,2.3867,22.1895,other
75097,-0.2268,0.7457,0.9399,14.2461,-4.8672,31.1035,other
75120,-0.1354,0.6106,0.6412,29.6445,-13.6953,39.4277,other
75143,-0.0552,0.4948,0.5594,36.0449,-17.5098,40.8027,other
75166,-0.0806,0.5233,0.6255,38.4883,-19.8418,36.3047,other
75189,-0.1113,0.5013,0.6473,32.8574,-18.709,25.1191,other
75212,-0.0964,0.4473,0.5491,25.9297,-16.6758,15.2012,other
75235,-0.1307,0.4365,0.5166,13.627,-12.8848,-1.0254,other
75258,-0.1357,0.4434,0.5948,5.9824,-10.5039,-11.4297,other
75281,-0.0253,0.4767,0.6543,-1.5781,-7.9961,-24.6621,other
75304,0.0756,0.5278,0.8138,-1.6113,-7.3223,-33.8203,other
75327,-0.0479,0.5278,0.7483,2.7949,-7.9727,-37.2285,other
75350,-0.1617,0.4944,0.611,15.0508,-10.2461,-37.6953,other
75373,-0.1904,0.501,0.5663,25.1406,-12.207,-34.7129,other
75396,-0.0439,0.6639,0.9066,39.9238,-15.002,-25.7598,other
75419,-0.0455,0.5735,0.6489,48.0391,-16.3691,-17.6035,other
75442,-0.1882,0.9005,0.8347,55.459,-17.1816,-3.8477,other
75465,-0.1281,0.6216,0.5344,54.9141,-16.334,9.8066,other
75488,-0.134,0.6234,0.6029,49.2051,-15.0117,17.9531,other
75511,0.0363,0.5859,0.6638,32.3633,-12.2969,27.709,other
75534,0.0348,0.6176,0.7312,16.1621,-10.2559,32.2012,other
75557,-0.0521,0.5504,0.7552,-13.5684,-7.2305,35.9004,other
75580,0.087,0.5001,0.8311,-46.3535,-4.373,36.5313,other
75603,0.1198,0.5162,0.8807,-64.0,-2.5098,35.5801,other
75626,0.0834,0.4951,0.8514,-64.0,0.2695,32.5469,other
75649,-0.0421,0.5581,0.8278,-64.0,2.1895,29.7793,other
75672,-0.1892,0.7449,0.8679,-64.0,5.4902,25.1426,other
75695,-0.2292,0.5443,0.83,-64.0,10.0273,20.2852,other
75718,0.052,0.4169,0.8114,-64.0,14.2988,16.5977,other
75741,-0.0237,0.3248,0.9365,-64.0,23.168,9.3066,other
75764,-0.0601,0.4,0.9204,-64.0,30.627,2.9375,other
75787,-0.1768,0.4226,0.8314,-64.0,43.0781,-8.3867,other
75810,-0.2432,0.5006,0.769,-63.5078,51.2461,-16.2715,other
75833,-0.3296,0.4509,0.78,-41.252,61.3262,-26.6816,other
75856,-0.2621,0.4282,0.8682,-23.4648,63.998,-33.2734,other
75879,-0.1962,0.3816,0.8807,-14.8086,63.998,-34.8574,other
75902,-0.1298,0.42,0.9103,-6.5977,60.2891,-33.0039,other
75925,-0.2745,0.4618,0.854,-3.9512,52.8574,-29.3301,other
75948,-0.2709,0.4423,0.8257,-3.457,37.9238,-21.0996,other
75971,-0.188,0.3888,0.9032,-6.1934,20.5625,-10.9766,other
75994,-0.174,0.3666,0.8728,-9.2734,8.791,-4.0352,other
76017,-0.1508,0.3536,0.8827,-15.0664,-7.666,5.457,other
76040,-0.1686,0.343,0.906,-19.3477,-17.1367,10.6367,other
76063,-0.1189,0.3263,0.9264,-25.8066,-28.2832,16.1758,other
76086,-0.1173,0.3375,0.9644,-31.6816,-35.2969,18.9219,other
76109,-0.1027,0.327,0.9567,-35.0254,-37.7129,19.3516,other
76132,-0.0826,0.2595,0.9197,-39.0918,-38.5859,18.4238,other
76155,-0.1008,0.2505,0.9353,-41.2266,-37.8809,17.1602,other
76178,-0.0793,0.2507,1.0112,-43.6621,-35.7402,14.9492,other
76201,-0.041,0.2351,0.9518,-44.8047,-33.9121,12.5371,other
76224,-0.0809,0.2186,0.9127,-45.9492,-30.9023,11.7578,other
76247,-0.0627,0.2013,0.9559,-46.6816,-27.8184,10.5156,other
76270,-0.007,0.2107,1.0519,-46.9746,-25.8379,9.9746,other
76293,-0.0087,0.2135,1.1016,-46.9863,-23.1133,9.4258,other
76316,-0.0133,0.2194,1.1165,-46.6914,-21.4883,9.1426,other
76339,-0.0171,0.2145,1.0931,-46.0859,-19.2793,8.793,bite
76362,-0.0259,0.2158,1.0454,-45.9688,-17.2285,8.6035,bite
76385,-0.0287,0.167,0.9952,-46.5469,-15.9746,8.6406,bite
76408,-0.0219,0.0594,0.8169,-48.7129,-14.6172,9.0703,bite
76431,-0.0537,0.0063,0.6028,-50.9746,-14.2266,9.625,bite
76454,-0.068,-0.0264,0.616,-54.8848,-14.3164,10.707,bite
76477,0.0015,0.0022,0.7654,-57.248,-14.9961,11.6641,bite
76500,0.1093,0.1458,1.2001,-56.1563,-15.6602,11.8359,bite
76523,0.1666,0.1862,1.3112,-48.0273,-16.8008,10.7891,bite
76546,0.1173,0.2174,1.191,-37.9316,-17.584,9.166,bite
76569,-0.0073,0.1792,1.0294,-17.8574,-18.6621,6.0586,bite
76592,-0.0348,0.1718,1.0719,-3.4492,-19.1836,3.5859,bite
76615,0.0432,0.1984,1.0986,15.7598,-19.1973,2.8262,bite
76638,0.0549,0.1958,1.0768,28.6777,-17.5469,2.8867,bite
76661,0.0016,0.1548,0.933,32.7402,-15.2539,3.3262,bite
76684,0.0072,0.078,0.7935,31.709,-10.1211,3.9082,bite
76707,0.0369,0.0674,0.8147,26.7695,-5.9102,3.9883,bite
76730,0.0093,0.1294,0.9943,15.0742,0.6855,3.4629,bite
76753,0.0034,0.1823,1.1215,1.8535,6.5039,2.2324,bite
76776,0.0367,0.1714,1.1116,-5.9023,9.4375,1.1719,bite
76799,0.0465,0.1332,1.036,-14.3516,11.8809,-0.457,bite
76822,0.0421,0.1429,1.0043,-17.7188,12.0645,-1.3652,bite
76845,0.0206,0.1809,1.0752,-19.918,10.3574,-2.1758,bite
76868,0.0189,0.2135,1.2053,-19.5508,7.0215,-2.2266,bite
76891,0.0587,0.2301,1.2767,-18.375,4.4609,-1.9434,bite
76914,0.0311,0.1832,1.2156,-16.252,0.8594,-1.3262,bite
76937,-0.0226,0.0834,1.0792,-15.4434,-1.1582,-0.8887,bite
76960,0.0095,-0.0458,1.0371,-16.752,-3.6133,-0.1641,bite
76983,0.1157,-0.0585,1.1523,-19.9199,-5.9512,0.627,bite
77006,0.0925,-0.0209,1.2157,-27.8984,-6.498,1.0879,bite
77029,-0.0023,-0.002,1.178,-37.9375,-7.1777,1.6621,bite
77052,-0.0433,-0.0142,1.1094,-44.5078,-6.9434,2.1699,bite
77075,-0.0264,-0.0646,1.0043,-52.5938,-5.4648,3.6152,bite
77098,0.0643,-0.0858,1.0144,-56.1836,-3.8164,5.2031,bite
77121,0.0962,-0.043,1.0808,-58.1934,-0.668,8.418,bite
77144,0.0254,-0.0098,1.0536,-55.8418,2.9023,12.2852,bite
77167,-0.0532,-0.0258,0.8789,-52.0664,5.3242,15.1191,bite
77190,-0.0505,-0.0618,0.8342,-44.0703,8.7461,19.6582,bite
77213,0.046,-0.0613,0.801,-37.916,10.7461,22.6895,bite
77236,0.03,-0.0715,0.7305,-28.6309,13.0898,26.6895,bite
77259,-0.0242,-0.0782,0.6301,-20.5391,14.3574,29.498,bite
77282,-0.1044,-0.1409,0.4508,-16.3867,14.4414,30.6426,bite
77305,-0.1296,-0.1992,0.2949,-12.4316,13.1523,31.4746,bite
77328,-0.1398,-0.1796,0.4396,-11.0117,11.1582,31.541,bite
77351,0.0205,0.0562,0.9281,-8.9609,6.2773,30.7715,bite
77374,0.0928,0.1406,1.1139,-6.2734,-0.6777,28.3945,bite
77397,0.0392,0.1136,1.1079,0.9785,-6.2578,25.752,bite
77420,0.1783,0.1433,1.3981,10.9297,-15.6836,20.5547,bite
77443,0.3245,0.1149,1.4684,17.625,-22.3047,16.5313,bite
77466,0.233,0.0509,1.3738,25.4102,-31.5723,9.9082,bite
77489,0.1439,-0.0228,1.2371,27.9434,-36.4082,5.2695,bite
77512,0.1428,-0.0586,1.1879,26.625,-40.2813,-1.541,bite
77535,0.1221,-0.0603,1.1904,19.3848,-39.2813,-7.5527,bite
77558,0.0902,-0.0452,1.1698,12.127,-35.9707,-10.8145,bite
77581,0.0668,-0.0448,1.1584,-0.4766,-27.8672,-14.2109,bite
77604,0.0861,-0.05,1.1431,-8.877,-21.0977,-15.3398,bite
77627,0.072,-0.0615,1.1401,-19.834,-10.2891,-15.3262,bite
77650,0.0919,-0.0717,1.1768,-27.5664,-0.209,-13.5312,bite
77673,0.126,-0.1132,1.1448,-30.6895,5.4629,-11.5781,bite
77696,0.0865,-0.1213,1.1404,-32.7559,11.8145,-7.8379,bite
77719,0.0723,-0.1299,1.1808,-32.9395,14.4961,-4.9219,bite
77742,0.0983,-0.1234,1.2057,-32.5586,16.416,-0.0254,bite
77765,0.0546,-0.1953,1.1233,-32.5391,16.4238,5.3789,bite
77788,0.0393,-0.2617,1.0204,-33.9023,15.7051,9.2129,bite
77811,0.0308,-0.2686,1.0549,-37.6582,13.9668,15.2031,bite
77834,0.092,-0.3022,1.027,-41.3887,12.6191,19.1973,bite
77857,0.0619,-0.2648,1.0306,-47.9785,10.7109,24.7852,bite
77880,0.0087,-0.2867,0.9846,-52.4023,9.6602,28.0586,bite
77903,0.0424,-0.3589,0.9121,-58.1836,8.3984,32.2656,bite
77926,0.0842,-0.3502,0.9185,-62.3379,7.1973,35.752,bite
77949,0.0586,-0.3192,0.9429,-64.0,6.293,37.7227,bite
77972,0.0515,-0.2976,0.9751,-64.0,4.7637,40.2285,bite
77995,0.0398,-0.3203,0.9653,-63.875,3.6816,41.6777,bite
78018,0.04,-0.3573,0.8876,-61.2559,2.0937,43.6484,bite
78041,0.0203,-0.3821,0.885,-57.6563,0.7285,45.4473,bite
78064,0.043,-0.3608,0.9552,-55.0762,0.0664,46.5391,bite
78087,0.0083,-0.3463,0.9497,-51.1094,-0.3379,47.8984,bite
78110,-0.0448,-0.35,0.9756,-48.3652,-0.1094,48.5664,bite
78133,-0.0341,-0.3461,1.0067,-43.9375,1.0723,49.1758,bite
78156,-0.0646,-0.4235,0.9208,-39.0723,3.1152,49.3125,bite
78179,-0.0872,-0.3727,0.97,-35.6973,4.7695,49.168,bite
78202,-0.12,-0.2876,1.0566,-30.6387,7.373,48.623,bite
78225,-0.1088,-0.2877,1.0377,-27.3613,9.0215,48.0352,bite
78248,-0.1597,-0.2961,0.9982,-22.8457,11.043,46.7773,bite
78271,-0.1969,-0.2692,0.9768,-20.3125,11.9219,45.1582,bite
78294,-0.1752,-0.3372,0.9447,-17.5137,12.3516,43.4473,bite
78317,-0.0845,-0.3754,0.9729,-16.0117,11.5879,40.3105,bite
78340,-0.0857,-0.3566,1.0492,-15.625,10.3672,37.5449,other
78363,-0.087,-0.3806,1.0581,-15.6934,7.4297,32.4258,other
78386,-0.0466,-0.4713,0.9659,-16.0977,4.75,28.5664,other
78409,0.007,-0.4922,0.8783,-17.3086,-0.166,22.5723,other
78432,-0.0375,-0.4771,0.9795,-19.1855,-5.6309,16.9355,other
78455,-0.0891,-0.4175,1.0085,-20.5156,-9.1875,13.748,other
78478,-0.071,-0.4374,1.0011,-21.9785,-13.791,10.3125,other
78501,-0.0613,-0.417,1.0002,-22.3262,-16.1133,9.0449,other
78524,-0.0883,-0.413,0.9872,-21.7227,-18.2363,8.5527,other
78547,-0.1489,-0.3878,0.9634,-19.8398,-18.6602,9.2891,other
78570,-0.1229,-0.3683,0.9972,-18.0098,-18.0625,10.0957,other
78593,0.0162,-0.4313,0.9647,-14.7207,-16.1621,11.1445,other
78616,-0.0056,-0.5101,0.9597,-12.4102,-14.5703,11.4434,other
78639,0.0032,-0.4993,0.9567,-9.0977,-12.373,11.1895,other
78662,-0.0204,-0.4834,0.9929,-7.0508,-11.3301,10.4707,other
78685,-0.0016,-0.4619,1.0161,-4.127,-10.625,10.0137,other
78708,-0.0031,-0.4556,1.0059,-1.2441,-10.8223,9.6367,other
78731,-0.0283,-0.3685,1.0337,0.7148,-11.2227,9.5977,other
78754,-0.0538,-0.3129,1.0085,3.752,-11.7246,9.6602,other
78777,-0.0371,-0.369,0.995,5.8281,-11.7559,9.6387,other
78800,-0.0375,-0.3949,0.978,8.9102,-11.1445,9.3711,other
78823,-0.0135,-0.4216,1.0236,11.8379,-9.6934,8.793,other
78846,-0.015,-0.4293,1.0465,13.6816,-8.3281,8.2695,other
78869,-0.0304,-0.3772,0.9962,16.2832,-5.9238,7.3437,other
78892,-0.0251,-0.3375,0.9971,17.9102,-4.1953,6.6367,other
78915,-0.0493,-0.3391,0.9771,20.2852,-1.5039,5.4004,other
78938,-0.0297,-0.3268,0.9927,22.9238,1.252,3.9375,other
78961,-0.067,-0.2617,1.0245,25.0547,3.0293,2.8848,other
78984,-0.0642,-0.2246,1.0559,29.0313,5.3926,1.3086,other
79007,-0.0563,-0.2189,1.0215,32.1934,6.625,0.3066,other
79030,-0.0369,-0.2075,1.0316,37.4297,7.7832,-1.1426,other
79053,-0.0172,-0.2523,1.0546,40.9863,8.0527,-2.5957,other
79076,-0.0376,-0.2157,1.0519,45.9141,7.7227,-3.5937,other
79099,-0.0469,-0.1882,1.0273,49.7598,6.7168,-5.1719,other
79122,-0.0431,-0.1486,1.0265,51.4219,5.8242,-6.291,other
79145,-0.0656,-0.1196,1.0106,52.2637,4.3496,-8.0625,other
79168,-0.0533,-0.1165,1.0162,51.6719,3.3477,-9.2773,other
79191,-0.0531,-0.1235,1.0179,49.1445,1.8379,-11.0508,other
79214,-0.0319,-0.1168,1.0243,44.8906,0.248,-12.6309,other
79237,-0.0302,-0.1366,1.022,41.2383,-0.9043,-13.5156,other
79260,-0.0231,-0.1534,1.0228,34.6934,-2.8379,-14.5195,other
79283,-0.0138,-0.1393,1.0389,29.6855,-4.2812,-14.9512,other
79306,-0.0222,-0.1271,1.0226,21.3594,-6.6289,-15.2383,other
79329,-0.0677,-0.0886,1.0709,12.3867,-8.9766,-15.166,other
79352,0.0111,-0.1282,1.0134,6.3066,-10.3691,-15.0254,other
79375,-0.0287,-0.1049,1.0604,-2.5645,-11.9238,-14.959,other
79398,-0.0188,-0.1833,0.8569,-8.1211,-12.4805,-15.1992,other
79421,-0.0863,-0.0526,1.0031,-15.6836,-12.5254,-16.1914,other
79444,-0.0858,-0.0322,0.9891,-19.9824,-11.6934,-17.9941,other
79467,-0.0905,-0.1025,0.9167,-24.9063,-10.7695,-19.6719,other
79490,-0.0602,-0.1882,0.8433,-27.9629,-9.1387,-22.9707,other
79513,-0.0609,-0.1832,0.887,-29.1582,-8.0937,-25.7246,other
79536,-0.038,-0.172,0.9327,-29.9746,-6.9121,-30.6621,other
79559,-0.009,-0.2422,0.9139,-29.9746,-6.5273,-34.4063,other
79582,0.0276,-0.3496,0.8287,-29.3047,-6.6836,-40.4609,other
79605,0.0317,-0.3221,0.9484,-27.877,-7.6387,-46.7324,other
79628,0.035,-0.3231,0.9033,-26.3047,-8.5684,-50.9102,other
79651,0.0287,-0.3038,0.8794,-22.5195,-10.1172,-57.0117,other
79674,0.0591,-0.2104,0.9803,-18.7383,-11.0859,-60.8887,other
79697,0.1068,-0.1516,1.051,-10.5215,-12.084,-64.0,other
79720,0.0968,-0.1299,1.0725,1.3418,-12.0723,-64.0,other
79743,0.0892,-0.1155,1.0217,11.1777,-11.332,-64.0,other
79766,0.1105,-0.0789,1.0403,27.8105,-9.0898,-64.0,other
79789,0.0753,-0.0452,1.0092,39.2676,-6.9258,-64.0,other
79812,0.042,0.0447,1.1041,55.3926,-2.9277,-64.0,other
79835,0.1455,0.1023,1.3258,63.998,1.7285,-64.0,other
79858,0.131,0.0281,1.2229,63.998,5.0684,-64.0,other
79881,0.0123,-0.0195,0.9586,63.998,10.0137,-64.0,other
79904,-0.1223,-0.0619,0.845,63.998,13.002,-64.0,other
79927,-0.0787,-0.0448,0.9254,63.998,16.8652,-64.0,other
79950,0.0751,0.0389,1.1901,63.998,19.0879,-64.0,other
79973,0.0928,0.0336,1.2974,49.7051,21.9102,-54.0313,other
79996,0.0867,0.0337,1.2654,36.4473,23.5488,-44.8125,other
80019,0.0931,0.0187,1.109,29.6465,23.4844,-39.5195,other
80042,-0.0349,0.1227,0.9895,23.4824,21.3633,-32.793,other
80065,-0.175,0.1956,0.9863,22.2539,18.998,-28.9434,other
80088,-0.1666,0.2771,1.1196,24.4707,15.3242,-23.7793,other
80111,-0.0856,0.1864,1.0437,30.2266,12.6895,-19.2324,other
80134,-0.0619,0.1898,1.0056,34.6895,11.6289,-16.5879,other
80157,-0.0637,0.2056,1.0735,40.0508,10.6191,-13.209,other
80180,-0.071,0.1963,1.1155,41.8652,10.0273,-11.2695,other
80203,0.0148,0.343,1.1926,41.5918,9.0059,-8.6543,other
80226,-0.0278,0.34,1.1453,38.3105,7.875,-6.2617,other
80249,-0.0948,0.2798,1.0349,34.9102,7.1367,-4.7324,other
80272,-0.0956,0.2498,1.0044,28.6348,6.209,-2.5527,other
80295,-0.1143,0.2432,1.0032,24.0625,5.8242,-1.2891,other
80318,-0.1667,0.228,0.9939,17.293,5.75,0.0684,other
80341,-0.1792,0.2108,0.9691,13.1387,6.043,0.5098,other
80364,-0.1703,0.1985,0.905,7.7305,6.8711,0.3848,other
80387,-0.1564,0.1997,0.9095,3.3555,7.8867,-0.6875,other
80410,-0.1147,0.2179,0.9539,1.0117,8.4922,-1.8828,other
80433,-0.1416,0.2036,0.9587,-1.5996,9.041,-4.2539,other
80456,-0.1077,0.1747,0.9473,-2.752,9.043,-6.0664,other
80479,-0.0911,0.1689,0.9337,-3.7793,8.3613,-8.7734,other
80502,-0.1431,0.1936,0.9629,-4.2266,6.8613,-11.0078,other
80525,-0.1469,0.2137,0.9883,-4.2656,5.5195,-12.0176,other
80548,-0.1307,0.2125,0.9609,-3.9199,3.2832,-12.6719,other
80571,-0.1241,0.2078,0.9669,-3.457,1.7988,-12.5762,other
80594,-0.1068,0.2122,0.9667,-2.5859,-0.2051,-11.834,other
80617,-0.1427,0.2245,0.9667,-1.7383,-1.7734,-10.6484,other
80640,-0.1416,0.2167,0.9918,-1.2969,-2.5273,-9.7285,other
80663,-0.1007,0.2095,1.0068,-0.9258,-3.2148,-8.3027,other
80686,-0.114,0.1946,0.9832,-0.9336,-3.4277,-7.4121,other
80709,-0.1222,0.1793,0.9445,-1.4551,-3.5078,-6.2227,other
80732,-0.1141,0.1818,0.9495,-2.1934,-3.4727,-5.0137,other
80755,-0.1255,0.2054,0.99,-3.75,-3.3457,-4.5332,other
80778,-0.1305,0.1979,0.9849,-5.3984,-3.1152,-3.627,other
80801,-0.1129,0.1854,0.9541,-6.3125,-2.8945,-3.0645,other
80824,-0.1278,0.2104,0.9728,-7.2246,-2.4883,-2.2793,other
80847,-0.1501,0.2238,0.9767,-7.4844,-2.1758,-1.7813,other
80870,-0.1387,0.2212,0.9888,-7.3477,-1.6426,-1.0488,other
80893,-0.1218,0.2177,0.9874,-6.6895,-1.0527,-0.3789,other
80916,-0.1292,0.196,0.942,-6.0957,-0.666,-0.0195,other
80939,-0.1459,0.197,0.9661,-5.2168,-0.1523,0.3301,other
80962,-0.1256,0.2065,0.9735,-4.7207,0.1309,0.4277,other
80985,-0.1494,0.208,0.9774,-4.127,0.4648,0.3652,other
81008,-0.1392,0.1957,0.9625,-3.6992,0.707,0.0918,other
81031,-0.1199,0.193,0.9586,-3.5078,0.8145,-0.1836,other
81054,-0.1387,0.1951,0.9558,-3.3633,0.8691,-0.6895,other
81077,-0.144,0.2035,0.9589,-3.3457,0.8223,-1.0469,other
81100,-0.1421,0.203,0.9606,-3.375,0.6328,-1.5176,other
81123,-0.1353,0.1947,0.9548,-3.3828,0.4277,-1.8457,other
81146,-0.1315,0.2002,0.9628,-3.291,0.0273,-1.9883,other
81169,-0.1322,0.2098,0.9844,-2.9746,-0.4238,-2.1133,other
81192,-0.1273,0.2091,0.9895,-2.6035,-0.709,-2.1543,other
81215,-0.1212,0.2025,0.9607,-1.8672,-1.084,-2.1426,other
81238,-0.1355,0.21,0.968,-1.3594,-1.2988,-2.0703,other
81261,-0.1406,0.2114,0.9625,-0.7461,-1.5625,-1.8281,other
81284,-0.1278,0.2158,0.9702,-0.4297,-1.7305,-1.4258,other
81307,-0.132,0.222,0.9674,-0.3926,-1.7734,-1.0957,other
81330,-0.1469,0.2251,0.9651,-0.5293,-1.7148,-0.5781,other
81353,-0.142,0.2241,0.9633,-0.6992,-1.5977,-0.25,other
81376,-0.1366,0.2166,0.9606,-1.0059,-1.3281,0.1602,other
81399,-0.1307,0.2208,0.9667,-1.3359,-1.0098,0.4121,other
81422,-0.1357,0.2152,0.9692,-1.5586,-0.8047,0.4668,other
81445,-0.1237,0.2107,0.9661,-1.875,-0.5332,0.3848,other
81468,-0.1334,0.2089,0.9626,-2.0625,-0.3848,0.2344,other
81491,-0.135,0.2192,0.9646,-2.2773,-0.2031,-0.0781,other
81514,-0.1489,0.2268,0.967,-2.3477,-0.0898,-0.4082,other
81537,-0.1432,0.2216,0.9561,-2.3301,0.0918,-0.5957,other
81560,-0.1443,0.2198,0.9478,-2.2363,0.2656,-0.7832,other
81583,-0.144,0.2306,0.9595,-2.1914,0.3496,-0.834,other
81606,-0.1523,0.2355,0.9612,-2.1816,0.3945,-0.8145,other
81629,-0.1476,0.2273,0.9596,-2.209,0.373,-0.7539,other
81652,-0.14,0.2216,0.9559,-2.2871,0.2617,-0.6465,other
81675,-0.1332,0.2098,0.9607,-2.4023,0.0566,-0.5937,other
81698,-0.1223,0.2047,0.9648,-2.502,-0.1328,-0.623,other
81721,-0.1238,0.2158,0.9675,-2.6875,-0.5039,-0.7539,other
81744,-0.141,0.2225,0.9708,-2.8398,-0.8125,-0.8516,other
81767,-0.1276,0.2184,0.9635,-3.1094,-1.3672,-0.8984,other
81790,-0.123,0.2166,0.9583,-3.4414,-1.9902,-0.7363,other
81813,-0.137,0.2242,0.9603,-3.6875,-2.3965,-0.5059,other
81836,-0.1451,0.2379,0.9716,-4.0234,-2.8613,-0.0156,other
81859,-0.132,0.2305,0.9377,-4.1699,-3.0059,0.3691,other
81882,-0.134,0.2253,0.9562,-4.2168,-2.9102,0.9277,other
81905,-0.1433,0.2294,0.965,-4.1406,-2.4551,1.3496,other
81928,-0.1373,0.2292,0.9618,-3.9004,-1.9883,1.5117,other
81951,-0.1361,0.2267,0.9639,-3.5664,-1.1563,1.5547,other
81974,-0.1329,0.23,0.9741,-3.332,-0.6016,1.4609,other
81997,-0.1298,0.2214,0.9521,-3.0527,0.0605,1.1875,other
82020,-0.1401,0.2174,0.9404,-2.9746,0.3008,0.9707,other
82043,-0.1345,0.231,0.9586,-3.0859,0.2832,0.6934,other
82066,-0.134,0.2233,0.9656,-3.4434,-0.1523,0.5547,other
82089,-0.1272,0.2266,0.97,-3.75,-0.5977,0.543,other
82112,-0.1334,0.2235,0.9564,-4.1895,-1.3184,0.5918,other
82135,-0.1438,0.2242,0.9524,-4.4004,-1.7148,0.627,other
82158,-0.1317,0.2338,0.9574,-4.5098,-2.0234,0.6211,other
82181,-0.1382,0.2323,0.9625,-4.3008,-1.8945,0.4844,other
82204,-0.141,0.2334,0.9659,-3.9922,-1.584,0.3125,other
82227,-0.1318,0.2296,0.9553,-3.3574,-0.8984,-0.0391,other
82250,-0.1434,0.2208,0.9368,-2.9023,-0.3867,-0.3086,other
82273,-0.1442,0.2299,0.9553,-2.3145,0.3047,-0.7012,other
82296,-0.1328,0.2288,0.9683,-1.5293,0.7637,-1.0039,other
82319,-0.1244,0.2209,0.9598,-1.7832,0.8945,-1.1309,other
82342,-0.1195,0.2266,0.9744,-1.7578,0.8008,-1.1992,other
82365,-0.1343,0.2286,0.9636,-1.8574,0.5703,-1.1582,other
82388,-0.1459,0.2261,0.9509,-2.1387,0.0664,-0.9512,other
82411,-0.1328,0.2292,0.959,-2.3848,-0.3008,-0.7109,other
82434,-0.1316,0.2286,0.9586,-2.7832,-0.8008,-0.2305,other
82457,-0.1406,0.2327,0.9561,-3.1523,-1.1777,0.334,other
82480,-0.1321,0.2356,0.9657,-3.3535,-1.3457,0.7246,other
82503,-0.1292,0.238,0.9592,-3.5625,-1.4844,1.2832,other
82526,-0.1373,0.2369,0.9608,-3.6387,-1.5215,1.6055,other
82549,-0.1364,0.25,0.959,-3.666,-1.5117,1.9824,other
82572,-0.1433,0.2526,0.9768,-3.582,-1.4395,2.1914,other
82595,-0.1311,0.2389,0.95,-3.4609,-1.3594,2.2168,other
82618,-0.1329,0.2396,0.9562,-3.2539,-1.2188,2.0723,other
82641,-0.1389,0.239,0.9767,-3.1426,-1.127,1.8594,other
82664,-0.1211,0.2218,0.9563,-3.0488,-0.9961,1.3867,other
82687,-0.1195,0.2184,0.9492,-3.0957,-0.8828,0.7754,other
82710,-0.1365,0.2225,0.9539,-3.2207,-0.8203,0.3359,other
82733,-0.136,0.2262,0.9449,-3.5195,-0.7422,-0.2578,other
82756,-0.1337,0.235,0.9478,-3.7578,-0.6953,-0.5508,other
82779,-0.1443,0.24,0.9492,-4.0898,-0.6484,-0.7676,other
82802,-0.1393,0.2448,0.9631,-4.2539,-0.6445,-0.752,other
82825,-0.1211,0.243,0.962,-4.3496,-0.6934,-0.5215,other
82848,-0.1338,0.2473,0.9731,-4.2324,-0.8066,-0.1602,other
82871,-0.1387,0.2554,0.9752,-4.043,-0.9082,0.0879,other
82894,-0.1279,0.2378,0.9552,-3.666,-1.0625,0.3906,other
82917,-0.1187,0.2296,0.9532,-3.4297,-1.1504,0.5117,other
82940,-0.1345,0.2339,0.9597,-3.2207,-1.2422,0.5352,other
82963,-0.1414,0.2273,0.9501,-3.2363,-1.2559,0.3984,other
82986,-0.1249,0.2213,0.948,-3.3633,-1.2129,0.2578,other
83009,-0.1257,0.2251,0.9523,-3.6914,-1.0898,0.0195,other
83032,-0.1359,0.2349,0.9576,-3.9551,-0.9902,-0.1289,other
83055,-0.1277,0.2344,0.9614,-4.3301,-0.8398,-0.291,other
83078,-0.13,0.2349,0.9515,-4.6016,-0.7266,-0.3359,other
83101,-0.145,0.2372,0.9492,-4.707,-0.6855,-0.2891,other
83124,-0.1387,0.2445,0.9591,-4.7559,-0.6758,-0.1055,other
83147,-0.1354,0.2418,0.9528,-4.7129,-0.6973,0.0703,other
83170,-0.141,0.2455,0.9525,-4.543,-0.7578,0.3418,other
83193,-0.1364,0.246,0.9625,-4.373,-0.8047,0.9883,other
83216,-0.1256,0.2347,0.9688,-4.0723,-0.8809,0.5977,other
83239,-0.1146,0.222,0.9618,-3.7949,-0.9883,0.5273,other
83262,-0.1171,0.2324,0.9691,-3.668,-1.0859,0.377,other
83285,-0.1309,0.2281,0.9631,-3.5859,-1.252,0.0332,other
83308,-0.1295,0.2272,0.9425,-3.5937,-1.3438,-0.2266,other
83331,-0.1276,0.2302,0.951,-3.6836,-1.4082,-0.5742,other
83354,-0.1293,0.2313,0.9545,-3.8262,-1.3691,-0.7891,other
83377,-0.1399,0.2319,0.9482,-3.9199,-1.2969,-0.8262,other
83400,-0.1329,0.2396,0.9608,-4.0215,-1.1523,-0.7031,other
83423,-0.1251,0.245,0.9618,-4.0449,-1.0547,-0.5195,other
83446,-0.1318,0.2518,0.9613,-4.0,-0.9473,-0.1602,other
83469,-0.1381,0.2498,0.9641,-3.8613,-0.9063,0.2012,other
83492,-0.1317,0.2449,0.9563,-3.7324,-0.916,0.3984,other
83515,-0.1279,0.2355,0.9594,-3.5352,-0.9785,0.5684,other
83538,-0.116,0.2328,0.9686,-3.4375,-1.0391,0.5723,other
83561,-0.1173,0.226,0.963,-3.3652,-1.1387,0.3965,other
83584,-0.1228,0.2246,0.9541,-3.3711,-1.1914,0.0371,other
83607,-0.1261,0.222,0.9512,-3.4629,-1.2266,-0.2402,other
83630,-0.1259,0.2327,0.9581,-3.6328,-1.1934,-0.5977,other
83653,-0.14,0.2355,0.9556,-3.7539,-1.1309,-0.7402,other
83676,-0.1351,0.2367,0.946,-3.8945,-0.9883,-0.7598,other
83699,-0.1345,0.2406,0.9543,-3.9434,-0.875,-0.6387,other
83722,-0.1299,0.2454,0.9591,-3.9375,-0.7227,-0.3066,other
83745,-0.1256,0.248,0.9672,-3.8398,-0.6348,0.1211,other
83768,-0.1215,0.2407,0.9662,-3.7305,-0.6289,0.4082,other
83791,-0.1259,0.236,0.96,-3.5391,-0.7031,0.7754,other
83814,-0.1282,0.2358,0.9595,-3.418,-0.791,0.9512,other
83837,-0.1288,0.2311,0.9481,-3.2734,-0.9316,1.0938,other
83860,-0.1266,0.2446,0.9515,-3.168,-1.0313,1.0938,other
83883,-0.1365,0.2538,0.9611,-3.0879,-1.0488,1.0215,other
83906,-0.1323,0.2498,0.9584,-2.8965,-0.9746,0.8281,other
83929,-0.1324,0.2498,0.9591,-2.7187,-0.8711,0.6602,other
83952,-0.1296,0.2422,0.9565,-2.4297,-0.6758,0.373,other
83975,-0.1289,0.2427,0.9517,-2.2695,-0.0508,0.0703,other
83998,-0.1265,0.2433,0.9564,-2.1504,-0.416,-0.127,other
84021,-0.1279,0.2383,0.9563,-2.2187,-0.3789,-0.3848,other
84044,-0.1265,0.2386,0.9574,-2.3613,-0.4141,-0.5137,other
84067,-0.1278,0.2437,0.9532,-2.6719,-0.541,-0.6172,other
84090,-0.1304,0.2465,0.9606,-2.9004,-0.6504,-0.6191,other
84113,-0.1233,0.249,0.9618,-3.2207,-0.8164,-0.5312,other
84136,-0.1296,0.2494,0.9597,-3.4668,-0.9512,-0.373,other
84159,-0.1371,0.2498,0.9528,-3.582,-1.0098,-0.2539,other
84182,-0.1313,0.2435,0.943,-3.6973,-1.0391,-0.0918,other
84205,-0.1327,0.2418,0.9438,-3.75,-1.0176,-0.0137,other
84228,-0.1299,0.2444,0.96,-3.8125,-0.9531,0.041,other
84251,-0.1216,0.2402,0.9597,-3.8359,-0.8809,0.0098,other
84274,-0.1221,0.2361,0.951,-3.8281,-0.8477,-0.0547,other
84297,-0.1237,0.2487,0.9612,-3.8027,-0.8359,-0.1855,other
84320,-0.1322,0.2506,0.9625,-3.7812,-0.8555,-0.2617,other
84343,-0.1256,0.2444,0.9583,-3.7422,-0.9082,-0.3145,other
84366,-0.1255,0.2438,0.9537,-3.7227,-0.9648,-0.2715,other
84389,-0.1283,0.2458,0.955,-3.7168,-0.9922,-0.1973,other
84412,-0.1281,0.2477,0.9573,-3.7285,-0.9941,-0.0488,other
84435,-0.1234,0.2451,0.9597,-3.7344,-0.9648,0.0586,other
84458,-0.125,0.2444,0.9594,-3.7441,-0.8926,0.2168,other
84481,-0.1218,0.238,0.954,-3.7617,-0.834,0.3145,other
84504,-0.1257,0.231,0.9446,-3.8262,-0.75,0.457,other
84527,-0.1183,0.2377,0.963,-3.9336,-0.6836,0.6074,other
84550,-0.1193,0.2402,0.9612,-3.9941,-0.6504,0.7148,other
84573,-0.127,0.2401,0.9308,-3.9941,-0.5996,0.8809,other
84596,-0.1251,0.2363,0.9447,-3.9062,-0.5566,1.002,other
84619,-0.1327,0.2546,0.9691,-3.5977,-0.4473,1.207,other
84642,-0.1212,0.2717,0.9658,-2.9805,-0.2305,1.4043,other
84665,-0.1411,0.2673,0.9534,-2.3887,0.002,1.5059,other
84688,-0.1454,0.2704,0.9293,-1.3633,0.4609,1.6035,other
84711,-0.1412,0.2761,0.9307,-0.7187,0.8027,1.6348,other
84734,-0.1611,0.2834,0.9474,0.0098,1.2871,1.6348,other
84757,-0.1389,0.2761,0.9496,0.2852,1.6523,1.5527,other
84780,-0.1326,0.2604,0.9471,0.3574,1.7793,1.4316,other
84803,-0.124,0.2452,0.955,-0.002,1.7285,1.1328,other
84826,-0.1138,0.2391,0.959,-0.4687,1.5078,0.8555,other
84849,-0.1182,0.2377,0.9528,-1.4355,0.9316,0.3574,other
84872,-0.1196,0.2434,0.9501,-2.1797,0.4395,0.0156,other
84895,-0.137,0.2528,0.9398,-3.2852,-0.3086,-0.4238,other
84918,-0.1476,0.2555,0.9261,-4.1895,-0.877,-0.668,other
84941,-0.135,0.2599,0.9385,-4.6016,-1.0859,-0.6875,other
84964,-0.1354,0.2625,0.949,-4.8809,-1.1289,-0.5195,other
84987,-0.1365,0.2589,0.9523,-4.8359,-1.0176,-0.3125,other
85010,-0.1234,0.2576,0.9503,-4.4785,-0.7344,0.0762,other
85033,-0.13,0.2665,0.9586,-3.9102,-0.4492,0.4805,other
85056,-0.14,0.2676,0.9536,-3.5,-0.3105,0.7344,other
85079,-0.1311,0.264,0.9429,-2.9492,-0.2109,1.0684,other
85102,-0.1382,0.2671,0.9441,-2.6738,-0.2012,1.2422,other
85125,-0.1462,0.2703,0.951,-2.416,-0.2266,1.3926,other
85148,-0.1281,0.2633,0.9469,-2.3223,-0.2305,1.375,other
85171,-0.1295,0.2574,0.9419,-2.3379,-0.2168,1.2598,other
85194,-0.1367,0.2523,0.9685,-2.4707,-0.1836,0.957,other
85217,-0.1329,0.2555,0.9456,-2.6211,-0.1699,0.7051,other
85240,-0.1279,0.252,0.9392,-2.9004,-0.1777,0.332,other
85263,-0.1246,0.2556,0.9515,-3.0918,-0.209,0.1289,other
85286,-0.1213,0.2609,0.9604,-3.3398,-0.3086,-0.0508,other
85309,-0.1262,0.256,0.9587,-3.4844,-0.4687,-0.0352,other
85332,-0.1285,0.2426,0.9539,-3.5098,-0.5996,0.1055,other
85355,-0.1184,0.2258,0.9414,-3.4531,-0.8145,0.5078,other
85378,-0.1191,0.1979,0.9148,-3.3457,-0.9453,0.8809,other
85401,-0.1222,0.2115,0.8801,-2.9629,-1.0195,1.5117,other
85424,-0.1361,0.241,0.8872,-1.8965,-0.6953,2.0449,other
85447,-0.1935,0.2679,0.9089,-0.4258,-0.0527,2.2148,other
85470,-0.1599,0.326,0.9382,3.5117,1.8242,2.0312,other
85493,-0.1626,0.3932,1.0605,7.4609,3.7285,1.5352,other
85516,-0.2172,0.4065,0.9912,15.0781,7.334,0.2539,other
85539,-0.267,0.3778,0.8619,23.2031,11.0625,-1.2852,other
85562,-0.275,0.3429,0.8345,27.6348,12.9687,-2.1387,other
85585,-0.1388,0.328,0.9543,31.1504,13.8926,-2.9043,other
85608,-0.0459,0.3059,1.0225,30.9688,12.7559,-3.1758,other
85631,-0.1265,0.2874,0.9446,27.0781,8.2598,-3.5762,other
85654,-0.1727,0.2885,0.8364,22.4902,3.7461,-4.0859,other
85677,-0.1051,0.2991,0.865,13.6543,-4.1367,-4.4043,other
85700,-0.0277,0.2913,0.9803,4.1426,-11.8809,-4.75,other
85723,-0.0876,0.2981,0.8572,-1.5313,-16.2715,-4.877,other
85746,-0.2006,0.3135,0.8168,-7.7852,-20.8828,-4.8047,other
85769,-0.1394,0.3917,0.9236,-10.0078,-22.375,-4.4414,other
85792,-0.1201,0.387,0.8721,-10.1543,-22.2715,-3.3281,other
85815,-0.0861,0.4371,0.8693,-6.9336,-19.8789,-1.7676,other
85838,-0.2277,0.3933,0.736,-3.498,-17.4277,-0.7012,other
85861,-0.1083,0.4142,0.8947,2.5664,-13.1133,0.5996,other
85884,-0.0052,0.4257,0.9615,6.8203,-10.1348,1.0156,other
85907,-0.0228,0.3658,0.7908,13.0918,-5.8047,0.5605,other
85930,-0.111,0.2748,0.5498,18.5996,-1.8164,-1.0195,other
85953,-0.1615,0.5219,0.9116,21.5137,0.502,-2.209,other
85976,-0.1855,0.5903,0.9155,24.8574,3.0703,-3.293,other
85999,-0.0631,0.5072,0.8204,26.6406,3.8984,-3.2734,other
86022,-0.1013,0.5325,0.8142,28.8477,3.4805,-2.2129,other
86045,-0.0449,0.5353,0.8718,29.9902,1.0996,-0.3691,other
86068,-0.0508,0.4971,0.7972,31.0859,-1.3223,1.0313,other
86091,-0.0864,0.5122,0.8412,31.25,-5.6738,3.1113,other
86114,0.0078,0.4724,0.7766,30.8184,-8.6328,4.3848,other
86137,-0.0972,0.4752,0.8833,29.5547,-12.5859,6.002,other
86160,-0.0481,0.5161,0.8315,28.5449,-14.6504,6.8613,other
86183,-0.0581,0.5527,0.8494,27.2012,-16.543,7.7598,other
86206,-0.0376,0.5763,0.8025,26.2188,-16.7656,8.0352,other
86229,-0.0712,0.583,0.8091,25.6836,-15.9766,7.834,other
86252,-0.1511,0.5487,0.8002,24.832,-13.4824,7.0645,other
86275,-0.1178,0.5243,0.8778,24.0762,-11.0508,6.3828,other
86298,-0.1222,0.5157,0.8735,22.2734,-6.541,5.2461,other
86321,-0.0192,0.4581,0.8428,18.8906,-1.5469,3.8848,other
86344,-0.0197,0.472,0.9441,15.2754,1.6777,2.75,other
86367,-0.042,0.3986,0.8907,7.4453,5.9043,0.6953,other
86390,-0.0239,0.3362,0.8488,0.6914,8.2168,-0.7793,other
86413,0.0156,0.2938,0.8359,-11.1641,11.0586,-2.7656,other
86436,-0.0463,0.2775,0.757,-19.6484,13.709,-3.8965,other
86459,-0.0299,0.2782,0.6843,-32.0254,15.1328,-3.8066,other
86482,-0.0715,0.3542,0.6733,-42.3555,17.707,-1.8887,other
86505,-0.1539,0.4664,0.7388,-47.1641,19.4961,0.7812,other
86528,-0.2983,0.6183,0.7552,-49.9844,22.0957,6.9121,other
86551,-0.1337,0.5806,0.6613,-48.5273,23.5781,12.1191,other
86574,-0.2252,0.6464,0.6906,-41.4961,24.9258,20.4434,other
86597,-0.2029,0.6343,0.7715,-29.6406,24.6426,27.668,other
86620,-0.069,0.5873,0.8862,-19.8066,23.3438,31.0313,other
86643,-0.0895,0.524,0.8352,-3.6191,19.6836,33.0488,other
86666,-0.1171,0.528,0.8325,7.0859,16.2441,32.248,other
86689,-0.0658,0.4875,0.8143,21.209,10.1445,28.2168,other
86712,-0.0538,0.5112,0.8223,31.5039,3.9082,21.6328,other
86735,-0.0973,0.6057,0.8658,35.9961,0.2871,16.332,other
86758,-0.0829,0.5892,0.8304,39.6035,-3.5156,7.7695,other
86781,-0.1133,0.5892,0.8033,40.2637,-4.6621,2.0937,other
86804,-0.1426,0.5967,0.7689,38.9883,-4.2187,-5.6172,other
86827,-0.2528,0.6041,0.8979,36.6602,-1.5801,-11.5586,other
86850,-0.0366,0.5312,0.9368,30.8887,0.9902,-14.2734,other
86873,-0.0496,0.4716,0.9136,22.1465,5.2109,-16.5156,other
86896,0.0031,0.3591,0.8674,14.4609,7.793,-16.873,other
86919,-0.0223,0.2809,0.802,0.0586,10.8086,-15.7266,other
86942,-0.0608,0.2479,0.7301,-11.1875,12.1934,-13.7402,other
86965,-0.1412,0.2554,0.6552,-29.3984,13.4902,-8.5937,other
86988,-0.1823,0.3204,0.6641,-47.0508,14.1699,-0.5977,other
87011,-0.1663,0.3644,0.6274,-56.9883,14.4414,6.1484,other
87034,-0.16,0.4827,0.7079,-64.0,14.7051,17.4863,other
87057,-0.2823,0.6565,0.718,-64.0,14.7871,25.0859,other
87080,-0.2802,0.7208,0.7045,-63.9297,14.6504,35.1055,other
87103,-0.1376,0.6783,0.8076,-50.5156,13.8926,41.7773,other
87126,-0.0411,0.6084,0.9165,-37.8848,12.8379,43.5547,other
87149,-0.0944,0.5206,0.839,-15.9023,10.3066,41.6465,other
87172,-0.113,0.4574,0.7791,-0.9707,8.0898,37.5176,other
87195,-0.0592,0.4742,0.8821,18.9473,4.3848,28.0996,other
87218,-0.0433,0.4943,0.9225,33.3164,0.8105,16.5742,other
87241,-0.0664,0.5228,0.8793,39.3125,-1.1992,8.7734,other
87264,-0.1171,0.5917,0.8311,42.2891,-3.2637,-1.623,other
87287,-0.1914,0.668,0.8318,40.5801,-3.8496,-6.9883,other
87310,-0.1959,0.6876,0.8671,33.1367,-3.5293,-11.9141,other
87333,-0.1805,0.5723,0.6121,25.2871,-2.7383,-12.9687,other
87356,-0.2811,0.4836,0.5304,9.668,-1.4043,-11.5352,other
87379,-0.2234,0.4572,0.5917,-9.1406,-0.7051,-7.7207,other
87402,-0.1459,0.4075,0.6604,-21.7813,-0.8223,-4.998,other
87425,-0.1138,0.4226,0.7732,-37.3965,-1.8906,-2.6777,other
87448,-0.1185,0.4329,0.8387,-43.6484,-3.0781,-3.2637,other
87471,-0.1573,0.4459,0.8212,-44.7285,-5.2227,-8.0469,other
87494,-0.1614,0.4396,0.8312,-35.6973,-7.3184,-17.0371,other
87517,-0.0071,0.4523,0.9673,-25.0,-8.3965,-24.6523,other
87540,-0.13,0.4788,0.9945,-4.4785,-9.1289,-37.0449,other
87563,-0.2402,0.4515,0.8125,10.2852,-8.8691,-44.918,other
87586,-0.2234,0.4078,0.7074,30.5098,-7.2617,-54.4023,other
87609,-0.2126,0.4249,0.6857,45.1074,-4.25,-59.8438,other
87632,-0.2428,0.5043,0.7834,50.9336,-1.4883,-61.127,other
87655,-0.1929,0.5208,0.8033,54.4141,3.8184,-60.1348,other
87678,-0.2528,0.5016,0.7225,54.0059,8.1172,-58.0195,other
87701,-0.3724,0.5089,0.5913,50.498,15.4707,-53.3105,other
87724,-0.4583,0.5469,0.5314,46.7305,20.7871,-47.3535,other
87747,-0.2944,0.5448,0.6307,39.8086,29.1094,-42.5957,other
87770,-0.2871,0.6031,0.8011,32.7871,37.4434,-35.7129,other
87793,-0.3702,0.5894,0.7111,28.8418,42.6211,-31.502,other
87816,-0.3933,0.5571,0.5791,24.4277,49.0918,-25.8848,other
87839,-0.4789,0.6672,0.7386,22.2285,52.1328,-22.4316,other
87862,-0.3665,0.5638,0.585,19.2422,54.2305,-17.3086,other
87885,-0.3798,0.5763,0.625,15.6055,53.0098,-12.0137,other
87908,-0.3265,0.5391,0.6499,12.4277,50.373,-8.3457,other
87931,-0.3728,0.5479,0.6732,6.3516,43.9902,-2.5723,other
87954,-0.3895,0.543,0.6454,1.4766,38.3828,1.541,other
87977,-0.3661,0.5439,0.6615,-6.8359,28.5566,8.2227,other
88000,-0.2134,0.5428,0.7864,-15.873,17.877,15.4414,other
88023,-0.3412,0.4821,0.6543,-22.002,10.7539,20.4414,other
88046,-0.5021,0.535,0.5997,-31.0781,0.7207,28.1016,other
88069,-0.4175,0.5928,0.6279,-36.9063,-5.2344,33.1738,other
88092,-0.3326,0.5621,0.7134,-44.8281,-12.8086,40.0508,other
88115,-0.2627,0.4972,0.7743,-49.1523,-16.9551,44.8145,other
88138,-0.245,0.4926,0.7697,-53.5352,-21.8809,46.1777,other
88161,-0.2498,0.4958,0.7676,-54.959,-25.1367,45.0469,other
88184,-0.2494,0.4883,0.7828,-54.3008,-26.2422,42.2852,other
88207,-0.2051,0.4485,0.7834,-51.3906,-26.207,35.8672,other
88230,-0.2288,0.4767,0.802,-48.6035,-25.0996,30.7109,other
88253,-0.1979,0.4807,0.8016,-44.0059,-22.0977,22.8887,other
88276,-0.2457,0.5223,0.798,-39.8262,-18.084,16.2813,other
88299,-0.22,0.5352,0.7802,-37.6133,-15.2051,13.0781,other
88322,-0.267,0.5292,0.73,-35.2813,-11.0742,10.3887,other
88345,-0.2527,0.52,0.7421,-34.2734,-8.6602,9.9297,other
88368,-0.2482,0.527,0.8143,-33.168,-5.8281,10.7363,other
88391,-0.1779,0.4242,0.8208,-31.9551,-4.1562,12.3848,other
88414,-0.1968,0.4036,0.8126,-30.8242,-3.6973,13.3809,other
88437,-0.2325,0.4254,0.8021,-28.5508,-3.7598,14.0801,other
88460,-0.1871,0.41,0.8452,-26.7656,-4.0859,13.8437,other
88483,-0.1758,0.4277,0.8752,-24.0449,-4.709,12.4551,other
88506,-0.2211,0.4517,0.7905,-22.4141,-5.1738,10.1855,other
88529,-0.2283,0.4409,0.8484,-20.5195,-5.9824,8.5059,other
88552,-0.1826,0.4504,0.8329,-19.4414,-7.0234,6.2461,other
88575,-0.1979,0.4753,0.8772,-19.1895,-7.9473,5.123,other
88598,-0.1575,0.4551,0.8881,-19.4375,-9.7422,4.1367,other
88621,-0.1958,0.4561,0.8577,-19.9609,-11.1719,3.8965,other
88644,-0.1707,0.3945,0.8359,-21.2988,-13.543,3.9785,other
88667,-0.1387,0.3405,0.873,-23.4414,-16.0977,4.332,other
88690,-0.1083,0.2972,0.8729,-25.3301,-17.8477,4.5723,other
88713,-0.1129,0.3073,0.9286,-28.5625,-20.2852,4.7402,other
88736,-0.1379,0.3354,0.9082,-30.6426,-21.5469,4.6562,other
88759,-0.1187,0.344,0.915,-32.9902,-22.4258,4.2148,other
88782,-0.1484,0.3573,0.9332,-33.8516,-21.6328,3.4453,other
88805,-0.1461,0.3568,0.9108,-33.5176,-20.0508,2.7988,other
88828,-0.0876,0.3165,0.9153,-31.9492,-16.168,1.7031,other
88851,-0.1388,0.3121,0.9193,-30.4961,-12.7793,0.9258,other
88874,-0.1537,0.2819,0.9209,-28.1934,-7.1602,-0.166,other
88897,-0.1222,0.2863,0.9214,-26.7695,-1.873,-0.9355,other
88920,-0.121,0.3129,0.934,-24.9355,0.957,-1.1836,other
88943,-0.1774,0.3142,0.8961,-23.4238,3.5879,-1.1133,other
88966,-0.14,0.275,0.8489,-22.5391,4.0801,-0.7676,other
88989,-0.1091,0.2828,0.9722,-21.2441,2.9355,0.0937,other
89012,-0.0956,0.3301,1.021,-20.2441,1.125,0.7578,other
89035,-0.1259,0.342,0.9624,-18.3438,-2.5762,1.6621,other
89058,-0.1287,0.2983,0.8645,-16.1719,-6.6914,2.3027,other
89081,-0.0774,0.2341,0.8784,-14.8867,-9.3281,2.5684,other
89104,-0.0687,0.2502,0.979,-13.5879,-12.791,2.7305,other
89127,-0.1071,0.3043,0.9847,-13.1387,-14.5918,2.6992,other
89150,-0.1042,0.3217,0.9766,-12.8652,-16.2031,2.5117,other
89173,-0.0845,0.2753,0.9073,-12.8711,-16.291,2.2402,other
89196,-0.0621,0.2485,0.9381,-13.0371,-15.5801,2.0566,other
89219,-0.0918,0.2554,0.9686,-13.5977,-13.7617,1.8535,other
89242,-0.0986,0.256,0.9618,-14.1641,-12.3281,1.8203,other
89265,-0.064,0.2522,0.9619,-15.209,-10.2637,1.9746,other
89288,-0.0605,0.2507,0.9517,-16.4629,-8.6543,2.3164,other
89311,-0.0636,0.2056,0.9205,-17.0762,-7.957,2.5957,other
89334,-0.0675,0.2487,1.0243,-18.0332,-7.498,3.0195,other
89357,-0.0676,0.2693,1.0095,-18.4844,-7.4883,3.2695,bite
89380,-0.0669,0.2485,0.9572,-18.8477,-7.6738,3.5352,bite
89403,-0.0625,0.2159,0.9525,-18.9961,-7.8105,3.6328,bite
89426,-0.0414,0.1885,0.9658,-19.373,-7.9473,3.666,bite
89449,-0.056,0.1997,1.0043,-20.1602,-8.002,3.584,bite
89472,-0.0474,0.2047,0.9972,-20.916,-8.0137,3.4746,bite
89495,-0.054,0.1882,0.9707,-22.2832,-8.0254,3.2363,bite
89518,-0.0422,0.1821,0.9941,-23.2715,-8.0332,3.0215,bite
89541,-0.0251,0.1848,1.0315,-24.7227,-8.0586,2.5879,bite
89564,-0.0212,0.1533,0.9731,-26.002,-8.1934,2.0117,bite
89587,-0.0264,0.1113,0.9453,-26.7637,-8.4375,1.5918,bite
89610,-0.0322,0.1179,0.9663,-27.7773,-9.1191,1.0254,bite
89633,-0.0385,0.1495,1.0583,-28.2754,-9.7559,0.7363,bite
89656,0.0367,0.1625,1.0728,-28.457,-10.8926,0.4473,bite
89679,-0.0039,0.1547,0.9991,-27.8438,-12.2187,0.2793,bite
89702,0.0159,0.0897,0.9261,-27.1758,-13.2246,0.2539,bite
89725,0.0112,0.0596,0.9326,-26.2012,-14.8848,0.4062,bite
89748,0.027,0.02,0.8915,-25.6563,-16.0332,0.6367,bite
89771,0.0629,0.0443,0.9517,-24.6348,-17.6094,1.0488,bite
89794,0.0365,0.08,0.9395,-23.3203,-18.3809,1.2207,bite
89817,0.0542,0.1362,1.0366,-19.3633,-18.7344,1.0879,bite
89840,0.0653,0.1726,1.0167,-12.0801,-17.7246,0.332,bite
89863,0.0409,0.2424,1.0934,-5.3027,-16.1777,-0.4883,bite
89886,-0.0002,0.2677,1.0316,6.918,-12.7129,-1.8848,bite
89909,-0.0309,0.2521,0.9972,15.4941,-9.9395,-2.6348,bite
89932,0.0126,0.2561,1.0286,27.0273,-5.8457,-3.0566,bite
89955,0.0293,0.2289,0.9926,34.8359,-2.6797,-2.4707,bite
89978,0.0387,0.2084,0.9734,37.1387,-1.3574,-1.6094,bite
90001,0.0397,0.2263,1.0302,35.7637,-0.5469,0.1133,bite
90024,0.0396,0.2246,1.0403,31.8105,-0.6406,1.3789,bite
90047,0.0396,0.2126,1.0417,22.1973,-1.4043,3.2441,bite
90070,0.0431,0.203,1.0717,9.5,-2.5898,4.9316,bite
90093,0.0392,0.174,1.043,0.0703,-3.4922,5.9219,bite
90116,0.0438,0.1362,1.0294,-14.5762,-4.8867,7.1719,bite
90139,0.0389,0.144,1.0756,-24.2188,-5.7734,7.8164,bite
90162,0.0203,0.0958,1.0122,-37.8145,-6.8789,8.4082,bite
90185,0.0687,0.0286,0.9678,-45.9824,-7.375,8.4746,bite
90208,0.0448,0.0394,1.0459,-56.3828,-7.584,7.9023,bite
90231,0.0182,0.0155,0.9598,-63.7891,-6.793,6.2949,bite
90254,0.0145,-0.0117,0.9269,-64.0,-5.4746,4.5781,bite
90277,0.0435,-0.0173,0.9006,-64.0,-2.1523,1.0176,bite
90300,0.0122,-0.0776,0.7998,-64.0,0.832,-1.9375,bite
90323,-0.0131,-0.0374,0.8599,-58.1035,5.8262,-6.8652,bite
90346,-0.042,-0.0199,0.8718,-46.6543,10.4082,-11.709,bite
90369,0.0188,-0.001,0.9529,-36.8184,12.7148,-14.5449,bite
90392,0.0876,0.1215,1.2219,-19.2969,14.5703,-17.9316,bite
90415,0.045,0.1523,1.2397,-6.2969,14.6738,-19.5332,bite
90438,-0.0145,0.1321,1.0746,13.3262,13.252,-20.6719,bite
90461,-0.0381,0.1182,1.009,29.7949,10.2773,-19.8242,bite
90484,0.0212,0.142,1.0577,37.3867,7.7539,-18.0879,bite
90507,0.0448,0.1592,1.0944,42.6211,3.8301,-14.2051,bite
90530,0.0269,0.1724,1.0925,42.1426,1.5137,-11.2324,bite
90553,-0.031,0.1486,1.0408,36.5098,-1.0664,-6.9121,bite
90576,-0.0287,0.1643,1.0605,30.3145,-2.0859,-3.3047,bite
90599,-0.0474,0.1858,1.1541,19.0039,-2.5586,-1.498,bite
90622,-0.0547,0.1918,1.2157,7.2422,-1.9063,0.1172,bite
90645,0.0511,0.1143,1.2363,0.0273,-1.0195,0.3906,bite
90668,0.0679,0.0516,1.1986,-9.2285,0.5371,-0.4316,bite
90691,0.0145,0.0502,1.1948,-14.3437,1.4707,-1.6992,bite
90714,-0.0471,0.1193,1.2094,-20.7246,2.5117,-4.1738,bite
90737,-0.0762,0.0894,1.165,-25.9297,3.2051,-6.4922,bite
90760,-0.0516,0.0366,1.1154,-28.8672,3.6172,-7.541,bite
90783,0.0039,0.017,1.0898,-32.5176,4.4512,-8.0566,bite
90806,-0.0015,-0.0077,1.0433,-34.4141,5.293,-7.6445,bite
90829,-0.0573,-0.006,1.0822,-36.3223,7.0078,-5.8242,bite
90852,-0.0396,-0.0548,1.0833,-36.959,9.0098,-2.4258,bite
90875,0.0391,-0.0691,1.0217,-36.6953,10.2578,0.7187,bite
90898,0.0015,-0.1074,0.9252,-35.5781,11.6191,6.543,bite
90921,-0.0414,-0.089,0.9119,-34.6426,12.0371,10.998,bite
90944,-0.0361,-0.1086,0.8754,-33.4844,11.8633,18.2305,bite
90967,-0.0002,-0.1432,0.7913,-33.1836,10.7383,25.6816,bite
90990,-0.0487,-0.1744,0.7584,-33.9805,9.5977,30.502,bite
91013,-0.0483,-0.1735,0.8236,-36.5605,7.1914,37.1055,bite
91036,-0.0166,-0.1482,0.9076,-39.0645,5.2227,40.8398,bite
91059,-0.0189,-0.1595,0.9268,-43.252,1.8887,45.0449,bite
91082,-0.022,-0.1826,0.9321,-45.9258,-0.4434,46.7852,bite
91105,0.0022,-0.2102,0.993,-49.3516,-3.791,47.8105,bite
91128,0.0178,-0.2402,1.049,-51.834,-6.6348,47.1758,bite
91151,0.0093,-0.2412,1.0918,-52.8555,-8.1113,46.0137,bite
91174,-0.0068,-0.235,1.1222,-53.2734,-9.457,43.4668,bite
91197,-0.0105,-0.2603,1.1116,-52.7383,-9.5996,41.4082,bite
91220,-0.0334,-0.2734,1.115,-50.7188,-8.459,38.0371,bite
91243,-0.0386,-0.2965,1.1005,-47.4492,-5.668,34.6055,bite
91266,-0.0776,-0.2656,1.1283,-44.7715,-3.002,32.4258,bite
91289,-0.0673,-0.2623,1.162,-40.373,1.916,29.4902,bite
91312,-0.0406,-0.3073,1.0752,-37.4336,5.5937,27.8242,bite
91335,-0.0752,-0.359,1.0106,-33.5977,11.2227,25.8711,bite
91358,-0.0994,-0.3562,0.9867,-31.7832,16.3496,24.834,other
91381,-0.1721,-0.3401,0.9286,-30.5234,19.2109,24.8066,other
91404,-0.1772,-0.3076,0.9514,-30.8477,22.502,25.832,other
91427,-0.1619,-0.2772,0.9651,-31.5586,24.0293,27.1035,other
91450,-0.1891,-0.2992,0.84,-32.6484,25.3438,29.4844,other
91473,-0.2533,-0.3025,0.8574,-33.0977,25.541,31.166,other
91496,-0.1057,-0.2642,0.9948,-32.9805,24.752,33.541,other
91519,-0.0693,-0.2518,1.021,-31.4063,22.6426,35.3516,other
91542,-0.1719,-0.2499,1.0032,-29.4316,20.5254,36.1289,other
91565,-0.194,-0.2618,0.986,-25.4121,16.4043,36.8867,other
91588,-0.2346,-0.262,1.0179,-22.4434,13.1699,37.3398,other
91611,-0.1721,-0.2938,1.0096,-18.4043,7.9512,38.1309,other
91634,-0.1476,-0.3152,0.9871,-15.7676,2.8652,38.8242,other
91657,-0.192,-0.3352,0.9514,-15.1289,-0.1543,38.998,other
91680,-0.21,-0.3179,0.9541,-16.0293,-3.8848,38.6016,other
91703,-0.1882,-0.2803,1.0414,-17.791,-5.8281,37.8926,other
91726,-0.1359,-0.3119,1.0321,-21.7988,-8.0215,36.2266,other
91749,-0.2319,-0.3407,0.9512,-26.6152,-9.5176,33.9121,other
91772,-0.2325,-0.4122,0.9225,-30.6484,-10.1953,32.0723,other
91795,-0.1025,-0.4409,0.9575,-36.3027,-10.7617,28.875,other
91818,-0.1317,-0.4558,0.9727,-39.748,-10.8691,26.3828,other
91841,-0.184,-0.4277,0.9982,-43.7852,-10.7187,22.1348,other
91864,-0.1548,-0.3859,1.0618,-45.4141,-10.4551,19.1445,other
91887,-0.1592,-0.4309,0.999,-45.9609,-9.9277,14.832,other
91910,-0.2111,-0.4413,0.931,-44.3926,-9.3555,11.1445,other
91933,-0.1936,-0.4312,0.9819,-42.4551,-8.9512,9.1602,other
91956,-0.1863,-0.4774,0.9307,-38.6426,-8.2539,6.8555,other
91979,-0.1676,-0.4819,0.9562,-35.6855,-7.7285,5.6582,other
92002,-0.1464,-0.4447,0.951,-30.8027,-6.9512,4.1445,other
92025,-0.1135,-0.4686,0.9524,-25.4648,-6.4355,2.8457,other
92048,-0.1259,-0.5089,0.9485,-21.6895,-6.4277,2.1621,other
92071,-0.1268,-0.5016,0.9894,-15.7812,-7.1465,1.6855,other
92094,-0.1005,-0.4835,0.983,-11.7617,-8.1445,1.8574,other
92117,-0.1997,-0.4298,0.9333,-5.8184,-10.2168,2.7871,other
92140,-0.0941,-0.4109,1.0001,-0.1426,-12.6699,4.0703,other
92163,-0.0631,-0.3712,0.9912,3.4824,-14.5645,4.7969,other
92186,-0.048,-0.3901,1.0062,8.6367,-18.0254,5.3672,other
92209,-0.089,-0.3088,1.0178,11.791,-20.625,5.3594,other
92232,-0.0835,-0.3748,1.0309,15.8359,-24.2031,4.8945,other
92255,-0.0688,-0.4266,1.026,17.9082,-25.8379,4.418,other
92278,-0.0613,-0.4095,1.0177,19.8848,-26.5176,3.5898,other
92301,-0.0513,-0.3855,1.0149,20.4688,-24.9023,2.5937,other
92324,-0.0773,-0.3798,0.9924,20.1426,-22.7617,1.7949,other
92347,-0.0411,-0.413,1.0167,18.8262,-18.5723,0.3652,other
92370,-0.056,-0.3682,0.9901,17.625,-15.541,-0.7559,other
92393,-0.036,-0.3783,0.9901,15.7227,-11.2363,-2.7051,other
92416,-0.0389,-0.3433,0.9912,14.0645,-7.6934,-4.9551,other
92439,-0.0736,-0.3235,0.9681,13.2578,-5.8887,-6.5762,other
92462,-0.0448,-0.297,1.001,12.6484,-4.041,-9.0488,other
92485,-0.0531,-0.2834,1.0049,12.6406,-3.3691,-10.5977,other
92508,-0.0389,-0.3087,0.9969,13.0898,-3.125,-12.5488,other
92531,-0.0375,-0.2596,1.0114,13.8828,-3.6367,-13.9199,other
92554,-0.0443,-0.2098,1.0062,14.4863,-4.2773,-14.5449,other
92577,0.0029,-0.2174,1.0072,15.2969,-5.4902,-15.2109,other
92600,-0.119,-0.2078,1.0356,15.627,-6.3594,-15.5996,other
92623,0.0007,-0.172,0.9622,15.5,-7.5488,-16.3477,other
92646,-0.1001,-0.2042,0.8938,14.75,-8.1328,-17.6797,other
92669,-0.0453,-0.1667,0.9672,12.248,-8.4902,-19.3027,other
92692,-0.0499,-0.2578,0.8326,8.0215,-8.1328,-22.7949,other
92715,-0.1873,-0.3121,0.7196,4.3398,-7.5664,-25.9395,other
92738,-0.1633,-0.3767,0.6168,-1.9863,-6.418,-31.8242,other
92761,-0.0702,-0.2954,0.7506,-5.998,-5.5352,-36.6094,other
92784,0.0221,-0.228,0.9027,-9.4004,-3.9551,-45.6055,other
92807,0.0577,-0.1882,0.9158,-6.498,-1.791,-57.3066,other
92830,0.0067,-0.1636,0.9556,0.0254,0.1016,-64.0,other
92853,-0.0756,-0.0955,0.9755,16.4141,3.6875,-64.0,other
92876,-0.011,-0.0887,1.0507,30.627,6.6016,-64.0,other
92899,0.1333,-0.0956,1.1862,54.1113,11.877,-64.0,other
92922,0.2461,-0.0312,1.3429,63.998,18.4355,-64.0,other
92945,0.1428,-0.1705,1.3181,63.998,23.4297,-64.0,other
92968,-0.0367,-0.2526,1.0424,63.998,30.9492,-64.0,other
92991,-0.0837,-0.3097,0.7465,63.998,35.1426,-64.0,other
93014,-0.0319,-0.1123,0.9855,63.998,38.873,-64.0,other
93037,-0.0137,0.3049,1.6279,63.998,39.4609,-64.0,other
93060,-0.0868,0.3014,1.8344,63.998,38.3398,-64.0,other
93083,-0.1196,0.1804,1.4874,63.998,35.7168,-64.0,other
93106,-0.1089,0.0304,0.876,61.5273,33.0469,-60.0176,other
93129,-0.2139,-0.0037,0.7693,52.7246,27.2324,-42.5039,other
93152,-0.2357,0.0089,0.8063,46.4336,22.2852,-31.8457,other
93175,-0.1362,0.0568,0.917,36.6738,14.1309,-18.418,other
93198,-0.0747,0.1199,0.9585,29.0059,6.3262,-9.3262,other
93221,-0.1102,0.2394,1.007,26.7246,1.9961,-6.127,other
93244,-0.1592,0.3026,1.0347,29.2363,-2.2832,-5.4473,other
93267,-0.1892,0.2961,0.9213,34.9141,-3.4297,-7.1152,other
93290,-0.1764,0.3088,1.0193,47.8672,-2.9395,-11.2422,other
93313,-0.0934,0.3842,1.111,63.123,-0.8574,-15.5801,other
93336,-0.1154,0.3702,1.0546,63.998,0.7598,-17.8496,other
93359,-0.2122,0.3186,0.8942,63.998,2.7129,-19.5117,other
93382,-0.2345,0.3287,0.8434,63.998,3.4453,-19.1836,other
93405,-0.1298,0.3855,0.9468,63.998,3.7051,-16.668,other
93428,-0.1221,0.4147,0.9835,63.998,3.4531,-12.6328,other
93451,-0.1631,0.4125,0.9332,63.998,2.6055,-9.6504,other
93474,-0.1901,0.3981,0.8636,53.582,1.2754,-5.2383,other
93497,-0.161,0.3695,0.8285,42.0938,0.1699,-2.4746,other
93520,-0.1591,0.3715,0.88,24.6582,-1.6934,1.2539,other
93543,-0.1541,0.3992,0.9805,13.7207,-2.9629,3.3633,other
93566,-0.115,0.3805,0.9934,-0.3867,-4.6895,5.7891,other
93589,-0.1208,0.326,0.926,-10.998,-6.1094,7.2461,other
93612,-0.1316,0.2655,0.8625,-16.2422,-6.9434,7.7441,other
93635,-0.1016,0.2445,0.8579,-21.959,-8.1055,7.9648,other
93658,-0.097,0.2417,0.8652,-24.5566,-8.7617,7.8066,other
93681,-0.0743,0.2826,0.9258,-26.5234,-9.3105,7.0566,other
93704,-0.1061,0.2844,0.9539,-25.6563,-8.9687,5.5937,other
93727,-0.1215,0.3157,0.9452,-23.3145,-8.1465,4.2695,other
93750,-0.1501,0.3413,0.8907,-17.4082,-6.1133,2.0859,other
93773,-0.1731,0.3589,0.9003,-12.3281,-4.3848,0.7617,other
93796,-0.1433,0.382,0.9207,-4.0488,-1.627,-0.6582,other
93819,-0.1273,0.3687,0.9127,1.2813,0.8164,-1.2441,other
93842,-0.1301,0.3718,0.9227,7.9902,2.002,-1.2109,other
93865,-0.1349,0.3552,0.9292,12.2559,2.8867,-0.6758,other
93888,-0.1021,0.3318,0.905,13.4746,2.873,-0.1191,other
93911,-0.1124,0.3192,0.9083,12.8984,2.1016,0.7773,other
93934,-0.1049,0.3263,0.8973,11.1582,1.248,1.2949,other
93957,-0.13,0.3247,0.8967,7.209,-0.2129,1.8477,other
93980,-0.1185,0.3241,0.8923,2.6406,-1.5273,2.1191,other
94003,-0.0983,0.3367,0.9077,-0.2324,-2.1875,2.166,other
94026,-0.1154,0.3534,0.9161,-3.6934,-2.7949,2.0957,other
94049,-0.1287,0.3563,0.9167,-5.25,-2.9687,2.0195,other
94072,-0.114,0.3572,0.9159,-6.4277,-2.9727,1.9902,other
94095,-0.1141,0.354,0.906,-6.4277,-2.7734,2.1191,other
94118,-0.1272,0.3534,0.9009,-5.9746,-2.5781,2.2754,other
94141,-0.1189,0.3524,0.9175,-4.9883,-2.2695,2.5605,other
94164,-0.1025,0.3522,0.9124,-4.3281,-2.0879,2.7422,other
94187,-0.1232,0.3368,0.8894,-3.627,-1.9082,2.916,other
94210,-0.1052,0.3411,0.9119,-3.4707,-1.8711,2.9199,other
94233,-0.1002,0.337,0.9117,-3.7344,-1.9199,2.8105,other
94256,-0.1146,0.3292,0.9036,-4.4434,-2.0586,2.4805,other
94279,-0.0928,0.3335,0.9121,-5.0488,-2.1641,2.1797,other
94302,-0.1183,0.3386,0.9022,-5.9805,-2.3047,1.6816,other
94325,-0.1191,0.3365,0.9105,-6.5234,-2.3672,1.3672,other
94348,-0.0911,0.3346,0.912,-7.1035,-2.3809,0.9824,other
94371,-0.108,0.3356,0.9032,-7.3652,-2.3066,0.7207,other
94394,-0.1233,0.3457,0.9104,-7.3887,-2.2324,0.627,other
94417,-0.1077,0.3375,0.8998,-7.2656,-2.1211,0.6387,other
94440,-0.1038,0.3425,0.9185,-7.127,-2.0645,0.7383,other
94463,-0.114,0.3403,0.9165,-6.8906,-2.0254,0.9746,other
94486,-0.111,0.3279,0.9238,-6.707,-2.0527,1.2461,other
94509,-0.0824,0.3134,0.9011,-6.6797,-2.123,1.4043,other
94532,-0.0876,0.307,0.9127,-6.8691,-2.3301,1.543,other
94555,-0.0947,0.3289,0.9344,-7.1348,-2.5293,1.5547,other
94578,-0.1027,0.3295,0.9182,-7.5801,-2.8457,1.4609,other
94601,-0.0969,0.3258,0.9159,-7.8848,-3.0684,1.2852,other
94624,-0.0879,0.3284,0.9164,-7.9414,-3.125,1.1445,other
94647,-0.1041,0.3251,0.9136,-7.7832,-3.0547,0.9238,other
94670,-0.0979,0.3251,0.9279,-7.5332,-2.9199,0.7852,other
94693,-0.0897,0.3171,0.9137,-6.9824,-2.623,0.6035,other
94716,-0.1008,0.3252,0.9159,-6.5332,-2.3906,0.4883,other
94739,-0.094,0.3286,0.9215,-5.8164,-2.0293,0.3184,other
94762,-0.095,0.3193,0.9116,-5.127,-1.6992,0.1582,other
94785,-0.0992,0.3207,0.915,-4.7344,-1.5195,0.0664,other
94808,-0.0999,0.3254,0.9185,-4.293,-1.332,-0.0195,other
94831,-0.0881,0.3301,0.9313,-4.1016,-1.2656,-0.043,other
94854,-0.0959,0.3149,0.9178,-3.9395,-1.248,-0.0449,other
94877,-0.0756,0.3149,0.9359,-3.9141,-1.3125,-0.0391,other
94900,-0.0842,0.3118,0.9122,-3.9453,-1.3867,-0.0488,other
94923,-0.1038,0.3193,0.9071,-4.0332,-1.502,-0.0762,other
94946,-0.1002,0.3323,0.9149,-4.0996,-1.5586,-0.0703,other
94969,-0.1056,0.3354,0.9252,-4.1758,-1.5918,0.0254,other
94992,-0.0894,0.325,0.9231,-4.1875,-1.5605,0.2246,other
95015,-0.0858,0.324,0.9227,-4.1719,-1.5215,0.3809,other
95038,-0.0939,0.3175,0.92,-4.1504,-1.4668,0.5937,other
95061,-0.0813,0.3201,0.9264,-4.1484,-1.4336,0.6973,other
95084,-0.0951,0.3188,0.9047,-4.1523,-1.3789,0.7695,other
95107,-0.1206,0.3232,0.9008,-4.1504,-1.3262,0.7734,other
95130,-0.0912,0.3273,0.9198,-4.1348,-1.209,0.7402,other
95153,-0.0858,0.3296,0.923,-4.0859,-1.0723,0.6641,other
95176,-0.0909,0.3328,0.9357,-4.041,-1.0078,0.5879,other
95199,-0.0845,0.3315,0.9423,-3.9824,-0.9961,0.4434,other
95222,-0.0795,0.3138,0.9133,-3.9648,-1.0547,0.3418,other
95245,-0.0806,0.3112,0.924,-4.0176,-1.2305,0.1973,other
95268,-0.079,0.3125,0.9238,-4.1797,-1.4492,0.0762,other
95291,-0.0945,0.322,0.9226,-4.3301,-1.5762,0.0195,other
95314,-0.0975,0.3268,0.9276,-4.5723,-1.6836,0.0039,other
95337,-0.0809,0.3262,0.9197,-4.7148,-1.6816,0.041,other
95360,-0.0907,0.3218,0.9233,-4.8828,-1.584,0.1465,other
95383,-0.0867,0.3198,0.9177,-4.9883,-1.4199,0.2812,other
95406,-0.0923,0.3171,0.9141,-5.0234,-1.3066,0.377,other
95429,-0.0875,0.3153,0.9238,-5.0254,-1.168,0.5176,other
95452,-0.0822,0.3181,0.9272,-4.9863,-1.1035,0.5918,other
95475,-0.0859,0.323,0.9298,-4.8594,-1.0547,0.6504,other
95498,-0.0945,0.3257,0.927,-4.7305,-1.0508,0.6445,other
95521,-0.0901,0.3241,0.9198,-4.4961,-1.0723,0.6133,other
95544,-0.0875,0.3159,0.9144,-4.2578,-1.1016,0.541,other
95567,-0.0902,0.3083,0.9027,-4.125,-1.1133,0.4746,other
95590,-0.0801,0.3198,0.9293,-3.9961,-1.1191,0.3477,other
95613,-0.0917,0.3206,0.9319,-3.9473,-1.1152,0.252,other
95636,-0.0903,0.3199,0.9224,-3.8809,-1.1016,0.1055,other
95659,-0.0809,0.3145,0.918,-3.791,-1.0781,-0.0312,other
95682,-0.0809,0.317,0.9236,-3.7187,-1.0566,-0.1191,other
95705,-0.0907,0.321,0.9208,-3.5879,-1.0176,-0.2363,other
95728,-0.0837,0.321,0.9291,-3.4824,-0.9805,-0.2891,other
95751,-0.0789,0.3265,0.9221,-3.3008,-0.916,-0.3105,other
95774,-0.0973,0.3225,0.9176,-3.1094,-0.8457,-0.2559,other
95797,-0.0852,0.3286,0.9249,-2.9961,-0.8027,-0.1797,other
95820,-0.0851,0.318,0.9182,-2.8652,-0.7461,-0.0195,other
95843,-0.0892,0.3185,0.9165,-2.8164,-0.7207,0.0977,other
95866,-0.0957,0.3286,0.9232,-2.8008,-0.7012,0.2637,other
95889,-0.0868,0.3351,0.9303,-2.8164,-0.6934,0.3945,other
95912,-0.0854,0.3334,0.9154,-2.8535,-0.6875,0.4492,other
95935,-0.085,0.3214,0.929,-2.9082,-0.6895,0.4707,other
95958,-0.0708,0.313,0.9219,-2.9668,-0.6992,0.4316,other
95981,-0.0895,0.3141,0.9186,-3.1074,-0.7422,0.2988,other
96004,-0.0979,0.3224,0.9166,-3.2363,-0.7891,0.1797,other
96027,-0.0875,0.3236,0.9182,-3.4609,-0.8848,0.0156,other
96050,-0.0813,0.3309,0.9187,-3.668,-0.9863,-0.0977,other
96073,-0.0936,0.3273,0.9114,-3.7695,-1.0449,-0.1504,other
96096,-0.089,0.3182,0.9111,-3.8457,-1.1016,-0.1992,other
96119,-0.0742,0.3179,0.9277,-3.8516,-1.1172,-0.2187,other
96142,-0.0895,0.3253,0.9233,-3.791,-1.1133,-0.25,other
96165,-0.1049,0.3262,0.9088,-3.6445,-1.0742,-0.2852,other
96188,-0.0879,0.3259,0.9092,-3.5098,-1.0195,-0.3047,other
96211,-0.0861,0.3337,0.9222,-3.2656,-0.8906,-0.3301,other
96234,-0.0859,0.3373,0.928,-3.082,-0.7832,-0.3535,other
96257,-0.0814,0.3383,0.9279,-2.8086,-0.6211,-0.4102,other
96280,-0.0918,0.328,0.9197,-2.6582,-0.5078,-0.4805,other
96303,-0.0847,0.3162,0.9138,-2.5449,-0.4766,-0.5312,other
96326,-0.0745,0.3219,0.9221,-2.6113,-0.5078,-0.6074,other
96349,-0.0912,0.319,0.9126,-2.7539,-0.5723,-0.6523,other
96372,-0.0867,0.3262,0.9225,-3.0684,-0.7187,-0.6758,other
96395,-0.0851,0.3274,0.9163,-3.3066,-0.832,-0.6387,other
96418,-0.0869,0.3236,0.9166,-3.627,-0.9941,-0.5059,other
96441,-0.0822,0.3317,0.9238,-3.8281,-1.1094,-0.3086,other
96464,-0.0955,0.3348,0.9155,-3.877,-1.1445,-0.1621,other
96487,-0.097,0.3368,0.9215,-3.8418,-1.1309,0.0625,other
96510,-0.0826,0.3275,0.9197,-3.7676,-1.082,0.1992,other
96533,-0.078,0.3157,0.912,-3.6426,-0.9707,0.3398,other
96556,-0.0959,0.3201,0.9159,-3.5625,-0.8574,0.3691,other
96579,-0.0826,0.326,0.9098,-3.5488,-0.793,0.334,other
96602,-0.087,0.3315,0.9242,-3.5723,-0.7187,0.2207,other
96625,-0.0911,0.3392,0.927,-3.5898,-0.6875,0.123,other
96648,-0.0986,0.3315,0.9084,-3.5742,-0.6523,-0.0352,other
96671,-0.0806,0.3339,0.918,-3.5312,-0.625,-0.1816,other
96694,-0.0842,0.333,0.9302,-3.4355,-0.6152,-0.2695,other
96717,-0.0883,0.3251,0.9158,-3.3301,-0.6191,-0.3926,other
96740,-0.0852,0.322,0.9127,-3.2695,-0.6367,-0.4746,other
96763,-0.0873,0.3248,0.9161,-3.2187,-0.6816,-0.5918,other
96786,-0.0896,0.333,0.9225,-3.2168,-0.7246,-0.6641,other
96809,-0.0864,0.3282,0.9189,-3.2422,-0.793,-0.7461,other
96832,-0.0862,0.325,0.9083,-3.2832,-0.8516,-0.7793,other
96855,-0.0901,0.3314,0.915,-3.3145,-0.8828,-0.7656,other
96878,-0.09,0.335,0.9294,-3.3594,-0.9102,-0.6875,other
96901,-0.0815,0.3323,0.9181,-3.373,-0.916,-0.6016,other
96924,-0.0874,0.3304,0.9076,-3.377,-0.9121,-0.4531,other
96947,-0.0961,0.3323,0.9169,-3.377,-0.8984,-0.3047,other
96970,-0.0929,0.3384,0.9242,-3.3848,-0.8887,-0.2051,other
96993,-0.0826,0.3289,0.9214,-3.4121,-0.8828,-0.0664,other
97016,-0.0818,0.3291,0.9147,-3.4355,-0.8906,0.0039,other
97039,-0.0878,0.3253,0.9139,-3.4844,-0.9082,0.041,other
97062,-0.0883,0.3269,0.9127,-3.543,-0.9238,0.0,other
97085,-0.0903,0.3345,0.9218,-3.582,-0.9219,-0.0566,other
97108,-0.0942,0.3324,0.9187,-3.6211,-0.8945,-0.1621,other
97131,-0.0822,0.3295,0.9091,-3.625,-0.8594,-0.2344,other
97154,-0.0939,0.3336,0.9187,-3.6094,-0.7969,-0.3379,other
97177,-0.0905,0.3326,0.908,-3.5879,-0.7559,-0.3945,other
97200,-0.0874,0.3296,0.9083,-3.5508,-0.7012,-0.4473,other
97223,-0.0863,0.3363,0.932,-3.5332,-0.6777,-0.4375,other
97246,-0.0786,0.3361,0.9266,-3.5273,-0.6875,-0.3984,other
97269,-0.0901,0.3313,0.9108,-3.5137,-0.7383,-0.3164,other
97292,-0.0862,0.3362,0.9193,-3.5098,-0.7988,-0.252,other
97315,-0.0886,0.3325,0.9207,-3.5195,-0.9063,-0.1641,other
97338,-0.0864,0.3242,0.9054,-3.541,-1.0039,-0.1074,other
97361,-0.0793,0.325,0.9174,-3.5664,-1.0469,-0.0996,other
97384,-0.0867,0.3347,0.929,-3.6016,-1.0723,-0.1367,other
97407,-0.0912,0.3344,0.9128,-3.6055,-1.0527,-0.1875,other
97430,-0.0852,0.3356,0.9158,-3.5645,-0.9688,-0.2754,other
97453,-0.0947,0.3389,0.9198,-3.4824,-0.8438,-0.3398,other
97476,-0.0879,0.3352,0.9185,-3.416,-0.7539,-0.3555,other
97499,-0.0809,0.334,0.9148,-3.3242,-0.6367,-0.3418,other
97522,-0.0962,0.3323,0.9082,-3.293,-0.582,-0.3164,other
97545,-0.0969,0.3322,0.9086,-3.3203,-0.5488,-0.2578,other
97568,-0.0801,0.33,0.9237,-3.3887,-0.5547,-0.2109,other
97591,-0.0802,0.3302,0.9135,-3.5352,-0.6035,-0.1602,other
97614,-0.0952,0.3351,0.9197,-3.6992,-0.6934,-0.1465,other
97637,-0.0863,0.3334,0.9186,-3.8047,-0.7637,-0.1484,other
97660,-0.0914,0.3403,0.9088,-3.9336,-0.8672,-0.1582,other
97683,-0.1005,0.3356,0.917,-3.9941,-0.9219,-0.1621,other
97706,-0.0837,0.3367,0.9131,-4.041,-0.9668,-0.1641,other
97729,-0.0911,0.3295,0.9089,-4.0566,-0.9785,-0.1699,other
97752,-0.0895,0.3282,0.9086,-4.0742,-0.9844,-0.1738,other
97775,-0.0731,0.3254,0.9294,-4.1387,-1.0059,-0.1816,other
97798,-0.0857,0.3221,0.9211,-4.1992,-1.0371,-0.1934,other
97821,-0.0745,0.3223,0.9154,-4.2871,-1.1055,-0.2148,other
97844,-0.0817,0.3297,0.9281,-4.3477,-1.1973,-0.2207,other
97867,-0.0875,0.3374,0.918,-4.3535,-1.2617,-0.2031,other
97890,-0.092,0.34,0.9099,-4.2871,-1.332,-0.1211,other
97913,-0.0969,0.3434,0.907,-4.1953,-1.3418,-0.0254,other
97936,-0.0962,0.344,0.9125,-3.998,-1.2813,0.1699,other
97959,-0.0924,0.3307,0.9102,-3.8437,-1.1895,0.3848,other
97982,-0.0785,0.3284,0.912,-3.6094,-1.0059,0.5039,other
98005,-0.0895,0.3292,0.9137,-3.4199,-0.832,0.6055,other
98028,-0.0844,0.3369,0.9258,-3.3262,-0.75,0.6094,other
98051,-0.0763,0.3384,0.922,-3.2187,-0.6973,0.5234,other
98074,-0.0898,0.3326,0.9016,-3.1621,-0.707,0.4121,other
98097,-0.0863,0.3372,0.9185,-3.1074,-0.7754,0.2109,other
98120,-0.0833,0.3447,0.9323,-3.0918,-0.8809,0.0254,other
98143,-0.0906,0.338,0.9155,-3.0957,-0.9551,-0.0645,other
98166,-0.0826,0.3352,0.9126,-3.1367,-1.0645,-0.1367,other
98189,-0.0806,0.3381,0.9177,-3.1973,-1.1289,-0.1504,other
98212,-0.0945,0.3291,0.9064,-3.3418,-1.1973,-0.1543,other
98235,-0.0863,0.3263,0.9142,-3.5273,-1.2031,-0.1602,other
98258,-0.0807,0.3268,0.9087,-3.6582,-1.1719,-0.1777,other
98281,-0.0917,0.3323,0.9095,-3.8379,-1.0918,-0.2207,other
98304,-0.0813,0.3428,0.9199,-3.9316,-1.0332,-0.2539,other
98327,-0.0853,0.3452,0.9255,-4.0059,-0.9629,-0.293,other
98350,-0.0898,0.3364,0.9088,-4.0078,-0.9355,-0.3047,other
98373,-0.09,0.3336,0.9099,-3.959,-0.9297,-0.293,other
98396,-0.0793,0.337,0.9243,-3.8926,-0.9629,-0.2461,other
98419,-0.0791,0.3373,0.9237,-3.8516,-1.0,-0.2051,other
98442,-0.0848,0.3309,0.9041,-3.8125,-1.0527,-0.1465,other
98465,-0.087,0.3268,0.91,-3.8164,-1.0781,-0.1133,other
98488,-0.0814,0.34,0.9248,-3.8848,-1.0996,-0.0742,other
98511,-0.0959,0.328,0.9078,-4.0059,-1.1016,-0.0664,other
98534,-0.0792,0.3324,0.9131,-4.1016,-1.0938,-0.0762,other
98557,-0.0845,0.3335,0.9178,-4.2324,-1.0762,-0.1172,other
98580,-0.0836,0.3312,0.9158,-4.2949,-1.0645,-0.1602,other
98603,-0.0759,0.3325,0.9172,-4.3359,-1.0547,-0.2246,other
98626,-0.0864,0.3292,0.9117,-4.3164,-1.0566,-0.2734,other
98649,-0.0861,0.3403,0.9222,-4.2773,-1.0625,-0.291,other
98672,-0.0929,0.3407,0.9116,-4.1797,-1.0625,-0.2832,other
98695,-0.0873,0.3379,0.911,-4.0957,-1.0469,-0.2598,other
98718,-0.0817,0.3384,0.9197,-3.9668,-1.0039,-0.2012,other
98741,-0.0824,0.3322,0.9163,-3.8906,-0.9551,-0.1445,other
98764,-0.0822,0.3291,0.9125,-3.8184,-0.9277,-0.1211,other
98787,-0.0796,0.3318,0.9121,-3.8164,-0.9043,-0.123,other
98810,-0.0906,0.328,0.9214,-3.8496,-0.9023,-0.1504,other
98833,-0.0829,0.3297,0.9138,-3.9336,-0.918,-0.209,other
98856,-0.0852,0.3339,0.923,-4.0039,-0.9395,-0.2441,other
98879,-0.0865,0.3402,0.9185,-4.1172,-0.9902,-0.2637,other
98902,-0.0796,0.3328,0.9086,-4.2109,-1.0469,-0.2324,other
98925,-0.0792,0.337,0.9249,-4.2637,-1.084,-0.1914,other
98948,-0.0881,0.3263,0.9166,-4.334,-1.1367,-0.1133,other
98971,-0.0841,0.325,0.9113,-4.3809,-1.168,-0.0586,other
98994,-0.0854,0.3365,0.9142,-4.4531,-1.1934,0.0059,other
99017,-0.0937,0.337,0.9122,-4.502,-1.1777,0.0371,other
99040,-0.08,0.3278,0.9133,-4.5176,-1.1484,0.0391,other
99063,-0.0808,0.3292,0.9099,-4.5215,-1.0977,0.0195,other
99086,-0.0801,0.3319,0.9244,-4.5137,-1.0703,-0.0078,other
99109,-0.0814,0.3322,0.9255,-4.4687,-1.0352,-0.0645,other
99132,-0.0852,0.3269,0.9124,-4.4121,-0.998,-0.1289,other
99155,-0.0902,0.3278,0.9084,-4.2891,-0.9668,-0.1621,other
99178,-0.0793,0.339,0.9187,-4.1523,-0.9102,-0.1875,other
99201,-0.09,0.3337,0.9161,-4.0625,-0.8691,-0.1855,other
99224,-0.0742,0.3337,0.9224,-3.9277,-0.8125,-0.1582,other
99247,-0.0801,0.3275,0.9135,-3.8437,-0.7852,-0.1348,other
99270,-0.0881,0.3282,0.9154,-3.7402,-0.7695,-0.1016,other
99293,-0.0826,0.3342,0.9202,-3.6738,-0.7832,-0.0703,other
99316,-0.0875,0.3287,0.9098,-3.6465,-0.8027,-0.0488,other
99339,-0.0818,0.3306,0.9114,-3.6191,-0.8398,-0.0293,other
99362,-0.0824,0.3359,0.9196,-3.6055,-0.8633,-0.0234,other
99385,-0.0833,0.3325,0.9128,-3.5723,-0.8926,-0.0234,other
99408,-0.0779,0.3376,0.9187,-3.5293,-0.9141,-0.0156,other
99431,-0.0884,0.3337,0.9178,-3.502,-0.9238,-0.002,other
99454,-0.0815,0.3347,0.9241,-3.4746,-0.9355,0.0312,other
99477,-0.077,0.3405,0.9203,-3.4687,-0.9434,0.0527,other
99500,-0.0847,0.3302,0.9097,-3.4746,-0.9434,0.0586,other
99523,-0.0828,0.3315,0.913,-3.502,-0.916,0.0332,other
99546,-0.0894,0.3214,0.906,-3.5391,-0.8867,0.0117,other
99569,-0.0708,0.3301,0.9215,-3.625,-0.8379,0.0,other
99592,-0.077,0.34,0.9292,-3.6934,-0.8164,0.0078,other
99615,-0.09,0.3379,0.9117,-3.7773,-0.8047,0.0449,other
99638,-0.0854,0.3424,0.9189,-3.8086,-0.8066,0.0918,other
99661,-0.089,0.3325,0.91,-3.8184,-0.8066,0.1895,other
99684,-0.0714,0.3286,0.9197,-3.8086,-0.7988,0.2891,other
99707,-0.0714,0.3435,0.9373,-3.8164,-0.8066,0.3418,other
99730,-0.0619,0.3556,0.9528,-3.877,-0.8672,0.4004,other
99753,-0.0645,0.3527,0.959,-3.9512,-0.9473,0.4355,other
99776,-0.0931,0.3348,0.9137,-4.1348,-1.1172,0.5176,other
99799,-0.077,0.3129,0.916,-4.4746,-1.2969,0.6836,other
99822,-0.0427,0.3132,0.969,-4.8262,-1.3945,0.8457,other
99845,-0.0338,0.3092,0.9926,-5.5215,-1.5098,1.1309,other
99868,-0.004,0.2897,0.991,-6.0566,-1.5723,1.3398,other
99891,0.0281,0.2611,0.9938,-6.9277,-1.6191,1.7168,other
99914,-0.0018,0.2605,0.9655,-7.8555,-1.4844,2.3281,other
99937,-0.0543,0.2682,0.9177,-8.4824,-1.1523,3.0117,other
99960,-0.0747,0.2633,0.8955,-9.3379,-0.0332,4.6836,other
99983,-0.0677,0.2649,0.8954,-9.748,1.2285,6.2891,other
100006,-0.0663,0.269,0.8645,-9.9297,3.8457,9.3965,other
100029,-0.127,0.2902,0.8499,-9.6582,5.9375,13.1797,other
100052,-0.1228,0.3218,0.8641,-8.4941,9.2871,15.9297,other
100075,-0.1057,0.3665,0.8789,-6.207,12.5332,20.0,other
100098,-0.1373,0.4222,0.9099,-3.9941,14.459,22.3809,other
100121,-0.1271,0.4102,0.8656,0.1758,16.7402,25.0117,other
100144,-0.1169,0.4042,0.835,3.2187,17.7227,25.9727,other
100167,-0.1465,0.4358,0.8484,7.5156,18.2109,26.123,other
100190,-0.1921,0.4573,0.8424,10.9219,17.5059,24.8125,other
100213,-0.1248,0.468,0.8856,12.5918,16.4883,23.2109,other
100236,-0.0875,0.458,0.8717,14.2891,14.4141,19.7715,other
100259,-0.1411,0.4207,0.8362,14.9355,12.793,16.8594,other
100282,-0.1244,0.4114,0.8552,15.1699,10.1035,11.9336,other
100305,-0.1089,0.4047,0.9022,14.5312,7.1055,6.9355,other
100328,-0.0895,0.3923,0.9028,13.7031,4.9492,3.8457,other
100351,-0.0593,0.3536,0.8616,12.0312,1.5977,-0.1699,other
100374,-0.0626,0.3658,0.8757,10.7148,-0.6289,-2.3477,other
100397,-0.0619,0.3633,0.8867,8.6191,-3.8027,-4.7344,other
100420,-0.0951,0.3528,0.8815,7.2754,-5.7168,-5.9473,other
100443,-0.0688,0.3627,0.8888,5.5586,-8.1035,-6.0781,other
100466,-0.0203,0.3704,0.9108,4.3457,-9.7012,-5.373,other
100489,-0.0272,0.3531,0.8727,3.8027,-10.252,-4.4258,other
100512,-0.0703,0.371,0.8716,3.209,-10.3184,-2.4434,other
100535,-0.0433,0.3947,0.8816,2.8574,-9.9141,-0.7832,other
100558,-0.0841,0.3916,0.8517,2.3496,-8.7676,2.1172,other
100581,-0.0864,0.4379,0.8901,1.9414,-7.1562,5.2676,other
100604,-0.0535,0.4268,0.868,1.793,-5.918,7.3086,other
100627,-0.0961,0.4055,0.817,1.7695,-3.9629,9.9238,other
100650,-0.1921,0.3833,0.7249,1.8184,-2.6816,11.1973,other
100673,0.002,0.356,0.6626,1.9297,-0.8379,12.1621,other
100696,-0.0457,0.4888,0.785,2.5176,1.0547,11.5703,other
100719,-0.2013,0.739,0.8866,3.7988,2.4805,10.1445,other
100742,-0.1459,0.5588,0.6681,8.1094,4.9375,6.5918,other
100765,-0.0511,0.5897,0.8002,12.8125,6.5879,3.5098,other
100788,-0.051,0.5961,0.9355,22.2383,8.3984,-1.6523,other
100811,-0.0249,0.5952,0.8087,29.5156,8.793,-6.7207,other
100834,-0.0941,0.6101,0.7517,40.4023,7.9648,-9.6348,other
100857,-0.0568,0.5844,0.7808,49.252,5.623,-12.7168,other
100880,-0.0464,0.62,0.7897,53.1797,3.3437,-13.6875,other
100903,-0.0757,0.6045,0.7289,55.5215,-0.9883,-13.4316,other
100926,-0.1013,0.5966,0.8003,54.7031,-4.3516,-12.209,other
100949,-0.0634,0.6185,0.8763,50.3652,-9.7656,-9.1797,other
100972,-0.0775,0.5825,0.8236,43.0625,-14.9707,-5.4219,other
100995,0.0283,0.5593,0.9475,36.7734,-17.8828,-2.9277,other
101018,-0.0498,0.5013,0.9615,25.1055,-20.9121,0.3359,other
101041,-0.0547,0.3398,0.7999,15.6602,-21.8516,2.0449,other
101064,-0.0763,0.1445,0.7264,-1.125,-21.4199,3.7207,other
101087,0.0739,0.0001,0.649,-20.1406,-18.6426,4.0254,other
101110,-0.0449,0.1215,0.7604,-32.8086,-15.5059,3.3125,other
101133,-0.0846,0.3037,0.8187,-49.0039,-9.0117,0.9902,other
101156,0.0416,0.3735,0.7438,-56.3613,-3.6445,-1.1035,other
101179,0.0133,0.569,0.7936,-60.6016,5.459,-4.4141,other
101202,-0.4042,0.97,0.7723,-58.6484,14.9316,-6.8906,other
101225,-0.5403,0.9718,0.1316,-49.3223,20.9336,-7.4961,other
101248,-0.2832,0.9709,0.4912,-34.4512,28.5566,-6.8398,other
101271,-0.4939,0.5292,0.1631,-22.3418,32.0195,-6.0781,other
101294,0.2103,1.1272,1.3027,-1.2285,33.8809,-6.5156,other
101317,0.1305,0.5024,0.7799,14.5449,32.7383,-9.1582,other
101340,-0.0714,0.5906,0.9397,38.793,27.2344,-17.1836,other
101363,-0.0936,0.5807,0.8569,59.5195,17.3184,-27.498,other
101386,-0.1907,0.6312,0.983,63.998,8.8887,-33.5566,other
101409,-0.1412,0.6135,1.0579,63.998,-4.7695,-38.7891,other
101432,-0.0425,0.4414,0.8281,63.998,-13.4395,-38.8906,other
101455,0.0099,0.3463,0.7777,57.6055,-24.1016,-33.8906,other
101478,0.1294,0.2874,0.7389,31.4316,-30.5039,-23.9102,other
101501,0.1,0.2439,0.5939,9.291,-31.9414,-15.4219,other
101524,0.0538,0.2319,0.4325,-26.5781,-29.7578,-1.0078,other
101547,0.0549,0.2455,0.2982,-49.2031,-25.6582,9.502,other
101570,-0.4235,0.5244,0.2849,-64.0,-16.459,26.7344,other
101593,-0.7645,1.17,0.8463,-64.0,-5.1289,45.625,other
101616,-0.0948,1.145,1.101,-64.0,2.4531,58.2227,other
101639,0.0106,0.6881,0.8308,-64.0,11.4766,63.998,other
101662,0.1089,0.6788,0.9105,-49.3867,14.8008,63.998,other
101685,0.0458,0.6276,0.9072,-16.7266,15.4453,63.998,other
101708,0.0111,0.5497,0.8662,4.8301,13.7695,63.998,other
101731,0.0286,0.5609,0.795,32.4414,10.2559,57.8789,other
101754,0.0924,0.6194,0.9479,50.8691,8.0879,32.498,other
101777,0.1423,0.5256,0.8579,56.9043,8.2852,13.875,other
101800,-0.1877,0.2279,0.3445,55.584,11.0098,-11.7578,other
101823,-0.2902,0.1163,0.1898,47.6641,13.9062,-24.4297,other
101846,-0.2703,0.1821,0.1523,27.3184,18.6445,-33.4219,other
101869,-0.2771,0.9166,1.3345,3.2969,22.2109,-29.8027,other
101892,0.0181,1.1215,1.1823,-10.1953,22.9453,-21.7402,other
101915,-0.0051,0.7468,0.6522,-22.373,20.2715,-5.0039,other
101938,-0.011,0.8665,0.828,-24.8945,15.8516,6.7266,other
101961,-0.2715,0.8445,0.6814,-22.1094,6.4082,21.2871,other
101984,-0.0559,0.8142,0.6755,-15.123,-4.2305,28.877,other
102007,-0.0011,0.6456,0.6658,-10.3984,-10.9551,28.9941,other
102030,-0.1246,0.5209,0.5527,-6.0605,-19.709,21.7188,other
102053,-0.0648,0.3962,0.5479,-5.9609,-24.5391,12.7246,other
102076,-0.0504,0.343,0.6147,-10.0039,-30.4531,-4.7246,other
102099,-0.0165,0.2931,0.6189,-14.5859,-33.7344,-23.502,other
102122,0.0065,0.3286,0.6693,-21.8633,-38.1484,-35.8926,other
102145,-0.0278,0.3982,0.7422,-26.5156,-42.4531,-50.7832,other
102168,0.048,0.4069,0.7267,-26.7441,-45.377,-57.7305,other
102191,0.0308,0.4459,0.7764,-21.6563,-49.627,-63.0254,other
102214,0.0907,0.4786,0.8114,-14.627,-52.0898,-63.1738,other
102237,0.0658,0.4977,0.7505,0.3379,-54.6426,-58.8906,other
102260,0.3005,0.7711,1.3215,18.1992,-55.2754,-50.1543,other
102283,0.1469,0.3488,0.5348,29.9082,-54.459,-42.3516,other
102306,-0.0361,0.5923,0.8048,43.9316,-51.2129,-28.1465,other
102329,-0.012,0.8475,0.8491,49.5195,-47.6309,-17.252,other
102352,-0.0214,0.5933,0.6438,51.0469,-40.3516,0.3242,other
102375,0.0208,0.5343,0.7207,44.0371,-31.4063,17.4805,other
102398,0.0959,0.4764,0.7554,35.1504,-24.8633,27.4629,other
102421,0.1027,0.4944,0.7582,17.1699,-14.6445,38.7285,other
102444,0.098,0.4905,0.7726,3.2305,-7.7754,43.3477,other
102467,0.1123,0.5157,0.8253,-18.6426,2.2734,46.1641,other
102490,0.0275,0.5209,0.8253,-32.8164,8.5762,45.1934,other
102513,0.1632,0.4733,0.8496,-51.8945,17.1152,43.2363,other
102536,0.0765,0.5204,0.8438,-64.0,24.3301,39.3496,other
102559,0.0585,0.5333,0.845,-64.0,28.3594,36.5645,other
102582,0.0074,0.6523,0.8197,-64.0,33.2461,32.5703,other
102605,0.0092,0.5736,0.798,-64.0,35.8008,30.1172,other
102628,0.0084,0.4286,0.8348,-64.0,38.752,26.5566,other
102651,-0.0083,0.4164,0.8649,-64.0,40.7715,22.6328,other
102674,0.0092,0.39,0.9436,-64.0,41.5605,19.5938,other
102697,0.0156,0.3799,0.8674,-52.5684,41.748,14.3613,other
102720,-0.0632,0.4401,0.8165,-44.043,41.1992,10.584,other
102743,-0.1365,0.4843,0.8041,-31.9453,39.4492,5.0234,other
102766,-0.0901,0.4565,0.8656,-21.9238,36.6074,0.3848,other
102789,0.0306,0.4149,0.9458,-16.8027,33.9961,-1.8711,other
102812,-0.0121,0.4639,0.9924,-11.5918,28.8027,-3.8477,other
102835,-0.0646,0.4275,0.8977,-9.7422,24.4961,-4.2324,other
102858,-0.0903,0.3613,0.8093,-9.4512,17.125,-3.4961,other
102881,-0.0308,0.2987,0.8297,-10.9082,9.4668,-1.4922,other
102904,0.0051,0.3138,0.924,-15.1055,4.5195,0.2246,other
102927,-0.0256,0.3657,0.9718,-20.4512,-1.9121,2.7754,other
102950,-0.0096,0.3749,0.896,-23.8594,-5.3398,4.1953,other
102973,-0.0225,0.3499,0.8688,-27.9355,-8.9863,5.6934,other
102996,-0.0181,0.3329,0.9403,-29.752,-10.4727,6.2812,other
103019,0.0104,0.3512,1.0162,-31.0078,-11.5898,6.6777,other
103042,0.0022,0.3197,0.9176,-30.7266,-11.7871,6.6758,other
103065,-0.0219,0.2767,0.9052,-30.0762,-11.6113,6.582,other
103088,0.022,0.2676,0.9163,-29.084,-11.0527,6.4453,other
103111,0.0154,0.2996,1.0048,-28.6094,-10.502,6.3574,other
103134,0.033,0.2975,0.9865,-28.1309,-9.3613,6.1309,other
103157,-0.0029,0.262,0.9259,-27.8105,-7.8652,5.7109,other
103180,0.014,0.2592,0.9417,-27.6836,-6.7461,5.3437,other
103203,0.0287,0.2426,0.8489,-27.5762,-5.0762,4.7305,other
103226,0.033,0.269,0.7733,-27.4531,-4.0937,4.3223,other
103249,-0.0295,0.3418,0.7181,-26.6387,-3.0137,3.7578,other
103272,-0.0469,0.4656,1.0486,-24.9883,-2.6914,3.207,other
103295,0.109,0.4435,1.0516,-19.2344,-3.2422,2.7168,other
103318,0.0968,0.3452,0.8152,-8.4453,-6.0488,1.5234,other
103341,-0.0576,0.3289,0.588,1.2031,-9.9512,0.4121,other
103364,0.0714,0.4562,0.6472,17.9824,-19.4629,-1.6523,other
103387,0.3834,0.7367,1.7312,30.1016,-27.748,-3.5117,other
103410,0.2485,0.2415,0.6144,48.6426,-41.1172,-7.5508,other
103433,-0.0228,0.5521,0.8964,63.998,-52.8789,-12.8848,other
103456,-0.0092,0.4055,0.6866,63.998,-58.3281,-16.6797,other
103479,-0.2219,0.4493,0.8469,63.998,-61.2285,-22.0684,other
103502,0.2073,0.2533,0.9918,63.998,-59.0586,-25.4922,other
103525,0.3748,0.2676,0.8677,63.998,-49.707,-31.1914,other
103548,0.1022,0.2527,0.8164,63.998,-34.2832,-38.1387,other
103571,0.0385,0.4446,0.8181,59.3184,-21.7246,-42.9395,other
103594,0.0548,0.4551,0.8225,45.4258,-1.6699,-48.4355,other
103617,-0.0881,0.4764,0.8243,34.8008,11.1582,-49.7656,other
103640,0.0007,0.5056,0.853,17.3105,27.8867,-46.9688,other
103663,0.0811,0.4805,0.8069,5.0996,40.8848,-38.5879,other
103686,-0.0491,0.5326,0.8059,-12.9375,47.5781,-30.6992,other
103709,0.0538,0.5514,0.8317,-29.2637,55.0215,-16.9512,other
103732,-0.1671,0.5825,0.8234,-38.541,58.3887,-7.3027,other
103755,-0.1665,0.5258,0.7689,-49.4141,61.293,6.8418,other
103778,-0.1229,0.5299,0.85,-54.4492,62.0117,15.5156,other
103801,-0.1785,0.4551,0.8661,-58.5488,61.4902,26.5059,other
103824,-0.1945,0.402,0.8844,-58.6113,58.9941,34.2441,other
103847,-0.1876,0.3666,0.9735,-56.6426,56.1641,37.3223,other
103870,-0.1052,0.3312,0.9402,-51.3809,50.1113,38.6855,other
103893,-0.127,0.3296,0.936,-46.9297,44.9434,37.5,other
103916,-0.1135,0.3406,0.9237,-39.9688,36.0059,33.0215,other
103939,-0.1184,0.3844,0.9684,-33.8398,26.7148,26.2012,other
103962,-0.1207,0.3807,0.9279,-30.6973,20.9375,20.9688,other
103985,-0.0994,0.3484,0.8448,-27.8516,13.4141,13.1172,other
104008,-0.1285,0.2974,0.7562,-27.291,9.168,8.459,other
104031,-0.1057,0.2751,0.8455,-28.0996,3.5527,3.1348,other
104054,-0.0363,0.2701,0.9266,-29.6641,-1.9316,0.3086,other
104077,-0.0045,0.2598,0.9053,-30.2305,-5.9785,-0.1523,other
104100,-0.0396,0.2676,0.8517,-29.4004,-13.2227,1.1172,other
104123,0.0422,0.3087,0.9081,-27.4199,-18.8945,3.0762,other
104146,0.1163,0.335,0.9912,-22.1758,-28.0605,7.1211,other
104169,-0.0549,0.4636,1.0924,-17.2578,-34.0527,10.1602,other
104192,-0.0012,0.4186,0.995,-8.3535,-41.6836,14.6543,other
104215,0.0066,0.3829,0.901,0.7285,-46.3652,18.4727,other
104238,0.0018,0.3584,0.8566,5.666,-47.3613,20.3516,other
104261,0.0148,0.3364,0.8813,9.8203,-45.5391,21.8555,other
104284,0.0347,0.327,0.9176,9.9668,-42.3809,21.8926,other
104307,0.0842,0.3052,0.9531,6.3984,-35.6328,20.4844,other
104330,0.0906,0.3185,0.9893,-0.6641,-27.8027,17.5332,other
104353,0.0914,0.3182,0.9847,-6.541,-22.7012,14.9629,other
104376,0.1223,0.261,0.9255,-16.0273,-16.1543,10.8008,other
104399,0.0748,0.2513,0.9473,-22.291,-12.9473,8.2168,other
104422,0.1154,0.2059,0.9177,-30.8672,-10.2656,5.2187,other
104445,0.1244,0.1818,0.9103,-37.7012,-10.1152,3.6445,other
104468,0.1178,0.2166,0.9503,-40.8965,-11.207,3.4062,other
104491,0.174,0.2617,1.054,-43.1602,-14.084,4.0684,other
104514,0.165,0.2369,0.9684,-42.8887,-16.4922,5.0137,other
104537,0.1807,0.1868,0.8871,-40.2656,-20.3438,6.9355,other
104560,0.1213,0.1427,0.8423,-37.5605,-22.8301,9.4551,other
104583,0.1233,0.1401,0.806,-32.8281,-26.041,10.9004,other
104606,0.1737,0.1195,0.7743,-27.4375,-28.1641,13.0664,other
104629,0.2019,0.2792,0.9529,-23.1309,-28.791,13.9492,other
104652,0.2739,0.3405,1.0757,-14.623,-28.293,13.7637,other
104675,0.3431,0.3864,1.203,-7.2109,-26.8828,12.4141,other
104698,0.136,0.3674,1.0111,6.0312,-23.0078,8.7285,other
104721,0.0668,0.2572,0.8241,19.4473,-17.0313,4.1621,other
104744,0.1023,0.2227,0.901,26.7246,-12.1738,1.4609,other
104767,0.1774,0.2567,1.0304,33.1152,-4.4844,-1.1797,other
104790,0.1858,0.2653,1.0006,33.8828,0.2949,-1.8496,other
104813,0.1436,0.3044,0.9116,29.9355,6.1445,-1.4121,other
104836,0.1783,0.2881,0.8906,20.8789,9.9961,0.25,other
104859,0.1924,0.3231,1.0411,12.9219,11.3672,1.6953,other
104882,0.1869,0.28,1.0244,-0.1406,11.6074,3.875,other
104905,0.2273,0.1925,0.9738,-8.7051,10.5859,5.1387,other
104928,0.2051,0.1613,0.9017,-20.3516,7.4336,6.6426,other
104951,0.174,0.1975,0.9486,-26.9785,4.5039,7.7422,other
104974,0.1481,0.186,0.8896,-34.7969,-0.3965,8.3125,other
104997,0.1847,0.1573,0.8608,-39.7363,-5.1074,9.0039,other
105020,0.2006,0.2013,0.9927,-41.3027,-7.8652,9.3301,other
105043,0.224,0.1984,1.0217,-40.916,-11.1602,9.4629,other
105066,0.2303,0.1851,1.007,-38.9434,-12.6562,9.2285,other
105089,0.2035,0.1486,0.9354,-34.1563,-13.6719,8.3984,other
105112,0.1736,0.1423,0.9402,-28.5273,-13.1504,7.209,other
105135,0.1985,0.1586,1.0062,-24.9883,-11.9785,6.3516,other
105158,0.2303,0.1895,1.1071,-20.6074,-9.1309,5.0469,other
105181,0.2418,0.1514,1.0142,-18.5137,-6.6289,4.168,other
105204,0.1859,0.1331,0.9469,-17.0078,-2.2754,2.9199,other
105227,0.1293,0.1567,1.0464,-17.8516,2.3379,2.0391,other
105250,0.1624,0.1437,1.0739,-19.7051,5.2578,1.7871,other
105273,0.198,0.0937,1.1023,-24.0879,9.0137,1.8711,other
105296,0.1783,0.095,1.0667,-27.8477,10.9531,2.0937,other
105319,0.146,0.0393,0.9948,-34.4297,12.9766,2.4062,other
105342,0.1174,0.0371,1.0198,-39.2969,14.3164,2.4492,bite
105365,0.104,0.009,0.9977,-46.9414,14.5957,2.207,bite
105388,0.1167,-0.0388,0.8904,-54.3555,15.2109,1.2383,bite
105411,0.0811,-0.1162,0.7334,-58.7227,15.707,0.0742,bite
105434,0.1008,-0.1505,0.7151,-63.4863,16.5117,-2.5234,bite
105457,0.1371,-0.0013,1.0841,-64.0,16.791,-4.7832,bite
105480,0.1997,0.0559,1.2698,-61.8359,16.2031,-8.8203,bite
105503,0.2162,0.0392,1.1738,-52.6328,13.9883,-13.2617,bite
105526,0.1042,0.0242,1.1233,-43.6797,11.6426,-16.0645,bite
105549,0.0514,0.0419,1.1632,-28.498,7.293,-19.3262,bite
105572,0.1749,0.0192,1.2496,-18.6543,4.2754,-20.6758,bite
105595,0.2856,-0.0258,1.345,-6.1406,0.3633,-21.7793,bite
105618,0.2729,-0.0408,1.2772,2.2695,-2.1113,-22.5684,bite
105641,0.0664,-0.0214,1.2223,5.1484,-2.7285,-23.1543,bite
105664,0.0012,0.0229,1.2435,5.4414,-1.8301,-23.8965,bite
105687,0.0448,0.0054,1.2214,3.418,0.0859,-24.0605,bite
105710,0.0986,-0.0574,1.1741,-1.8047,4.6992,-23.5781,bite
105733,0.1233,-0.1545,1.0647,-6.1426,10.0,-22.1367,bite
105756,0.0898,-0.2356,1.0122,-13.1562,14.1426,-20.5723,bite
105779,0.0758,-0.1683,0.9996,-19.9902,18.4668,-17.1582,bite
105802,0.0349,-0.1218,0.9861,-23.9395,20.3535,-14.1504,bite
105825,0.0402,-0.0568,1.036,-28.1426,21.9746,-8.7773,bite
105848,0.0394,-0.0892,0.9612,-29.5156,22.5313,-4.8984,bite
105871,0.0511,-0.1953,0.762,-29.7441,22.8242,0.834,bite
105894,0.0072,-0.2399,0.7633,-29.1445,22.2793,6.0059,bite
105917,0.045,-0.2423,0.8308,-29.0078,21.2754,8.9941,bite
105940,0.105,-0.1613,0.9821,-29.5332,18.8242,12.5547,bite
105963,0.0541,-0.1158,1.1003,-30.1855,16.7715,14.1738,bite
105986,0.0376,-0.2167,1.0275,-31.2109,13.5508,15.4766,bite
106009,0.0634,-0.2972,0.8843,-32.4141,10.5527,15.8398,bite
106032,0.0057,-0.2505,1.0165,-33.5938,8.8145,15.8672,bite
106055,0.0148,-0.2751,0.9995,-36.0313,6.8125,16.0215,bite
106078,0.0277,-0.2787,0.9246,-37.9395,5.9785,16.3672,bite
106101,-0.0328,-0.3134,0.9546,-40.8086,5.4883,17.3438,bite
106124,-0.0016,-0.3588,0.8926,-42.4531,5.6484,18.8574,bite
106147,0.0381,-0.3254,0.938,-44.1484,5.9102,20.0977,bite
106170,-0.0088,-0.2888,0.9685,-44.6934,6.25,22.1855,bite
106193,-0.0146,-0.2699,0.9807,-44.4102,6.3145,23.7168,bite
106216,-0.0046,-0.3008,1.0286,-43.2402,6.0449,26.2637,bite
106239,0.0245,-0.339,0.9846,-42.1738,5.6133,28.125,bite
106262,-0.0687,-0.3304,0.9916,-40.5645,4.709,31.0781,bite
106285,-0.037,-0.3208,0.9974,-39.2383,3.8418,34.0625,bite
106308,-0.0754,-0.2505,1.0358,-38.4883,3.5117,35.9199,bite
106331,-0.1481,-0.318,0.9945,-37.3965,3.5879,38.291,bite
106354,-0.1101,-0.3466,0.9783,-36.7148,4.002,39.5293,bite
106377,-0.1373,-0.2887,1.1055,-35.9922,4.918,40.791,bite
106400,-0.1333,-0.3124,1.0265,-35.8672,5.8105,41.2129,bite
106423,-0.1613,-0.3684,0.9406,-36.2324,6.2441,40.9375,bite
106446,-0.141,-0.3977,0.9517,-37.5781,6.502,39.6348,bite
106469,-0.1307,-0.3885,1.0233,-38.9746,6.2773,38.2266,bite
106492,-0.1377,-0.3667,1.1146,-41.5313,5.1055,35.5352,bite
106515,-0.0621,-0.3805,1.0566,-44.293,2.8086,32.4258,bite
106538,-0.0902,-0.4182,0.996,-45.7109,0.6484,30.207,bite
106561,-0.1399,-0.4568,0.9911,-47.7188,-3.3848,26.8105,bite
106584,-0.0005,-0.5328,0.9457,-48.7656,-6.3828,24.5957,bite
106607,-0.0344,-0.5454,0.943,-49.6895,-10.8301,21.4102,bite
106630,-0.1008,-0.5029,0.9984,-49.6738,-13.4902,19.4375,bite
106653,-0.0146,-0.535,0.9603,-48.3145,-16.6992,16.9043,bite
106676,-0.0441,-0.536,0.9557,-45.0176,-18.7109,14.9473,bite
106699,-0.1228,-0.5193,0.9279,-41.6914,-19.3008,13.918,bite
106722,-0.0892,-0.4888,0.8872,-35.1836,-19.0117,12.666,bite
106745,-0.0979,-0.4512,0.9862,-30.0313,-18.0547,11.8887,bite
106768,-0.0229,-0.4756,0.9783,-21.4531,-15.75,10.5254,bite
106791,-0.0479,-0.4401,0.9751,-12.3906,-12.9746,8.6836,bite
106814,-0.0277,-0.4764,0.9233,-6.4512,-11.1797,7.1758,bite
106837,-0.017,-0.48,0.9521,1.791,-8.9316,4.707,bite
106860,-0.0239,-0.5649,0.9708,6.6895,-7.8906,3.1621,bite
106883,-0.0206,-0.5592,0.9778,13.1543,-7.1426,1.4219,bite
106906,-0.0222,-0.4819,0.9941,18.7305,-7.1797,0.5039,bite
106929,-0.0172,-0.4004,0.9963,22.0293,-7.4395,0.2051,bite
106952,-0.0457,-0.3712,0.9697,26.4277,-7.8379,-0.1914,bite
106975,-0.0303,-0.3287,0.9875,29.0859,-7.875,-0.6738,bite
106998,-0.0516,-0.296,1.0029,32.9082,-7.2793,-2.0391,bite
107021,-0.0425,-0.3147,1.0204,35.4512,-6.416,-4.4102,bite
107044,-0.0132,-0.3511,1.021,39.1992,-4.666,-5.9492,bite
107067,0.0105,-0.329,1.0448,42.4414,-2.875,-8.666,bite
107090,-0.0192,-0.264,1.0396,44.0137,-1.9219,-10.3477,bite
107113,-0.0144,-0.2762,1.0178,45.166,-1.043,-12.4238,bite
107136,-0.0312,-0.26,1.0125,45.1152,-0.8262,-13.4531,bite
107159,-0.0002,-0.2572,1.0211,44.0508,-0.9668,-14.5176,bite
107182,-0.0159,-0.2455,1.0165,42.2305,-1.5176,-15.1562,bite
107205,0.009,-0.2167,1.0514,40.7813,-2.0312,-15.4102,bite
107228,-0.0084,-0.1896,1.0508,38.3887,-2.9023,-15.623,bite
107251,0.0073,-0.2579,1.0544,36.6895,-3.4805,-15.7227,bite
107274,0.0304,-0.2621,1.0361,33.9492,-4.2383,-15.9453,bite
107297,-0.042,-0.1753,0.9724,30.7539,-4.7637,-16.3438,bite
107320,-0.0159,-0.121,1.0063,28.2031,-4.918,-16.6934,bite
107343,-0.0269,-0.0718,1.0359,23.6973,-4.7949,-17.2559,other
107366,-0.058,-0.1646,0.9569,20.3125,-4.5059,-17.5723,other
107389,-0.1116,-0.1721,0.9926,14.7988,-3.9258,-17.7793,other
107412,-0.0433,-0.3009,1.0665,10.9258,-3.5664,-17.6484,other
107435,0.2427,-0.547,1.0527,4.9922,-3.2793,-17.5859,other
107458,0.071,-0.5403,1.012,-1.0645,-3.5117,-17.998,other
107481,-0.006,-0.3689,1.0974,-5.1309,-3.959,-18.6504,other
107504,0.0449,-0.3071,1.0022,-10.8633,-4.7754,-19.8867,other
107527,0.0302,-0.136,1.0865,-14.0605,-5.1641,-20.7051,other
107550,-0.0712,-0.0447,1.0403,-17.207,-5.0957,-21.7363,other
107573,-0.114,-0.0809,0.9548,-17.8828,-4.0,-22.3496,other
107596,-0.1145,-0.1532,0.9198,-17.041,-2.7598,-22.459,other
107619,-0.0481,-0.2216,0.933,-14.2773,-0.4629,-22.3574,other
107642,-0.014,-0.2554,0.9313,-11.6582,1.1113,-22.3965,other
107665,0.0266,-0.2124,1.0204,-6.7734,3.127,-23.2109,other
107688,0.0477,-0.1804,1.1078,-0.9141,4.3418,-25.3906,other
107711,0.0414,-0.256,0.9791,3.2793,4.5352,-27.5859,other
107734,0.0144,-0.2609,0.9418,9.166,3.75,-31.5117,other
107757,0.0659,-0.2094,1.0374,12.3789,2.5605,-34.2148,other
107780,0.1622,-0.17,1.1349,16.0215,0.1387,-38.0938,other
107803,0.1017,-0.1873,1.0535,17.8633,-1.6152,-41.6328,other
107826,0.0446,-0.207,0.9806,19.8691,-4.0312,-43.6074,other
107849,0.0001,-0.2058,0.9056,20.6758,-5.8926,-45.502,other
107872,-0.0209,-0.1676,0.8864,20.4648,-6.7363,-45.8594,other
107895,0.0524,-0.1216,0.9928,19.5527,-7.3066,-45.2461,other
107918,0.1395,-0.1003,1.0527,19.2246,-7.1699,-44.5039,other
107941,0.0834,-0.0856,1.0453,20.3555,-6.1035,-43.752,other
107964,-0.0275,-0.0178,0.9673,24.0586,-3.877,-43.873,other
107987,-0.0918,-0.0195,0.9221,27.7793,-1.6621,-44.2871,other
108010,0.0129,0.0347,1.0048,34.5449,2.8398,-44.998,other
108033,-0.004,0.0266,1.0164,39.5488,6.6738,-45.4766,other
108056,-0.0808,-0.0061,0.8939,47.459,13.8145,-46.373,other
108079,-0.2094,-0.0676,0.8445,55.1602,22.4297,-47.4844,other
108102,0.0427,-0.0831,1.2645,59.6758,28.2402,-48.1426,other
108125,0.1322,0.0322,1.3409,63.998,34.5156,-48.6602,other
108148,0.0144,0.103,1.1199,63.998,35.584,-48.5195,other
108171,-0.1693,0.1046,0.9456,63.998,31.8867,-47.1895,other
108194,-0.1428,0.1479,0.9124,63.998,23.7715,-44.1172,other
108217,-0.0768,0.2324,0.9502,63.998,17.5625,-41.1289,other
108240,-0.0734,0.2745,0.9421,63.998,9.168,-35.7871,other
108263,0.037,0.5352,1.2227,63.998,5.1113,-32.1895,other
108286,-0.0787,0.6333,1.3214,63.998,2.3555,-27.668,other
108309,-0.2275,0.4524,1.0256,63.998,2.8379,-25.3711,other
108332,-0.174,0.3685,0.8795,63.998,6.0176,-22.3496,other
108355,-0.1558,0.3268,0.859,63.998,10.1621,-18.9746,other
108378,-0.1467,0.3365,0.9214,63.998,12.5566,-16.4473,other
108401,-0.1384,0.3947,1.0449,56.8184,14.959,-12.6602,other
108424,-0.1312,0.3442,1.0043,46.4434,15.6738,-10.4609,other
108447,-0.1282,0.3212,0.9731,30.1328,15.3457,-7.9629,other
108470,-0.155,0.3575,1.0021,14.6504,13.3379,-6.375,other
108493,-0.1973,0.3293,0.9545,5.457,11.2012,-5.6523,other
108516,-0.1718,0.292,0.9237,-6.127,7.1465,-4.7793,other
108539,-0.1263,0.2788,0.9487,-12.3301,4.1172,-4.2715,other
108562,-0.1304,0.2782,0.9734,-19.4961,-0.5078,-3.752,other
108585,-0.1335,0.244,1.0092,-22.9746,-4.8066,-3.8535,other
108608,-0.0376,0.2136,0.9845,-26.5547,-7.3574,-4.4297,other
108631,-0.0399,0.2189,0.989,-28.6875,-10.7734,-6.1465,other
108654,-0.08,0.2197,0.9843,-29.5898,-12.8242,-7.7598,other
108677,-0.0348,0.2136,1.0063,-30.4492,-15.4961,-10.4238,other
108700,-0.0552,0.1991,0.9072,-30.7227,-16.8965,-12.041,other
108723,-0.2031,0.1891,0.8364,-30.5137,-18.0469,-13.748,other
108746,-0.2194,0.1807,0.8757,-29.25,-17.4883,-14.1621,other
108769,-0.1044,0.1605,0.8939,-27.6934,-16.0156,-13.666,other
108792,-0.0521,0.1451,0.925,-24.3125,-12.4727,-12.1055,other
108815,-0.0605,0.1814,0.9625,-21.4727,-9.6289,-10.8086,other
108838,-0.1321,0.1945,0.9484,-16.5762,-5.3691,-8.7891,other
108861,-0.1404,0.2177,0.9293,-11.252,-1.7148,-6.7129,other
108884,-0.1465,0.2512,0.9341,-7.6504,0.2187,-5.2461,other
108907,-0.1445,0.2932,0.9617,-2.377,2.3164,-2.9082,other
108930,-0.1471,0.3044,0.9974,0.9453,3.1973,-1.3125,other
108953,-0.1541,0.2859,1.0034,5.3906,3.8086,0.9219,other
108976,-0.1831,0.2777,1.0146,8.7871,3.6191,2.5996,other
108999,-0.1659,0.2612,1.0,10.1562,3.1035,3.2012,other
109022,-0.1118,0.2407,0.9733,10.75,1.8867,3.0898,other
109045,-0.1008,0.2327,0.9576,10.123,0.8887,2.252,other
109068,-0.1331,0.2367,0.9609,7.8906,-0.6387,-0.1406,other
109091,-0.1354,0.2269,0.9474,5.8105,-1.5176,-2.3633,other
109114,-0.1355,0.214,0.9524,2.3437,-2.4102,-6.2578,other
109137,-0.1233,0.1877,0.9561,-1.002,-2.7148,-10.2812,other
109160,-0.0972,0.1715,0.9355,-2.9844,-2.6504,-12.7422,other
109183,-0.0884,0.1605,0.9246,-5.5234,-2.3809,-15.7051,other
109206,-0.1042,0.1915,0.9497,-6.9102,-2.2422,-16.9824,other
109229,-0.1176,0.1919,0.9841,-8.4082,-2.2715,-17.5996,other
109252,-0.106,0.2042,0.9928,-8.9336,-2.6133,-16.6094,other
109275,-0.1227,0.2123,0.9647,-8.6562,-2.9805,-15.1602,other
109298,-0.1306,0.2332,0.9565,-7.3828,-3.6426,-12.0781,other
109321,-0.1532,0.2549,0.9609,-6.0918,-4.0762,-9.6074,other
109344,-0.1412,0.2617,0.9651,-3.7656,-4.5391,-5.6387,other
109367,-0.1158,0.2579,0.9651,-1.3242,-4.625,-1.8477,other
109390,-0.1327,0.2554,0.958,0.168,-4.4434,0.3203,other
109413,-0.1329,0.2603,0.9622,1.9316,-3.8633,2.7891,other
109436,-0.1307,0.2477,0.9617,2.6895,-3.3184,3.8574,other
109459,-0.1218,0.2361,0.9567,3.1523,-2.3887,4.6055,other
109482,-0.1248,0.2373,0.9585,3.0547,-1.7676,4.084,other
109505,-0.125,0.2478,0.9656,2.4687,-0.9238,3.9355,other
109528,-0.1184,0.2513,0.9689,1.6094,-0.2539,2.8066,other
109551,-0.1245,0.2351,0.9237,0.9961,0.0605,1.9512,other
109574,-0.1368,0.2427,0.9282,0.0625,0.293,0.7656,other
109597,-0.1281,0.2496,0.9524,-0.541,0.2852,0.1621,other
109620,-0.1252,0.2443,0.9525,-1.3262,0.0547,-0.3613,other
109643,-0.1196,0.2427,0.9523,-1.8691,-0.3809,-0.4258,other
109666,-0.1232,0.2433,0.9503,-2.0859,-0.748,-0.25,other
109689,-0.1239,0.2632,0.9603,-2.209,-1.3438,0.2539,other
109712,-0.1212,0.2719,0.9733,-2.1699,-1.7148,0.6855,other
109735,-0.1145,0.2736,0.9675,-1.9668,-2.1699,1.3594,other
109758,-0.1143,0.2615,0.9503,-1.7109,-2.4766,1.9375,other
109781,-0.1178,0.2759,0.9719,-1.5898,-2.5996,2.2187,other
109804,-0.137,0.2657,0.954,-1.5293,-2.6484,2.4414,other
109827,-0.115,0.2645,0.9573,-1.5801,-2.5898,2.4531,other
109850,-0.1176,0.2582,0.9594,-1.7891,-2.3789,2.248,other
109873,-0.1189,0.2448,0.9398,-2.0078,-2.1777,1.7773,other
109896,-0.1136,0.2399,0.9297,-2.4414,-1.8398,1.3438,other
109919,-0.1196,0.2454,0.9535,-2.959,-1.5137,0.5996,other
109942,-0.1169,0.2531,0.9535,-3.293,-1.3301,0.1055,other
109965,-0.1238,0.2452,0.9395,-3.6875,-1.1367,-0.5176,other
109988,-0.1057,0.2555,0.9491,-3.8535,-1.0684,-0.8086,other
110011,-0.1204,0.2618,0.9562,-3.918,-1.0488,-1.0254,other
110034,-0.1129,0.2621,0.9552,-3.7422,-1.0898,-0.9883,other
110057,-0.1117,0.2747,0.96,-3.502,-1.127,-0.8438,other
110080,-0.1339,0.2683,0.944,-3.0215,-1.1816,-0.4902,other
110103,-0.1198,0.2576,0.932,-2.6895,-1.2109,-0.1836,other
110126,-0.1176,0.2629,0.9565,-2.2852,-1.2598,0.3223,other
110149,-0.1138,0.2743,0.9668,-2.0312,-1.3301,0.7793,other
110172,-0.1089,0.2686,0.9624,-1.9375,-1.3965,1.0039,other
110195,-0.1154,0.2557,0.9447,-1.9316,-1.5215,1.1816,other
110218,-0.1021,0.2632,0.9563,-2.0469,-1.6152,1.1875,other
110241,-0.1179,0.2628,0.9572,-2.3926,-1.7363,1.041,other
110264,-0.1208,0.2599,0.9567,-2.6953,-1.7773,0.7598,other
110287,-0.1075,0.2504,0.9418,-3.1816,-1.7461,0.5293,other
110310,-0.1101,0.2506,0.9423,-3.6504,-1.6113,0.1582,other
110333,-0.1064,0.2568,0.9569,-3.9297,-1.4766,-0.0781,other
110356,-0.1161,0.265,0.952,-4.2441,-1.2363,-0.3633,other
110379,-0.1172,0.2649,0.9615,-4.3652,-1.0605,-0.4746,other
110402,-0.1002,0.2552,0.9452,-4.3945,-0.7949,-0.5059,other
110425,-0.1132,0.2635,0.9486,-4.2676,-0.5469,-0.3965,other
110448,-0.1256,0.2795,0.9583,-4.1133,-0.3906,-0.2598,other
110471,-0.1273,0.2823,0.9557,-3.7852,-0.1348,0.0176,other
110494,-0.1318,0.2614,0.931,-3.5254,0.0645,0.2187,other
110517,-0.1178,0.2576,0.9285,-3.1797,0.3574,0.4902,other
110540,-0.1206,0.2686,0.965,-3.0059,0.5527,0.6523,other
110563,-0.1099,0.2549,0.9506,-3.0039,0.5898,0.6699,other
110586,-0.1014,0.2455,0.9421,-3.166,0.4727,0.5449,other
110609,-0.1117,0.2566,0.9536,-3.3711,0.2773,0.3848,other
110632,-0.1165,0.2635,0.9556,-3.7461,-0.1406,0.1016,other
110655,-0.1205,0.2545,0.941,-3.9805,-0.957,-0.123,other
110678,-0.1084,0.2679,0.9572,-4.248,-0.9141,-0.1992,other
110701,-0.1185,0.2648,0.9463,-4.3574,-1.2754,-0.1934,other
110724,-0.1125,0.2637,0.951,-4.3379,-1.4355,-0.1191,other
110747,-0.1123,0.2731,0.9557,-4.1953,-1.5449,0.0586,other
110770,-0.1182,0.2682,0.96,-4.0527,-1.541,0.1992,other
110793,-0.1154,0.249,0.9247,-3.8066,-1.4395,0.4082,other
110816,-0.1144,0.2596,0.9336,-3.5918,-1.2637,0.5937,other
110839,-0.1238,0.2682,0.9614,-3.4746,-1.1211,0.6973,other
110862,-0.1077,0.2579,0.9519,-3.3047,-0.9004,0.8242,other
110885,-0.1085,0.2598,0.9429,-3.2031,-0.7734,0.8906,other
110908,-0.1207,0.2675,0.9487,-3.1152,-0.668,0.9727,other
110931,-0.1143,0.266,0.9524,-3.1523,-0.6816,1.0586,other
110954,-0.1045,0.2686,0.9586,-3.2324,-0.748,1.1113,other
110977,-0.1119,0.2749,0.9628,-3.377,-0.8906,1.1563,other
111000,-0.1132,0.2738,0.9562,-3.4609,-0.9844,1.1465,other
111023,-0.1111,0.262,0.9448,-3.5566,-1.0781,1.0762,other
111046,-0.1051,0.2732,0.9607,-3.6152,-1.084,0.9434,other
111069,-0.1198,0.2709,0.9589,-3.7109,-1.0293,0.8281,other
111092,-0.1165,0.2603,0.9348,-3.8262,-0.8594,0.6406,other
111115,-0.1252,0.2625,0.9281,-3.9453,-0.6992,0.5215,other
111138,-0.1256,0.2754,0.9395,-4.2031,-0.416,0.375,other
111161,-0.1293,0.2751,0.9442,-4.4121,-0.2168,0.2988,other
111184,-0.1158,0.269,0.9547,-4.7168,0.0508,0.1973,other
111207,-0.1141,0.2605,0.9529,-4.9512,0.2207,0.0586,other
111230,-0.1171,0.2507,0.9429,-5.0527,0.2598,-0.0859,other
111253,-0.1104,0.2455,0.9382,-5.1328,0.207,-0.3867,other
111276,-0.1163,0.2518,0.9493,-5.1426,0.1152,-0.623,other
111299,-0.1173,0.2589,0.9457,-5.082,-0.0801,-0.9688,other
111322,-0.1119,0.2634,0.9431,-4.9258,-0.3125,-1.2148,other
111345,-0.1161,0.2687,0.9515,-4.7734,-0.4805,-1.2871,other
111368,-0.1248,0.2672,0.9579,-4.4941,-0.7383,-1.2324,other
111391,-0.1101,0.269,0.957,-4.2871,-0.9043,-1.0977,other
111414,-0.113,0.2587,0.9468,-3.9863,-1.1328,-0.793,other
111437,-0.113,0.2719,0.9539,-3.8281,-1.3262,-0.4473,other
111460,-0.1251,0.2726,0.9562,-3.6816,-1.4258,-0.2324,other
111483,-0.1112,0.266,0.9482,-3.6406,-1.4941,0.0137,other
111506,-0.1146,0.2627,0.9579,-3.6641,-1.4805,0.1074,other
111529,-0.1217,0.2556,0.9465,-3.7637,-1.3848,0.1211,other
111552,-0.1086,0.2577,0.955,-3.8691,-1.2793,0.0488,other
111575,-0.115,0.2546,0.948,-4.0723,-1.0781,-0.1621,other
111598,-0.1184,0.2583,0.951,-4.2949,-0.8457,-0.4531,other
111621,-0.1152,0.2587,0.9546,-4.4375,-0.6875,-0.6484,other
111644,-0.1095,0.2554,0.9592,-4.627,-0.4746,-0.8789,other
111667,-0.1243,0.2555,0.9475,-4.7422,-0.3652,-0.957,other
111690,-0.1239,0.2557,0.9489,-4.9102,-0.2559,-0.916,other
111713,-0.1162,0.2551,0.9528,-5.0684,-0.1992,-0.6973,other
111736,-0.1158,0.2648,0.9545,-5.1523,-0.1797,-0.4902,other
111759,-0.1277,0.2626,0.9476,-5.2305,-0.1699,-0.1504,other
111782,-0.1219,0.2549,0.948,-5.248,-0.1738,0.0625,other
111805,-0.1111,0.2572,0.9562,-5.2324,-0.1816,0.3164,other
111828,-0.1212,0.2484,0.9508,-5.1719,-0.1934,0.4355,other
111851,-0.1191,0.2543,0.9496,-5.1172,-0.2051,0.4355,other
111874,-0.12,0.2604,0.9585,-5.0195,-0.2285,0.3457,other
111897,-0.1228,0.2609,0.9565,-4.9414,-0.2422,0.25,other
111920,-0.1176,0.2504,0.9459,-4.8164,-0.2598,0.0957,other
111943,-0.1205,0.2484,0.9397,-4.7422,-0.2734,-0.4941,other
111966,-0.1279,0.2539,0.9435,-4.6602,-0.293,-0.0996,other
111989,-0.1338,0.2457,0.9359,-4.5937,-0.3047,-0.1523,other
112012,-0.118,0.2444,0.9419,-4.541,-0.3145,-0.1523,other
112035,-0.1117,0.2458,0.9498,-4.4297,-0.3535,-0.1211,other
112058,-0.1117,0.2437,0.9531,-4.3223,-0.418,-0.0879,other
112081,-0.1077,0.2581,0.9675,-4.0996,-0.5996,-0.0137,other
112104,-0.114,0.2603,0.962,-3.7969,-0.873,0.123,other
112127,-0.1196,0.2643,0.9521,-3.5684,-1.084,0.2715,other
112150,-0.1221,0.2739,0.9594,-3.2461,-1.3848,0.5977,other
112173,-0.1261,0.271,0.9563,-3.0703,-1.541,0.873,other
112196,-0.1149,0.2684,0.9559,-2.8887,-1.6621,1.3047,other
112219,-0.1176,0.2625,0.9512,-2.8262,-1.6328,1.6523,other
112242,-0.115,0.2582,0.9528,-2.8594,-1.543,1.793,other
112265,-0.1132,0.2638,0.9589,-3.0234,-1.3438,1.8477,other
112288,-0.115,0.2543,0.9543,-3.2012,-1.1875,1.7793,other
112311,-0.1169,0.2466,0.9435,-3.541,-0.9414,1.541,other
112334,-0.1155,0.2502,0.9391,-3.7988,-0.7773,1.3086,other
112357,-0.12,0.2471,0.9507,-4.1816,-0.5449,0.8926,other
112380,-0.108,0.2462,0.9498,-4.4824,-0.3477,0.4844,other
112403,-0.0994,0.2325,0.9442,-4.6172,-0.2539,0.2676,other
112426,-0.0669,0.2322,0.9623,-4.7207,-0.2031,0.1211,other
112449,0.0029,0.2168,1.02,-4.7344,-0.25,0.207,other
112472,0.11,0.1573,1.0681,-4.6953,-0.4824,0.8047,other
112495,0.2021,0.0402,1.0049,-4.7129,-0.9492,2.4609,other
112518,0.16,0.1027,0.8928,-4.8789,-1.3652,4.6973,other
112541,-0.225,0.3132,0.8822,-5.3359,-1.709,11.0156,other
112564,-0.385,0.4198,0.9557,-5.4258,-1.166,17.8438,other
112587,-0.2292,0.3857,0.8632,-4.291,1.8125,31.752,other
112610,-0.1233,0.3927,0.8562,-1.0313,7.5527,47.4434,other
112633,-0.1925,0.4163,0.8522,2.1562,12.3691,56.875,other
112656,-0.1949,0.4412,0.8671,7.6172,19.6934,63.998,other
112679,-0.1708,0.433,0.8845,11.1152,23.793,63.998,other
112702,-0.1448,0.4031,0.9053,15.2168,27.5566,63.998,other
112725,-0.0917,0.3641,0.9209,16.7871,28.0391,60.4824,other
112748,-0.0748,0.3398,0.9386,17.0684,25.5664,52.4199,other
112771,-0.0931,0.3187,0.9335,14.9785,19.8438,37.8672,other
112794,-0.0974,0.3082,0.9333,12.5645,14.8613,27.5879,other
112817,-0.0748,0.299,0.9438,8.082,6.8535,12.9199,other
112840,-0.0404,0.2941,0.9521,4.9531,1.8438,4.3477,other
112863,-0.0344,0.2769,0.9384,0.6582,-4.2578,-5.9219,other
112886,-0.076,0.2759,0.9152,-2.7363,-8.0332,-12.5801,other
112909,-0.0688,0.2859,0.9204,-4.4082,-9.1172,-14.9023,other
112932,-0.028,0.2966,0.9496,-6.0215,-8.6973,-15.3516,other
112955,-0.0588,0.3112,0.9365,-6.5137,-7.252,-13.8711,other
112978,-0.0669,0.2887,0.9198,-6.4727,-3.8711,-9.5117,other
113001,0.0007,0.2828,0.9244,-5.6895,0.1992,-3.2617,other
113024,-0.0223,0.3096,0.9266,-4.8652,2.8848,1.5977,other
113047,-0.0695,0.3473,0.9562,-3.3184,6.4668,9.5312,other
113070,-0.0841,0.36,0.9419,-2.1387,8.4746,15.0879,other
113093,-0.104,0.3553,0.8925,-0.2441,10.9902,23.4922,other
113116,-0.078,0.3567,0.8583,1.0391,13.4277,31.3887,other
113139,-0.1079,0.4116,0.8871,2.9492,14.3574,35.9824,other
113162,-0.1721,0.4395,0.913,4.9316,16.1328,41.3281,other
113185,-0.1106,0.432,0.8945,6.3437,17.2695,43.627,other
113208,-0.1256,0.4091,0.8492,8.4473,18.8398,44.8828,other
113231,-0.1407,0.3986,0.837,9.6055,19.7012,44.2109,other
113254,-0.1548,0.4099,0.8436,10.5605,20.4883,41.1211,other
113277,-0.161,0.4011,0.8234,10.3164,20.3887,36.0137,other
113300,-0.1217,0.394,0.8339,9.4902,19.6699,31.8105,other
113323,-0.0891,0.4044,0.8794,7.5391,17.4766,24.7617,other
113346,-0.0872,0.4255,0.9258,6.0547,15.2949,19.7871,other
113369,-0.0969,0.424,0.9272,4.0781,11.2148,12.2832,other
113392,-0.0881,0.3846,0.8812,2.6855,6.6934,5.2148,other
113415,-0.0759,0.3777,0.8774,2.0254,3.7461,1.0039,other
113438,-0.0978,0.3848,0.8837,1.2148,-0.1738,-4.2715,other
113461,-0.088,0.3824,0.8794,0.707,-2.2715,-6.9844,other
113484,-0.0793,0.3727,0.8746,-0.0703,-4.4863,-9.7754,other
113507,-0.0837,0.3705,0.8716,-0.6113,-5.625,-11.0937,other
113530,-0.0922,0.3809,0.89,-1.4258,-5.8887,-11.2324,other
113553,-0.0941,0.3875,0.8867,-2.1504,-5.7441,-10.5078,other
113576,-0.0897,0.3804,0.882,-2.5391,-5.3965,-9.5293,other
113599,-0.0753,0.3807,0.8777,-2.957,-4.6602,-7.5859,other
113622,-0.0906,0.395,0.8807,-3.1348,-4.1055,-6.1328,other
113645,-0.1108,0.4001,0.8793,-3.2578,-3.2891,-3.9316,other
113668,-0.0957,0.3967,0.8777,-3.2422,-2.5664,-1.9023,other
113691,-0.0713,0.3954,0.8818,-3.1855,-2.1641,-0.7383,other
113714,-0.0876,0.392,0.8788,-3.0801,-1.7012,0.6152,other
113737,-0.1093,0.4,0.879,-3.0254,-1.4824,1.2422,other
113760,-0.0996,0.406,0.8802,-2.9785,-1.2676,1.8223,other
113783,-0.0929,0.3954,0.8673,-2.9648,-1.1426,2.0332,other
113806,-0.0842,0.3937,0.871,-2.9687,-1.0996,1.9844,other
113829,-0.0848,0.3972,0.88,-2.9883,-1.0957,1.6563,other
113852,-0.0913,0.3914,0.8848,-2.9922,-1.1348,1.2988,other
113875,-0.0875,0.3837,0.8783,-2.9746,-1.2363,0.6621,other
113898,-0.0809,0.3805,0.8755,-2.959,-1.3613,0.0449,other
113921,-0.0715,0.3723,0.8715,-2.9414,-1.4395,-0.2852,other
113944,-0.0747,0.3854,0.8853,-2.8965,-1.5195,-0.5801,other
113967,-0.1045,0.3899,0.8811,-2.7852,-1.5254,-0.6211,other
113990,-0.1198,0.4028,0.8855,-2.3848,-1.416,-0.4277,other
114013,-0.0922,0.4188,0.9218,-1.9199,-1.2344,-0.1699,other
114036,-0.0941,0.3898,0.8885,-0.9336,-0.7773,0.2402,other
114059,-0.106,0.3887,0.881,0.1973,-0.0762,0.4102,other
114082,-0.1356,0.3877,0.8868,0.8711,0.5469,0.2695,other
114105,-0.1018,0.3766,0.8867,1.5957,1.7578,-0.4629,other
114128,-0.0433,0.4012,0.8866,1.8672,2.7676,-1.3652,other
114151,-0.0836,0.4113,0.8599,2.0547,4.5742,-3.3535,other
114174,-0.1228,0.4121,0.8036,2.1543,6.6406,-5.75,other
114197,-0.1224,0.4413,0.8257,2.2637,8.0586,-7.2109,other
114220,-0.1178,0.4636,0.863,2.6465,10.0312,-8.6309,other
114243,-0.1304,0.4611,0.8109,3.1211,11.1211,-8.8262,other
114266,-0.2037,0.4464,0.7445,4.0977,12.2871,-7.8086,other
114289,-0.2224,0.4628,0.762,5.1055,12.7969,-5.2754,other
114312,-0.2117,0.4482,0.7952,5.6816,12.6934,-2.9609,other
114335,-0.1091,0.4475,0.8718,6.4102,11.7051,0.7891,other
114358,-0.1222,0.464,0.9094,6.8789,10.4316,2.9785,other
114381,-0.1328,0.473,0.9067,7.6484,7.6836,5.125,other
114404,-0.1252,0.4307,0.834,8.125,5.4551,5.6172,other
114427,-0.108,0.4261,0.8186,8.4238,1.8926,5.0078,other
114450,-0.1244,0.4523,0.8441,7.8496,-1.4492,3.1738,other
114473,-0.1212,0.4551,0.8368,6.9453,-3.3125,1.5938,other
114496,-0.1338,0.4548,0.8356,4.9766,-5.3145,-0.7695,other
114519,-0.1299,0.4489,0.8295,3.4043,-6.0684,-2.0645,other
114542,-0.1332,0.4519,0.8351,0.9375,-6.3789,-3.2773,other
114565,-0.141,0.4576,0.847,-1.3418,-5.9043,-3.5254,other
114588,-0.1229,0.4462,0.8392,-2.6035,-5.2793,-3.2324,other
114611,-0.1365,0.4397,0.8303,-3.9863,-4.0898,-2.3633,other
114634,-0.1378,0.4358,0.8477,-4.5625,-3.2305,-1.6523,other
114657,-0.1184,0.4381,0.8676,-4.9473,-1.9844,-0.6367,other
114680,-0.1777,0.4297,0.8599,-4.8145,-0.8574,0.0742,other
114703,-0.1475,0.3945,0.835,-4.4629,-0.1367,0.2734,other
114726,-0.0558,0.3619,0.8052,-3.5098,1.0605,-0.0215,other
114749,-0.1154,0.3722,0.8043,-2.4805,2.0469,-0.7168,other
114772,-0.1204,0.4358,0.8315,0.0723,4.0156,-2.457,other
114795,-0.1528,0.4607,0.787,2.7969,5.7793,-4.9199,other
114818,-0.1969,0.491,0.6505,8.8594,9.248,-6.1426,other
114841,-0.3544,0.676,0.6887,17.1973,13.6562,-7.8047,other
114864,-0.2986,0.7766,0.7689,23.6445,16.8809,-8.334,other
114887,-0.2762,0.6472,0.6487,33.6191,21.4395,-8.25,other
114910,-0.2341,0.5934,0.6151,39.7246,23.8262,-7.875,other
114933,-0.243,0.5856,0.6212,46.8848,25.8105,-7.5156,other
114956,-0.2083,0.5626,0.6947,50.8262,25.6035,-8.123,other
114979,-0.3051,0.5969,0.6331,51.5332,24.3086,-9.2461,other
115002,-0.2163,0.6219,0.7092,49.8691,20.9668,-11.8301,other
115025,-0.2649,0.6029,0.6512,47.1777,18.0391,-13.918,other
115048,-0.3043,0.5988,0.6296,41.332,12.9004,-17.0742,other
115071,-0.3219,0.6031,0.6276,34.123,7.1602,-19.6973,other
115094,-0.2219,0.6237,0.6958,29.1074,3.1621,-21.0195,other
115117,-0.1418,0.5892,0.7417,22.1914,-2.8164,-22.5449,other
115140,-0.2926,0.5759,0.6383,18.4375,-6.5703,-23.4043,other
115163,-0.202,0.6615,0.7109,14.5234,-11.3496,-24.5,other
115186,-0.2703,0.6715,0.7286,13.0996,-13.7129,-25.1914,other
115209,-0.2896,0.7181,0.8259,12.332,-15.8613,-25.2363,other
115232,-0.2856,0.7484,0.8822,11.9004,-16.5762,-24.3359,other
115255,-0.2384,0.6343,0.7504,10.6074,-16.5996,-22.9453,other
115278,-0.2786,0.4437,0.511,4.8359,-16.748,-19.584,other
115301,-0.3253,0.4135,0.5234,-2.5937,-17.3496,-16.5488,other
115324,-0.2712,0.4363,0.6328,-18.957,-19.375,-11.2578,other
115347,-0.2119,0.4191,0.6954,-38.5586,-22.8008,-6.1113,other
115370,-0.1077,0.3975,0.715,-50.9316,-25.8027,-3.4297,other
115393,-0.2052,0.4164,0.7136,-64.0,-31.1855,-1.25,other
115416,-0.2125,0.4564,0.7158,-64.0,-35.1504,-1.1191,other
115439,-0.1721,0.481,0.7345,-64.0,-41.1621,-2.625,other
115462,-0.1022,0.4692,0.7614,-54.3301,-46.6367,-5.6504,other
115485,-0.0491,0.4585,0.7424,-41.3496,-49.6953,-8.2207,other
115508,0.0184,0.5248,0.7078,-17.293,-53.0605,-12.4141,other
115531,-0.0509,0.5936,0.8749,0.2363,-54.3906,-15.0332,other
115554,0.0192,0.5968,0.8234,26.1523,-55.1563,-17.7305,other
115577,-0.0386,0.5393,0.788,41.6875,-54.5879,-17.6914,other
115600,-0.1285,0.4854,0.683,59.9805,-54.5801,-15.582,other
115623,-0.0389,0.4698,0.5747,63.998,-53.8047,-9.1328,other
115646,0.016,0.5699,0.8448,63.998,-53.1113,-3.041,other
115669,0.0659,0.7899,0.8778,63.998,-51.7422,7.4805,other
115692,0.005,0.4756,0.6453,63.6094,-50.6523,14.6074,other
115715,0.0157,0.5614,0.7048,50.6035,-48.7383,24.4785,other
115738,0.1089,0.5684,0.7274,32.4844,-46.1543,32.7207,other
115761,0.0648,0.5864,0.7225,18.1602,-43.8398,37.0996,other
115784,0.0842,0.5791,0.7579,-5.1855,-39.2363,41.9043,other
115807,0.0756,0.5717,0.7699,-20.873,-35.3555,43.9375,other
115830,0.1284,0.5134,0.8079,-42.5801,-28.4297,45.25,other
115853,0.0984,0.575,0.8097,-59.9746,-20.5391,44.4297,other
115876,0.0778,0.5737,0.7889,-64.0,-14.9492,42.6504,other
115899,0.0646,0.5215,0.7999,-64.0,-6.3535,38.1035,other
115922,0.1501,0.5309,0.8138,-64.0,-0.6973,33.877,other
115945,0.062,0.5575,0.7925,-64.0,7.1797,26.0527,other
115968,-0.0232,0.5026,0.792,-64.0,13.6855,17.1758,other
115991,0.0165,0.486,0.824,-56.9297,16.9688,11.1719,other
116014,0.1552,0.469,0.8387,-44.7402,20.0938,2.5371,other
116037,-0.0726,0.4707,0.8329,-36.5879,20.9375,-2.8262,other
116060,0.0442,0.4762,0.8373,-25.3906,20.4531,-9.9551,other
116083,0.0187,0.3665,0.8779,-19.0488,19.1406,-13.9648,other
116106,0.0808,0.3312,0.9026,-11.6523,16.1484,-18.8262,other
116129,-0.0068,0.3359,0.9044,-6.9609,12.7676,-22.373,other
116152,0.1266,0.4048,0.8708,-5.3203,10.8926,-24.0957,other
116175,0.0229,0.4275,0.8724,-4.9336,9.4727,-25.8203,other
116198,0.0377,0.5071,0.8629,-5.8711,9.752,-26.3281,other
116221,0.0603,0.5192,0.8558,-8.5684,12.0762,-25.8301,other
116244,0.0038,0.4912,0.8091,-11.9668,16.0742,-23.3672,other
116267,-0.2899,0.4207,0.7897,-14.127,19.0371,-20.334,other
116290,-0.1128,0.5148,0.8267,-16.6348,22.9492,-13.5371,other
116313,-0.0898,0.4368,0.8384,-17.6387,24.8184,-7.918,other
116336,-0.0952,0.4102,0.8406,-18.1074,26.2656,0.7676,other
116359,-0.0674,0.4005,0.8612,-17.8438,26.3613,8.002,bite
116382,-0.0704,0.423,0.8536,-16.9863,26.0273,11.2793,bite
116405,-0.095,0.4382,0.8771,-16.1738,25.4805,13.4531,bite
116428,-0.0797,0.4191,0.8765,-15.9512,25.2891,13.209,bite
116451,-0.1664,0.434,0.9005,-16.3027,25.3125,11.0352,bite
116474,-0.1498,0.4512,0.9136,-17.002,25.3945,8.957,bite
116497,-0.1338,0.4172,0.895,-18.6777,25.2031,5.791,bite
116520,-0.1124,0.3782,0.8661,-20.9727,24.0527,3.2852,bite
116543,-0.1506,0.3729,0.8424,-22.7227,22.457,2.207,bite
116566,-0.1146,0.3748,0.9222,-25.4082,18.6523,1.5723,bite
116589,-0.1133,0.3577,0.9363,-27.0566,15.2539,1.7344,bite
116612,-0.1021,0.326,0.8966,-29.082,9.166,2.5879,bite
116635,-0.0688,0.3126,0.8929,-30.5059,2.4883,3.7734,bite
116658,-0.0912,0.3176,0.9261,-31.1445,-1.8535,4.5195,bite
116681,-0.0887,0.3422,0.9761,-31.6699,-7.5254,5.3242,bite
116704,-0.1165,0.3114,0.8959,-31.7637,-10.4512,5.5859,bite
116727,-0.0964,0.2738,0.897,-31.6738,-13.3008,5.5469,bite
116750,-0.0791,0.2457,0.8633,-31.5098,-14.2559,4.9824,bite
116773,-0.0623,0.2476,0.9784,-31.3184,-13.9219,4.293,bite
116796,-0.0502,0.3054,1.0027,-30.5508,-12.1738,2.7852,bite
116819,-0.1223,0.313,0.9186,-29.5293,-10.3418,1.5371,bite
116842,-0.1127,0.2615,0.8835,-27.3418,-7.002,-0.416,bite
116865,-0.0999,0.2345,0.9064,-25.6797,-4.6445,-1.5996,bite
116888,-0.0713,0.2487,1.0037,-23.1719,-1.2383,-3.0801,bite
116911,-0.0715,0.288,1.0831,-20.6895,1.7813,-4.2363,bite
116934,-0.1144,0.2858,0.9587,-19.0918,3.4277,-4.8164,bite
116957,-0.1195,0.2412,0.8719,-17.2109,5.043,-5.25,bite
116980,-0.0955,0.1875,0.9144,-16.6289,5.4199,-5.1641,bite
117003,-0.0895,0.2162,0.9769,-16.9434,4.8848,-4.4844,bite
117026,-0.0814,0.2063,0.9927,-18.2773,3.2324,-3.3652,bite
117049,-0.0548,0.2406,1.0374,-19.3496,1.7031,-2.5293,bite
117072,-0.106,0.2533,0.9865,-20.7363,-0.9043,-1.3145,bite
117095,-0.1259,0.2433,0.9592,-21.4082,-2.6875,-0.5527,bite
117118,-0.0763,0.1937,0.944,-22.1914,-5.2812,0.5508,bite
117141,-0.0475,0.1636,0.9788,-23.0195,-7.8516,1.6016,bite
117164,-0.0441,0.1603,1.014,-23.6855,-9.6719,2.2402,bite
117187,-0.026,0.2067,1.0891,-24.7383,-12.6699,3.0527,bite
117210,-0.0288,0.2391,1.0789,-25.3555,-14.8086,3.4785,bite
117233,-0.072,0.2043,0.9933,-26.1328,-18.0996,3.9629,bite
117256,-0.0552,0.1654,0.9357,-26.7051,-20.3125,4.2363,bite
117279,0.0093,0.1304,0.9303,-27.9102,-23.5898,4.5801,bite
117302,0.0937,0.0883,0.9559,-29.4688,-26.6426,4.627,bite
117325,0.0618,0.0746,0.9908,-30.4063,-28.4746,4.3535,bite
117348,0.0399,0.1309,1.0343,-30.9746,-30.7227,3.4941,bite
117371,0.0397,0.1436,1.0394,-30.4766,-31.6563,2.75,bite
117394,0.0477,0.167,1.0222,-28.2539,-31.8535,1.666,bite
117417,0.0388,0.1708,1.0148,-24.5293,-30.4844,0.8555,bite
117440,0.0195,0.187,1.1221,-21.4473,-28.7617,0.502,bite
117463,0.042,0.2081,1.1508,-16.2734,-25.1484,0.1172,bite
117486,0.0232,0.1892,1.0881,-12.7656,-22.1914,-0.2246,bite
117509,0.0441,0.1396,1.1101,-8.2715,-17.2754,-1.207,bite
117532,0.1337,0.0751,1.2627,-5.7266,-12.3555,-3.082,bite
117555,0.1783,0.0873,1.2554,-5.4863,-9.4219,-4.9355,bite
117578,0.0469,0.0688,1.1354,-7.6172,-5.7539,-8.5215,bite
117601,-0.0547,0.0272,1.0684,-10.7637,-3.6758,-11.1582,bite
117624,-0.0308,-0.0022,1.0717,-17.7051,-0.7168,-14.7812,bite
117647,0.0553,-0.0115,1.1641,-23.2266,1.291,-17.3594,bite
117670,0.0791,-0.0295,1.1074,-31.459,4.293,-18.3047,bite
117693,0.0211,-0.0365,1.0195,-38.2559,6.9277,-18.2949,bite
117716,-0.0117,-0.0735,0.9663,-41.5801,8.2637,-17.1211,bite
117739,0.0289,-0.0881,1.0283,-44.4844,9.3867,-13.3965,bite
117762,0.103,-0.0248,1.1232,-44.8906,9.4785,-9.7559,bite
117785,0.0997,-0.0171,1.0754,-43.0684,8.7461,-3.2715,bite
117808,0.0437,-0.0786,0.9407,-38.8789,7.2187,3.5293,bite
117831,0.0366,-0.1399,0.9296,-35.5293,5.8555,7.918,bite
117854,0.1094,-0.1699,0.9279,-31.0996,3.3926,14.0664,bite
117877,0.115,-0.1671,0.9136,-29.2383,1.5449,17.7695,bite
117900,0.062,-0.1398,0.9425,-28.6914,-1.3789,22.582,bite
117923,0.0275,-0.1257,0.9316,-30.7285,-4.252,26.502,bite
117946,0.0997,-0.1636,0.943,-33.1738,-6.0098,28.666,bite
117969,0.1523,-0.1782,0.9415,-37.7676,-8.291,31.2539,bite
117992,0.1124,-0.1586,1.0142,-41.0313,-9.5547,32.543,bite
118015,0.0831,-0.1757,0.99,-45.6211,-11.0723,34.0137,bite
118038,0.0645,-0.2378,0.9464,-48.2773,-12.3477,35.3594,bite
118061,0.0385,-0.2631,0.938,-51.6426,-12.6504,36.4023,bite
118084,0.0559,-0.2803,0.9619,-54.3809,-12.9238,38.2793,bite
118107,0.1121,-0.324,0.9626,-55.8691,-12.7578,39.6387,bite
118130,0.0424,-0.3096,0.96,-57.4824,-12.0059,41.5664,bite
118153,0.0393,-0.2542,1.0834,-58.0098,-11.1816,42.6758,bite
118176,0.0912,-0.2719,1.095,-57.6426,-9.3945,44.0098,bite
118199,0.0668,-0.3271,1.0303,-55.7305,-6.9355,44.9355,bite
118222,-0.0184,-0.3804,0.8591,-53.7734,-4.9785,45.3945,bite
118245,-0.0359,-0.3135,1.0103,-50.2109,-1.6953,46.0332,bite
118268,-0.0734,-0.2336,1.0972,-47.4629,0.6484,46.4629,bite
118291,-0.1061,-0.275,0.9524,-42.7656,4.1875,47.002,bite
118314,-0.0753,-0.3057,0.95,-37.9863,7.2461,47.25,bite
118337,-0.0282,-0.3226,1.037,-35.3086,8.6523,47.1758,other
118360,-0.01,-0.3138,1.0875,-32.7324,9.332,46.6328,other
118383,-0.0154,-0.3298,1.0763,-32.2031,8.6758,45.9902,other
118406,0.0106,-0.4099,0.9586,-33.3223,6.0879,44.666,other
118429,0.0054,-0.4142,0.9961,-35.2285,2.0723,42.9082,other
118452,0.0171,-0.4164,1.0308,-39.1641,-0.9746,41.4707,other
118475,0.0531,-0.455,0.9963,-43.1875,-5.4336,38.9434,other
118498,-0.0426,-0.4657,0.9445,-45.2676,-8.0117,37.0781,other
118521,-0.0446,-0.4541,0.9323,-46.6895,-10.8555,34.168,other
118544,-0.0438,-0.392,0.9792,-46.1387,-11.8848,32.1641,other
118567,-0.079,-0.4089,0.9443,-42.6523,-11.9922,28.8984,other
118590,0.0129,-0.444,0.9319,-36.0313,-10.5332,25.0781,other
118613,0.0396,-0.4591,0.9786,-30.1797,-8.9199,22.1328,other
118636,-0.0021,-0.4602,1.0087,-19.9063,-6.0977,17.2559,other
118659,0.0011,-0.4202,1.0077,-12.4844,-4.3008,13.9668,other
118682,-0.0015,-0.4226,0.9562,-1.2656,-2.1914,9.4805,other
118705,-0.0001,-0.3893,0.9613,9.2285,-0.9629,5.8672,other
118728,-0.006,-0.3721,0.9967,15.5332,-0.5703,3.9531,other
118751,-0.0128,-0.3507,1.0122,23.8359,-0.5,1.7109,other
118774,-0.0142,-0.3138,1.007,28.6133,-0.7988,0.5625,other
118797,-0.0377,-0.2986,0.99,34.6543,-1.707,-0.8145,other
118820,-0.0006,-0.2535,0.995,39.4258,-2.8437,-2.123,other
118843,-0.0107,-0.2412,0.9806,41.6563,-3.4687,-3.1582,other
118866,-0.0128,-0.2283,0.9847,43.7441,-3.9668,-5.043,other
118889,0.0254,-0.2184,0.9553,44.0449,-4.043,-6.4062,other
118912,-0.0391,-0.0925,0.9813,42.625,-4.1191,-8.2324,other
118935,-0.0282,-0.0973,1.0416,40.3965,-4.373,-9.0645,other
118958,-0.184,-0.1428,0.9772,35.3848,-5.2207,-9.5859,other
118981,0.1335,-0.1627,0.8744,28.8633,-6.4258,-9.7715,other
119004,-0.1075,-0.2311,0.8431,23.8887,-7.2754,-10.3203,other
119027,-0.1132,-0.223,0.8202,15.8242,-8.4551,-12.5586,other
119050,-0.0975,-0.2858,0.7452,10.4375,-9.0723,-15.3184,other
119073,-0.0691,-0.2562,0.7539,3.5508,-9.4375,-22.041,other
119096,0.0657,-0.1626,0.9685,0.3594,-8.543,-32.7559,other
119119,0.1708,-0.1578,1.097,1.6914,-6.8633,-42.2871,other
119142,0.1604,-0.1827,1.0267,10.0156,-2.2969,-59.5156,other
119165,0.0562,-0.149,0.9854,19.3242,2.1172,-64.0,other
119188,0.0323,-0.0847,1.0085,36.4766,10.3965,-64.0,other
119211,0.0415,-0.175,1.0548,53.8496,19.8711,-64.0,other
119234,0.0253,-0.1793,1.1122,63.8418,26.2441,-64.0,other
119257,0.048,-0.1643,1.1035,63.998,34.7695,-64.0,other
119280,0.0686,-0.2074,1.0498,63.998,39.1035,-64.0,other
119303,-0.0253,-0.1893,1.1346,63.998,42.752,-64.0,other
119326,0.1174,0.0156,1.417,63.998,43.2031,-64.0,other
119349,0.1737,0.2726,1.4667,63.998,41.3711,-64.0,other
119372,-0.1609,0.2802,1.178,63.998,37.9727,-64.0,other
119395,-0.3666,0.1616,0.9653,63.998,35.9746,-64.0,other
119418,-0.2518,0.1927,0.9976,63.998,34.3457,-64.0,other
119441,-0.0593,0.2823,1.0029,63.998,34.0078,-64.0,other
119464,-0.074,0.3182,0.8684,63.998,33.6719,-45.8633,other
119487,-0.1652,0.469,1.024,63.998,32.9648,-28.5977,other
119510,-0.2544,0.6005,1.23,63.998,32.5977,-18.6973,other
119533,-0.311,0.5065,1.038,63.998,32.9688,-6.8516,other
119556,-0.2761,0.447,0.7939,63.998,33.877,-0.7734,other
119579,-0.3138,0.4323,0.6902,63.998,35.7031,6.3281,other
119602,-0.3179,0.3541,0.6958,60.8652,37.2871,11.6836,other
119625,-0.2065,0.4001,0.8016,52.3965,37.8086,14.3848,other
119648,-0.189,0.4302,0.7888,39.5488,37.4824,16.8848,other
119671,-0.2444,0.4282,0.7902,32.2402,36.5781,17.4395,other
119694,-0.1198,0.5493,0.9252,24.9414,34.582,16.9922,other
119717,-0.3848,0.4534,0.9486,22.918,33.1484,16.3965,other
119740,-0.4323,0.3774,0.8192,23.2871,31.2598,16.4609,other
119763,-0.3052,0.3956,0.7478,25.0098,29.4102,18.9805,other
119786,-0.2721,0.3932,0.7656,25.3242,27.7715,22.0195,other
119809,-0.2787,0.4159,0.824,23.293,24.2012,27.5527,other
119832,-0.1997,0.4305,0.8783,20.3086,21.0234,31.043,other
119855,-0.1838,0.4417,0.8765,14.2715,15.3379,34.6758,other
119878,-0.2126,0.4508,0.851,7.5625,9.209,35.6055,other
119901,-0.2434,0.4338,0.782,3.1758,5.2988,34.7754,other
119924,-0.192,0.4185,0.7448,-2.9707,0.2734,31.998,other
119947,-0.1561,0.4354,0.7888,-6.6328,-2.2441,29.5742,other
119970,-0.1223,0.4834,0.9091,-11.0781,-4.4277,25.7949,other
119993,-0.1599,0.4928,0.8933,-13.8359,-4.4902,22.6797,other
120016,-0.276,0.4623,0.7698,-14.791,-3.3398,21.4531,other
120039,-0.2328,0.4379,0.7091,-15.5098,0.1055,21.4453,other
120062,-0.1798,0.4916,0.7985,-15.8574,3.4453,22.6777,other
120085,-0.1292,0.5394,0.9396,-16.2852,9.7637,25.8281,other
120108,-0.1632,0.4922,0.8628,-16.3945,14.6582,29.6055,other
120131,-0.2476,0.4684,0.7578,-16.3516,22.6816,32.127,other
120154,-0.3295,0.4016,0.709,-16.5371,31.123,35.832,other
120177,-0.2061,0.4158,0.7831,-16.957,36.6855,38.25,other
120200,-0.1698,0.4364,0.8809,-17.7441,44.3027,41.5801,other
120223,-0.2469,0.4249,0.8483,-18.0273,48.5449,43.4277,other
120246,-0.2643,0.4243,0.7893,-17.6797,53.3555,45.5488,other
120269,-0.1788,0.4087,0.8121,-16.3867,56.2832,47.0488,other
120292,-0.2206,0.4148,0.7612,-15.123,57.3008,47.8145,other
120315,-0.3268,0.4323,0.6694,-12.877,57.7676,48.8926,other
120338,-0.2227,0.457,0.6953,-11.2891,57.5625,49.834,other
120361,-0.38,0.4738,0.6046,-8.8398,56.5762,51.9883,other
120384,-0.5623,0.4862,0.4233,-6.082,54.6953,55.1504,other
120407,-0.4629,0.5043,0.3298,-3.7559,52.8965,57.5449,other
120430,-0.149,0.9867,1.0605,1.4121,49.1504,60.2461,other
120453,-0.4069,0.8745,0.6758,6.5781,45.6738,60.4219,other
120476,-0.3657,0.6449,0.3264,16.5996,38.7461,56.8809,other
120499,-0.2629,0.5211,0.3961,23.834,30.2031,47.8281,other
120522,-0.1016,0.7855,1.0118,34.1191,23.9805,38.5762,other
120545,-0.3026,0.6482,0.7809,43.3301,14.0957,20.5059,other
120568,-0.4373,0.5088,0.5209,48.748,7.5078,6.584,other
120591,-0.3926,0.5442,0.5266,55.3262,-1.5488,-15.0254,other
120614,-0.2347,0.6095,0.6104,58.6738,-6.6777,-28.7832,other
120637,-0.3043,0.7836,0.7064,62.6563,-12.8926,-46.9258,other
120660,-0.3993,0.6251,0.3834,63.998,-17.6582,-60.584,other
120683,-0.1276,0.8009,0.8318,63.998,-20.3613,-64.0,other
120706,-0.2623,0.7177,0.5856,63.998,-24.4063,-64.0,other
120729,-0.2791,0.8237,0.5944,63.998,-27.4766,-64.0,other
120752,-0.4011,0.7931,0.4973,63.998,-32.8848,-64.0,other
120775,-0.3821,0.7886,0.7216,56.7617,-38.8926,-54.4668,other
120798,-0.3099,0.729,0.8357,49.6641,-42.7754,-45.9727,other
120821,-0.2587,0.5256,0.7358,35.8262,-47.5332,-32.8984,other
120844,-0.3086,0.3894,0.6815,24.3828,-49.4668,-25.1699,other
120867,-0.3035,0.2997,0.696,3.998,-49.7617,-16.4688,other
120890,-0.2766,0.2156,0.7017,-11.1992,-46.4902,-11.7812,other
120913,-0.304,0.2111,0.6858,-34.6113,-42.4199,-10.6309,other
120936,-0.3975,0.2189,0.6427,-55.9219,-34.002,-10.8047,other
120959,-0.3705,0.3256,0.7345,-64.0,-27.2754,-11.4121,other
120982,-0.319,0.3949,0.8672,-64.0,-16.4434,-11.9141,other
121005,-0.1482,0.4236,0.9308,-64.0,-9.3887,-11.5176,other
121028,-0.2209,0.4246,0.8506,-64.0,-0.2285,-9.2715,other
121051,-0.2051,0.4265,0.6406,-64.0,6.2344,-4.3223,other
121074,-0.2411,0.4358,0.4829,-64.0,8.8906,0.8457,other
121097,-0.2812,0.5027,0.2041,-63.4063,10.8418,11.5078,other
121120,-0.6406,0.8027,0.2397,-59.2148,11.2344,20.2734,other
121143,-0.5345,1.5067,1.0527,-50.5684,11.0664,34.6953,other
121166,-0.3431,0.8445,0.3284,-36.6504,9.7148,47.9902,other
121189,-0.1987,0.7924,0.6914,-24.7773,7.5527,54.3633,other
121212,-0.1327,0.7069,0.7297,-5.3203,1.5098,57.6523,other
121235,-0.0897,0.512,0.661,7.4531,-4.5684,54.8379,other
121258,-0.1624,0.5052,0.6696,24.6152,-16.3262,43.2969,other
121281,-0.0699,0.533,0.8054,34.2012,-29.8555,25.207,other
121304,-0.2256,0.3923,0.4408,45.8691,-38.8125,11.3965,other
121327,-0.1139,0.7355,0.9446,55.2637,-50.3672,-8.8105,other
121350,-0.1825,0.8293,1.0375,61.0234,-55.8926,-20.4102,other
121373,-0.2587,0.7821,0.8375,63.998,-59.9922,-33.1543,other
121396,-0.2953,0.7615,0.8865,63.998,-59.7988,-37.9785,other
121419,-0.2537,0.6465,0.8677,63.998,-55.4707,-39.8203,other
121442,-0.2178,0.3363,0.5024,63.4336,-47.3809,-36.6582,other
121465,-0.301,0.2416,0.5079,50.4609,-40.6738,-32.9707,other
121488,-0.183,0.2802,0.7308,22.4707,-29.7441,-27.0254,other
121511,-0.1727,0.2452,0.7279,0.4648,-22.4277,-23.8203,other
121534,-0.111,0.2183,0.7318,-32.3789,-12.1621,-21.1836,other
121557,-0.3552,0.2291,0.6067,-59.5195,-3.4512,-20.9297,other
121580,-0.3553,0.2762,0.355,-64.0,1.2344,-21.3457,other
121603,-0.3041,0.2782,-0.1748,-64.0,6.4961,-21.625,other
121626,-0.4983,0.9966,0.7643,-64.0,8.8594,-21.2285,other
121649,0.0482,1.6385,1.4948,-64.0,10.4121,-19.8359,other
121672,-0.2809,0.8044,0.4996,-40.6719,8.3984,-17.8945,other
121695,-0.2424,0.8529,0.6989,-19.7754,4.5703,-16.2344,other
121718,-0.061,0.6987,0.7148,12.1133,-4.4062,-13.0469,other
121741,-0.2434,0.6586,0.8553,30.8438,-11.623,-10.6992,other
121764,-0.2002,0.7083,1.0059,52.2617,-22.1465,-7.584,other
121787,-0.189,0.6592,1.0997,60.9609,-27.7344,-6.1562,other
121810,-0.0446,0.3204,0.776,63.8848,-32.4902,-5.1543,other
121833,-0.0162,0.0447,0.5413,53.0586,-32.2051,-4.8047,other
121856,-0.146,0.1523,0.5619,38.4277,-29.1914,-4.1504,other
121879,-0.1594,0.2921,0.6561,8.5742,-20.6836,-1.1426,other
121902,-0.2496,0.3976,0.5258,-13.4316,-12.7773,2.8926,other
121925,-0.4474,0.5211,0.1691,-43.7441,1.1523,12.5664,other
121948,-0.5862,1.0553,0.355,-64.0,15.4902,26.0176,other
121971,-0.2401,1.3088,0.7946,-64.0,23.7363,35.9199,other
121994,-0.0576,0.8801,0.6565,-64.0,31.3203,49.1328,other
122017,-0.0963,0.7778,0.8153,-59.084,32.0195,54.8828,other
122040,-0.0365,0.5774,0.9218,-35.5137,26.4824,56.418,other
122063,-0.1312,0.4631,0.9418,-5.4375,15.2051,48.5293,other
122086,-0.1425,0.5222,0.996,15.2773,6.375,38.7109,other
122109,-0.0758,0.6046,1.2347,42.5449,-5.7246,19.7168,other
122132,0.0293,0.519,0.9083,55.375,-11.4961,6.1895,other
122155,-0.251,0.1084,-0.073,62.3027,-15.1367,-11.6445,other
122178,-0.5156,-0.0514,-0.7095,57.3594,-13.9668,-22.248,other
122201,-0.2797,0.9011,0.6477,37.1641,-7.7676,-23.6719,other
122224,-0.1912,1.2637,1.2177,9.9824,0.623,-17.6094,other
122247,-0.2609,0.8209,0.5052,-6.5703,5.0898,-9.3633,other
122270,-0.0382,0.869,0.9026,-24.084,7.334,5.8555,other
122293,0.0914,0.6777,0.9767,-29.5293,5.293,15.4941,other
122316,0.0204,0.5676,0.9634,-28.0918,-2.2207,25.5195,other
122339,0.0225,0.4261,0.9144,-17.9883,-12.2266,28.0137,other
122362,-0.2471,0.3135,0.356,-9.4004,-18.3438,25.7461,other
122385,-0.5387,-0.0204,-0.4406,0.9844,-24.3438,19.0273,other
122408,-0.019,1.0625,1.459,4.2617,-25.7422,14.2402,other
122431,-0.0165,0.7205,0.8066,4.3418,-25.0078,8.6816,other
122454,0.0554,0.8599,1.0791,1.2246,-23.3789,5.9062,other
122477,-0.0128,0.6436,0.7809,-1.4531,-22.7832,5.4922,other
122500,-0.1918,0.6661,0.6803,-5.041,-22.5938,6.0664,other
122523,-0.2933,0.7435,0.76,-6.7148,-22.2676,6.4922,other
122546,0.004,0.5934,0.4822,-8.3262,-20.2793,5.9277,other
122569,-0.3391,-0.0238,-0.4292,-9.5605,-17.7656,3.0449,other
122592,0.0369,0.6685,1.1409,-12.9395,-13.1504,-0.0137,other
122615,0.0243,0.6444,1.0625,-16.5957,-9.8984,-5.5625,other
122638,0.1791,0.6844,1.1981,-17.6875,-9.8867,-9.2852,other
122661,0.104,0.5746,0.965,-16.3281,-13.8535,-13.8789,other
122684,-0.0425,0.5702,0.7861,-13.3027,-18.3633,-16.0176,other
122707,-0.2618,0.6814,0.734,-6.082,-24.9512,-17.9023,other
122730,-0.1368,0.5122,0.4048,2.4141,-27.5684,-18.5488,other
122753,-0.3508,-0.156,-0.6321,6.8848,-26.0723,-18.4043,other
122776,0.1746,1.1942,1.8323,9.625,-19.8789,-17.2422,other
122799,-0.0907,0.6974,0.6483,9.3789,-14.6113,-15.832,other
122822,0.0819,0.9025,0.9617,7.6465,-7.8535,-12.748,other
122845,-0.0612,0.7264,0.6659,5.9551,-4.1641,-8.9141,other
122868,-0.1506,0.7616,0.6129,5.6895,-3.1621,-6.5078,other
122891,-0.2441,0.8169,0.6459,7.2305,-2.3691,-4.1055,other
122914,-0.1613,0.8544,0.7097,9.3301,-1.5078,-3.7617,other
122937,-0.1984,0.8148,0.6812,12.6797,0.9277,-5.6035,other
122960,-0.2573,0.5778,0.4092,13.8223,3.2207,-10.2598,other
122983,-0.1578,0.4846,0.5015,11.9277,6.9355,-14.6738,other
123006,-0.1422,0.4086,0.6254,5.2187,9.8184,-22.7852,other
123029,-0.1844,0.296,0.6141,-0.9746,10.6953,-28.8672,other
123052,-0.1456,0.3141,0.6396,-10.1758,10.0273,-38.2656,other
123075,-0.1923,0.3511,0.6671,-14.5586,8.3652,-44.1953,other
123098,-0.131,0.3639,0.6615,-16.0898,4.6875,-51.5938,other
123121,-0.1595,0.4651,0.7639,-10.1055,0.502,-56.0098,other
123144,-0.1185,0.5483,0.8064,-2.0352,-2.1465,-56.7031,other
123167,-0.1969,0.6226,0.7516,14.6074,-5.4141,-53.7578,other
123190,-0.1876,0.6608,0.6312,27.2383,-6.8477,-49.0293,other
123213,-0.2506,0.6918,0.4978,45.5313,-7.5059,-38.168,other
123236,-0.3093,0.7333,0.416,59.916,-6.2578,-24.0098,other
123259,-0.23,0.9161,0.7859,63.998,-4.5332,-13.752,other
123282,-0.1056,0.7708,0.525,63.998,-1.2539,1.0059,other
123305,-0.3102,0.6741,0.4528,63.998,0.8496,9.4941,other
123328,-0.2177,0.6449,0.4847,62.6309,3.041,19.4102,other
123351,-0.1748,0.6472,0.6152,54.0645,3.4863,25.9512,other
123374,-0.0989,0.5647,0.6407,35.9805,2.1387,28.7734,other
123397,-0.0612,0.5817,0.6799,12.8398,-1.8691,31.5449,other
123420,-0.0248,0.5658,0.7577,-4.5703,-5.8691,33.0391,other
123443,-0.0592,0.5812,0.7191,-32.207,-13.1172,35.7734,other
123466,-0.1071,0.6237,0.7384,-50.6758,-18.1445,38.3438,other
123489,0.0302,0.6212,0.7439,-64.0,-24.7852,43.4336,other
123512,-0.0287,0.5352,0.7828,-64.0,-29.168,49.2852,other
123535,0.0192,0.4901,0.8197,-64.0,-30.4668,52.9688,other
123558,0.0759,0.4583,0.8655,-64.0,-29.8535,57.1289,other
123581,0.0991,0.6272,0.8418,-64.0,-27.8281,58.4707,other
123604,-0.0193,0.8521,0.7662,-64.0,-22.6582,57.791,other
123627,0.0291,0.3584,0.7778,-64.0,-15.3828,53.7207,other
123650,-0.0027,0.2568,0.8289,-64.0,-9.7441,49.1953,other
123673,0.0486,0.3046,0.9922,-64.0,-1.0,40.1016,other
123696,-0.0526,0.5538,0.8918,-64.0,4.4062,32.9316,other
123719,-0.0876,0.4464,0.8405,-56.8672,11.1699,21.4629,other
123742,-0.0721,0.4128,0.8306,-46.7832,16.0859,10.2285,other
123765,0.0183,0.4893,0.8553,-34.332,18.291,3.373,other
123788,-0.007,0.4866,0.8656,-25.5156,19.7656,-5.3848,other
123811,-0.0078,0.4033,0.8662,-21.6289,19.3008,-9.9199,other
123834,-0.0054,0.452,0.9176,-18.3906,16.2852,-14.373,other
123857,0.0254,0.4268,0.8969,-17.6152,12.9512,-15.6855,other
123880,-0.0138,0.3722,0.8447,-18.0215,6.6543,-15.2559,other
123903,-0.0449,0.3311,0.8815,-19.9355,-0.3906,-12.2383,other
123926,0.038,0.3252,0.9915,-21.7832,-5.0723,-9.1035,other
123949,0.0724,0.3501,0.9698,-24.7637,-11.4121,-3.5078,other
123972,0.035,0.358,0.8892,-26.5391,-14.8418,0.3203,other
123995,0.0582,0.3276,0.8907,-28.582,-18.4629,5.5937,other
124018,0.0575,0.3046,0.8102,-29.7441,-20.2891,9.9492,other
124041,0.0403,0.2903,0.7997,-29.9375,-20.7422,12.3066,other
124064,0.1151,0.3472,0.9694,-28.9375,-20.7051,15.0684,other
124087,0.1003,0.4149,1.0269,-26.9805,-20.3457,16.377,other
124110,0.049,0.3776,0.9579,-21.6719,-19.459,17.5723,other
124133,0.0924,0.2872,0.8652,-14.3203,-18.457,18.1113,other
124156,0.1486,0.2954,0.8599,-8.7988,-17.9414,18.2871,other
124179,0.0936,0.3466,1.0065,-1.4355,-17.6563,18.4941,other
124202,0.0675,0.4004,1.0428,2.5469,-17.7852,18.6973,other
124225,0.1592,0.3489,0.916,6.5898,-18.0508,19.1289,other
124248,0.1821,0.3074,0.8054,7.6465,-17.959,19.416,other
124271,0.1366,0.2853,0.7491,6.3477,-17.123,19.7188,other
124294,0.0835,0.3442,0.8531,2.0625,-15.6035,19.8906,other
124317,0.1415,0.4104,1.0117,-1.5566,-14.3984,19.9375,other
124340,0.2351,0.3379,0.9412,-6.3965,-12.5703,19.7461,other
124363,0.2411,0.2883,0.8383,-8.5879,-11.5332,19.3535,other
124386,0.1786,0.3171,0.8773,-10.084,-10.6777,18.4844,other
124409,0.1086,0.3549,1.0179,-9.6523,-11.0156,17.7715,other
124432,0.2012,0.3151,0.9613,-8.4941,-11.9023,17.623,other
124455,0.2521,0.3267,0.9872,-6.0898,-13.8867,17.8906,other
124478,0.2214,0.3558,0.9065,-4.582,-15.3086,18.2461,other
124501,0.1858,0.3668,0.8981,-3.5059,-16.9785,18.8184,other
124524,0.2053,0.3005,0.8641,-4.873,-17.6016,19.3145,other
124547,0.267,0.2706,0.8905,-7.3906,-17.3418,19.5352,other
124570,0.2507,0.2725,0.9658,-13.2617,-16.043,19.5313,other
124593,0.2148,0.2589,0.8933,-18.0938,-14.7207,19.25,other
124616,0.168,0.2505,0.8589,-25.7617,-12.4023,18.4629,other
124639,0.2198,0.2251,0.9106,-30.6113,-10.832,17.75,other
124662,0.3275,0.2377,1.0156,-36.5781,-8.7285,16.3398,other
124685,0.3257,0.2463,1.0231,-40.1563,-7.1562,14.3125,other
124708,0.2114,0.1919,0.8693,-41.1348,-6.4473,12.6348,other
124731,0.2079,0.1426,0.828,-41.0469,-5.8789,10.0078,other
124754,0.2584,0.1342,0.8804,-40.3281,-5.8027,8.4121,other
124777,0.2751,0.2048,1.0604,-38.4766,-6.0195,6.3516,other
124800,0.3274,0.2158,1.0183,-35.4063,-6.3594,4.4805,other
124823,0.2378,0.1897,0.912,-32.623,-6.4824,3.2109,other
124846,0.1947,0.1666,0.8822,-27.8125,-6.3633,1.2793,other
124869,0.2742,0.2051,1.0078,-24.5391,-6.0645,0.0156,other
124892,0.2927,0.2545,1.0337,-19.9199,-5.2949,-1.9141,other
124915,0.3019,0.2855,0.9955,-15.9766,-4.1211,-4.0508,other
124938,0.2637,0.285,0.9778,-13.9277,-3.0937,-5.627,other
124961,0.2213,0.2568,0.9025,-11.873,-1.1426,-8.2246,other
124984,0.1321,0.2137,0.8066,-11.0723,0.4395,-10.1699,other
125007,0.2324,0.2399,0.9551,-10.0352,3.2109,-13.6992,other
125030,0.3519,0.2849,1.0818,-8.7285,5.291,-18.7695,other
125053,0.3486,0.2264,0.9318,-4.5391,8.6523,-22.9199,other
125076,0.2274,0.1925,0.7513,2.9355,11.9648,-30.5898,other
125099,0.1001,0.2285,0.746,9.6387,13.8047,-35.8145,other
125122,0.1064,0.3743,1.0737,22.1973,15.4043,-42.4746,other
125145,0.2053,0.3145,1.0264,32.3027,15.4844,-45.6602,other
125168,0.0487,0.2207,0.8224,49.4766,14.1055,-48.4336,other
125191,-0.0424,0.267,0.6447,63.998,11.5449,-49.0879,other
125214,-0.045,0.3573,0.6865,63.998,9.7949,-48.6855,other
125237,-0.0327,0.4408,0.7587,63.998,8.0664,-47.7617,other
125260,0.2311,0.6187,1.2325,63.998,7.9551,-47.6641,other
125283,0.0807,0.6089,1.0596,63.998,9.8457,-49.3613,other
125306,0.0035,0.5192,0.5327,63.998,14.3145,-53.1504,other
125329,-0.1769,0.5809,0.6754,63.998,18.6426,-56.0195,other
125352,-0.0287,0.5455,0.7057,63.998,26.6738,-59.1797,other
125375,-0.0225,0.4222,0.6909,63.998,32.4863,-59.7852,other
125398,0.0692,0.5487,0.7803,63.998,40.6191,-57.7168,other
125421,-0.2324,0.4976,0.761,58.5313,44.7559,-51.5352,other
125444,-0.1669,0.5024,0.8031,30.1738,47.5781,-44.8965,other
125467,-0.0107,0.4875,0.8912,-0.1152,45.4082,-31.6445,other
125490,0.052,0.4744,0.8817,-19.7285,41.2832,-21.5098,other
125513,-0.0699,0.5483,0.8268,-45.8223,32.2031,-6.3418,other
125536,-0.1626,0.5441,0.8079,-59.8262,25.125,2.6992,other
125559,-0.006,0.4489,0.8643,-64.0,14.3945,13.4102,other
125582,0.0582,0.4749,0.8944,-64.0,4.8086,19.8242,other
125605,-0.0107,0.5647,0.8292,-64.0,-0.3809,21.5703,other
125628,-0.1742,0.6222,0.7106,-64.0,-5.709,20.8809,other
125651,-0.0988,0.4739,0.8177,-64.0,-7.3887,18.7891,other
125674,-0.021,0.4336,0.9926,-57.4473,-7.2344,14.2422,other
125697,-0.0249,0.464,1.0126,-45.418,-4.8145,9.0527,other
125720,-0.0867,0.4111,0.9091,-38.1777,-2.7422,5.7852,other
125743,-0.118,0.3556,0.8314,-30.168,-0.2051,2.0039,other
125766,-0.0298,0.2655,0.8387,-27.4531,0.5527,0.5723,other
125789,-0.0431,0.2628,0.8846,-27.582,-0.1113,0.1348,other
125812,0.0112,0.3217,1.0024,-29.9375,-2.625,1.2188,other
125835,-0.0616,0.3639,0.941,-35.168,-4.8535,2.334,other
125858,-0.0627,0.3419,0.9268,-40.4492,-8.3047,4.0117,other
125881,0.0306,0.285,0.9297,-43.2813,-10.3086,4.8984,other
125904,0.0332,0.2665,0.9629,-46.0566,-12.5156,5.6191,other
125927,-0.0463,0.2592,0.9434,-46.8945,-13.3711,5.6758,other
125950,-0.0586,0.2286,0.9221,-46.8438,-13.793,5.377,other
125973,0.0172,0.2333,1.0179,-45.5898,-13.4102,4.9746,other
125996,0.0144,0.281,1.0555,-44.2402,-12.8262,4.7168,other
126019,0.0087,0.2584,0.9585,-41.7656,-11.5879,4.3066,other
126042,-0.0259,0.209,0.9686,-40.166,-10.6309,4.0312,other
126065,0.0205,0.127,0.8961,-38.5352,-9.3027,3.7324,other
126088,0.0143,0.1357,0.989,-38.2871,-8.4512,3.6621,other
126111,0.0403,0.1416,0.9957,-38.7891,-8.2441,3.7363,other
126134,0.0264,0.1873,1.0765,-39.9453,-8.4453,3.9648,other
126157,0.0111,0.1807,1.0035,-40.5957,-8.8242,4.1504,other
126180,0.0422,0.1238,0.9771,-41.0176,-9.5762,4.4199,other
126203,0.0234,0.1158,1.0067,-40.9297,-10.4043,4.5898,other
126226,0.0022,0.1112,1.0691,-40.377,-10.9062,4.6016,other
126249,0.0452,0.1395,1.1519,-39.4473,-11.3535,4.3457,other
126272,0.0372,0.1218,1.0708,-38.6895,-11.2754,3.8906,other
126295,0.0369,0.0884,0.9736,-37.6465,-10.3535,2.666,other
126318,0.0399,0.0424,0.9097,-37.2129,-9.1484,1.4805,other
126341,0.0359,0.0796,1.0148,-36.8867,-6.5742,-0.8027,bite
126364,0.037,0.1141,1.0955,-36.1172,-3.3672,-3.5957,bite
126387,0.0392,0.0802,1.0051,-34.8027,-1.041,-5.6543,bite
126410,0.0089,0.0366,0.8599,-31.3105,2.5059,-8.8027,bite
126433,-0.0977,-0.0122,0.7993,-28.0566,4.7852,-10.7305,bite
126456,-0.0826,0.0471,0.9546,-21.8516,8.0098,-13.0742,bite
126479,-0.049,0.1854,1.2129,-13.5645,11.2168,-14.875,bite
126502,-0.0499,0.167,1.1305,-6.6816,13.4453,-16.0371,bite
126525,-0.0267,0.0588,0.8948,4.6641,16.6602,-18.0,bite
126548,-0.0569,0.0128,0.8077,11.6133,18.3516,-19.4199,bite
126571,-0.0695,0.0603,0.9077,19.1855,19.6563,-21.4316,bite
126594,-0.0774,0.1688,1.1385,22.5664,19.3848,-23.0117,bite
126617,-0.048,0.1777,1.172,24.0527,18.5586,-23.7773,bite
126640,-0.0126,0.1241,1.0292,24.5117,16.8105,-24.502,bite
126663,-0.045,0.0905,0.8815,24.1445,15.5039,-24.6582,bite
126686,-0.1471,0.0912,0.9382,22.3398,13.6367,-24.1758,bite
126709,-0.1809,0.1667,1.0115,20.3887,12.6758,-23.2344,bite
126732,-0.1345,0.1891,1.0299,17.0488,11.9707,-20.9023,bite
126755,-0.0768,0.1541,1.0006,14.0859,12.0996,-17.9434,bite
126778,-0.0942,0.1464,0.9937,12.5215,12.4102,-15.9863,bite
126801,-0.1157,0.1069,0.9604,10.6309,12.7676,-13.4121,bite
126824,-0.1101,0.1292,0.9506,9.4453,12.7109,-11.9512,bite
126847,-0.1301,0.1537,1.0028,7.4863,11.9297,-9.959,bite
126870,-0.1373,0.1609,1.025,5.3574,10.2617,-7.9609,bite
126893,-0.1017,0.1477,1.0085,4.002,8.7539,-6.5566,bite
126916,-0.0789,0.1573,0.9749,2.2676,6.1426,-4.3828,bite
126939,-0.088,0.1798,0.9607,1.377,4.332,-2.9434,bite
126962,-0.1462,0.2006,0.9792,0.5645,1.8281,-0.791,bite
126985,-0.1914,0.1997,1.0269,0.6426,-0.0176,1.4766,bite
127008,-0.1694,0.1998,0.9833,1.2559,-0.7246,3.0781,bite
127031,-0.124,0.1917,0.9501,2.6738,-1.0215,5.3867,bite
127054,-0.1176,0.2078,0.98,3.5547,-0.8594,6.6055,bite
127077,-0.156,0.1992,1.0221,4.1328,-0.3906,7.5762,bite
127100,-0.1147,0.1661,0.9789,3.7637,-0.084,7.5586,bite
127123,-0.0844,0.1484,0.9813,1.8711,0.1445,6.5703,bite
127146,-0.1074,0.1565,0.9655,-1.416,-0.0645,4.6719,bite
127169,-0.1569,0.1781,0.9633,-4.0176,-0.4219,3.1465,bite
127192,-0.147,0.1759,0.9988,-7.7754,-1.0898,0.9063,bite
127215,-0.0933,0.1777,0.9816,-9.7578,-1.4922,-0.373,bite
127238,-0.1085,0.1797,0.9933,-11.5059,-1.9258,-1.8594,bite
127261,-0.1331,0.1796,0.9918,-11.709,-2.1582,-2.7715,bite
127284,-0.1385,0.1766,0.9753,-11.1445,-2.2578,-3.0195,bite
127307,-0.1116,0.1793,0.9956,-9.6914,-2.4668,-2.8594,bite
127330,-0.0835,0.1832,1.0034,-8.582,-2.7441,-2.4727,bite
127353,-0.0913,0.1797,0.9889,-7.0508,-3.4727,-1.6914,bite
127376,-0.1266,0.1947,0.9766,-5.9062,-4.5156,-0.8535,bite
127399,-0.155,0.2124,1.0104,-5.3867,-5.2383,-0.2988,bite
127422,-0.1309,0.2125,1.0107,-4.8828,-6.0586,0.4629,bite
127445,-0.118,0.209,1.0087,-4.6836,-6.291,0.8203,bite
127468,-0.1272,0.2157,1.0599,-4.6211,-6.1016,0.9023,bite
127491,-0.1271,0.1639,1.035,-4.8691,-5.6855,0.0801,bite
127514,-0.1072,0.1222,0.9928,-6.1094,-4.9062,-0.4785,bite
127537,-0.1199,0.1189,1.0332,-8.8848,-4.3535,-2.1133,bite
127560,-0.0936,0.1139,1.1476,-11.6348,-4.2715,-3.4238,bite
127583,-0.0292,0.1039,1.2692,-16.8086,-4.7324,-5.5449,bite
127606,0.0043,0.1016,1.2772,-20.752,-5.5703,-6.9531,bite
127629,-0.0247,0.025,1.1448,-27.2969,-7.8086,-8.8105,bite
127652,-0.1141,-0.0212,1.0663,-34.6504,-11.0137,-9.9824,bite
127675,-0.1305,-0.0908,1.0981,-39.8906,-13.3555,-10.1602,bite
127698,-0.0109,-0.0883,1.1903,-47.6133,-16.6602,-9.3711,bite
127721,0.0498,-0.0416,1.1936,-52.125,-18.4902,-8.2148,bite
127744,-0.0195,-0.0457,1.1111,-57.1426,-20.3555,-5.7383,bite
127767,-0.0631,-0.08,1.0929,-59.6875,-20.9063,-2.293,bite
127790,-0.0245,-0.1062,1.1078,-60.0938,-20.5488,0.7031,bite
127813,0.05,-0.1112,1.1166,-59.2148,-19.209,6.2988,bite
127836,0.0475,-0.1149,1.0846,-58.002,-18.0137,10.623,bite
127859,0.0145,-0.1571,1.0006,-55.8535,-16.1133,17.6289,bite
127882,0.0553,-0.1355,1.0587,-54.4258,-14.8516,24.7012,bite
127905,0.1028,-0.2037,0.9857,-52.4004,-12.8535,29.0605,bite
127928,0.0646,-0.2787,0.8052,-50.7773,-10.6543,34.5938,bite
127951,-0.0209,-0.2722,0.7633,-50.2266,-9.1758,37.5332,bite
127974,-0.0088,-0.2925,0.825,-50.3848,-7.1543,40.9375,bite
127997,0.0404,-0.2837,0.8101,-50.9219,-6.0137,42.5879,bite
128020,-0.0281,-0.2467,0.8781,-51.7461,-4.707,44.1504,bite
128043,-0.0176,-0.2555,0.9614,-51.9395,-3.9316,44.7988,bite
128066,0.0294,-0.2719,0.9735,-51.543,-3.6895,44.9004,bite
128089,0.0071,-0.3098,0.9746,-50.3125,-3.668,44.8359,bite
128112,0.0088,-0.2991,1.0259,-49.3105,-3.8125,44.8184,bite
128135,0.0054,-0.2816,1.0784,-47.8906,-4.1035,45.0898,bite
128158,0.0271,-0.2894,1.106,-46.7344,-4.2109,45.8848,bite
128181,-0.0211,-0.2855,1.0814,-46.0723,-3.9805,46.6953,bite
128204,-0.0662,-0.2966,1.0061,-45.1094,-2.8164,48.2324,bite
128227,-0.1741,-0.26,0.9497,-44.4453,-1.3105,49.4102,bite
128250,-0.1934,-0.2585,0.9806,-43.375,2.1738,51.25,bite
128273,-0.1509,-0.3087,0.9562,-42.5957,6.6914,52.8164,bite
128296,-0.192,-0.3105,0.9476,-41.4766,10.0781,53.4629,bite
128319,-0.1766,-0.2759,0.9806,-40.7207,14.2617,53.5625,bite
128342,-0.1636,-0.299,1.0385,-40.4902,16.123,52.9141,other
128365,-0.0568,-0.3511,1.0338,-40.4082,17.0781,50.7051,other
128388,-0.1589,-0.3767,0.9594,-40.3496,16.4043,48.416,other
128411,-0.2314,-0.3376,1.0253,-39.8828,13.5859,44.1426,other
128434,-0.1222,-0.3971,1.0029,-38.4844,9.1875,39.541,other
128457,-0.0747,-0.4412,0.9785,-36.9355,5.7461,36.5469,other
128480,-0.1375,-0.4006,0.9601,-33.9941,0.2207,32.4102,other
128503,-0.179,-0.3777,0.9856,-31.9375,-3.5254,30.0547,other
128526,-0.0815,-0.4164,0.9735,-29.2012,-8.9199,27.3301,other
128549,-0.1099,-0.4409,0.9462,-27.2422,-13.748,25.4609,other
128572,-0.0754,-0.469,0.9916,-26.4063,-16.5059,24.4844,other
128595,-0.1045,-0.4681,0.962,-25.6191,-19.7168,23.0742,other
128618,-0.0929,-0.4628,0.9796,-25.1621,-21.1094,22.002,other
128641,-0.0402,-0.4918,1.0131,-24.0684,-21.9102,19.9727,other
128664,-0.0627,-0.4792,0.9717,-22.7891,-21.1699,17.2813,other
128687,-0.0792,-0.4678,0.9731,-19.793,-19.9316,15.1582,other
128710,-0.0288,-0.4414,0.9459,-15.4258,-17.2441,11.707,other
128733,-0.11,-0.4062,0.9137,-11.7324,-15.0547,9.3594,other
128756,-0.0586,-0.395,0.9481,-4.957,-11.3633,5.9883,other
128779,-0.1033,-0.3365,0.9869,0.4687,-8.8301,3.9707,other
128802,-0.0448,-0.3966,1.0017,9.9297,-5.5801,1.5117,other
128825,-0.0602,-0.3666,1.0042,20.2754,-3.7168,-0.1406,other
128848,-0.0349,-0.3037,1.0543,27.0313,-3.4121,-0.8691,other
128871,-0.0334,-0.3083,1.0413,36.0371,-4.2187,-1.7363,other
128894,-0.0137,-0.349,1.0204,40.9395,-5.4102,-2.3945,other
128917,-0.0281,-0.312,1.026,46.4141,-7.7559,-3.8281,other
128940,-0.0449,-0.2272,1.0243,49.7422,-10.0137,-6.0098,other
128963,-0.0417,-0.1495,1.0533,50.873,-11.0723,-7.8633,other
128986,-0.0273,-0.1364,1.0222,51.0293,-11.7324,-10.9707,other
129009,-0.0267,-0.1619,1.0229,50.1426,-11.5937,-13.043,other
129032,0.0006,-0.2141,1.0354,47.4922,-10.793,-15.793,other
129055,0.0114,-0.2577,1.0298,45.041,-9.6621,-17.8418,other
129078,-0.0217,-0.2028,1.0151,40.7188,-8.8828,-18.7656,other
129101,-0.0044,-0.1367,0.9794,35.9121,-7.793,-19.5176,other
129124,-0.1367,-0.0491,1.0112,32.4609,-7.166,-19.6426,other
129147,-0.0779,-0.0287,0.959,26.834,-6.3672,-19.4141,other
129170,-0.0536,-0.139,0.8992,22.6914,-5.8828,-19.2168,other
129193,-0.0587,-0.2278,0.8274,15.707,-5.1816,-19.416,other
129216,-0.1006,-0.24,0.8501,7.8672,-4.5469,-20.7246,other
129239,-0.0452,-0.2161,0.9707,2.5293,-4.1973,-22.4082,other
129262,0.0792,-0.1849,1.1079,-4.4844,-3.7129,-26.4844,other
129285,0.0253,-0.3049,1.033,-7.793,-3.3164,-30.3867,other
129308,0.0172,-0.3422,0.9442,-10.2344,-2.498,-37.7559,other
129331,-0.0763,-0.3116,0.9143,-10.0215,-1.3633,-46.0254,other
129354,0.0121,-0.2683,1.0454,-8.5996,-0.3398,-51.5605,other
129377,0.1196,-0.2311,1.149,-4.3203,1.8477,-59.6602,other
129400,0.0895,-0.2034,1.1339,0.1211,3.8359,-64.0,other
129423,0.0073,-0.2341,0.9908,8.6562,7.5586,-64.0,other
129446,-0.0687,-0.1591,0.9872,17.7422,11.8203,-64.0,other
129469,-0.076,-0.2085,0.9833,22.7305,14.7051,-64.0,other
129492,-0.0316,-0.2,0.9794,27.9609,18.7168,-64.0,other
129515,-0.0547,-0.2214,0.9648,29.7402,21.0664,-64.0,other
129538,-0.1014,-0.1492,0.9995,30.6426,24.2422,-64.0,other
129561,-0.1163,-0.0696,1.04,30.918,26.3242,-61.6445,other
129584,-0.1279,0.0046,1.1067,32.4082,29.6816,-52.8672,other
129607,-0.1821,-0.0505,1.0464,36.5176,33.7617,-45.3379,other
129630,-0.2135,-0.1237,0.9423,40.9258,37.1777,-41.4609,other
129653,-0.2294,-0.1141,0.9799,49.502,43.2188,-37.543,other
129676,-0.1693,0.0251,1.1956,56.0977,47.2285,-36.0645,other
129699,-0.1288,0.193,1.2533,63.998,51.6465,-35.1602,other
129722,-0.2535,0.1998,1.0566,63.998,53.082,-35.3926,other
129745,-0.4142,0.078,0.7592,63.998,52.5352,-35.8359,other
129768,-0.3608,0.1041,0.7977,63.998,50.4355,-36.3945,other
129791,-0.3118,0.295,0.9655,63.998,48.7695,-36.6172,other
129814,-0.3801,0.3831,1.0121,63.998,46.4023,-36.8535,other
129837,-0.4164,0.376,0.8999,63.998,44.2539,-37.002,other
129860,-0.3849,0.374,0.8698,63.998,42.8223,-36.9492,other
129883,-0.3787,0.4103,0.8588,63.998,40.2969,-36.4082,other
129906,-0.432,0.4679,0.8577,63.998,38.1309,-35.5977,other
129929,-0.4073,0.4977,0.8813,63.998,34.1328,-33.5215,other
129952,-0.4216,0.5555,0.8688,63.998,31.2773,-30.0703,other
129975,-0.5229,0.5011,0.7802,63.998,27.5352,-27.8887,other
129998,-0.4725,0.4662,0.7428,63.998,25.1719,-23.3418,other
130021,-0.4242,0.5012,0.7351,63.998,24.3594,-19.8711,other
130044,-0.4592,0.4874,0.7295,63.998,23.5879,-14.1797,other
130067,-0.4332,0.475,0.731,56.0156,22.8633,-10.2187,other
130090,-0.4325,0.4583,0.7316,41.707,20.8398,-4.4199,other
130113,-0.4353,0.4188,0.6974,27.0918,17.5059,0.6582,other
130136,-0.4302,0.4402,0.7252,17.8516,14.7187,3.3652,other
130159,-0.4312,0.425,0.7411,5.7773,10.166,6.125,other
130182,-0.4309,0.4142,0.739,-0.582,7.1855,7.0312,other
130205,-0.434,0.4221,0.7301,-7.1016,3.2305,7.0547,other
130228,-0.4351,0.422,0.7255,-10.0254,0.2207,5.8262,other
130251,-0.4301,0.4109,0.756,-10.2852,-1.2031,4.5859,other
130274,-0.4113,0.4109,0.7393,-8.8965,-2.5664,2.4805,other
130297,-0.4097,0.4092,0.7351,-7.2773,-3.0684,1.1016,other
130320,-0.4313,0.4214,0.7411,-4.5742,-3.3965,-0.6406,other
130343,-0.4309,0.4341,0.7502,-2.8965,-3.4082,-1.7246,other
130366,-0.4312,0.4373,0.7375,-0.8125,-3.1602,-2.0254,other
130389,-0.4313,0.4432,0.7087,0.7324,-2.5625,-1.9238,other
130412,-0.4561,0.4604,0.6951,1.5117,-1.9531,-1.5781,other
130435,-0.457,0.4766,0.7079,2.373,-0.7598,-0.7988,other
130458,-0.4292,0.4535,0.7029,2.7773,0.1348,-0.2129,other
130481,-0.4316,0.4471,0.6997,3.1348,1.3828,0.541,other
130504,-0.431,0.4539,0.7236,3.1133,2.1719,0.9688,other
130527,-0.429,0.4458,0.757,2.8457,2.293,1.0723,other
130550,-0.4126,0.4473,0.7694,2.0684,1.7813,1.0449,other
130573,-0.429,0.4457,0.7623,1.3359,1.0156,0.9668,other
130596,-0.4313,0.4434,0.7412,0.0527,-0.5273,0.8555,other
130619,-0.4294,0.4327,0.7184,-1.2324,-2.0879,0.8164,other
130642,-0.4141,0.4218,0.6902,-1.9648,-2.8926,0.8242,other
130665,-0.4124,0.4304,0.6896,-2.6934,-3.4766,0.8477,other
130688,-0.4377,0.4431,0.6996,-2.8379,-3.3828,0.8633,other
130711,-0.4408,0.4478,0.7102,-2.4414,-2.5547,0.9492,other
130734,-0.4292,0.4572,0.7031,-1.7695,-1.6426,1.1797,other
130757,-0.4316,0.478,0.7101,-0.2793,-0.0234,1.4102,other
130780,-0.4309,0.4912,0.7137,1.4473,1.4805,1.8594,other
130803,-0.4309,0.4813,0.7159,2.4863,2.2031,2.2207,other
130826,-0.431,0.4813,0.7001,3.5449,2.6562,2.7695,other
130849,-0.431,0.4875,0.7137,3.8086,2.5137,3.0645,other
130872,-0.4312,0.4998,0.7288,3.5586,1.7559,3.2832,other
130895,-0.431,0.4875,0.7209,2.7031,0.6094,3.168,other
130918,-0.4309,0.4698,0.7131,1.8828,-0.2305,2.9023,other
130941,-0.4288,0.478,0.7173,0.3594,-1.4492,2.2246,other
130964,-0.4316,0.4841,0.7202,-0.8008,-2.1738,1.6055,other
130987,-0.4309,0.519,0.7714,-2.7051,-3.0703,0.543,other
131010,-0.4342,0.5651,0.8254,-4.9863,-3.8418,-0.4258,other
131033,-0.4541,0.611,0.8749,-7.125,-4.4961,-0.8125,other
131056,-0.4767,0.5249,0.7493,-12.5977,-6.3418,-0.5898,other
131079,-0.4399,0.3152,0.5829,-18.6641,-8.7148,0.3633,other
131102,-0.3356,0.1453,0.5995,-32.1973,-15.0039,3.1895,other
131125,-0.1604,0.2025,0.8483,-43.9375,-25.2969,7.0879,other
131148,-0.2103,0.2599,1.026,-63.8281,-33.3301,9.6035,other
131171,-0.2834,0.1884,0.999,-64.0,-46.4727,12.3223,other
131194,-0.1877,0.0935,0.9283,-64.0,-54.502,13.1699,other
131217,-0.1128,0.0417,0.9418,-64.0,-63.8105,12.834,other
131240,-0.1302,0.0166,0.941,-64.0,-64.0,11.5547,other
131263,-0.1338,0.0426,0.9884,-64.0,-64.0,8.2969,other
131286,-0.1366,0.1199,1.0228,-64.0,-64.0,3.916,other
131309,-0.2019,0.2112,1.0447,-64.0,-58.4258,0.6953,other
131332,-0.2535,0.2303,0.9897,-59.8398,-45.3594,-3.9473,other
131355,-0.2539,0.2439,0.9333,-41.9492,-34.7383,-6.498,other
131378,-0.2686,0.2502,0.8975,-14.668,-17.7969,-8.9473,other
131401,-0.291,0.2612,0.8749,9.2246,-1.9824,-9.4766,other
131424,-0.2906,0.2693,0.8981,21.6719,6.8828,-8.8398,other
131447,-0.2767,0.2941,0.9303,34.1406,16.7598,-6.8516,other
131470,-0.2889,0.3024,0.9514,38.4277,20.8965,-5.1934,other
131493,-0.2888,0.2874,0.9319,39.6855,23.6074,-2.7617,other
131516,-0.2704,0.2517,0.8904,37.7109,22.6973,-0.832,other
131539,-0.2576,0.2375,0.8945,31.6074,20.498,0.0469,other
131562,-0.2588,0.2534,0.9333,23.1055,15.584,0.7266,other
131585,-0.2635,0.2577,0.9353,16.9434,11.7305,0.8027,other
131608,-0.2611,0.2523,0.9307,8.1445,5.9258,0.5273,other
131631,-0.2548,0.2452,0.9213,3.0977,2.4492,0.1992,other
131654,-0.2524,0.2489,0.9229,-2.7285,-1.7031,-0.3418,other
131677,-0.2603,0.2542,0.931,-6.2773,-4.3262,-0.7793,other
131700,-0.2639,0.2615,0.9238,-7.4375,-5.2129,-0.9512,other
131723,-0.2617,0.2749,0.9253,-7.6406,-5.3848,-0.9902,other
131746,-0.2756,0.2756,0.9197,-6.9707,-4.8594,-0.8867,other
131769,-0.2791,0.2688,0.8936,-5.1797,-3.4121,-0.6016,other
131792,-0.2731,0.2683,0.8772,-2.9844,-1.5469,-0.2598,other
131815,-0.2874,0.2797,0.8964,-1.543,-0.2656,-0.0605,other
131838,-0.2832,0.2762,0.9191,0.4023,1.4922,0.1191,other
131861,-0.2649,0.2913,0.9291,1.5293,2.4648,0.1133,other
131884,-0.2797,0.2811,0.9182,2.9395,3.5195,-0.1211,other
131907,-0.2728,0.2708,0.9016,3.6309,4.0137,-0.5625,other
131930,-0.2711,0.2762,0.9058,4.1191,4.0195,-0.8945,other
131953,-0.2738,0.2831,0.9116,3.873,3.6172,-1.3438,other
131976,-0.285,0.2922,0.897,3.3828,3.1738,-1.5781,other
131999,-0.2936,0.2828,0.8838,2.4199,2.4648,-1.8242,other
132022,-0.2877,0.2921,0.8867,1.793,2.0859,-1.9336,other
132045,-0.2941,0.3046,0.9075,1.1133,1.793,-2.0762,other
132068,-0.2933,0.2913,0.9045,0.8867,1.8477,-2.2383,other
132091,-0.2866,0.2847,0.8934,0.9375,2.0,-2.3555,other
132114,-0.2872,0.2709,0.889,1.0625,2.2227,-2.5,other
132137,-0.2787,0.2717,0.8842,1.0352,2.2695,-2.5508,other
132160,-0.2841,0.2748,0.8879,0.707,2.1191,-2.5234,other
132183,-0.2814,0.2797,0.9033,0.0762,1.7266,-2.3496,other
132206,-0.2837,0.2866,0.8998,-0.4355,1.3672,-2.1406,other
132229,-0.2896,0.28,0.8822,-1.2012,0.7637,-1.6875,other
132252,-0.2844,0.2974,0.8888,-1.6328,0.377,-1.3066,other
132275,-0.2996,0.3168,0.9119,-2.0117,-0.0645,-0.6777,other
132298,-0.2988,0.3203,0.9037,-1.877,-0.2109,-0.0742,other
132321,-0.3022,0.3124,0.8806,-1.4844,-0.1172,0.2637,other
132344,-0.3071,0.3079,0.8693,-0.623,0.252,0.625,other
132367,-0.3007,0.2996,0.8792,-0.0273,0.5801,0.7539,other
132390,-0.2908,0.3149,0.8948,0.6758,1.0469,0.7617,other
132413,-0.3015,0.3199,0.8981,0.959,1.2754,0.6387,other
132436,-0.2997,0.3094,0.8938,1.0879,1.4336,0.293,other
132459,-0.2888,0.3025,0.8939,0.8789,1.3633,-0.1914,other
132482,-0.2955,0.2911,0.8833,0.5801,1.207,-0.5645,other
132505,-0.2964,0.2898,0.8817,-0.0508,0.873,-1.1484,other
132528,-0.2887,0.2985,0.8776,-0.5449,0.6211,-1.5156,other
132551,-0.2975,0.2969,0.8827,-1.3105,0.2695,-1.9668,other
132574,-0.2942,0.3005,0.8904,-1.998,-0.0039,-2.2266,other
132597,-0.2976,0.3003,0.8771,-2.3633,-0.127,-2.2637,other
132620,-0.3055,0.3018,0.876,-2.7402,-0.2246,-2.1016,other
132643,-0.2998,0.3124,0.8843,-2.8711,-0.2305,-1.8574,other
132666,-0.3105,0.321,0.8884,-2.8633,-0.1445,-1.3496,other
132689,-0.3085,0.3268,0.8959,-2.6152,0.0742,-0.7793,other
132712,-0.3055,0.3353,0.8862,-2.3516,0.2949,-0.4297,other
132735,-0.327,0.3411,0.8788,-1.9355,0.6953,-0.0332,other
132758,-0.3269,0.337,0.8613,-1.7129,0.9863,0.1055,other
132781,-0.3187,0.3467,0.8752,-1.5078,1.4199,0.0508,other
132804,-0.3217,0.3381,0.8844,-1.4316,1.6934,-0.2148,other
132827,-0.3142,0.3103,0.8743,-1.3516,2.0254,-1.0078,other
132850,-0.3037,0.2888,0.8718,-1.3652,2.1699,-2.2363,other
132873,-0.2961,0.2618,0.8737,-1.4863,2.1113,-3.2207,other
132896,-0.2894,0.2552,0.8794,-1.8906,1.7578,-4.7695,other
132919,-0.2964,0.257,0.8823,-2.293,1.3633,-5.7168,other
132942,-0.2941,0.27,0.8832,-2.9902,0.6348,-6.7715,other
132965,-0.2946,0.2867,0.8865,-3.6309,-0.0996,-7.1426,other
132988,-0.3146,0.2983,0.8746,-3.9414,-0.5098,-6.9277,other
133011,-0.3181,0.3107,0.8613,-4.1738,-0.9141,-5.8789,other
133034,-0.3177,0.3254,0.8839,-4.1602,-1.0117,-4.7441,other
133057,-0.3296,0.3285,0.8833,-3.8887,-0.8984,-2.6035,other
133080,-0.3325,0.3348,0.8682,-3.3281,-0.5195,-0.2891,other
133103,-0.3312,0.3442,0.8629,-2.8184,-0.1484,1.1465,other
133126,-0.3387,0.3347,0.861,-1.9102,0.5273,2.8652,other
133149,-0.3279,0.3232,0.849,-1.2715,1.002,3.6152,other
133172,-0.3209,0.3169,0.8605,-0.4316,1.6211,4.0742,other
133195,-0.321,0.3153,0.8679,-0.0488,1.8867,3.7871,other
133218,-0.3147,0.3131,0.8759,0.1602,1.959,3.2715,other
133241,-0.3082,0.3138,0.8802,-0.0645,1.625,2.207,other
133264,-0.3118,0.3174,0.8799,-0.4043,1.2148,1.4238,other
133287,-0.3152,0.319,0.8772,-1.0898,0.4316,0.3379,other
133310,-0.3135,0.3129,0.8647,-1.5977,-0.1172,-0.2363,other
133333,-0.3162,0.3192,0.8628,-2.334,-0.8398,-0.7891,other
133356,-0.3228,0.3264,0.876,-2.9512,-1.3398,-0.9492,other
133379,-0.3208,0.3248,0.8777,-3.2578,-1.5254,-0.8594,other
133402,-0.3153,0.3264,0.8657,-3.5566,-1.6035,-0.5098,other
133425,-0.3217,0.3304,0.8773,-3.6719,-1.5488,-0.1953,other
133448,-0.3195,0.3247,0.8774,-3.7598,-1.3691,0.3008,other
133471,-0.3126,0.313,0.8721,-3.7949,-1.1367,0.7109,other
133494,-0.3132,0.3121,0.8643,-3.8184,-0.9824,0.8945,other
133517,-0.3206,0.3223,0.8713,-3.8633,-0.7734,1.0117,other
133540,-0.3239,0.3176,0.8661,-3.877,-0.6445,0.9961,other
133563,-0.3112,0.3169,0.8583,-3.8301,-0.4512,0.8711,other
133586,-0.3206,0.3237,0.866,-3.7422,-0.3184,0.6777,other
133609,-0.3286,0.3263,0.8545,-3.5215,-0.1211,0.5508,other
133632,-0.3231,0.3353,0.8656,-3.2051,0.0645,0.4141,other
133655,-0.3254,0.3389,0.8734,-2.9473,0.1738,0.373,other
133678,-0.3226,0.3395,0.875,-2.5234,0.2852,0.3828,other
133701,-0.3182,0.34,0.8729,-2.2598,0.3066,0.4238,other
133724,-0.3242,0.3289,0.8779,-1.9844,0.2305,0.5078,other
133747,-0.3112,0.3225,0.877,-1.9453,0.043,0.5723,other
133770,-0.3115,0.3192,0.8556,-2.0723,-0.123,0.5781,other
133793,-0.3242,0.3221,0.8584,-2.4648,-0.3809,0.5195,other
133816,-0.314,0.3221,0.8624,-2.8164,-0.5215,0.4434,other
133839,-0.3156,0.3256,0.8656,-3.3594,-0.6445,0.293,other
133862,-0.3224,0.3242,0.8673,-3.8145,-0.6562,0.1309,other
133885,-0.3177,0.3282,0.8622,-4.0371,-0.623,0.0449,other
133908,-0.3245,0.3273,0.8593,-4.2422,-0.5508,-0.0195,other
133931,-0.3176,0.3337,0.8667,-4.2949,-0.5039,-0.0117,other
133954,-0.3186,0.333,0.8691,-4.2637,-0.4473,0.0664,other
133977,-0.322,0.3351,0.8679,-4.1797,-0.418,0.2051,other
134000,-0.3234,0.3273,0.8687,-4.0039,-0.4141,0.3125,other
134023,-0.3167,0.3313,0.8673,-3.8242,-0.4258,0.459,other
134046,-0.3245,0.3293,0.8605,-3.7246,-0.4375,0.5234,other
134069,-0.3247,0.3301,0.8528,-3.6191,-0.4414,0.5312,other
134092,-0.3241,0.3311,0.8534,-3.5723,-0.4219,0.4727,other
134115,-0.3278,0.3308,0.8499,-3.5371,-0.3633,0.3027,other
134138,-0.3234,0.3282,0.8673,-3.5469,-0.3086,0.0742,other
134161,-0.311,0.326,0.8701,-3.582,-0.3086,-0.0898,other
134184,-0.3121,0.3175,0.8723,-3.668,-0.4121,-0.3359,other
134207,-0.3165,0.3167,0.8663,-3.7422,-0.5527,-0.4824,other
134230,-0.3145,0.3242,0.8556,-3.8535,-0.834,-0.6406,other
134253,-0.3186,0.3224,0.8645,-3.9258,-1.127,-0.6797,other
134276,-0.3179,0.3259,0.86,-3.9258,-1.293,-0.6289,other
134299,-0.3158,0.3184,0.8477,-3.8301,-1.4668,-0.4395,other
134322,-0.3137,0.3284,0.8593,-3.6836,-1.5234,-0.2539,other
134345,-0.3179,0.3492,0.8818,-3.248,-1.4785,0.0605,other
134368,-0.3221,0.3582,0.8916,-2.2344,-1.2051,0.3359,other
134391,-0.3252,0.3531,0.8717,-1.5898,-0.8789,0.4629,other
134414,-0.3203,0.3446,0.8477,-0.2344,-0.2344,0.5566,other
134437,-0.3225,0.3395,0.8477,0.5488,0.2168,0.5645,other
134460,-0.3325,0.3491,0.8553,1.2461,0.8027,0.5234,other
134483,-0.3279,0.3492,0.8591,1.3281,1.0898,0.4746,other
134506,-0.3214,0.3383,0.8572,0.9199,1.3379,0.375,other
134529,-0.3188,0.3295,0.8529,0.0117,1.3535,0.2305,other
134552,-0.3253,0.3235,0.8446,-0.7715,1.2383,0.1055,other
134575,-0.3176,0.3292,0.8514,-2.0215,0.916,-0.1074,other
134598,-0.3188,0.3353,0.8462,-2.7812,0.6484,-0.2559,other
134621,-0.3264,0.3494,0.8645,-3.6328,0.25,-0.4551,other
134644,-0.323,0.3475,0.8636,-3.9922,-0.0566,-0.582,other
134667,-0.3208,0.3448,0.849,-3.9258,-0.1758,-0.6172,other
134690,-0.3312,0.3474,0.8495,-3.4004,-0.1836,-0.6113,other
134713,-0.3301,0.3452,0.8425,-2.8008,-0.0547,-0.5859,other
134736,-0.3273,0.3549,0.8457,-1.5957,0.3516,-0.5527,other
134759,-0.3378,0.3583,0.8464,-0.1484,0.9727,-0.5605,other
134782,-0.3383,0.3628,0.8527,0.8457,1.459,-0.5859,other
134805,-0.3403,0.3573,0.8308,2.1777,2.1758,-0.6309,other
134828,-0.3319,0.3534,0.8268,2.8027,2.5566,-0.6348,other
134851,-0.3297,0.3584,0.8583,3.127,2.8418,-0.5664,other
134874,-0.3341,0.3524,0.8467,2.9062,2.7988,-0.4668,other
134897,-0.3256,0.3445,0.8431,2.0078,2.4043,-0.2598,other
134920,-0.3228,0.3508,0.8365,0.6582,1.7246,-0.0332,other
134943,-0.338,0.3527,0.823,-0.3281,1.2109,0.1016,other
134966,-0.3435,0.3579,0.8143,-1.6758,0.498,0.2773,other
134989,-0.3435,0.371,0.823,-2.3555,0.1348,0.3828,other
135012,-0.3469,0.3756,0.8339,-2.9082,-0.2031,0.541,other
135035,-0.3387,0.3748,0.8494,-2.873,-0.334,0.6953,other
135058,-0.3275,0.3727,0.8527,-2.5859,-0.3652,0.7754,other
135081,-0.3306,0.3649,0.8469,-1.9551,-0.4219,0.8223,other
135104,-0.3247,0.3621,0.8518,-1.5371,-0.5039,0.791,other
135127,-0.3239,0.3639,0.8531,-1.0957,-0.6953,0.6367,other
135150,-0.3358,0.3538,0.8365,-0.9961,-0.9277,0.3711,other
135173,-0.329,0.3553,0.8274,-1.1406,-1.0605,0.1582,other
135196,-0.3317,0.3641,0.8374,-1.6172,-1.166,-0.168,other
135219,-0.339,0.358,0.8395,-2.0312,-1.1563,-0.3691,other
135242,-0.3303,0.3616,0.8376,-2.666,-1.0137,-0.6172,other
135265,-0.3313,0.3556,0.8326,-3.043,-0.8574,-0.7324,other
135288,-0.3352,0.3619,0.8368,-3.5098,-0.584,-0.8105,other
135311,-0.3345,0.3634,0.833,-3.8437,-0.3262,-0.7637,other
135334,-0.3346,0.3584,0.8383,-3.9863,-0.1875,-0.6699,other
135357,-0.335,0.3584,0.8365,-4.0703,-0.0332,-0.4707,other
135380,-0.3307,0.3646,0.8363,-4.0273,0.0469,-0.3242,other
135403,-0.3353,0.3672,0.8481,-3.8223,0.1602,-0.1211,other
135426,-0.3367,0.3611,0.8335,-3.5234,0.2773,0.0566,other
135449,-0.333,0.3641,0.8312,-3.3457,0.3437,0.1699,other
135472,-0.3413,0.365,0.8358,-3.2012,0.416,0.332,other
135495,-0.3387,0.3678,0.8422,-3.1914,0.4492,0.4375,other
135518,-0.3359,0.3632,0.8459,-3.2754,0.4863,0.5781,other
135541,-0.3309,0.3639,0.8511,-3.4492,0.5059,0.7031,other
135564,-0.3442,0.3679,0.9263,-3.6367,0.4746,0.8027,other
135587,-0.3489,0.2909,0.9387,-4.1367,0.2422,1.0566,other
135610,-0.3319,0.1833,0.8593,-4.7285,-0.1016,1.3184,other
135633,-0.241,0.1733,0.8638,-6.2344,-0.8418,1.7969,other
135656,-0.2062,0.3025,0.8469,-7.6719,-1.3223,2.3008,other
135679,-0.2733,0.3604,0.8384,-10.1816,-1.625,2.7246,other
135702,-0.3951,0.3467,0.8456,-12.4141,-0.9043,3.8359,other
135725,-0.4211,0.381,0.8185,-13.2656,0.377,5.0996,other
135748,-0.3264,0.4336,0.8003,-13.002,3.5488,7.8027,other
135771,-0.3408,0.4619,0.776,-11.666,6.2949,9.9082,other
135794,-0.3638,0.4757,0.7485,-8.1523,10.6914,12.9238,other
135817,-0.3954,0.5076,0.7668,-3.5508,14.5137,15.1621,other
135840,-0.3899,0.5118,0.7598,-0.3672,16.3223,15.9941,other
135863,-0.4014,0.4606,0.7114,3.834,17.5215,16.1055,other
135886,-0.4113,0.4315,0.7284,5.8477,17.2148,15.4375,other
135909,-0.4033,0.413,0.7776,7.2715,15.1504,13.4863,other
135932,-0.3905,0.3842,0.8182,6.7559,11.4375,10.6738,other
135955,-0.3162,0.3499,0.8409,5.5039,8.2422,8.4844,other
135978,-0.2766,0.3296,0.8483,2.6348,2.6875,4.959,other
136001,-0.2996,0.3191,0.8414,0.3066,-1.2871,2.6055,other
136024,-0.3175,0.3292,0.8567,-3.3437,-7.082,-0.584,other
136047,-0.3109,0.3507,0.8855,-5.5586,-10.4316,-3.0098,other
136070,-0.2778,0.3524,0.8633,-8.0176,-14.0801,-4.0977,other
136093,-0.2856,0.353,0.8203,-9.0918,-15.6523,-4.9375,other
136116,-0.3771,0.3662,0.811,-9.0488,-15.5098,-4.9941,other
136139,-0.4215,0.3867,0.8315,-8.0449,-13.7012,-4.377,other
136162,-0.3494,0.3773,0.8417,-6.877,-11.6445,-3.6035,other
136185,-0.3387,0.351,0.839,-4.6191,-7.8066,-2.3027,other
136208,-0.3016,0.3424,0.8108,-2.0684,-3.7598,-1.4102,other
136231,-0.3312,0.3553,0.8029,-0.3711,-1.2852,-1.2676,other
136254,-0.3569,0.3768,0.803,2.0117,1.7266,-1.7324,other
136277,-0.3127,0.4026,0.8357,3.4883,3.123,-2.3223,other
136300,-0.2899,0.408,0.8229,5.6641,4.1738,-3.3008,other
136323,-0.3312,0.417,0.7992,8.0039,4.1289,-4.1367,other
136346,-0.365,0.4525,0.8094,9.7148,3.7617,-4.5078,other
136369,-0.3545,0.4755,0.8213,12.4648,3.1973,-4.6816,other
136392,-0.3604,0.4764,0.7845,14.3008,3.0156,-4.5488,other
136415,-0.3815,0.4629,0.7523,16.6641,3.2031,-4.0937,other
136438,-0.3313,0.4592,0.7488,17.7129,3.6191,-3.541,other
136461,-0.3209,0.4509,0.7118,18.1738,4.5254,-3.2422,other
136484,-0.3774,0.4906,0.7656,17.3086,5.5352,-3.0273,other
136507,-0.3844,0.4988,0.7936,16.1934,6.1562,-3.0215,other
136530,-0.3586,0.4604,0.7405,14.0156,6.8242,-3.0566,other
136553,-0.3588,0.4232,0.7025,12.2227,6.9277,-2.9746,other
136576,-0.3641,0.4296,0.7317,8.875,6.3398,-2.4902,other
136599,-0.3431,0.441,0.7648,4.8711,4.8516,-1.5039,other
136622,-0.3318,0.4473,0.7638,2.1289,3.498,-0.6367,other
136645,-0.3372,0.4541,0.7642,-1.5352,1.2168,0.8047,other
136668,-0.3688,0.4624,0.7596,-3.4238,-0.3047,1.7832,other
136691,-0.3789,0.4838,0.78,-5.1855,-2.3145,3.1934,other
136714,-0.3547,0.4755,0.7828,-5.6348,-3.7012,4.3594,other
136737,-0.3242,0.4706,0.7928,-5.3047,-4.1797,4.8574,other
136760,-0.3348,0.4417,0.7648,-4.1816,-4.2266,4.9902,other
136783,-0.3398,0.421,0.7273,-3.2578,-3.8887,4.6582,other
136806,-0.3458,0.428,0.7231,-2.0039,-3.0234,3.7109,other
136829,-0.3435,0.4341,0.7111,-1.3789,-1.9805,2.5742,other
136852,-0.3412,0.4446,0.7441,-0.7187,-1.3145,1.9043,other
136875,-0.3231,0.4485,0.7513,-0.0293,-0.4883,1.2285,other
136898,-0.3453,0.473,0.7853,0.7363,-0.0703,1.0352,other
136921,-0.3768,0.5016,0.7704,2.709,0.4316,1.0996,other
136944,-0.344,0.4884,0.7245,4.5957,0.7383,1.3262,other
136967,-0.3336,0.5089,0.766,7.9219,1.1621,1.8008,other
136990,-0.3367,0.4512,0.6415,11.084,1.2676,2.2676,other
137013,-0.3264,0.4918,0.7396,12.7461,0.9414,2.5039,other
137036,-0.3217,0.5736,0.7443,14.5195,-0.3672,2.6387,other
137059,-0.3577,0.5652,0.6554,15.4395,-1.748,2.5488,other
137082,-0.3479,0.5753,0.6184,16.8379,-4.2637,2.2363,other
137105,-0.3126,0.5635,0.6156,18.5254,-6.9824,1.9727,other
137128,-0.2482,0.6104,0.7971,19.8945,-8.8301,1.9473,other
137151,-0.3036,0.5685,0.7042,22.3906,-11.498,2.1914,other
137174,-0.2814,0.547,0.6632,24.2656,-13.0,2.5527,other
137197,-0.2974,0.5707,0.6781,27.0137,-14.4473,3.3867,other
137220,-0.2867,0.5886,0.6478,29.0586,-14.6074,4.4766,other
137243,-0.2736,0.5927,0.6327,30.1211,-13.9941,5.2715,other
137266,-0.3015,0.6117,0.6438,30.5391,-12.2402,6.4844,other
137289,-0.2706,0.6016,0.609,30.1367,-10.7266,7.3086,other
137312,-0.2853,0.6227,0.6255,28.5449,-8.3828,8.6172,other
137335,-0.2882,0.6305,0.6232,26.9063,-7.0488,9.5508,other
137358,-0.2655,0.655,0.6356,23.8203,-5.7617,11.0098,other
137381,-0.2521,0.6517,0.6523,20.3086,-5.5645,12.3574,other
137404,-0.2371,0.6521,0.6368,17.9121,-6.0488,13.043,other
137427,-0.2356,0.6636,0.6176,14.5156,-7.5293,13.5508,other
137450,-0.2352,0.6613,0.6235,12.5469,-8.8457,13.4727,other
137473,-0.2185,0.6476,0.5937,10.373,-10.9238,12.6816,other
137496,-0.2523,0.6559,0.6509,9.5449,-12.6172,11.0859,other
137519,-0.2285,0.6428,0.6727,9.9219,-13.2852,9.627,other
137542,-0.2197,0.6522,0.6326,11.8516,-13.3633,6.9648,other
137565,-0.3256,0.6874,0.797,13.7559,-12.7266,4.9805,other
137588,-0.2272,0.6355,0.777,16.5684,-10.6797,1.9219,other
137611,-0.152,0.542,0.722,17.6016,-7.2793,-1.1641,other
137634,-0.2124,0.5024,0.7332,16.252,-4.2988,-3.2227,other
137657,-0.1758,0.428,0.6678,10.0879,1.0469,-6.0293,other
137680,-0.197,0.4235,0.6543,3.1016,5.0137,-7.4102,other
137703,-0.2405,0.4414,0.5699,-10.8652,11.2266,-8.1543,other
137726,-0.269,0.4686,0.5096,-21.5039,15.3398,-7.4531,other
137749,-0.2433,0.5106,0.4598,-37.168,21.0625,-4.3105,other
137772,-0.3993,0.6576,0.5098,-49.4043,25.6621,1.2168,other
137795,-0.2098,0.6613,0.298,-54.0762,27.8027,5.8926,other
137818,-0.3442,0.7767,0.3475,-54.1953,29.2324,13.4609,other
137841,-0.3694,1.2756,1.1193,-49.1406,28.7871,18.2754,other
137864,-0.1752,0.6372,0.4296,-34.2656,25.4629,24.2305,other
137887,-0.2706,0.7729,0.5481,-14.0078,18.3555,27.8828,other
137910,-0.2399,0.6866,0.5377,0.084,11.6992,28.8652,other
137933,-0.1761,0.6915,0.6288,19.2637,-0.0332,28.0918,other
137956,-0.1794,0.6332,0.6676,29.7813,-8.1406,26.0586,other
137979,-0.0702,0.6558,0.7363,41.4766,-19.1426,20.8809,other
138002,-0.2201,0.7122,0.8336,48.0684,-26.9785,13.8125,other
138025,-0.3413,0.8036,0.8026,49.3906,-29.6133,8.7754,other
138048,-0.2312,0.7433,0.5848,45.5879,-29.1699,2.127,other
138071,-0.2562,0.5909,0.4048,38.2715,-26.2715,-1.0527,other
138094,-0.2755,0.5631,0.4337,19.4453,-19.4883,-3.3652,other
138117,-0.2485,0.5652,0.5396,2.3242,-14.4297,-2.8242,other
138140,-0.2697,0.5146,0.5776,-26.9707,-7.793,-1.7363,other
138163,-0.2488,0.5128,0.6438,-54.8926,-3.7246,-0.0645,other
138186,-0.2903,0.5322,0.7026,-64.0,-2.7227,0.0352,other
138209,-0.2148,0.5437,0.8221,-64.0,-3.2344,-2.6367,other
138232,-0.2166,0.4965,0.8029,-64.0,-4.1875,-6.7441,other
138255,-0.2219,0.4181,0.7216,-64.0,-5.0215,-16.334,other
138278,-0.306,0.3972,0.7094,-55.2637,-3.5293,-28.8125,other
138301,-0.4446,0.3849,0.7705,-41.123,-0.6309,-37.6504,other
138324,-0.4125,0.4019,0.7826,-20.3848,6.9473,-50.0449,other
138347,-0.2322,0.4301,0.6997,-8.5645,14.1211,-57.1563,other
138370,-0.1498,0.4436,0.6617,4.3164,27.4844,-64.0,other
138393,-0.4471,0.4722,0.58,10.6621,42.2852,-64.0,other
138416,-0.6035,0.4851,0.5529,11.5605,51.6523,-64.0,other
138439,-0.4457,0.4546,0.6215,9.3027,63.0215,-64.0,other
138462,-0.3638,0.4897,0.7278,6.541,63.998,-62.5078,other
138485,-0.5581,0.5327,0.5414,2.4336,63.998,-49.5039,other
138508,-0.651,0.5735,0.505,0.4336,63.998,-33.1035,other
138531,-0.504,0.6357,0.6406,-0.9297,63.998,-21.3809,other
138554,-0.5132,0.6993,0.6487,-0.1816,58.8574,-4.6641,other
138577,-0.527,0.7299,0.4897,1.3281,52.8477,4.8418,other
138600,-0.4573,0.6621,0.4866,4.2773,42.5859,15.6445,other
138623,-0.2992,0.718,0.5806,6.041,34.8984,20.4863,other
138646,-0.4237,0.6366,0.5916,7.5234,21.6055,24.9805,other
138669,-0.6349,0.5293,0.5193,7.0781,5.5098,28.291,other
138692,-0.3879,0.4957,0.6704,5.668,-6.6777,31.0957,other
138715,-0.3226,0.4224,0.7006,2.2715,-25.8477,36.6777,other
138738,-0.1199,0.5261,0.7537,-0.5254,-38.0645,40.8555,other
138761,-0.3158,0.5115,0.7242,-5.2227,-53.7344,46.6836,other
138784,-0.1782,0.4363,0.8024,-10.6348,-64.0,51.2813,other
138807,-0.373,0.4456,0.7156,-14.8301,-64.0,53.7441,other
138830,-0.0408,0.4907,0.8359,-22.2363,-64.0,56.9492,other
138853,-0.2311,0.5022,0.7875,-27.8828,-64.0,58.7715,other
138876,-0.1741,0.4716,0.8024,-37.1348,-64.0,60.8398,other
138899,-0.1038,0.4575,0.8159,-43.5391,-64.0,61.6719,other
138922,-0.0364,0.4451,0.8695,-52.791,-64.0,61.2188,other
138945,-0.0649,0.4602,0.8519,-60.6738,-58.793,58.666,other
138968,-0.1151,0.4921,0.825,-64.0,-53.4766,55.7285,other
138991,-0.1478,0.5695,0.8018,-64.0,-44.5723,49.8105,other
139014,-0.0168,0.8756,0.8031,-64.0,-38.0762,45.0977,other
139037,-0.0132,0.3518,0.8555,-64.0,-27.7695,37.1289,other
139060,0.0317,0.2131,0.864,-64.0,-17.5352,28.3652,other
139083,0.043,0.2837,0.9205,-60.0859,-11.248,22.2969,other
139106,-0.124,0.5067,0.8978,-50.834,-3.1387,13.416,other
139129,-0.1152,0.4641,0.843,-44.0996,1.3477,8.1191,other
139152,-0.0748,0.4098,0.8179,-34.5703,6.9434,1.9121,other
139175,-0.2728,0.4563,0.8483,-26.9121,11.3242,-1.5391,other
139198,-0.1105,0.4431,0.8394,-23.248,13.5762,-2.2363,other
139221,-0.1345,0.4789,0.8768,-20.041,15.9707,-1.5449,other
139244,-0.1113,0.3921,0.8678,-19.2441,16.9082,-0.541,other
139267,-0.0984,0.375,0.894,-19.416,17.1777,0.832,other
139290,-0.1075,0.3718,0.9225,-20.0059,15.8027,1.4043,other
139313,-0.1719,0.4277,0.8518,-20.9316,13.9316,1.2266,other
139336,-0.1204,0.4016,0.8503,-21.3633,10.0586,0.2187,other
139359,-0.0547,0.4159,0.866,-21.1953,7.0898,-0.8164,other
139382,-0.1267,0.4417,0.8826,-20.1543,2.5176,-2.5742,other
139405,-0.1549,0.4313,0.9219,-18.9824,-0.4238,-3.6133,other
139428,-0.1055,0.4088,0.9161,-16.8242,-4.4922,-4.5059,other
139451,-0.1022,0.36,0.8811,-14.8594,-8.1191,-4.334,other
139474,-0.0665,0.3215,0.9023,-14.0898,-10.3574,-3.6621,other
139497,-0.0691,0.3232,0.9335,-14.2051,-13.5137,-2.0898,other
139520,-0.057,0.3191,0.9463,-15.1973,-15.418,-0.8711,other
139543,-0.0741,0.338,0.9661,-17.8203,-17.6641,0.8438,other
139566,-0.0405,0.311,0.918,-21.2637,-18.7715,2.0801,other
139589,-0.0179,0.2723,0.9009,-23.7344,-18.7871,2.5312,other
139612,-0.0284,0.2589,0.9534,-27.3438,-17.9043,2.6875,other
139635,-0.066,0.2888,0.972,-29.4727,-16.9063,2.5645,other
139658,-0.0344,0.2811,0.9379,-31.9141,-15.1406,2.3008,other
139681,-0.0203,0.25,0.9238,-33.4199,-13.4824,2.1973,other
139704,-0.0051,0.2357,0.9203,-33.3828,-12.7129,2.2949,other
139727,0.0236,0.244,0.9756,-32.4844,-12.3828,2.7168,other
139750,0.041,0.2502,0.9447,-31.0801,-12.791,3.1758,other
139773,0.0542,0.2556,0.9216,-27.8496,-14.3789,4.125,other
139796,0.0792,0.1891,0.8116,-25.084,-16.1172,4.9727,other
139819,0.0524,0.193,0.8007,-20.2324,-19.8379,6.6719,other
139842,0.0229,0.3256,1.1029,-14.3613,-24.6133,8.8574,other
139865,0.0435,0.403,1.1832,-9.5508,-27.8359,10.3887,other
139888,0.0422,0.3624,0.9147,-1.0352,-31.5332,12.3184,other
139911,0.0802,0.3147,0.8774,4.8105,-32.6016,13.1484,other
139934,0.0853,0.2883,0.9399,12.0625,-31.5,13.5859,other
139957,0.0292,0.3,0.9611,15.8359,-27.3105,13.1934,other
139980,0.0483,0.3024,0.9647,16.0254,-23.2734,12.6367,other
140003,0.0697,0.3052,0.9519,13.0488,-16.3438,11.5723,other
140026,0.0732,0.2965,0.9425,9.3125,-11.709,10.7695,other
140049,0.0753,0.2739,0.9381,1.9941,-5.5273,9.4941,other
140072,0.0857,0.271,0.9764,-6.4746,-0.9375,8.252,other
140095,0.1008,0.2543,0.9779,-11.6934,1.002,7.5273,other
140118,0.0835,0.256,0.9673,-19.1543,2.1172,6.75,other
140141,0.0997,0.2246,0.9585,-23.4609,1.7344,6.5234,other
140164,0.1022,0.1981,0.9395,-28.8125,-0.2461,6.709,other
140187,0.0905,0.1829,0.9545,-31.6348,-2.2969,7.1758,other
140210,0.1671,0.1849,1.0011,-34.7129,-6.1133,8.2637,other
140233,0.1481,0.2192,1.0426,-36.3047,-10.377,9.5332,other
140256,0.1296,0.2245,1.0245,-36.5586,-13.1836,10.3301,other
140279,0.1486,0.1702,0.9617,-36.0645,-16.8984,11.3359,other
140302,0.1235,0.1246,0.9346,-35.5137,-18.8438,11.8613,other
140325,0.134,0.1105,0.9872,-34.959,-20.7227,12.4297,other
140348,0.1896,0.1034,1.0168,-35.0195,-21.168,12.6465,bite
140371,0.1887,0.1302,1.089,-35.3223,-20.6172,12.4902,bite
140394,0.1833,0.1569,1.1039,-35.875,-18.502,11.6797,bite
140417,0.1958,0.0939,1.0963,-36.2109,-16.2832,10.7656,bite
140440,0.1696,0.1256,1.1823,-36.8145,-12.0371,9.0293,bite
140463,0.1608,0.1066,1.1583,-37.9785,-7.3008,7.252,bite
140486,0.1112,0.0505,0.9929,-39.3457,-4.1934,6.252,bite
140509,0.095,0.0093,0.9098,-42.5586,0.2363,5.1387,bite
140532,0.0801,-0.0258,0.8954,-45.3867,3.1836,4.5371,bite
140555,0.0859,-0.0942,0.8229,-49.8516,8.0918,3.3203,bite
140578,0.1031,-0.0396,0.908,-52.1523,11.9512,0.8867,bite
140601,0.0542,0.0272,1.0331,-52.8516,18.7969,-1.7754,bite
140624,-0.0106,0.0165,1.0327,-48.5742,26.6621,-7.2871,bite
140647,0.004,0.0276,1.0054,-42.7559,31.9688,-11.5898,bite
140670,0.0161,0.076,1.1074,-30.5586,38.7969,-18.0723,bite
140693,-0.0535,0.1182,1.1669,-21.0078,41.9395,-21.9648,bite
140716,0.0079,0.1102,1.3049,-6.3008,43.8418,-26.6348,bite
140739,0.1464,-0.0037,1.26,6.457,41.9629,-29.6621,bite
140762,0.1426,-0.0298,1.0875,12.4609,38.5059,-30.8008,bite
140785,-0.067,-0.0012,1.0675,16.0703,30.3008,-31.1855,bite
140808,-0.0591,0.0364,1.2477,14.7168,23.416,-30.4434,bite
140831,0.0112,0.0409,1.2412,8.3379,12.5293,-27.7949,bite
140854,0.0516,-0.0177,1.0961,-0.8926,2.8125,-23.7246,bite
140877,-0.0153,-0.0331,0.9747,-7.5508,-2.3262,-20.5137,bite
140900,-0.0664,-0.0924,0.9272,-17.2129,-7.6543,-15.1602,bite
140923,0.0154,-0.0779,1.0121,-22.8867,-9.6582,-11.2832,bite
140946,0.0427,-0.0294,1.1337,-29.0918,-10.459,-5.3437,bite
140969,0.0402,-0.0416,1.0787,-31.043,-9.5625,0.0469,bite
140992,0.0112,-0.1002,0.9182,-30.3965,-6.3379,3.043,bite
141015,-0.0055,-0.1523,0.8171,-26.6211,-1.623,6.5879,bite
141038,0.0095,-0.1288,0.8433,-23.4277,1.7949,8.4414,bite
141061,-0.0436,-0.1345,0.849,-19.0078,6.5996,10.6973,bite
141084,-0.0175,-0.12,0.9117,-16.748,9.2988,11.9453,bite
141107,-0.0194,-0.0847,1.0321,-14.5117,12.3242,13.4199,bite
141130,-0.0154,-0.0875,1.0305,-13.3379,14.0117,14.2871,bite
141153,-0.028,-0.1,1.0756,-13.0293,14.3477,14.5176,bite
141176,0.0333,-0.1351,1.1283,-13.3652,13.6367,14.4668,bite
141199,0.0406,-0.1843,1.0792,-14.2402,12.4062,14.2773,bite
141222,0.0388,-0.2173,1.063,-16.7285,9.6855,13.9863,bite
141245,-0.0098,-0.1703,1.1205,-20.6445,6.4492,14.0977,bite
141268,0.0073,-0.192,1.1196,-23.8555,4.3633,14.6348,bite
141291,0.0378,-0.2307,0.9982,-29.1797,1.7637,16.3711,bite
141314,0.0173,-0.2418,0.9427,-32.9238,0.4941,18.2031,bite
141337,-0.0524,-0.2073,0.9965,-38.6172,-0.6777,21.9805,bite
141360,-0.0006,-0.1996,1.0199,-42.2441,-1.002,26.9023,bite
141383,-0.0574,-0.2257,0.9347,-46.9883,-0.9141,30.6563,bite
141406,-0.1128,-0.2195,0.9391,-50.6016,-0.3516,36.6543,bite
141429,-0.1003,-0.2454,0.9611,-52.2988,0.1582,40.6738,bite
141452,-0.0223,-0.2716,0.9717,-53.668,0.9551,46.2246,bite
141475,-0.0355,-0.2764,1.0081,-53.7422,1.4121,49.2676,bite
141498,-0.0615,-0.287,1.0067,-52.6094,1.8398,52.4805,bite
141521,-0.1272,-0.2731,0.9989,-50.2559,1.8066,54.125,bite
141544,-0.1171,-0.2981,1.0397,-48.2793,1.4727,54.5508,bite
141567,-0.0273,-0.2695,1.0199,-45.0762,0.5664,54.3711,bite
141590,-0.0967,-0.2251,1.0405,-42.9492,-0.2148,53.707,bite
141613,-0.1349,-0.1979,1.0957,-39.9785,-1.4941,51.9629,bite
141636,-0.1001,-0.2783,1.0764,-37.4219,-2.7363,49.5684,bite
141659,-0.1201,-0.3091,1.0138,-36.0566,-3.4648,47.7285,bite
141682,-0.1486,-0.3435,0.9584,-34.7891,-4.3984,44.7227,bite
141705,-0.1951,-0.2714,1.0305,-34.5918,-4.9473,42.5938,bite
141728,-0.1031,-0.3104,1.0532,-35.1992,-5.6777,39.1563,bite
141751,0.0305,-0.4064,0.9337,-36.0508,-6.0957,35.1328,bite
141774,-0.0713,-0.4189,1.0161,-37.6211,-6.627,31.998,bite
141797,-0.0719,-0.4053,0.974,-38.8359,-7.0645,26.8359,bite
141820,-0.083,-0.4171,1.0166,-38.998,-7.3066,23.3965,bite
141843,-0.0367,-0.4474,0.999,-37.6758,-7.5898,18.7578,bite
141866,-0.1071,-0.4707,0.9813,-35.5273,-7.7285,16.2188,bite
141889,-0.0847,-0.4076,0.9607,-30.373,-7.873,13.4062,bite
141912,-0.0825,-0.3313,1.0123,-23.293,-7.8789,11.707,bite
141935,-0.0474,-0.2875,0.9775,-17.8477,-7.7461,11.0195,bite
141958,-0.1508,-0.2675,0.9904,-9.2207,-7.1582,10.3457,bite
141981,-0.165,-0.2693,0.9709,-3.5547,-6.3652,10.0469,bite
142004,-0.0737,-0.3933,0.9935,4.2305,-4.5156,9.7207,bite
142027,-0.0145,-0.4467,1.0164,10.6055,-2.4785,9.3184,bite
142050,-0.047,-0.4053,1.033,13.8105,-1.5293,8.8594,bite
142073,-0.0487,-0.3948,0.9879,16.7598,-1.041,7.7207,bite
142096,-0.0363,-0.3859,0.9926,17.4668,-1.2578,6.6113,bite
142119,-0.037,-0.3844,1.0122,17.0137,-2.002,4.4141,bite
142142,-0.0607,-0.3364,0.9991,16.1426,-2.707,1.6738,bite
142165,-0.0699,-0.2512,1.0092,14.8398,-2.9004,-0.3594,bite
142188,-0.0668,-0.2672,1.0112,14.4082,-2.5703,-3.5176,bite
142211,-0.0742,-0.2377,1.0189,14.9258,-1.9258,-5.5762,bite
142234,-0.1023,-0.2244,1.0007,17.0449,-0.5137,-8.3887,bite
142257,-0.0742,-0.2499,1.0026,19.2422,0.5254,-9.9805,bite
142280,-0.0878,-0.2046,1.0188,23.2813,1.8008,-11.8125,bite
142303,-0.0773,-0.163,1.0391,27.5684,2.2969,-12.9355,bite
142326,-0.0558,-0.1549,1.0454,30.2148,2.0645,-13.3555,bite
142349,-0.0315,-0.2344,1.036,33.3926,0.8984,-13.6992,other
142372,-0.0375,-0.2377,1.0388,34.75,-0.3379,-13.8652,other
142395,-0.0435,-0.157,1.0873,35.3008,-2.6855,-14.1543,other
142418,-0.0818,-0.0873,1.061,33.7656,-5.3242,-14.5859,other
142441,-0.0708,-0.0887,0.9584,31.502,-6.9961,-15.0469,other
142464,-0.1205,-0.0521,0.9463,26.3555,-8.9336,-16.2207,other
142487,-0.1329,-0.0988,0.9614,21.9902,-9.6426,-17.4395,other
142510,-0.1123,-0.2183,0.9088,14.6191,-9.7422,-20.0469,other
142533,-0.0071,-0.3014,0.9147,6.9961,-8.9512,-23.709,other
142556,-0.036,-0.3091,0.9688,2.1328,-8.207,-26.7559,other
142579,0.012,-0.2941,1.083,-3.9883,-7.2305,-32.0195,other
142602,0.1195,-0.3572,1.1273,-6.9844,-6.916,-35.7305,other
142625,0.1628,-0.4341,1.0638,-9.7773,-7.2852,-40.998,other
142648,0.0986,-0.3838,1.0883,-10.7773,-8.1914,-43.8672,other
142671,0.0441,-0.3291,1.0614,-11.5,-10.3828,-46.4258,other
142694,0.0867,-0.2632,1.1038,-11.4746,-12.9316,-46.3574,other
142717,0.0833,-0.2355,1.0544,-10.8965,-14.3496,-44.9277,other
142740,0.0182,-0.2196,0.9673,-8.9355,-15.3984,-41.252,other
142763,-0.038,-0.2234,0.8417,-6.9238,-15.1465,-38.168,other
142786,-0.0574,-0.2157,0.7498,-3.1074,-13.2441,-33.2969,other
142809,-0.0236,-0.1558,0.7793,1.5879,-9.6504,-29.2637,other
142832,-0.0985,-0.0697,0.8008,5.4687,-6.4102,-27.8359,other
142855,-0.1694,-0.0747,0.7994,13.0625,-0.418,-28.7832,other
142878,-0.1384,-0.0984,0.8022,19.5391,4.1836,-32.0059,other
142901,-0.0922,-0.0193,0.9773,31.334,11.6445,-41.1758,other
142924,-0.0221,0.0449,1.1442,45.2578,19.5117,-55.1602,other
142947,-0.0232,0.1163,1.2358,55.2754,24.9277,-64.0,other
142970,-0.0942,0.0996,1.1846,63.998,33.2402,-64.0,other
142993,-0.2753,-0.0338,0.9771,63.998,38.7734,-64.0,other
143016,-0.3579,-0.1001,0.9121,63.998,46.5586,-64.0,other
143039,-0.3123,-0.1183,0.9653,63.998,50.9102,-64.0,other
143062,-0.2115,0.0107,1.2601,63.998,55.248,-64.0,other
143085,0.0116,0.1538,1.6787,63.998,56.3574,-64.0,other
143108,0.1726,0.2162,1.3531,57.8457,55.1445,-64.0,other
143131,-0.0256,0.1755,0.7638,52.709,50.6133,-64.0,other
143154,-0.3872,0.0994,0.7004,51.9004,46.4512,-64.0,other
143177,-0.4569,0.1146,0.8676,52.6602,40.3301,-64.0,other
143200,-0.3998,0.2272,1.0681,54.3105,36.3223,-61.3945,other
143223,-0.4136,0.353,1.0972,55.9492,35.3301,-53.1367,other
143246,-0.4758,0.3839,1.0688,59.625,36.1816,-40.2793,other
143269,-0.4985,0.4025,1.0475,62.6152,37.8496,-32.1387,other
143292,-0.4574,0.3409,0.9321,63.998,40.834,-21.5703,other
143315,-0.4047,0.2361,0.8912,63.998,42.8086,-13.6387,other
143338,-0.3501,0.2039,0.8292,62.1934,42.8184,-10.0312,other
143361,-0.4054,0.215,0.8136,51.2031,40.502,-7.1855,other
143384,-0.4769,0.2252,0.8378,40.9473,37.7129,-6.7187,other
143407,-0.5575,0.2114,0.854,23.4453,32.8066,-7.123,other
143430,-0.6073,0.1616,0.8586,11.8594,29.6797,-7.4395,other
143453,-0.5433,0.1104,0.8417,-3.2227,25.7656,-7.3672,other
143476,-0.4418,0.1597,0.8612,-13.8301,22.8145,-7.1211,other
143499,-0.4164,0.2107,0.8535,-17.9375,21.2031,-7.5527,other
143522,-0.4371,0.1957,0.798,-19.7129,19.1855,-10.0547,other
143545,-0.489,0.1835,0.8239,-18.373,18.2031,-13.1016,other
143568,-0.493,0.1738,0.8496,-13.6113,17.5254,-19.1953,other
143591,-0.4647,0.173,0.8564,-6.8574,17.8008,-25.8359,other
143614,-0.4305,0.1837,0.8583,-1.9492,18.3027,-29.7637,other
143637,-0.4742,0.1848,0.8229,5.043,18.9688,-33.7285,other
143660,-0.5227,0.1943,0.832,8.9668,19.0059,-34.5,other
143683,-0.552,0.2047,0.8507,13.1465,18.0273,-32.25,other
143706,-0.5533,0.223,0.8831,14.9707,15.5664,-26.0449,other
143729,-0.5244,0.2039,0.8715,14.8867,13.1309,-20.2617,other
143752,-0.5038,0.1802,0.8497,13.0176,8.6875,-10.5371,other
143775,-0.4996,0.1853,0.8066,10.8105,5.5469,-4.25,other
143798,-0.5599,0.2244,0.7856,6.582,1.1953,3.6309,other
143821,-0.5581,0.2117,0.7927,3.5449,-1.1172,8.7891,other
143844,-0.49,0.205,0.7889,-0.6543,-3.2871,10.5273,other
143867,-0.5017,0.1963,0.7928,-3.8086,-3.8496,10.6953,other
143890,-0.5397,0.2084,0.7927,-5.1406,-3.5176,9.4922,other
143913,-0.5328,0.2081,0.8069,-5.9453,-2.4141,6.5586,other
143936,-0.5026,0.2085,0.8392,-5.7754,-1.5645,4.3633,other
143959,-0.5002,0.2046,0.8489,-4.7285,-0.5645,1.4043,other
143982,-0.5046,0.2073,0.8252,-3.1426,-0.2129,-0.6484,other
144005,-0.5175,0.2292,0.8396,-2.0332,-0.377,-1.3652,other
144028,-0.5182,0.2419,0.8566,-0.584,-1.0762,-1.4648,other
144051,-0.5228,0.2286,0.8383,0.125,-1.707,-0.9863,other
144074,-0.5168,0.2231,0.8418,0.6465,-2.6855,0.2383,other
144097,-0.5372,0.2313,0.8373,0.4375,-3.4687,1.6289,other
144120,-0.515,0.2217,0.8202,-0.082,-3.7676,2.4141,other
144143,-0.5057,0.2014,0.8053,-1.2871,-3.7773,3.084,other
144166,-0.5048,0.2063,0.8267,-2.2598,-3.4922,3.0762,other
144189,-0.498,0.1967,0.8436,-3.7402,-2.7031,2.3457,other
144212,-0.4938,0.194,0.8114,-4.6172,-1.5195,0.9355,other
144235,-0.5121,0.1813,0.7847,-5.6406,-0.9395,-0.1934,other
144258,-0.5154,0.1914,0.7664,-6.248,0.0312,-1.8105,other
144281,-0.5165,0.2123,0.7655,-6.3887,0.5508,-2.6309,other
144304,-0.5232,0.2283,0.7966,-6.1133,1.0703,-3.2266,other
144327,-0.5262,0.2458,0.8337,-5.543,1.2188,-3.127,other
144350,-0.5187,0.2372,0.821,-4.0937,1.1133,-2.2441,other
144373,-0.5023,0.2196,0.8354,-2.1855,0.5566,-0.6602,other
144396,-0.47,0.2349,0.8724,-0.8906,-0.0781,0.623,other
144419,-0.475,0.2377,0.8934,0.7441,-1.3828,2.6133,other
144442,-0.4799,0.212,0.8718,1.4551,-2.4141,3.8594,other
144465,-0.4839,0.1842,0.8478,1.6504,-4.0391,5.5117,other
144488,-0.451,0.1851,0.8455,0.5879,-5.5312,6.8711,other
144511,-0.4579,0.2141,0.8295,-0.7578,-6.3223,7.6035,other
144534,-0.4894,0.2136,0.8074,-3.3691,-7.0176,8.4707,other
144557,-0.4916,0.2195,0.7906,-5.2246,-7.0977,8.9551,other
144580,-0.4807,0.2341,0.7916,-7.7246,-6.6699,9.6582,other
144603,-0.4943,0.244,0.7931,-8.9785,-5.7754,10.4082,other
144626,-0.5101,0.2687,0.8289,-9.9609,-5.0625,10.9336,other
144649,-0.5066,0.2556,0.8341,-9.7227,-4.0234,11.6836,other
144672,-0.4766,0.2598,0.8221,-8.9492,-3.4453,12.0645,other
144695,-0.4734,0.2727,0.8533,-7.1836,-2.8418,12.2617,other
144718,-0.4917,0.2656,0.8406,-5.8145,-2.623,12.0527,other
144741,-0.4698,0.2491,0.8301,-3.8125,-2.5098,11.1816,other
144764,-0.455,0.2496,0.8376,-2.2227,-2.541,9.6953,other
144787,-0.4698,0.2537,0.8394,-1.5078,-2.5859,8.4414,other
144810,-0.4796,0.2574,0.8403,-0.9785,-2.6211,6.373,other
144833,-0.4618,0.2393,0.8245,-0.9492,-2.6016,5.0117,other
144856,-0.4486,0.2479,0.8253,-1.2988,-2.5117,3.1914,other
144879,-0.4564,0.2411,0.8229,-1.9668,-2.3809,1.7891,other
144902,-0.4672,0.2638,0.8269,-2.4844,-2.2891,1.1348,other
144925,-0.4683,0.2422,0.8406,-3.2246,-2.1641,0.5977,other
144948,-0.4307,0.2308,0.8329,-3.6387,-2.0898,0.5039,other
144971,-0.433,0.241,0.8324,-4.1016,-2.002,0.6562,other
144994,-0.4655,0.2756,0.847,-4.2891,-1.9492,1.0781,other
145017,-0.4657,0.2571,0.8368,-4.3672,-1.916,1.4883,other
145040,-0.4365,0.2524,0.8297,-4.2637,-1.8594,2.2402,other
145063,-0.4429,0.2494,0.8395,-4.1719,-1.8281,2.7676,other
145086,-0.4647,0.2592,0.8544,-4.1113,-1.8027,3.4785,other
145109,-0.4606,0.2639,0.8507,-4.1387,-1.7949,3.8574,other
145132,-0.4597,0.2617,0.8401,-4.2949,-1.7871,4.2383,other
145155,-0.4576,0.2561,0.83,-4.5918,-1.7832,4.3594,other
145178,-0.4519,0.2611,0.8306,-4.8633,-1.7715,4.2832,other
145201,-0.458,0.2567,0.8298,-5.3164,-1.709,3.9395,other
145224,-0.4631,0.2511,0.8141,-5.6035,-1.623,3.5781,other
145247,-0.4486,0.2498,0.8168,-5.9414,-1.4355,2.8848,other
145270,-0.4529,0.244,0.8276,-6.1133,-1.2051,2.0781,other
145293,-0.4353,0.2456,0.8447,-6.1113,-1.0586,1.5137,other
145316,-0.4325,0.2452,0.8535,-5.9121,-0.8906,0.6914,other
145339,-0.4331,0.243,0.8334,-5.6641,-0.832,0.1973,other
145362,-0.4447,0.2437,0.837,-5.1875,-0.8223,-0.3887,other
145385,-0.4312,0.2417,0.826,-4.8555,-0.8906,-0.707,other
145408,-0.4388,0.2611,0.8379,-4.4062,-0.9648,-0.7441,other
145431,-0.4646,0.2626,0.8512,-4.0645,-1.1035,-0.5254,other
145454,-0.4445,0.2494,0.8394,-3.9004,-1.2012,-0.209,other
145477,-0.4307,0.261,0.8427,-3.748,-1.3359,0.4297,other
145500,-0.453,0.257,0.8356,-3.7031,-1.4082,0.8887,other
145523,-0.4496,0.2632,0.8242,-3.6953,-1.459,1.5195,other
145546,-0.457,0.277,0.8347,-3.7266,-1.416,1.9961,other
145569,-0.4663,0.2626,0.8359,-3.7402,-1.3398,2.2031,other
145592,-0.4429,0.2527,0.8246,-3.7148,-1.1777,2.3281,other
145615,-0.4304,0.2531,0.8423,-3.6719,-1.0605,2.2695,other
145638,-0.4346,0.2545,0.8472,-3.5742,-0.9121,1.9531,other
145661,-0.4373,0.2561,0.8322,-3.4395,-0.8184,1.4023,other
145684,-0.4465,0.2533,0.8374,-3.3496,-0.793,0.9668,other
145707,-0.4307,0.2516,0.8459,-3.248,-0.8164,0.3125,other
145730,-0.4321,0.2551,0.85,-3.2129,-0.8652,-0.0801,other
145753,-0.4386,0.2622,0.8406,-3.2109,-0.9746,-0.5488,other
145776,-0.4432,0.2551,0.8413,-3.2773,-1.0859,-0.8066,other
145799,-0.4363,0.2617,0.8325,-3.3574,-1.1367,-0.8496,other
145822,-0.4435,0.2554,0.8357,-3.5352,-1.1563,-0.7383,other
145845,-0.4346,0.2598,0.8365,-3.6836,-1.125,-0.5801,other
145868,-0.4379,0.2416,0.8173,-3.9258,-1.0234,-0.2715,other
145891,-0.4386,0.2413,0.8304,-4.1016,-0.9395,-0.0527,other
145914,-0.431,0.2499,0.8483,-4.3613,-0.8223,0.2598,other
145937,-0.4312,0.2493,0.8239,-4.5605,-0.7539,0.5254,other
145960,-0.4407,0.264,0.8253,-4.6367,-0.7461,0.6816,other
145983,-0.4563,0.2709,0.8319,-4.625,-0.7695,0.9199,other
146006,-0.4463,0.2681,0.8314,-4.5156,-0.7969,1.0977,other
146029,-0.434,0.2708,0.8477,-4.2109,-0.8555,1.3828,other
146052,-0.4498,0.2783,0.8497,-3.7832,-0.9453,1.6387,other
146075,-0.4609,0.278,0.8478,-3.457,-1.0156,1.7559,other
146098,-0.4371,0.2708,0.8425,-2.9629,-1.1113,1.8047,other
146121,-0.4298,0.2631,0.8439,-2.6797,-1.1582,1.7285,other
146144,-0.4326,0.2616,0.8328,-2.3867,-1.1992,1.4258,other
146167,-0.4385,0.2601,0.8367,-2.2969,-1.1895,0.9355,other
146190,-0.434,0.2566,0.8427,-2.3477,-1.1523,0.5508,other
146213,-0.4324,0.2551,0.8331,-2.5664,-1.0586,-0.0488,other
146236,-0.434,0.2573,0.828,-2.7891,-0.9844,-0.4277,other
146259,-0.432,0.2596,0.8416,-3.2129,-0.875,-0.8984,other
146282,-0.431,0.2568,0.8428,-3.5215,-0.8184,-1.123,other
146305,-0.431,0.2539,0.8361,-3.9687,-0.7695,-1.2969,other
146328,-0.4314,0.2526,0.8381,-4.3477,-0.7773,-1.2637,other
146351,-0.4313,0.2542,0.8392,-4.5469,-0.8105,-1.1289,other
146374,-0.431,0.257,0.8295,-4.7461,-0.8809,-0.7832,other
146397,-0.4373,0.2627,0.8353,-4.8145,-0.9375,-0.4746,other
146420,-0.4399,0.2706,0.8357,-4.8262,-1.0215,0.0762,other
146443,-0.4386,0.2732,0.8408,-4.7383,-1.0977,0.6953,other
146466,-0.4391,0.2699,0.8407,-4.6348,-1.1367,1.1035,other
146489,-0.4326,0.264,0.8334,-4.459,-1.1758,1.6367,other
146512,-0.4332,0.2656,0.839,-4.3555,-1.1855,1.9004,other
146535,-0.4363,0.2631,0.8306,-4.2441,-1.1699,2.1133,other
146558,-0.4344,0.2625,0.8234,-4.1719,-1.1016,2.0859,other
146581,-0.4375,0.2704,0.8346,-4.1191,-1.0215,1.9492,other
146604,-0.439,0.2666,0.8346,-3.9766,-0.8418,1.6016,other
146627,-0.4299,0.2585,0.8401,-3.8301,-0.6973,1.3047,other
146650,-0.4313,0.2618,0.8439,-3.5527,-0.4824,0.8066,other
146673,-0.4318,0.2632,0.843,-3.3496,-0.3633,0.3066,other
146696,-0.4318,0.2648,0.8417,-3.0547,-0.2461,0.0156,other
146719,-0.4309,0.2609,0.8344,-2.834,-0.2187,-0.293,other
146742,-0.4323,0.2587,0.8123,-2.748,-0.248,-0.3848,other
146765,-0.4358,0.271,0.8206,-2.7109,-0.3398,-0.3281,other
146788,-0.4446,0.276,0.8442,-2.7187,-0.416,-0.1641,other
146811,-0.4299,0.2719,0.8367,-2.7109,-0.5332,0.2207,other
146834,-0.4315,0.2715,0.8379,-2.6641,-0.666,0.6738,other
146857,-0.4313,0.2721,0.8354,-2.6367,-0.7734,0.9609,other
146880,-0.4358,0.2776,0.8256,-2.6484,-0.9688,1.3203,other
146903,-0.4358,0.2771,0.84,-2.707,-1.1172,1.5059,other
146926,-0.4304,0.2764,0.8411,-2.8633,-1.3398,1.6797,other
146949,-0.4312,0.2695,0.8318,-3.0684,-1.5449,1.707,other
146972,-0.431,0.2714,0.8363,-3.2109,-1.6582,1.6367,other
146995,-0.431,0.2681,0.8435,-3.4141,-1.7813,1.4141,other
147018,-0.431,0.2668,0.8439,-3.5293,-1.8359,1.2129,other
147041,-0.431,0.2692,0.84,-3.6621,-1.8867,0.8828,other
147064,-0.431,0.2762,0.828,-3.7187,-1.9043,0.5977,other
147087,-0.431,0.2751,0.825,-3.7578,-1.9043,0.4727,other
147110,-0.4323,0.2705,0.8342,-3.7598,-1.8477,0.4082,other
147133,-0.4308,0.2677,0.8391,-3.7559,-1.7773,0.4395,other
147156,-0.4312,0.2667,0.8452,-3.7617,-1.6523,0.5605,other
147179,-0.431,0.2717,0.8357,-3.7871,-1.5742,0.668,other
147202,-0.431,0.2706,0.8302,-3.873,-1.4863,0.8594,other
147225,-0.431,0.2778,0.8268,-4.0176,-1.4277,1.0938,other
147248,-0.4316,0.2844,0.8278,-4.125,-1.3965,1.2695,other
147271,-0.4315,0.2869,0.8367,-4.2422,-1.3418,1.5391,other
147294,-0.4309,0.282,0.8308,-4.2539,-1.2891,1.7031,other
147317,-0.431,0.2795,0.8346,-4.1621,-1.1953,1.873,other
147340,-0.431,0.2804,0.8408,-3.9668,-1.1094,1.8965,other
147363,-0.431,0.2789,0.8448,-3.8047,-1.0703,1.8125,other
147386,-0.4309,0.257,0.8359,-3.5664,-1.0605,1.5625,other
147409,-0.4304,0.2603,0.8369,-3.4512,-1.0957,1.3398,other
147432,-0.431,0.2572,0.856,-3.3965,-1.2305,1.0039,other
147455,-0.4231,0.2407,0.8545,-3.4609,-1.5332,0.8184,other
147478,-0.391,0.2271,0.8608,-3.7637,-1.9082,0.9102,other
147501,-0.402,0.2238,0.8654,-4.4355,-2.9082,1.6055,other
147524,-0.3718,0.246,0.8298,-5.1562,-3.9629,2.5762,other
147547,-0.3514,0.2974,0.8701,-6.6602,-6.1777,4.9043,other
147570,-0.3905,0.3235,0.9042,-7.8301,-7.9922,7.0137,other
147593,-0.4144,0.3187,0.8416,-9.4609,-10.9727,10.8633,other
147616,-0.415,0.3213,0.8326,-10.5801,-13.875,15.1777,other
147639,-0.4309,0.3358,0.8315,-10.9023,-15.4609,17.9883,other
147662,-0.4277,0.3497,0.832,-10.5508,-16.7578,21.4727,other
147685,-0.3983,0.3389,0.8232,-9.6816,-16.6465,22.9336,other
147708,-0.3857,0.3314,0.8307,-7.457,-14.8828,23.3477,other
147731,-0.3801,0.3182,0.8613,-4.4082,-11.4844,21.459,other
147754,-0.3544,0.3022,0.8873,-2.1562,-8.6582,19.0703,other
147777,-0.3252,0.2969,0.885,1.1289,-4.2656,14.3379,other
147800,-0.3445,0.2909,0.8547,2.998,-1.6309,10.8418,other
147823,-0.3494,0.2914,0.8446,4.9395,1.3945,5.9082,other
147846,-0.3542,0.2877,0.8347,5.5488,3.0586,2.2461,other
147869,-0.3678,0.3022,0.8602,5.4941,3.4629,0.8691,other
147892,-0.382,0.333,0.8405,4.5879,3.3477,0.6172,other
147915,-0.4304,0.3636,0.8528,3.6934,3.0156,1.582,other
147938,-0.3472,0.3253,0.8257,2.1367,2.4062,4.2266,other
147961,-0.3325,0.3474,0.8247,1.0508,1.9414,6.2969,other
147984,-0.3723,0.3623,0.856,-0.5,1.1465,8.9355,other
148007,-0.3927,0.3506,0.856,-1.7266,0.291,10.3066,other
148030,-0.3761,0.3419,0.8434,-2.2871,-0.25,10.3867,other
148053,-0.3536,0.3475,0.8577,-2.7695,-0.9043,9.332,other
148076,-0.3646,0.3344,0.8566,-2.9043,-1.1719,7.9609,other
148099,-0.374,0.3278,0.8419,-2.916,-1.2656,5.2109,other
148122,-0.3678,0.327,0.837,-2.8203,-0.9727,2.0859,other
148145,-0.3599,0.3269,0.8389,-2.7539,-0.5859,0.0312,other
148168,-0.3644,0.3162,0.8369,-2.6953,0.1719,-2.7148,other
148191,-0.3661,0.3202,0.8397,-2.6875,0.6895,-4.1953,other
148214,-0.3663,0.326,0.856,-2.7168,1.3164,-5.7266,other
148237,-0.3639,0.3276,0.865,-2.7461,1.6035,-6.3516,other
148260,-0.358,0.3264,0.8555,-2.8008,1.5605,-6.2812,other
148283,-0.3694,0.3253,0.842,-2.9141,1.1582,-5.5625,other
148306,-0.3717,0.3191,0.8323,-3.0605,0.7187,-4.7734,other
148329,-0.366,0.3264,0.8311,-3.416,-0.0527,-3.3184,other
148352,-0.3794,0.3302,0.8289,-3.7285,-0.5645,-2.2832,other
148375,-0.3778,0.3315,0.8379,-4.2266,-1.2207,-0.7988,other
148398,-0.3663,0.3361,0.8413,-4.6074,-1.6602,0.4375,other
148421,-0.3683,0.3367,0.843,-4.7305,-1.8203,1.0527,other
148444,-0.3804,0.3423,0.8556,-4.6777,-1.8809,1.623,other
148467,-0.3682,0.3392,0.8541,-4.4902,-1.8242,1.7793,other
148490,-0.3627,0.3339,0.8441,-4.0312,-1.6426,1.7188,other
148513,-0.3717,0.3414,0.8455,-3.4902,-1.4238,1.3828,other
148536,-0.3678,0.3295,0.8507,-3.1582,-1.2988,1.0625,other
148559,-0.3593,0.3248,0.8386,-2.7949,-1.166,0.5234,other
148582,-0.3704,0.3247,0.832,-2.6777,-1.1172,0.1641,other
148605,-0.3683,0.3333,0.8519,-2.7031,-1.0723,-0.3047,other
148628,-0.3625,0.3313,0.8396,-2.9414,-1.0469,-0.6152,other
148651,-0.3682,0.3374,0.8457,-3.1836,-1.0449,-0.7148,other
148674,-0.3754,0.3344,0.8442,-3.5957,-1.0645,-0.7012,other
148697,-0.3656,0.3372,0.8496,-3.8594,-1.084,-0.6016,other
148720,-0.3652,0.3406,0.8488,-4.1816,-1.1074,-0.3848,other
148743,-0.375,0.338,0.8414,-4.3281,-1.1113,-0.2344,other
148766,-0.3712,0.3228,0.8396,-4.4473,-1.0898,-0.0547,other
148789,-0.3578,0.3159,0.8328,-4.4883,-1.0352,0.0352,other
148812,-0.3566,0.3132,0.8555,-4.5039,-0.9941,0.0332,other
148835,-0.3542,0.3151,0.8518,-4.5547,-0.9785,-0.0195,other
148858,-0.3625,0.3159,0.8302,-4.6426,-1.041,-0.0332,other
148881,-0.3597,0.3314,0.8619,-4.9121,-1.293,0.0996,other
148904,-0.3589,0.3278,0.8464,-5.332,-1.7402,0.502,other
148927,-0.3545,0.3331,0.8395,-5.6465,-2.1094,0.9063,other
148950,-0.365,0.3507,0.8563,-6.0527,-2.6387,1.6328,other
148973,-0.3715,0.3419,0.8551,-6.1699,-2.877,2.1172,other
148996,-0.3628,0.3468,0.8374,-5.9395,-2.8965,2.6992,other
149019,-0.375,0.3418,0.8276,-5.1367,-2.3926,2.9492,other
149042,-0.3768,0.3394,0.8308,-4.332,-1.7734,2.8867,other
149065,-0.3696,0.338,0.8334,-2.9082,-0.5703,2.4668,other
149088,-0.3616,0.3309,0.8389,-1.9531,0.2754,2.0176,other
149111,-0.3547,0.3282,0.8546,-0.75,1.3457,1.2051,other
149134,-0.3486,0.3164,0.8613,-0.2187,1.7871,0.416,other
149157,-0.344,0.3077,0.8617,0.0176,1.8691,0.0137,other
149180,-0.3647,0.3101,0.8699,-0.5156,1.1953,-0.2578,other
149203,-0.3489,0.3337,0.8605,-1.3066,0.3945,-0.1641,other
149226,-0.3369,0.3364,0.8665,-3.1055,-1.1055,0.3574,other
149249,-0.3622,0.3367,0.8463,-4.666,-2.1465,0.8789,other
149272,-0.3871,0.3398,0.8088,-7.3828,-3.4746,1.7637,other
149295,-0.3768,0.3428,0.8169,-10.2012,-4.1523,2.5566,other
149318,-0.385,0.3347,0.807,-11.8496,-4.084,2.8945,other
149341,-0.3994,0.3436,0.7952,-13.4902,-3.084,2.9141,other
149364,-0.4052,0.3522,0.8107,-13.7852,-1.8027,2.5215,other
149387,-0.4279,0.3594,0.906,-12.7832,0.9141,1.2734,other
149410,-0.4265,0.3573,0.9064,-10.1133,4.2148,-0.707,other
149433,-0.4321,0.3245,0.8921,-7.7109,6.4297,-2.3613,other
149456,-0.4359,0.2856,0.8804,-4.0879,9.3066,-5.2168,other
149479,-0.4056,0.1974,0.7996,-2.2637,10.7012,-7.3203,other
149502,-0.297,0.297,0.7596,-1.1777,11.5801,-10.7109,other
149525,-0.3065,0.3444,0.838,-1.5938,11.0332,-14.0254,other
149548,-0.3505,0.293,0.9369,-3.0684,8.2344,-15.8457,other
149571,-0.4011,0.3059,0.8882,-3.9863,3.5312,-17.4297,other
149594,-0.4758,0.3186,0.8369,-3.6387,-0.0723,-17.5254,other
149617,-0.532,0.3256,0.8229,-1.4355,-5.1016,-16.3516,other
149640,-0.4414,0.3101,0.7924,1.0,-7.6699,-15.1328,other
149663,-0.3518,0.2751,0.8195,5.6191,-10.209,-13.9141,other
149686,-0.3215,0.3751,0.894,10.8125,-11.8203,-15.0293,other
149709,-0.3519,0.421,0.8867,14.2715,-12.6758,-17.6289,other
149732,-0.4039,0.291,0.7817,18.6582,-13.4727,-24.082,other
149755,-0.4313,0.2455,0.7367,20.3809,-13.2812,-29.3555,other
149778,-0.4313,0.2943,0.7987,20.3555,-11.3945,-36.9746,other
149801,-0.431,0.3384,0.8535,17.5508,-7.6211,-42.3066,other
149824,-0.4573,0.3446,0.8146,14.8437,-4.2949,-43.9043,other
149847,-0.5057,0.3265,0.7964,10.5898,1.2734,-43.0313,other
149870,-0.4791,0.3024,0.8121,8.0098,4.916,-40.4023,other
149893,-0.4401,0.288,0.8097,4.7793,9.4492,-34.1426,other
149916,-0.4312,0.2885,0.8076,3.0156,12.4316,-26.4375,other
149939,-0.4395,0.2849,0.8151,0.8027,12.5039,-21.25,other
149962,-0.4366,0.2776,0.8135,-0.9297,11.5352,-14.2773,other
149985,-0.4357,0.2756,0.7969,-1.7578,10.1309,-10.5,other
150008,-0.4619,0.2933,0.8031,-2.4414,7.5586,-6.3633,other
150031,-0.4828,0.3018,0.7922,-2.5469,5.8633,-4.5488,other
150054,-0.5022,0.3041,0.8015,-2.334,3.6992,-2.8672,other
150077,-0.4868,0.2944,0.7963,-1.8926,2.1895,-1.9492,other
150100,-0.4814,0.3108,0.7963,-1.5645,1.5371,-1.5762,other
150123,-0.4778,0.307,0.8145,-1.1055,0.9219,-1.2363,other
150146,-0.4852,0.3175,0.8177,-0.8418,0.6914,-1.1387,other
150169,-0.4797,0.3109,0.7827,-0.5508,0.5918,-1.2461,other
150192,-0.4896,0.2823,0.7609,-0.5293,0.7871,-1.7539,other
150215,-0.4885,0.2805,0.7482,-0.7207,1.0664,-2.3359,other
150238,-0.5154,0.3013,0.7751,-1.2344,1.6387,-3.5039,other
150261,-0.5079,0.3026,0.8097,-1.5566,2.0566,-4.3965,other
150284,-0.4954,0.3082,0.7979,-1.6152,2.5195,-5.7363,other
150307,-0.4652,0.3011,0.796,-1.1973,2.3828,-6.9277,other
150330,-0.502,0.3127,0.8257,0.1934,1.8164,-7.6328,other
150353,-0.4946,0.3051,0.8119,2.252,0.4609,-8.6855,other
150376,-0.4946,0.3044,0.7939,3.7168,-0.5449,-9.4531,other
150399,-0.4968,0.2948,0.7869,5.5645,-1.9121,-10.6992,other
150422,-0.5004,0.2872,0.7771,6.3535,-2.6445,-11.5215,other
150445,-0.5037,0.2777,0.7842,6.7031,-3.4336,-12.5566,other
150468,-0.4921,0.3004,0.7841,6.2129,-3.9395,-13.1562,other
150491,-0.5167,0.3204,0.804,5.6855,-4.2109,-13.25,other
150514,-0.5192,0.3175,0.8073,5.0312,-4.498,-13.0234,other
150537,-0.5316,0.3138,0.8328,4.7734,-4.5352,-12.7812,other
150560,-0.4835,0.2964,0.8141,4.4395,-4.3418,-12.5449,other
150583,-0.5057,0.3027,0.7938,3.6309,-4.0273,-12.6426,other
150606,-0.4771,0.2922,0.7657,2.4512,-3.8125,-12.957,other
150629,-0.4626,0.2532,0.751,-0.8164,-3.3223,-13.8437,other
150652,-0.4662,0.2356,0.7736,-4.1582,-2.6777,-14.5996,other
150675,-0.4518,0.2195,0.7896,-10.7617,-1.0762,-15.3145,other
150698,-0.4352,0.2114,0.7849,-18.9199,0.9395,-14.1875,other
150721,-0.4312,0.2275,0.7523,-24.1016,2.1016,-11.6152,other
150744,-0.4507,0.1938,0.7169,-31.8496,2.9629,-4.2461,other
150767,-0.473,0.1935,0.7697,-36.209,2.9648,2.9805,other
150790,-0.5404,0.2418,0.7256,-40.8164,3.2578,16.2227,other
150813,-0.6536,0.2655,0.6998,-42.3477,4.6758,25.582,other
150836,-0.5565,0.2024,0.6906,-42.0254,9.3633,38.4902,other
150859,-0.4706,0.2361,0.6672,-38.1797,15.4961,48.1504,other
150882,-0.4563,0.3214,0.7841,-33.5156,18.8594,52.0547,other
150905,-0.4697,0.4078,0.9135,-23.4199,20.7129,53.8359,other
150928,-0.4482,0.3986,0.8802,-14.9141,19.1895,52.5723,other
150951,-0.4624,0.385,0.8175,-0.7461,13.0215,47.9082,other
150974,-0.476,0.3839,0.8066,12.8437,3.8359,41.2852,other
150997,-0.4269,0.3966,0.8336,20.3574,-2.793,36.5117,other
151020,-0.4319,0.3884,0.8279,28.0859,-11.9492,29.6016,other
151043,-0.4299,0.3885,0.791,30.584,-16.9121,25.457,other
151066,-0.4313,0.385,0.7942,30.459,-22.0801,20.252,other
151089,-0.4305,0.3586,0.7675,26.5195,-24.4277,16.4492,other
151112,-0.3936,0.3514,0.7844,22.4727,-24.6387,14.6816,other
151135,-0.3625,0.3567,0.8014,15.5,-23.5234,12.9707,other
151158,-0.3676,0.3641,0.7799,10.9395,-22.1836,12.2852,other
151181,-0.4097,0.3987,0.7875,5.1797,-19.7969,11.7266,other
151204,-0.4128,0.4077,0.8007,2.459,-18.1777,11.6055,other
151227,-0.3497,0.4093,0.7957,0.3574,-15.9551,11.7012,other
151250,-0.3484,0.4222,0.8022,0.3691,-14.1172,11.9395,other
151273,-0.3437,0.4469,0.855,1.2031,-13.1602,12.0957,other
151296,-0.3334,0.4485,0.8035,3.084,-12.248,12.3457,other
151319,-0.3777,0.4414,0.7415,4.3867,-12.0762,12.6133,other
151342,-0.3618,0.4458,0.7313,5.8477,-12.6406,13.3984,other
151365,-0.2911,0.4729,0.9299,6.3828,-14.4668,14.7773,other
151388,-0.2249,0.4708,0.9329,6.2305,-16.5762,15.9414,other
151411,-0.2191,0.4526,0.8344,5.2129,-21.041,17.7305,other
151434,-0.2693,0.4374,0.7533,3.8984,-24.6172,18.8027,other
151457,-0.2245,0.4386,0.8364,0.9453,-30.2773,20.1309,other
151480,-0.1852,0.4502,0.9319,-2.627,-35.6875,21.0176,other
151503,-0.1451,0.4382,0.8446,-4.832,-38.8691,21.1973,other
151526,-0.1628,0.4207,0.8096,-7.2871,-42.5332,20.543,other
151549,-0.1793,0.4299,0.7623,-8.2285,-43.9707,19.4609,other
151572,-0.2012,0.4314,0.8055,-8.6191,-44.4238,17.1758,other
151595,-0.1598,0.4591,0.7971,-8.2539,-43.6465,14.9707,other
151618,-0.1465,0.432,0.7323,-6.9434,-40.9824,12.9512,other
151641,-0.1907,0.4751,0.804,-5.0469,-36.6973,10.6777,other
151664,-0.1484,0.5011,0.8877,-3.5859,-33.1563,9.373,other
151687,-0.073,0.4646,0.8412,-1.2656,-27.2891,7.7168,other
151710,-0.1233,0.439,0.8136,0.168,-23.3125,6.7637,other
151733,-0.1255,0.4476,0.8229,1.7578,-17.7109,5.5508,other
151756,-0.1245,0.4525,0.8184,2.4609,-12.9219,4.6797,other
151779,-0.1105,0.4504,0.8204,2.4687,-10.2832,4.3105,other
151802,-0.084,0.4601,0.8365,2.0176,-7.1641,4.0156,other
151825,-0.1244,0.4625,0.8354,1.5898,-5.6094,3.9395,other
151848,-0.1201,0.4768,0.8489,1.0313,-4.0059,3.9805,other
151871,-0.1234,0.4752,0.8103,0.7422,-3.1562,4.168,other
151894,-0.1394,0.4967,0.833,0.7012,-2.8789,4.3105,other
151917,-0.1157,0.4886,0.8165,0.7617,-2.6465,4.3809,other
151940,-0.1377,0.4808,0.8135,0.791,-2.4824,4.2285,other
151963,-0.1329,0.4674,0.8002,0.666,-2.0781,3.5918,other
151986,-0.1104,0.4652,0.8069,0.4238,-1.6797,2.4746,other
152009,-0.1011,0.4766,0.8411,-0.1445,-0.918,1.5195,other
152032,-0.1173,0.4636,0.8199,-0.7734,-0.0586,-0.0703,other
152055,-0.1206,0.4524,0.7919,-1.1367,0.4805,-1.1016,other
152078,-0.1237,0.4679,0.8181,-1.5313,1.1074,-2.3516,other
152101,-0.1057,0.4845,0.8397,-1.668,1.3496,-2.8809,other
152124,-0.1356,0.4916,0.8225,-1.6543,1.418,-3.1523,other
152147,-0.1328,0.4958,0.8201,-1.3828,1.2012,-2.8789,other
152170,-0.1196,0.4751,0.7994,-1.0742,0.959,-2.5078,other
152193,-0.1227,0.4895,0.7994,-0.4375,0.5391,-1.9043,other
152216,-0.1262,0.4924,0.8193,0.0996,0.2812,-1.6016,other
152239,-0.1282,0.4944,0.8157,1.0566,0.041,-1.4473,other
152262,-0.1519,0.5009,0.7947,2.084,0.0488,-1.6836,other
152285,-0.1382,0.4984,0.7926,2.7109,0.2051,-2.0137,other
152308,-0.1333,0.4985,0.8011,3.4102,0.6465,-2.6582,other
152331,-0.1628,0.4988,0.7789,3.6465,1.0391,-3.1113,other
152354,-0.14,0.4989,0.7906,3.5605,1.6699,-3.6758,other
152377,-0.1436,0.4923,0.7877,3.1758,2.0352,-3.9434,other
152400,-0.1364,0.4928,0.8033,2.123,2.3594,-3.9043,other
152423,-0.1326,0.479,0.8063,0.625,2.3027,-3.5156,other
152446,-0.1312,0.4773,0.8036,-0.5098,2.043,-3.0645,other
152469,-0.1246,0.475,0.8016,-2.207,1.3672,-2.1914,other
152492,-0.1412,0.4875,0.8009,-3.2168,0.7812,-1.5527,other
152515,-0.1471,0.4862,0.7968,-4.3809,-0.1895,-0.623,other
152538,-0.1196,0.4822,0.8075,-4.9941,-1.1641,0.1504,other
152561,-0.1335,0.4791,0.7926,-5.0625,-1.7715,0.5195,other
152584,-0.1136,0.493,0.7911,-4.6777,-2.5703,0.8027,other
152607,-0.1354,0.5024,0.7836,-4.1641,-3.0234,0.8047,other
152630,-0.1183,0.5194,0.7893,-3.1738,-3.6133,0.582,other
152653,-0.1226,0.5302,0.7888,-2.1387,-4.2441,0.2246,other
152676,-0.101,0.5262,0.7941,-1.5117,-4.7578,-0.002,other
152699,-0.1134,0.5327,0.7948,-0.7031,-5.6836,-0.2324,other
152722,-0.1329,0.5162,0.7827,-0.2383,-6.3437,-0.291,other
152745,-0.1185,0.4921,0.7856,0.4297,-7.2324,-0.2578,other
152768,-0.1125,0.4984,0.7877,0.9121,-7.6309,-0.1699,other
152791,-0.1168,0.5072,0.7953,1.752,-7.7031,-0.1348,other
152814,-0.125,0.5133,0.7863,2.7031,-6.9844,-0.1562,other
152837,-0.1229,0.5178,0.7847,3.3301,-6.0762,-0.207,other
152860,-0.115,0.5065,0.7753,4.1191,-4.2363,-0.3066,other
152883,-0.1302,0.5262,0.7725,4.4766,-2.8262,-0.377,other
152906,-0.1343,0.5442,0.7776,4.6719,-0.7109,-0.459,other
152929,-0.1157,0.5312,0.774,4.4082,1.084,-0.4512,other
152952,-0.1088,0.5286,0.7688,3.9863,1.9551,-0.3652,other
152975,-0.1196,0.5375,0.7734,3.0781,2.6367,-0.0801,other
152998,-0.1221,0.5283,0.7717,2.3691,2.6621,0.2285,other
153021,-0.1189,0.5215,0.7726,1.2988,2.1406,0.8789,other
153044,-0.1049,0.512,0.7646,0.3613,1.1406,1.7227,other
153067,-0.1168,0.5431,0.7559,-0.1406,0.3418,2.3457,other
153090,-0.0933,0.5438,0.7637,-0.6836,-0.8691,3.2852,other
153113,-0.085,0.5513,0.7612,-0.9082,-1.6289,3.8809,other
153136,-0.0898,0.5566,0.7495,-1.0293,-2.6719,4.7187,other
153159,-0.0215,0.5339,0.724,-0.9395,-3.6055,5.5625,other
153182,-0.0983,0.5093,0.7419,-0.4824,-4.1875,6.2227,other
153205,-0.0955,0.551,0.7859,0.5098,-5.0605,7.6074,other
153228,-0.0538,0.5598,0.7687,1.5313,-5.6582,8.8945,other
153251,-0.0521,0.5762,0.7714,3.5234,-6.6211,11.3164,other
153274,-0.048,0.6079,0.8256,5.0293,-7.3203,13.127,other
153297,-0.035,0.6132,0.7701,7.2227,-8.2754,15.8242,other
153320,-0.0741,0.6637,0.7914,8.7559,-8.6973,18.1777,other
153343,-0.0546,0.6863,0.8265,9.0488,-8.5039,19.4727,other
153366,-0.1313,0.6429,0.7706,7.9473,-7.4297,20.9551,other
153389,-0.2628,0.6107,0.7512,6.0059,-6.0957,21.584,other
153412,-0.2256,0.5422,0.7443,1.1641,-2.7578,21.6445,other
153435,-0.139,0.5063,0.7664,-5.7148,2.832,19.5977,other
153458,-0.0825,0.3982,0.6912,-11.0195,8.1406,16.2754,other
153481,-0.1296,0.376,0.7513,-19.1719,18.7773,7.5684,other
153504,-0.2047,0.3452,0.7279,-24.1465,27.6621,-0.6133,other
153527,-0.2775,0.3254,0.7301,-29.9707,43.2988,-15.209,other
153550,-0.4165,0.3306,0.6991,-33.3848,60.7891,-30.2734,other
153573,-0.2723,0.3522,0.6383,-33.5605,63.998,-39.3125,other
153596,-0.3625,0.4327,0.7391,-31.9199,63.998,-50.0625,other
153619,-0.535,0.4464,0.6523,-29.4336,63.998,-54.8516,other
153642,-0.5237,0.4687,0.6814,-24.2148,63.998,-57.9141,other
153665,-0.5669,0.4534,0.6489,-20.3008,63.998,-57.252,other
153688,-0.5258,0.4208,0.6667,-14.8145,63.998,-53.1094,other
153711,-0.5452,0.451,0.6583,-10.7148,63.998,-47.0488,other
153734,-0.6329,0.4194,0.6069,-9.0098,63.998,-42.9473,other
153757,-0.6381,0.405,0.6813,-8.0371,63.998,-37.6055,other
153780,-0.6376,0.4124,0.6267,-8.3398,63.998,-34.7891,other
153803,-0.736,0.3936,0.4774,-9.998,63.998,-31.6855,other
153826,-0.6853,0.3718,0.5114,-12.8223,63.998,-29.5703,other
153849,-0.635,0.3248,0.5564,-15.0039,63.998,-28.4258,other
153872,-0.7239,0.3871,0.5411,-17.8477,63.998,-26.6602,other
153895,-0.8257,0.413,0.4774,-18.9238,63.998,-25.1602,other
153918,-0.7256,0.4247,0.4917,-18.6797,63.998,-21.9961,other
153941,-0.7812,0.3967,0.557,-16.0098,63.998,-17.6445,other
153964,-0.6339,0.3545,0.4937,-13.1621,61.6777,-14.2461,other
153987,-0.4308,0.3856,0.604,-8.2344,53.7422,-8.7852,other
154010,-0.8483,0.4052,0.5682,-5.127,47.8086,-4.9805,other
154033,-0.6782,0.4436,0.4769,-1.7422,37.6855,1.4434,other
154056,-0.8146,0.4618,0.4034,-0.8203,30.1094,6.5703,other
154079,-0.6038,0.4822,0.609,-1.8203,17.9043,15.6875,other
154102,-0.6403,0.5212,0.6075,-5.3086,5.873,25.7363,other
154125,-0.5973,0.5123,0.5764,-8.6348,-1.3301,32.3574,other
154148,-0.5536,0.5822,0.6074,-14.6875,-10.4316,41.5781,other
154171,-0.6765,0.4762,0.3694,-19.3203,-15.6641,47.207,other
154194,-0.6934,0.5132,0.4747,-27.0742,-23.5938,55.207,other
154217,-0.7314,0.5052,0.3923,-35.0488,-32.709,62.7559,other
154240,-0.7377,0.5756,0.5392,-39.6016,-39.252,63.998,other
154263,-0.5696,0.5641,0.7098,-43.5313,-48.2656,63.998,other
154286,-0.4717,0.5037,0.6649,-43.4688,-52.7949,63.998,other
154309,-0.5017,0.4603,0.5458,-39.3477,-56.5781,63.998,other
154332,-0.5367,0.3938,0.4119,-31.9023,-57.0254,51.627,other
154355,-0.4478,0.3817,0.576,-26.0957,-55.8887,40.0879,other
154378,-0.4364,0.3519,0.6703,-16.9434,-52.5449,20.0723,other
154401,-0.3817,0.354,0.6812,-10.6387,-49.4316,6.1094,other
154424,-0.4326,0.3604,0.6653,-0.8672,-43.7246,-13.668,other
154447,-0.5223,0.3816,0.6821,5.7344,-39.416,-29.8906,other
154470,-0.5695,0.4034,0.8029,15.2852,-32.4902,-37.166,other
154493,-0.4482,0.3823,0.7396,23.5469,-25.0273,-43.1719,other
154516,-0.4546,0.3759,0.6348,27.7012,-19.6172,-43.9238,other
154539,-0.6063,0.4386,0.6711,30.8848,-10.8145,-41.1426,other
154562,-0.5947,0.499,0.7793,30.5938,-4.6836,-37.291,other
154585,-0.4713,0.4437,0.6724,26.3691,4.2461,-29.709,other
154608,-0.5426,0.4966,0.6277,17.9785,12.1074,-21.5625,other
154631,-0.4977,0.5112,0.6273,10.6562,16.6191,-16.5313,other
154654,-0.4766,0.5345,0.6448,-1.5605,22.3711,-10.1504,other
154677,-0.4513,0.5426,0.6401,-9.6895,25.4961,-6.6934,other
154700,-0.4941,0.5664,0.6235,-20.7637,28.7402,-2.1777,other
154723,-0.6151,0.5526,0.4774,-29.9121,29.3027,2.6836,other
154746,-0.4572,0.5565,0.6129,-34.8633,27.6738,6.6777,other
154769,-0.4486,0.5253,0.7029,-40.4414,21.8535,14.0469,other
154792,-0.5164,0.4777,0.696,-42.8672,15.6758,19.7891,other
154815,-0.4663,0.4696,0.569,-44.6719,3.3594,29.334,other
154838,-0.5233,0.4929,0.6669,-44.8301,-6.209,39.252,other
154861,-0.3942,0.4196,0.734,-43.7988,-21.084,45.4395,other
154884,-0.3276,0.4133,0.7996,-41.6504,-35.2891,53.1035,other
154907,-0.3428,0.4316,0.8156,-39.8379,-44.0039,56.6895,other
154930,-0.4075,0.4406,0.744,-36.9531,-55.6074,59.4961,other
154953,-0.3606,0.4542,0.75,-35.1699,-62.0977,59.7461,other
154976,-0.2515,0.422,0.8237,-32.9395,-64.0,57.8965,other
154999,-0.1963,0.3954,0.8595,-31.2266,-64.0,53.6289,other
155022,-0.1405,0.3682,0.8584,-30.3047,-64.0,49.6816,other
155045,-0.248,0.4451,0.8375,-29.2363,-64.0,42.7617,other
155068,-0.2092,0.4336,0.8136,-28.7813,-64.0,37.9668,other
155091,-0.0887,0.4127,0.8651,-28.5664,-63.0625,31.2383,other
155114,-0.0511,0.4442,0.871,-28.8926,-56.3301,25.627,other
155137,-0.0715,0.4629,0.8186,-29.3398,-51.9355,22.7109,other
155160,-0.1296,0.5278,0.8177,-30.1992,-46.5313,19.8477,other
155183,-0.0795,0.432,0.8407,-30.7969,-44.1953,19.0547,other
155206,-0.0668,0.417,0.9025,-31.4668,-42.8223,19.4199,other
155229,-0.0485,0.4147,0.9341,-31.5645,-43.0996,21.0117,other
155252,0.0288,0.3759,0.9415,-30.916,-44.4082,22.2266,other
155275,0.0645,0.3345,0.9009,-29.3535,-45.3574,23.4766,other
155298,-0.0488,0.3961,0.9298,-28.0195,-45.0547,23.6074,other
155321,-0.0665,0.4088,0.9102,-25.9785,-42.4355,22.625,other
155344,-0.0231,0.3755,0.8962,-24.7969,-39.0605,21.2813,bite
155367,0.0132,0.3706,0.923,-23.625,-31.8477,18.5,bite
155390,0.0032,0.3512,0.9171,-23.4707,-23.1191,15.1719,bite
155413,-0.0096,0.3217,0.8783,-24.0137,-17.1855,12.8672,bite
155436,-0.0021,0.3176,0.9215,-25.7383,-9.0215,9.5742,bite
155459,0.0392,0.3204,0.9518,-27.3086,-4.4102,7.5918,bite
155482,0.0326,0.3215,0.9651,-29.8066,0.9473,5.0195,bite
155505,-0.0352,0.3179,0.9216,-32.0215,4.2637,3.0488,bite
155528,-0.0262,0.2581,0.8715,-33.2285,5.3301,2.1621,bite
155551,0.0227,0.2383,0.9655,-34.5547,5.4082,1.4883,bite
155574,0.0426,0.2539,1.0129,-34.9844,4.6641,1.3594,bite
155597,0.0146,0.2859,0.9706,-34.6973,2.8125,1.3906,bite
155620,-0.0166,0.2598,0.8999,-33.8867,0.6133,1.5566,bite
155643,-0.0104,0.233,0.8939,-32.0254,-0.8438,1.7598,bite
155666,0.0128,0.2257,0.9657,-29.7539,-2.9121,2.2168,bite
155689,0.0413,0.2589,1.0303,-28.0801,-4.2461,2.582,bite
155712,0.042,0.2583,1.0107,-25.3301,-6.2637,3.0957,bite
155735,0.0344,0.2571,0.9857,-23.416,-7.6211,3.3633,bite
155758,0.0387,0.2241,0.9375,-20.7695,-9.5801,3.668,bite
155781,0.0414,0.2019,0.9489,-18.918,-11.3242,3.9473,bite
155804,0.0435,0.2103,0.9999,-18.3164,-12.334,4.166,bite
155827,0.0721,0.2148,1.0039,-18.3301,-13.5273,4.5488,bite
155850,0.0378,0.212,1.0033,-18.8203,-14.0098,4.8027,bite
155873,0.0507,0.1951,0.9769,-20.0527,-14.0781,5.123,bite
155896,0.0446,0.1721,0.9761,-21.6895,-13.2344,5.3145,bite
155919,0.0493,0.1741,1.0304,-22.8984,-12.1953,5.3398,bite
155942,0.0815,0.1859,1.1102,-24.6914,-10.0996,5.1934,bite
155965,0.0587,0.1743,1.082,-25.8008,-8.4902,4.9727,bite
155988,0.0364,0.1592,1.0515,-27.5137,-6.0156,4.543,bite
156011,0.0403,0.1309,0.9999,-28.9219,-3.7344,4.1621,bite
156034,0.0399,0.1127,1.027,-31.7773,-2.4512,3.9844,bite
156057,0.0396,0.1243,1.0748,-35.5313,-1.0469,3.7852,bite
156080,0.0405,0.1418,1.1011,-38.3164,-0.4531,3.5937,bite
156103,0.0538,0.1185,1.0496,-42.4434,0.1191,2.9551,bite
156126,0.0587,0.0802,0.993,-44.9219,0.4453,2.127,bite
156149,0.0275,0.0952,1.0082,-47.7949,1.1387,0.0605,bite
156172,-0.0088,0.0481,1.0001,-48.8086,2.625,-3.2031,bite
156195,-0.0083,0.0271,0.8961,-47.8574,4.4746,-6.1641,bite
156218,-0.0532,-0.02,0.7875,-43.3965,9.0117,-11.8965,bite
156241,-0.0707,-0.0173,0.755,-38.3516,13.2207,-16.5117,bite
156264,-0.1,0.0658,0.9423,-27.791,20.75,-24.2109,bite
156287,-0.1147,0.1565,1.1105,-13.707,28.5059,-32.0723,bite
156310,-0.0824,0.1471,1.1367,-2.6719,32.9766,-36.8906,bite
156333,-0.0309,0.0972,1.0654,14.5566,37.3711,-42.668,bite
156356,-0.0487,0.1152,1.1603,24.8379,38.1465,-45.0957,bite
156379,-0.1046,0.1512,1.2349,35.9023,35.4961,-46.043,bite
156402,-0.0898,0.1379,1.2863,40.0547,28.5,-43.6563,bite
156425,-0.0476,0.1746,1.311,39.2012,22.0078,-40.5332,bite
156448,-0.0359,0.1525,1.1942,32.5879,10.8574,-34.5645,bite
156471,-0.0734,0.0846,1.0818,25.2813,3.2266,-30.3125,bite
156494,-0.1007,0.0826,1.0624,10.9824,-7.541,-24.0723,bite
156517,-0.0651,0.0734,1.0834,0.0898,-13.7891,-20.0996,bite
156540,0.0404,0.0132,1.0566,-16.3555,-21.0605,-14.541,bite
156563,0.0646,-0.0156,0.9943,-30.7246,-25.4434,-9.7266,bite
156586,-0.0048,0.0146,1.0214,-38.1934,-26.6777,-7.0137,bite
156609,-0.0806,0.0504,1.0544,-45.2051,-25.748,-3.5215,bite
156632,-0.0143,0.0393,1.1049,-46.752,-23.1934,-1.4141,bite
156655,0.0454,0.0312,1.0662,-44.6699,-16.8164,1.5234,bite
156678,0.0095,-0.0532,0.908,-39.0156,-8.5312,4.127,bite
156701,-0.0431,-0.1025,0.8624,-34.7031,-2.8242,5.7129,bite
156724,-0.0441,-0.0878,0.9393,-29.4961,4.7754,8.043,bite
156747,0.0072,-0.1143,0.979,-27.584,8.7402,9.5937,bite
156770,0.0084,-0.0979,0.9673,-27.3516,12.6875,11.75,bite
156793,-0.0631,-0.1246,0.9473,-29.957,14.3262,13.4824,bite
156816,-0.0292,-0.1871,0.9274,-32.9844,14.2969,14.4062,bite
156839,-0.0067,-0.2074,0.9185,-38.9922,12.873,15.5957,bite
156862,-0.035,-0.2151,0.9248,-43.6445,11.2285,16.3535,bite
156885,-0.0469,-0.235,0.9084,-50.916,8.168,17.6445,bite
156908,-0.0592,-0.2573,0.91,-55.5508,5.9668,18.7363,bite
156931,-0.0907,-0.2615,0.9089,-61.6113,2.7305,20.8906,bite
156954,-0.0851,-0.2946,0.9214,-64.0,-0.1777,23.7441,bite
156977,-0.0469,-0.3014,0.9689,-64.0,-1.8398,25.9766,bite
157000,-0.0699,-0.3093,1.0101,-64.0,-3.8945,29.6113,bite
157023,-0.0859,-0.334,1.0117,-64.0,-5.0156,32.1191,bite
157046,-0.0896,-0.3232,1.0443,-64.0,-6.3867,35.8691,bite
157069,-0.0782,-0.3165,1.0586,-64.0,-7.373,39.3574,bite
157092,-0.0941,-0.3334,1.0437,-64.0,-7.7988,41.3926,bite
157115,-0.0673,-0.3669,1.0173,-62.8887,-8.0781,43.8633,bite
157138,-0.0859,-0.3391,1.0215,-60.4961,-8.0156,45.0859,bite
157161,-0.1073,-0.3024,1.0663,-56.834,-7.5527,46.2988,bite
157184,-0.0984,-0.26,1.1012,-53.1074,-6.7617,46.8691,bite
157207,-0.1636,-0.2612,1.0464,-50.6133,-6.1621,46.9551,bite
157230,-0.1876,-0.3121,0.9823,-47.1836,-5.4082,46.7559,bite
157253,-0.1178,-0.3997,0.9469,-45.4512,-5.1719,46.4434,bite
157276,-0.0922,-0.4315,0.9719,-44.2012,-5.541,45.6211,bite
157299,-0.0886,-0.3888,1.0139,-44.334,-6.4258,44.2324,bite
157322,-0.067,-0.4138,1.0226,-45.6406,-8.7363,42.7383,bite
157345,0.0455,-0.4902,0.9921,-47.5391,-11.916,39.8477,other
157368,0.0378,-0.5564,1.0182,-48.6855,-14.2461,37.3906,other
157391,0.0035,-0.5812,0.9792,-49.5566,-17.6504,33.0684,other
157414,-0.0345,-0.5513,0.9802,-49.1992,-19.6523,30.0078,other
157437,-0.0392,-0.4796,0.9884,-46.6797,-21.8711,25.6074,other
157460,-0.1915,-0.4094,0.9374,-41.4063,-22.6934,21.7852,other
157483,-0.1166,-0.3864,0.9536,-36.4316,-22.2813,19.6504,other
157506,-0.0466,-0.4412,0.9769,-27.2949,-20.1836,16.9219,other
157529,-0.092,-0.4724,0.9237,-20.5059,-17.9785,15.2441,other
157552,-0.0363,-0.4584,0.9633,-10.0977,-14.0039,12.7266,other
157575,-0.0552,-0.4371,0.967,-0.2266,-10.002,10.1074,other
157598,-0.0677,-0.3754,0.9786,5.7734,-7.7109,8.3359,other
157621,-0.0228,-0.4124,0.9802,13.7227,-5.2539,5.7793,other
157644,0.0031,-0.453,0.9564,18.2793,-4.3945,4.209,other
157667,-0.0212,-0.452,0.9802,23.9844,-4.2773,2.1504,other
157690,-0.0303,-0.3802,1.004,27.0918,-4.8418,0.5,other
157713,-0.0276,-0.329,0.9915,30.9824,-6.2422,-0.4258,other
157736,-0.0237,-0.3054,0.978,34.3262,-7.752,-1.7559,other
157759,-0.0204,-0.2478,1.0162,36.416,-8.5254,-2.7559,other
157782,-0.0402,-0.1858,1.028,39.4453,-9.0371,-4.6309,other
157805,-0.0283,-0.2137,0.9934,41.3535,-8.9043,-6.1621,other
157828,0.0065,-0.2296,1.005,43.8711,-8.1895,-8.8223,other
157851,-0.0179,-0.2175,0.9922,45.8008,-7.3711,-11.7734,other
157874,0.0413,-0.1886,1.0476,46.6855,-7.0918,-13.7734,other
157897,0.0405,-0.1754,1.0505,47.1484,-7.4609,-16.5762,other
157920,0.0088,-0.2533,1.017,46.6309,-8.3242,-18.1758,other
157943,0.1281,-0.2745,1.0966,44.0391,-10.4355,-20.0332,other
157966,0.0562,-0.309,0.979,38.6836,-13.0723,-21.3242,other
157989,0.0322,-0.1763,1.03,33.4492,-14.7383,-21.9688,other
158012,-0.0181,-0.1235,0.9901,23.502,-16.4785,-22.7695,other
158035,-0.0292,-0.1133,1.0165,15.9883,-16.8594,-23.3223,other
158058,0.0537,-0.2122,0.967,4.4805,-16.0352,-24.541,other
158081,0.032,-0.2848,0.9244,-2.7793,-13.5898,-26.7402,other
158104,-0.0067,-0.2587,0.92,-12.3301,-11.416,-28.8887,other
158127,0.0088,-0.2096,1.0018,-19.6055,-7.7109,-32.9355,other
158150,0.0597,-0.3129,0.9541,-22.8848,-5.3398,-35.9727,other
158173,0.0795,-0.3878,0.9321,-25.3125,-2.4434,-40.7227,other
158196,0.1393,-0.3564,1.0264,-25.3516,-1.1465,-43.8867,other
158219,0.1858,-0.3019,1.1399,-23.2188,-0.2402,-48.4512,other
158242,0.1694,-0.3365,1.105,-18.8691,-0.416,-52.4199,other
158265,0.109,-0.413,0.9954,-15.3105,-1.0098,-54.3379,other
158288,0.1044,-0.4435,0.959,-10.2324,-2.4121,-55.4258,other
158311,0.1654,-0.387,1.063,-7.5156,-3.5332,-54.7793,other
158334,0.2998,-0.3041,1.2349,-4.3594,-5.1094,-52.1172,other
158357,0.203,-0.3011,1.1537,-1.457,-6.1113,-48.3359,other
158380,0.1121,-0.2988,1.0612,0.543,-6.3359,-45.4727,other
158403,0.0912,-0.3035,1.0206,3.2344,-6.0371,-40.5625,other
158426,0.1036,-0.2943,0.9938,4.5176,-5.4824,-36.8379,other
158449,0.1163,-0.2589,1.0149,5.5918,-4.1719,-30.9121,other
158472,0.1517,-0.2013,1.1089,6.0391,-2.2266,-25.5,other
158495,0.1383,-0.1942,1.0702,7.0957,-0.5645,-22.6836,other
158518,0.0801,-0.2229,0.9637,9.0684,2.3086,-19.8926,other
158541,0.0376,-0.2119,0.9014,10.7598,4.2949,-18.8105,other
158564,0.0278,-0.2227,0.8113,13.541,7.1113,-17.877,other
158587,0.0117,-0.1938,0.7684,15.6641,8.8359,-17.5781,other
158610,0.0417,-0.09,0.8496,20.2324,11.4355,-17.8965,other
158633,0.1007,-0.0154,0.9536,28.2363,14.7012,-20.0117,other
158656,0.1296,0.0035,0.9832,36.1523,17.5996,-22.8828,other
158679,0.0416,-0.0089,0.9585,51.7695,23.2188,-29.4219,other
158702,0.0221,-0.0034,0.8616,63.9844,27.793,-34.832,other
158725,-0.0454,0.1464,0.8723,63.998,35.9141,-43.3086,other
158748,-0.1227,0.2675,0.9706,63.998,45.5762,-50.6953,other
158771,-0.0775,0.2742,1.0004,63.998,52.6387,-54.2715,other
158794,0.0282,0.3378,1.0148,63.998,63.1016,-56.7832,other
158817,-0.1538,0.4745,1.0609,63.998,63.998,-56.1875,other
158840,-0.2946,0.5153,1.0292,63.998,63.998,-51.1934,other
158863,-0.321,0.5155,0.9001,63.998,63.998,-40.6387,other
158886,-0.3096,0.4547,0.9093,63.998,63.998,-30.6855,other
158909,-0.2316,0.4429,0.932,63.998,63.998,-12.8457,other
158932,-0.2399,0.4543,0.9491,63.998,61.4902,-0.3496,other
158955,-0.3147,0.4805,0.9835,63.998,47.5215,16.9883,other
158978,-0.2844,0.4957,1.0417,63.998,37.3027,26.582,other
159001,-0.2335,0.4052,0.9362,60.5195,22.0273,36.9219,other
159024,-0.2079,0.3527,0.8472,43.627,8.2012,41.9238,other
159047,-0.2124,0.3605,0.851,32.957,0.4531,42.4473,other
159070,-0.1873,0.3983,0.897,18.3867,-8.0059,39.8125,other
159093,-0.2026,0.3921,0.8024,10.1191,-11.0488,36.457,other
159116,-0.2574,0.3604,0.6857,0.5898,-11.3301,30.4355,other
159139,-0.3191,0.3983,0.6141,-5.1309,-6.8984,24.9707,other
159162,-0.3044,0.4502,0.6288,-6.7578,-1.793,22.3535,other
159185,-0.2573,0.4626,0.6211,-5.7969,8.4551,20.2363,other
159208,-0.4017,0.6829,1.1609,-2.8828,16.5039,19.8457,other
159231,-0.2271,0.6582,0.9431,4.2891,28.9004,20.25,other
159254,-0.4283,0.3237,0.5356,12.2988,39.7109,20.9746,other
159277,-0.6299,0.5173,0.6343,16.3691,45.5918,21.0938,other
159300,-0.3192,0.4753,0.9098,18.6289,52.9629,19.6953,other
159323,-0.3002,0.447,0.9788,17.5742,57.2109,16.9727,other
159346,-0.4294,0.3837,0.7046,13.2305,62.5313,9.4434,other
159369,-0.379,0.4811,0.8372,9.3867,63.998,2.3457,other
159392,-0.4583,0.5446,0.8759,3.875,63.998,-10.0918,other
159415,-0.434,0.5342,0.7311,0.541,63.7813,-22.668,other
159438,-0.2733,0.519,0.7435,0.2578,59.666,-30.1875,other
159461,-0.1339,0.6361,0.9585,3.0879,50.2207,-39.4551,other
159484,-0.2395,0.6692,0.8062,6.8633,42.0957,-44.1094,other
159507,-0.464,0.7587,0.8319,13.9355,27.7676,-48.3027,other
159530,-0.4371,0.7271,0.7778,20.4473,11.7383,-48.5586,other
159553,-0.4651,0.5369,0.7411,23.3457,0.7422,-46.6289,other
159576,-0.2665,0.4189,0.9237,24.4609,-15.127,-41.6855,other
159599,-0.1674,0.2711,0.913,22.9141,-24.5938,-38.041,other
159622,-0.1725,0.1484,0.8142,17.4668,-36.084,-33.5859,other
159645,-0.2123,0.123,0.7485,8.8379,-43.5625,-30.8477,other
159668,-0.3245,0.1635,0.6875,1.7676,-46.0879,-29.4922,other
159691,-0.3774,0.1792,0.6509,-9.8008,-46.25,-26.6211,other
159714,-0.3411,0.2212,0.7015,-17.3887,-44.2188,-23.2695,other
159737,-0.3057,0.2874,0.7412,-27.1367,-38.8398,-15.2461,other
159760,-0.3435,0.3683,0.7812,-31.8047,-34.4395,-3.8613,other
159783,-0.3268,0.4341,0.8164,-35.2871,-27.9746,5.6855,other
159806,-0.2883,0.4191,0.6973,-34.4863,-22.7285,20.7461,other
159829,-0.4111,0.5197,0.4479,-31.9766,-20.0156,30.5781,other
159852,-0.6611,0.7826,0.4666,-26.123,-16.5586,43.3398,other
159875,-0.3888,0.9229,0.6385,-21.0996,-14.1523,49.5254,other
159898,-0.1609,0.7716,0.8796,-11.8184,-10.0449,53.5566,other
159921,-0.2521,0.6365,0.7504,-0.5078,-6.3125,49.9063,other
159944,-0.2162,0.5372,0.7872,7.6641,-4.9082,43.2441,other
159967,-0.0963,0.5229,0.9996,19.498,-5.5977,28.2422,other
159990,-0.0808,0.4459,0.9457,26.2852,-8.3379,16.1328,other
160013,-0.0925,0.5156,0.9924,33.7715,-15.623,-2.7109,other
160036,-0.2596,0.5681,0.9451,37.5098,-25.0117,-19.332,other
160059,-0.3142,0.611,0.9672,37.8809,-31.1836,-27.6719,other
160082,-0.2948,0.5308,0.9406,35.3438,-38.918,-34.7051,other
160105,-0.2473,0.436,0.8309,31.5703,-42.7754,-35.6523,other
160128,-0.2858,0.2444,0.6105,22.6426,-46.5938,-32.5137,other
160151,-0.2507,0.1929,0.639,14.6406,-47.8418,-26.4746,other
160174,-0.1606,0.1868,0.6642,0.8516,-47.7012,-21.6875,other
160197,-0.2424,0.2733,0.5724,-12.2168,-45.1641,-16.3066,other
160220,-0.0406,0.2725,0.3969,-18.793,-42.2754,-14.2676,other
160243,-0.1746,0.3279,0.1879,-23.416,-36.6309,-13.6797,other
160266,-0.3456,1.0532,1.3214,-22.2109,-32.5352,-14.4727,other
160289,0.1616,0.8042,1.0562,-13.3359,-27.1465,-16.2344,other
160312,-0.0579,0.7747,0.8313,2.043,-24.6211,-17.5742,other
160335,-0.076,0.6963,0.8516,13.4863,-25.1348,-17.8008,other
160358,-0.1329,0.6039,0.8158,28.8809,-28.3516,-17.0273,other
160381,0.0389,0.5121,0.9065,36.6328,-30.957,-16.0684,other
160404,-0.0154,0.5568,0.9412,43.4668,-33.3281,-14.8789,other
160427,0.064,0.5149,0.9791,43.918,-31.8477,-14.6562,other
160450,-0.0995,0.4232,0.7745,40.1328,-28.3906,-14.7871,other
160473,-0.1687,0.3428,0.7107,27.418,-20.2324,-14.0703,other
160496,-0.0649,0.2567,0.7897,14.334,-13.5527,-12.1797,other
160519,-0.0603,0.2755,0.8885,-10.1406,-2.9629,-6.6016,other
160542,-0.0411,0.2493,0.7778,-27.5723,3.9316,2.043,other
160565,-0.2225,0.3413,0.6753,-51.4883,13.5664,9.1738,other
160588,-0.3271,0.4115,0.4952,-64.0,22.2813,21.3633,other
160611,-0.3268,0.5095,0.3541,-64.0,27.5957,30.0352,other
160634,-0.4017,0.7823,0.6566,-64.0,34.6348,42.6309,other
160657,-0.4939,1.0087,0.8127,-64.0,38.4629,49.8008,other
160680,-0.3068,0.8311,0.6823,-55.5352,42.2852,56.9082,other
160703,-0.0914,0.6729,0.9226,-32.373,42.7617,57.5898,other
160726,-0.0168,0.5151,0.9879,-15.4668,40.6719,53.707,other
160749,0.009,0.4924,1.0334,8.6758,33.8301,41.4805,other
160772,-0.073,0.5929,0.9603,22.3281,27.3066,29.9141,other
160795,-0.2416,0.7285,0.7914,37.1426,16.1094,9.9648,other
160818,-0.0773,0.7826,0.9546,43.7617,5.2187,-9.6172,other
160841,-0.1138,0.6128,0.7008,43.2598,-1.0996,-20.7969,other
160864,-0.1398,0.4727,0.5375,35.0,-8.6758,-33.0176,other
160887,-0.0619,0.3943,0.6047,24.9141,-12.3516,-37.6348,other
160910,-0.0198,0.2938,0.6364,5.2266,-15.6875,-39.3223,other
160933,-0.1748,0.3285,0.6639,-8.8008,-16.4395,-35.5,other
160956,-0.2858,0.3746,0.8358,-27.1816,-15.3848,-30.3809,other
160979,-0.4072,0.3992,0.8386,-38.4785,-11.8848,-19.6797,other
161002,-0.3689,0.28,0.7156,-40.9902,-8.459,-11.168,other
161025,-0.3234,0.1449,0.6069,-37.6563,-2.5625,2.3086,other
161048,-0.355,0.2778,0.7296,-31.6621,1.2129,10.9004,other
161071,-0.356,0.2823,0.7458,-18.7813,5.8789,21.8672,other
161094,-0.3113,0.423,1.0396,-2.9395,8.7383,29.4063,other
161117,-0.3105,0.4677,0.9869,8.3965,9.3789,32.207,other
161140,-0.335,0.512,0.7406,24.7148,8.5684,33.0117,other
161163,-0.1564,0.6211,0.8588,33.752,7.377,31.3711,other
161186,-0.0929,0.6669,0.9854,42.457,5.6758,25.9258,other
161209,-0.1053,0.6448,0.8813,43.9551,4.6699,17.6113,other
161232,-0.1102,0.6947,0.8751,40.9355,4.4902,11.0703,other
161255,-0.0883,0.6455,0.8352,31.5371,5.0098,0.7773,other
161278,-0.2158,0.7206,0.9996,23.1348,5.7969,-5.8848,other
161301,-0.0642,0.6964,0.9923,9.2207,7.1348,-14.8613,other
161324,-0.2047,0.3899,0.6171,-0.373,7.4512,-21.9805,other
161347,-0.2557,0.2462,0.5431,-15.4336,6.3262,-25.2988,other
161370,-0.2317,0.1073,0.583,-31.375,2.0859,-27.6797,other
161393,-0.1721,0.0306,0.5992,-41.7266,-2.2168,-27.5605,other
161416,-0.0917,0.0508,0.522,-54.5625,-9.8281,-25.2676,other
161439,-0.1742,0.2374,0.3486,-59.8613,-14.9648,-22.6035,other
161462,-0.3239,0.8739,1.1287,-60.6816,-21.7051,-17.125,other
161485,0.0835,1.2135,1.5704,-51.0293,-26.6035,-10.0723,other
161508,-0.0557,0.6903,0.6266,-39.2012,-29.0547,-4.8652,other
161531,-0.1439,0.7954,0.9547,-17.041,-31.7324,2.7422,other
161554,-0.2666,0.7627,1.0581,-1.7285,-32.4844,7.0547,other
161577,-0.0895,0.7097,0.996,18.5664,-31.5059,11.4512,other
161600,-0.1625,0.3772,0.582,31.9043,-28.7246,12.7031,other
161623,-0.1143,0.321,0.569,35.2637,-26.9707,11.7539,other
161646,-0.1168,0.448,0.7384,31.8086,-25.7324,7.7754,other
161669,-0.0237,0.4783,0.7441,25.3027,-25.8535,3.4004,other
161692,0.0421,0.4457,0.7716,13.25,-26.9219,-5.6719,other
161715,-0.0695,0.3986,0.7332,3.0625,-28.7402,-16.9902,other
161738,-0.1549,0.3773,0.5653,-0.3711,-30.3301,-24.9531,other
161761,-0.1301,0.3898,0.5167,0.2051,-32.8301,-36.084,other
161784,-0.101,0.4553,0.5856,4.7148,-34.0977,-42.3223,other
161807,-0.135,0.5773,0.7152,17.2949,-34.6895,-49.2051,other
161830,-0.0291,0.5634,0.7566,28.998,-34.0605,-51.9004,other
161853,-0.1299,0.632,0.8027,49.6816,-31.8203,-52.8613,other
161876,-0.1936,0.5739,0.6072,63.998,-28.4336,-49.9258,other
161899,-0.3395,0.5546,0.491,63.998,-25.6797,-45.7813,other
161922,-0.2069,0.6051,0.5972,63.998,-20.9434,-36.6367,other
161945,-0.106,0.7173,0.9766,63.998,-17.5195,-29.1582,other
161968,-0.1355,0.5798,0.645,63.998,-12.4883,-17.1055,other
161991,-0.1652,0.5493,0.6387,63.998,-8.2363,-5.2344,other
162014,-0.0944,0.5261,0.6201,63.998,-6.0293,2.1523,other
162037,0.0316,0.6252,0.9169,36.9766,-3.6699,12.082,other
162060,0.0254,0.595,0.8621,16.1719,-2.7227,17.9121,other
162083,0.0781,0.5519,0.7794,-16.1523,-2.3574,25.7207,other
162106,0.0989,0.5554,0.8041,-46.5488,-2.9473,32.5723,other
162129,0.0417,0.5728,0.8627,-64.0,-3.4785,36.6289,other
162152,-0.0017,0.6036,0.7863,-64.0,-3.9004,41.9199,other
162175,-0.1272,0.6177,0.7313,-64.0,-3.5781,44.7734,other
162198,-0.1106,0.6301,0.7135,-64.0,-1.6602,47.5254,other
162221,-0.0103,0.5701,0.7943,-64.0,0.7793,47.8984,other
162244,0.0132,0.5126,0.7946,-64.0,6.0957,45.5156,other
162267,-0.0519,0.5198,0.8036,-64.0,12.5156,39.2813,other
162290,-0.108,0.4878,0.7888,-64.0,16.7773,33.2402,other
162313,-0.0752,0.468,0.8096,-60.5352,22.3125,22.3242,other
162336,-0.0605,0.4623,0.8652,-50.9863,25.084,14.502,other
162359,-0.1031,0.4685,0.8245,-39.1328,27.5293,3.1191,other
162382,-0.0841,0.454,0.8733,-30.9141,27.8711,-6.6055,other
162405,-0.0518,0.4673,0.8901,-27.4258,27.0039,-11.6445,other
162428,-0.125,0.4847,0.8718,-24.6465,24.2598,-16.6055,other
162451,-0.1466,0.4753,0.8302,-24.0527,21.6348,-18.0801,other
162474,-0.1531,0.4281,0.8802,-24.5684,16.9219,-17.6602,other
162497,-0.0786,0.3759,0.918,-26.3867,11.832,-14.6758,other
162520,-0.0648,0.3479,0.9033,-28.1289,8.5332,-11.8145,other
162543,-0.0718,0.3468,0.8983,-31.2383,4.1035,-7.1484,other
162566,-0.1206,0.34,0.8708,-33.4395,1.6758,-4.2383,other
162589,-0.1108,0.344,0.9349,-36.5117,-1.0098,-0.6699,other
162612,-0.0862,0.3435,0.9738,-38.127,-2.1328,1.5137,other
162635,-0.0968,0.3007,0.8986,-39.5957,-2.9648,2.3887,other
162658,-0.0951,0.2805,0.8833,-40.0957,-3.1797,2.5488,other
162681,-0.129,0.2322,0.8767,-40.1387,-3.1953,2.1836,other
162704,-0.0884,0.2334,0.9236,-39.9434,-3.1348,1.2559,other
162727,-0.1356,0.2865,0.9686,-39.5313,-2.9863,0.5137,other
162750,-0.1125,0.2781,0.9608,-38.1426,-2.5273,-0.6172,other
162773,-0.1104,0.2567,0.8969,-35.6309,-1.9414,-1.5898,other
162796,-0.1146,0.2516,0.8813,-33.3945,-1.582,-2.0859,other
162819,-0.1217,0.2566,0.9063,-29.3418,-0.9824,-2.6094,other
162842,-0.1311,0.2538,0.8898,-26.1523,-0.3223,-2.8867,other
162865,-0.171,0.2709,0.8121,-20.4453,1.5098,-3.3984,other
162888,-0.1949,0.2915,0.7351,-13.2617,4.918,-4.3281,other
162911,-0.113,0.4666,1.2511,-7.3281,8.332,-5.3633,other
162934,-0.2241,0.3674,1.2102,3.8477,14.7266,-7.6074,other
162957,-0.2338,0.3057,0.7809,12.5234,18.8926,-9.3633,other
162980,-0.2963,0.3049,0.9072,25.5215,23.2852,-11.8535,other
163003,-0.2397,0.2983,0.8934,32.9941,24.4551,-13.6953,other
163026,-0.1521,0.2377,0.9659,41.0586,23.7773,-14.8145,other
163049,-0.1382,0.2411,0.8717,44.7207,21.4043,-16.4258,other
163072,-0.2316,0.3042,0.8879,44.6426,19.6328,-17.6055,other
163095,-0.1589,0.3695,0.9152,40.9219,17.4336,-19.1699,other
163118,-0.2029,0.5004,0.8606,36.3242,16.4063,-19.7168,other
163141,-0.2681,0.4785,0.8165,27.1328,15.2949,-19.1738,other
163164,-0.236,0.3873,0.8407,16.6777,14.0293,-16.4395,other
163187,-0.1881,0.3181,0.8923,9.9219,12.7031,-13.3242,other
163210,-0.1968,0.3177,0.8954,1.207,9.6699,-7.1328,other
163233,-0.2596,0.4092,0.8657,-3.4023,6.9395,-2.459,other
163256,-0.1382,0.4053,0.8325,-8.9082,1.8301,4.4629,other
163279,-0.118,0.3473,0.8279,-13.8008,-4.5742,10.293,other
163302,-0.0754,0.3656,0.9264,-17.1895,-9.5879,13.1855,other
163325,-0.1124,0.5022,0.9867,-22.5039,-18.041,15.8086,other
163348,-0.1587,0.3789,0.8896,-25.9902,-24.0254,16.5273,other
163371,-0.202,0.3273,0.8649,-30.959,-32.5,16.6504,other
163394,-0.1438,0.2828,0.8953,-34.1445,-36.9414,16.377,other
163417,-0.1123,0.2769,0.9445,-38.7207,-40.6465,16.1836,other
163440,-0.0829,0.238,0.9773,-42.6602,-40.4219,15.8086,other
163463,-0.0771,0.249,0.9863,-44.5879,-38.3066,15.3496,other
163486,-0.1111,0.2383,0.9399,-46.0332,-32.9258,14.084,other
163509,-0.0674,0.1951,0.9547,-45.9707,-28.4395,12.793,other
163532,-0.0469,0.1913,1.0286,-44.4336,-21.3965,10.2305,other
163555,-0.0691,0.215,1.0338,-41.377,-14.8555,7.1055,other
163578,-0.097,0.2133,0.9417,-38.7559,-11.0156,4.8945,other
163601,-0.1348,0.1892,0.9377,-34.625,-6.2578,1.8047,other
163624,-0.0598,0.1775,1.0051,-32.082,-3.8848,0.1191,other
163647,-0.0415,0.1915,1.0404,-28.8438,-1.666,-1.6777,other
163670,-0.0892,0.1982,0.9636,-26.3574,-1.1152,-2.6016,other
163693,-0.1,0.1688,0.8586,-25.2168,-1.6875,-2.7207,other
163716,-0.093,0.161,0.8809,-24.3516,-3.9238,-2.1777,other
163739,-0.0532,0.2158,1.0924,-24.0879,-6.2227,-1.4629,other
163762,0.0309,0.2307,1.1129,-23.2461,-10.4687,-0.3379,other
163785,-0.0037,0.1531,0.922,-22.0059,-15.0625,0.2793,other
163808,-0.0306,0.1213,0.8375,-19.2988,-18.25,0.291,other
163831,-0.0597,0.1503,0.8628,-16.2305,-22.4277,-0.2109,other
163854,0.0028,0.1854,1.0313,-14.041,-24.4375,-0.8691,other
163877,0.0645,0.2252,1.1877,-9.9922,-25.5664,-2.459,other
163900,0.0342,0.2365,1.0983,-6.5117,-24.8594,-3.9746,other
163923,-0.0338,0.2417,0.9915,-0.5566,-21.791,-6.6914,other
163946,-0.1052,0.2239,0.9402,4.7402,-16.9785,-9.248,other
163969,-0.1714,0.215,0.9291,7.0879,-13.2266,-10.5,other
163992,-0.1595,0.2339,0.9624,8.3789,-7.2754,-11.6133,other
164015,-0.0775,0.2125,0.9539,7.959,-3.2793,-12.1719,other
164038,0.0428,0.1781,0.9407,6.2637,2.5664,-13.6934,other
164061,0.1101,0.0717,0.9823,4.5195,8.1055,-16.9863,other
164084,0.2451,0.2842,1.0052,3.9707,11.541,-20.1621,other
164107,0.0304,0.2472,1.0936,4.7578,16.2246,-25.125,other
164130,-0.1104,0.2871,1.0754,6.5254,19.2109,-27.1406,other
164153,-0.2893,0.2587,1.0315,10.7402,23.9727,-25.3633,other
164176,-0.4087,0.2312,0.8639,13.998,29.1797,-15.6699,other
164199,-0.3484,0.139,0.7462,18.0449,32.4883,-5.0762,other
164222,-0.0579,0.1243,0.7365,19.7793,36.1875,13.7773,other
164245,-0.0022,0.1981,0.8793,19.8301,37.3496,25.4609,other
164268,-0.0969,0.369,1.0699,20.0195,36.8379,37.2402,other
164291,-0.1211,0.4484,1.1377,21.4453,35.0352,39.9395,other
164314,-0.1541,0.374,1.033,26.4922,30.3496,36.5234,other
164337,-0.1591,0.29,0.9274,33.7422,23.4277,26.8652,other
164360,-0.1393,0.347,0.812,38.1992,17.8203,18.9102,other
164383,-0.1869,0.3871,0.7646,41.8184,8.9863,7.2852,other
164406,-0.1522,0.3823,0.8636,41.3398,3.6406,0.7793,other
164429,-0.1338,0.4381,0.975,36.2813,-2.2383,-6.2734,other
164452,-0.1804,0.4054,0.8893,27.1953,-4.5176,-10.1035,other
164475,-0.2028,0.3586,0.8168,19.5449,-3.959,-11.1445,other
164498,-0.2085,0.3046,0.8092,6.4219,-0.5996,-11.0723,other
164521,-0.2322,0.3252,0.9318,-2.8555,2.7305,-10.4043,other
164544,-0.2728,0.3677,1.0607,-16.1426,8.082,-9.3535,other
164567,-0.1859,0.2953,1.0868,-27.248,12.373,-9.2617,other
164590,0.0541,0.123,0.8976,-32.7207,13.9434,-10.1875,other
164613,-0.0267,0.0226,0.7981,-39.6289,13.5312,-13.1855,other
164636,-0.1521,0.083,0.8313,-43.7383,11.2031,-15.7578,other
164659,-0.2531,0.1748,0.9146,-49.1426,5.1016,-18.8574,other
164682,-0.2115,0.2367,1.1198,-51.5313,0.0156,-19.4863,other
164705,-0.1509,0.2684,1.1326,-51.6621,-7.582,-17.5195,other
164728,-0.1473,0.2725,1.051,-46.6953,-13.5098,-12.4727,other
164751,-0.1703,0.2626,0.9973,-40.9766,-16.0,-7.9668,other
164774,-0.1899,0.2432,0.9532,-30.5664,-17.2988,-0.457,other
164797,-0.2137,0.245,0.9614,-23.5664,-16.5879,4.5449,other
164820,-0.1893,0.2629,0.9847,-14.4668,-13.502,11.293,other
164843,-0.1492,0.2841,0.9795,-7.9668,-8.7734,16.4355,other
164866,-0.1134,0.204,0.9553,-5.2812,-5.2637,18.7461,other
164889,-0.1251,0.2177,0.9305,-3.7461,-0.2852,20.6523,other
164912,-0.1659,0.2096,0.9308,-4.248,2.4629,21.2129,other
164935,-0.1918,0.2239,0.9557,-6.6875,5.4727,21.7969,other
164958,-0.2189,0.2556,0.9882,-9.8711,7.3906,22.9063,other
164981,-0.1782,0.2126,0.9943,-11.8262,8.375,24.1367,other
165004,-0.1366,0.2137,0.9775,-13.1602,9.8379,26.498,other
165027,-0.1552,0.2493,0.9785,-12.7441,10.9473,28.1152,other
165050,-0.1814,0.2893,0.9165,-10.1914,13.0234,30.082,other
165073,-0.1671,0.2101,0.8413,-7.582,14.7949,30.8828,other
165096,-0.1331,0.1837,0.8447,-3.3867,17.9395,31.1875,other
165119,-0.1211,0.2091,0.8525,-0.082,21.0918,30.4414,other
165142,-0.1307,0.22,0.8481,1.1719,22.8828,29.3945,other
165165,-0.1263,0.1919,0.8245,1.2871,24.8359,27.0859,other
165188,-0.1232,0.1434,0.7939,0.166,25.5098,25.1367,other
165211,-0.119,0.1582,0.8616,-2.8633,25.3633,21.7168,other
165234,-0.1404,0.2468,1.0442,-6.209,23.6504,17.877,other
165257,-0.1793,0.3301,1.1368,-7.6309,21.6406,15.2227,other
165280,-0.1709,0.3408,1.106,-7.3574,17.584,11.375,other
165303,-0.2063,0.3148,1.0453,-5.3867,14.4375,9.0723,other
165326,-0.2117,0.285,0.9818,-0.2754,9.6484,6.209,other
165349,-0.2095,0.29,0.9055,6.0762,5.582,4.0664,other
165372,-0.2375,0.2039,0.8601,10.0488,3.5527,2.9746,other
165395,-0.2013,0.2042,0.8757,14.291,1.5566,1.6797,other
165418,-0.1954,0.2789,0.9387,15.5371,0.8027,0.9375,other
165441,-0.2223,0.2784,0.9497,15.043,0.2207,-0.1055,other
165464,-0.2361,0.2891,0.9484,13.4629,-0.002,-0.7227,other
165487,-0.2673,0.3184,0.946,9.9668,-0.3906,-1.3184,other
165510,-0.2539,0.3057,0.9275,5.9863,-0.9785,-1.2637,other
165533,-0.2185,0.2939,0.8997,3.418,-1.4434,-0.8262,other
165556,-0.2144,0.2991,0.9006,-0.0664,-2.1387,0.3027,other
165579,-0.2134,0.2985,0.927,-2.0547,-2.5488,1.2461,other
165602,-0.2134,0.3098,0.9541,-4.3437,-2.9824,2.6992,other
165625,-0.1855,0.3024,0.9598,-5.5957,-3.084,3.8945,other
165648,-0.1729,0.2699,0.957,-5.8672,-2.9512,4.377,other
165671,-0.1769,0.2557,0.9581,-5.6797,-2.543,4.4434,other
165694,-0.1947,0.2521,0.9553,-5.3535,-2.2012,4.0332,other
165717,-0.2035,0.2474,0.9082,-4.9043,-1.6875,2.916,other
165740,-0.2255,0.2509,0.8926,-4.8301,-1.248,1.582,other
165763,-0.2222,0.2642,0.928,-5.0547,-0.9863,0.7812,other
165786,-0.2166,0.2659,0.923,-5.6445,-0.5684,-0.1211,other
165809,-0.2051,0.2653,0.9073,-6.0703,-0.2539,-0.5039,other
165832,-0.2189,0.2789,0.9124,-6.6016,0.2402,-0.7852,other
165855,-0.2187,0.2765,0.9164,-6.8262,0.5488,-0.8184,other
165878,-0.2113,0.2833,0.91,-6.9043,0.9277,-0.7422,other
165901,-0.2019,0.2965,0.9166,-6.6797,1.1367,-0.6699,other
165924,-0.2174,0.2927,0.922,-6.3945,1.1387,-0.6914,other
165947,-0.218,0.3099,0.9269,-5.8398,0.8945,-0.8672,other
165970,-0.2157,0.2837,0.9517,-5.4258,0.5762,-1.082,other
165993,-0.1881,0.2849,0.9421,-4.8164,-0.0684,-1.5723,other
166016,-0.1968,0.2661,0.8975,-4.3867,-0.8438,-2.2793,other
166039,-0.2072,0.249,0.8922,-4.3125,-1.3984,-2.8203,other
166062,-0.1993,0.2537,0.9381,-4.5469,-2.207,-3.6055,other
166085,-0.1874,0.2589,0.9781,-4.8262,-2.6738,-4.0469,other
166108,-0.1791,0.2524,0.9709,-5.1738,-3.2148,-4.5352,other
166131,-0.1982,0.239,0.9186,-5.291,-3.5469,-4.7695,other
166154,-0.2101,0.2343,0.8851,-5.2949,-3.6465,-4.7305,other
166177,-0.2157,0.2614,0.9147,-5.3105,-3.6152,-4.293,other
166200,-0.2048,0.2848,0.9537,-5.3262,-3.4785,-3.7402,other
166223,-0.186,0.2888,0.9563,-5.2559,-3.1504,-2.6367,other
166246,-0.1947,0.2866,0.9565,-5.1523,-2.9043,-1.4258,other
166269,-0.1987,0.2736,0.9446,-5.0957,-2.6094,-0.6602,other
166292,-0.1929,0.2604,0.9437,-5.5273,-2.5156,0.3418,other
166315,-0.1873,0.267,0.9537,-6.2383,-2.5898,0.8809,other
166338,-0.1854,0.2427,0.9598,-7.9121,-2.875,1.4336,other
166361,-0.176,0.2418,0.9789,-9.2598,-3.1191,1.5938,other
166384,-0.1936,0.2577,0.9691,-11.1738,-3.3984,1.4629,other
166407,-0.1975,0.2426,0.9622,-12.4687,-3.3809,0.9141,other
166430,-0.1965,0.2476,0.9285,-12.873,-3.1348,0.375,other
166453,-0.2097,0.2407,0.9004,-12.8906,-2.4043,-0.5723,other
166476,-0.2139,0.2316,0.9131,-12.6289,-1.709,-1.2227,other
166499,-0.2074,0.2418,0.9418,-11.9512,-0.4648,-2.1328,other
166522,-0.2125,0.2343,0.9438,-10.9492,0.8535,-2.9004,other
166545,-0.2217,0.2203,0.9154,-10.1211,1.6621,-3.3086,other
166568,-0.2238,0.2321,0.8999,-8.7461,2.6152,-3.7305,other
166591,-0.2181,0.2384,0.9127,-7.8301,3.0137,-3.8691,other
166614,-0.2072,0.2391,0.9486,-6.5527,3.1816,-3.8809,other
166637,-0.1973,0.2407,0.9689,-5.7754,2.9922,-3.7598,other
166660,-0.1956,0.226,0.9637,-4.707,2.293,-3.6758,other
166683,-0.2039,0.2157,0.9576,-3.8027,1.2422,-3.6016,other
166706,-0.208,0.225,0.9473,-3.3516,0.457,-3.5703,other
166729,-0.2092,0.2161,0.9329,-2.9824,-0.6777,-3.4746,other
166752,-0.2061,0.2203,0.9399,-2.959,-1.3281,-3.3359,other
166775,-0.1957,0.2301,0.9608,-3.1758,-2.0449,-2.9707,other
166798,-0.1969,0.2415,0.9594,-3.5039,-2.4004,-2.418,other
166821,-0.2124,0.2382,0.9552,-3.6992,-2.4551,-1.9492,other
166844,-0.2147,0.2466,0.9509,-3.8926,-2.3203,-1.1191,other
166867,-0.2201,0.261,0.9386,-3.9434,-2.1074,-0.5254,other
166890,-0.2136,0.2574,0.941,-3.9004,-1.6406,0.3027,other
166913,-0.2179,0.2523,0.943,-3.7363,-1.0605,0.8945,other
166936,-0.2106,0.2418,0.9473,-3.5879,-0.6602,1.0918,other
166959,-0.201,0.2371,0.9553,-3.3594,-0.1152,1.0586,other
166982,-0.2041,0.2242,0.9585,-3.2246,0.168,0.8262,other
167005,-0.2034,0.2296,0.9542,-3.0723,0.4395,0.2285,other
167028,-0.2107,0.2291,0.9479,-3.0156,0.5605,-0.5332,other
167051,-0.2142,0.2258,0.9393,-3.0098,0.5879,-1.041,other
167074,-0.2119,0.2363,0.9305,-3.0918,0.6055,-1.6836,other
167097,-0.2253,0.2478,0.927,-3.1816,0.6309,-1.9824,other
167120,-0.2267,0.2471,0.9333,-3.3203,0.7148,-2.1816,other
167143,-0.2194,0.2394,0.9335,-3.4023,0.793,-2.1465,other
167166,-0.213,0.2307,0.938,-3.5156,0.8926,-1.8926,other
167189,-0.2094,0.2375,0.9495,-3.6504,0.8906,-1.5059,other
167212,-0.2144,0.2358,0.9506,-3.7539,0.8125,-1.2285,other
167235,-0.2262,0.2439,0.9451,-3.9199,0.5859,-0.832,other
167258,-0.2206,0.2437,0.9355,-4.0215,0.3867,-0.5957,other
167281,-0.2208,0.2415,0.934,-4.1309,0.0742,-0.3164,other
167304,-0.2194,0.2382,0.9463,-4.1562,-0.1953,-0.1719,other
167327,-0.2136,0.2406,0.9431,-4.1191,-0.334,-0.1699,other
167350,-0.2172,0.2406,0.9297,-3.998,-0.4746,-0.2949,other
167373,-0.2214,0.2389,0.928,-3.9004,-0.5332,-0.4355,other
167396,-0.2217,0.2421,0.9343,-3.75,-0.5859,-0.6738,other
167419,-0.2168,0.2506,0.9414,-3.6406,-0.625,-0.8984,other
167442,-0.2167,0.2419,0.9561,-3.4395,-0.6602,-1.0293,other
167465,-0.2164,0.2323,0.9631,-3.1934,-0.7402,-1.1875,other
167488,-0.2122,0.2213,0.9529,-3.0215,-0.8066,-1.2715,other
167511,-0.2085,0.2233,0.9299,-2.8145,-0.8926,-1.3633,other
167534,-0.218,0.2406,0.9271,-2.7461,-0.9199,-1.3926,other
167557,-0.2231,0.2378,0.9401,-2.793,-0.8965,-1.334,other
167580,-0.2177,0.2529,0.9486,-2.998,-0.8105,-1.0996,other
167603,-0.218,0.2542,0.9515,-3.1875,-0.7402,-0.8535,other
167626,-0.2194,0.2544,0.9515,-3.4805,-0.6445,-0.3945,other
167649,-0.2234,0.2476,0.9425,-3.6406,-0.5801,-0.0684,other
167672,-0.2189,0.2406,0.9426,-3.7871,-0.4687,0.3887,other
167695,-0.2198,0.2445,0.9349,-3.8145,-0.3125,0.7324,other
167718,-0.2216,0.2474,0.9315,-3.7656,-0.1758,0.8672,other
167741,-0.2246,0.2494,0.9337,-3.5898,0.0723,0.8965,other
167764,-0.23,0.2565,0.9377,-3.4121,0.2578,0.8066,other
167787,-0.2279,0.2471,0.9324,-3.0918,0.5137,0.5352,other
167810,-0.2206,0.2419,0.9325,-2.877,0.6895,0.1387,other
167833,-0.2177,0.2421,0.9362,-2.625,0.7363,-0.1738,other
167856,-0.2196,0.2356,0.9425,-2.5039,0.6895,-0.668,other
167879,-0.224,0.2448,0.9492,-2.4922,0.5898,-0.9824,other
167902,-0.2196,0.2454,0.9435,-2.5488,0.377,-1.375,other
167925,-0.2267,0.2501,0.9314,-2.6191,0.2168,-1.5527,other
167948,-0.2301,0.2554,0.9276,-2.7754,-0.0195,-1.6523,other
167971,-0.2319,0.2513,0.9332,-2.9922,-0.2051,-1.5332,other
167994,-0.2234,0.2587,0.9324,-3.1426,-0.2852,-1.3535,other
168017,-0.2275,0.2561,0.9424,-3.3164,-0.3398,-1.0156,other
168040,-0.2297,0.2487,0.9432,-3.3691,-0.3379,-0.7969,other
168063,-0.2252,0.2466,0.9413,-3.3398,-0.3008,-0.5566,other
168086,-0.2211,0.244,0.9379,-3.2207,-0.248,-0.4766,other
168109,-0.2227,0.2463,0.9349,-3.1328,-0.2207,-0.5137,other
168132,-0.229,0.248,0.9319,-3.0508,-0.209,-0.6504,other
168155,-0.2275,0.2592,0.9435,-3.043,-0.2227,-0.752,other
168178,-0.2283,0.2573,0.932,-3.1035,-0.2598,-0.8535,other
168201,-0.2334,0.2542,0.9371,-3.248,-0.3066,-0.8535,other
168224,-0.2219,0.2552,0.9392,-3.3848,-0.334,-0.8086,other
168247,-0.2297,0.2526,0.9303,-3.6172,-0.3594,-0.7187,other
168270,-0.2351,0.2502,0.9332,-3.7734,-0.3594,-0.6758,other
168293,-0.2324,0.245,0.9257,-3.9746,-0.3359,-0.6543,other
168316,-0.2316,0.2406,0.9287,-4.0703,-0.2988,-0.6836,other
168339,-0.2217,0.2404,0.9399,-4.1309,-0.2207,-0.8145,bite
168362,-0.2229,0.2423,0.9448,-4.0508,-0.1172,-1.0645,bite
168385,-0.2297,0.2406,0.9314,-3.9277,-0.0469,-1.2715,bite
168408,-0.2333,0.2415,0.924,-3.7109,0.0234,-1.5527,bite
168431,-0.2345,0.2572,0.9254,-3.5957,0.0273,-1.6563,bite
168454,-0.2344,0.2517,0.9424,-3.5117,-0.0371,-1.625,bite
168477,-0.2186,0.2493,0.9441,-3.5195,-0.1855,-1.375,bite
168500,-0.2233,0.2494,0.9363,-3.5664,-0.3242,-1.127,bite
168523,-0.2368,0.2471,0.9282,-3.6973,-0.5664,-0.6875,bite
168546,-0.2328,0.2465,0.9318,-3.8203,-0.7383,-0.3652,bite
168569,-0.2314,0.2526,0.9454,-4.043,-0.9727,0.1289,bite
168592,-0.2228,0.2545,0.9365,-4.2461,-1.1523,0.5625,bite
168615,-0.2271,0.2517,0.9194,-4.3477,-1.2285,0.7793,bite
168638,-0.2374,0.2524,0.9332,-4.4512,-1.2676,0.9844,bite
168661,-0.2294,0.2499,0.9457,-4.4902,-1.25,1.0488,bite
168684,-0.2278,0.2554,0.9421,-4.4883,-1.1875,1.0488,bite
168707,-0.2296,0.2542,0.939,-4.4531,-1.1484,0.9902,bite
168730,-0.2303,0.2588,0.9578,-4.3828,-1.1211,0.8203,bite
168753,-0.2308,0.2772,0.9937,-4.3809,-1.1523,0.584,bite
168776,-0.2354,0.2743,1.0009,-4.5312,-1.2266,0.4121,bite
168799,-0.2299,0.2466,0.9595,-5.4062,-1.5234,0.1973,bite
168822,-0.2283,0.1926,0.9073,-6.8008,-1.9492,0.125,bite
168845,-0.2134,0.1882,0.9362,-10.6191,-3.0664,0.1289,bite
168868,-0.1924,0.1862,0.9718,-16.416,-4.7305,0.1777,bite
168891,-0.1927,0.1792,0.963,-20.9512,-6.041,0.1621,bite
168914,-0.199,0.1555,0.9634,-27.8359,-8.0859,0.0234,bite
168937,-0.1859,0.1384,0.9636,-31.9551,-9.3477,-0.1289,bite
168960,-0.1941,0.1381,0.9618,-36.6875,-10.8496,-0.3789,bite
168983,-0.1967,0.1406,0.9764,-39.0625,-11.6641,-0.584,bite
169006,-0.2014,0.161,1.0121,-39.1504,-11.7559,-0.6797,bite
169029,-0.1942,0.1699,1.0233,-37.0977,-11.207,-0.793,bite
169052,-0.1884,0.1517,1.025,-34.5352,-10.4297,-0.8965,bite
169075,-0.1984,0.1593,1.0439,-29.7012,-8.7891,-1.1816,bite
169098,-0.2092,0.1392,1.0568,-26.3633,-7.4277,-1.7227,bite
169121,-0.2032,0.1381,1.0562,-21.9766,-4.9336,-2.2988,bite
169144,-0.2021,0.1053,0.9684,-18.9961,-1.7441,-3.5801,bite
169167,-0.2273,0.0793,0.9303,-18.041,0.7793,-4.6973,bite
169190,-0.2262,0.0398,0.9205,-18.2246,4.9277,-6.5645,bite
169213,-0.2404,0.0385,0.9313,-19.209,7.7012,-7.7656,bite
169236,-0.2496,0.0743,0.9784,-21.1426,11.4453,-9.2168,bite
169259,-0.262,0.0782,0.9624,-22.3691,14.332,-9.998,bite
169282,-0.278,0.0503,0.9451,-22.2813,15.6777,-10.0645,bite
169305,-0.2633,0.0309,0.9203,-20.6172,16.7754,-9.4707,bite
169328,-0.2655,0.0632,0.9417,-18.6543,16.8984,-8.6719,bite
169351,-0.2788,0.0632,0.9269,-14.873,16.2168,-7.0234,bite
169374,-0.2808,0.0699,0.9122,-10.5781,14.6211,-5.0332,bite
169397,-0.2883,0.1152,0.9879,-7.5918,13.1445,-3.6387,bite
169420,-0.2646,0.1205,1.0031,-2.9824,10.5,-1.6699,bite
169443,-0.2582,0.0983,0.9807,0.125,8.5566,-0.5762,bite
169466,-0.2549,0.1234,0.9949,4.5937,5.5273,0.5449,bite
169489,-0.2733,0.1383,0.9988,7.2734,2.5352,0.9863,bite
169512,-0.2823,0.1365,0.9915,10.5801,0.7812,0.957,bite
169535,-0.2721,0.1311,0.9926,12.7324,-1.4922,0.5723,bite
169558,-0.2531,0.1302,0.9763,13.3945,-2.6797,0.1523,bite
169581,-0.257,0.1154,0.96,13.1328,-3.9746,-0.6562,bite
169604,-0.256,0.1108,0.9709,12.1465,-4.543,-1.2734,bite
169627,-0.2578,0.1302,0.9935,9.7031,-5.0215,-2.2148,bite
169650,-0.2638,0.1221,0.9875,6.5762,-5.1699,-3.0156,bite
169673,-0.2542,0.1024,0.9559,4.3652,-5.1445,-3.4062,bite
169696,-0.2557,0.1021,0.9584,1.1289,-4.9961,-3.7344,bite
169719,-0.2571,0.1239,0.9719,-0.8496,-4.8691,-3.7773,bite
169742,-0.2754,0.1295,0.9738,-3.3496,-4.7109,-3.6055,bite
169765,-0.2684,0.1305,0.9922,-5.1523,-4.6504,-3.2266,bite
169788,-0.2666,0.1621,1.0573,-5.9785,-4.6992,-2.9375,bite
169811,-0.2745,0.1898,1.1102,-6.7617,-5.0195,-2.5977,bite
169834,-0.2933,0.2157,1.1477,-7.084,-5.4687,-2.5215,bite
169857,-0.2778,0.1749,1.2284,-7.666,-6.5801,-2.8008,bite
169880,-0.2155,0.0787,1.301,-8.5273,-8.334,-3.9004,bite
169903,-0.1211,-0.0424,1.2472,-11.5898,-10.0078,-5.3496,bite
169926,-0.1007,-0.0691,1.1738,-18.2559,-13.5801,-8.7539,bite
169949,-0.2148,-0.0613,1.1547,-25.1641,-16.6152,-11.6035,bite
169972,-0.2306,-0.1051,1.1039,-38.5391,-21.3398,-15.7285,bite
169995,-0.2156,-0.0924,1.0673,-48.3379,-23.8906,-17.6875,bite
170018,-0.2107,-0.0844,1.0189,-61.8535,-25.7695,-18.5391,bite
170041,-0.1907,-0.1133,0.9901,-64.0,-24.7188,-16.4199,bite
170064,-0.1903,-0.1235,0.9501,-64.0,-22.4238,-13.4238,bite
170087,-0.1982,-0.1364,0.9482,-64.0,-17.1074,-7.0703,bite
170110,-0.1863,-0.1144,0.915,-64.0,-12.7832,-2.0234,bite
170133,-0.1864,-0.0894,0.938,-58.0918,-6.0645,5.998,bite
170156,-0.1881,-0.0962,0.9082,-45.248,-0.1426,13.7285,bite
170179,-0.165,-0.146,0.8818,-36.7363,2.8535,18.3477,bite
170202,-0.1458,-0.1643,0.8979,-26.2051,5.3809,24.0762,bite
170225,-0.1215,-0.1699,0.9637,-21.668,5.5801,26.9688,bite
170248,-0.1117,-0.191,0.9985,-19.5117,3.6211,29.9492,bite
170271,-0.1443,-0.245,0.9949,-21.2598,-0.6367,31.6152,bite
170294,-0.1254,-0.2782,0.9991,-28.1426,-4.3086,32.2578,bite
170317,-0.1151,-0.2983,1.0071,-38.7852,-10.2031,32.8809,bite
170340,-0.1139,-0.3082,1.0219,-46.9453,-13.8574,33.2266,bite
170363,-0.1285,-0.3407,0.9695,-59.0156,-18.1172,33.7988,bite
170386,-0.1455,-0.2936,1.014,-64.0,-19.7754,34.2246,bite
170409,-0.1123,-0.2698,1.1235,-64.0,-20.1094,34.8301,bite
170432,-0.0731,-0.3309,1.1067,-64.0,-17.873,35.1836,bite
170455,-0.0934,-0.3552,1.0713,-64.0,-15.2305,35.1934,bite
170478,-0.1162,-0.3562,1.0807,-64.0,-10.2129,34.9434,bite
170501,-0.1488,-0.3895,1.057,-61.0293,-6.5664,34.7539,bite
170524,-0.1716,-0.3827,0.9755,-52.0566,-1.1973,34.7188,bite
170547,-0.2113,-0.3444,0.9498,-43.8594,3.6426,35.1719,bite
170570,-0.1917,-0.3724,0.9736,-39.334,6.4629,35.75,bite
170593,-0.2025,-0.3632,0.9617,-34.1758,9.9941,36.957,bite
170616,-0.2344,-0.3689,0.9236,-31.8223,11.834,37.9707,bite
170639,-0.2786,-0.3549,0.9207,-29.8496,13.7363,39.9102,bite
170662,-0.2789,-0.3434,0.9558,-29.4609,14.4687,42.5566,bite
170685,-0.3148,-0.3042,0.9464,-29.8457,14.25,44.7148,bite
170708,-0.3323,-0.3524,0.8925,-30.707,12.9199,48.2793,bite
170731,-0.3044,-0.3173,0.9462,-31.1875,11.4922,50.5879,bite
170754,-0.2644,-0.2538,1.0059,-31.3398,8.8262,53.3672,bite
170777,-0.2517,-0.2697,0.9723,-30.9297,6.8496,54.4824,bite
170800,-0.3341,-0.2855,0.895,-29.6895,3.7969,54.8574,bite
170823,-0.3342,-0.3097,0.9287,-28.1758,0.8672,53.8574,bite
170846,-0.2743,-0.3499,0.9675,-27.2031,-0.9199,52.5605,bite
170869,-0.3076,-0.3442,1.0128,-25.8301,-3.3613,49.7676,bite
170892,-0.3087,-0.3604,0.9431,-24.998,-4.9551,47.4121,bite
170915,-0.2954,-0.4137,0.9618,-24.1074,-7.6602,43.3555,bite
170938,-0.2078,-0.3357,1.0072,-23.8887,-10.9902,38.8301,bite
170961,-0.2484,-0.3372,0.9746,-24.0859,-13.5137,35.5898,bite
170984,-0.311,-0.3267,0.9583,-24.7363,-17.3477,30.5918,bite
171007,-0.2725,-0.371,0.9662,-25.2871,-19.5762,27.373,bite
171030,-0.1766,-0.4326,0.8961,-25.9746,-21.8828,22.9316,bite
171053,-0.2411,-0.4568,0.8822,-26.002,-22.7109,18.918,bite
171076,-0.2666,-0.3729,0.9547,-25.3184,-22.5137,16.4336,bite
171099,-0.2098,-0.3101,0.9551,-22.7754,-21.3594,12.9043,bite
171122,-0.2463,-0.303,0.937,-19.9824,-20.2109,10.6172,bite
171145,-0.2019,-0.363,0.972,-14.3457,-18.2305,7.2539,bite
171168,-0.1345,-0.3722,1.0564,-9.8184,-16.8945,5.0625,bite
171191,-0.0958,-0.3746,1.0593,-2.127,-15.0859,1.7754,bite
171214,-0.1587,-0.326,1.0291,6.5215,-13.6133,-1.6523,bite
171237,-0.1986,-0.2648,0.9988,12.8027,-12.7793,-4.0547,bite
171260,-0.15,-0.3297,0.9971,22.8594,-11.6387,-7.8184,bite
171283,-0.1359,-0.3705,1.0114,29.7871,-10.957,-10.4004,bite
171306,-0.1416,-0.2731,1.0089,39.9551,-10.1172,-14.3086,bite
171329,-0.1716,-0.1794,0.9995,48.9922,-9.4766,-18.0957,bite
171352,-0.1558,-0.1521,1.0148,53.8906,-9.0996,-20.3906,other
171375,-0.17,-0.1526,0.9976,58.9648,-8.498,-23.1621,other
171398,-0.1615,-0.1613,1.0144,60.6582,-8.0469,-24.3906,other
171421,-0.1586,-0.1827,1.0302,60.6719,-7.3477,-25.1699,other
171444,-0.1646,-0.1832,1.0303,57.998,-6.7305,-24.7715,other
171467,-0.1066,-0.1849,1.0278,54.9824,-6.4277,-24.0195,other
171490,-0.1172,-0.1437,1.0193,48.9922,-6.1797,-22.4961,other
171513,-0.1315,-0.162,1.0142,44.2793,-6.1367,-21.3789,other
171536,-0.1575,-0.1105,1.0247,36.6367,-6.1387,-19.7148,other
171559,-0.1528,-0.0824,0.9888,31.4453,-6.0781,-18.1777,other
171582,-0.183,-0.0281,1.0118,23.8672,-5.7734,-17.3281,other
171605,-0.0735,-0.0747,1.0442,16.7832,-5.166,-16.3594,other
171628,-0.2401,-0.1449,0.999,12.3965,-4.5977,-16.0117,other
171651,-0.1357,-0.214,1.0271,6.1758,-3.4219,-15.9512,other
171674,-0.1526,-0.2114,0.9923,2.1445,-2.4082,-16.1895,other
171697,-0.2025,-0.1812,0.9639,-3.7363,-0.7344,-16.9414,other
171720,-0.2295,-0.1017,0.9767,-9.1426,0.7988,-18.1328,other
171743,-0.2103,-0.0979,0.9703,-12.2344,1.584,-19.1797,other
171766,-0.2019,-0.1556,0.9624,-15.8457,2.1934,-21.209,other
171789,-0.17,-0.25,0.9576,-17.5938,2.1152,-22.8984,other
171812,-0.1515,-0.26,0.9869,-19.4648,1.1543,-25.9336,other
171835,-0.1412,-0.2417,1.0509,-20.6133,-0.7891,-29.4922,other
171858,-0.0485,-0.2678,1.0889,-20.8691,-2.4961,-32.0996,other
171881,-0.0922,-0.3055,1.037,-20.1719,-5.3398,-36.2129,other
171904,-0.158,-0.287,1.0198,-18.8672,-7.2168,-38.8965,other
171927,-0.0897,-0.2932,1.0554,-15.4727,-9.6406,-42.4531,other
171950,0.0225,-0.2402,1.1469,-12.0977,-10.8008,-45.3281,other
171973,-0.0132,-0.2714,1.1168,-5.2227,-11.6387,-46.9102,other
171996,-0.0527,-0.3232,1.0178,3.0684,-11.4434,-48.5508,other
172019,-0.062,-0.3154,1.0386,8.4687,-10.916,-48.8203,other
172042,-0.0111,-0.3011,1.0697,14.9863,-9.877,-47.502,other
172065,0.0009,-0.2537,1.1118,17.8203,-9.1582,-45.4316,other
172088,-0.0571,-0.2401,1.0702,19.6523,-8.1523,-40.7988,other
172111,-0.0833,-0.2196,1.0598,18.7988,-7.2891,-34.7305,other
172134,-0.0713,-0.2152,1.0441,16.9707,-6.8105,-30.1309,other
172157,-0.0773,-0.1842,1.045,12.9531,-6.2207,-22.9297,other
172180,-0.072,-0.1592,1.0048,9.9238,-5.8496,-18.3145,other
172203,-0.1085,-0.1556,0.9075,5.8027,-5.1426,-12.3477,other
172226,-0.1306,-0.1666,0.7798,3.2246,-3.9746,-8.1758,other
172249,-0.1283,-0.1748,0.6711,2.9082,-2.7461,-6.6758,other
172272,-0.0702,-0.1101,0.7151,5.5,0.1523,-6.7266,other
172295,-0.0808,-0.0374,0.7748,9.8633,3.0078,-8.4551,other
172318,-0.1552,0.016,0.8099,20.6816,8.748,-13.3906,other
172341,-0.2806,0.0519,0.8042,30.1387,15.7852,-19.918,other
172364,-0.2209,0.0706,0.8461,45.3438,20.2773,-24.1465,other
172387,-0.2034,0.0681,0.8561,58.4609,26.3516,-29.0859,other
172410,-0.2433,0.0436,0.843,63.998,29.5996,-31.2344,other
172433,-0.2621,0.1554,1.025,63.998,33.6328,-33.1641,other
172456,-0.3047,0.0966,1.0696,63.998,36.1211,-33.998,other
172479,-0.324,-0.1602,0.864,63.998,39.9102,-35.0723,other
172502,-0.3685,-0.0568,1.0734,63.998,43.4375,-36.1211,other
172525,-0.1074,0.4607,1.9471,63.998,45.0527,-36.834,other
172548,-0.0198,0.7814,1.8257,63.998,45.0547,-38.0059,other
172571,-0.3468,0.5924,0.9316,63.998,43.1914,-38.7207,other
172594,-0.5933,0.4366,0.7328,63.998,38.8066,-38.6875,other
172617,-0.5482,0.2988,0.7738,63.998,34.5313,-35.9023,other
172640,-0.2926,0.2589,0.8269,63.998,32.2188,-32.4141,other
172663,-0.2695,0.2738,0.863,63.998,29.0957,-26.0273,other
172686,-0.3446,0.3231,0.8737,63.998,26.7813,-21.9844,other
172709,-0.3829,0.4318,0.9104,63.998,22.5684,-17.4258,other
172732,-0.4016,0.4589,0.8333,63.998,17.7988,-15.1914,other
172755,-0.3905,0.4084,0.752,63.998,14.7715,-14.959,other
172778,-0.3524,0.3767,0.6847,62.8281,11.3027,-16.2773,other
172801,-0.4224,0.4055,0.6312,60.8477,10.0801,-18.0879,other
172824,-0.4811,0.4835,0.6229,59.5039,10.1934,-21.6797,other
172847,-0.4539,0.5237,0.7141,59.623,11.5605,-24.2852,other
172870,-0.4259,0.5996,0.7832,61.1738,15.1309,-27.9707,other
172893,-0.5026,0.6576,0.7573,63.6758,19.5273,-30.75,other
172916,-0.5688,0.5962,0.5916,63.998,22.2871,-31.6582,other
172939,-0.4968,0.552,0.5675,63.998,25.3789,-31.1543,other
172962,-0.4396,0.5424,0.6301,61.8145,26.3848,-29.6777,other
172985,-0.4902,0.5231,0.6212,53.6328,25.957,-26.4395,other
173008,-0.5211,0.5277,0.6289,41.6406,23.3164,-22.8848,other
173031,-0.5071,0.5234,0.6393,32.6328,20.6641,-20.752,other
173054,-0.5126,0.5079,0.6478,19.5703,16.1152,-18.375,other
173077,-0.5011,0.4924,0.6478,12.168,13.1562,-17.5176,other
173100,-0.5055,0.4976,0.6549,4.1426,9.457,-17.4043,other
173123,-0.5586,0.4878,0.641,1.0684,7.0918,-18.4316,other
173146,-0.5746,0.4403,0.6029,-0.4395,6.3379,-19.4727,other
173169,-0.5665,0.4427,0.6135,0.7578,6.334,-21.1289,other
173192,-0.5566,0.4229,0.564,2.3398,6.918,-22.0781,other
173215,-0.5612,0.4043,0.5361,4.7324,8.2715,-22.9277,other
173238,-0.5524,0.4139,0.5518,5.7266,9.2285,-22.9414,other
173261,-0.5658,0.4095,0.5555,5.5605,10.2617,-21.9023,other
173284,-0.5548,0.3829,0.5203,2.9199,10.2324,-19.3867,other
173307,-0.5452,0.4044,0.5742,-0.2832,9.3535,-16.8398,other
173330,-0.538,0.4498,0.6296,-6.9023,6.5117,-11.7754,other
173353,-0.5237,0.4523,0.6669,-12.0781,3.6289,-7.709,other
173376,-0.5187,0.4489,0.7159,-19.9648,-1.8242,-1.0293,other
173399,-0.509,0.4614,0.7288,-26.7656,-7.8848,5.5879,other
173422,-0.5016,0.4762,0.7388,-30.127,-11.7559,9.5391,other
173445,-0.4907,0.4917,0.7397,-32.8535,-16.5039,14.2324,other
173468,-0.4974,0.5171,0.7402,-32.9609,-18.5488,16.2988,other
173491,-0.5284,0.4855,0.6844,-30.6133,-19.4648,17.6094,other
173514,-0.519,0.4784,0.6471,-25.5996,-17.6211,16.8125,other
173537,-0.5466,0.4734,0.6278,-21.4844,-14.9531,15.2344,other
173560,-0.5686,0.4598,0.6505,-14.207,-9.2383,11.6172,other
173583,-0.5354,0.4409,0.6084,-9.1543,-4.6973,8.6172,other
173606,-0.5437,0.4042,0.5557,-2.0586,2.3125,3.7051,other
173629,-0.5558,0.3766,0.5258,1.9043,6.584,0.4375,other
173652,-0.5448,0.422,0.5741,6.2266,11.6523,-4.0078,other
173675,-0.5438,0.4462,0.618,8.6289,14.5859,-7.4844,other
173698,-0.5521,0.4272,0.5986,9.3379,15.2266,-9.0879,other
173721,-0.5347,0.427,0.6122,9.2617,14.2461,-10.2539,other
173744,-0.5223,0.418,0.6029,8.5176,12.4375,-10.1875,other
173767,-0.5341,0.4261,0.6218,6.5312,8.3965,-8.9473,other
173790,-0.5302,0.449,0.6619,3.8867,3.4551,-6.6543,other
173813,-0.5093,0.4805,0.6942,2.0781,0.0918,-4.7754,other
173836,-0.515,0.4784,0.6879,-0.2168,-4.4531,-1.8086,other
173859,-0.5188,0.4834,0.6865,-1.2813,-6.8535,0.0684,other
173882,-0.5128,0.4951,0.6862,-2.0762,-9.1562,2.4629,other
173905,-0.5372,0.4872,0.6564,-2.0371,-9.7246,4.1523,other
173928,-0.5404,0.4843,0.6334,-1.7461,-9.1719,4.8516,other
173951,-0.5411,0.493,0.6393,-1.2461,-7.1699,5.3105,other
173974,-0.5508,0.493,0.6274,-0.9902,-5.2598,5.2754,other
173997,-0.5454,0.4966,0.618,-0.7637,-1.9199,4.8262,other
174020,-0.549,0.4879,0.5925,-0.6758,0.4062,4.3105,other
174043,-0.5466,0.4675,0.5728,-0.5391,3.7168,3.2598,other
174066,-0.5447,0.4492,0.5394,-0.3008,6.5195,1.9141,other
174089,-0.5636,0.4497,0.5371,-0.0371,7.9941,0.8848,other
174112,-0.5681,0.4731,0.5663,0.6289,9.5508,-0.7559,other
174135,-0.5604,0.4578,0.5623,1.291,10.125,-1.8086,other
174158,-0.5442,0.4631,0.5781,2.5039,10.2187,-3.1309,other
174181,-0.5375,0.475,0.6147,3.6699,9.2969,-3.9531,other
174204,-0.5438,0.4906,0.6078,4.2734,8.1367,-4.1641,other
174227,-0.5536,0.5005,0.6273,4.8574,5.8027,-3.9707,other
174250,-0.5437,0.4951,0.6233,5.0859,4.0762,-3.5586,other
174273,-0.5525,0.4935,0.6013,5.3594,1.6875,-2.7109,other
174296,-0.5549,0.4792,0.5829,5.7344,0.0312,-1.8516,other
174319,-0.55,0.4811,0.5754,6.0859,-0.4824,-1.3828,other
174342,-0.5623,0.4645,0.5385,6.748,-0.2988,-0.916,other
174365,-0.5751,0.464,0.501,7.2227,0.3926,-0.7598,other
174388,-0.5697,0.4561,0.4484,7.9102,2.0527,-0.6895,other
174411,-0.5896,0.4768,0.4478,8.3496,3.3906,-0.7012,other
174434,-0.6079,0.5034,0.4756,9.1133,5.377,-0.709,other
174457,-0.5864,0.5159,0.5062,10.2539,6.9004,-0.6113,other
174480,-0.5518,0.5508,0.5605,11.2773,7.418,-0.4707,other
174503,-0.5441,0.5331,0.5355,12.9316,7.1035,-0.1426,other
174526,-0.5371,0.4929,0.4879,13.7148,6.0215,0.1855,other
174549,-0.5168,0.5184,0.5466,13.5918,3.002,0.9023,other
174572,-0.5107,0.5417,0.5853,11.3535,-1.5195,1.9297,other
174595,-0.5095,0.5466,0.6082,8.7148,-5.125,2.7793,other
174618,-0.4994,0.5648,0.6486,3.5215,-10.832,4.2363,other
174641,-0.4904,0.5602,0.6523,-0.3457,-14.4414,5.2578,other
174664,-0.5044,0.5341,0.6351,-6.0059,-18.8965,6.709,other
174687,-0.5165,0.5425,0.6721,-10.709,-21.5352,7.8535,other
174710,-0.5164,0.5403,0.6874,-12.9766,-22.0547,8.3477,other
174733,-0.5066,0.5082,0.6471,-14.9082,-20.957,8.6074,other
174756,-0.4933,0.4867,0.6074,-15.3691,-19.1387,8.4707,other
174779,-0.4969,0.4869,0.5875,-15.3105,-15.2656,7.8652,other
174802,-0.5065,0.4949,0.5751,-14.9844,-12.2168,6.8848,other
174825,-0.5137,0.4991,0.549,-14.0937,-7.332,6.0684,other
174848,-0.5276,0.4988,0.5436,-12.4121,-2.3652,4.6699,other
174871,-0.5044,0.516,0.5518,-10.6406,0.875,3.6562,other
174894,-0.5131,0.5211,0.552,-6.8398,5.4277,2.0781,other
174917,-0.5403,0.5245,0.5454,-3.6055,8.1289,1.0547,other
174940,-0.5383,0.5459,0.548,1.9316,11.4883,-0.2832,other
174963,-0.5321,0.5496,0.5386,7.6309,13.8906,-1.2031,other
174986,-0.5347,0.5542,0.5239,11.1328,14.9375,-1.5313,other
175009,-0.5403,0.5598,0.5079,15.4531,15.7402,-1.6113,other
175032,-0.5475,0.5931,0.5034,17.5391,15.8457,-1.4336,other
175055,-0.5662,0.6007,0.5042,19.3613,15.5449,-0.9277,other
175078,-0.5649,0.605,0.5032,19.5801,14.8437,-0.2559,other
175101,-0.5671,0.6069,0.5149,18.7793,14.1621,0.209,other
175124,-0.5686,0.603,0.5295,16.0234,12.7187,0.8242,other
175147,-0.5508,0.575,0.5497,13.0547,11.3926,1.1289,other
175170,-0.5262,0.5363,0.5361,6.7891,8.7187,1.3633,other
175193,-0.5292,0.5179,0.554,1.4434,5.459,1.2949,other
175216,-0.5431,0.498,0.5498,-7.9375,2.498,1.0977,other
175239,-0.5237,0.4641,0.5441,-18.0566,-1.7715,0.6562,other
175262,-0.5135,0.45,0.5447,-24.5723,-4.5215,0.3145,other
175285,-0.5142,0.4551,0.5642,-32.8809,-8.0664,-0.209,other
175308,-0.506,0.4777,0.5828,-36.7695,-9.7969,-0.5391,other
175331,-0.5168,0.4869,0.5757,-39.1309,-11.0605,-0.9883,other
175354,-0.5188,0.4727,0.5576,-36.7227,-10.4297,-1.3828,other
175377,-0.5189,0.4955,0.5424,-32.5117,-8.9102,-1.6211,other
175400,-0.55,0.5189,0.5142,-22.8574,-5.0937,-1.957,other
175423,-0.5653,0.5507,0.5057,-14.7246,-1.6836,-2.1504,other
175446,-0.5775,0.5732,0.4954,-1.1113,4.2969,-2.3652,other
175469,-0.5895,0.5844,0.4713,12.5996,10.6191,-2.4492,other
175492,-0.5875,0.5719,0.4354,20.8184,14.5723,-2.4082,other
175515,-0.5704,0.5735,0.4399,30.3809,19.4141,-2.1836,other
175538,-0.5773,0.576,0.4481,34.3223,21.5625,-1.9238,other
175561,-0.5833,0.578,0.4489,36.1621,22.7949,-1.3906,other
175584,-0.5851,0.5846,0.4564,34.8145,21.7598,-0.7402,other
175607,-0.5803,0.5713,0.4509,29.7129,19.6875,-0.293,other
175630,-0.5773,0.5686,0.4457,22.2754,15.6094,0.2852,other
175653,-0.5681,0.5485,0.441,16.8008,12.4512,0.543,other
175676,-0.554,0.5454,0.457,8.8086,7.6074,0.666,other
175699,-0.558,0.5516,0.4822,4.0703,4.5645,0.5625,other
175722,-0.5652,0.5468,0.4977,-1.6367,0.5859,0.1816,other
175745,-0.5577,0.5552,0.5211,-5.3711,-2.4434,-0.3262,other
175768,-0.5498,0.5386,0.4977,-6.7734,-3.8555,-0.6523,other
175791,-0.5466,0.5302,0.4777,-7.5254,-5.0254,-1.0,other
175814,-0.5507,0.5414,0.47,-7.3613,-5.1895,-1.0781,other
175837,-0.5637,0.5519,0.4481,-6.5078,-4.5898,-0.9004,other
175860,-0.5737,0.5643,0.4426,-5.2871,-3.1602,-0.332,other
175883,-0.5773,0.5768,0.4319,-4.4238,-1.8945,0.2422,other
175906,-0.5834,0.5776,0.4215,-3.2148,0.1992,1.2949,other
175929,-0.5824,0.5756,0.3752,-2.5039,1.5664,2.0391,other
175952,-0.5688,0.5908,0.4056,-1.5664,3.3437,3.043,other
175975,-0.5748,0.605,0.4225,-0.9707,4.6016,3.7148,other
175998,-0.5829,0.6124,0.4333,0.0234,5.0918,3.8965,other
176021,-0.5812,0.6121,0.4506,1.1875,5.2617,3.7207,other
176044,-0.5753,0.5906,0.4484,1.9648,4.9883,3.3145,other
176067,-0.5623,0.5743,0.458,2.8496,4.0137,2.3379,other
176090,-0.5597,0.5668,0.4658,3.0977,3.043,1.4961,other
176113,-0.5638,0.55,0.4592,2.8555,1.3105,0.0742,other
176136,-0.5612,0.5366,0.4524,1.9473,-0.4375,-1.3828,other
176159,-0.5471,0.5328,0.4526,1.0703,-1.4512,-2.2754,other
176182,-0.5527,0.5411,0.4431,-0.4512,-2.5723,-3.3691,other
176205,-0.5737,0.559,0.4525,-1.457,-2.9941,-3.8652,other
176228,-0.575,0.5583,0.4307,-2.7383,-3.0977,-4.1504,other
176251,-0.5627,0.5525,0.4255,-3.6523,-2.6426,-3.8086,other
176274,-0.564,0.5717,0.4391,-4.084,-2.1309,-3.2402,other
176297,-0.5713,0.5724,0.4399,-4.5371,-1.2441,-1.9531,other
176320,-0.5594,0.5707,0.4484,-4.7559,-0.6797,-0.8848,other
176343,-0.5656,0.5765,0.4495,-5.0352,-0.0332,0.8535,other
176366,-0.5747,0.5684,0.4371,-5.2363,0.2598,2.541,other
176389,-0.5723,0.5659,0.4363,-5.6309,0.2441,3.543,other
176412,-0.5613,0.5962,0.4597,-6.2012,-0.0664,4.7754,other
176435,-0.5723,0.6044,0.4316,-6.7461,-0.4551,5.418,other
176458,-0.5665,0.5822,0.4137,-8.0762,-1.3555,6.2324,other
176481,-0.5521,0.5944,0.441,-9.5059,-2.2305,6.7578,other
176504,-0.5487,0.5977,0.4868,-12.5859,-4.0449,7.5898,other
176527,-0.5447,0.5989,0.5286,-16.4844,-6.457,8.4297,other
176550,-0.5367,0.6138,0.5468,-19.2266,-8.3223,8.918,other
176573,-0.5565,0.5767,0.5149,-23.1582,-11.3418,9.4609,other
176596,-0.5466,0.5408,0.5137,-25.5801,-13.4043,9.7187,other
176619,-0.573,0.4838,0.5392,-29.0234,-16.4883,10.0898,other
176642,-0.5704,0.4061,0.4841,-32.6152,-19.6777,10.7715,other
176665,-0.4866,0.4886,0.5004,-35.3691,-22.1016,11.6172,other
176688,-0.3755,0.689,0.6761,-40.2324,-26.7285,13.6504,other
176711,-0.3025,0.6093,0.8259,-43.7539,-30.7227,15.3555,other
176734,-0.3745,0.4608,0.8191,-48.7422,-38.1055,17.6504,other
176757,-0.4722,0.2749,0.7006,-52.9336,-46.5488,18.7617,other
176780,-0.432,0.2081,0.6326,-55.4316,-52.2344,18.7207,other
176803,-0.3191,0.3253,0.7833,-59.0039,-60.0273,17.5859,other
176826,-0.3457,0.3676,0.8273,-61.0586,-64.0,16.0469,other
176849,-0.2534,0.368,0.8528,-62.7578,-64.0,12.0391,other
176872,-0.1196,0.4004,0.8367,-62.4063,-64.0,7.7969,other
176895,-0.0366,0.4846,0.8169,-59.0156,-64.0,-1.2266,other
176918,-0.25,0.4742,0.8123,-52.1641,-62.2441,-12.1992,other
176941,-0.4396,0.4661,0.877,-46.002,-57.4629,-18.9727,other
176964,-0.3472,0.4663,0.8643,-35.2637,-48.2441,-25.5,other
176987,-0.3334,0.4301,0.8464,-27.7598,-41.1738,-26.4141,other
177010,-0.3783,0.4238,0.8265,-17.2324,-30.2617,-22.3809,other
177033,-0.3474,0.4591,0.8667,-8.9531,-20.3086,-13.0059,other
177056,-0.2485,0.4646,1.0005,-5.2305,-14.8711,-4.8809,other
177079,-0.1925,0.3922,0.8579,-2.6914,-9.248,8.123,other
177102,-0.2308,0.3516,0.7463,-3.082,-7.3711,16.2637,other
177125,-0.2415,0.3462,0.7103,-6.5234,-7.1719,26.3984,other
177148,-0.2139,0.3905,0.7714,-12.1602,-9.334,33.2813,other
177171,-0.2244,0.4388,0.8093,-15.9863,-11.457,35.8945,other
177194,-0.2144,0.4218,0.6858,-20.0039,-14.627,36.9375,other
177217,-0.2703,0.4437,0.5751,-20.8711,-16.2793,35.9805,other
177240,-0.0571,0.4115,0.5342,-19.1055,-17.7324,32.8223,other
177263,0.2634,0.6465,0.6625,-15.8477,-18.0469,28.5117,other
177286,-0.5353,1.1169,1.0576,-7.5703,-17.9863,25.625,other
177309,-0.1284,0.8781,0.7078,4.7227,-18.4434,22.8184,other
177332,-0.1187,0.7247,0.7286,14.334,-19.7227,22.4688,other
177355,-0.1095,0.6041,0.6594,28.9531,-23.4961,23.7988,other
177378,-0.0167,0.5913,0.7435,37.8848,-26.918,25.2031,other
177401,-0.0133,0.573,0.7473,48.9453,-32.4395,26.6875,other
177424,-0.0792,0.6543,0.8247,56.3145,-37.3867,26.2852,other
177447,0.0122,0.6371,0.829,58.8027,-39.9668,24.791,other
177470,-0.0469,0.5637,0.8617,58.543,-42.4785,21.0605,other
177493,-0.0291,0.4706,0.9436,55.6836,-43.0762,17.959,other
177516,-0.0364,0.5754,1.1613,47.75,-41.7539,12.9746,other
177539,0.1772,0.339,0.9071,35.8945,-36.7383,7.7969,other
177562,0.1202,0.2421,0.6945,25.6465,-30.9375,4.2012,other
177585,0.0883,0.243,0.715,6.4551,-18.5547,-0.8926,other
177608,0.0566,0.244,0.5758,-8.3828,-8.1992,-3.3848,other
177631,-0.1377,0.2753,0.2812,-31.3652,9.5156,-4.291,other
177654,-0.47,0.4111,-0.1692,-45.1777,22.0879,-0.2598,other
177677,-0.6891,0.8695,0.2185,-59.5938,40.5273,5.4941,other
177700,0.1509,1.5734,1.5515,-61.6348,55.4902,17.4219,other
177723,-0.0023,0.7994,0.5668,-54.8184,61.3242,25.8477,other
177746,-0.0878,0.9043,0.7299,-34.7012,61.1895,36.2813,other
177769,-0.0724,0.6592,0.7008,-17.5664,54.957,40.6855,other
177792,0.0671,0.5392,0.7974,8.7266,38.1367,42.5898,other
177815,0.0465,0.5175,0.9139,31.1719,16.0313,38.8008,other
177838,-0.0002,0.5234,0.925,42.3457,0.7012,33.5742,other
177861,-0.0365,0.5214,0.8885,52.0684,-19.791,23.1172,other
177884,-0.0701,0.5465,0.9421,53.4766,-30.1152,15.4336,other
177907,0.1132,0.5437,1.0028,47.8672,-38.6738,4.5137,other
177930,0.1428,0.3387,0.7804,33.2305,-38.2852,-4.1504,other
177953,0.0103,0.3667,0.8005,18.8359,-33.4746,-7.9863,other
177976,-0.0535,0.3962,0.7783,-7.9668,-20.8379,-10.002,other
177999,-0.1752,0.396,0.678,-27.5723,-9.8359,-8.6348,other
178022,-0.0956,0.3602,0.6163,-56.0098,8.6016,-2.918,other
178045,-0.0715,0.3738,0.6239,-64.0,21.0527,5.6367,other
178068,-0.0886,0.4767,0.501,-64.0,38.2363,11.7656,other
178091,-0.2913,0.563,0.3832,-64.0,52.1191,20.0684,other
178114,-0.3562,0.6368,0.4089,-64.0,58.9531,24.4336,other
178137,-0.1647,0.7821,0.5872,-64.0,63.998,28.5547,other
178160,-0.1965,0.8132,0.5338,-62.8066,63.998,29.2773,other
178183,-0.0571,1.1545,1.2537,-32.9316,62.248,27.0059,other
178206,-0.0724,0.6029,0.6707,0.6133,52.2441,21.332,other
178229,-0.0896,0.6924,0.8085,21.8418,42.1465,16.4414,other
178252,-0.0143,0.5669,0.8573,47.5273,23.1641,8.8477,other
178275,-0.0057,0.5996,0.9282,58.9336,9.2168,4.2578,other
178298,-0.0715,0.7068,0.8789,63.998,-11.0215,-1.2246,other
178321,-0.3313,0.8452,0.9088,63.4297,-27.3633,-4.4414,other
178344,-0.4238,0.7113,0.6553,55.7754,-34.8926,-5.0918,other
178367,-0.3898,0.3956,0.2755,36.4863,-40.793,-4.1309,other
178390,-0.1368,0.2917,0.5282,19.1035,-41.6719,-3.0293,other
178413,-0.1113,0.3132,0.7844,-10.7187,-40.0898,-3.041,other
178436,-0.0521,0.2311,0.8149,-30.2793,-37.127,-7.7598,other
178459,0.0812,0.1622,0.7643,-54.1777,-35.1699,-14.3594,other
178482,0.1576,0.1984,0.7151,-64.0,-33.0605,-29.0586,other
178505,-0.0632,0.3181,0.6233,-64.0,-32.2266,-40.8965,other
178528,0.1147,0.6768,1.0627,-61.2871,-31.3281,-58.6426,other
178551,0.005,0.8624,1.0082,-49.6484,-30.5234,-64.0,other
178574,-0.1685,0.8342,0.7974,-25.4668,-28.7773,-64.0,other
178597,-0.0332,0.7249,0.8402,1.3262,-26.7539,-64.0,other
178620,-0.0514,0.5945,0.7959,17.8379,-25.2793,-64.0,other
178643,-0.0554,0.5793,0.8066,37.7539,-22.543,-60.7598,other
178666,-0.1697,0.7673,0.6678,46.8125,-20.1211,-49.4473,other
178689,-0.2051,0.9133,0.7772,53.2168,-15.2344,-31.209,other
178712,-0.1605,0.7677,0.7809,50.7637,-8.9805,-13.9902,other
178735,-0.2244,0.47,0.5336,44.2441,-4.623,-3.9336,other
178758,0.0242,0.2184,0.5575,27.5742,0.8008,8.4961,other
178781,-0.0398,0.1427,0.6768,12.9551,2.9609,14.8301,other
178804,0.0587,0.0109,0.6254,-10.5254,3.5508,21.3867,other
178827,0.0184,0.0554,0.5854,-24.5664,1.3418,25.1191,other
178850,0.1202,0.1826,0.3966,-39.1543,-1.2598,26.8574,other
178873,-0.2103,1.4706,1.7588,-42.6445,-6.3437,29.9746,other
178896,0.1183,0.8839,0.6919,-38.1641,-10.584,33.2227,other
178919,0.0822,0.8447,0.8727,-23.6816,-18.7598,40.1602,other
178942,0.1074,0.6112,0.7555,-11.2734,-25.2715,45.5117,other
178965,0.0793,0.5485,0.8101,7.8184,-35.1211,52.5625,other
178988,0.0507,0.5575,0.8071,24.502,-42.5137,55.8066,other
179011,-0.0305,0.6201,0.8744,33.1816,-44.7617,54.7578,other
179034,-0.0074,0.6371,0.9827,41.4121,-42.9023,47.709,other
179057,0.1534,0.5215,0.9161,43.1172,-38.0898,39.5449,other
179080,0.1267,0.4077,0.8475,38.9238,-26.4316,23.3105,other
179103,0.0167,0.2566,0.7156,25.8906,-11.2891,4.8672,other
179126,0.0527,0.1456,0.5995,12.6191,-0.3223,-6.9316,other
179149,0.1484,0.1257,0.4767,-11.9609,16.0625,-21.5684,other
179172,-0.0933,0.3408,0.4417,-29.3242,26.2148,-28.209,other
179195,-0.3525,0.6069,0.2413,-52.3301,39.1211,-32.0898,other
179218,-0.0532,1.118,1.0419,-63.5156,47.9688,-28.25,other
179241,0.1473,1.037,0.9578,-64.0,50.7383,-22.1797,other
179264,0.0188,0.9456,0.8406,-60.1836,48.5547,-10.0039,other
179287,0.0343,0.6046,0.7065,-48.5586,42.498,-1.2188,other
179310,0.0751,0.4646,0.8738,-25.2695,27.7207,10.6523,other
179333,0.0642,0.464,0.8713,-7.8047,15.6113,16.5488,other
179356,-0.0204,0.5898,0.8289,17.9902,-2.6797,21.1465,other
179379,-0.1777,0.642,0.7374,39.4355,-17.2422,20.4648,other
179402,-0.2213,0.7073,0.9802,49.373,-23.2129,17.5801,other
179425,-0.2616,0.5026,0.535,55.2578,-25.7559,10.9707,other
179448,-0.0906,0.2675,0.3267,52.0234,-23.6992,5.8281,other
179471,-0.0192,0.3638,0.6492,36.2793,-16.875,-2.3418,other
179494,0.1096,0.2649,0.5632,11.334,-8.0703,-11.1836,other
179517,0.0786,0.2454,0.5863,-6.7656,-2.3652,-17.5156,other
179540,0.1384,0.8401,1.1895,-30.1523,4.4199,-26.9941,other
179563,0.0306,0.8755,0.8812,-40.5996,7.0273,-32.3672,other
179586,0.0562,0.895,0.8717,-46.9492,7.082,-37.0684,other
179609,0.0359,0.6851,0.7461,-42.875,2.5156,-36.4141,other
179632,-0.0076,0.5861,0.7361,-35.334,-2.3262,-33.1055,other
179655,-0.0723,0.5535,0.78,-18.7051,-10.3965,-25.1348,other
179678,-0.092,0.5197,0.8191,-5.4824,-15.1895,-18.8867,other
179701,-0.1293,0.4865,0.8611,14.6602,-19.8965,-9.9551,other
179724,-0.2303,0.5737,1.0385,26.4375,-20.7109,-5.1328,other
179747,-0.1782,0.4146,0.7395,38.4375,-17.9102,-0.4687,other
179770,-0.1113,0.3036,0.4431,39.9785,-10.6719,0.6953,other
179793,-0.0444,0.2994,0.542,33.9512,-4.0,-0.4941,other
179816,0.022,0.298,0.5212,15.5098,7.5273,-5.0312,other
179839,0.0452,0.4421,0.582,-0.5957,15.4766,-9.5664,other
179862,-0.1182,0.8602,0.9987,-24.5508,26.5508,-17.459,other
179885,-0.1382,0.9937,0.8143,-41.6406,35.0156,-24.4824,other
179908,-0.1542,0.8627,0.8218,-47.082,38.1895,-27.4102,other
179931,-0.1705,0.6686,0.7074,-45.8301,37.8555,-27.8867,other
179954,-0.1378,0.4945,0.7739,-39.2988,33.959,-25.4512,other
179977,-0.0696,0.5358,0.8118,-22.9531,23.4531,-18.5273,other
180000,-0.1379,0.6531,0.7794,-2.3926,10.0684,-9.7168,other
180023,-0.2463,0.8439,0.7394,11.2207,1.6465,-4.002,other
180046,-0.382,0.9194,0.9375,27.8555,-7.0723,2.9238,other
180069,-0.2091,0.7576,0.692,34.4922,-9.1289,5.9629,other
180092,-0.2125,0.4757,0.4357,34.9336,-6.5449,7.752,other
180115,-0.1593,0.3278,0.5566,28.0879,-1.9531,6.0527,other
180138,-0.0526,0.2415,0.6782,8.5293,6.793,3.3984,other
180161,-0.0801,0.2319,0.8458,-16.8242,14.3145,-2.6035,other
180184,-0.0154,0.1992,0.884,-33.1406,16.8652,-7.166,other
180207,0.1163,0.1943,0.9421,-51.7227,15.1289,-13.3809,other
180230,0.3068,0.2976,0.9965,-58.3594,9.8828,-16.2168,other
180253,0.0504,0.2866,0.8849,-58.8145,-3.2832,-16.918,other
180276,0.1121,0.2644,0.6134,-49.5059,-19.7676,-11.291,other
180299,0.0126,0.4666,0.4457,-39.5605,-30.1445,-3.2324,other
180322,-0.8463,0.8971,0.6954,-21.3145,-41.0449,15.1562,other
180345,-0.0979,1.1309,0.819,-7.7051,-43.752,30.5137,other
180368,-0.0012,0.7693,0.7938,13.6406,-40.9902,54.0,other
180391,-0.0092,0.5236,0.5614,33.8555,-32.5215,63.998,other
180414,0.1017,0.7405,1.0911,45.5527,-25.1133,63.998,other
180437,0.1963,0.5605,0.8511,59.5254,-12.8027,63.998,other
180460,0.0533,0.697,0.8,63.998,-4.332,63.998,other
180483,-0.0283,0.8079,1.0022,63.998,8.1641,45.6582,other
180506,0.0765,0.5928,0.7708,63.998,15.957,21.2559,other
180529,-0.0157,0.2992,0.4434,56.5078,25.8027,6.1211,other
180552,-0.0328,0.177,0.3043,35.0879,32.3809,-10.0996,other
180575,-0.3145,0.349,0.4026,16.6172,34.8398,-15.3379,other
180598,-0.0687,0.8779,0.9585,-12.0957,35.957,-14.4375,other
180621,-0.0985,0.8225,0.7096,-28.3262,35.0273,-8.9141,other
180644,-0.1537,0.8671,0.6846,-44.082,30.9492,3.8594,other
180667,0.0686,0.6533,0.8068,-47.8906,23.8828,17.6992,other
180690,0.1051,0.5748,0.8407,-44.1094,17.9551,25.1094,other
180713,0.0983,0.6257,0.8822,-30.8633,8.5332,30.7051,other
180736,-0.0953,0.7133,0.7078,-18.6953,2.9551,30.0,other
180759,-0.1791,0.7675,0.6891,0.8926,-2.5332,22.7793,other
180782,-0.1824,0.754,0.7317,17.5605,-3.4531,10.4395,other
180805,-0.1021,0.6379,0.5961,24.8594,-1.8047,0.9141,other
180828,-0.2379,0.5728,0.4994,27.8379,2.5371,-13.2441,other
180851,-0.1656,0.532,0.5385,24.2266,5.6875,-21.7598,other
180874,-0.1566,0.4883,0.631,12.2676,9.4492,-32.6465,other
180897,-0.1512,0.4558,0.7073,2.1367,10.8672,-41.6934,other
180920,-0.0757,0.4414,0.7898,-11.8965,11.3262,-47.1387,other
180943,0.0131,0.4038,0.7635,-20.3535,10.5273,-54.8242,other
180966,-0.1693,0.3977,0.6671,-21.8438,9.8047,-59.418,other
180989,-0.2797,0.4313,0.6128,-18.4023,8.834,-64.0,other
181012,-0.3097,0.5007,0.6593,-13.2578,8.3477,-64.0,other
181035,-0.2246,0.5616,0.7761,-2.9434,8.0254,-62.5703,other
181058,-0.178,0.54,0.7455,8.793,8.5293,-55.5352,other
181081,-0.2505,0.5367,0.6785,16.4531,9.4648,-49.1992,other
181104,-0.3112,0.6086,0.6187,26.1289,11.7383,-38.4551,other
181127,-0.2372,0.5714,0.6138,30.5859,13.7539,-31.0781,other
181150,-0.2001,0.578,0.6998,33.5645,17.2734,-20.625,other
181173,-0.3097,0.808,1.1582,32.1875,21.0508,-11.7207,other
181196,-0.0737,0.478,0.6071,29.0215,23.502,-6.8066,other
181219,-0.2328,0.625,0.7024,20.5566,26.6426,-0.6738,other
181242,-0.2573,0.6123,0.6844,12.2227,28.1035,3.0566,other
181265,-0.0735,0.6133,0.7334,-3.9824,28.709,9.0703,other
181288,-0.1642,0.6427,0.7418,-16.5684,26.7031,16.3965,other
181311,-0.0782,0.6564,0.6643,-36.2832,23.832,22.293,other
181334,-0.2097,0.6213,0.7482,-54.4375,17.3809,32.6484,other
181357,-0.3279,0.5481,0.7155,-64.0,11.9629,40.3223,other
181380,-0.2218,0.5022,0.8005,-64.0,2.916,52.0879,other
181403,-0.1501,0.5006,0.7931,-64.0,-3.1836,59.2266,other
181426,-0.082,0.4526,0.814,-64.0,-11.4668,63.998,other
181449,-0.0557,0.4341,0.8306,-64.0,-17.6563,63.998,other
181472,-0.188,0.4951,0.801,-63.4238,-20.2227,63.998,other
181495,-0.0964,0.4525,0.8861,-52.5234,-21.5918,63.998,other
181518,-0.1167,0.4553,0.834,-45.5215,-21.0,58.5723,other
181541,-0.0911,0.4874,0.8396,-36.7969,-18.3223,47.9043,other
181564,-0.1025,0.4969,0.7806,-31.0078,-14.3379,35.8359,other
181587,-0.1318,0.5322,0.7959,-28.8203,-11.582,27.6816,other
181610,-0.0676,0.4575,0.8136,-27.6699,-8.2305,16.25,other
181633,0.0012,0.4177,0.8678,-27.9707,-6.9512,9.627,other
181656,0.0139,0.4453,0.869,-29.3672,-6.8848,1.7148,other
181679,-0.0714,0.4622,0.8496,-30.5977,-8.8926,-3.5527,other
181702,-0.0907,0.4902,0.8358,-32.418,-10.9238,-5.707,other
181725,-0.0532,0.4291,0.8452,-33.7129,-13.9668,-7.4141,other
181748,0.0284,0.4277,0.9066,-34.0391,-15.3984,-7.9141,other
181771,-0.0585,0.4552,0.9523,-33.4512,-16.0293,-8.2461,other
181794,-0.0985,0.4961,0.9449,-32.3105,-15.3613,-8.3184,other
181817,-0.1244,0.4441,0.8639,-29.7969,-13.0312,-8.123,other
181840,-0.049,0.3658,0.814,-27.2031,-9.998,-7.2676,other
181863,0.0099,0.33,0.8688,-25.9434,-8.1523,-6.2363,other
181886,-0.0278,0.3676,0.9846,-25.0684,-6.2695,-4.123,other
181909,-0.0815,0.3739,0.9215,-25.0781,-5.7891,-2.4687,other
181932,-0.0022,0.3047,0.8494,-25.7773,-6.3125,0.1504,other
181955,0.0374,0.2655,0.8424,-27.0957,-8.2656,2.6328,other
181978,0.0411,0.2919,0.9636,-28.0684,-10.2129,4.043,other
182001,0.0039,0.3303,0.9736,-29.0078,-13.627,5.627,other
182024,0.0214,0.353,1.0094,-28.9492,-15.9141,6.332,other
182047,0.0464,0.3313,0.9215,-27.7129,-18.9414,7.0039,other
182070,0.0314,0.2893,0.849,-25.8555,-21.2559,7.4863,other
182093,0.0195,0.2996,0.9196,-24.1484,-22.4082,7.8672,other
182116,0.0326,0.3002,0.962,-22.1836,-23.6289,8.6465,other
182139,0.0612,0.3085,0.9675,-21.0332,-24.1152,9.2363,other
182162,0.1047,0.3,0.9652,-19.4785,-24.3477,9.9629,other
182185,0.0912,0.3204,0.9678,-18.5703,-24.2012,10.2051,other
182208,0.0891,0.2731,0.9061,-17.5723,-23.6953,10.1504,other
182231,0.0566,0.2666,0.8843,-17.2773,-23.1484,9.7539,other
182254,0.0593,0.2711,0.9235,-17.4902,-22.873,9.4004,other
182277,0.1281,0.2848,0.9847,-18.1055,-22.6035,8.7578,other
182300,0.1145,0.3237,1.0082,-18.4414,-22.498,8.1797,other
182323,0.1323,0.3048,0.9664,-18.5449,-22.373,6.9609,other
182346,0.1226,0.2635,0.8973,-18.2832,-22.2695,5.3086,other
182369,0.0352,0.2834,0.8994,-18.127,-22.2734,4.0371,other
182392,0.0449,0.3435,1.0107,-18.1348,-22.3555,1.9414,other
182415,0.1514,0.3148,1.0209,-18.2363,-22.2715,0.2793,other
182438,0.1588,0.3169,1.0344,-18.334,-21.5273,-3.1367,other
182461,0.0813,0.2905,0.9172,-18.3105,-19.4805,-8.2207,other
182484,0.0487,0.2203,0.8456,-18.2266,-17.1035,-12.6582,other
182507,0.027,0.1818,0.7759,-18.0059,-11.7461,-20.7852,other
182530,0.1573,0.204,1.04,-17.3867,-6.9102,-27.0879,other
182553,0.1163,0.2158,1.1024,-14.5215,1.9941,-37.6563,other
182576,0.0367,0.1866,1.0518,-10.7246,8.5801,-45.1035,other
182599,0.0817,0.1332,1.0079,-2.2305,18.248,-55.748,other
182622,0.097,0.0492,0.8809,8.3613,26.1094,-64.0,other
182645,0.0842,0.1217,0.8215,15.6523,29.6719,-64.0,other
182668,0.0172,0.1833,0.7904,25.8945,32.1465,-64.0,other
182691,0.0494,0.2501,0.6523,32.0742,32.1113,-64.0,other
182714,0.1858,0.3429,0.3789,40.8047,30.5156,-63.3203,other
182737,-0.3253,1.3033,1.6525,50.1191,28.1563,-54.3672,other
182760,0.0002,0.9231,0.5376,57.1133,26.0938,-46.7715,other
182783,-0.2067,0.9486,0.7634,63.998,20.8672,-33.8438,other
182806,-0.0963,0.5747,0.6598,63.998,15.5312,-24.9531,other
182829,-0.0859,0.4519,0.8955,63.998,5.4668,-12.8398,other
182852,0.0264,0.4027,1.049,63.998,-4.8887,-4.1934,other
182875,-0.1346,0.4642,1.049,63.998,-10.4707,-1.1465,other
182898,0.0742,0.5387,1.2292,63.998,-14.9102,-0.7227,other
182921,0.0632,0.3109,0.6412,63.998,-14.6797,-2.6133,other
182944,0.1227,0.1956,0.3527,63.998,-9.7969,-6.7012,other
182967,0.2303,0.1559,0.0485,63.998,-4.1484,-8.7832,other
182990,-0.7601,0.5927,-0.0874,42.0938,6.3379,-8.5547,other
183013,-0.4261,1.5704,1.269,8.959,16.9922,-2.3535,other
183036,0.1461,0.798,0.736,-9.9766,22.7363,4.7754,other
183059,-0.0372,0.7122,0.7815,-28.6191,27.043,17.291,other
183082,-0.0239,0.5671,0.7438,-33.582,26.4805,24.9941,other
183105,0.0789,0.5292,0.9293,-30.6387,21.1484,32.9043,other
183128,0.0966,0.5,0.9382,-18.3477,12.5176,34.6133,other
183151,-0.0673,0.5765,0.7802,-7.3574,6.4551,32.1563,other
183174,-0.0291,0.6335,0.8773,9.3301,-0.5625,24.2168,other
183197,0.0366,0.7806,1.0597,18.4004,-2.6875,17.2773,other
183220,-0.2197,0.4481,0.1554,25.4121,-1.4277,7.0742,other
183243,-0.6837,0.2761,-0.1379,21.3203,3.5508,0.6914,other
183266,-0.1038,0.4221,0.3452,12.4277,7.4512,-0.3066,other
183289,0.5249,1.0251,1.9584,-5.5703,12.041,1.8164,other
183312,0.1055,0.6104,0.8094,-16.8281,13.2969,4.0352,other
183335,-0.134,0.9576,1.087,-28.5508,11.7305,6.748,other
183358,-0.126,0.7314,1.0175,-32.4199,8.6914,8.3281,other
183381,-0.2944,0.5212,0.5428,-33.7344,2.082,8.377,other
183404,-0.3682,0.3661,0.5616,-33.2129,-5.6465,7.5527,other
183427,-0.0542,0.0939,0.7115,-33.4258,-10.4473,5.709,other
183450,0.2295,-0.0419,0.8302,-34.959,-15.5488,-0.5449,other
183473,0.1184,-0.0018,0.7744,-36.1875,-16.7891,-7.6621,other
183496,0.1387,0.0999,0.4871,-37.0039,-14.7031,-22.0957,other
183519,0.0909,0.226,0.0508,-35.2852,-8.0781,-37.832,other
183542,-0.5605,1.55,1.734,-31.8516,-1.8066,-46.6016,other
183565,-0.0082,1.0804,0.6913,-21.8594,8.6738,-54.0313,other
183588,-0.1602,0.9395,0.7496,-12.1992,15.0215,-54.4238,other
183611,-0.1298,0.5936,0.5739,4.9336,21.8145,-48.7207,other
183634,-0.0632,0.5895,0.7858,22.9648,24.7207,-37.7344,other
183657,-0.1376,0.7092,0.6512,34.3398,24.7207,-29.0566,other
183680,-0.2649,0.8191,0.7094,48.4082,22.7285,-16.0898,other
183703,-0.3286,0.861,0.9076,54.4805,20.7656,-8.2363,other
183726,-0.4316,0.6733,0.568,56.4375,17.9512,1.7813,other
183749,-0.3276,0.396,0.418,51.8105,16.5723,9.373,other
183772,-0.2786,0.3499,0.6212,35.209,15.6855,12.7129,other
183795,-0.2562,0.3241,0.6599,9.127,17.0977,14.209,other
183818,-0.2168,0.282,0.6633,-11.041,19.9102,12.4219,other
183841,-0.2194,0.1428,0.6061,-40.8965,27.0273,5.5117,other
183864,-0.2878,0.1106,0.7477,-57.9238,33.0371,-1.418,other
183887,-0.355,0.2258,1.0342,-64.0,42.1992,-13.7051,other
183910,-0.3486,0.2283,0.9985,-64.0,49.8262,-25.9844,other
183933,-0.2408,0.2051,0.8995,-64.0,53.5625,-33.0117,other
183956,-0.3423,0.2887,0.7628,-57.4277,57.1563,-40.5586,other
183979,-0.4438,0.4409,0.818,-43.168,58.6465,-43.1172,other
184002,-0.3167,0.5538,0.9521,-21.0078,60.8125,-42.9492,other
184025,-0.6542,0.6768,0.9061,-2.1719,63.998,-38.2637,other
184048,-0.3961,0.5507,0.5847,6.5215,63.998,-32.9727,other
184071,-0.4152,0.8008,0.6732,11.6523,63.998,-22.5742,other
184094,-0.0955,0.7014,0.8313,9.6289,63.998,-14.5332,other
184117,-0.292,0.6432,0.6942,-0.1309,63.998,-1.4219,other
184140,-0.3073,0.6228,0.8458,-9.75,58.5527,13.1211,other
184163,-0.4445,0.3811,0.516,-26.2598,48.1328,23.9219,other
184186,-0.4233,0.3921,0.7972,-42.502,26.3145,41.8613,other
184209,-0.2389,0.3387,0.9365,-51.8066,8.6797,54.334,other
184232,-0.1863,0.3361,0.8889,-61.7949,-19.7012,63.998,other
184255,-0.335,0.338,0.9371,-64.0,-37.9922,63.998,other
184278,-0.3481,0.2917,0.821,-64.0,-61.4961,63.998,other
184301,-0.3425,0.3273,0.941,-60.6914,-64.0,63.998,other
184324,-0.0729,0.2317,0.923,-55.6563,-64.0,63.998,other
184347,0.0035,0.4053,0.9817,-46.623,-64.0,63.998,other
184370,0.0277,0.475,0.8413,-40.3086,-64.0,63.998,other
184393,-0.0499,0.6006,0.7214,-31.4199,-64.0,63.998,other
184416,-0.0791,0.67,0.6807,-24.2227,-63.3262,51.0469,other
184439,0.0476,0.6323,0.7831,-20.6953,-53.5859,41.2441,other
184462,0.0596,0.5211,0.8112,-17.2461,-40.1953,28.748,other
184485,0.0396,0.3669,0.9154,-15.8672,-33.5938,22.3555,other
184508,0.0935,0.2268,0.936,-14.4805,-29.041,15.9023,other
184531,0.0157,0.2052,0.9204,-13.6777,-31.625,12.8613,other
184554,-0.0388,0.229,0.9989,-12.4668,-36.8789,12.3965,other
184577,0.1556,0.1688,1.0225,-11.584,-48.0254,13.4062,other
184600,0.3014,0.1824,1.0327,-11.5176,-55.9668,14.7227,other
184623,0.2559,0.3478,0.9565,-12.5586,-64.0,16.8184,other
184646,0.1571,0.5408,0.8669,-13.9766,-64.0,17.998,other
184669,0.0505,0.6173,0.8683,-16.6133,-64.0,19.2129,other
184692,0.1296,0.4875,0.9396,-18.832,-63.0508,19.4043,other
184715,0.2732,0.3986,0.9161,-19.7285,-55.4707,18.6074,other
184738,0.228,0.2771,0.785,-20.4375,-41.0117,15.4727,other
184761,0.0801,0.2587,0.7789,-20.9414,-30.4453,12.0547,other
184784,0.0104,0.2954,0.8427,-22.3945,-14.875,5.6074,other
184807,0.1124,0.2861,0.8354,-24.5664,-0.8164,-1.2715,other
184830,0.1416,0.3275,0.9336,-25.9707,7.3926,-5.5996,other
184853,0.165,0.4084,1.0363,-27.1602,17.666,-11.2168,other
184876,0.1486,0.4381,1.0392,-27.0371,22.9707,-14.0977,other
184899,-0.0042,0.4597,0.9459,-25.6211,28.1875,-16.584,other
184922,0.0223,0.3629,0.8652,-24.3301,29.8281,-16.4004,other
184945,0.0597,0.2427,0.8046,-22.9531,28.9688,-14.8574,other
184968,0.1256,0.1947,0.8876,-23.1367,25.0938,-11.1738,other
184991,0.1534,0.2295,1.0088,-24.1348,21.2051,-8.4668,other
185014,0.1753,0.2412,1.0251,-26.2656,14.5195,-5.0977,other
185037,0.0946,0.2697,0.9922,-27.6719,10.2129,-3.6699,other
185060,0.0361,0.2377,0.9434,-29.3379,4.9219,-2.7285,other
185083,0.0411,0.2377,0.9624,-30.3672,1.5137,-2.627,other
185106,0.0616,0.2172,0.9249,-30.7188,0.2754,-2.6855,other
185129,0.0574,0.2019,0.9,-30.7715,-0.3691,-2.6973,other
185152,0.0935,0.1951,0.9589,-30.4492,-0.2754,-2.6406,other
185175,0.0907,0.238,1.0273,-29.1836,0.1621,-2.5684,other
185198,0.0485,0.2401,0.9941,-26.6934,0.5977,-2.6953,other
185221,0.1434,0.2118,0.9003,-24.4063,0.8105,-2.9336,other
185244,0.1417,0.3007,0.8956,-20.4668,0.9688,-3.5,other
185267,0.0183,0.4,0.9242,-17.6992,0.9238,-3.9355,other
185290,-0.0049,0.4139,0.9709,-13.2715,0.5703,-4.4902,other
185313,0.1478,0.3745,0.9507,-8.459,-0.2773,-4.9668,other
185336,0.0603,0.3662,0.8779,-4.2637,-1.3574,-5.459,other
185359,0.0001,0.3534,0.8091,2.3867,-4.3711,-6.8379,other
185382,0.2123,0.3948,1.097,7.5469,-7.6504,-8.4121,other
185405,0.2587,0.4082,1.0876,17.0527,-14.8242,-12.3105,other
185428,0.2034,0.3346,0.9729,24.7832,-21.1016,-16.1621,other
185451,0.0695,0.3409,0.9227,37.959,-32.1875,-23.6387,other
185474,0.0532,0.3523,1.056,51.6563,-43.6504,-32.502,other
185497,0.1902,0.2203,1.1267,60.3184,-50.1914,-39.0098,other
185520,0.5248,0.2225,1.2345,63.998,-56.1543,-49.9629,other
185543,0.5511,0.1853,1.1781,63.998,-56.332,-58.2246,other
185566,0.2236,0.1027,0.7534,63.998,-49.2559,-64.0,other
185589,-0.1643,0.0927,0.4142,63.998,-32.875,-64.0,other
185612,-0.2051,-0.0524,0.0464,63.998,-17.5137,-64.0,other
185635,-0.0015,0.0007,-0.2366,54.377,9.498,-64.0,other
185658,-0.2346,0.6952,0.4509,39.5488,28.1699,-64.0,other
185681,-0.2819,1.9844,2.2756,19.6426,54.0566,-47.4316,other
185704,-0.1877,1.1847,0.076,8.4023,63.998,-21.2031,other
185727,-0.1143,1.0505,0.8118,6.4082,63.998,-3.9766,other
185750,-0.147,0.6278,0.6497,10.0625,63.998,17.625,other
185773,-0.0177,0.448,0.8435,15.7969,63.998,27.4355,other
185796,0.0015,0.3192,0.921,27.5371,63.998,33.4512,other
185819,-0.0746,0.3231,0.8838,36.2344,60.8066,31.5762,other
185842,-0.035,0.3149,0.825,48.0957,41.2598,21.6328,other
185865,0.0236,0.3508,0.7705,55.7383,21.9375,6.8066,other
185888,-0.1876,0.3932,0.4687,57.3262,11.1387,-3.4922,other
185911,-0.2947,0.9635,0.5558,53.3906,0.3867,-16.291,other
185934,-0.0837,1.2515,0.4581,46.457,-2.8906,-21.6055,other
185957,0.0017,0.9371,0.5897,30.7383,-3.627,-23.6895,other
185980,-0.1715,0.8534,0.4189,12.2148,-2.0176,-19.5371,other
186003,-0.3157,0.7477,0.4917,0.9277,-0.584,-14.5391,other
186026,-0.4259,0.5664,0.5605,-10.918,1.5176,-6.0977,other
186049,0.2284,0.1606,1.1235,-14.2285,2.6562,-1.3457,other
186072,0.1206,0.0995,1.1744,-12.1035,3.5449,2.0449,other
186095,0.6556,0.3085,1.2151,-3.998,3.5312,-0.0977,other
186118,-0.3444,0.8545,0.177,2.0703,3.5527,-3.6543,other
186141,-1.0231,1.5261,-0.2363,7.334,4.9453,-8.2891,other
186164,-0.2783,1.3903,0.1846,6.4277,7.1289,-8.623,other
186187,-0.6045,1.1136,0.1725,-1.043,10.9883,-3.9121,other
186210,0.364,0.3649,1.1086,-7.8555,12.5996,4.3926,other
186233,0.1639,-0.1484,1.2277,-15.8047,11.5762,8.3164,other
186256,0.2532,-0.0521,1.2742,-17.334,5.6875,9.8594,other
186279,0.5227,0.5397,1.0961,-14.8184,-0.3281,7.3652,other
186302,0.1942,0.9624,0.3379,-8.5059,-10.377,0.4395,other
186325,-1.2777,1.4573,-0.155,-4.8789,-16.3125,-3.9062,other
186348,-0.1635,1.2159,0.3651,-3.1973,-22.2188,-5.9727,other
186371,-0.2216,0.7985,0.7377,-5.7461,-24.7949,-1.6074,other
186394,0.2604,0.2444,1.111,-8.0664,-25.5352,3.3691,other
186417,-0.075,0.2667,1.0344,-9.7227,-26.0391,10.1074,other
186440,0.0673,0.4403,1.0654,-9.0254,-25.9648,12.3516,other
186463,-0.3386,0.686,1.0372,-6.1309,-24.8203,11.002,other
186486,-0.4182,0.5751,0.5315,-3.625,-21.7109,4.4473,other
186509,-0.2277,0.446,0.4663,-3.8887,-18.2871,-2.1348,other
186532,0.1031,0.2675,0.6439,-8.5566,-11.3398,-14.6055,other
186555,0.1652,0.0405,0.4698,-14.1348,-5.9863,-24.3203,other
186578,0.1257,0.0398,0.2319,-24.041,2.0039,-39.5977,other
186601,-0.325,0.7268,0.8596,-29.8555,6.7266,-52.5039,other
186624,-0.2396,1.6216,1.1368,-33.8555,12.3965,-57.7402,other
186647,-0.251,1.2271,0.4513,-29.9902,15.9785,-58.748,other
186670,-0.2129,0.9637,0.4729,-23.5977,16.9785,-54.8848,other
186693,-0.344,0.7694,0.5667,-10.3379,16.6133,-43.875,other
186716,-0.1594,0.7379,0.7074,-0.2793,15.4102,-34.5078,other
186739,-0.1377,0.7233,0.63,14.3203,12.3574,-20.168,other
186762,-0.2706,0.7875,0.6791,25.0879,7.7793,-8.2227,other
186785,-0.2554,0.7588,0.7665,28.6094,3.9941,-2.5273,other
186808,-0.1691,0.5822,0.7314,27.3672,-2.4336,2.0918,other
186831,-0.1322,0.2256,0.5317,22.3398,-7.0996,2.5957,other
186854,-0.1139,0.1156,0.4285,10.043,-14.7109,0.0703,other
186877,0.0544,0.1919,0.5686,-4.3555,-22.8496,-5.1465,other
186900,0.0479,0.3203,0.7375,-12.498,-28.2227,-9.2227,other
186923,0.0684,0.4186,0.7734,-18.8477,-35.6777,-14.4473,other
186946,-0.1753,0.5664,0.8221,-17.9531,-40.1367,-16.1035,other
186969,-0.2021,0.5806,0.6429,-9.0859,-46.0684,-13.9902,other
186992,-0.1841,0.6273,0.6134,0.5547,-49.4355,-5.6816,other
187015,-0.1471,0.6422,0.6543,17.3535,-53.3691,2.5977,other
187038,0.0568,0.652,0.8013,32.9805,-55.8711,16.6563,other
187061,0.0771,0.8563,0.8019,40.834,-56.9102,25.4004,other
187084,0.0138,0.7926,0.6371,46.3496,-57.9121,35.1641,other
187107,-0.0076,0.5411,0.7438,44.748,-58.3145,38.6426,other
187130,-0.1935,0.4398,0.7546,33.6797,-58.3203,39.0293,other
187153,0.1228,0.3796,0.79,13.1855,-56.7734,33.9805,other
187176,0.0328,0.4255,0.8815,-4.4414,-54.4141,27.8145,other
187199,0.3151,0.6106,0.895,-34.2148,-48.7344,15.1016,other
187222,-0.1725,0.7098,0.8516,-54.5723,-43.6914,5.1895,other
187245,-0.2385,0.6304,0.8212,-64.0,-34.7324,-9.5859,other
187268,-0.2169,0.4772,0.8235,-64.0,-24.5352,-21.7285,other
187291,-0.0121,0.4471,0.8298,-64.0,-17.1582,-27.7734,other
187314,-0.0464,0.6339,0.7858,-64.0,-5.334,-34.291,other
187337,-0.0231,0.6294,0.7848,-64.0,2.8437,-37.4141,other
187360,-0.0077,0.524,0.783,-64.0,14.6992,-40.5391,other
187383,-0.1027,0.4963,0.7657,-64.0,24.6094,-41.3242,other
187406,-0.1107,0.3706,0.7733,-61.2734,29.3945,-40.1211,other
187429,-0.1464,0.3271,0.8612,-39.7129,33.4219,-35.3945,other
187452,-0.0848,0.5087,0.9132,-27.457,34.1992,-30.5039,other
187475,-0.2683,0.4121,0.8998,-14.1406,33.707,-21.5957,other
187498,-0.2264,0.3719,0.8529,-9.127,33.1953,-15.3535,other
187521,-0.1022,0.3417,0.9331,-7.0371,33.4961,-6.8633,other
187544,0.0095,0.2653,0.9032,-9.9336,35.7734,-0.8613,other
187567,-0.0132,0.4318,0.8165,-13.6562,38.1172,1.4238,other
187590,-0.3831,0.5878,0.7719,-20.666,41.2324,3.0508,other
187613,-0.2253,0.4417,0.8911,-25.6445,41.7637,3.9258,other
187636,0.0566,0.3397,0.8944,-32.4082,38.3555,6.4375,other
187659,0.0135,0.3425,0.9093,-36.9902,29.0254,10.9961,other
187682,-0.1069,0.3923,0.9124,-38.2871,19.8203,15.1172,other
187705,-0.219,0.4575,0.9122,-37.332,2.9785,22.6016,other
187728,-0.0339,0.4448,0.9675,-34.9648,-9.1543,28.0879,other
187751,-0.0195,0.4214,0.9917,-29.6816,-26.7695,36.0078,other
187774,0.0049,0.4036,0.9747,-25.7363,-41.8008,42.207,other
187797,-0.0742,0.3333,0.8809,-20.6699,-49.6504,44.8594,other
187820,-0.0002,0.2477,0.8401,-18.248,-57.5254,46.2734,other
187843,0.0725,0.2551,0.9091,-18.584,-59.8848,45.3926,other
187866,0.0929,0.298,0.9969,-21.6953,-58.6465,41.1992,other
187889,0.0802,0.3206,0.9906,-24.8965,-54.5781,36.5898,other
187912,-0.0042,0.3425,0.9778,-30.2422,-44.1738,27.6934,other
187935,-0.0297,0.2715,0.9335,-35.3203,-30.3125,17.9727,other
187958,0.0369,0.2345,0.9595,-38.3359,-20.5078,11.9746,other
187981,0.0541,0.1901,0.9464,-42.2617,-7.0605,4.7363,other
188004,0.1045,0.1665,0.9816,-44.5059,0.0742,1.4121,other
188027,-0.0038,0.2037,0.9907,-47.2734,6.9492,-1.125,other
188050,0.0105,0.2212,0.9988,-49.127,8.8437,-0.793,other
188073,0.0399,0.1722,0.9586,-49.7539,7.4473,0.8164,other
188096,0.1008,0.1339,0.9589,-49.7871,1.9609,4.6602,other
188119,0.1084,0.1107,1.0046,-49.2617,-3.3477,7.668,other
188142,0.1372,0.166,1.11,-47.7305,-12.3691,11.9863,other
188165,0.1117,0.2235,1.1583,-45.25,-20.7734,15.2754,other
188188,0.1075,0.2031,1.0562,-43.6406,-25.1563,16.6719,other
188211,0.1112,0.0769,0.9906,-41.4883,-29.3574,17.6367,other
188234,0.123,0.0558,1.0177,-40.8984,-30.6602,17.6973,other
188257,0.1283,0.066,1.0527,-41.6035,-30.5137,17.1035,other
188280,0.1521,0.0874,1.162,-42.8164,-28.9297,16.1953,other
188303,0.2205,0.0693,1.2269,-44.5762,-24.082,13.7891,other
188326,0.1886,0.0371,1.1326,-44.9395,-16.4043,9.9551,other
188349,0.0862,0.0168,1.0642,-44.1367,-10.1836,6.7949,bite
188372,0.0521,0.0159,1.0547,-41.6094,-0.3027,1.875,bite
188395,0.0789,0.0551,1.0831,-39.2402,6.0449,-1.1152,bite
188418,0.0952,0.056,1.1206,-34.7891,14.4922,-4.8555,bite
188441,0.058,0.0742,1.1155,-29.4258,21.1855,-7.748,bite
188464,-0.0046,0.0221,0.9839,-25.7109,24.5957,-9.2305,bite
188487,-0.0231,-0.0459,0.8635,-20.9883,28.2129,-10.6719,bite
188510,-0.0275,-0.0868,0.8325,-18.9863,29.7285,-11.0605,bite
188533,-0.01,-0.0972,0.7936,-18.0156,30.8789,-10.9082,bite
188556,-0.0297,-0.1182,0.7421,-18.9473,30.8262,-10.2246,bite
188579,-0.0936,-0.1053,0.733,-19.7793,30.0332,-9.623,bite
188602,-0.1062,-0.0903,0.7407,-20.6992,27.4746,-8.5215,bite
188625,-0.0278,-0.1058,0.774,-20.5703,24.7871,-7.6367,bite
188648,0.028,-0.0686,0.8317,-18.9238,19.2891,-6.1426,bite
188671,0.0404,-0.0427,0.8961,-16.8457,14.7363,-5.0977,bite
188694,0.0537,-0.0237,1.0024,-12.4199,6.9258,-3.4746,bite
188717,0.0962,-0.0007,1.0984,-6.8086,-1.4688,-1.6699,bite
188740,0.1461,0.0239,1.1331,-2.7051,-7.0117,-0.3262,bite
188763,0.1316,0.0415,1.15,3.3906,-14.6562,1.8457,bite
188786,0.1071,0.0439,1.193,7.0391,-18.9512,3.3496,bite
188809,0.1343,0.0425,1.1859,11.3984,-23.6523,5.5898,bite
188832,0.1191,0.0605,1.1519,14.1133,-25.8359,7.6289,bite
188855,0.0807,0.079,1.1534,14.9531,-25.7871,8.7852,bite
188878,0.0785,0.0695,1.1554,14.8516,-23.5859,10.1895,bite
188901,0.0936,0.0663,1.1808,13.9687,-20.9414,10.9258,bite
188924,0.1176,0.0128,1.1498,11.5098,-15.8574,11.7617,bite
188947,0.1155,-0.0109,1.0991,7.625,-10.3516,12.3125,bite
188970,0.0588,-0.0012,1.1086,4.2402,-6.8984,12.5488,bite
188993,0.0757,0.0214,1.1891,-1.6621,-2.4258,12.748,bite
189016,0.0879,0.0276,1.2456,-5.7402,0.0215,12.7676,bite
189039,0.1218,-0.0303,1.2031,-11.4648,2.8848,12.6348,bite
189062,0.1033,-0.077,1.0858,-14.9355,4.2207,12.5293,bite
189085,0.0637,-0.0502,1.1356,-19.8965,5.2734,12.7187,bite
189108,0.0508,-0.0342,1.1898,-24.7383,5.2656,13.834,bite
189131,0.1024,-0.0396,1.1825,-27.7949,4.8594,15.2402,bite
189154,0.0756,-0.0638,1.162,-32.0,3.9648,18.2969,bite
189177,0.0389,-0.1509,1.0222,-34.6895,3.2812,20.9043,bite
189200,0.1072,-0.2365,1.001,-39.0449,2.1777,25.582,bite
189223,0.1521,-0.2206,1.0491,-43.9844,1.0664,30.8828,bite
189246,0.108,-0.2026,1.0521,-47.2969,0.4395,34.4961,bite
189269,0.0591,-0.2455,0.9869,-51.5625,-0.0996,39.7461,bite
189292,0.0929,-0.2856,0.9097,-53.6406,-0.125,43.0742,bite
189315,0.0977,-0.3347,0.8782,-55.3926,0.2344,47.7246,bite
189338,0.1305,-0.29,0.9342,-55.375,0.8203,51.7949,bite
189361,0.1324,-0.2513,0.9565,-54.3281,1.2363,54.0898,bite
189384,0.0236,-0.2849,0.8218,-51.4102,1.7578,56.9453,bite
189407,0.033,-0.3461,0.7905,-48.9375,1.9297,58.6152,bite
189430,0.1005,-0.3275,0.8331,-45.166,1.7461,60.9746,bite
189453,0.1259,-0.2877,0.9176,-42.8633,1.2656,63.4082,bite
189476,0.0507,-0.2864,0.942,-39.8203,0.043,63.998,bite
189499,0.0394,-0.3483,0.8981,-37.2188,-1.498,63.998,bite
189522,0.0574,-0.3278,0.9531,-35.6973,-2.459,63.998,bite
189545,0.0385,-0.2672,1.0497,-33.5977,-3.4121,63.998,bite
189568,0.0319,-0.2749,1.0524,-32.2305,-3.5527,63.998,bite
189591,0.0016,-0.2985,0.9814,-30.2559,-2.957,63.998,bite
189614,-0.0723,-0.332,0.9348,-28.7051,-1.582,63.998,bite
189637,-0.098,-0.2968,1.0537,-28.0742,-0.4043,63.998,bite
189660,-0.0557,-0.2675,1.1129,-27.709,1.4961,63.998,bite
189683,-0.0558,-0.2942,1.0627,-27.7539,2.6953,63.998,bite
189706,-0.0797,-0.3568,0.9952,-28.2207,4.1387,63.0547,bite
189729,-0.0884,-0.3317,1.0247,-29.2617,4.9902,60.3672,bite
189752,-0.0735,-0.3994,0.9498,-30.2148,5.1875,57.916,bite
189775,-0.085,-0.3784,0.9783,-31.6836,4.8906,53.3164,bite
189798,-0.0951,-0.3431,1.0426,-32.3379,4.3086,49.7422,bite
189821,0.0347,-0.4146,0.9873,-32.2363,2.8613,43.9141,bite
189844,0.0963,-0.4467,0.9399,-31.2676,1.4805,37.9492,bite
189867,-0.1022,-0.3728,1.0159,-28.4082,-1.2559,34.207,bite
189890,-0.0507,-0.3354,1.1354,-23.916,-4.6875,29.5684,bite
189913,0.0057,-0.3408,1.0347,-20.1445,-7.2168,27.3281,bite
189936,-0.0208,-0.4121,0.9215,-13.9062,-10.9355,25.0938,bite
189959,-0.0587,-0.4146,1.0555,-9.791,-13.0117,24.082,bite
189982,-0.0409,-0.389,1.0354,-4.0332,-14.9531,22.7441,bite
190005,-0.0736,-0.3683,0.9897,1.127,-15.002,21.0039,bite
190028,-0.1023,-0.3101,1.0427,4.1914,-13.8984,19.3613,bite
190051,-0.093,-0.3182,1.0513,8.1953,-10.709,16.0293,bite
190074,0.0144,-0.4702,0.9058,10.416,-7.791,13.2715,bite
190097,0.0476,-0.442,1.026,12.9629,-2.8203,8.5332,bite
190120,-0.0327,-0.3052,1.0238,14.8633,2.0723,3.5039,bite
190143,-0.1047,-0.1713,0.9886,16.1035,4.9863,0.3496,bite
190166,-0.0803,-0.1987,1.0435,18.4766,8.6719,-3.5566,bite
190189,-0.0873,-0.2548,1.0111,20.7051,10.6777,-5.4531,bite
190212,-0.0859,-0.3265,0.9843,25.2168,13.0137,-7.207,bite
190235,-0.0179,-0.3922,1.0171,28.7793,14.0137,-7.7734,bite
190258,-0.0199,-0.364,1.0356,34.1133,14.4687,-7.666,bite
190281,-0.0433,-0.2682,1.0129,38.5117,13.7344,-7.2168,bite
190304,-0.0692,-0.1746,1.0171,40.7422,12.7871,-7.0449,bite
190327,-0.0919,-0.1234,1.0002,43.3887,11.1797,-7.5195,bite
190350,-0.082,-0.111,1.02,45.0449,10.2207,-8.4941,other
190373,-0.0715,-0.1223,1.0422,47.8633,9.0918,-10.7969,other
190396,-0.0814,-0.0934,1.0431,51.3066,8.2539,-13.4941,other
190419,-0.0896,-0.0757,0.9991,53.8887,7.7617,-15.1367,other
190442,-0.0791,0.0173,1.0282,57.8262,6.8711,-16.9629,other
190465,-0.111,0.0988,1.0222,60.1875,5.998,-17.6328,other
190488,-0.0862,0.1001,1.0248,62.7988,4.0996,-17.7891,other
190511,-0.0366,0.0188,1.0424,63.8477,1.4531,-17.0996,other
190534,-0.0149,-0.0443,1.0316,63.582,-0.6973,-16.3359,other
190557,-0.035,-0.0004,1.0391,61.7617,-4.2969,-15.0566,other
190580,-0.0493,0.0428,1.0288,59.6387,-6.7227,-14.3086,other
190603,-0.0532,0.0272,1.0021,55.1387,-9.9414,-13.6035,other
190626,-0.0165,-0.016,1.0294,51.2969,-12.1895,-13.5723,other
190649,-0.0471,0.0129,0.9935,44.3789,-12.9824,-13.9492,other
190672,-0.0759,0.127,0.9857,36.2754,-13.041,-14.9785,other
190695,-0.0956,0.1879,0.9886,30.4023,-12.3711,-15.8379,other
190718,-0.0955,0.1807,0.9833,21.3398,-10.5488,-17.1094,other
190741,-0.1641,0.2104,0.9812,15.4199,-9.0156,-17.7969,other
190764,-0.1078,0.1282,0.9465,7.0977,-6.6816,-18.4648,other
190787,-0.1078,0.0579,0.8964,-0.3242,-4.8301,-18.8945,other
190810,-0.1617,0.028,0.8638,-4.7187,-4.0801,-19.2773,other
190833,-0.1226,0.0341,0.9065,-10.4004,-3.8516,-20.3926,other
190856,-0.1328,0.0042,0.8778,-13.4805,-4.3418,-21.6875,other
190879,-0.0311,0.0071,1.0024,-16.8867,-6.0547,-24.6543,other
190902,0.0702,-0.0188,1.0579,-18.6855,-8.8535,-28.8496,other
190925,0.0442,-0.0636,1.035,-19.0527,-11.2383,-32.1445,other
190948,0.0422,-0.0897,1.0281,-18.8184,-15.3711,-37.1523,other
190971,0.0957,-0.0909,1.057,-18.4609,-18.291,-40.0684,other
190994,0.1393,-0.0588,1.1313,-17.875,-22.4414,-43.291,other
191017,0.1366,-0.076,1.1072,-17.3984,-25.6563,-44.9375,other
191040,0.0762,-0.0798,1.0735,-16.4277,-26.9766,-45.1348,other
191063,0.0474,-0.0975,0.9923,-15.1914,-27.4727,-44.0566,other
191086,0.0109,-0.092,0.8856,-14.2832,-26.7773,-42.4902,other
191109,0.0322,-0.048,0.9025,-12.6855,-24.2344,-39.3223,other
191132,0.0573,-0.0286,0.8683,-11.1797,-21.5801,-37.168,other
191155,-0.0458,-0.0317,0.755,-7.625,-16.2852,-34.9141,other
191178,-0.1112,-0.0428,0.6519,-2.0684,-9.6348,-34.8066,other
191201,-0.1611,-0.0702,0.6077,2.7949,-4.5898,-36.2637,other
191224,-0.0859,-0.0231,0.7534,11.8809,3.6465,-41.0586,other
191247,-0.0283,0.1467,1.0194,19.3379,9.4297,-46.1367,other
191270,-0.0204,0.1229,1.0759,32.9355,18.1699,-56.4961,other
191293,-0.1455,0.1256,0.9027,48.498,26.1133,-64.0,other
191316,-0.2709,0.2344,0.9517,58.5684,30.3418,-64.0,other
191339,-0.2769,0.4025,1.178,63.998,34.3906,-64.0,other
191362,-0.3335,0.3468,1.1233,63.998,35.5547,-64.0,other
191385,-0.3348,0.2932,1.0833,63.998,35.709,-64.0,other
191408,-0.2814,0.3329,1.0988,63.998,34.8906,-64.0,other
191431,-0.2812,0.3696,1.0493,63.998,34.1133,-64.0,other
191454,-0.2692,0.2891,0.9329,63.9961,32.9434,-64.0,other
191477,-0.3325,0.1508,0.7803,55.8477,32.3613,-64.0,other
191500,-0.3597,0.2307,0.8774,42.6953,32.0234,-64.0,other
191523,-0.2511,0.4874,1.2148,34.5645,32.1875,-64.0,other
191546,-0.1241,0.6115,1.5922,26.1543,32.7051,-58.4063,other
191569,-0.2174,0.4044,1.1307,24.8691,32.6816,-51.8672,other
191592,-0.4753,0.259,0.5554,27.4785,31.9707,-47.8184,other
191615,-0.6208,0.212,0.7969,32.7402,29.8125,-41.4297,other
191638,-0.54,0.3322,1.125,35.0332,27.8184,-36.5332,other
191661,-0.3899,0.2662,1.025,34.957,23.957,-28.3145,other
191684,-0.2693,0.229,0.8855,29.9883,18.6582,-20.168,other
191707,-0.3196,0.1721,0.8917,23.8926,14.207,-15.4766,other
191730,-0.3577,0.1752,0.9397,11.2988,6.4238,-10.0371,other
191753,-0.3158,0.1554,0.9431,1.5059,0.8848,-7.4238,other
191776,-0.2515,0.1403,0.9623,-13.3672,-7.0723,-4.7051,other
191799,-0.243,0.202,0.9861,-26.2871,-13.6309,-2.9863,other
191822,-0.2544,0.204,0.9668,-32.8691,-16.9004,-2.1055,other
191845,-0.2754,0.1996,0.9214,-38.8457,-20.0,-0.7617,other
191868,-0.3571,0.254,0.9248,-40.0,-20.8418,0.3203,other
191891,-0.4138,0.2958,0.9412,-37.4668,-20.2148,2.3457,other
191914,-0.3695,0.3202,0.9404,-33.166,-18.5273,3.9082,other
191937,-0.3409,0.3011,0.9091,-23.7148,-14.3027,6.1699,other
191960,-0.3516,0.2621,0.858,-12.5234,-8.7461,7.6992,other
191983,-0.3347,0.2631,0.8988,-5.3047,-4.8613,8.0723,other
192006,-0.323,0.2388,0.9121,3.6641,0.3633,7.5547,other
192029,-0.3105,0.2117,0.9174,7.8926,3.0508,6.5332,other
192052,-0.3,0.2097,0.9059,11.3691,5.5273,4.2207,other
192075,-0.3115,0.2101,0.9019,11.7559,6.1211,1.4336,other
192098,-0.3068,0.2209,0.9152,10.709,5.6367,-0.3945,other
192121,-0.3026,0.2174,0.9292,7.9648,3.9883,-2.6914,other
192144,-0.296,0.2198,0.9092,5.793,2.5352,-3.7695,other
192167,-0.327,0.2302,0.8773,2.6152,0.2539,-4.5625,other
192190,-0.348,0.2373,0.8721,0.0098,-1.6816,-4.3437,other
192213,-0.3276,0.2682,0.8898,-1.2344,-2.5898,-3.6895,other
192236,-0.3176,0.2766,0.9113,-2.2227,-3.2754,-2.1758,other
192259,-0.3231,0.2889,0.9478,-2.2969,-3.3281,-0.9961,other
192282,-0.3138,0.275,0.9434,-1.7031,-2.9824,0.7344,other
192305,-0.313,0.2565,0.9102,-1.043,-2.5996,2.2246,other
192328,-0.3134,0.2975,0.9342,-0.0762,-1.9648,2.7949,other
192351,-0.322,0.2921,0.925,0.5215,-1.3379,3.2637,other
192374,-0.3151,0.2817,0.9645,0.6172,-0.918,3.2402,other
192397,-0.3195,0.2281,0.9324,0.1953,-0.2539,2.7695,other
192420,-0.3899,0.1794,0.7778,-0.5684,0.2383,2.2363,other
192443,-0.3853,0.2325,0.764,-2.623,1.1543,1.2754,other
192466,-0.3978,0.2888,0.8204,-5.5488,2.4023,0.291,other
192489,-0.4415,0.3281,0.8999,-7.5059,3.418,-0.3496,other
192512,-0.4369,0.317,0.8944,-9.5391,5.123,-1.3105,other
192535,-0.3737,0.2463,0.8784,-10.0137,6.2285,-2.0195,other
192558,-0.2704,0.2074,0.895,-9.5918,7.3789,-3.4375,other
192581,-0.245,0.2311,0.8971,-8.5254,7.3281,-5.584,other
192604,-0.303,0.2234,0.8931,-7.7832,6.4961,-7.4316,other
192627,-0.316,0.194,0.9539,-6.7656,4.3437,-10.4629,other
192650,-0.2562,0.1813,0.9672,-6.1152,2.5996,-12.3242,other
192673,-0.2543,0.1935,0.9546,-5.1758,-0.0234,-14.3242,other
192696,-0.2634,0.2302,1.0039,-4.6445,-1.5527,-14.8379,other
192719,-0.2762,0.22,0.9929,-4.0937,-3.2344,-14.1562,other
192742,-0.3552,0.1843,0.912,-3.8984,-3.9629,-11.5371,other
192765,-0.3811,0.2094,0.8749,-4.0098,-3.8516,-8.8223,other
192788,-0.4165,0.2585,0.869,-4.4258,-2.7402,-3.6895,other
192811,-0.4281,0.2539,0.9042,-4.6152,-1.3965,0.0645,other
192834,-0.376,0.2501,0.8058,-4.2109,1.3652,5.4043,other
192857,-0.4045,0.2303,0.7423,-2.6211,4.6797,9.4687,other
192880,-0.3728,0.2889,0.8429,-0.9336,6.9727,11.125,other
192903,-0.313,0.3081,0.926,2.3594,10.1152,11.9004,other
192926,-0.326,0.2748,0.8743,4.8848,11.7187,11.3809,other
192949,-0.4255,0.2511,0.8604,8.5957,12.9453,9.5215,other
192972,-0.3911,0.3025,0.9124,11.3809,12.5547,7.2617,other
192995,-0.3712,0.3137,0.8895,12.4297,11.457,6.002,other
193018,-0.3895,0.3118,0.8286,12.7227,8.9414,4.8574,other
193041,-0.4216,0.3018,0.7947,12.2227,7.0586,4.5977,other
193064,-0.4052,0.3129,0.8474,10.9453,4.6426,4.7168,other
193087,-0.3278,0.3297,0.9045,10.0586,3.0684,5.0566,other
193110,-0.3049,0.2834,0.8636,8.9199,2.7305,5.2539,other
193133,-0.3833,0.2224,0.8352,7.7344,2.3926,5.4707,other
193156,-0.4314,0.2041,0.8401,6.6641,2.209,5.6504,other
193179,-0.3738,0.2443,0.8882,4.498,1.8145,6.1055,other
193202,-0.418,0.2089,0.9331,2.7773,1.4375,6.4648,other
193225,-0.3519,0.1403,0.8832,0.041,0.7598,6.7539,other
193248,-0.2577,0.1216,0.8394,-2.8359,0.2324,6.2754,other
193271,-0.2633,0.1953,0.7267,-4.9219,0.2227,5.3906,other
193294,-0.3904,0.2909,0.611,-8.332,1.2852,3.4512,other
193317,-0.5651,0.3154,0.7006,-10.4687,3.2363,2.0781,other
193340,-0.4521,0.483,0.9923,-11.9492,9.459,0.1289,other
193363,-0.3427,0.5541,0.9532,-9.166,21.1426,-2.2559,other
193386,-0.6641,0.5291,0.7083,-4.5449,32.1211,-4.3223,other
193409,-0.8379,0.4789,0.6198,5.1016,52.2793,-7.4961,other
193432,-0.7552,0.4647,0.7007,12.043,63.998,-9.0723,other
193455,-0.683,0.3929,0.6434,21.3594,63.998,-10.2266,other
193478,-0.8058,0.365,0.5093,26.0645,63.998,-10.3516,other
193501,-0.6636,0.3296,0.4922,30.0098,63.998,-10.3047,other
193524,-0.6086,0.2628,0.4644,30.0527,63.998,-10.8184,other
193547,-0.5493,0.2382,0.519,28.2891,63.998,-11.8594,other
193570,-0.5668,0.2434,0.6251,24.1465,63.998,-14.4219,other
193593,-0.632,0.2996,0.5475,21.2656,63.998,-16.3984,other
193616,-0.7599,0.3169,0.4503,18.1152,63.998,-18.627,other
193639,-0.6952,0.4084,0.5656,17.4492,50.2344,-18.6445,other
193662,-0.6786,0.5575,0.9323,18.7012,40.9141,-17.0645,other
193685,-0.5411,0.3934,0.4733,22.7695,31.6699,-12.3164,other
193708,-0.6173,0.4393,0.6677,26.0859,28.7305,-7.6699,other
193731,-0.8344,0.5551,0.4819,30.0176,28.1836,1.4375,other
193754,0.0543,0.6852,0.8679,30.6094,30.4355,12.7598,other
193777,-1.2424,0.5592,0.4054,28.1309,32.3301,21.1934,other
193800,-0.5559,0.7278,0.399,18.5527,34.0762,35.1582,other
193823,-1.0117,0.5127,-0.0039,7.9316,34.0273,45.0996,other
193846,-0.9078,0.584,0.1327,-13.123,31.9941,59.9648,other
193869,-0.9584,0.573,0.3755,-28.6797,28.0781,63.998,other
193892,-0.9386,0.5619,0.4817,-49.7324,24.8457,63.998,other
193915,-0.7347,0.4683,0.5018,-63.1191,19.8438,63.998,other
193938,-0.7489,0.2886,0.3966,-64.0,16.7598,63.998,other
193961,-0.6151,0.1616,0.3677,-62.5059,12.7305,58.4043,other
193984,-0.4365,0.0795,0.4215,-55.3613,10.498,41.7852,other
194007,-0.385,0.1208,0.3926,-39.9863,8.1758,11.0371,other
194030,-0.5254,0.2482,0.3058,-21.4824,7.9922,-21.8672,other
194053,-0.7769,0.3969,0.2638,-8.3887,9.5605,-41.7305,other
194076,-0.8121,0.5321,0.4181,11.5684,14.6094,-63.6816,other
194099,-0.764,0.6553,0.9341,24.8242,19.3867,-64.0,other
194122,-0.7827,0.6765,0.8351,43.8555,27.4336,-64.0,other
194145,-0.7401,0.498,0.2891,59.0957,34.916,-59.4609,other
194168,-0.5566,0.4359,0.1366,63.998,38.7246,-47.0684,other
194191,-0.4716,0.51,0.3408,63.8398,41.7598,-25.1484,other
194214,-0.9379,0.6804,0.6061,56.8457,41.8008,-10.0449,other
194237,-0.5509,0.7893,0.2142,38.7383,39.0469,11.4766,other
194260,-0.658,0.6356,0.3433,14.6738,33.4844,30.0859,other
194283,-0.8722,0.5099,-0.2007,-2.7617,28.5098,40.2891,other
194306,-0.7723,0.5891,0.0507,-28.5723,19.6426,51.959,other
194329,-0.9542,0.6172,0.0874,-43.5898,13.2187,57.0957,other
194352,-0.8408,0.5895,0.1927,-59.5625,3.5664,60.2031,other
194375,-0.7664,0.4933,0.153,-64.0,-2.4961,58.6934,other
194398,-0.7256,0.4424,0.1956,-62.2168,-10.6055,50.334,other
194421,-0.5944,0.3954,0.3046,-49.2949,-17.3789,34.7363,other
194444,-0.5055,0.3452,0.4413,-35.8477,-21.1504,21.0156,other
194467,-0.4968,0.3464,0.5074,-10.8125,-25.6563,-2.3965,other
194490,-0.491,0.3318,0.593,7.457,-27.8184,-18.1348,other
194513,-0.5374,0.3964,0.6256,34.1348,-29.5938,-38.5566,other
194536,-0.9912,0.6604,0.6581,56.2754,-29.2148,-51.498,other
194559,-0.7467,0.6254,0.4125,63.998,-27.5762,-54.7051,other
194582,-0.4753,0.6261,0.765,63.998,-23.2441,-51.5117,other
194605,-0.4016,0.7308,0.7932,63.998,-19.6191,-44.9121,other
194628,-0.4934,0.6183,0.6338,60.5254,-14.2402,-30.0547,other
194651,-0.9124,0.4578,-0.0699,38.4004,-10.4883,-10.5371,other
194674,-1.0753,0.5686,-0.2554,18.832,-9.4551,4.6328,other
194697,-0.8237,0.6937,0.2134,-14.1895,-9.8027,28.8711,other
194720,-0.8502,0.7426,0.5,-35.3281,-10.8574,44.041,other
194743,-0.6185,0.8011,0.7438,-59.7617,-12.959,61.3105,other
194766,-0.5701,0.6285,0.5562,-64.0,-14.3301,63.998,other
194789,-0.5132,0.489,0.4344,-64.0,-15.9355,63.998,other
194812,-0.475,0.399,0.4492,-64.0,-16.8633,51.3691,other
194835,-0.38,0.379,0.5405,-56.5566,-17.1582,37.168,other
194858,-0.4271,0.394,0.6578,-44.1504,-17.2754,12.6367,other
194881,-0.4639,0.3889,0.6772,-36.9941,-17.2598,-3.0684,other
194904,-0.4987,0.3762,0.6624,-29.8535,-17.291,-21.1387,other
194927,-0.5046,0.3726,0.5508,-28.4902,-17.4414,-28.7656,other
194950,-0.4254,0.3508,0.494,-31.168,-17.4922,-27.0547,other
194973,-0.5304,0.4089,0.4,-40.1426,-17.25,-14.7344,other
194996,-0.7601,0.4884,0.4624,-48.5313,-16.7949,-1.084,other
195019,-0.5569,0.4186,0.6147,-62.0508,-15.6504,24.6719,other
195042,-0.323,0.4008,0.7594,-64.0,-14.2598,52.2148,other
195065,-0.2994,0.4346,0.6873,-64.0,-13.4004,63.998,other
195088,-0.504,0.4641,0.4779,-64.0,-12.3047,63.998,other
195111,-0.63,0.3905,0.3253,-64.0,-11.6543,63.998,other
195134,-0.8011,0.5244,0.4855,-64.0,-10.5547,63.998,other
195157,-0.7025,0.8235,0.528,-62.4297,-9.3984,63.998,other
195180,-0.5507,0.7876,0.631,-49.9141,-6.2344,63.998,other
195203,-0.5448,0.5928,0.636,-34.6836,-0.7012,63.998,other
195226,-0.6185,0.6492,0.4729,-23.0449,4.0586,63.998,other
195249,-0.3163,0.7791,0.7026,-3.4512,11.6172,53.3574,other
195272,-0.075,0.708,0.9968,10.8613,16.2676,33.7617,other
195295,-0.4845,0.7725,0.8525,33.248,21.8691,1.875,other
195318,-0.5903,0.8123,0.8646,53.9297,25.0527,-28.8613,other
195341,-0.5244,0.6332,0.6934,63.998,25.291,-46.1602,other
195364,-0.4824,0.4514,0.5647,63.998,22.0508,-64.0,other
195387,-0.4543,0.3582,0.5725,63.998,17.5,-64.0,other
195410,-0.4657,0.3052,0.653,56.1582,8.2402,-64.0,other
195433,-0.4731,0.2516,0.5996,33.0586,-1.6797,-64.0,other
195456,-0.5043,0.2112,0.4888,14.9023,-7.4395,-58.7266,other
195479,-0.4292,0.1913,0.4677,-12.4199,-13.5566,-44.4121,other
195502,-0.4669,0.2567,0.5059,-28.582,-15.5937,-33.7949,other
195525,-0.4928,0.3583,0.6178,-46.9492,-15.4863,-17.5391,other
195548,-0.4885,0.4303,0.595,-54.3086,-13.5039,-1.5156,other
195571,-0.4514,0.5074,0.5878,-57.7754,-8.4219,7.6562,other
195594,-0.4241,0.585,0.5458,-53.5566,-2.1152,20.5078,other
195617,-0.47,0.6155,0.3514,-47.8047,1.9453,27.9355,other
195640,-0.5223,0.6598,0.3282,-36.9688,6.6445,37.3477,other
195663,-0.6852,0.8215,0.3722,-29.2695,8.3672,42.4102,other
195686,-0.4886,0.8126,0.4727,-17.957,8.5996,47.6719,other
195709,-0.4276,0.8256,0.5437,-7.2812,6.3555,48.8965,other
195732,-0.4669,0.8083,0.5593,-0.4512,3.8262,46.7832,other
195755,-0.4868,0.6411,0.4518,9.5703,-0.8887,38.8359,other
195778,-0.4745,0.6421,0.5209,16.2109,-4.2285,30.5527,other
195801,-0.4473,0.6295,0.6796,26.3887,-8.8008,14.5703,other
195824,-0.2557,0.6534,0.9059,37.0762,-12.1602,-4.0195,other
195847,-0.4059,0.7026,0.8828,44.2891,-13.4766,-16.6992,other
195870,-0.5808,0.7997,0.8157,53.709,-14.0742,-33.873,other
195893,-0.6434,0.6738,0.6531,57.4902,-13.8457,-42.6836,other
195916,-0.4177,0.4679,0.4921,56.4707,-13.3887,-50.2949,other
195939,-0.2487,0.376,0.4565,50.2012,-13.4336,-50.9492,other
195962,-0.2711,0.4028,0.4961,32.5879,-14.2129,-48.0605,other
195985,-0.3636,0.3978,0.4424,8.1738,-15.5215,-39.7227,other
196008,-0.4104,0.3812,0.5236,-9.2969,-16.4531,-31.8887,other
196031,-0.4122,0.3502,0.6217,-33.1777,-17.7754,-17.2188,other
196054,-0.4891,0.3599,0.5381,-45.5918,-18.5938,-5.8477,other
196077,-0.6409,0.3835,0.5594,-57.0,-19.7266,12.7031,other
196100,-0.5034,0.3876,0.5486,-59.209,-20.7461,31.5352,other
196123,-0.4136,0.3861,0.3799,-55.9727,-21.3809,43.1328,other
196146,-0.7482,0.5999,0.2294,-45.3945,-22.2695,57.3379,other
196169,-0.8507,1.3331,1.1046,-35.3066,-22.7402,63.8066,other
196192,0.1295,0.6268,0.9236,-17.1211,-23.1406,63.998,other
196215,-0.1964,0.5748,0.7228,2.0488,-23.3379,61.3633,other
196238,-0.3242,0.7125,0.6627,13.8945,-23.0723,52.1426,other
196261,-0.4253,0.7433,0.712,28.4727,-21.1484,32.3633,other
196284,-0.4211,0.7445,0.673,35.2227,-18.5625,16.9941,other
196307,-0.4562,0.7135,0.6626,39.8262,-13.0605,-6.166,other
196330,-0.5005,0.7028,0.6567,38.8965,-6.9316,-26.4121,other
196353,-0.5077,0.6464,0.5686,31.5859,-3.4062,-37.2402,other
196376,-0.5774,0.5597,0.4835,18.0996,-0.2031,-49.0332,other
196399,-0.4927,0.4891,0.5165,6.6465,0.0,-54.1777,other
196422,-0.3993,0.431,0.5629,-12.0234,-3.1484,-58.8945,other
196445,-0.3369,0.3525,0.6244,-24.0176,-7.6523,-60.8398,other
196468,-0.3538,0.325,0.6666,-39.1777,-17.7734,-63.0547,other
196491,-0.4082,0.3408,0.7334,-49.2754,-30.9844,-64.0,other
196514,-0.3982,0.3312,0.778,-52.8242,-40.6426,-64.0,other
196537,-0.2676,0.2966,0.7728,-53.6953,-54.8555,-64.0,other
196560,-0.2379,0.2474,0.7632,-51.8906,-63.3379,-64.0,other
196583,-0.3948,0.2172,0.674,-46.9941,-64.0,-64.0,other
196606,-0.4308,0.1877,0.5129,-41.0938,-64.0,-59.377,other
196629,-0.3827,0.3036,0.5729,-37.0781,-64.0,-54.7598,other
196652,-0.3046,0.4712,0.66,-30.3594,-64.0,-46.1406,other
196675,-0.0695,0.5317,0.6652,-24.4922,-64.0,-39.9414,other
196698,0.0294,0.6542,0.7512,-11.9121,-64.0,-30.9238,other
196721,-0.4945,0.5867,1.0938,-0.4023,-53.1758,-21.9629,other
196744,-0.6809,0.5687,1.3044,21.3867,-44.5625,-15.1523,other
196767,-0.1857,0.519,0.9003,46.0586,-32.4727,-2.957,other
196790,-0.088,0.5016,0.6804,61.3379,-26.0488,5.793,other
196813,-0.4318,0.4636,0.556,63.998,-20.0273,17.6738,other
196836,-0.2627,0.4572,0.5881,63.998,-18.4063,23.7539,other
196859,-0.1038,0.4943,0.7651,63.998,-18.8906,28.9766,other
196882,-0.0817,0.5707,0.8896,63.998,-21.8086,28.9531,other
196905,-0.207,0.5937,0.7726,63.6504,-24.4453,26.3789,other
196928,-0.3138,0.6,0.6704,51.0801,-28.4512,20.457,other
196951,-0.2241,0.5573,0.5676,43.2129,-30.7109,16.4277,other
196974,-0.1226,0.5323,0.574,32.582,-33.1309,11.8984,other
196997,-0.1747,0.6,0.6434,23.7539,-34.4492,9.918,other
197020,-0.2252,0.653,0.6609,19.2129,-34.8379,9.9824,other
197043,-0.1833,0.5914,0.8086,14.6855,-35.0918,11.7383,other
197066,0.015,0.4944,0.7218,12.9551,-35.4414,13.6289,other
197089,0.0337,0.5791,0.9226,11.1406,-36.8984,16.8086,other
197112,0.0979,0.4938,0.8018,9.5312,-39.3418,19.8066,other
197135,0.1217,0.4788,0.8152,4.8945,-41.0117,21.7051,other
197158,-0.0405,0.4908,0.8141,-3.8379,-42.5996,25.0469,other
197181,-0.0142,0.5402,0.8134,-12.1387,-42.5371,28.0566,other
197204,-0.0754,0.5507,0.8323,-27.4805,-39.9766,33.9961,other
197227,0.0479,0.4624,0.8517,-38.6387,-36.2715,38.5879,other
197250,0.0254,0.4838,0.8472,-54.6465,-27.6094,45.2148,other
197273,-0.054,0.5358,0.7955,-64.0,-15.7656,49.8477,other
197296,-0.0916,0.582,0.7966,-64.0,-6.7461,51.1035,other
197319,-0.0475,0.4945,0.8123,-64.0,7.0156,49.7207,other
197342,-0.037,0.6086,0.7689,-64.0,15.4453,46.6211,other
197365,-0.0106,0.6837,0.7673,-64.0,25.6875,39.1074,other
197388,-0.0359,0.5731,0.8306,-64.0,31.7148,29.1582,other
197411,0.0175,0.4541,0.806,-64.0,32.75,21.9199,other
197434,-0.0273,0.421,0.8662,-57.6699,29.6777,11.3184,other
197457,-0.0311,0.34,0.9199,-51.6016,24.9824,5.043,other
197480,-0.0032,0.3472,0.922,-42.2344,15.3516,-2.3652,other
197503,-0.0192,0.3472,0.8959,-33.1426,4.4668,-6.9531,other
197526,0.0208,0.3578,0.8625,-27.8301,-2.4863,-8.498,other
197549,-0.0516,0.369,0.9216,-21.166,-11.0117,-8.8633,other
197572,-0.0114,0.3489,0.9446,-17.9199,-14.6875,-8.0176,other
197595,0.0544,0.3571,0.9642,-14.9902,-16.6426,-5.5078,other
197618,0.0065,0.4126,0.9663,-14.2207,-15.7754,-3.2793,other
197641,-0.0637,0.4445,0.8955,-14.4648,-12.1543,0.4668,other
197664,-0.0665,0.384,0.8378,-15.9727,-7.1641,4.2715,other
197687,-0.0032,0.345,0.9492,-17.4512,-3.8652,6.5859,other
197710,0.045,0.3239,0.9684,-19.8652,0.0605,9.2402,other
197733,0.0028,0.323,0.9562,-21.2988,1.6582,10.2031,other
197756,-0.0148,0.2823,0.886,-22.9648,2.4727,10.2539,other
197779,0.0076,0.2479,0.9207,-24.1367,1.7695,8.8105,other
197802,0.0149,0.2644,0.9567,-24.7207,0.7734,7.2422,other
197825,0.0245,0.2711,0.9362,-25.3418,-0.9707,4.375,other
197848,0.0166,0.2694,0.9089,-25.6152,-2.0352,2.3711,other
197871,0.0018,0.2524,0.8936,-25.8613,-3.2168,-0.3496,other
197894,0.0033,0.2474,0.8954,-25.7578,-3.7266,-2.3535,other
197917,-0.0096,0.2682,0.905,-25.2734,-3.5645,-3.2207,other
197940,-0.0372,0.2563,0.7993,-23.4785,-2.3418,-3.916,other
197963,-0.0968,0.2618,0.629,-21.3281,-0.8613,-4.0996,other
197986,0.1249,0.614,1.451,-16.0488,2.0352,-4.2656,other
198009,0.0271,0.3258,1.0267,-10.6641,4.0391,-4.5742,other
198032,-0.0599,0.4806,0.8859,0.1113,6.2676,-5.5098,other
198055,-0.1029,0.4547,0.8317,12.4121,6.6191,-6.7695,other
198078,-0.175,0.4697,0.9008,20.3398,5.6523,-7.6758,other
198101,-0.1127,0.3514,0.9579,30.5898,2.7539,-9.2617,other
198124,0.0363,0.2697,0.855,35.9512,0.2187,-10.7695,other
198147,-0.0839,0.2849,0.896,41.5117,-3.6055,-14.4414,other
198170,0.0269,0.2396,0.9315,43.9707,-6.332,-20.2734,other
198193,0.0236,0.2369,0.9456,43.8457,-7.1367,-25.1973,other
198216,-0.0833,0.2899,0.946,40.9766,-6.7383,-33.1797,other
198239,-0.0016,0.3151,0.9299,37.3164,-5.5137,-38.0996,other
198262,0.0007,0.3884,0.8591,29.4863,-2.5273,-43.5703,other
198285,-0.1459,0.4425,0.8456,19.5156,1.3184,-45.623,other
198308,-0.1779,0.4824,0.8529,12.1875,3.9492,-44.7207,other
198331,-0.1113,0.4608,0.892,1.1074,7.2988,-40.0313,other
198354,-0.1173,0.4454,0.8201,-5.752,8.7871,-35.1367,other
198377,-0.1438,0.4669,0.8564,-14.3164,9.6113,-26.416,other
198400,0.0255,0.4758,0.8253,-18.4707,9.0742,-17.9785,other
198423,-0.2335,0.3998,0.8745,-22.0508,6.4219,-12.6133,other
198446,-0.1224,0.3613,0.9385,-22.6113,2.3555,-7.1094,other
198469,0.0244,0.4885,1.0018,-21.6367,-0.498,-5.1348,other
198492,-0.0852,0.4569,0.8195,-19.1309,-4.0059,-4.8711,other
198515,-0.2686,0.3551,0.7875,-17.5977,-5.3027,-6.1465,other
198538,-0.1818,0.3151,0.8413,-16.7852,-5.3555,-8.8848,other
198561,-0.1208,0.2904,0.8741,-18.207,-3.7305,-11.0664,other
198584,-0.1129,0.3142,0.9705,-20.0801,-2.2695,-11.75,other
198607,-0.0999,0.3207,1.0082,-23.3574,-0.2227,-11.5234,other
198630,-0.1226,0.3239,0.9696,-25.418,0.7676,-10.6523,other
198653,-0.1635,0.267,0.8533,-28.0527,1.3613,-8.543,other
198676,-0.0896,0.2114,0.8601,-30.3164,0.8242,-5.8848,other
198699,-0.0955,0.2406,0.9956,-31.6777,0.0898,-4.125,other
198722,-0.1483,0.3201,1.0447,-33.207,-0.9141,-1.9902,other
198745,-0.1625,0.2657,0.9053,-33.6875,-1.248,-1.0703,other
198768,-0.1248,0.2057,0.8311,-33.6348,-1.125,-0.4746,other
198791,-0.1211,0.2323,1.002,-33.2188,-0.5937,-0.6875,other
198814,-0.1599,0.2814,1.0786,-32.0273,0.9512,-1.1836,other
198837,-0.1871,0.2581,0.9282,-30.0586,3.2578,-2.2617,other
198860,-0.1676,0.1859,0.832,-28.4688,5.0137,-3.0664,other
198883,-0.1654,0.1445,0.8979,-26.0938,7.6738,-4.1973,other
198906,-0.1935,0.1804,1.0028,-24.5664,9.4238,-4.8691,other
198929,-0.2246,0.2412,1.0236,-22.0293,12.168,-5.8535,other
198952,-0.2178,0.2715,0.9479,-18.7871,15.4199,-7.123,other
198975,-0.2059,0.2545,0.9324,-16.2461,17.9941,-8.3086,other
198998,-0.2343,0.2356,0.9944,-12.2363,22.2227,-10.5859,other
199021,-0.2764,0.2472,1.014,-9.7344,24.8691,-12.1992,other
199044,-0.2729,0.2489,0.9464,-6.8574,27.6504,-14.1016,other
199067,-0.264,0.183,0.9049,-5.8164,27.9648,-14.6543,other
199090,-0.2412,0.1688,0.947,-6.4336,26.418,-14.0508,other
199113,-0.2274,0.1875,1.0066,-9.25,21.4805,-11.7715,other
199136,-0.2356,0.1819,0.9985,-12.0859,16.7773,-9.5723,other
199159,-0.2345,0.1836,0.9796,-17.1055,8.5254,-5.793,other
199182,-0.2218,0.1425,0.9479,-20.6152,2.8516,-2.0937,other
199205,-0.2119,0.1334,0.9836,-25.6973,-4.9375,0.0215,other
199228,-0.241,0.1382,1.0226,-30.1738,-10.9102,2.3535,other
199251,-0.2379,0.1411,1.0001,-32.666,-13.5703,3.2734,other
199274,-0.2163,0.0635,0.9785,-35.6094,-15.6406,3.7598,other
199297,-0.1864,0.0846,0.9952,-37.082,-16.0371,3.5781,other
199320,-0.1968,0.087,1.0647,-38.5977,-15.8105,2.7578,other
199343,-0.1887,0.077,1.0483,-39.1914,-15.1973,1.5527,other
199366,-0.1813,0.0648,0.9824,-39.0469,-14.748,0.6738,other
199389,-0.1755,0.0562,0.9581,-38.0684,-14.0156,-0.5937,other
199412,-0.1697,0.0657,1.0021,-36.9121,-13.416,-1.3438,other
199435,-0.1821,0.078,0.9731,-34.2988,-12.207,-2.252,other
199458,-0.2156,0.0791,0.9165,-30.5117,-10.459,-2.8516,other
199481,-0.228,0.0706,0.861,-27.3242,-8.9199,-3.0703,other
199504,-0.2294,0.0884,0.9089,-21.4258,-6.0137,-3.1797,other
199527,-0.2156,0.125,0.9504,-16.5352,-3.7109,-3.1934,other
199550,-0.1967,0.1155,0.9454,-7.3711,-0.0195,-3.2949,other
199573,-0.1802,0.1337,0.8949,-0.002,3.2285,-3.5898,other
199596,-0.1575,0.0699,0.9548,12.5703,4.5625,-3.8262,other
199619,-0.1615,0.1947,0.9423,26.0762,5.1172,-3.8945,other
199642,-0.1265,0.1649,0.933,34.9863,4.4492,-3.5137,other
199665,-0.1503,0.1838,0.8896,47.2441,2.2324,-1.9746,other
199688,-0.2295,0.1976,0.9824,54.1445,0.3398,-0.1914,other
199711,-0.2225,0.2584,1.0509,61.8906,-2.2871,3.5625,other
199734,-0.1671,0.2714,0.9218,63.998,-4.1543,8.0293,other
199757,-0.1309,0.2513,0.8046,63.998,-4.916,10.8008,other
199780,-0.1621,0.3093,0.9751,63.709,-5.0937,13.6309,other
199803,-0.1501,0.3774,1.1049,59.9961,-4.4043,14.2773,other
199826,-0.1392,0.3804,0.9923,52.8281,-2.3262,13.4531,other
199849,-0.1761,0.3417,0.8914,44.6367,0.3633,11.2715,other
199872,-0.2094,0.3329,0.9008,38.7266,2.1445,9.6816,other
199895,-0.2343,0.342,0.9486,29.3457,4.3164,7.9746,other
199918,-0.1992,0.3531,0.9558,22.9805,5.2324,7.5527,other
199941,-0.174,0.3557,0.9268,13.7793,5.7266,7.8652,other
199964,-0.175,0.3372,0.895,8.1367,5.3145,8.6289,other
199987,-0.1842,0.3198,0.9034,0.7676,4.6816,8.9941,other
200010,-0.1912,0.3138,0.9377,-4.9316,3.4473,8.9258,other
200033,-0.1769,0.3171,0.9373,-7.6738,2.5977,8.3613,other
200056,-0.1575,0.3015,0.9,-10.2422,1.5117,6.7285,other
200079,-0.1694,0.3004,0.8875,-11.0762,0.9941,5.2031,other
200102,-0.1793,0.2974,0.8894,-11.3496,0.5859,2.5723,other
200125,-0.1951,0.3104,0.9207,-10.7852,0.6348,0.0176,other
200148,-0.1946,0.3192,0.9431,-10.0801,0.9102,-1.3965,other
200171,-0.1776,0.3187,0.9149,-8.7344,1.5664,-2.8437,other
200194,-0.1864,0.3169,0.8998,-7.8047,2.0547,-3.3105,other
200217,-0.1907,0.3081,0.8915,-6.6543,2.6738,-3.3047,other
200240,-0.1849,0.3201,0.9105,-5.9863,2.9922,-2.5977,other
200263,-0.188,0.3159,0.926,-5.8145,2.9902,-1.8633,other
200286,-0.1886,0.3303,0.9381,-5.8477,2.6562,-0.5879,other
200309,-0.2045,0.314,0.9261,-5.9824,2.2559,0.2559,other
200332,-0.1779,0.2983,0.8838,-6.2695,1.5293,1.3262,other
200355,-0.1902,0.308,0.9104,-6.9941,0.832,2.0,other
200378,-0.1877,0.2943,0.89,-6.791,0.4746,2.1797,other
200401,-0.1869,0.2941,0.8951,-6.8809,0.1582,2.0684,other
200424,-0.2004,0.3374,0.9506,-6.7207,0.0977,1.7871,other
200447,-0.187,0.3193,0.9268,-6.0195,0.1777,1.1855,other
200470,-0.1754,0.3015,0.896,-5.2969,0.2715,0.752,other
200493,-0.1766,0.2933,0.8737,-4.1797,0.3555,0.2051,other
200516,-0.2025,0.2999,0.905,-3.4668,0.3242,-0.0664,other
200539,-0.2039,0.3063,0.944,-3.3066,0.25,-0.041,other
200562,-0.184,0.3109,0.9447,-3.4434,0.0918,0.2988,other
200585,-0.175,0.3101,0.9243,-3.7051,-0.0391,0.666,other
200608,-0.1803,0.3063,0.8956,-4.3027,-0.252,1.2832,other
200631,-0.2042,0.3046,0.8781,-5.1543,-0.4473,1.8789,other
200654,-0.2107,0.3097,0.8986,-5.8223,-0.5352,2.2422,other
200677,-0.1992,0.3171,0.929,-6.7656,-0.5488,2.6855,other
200700,-0.1793,0.319,0.9374,-7.1895,-0.4805,2.8574,other
200723,-0.1863,0.313,0.9297,-7.3457,-0.293,2.8184,other
200746,-0.1809,0.2899,0.8835,-6.6445,-0.0664,2.3926,other
200769,-0.1864,0.3002,0.908,-6.5723,0.0723,1.9395,other
200792,-0.194,0.304,0.9329,-5.8594,0.252,1.123,other
200815,-0.1875,0.3065,0.9232,-5.3535,0.3555,0.5723,other
200838,-0.1888,0.3053,0.9122,-4.6133,0.4727,-0.1484,other
200861,-0.1931,0.3008,0.8851,-4.1895,0.502,-0.502,other
200884,-0.1907,0.3042,0.9138,-3.7617,0.4355,-0.7793,other
200907,-0.1843,0.3129,0.9265,-3.5918,0.2109,-0.7559,other
200930,-0.1846,0.3088,0.9321,-3.5742,-0.0254,-0.6133,other
200953,-0.1831,0.3077,0.9158,-3.6191,-0.4785,-0.2891,other
200976,-0.1902,0.311,0.9076,-3.6836,-0.8105,-0.041,other
200999,-0.1914,0.3108,0.9241,-3.8281,-1.2813,0.3262,other
201022,-0.1838,0.3138,0.922,-3.9941,-1.6387,0.6309,other
201045,-0.1803,0.3093,0.9166,-4.0996,-1.7852,0.7695,other
201068,-0.1857,0.3107,0.9104,-4.2383,-1.8516,0.8438,other
201091,-0.1912,0.3081,0.9122,-4.3223,-1.8008,0.8145,other
201114,-0.1921,0.3038,0.9147,-4.4414,-1.623,0.6934,other
201137,-0.188,0.311,0.9178,-4.543,-1.3828,0.5371,other
201160,-0.183,0.3042,0.9271,-4.5879,-1.2188,0.4277,other
201183,-0.1764,0.3026,0.9154,-4.6211,-1.0,0.2461,other
201206,-0.1813,0.296,0.8987,-4.6387,-0.8789,0.1152,other
201229,-0.1868,0.3014,0.9071,-4.6992,-0.7383,-0.0742,other
201252,-0.1897,0.3068,0.9208,-4.7617,-0.6699,-0.1699,other
201275,-0.1777,0.3029,0.9152,-4.8398,-0.6133,-0.2266,other
201298,-0.1802,0.3131,0.9172,-4.8574,-0.6348,-0.1543,other
201321,-0.1937,0.3054,0.9163,-4.8359,-0.6953,-0.0293,other
201344,-0.191,0.3058,0.9216,-4.7988,-0.8418,0.2754,bite
201367,-0.1818,0.3037,0.923,-4.791,-0.9492,0.5312,bite
201390,-0.1777,0.3052,0.9111,-4.8164,-1.0938,0.9121,bite
201413,-0.1855,0.3055,0.9069,-4.8906,-1.1992,1.1934,bite
201436,-0.1901,0.3065,0.916,-4.9668,-1.25,1.2969,bite
201459,-0.1886,0.3121,0.9232,-5.1055,-1.3008,1.3184,bite
201482,-0.1794,0.309,0.9268,-5.1914,-1.3262,1.2461,bite
201505,-0.1763,0.3063,0.913,-5.2715,-1.3594,0.998,bite
201528,-0.1809,0.3044,0.9154,-5.291,-1.3828,0.6016,bite
201551,-0.1759,0.2965,0.9171,-5.2871,-1.3965,0.2871,bite
201574,-0.1852,0.3073,0.9274,-5.2812,-1.4063,-0.1855,bite
201597,-0.1816,0.2983,0.9271,-5.2793,-1.3926,-0.4629,bite
201620,-0.1758,0.2985,0.9269,-5.291,-1.3379,-0.7734,bite
201643,-0.1768,0.3004,0.9318,-5.3125,-1.2715,-0.9043,bite
201666,-0.1796,0.2998,0.9305,-5.3477,-1.1309,-1.0039,bite
201689,-0.1801,0.295,0.921,-5.3672,-0.9316,-1.0254,bite
201712,-0.1777,0.2942,0.915,-5.375,-0.7637,-1.0176,bite
201735,-0.1827,0.2889,0.9045,-5.4004,-0.4648,-0.9863,bite
201758,-0.1847,0.2865,0.9048,-5.4492,-0.25,-0.9453,bite
201781,-0.1797,0.2936,0.9178,-5.5762,0.0586,-0.832,bite
201804,-0.1838,0.301,0.9315,-5.7227,0.3047,-0.6367,bite
201827,-0.1858,0.3004,0.9299,-5.791,0.4121,-0.457,bite
201850,-0.1825,0.2994,0.9348,-5.8086,0.4648,-0.123,bite
201873,-0.1791,0.3053,0.937,-5.7598,0.4316,0.125,bite
201896,-0.1842,0.2976,0.912,-5.6152,0.3125,0.4902,bite
201919,-0.1857,0.292,0.91,-5.459,0.1602,0.7949,bite
201942,-0.1862,0.2987,0.9252,-5.377,0.0684,0.9492,bite
201965,-0.184,0.2952,0.9255,-5.291,-0.0391,1.0938,bite
201988,-0.1777,0.2885,0.9218,-5.2598,-0.0918,1.1309,bite
202011,-0.1853,0.2974,0.922,-5.25,-0.1484,1.1035,bite
202034,-0.1882,0.2943,0.9235,-5.2637,-0.168,1.0117,bite
202057,-0.1854,0.2976,0.9303,-5.2949,-0.1699,0.9355,bite
202080,-0.1838,0.2985,0.9324,-5.3164,-0.1465,0.8184,bite
202103,-0.1832,0.293,0.9221,-5.3125,-0.123,0.7363,bite
202126,-0.1847,0.2858,0.9163,-5.2949,-0.084,0.6016,bite
202149,-0.1838,0.2882,0.9224,-5.2891,-0.0625,0.5039,bite
202172,-0.1836,0.2872,0.9277,-5.2852,-0.0469,0.3516,bite
202195,-0.1765,0.2841,0.9205,-5.2578,-0.0742,0.2129,bite
202218,-0.1849,0.2845,0.9121,-5.2227,-0.1348,0.1465,bite
202241,-0.1959,0.302,0.9279,-5.1582,-0.291,0.1211,bite
202264,-0.196,0.2992,0.9257,-5.1094,-0.4277,0.166,bite
202287,-0.1855,0.2988,0.9241,-5.0566,-0.6406,0.3086,bite
202310,-0.1844,0.3044,0.9331,-5.0742,-0.8223,0.4551,bite
202333,-0.2056,0.317,0.9574,-5.1309,-0.8984,0.4922,bite
202356,-0.2142,0.3109,0.9636,-5.2734,-0.8926,0.3809,bite
202379,-0.189,0.2946,0.9492,-5.4238,-0.7637,0.1582,bite
202402,-0.1812,0.3098,0.9542,-5.8184,-0.2969,-0.4727,bite
202425,-0.209,0.3206,0.9835,-6.252,0.7266,-1.4785,bite
202448,-0.2354,0.3329,1.0199,-7.1797,1.3125,-2.293,bite
202471,-0.1821,0.291,0.9849,-8.4551,2.6934,-3.5664,bite
202494,-0.2089,0.2449,0.9052,-9.5723,3.7168,-4.373,bite
202517,-0.2015,0.2649,0.8793,-11.8496,5.2871,-5.4082,bite
202540,-0.2626,0.2764,0.9456,-13.7891,6.2793,-5.9355,bite
202563,-0.2811,0.297,1.0472,-17.0156,7.5391,-6.4863,bite
202586,-0.2521,0.2643,1.0055,-19.9844,8.2617,-6.957,bite
202609,-0.2113,0.2079,0.9025,-21.6309,8.3008,-7.457,bite
202632,-0.2509,0.1827,0.9426,-23.8457,7.5254,-8.832,bite
202655,-0.2863,0.2241,1.1184,-25.3477,6.3848,-10.2598,bite
202678,-0.243,0.2651,1.2312,-27.5762,3.7715,-13.1484,bite
202701,-0.189,0.2482,1.2457,-29.3535,0.334,-16.8359,bite
202724,-0.1989,0.2062,1.207,-30.1855,-2.1895,-19.5762,bite
202747,-0.2302,0.1329,1.1665,-31.2129,-6.1172,-23.4375,bite
202770,-0.2306,0.1168,1.1614,-32.0078,-8.8633,-25.2363,bite
202793,-0.2275,0.1721,1.1793,-33.4316,-13.0762,-25.7656,bite
202816,-0.2144,0.1815,1.163,-34.2773,-16.6348,-23.0938,bite
202839,-0.1874,0.1708,1.0977,-34.8008,-18.3027,-19.6055,bite
202862,-0.2035,0.1753,1.1238,-34.0371,-18.8105,-12.4199,bite
202885,-0.1737,0.1136,1.0461,-32.8301,-17.7871,-6.8066,bite
202908,-0.1124,0.0177,0.8876,-30.5488,-14.5527,1.9844,bite
202931,-0.1056,-0.015,0.8118,-29.3145,-11.7617,7.6211,bite
202954,-0.1166,0.0161,0.8403,-28.8652,-7.6387,15.1465,bite
202977,-0.118,-0.0271,0.8547,-30.5918,-4.5859,21.2188,bite
203000,-0.0901,-0.0598,0.8411,-32.877,-3.5332,24.4199,bite
203023,-0.0957,-0.0239,0.8909,-37.5898,-3.6523,28.0371,bite
203046,-0.0781,-0.0446,0.948,-41.2891,-4.7832,29.7715,bite
203069,-0.0601,-0.0612,0.9697,-47.1738,-7.7227,31.6602,bite
203092,-0.0924,-0.0828,0.9406,-53.0254,-11.7227,33.123,bite
203115,-0.1096,-0.13,0.9829,-56.7539,-14.7129,34.1113,bite
203138,-0.0332,-0.1486,1.0402,-61.8594,-19.2305,35.8789,bite
203161,-0.0042,-0.1919,0.9714,-64.0,-22.0117,37.2734,bite
203184,-0.0352,-0.283,0.8586,-64.0,-25.5469,39.5664,bite
203207,-0.0796,-0.3123,0.8771,-64.0,-28.0508,42.0098,bite
203230,-0.079,-0.2631,0.9696,-64.0,-28.9492,43.7383,bite
203253,-0.0051,-0.3301,0.916,-64.0,-28.9121,46.4395,bite
203276,0.0146,-0.3098,0.8953,-64.0,-27.9355,48.1719,bite
203299,-0.0492,-0.2662,0.9563,-64.0,-25.1836,50.4629,bite
203322,-0.0114,-0.2561,0.9744,-64.0,-22.7051,51.8262,bite
203345,-0.0479,-0.2756,0.9623,-64.0,-18.5313,53.8789,bite
203368,-0.073,-0.3384,0.8734,-64.0,-14.1953,56.1094,bite
203391,-0.0978,-0.3398,0.9216,-64.0,-11.2266,57.6152,bite
203414,-0.1219,-0.3137,1.0142,-63.5469,-6.5156,59.5762,bite
203437,-0.0845,-0.3136,1.0636,-62.0527,-3.2207,60.4922,bite
203460,-0.1317,-0.3473,0.9806,-59.793,1.6387,61.1387,bite
203483,-0.2122,-0.3722,0.9282,-57.8184,5.8789,61.0723,bite
203506,-0.1741,-0.3564,1.0153,-56.8066,8.1719,60.7969,bite
203529,-0.0922,-0.3501,1.1064,-55.5605,10.6484,60.1387,bite
203552,-0.1653,-0.323,1.0701,-54.6836,11.5586,59.5352,bite
203575,-0.2719,-0.3181,1.0221,-53.0996,11.7031,58.5137,bite
203598,-0.1868,-0.321,1.0941,-51.373,10.5234,57.5039,bite
203621,-0.1261,-0.3339,1.0521,-49.748,9.1914,56.7012,bite
203644,-0.2057,-0.3539,1.0459,-47.1465,6.6816,54.8535,bite
203667,-0.2355,-0.3389,1.0659,-45.0723,4.8262,53.002,bite
203690,-0.1572,-0.3929,1.0422,-41.4004,1.9277,49.1641,bite
203713,-0.1599,-0.5162,0.9497,-38.6621,-0.0762,45.8828,bite
203736,-0.1669,-0.5012,0.8973,-34.4121,-3.1934,39.9492,bite
203759,-0.2006,-0.4355,1.0125,-30.2344,-6.209,33.0645,bite
203782,-0.0868,-0.3882,1.0029,-27.4688,-7.9863,28.1816,bite
203805,-0.1775,-0.4254,0.884,-23.3281,-10.1777,20.8613,bite
203828,-0.1769,-0.4149,0.9009,-20.6387,-11.3652,16.334,bite
203851,-0.1132,-0.4509,0.9293,-16.623,-13.0,10.709,bite
203874,-0.0995,-0.4623,0.9636,-12.1504,-14.9062,6.9824,bite
203897,-0.0889,-0.485,0.9481,-8.6523,-16.5273,5.6699,bite
203920,-0.1323,-0.3947,0.9723,-2.5059,-19.5254,5.3477,bite
203943,-0.0679,-0.3711,1.0175,2.1309,-21.75,6.0195,bite
203966,-0.0659,-0.3357,0.9772,9.6328,-25.0898,7.8203,bite
203989,-0.0773,-0.3295,0.9724,17.3516,-28.0293,9.875,bite
204012,-0.0511,-0.3126,1.0251,22.4238,-29.5039,11.0156,bite
204035,-0.0646,-0.3126,0.9949,29.7852,-30.5371,11.8945,bite
204058,-0.035,-0.2457,1.004,34.4434,-30.2324,11.6895,bite
204081,0.004,-0.2454,1.0363,40.7852,-28.252,9.9453,bite
204104,-0.0178,-0.293,1.035,44.3652,-26.0996,7.7773,bite
204127,0.0187,-0.277,1.0074,48.4082,-22.1523,3.0781,bite
204150,-0.0326,-0.1656,1.0187,50.6738,-18.0488,-3.1074,bite
204173,-0.0029,-0.1345,1.0164,51.3047,-15.5273,-7.8223,bite
204196,0.0181,-0.2123,1.0405,51.3906,-12.3555,-15.3203,bite
204219,0.0291,-0.1996,1.0438,51.1719,-10.7832,-20.3105,bite
204242,-0.0302,-0.0927,1.0416,50.7383,-9.3496,-27.252,bite
204265,-0.0199,-0.0005,1.011,50.209,-8.9141,-32.9492,bite
204288,-0.0327,-0.0187,1.0089,49.7344,-9.0273,-35.832,bite
204311,-0.0302,0.0363,1.0101,48.6543,-9.5566,-38.6758,bite
204334,-0.1174,0.1313,1.0284,47.5293,-10.0078,-39.6367,bite
204357,-0.088,0.0234,0.9373,44.8223,-10.6191,-39.9395,other
204380,0.0389,-0.0537,1.0072,40.3691,-11.0137,-39.5898,other
204403,0.0208,-0.2496,0.8882,36.2383,-11.1738,-39.5313,other
204426,0.0272,-0.2794,0.9823,28.2266,-11.418,-40.2949,other
204449,0.1129,-0.2979,1.0502,21.8828,-11.6895,-41.4824,other
204472,0.1481,-0.3098,1.083,11.6914,-12.3926,-44.1309,other
204495,0.1334,-0.3218,1.0918,4.9961,-13.084,-47.1738,other
204518,0.1176,-0.3156,1.0449,-4.1504,-14.373,-48.7871,other
204541,0.1124,-0.2493,1.0985,-11.5977,-15.6992,-49.7559,other
204564,0.1532,-0.1798,1.1578,-15.2871,-16.3906,-49.0781,other
204587,0.1278,-0.1686,1.1486,-18.4844,-16.8047,-45.9707,other
204610,0.1178,-0.1816,1.1111,-19.0098,-16.5215,-42.6465,other
204633,0.0581,-0.1874,1.0295,-17.791,-15.1602,-36.209,other
204656,0.0653,-0.1595,1.0365,-14.9785,-12.752,-28.7383,other
204679,0.1049,-0.125,1.0256,-12.5781,-10.6504,-23.7188,other
204702,0.0861,-0.0979,0.984,-8.4238,-6.918,-17.0586,other
204725,0.0471,-0.0907,0.8969,-5.375,-4.1523,-13.6504,other
204748,0.0386,-0.0953,0.8177,-0.5957,0.2031,-10.5176,other
204771,0.0289,-0.11,0.7679,4.2227,4.6621,-9.9844,other
204794,-0.0045,-0.1375,0.7561,7.4844,7.7187,-11.1738,other
204817,-0.0236,-0.1357,0.7837,12.8066,12.6172,-15.4316,other
204840,-0.0232,-0.0939,0.8391,16.9473,16.1953,-19.9395,other
204863,-0.007,-0.0635,0.8738,24.4648,22.0488,-28.9551,other
204886,-0.0455,-0.0538,0.8016,30.3789,26.1504,-39.6445,other
204909,-0.1342,-0.0388,0.7441,40.2891,32.2715,-47.8789,other
204932,-0.1843,0.0117,0.7754,51.0918,38.0293,-59.6523,other
204955,-0.1765,0.0575,0.8434,58.8105,41.5625,-64.0,other
204978,-0.1917,0.1346,0.8845,63.998,46.3145,-64.0,other
205001,-0.2743,0.2632,0.8831,63.998,49.1367,-64.0,other
205024,-0.3843,0.4191,1.0098,63.998,52.8965,-64.0,other
205047,-0.4327,0.527,1.1367,63.998,55.7852,-64.0,other
205070,-0.3879,0.5562,1.1458,63.998,56.7676,-64.0,other
205093,-0.3284,0.613,1.1459,63.998,55.793,-64.0,other
205116,-0.3098,0.6544,1.1589,63.998,52.957,-51.8047,other
205139,-0.3071,0.6384,1.1011,63.998,44.9941,-29.8418,other
205162,-0.3138,0.598,1.0366,63.998,33.1582,-6.2441,other
205185,-0.2982,0.5558,0.9956,63.998,23.9746,8.8516,other
205208,-0.2942,0.4971,0.9125,63.998,10.0762,28.2988,other
205231,-0.2252,0.4451,0.8455,63.998,1.7637,38.0332,other
205254,-0.1914,0.4254,0.8718,51.5918,-8.0371,46.5156,other
205277,-0.2052,0.3739,0.8622,44.4141,-12.5391,47.2578,other
205300,-0.098,0.3474,0.868,37.9453,-16.6855,43.8438,other
205323,-0.0602,0.3549,0.8473,35.9609,-18.998,34.1465,other
205346,-0.1091,0.4061,0.7892,36.2949,-20.1895,25.5566,other
205369,-0.1256,0.4319,0.6785,37.6406,-21.7207,11.1719,other
205392,0.0322,0.4294,0.635,38.1699,-22.3418,1.4746,other
205415,0.011,0.5232,0.7268,37.3574,-22.252,-12.0762,other
205438,-0.0824,0.5906,0.7656,34.5117,-20.8613,-23.3555,other
205461,-0.0934,0.6265,0.682,31.8398,-19.3301,-29.1152,other
205484,-0.1415,0.5558,0.4904,27.1816,-16.7578,-34.6641,other
205507,-0.0804,0.6356,0.6902,23.8301,-15.5547,-36.2383,other
205530,-0.0562,0.8306,1.1799,19.209,-15.8652,-35.8203,other
205553,-0.1472,0.8347,1.0719,16.6133,-19.4082,-33.1797,other
205576,-0.392,0.6835,0.5979,16.1602,-23.1777,-30.7598,other
205599,-0.238,0.5233,0.6017,15.543,-29.7324,-26.5215,other
205622,0.1687,0.39,0.6814,13.8574,-34.1094,-23.541,other
205645,0.0297,0.4313,0.7892,8.7168,-39.7656,-19.6797,other
205668,-0.0435,0.5393,0.7708,4.25,-42.7422,-17.082,other
205691,-0.1265,0.5802,0.7803,-2.0781,-42.9512,-15.7852,other
205714,0.0154,0.5839,0.7803,-6.3105,-39.8398,-13.5684,other
205737,-0.075,0.6257,0.7616,-7.6035,-36.1035,-11.4863,other
205760,-0.0789,0.6696,0.6824,-7.3457,-29.0781,-7.2246,other
205783,-0.0963,0.7179,0.7489,-5.9336,-24.1035,-3.8223,other
205806,-0.0212,0.6259,0.6193,-2.3867,-17.3301,1.4258,other
205829,-0.0845,0.6255,0.7134,2.3926,-12.4316,5.9785,other
205852,0.0457,0.5723,0.511,6.1113,-10.3945,8.293,other
205875,-0.2279,0.7065,0.8842,12.4355,-8.8535,10.4375,other
205898,-0.0404,0.6356,0.8221,17.2012,-8.4844,10.9551,other
205921,-0.1261,0.6744,0.8976,24.9375,-8.2793,10.3184,other
205944,-0.1735,0.7367,0.951,32.0762,-7.8242,7.9785,other
205967,-0.1086,0.6239,0.8806,35.2578,-7.0762,5.541,other
205990,-0.0103,0.4672,0.754,35.4375,-4.9629,0.6895,other
206013,-0.0869,0.4274,0.7148,31.5762,-2.7285,-3.291,other
206036,-0.0009,0.4282,0.8522,19.8477,2.1641,-10.0918,other
206059,0.0101,0.4259,0.9098,9.1289,9.0645,-17.2656,other
206082,-0.0757,0.3939,0.7871,-8.5742,14.6777,-21.7109,other
206105,-0.0889,0.3646,0.7267,-25.3125,24.1289,-26.6465,other
206128,-0.1038,0.3647,0.714,-34.8008,30.6758,-28.0215,other
206151,-0.0667,0.3994,0.7476,-45.4844,40.0762,-26.2734,other
206174,-0.1335,0.4362,0.7211,-49.877,45.7012,-22.3555,other
206197,-0.124,0.4767,0.7102,-52.2559,52.8906,-12.4922,other
206220,-0.2292,0.5647,0.611,-50.0664,58.6914,1.3945,other
206243,-0.3892,0.6127,0.4377,-46.5352,62.0313,12.1895,other
206266,-0.439,0.6227,0.338,-38.8809,63.998,29.2305,other
206289,-0.4812,0.6825,0.2992,-32.541,63.998,40.1426,other
206312,-0.5106,0.9089,0.5709,-21.4121,63.998,53.9102,other
206335,-0.2322,1.0134,0.6505,-8.3965,63.998,62.1992,other
206358,-0.3474,0.766,0.4482,0.9336,63.998,63.6152,other
206381,-0.3204,0.7184,0.4641,14.3242,55.0508,59.1855,other
206404,-0.1101,0.7273,0.5785,21.8789,44.6758,52.2813,other
206427,-0.145,0.6379,0.7012,30.2949,25.0469,37.3262,other
206450,-0.1545,0.6846,0.7228,33.9688,2.3848,19.0156,other
206473,-0.0099,0.6008,0.6051,37.0137,-12.9922,6.2891,other
206496,-0.157,0.6425,0.8823,37.6836,-34.1797,-11.5195,other
206519,-0.1133,0.6091,0.8082,37.1387,-45.8984,-21.375,other
206542,-0.1338,0.651,0.8524,35.0762,-58.4414,-31.5996,other
206565,-0.2213,0.6859,0.8235,32.7715,-63.0078,-34.9434,other
206588,-0.2604,0.6438,0.6899,27.2793,-64.0,-34.8418,other
206611,-0.3392,0.604,0.6042,18.1523,-59.334,-29.6992,other
206634,-0.2445,0.5087,0.606,9.5762,-53.8652,-24.5215,other
206657,-0.1481,0.427,0.6927,-6.6875,-44.2363,-16.252,other
206680,-0.1389,0.3959,0.7643,-18.9063,-38.0176,-11.6758,other
206703,-0.0535,0.3035,0.6898,-36.9844,-30.4043,-7.8848,other
206726,-0.0061,0.3049,0.7617,-51.7422,-25.5098,-8.6445,other
206749,0.0574,0.3322,0.7354,-58.1953,-23.6484,-11.5039,other
206772,-0.0195,0.4282,0.7114,-61.0996,-22.1738,-17.9941,other
206795,-0.1205,0.5135,0.5338,-58.0664,-21.4766,-22.5625,other
206818,-0.2444,0.7113,0.688,-46.3496,-20.127,-27.3926,other
206841,-0.1757,1.0936,0.9386,-27.416,-18.4219,-27.6641,other
206864,-0.1375,0.826,0.7552,-12.2129,-17.4297,-25.0137,other
206887,-0.1531,0.7321,0.6316,11.6934,-16.6836,-17.7559,other
206910,-0.1001,0.6638,0.6501,26.4727,-16.75,-11.7031,other
206933,-0.074,0.6411,0.7493,44.5313,-17.3965,-2.6621,other
206956,-0.196,0.6316,0.7961,53.0879,-17.8926,2.3965,other
206979,-0.2284,0.668,0.8772,60.2559,-18.0469,7.4863,other
207002,-0.1667,0.5985,0.9072,60.3672,-16.6992,9.0488,other
207025,-0.1749,0.4768,0.731,56.1621,-14.7773,8.1426,other
207048,-0.1302,0.353,0.5994,42.7305,-10.5273,4.3613,other
207071,-0.1266,0.3185,0.6565,29.1504,-7.0176,0.6777,other
207094,-0.1538,0.3243,0.7567,3.9492,-1.2676,-5.7324,other
207117,-0.0594,0.3929,0.8019,-22.4961,4.4766,-12.1426,other
207140,-0.0652,0.4551,0.7871,-38.1426,8.0215,-15.7949,other
207163,-0.1348,0.4971,0.6925,-55.709,12.5781,-19.3262,other
207186,-0.0974,0.5551,0.4508,-62.6445,14.9824,-19.8438,other
207209,-0.1913,0.4941,0.132,-64.0,17.4668,-17.3594,other
207232,-0.469,1.1099,0.8762,-60.1758,18.3301,-11.0352,other
207255,-0.0159,1.0541,0.7179,-51.8086,17.7598,-5.1953,other
207278,-0.1735,0.854,0.6801,-33.3613,14.5078,4.4082,other
207301,-0.1901,0.7274,0.5768,-18.7266,10.4434,10.4473,other
207324,-0.0723,0.6089,0.6895,3.4727,1.6641,17.8242,other
207347,-0.0858,0.5756,0.7404,16.7891,-5.4648,21.2129,other
207370,-0.0948,0.5613,0.7587,32.5098,-16.6074,23.6797,other
207393,-0.1521,0.6012,0.809,41.7715,-26.2168,23.1094,other
207416,-0.1163,0.5829,0.9059,44.1289,-30.7012,21.2402,other
207439,-0.0328,0.5411,0.8792,42.2266,-33.3359,16.5703,other
207462,-0.0402,0.5443,0.8655,37.584,-31.9648,12.4609,other
207485,-0.0146,0.4634,0.8059,25.9492,-25.25,5.5098,other
207508,-0.0388,0.3823,0.7656,9.3477,-13.9902,-1.0879,other
207531,-0.0516,0.3602,0.6055,-3.7598,-4.8457,-4.4746,other
207554,-0.1957,0.3792,0.3877,-24.4883,9.9453,-7.0449,other
207577,-0.1753,0.4867,0.3567,-37.3789,19.7676,-6.7285,other
207600,-0.4755,0.8789,0.6754,-51.9473,33.0605,-3.1211,other
207623,-0.2904,1.0975,0.5914,-57.1836,42.7988,3.4766,other
207646,-0.1104,0.8588,0.6088,-54.6973,46.207,8.5996,other
207669,-0.1777,0.7485,0.639,-43.1875,45.3867,15.6523,other
207692,-0.1312,0.614,0.6901,-31.7852,40.7129,19.1738,other
207715,-0.1147,0.5055,0.6812,-12.1348,28.3555,21.9883,other
207738,-0.0522,0.7131,0.9058,0.877,17.6211,21.5996,other
207761,-0.0648,0.7216,0.8536,17.6328,0.3652,19.7422,other
207784,-0.1461,0.7284,0.7538,28.207,-14.875,15.0352,other
207807,-0.1287,0.7126,0.7253,30.3438,-22.3496,11.2559,other
207830,-0.0698,0.6255,0.6884,24.7988,-28.418,5.7051,other
207853,-0.0568,0.5477,0.705,15.2754,-29.1699,2.5645,other
207876,-0.0527,0.4939,0.7435,-6.0195,-26.5098,-0.7754,other
207899,-0.0699,0.401,0.7642,-31.8203,-21.0273,-2.1523,other
207922,-0.1274,0.3285,0.7689,-48.9805,-16.5977,-1.9414,other
207945,-0.1212,0.2748,0.7253,-64.0,-9.4883,-0.1816,other
207968,-0.1184,0.321,0.764,-64.0,-4.6543,1.6426,other
207991,-0.1014,0.2806,0.8458,-64.0,2.5254,4.6562,other
208014,-0.0846,0.2648,0.8217,-64.0,9.4258,7.2344,other
208037,-0.1187,0.2935,0.8035,-64.0,13.7812,8.5059,other
208060,-0.2662,0.3412,0.7657,-64.0,19.9141,9.832,other
208083,-0.2755,0.4001,1.0549,-51.6191,23.7617,10.4902,other
208106,-0.1387,0.4036,1.0616,-29.7695,28.9336,11.2461,other
208129,-0.1259,0.3877,0.9896,-15.4004,31.668,11.2402,other
208152,-0.1531,0.3901,0.931,3.7695,34.2578,10.4258,other
208175,-0.2198,0.4417,0.8354,18.0645,34.9355,7.7812,other
208198,-0.2589,0.4344,0.7883,24.1973,34.4648,5.2441,other
208221,-0.2207,0.4117,0.7363,28.2949,32.8359,0.7422,other
208244,-0.2197,0.4814,0.6768,28.1699,31.4063,-2.4707,other
208267,-0.2731,0.5365,0.6742,25.2188,29.0469,-7.1543,other
208290,-0.3151,0.5784,0.6888,21.0566,26.5605,-11.0332,other
208313,-0.3068,0.624,0.6736,18.623,24.8223,-12.8574,other
208336,-0.2949,0.6584,0.6633,16.2461,21.9395,-14.2051,other
208359,-0.2865,0.6459,0.6837,15.4727,19.6465,-14.1738,other
208382,-0.2524,0.5984,0.7109,14.9473,15.2559,-12.9766,other
208405,-0.2292,0.6239,0.7546,14.3789,9.4258,-10.9492,other
208428,-0.2174,0.5962,0.7886,13.6855,4.791,-9.4648,other
208451,-0.2115,0.5492,0.793,12.0234,-2.7363,-7.4121,other
208474,-0.2134,0.5693,0.7681,10.4883,-7.6367,-6.2793,other
208497,-0.2405,0.525,0.7683,7.5898,-13.9043,-4.9609,other
208520,-0.2346,0.5,0.7666,5.3477,-16.9316,-4.0762,other
208543,-0.2178,0.4977,0.7833,1.8398,-19.3008,-3.7559,other
208566,-0.2198,0.4763,0.7651,-1.3516,-19.0117,-3.7441,other
208589,-0.2372,0.4679,0.7335,-3.1035,-17.5293,-4.0215,other
208612,-0.2482,0.4608,0.7277,-5.082,-13.8828,-4.6699,other
208635,-0.2404,0.4664,0.7234,-5.9844,-10.8789,-5.1035,other
208658,-0.2369,0.4769,0.7074,-6.7676,-6.1602,-5.5391,other
208681,-0.2422,0.4995,0.7306,-6.9395,-1.8945,-5.5215,other
208704,-0.25,0.516,0.7466,-6.7539,0.3828,-5.1738,other
208727,-0.2444,0.5282,0.7559,-6.0957,2.6504,-4.1055,other
208750,-0.2333,0.5328,0.7639,-5.4727,3.3359,-3.0723,other
208773,-0.223,0.5303,0.7456,-4.4141,3.2344,-1.2344,other
208796,-0.2319,0.543,0.7584,-3.4023,2.1172,0.6582,other
208819,-0.2404,0.558,0.7878,-2.8301,1.0371,1.8086,other
208842,-0.2231,0.5319,0.7565,-2.1934,-0.7422,3.1914,other
208865,-0.2274,0.5228,0.766,-1.9746,-1.8457,3.793,other
208888,-0.2228,0.5112,0.7584,-2.0215,-3.1094,4.1035,other
208911,-0.2262,0.51,0.7504,-2.291,-3.584,3.7051,other
208934,-0.2366,0.5137,0.7533,-2.9551,-3.6934,3.125,other
208957,-0.2365,0.5101,0.7449,-3.7441,-3.1895,1.9941,other
208980,-0.2241,0.4988,0.7279,-4.2363,-2.625,1.1836,other
209003,-0.2318,0.5073,0.7267,-4.8164,-1.6367,0.0664,other
209026,-0.248,0.5325,0.7531,-5.0508,-0.9941,-0.5156,other
209049,-0.2341,0.5354,0.7615,-5.1133,-0.2168,-1.0117,other
209072,-0.2306,0.5334,0.7593,-4.8359,0.1895,-1.0176,other
209095,-0.2238,0.5314,0.7537,-4.5332,0.2246,-0.7969,other
209118,-0.2257,0.5238,0.7562,-4.0508,-0.0195,-0.2754,other
209141,-0.226,0.5195,0.7581,-3.7852,-0.3281,0.1133,other
209164,-0.2184,0.5244,0.7634,-3.5254,-0.8926,0.6211,other
209187,-0.226,0.5223,0.7682,-3.4258,-1.4434,0.9238,other
209210,-0.2241,0.5101,0.7668,-3.4277,-1.7324,0.9805,other
209233,-0.2256,0.502,0.7504,-3.5098,-1.9746,0.8574,other
209256,-0.225,0.4995,0.7406,-3.6133,-1.9863,0.6602,other
209279,-0.2295,0.5066,0.7382,-3.8047,-1.7578,0.2734,other
209302,-0.2375,0.5271,0.7485,-3.9238,-1.2676,-0.0879,other
209325,-0.2377,0.527,0.7389,-4.0254,-0.8301,-0.2402,other
209348,-0.2351,0.5356,0.7383,-4.0312,-0.1035,-0.2754,other
209371,-0.2316,0.5422,0.7587,-3.9961,0.3398,-0.1699,other
209394,-0.235,0.536,0.756,-3.8828,0.8145,0.123,other
209417,-0.2346,0.5273,0.7546,-3.7734,0.957,0.3516,other
209440,-0.2219,0.5107,0.7555,-3.6113,0.8906,0.6367,other
209463,-0.2168,0.5127,0.7478,-3.5469,0.5566,0.7266,other
209486,-0.2288,0.5099,0.7584,-3.5762,0.2422,0.6367,other
209509,-0.2356,0.5217,0.7521,-3.6777,-0.2715,0.3105,other
209532,-0.2332,0.5063,0.7478,-3.7402,-0.5859,0.0137,other
209555,-0.2235,0.52,0.7408,-3.7793,-0.9375,-0.457,other
209578,-0.2322,0.5016,0.7379,-3.7266,-1.0918,-0.8672,other
209601,-0.2333,0.5304,0.7303,-3.625,-1.082,-1.0605,other
209624,-0.2432,0.5288,0.7629,-3.3262,-0.9199,-1.1758,other
209647,-0.2192,0.5526,0.761,-2.9805,-0.7363,-1.1445,other
209670,-0.2467,0.5349,0.7461,-2.2422,-0.4062,-0.9902,other
209693,-0.2334,0.5328,0.7396,-1.7031,-0.1074,-0.75,other
209716,-0.2382,0.5377,0.7397,-1.0762,0.0156,-0.5742,other
209739,-0.2437,0.5284,0.7305,-0.8809,0.0527,-0.3437,other
209762,-0.2239,0.5306,0.7467,-1.0371,-0.0176,-0.248,other
209785,-0.2272,0.5264,0.7573,-1.6406,-0.2383,-0.2461,other
209808,-0.2266,0.5203,0.7576,-2.209,-0.4492,-0.3535,other
209831,-0.2294,0.5225,0.7648,-3.1699,-0.8301,-0.6523,other
209854,-0.2306,0.5101,0.7542,-4.1211,-1.2344,-1.0391,other
209877,-0.2255,0.5149,0.7463,-4.6875,-1.4766,-1.293,other
209900,-0.2286,0.5177,0.7588,-5.3809,-1.7402,-1.5996,other
209923,-0.2386,0.5236,0.746,-5.6953,-1.8184,-1.7246,other
209946,-0.2405,0.5161,0.7327,-5.9023,-1.7441,-1.7598,other
209969,-0.2336,0.5114,0.74,-5.8086,-1.4531,-1.6074,other
209992,-0.2329,0.5194,0.7391,-5.6133,-1.1758,-1.4238,other
210015,-0.2415,0.5205,0.755,-5.1777,-0.7246,-1.0625,other
210038,-0.2313,0.53,0.7377,-4.8281,-0.4434,-0.7832,other
210061,-0.2471,0.5304,0.7426,-4.3066,-0.123,-0.3301,other
210084,-0.2266,0.5305,0.7458,-3.5137,0.0195,0.1133,other
210107,-0.2301,0.5276,0.7524,-3.707,0.002,0.3672,other
210130,-0.2385,0.53,0.7551,-3.5586,-0.1836,0.6387,other
210153,-0.2334,0.5225,0.7488,-3.541,-0.3828,0.7402,other
210176,-0.2307,0.5193,0.7476,-3.6152,-0.7402,0.7734,other
210199,-0.2295,0.5222,0.7512,-3.7148,-0.9805,0.7168,other
210222,-0.2327,0.5194,0.7434,-3.8887,-1.2891,0.5312,other
210245,-0.2437,0.5222,0.7515,-4.043,-1.498,0.2754,other
210268,-0.2205,0.5151,0.7448,-4.1289,-1.5742,0.0977,other
210291,-0.2316,0.5231,0.7526,-4.2344,-1.6016,-0.1504,other
210314,-0.2421,0.531,0.7505,-4.291,-1.5742,-0.2891,other
210337,-0.2297,0.5164,0.7474,-4.3418,-1.4805,-0.416,other
210360,-0.2223,0.5159,0.7454,-4.3652,-1.3418,-0.4375,other
210383,-0.2379,0.5265,0.7589,-4.3789,-1.2422,-0.3965,other
210406,-0.2329,0.5265,0.7555,-4.3926,-1.0977,-0.2656,other
210429,-0.2291,0.5203,0.743,-4.3887,-1.0117,-0.1465,other
210452,-0.2343,0.5253,0.7489,-4.3652,-0.9043,0.0391,other
210475,-0.2303,0.5232,0.7494,-4.3145,-0.8242,0.1797,other
210498,-0.2292,0.5234,0.7438,-4.2656,-0.791,0.2305,other
210521,-0.239,0.5275,0.7527,-4.1836,-0.7754,0.2402,other
210544,-0.2336,0.5273,0.7488,-4.127,-0.7891,0.2109,other
210567,-0.224,0.5222,0.7526,-4.0488,-0.834,0.1191,other
210590,-0.2251,0.5183,0.7581,-4.0098,-0.8828,0.0176,other
210613,-0.2335,0.5187,0.7493,-3.9687,-0.9727,-0.2031,other
210636,-0.2305,0.5155,0.7527,-3.9473,-1.0527,-0.4629,other
210659,-0.2279,0.5178,0.7551,-3.9453,-1.0859,-0.6289,other
210682,-0.2264,0.5211,0.7637,-3.957,-1.1035,-0.8359,other
210705,-0.2258,0.5248,0.7516,-3.9668,-1.0898,-0.9336,other
210728,-0.2329,0.5261,0.7507,-3.9629,-1.0156,-1.0117,other
210751,-0.2386,0.5302,0.7576,-3.9141,-0.8594,-0.998,other
210774,-0.2349,0.5195,0.7446,-3.8457,-0.709,-0.9414,other
210797,-0.2339,0.5177,0.7373,-3.7031,-0.4355,-0.8262,other
210820,-0.2395,0.5171,0.7406,-3.5957,-0.2363,-0.7559,other
210843,-0.2354,0.524,0.7439,-3.4434,0.0625,-0.6914,other
210866,-0.2402,0.5288,0.7483,-3.3262,0.3164,-0.6738,other
210889,-0.2412,0.5286,0.7445,-3.2754,0.4336,-0.6816,other
210912,-0.2382,0.5248,0.7462,-3.2578,0.5078,-0.7051,other
210935,-0.2313,0.5205,0.7499,-3.293,0.4824,-0.7305,other
210958,-0.2373,0.527,0.7562,-3.4043,0.3437,-0.7969,other
210981,-0.2402,0.5243,0.7559,-3.5059,0.1992,-0.8574,other
211004,-0.2333,0.5238,0.7419,-3.6758,-0.0547,-0.957,other
211027,-0.2335,0.5159,0.7554,-3.8633,-0.2949,-1.0664,other
211050,-0.2319,0.5182,0.7535,-3.9863,-0.4219,-1.1387,other
211073,-0.2489,0.5193,0.7483,-4.1367,-0.5352,-1.2422,other
211096,-0.2418,0.5148,0.7462,-4.1895,-0.5449,-1.2949,other
211119,-0.2465,0.5182,0.7334,-4.1641,-0.4453,-1.3535,other
211142,-0.2507,0.5137,0.725,-4.0117,-0.2324,-1.3945,other
211165,-0.2354,0.5182,0.7469,-3.8691,-0.0625,-1.4004,other
211188,-0.2415,0.5243,0.7533,-3.6484,0.1465,-1.3574,other
211211,-0.25,0.5227,0.7522,-3.5117,0.2168,-1.2852,other
211234,-0.2396,0.5192,0.7516,-3.3437,0.1875,-1.1035,other
211257,-0.2333,0.5254,0.7576,-3.2598,0.0176,-0.8594,other
211280,-0.245,0.5304,0.7549,-3.2598,-0.1465,-0.6895,other
211303,-0.2529,0.5247,0.7411,-3.3301,-0.3984,-0.459,other
211326,-0.2458,0.5199,0.7283,-3.418,-0.5254,-0.3379,other
211349,-0.2476,0.521,0.7339,-3.6016,-0.6152,-0.2207,other
211372,-0.2515,0.5229,0.7397,-3.7539,-0.6113,-0.1973,other
211395,-0.2415,0.5267,0.7531,-3.9902,-0.5566,-0.2305,other
211418,-0.2374,0.5298,0.7555,-4.1914,-0.5098,-0.3437,other
211441,-0.248,0.5272,0.7566,-4.2891,-0.5215,-0.4512,other
211464,-0.2402,0.537,0.7673,-4.3711,-0.625,-0.6426,other
211487,-0.2426,0.5457,0.7522,-4.377,-0.7422,-0.7832,other
211510,-0.2587,0.5786,0.7349,-4.332,-0.957,-1.0137,other
211533,-0.269,0.6128,0.7478,-4.2695,-1.127,-1.2637,other
211556,-0.2715,0.5874,0.7455,-4.2559,-1.1328,-1.4551,other
211579,-0.2456,0.532,0.7271,-4.4355,-0.8105,-1.8516,other
211602,-0.2208,0.5015,0.7589,-4.8437,-0.2793,-2.2266,other
211625,-0.2332,0.496,0.7673,-6.1113,1.0625,-2.9121,other
211648,-0.2009,0.4943,0.8206,-8.2695,3.1191,-3.4531,other
211671,-0.2427,0.4458,0.7695,-10.1621,4.9727,-3.5254,other
211694,-0.2933,0.3857,0.7598,-13.5,8.5957,-2.8848,other
211717,-0.1907,0.3641,0.7924,-15.8535,11.5449,-1.8008,other
211740,-0.0778,0.3851,0.908,-19.0273,16.4063,0.9453,other
211763,-0.1469,0.4883,0.8846,-20.5957,19.6367,5.332,other
211786,-0.2498,0.4796,0.8406,-22.0215,24.1777,9.5703,other
211809,-0.2361,0.4003,0.7391,-22.8633,28.4863,18.4922,other
211832,-0.3204,0.3184,0.6256,-23.498,31.4512,26.1719,other
211855,-0.2616,0.3917,0.5966,-24.8672,36.3145,39.75,other
211878,-0.402,0.5529,0.6689,-25.8633,39.8184,49.6055,other
211901,-0.3615,0.5491,0.6742,-26.4434,45.1289,63.998,other
211924,-0.3334,0.5269,0.5964,-24.375,49.832,63.998,other
211947,-0.5686,0.4844,0.089,-20.9824,52.209,63.998,other
211970,-0.4274,0.8257,0.3098,-12.7207,54.166,63.998,other
211993,-0.0916,1.2926,1.2517,-4.9062,54.043,63.998,other
212016,-0.2177,0.6843,0.5131,10.2461,50.4258,63.998,other
212039,-0.3541,0.7317,0.5588,27.002,41.5781,54.0645,other
212062,-0.2141,0.6769,0.6379,37.0645,32.9688,39.6133,other
212085,-0.307,0.5403,0.5286,48.334,17.1484,15.8887,other
212108,0.1101,0.6782,0.8115,52.8203,5.5762,-0.123,other
212131,-0.3588,0.6727,0.8177,55.6074,-11.4805,-22.5977,other
212154,-0.2964,0.6564,0.7123,55.543,-26.1016,-40.8438,other
212177,-0.2955,0.7321,0.8331,53.3203,-33.5313,-49.4883,other
212200,-0.3755,0.6245,0.7435,48.5391,-40.7012,-56.3945,other
212223,-0.2444,0.4846,0.6321,43.4766,-42.7734,-57.1406,other
212246,-0.2783,0.3942,0.5802,32.2207,-42.2598,-53.6973,other
212269,-0.3536,0.3778,0.5968,22.2324,-39.8867,-49.334,other
212292,-0.2325,0.429,0.7727,4.7715,-33.9355,-41.3457,other
212315,-0.4193,0.4127,0.7749,-12.9082,-25.875,-33.2617,other
212338,-0.4077,0.3806,0.7124,-23.332,-19.6895,-28.418,other
212361,-0.3412,0.311,0.5774,-35.6914,-9.6191,-22.4395,other
212384,-0.2646,0.3213,0.3606,-41.5664,-2.6602,-19.4648,other
212407,-0.2788,0.4868,0.3721,-46.752,7.4629,-16.4512,other
212430,-0.4193,0.6665,0.3394,-46.7285,16.2031,-14.5215,other
212453,-0.5419,1.1582,0.8969,-42.8652,20.6973,-13.3125,other
212476,-0.3151,0.9874,0.5648,-30.4336,24.1328,-10.9883,other
212499,-0.2393,0.7949,0.7061,-18.4512,23.1211,-9.0254,other
212522,-0.2875,0.7003,0.5731,2.1875,15.3223,-5.7187,other
212545,-0.2917,0.6415,0.614,15.8613,0.709,-2.5781,other
212568,-0.2302,0.674,0.7534,33.7148,-11.2559,-1.002,other
212591,-0.2603,0.7257,0.7097,46.4473,-29.2715,0.0645,other
212614,-0.328,0.8372,0.7216,51.3574,-39.4766,-0.1348,other
212637,-0.4613,0.851,0.741,52.4434,-49.8496,-1.3242,other
212660,-0.2839,0.6655,0.5028,48.4336,-53.0547,-2.3125,other
212683,-0.2004,0.4863,0.4191,34.623,-53.2598,-3.7051,other
212706,-0.1411,0.4441,0.5641,12.4043,-50.5527,-4.9336,other
212729,-0.099,0.4429,0.6301,-5.0469,-48.7266,-5.6895,other
212752,-0.1826,0.4086,0.6874,-30.2363,-47.7734,-6.6621,other
212775,-0.2402,0.313,0.7014,-43.3457,-48.8223,-7.0508,other
212798,-0.1536,0.3279,0.652,-53.5508,-52.8242,-6.9297,other
212821,-0.0812,0.4396,0.8588,-50.4355,-59.1016,-5.6953,other
212844,-0.0267,0.5226,0.835,-41.3359,-64.0,-4.1973,other
212867,0.0006,0.4694,0.7495,-20.002,-64.0,-1.002,other
212890,-0.0168,0.4332,0.5654,-3.2266,-64.0,1.7656,other
212913,-0.0439,0.5643,0.6597,21.0332,-64.0,7.1152,other
212936,0.0367,0.6566,0.7056,39.9375,-64.0,14.1934,other
212959,0.062,0.6382,0.6854,48.4219,-64.0,19.6953,other
212982,0.0743,0.6747,0.7328,54.6523,-64.0,28.2754,other
213005,0.0687,0.7424,0.6805,54.8496,-64.0,33.6406,other
213028,0.1169,0.8402,0.6752,50.0586,-64.0,40.25,other
213051,0.0151,0.6313,0.6514,43.9902,-64.0,43.2617,other
213074,0.098,0.6342,0.6447,31.5078,-57.4863,45.1621,other
213097,0.0236,0.5552,0.7747,16.3418,-49.6348,43.4297,other
213120,0.2983,0.6012,0.7114,5.5918,-43.9707,40.1191,other
213143,0.0212,0.5894,0.7147,-10.5234,-34.4609,32.1504,other
213166,0.0768,0.6816,0.6719,-20.9219,-27.3672,25.4141,other
213189,0.0837,0.6061,0.7507,-35.5332,-15.8691,14.5117,other
213212,0.1663,0.5851,0.7737,-48.248,-4.2402,3.9629,other
213235,0.1387,0.5327,0.7499,-55.1855,3.002,-2.3555,other
213258,0.0693,0.5419,0.7701,-62.6387,12.3652,-10.1387,other
213281,0.038,0.5276,0.7955,-64.0,17.3027,-13.8691,other
213304,0.0577,0.4742,0.8324,-64.0,22.5156,-16.9219,other
213327,0.1254,0.5378,0.8065,-64.0,25.3809,-17.0313,other
213350,0.0178,0.6169,0.7394,-61.6582,26.4492,-15.8008,bite
213373,-0.0295,0.6284,0.7632,-56.5137,27.6738,-12.6172,bite
213396,-0.0046,0.5236,0.8022,-52.6738,28.6523,-9.9355,bite
213419,-0.061,0.4014,0.8286,-46.6504,30.7617,-5.7012,bite
213442,0.0408,0.4041,0.844,-42.6094,32.6953,-3.1582,bite
213465,-0.027,0.4343,0.8322,-36.8809,36.3418,-0.459,bite
213488,-0.1337,0.484,0.8344,-32.1738,40.6055,0.4668,bite
213511,-0.1389,0.4706,0.839,-29.9434,43.6445,0.1406,bite
213534,-0.1279,0.3873,0.8842,-28.2422,48.2988,-1.4492,bite
213557,-0.0297,0.3134,0.9233,-28.1484,51.3594,-3.041,bite
213580,-0.1063,0.4193,0.8364,-29.1992,55.6875,-5.9414,bite
213603,-0.3301,0.4653,0.8158,-31.2207,59.6211,-9.0195,bite
213626,-0.3618,0.481,0.8058,-32.9121,62.1484,-10.8672,bite
213649,-0.2706,0.3634,0.8925,-35.5566,63.998,-12.998,bite
213672,-0.236,0.3663,0.8898,-37.0527,63.998,-13.8711,bite
213695,-0.3619,0.4768,0.7885,-38.3652,63.998,-14.2773,bite
213718,-0.3868,0.4495,0.7881,-38.2285,63.998,-13.6543,bite
213741,-0.257,0.3545,0.8715,-37.2617,58.5547,-12.7266,bite
213764,-0.1843,0.3506,0.9324,-34.5039,46.5254,-10.6328,bite
213787,-0.285,0.3999,0.9391,-31.8789,36.6074,-8.8477,bite
213810,-0.2961,0.3701,0.8607,-27.168,20.375,-5.8164,bite
213833,-0.2317,0.3087,0.88,-23.9355,9.6152,-3.7422,bite
213856,-0.2051,0.3358,0.9203,-19.7539,-4.8203,-0.9121,bite
213879,-0.2164,0.3225,0.9121,-17.0469,-15.6465,1.166,bite
213902,-0.2473,0.3148,0.902,-16.2539,-20.291,2.0059,bite
213925,-0.2731,0.3286,0.8975,-16.5801,-23.3105,2.5117,bite
213948,-0.2357,0.2819,0.8926,-17.6797,-23.0703,2.4766,bite
213971,-0.2052,0.2603,0.8958,-20.2617,-20.4746,2.1152,bite
213994,-0.1919,0.2476,0.8937,-23.332,-16.6953,1.5996,bite
214017,-0.2015,0.2745,0.9563,-25.2363,-14.1641,1.2539,bite
214040,-0.2594,0.3096,0.9546,-27.2598,-10.8984,0.8398,bite
214063,-0.2167,0.3011,0.9409,-27.8047,-9.2422,0.7012,bite
214086,-0.1764,0.25,0.8777,-27.3652,-7.75,0.75,bite
214109,-0.1766,0.2303,0.9025,-25.8008,-7.5937,1.0723,bite
214132,-0.2103,0.2666,0.9624,-24.4238,-8.1484,1.4121,bite
214155,-0.186,0.2255,0.9476,-22.166,-9.6113,2.0645,bite
214178,-0.1451,0.2726,0.9877,-20.6484,-10.7695,2.5547,bite
214201,-0.171,0.2275,0.8892,-18.4648,-12.459,3.2832,bite
214224,-0.1685,0.1791,0.8779,-17.1309,-13.4648,4.2598,bite
214247,-0.1516,0.2568,1.0005,-15.332,-14.7441,4.502,bite
214270,-0.1559,0.3082,1.0146,-13.4961,-15.5332,5.25,bite
214293,-0.1542,0.3284,1.0217,-12.0918,-15.6523,5.6992,bite
214316,-0.1626,0.3342,0.9996,-9.8652,-15.1426,6.2832,bite
214339,-0.1503,0.2389,0.9266,-8.6523,-14.4121,6.6445,bite
214362,-0.1451,0.2158,0.9503,-8.1172,-13.1133,7.2559,bite
214385,-0.1597,0.2467,1.0453,-9.9062,-12.1152,8.0137,bite
214408,-0.1368,0.2424,1.0248,-12.4883,-11.8359,8.5586,bite
214431,-0.1235,0.199,1.0149,-18.1621,-12.1738,9.2676,bite
214454,-0.0966,0.2144,1.0559,-22.8965,-12.9727,9.5645,bite
214477,-0.0977,0.1718,1.0067,-30.9688,-15.0215,9.6094,bite
214500,-0.0782,0.0974,0.968,-39.7969,-17.9492,9.1543,bite
214523,-0.0299,0.0763,1.0283,-45.8711,-20.2871,8.6426,bite
214546,-0.0239,0.0841,1.0294,-54.6914,-24.1582,7.7148,bite
214569,-0.0221,0.032,1.0393,-59.9512,-26.8281,7.1133,bite
214592,-0.0544,0.0513,1.1232,-64.0,-30.7637,6.5137,bite
214615,-0.0386,0.0592,1.1709,-64.0,-33.1895,6.5039,bite
214638,0.0035,0.0371,1.1261,-64.0,-36.0977,6.7969,bite
214661,0.0485,0.0254,0.985,-64.0,-37.5371,7.3691,bite
214684,0.0476,-0.0015,0.8744,-64.0,-37.3887,7.6152,bite
214707,0.046,-0.0543,0.8866,-64.0,-35.0332,7.582,bite
214730,-0.0251,-0.0361,0.9994,-63.7227,-31.6738,7.3418,bite
214753,-0.0466,-0.0314,1.017,-54.4473,-23.3613,6.8613,bite
214776,-0.0422,-0.0181,0.9642,-40.4512,-11.3711,6.334,bite
214799,-0.0768,-0.0183,0.9467,-28.9512,-2.0859,5.8555,bite
214822,-0.1036,-0.0187,0.9675,-10.1367,12.2773,4.6172,bite
214845,-0.1429,0.0182,1.1052,2.2695,21.332,3.3027,bite
214868,-0.1526,0.1171,1.2391,18.9668,32.9355,0.5723,bite
214891,-0.1455,0.1473,1.3104,31.8105,40.75,-2.791,bite
214914,-0.1268,0.0695,1.2502,37.2793,43.1367,-5.1523,bite
214937,-0.0996,-0.0256,1.1903,39.2051,41.9238,-8.5312,bite
214960,-0.0673,-0.0779,1.1746,35.7324,37.8633,-10.5059,bite
214983,-0.0658,-0.0092,1.1702,24.002,27.5059,-12.8301,bite
215006,-0.1245,0.049,1.1563,13.1914,14.1758,-14.2734,bite
215029,-0.0781,0.0146,1.1438,-4.2598,4.6914,-14.7051,bite
215052,-0.0273,-0.0193,1.0817,-19.5898,-7.8379,-14.4551,bite
215075,-0.0035,-0.0612,1.0007,-27.3262,-14.5742,-13.6113,bite
215098,-0.0277,-0.0338,1.002,-34.5059,-21.8398,-11.209,bite
215121,-0.0485,-0.014,0.988,-36.3516,-24.709,-8.8047,bite
215144,-0.0658,-0.0016,0.9315,-35.1641,-25.9453,-4.0664,bite
215167,-0.0626,-0.0146,0.8652,-30.4277,-23.5918,1.5996,bite
215190,-0.0404,-0.0822,0.822,-26.2656,-20.3594,5.4961,bite
215213,0.0005,-0.1171,0.8215,-20.1719,-14.0391,10.8008,bite
215236,0.028,-0.1237,0.7957,-17.0566,-9.5742,13.6074,bite
215259,0.0018,-0.1005,0.8286,-14.8164,-3.7148,16.3887,bite
215282,-0.0271,-0.1157,0.9222,-15.9512,0.0391,17.5605,bite
215305,0.0229,-0.1428,1.0079,-18.3906,1.0098,17.6602,bite
215328,0.0443,-0.1575,1.0891,-23.7461,0.0488,17.0801,bite
215351,0.0631,-0.1794,1.1105,-27.8574,-2.1016,16.332,other
215374,0.054,-0.2166,1.0996,-33.9824,-7.1406,14.9219,other
215397,0.0374,-0.2394,1.1392,-37.6699,-13.1816,13.6309,other
215420,0.0618,-0.2474,1.2043,-42.0801,-17.0059,13.0898,other
215443,0.118,-0.2352,1.2361,-44.5938,-21.0254,12.9668,other
215466,0.1051,-0.2251,1.1661,-45.1074,-22.1387,13.3809,other
215489,0.037,-0.2578,1.1049,-44.584,-21.3965,14.9199,other
215512,0.0287,-0.2941,1.0873,-43.9121,-19.5547,16.7891,other
215535,0.0381,-0.3005,0.9921,-43.3828,-15.3945,21.2266,other
215558,-0.0204,-0.2817,0.9708,-44.1074,-10.3555,27.5762,other
215581,-0.0155,-0.2843,1.0193,-45.2188,-6.877,32.5488,other
215604,-0.0106,-0.2421,1.0062,-47.0898,-1.9258,40.2793,other
215627,-0.0986,-0.2812,0.9093,-48.0117,0.9473,45.1152,other
215650,-0.0768,-0.3295,0.8884,-48.5059,4.2617,51.2363,other
215673,0.0184,-0.326,0.8892,-47.8125,6.123,55.418,other
215696,0.0046,-0.3058,0.8856,-46.6445,6.5117,56.8848,other
215719,-0.1207,-0.2792,0.8951,-43.8125,5.8945,57.1328,other
215742,-0.1317,-0.316,0.8945,-41.2734,4.8086,56.2793,other
215765,-0.0287,-0.3588,0.8998,-36.8457,2.4316,54.0605,other
215788,0.0536,-0.3806,0.9828,-33.7715,-0.625,51.1953,other
215811,0.0305,-0.3446,1.0227,-29.457,-2.9824,49.1582,other
215834,-0.0721,-0.3367,1.0408,-25.9883,-6.8945,46.4805,other
215857,-0.031,-0.3424,1.0533,-24.3496,-9.5605,45.291,other
215880,0.0461,-0.3695,1.0603,-22.9727,-13.1152,44.5664,other
215903,-0.014,-0.3595,1.0831,-22.7148,-14.8789,44.6367,other
215926,-0.1564,-0.3226,1.0565,-23.125,-16.2422,45.3223,other
215949,-0.1326,-0.3518,0.9794,-24.3125,-15.8398,46.5586,other
215972,-0.0452,-0.3792,1.0237,-25.4414,-14.5742,47.4824,other
215995,-0.1217,-0.3425,1.0375,-27.3496,-11.4043,48.4355,other
216018,-0.2427,-0.2615,1.0874,-28.5234,-8.6738,48.5117,other
216041,-0.1443,-0.3726,1.0283,-29.8711,-4.1895,47.5742,other
216064,0.1152,-0.5061,0.9011,-30.8613,-0.0566,45.127,other
216087,-0.1108,-0.4064,1.1031,-31.4785,1.998,42.5918,other
216110,-0.0326,-0.3691,1.022,-32.2207,3.459,37.9844,other
216133,-0.0698,-0.5509,0.8368,-32.4336,3.3125,34.9082,other
216156,-0.0891,-0.4819,0.9531,-31.9512,1.8691,30.8809,other
216179,-0.1166,-0.3945,0.9624,-29.6328,-0.127,27.6133,other
216202,-0.1041,-0.3434,0.9896,-26.2773,-1.2891,25.6875,other
216225,-0.0955,-0.3325,0.9635,-18.6152,-2.4863,22.877,other
216248,-0.0208,-0.3301,0.9941,-11.8398,-3.0156,20.9648,other
216271,-0.0247,-0.3829,1.0177,0.1621,-3.8145,18.1016,other
216294,-0.0718,-0.3579,1.0586,8.9922,-4.5508,16.3398,other
216317,-0.0824,-0.3352,1.0062,22.8906,-5.9551,14.1562,other
216340,-0.1239,-0.2889,1.0095,36.8047,-7.3184,12.457,other
216363,0.0125,-0.2885,0.9886,45.627,-8.0605,11.3145,other
216386,-0.0404,-0.2451,1.0155,57.582,-9.043,8.9883,other
216409,-0.0969,-0.0909,1.0382,63.998,-9.5859,6.8262,other
216432,-0.0836,-0.1244,1.0295,63.998,-9.9277,2.7461,other
216455,-0.0408,-0.1162,1.0486,63.998,-9.4727,-1.7891,other
216478,-0.0319,-0.1581,1.0311,63.998,-8.8027,-4.6348,other
216501,-0.027,-0.1066,1.0413,63.998,-7.5527,-8.0527,other
216524,-0.025,-0.0721,1.024,63.998,-6.752,-9.5605,other
216547,-0.0371,-0.0671,1.0104,63.998,-5.9102,-10.6309,other
216570,-0.0377,-0.0322,0.9978,56.0957,-5.7207,-10.6035,other
216593,-0.016,-0.0269,1.0067,49.5098,-5.9844,-10.2402,other
216616,0.0076,-0.0214,1.0182,39.9063,-6.916,-9.6152,other
216639,-0.0173,0.035,1.0132,34.2656,-7.8066,-9.4062,other
216662,-0.0897,0.1018,0.9888,27.2891,-9.293,-9.8047,other
216685,0.0436,0.1115,0.9779,23.5625,-10.2285,-10.7246,other
216708,-0.2167,0.0317,0.8657,18.7891,-11.332,-13.2734,other
216731,0.0042,-0.0706,0.8538,13.8184,-11.875,-17.2207,other
216754,-0.0728,-0.1454,0.8973,9.8711,-11.916,-20.6738,other
216777,0.0034,-0.2004,0.9755,3.041,-11.6836,-27.1406,other
216800,0.0974,-0.1798,1.0876,-1.707,-11.4902,-32.2363,other
216823,0.0483,-0.1975,1.0593,-8.2402,-11.4844,-40.5996,other
216846,0.052,-0.2136,1.0842,-13.4805,-12.1895,-48.623,other
216869,0.1232,-0.2383,1.101,-16.1875,-13.1484,-52.9863,other
216892,0.1897,-0.2434,1.1493,-19.0957,-15.1855,-57.2188,other
216915,0.1936,-0.2152,1.1953,-20.2344,-16.7305,-58.3105,other
216938,0.1121,-0.246,1.1112,-20.7188,-18.8652,-57.3379,other
216961,0.0774,-0.2391,1.0684,-19.957,-20.2148,-53.4258,other
216984,0.0985,-0.178,1.1035,-18.9102,-20.4082,-49.4473,other
217007,0.0688,-0.1613,1.0596,-16.6133,-19.4082,-42.1348,other
217030,0.0359,-0.149,1.0458,-14.6465,-17.873,-36.832,other
217053,0.0442,-0.1443,1.0387,-11.2598,-14.4766,-28.9277,other
217076,0.0221,-0.1287,1.007,-8.8965,-11.7129,-24.0176,other
217099,0.0365,-0.1133,1.0104,-5.5254,-7.3164,-17.5879,other
217122,0.0349,-0.1027,0.9908,-2.6133,-3.1777,-12.6484,other
217145,0.0024,-0.1055,0.9448,-0.9844,-0.7969,-10.3359,other
217168,-0.0236,-0.1069,0.9023,1.002,2.0273,-8.4355,other
217191,-0.0364,-0.1127,0.8492,2.0937,3.4082,-8.2285,other
217214,-0.0531,-0.109,0.7966,3.6836,4.873,-9.5723,other
217237,-0.0708,-0.0752,0.7869,5.7734,5.918,-13.0352,other
217260,-0.0601,-0.0438,0.7777,7.7891,6.5449,-16.5801,other
217283,-0.0193,-0.0032,0.8232,12.1152,7.5215,-23.709,other
217306,-0.0234,0.0446,0.9092,15.9375,8.2715,-29.541,other
217329,0.0155,0.0778,1.1302,22.875,9.7539,-39.4336,other
217352,0.0531,0.0181,1.0958,30.2363,11.6348,-49.543,other
217375,-0.0177,-0.0316,0.9264,34.123,12.7109,-55.3809,other
217398,-0.1221,-0.0695,0.8701,35.9434,13.2227,-60.9512,other
217421,-0.0449,-0.0341,0.9436,33.6523,12.5859,-61.832,other
217444,0.0082,0.053,1.1027,25.8574,10.5488,-59.2383,other
217467,-0.0107,0.0685,1.1832,19.5,9.0977,-54.4414,other
217490,-0.0985,-0.0026,1.0179,11.5527,7.7793,-50.6836,other
217513,-0.1951,-0.041,0.8346,7.9668,7.9531,-46.5645,other
217536,-0.1331,0.0176,0.9661,8.7012,8.8906,-44.8828,other
217559,0.2281,0.2948,1.7043,15.3359,11.3652,-44.6113,other
217582,0.5,0.4207,1.8164,23.5996,13.4004,-46.25,other
217605,-0.1133,0.161,1.0243,40.1172,15.5996,-50.5215,other
217628,-0.3596,0.0856,0.9114,56.1328,15.0762,-53.25,other
217651,-0.0387,0.1852,1.0409,63.3301,12.918,-52.1191,other
217674,0.0518,0.2206,1.0825,63.998,7.3984,-45.2871,other
217697,-0.0037,0.2319,1.0023,63.998,2.7793,-38.1855,other
217720,-0.113,0.2831,0.9263,57.7969,-4.0937,-26.0527,other
217743,-0.1368,0.3489,0.9169,50.0703,-8.8965,-14.8281,other
217766,-0.1123,0.4589,1.0482,46.6777,-10.0215,-9.0957,other
217789,-0.0891,0.5021,1.0994,46.2754,-7.9902,-4.3125,other
217812,-0.1326,0.4368,0.9725,49.1309,-4.3965,-3.7734,other
217835,-0.1597,0.3665,0.8411,55.7793,3.0254,-5.9316,other
217858,-0.1741,0.348,0.8304,59.6816,8.2656,-9.5703,other
217881,-0.1417,0.3489,0.8895,61.6738,14.875,-11.7891,other
217904,-0.0985,0.3251,0.9381,57.5977,18.6074,-14.0566,other
217927,-0.0948,0.3007,0.951,51.8633,19.1328,-14.8203,other
217950,-0.1145,0.3003,0.9124,40.4004,17.0781,-15.125,other
217973,-0.1394,0.2626,0.9023,31.9863,14.1855,-14.959,other
217996,-0.1221,0.2136,0.9139,19.9688,8.5723,-14.4199,other
218019,-0.1039,0.2059,0.8613,10.2461,2.7187,-13.7539,other
218042,-0.114,0.2689,0.8519,5.5488,-0.709,-13.293,other
218065,-0.1389,0.4183,0.9374,1.3945,-4.4395,-12.5176,other
218088,-0.0714,0.3976,0.8971,0.4531,-5.7383,-11.8965,other
218111,-0.0577,0.3427,0.8668,1.1973,-5.9687,-10.7988,other
218134,-0.1505,0.2969,0.8324,3.5312,-4.7383,-9.4355,other
218157,-0.2162,0.3445,0.8121,5.4922,-3.4531,-8.2617,other
218180,-0.1704,0.4948,0.9104,8.7363,-1.1133,-6.082,other
218203,-0.0076,0.5776,1.0804,11.1797,0.627,-4.6152,other
218226,0.1207,0.558,1.0559,15.4492,3.2988,-3.1465,other
218249,-0.0001,0.4709,0.9399,18.4434,5.998,-2.8203,other
218272,-0.1826,0.4567,0.8385,21.8945,7.248,-2.6426,other
218295,-0.1422,0.4612,0.7312,22.4395,9.1738,-0.875,other
218318,-0.1676,0.4573,0.7428,20.793,10.4336,1.916,other
218341,-0.1786,0.4994,0.7285,16.0684,12.6953,8.543,other
218364,-0.2913,0.5212,0.7213,12.4277,14.75,14.0605,other
218387,-0.3501,0.5721,0.7366,8.2363,19.123,22.5625,other
218410,-0.3025,0.6033,0.7754,7.3516,25.0508,29.4414,other
218433,-0.1973,0.5641,0.7733,8.9121,29.4238,32.1738,other
218456,-0.235,0.5015,0.6715,13.6289,35.332,32.6641,other
218479,-0.2435,0.4596,0.6061,17.3496,38.0078,30.6465,other
218502,-0.27,0.4912,0.6227,22.0059,39.0566,25.0488,other
218525,-0.2806,0.553,0.7152,24.4258,36.1816,17.9199,other
218548,-0.172,0.5869,0.7985,24.8672,32.4023,13.0254,other
218571,-0.1957,0.6349,0.8726,24.5723,24.9609,6.0566,other
218594,-0.2378,0.6184,0.8015,24.1211,19.459,1.9004,other
218617,-0.2271,0.5566,0.7279,23.0156,11.2344,-3.1484,other
218640,-0.1504,0.505,0.7383,21.6836,3.582,-6.4395,other
218663,-0.1218,0.4379,0.7368,18.416,-0.8105,-7.668,other
218686,-0.1436,0.4532,0.7305,13.8574,-6.2988,-8.2637,other
218709,-0.2706,0.5061,0.7146,10.541,-8.8945,-7.9062,other
218732,-0.2345,0.5225,0.7476,6.0332,-10.834,-6.291,other
218755,-0.2271,0.5253,0.7244,3.7988,-10.8125,-4.627,other
218778,-0.2352,0.5608,0.7499,2.0703,-9.1777,-1.752,other
218801,-0.1938,0.5779,0.6775,2.3867,-6.2422,0.7734,other
218824,-0.1671,0.6389,0.7511,3.6094,-3.8926,1.8164,other
218847,-0.2052,0.65,0.6682,6.6699,-0.2363,2.0156,other
218870,-0.2439,0.7045,0.6472,9.291,1.9707,1.2773,other
218893,-0.257,0.6952,0.5991,13.6191,4.2598,-0.6523,other
218916,-0.2451,0.705,0.6549,18.0,4.4102,-2.8262,other
218939,-0.1383,0.693,0.5541,20.877,2.9121,-4.1152,other
218962,-0.2015,0.7289,0.7753,25.2832,-1.7969,-5.6621,other
218985,-0.0797,0.6802,0.6124,28.457,-6.1348,-6.459,other
219008,-0.2169,0.6891,0.6858,33.6289,-13.1211,-7.3906,other
219031,-0.1238,0.7944,0.698,37.0234,-19.082,-7.8203,other
219054,-0.2388,0.7599,0.626,40.7422,-22.0254,-7.5723,other
219077,-0.3485,0.6333,0.6654,40.6172,-24.998,-5.9609,other
219100,-0.1462,0.6184,0.6799,37.2793,-26.252,-4.0469,other
219123,-0.1002,0.5767,0.6819,26.6172,-27.4297,-0.6602,other
219146,-0.0172,0.5438,0.6686,15.9727,-27.8672,1.2383,other
219169,-0.0178,0.4634,0.6442,-3.7402,-28.0313,2.5176,other
219192,-0.0845,0.4297,0.7024,-24.9941,-27.5117,1.5605,other
219215,-0.1313,0.4019,0.7493,-38.1602,-26.6406,0.0039,other
219238,-0.1115,0.3715,0.7067,-53.9199,-24.1484,-2.7578,other
219261,-0.1339,0.4287,0.7537,-60.7734,-21.4238,-4.373,other
219284,-0.2218,0.364,0.7292,-64.0,-15.2969,-5.8828,other
219307,-0.2844,0.4402,0.7935,-61.3398,-6.543,-5.9766,other
219330,-0.2512,0.5156,0.9236,-55.4629,0.4531,-5.2461,other
219353,-0.1738,0.5692,0.9312,-42.668,11.5078,-3.3184,other
219376,-0.152,0.5562,0.9121,-32.7832,18.2949,-1.8281,other
219399,-0.1758,0.4392,0.7325,-19.0098,25.9727,0.2539,other
219422,-0.1774,0.3896,0.6854,-10.4922,29.2734,2.0781,other
219445,-0.1744,0.411,0.7616,-9.0059,28.7227,3.2637,other
219468,-0.1423,0.447,0.8234,-12.9629,24.1309,5.0215,other
219491,-0.1433,0.5103,0.8724,-18.2871,19.1953,6.0156,other
219514,-0.1622,0.5601,0.873,-27.0625,10.543,6.8262,other
219537,-0.1836,0.578,0.8468,-31.7129,4.9355,6.7441,other
219560,-0.1931,0.5558,0.801,-34.9453,-1.791,5.6094,other
219583,-0.2155,0.5178,0.7549,-32.8926,-5.4336,3.377,other
219606,-0.2415,0.5187,0.7618,-28.8223,-5.957,1.4453,other
219629,-0.2399,0.4895,0.7415,-19.8203,-4.2441,-1.7109,other
219652,-0.2245,0.5032,0.7695,-12.7793,-1.8848,-3.7695,other
219675,-0.2174,0.5015,0.7889,-2.1758,2.5176,-6.5586,other
219698,-0.2172,0.4987,0.7769,6.9336,6.8535,-8.8613,other
219721,-0.2428,0.493,0.7544,11.4883,9.2031,-10.0508,other
219744,-0.2377,0.4857,0.7552,15.3672,11.4453,-11.1445,other
219767,-0.2312,0.5015,0.7568,15.8789,11.9883,-11.3477,other
219790,-0.2374,0.5023,0.7778,13.9023,11.4707,-10.8789,other
219813,-0.233,0.4886,0.7769,9.7266,9.709,-9.6582,other
219836,-0.2203,0.4802,0.7728,6.1582,8.0898,-8.5762,other
219859,-0.2349,0.5,0.7705,0.9473,5.373,-6.7598,other
219882,-0.2443,0.5054,0.778,-2.0977,3.5762,-5.5176,other
219905,-0.2301,0.5105,0.7825,-5.5156,1.1953,-3.7559,other
219928,-0.2366,0.498,0.7603,-6.9043,-0.0742,-2.7402,other
219951,-0.2401,0.4944,0.756,-7.7187,-1.418,-1.5762,other
219974,-0.2386,0.5073,0.7698,-7.3437,-2.0937,-0.8555,other
219997,-0.2395,0.4977,0.7753,-6.6621,-2.2246,-0.5859,other
220020,-0.2278,0.5007,0.777,-5.3184,-2.0742,-0.4277,other
220043,-0.2355,0.5006,0.781,-4.373,-1.832,-0.4473,other
220066,-0.2363,0.4979,0.7731,-3.0879,-1.3809,-0.5996,other
220089,-0.2336,0.4956,0.7566,-2.1445,-0.916,-0.8223,other
220112,-0.2445,0.4985,0.7637,-1.7578,-0.6289,-0.9746,other
220135,-0.2395,0.4988,0.7715,-1.5195,-0.2637,-1.1699,other
220158,-0.2396,0.5001,0.7524,-1.5293,-0.0742,-1.2695,other
220181,-0.2516,0.5043,0.7549,-1.7012,0.1172,-1.3438,other
220204,-0.2408,0.5004,0.7756,-1.9668,0.1895,-1.2832,other
220227,-0.2251,0.5005,0.7679,-2.1484,0.166,-1.1758,other
220250,-0.2327,0.504,0.7721,-2.3867,0.0332,-0.9531,other
220273,-0.2474,0.5067,0.7709,-2.5059,-0.1055,-0.7793,other
220296,-0.2395,0.5043,0.7698,-2.6172,-0.3496,-0.4902,other
220319,-0.233,0.5027,0.7738,-2.6523,-0.5078,-0.2949,other
220342,-0.2366,0.5167,0.7668,-2.6621,-0.6992,-0.0488,other
220365,-0.2491,0.5059,0.7657,-2.6523,-0.8027,0.1016,other
220388,-0.2404,0.5123,0.7593,-2.6602,-0.8125,0.1406,other
220411,-0.2424,0.5018,0.7659,-2.7207,-0.7383,0.0977,other
220434,-0.2406,0.4983,0.7559,-2.793,-0.6387,-0.0039,other
220457,-0.2385,0.499,0.7628,-2.9492,-0.4531,-0.2578,other
220480,-0.2415,0.506,0.7645,-3.1426,-0.2793,-0.5664,other
220503,-0.2461,0.5099,0.7655,-3.2656,-0.1914,-0.7539,other
220526,-0.2419,0.505,0.7617,-3.4082,-0.1133,-0.9609,other
220549,-0.2378,0.5048,0.7664,-3.4687,-0.0918,-1.0449,other
220572,-0.2461,0.5103,0.7716,-3.5117,-0.0996,-1.1133,other
220595,-0.2471,0.5059,0.7731,-3.502,-0.1348,-1.1426,other
220618,-0.2421,0.5001,0.7599,-3.4629,-0.1465,-1.168,other
220641,-0.246,0.4954,0.7429,-3.3652,-0.1094,-1.248,other
220664,-0.2546,0.4883,0.7291,-3.291,-0.0391,-1.334,other
220687,-0.2532,0.5051,0.7437,-3.1914,0.1172,-1.4766,other
220710,-0.2512,0.5142,0.7709,-3.1328,0.2266,-1.5488,other
220733,-0.2462,0.5192,0.7614,-3.0215,0.3262,-1.5781,other
220756,-0.2532,0.5267,0.7634,-2.8613,0.2969,-1.4922,other
220779,-0.2482,0.507,0.7573,-2.7246,0.2051,-1.3809,other
220802,-0.2389,0.4966,0.7389,-2.4863,-0.0117,-1.1895,other
220825,-0.2435,0.4961,0.7531,-2.3379,-0.1934,-1.084,other
220848,-0.2434,0.5055,0.7734,-2.1758,-0.5059,-0.9766,other
220871,-0.2455,0.517,0.7684,-2.0859,-0.8418,-0.9043,other
220894,-0.2517,0.5209,0.7542,-2.0547,-1.0566,-0.8477,other
220917,-0.252,0.5171,0.7567,-2.0332,-1.3047,-0.7285,other
220940,-0.2441,0.5144,0.759,-2.0234,-1.3887,-0.6328,other
220963,-0.2444,0.5095,0.751,-2.0039,-1.3711,-0.5098,other
220986,-0.248,0.5007,0.7551,-1.9961,-1.207,-0.4629,other
221009,-0.251,0.5046,0.7538,-2.0176,-1.0449,-0.4766,other
221032,-0.2512,0.5061,0.7572,-2.1074,-0.7891,-0.5352,other
221055,-0.2463,0.5068,0.7539,-2.1992,-0.6387,-0.582,other
221078,-0.248,0.5151,0.7474,-2.3652,-0.4785,-0.6328,other
221101,-0.2543,0.5159,0.7518,-2.4883,-0.418,-0.6211,other
221124,-0.2488,0.5173,0.7543,-2.6836,-0.3867,-0.5586,other
221147,-0.2462,0.5122,0.7469,-2.8867,-0.4258,-0.3984,other
221170,-0.2557,0.5117,0.7501,-3.0273,-0.4902,-0.2695,other
221193,-0.2485,0.5121,0.7567,-3.2383,-0.6309,-0.0859,other
221216,-0.2433,0.5054,0.7415,-3.3672,-0.752,0.0059,other
221239,-0.2432,0.5153,0.7643,-3.5469,-0.9609,0.0859,other
221262,-0.2427,0.5149,0.7662,-3.6836,-1.1816,0.1074,other
221285,-0.241,0.5073,0.7545,-3.7344,-1.3145,0.1016,other
221308,-0.2448,0.5165,0.7507,-3.7539,-1.4629,0.0723,other
221331,-0.2535,0.522,0.7595,-3.7363,-1.5098,0.0508,other
221354,-0.2473,0.5167,0.754,-3.6641,-1.4824,0.0117,other
221377,-0.2489,0.511,0.736,-3.5488,-1.3398,-0.0527,other
221400,-0.2493,0.5138,0.7531,-3.4629,-1.1914,-0.1172,other
221423,-0.2445,0.5137,0.7543,-3.3398,-0.9277,-0.2422,other
221446,-0.2495,0.5132,0.7439,-3.2695,-0.7559,-0.334,other
221469,-0.2528,0.5193,0.7496,-3.1953,-0.5508,-0.4512,other
221492,-0.25,0.5195,0.7557,-3.1719,-0.4668,-0.5176,other
221515,-0.243,0.5155,0.7489,-3.1719,-0.4316,-0.5352,other
221538,-0.2419,0.5042,0.7487,-3.2266,-0.5059,-0.5371,other
221561,-0.2456,0.5032,0.7565,-3.3066,-0.6094,-0.5273,other
221584,-0.2483,0.5173,0.7579,-3.4687,-0.8125,-0.5039,other
221607,-0.2505,0.5198,0.7537,-3.5781,-0.9551,-0.4746,other
221630,-0.2449,0.5242,0.76,-3.6953,-1.1367,-0.3945,other
221653,-0.2413,0.5182,0.7462,-3.7109,-1.2285,-0.2832,other
221676,-0.2443,0.5073,0.7516,-3.668,-1.2227,-0.2012,other
221699,-0.245,0.5099,0.7505,-3.5605,-1.1133,-0.0801,other
221722,-0.2524,0.5114,0.7472,-3.4805,-0.9863,0.0,other
221745,-0.251,0.5096,0.748,-3.377,-0.752,0.125,other
221768,-0.2458,0.5201,0.7439,-3.293,-0.4961,0.2656,other
221791,-0.2548,0.5308,0.749,-3.2285,-0.3262,0.3691,other
221814,-0.257,0.5289,0.7404,-3.0898,-0.0859,0.5293,other
221837,-0.2483,0.528,0.7397,-2.9766,0.0488,0.6309,other
221860,-0.2523,0.5109,0.7548,-2.8203,0.1758,0.7324,other
221883,-0.2385,0.5099,0.7445,-2.7637,0.1816,0.7305,other
221906,-0.2487,0.5126,0.7563,-2.7988,0.0449,0.6582,other
221929,-0.2448,0.5192,0.7601,-2.9648,-0.2461,0.4687,other
221952,-0.243,0.5228,0.7346,-3.1094,-0.4883,0.3145,other
221975,-0.2546,0.5344,0.7471,-3.3105,-0.8398,0.0801,other
221998,-0.2529,0.53,0.7551,-3.4023,-1.0293,-0.0586,other
222021,-0.2429,0.5171,0.7441,-3.459,-1.207,-0.2383,other
222044,-0.2485,0.5105,0.7426,-3.4648,-1.2715,-0.4141,other
222067,-0.2498,0.5121,0.7441,-3.4746,-1.2656,-0.5391,other
222090,-0.2462,0.5137,0.7432,-3.5117,-1.209,-0.7246,other
222113,-0.2472,0.5183,0.7404,-3.5391,-1.1504,-0.832,other
222136,-0.2483,0.5223,0.744,-3.5547,-1.0527,-0.9277,other
222159,-0.2467,0.5251,0.748,-3.5293,-0.9746,-0.8965,other
222182,-0.2427,0.5221,0.7566,-3.4922,-0.9492,-0.7988,other
222205,-0.2422,0.5197,0.7515,-3.4219,-0.9688,-0.5645,other
222228,-0.2467,0.5214,0.7533,-3.3809,-1.0156,-0.375,other
222251,-0.2445,0.5183,0.744,-3.3477,-1.1113,-0.0859,other
222274,-0.244,0.5211,0.7418,-3.3594,-1.1895,0.168,other
222297,-0.2445,0.5164,0.7437,-3.4277,-1.2109,0.3105,other
222320,-0.2399,0.5219,0.7494,-3.5527,-1.1875,0.4844,other
222343,-0.2438,0.5326,0.7545,-3.6562,-1.1465,0.5801,other
222366,-0.2461,0.53,0.7581,-3.8164,-1.0684,0.7109,other
222389,-0.2471,0.538,0.7534,-3.9238,-1.0137,0.7871,other
222412,-0.2596,0.5648,0.7844,-4.1133,-0.9316,0.8867,other
222435,-0.2614,0.5613,0.7321,-4.5586,-0.832,1.0352,other
222458,-0.2605,0.5636,0.7391,-5.2969,-0.7461,1.252,other
222481,-0.2666,0.5471,0.8065,-7.5566,-0.4785,1.9043,other
222504,-0.217,0.5312,0.7683,-9.9375,-0.0937,2.5898,other
222527,-0.2457,0.5708,0.7583,-14.6016,0.9473,3.9395,other
222550,-0.3058,0.5148,0.7461,-19.8418,2.6074,5.4395,other
222573,-0.2849,0.4474,0.7843,-23.0547,3.9746,6.248,other
222596,-0.2112,0.4393,0.7987,-26.5176,6.0469,6.5371,other
222619,-0.2185,0.4347,0.7899,-27.541,7.1699,5.7812,other
222642,-0.2598,0.4525,0.7888,-26.9766,8.2285,3.0332,other
222665,-0.2931,0.4434,0.7896,-24.3594,8.7129,-1.209,other
222688,-0.2712,0.4451,0.7816,-21.6484,8.8945,-4.373,other
222711,-0.2814,0.4556,0.7773,-17.2207,9.0605,-8.7949,other
222734,-0.2869,0.4852,0.7812,-14.2734,9.0312,-11.1191,other
222757,-0.3063,0.5107,0.8127,-10.1953,8.5586,-13.2363,other
222780,-0.2913,0.4836,0.8149,-7.7891,7.8672,-13.6602,other
222803,-0.2363,0.4592,0.818,-4.8125,6.252,-12.9746,other
222826,-0.1924,0.4534,0.7275,-2.9316,4.0312,-11.0723,other
222849,-0.274,0.4575,0.7766,-2.4121,2.3672,-9.248,other
222872,-0.3744,0.4579,0.8085,-2.4941,0.0508,-5.5371,other
222895,-0.3652,0.39,0.7976,-2.834,-1.2012,-2.2969,other
222918,-0.2877,0.3932,0.7996,-3.541,-2.668,3.5254,other
222941,-0.2305,0.4559,0.7847,-4.6406,-3.7051,9.5547,other
222964,-0.1757,0.4877,0.765,-5.7227,-4.0195,12.9238,other
222987,-0.2042,0.4305,0.8175,-7.9238,-3.4492,15.9648,other
223010,-0.2076,0.42,0.8793,-9.7227,-2.0195,16.4043,other
223033,-0.2001,0.3875,0.7716,-12.8555,2.2734,15.0723,other
223056,-0.2821,0.3505,0.6654,-16.8125,9.7012,12.7324,other
223079,-0.3011,0.3271,0.7187,-19.6035,16.4883,11.6309,other
223102,-0.3041,0.3308,0.7562,-23.9941,28.7578,12.1797,other
223125,-0.2749,0.4025,0.6857,-26.3789,37.4902,14.6973,other
223148,-0.2776,0.5199,0.645,-28.3555,49.6621,22.332,other
223171,-0.3403,0.627,0.6616,-28.2754,56.248,29.9336,other
223194,-0.2687,0.6594,0.7651,-25.5801,62.7988,44.123,other
223217,-0.1685,0.7009,0.8538,-19.5449,63.998,59.543,other
223240,-0.2291,0.6342,0.6599,-14.0703,63.7207,63.998,other
223263,-0.2968,0.6034,0.6665,-5.4785,59.0996,63.998,other
223286,-0.2694,0.6537,0.7352,-0.6641,54.6855,63.998,other
223309,-0.1906,0.5604,0.8251,4.0039,47.2207,63.998,other
223332,-0.2098,0.4392,0.7407,5.2461,39.7852,63.998,other
223355,-0.2677,0.5272,0.6644,4.2031,35.2676,63.998,other
223378,-0.3376,0.5294,0.7384,0.3535,29.625,63.998,other
223401,-0.1985,0.4674,0.734,-3.0645,26.7813,63.998,other
223424,-0.2684,0.496,0.7446,-8.0937,23.8223,63.998,other
223447,-0.3259,0.5243,0.7333,-11.6641,22.1055,63.998,other
223470,-0.2228,0.5355,0.792,-12.7676,21.4395,61.2188,other
223493,-0.1917,0.5382,0.828,-12.3105,20.7949,52.5723,other
223516,-0.1997,0.4838,0.693,-10.7832,20.4609,47.252,other
223539,-0.1812,0.5251,0.6323,-7.4648,20.0762,40.084,other
223562,-0.2479,0.5306,0.5594,-5.1211,19.959,35.9805,other
223585,-0.1669,0.5659,0.6461,-2.0312,20.0527,31.0938,other
223608,-0.199,0.641,0.6552,0.5508,20.3594,27.7852,other
223631,-0.3718,0.6488,0.5673,2.2344,20.5801,26.332,other
223654,-0.3342,0.7261,0.5227,5.0312,20.8105,24.8242,other
223677,0.021,0.8019,0.7843,7.1582,20.8457,23.6445,other
223700,-0.3485,0.6887,0.5554,10.6973,20.625,20.1289,other
223723,-0.3058,0.743,0.6272,14.2266,19.9609,13.5547,other
223746,-0.3114,0.7212,0.6194,16.416,19.2324,7.4258,other
223769,-0.3281,0.7104,0.5648,19.8301,17.7734,-4.2227,other
223792,-0.2767,0.6436,0.556,22.7227,16.7656,-13.5859,other
223815,-0.0046,0.7089,0.7914,29.0332,15.6328,-29.8691,other
223838,-0.2004,0.7629,0.9409,38.123,14.9941,-47.6973,other
223861,-0.3419,0.7554,0.7769,44.9316,14.5215,-58.957,other
223884,-0.4254,0.5897,0.5424,53.125,12.8066,-64.0,other
223907,-0.3477,0.4403,0.4762,55.0352,10.5293,-64.0,other
223930,-0.3055,0.4308,0.5985,50.1328,5.3691,-64.0,other
223953,-0.3197,0.4553,0.6528,41.7168,1.2148,-64.0,other
223976,-0.3635,0.4901,0.6862,23.6035,-4.9004,-56.4141,other
223999,-0.4309,0.4812,0.6339,2.9395,-9.5684,-38.0234,other
224022,-0.4155,0.4594,0.6095,-10.1035,-11.3887,-24.4844,other
224045,-0.3389,0.4659,0.621,-26.2305,-11.8496,-4.3164,other
224068,-0.2633,0.4791,0.6117,-33.9238,-10.6328,7.8945,other
224091,-0.2601,0.5642,0.5142,-40.5801,-6.8008,22.9121,other
224114,-0.3887,0.6494,0.3008,-42.0547,-1.2129,33.3301,other
224137,-0.4143,0.7039,0.187,-40.793,3.002,37.8613,other
224160,-0.3677,1.1102,0.7426,-36.1973,9.1289,41.4219,other
224183,-0.1156,1.0679,0.5042,-31.3906,12.4043,41.6895,other
224206,-0.3077,0.7874,0.4492,-22.1621,14.5645,38.7773,other
224229,-0.094,0.7844,0.6813,-11.9902,12.1973,31.75,other
224252,-0.3251,0.7534,0.8132,-5.207,8.1348,24.8887,other
224275,-0.3822,0.7889,0.7821,4.4746,-0.7266,12.0801,other
224298,-0.3265,0.7097,0.6578,10.0898,-7.6895,2.5176,other
224321,-0.2705,0.6555,0.5803,15.9883,-18.5117,-12.293,other
224344,-0.3411,0.5696,0.5177,17.6172,-25.6172,-26.5449,other
224367,-0.3324,0.5271,0.5499,16.373,-36.1758,-35.1172,other
224390,-0.2285,0.5106,0.6447,11.8809,-47.2598,-45.873,other
224413,-0.14,0.4501,0.6506,8.3105,-55.3301,-51.4707,other
224436,-0.1201,0.4111,0.6436,4.0566,-64.0,-57.4453,other
224459,-0.1573,0.3677,0.6121,2.8203,-64.0,-59.7461,other
224482,-0.1998,0.3866,0.5741,4.25,-64.0,-60.4551,other
224505,-0.1665,0.4822,0.6355,10.0742,-64.0,-57.6328,other
224528,-0.1338,0.6472,0.7568,16.4043,-64.0,-53.7402,other
224551,-0.1089,0.645,0.7181,28.9785,-64.0,-45.0762,other
224574,-0.1135,0.6633,0.6724,38.5332,-64.0,-37.6953,other
224597,-0.1653,0.6423,0.5566,52.3438,-64.0,-24.9863,other
224620,-0.1852,0.6547,0.4165,62.7539,-64.0,-11.541,other
224643,-0.1738,0.698,0.4829,63.998,-64.0,-2.9473,other
224666,-0.0723,0.7805,0.5669,63.998,-64.0,8.1309,other
224689,0.0122,0.7347,0.6626,63.998,-64.0,13.5918,other
224712,0.0096,0.7684,0.7219,60.8867,-62.4023,18.0117,other
224735,-0.0603,0.6835,0.5398,55.8691,-54.1797,17.8262,other
224758,-0.0896,0.6732,0.5028,46.2656,-49.2402,15.7012,other
224781,-0.0741,0.7478,0.5007,33.4844,-42.2148,11.0625,other
224804,0.0177,0.7017,0.563,22.8516,-37.4531,8.0273,other
224827,0.0599,0.6415,0.6537,3.6406,-30.3848,5.0449,other
224850,0.0555,0.5685,0.7009,-11.0234,-25.9902,4.6445,other
224873,0.043,0.63,0.7322,-34.627,-20.1172,6.8027,other
224896,0.0273,0.5908,0.7841,-58.2344,-15.1113,12.1191,other
224919,0.0338,0.499,0.8508,-64.0,-12.1523,16.9902,other
224942,0.0735,0.4159,0.8452,-64.0,-7.9766,25.0078,other
224965,0.1071,0.469,0.7997,-64.0,-5.123,29.9121,other
224988,0.028,0.6339,0.7819,-64.0,-0.4082,35.3301,other
225011,-0.0491,0.601,0.8251,-64.0,4.9355,37.7051,other
225034,0.0483,0.4674,0.8755,-64.0,8.75,37.5098,other
225057,0.0276,0.4199,0.9072,-64.0,14.5273,34.6211,other
225080,0.019,0.4133,0.8386,-64.0,18.2227,31.084,other
225103,0.0471,0.5204,0.8158,-64.0,23.0469,23.7383,other
225126,0.0182,0.5485,0.8019,-64.0,26.3828,14.7207,other
225149,0.0509,0.4961,0.8456,-58.4551,26.9141,8.3906,other
225172,0.0281,0.4852,0.8617,-46.8418,25.582,-0.4668,other
225195,0.0477,0.5227,0.7892,-40.332,23.0391,-5.2695,other
225218,0.1301,0.5309,0.8162,-32.5859,17.0039,-9.8437,other
225241,-0.1742,0.4836,0.8656,-28.707,11.7187,-10.6367,other
225264,-0.0386,0.4457,0.8655,-24.4883,2.6543,-7.7949,other
225287,0.0275,0.3589,0.9099,-21.5664,-6.2949,-0.5273,other
225310,0.0736,0.3287,0.9006,-19.9824,-11.4434,5.8535,other
225333,0.1326,0.3064,0.9135,-17.791,-17.2754,15.8457,other
225356,0.0785,0.3396,0.9176,-16.3867,-19.7969,21.8359,other
225379,-0.0021,0.3634,0.9177,-14.4863,-21.7695,28.8906,other
225402,0.1111,0.34,0.9409,-13.1133,-22.127,33.3828,other
225425,0.1406,0.2369,0.9126,-12.6152,-21.7754,35.0137,other
225448,0.0377,0.3812,0.8969,-12.5957,-20.5957,35.5977,other
225471,-0.0101,0.4312,0.8895,-13.0918,-19.3555,34.8945,other
225494,0.0887,0.3463,0.9302,-14.5645,-16.8379,32.5371,other
225517,0.1132,0.4182,0.9006,-15.9297,-13.8965,28.9023,other
225540,0.184,0.4144,0.8834,-18.2441,-11.9316,25.7773,other
225563,0.1394,0.3887,0.877,-20.3672,-9.2441,19.8535,other
225586,0.073,0.3838,0.889,-21.3906,-7.7812,14.9883,other
225609,0.114,0.3998,0.9261,-22.0664,-6.2637,6.3574,other
225632,0.1915,0.4081,0.8966,-21.9258,-5.75,-0.127,other
225655,0.1387,0.4479,0.9125,-21.1699,-5.8066,-10.3242,other
225678,0.0885,0.3632,0.9399,-20.5469,-6.8125,-19.5859,other
225701,0.0822,0.3285,0.9813,-20.6816,-7.8418,-24.125,other
225724,0.1595,0.2961,0.9908,-22.2246,-9.4707,-27.1445,other
225747,0.0939,0.2878,0.9271,-24.2695,-10.3242,-26.3848,other
225770,0.0795,0.1882,0.864,-28.8281,-10.916,-21.5293,other
225793,0.1263,0.2061,0.9156,-34.7852,-10.5137,-13.5371,other
225816,0.1539,0.2267,0.9854,-39.0605,-9.6777,-7.4531,other
225839,0.1163,0.2458,1.0034,-44.9414,-7.7031,1.2949,other
225862,0.1071,0.2107,0.9827,-48.002,-6.0859,6.1992,other
225885,0.1266,0.1985,0.9767,-50.8457,-3.6582,11.502,other
225908,0.12,0.1768,0.9697,-51.5508,-1.7656,14.0801,other
225931,0.1339,0.1427,0.9386,-51.0645,-0.9941,14.3574,other
225954,0.1404,0.1235,0.9448,-49.2246,-0.6191,12.9883,other
225977,0.1492,0.1344,1.0244,-47.4766,-0.8379,11.1895,other
226000,0.1627,0.1492,1.0392,-44.2324,-1.7246,7.7344,other
226023,0.1431,0.1616,1.0337,-41.7246,-2.5918,5.2559,other
226046,0.1328,0.1388,0.9894,-37.7441,-4.1621,1.8008,other
226069,0.1477,0.0857,0.9722,-34.1094,-5.9531,-0.832,other
226092,0.1635,0.0896,1.0052,-32.2188,-7.2246,-1.9824,other
226115,0.1978,0.0889,1.0321,-30.4453,-9.0918,-2.8242,other
226138,0.1803,0.1211,1.0809,-29.9805,-10.209,-2.8965,other
226161,0.1454,0.0896,1.0338,-30.2578,-11.6035,-2.4219,other
226184,0.1794,0.0266,0.9987,-31.6172,-12.7578,-1.3848,other
226207,0.1951,-0.0186,0.9258,-33.0762,-13.543,-0.4844,other
226230,0.1874,-0.004,0.9758,-35.8594,-14.8145,0.9199,other
226253,0.1687,0.01,1.0413,-37.8105,-15.6133,1.7148,other
226276,0.1705,0.0518,1.1375,-40.2051,-16.3848,2.4102,other
226299,0.1661,0.0657,1.1194,-41.123,-16.3125,2.2305,other
226322,0.2059,0.0,1.0109,-41.4707,-15.752,1.5391,other
226345,0.246,-0.0739,0.8611,-41.3301,-14.4531,-0.3281,bite
226368,0.205,-0.1753,0.6711,-41.4629,-13.6582,-2.0098,bite
226391,0.1667,-0.1948,0.686,-42.1289,-13.2012,-4.8613,bite
226414,0.2629,-0.0872,1.0592,-42.2344,-13.5098,-6.8574,bite
226437,0.3385,0.0295,1.3225,-39.6523,-14.5625,-10.1152,bite
226460,0.4083,0.1115,1.2408,-31.5781,-15.6621,-14.0156,bite
226483,0.3007,0.0642,1.0591,-23.2461,-16.2129,-16.8965,bite
226506,0.1499,0.0128,0.9465,-8.752,-16.5313,-20.7324,bite
226529,0.1469,-0.0353,0.8962,0.4238,-16.2715,-22.248,bite
226552,0.2532,0.0162,1.0908,11.1328,-14.9316,-22.3594,bite
226575,0.2552,0.0957,1.1995,17.2363,-12.0234,-20.5039,bite
226598,0.2228,0.0552,1.0452,18.8867,-8.9805,-18.9023,bite
226621,0.2166,-0.0786,0.7303,18.1113,-2.8574,-16.8652,bite
226644,0.0967,-0.1061,0.5851,15.6055,1.832,-15.9785,bite
226667,0.1373,-0.0309,0.8647,9.8926,8.875,-15.3984,bite
226690,0.2506,0.1584,1.2965,4.9062,15.4082,-15.8848,bite
226713,0.2096,0.2722,1.4102,4.082,19.5078,-16.9805,bite
226736,0.1034,0.2375,1.2485,8.0332,25.3867,-19.5625,bite
226759,0.1069,0.0697,0.9158,13.1562,28.9082,-21.2988,bite
226782,0.0835,-0.057,0.6385,20.6484,32.5566,-22.5723,bite
226805,0.0642,-0.0253,0.7078,23.2832,33.2793,-22.0293,bite
226828,0.0526,0.1071,1.0145,22.3457,31.457,-19.252,bite
226851,0.1305,0.215,1.2358,17.7793,26.8633,-15.4082,bite
226874,0.1392,0.2196,1.2535,14.7891,22.9922,-13.1875,bite
226897,0.1846,0.132,1.036,12.3242,17.0938,-11.3242,bite
226920,0.1366,0.0961,0.9241,11.9004,13.4922,-11.1328,bite
226943,0.0688,0.1421,0.9435,11.5859,8.875,-11.8184,bite
226966,0.0999,0.1244,1.0361,10.3359,5.5215,-12.6406,bite
226989,0.1494,0.1434,1.077,9.082,4.1504,-12.8477,bite
227012,0.1488,0.243,1.1031,7.623,3.3379,-12.457,bite
227035,0.0927,0.2311,1.0605,7.4102,3.5078,-11.7598,bite
227058,0.0399,0.1396,0.9587,8.0254,4.6543,-10.0117,bite
227081,-0.0333,0.073,0.9447,8.4023,6.3828,-7.2383,bite
227104,-0.0674,0.1337,0.9932,7.8281,7.4844,-4.8613,bite
227127,-0.041,0.1772,1.167,5.5176,8.6152,-1.125,bite
227150,0.0748,0.1573,1.3079,3.2383,8.8672,0.8105,bite
227173,0.1752,0.1605,1.3129,-0.918,8.1523,1.5762,bite
227196,0.172,0.1726,1.1986,-4.2344,6.707,-1.3438,bite
227219,0.0903,0.098,1.141,-10.543,2.9922,-4.6543,bite
227242,0.0928,0.0267,1.1338,-18.8906,-1.9473,-10.9785,bite
227265,0.1227,-0.0082,1.0709,-25.4102,-5.3496,-14.8145,bite
227288,0.1376,-0.0156,1.0153,-35.7695,-9.7324,-18.5332,bite
227311,0.1185,-0.0522,1.0107,-42.4609,-11.8477,-19.125,bite
227334,0.1119,-0.0752,0.9597,-51.1035,-13.5898,-16.8105,bite
227357,0.1156,-0.0231,0.9509,-56.9609,-13.4922,-10.9473,bite
227380,0.11,-0.062,0.9075,-58.9551,-12.4121,-5.5586,bite
227403,0.1361,-0.0878,0.8755,-59.3086,-9.6016,3.752,bite
227426,0.1198,-0.0913,0.8312,-58.3496,-7.3301,10.2285,bite
227449,0.0696,-0.127,0.7767,-56.4863,-4.1641,19.6719,bite
227472,0.0389,-0.1725,0.7906,-55.5488,-2.2148,28.3281,bite
227495,0.0425,-0.1667,0.8682,-55.7598,-1.8965,33.4395,bite
227518,0.0752,-0.1666,0.9265,-56.8555,-2.9336,39.6113,bite
227541,0.1055,-0.1931,0.9674,-57.5469,-4.457,42.3594,bite
227564,0.1637,-0.2007,1.0055,-57.5918,-7.4961,43.8672,bite
227587,0.2013,-0.2104,1.0173,-56.6211,-9.7344,41.9141,bite
227610,0.1665,-0.2335,1.0728,-53.582,-12.959,38.8496,bite
227633,0.2135,-0.2986,1.1017,-49.0449,-15.6094,32.4004,bite
227656,0.2712,-0.3794,1.0885,-45.5664,-16.9316,27.457,bite
227679,0.3177,-0.358,1.0831,-40.3496,-18.2539,20.0234,bite
227702,0.2671,-0.303,1.1635,-37.1465,-18.6758,15.5254,bite
227725,0.2197,-0.3058,1.1322,-32.832,-18.3789,10.168,bite
227748,0.2106,-0.373,1.1001,-29.0098,-16.6367,7.0977,bite
227771,0.2375,-0.3728,1.11,-26.7559,-14.6328,6.4609,bite
227794,0.2598,-0.3436,1.0861,-23.9453,-10.5488,7.4238,bite
227817,0.1749,-0.2972,1.0406,-22.5273,-7.2715,9.0918,bite
227840,0.1031,-0.2582,1.066,-21.1621,-1.8105,12.6934,bite
227863,0.0609,-0.2863,1.016,-20.6973,3.8965,17.2129,bite
227886,0.0448,-0.3062,0.9895,-20.918,7.543,20.5156,bite
227909,0.0619,-0.3538,0.9604,-22.2188,12.2539,25.5039,bite
227932,0.0813,-0.4075,0.8721,-23.8223,14.5801,28.5859,bite
227955,0.0571,-0.3949,0.8961,-27.3027,16.4727,32.4531,bite
227978,0.0365,-0.3861,0.9474,-30.0801,16.1016,35.166,bite
228001,0.0403,-0.4058,0.9055,-34.1035,15.2734,36.3203,bite
228024,0.0419,-0.4204,0.8977,-36.9805,12.5937,37.1543,bite
228047,0.0916,-0.4331,0.9337,-37.8945,10.3555,37.2109,bite
228070,0.0941,-0.4249,0.9569,-37.5664,6.6602,36.8555,bite
228093,0.0583,-0.4399,0.9681,-36.2637,4.1035,36.5859,bite
228116,0.0682,-0.399,0.974,-32.9336,0.4141,36.5957,bite
228139,0.0393,-0.4225,0.9854,-28.3945,-2.7187,37.4688,bite
228162,0.0393,-0.4316,0.9226,-25.0273,-4.3516,38.6172,bite
228185,-0.0077,-0.4097,0.9413,-20.082,-6.0625,41.1348,bite
228208,0.0471,-0.3976,1.007,-17.1875,-6.7637,43.2578,bite
228231,0.0298,-0.3524,1.0253,-13.8965,-7.3906,46.9043,bite
228254,-0.0156,-0.3474,1.0552,-12.2832,-7.7852,50.8555,bite
228277,0.0753,-0.4161,1.0225,-12.2695,-7.9746,53.4492,bite
228300,0.0352,-0.4305,0.964,-13.752,-8.0488,56.7559,bite
228323,0.001,-0.3998,1.0315,-15.4766,-7.8496,58.2656,bite
228346,-0.0498,-0.4054,1.0222,-18.3555,-7.0078,59.1758,other
228369,-0.0005,-0.4554,0.9532,-19.9922,-5.5723,58.3711,other
228392,-0.0565,-0.4645,0.9597,-21.5723,-4.2695,56.916,other
228415,-0.0524,-0.4412,0.9939,-21.959,-2.3711,53.4883,other
228438,-0.0632,-0.4518,0.9542,-21.5801,-1.3066,50.5059,other
228461,-0.0514,-0.4325,0.9781,-20.2344,-0.3223,45.291,other
228484,-0.036,-0.4395,1.0243,-18.959,-0.168,41.5098,other
228507,0.0446,-0.5219,0.9525,-16.7109,-0.6992,35.6465,other
228530,0.0337,-0.5009,0.9767,-14.3281,-1.9238,29.7363,other
228553,-0.0691,-0.4023,0.9856,-12.6836,-2.877,25.8418,other
228576,-0.0358,-0.3762,0.9613,-9.8965,-4.0586,20.1582,other
228599,0.0472,-0.4891,0.9204,-7.6777,-4.5078,16.4961,other
228622,-0.0016,-0.5341,0.9391,-3.625,-4.7129,11.2187,other
228645,0.0358,-0.5079,0.9968,1.4648,-4.666,6.4043,other
228668,0.0062,-0.4507,0.9979,5.4238,-4.6855,3.6289,other
228691,-0.0034,-0.3627,0.998,11.918,-4.9609,0.2871,other
228714,-0.0209,-0.257,0.9834,16.3223,-5.3262,-1.4219,other
228737,-0.0135,-0.3036,1.0311,22.3965,-6.0625,-3.3867,other
228760,0.0459,-0.3689,0.9844,25.6621,-6.9062,-4.834,other
228783,0.1093,-0.4551,1.0164,28.7051,-7.5137,-5.5879,other
228806,0.0464,-0.4354,1.0083,29.0332,-8.3613,-6.5195,other
228829,0.0497,-0.3636,1.042,27.7227,-8.6094,-7.0801,other
228852,0.0394,-0.3896,0.9899,24.0586,-7.9375,-8.0059,other
228875,0.0023,-0.3412,0.9884,21.1719,-6.5918,-8.8086,other
228898,-0.0155,-0.3048,0.965,17.6797,-3.1855,-10.4824,other
228921,-0.0035,-0.3378,0.9857,16.7363,1.4648,-12.7246,other
228944,0.0254,-0.3403,1.0309,17.9473,4.7754,-14.3828,other
228967,-0.0131,-0.2404,1.0354,22.3145,9.1484,-16.7578,other
228990,-0.0084,-0.1421,1.0532,26.459,11.2266,-18.0938,other
229013,-0.0204,-0.193,1.0577,33.4727,12.6699,-19.5957,other
229036,0.002,-0.0883,1.0414,40.2598,12.1191,-20.5469,other
229059,-0.0216,-0.0757,1.0548,44.1504,10.8242,-20.9707,other
229082,0.0266,-0.1562,1.0568,48.5898,7.8652,-21.4375,other
229105,0.016,-0.2122,1.0482,50.4883,5.4863,-21.707,other
229128,0.0415,-0.1566,1.0746,51.5938,1.8066,-22.1309,other
229151,-0.0081,-0.1343,1.0763,50.0879,-1.4883,-22.6172,other
229174,0.0181,-0.1689,1.0475,48.2988,-3.2168,-22.9668,other
229197,-0.0553,-0.0608,1.0232,42.9004,-4.8574,-23.5352,other
229220,-0.01,-0.0145,0.9337,37.8652,-5.2715,-23.9531,other
229243,-0.1132,0.0306,0.9891,28.4785,-5.0254,-24.7168,other
229266,-0.0287,-0.0262,0.9917,21.4121,-4.4297,-25.4063,other
229289,0.0442,-0.2159,0.9354,10.5234,-3.2031,-27.0098,other
229312,0.0555,-0.2605,0.9706,0.1934,-2.0176,-29.6855,other
229335,0.0668,-0.2535,1.0071,-5.9961,-1.457,-32.1387,other
229358,0.0314,-0.3223,0.9387,-13.8477,-1.1836,-36.5039,other
229381,0.0457,-0.3469,0.9642,-18.0605,-1.459,-39.457,other
229404,0.0487,-0.3578,0.9647,-22.7832,-2.6094,-43.1973,other
229427,0.0878,-0.3286,1.0244,-25.2695,-4.4922,-45.5254,other
229450,0.1393,-0.248,1.1097,-25.3281,-5.9434,-46.2559,other
229473,0.0974,-0.2583,1.0602,-22.5078,-7.9961,-46.332,other
229496,0.0854,-0.2383,1.0496,-18.7051,-9.0898,-45.7734,other
229519,0.0573,-0.222,1.0468,-10.6738,-10.1172,-44.0449,other
229542,0.0947,-0.218,1.0145,-0.6738,-10.1914,-41.5273,other
229565,0.1069,-0.1465,1.0648,6.8047,-9.5586,-39.8203,other
229588,0.0918,-0.069,1.1017,19.0449,-7.3281,-38.0098,other
229611,0.0509,-0.0402,1.037,27.7793,-4.9062,-37.625,other
229634,-0.0002,-0.0354,0.9275,41.0801,0.0176,-38.3184,other
229657,-0.0253,-0.0629,0.7705,49.4395,3.9687,-39.3867,other
229680,-0.1217,-0.0431,0.6754,60.1895,10.5488,-41.416,other
229703,-0.1016,0.0029,0.7244,63.998,17.7246,-43.7695,other
229726,-0.0212,0.0662,0.8022,63.998,22.8516,-45.7383,other
229749,-0.0272,0.1145,0.8948,63.998,31.1465,-49.8945,other
229772,-0.1578,0.1306,0.8461,63.998,37.1152,-53.6074,other
229795,-0.323,0.2081,0.7288,63.998,46.3848,-59.873,other
229818,-0.301,0.2246,0.6599,63.998,54.6602,-64.0,other
229841,-0.173,0.2748,0.7461,63.998,58.4551,-64.0,other
229864,-0.1056,0.4241,1.0176,63.998,59.9238,-64.0,other
229887,-0.0566,0.4911,1.1327,63.998,57.7051,-64.0,other
229910,-0.1897,0.4374,0.9365,63.998,50.3457,-63.1523,other
229933,-0.3966,0.5,0.7583,63.998,40.8535,-58.9668,other
229956,-0.4576,0.6028,0.8538,63.998,35.3828,-55.9082,other
229979,-0.386,0.7072,1.0864,63.998,31.5703,-51.7793,other
230002,-0.3698,0.7559,1.1671,63.998,33.1934,-50.1484,other
230025,-0.6166,0.6809,0.7369,63.998,42.3984,-50.3711,other
230048,-0.9801,0.6117,0.4332,63.998,52.459,-52.0195,other
230071,-0.8986,0.6317,0.5352,63.998,63.998,-54.9766,other
230094,-0.5188,0.7341,0.3556,63.998,63.998,-56.8457,other
230117,-0.5099,0.4042,-0.2661,63.998,63.998,-57.2891,other
230140,-0.4714,0.4264,-0.3074,63.998,63.998,-56.5742,other
230163,-0.6028,0.4661,-0.219,63.998,63.998,-54.6387,other
230186,-0.6439,0.646,-0.1918,63.998,63.998,-47.998,other
230209,-0.8691,0.8357,-0.2301,63.998,63.998,-35.3828,other
230232,-0.9706,0.946,-0.1537,63.998,63.998,-23.7129,other
230255,-0.8931,0.85,-0.2719,63.998,63.998,-3.3203,other
230278,-0.7128,0.6992,-0.373,63.998,63.998,10.2031,other
230301,-0.5903,0.6216,-0.3318,63.998,63.998,26.5918,other
230324,-0.5901,0.632,-0.1355,63.998,63.998,34.9004,other
230347,-0.5978,0.6298,-0.0464,63.998,45.8496,35.1855,other
230370,-0.6638,0.598,0.0223,43.0781,6.9492,28.6074,other
230393,-0.5748,0.5431,0.0443,26.8223,-20.0645,20.918,other
230416,-0.5607,0.5441,0.168,1.6367,-59.0664,7.5117,other
230439,-0.6104,0.541,0.3207,-15.6328,-64.0,-4.2871,other
230462,-0.6033,0.576,0.3992,-41.832,-64.0,-9.4453,other
230485,-0.4978,0.4462,0.3827,-64.0,-64.0,-11.5176,other
230508,-0.3195,0.3431,0.483,-64.0,-64.0,-8.9883,other
230531,-0.2616,0.2676,0.5503,-64.0,-64.0,-0.2148,other
230554,-0.236,0.3005,0.7458,-64.0,-64.0,8.0137,other
230577,-0.2286,0.429,0.9646,-64.0,-64.0,21.9805,other
230600,-0.2676,0.4427,0.9424,-64.0,-64.0,35.5176,other
230623,-0.3054,0.4755,1.0768,-64.0,-64.0,43.2461,other
230646,-0.1045,0.2723,1.1156,-64.0,-64.0,51.7793,other
230669,-0.0817,0.0892,0.8616,-64.0,-64.0,54.834,other
230692,-0.1334,0.1884,0.8357,-64.0,-64.0,54.7207,other
230715,-0.2684,0.387,0.8293,-64.0,-64.0,49.1699,other
230738,-0.4268,0.5592,0.8518,-64.0,-60.6543,43.1152,other
230761,-0.4255,0.5913,0.8202,-58.2129,-34.5879,31.959,other
230784,-0.3878,0.6228,0.75,-39.5488,-15.9043,23.8848,other
230807,-0.4872,0.6654,0.7412,-9.1387,11.8301,11.7207,other
230830,-0.4594,0.6243,0.6338,10.9863,28.6523,0.2852,other
230853,-0.4419,0.5642,0.5186,37.3984,49.0703,-6.5586,other
230876,-0.4695,0.521,0.5505,55.3809,61.584,-15.1426,other
230899,-0.4417,0.548,0.6248,61.3633,63.998,-19.4902,other
230922,-0.4294,0.535,0.641,61.2051,62.2168,-23.6875,other
230945,-0.4309,0.4979,0.652,55.7344,55.8965,-24.8926,other
230968,-0.403,0.4856,0.7035,41.5234,41.1055,-24.3867,other
230991,-0.3744,0.481,0.7451,23.1719,22.3398,-21.4492,other
231014,-0.3657,0.4457,0.7646,10.3926,9.0742,-18.457,other
231037,-0.3558,0.4355,0.7987,-7.2988,-9.8848,-13.0508,other
231060,-0.3248,0.4539,0.7863,-17.0898,-20.8301,-9.248,other
231083,-0.2936,0.4082,0.7706,-27.748,-33.2051,-3.9004,other
231106,-0.3864,0.3805,0.7915,-33.2148,-39.5488,0.5645,other
231129,-0.3767,0.3657,0.7523,-34.1289,-40.2324,3.0078,other
231152,-0.3368,0.4187,0.7311,-32.0996,-36.5566,5.8887,other
231175,-0.348,0.4304,0.7738,-29.0156,-31.7051,7.2402,other
231198,-0.354,0.4376,0.7589,-22.6641,-22.3496,8.3242,other
231221,-0.35,0.4581,0.7489,-17.7285,-15.5605,8.291,other
231244,-0.3759,0.4865,0.7628,-9.9531,-5.6953,7.7246,other
231267,-0.4216,0.4872,0.729,-2.4102,2.8906,6.3008,other
231290,-0.411,0.4856,0.6906,2.1309,7.6074,5.1445,other
231313,-0.407,0.5116,0.7205,7.707,12.8887,3.3945,other
231336,-0.4087,0.5109,0.7133,10.3867,15.1074,2.3437,other
231359,-0.4053,0.4919,0.6792,12.6016,16.4277,1.0918,other
231382,-0.4011,0.4839,0.6952,12.4902,15.4687,0.3359,other
231405,-0.3811,0.4893,0.7172,11.2266,13.7441,0.0996,other
231428,-0.3749,0.4843,0.7223,8.0723,9.9863,0.0176,other
231451,-0.3772,0.4713,0.7234,5.5332,7.0195,0.0586,other
231474,-0.3688,0.4893,0.7318,1.7188,2.4512,0.1738,other
231497,-0.3719,0.4884,0.7528,-1.5801,-1.6621,0.3164,other
231520,-0.3674,0.4818,0.761,-3.3359,-3.918,0.4297,other
231543,-0.3534,0.4695,0.7689,-5.2578,-6.4004,0.6035,other
231566,-0.3439,0.4608,0.76,-6.1055,-7.4336,0.6992,other
231589,-0.3522,0.4681,0.7554,-6.8516,-8.1133,0.7715,other
231612,-0.3586,0.4701,0.7555,-7.0645,-7.5469,0.7715,other
231635,-0.3645,0.4773,0.7429,-7.0254,-7.2734,0.752,other
231658,-0.3752,0.4773,0.7263,-6.6465,-5.8437,0.7324,other
231681,-0.3728,0.4692,0.7266,-6.2637,-4.6484,0.7461,other
231704,-0.3669,0.4969,0.7047,-5.5859,-2.6953,0.8125,other
231727,-0.4036,0.5114,0.7264,-5.1055,-1.3965,0.8828,other
231750,-0.3923,0.5161,0.7391,-4.3535,0.3672,1.002,other
231773,-0.3773,0.4938,0.7129,-3.5703,1.7012,1.0449,other
231796,-0.3761,0.4764,0.7089,-3.1035,2.2539,0.9727,other
231819,-0.3815,0.4913,0.734,-2.6484,2.4766,0.668,other
231842,-0.3737,0.476,0.7572,-2.5586,2.2246,0.3398,other
231865,-0.3533,0.46,0.749,-2.7227,1.3652,-0.3281,other
231888,-0.3495,0.4471,0.7454,-3.1777,0.1641,-1.168,other
231911,-0.3566,0.4354,0.731,-3.5957,-0.6738,-1.7676,other
231934,-0.361,0.4541,0.7388,-4.2949,-1.7813,-2.5723,other
231957,-0.3755,0.4719,0.7513,-4.7305,-2.3281,-2.9434,other
231980,-0.3716,0.4781,0.7346,-5.2051,-2.7656,-3.1152,other
232003,-0.3671,0.4882,0.7374,-5.3594,-2.7285,-2.7754,other
232026,-0.3759,0.493,0.7461,-5.3398,-2.4844,-2.2969,other
232049,-0.3824,0.4908,0.7413,-5.0547,-1.8984,-1.3223,other
232072,-0.3749,0.4746,0.7279,-4.7676,-1.4316,-0.5977,other
232095,-0.381,0.4851,0.7164,-4.2871,-0.7207,0.4121,other
232118,-0.3816,0.4668,0.7164,-3.9805,-0.2852,0.9375,other
232141,-0.3647,0.4705,0.7079,-3.584,0.25,1.4063,other
232164,-0.3844,0.4937,0.7301,-3.2871,0.5742,1.4941,other
232187,-0.3817,0.4871,0.7661,-3.123,0.6465,1.3984,other
232210,-0.3638,0.4771,0.7402,-2.875,0.5156,1.1016,other
232233,-0.363,0.4689,0.7305,-2.7305,0.2812,0.8359,other
232256,-0.3673,0.483,0.7311,-2.6465,-0.2324,0.4023,other
232279,-0.3813,0.498,0.7434,-2.7812,-0.8262,0.0137,other
232302,-0.3818,0.4956,0.7352,-2.9512,-1.1836,-0.1855,other
232325,-0.3787,0.4857,0.7219,-3.2422,-1.5527,-0.3945,other
232348,-0.3707,0.4731,0.7324,-3.4238,-1.6523,-0.5,other
232371,-0.3676,0.469,0.7296,-3.6582,-1.5938,-0.6699,other
232394,-0.3698,0.4615,0.7388,-3.7832,-1.3633,-0.8867,other
232417,-0.3646,0.4675,0.7394,-3.9297,-1.1621,-1.0527,other
232440,-0.3651,0.4691,0.7407,-4.0195,-0.8418,-1.2891,other
232463,-0.3689,0.4775,0.7362,-4.041,-0.6328,-1.4082,other
232486,-0.3813,0.4862,0.7262,-4.0039,-0.3379,-1.4766,other
232509,-0.3877,0.4885,0.72,-3.9316,-0.1465,-1.416,other
232532,-0.3805,0.4785,0.7163,-3.748,0.1426,-1.1621,other
232555,-0.3832,0.4866,0.7222,-3.4941,0.4219,-0.7793,other
232578,-0.3864,0.4735,0.7072,-3.3086,0.5742,-0.5,other
232601,-0.3751,0.4818,0.7203,-3.0859,0.6934,-0.1055,other
232624,-0.3774,0.4949,0.7395,-3.0,0.6562,0.1152,other
232647,-0.3822,0.4916,0.7354,-2.9531,0.4023,0.3574,other
232670,-0.3733,0.4792,0.7313,-2.9707,-0.043,0.4707,other
232693,-0.3705,0.472,0.7169,-3.0078,-0.3984,0.459,other
232716,-0.3737,0.478,0.7249,-3.0742,-0.9258,0.3027,other
232739,-0.3698,0.49,0.741,-3.0996,-1.2285,0.1191,other
232762,-0.3755,0.4922,0.7435,-3.0723,-1.5625,-0.2168,other
232785,-0.3701,0.4836,0.7437,-2.5137,-1.7559,-0.5391,other
232808,-0.3696,0.4766,0.7261,-2.9102,-1.8145,-0.7129,other
232831,-0.3813,0.4751,0.7167,-2.8555,-1.7871,-0.9023,other
232854,-0.381,0.4764,0.7175,-2.8652,-1.6836,-0.9785,other
232877,-0.3726,0.4724,0.7173,-2.9531,-1.4141,-1.0215,other
232900,-0.3688,0.4771,0.7306,-3.0586,-1.1973,-0.9961,other
232923,-0.3701,0.4799,0.7369,-3.2695,-0.9004,-0.873,other
232946,-0.3684,0.4856,0.739,-3.5059,-0.7168,-0.6289,other
232969,-0.3752,0.4927,0.7396,-3.6504,-0.666,-0.4043,other
232992,-0.3765,0.4954,0.7289,-3.8047,-0.6621,-0.002,other
233015,-0.3793,0.4913,0.7148,-3.8574,-0.6758,0.2812,other
233038,-0.3823,0.4937,0.722,-3.877,-0.6699,0.6777,other
233061,-0.3807,0.4976,0.7347,-3.834,-0.5996,0.9805,other
233084,-0.3739,0.4817,0.7344,-3.7715,-0.5176,1.0918,other
233107,-0.3672,0.4681,0.7158,-3.6641,-0.3789,1.0781,other
233130,-0.3757,0.4771,0.718,-3.6191,-0.2969,0.9473,other
233153,-0.384,0.4883,0.7216,-3.6094,-0.2051,0.6094,other
233176,-0.3807,0.4972,0.7178,-3.627,-0.1562,0.1992,other
233199,-0.3806,0.5028,0.7294,-3.6289,-0.1523,-0.0605,other
233222,-0.3832,0.5022,0.7405,-3.6055,-0.2148,-0.3789,other
233245,-0.3732,0.495,0.7437,-3.5801,-0.3105,-0.5449,other
233268,-0.3743,0.4687,0.7308,-3.5605,-0.5332,-0.7715,other
233291,-0.3641,0.4596,0.7273,-3.584,-0.7109,-0.9492,other
233314,-0.3639,0.457,0.7233,-3.6914,-0.959,-1.2949,other
233337,-0.3718,0.4653,0.7108,-3.8809,-1.1211,-1.7012,other
233360,-0.377,0.4764,0.7261,-4.0293,-1.1563,-1.9375,other
233383,-0.3794,0.4819,0.7218,-4.2109,-1.0898,-2.123,other
233406,-0.3816,0.4817,0.7205,-4.2656,-0.9746,-2.0859,other
233429,-0.3804,0.4952,0.7289,-4.2227,-0.7422,-1.7676,other
233452,-0.385,0.5,0.7216,-4.041,-0.5098,-1.1777,other
233475,-0.3885,0.4993,0.7211,-3.8711,-0.3848,-0.6836,other
233498,-0.3823,0.4982,0.7291,-3.5996,-0.2754,0.0898,other
233521,-0.3756,0.4875,0.7189,-3.4395,-0.2656,0.543,other
233544,-0.3778,0.4735,0.7224,-3.2773,-0.3496,0.9961,other
233567,-0.3678,0.4723,0.7313,-3.2441,-0.543,1.0977,other
233590,-0.3718,0.4786,0.7307,-3.291,-0.7187,0.9746,other
233613,-0.3737,0.479,0.7343,-3.4219,-1.0039,0.5703,other
233636,-0.3708,0.4822,0.7238,-3.5176,-1.1758,0.2187,other
233659,-0.3765,0.4819,0.7227,-3.6309,-1.3535,-0.3223,other
233682,-0.3796,0.4899,0.7263,-3.6777,-1.4023,-0.625,other
233705,-0.3798,0.4875,0.7184,-3.707,-1.3633,-0.9121,other
233728,-0.381,0.491,0.726,-3.7051,-1.2227,-0.957,other
233751,-0.3798,0.495,0.7258,-3.6953,-1.0918,-0.8691,other
233774,-0.382,0.4873,0.7094,-3.6816,-0.875,-0.623,other
233797,-0.3817,0.4878,0.7286,-3.6875,-0.7363,-0.4238,other
233820,-0.3713,0.4825,0.7329,-3.7461,-0.5723,-0.1406,other
233843,-0.3701,0.48,0.7153,-3.8457,-0.502,0.0352,other
233866,-0.3788,0.4867,0.7268,-3.9238,-0.5059,0.0684,other
233889,-0.3826,0.4954,0.7333,-4.0098,-0.5684,0.002,other
233912,-0.3837,0.4794,0.7186,-4.0195,-0.627,-0.0996,other
233935,-0.3706,0.4739,0.715,-3.9746,-0.7129,-0.3027,other
233958,-0.3713,0.4772,0.7234,-3.8965,-0.791,-0.5332,other
233981,-0.3748,0.4917,0.7423,-3.8379,-0.8457,-0.6797,other
234004,-0.3788,0.4918,0.7412,-3.7441,-0.9277,-0.834,other
234027,-0.3761,0.4849,0.72,-3.6758,-0.9785,-0.873,other
234050,-0.3812,0.4866,0.7111,-3.6016,-1.0313,-0.834,other
234073,-0.3904,0.491,0.7211,-3.5879,-1.0371,-0.7051,other
234096,-0.3829,0.4857,0.7177,-3.6113,-0.9883,-0.5918,other
234119,-0.371,0.4802,0.7142,-3.6719,-0.8984,-0.418,other
234142,-0.3745,0.4802,0.7306,-3.7324,-0.8438,-0.3164,other
234165,-0.373,0.4839,0.7498,-3.8516,-0.8184,-0.1973,other
234188,-0.3699,0.4736,0.7291,-3.9355,-0.8555,-0.1348,other
234211,-0.369,0.4855,0.7192,-4.0605,-0.9824,-0.0566,other
234234,-0.3914,0.501,0.7339,-4.1699,-1.1348,0.0352,other
234257,-0.3876,0.4946,0.7198,-4.2051,-1.209,0.1211,other
234280,-0.3779,0.4902,0.712,-4.1836,-1.2422,0.2734,other
234303,-0.3823,0.4884,0.7194,-4.1348,-1.2109,0.3652,other
234326,-0.3761,0.4863,0.7212,-4.0508,-1.1191,0.4375,other
234349,-0.3713,0.4888,0.7422,-3.9961,-1.0352,0.3984,other
234372,-0.3732,0.4882,0.7433,-3.9883,-1.0137,0.3086,other
234395,-0.3737,0.4706,0.7244,-4.0176,-1.0391,0.0957,other
234418,-0.3679,0.4727,0.719,-4.0723,-1.082,-0.084,other
234441,-0.3759,0.4813,0.7264,-4.1992,-1.1465,-0.3672,other
234464,-0.3802,0.4821,0.7252,-4.291,-1.1719,-0.6074,other
234487,-0.3735,0.4808,0.7225,-4.4082,-1.166,-0.707,other
234510,-0.3755,0.4854,0.7213,-4.4941,-1.1191,-0.7383,other
234533,-0.379,0.4922,0.7319,-4.5293,-1.0742,-0.6797,other
234556,-0.3795,0.4834,0.728,-4.5371,-1.0,-0.4844,other
234579,-0.3693,0.4865,0.7249,-4.5156,-0.959,-0.3027,other
234602,-0.3801,0.4907,0.7206,-4.4551,-0.918,-0.0078,other
234625,-0.3827,0.4852,0.7194,-4.377,-0.9004,0.2637,other
234648,-0.3715,0.4922,0.7307,-4.3066,-0.8945,0.4023,other
234671,-0.3772,0.4902,0.7334,-4.1523,-0.8848,0.5078,other
234694,-0.3788,0.4824,0.7217,-4.0195,-0.8828,0.5059,other
234717,-0.3707,0.4875,0.7332,-3.832,-0.9004,0.418,other
234740,-0.3732,0.4836,0.7272,-3.7129,-0.9531,0.252,other
234763,-0.3759,0.4818,0.7311,-3.6875,-1.0039,0.1172,other
234786,-0.3704,0.4843,0.7313,-3.7383,-1.0898,-0.0859,other
234809,-0.3722,0.4814,0.7301,-3.832,-1.1543,-0.2012,other
234832,-0.3713,0.4755,0.7308,-4.0527,-1.2637,-0.3125,other
234855,-0.3687,0.4663,0.7272,-4.2383,-1.3398,-0.332,other
234878,-0.3727,0.4675,0.7367,-4.5586,-1.4512,-0.2773,other
234901,-0.4304,0.4647,0.7704,-4.9512,-1.6016,-0.0547,other
234924,-0.4131,0.4606,0.7673,-5.3125,-1.7988,0.207,other
234947,-0.2938,0.4595,0.7084,-6.2109,-2.4062,0.6465,other
234970,-0.2728,0.4614,0.7181,-7.1719,-3.1133,0.791,other
234993,-0.3472,0.4852,0.7643,-9.0859,-4.6426,0.6035,other
235016,-0.4097,0.4963,0.7623,-11.0117,-6.3887,0.166,other
235039,-0.3787,0.4915,0.741,-11.9336,-7.3535,-0.0254,other
235062,-0.3466,0.4828,0.733,-12.4512,-8.0566,0.0098,other
235085,-0.3586,0.4774,0.7234,-12.2129,-7.8711,0.2129,other
235108,-0.3655,0.4779,0.7164,-11.1719,-6.5488,0.6348,other
235131,-0.3684,0.4791,0.7455,-9.6016,-4.1758,1.0645,other
235154,-0.3645,0.4744,0.7631,-8.3633,-2.2578,1.3105,other
235177,-0.3729,0.4747,0.7562,-6.3105,0.6484,1.5879,other
235200,-0.3715,0.4662,0.7406,-4.8887,2.3496,1.7051,other
235223,-0.3577,0.4683,0.7239,-2.873,4.2148,1.7598,other
235246,-0.3773,0.4821,0.7368,-1.7285,5.0605,1.6465,other
235269,-0.3921,0.4869,0.7523,-0.457,5.0703,1.4844,other
235292,-0.3571,0.4844,0.776,0.2031,4.4395,1.1172,other
235315,-0.3379,0.4916,0.797,0.293,3.7324,0.7637,other
235338,-0.387,0.4592,0.7837,-0.0937,2.5645,0.0215,other
235361,-0.4038,0.4308,0.825,-0.709,1.9512,-0.6055,other
235384,-0.4043,0.4144,0.875,-2.25,1.5859,-1.6563,other
235407,-0.4409,0.3358,0.7745,-4.7598,1.9258,-2.7988,other
235430,-0.4767,0.3076,0.6256,-7.25,2.4277,-3.6621,other
235453,-0.3319,0.4586,0.6104,-12.5625,3.3027,-5.4102,other
235476,-0.2911,0.4587,0.7833,-16.834,3.7383,-7.1543,other
235499,-0.3223,0.5305,0.726,-22.7461,4.0098,-10.8906,other
235522,-0.4285,0.4612,0.6995,-26.1328,4.252,-15.4004,other
235545,-0.5297,0.4443,0.6775,-26.4238,4.8477,-18.0977,other
235568,-0.5502,0.4232,0.6992,-23.916,7.0059,-20.4844,other
235591,-0.493,0.4463,0.7305,-20.5137,9.3437,-20.6621,other
235614,-0.4418,0.5109,0.6926,-13.3242,13.6074,-19.2559,other
235637,-0.4412,0.452,0.6863,-7.4727,17.2324,-17.0977,other
235660,-0.4302,0.4182,0.7341,2.3164,18.3652,-15.877,other
235683,-0.4312,0.495,0.7649,12.6055,17.3496,-14.9004,other
235706,-0.431,0.4717,0.7283,19.1758,15.0391,-14.9023,other
235729,-0.4357,0.426,0.6804,27.2891,10.2187,-15.6523,other
235752,-0.4681,0.4369,0.6724,30.7207,6.8301,-16.3301,other
235775,-0.4845,0.4301,0.6584,32.0332,2.3945,-16.9238,other
235798,-0.5051,0.4471,0.6724,28.7148,-0.7871,-16.2969,other
235821,-0.4916,0.4498,0.7013,24.3965,-2.1934,-15.0195,other
235844,-0.4353,0.4509,0.7157,16.0547,-3.4043,-12.0391,other
235867,-0.4729,0.4633,0.7119,10.1094,-3.7539,-9.6934,other
235890,-0.5287,0.4614,0.7181,1.9141,-3.7363,-6.3223,other
235913,-0.5226,0.4337,0.7244,-4.3535,-3.0488,-3.8145,other
235936,-0.5078,0.4443,0.726,-7.1602,-2.209,-2.959,other
235959,-0.4851,0.4462,0.6993,-9.3145,-0.543,-3.3203,other
235982,-0.564,0.4866,0.6842,-9.5645,0.6543,-4.793,other
236005,-0.6013,0.4462,0.6818,-8.5937,2.3281,-8.7539,other
236028,-0.5182,0.355,0.668,-6.2656,3.5488,-14.332,other
236051,-0.4918,0.4033,0.7224,-4.4805,3.8672,-18.6621,other
236074,-0.4901,0.4296,0.7433,-1.0098,3.5371,-25.8535,other
236097,-0.515,0.3646,0.719,1.3555,2.9824,-30.9746,other
236120,-0.5732,0.3311,0.6667,3.9258,2.1738,-38.5508,other
236143,-0.6254,0.2888,0.6929,4.2129,1.8711,-42.9688,other
236166,-0.6268,0.2426,0.6855,1.5527,1.9023,-47.7559,other
236189,-0.5812,0.238,0.6499,-4.7852,2.4316,-50.0371,other
236212,-0.5327,0.2448,0.6506,-10.3867,2.9746,-50.4941,other
236235,-0.5532,0.2354,0.6705,-19.0879,4.041,-50.502,other
236258,-0.6473,0.2114,0.6805,-23.9512,5.0,-50.4316,other
236281,-0.6707,0.1959,0.6249,-28.3359,7.0781,-50.1914,other
236304,-0.6329,0.2794,0.6005,-28.4063,9.9453,-48.9727,other
236327,-0.6357,0.327,0.6487,-26.0078,12.0234,-47.043,other
236350,-0.6617,0.3292,0.6526,-19.0723,14.9238,-41.9766,other
236373,-0.7113,0.3396,0.6385,-12.5684,16.5391,-37.2285,other
236396,-0.7041,0.3546,0.6337,-0.8145,18.2109,-28.6152,other
236419,-0.6929,0.394,0.7101,12.1035,18.4863,-19.0801,other
236442,-0.686,0.3938,0.6965,20.4844,17.5918,-12.7168,other
236465,-0.6654,0.3516,0.6598,30.9453,14.4629,-4.0176,other
236488,-0.637,0.3428,0.6615,35.4238,11.375,0.6738,other
236511,-0.6321,0.3562,0.6416,36.9355,6.1113,5.3555,other
236534,-0.6013,0.3345,0.5956,34.0137,2.8672,6.8945,other
236557,-0.5834,0.2964,0.558,23.7129,-0.6836,7.6973,other
236580,-0.5767,0.3182,0.5088,7.4121,-2.3418,8.5352,other
236603,-0.6567,0.2306,0.3651,-5.707,-2.3926,10.2383,other
236626,-0.6464,0.2334,0.3971,-26.5566,-0.6484,15.5859,other
236649,-0.5143,0.3502,0.618,-39.5137,1.6055,20.9629,other
236672,-0.6434,0.4095,0.6753,-54.0039,4.5488,31.0781,other
236695,-0.6073,0.438,0.6835,-59.1973,3.4727,42.7031,other
236718,-0.4182,0.5105,0.8585,-56.7227,-0.9941,50.6328,other
236741,-0.2407,0.5175,0.9551,-44.8789,-14.2793,61.5527,other
236764,-0.2678,0.4904,0.9038,-32.916,-27.1914,63.998,other
236787,-0.2461,0.5294,0.9115,-12.2207,-50.7754,63.998,other
236810,-0.2098,0.4991,0.8835,7.5898,-64.0,63.998,other
236833,-0.1428,0.4742,0.8885,18.416,-64.0,63.998,other
236856,-0.1609,0.4935,0.9783,29.4473,-64.0,63.998,other
236879,-0.114,0.4575,0.8156,33.0488,-64.0,63.998,other
236902,-0.1687,0.4401,0.7903,33.1504,-64.0,63.998,other
236925,-0.1825,0.462,0.801,30.252,-64.0,58.877,other
236948,-0.1946,0.4412,0.7891,22.8887,-64.0,52.5488,other
236971,-0.1755,0.4406,0.8264,13.7227,-64.0,43.2754,other
236994,-0.1969,0.4354,0.9255,7.5156,-64.0,37.0039,other
237017,-0.1176,0.4343,0.8853,-0.957,-43.9277,27.4668,other
237040,-0.1487,0.402,0.7845,-5.791,-26.2813,20.959,other
237063,-0.1655,0.3573,0.7632,-11.8887,-2.4238,11.0,other
237086,-0.175,0.356,0.8005,-16.8066,16.6191,1.1621,other
237109,-0.1504,0.4137,0.8275,-19.4004,26.1328,-5.0137,other
237132,-0.1387,0.4414,0.8022,-22.0391,35.5098,-13.1719,other
237155,-0.1689,0.4164,0.7627,-22.8789,38.7012,-17.5176,other
237178,-0.269,0.4075,0.7432,-22.8496,39.5645,-21.6875,other
237201,-0.3021,0.4192,0.7545,-21.498,36.8789,-22.3164,other
237224,-0.2819,0.4723,0.825,-19.918,33.9004,-20.7188,other
237247,-0.2319,0.5021,0.8584,-16.502,28.8887,-15.9922,other
237270,-0.2323,0.5057,0.8188,-13.5957,25.7461,-11.9473,other
237293,-0.2939,0.4945,0.8066,-8.7676,21.834,-5.6426,other
237316,-0.2411,0.4785,0.7943,-5.6582,19.8652,0.2461,other
237339,-0.184,0.489,0.7855,-1.8594,18.0313,3.0527,other
237362,-0.3978,0.489,0.8214,0.3809,18.1348,6.1934,other
237385,-0.4333,0.4451,0.8019,0.9141,19.7539,7.3105,other
237408,-0.3424,0.4645,0.7587,0.3359,24.5898,7.7148,other
237431,-0.3578,0.4843,0.7606,-0.8164,28.9336,7.1816,other
237454,-0.3367,0.5029,0.7983,-3.1816,35.8359,5.1738,other
237477,-0.3723,0.4712,0.7446,-5.5645,41.4082,1.9258,other
237500,-0.439,0.4353,0.7584,-6.8398,43.543,-0.6367,other
237523,-0.429,0.4635,0.7067,-7.9941,43.8945,-4.5527,other
237546,-0.4331,0.4479,0.738,-8.1699,42.3887,-6.9863,other
237569,-0.4326,0.4512,0.7638,-7.4902,38.373,-10.2363,other
237592,-0.423,0.4385,0.7421,-5.8086,33.5645,-13.123,other
237615,-0.4292,0.427,0.7053,-4.3809,30.5313,-14.9316,other
237638,-0.4315,0.4015,0.6866,-2.4043,26.7129,-17.3906,other
237661,-0.4309,0.3843,0.6865,-1.5547,24.6719,-18.6797,other
237684,-0.431,0.4034,0.7349,-1.2617,22.084,-19.7148,other
237707,-0.431,0.439,0.7773,-1.6133,20.4863,-19.4258,other
237730,-0.4336,0.4376,0.7588,-2.4707,18.0762,-18.502,other
237753,-0.4391,0.4226,0.7438,-3.2109,15.4668,-16.1875,other
237776,-0.4628,0.4398,0.7739,-3.5117,13.5098,-14.1582,other
237799,-0.5054,0.4294,0.7971,-3.707,10.0996,-10.6523,other
237822,-0.4691,0.3936,0.778,-3.7988,7.4238,-8.1836,other
237845,-0.391,0.3673,0.8032,-4.252,2.5566,-4.6484,other
237868,-0.3608,0.3608,0.7914,-5.4863,-3.6406,-1.8105,other
237891,-0.3977,0.3134,0.7289,-6.8047,-8.5352,-0.5391,other
237914,-0.4395,0.3455,0.6776,-9.2363,-16.584,0.3066,other
237937,-0.4344,0.3187,0.6885,-10.7559,-21.6465,0.1484,other
237960,-0.4385,0.3782,0.6986,-11.8027,-26.9785,-1.2422,other
237983,-0.4237,0.4507,0.7483,-9.9883,-28.1406,-4.0391,other
238006,-0.4301,0.5189,0.7603,-6.8008,-26.4824,-6.5645,other
238029,-0.4249,0.4843,0.7877,0.4473,-20.9648,-10.8477,other
238052,-0.4154,0.4463,0.7584,6.1035,-15.8613,-13.582,other
238075,-0.3988,0.4749,0.8007,13.9355,-7.3672,-16.5996,other
238098,-0.4554,0.4742,0.7936,17.6191,0.6152,-17.2676,other
238121,-0.5162,0.3926,0.704,19.1699,5.1758,-15.9121,other
238144,-0.4865,0.2852,0.5157,14.5195,9.8574,-10.8984,other
238167,-0.4225,0.3107,0.5719,7.8184,10.8691,-5.8027,other
238190,-0.4077,0.4752,0.9637,-5.7344,7.748,3.5742,other
238213,-0.3467,0.4778,0.9641,-14.9766,2.1641,10.2559,other
238236,-0.2845,0.4298,0.755,-25.6797,-10.793,19.5566,other
238259,-0.2483,0.4385,0.8596,-30.4512,-27.1914,26.7051,other
238282,-0.1349,0.4423,0.8948,-30.1152,-38.6797,29.9199,other
238305,-0.1462,0.4359,0.8672,-25.0977,-54.7539,32.3809,other
238328,-0.2415,0.5033,0.8601,-19.6152,-63.6602,32.6699,other
238351,-0.1908,0.4915,0.7693,-10.0664,-64.0,31.7598,other
238374,-0.0754,0.4248,0.8181,-1.1777,-64.0,29.9199,other
238397,-0.1001,0.4294,0.7743,3.4434,-64.0,28.375,other
238420,-0.214,0.4661,0.7711,7.8848,-64.0,25.7363,other
238443,-0.2397,0.4596,0.7406,9.3223,-64.0,23.875,other
238466,-0.0947,0.5057,0.8041,9.9258,-54.416,20.9902,other
238489,-0.0083,0.5349,0.8802,9.8477,-42.6641,17.7461,other
238512,-0.1182,0.5699,0.7998,9.9121,-35.0254,15.2578,other
238535,-0.1144,0.6085,0.7748,10.8691,-24.7266,11.2227,other
238558,-0.0537,0.604,0.8014,12.1406,-19.2891,8.5742,other
238581,-0.1628,0.5529,0.7473,15.0078,-14.0391,5.1191,other
238604,-0.09,0.5752,0.7871,17.4922,-12.5449,3.3906,other
238627,-0.0999,0.5566,0.7203,21.8105,-12.6309,1.7695,other
238650,-0.0742,0.5602,0.785,26.2578,-14.1445,1.1211,other
238673,-0.1273,0.5715,0.751,28.9219,-15.2148,1.0547,other
238696,-0.0577,0.6315,0.7894,31.9434,-16.0684,1.2031,other
238719,-0.1536,0.6001,0.7427,33.0332,-15.7656,1.2715,other
238742,-0.2202,0.694,0.8542,32.8281,-13.6855,1.1973,other
238765,-0.1034,0.6627,0.7323,29.7871,-9.8105,1.0098,other
238788,-0.0526,0.6122,0.6674,25.7578,-6.627,0.8477,other
238811,-0.0692,0.5927,0.6624,16.4004,-1.9492,0.5918,other
238834,-0.064,0.5726,0.6992,8.2773,0.4727,0.5547,other
238857,-0.0636,0.5559,0.7798,-5.2422,2.1602,1.0273,other
238880,-0.057,0.4468,0.702,-13.9629,1.0176,2.3437,other
238903,-0.056,0.4211,0.7075,-24.7012,-1.2598,3.6387,other
238926,0.0347,0.4962,0.7859,-30.8418,-6.3906,5.834,other
238949,0.1191,0.448,0.8484,-31.6406,-10.4941,7.1602,other
238972,0.1715,0.3145,0.7533,-27.498,-16.9277,8.6562,other
238995,0.1033,0.2712,0.6392,-21.5215,-21.0898,9.5449,other
239018,0.0414,0.5055,0.7108,-9.0781,-26.7227,11.7812,other
239041,0.0912,0.5879,0.8484,5.7559,-31.1172,16.4863,other
239064,0.167,0.5627,0.8364,16.0703,-33.1582,21.3281,other
239087,0.0219,0.4824,0.7009,30.7051,-34.8418,30.7031,other
239110,-0.0117,0.5626,0.6351,38.9453,-35.0879,37.7637,other
239133,-0.0889,0.6439,0.7657,47.6797,-34.2539,48.1875,other
239156,0.1583,0.61,0.6873,51.3105,-32.2012,56.2852,other
239179,0.2483,0.6193,0.6908,50.8613,-30.3203,59.084,other
239202,0.2043,0.6497,0.6711,46.3438,-26.916,58.002,other
239225,0.101,0.697,0.7666,41.2422,-24.3125,53.6719,other
239248,0.0975,0.7184,0.746,31.4063,-19.9902,42.8164,other
239271,0.0762,0.584,0.6356,19.8223,-15.3594,28.8203,other
239294,0.308,0.6715,0.6322,11.3125,-12.2227,18.8574,other
239317,0.0542,0.5831,0.7219,-1.9258,-7.5645,4.1758,other
239340,0.1711,0.579,0.7,-10.6426,-4.5723,-4.7695,other
239363,0.0566,0.594,0.7345,-22.6934,-0.3965,-15.9766,other
239386,0.1534,0.6265,0.708,-29.6172,2.1621,-21.7344,other
239409,0.1248,0.559,0.7085,-37.8496,5.6875,-27.959,other
239432,0.2131,0.5482,0.8035,-43.1641,8.7559,-31.7246,other
239455,0.0073,0.4987,0.7665,-45.0156,10.3945,-33.043,other
239478,0.0851,0.5817,0.7621,-45.4688,12.082,-33.3164,other
239501,-0.0078,0.5042,0.7886,-44.5313,12.7383,-32.4785,other
239524,0.0669,0.5472,0.7904,-41.959,13.2031,-30.0742,other
239547,0.0953,0.5597,0.769,-38.7539,13.291,-26.9316,other
239570,-0.0616,0.4739,0.8086,-36.582,13.3047,-24.7793,other
239593,0.1625,0.5712,0.7687,-33.5332,13.5332,-21.8848,other
239616,0.0179,0.5331,0.8048,-31.709,13.957,-20.3574,other
239639,-0.0172,0.5135,0.7865,-29.2617,15.0176,-18.5957,other
239662,-0.0662,0.4473,0.8103,-27.2637,16.502,-16.9668,other
239685,-0.0391,0.4805,0.8134,-25.6699,17.7559,-15.6641,other
239708,-0.0542,0.4369,0.8167,-23.9258,20.2285,-13.127,other
239731,-0.0563,0.5189,0.8162,-23.1465,22.4355,-11.0176,other
239754,-0.1024,0.4606,0.8354,-22.8828,26.6602,-7.3203,other
239777,0.0049,0.3868,0.8855,-23.4199,29.9102,-4.5918,other
239800,-0.052,0.4786,0.8534,-25.2793,35.0723,-0.293,other
239823,-0.027,0.4259,0.8583,-28.168,40.4355,4.0391,other
239846,-0.0907,0.4015,0.8582,-30.418,44.0508,6.8242,other
239869,-0.101,0.4292,0.8699,-33.8047,49.4668,10.6348,other
239892,-0.1823,0.4597,0.8845,-35.8359,53.0527,12.8594,other
239915,-0.1426,0.4464,0.8522,-38.3086,58.1582,15.7617,other
239938,-0.2371,0.4452,0.8418,-39.9824,62.3105,18.2773,other
239961,-0.2076,0.4409,0.8162,-40.6289,63.9688,19.8848,other
239984,-0.1934,0.4834,0.8575,-40.8691,63.6445,22.4902,other
240007,-0.2092,0.4631,0.8525,-40.5176,60.918,24.4766,other
240030,-0.1177,0.4436,0.8555,-39.1406,52.4746,27.7793,other
240053,-0.2192,0.396,0.8353,-36.7109,39.1914,31.1016,other
240076,-0.1847,0.4266,0.9642,-34.5371,28.373,33.0391,other
240099,-0.0868,0.4382,1.0062,-30.5996,10.9727,34.8965,other
240122,-0.0718,0.3798,0.9008,-27.7715,-0.2227,35.0137,other
240145,-0.0815,0.3239,0.8639,-23.9785,-14.6484,33.043,other
240168,-0.0464,0.3103,0.8777,-22.2148,-21.9902,28.8242,other
240191,0.0234,0.3405,0.9507,-21.1328,-29.0645,24.6406,other
240214,0.0088,0.3927,0.9683,-21.707,-31.7871,18.1094,other
240237,-0.0894,0.4194,0.9703,-22.627,-31.9688,14.0742,other
240260,-0.001,0.3481,0.791,-24.1191,-31.832,9.8086,other
240283,-0.0138,0.3826,0.7595,-24.8203,-32.834,8.707,other
240306,-0.0349,0.4095,0.7957,-24.6152,-37.6465,9.8027,other
240329,0.1248,0.4343,0.8926,-21.5273,-46.6172,12.9805,other
240352,0.29,0.4844,0.9995,-17.1367,-54.1211,14.9805,other
240375,0.2318,0.4912,0.9164,-6.707,-64.0,15.75,other
240398,0.0706,0.4146,0.8334,2.2734,-64.0,14.1621,other
240421,0.0621,0.4191,0.7816,16.8145,-64.0,8.9883,other
240444,0.0331,0.4513,0.854,29.9766,-64.0,1.9668,other
240467,0.0258,0.4146,0.9247,36.9023,-64.0,-2.8828,other
240490,0.0525,0.3922,0.8651,43.709,-51.9258,-9.6016,other
240513,0.0844,0.3014,0.7223,45.6445,-39.5273,-13.5859,other
240536,0.035,0.339,0.692,44.6563,-19.4727,-18.9102,other
240559,0.0457,0.4119,0.7899,41.832,-6.502,-23.5918,other
240582,0.0248,0.4863,0.896,36.041,10.5273,-26.3984,other
240605,0.0419,0.4983,0.9077,30.9941,23.293,-30.2051,other
240628,-0.0281,0.5498,0.873,29.1523,29.1348,-32.4414,other
240651,0.0475,0.5686,0.8578,29.1348,34.1133,-35.1816,other
240674,0.2577,0.6432,0.9177,30.6016,35.3242,-36.4824,other
240697,0.0162,0.7054,0.8938,33.7168,34.8105,-37.334,other
240720,-0.1891,0.7035,0.89,35.9863,32.4941,-36.041,other
240743,-0.2533,0.5662,0.6937,35.998,30.582,-33.5469,other
240766,-0.2715,0.4771,0.5424,32.6699,28.2676,-27.5645,other
240789,-0.2285,0.4528,0.6196,28.0898,27.7227,-22.8418,other
240812,-0.1724,0.4258,0.6572,18.6602,29.0781,-16.6426,other
240835,-0.1389,0.395,0.8048,8.5332,32.9863,-13.7793,other
240858,-0.1007,0.3607,0.8243,2.8047,36.5273,-14.4531,other
240881,-0.2528,0.3755,0.7397,-2.9043,42.2129,-19.1426,other
240904,-0.3828,0.3501,0.6494,-4.6914,45.7676,-23.9609,other
240927,-0.389,0.302,0.6233,-5.0527,50.3418,-31.9766,other
240950,-0.2648,0.3884,0.8524,-4.293,52.9961,-39.4102,other
240973,-0.1163,0.4153,0.877,-2.2891,57.3672,-43.7461,other
240996,-0.1758,0.4957,0.8488,0.0566,63.6699,-49.2207,other
241019,-0.5587,0.597,0.678,1.1758,63.998,-51.8242,other
241042,-0.6781,0.678,0.6908,0.9316,63.998,-52.8906,other
241065,-0.2716,0.6222,0.7479,-1.0879,63.998,-51.1016,other
241088,-0.5209,0.6156,0.6699,-7.2363,63.998,-44.5215,other
241111,-0.0886,0.625,0.7736,-16.5781,63.998,-33.8066,other
241134,-0.4666,0.533,0.7521,-23.8164,63.998,-24.834,other
241157,-0.3208,0.5479,0.6029,-34.748,60.2383,-9.0703,other
241180,-0.286,0.5535,0.6815,-41.3418,42.7617,2.6562,other
241203,-0.5137,0.5271,0.6608,-49.1934,13.6914,21.043,other
241226,-0.1914,0.5314,0.7737,-53.8887,-14.7852,38.75,other
241249,-0.2753,0.5405,0.7629,-55.1191,-31.6699,49.1211,other
241272,-0.2776,0.4586,0.8337,-54.2715,-52.6191,61.3086,other
241295,-0.2812,0.3303,0.839,-52.1426,-63.7051,63.998,other
241318,-0.0327,0.3473,0.9454,-47.1426,-64.0,63.998,other
241341,-0.0935,0.2798,0.9604,-42.9961,-64.0,63.998,bite
241364,-0.0701,0.2698,0.9663,-36.3457,-64.0,63.998,bite
241387,-0.0587,0.3125,0.933,-30.2129,-64.0,59.9063,bite
241410,-0.0605,0.3864,0.9258,-26.9258,-64.0,53.9063,bite
241433,0.0215,0.4026,0.8781,-23.6777,-64.0,44.3984,bite
241456,-0.0276,0.4636,0.8346,-22.7109,-64.0,38.3203,bite
241479,-0.1226,0.4436,0.8541,-22.916,-61.3379,30.3789,bite
241502,-0.0782,0.4508,0.8571,-24.6367,-46.4336,24.3086,bite
241525,-0.0027,0.4423,0.9224,-26.2676,-36.1523,21.207,bite
241548,0.1543,0.4924,0.8801,-28.8223,-20.8262,17.2578,bite
241571,0.021,0.4224,0.8695,-30.2168,-11.0684,14.6055,bite
241594,-0.0768,0.4294,0.8259,-31.2461,1.9922,10.2598,bite
241617,-0.1257,0.4369,0.8441,-30.6621,12.2637,5.8301,bite
241640,-0.1155,0.4215,0.8768,-29.4395,17.2402,3.2168,bite
241663,-0.0122,0.3751,0.9353,-26.6836,21.5605,0.3184,bite
241686,0.0415,0.3348,0.8593,-24.4297,22.168,-0.791,bite
241709,-0.0526,0.3416,0.9374,-20.7227,19.5801,-1.1973,bite
241732,-0.1136,0.3495,0.9231,-18.2109,13.252,-0.1172,bite
241755,-0.037,0.3308,0.9806,-14.7051,7.8145,1.3887,bite
241778,0.0099,0.3278,0.9047,-11.8398,-1.2461,4.5332,bite
241801,-0.0109,0.3004,0.9121,-10.3926,-7.0508,6.9316,bite
241824,-0.0435,0.3242,0.9747,-8.9609,-14.291,10.4707,bite
241847,0.0454,0.3468,0.9474,-8.4746,-17.6777,12.5469,bite
241870,0.0833,0.3457,0.9056,-8.3906,-20.2734,14.9258,bite
241893,0.0121,0.4274,0.9218,-8.9844,-20.1641,16.377,bite
241916,0.0507,0.4238,0.863,-9.6895,-19.0645,16.9805,bite
241939,0.0461,0.462,0.9329,-11.0664,-17.0508,17.6367,bite
241962,0.0685,0.4697,1.0399,-12.1035,-16.1914,18.0039,bite
241985,0.0957,0.4053,0.9781,-13.7988,-16.4336,18.4375,bite
242008,0.1447,0.3029,0.8705,-16.0469,-18.7363,18.5703,bite
242031,0.1459,0.1877,0.8394,-18.207,-21.2695,18.3965,bite
242054,0.1619,0.171,0.8772,-22.6758,-25.9648,17.6621,bite
242077,0.165,0.1781,0.9517,-26.2246,-29.1797,16.8516,bite
242100,0.1315,0.1906,0.915,-31.3848,-33.1992,15.2266,bite
242123,0.16,0.249,0.9481,-34.0234,-35.375,13.3145,bite
242146,0.1399,0.3318,1.0308,-35.8398,-35.4785,11.9902,bite
242169,0.2163,0.3112,1.0179,-34.6797,-33.4492,10.0449,bite
242192,0.2339,0.2946,1.0117,-32.5117,-30.834,8.8379,bite
242215,0.1235,0.2505,0.9329,-28.2441,-25.9043,7.3828,bite
242238,0.0918,0.1821,0.8219,-25.5254,-22.5723,6.8418,bite
242261,0.1785,0.1742,0.8999,-22.7949,-18.3477,6.8066,bite
242284,0.2485,0.1632,0.9763,-22.0547,-15.3418,7.248,bite
242307,0.2804,0.1676,0.942,-22.3555,-13.8184,7.3555,bite
242330,0.1727,0.2112,0.9738,-23.1738,-11.5918,6.6836,bite
242353,0.1268,0.2172,0.9194,-23.5371,-9.7148,5.5957,bite
242376,0.1771,0.2432,0.9974,-23.3418,-5.7129,3.2148,bite
242399,0.1168,0.2493,1.0244,-22.0195,0.0586,0.2969,bite
242422,0.1442,0.2482,1.0557,-20.5469,4.9004,-1.7676,bite
242445,0.0781,0.2042,0.9191,-17.9082,13.4785,-4.832,bite
242468,0.0503,0.1857,0.8497,-16.2871,19.9316,-6.7676,bite
242491,0.0203,0.1995,0.9514,-14.6055,30.4844,-9.4512,bite
242514,-0.059,0.2242,1.0444,-13.9648,41.7227,-11.9434,bite
242537,-0.101,0.2312,1.0892,-13.2656,49.2676,-13.5508,bite
242560,-0.0841,0.1942,1.027,-12.459,59.6855,-15.9102,bite
242583,-0.0597,0.1594,0.9692,-11.8828,63.998,-17.4414,bite
242606,-0.0939,0.1832,1.0349,-11.25,63.998,-19.6426,bite
242629,-0.1056,0.1835,1.0723,-11.0898,63.998,-21.0352,bite
242652,-0.0286,0.166,1.0048,-11.252,63.998,-22.9727,bite
242675,-0.0552,0.1685,0.9783,-11.9121,59.2754,-24.625,bite
242698,-0.1178,0.1836,1.0015,-12.6367,52.6445,-25.4121,bite
242721,-0.1189,0.2065,1.0746,-14.0059,41.2246,-25.7461,bite
242744,-0.1364,0.2356,1.1666,-14.9004,33.252,-25.2324,bite
242767,-0.1146,0.2412,1.1958,-15.8516,21.8906,-23.3457,bite
242790,-0.1348,0.2233,1.1334,-16.1816,12.4297,-20.3945,bite
242813,-0.1915,0.2025,1.1079,-16.1797,7.4941,-18.0254,bite
242836,-0.1587,0.162,1.1403,-16.0566,1.8789,-14.082,bite
242859,-0.1422,0.1227,1.1718,-15.7598,-1.0059,-11.3066,bite
242882,-0.198,0.1161,1.2301,-14.3008,-4.5742,-7.1602,bite
242905,-0.2062,0.1276,1.1321,-11.4648,-7.4922,-3.4082,bite
242928,-0.1392,0.0333,1.0402,-9.3535,-8.9648,-1.4082,bite
242951,-0.0201,-0.0287,1.0214,-7.9297,-10.3672,0.3477,bite
242974,0.0339,-0.0171,0.9921,-8.7969,-10.7734,0.4297,bite
242997,-0.0673,0.0134,0.9832,-12.9199,-10.4727,-1.1855,bite
243020,-0.1417,0.0452,0.9572,-16.9492,-9.4551,-3.1074,bite
243043,-0.191,0.0616,0.9542,-23.2188,-6.3008,-6.2344,bite
243066,-0.2014,0.0704,0.9636,-27.6445,-0.9727,-8.416,bite
243089,-0.2074,0.0522,0.9512,-28.7363,3.5957,-8.9277,bite
243112,-0.1487,-0.0209,0.8986,-27.377,11.0,-8.2734,bite
243135,-0.0962,-0.0387,0.8604,-24.957,15.4746,-7.1973,bite
243158,-0.0885,-0.0022,0.8439,-20.5879,20.2773,-5.4785,bite
243181,-0.1198,0.006,0.8424,-17.2363,22.3965,-4.6113,bite
243204,-0.137,-0.0201,0.855,-16.3047,22.541,-4.7676,bite
243227,-0.1364,-0.0431,0.9344,-17.1855,21.4512,-5.8906,bite
243250,-0.1577,-0.017,0.9985,-19.1055,20.1152,-6.8789,bite
243273,-0.199,-0.0568,1.0361,-23.4668,17.3164,-7.9258,bite
243296,-0.1479,-0.1475,1.0089,-29.2676,13.5117,-7.584,bite
243319,-0.1135,-0.1698,1.0143,-33.8594,10.2891,-6.334,bite
243342,-0.0819,-0.1323,1.1525,-41.4824,4.3809,-2.9785,other
243365,-0.0846,-0.0934,1.2291,-46.5723,-0.0508,0.0684,other
243388,-0.0648,-0.1108,1.1899,-53.2285,-6.7422,5.5137,other
243411,-0.0765,-0.2122,1.0599,-56.6934,-10.8301,9.5723,other
243434,-0.0718,-0.2274,1.0886,-60.4941,-15.9824,16.168,other
243457,-0.0854,-0.192,1.0759,-62.8809,-19.5371,23.2246,other
243480,-0.0981,-0.2023,1.014,-63.7344,-20.7676,28.0371,other
243503,-0.1292,-0.225,0.9805,-63.9043,-20.7051,35.1016,other
243526,-0.1646,-0.2277,0.9573,-63.3086,-19.4336,39.5176,other
243549,-0.207,-0.2438,0.894,-61.5684,-16.0684,45.4707,other
243572,-0.1934,-0.2712,0.8574,-59.2832,-11.7402,50.4219,other
243595,-0.1416,-0.2488,0.9347,-57.6855,-8.8418,53.0313,other
243618,-0.1608,-0.2551,0.926,-55.1875,-5.1836,55.6816,other
243641,-0.2008,-0.2578,0.9471,-53.3945,-3.4922,56.5742,other
243664,-0.197,-0.2574,0.9883,-50.4961,-2.3164,56.8066,other
243687,-0.0856,-0.2714,1.0234,-47.3945,-2.7344,56.0215,other
243710,-0.0972,-0.3071,1.0145,-45.2969,-3.7715,55.0547,other
243733,-0.1691,-0.3213,0.9933,-42.4121,-6.1953,53.2734,other
243756,-0.1598,-0.3199,1.0201,-40.9219,-8.1895,52.207,other
243779,-0.1268,-0.3214,1.0469,-39.668,-11.4004,51.3184,other
243802,-0.1488,-0.2958,1.0645,-39.4902,-13.4766,51.834,other
243825,-0.1675,-0.3297,0.9838,-39.9824,-16.1973,52.2188,other
243848,-0.205,-0.3661,0.8662,-41.082,-18.3008,53.8945,other
243871,-0.196,-0.3031,0.9578,-41.9551,-19.3887,55.2695,other
243894,-0.1389,-0.2727,1.0332,-42.8984,-20.6836,57.3281,other
243917,-0.1504,-0.2748,1.0474,-42.8789,-21.4434,58.4258,other
243940,-0.1581,-0.3074,1.0238,-41.4609,-22.6758,59.2754,other
243963,-0.1261,-0.344,1.0137,-38.4941,-24.1348,58.8809,other
243986,-0.1283,-0.3162,1.0608,-35.9668,-25.1289,57.8105,other
244009,-0.0621,-0.297,1.0698,-31.9395,-26.3555,54.8125,other
244032,-0.0885,-0.3506,0.9692,-29.4375,-26.8477,51.7813,other
244055,-0.1661,-0.387,0.9552,-26.4785,-26.9414,45.668,other
244078,0.0389,-0.417,0.9686,-24.7559,-26.1973,37.9238,other
244101,0.0065,-0.5494,0.9448,-24.1621,-25.3711,32.0938,other
244124,0.0212,-0.558,1.0056,-23.4414,-24.2148,23.1172,other
244147,0.0133,-0.5626,0.9667,-22.5566,-23.793,17.5605,other
244170,-0.0283,-0.4191,1.0046,-19.8984,-23.6289,10.6309,other
244193,-0.0358,-0.343,1.0575,-17.0137,-23.4531,5.7461,other
244216,-0.0984,-0.2899,1.0001,-10.9902,-22.3516,3.5879,other
244239,0.0145,-0.27,0.9962,-3.3828,-19.8008,1.6875,other
244262,-0.007,-0.332,0.9641,2.2148,-17.3379,1.0254,other
244285,-0.0576,-0.3214,1.0081,11.0391,-12.9062,0.4727,other
244308,-0.0671,-0.3126,0.989,17.0859,-9.7402,0.2305,other
244331,-0.0256,-0.2959,0.9895,26.0527,-5.1934,-0.0879,other
244354,-0.0337,-0.3079,0.9784,34.0977,-1.6035,-0.4551,other
244377,-0.0376,-0.2449,0.9821,38.3906,-0.0566,-0.7461,other
244400,-0.0001,-0.2185,1.02,42.457,0.7891,-1.2656,other
244423,0.0012,-0.1782,1.0232,43.2988,0.3652,-1.668,other
244446,0.0347,-0.2474,1.0266,41.7148,-1.5391,-2.4023,other
244469,0.0348,-0.223,1.0328,37.2988,-4.5137,-3.4668,other
244492,0.0398,-0.2003,1.0159,33.3477,-6.7891,-4.4805,other
244515,0.04,-0.2083,0.998,26.8867,-10.1797,-6.5645,other
244538,0.0427,-0.1459,1.0192,22.7344,-12.1875,-8.291,other
244561,0.0583,-0.1133,1.0328,17.3555,-14.5117,-11.1855,other
244584,-0.0012,-0.0522,0.972,14.5254,-15.4746,-14.1934,other
244607,-0.1287,-0.0464,1.0061,11.4297,-15.9336,-16.1563,other
244630,0.0632,-0.1012,0.9624,9.4121,-15.166,-19.1641,other
244653,0.033,-0.1925,0.9653,8.3379,-14.0488,-21.5117,other
244676,-0.0259,-0.2639,0.886,6.5371,-11.7676,-26.0938,other
244699,-0.0092,-0.2864,0.8929,4.9609,-10.0371,-30.041,other
244722,0.0728,-0.2523,0.9735,2.1328,-7.4004,-37.4941,other
244745,0.1611,-0.25,1.0436,-0.2988,-4.9121,-46.9844,other
244768,0.1453,-0.2614,1.011,-0.9883,-3.3965,-54.4043,other
244791,0.0594,-0.239,0.9716,0.1348,-1.2871,-64.0,other
244814,0.0044,-0.2047,0.9835,2.5117,0.1465,-64.0,other
244837,-0.0052,-0.158,1.0149,8.6074,2.6738,-64.0,other
244860,0.047,-0.1027,1.0504,17.6621,5.9629,-64.0,other
244883,0.0964,-0.0493,1.139,25.1719,8.6406,-64.0,other
244906,0.0471,-0.0098,1.1228,37.9941,13.2812,-64.0,other
244929,-0.0972,-0.0243,0.9919,46.8652,16.6523,-64.0,other
244952,-0.1393,-0.0593,0.8649,58.9258,21.9492,-64.0,other
244975,-0.1073,-0.0063,0.8389,63.998,27.6992,-64.0,other
244998,-0.1438,0.036,0.9166,63.998,32.0566,-64.0,other
245021,-0.194,0.0474,0.9968,63.998,39.5859,-64.0,other
245044,-0.1589,0.1227,0.9753,63.998,44.9648,-64.0,other
245067,-0.179,0.1158,0.8683,63.998,52.3672,-64.0,other
245090,-0.223,0.1443,0.8428,63.998,56.0664,-64.0,other
245113,-0.2625,0.1342,0.9474,63.998,58.8887,-64.0,other
245136,-0.2565,0.1769,1.0278,63.998,58.3906,-64.0,other
245159,-0.2664,0.1943,0.9775,63.998,56.5508,-64.0,other
245182,-0.2998,0.1506,0.8364,58.5605,52.1875,-54.3418,other
245205,-0.356,0.0549,0.7614,52.7148,48.5762,-46.834,other
245228,-0.3362,0.1759,0.9747,42.6738,42.8789,-35.8906,other
245251,-0.3107,0.2377,1.2245,33.0117,38.3477,-26.668,other
245274,-0.3799,0.1746,1.2378,28.1719,36.8242,-22.0684,other
245297,-0.2911,0.2505,1.2466,24.3105,36.7363,-17.6738,other
245320,-0.3241,0.2532,0.9844,23.9824,37.3574,-16.2773,other
245343,-0.4365,0.2272,0.7036,26.4395,38.1992,-16.0332,other
245366,-0.4999,0.2889,0.8097,29.75,38.6719,-17.0566,other
245389,-0.5001,0.3998,1.1902,37.1738,38.8164,-17.8457,other
245412,-0.3778,0.469,1.0857,47.5723,38.5195,-18.4883,other
245435,-0.3943,0.4001,0.8184,55.2578,37.4824,-18.2168,other
245458,-0.4879,0.3556,0.7358,63.998,33.5703,-16.1445,other
245481,-0.4423,0.36,0.798,63.998,28.998,-13.3984,other
245504,-0.3031,0.3682,0.8362,63.998,19.4316,-7.5156,other
245527,-0.2866,0.3867,0.8789,60.4766,8.0254,-0.8184,other
245550,-0.3948,0.3855,0.925,54.1309,0.4727,3.3086,other
245573,-0.4351,0.4116,0.865,44.6016,-9.0996,8.3105,other
245596,-0.4302,0.4911,0.8015,39.375,-13.4746,10.7441,other
245619,-0.4423,0.4696,0.8069,33.9043,-16.2148,13.1641,other
245642,-0.4199,0.4211,0.7333,30.5605,-14.5703,14.4238,other
245665,-0.3596,0.4048,0.7117,28.6758,-11.6953,14.7637,other
245688,-0.3907,0.4302,0.731,25.2285,-6.084,14.6348,other
245711,-0.4165,0.4204,0.7421,22.2344,-2.1973,14.207,other
245734,-0.358,0.4335,0.7522,16.8262,2.9238,13.2539,other
245757,-0.3597,0.4412,0.7528,12.877,6.4258,12.1797,other
245780,-0.3849,0.423,0.7487,6.957,7.5977,11.5352,other
245803,-0.387,0.4299,0.7487,1.5957,7.5645,10.8535,other
245826,-0.386,0.458,0.7579,-1.3926,6.5293,10.6289,other
245849,-0.381,0.4617,0.7646,-4.6445,4.0156,10.5449,other
245872,-0.3606,0.4723,0.7686,-5.8711,2.0527,10.5527,other
245895,-0.358,0.4625,0.7385,-6.3457,-0.8203,10.4863,other
245918,-0.3617,0.4767,0.731,-5.5918,-3.2168,10.2402,other
245941,-0.3806,0.4923,0.7828,-4.709,-4.4258,9.9844,other
245964,-0.3467,0.4995,0.7922,-3.1484,-5.5898,9.4766,other
245987,-0.3396,0.4966,0.7822,-2.0703,-5.9512,9.0273,other
246010,-0.3606,0.4761,0.7771,-0.5527,-5.9746,8.1211,other
246033,-0.3479,0.4681,0.7642,0.6914,-5.5137,6.9062,other
246056,-0.3475,0.452,0.734,1.3145,-5.0059,5.9355,other
246079,-0.348,0.4624,0.7407,1.9219,-4.0566,4.3027,other
246102,-0.3483,0.4686,0.7666,2.1406,-3.3711,3.1621,other
246125,-0.3348,0.4573,0.7581,2.2793,-2.3965,1.5117,other
246148,-0.3383,0.4596,0.7491,2.2539,-1.6543,0.1133,other
246171,-0.3435,0.4534,0.7679,1.9922,-1.3574,-0.582,other
246194,-0.3331,0.4718,0.7743,1.4688,-1.2207,-1.1875,other
246217,-0.3394,0.4742,0.7655,1.0254,-1.2988,-1.2988,other
246240,-0.343,0.4736,0.7551,0.3105,-1.5703,-1.0781,other
246263,-0.3384,0.4808,0.7552,-0.1621,-1.8008,-0.7285,other
246286,-0.3475,0.4763,0.7559,-0.8086,-2.1406,-0.0332,other
246309,-0.3412,0.4745,0.7404,-1.3164,-2.3887,0.6836,other
246332,-0.3424,0.4775,0.7544,-1.5469,-2.4609,1.0781,other
246355,-0.3334,0.4701,0.7454,-1.6777,-2.3965,1.4395,other
246378,-0.3422,0.4824,0.7587,-1.6172,-2.2441,1.498,other
246401,-0.3347,0.4851,0.777,-1.3652,-1.8867,1.3379,other
246424,-0.3363,0.4735,0.7559,-1.0547,-1.4727,0.9648,other
246447,-0.3387,0.4631,0.7455,-0.9199,-1.2227,0.6621,other
246470,-0.3291,0.474,0.7559,-0.9492,-0.9434,0.2168,other
246493,-0.3362,0.4795,0.75,-1.1387,-0.8281,-0.0293,other
246516,-0.3394,0.4792,0.7415,-1.6406,-0.752,-0.2539,other
246539,-0.3358,0.4807,0.7526,-2.3223,-0.7871,-0.2539,other
246562,-0.3368,0.4823,0.7502,-2.8047,-0.8691,-0.1328,other
246585,-0.3422,0.4834,0.7419,-3.4492,-1.0625,0.1836,other
246608,-0.3361,0.4768,0.7601,-3.7754,-1.2168,0.4434,other
246631,-0.3258,0.4912,0.7629,-4.0742,-1.4375,0.8223,other
246654,-0.3406,0.4851,0.7517,-4.1465,-1.5527,1.0176,other
246677,-0.3457,0.4708,0.7377,-4.1074,-1.6484,1.1758,other
246700,-0.3248,0.4789,0.7382,-3.9863,-1.6289,1.1582,other
246723,-0.3348,0.4725,0.7491,-3.9062,-1.5586,1.0469,other
246746,-0.332,0.475,0.752,-3.8145,-1.3984,0.7637,other
246769,-0.3312,0.4811,0.7612,-3.7715,-1.2754,0.5352,other
246792,-0.3354,0.4786,0.7584,-3.7109,-1.1074,0.1973,other
246815,-0.3319,0.4764,0.7528,-3.6387,-0.9824,-0.0723,other
246838,-0.3331,0.4789,0.751,-3.5898,-0.9316,-0.1934,other
246861,-0.3291,0.4796,0.75,-3.5332,-0.8965,-0.2773,other
246884,-0.3364,0.4828,0.7466,-3.5215,-0.8906,-0.2715,other
246907,-0.3398,0.4869,0.7405,-3.543,-0.8848,-0.1719,other
246930,-0.344,0.4871,0.7386,-3.5957,-0.8691,0.0215,other
246953,-0.334,0.4832,0.7478,-3.6367,-0.8496,0.1738,other
246976,-0.3221,0.4825,0.7527,-3.6895,-0.8125,0.375,other
246999,-0.335,0.4779,0.7517,-3.7129,-0.7832,0.459,other
247022,-0.3302,0.473,0.7533,-3.7129,-0.7402,0.4922,other
247045,-0.3187,0.4716,0.7635,-3.6855,-0.7148,0.4629,other
247068,-0.3221,0.4742,0.7615,-3.6094,-0.6855,0.3555,other
247091,-0.3346,0.4771,0.7581,-3.4902,-0.668,0.2266,other
247114,-0.332,0.4872,0.7522,-3.3887,-0.6543,0.168,other
247137,-0.3365,0.4916,0.7498,-3.2051,-0.5937,0.1621,other
247160,-0.3335,0.4967,0.745,-3.0723,-0.5078,0.2168,other
247183,-0.3378,0.4995,0.7618,-2.8809,-0.2969,0.3613,other
247206,-0.3344,0.4902,0.7572,-2.7637,-0.0098,0.5312,other
247229,-0.3126,0.4962,0.8015,-2.7891,0.1895,0.6328,other
247252,-0.2861,0.4884,0.8695,-3.123,0.377,0.7715,other
247275,-0.2808,0.4742,0.8302,-3.6895,0.3008,0.9043,other
247298,-0.2856,0.4341,0.7595,-5.4727,-0.3418,1.3496,other
247321,-0.2932,0.4343,0.7532,-8.7852,-1.6406,2.373,other
247344,-0.3368,0.4445,0.7208,-11.7559,-2.6562,3.4883,other
247367,-0.351,0.4307,0.6925,-16.5938,-3.8418,5.7949,other
247390,-0.3375,0.4325,0.6761,-19.4199,-4.0859,7.5996,other
247413,-0.3289,0.4559,0.7153,-21.8984,-3.2793,10.2344,other
247436,-0.3171,0.4952,0.8022,-21.8242,-1.918,12.1309,other
247459,-0.3325,0.5116,0.7789,-18.7207,1.0762,12.8105,other
247482,-0.3345,0.4938,0.7418,-12.666,4.4648,12.8242,other
247505,-0.3157,0.4823,0.714,-7.8477,6.4512,12.3184,other
247528,-0.3087,0.4845,0.7405,-0.9824,8.4004,11.0996,other
247551,-0.2924,0.4935,0.7776,2.6602,8.8125,10.168,other
247574,-0.3097,0.5004,0.7418,6.0625,8.0781,8.918,other
247597,-0.3054,0.4869,0.7899,6.8125,6.002,8.1855,other
247620,-0.2148,0.4995,0.868,6.0,4.1211,8.0859,other
247643,-0.1736,0.4686,0.9603,3.291,0.9297,8.5039,other
247666,-0.1549,0.3732,0.8691,0.6875,-1.2832,9.1875,other
247689,-0.1827,0.3889,0.7233,-4.4199,-4.4863,11.1289,other
247712,-0.2438,0.4039,0.8351,-10.9238,-6.873,14.8125,other
247735,-0.2103,0.5284,0.8617,-15.5586,-7.3945,18.4453,other
247758,-0.2377,0.5167,0.7924,-21.6367,-5.6699,25.3301,other
247781,-0.2872,0.446,0.7427,-24.4492,-2.5859,30.4199,other
247804,-0.2748,0.5065,0.7047,-26.2422,4.8711,37.8828,other
247827,-0.3136,0.5414,0.6914,-25.7656,11.3984,44.1055,other
247850,-0.3262,0.5398,0.7512,-22.7129,22.4727,47.1016,other
247873,-0.2734,0.5334,0.7909,-17.3711,33.3711,49.3984,other
247896,-0.199,0.4844,0.7766,-13.0273,39.5605,49.3398,other
247919,-0.2324,0.4674,0.6289,-6.3984,46.2383,47.0059,other
247942,-0.363,0.496,0.5975,-2.5352,48.7695,44.3359,other
247965,-0.2719,0.5568,0.7201,1.8203,49.9492,39.6855,other
247988,-0.2712,0.5663,0.6663,4.5547,48.6816,35.3379,other
248011,-0.3859,0.5509,0.5693,5.6777,46.9102,33.0137,other
248034,-0.3264,0.5465,0.5627,6.5234,43.4961,30.75,other
248057,-0.2726,0.5654,0.5662,6.6895,41.0371,30.0293,other
248080,-0.3972,0.6079,0.6371,6.8711,37.4395,29.7051,other
248103,-0.3839,0.7402,0.7705,7.7754,34.1797,29.5605,other
248126,-0.401,0.7007,0.5775,9.043,32.3203,29.0762,other
248149,-0.3945,0.627,0.5182,11.6367,30.2031,27.0156,other
248172,-0.3033,0.6067,0.5067,13.4316,29.2988,24.4102,other
248195,-0.3186,0.6569,0.6172,15.7402,28.5313,18.377,other
248218,-0.4023,0.6967,0.5991,17.002,27.5859,10.0762,other
248241,-0.4778,0.6421,0.4529,18.7617,26.8496,3.7227,other
248264,-0.4653,0.6804,0.5037,20.9043,24.3398,-6.2676,other
248287,-0.3385,0.667,0.541,22.9785,21.7598,-12.9609,other
248310,-0.2446,0.7102,0.6636,27.7461,16.3867,-22.9902,other
248333,-0.3879,0.6255,0.5386,32.1934,11.8789,-29.6211,other
248356,-0.4413,0.6405,0.6201,40.1875,4.1387,-38.8379,other
248379,-0.4692,0.6423,0.7072,48.2227,-4.2559,-45.9863,other
248402,-0.2861,0.6671,0.8674,52.5781,-10.043,-49.1211,other
248425,-0.3003,0.563,0.7747,55.8574,-18.7598,-51.2832,other
248448,-0.3674,0.47,0.6643,54.7344,-24.3262,-51.1055,other
248471,-0.3666,0.4609,0.6683,46.5059,-31.5938,-48.4199,other
248494,-0.3112,0.4551,0.7122,30.2773,-36.4707,-42.8574,other
248517,-0.3607,0.4301,0.6603,16.0352,-37.834,-37.7109,other
248540,-0.4141,0.4276,0.5948,-7.6758,-36.5352,-28.2852,other
248563,-0.3938,0.437,0.6117,-23.1758,-33.3867,-21.2168,other
248586,-0.3447,0.4775,0.699,-42.9473,-25.6133,-10.2129,other
248609,-0.364,0.4915,0.6351,-52.457,-15.3359,0.2832,other
248632,-0.4305,0.5177,0.5535,-60.1406,-7.2148,6.582,other
248655,-0.4463,0.5621,0.5635,-60.3398,4.9785,14.6914,other
248678,-0.5002,0.6035,0.5791,-57.1055,12.7832,19.1387,other
248701,-0.4607,0.5828,0.5497,-48.7988,23.1133,24.2129,other
248724,-0.4188,0.5701,0.4923,-41.9355,28.6543,26.3574,other
248747,-0.422,0.5884,0.4307,-31.1055,34.4395,27.4316,other
248770,-0.4392,0.6172,0.3545,-20.7227,36.9043,25.9766,other
248793,-0.6232,0.757,0.4221,-14.1973,36.7051,23.877,other
248816,-0.4944,0.8595,0.5385,-4.5488,33.9238,19.5781,other
248839,-0.381,0.7745,0.4552,2.1387,30.5801,16.0879,other
248862,-0.614,0.6355,0.3094,12.6152,23.2441,10.0039,other
248885,-0.3735,0.739,0.4946,23.0215,12.832,3.127,other
248908,-0.3287,0.7004,0.5988,29.6406,4.1172,-1.8398,other
248931,-0.2925,0.6388,0.6139,38.7852,-11.252,-9.7598,other
248954,-0.2662,0.6206,0.6873,44.0859,-22.4883,-15.1074,other
248977,-0.394,0.5449,0.671,50.0879,-39.4844,-22.3184,other
249000,-0.2926,0.5961,0.8093,52.2559,-54.7578,-27.1348,other
249023,-0.3787,0.6515,0.7108,51.9434,-62.9414,-28.4258,other
249046,-0.3564,0.7086,0.6768,46.4219,-64.0,-27.1621,other
249069,-0.3141,0.7207,0.6332,39.2695,-64.0,-24.2617,other
249092,-0.2737,0.6265,0.5488,22.668,-64.0,-17.3691,other
249115,-0.3883,0.5364,0.5599,7.7402,-64.0,-11.543,other
249138,-0.261,0.5714,0.7036,-18.9707,-64.0,-1.8984,other
249161,-0.2056,0.5321,0.7971,-47.2109,-64.0,7.3125,other
249184,-0.1448,0.4509,0.7875,-64.0,-64.0,12.2676,other
249207,-0.2111,0.3938,0.7728,-64.0,-64.0,16.8418,other
249230,-0.0935,0.3354,0.7612,-64.0,-64.0,17.6602,other
249253,-0.1246,0.3224,0.8595,-64.0,-64.0,15.4316,other
249276,-0.155,0.3488,0.9498,-64.0,-64.0,9.541,other
249299,-0.1495,0.3292,0.9039,-64.0,-64.0,4.1895,other
249322,-0.1665,0.2867,0.8254,-64.0,-62.0508,-4.6992,other
249345,-0.1975,0.2944,0.8485,-61.3359,-55.9648,-10.4395,other
249368,-0.2083,0.3806,0.8915,-43.7266,-44.3301,-17.8066,other
249391,-0.1656,0.3503,0.8914,-28.1816,-31.1172,-23.2168,other
249414,-0.1216,0.3274,0.8724,-20.1523,-22.3105,-25.8145,other
249437,-0.1346,0.351,0.8997,-10.8418,-10.2559,-28.5176,other
249460,-0.2029,0.3553,0.8489,-6.4902,-3.4219,-29.6367,other
249483,-0.2609,0.3997,0.823,-1.9121,4.7891,-30.2598,other
249506,-0.2404,0.4196,0.8064,0.4648,9.0059,-29.9121,other
249529,-0.2196,0.4849,0.8043,4.0996,13.8457,-28.3145,other
249552,-0.2798,0.5096,0.7841,8.7598,17.4004,-25.6465,other
249575,-0.3199,0.5532,0.785,12.6309,19.2598,-23.373,other
249598,-0.3225,0.5631,0.8092,19.291,21.4219,-19.3438,other
249621,-0.3105,0.5553,0.7808,23.8555,22.4316,-16.3828,other
249644,-0.33,0.5505,0.7373,29.7012,23.1543,-11.8301,other
249667,-0.3278,0.4882,0.7222,32.7539,22.6543,-7.4648,other
249690,-0.2944,0.4982,0.7673,32.6094,21.5195,-4.8457,other
249713,-0.2994,0.4972,0.7853,29.041,18.6445,-1.6797,other
249736,-0.2963,0.4658,0.774,24.8027,16.0938,-0.2227,other
249759,-0.2914,0.4628,0.7788,16.6543,11.7129,0.8848,other
249782,-0.2942,0.4476,0.765,7.6738,7.2051,0.8125,other
249805,-0.2931,0.4496,0.774,1.9199,4.4043,0.2598,other
249828,-0.2841,0.4601,0.7764,-5.5508,0.8242,-1.0195,other
249851,-0.3051,0.4536,0.7566,-9.4004,-1.0254,-1.9824,other
249874,-0.3088,0.491,0.7588,-13.2109,-2.9023,-3.2637,other
249897,-0.329,0.4808,0.7672,-14.4512,-3.5684,-3.8594,other
249920,-0.2976,0.4752,0.7577,-14.5781,-3.7891,-4.2695,other
249943,-0.3005,0.475,0.7594,-13.0801,-3.293,-4.209,other
249966,-0.3175,0.4565,0.7554,-11.5,-2.7168,-4.0,other
249989,-0.3005,0.4642,0.7648,-8.7598,-1.7129,-3.5332,other
250012,-0.3047,0.4719,0.7819,-6.9355,-1.084,-3.1523,other
250035,-0.2991,0.4579,0.7849,-4.5078,-0.3828,-2.5234,other
250058,-0.2937,0.4734,0.7812,-2.6445,-0.0801,-1.8652,other
250081,-0.2975,0.4596,0.7787,-1.7656,-0.1035,-1.4336,other
250104,-0.29,0.4634,0.7823,-0.9805,-0.3965,-0.8223,other
250127,-0.2997,0.4844,0.7799,-0.7676,-0.6953,-0.4453,other
250150,-0.3129,0.474,0.781,-0.8027,-1.168,0.0879,other
250173,-0.2917,0.474,0.7523,-1.127,-1.543,0.5859,other
250196,-0.3087,0.5027,0.7748,-1.4414,-1.6992,0.8867,other
250219,-0.3087,0.4967,0.7844,-1.9512,-1.7793,1.2754,other
250242,-0.2854,0.4828,0.7791,-2.2676,-1.7422,1.4609,other
250265,-0.302,0.467,0.7695,-2.6797,-1.5977,1.5566,other
250288,-0.2998,0.4535,0.7592,-2.916,-1.4727,1.4727,other
250311,-0.2906,0.4565,0.762,-3.2344,-1.2754,1.1504,other
250334,-0.2961,0.4666,0.7736,-3.5039,-1.1055,0.6738,other
250357,-0.2999,0.476,0.7568,-3.6328,-1.0234,0.3437,other
250380,-0.3022,0.476,0.7614,-3.7246,-0.9629,-0.041,other
250403,-0.2952,0.4819,0.7661,-3.7148,-0.9629,-0.1738,other
250426,-0.3,0.4989,0.7719,-3.5937,-1.0234,-0.1582,other
250449,-0.3059,0.4973,0.7822,-3.3574,-1.1406,0.0898,other
250472,-0.2946,0.4991,0.776,-3.1602,-1.2363,0.3398,other
250495,-0.2977,0.4851,0.7784,-2.875,-1.3809,0.7187,other
250518,-0.2946,0.4801,0.7745,-2.7383,-1.4629,0.8945,other
250541,-0.2935,0.4572,0.7532,-2.6699,-1.5469,0.9316,other
250564,-0.286,0.46,0.7595,-2.8203,-1.5801,0.6562,other
250587,-0.2991,0.4647,0.7816,-3.0234,-1.5684,0.3301,other
250610,-0.2889,0.4677,0.7745,-3.3945,-1.498,-0.2656,other
250633,-0.2914,0.4789,0.7732,-3.6348,-1.4238,-0.6504,other
250656,-0.301,0.4808,0.7734,-3.9297,-1.3047,-1.0918,other
250679,-0.2939,0.4775,0.7708,-4.0703,-1.2324,-1.2383,other
250702,-0.2955,0.4788,0.7684,-4.2051,-1.1582,-1.1992,other
250725,-0.2986,0.476,0.7677,-4.2812,-1.123,-0.8945,other
250748,-0.298,0.4805,0.7623,-4.3105,-1.1113,-0.5957,other
250771,-0.2974,0.4916,0.761,-4.3203,-1.0996,-0.0937,other
250794,-0.3015,0.4817,0.7767,-4.2988,-1.0879,0.2246,other
250817,-0.2871,0.4816,0.7688,-4.2109,-1.0684,0.5937,other
250840,-0.2997,0.4708,0.774,-4.0547,-1.0508,0.7617,other
250863,-0.2887,0.4756,0.7794,-3.9219,-1.041,0.75,other
250886,-0.2937,0.4813,0.7743,-3.7012,-1.0313,0.5645,other
250909,-0.297,0.4745,0.766,-3.5449,-1.0273,0.3574,other
250932,-0.2885,0.4761,0.762,-3.332,-1.0352,-0.0078,other
250955,-0.2909,0.4843,0.7766,-3.168,-1.0645,-0.3496,other
250978,-0.2987,0.4862,0.7736,-3.0898,-1.0938,-0.5195,other
251001,-0.2963,0.4819,0.7698,-3.0215,-1.1348,-0.6367,other
251024,-0.2939,0.4757,0.7683,-3.0234,-1.1523,-0.623,other
251047,-0.29,0.4771,0.7671,-3.1074,-1.1543,-0.5098,other
251070,-0.2892,0.4817,0.7698,-3.207,-1.1426,-0.3477,other
251093,-0.2943,0.4767,0.7759,-3.3984,-1.1074,-0.2363,other
251116,-0.2902,0.476,0.7649,-3.5859,-1.0625,-0.0801,other
251139,-0.2913,0.4725,0.7657,-3.6875,-1.0313,0.0098,other
251162,-0.2917,0.4733,0.7737,-3.791,-0.9902,0.1211,other
251185,-0.2938,0.4823,0.7786,-3.8125,-0.9727,0.1797,other
251208,-0.2925,0.4781,0.7627,-3.7637,-0.9531,0.25,other
251231,-0.2925,0.4778,0.7594,-3.6641,-0.9297,0.3184,other
251254,-0.2933,0.4865,0.7671,-3.6035,-0.9102,0.3652,other
251277,-0.2964,0.4869,0.7599,-3.5352,-0.8672,0.4434,other
251300,-0.2932,0.4929,0.7729,-3.502,-0.834,0.5039,other
251323,-0.2936,0.4939,0.781,-3.4609,-0.7969,0.6035,other
251346,-0.2911,0.4863,0.7664,-3.4062,-0.793,0.6836,other
251369,-0.2896,0.4769,0.7754,-3.3672,-0.8145,0.707,other
251392,-0.2874,0.4773,0.7677,-3.3262,-0.8691,0.6758,other
251415,-0.2893,0.4762,0.7664,-3.3242,-0.9063,0.6074,other
251438,-0.2914,0.4867,0.7766,-3.3945,-0.9355,0.4609,other
251461,-0.2931,0.4906,0.7688,-3.4883,-0.9355,0.3125,other
251484,-0.2909,0.4794,0.7656,-3.6895,-0.916,0.2422,other
251507,-0.2875,0.479,0.7695,-3.957,-0.8984,0.1953,other
251530,-0.2883,0.4795,0.7692,-4.1562,-0.8984,0.209,other
251553,-0.2899,0.4791,0.7639,-4.4316,-0.9121,0.291,other
251576,-0.2905,0.486,0.7587,-4.5645,-0.9219,0.377,other
251599,-0.2977,0.5087,0.7627,-4.6289,-0.916,0.5215,other
251622,-0.3092,0.5096,0.7552,-4.5059,-0.8574,0.6562,other
251645,-0.2982,0.4955,0.7644,-4.332,-0.793,0.7109,other
251668,-0.28,0.4907,0.7864,-3.9961,-0.6797,0.6777,other
251691,-0.283,0.4781,0.7874,-3.7695,-0.6211,0.5293,other
251714,-0.2859,0.4764,0.7896,-3.5059,-0.5898,0.0859,other
251737,-0.2899,0.4602,0.7638,-3.418,-0.6191,-0.5937,other
251760,-0.2961,0.4485,0.7355,-3.4824,-0.6523,-1.127,other
251783,-0.2948,0.453,0.7341,-3.7598,-0.668,-1.9473,other
251806,-0.295,0.4607,0.7406,-4.0234,-0.6465,-2.4375,other
251829,-0.2969,0.4678,0.7537,-4.416,-0.5918,-2.9609,other
251852,-0.2925,0.4829,0.7556,-4.5898,-0.5723,-3.0977,other
251875,-0.2952,0.5007,0.7778,-4.5996,-0.623,-2.9375,other
251898,-0.293,0.4989,0.7876,-4.2402,-0.8164,-2.3301,other
251921,-0.2837,0.5009,0.7869,-3.8184,-1.0391,-1.7324,other
251944,-0.2888,0.5007,0.7942,-3.0469,-1.4902,-0.7031,other
251967,-0.2902,0.4907,0.7781,-2.5352,-1.8242,-0.0371,other
251990,-0.2885,0.4871,0.762,-1.9473,-2.2734,0.7559,other
252013,-0.2957,0.4863,0.7653,-1.7246,-2.5469,1.1582,other
252036,-0.2864,0.4767,0.7598,-1.8086,-2.5957,1.1738,other
252059,-0.2909,0.4687,0.7649,-2.2383,-2.4648,0.8379,other
252082,-0.2838,0.4663,0.7666,-2.668,-2.2656,0.4277,other
252105,-0.2858,0.4717,0.7621,-3.3965,-1.8633,-0.3359,other
252128,-0.2947,0.4899,0.7885,-4.0703,-1.4238,-1.0742,other
252151,-0.2921,0.4924,0.7825,-4.4102,-1.1523,-1.4512,other
252174,-0.2919,0.4855,0.7631,-4.7051,-0.7969,-1.7676,other
252197,-0.2941,0.4902,0.7599,-4.7812,-0.5977,-1.8027,other
252220,-0.2999,0.4847,0.7661,-4.7793,-0.3437,-1.6387,other
252243,-0.295,0.4749,0.7584,-4.7285,-0.1406,-1.3105,other
252266,-0.293,0.4778,0.7628,-4.6328,-0.041,-1.0625,other
252289,-0.2958,0.4865,0.7751,-4.5508,0.043,-0.7207,other
252312,-0.3,0.4852,0.7709,-4.5098,0.0488,-0.541,other
252335,-0.2954,0.4813,0.7654,-4.4668,-0.0098,-0.3613,other
252358,-0.2928,0.4821,0.7677,-4.4512,-0.084,-0.3086,other
252381,-0.2953,0.4775,0.7677,-4.4316,-0.2148,-0.3242,other
252404,-0.2949,0.4687,0.7635,-4.4043,-0.3398,-0.4277,other
252427,-0.291,0.4655,0.7629,-4.3848,-0.4141,-0.5215,other
252450,-0.2913,0.4734,0.7672,-4.3691,-0.5078,-0.6465,other
252473,-0.2992,0.4756,0.7698,-4.3672,-0.5586,-0.6973,other
252496,-0.2953,0.4805,0.7605,-4.3652,-0.627,-0.6777,other
252519,-0.2985,0.4916,0.7651,-4.3574,-0.6914,-0.5215,other
252542,-0.3003,0.4952,0.7692,-4.3418,-0.7363,-0.3437,other
252565,-0.2976,0.4991,0.7704,-4.2773,-0.8145,-0.0059,other
252588,-0.296,0.4944,0.7671,-4.1992,-0.8691,0.2246,other
252611,-0.295,0.4847,0.7688,-4.0449,-0.9414,0.4863,other
252634,-0.2886,0.4836,0.7755,-3.9336,-0.9883,0.5449,other
252657,-0.2915,0.4641,0.777,-3.7832,-1.002,0.4414,other
252680,-0.2861,0.4589,0.7732,-3.6934,-1.0039,0.0859,other
252703,-0.2906,0.4597,0.762,-3.6855,-0.9941,-0.2422,other
252726,-0.2952,0.467,0.7625,-3.7617,-0.9805,-0.75,other
252749,-0.2922,0.4812,0.764,-3.8613,-0.9707,-1.0215,other
252772,-0.2947,0.4954,0.7726,-4.0391,-0.9648,-1.2227,other
252795,-0.3054,0.4956,0.7733,-4.1816,-0.9648,-1.127,other
252818,-0.2925,0.4868,0.764,-4.2363,-0.9629,-0.9141,other
252841,-0.2971,0.4858,0.7689,-4.2559,-0.959,-0.4648,other
252864,-0.3044,0.4783,0.7666,-4.2402,-0.9551,-0.1484,other
252887,-0.2861,0.483,0.7653,-4.1895,-0.9492,0.25,other
252910,-0.2906,0.4792,0.7754,-4.1133,-0.9395,0.459,other
252933,-0.2917,0.4808,0.7717,-4.0586,-0.9375,0.4687,other
252956,-0.2949,0.4843,0.7841,-3.9883,-0.9453,0.3145,other
252979,-0.2904,0.4777,0.7771,-3.9648,-0.9629,0.1367,other
253002,-0.2927,0.4673,0.7612,-4.0156,-1.0313,-0.168,other
253025,-0.2976,0.4729,0.7645,-4.1367,-1.1777,-0.4219,other
253048,-0.2891,0.4734,0.7632,-4.4492,-1.3047,-0.5293,other
253071,-0.2908,0.4724,0.7642,-4.8203,-1.4961,-0.582,other
253094,-0.2961,0.4835,0.7772,-5.0293,-1.5898,-0.5508,other
253117,-0.2925,0.4835,0.7781,-5.1914,-1.6367,-0.416,other
253140,-0.2896,0.4852,0.7852,-5.1758,-1.6035,-0.2871,other
253163,-0.2921,0.4995,0.7941,-5.0137,-1.4883,-0.0586,other
253186,-0.2952,0.5051,0.8126,-4.8574,-1.3613,0.1992,other
253209,-0.2925,0.4889,0.7769,-4.9375,-1.3418,0.4062,other
253232,-0.295,0.4495,0.7374,-5.7012,-1.5293,0.8027,other
253255,-0.2844,0.4365,0.7428,-6.7754,-1.8301,1.1113,other
253278,-0.2792,0.4647,0.7957,-9.0215,-2.4375,1.5039,other
253301,-0.2878,0.4612,0.7928,-11.2344,-2.9824,1.5879,other
253324,-0.292,0.4402,0.7643,-12.2539,-3.1816,1.4043,other
253347,-0.2817,0.4568,0.7867,-12.7539,-3.1484,0.7949,other
253370,-0.2861,0.4548,0.7852,-12.3574,-2.9102,0.2324,other
253393,-0.287,0.4608,0.7905,-10.8047,-2.3047,-0.6895,other
253416,-0.2866,0.4619,0.786,-8.4824,-1.541,-1.5,other
253439,-0.2943,0.4584,0.7756,-6.7891,-1.0371,-1.8789,other
253462,-0.2904,0.4836,0.7974,-4.4609,-0.4102,-2.1172,other
253485,-0.2937,0.4778,0.7859,-3.2227,-0.1289,-2.0488,other
253508,-0.2914,0.4812,0.7963,-2.0449,0.041,-1.6563,other
253531,-0.2876,0.4797,0.8514,-1.7793,-0.0195,-1.252,other
253554,-0.3051,0.4413,0.7947,-2.1973,-0.3789,-0.5371,other
253577,-0.2727,0.4318,0.7574,-3.6426,-1.0938,0.1719,other
253600,-0.2603,0.4413,0.7844,-5.1504,-1.7773,0.5508,other
253623,-0.2799,0.4467,0.7928,-7.9141,-3.0391,0.8555,other
253646,-0.2856,0.4452,0.7863,-9.8008,-3.9395,0.8652,other
253669,-0.2819,0.4414,0.7711,-12.2324,-5.1719,0.6699,other
253692,-0.2821,0.4464,0.7839,-13.7754,-6.0234,0.3574,other
253715,-0.2814,0.451,0.7957,-14.1582,-6.2656,0.1387,other
253738,-0.2834,0.4629,0.8229,-13.6738,-6.0625,-0.1602,other
253761,-0.2832,0.4442,0.7994,-12.6953,-5.5703,-0.3242,other
253784,-0.2706,0.4448,0.8014,-10.5312,-4.4473,-0.5156,other
253807,-0.286,0.4485,0.7991,-8.0234,-3.127,-0.6426,other
253830,-0.2838,0.4399,0.7991,-6.4238,-2.2832,-0.6953,other
253853,-0.2737,0.4556,0.8029,-4.4238,-1.2305,-0.7344,other
253876,-0.2859,0.4342,0.7794,-3.459,-0.7285,-0.748,other
253899,-0.2772,0.4412,0.7964,-2.6172,-0.291,-0.7734,other
253922,-0.2845,0.4569,0.8147,-2.4043,-0.1777,-0.8105,other
253945,-0.2871,0.446,0.7928,-2.4141,-0.1836,-0.9102,other
253968,-0.2771,0.4309,0.7882,-2.6387,-0.3184,-1.0547,other
253991,-0.2744,0.4524,0.8177,-2.8457,-0.4473,-1.168,other
254014,-0.2843,0.4436,0.8016,-3.123,-0.6426,-1.3555,other
254037,-0.2805,0.4354,0.7869,-3.2441,-0.752,-1.4727,other
254060,-0.2816,0.4451,0.7943,-3.3418,-0.8652,-1.5957,other
254083,-0.2869,0.4438,0.7944,-3.3574,-0.9219,-1.623,other
254106,-0.2811,0.4427,0.7891,-3.3379,-0.9375,-1.5801,other
254129,-0.2786,0.4467,0.7992,-3.291,-0.9512,-1.4316,other
254152,-0.2778,0.4515,0.8105,-3.2559,-0.9688,-1.2871,other
254175,-0.2777,0.4491,0.8152,-3.1875,-1.0078,-1.0352,other
254198,-0.2729,0.442,0.8048,-3.0996,-1.0469,-0.7832,other
254221,-0.2791,0.4467,0.8115,-3.0547,-1.0723,-0.6309,other
254244,-0.2804,0.4561,0.8193,-3.0664,-1.1074,-0.4238,other
254267,-0.2941,0.4609,0.803,-3.1816,-1.1445,-0.2773,other
254290,-0.2825,0.4618,0.8068,-3.6523,-1.2656,-0.0039,other
254313,-0.2747,0.4746,0.8267,-4.2422,-1.4297,0.2207,other
254336,-0.2928,0.4403,0.8013,-5.666,-1.8574,0.5977,other
254359,-0.2698,0.401,0.7819,-7.9062,-2.5625,1.0156,other
254382,-0.2543,0.3989,0.8154,-9.8965,-3.1992,1.3008,other
254405,-0.2661,0.4305,0.8772,-13.3613,-4.3437,1.6777,other
254428,-0.2732,0.4224,0.8568,-15.707,-5.166,1.8613,other
254451,-0.2502,0.3961,0.8213,-18.875,-6.3984,2.041,other
254474,-0.2346,0.3767,0.8083,-21.3926,-7.582,2.1035,other
254497,-0.2434,0.4078,0.8448,-22.5723,-8.2793,2.0371,other
254520,-0.2642,0.4054,0.8433,-23.2598,-8.9785,1.7051,other
254543,-0.2532,0.3776,0.8313,-22.8691,-9.0879,1.3281,other
254566,-0.2407,0.397,0.8541,-21.0762,-8.6152,0.6055,other
254589,-0.264,0.4092,0.8613,-18.1992,-7.4336,-0.166,other
254612,-0.2817,0.3718,0.8428,-15.9687,-6.3418,-0.6035,other
254635,-0.2677,0.3699,0.8374,-12.6641,-4.4395,-1.0195,other
254658,-0.2629,0.3751,0.8142,-10.7617,-3.127,-1.123,other
254681,-0.2491,0.3607,0.8069,-8.6758,-1.3125,-1.0996,other
254704,-0.2319,0.3781,0.8463,-7.8555,-0.3086,-1.0215,other
254727,-0.259,0.4065,0.8629,-7.2793,0.7793,-1.0176,other
254750,-0.2736,0.4117,0.8608,-7.0195,1.3652,-1.0957,other
254773,-0.2662,0.3945,0.8417,-6.7871,1.5313,-1.1738,other
254796,-0.2566,0.3843,0.84,-6.1934,1.5508,-1.2715,other
254819,-0.2646,0.3901,0.8524,-5.6328,1.459,-1.3066,other
254842,-0.2709,0.3906,0.8453,-4.6309,1.2227,-1.2949,other
254865,-0.2625,0.3851,0.8453,-3.5879,0.9121,-1.1816,other
254888,-0.2522,0.3807,0.8334,-2.9609,0.6758,-1.0586,other
254911,-0.264,0.3865,0.8398,-2.2383,0.2949,-0.8379,other
254934,-0.2673,0.3905,0.8558,-1.9277,0.0312,-0.6719,other
254957,-0.2557,0.3884,0.8494,-1.6992,-0.3594,-0.3887,other
254980,-0.2582,0.4081,0.8506,-1.6895,-0.7109,-0.082,other
255003,-0.2721,0.4093,0.8442,-1.7617,-0.9043,0.127,other
255026,-0.2671,0.4109,0.8442,-1.9414,-1.1094,0.4277,other
255049,-0.2679,0.4122,0.842,-2.0879,-1.1797,0.6035,other
255072,-0.2699,0.3976,0.835,-2.3379,-1.2031,0.7852,other
255095,-0.2611,0.3983,0.8497,-2.5293,-1.1758,0.8281,other
255118,-0.2584,0.3983,0.8558,-2.8457,-1.1016,0.7617,other
255141,-0.2579,0.3877,0.8445,-3.1602,-1.0176,0.5078,other
255164,-0.2582,0.3887,0.8452,-3.3594,-0.9648,0.252,other
255187,-0.2668,0.39,0.835,-3.623,-0.877,-0.209,other
255210,-0.2683,0.3892,0.8387,-3.7637,-0.8027,-0.5254,other
255233,-0.2611,0.3992,0.8464,-3.9062,-0.666,-0.9355,other
255256,-0.2703,0.3997,0.8386,-3.9551,-0.5137,-1.2168,other
255279,-0.2714,0.3992,0.8329,-3.9453,-0.418,-1.3145,other
255302,-0.2629,0.4053,0.8522,-3.8906,-0.3008,-1.3301,other
255325,-0.26,0.4027,0.851,-3.834,-0.2539,-1.2793,other
255348,-0.2682,0.3978,0.8531,-3.7422,-0.2441,-1.1641,other
255371,-0.2656,0.3992,0.8488,-3.6855,-0.2988,-1.0625,other
255394,-0.2704,0.3899,0.8333,-3.6875,-0.3613,-1.0293,other
255417,-0.2684,0.3829,0.8385,-3.7715,-0.4766,-1.0605,other
255440,-0.2561,0.3878,0.8484,-3.8906,-0.5605,-1.1348,other
255463,-0.2676,0.3973,0.8535,-4.1523,-0.7051,-1.3027,other
255486,-0.2952,0.4026,0.8687,-4.377,-0.8164,-1.4473,other
255509,-0.3085,0.3884,0.8519,-4.8418,-1.043,-1.4668,other
255532,-0.2538,0.4038,0.864,-5.6133,-1.5059,-1.3438,other
255555,-0.2278,0.4041,0.8757,-6.3906,-2.082,-1.1875,other
255578,-0.2396,0.3621,0.8208,-8.041,-3.498,-0.9219,other
255601,-0.2437,0.386,0.8458,-9.4961,-4.8066,-0.7148,other
255624,-0.2368,0.3628,0.8574,-12.1191,-7.1445,-0.293,other
255647,-0.2172,0.3347,0.855,-14.8477,-9.5879,0.2715,other
255670,-0.199,0.3418,0.8906,-16.3555,-11.0508,0.6543,other
255693,-0.192,0.3447,0.9136,-17.541,-12.6875,1.1328,other
255716,-0.1826,0.3213,0.9048,-17.3965,-13.3008,1.4063,other
255739,-0.1959,0.3068,0.8646,-15.8066,-13.4824,1.9219,other
255762,-0.1808,0.3118,0.8556,-13.0156,-12.877,2.8535,other
255785,-0.1993,0.3135,0.864,-10.7734,-12.1035,3.8301,other
255808,-0.2092,0.3457,0.8978,-7.1152,-10.5039,5.8691,other
255831,-0.1711,0.3544,0.8986,-4.5547,-9.2266,7.5566,other
255854,-0.1678,0.3652,0.7858,-0.6562,-7.1719,10.4004,other
255877,-0.3228,0.364,0.7759,1.8535,-5.1777,13.3926,other
255900,-0.2197,0.3435,0.8226,5.4473,-3.9336,15.3125,other
255923,0.0101,0.3878,1.0237,9.373,-2.1562,17.5,other
255946,-0.0745,0.3466,0.8849,12.6328,-0.9902,18.125,other
255969,-0.4019,0.324,0.3508,18.5371,0.9102,17.9297,other
255992,-0.385,0.1942,-0.1206,22.752,2.4141,17.6094,other
256015,-0.2025,1.0537,1.5795,29.4727,4.8848,17.459,other
256038,0.0858,1.175,1.1398,37.9961,6.8828,16.6602,other
256061,-0.3041,0.6036,0.5482,45.1934,7.6191,14.8047,other
256084,-0.2993,0.6941,0.5037,57.3809,8.0937,9.6367,other
256107,-0.2445,0.6169,0.5179,63.998,8.3301,4.9668,other
256130,-0.2285,0.6423,0.5739,63.998,8.7539,-2.877,other
256153,-0.2461,0.7683,0.5187,63.998,8.8086,-10.4219,other
256176,-0.1864,0.8602,0.5508,63.998,8.2207,-14.5449,other
256199,-0.1431,0.8278,0.5359,63.998,5.8066,-18.3945,other
256222,-0.2112,0.7911,0.6066,63.998,3.0664,-19.0762,other
256245,-0.2,0.7665,0.5841,63.998,-2.4414,-17.2891,other
256268,-0.3092,0.6854,0.6711,54.6777,-8.7578,-12.8633,other
256291,-0.3068,0.7189,0.8193,46.0215,-12.8164,-9.0703,other
256314,-0.2104,0.6045,0.7037,32.5391,-17.832,-3.3027,other
256337,-0.1982,0.4015,0.6497,22.5391,-20.082,-0.123,other
256360,-0.033,0.3287,0.7694,5.1152,-21.3691,2.6445,other
256383,-0.0447,0.2189,0.6597,-7.9824,-20.6406,2.7988,other
256406,-0.1613,0.1893,0.504,-28.4043,-16.918,0.5742,other
256429,-0.0984,0.24,0.2844,-47.1328,-10.0371,-3.2617,other
256452,-0.2124,0.4342,0.1051,-57.0352,-4.0625,-5.4687,other
256475,-0.4474,1.1952,1.0133,-64.0,5.7402,-6.1934,other
256498,-0.2893,1.3992,0.7056,-64.0,11.8848,-4.2246,other
256521,-0.1531,0.8654,0.6549,-53.123,18.7188,1.9941,other
256544,-0.1814,0.7494,0.6074,-32.6211,21.1934,9.9453,other
256567,-0.1154,0.6541,0.5977,-16.2012,20.3867,14.7461,other
256590,-0.1449,0.7399,0.6488,8.8027,16.4902,19.3887,other
256613,-0.2191,0.7261,0.5518,23.7168,12.9355,20.1855,other
256636,-0.1919,0.8805,0.787,40.5566,7.6602,17.9043,other
256659,-0.2662,0.8497,0.7014,47.7227,3.7344,12.7852,other
256682,-0.3762,0.2762,-0.0631,46.2793,2.1016,9.1758,other
256705,-0.1747,0.0776,0.0726,33.0059,0.6348,5.8066,other
256728,-0.0651,0.3827,0.6185,18.332,-0.1895,5.6758,other
256751,-0.1747,1.0715,1.3738,-5.9922,-1.6855,8.418,other
256774,-0.1805,0.6995,0.5778,-19.4102,-2.8945,11.5957,other
256797,-0.0902,0.8801,0.7369,-31.3613,-5.0742,17.2227,other
256820,-0.1671,0.8624,0.582,-33.377,-7.625,22.4453,other
256843,-0.1324,0.9104,0.7043,-30.3008,-9.3027,24.8613,other
256866,-0.1583,0.9602,0.7732,-21.6035,-11.3008,25.8281,other
256889,0.0092,0.8422,0.7284,-14.9141,-12.125,24.3457,other
256912,-0.0956,0.6641,0.5743,-7.0723,-12.7617,18.9707,other
256935,-0.0416,0.5664,0.5419,-5.4922,-13.3359,10.7051,other
256958,0.0302,0.4824,0.5752,-8.8281,-14.1328,4.1797,other
256981,0.0964,0.3827,0.6119,-19.4043,-16.582,-6.5801,other
257004,0.0708,0.2787,0.5654,-28.6484,-19.3438,-14.2207,other
257027,0.0292,0.2764,0.6312,-42.6582,-25.5059,-25.959,other
257050,-0.0815,0.2822,0.7146,-53.2324,-34.1133,-37.3594,other
257073,-0.1285,0.2136,0.7816,-56.6777,-40.9375,-44.5313,other
257096,0.0552,0.313,0.8145,-54.9063,-52.0859,-54.7754,other
257119,-0.0333,0.4869,0.8606,-48.9668,-59.8125,-61.4434,other
257142,-0.205,0.5222,1.0334,-34.125,-64.0,-64.0,other
257165,-0.1315,0.418,0.8352,-21.7168,-64.0,-64.0,other
257188,-0.0234,0.3434,0.6249,-2.5723,-64.0,-64.0,other
257211,-0.2437,0.63,0.7794,13.7852,-64.0,-64.0,other
257234,-0.4022,0.7919,0.8805,22.248,-64.0,-64.0,other
257257,-0.2631,0.5828,0.6771,31.3945,-64.0,-64.0,other
257280,-0.2173,0.6456,1.0035,35.416,-64.0,-62.877,other
257303,-0.0004,0.5759,0.708,38.7266,-64.0,-50.8398,other
257326,0.0425,0.5188,0.8101,38.127,-64.0,-39.7695,other
257349,-0.02,0.5687,0.8049,34.6816,-64.0,-33.2148,other
257372,-0.1694,0.5612,0.8279,24.0703,-64.0,-24.084,other
257395,-0.1476,0.5341,0.8075,13.5742,-64.0,-18.1211,other
257418,-0.0784,0.516,0.7946,-5.6484,-59.5684,-9.4883,other
257441,0.0336,0.6072,0.809,-25.9688,-52.3633,-2.2773,other
257464,-0.09,0.5516,0.838,-38.3223,-46.6992,1.1426,other
257487,0.1501,0.5878,0.8076,-52.8086,-37.3867,3.875,other
257510,-0.0601,0.4171,0.8502,-58.8652,-31.041,4.2324,other
257533,0.0499,0.4731,0.8308,-61.877,-21.9609,3.3242,other
257556,0.09,0.476,0.8494,-60.0,-16.4297,1.8047,other
257579,0.0939,0.4927,0.8387,-52.4805,-9.0879,0.875,other
257602,0.0986,0.473,0.8179,-41.3105,-2.8145,0.0156,other
257625,0.0667,0.462,0.756,-32.9941,0.9473,-0.0703,other
257648,-0.079,0.4695,0.7761,-20.8672,6.1953,0.9121,other
257671,-0.0192,0.449,0.8052,-13.918,9.4434,2.5664,other
257694,0.1321,0.5297,0.843,-6.4297,13.7598,6.5879,other
257717,0.1648,0.4857,0.8505,-3.1855,17.0078,11.7031,other
257740,0.0095,0.4656,0.8511,-3.3027,18.2832,15.2109,other
257763,-0.004,0.473,0.8513,-6.1133,18.5547,20.2129,other
257786,0.0542,0.501,0.8618,-9.0781,17.707,23.2148,other
257809,0.0664,0.3998,0.8834,-13.8984,15.4883,26.7344,other
257832,0.1439,0.3688,0.8544,-17.75,13.1562,28.3516,other
257855,0.0244,0.4045,0.8408,-19.252,12.0391,28.1152,other
257878,0.0826,0.3691,0.8748,-19.7813,11.5215,25.9609,other
257901,0.13,0.4253,0.8682,-19.248,12.1113,23.668,other
257924,0.1058,0.5469,0.8239,-17.916,14.5508,19.7031,other
257947,-0.1384,0.5406,0.8025,-17.1445,17.127,16.1484,other
257970,-0.0016,0.4944,0.8173,-16.6563,21.7793,14.5547,other
257993,-0.0266,0.4318,0.8479,-17.0781,26.1563,13.6523,other
258016,-0.0298,0.4546,0.833,-17.7871,28.2344,13.9102,other
258039,0.0142,0.4695,0.9109,-19.3984,29.3691,15.0117,other
258062,0.0179,0.4642,0.9692,-20.8438,28.5273,15.8105,other
258085,0.0228,0.4113,0.9542,-23.6738,24.75,16.5703,other
258108,0.0444,0.373,0.9226,-27.3691,18.5293,16.5645,other
258131,0.016,0.3463,0.8844,-30.2285,13.6523,16.1387,other
258154,-0.051,0.3268,0.8496,-34.7793,6.2324,15.084,other
258177,0.0267,0.3192,0.9387,-37.7109,1.6934,14.2949,other
258200,0.0406,0.3101,0.9556,-41.3613,-3.918,13.1836,other
258223,0.0341,0.3091,0.9608,-43.6094,-7.8281,12.291,other
258246,-0.0026,0.3026,0.9457,-44.3125,-9.584,11.9121,other
258269,0.0299,0.272,0.9525,-44.4316,-11.2383,11.7695,other
258292,0.0387,0.2462,0.9835,-43.9902,-11.8066,11.8887,other
258315,0.0663,0.2294,0.9333,-42.6387,-12.0078,12.084,other
258338,0.08,0.2469,0.95,-41.3789,-11.8262,11.9199,other
258361,0.0258,0.2373,0.946,-39.2285,-11.3516,11.5293,other
258384,0.0498,0.2266,0.953,-37.041,-10.9336,10.6348,other
258407,0.0183,0.2393,0.9297,-35.5996,-10.7676,9.9258,other
258430,0.0339,0.2057,0.9203,-33.3984,-10.7129,8.7754,other
258453,0.0647,0.2194,0.9396,-31.8164,-10.7422,7.9121,other
258476,0.0352,0.2393,0.9596,-28.9707,-10.6016,6.248,other
258499,0.0492,0.264,1.017,-25.0547,-9.8086,3.8203,other
258522,0.0638,0.2756,0.9656,-21.666,-8.7402,1.6543,other
258545,-0.0238,0.3142,0.921,-15.6113,-6.3379,-2.3945,other
258568,0.0374,0.3087,0.877,-11.252,-4.3242,-5.498,other
258591,0.0066,0.3501,0.9354,-4.6855,-0.8984,-10.5625,other
258614,0.1025,0.3486,1.0137,2.0059,3.043,-16.0742,other
258637,0.2496,0.3467,1.0984,6.8496,6.0937,-20.0293,other
258660,0.181,0.3368,1.0599,14.9629,11.2402,-26.1035,other
258683,0.0337,0.3464,0.9637,20.6484,14.6035,-29.623,other
258706,0.0018,0.2943,0.8497,28.3125,18.3145,-32.4648,other
258729,0.046,0.2799,0.8391,32.0078,19.2617,-30.8281,other
258752,0.1582,0.2443,0.9092,34.7207,17.8887,-27.041,other
258775,0.218,0.1791,0.9962,34.6602,13.5293,-18.0684,other
258798,0.001,0.3158,1.0847,33.9102,9.6289,-10.5762,other
258821,-0.2245,0.2859,0.9365,32.7559,3.8164,1.9121,other
258844,-0.1293,0.2257,0.7664,32.0098,0.793,10.5605,other
258867,-0.1323,0.2823,0.8682,30.3477,-1.627,22.7793,other
258890,-0.1223,0.2728,0.906,27.6973,-1.082,32.0801,other
258913,-0.0631,0.2415,0.7584,25.5605,0.9355,35.584,other
258936,-0.0083,0.214,0.6263,22.4004,6.0605,35.7695,other
258959,-0.0342,0.3583,0.7136,20.8145,10.5098,32.4414,other
258982,-0.0677,0.5331,1.0399,20.5078,18.0664,23.1211,other
259005,-0.0168,0.532,0.9427,24.3359,25.9512,10.6504,other
259028,-0.2632,0.647,0.7983,29.4297,30.9414,1.9453,other
259051,-0.2197,0.6367,0.7434,39.6211,37.3223,-9.8516,other
259074,-0.0905,0.573,0.8497,46.8691,40.5273,-16.1816,other
259097,-0.1647,0.5616,0.8,56.3418,43.6621,-23.0176,other
259120,-0.1301,0.479,0.735,60.8145,45.1504,-26.8262,other
259143,-0.1704,0.5496,0.7218,63.8242,45.416,-27.8711,other
259166,-0.2565,0.6251,0.677,62.0645,44.8066,-27.498,other
259189,-0.238,0.6135,0.6752,58.3594,43.6777,-26.0918,other
259212,-0.2089,0.5576,0.6575,49.4922,40.6016,-22.457,other
259235,-0.1528,0.5845,0.7593,41.7324,37.3809,-19.1211,other
259258,-0.1554,0.595,0.8076,28.0586,30.668,-12.9648,other
259281,-0.155,0.5431,0.7941,13.0527,22.4199,-5.8281,other
259304,-0.116,0.4641,0.8011,3.0176,16.6777,-0.8359,other
259327,-0.1205,0.5056,0.8245,-11.1309,8.3613,6.5,other
259350,-0.0403,0.4258,0.8174,-19.6777,3.1719,11.0645,other
259373,-0.1219,0.5288,0.7498,-31.4414,-4.0469,17.3594,other
259396,-0.0265,0.5465,0.8525,-43.0332,-10.6426,23.4863,other
259419,0.0656,0.4136,0.9042,-51.1797,-14.9316,27.8418,other
259442,-0.0012,0.4088,0.8951,-63.8887,-21.7715,35.1563,other
259465,-0.0504,0.4211,0.9561,-64.0,-26.6875,40.5879,other
259488,-0.0765,0.4044,0.9027,-64.0,-34.3711,49.0996,other
259511,0.1201,0.3488,0.8671,-64.0,-41.8379,56.7266,other
259534,0.1086,0.3787,0.8831,-64.0,-46.2148,60.3301,other
259557,0.1016,0.4072,0.995,-64.0,-51.002,62.2988,other
259580,0.1146,0.3965,0.9939,-64.0,-52.5039,61.0176,other
259603,0.1658,0.3942,1.0677,-64.0,-51.6055,55.3691,other
259626,0.1736,0.3402,0.9438,-64.0,-48.8594,49.5313,other
259649,0.0696,0.3141,0.9412,-56.3223,-42.1406,38.8535,other
259672,0.1534,0.3027,0.9662,-47.1328,-33.6621,27.582,other
259695,0.1759,0.2657,0.9755,-42.7852,-27.7734,20.498,other
259718,0.1903,0.2057,0.9133,-38.9727,-19.3906,11.1309,other
259741,0.1963,0.2015,0.9451,-37.9453,-14.4238,5.9141,other
259764,0.2345,0.1819,0.9667,-37.8457,-8.3105,-0.1582,other
259787,0.2787,0.1968,1.0306,-38.1953,-4.1875,-3.9355,other
259810,0.2172,0.0983,0.9307,-37.9453,-2.7441,-5.0957,other
259833,0.0902,-0.0258,0.7145,-35.9961,-2.8164,-4.6836,other
259856,0.0994,0.0312,0.7096,-33.2734,-4.2285,-3.041,other
259879,0.04,0.1453,0.7904,-26.1035,-7.3164,0.6992,other
259902,0.0386,0.2424,0.9712,-13.9512,-9.627,4.1973,other
259925,0.0691,0.2717,1.0027,-1.6504,-9.7617,5.2559,other
259948,0.1189,0.3042,0.9987,21.1836,-7.0781,3.6738,other
259971,0.1202,0.4059,1.0081,38.6094,-3.3711,0.332,other
259994,-0.1244,0.4486,0.835,63.998,4.3242,-7.1914,other
260017,-0.1195,0.4529,0.7275,63.998,10.2031,-12.8086,other
260040,0.0654,0.4872,0.9402,63.998,19.0371,-20.3945,other
260063,0.0121,0.4645,0.886,63.998,27.0098,-25.9492,other
260086,-0.0884,0.6301,0.7954,63.998,31.5098,-28.3965,other
260109,-0.1053,0.687,0.7067,63.998,36.623,-30.3105,other
260132,-0.0635,0.5713,0.7311,63.998,38.6797,-30.5332,other
260155,-0.0731,0.4824,0.7894,60.6504,39.3262,-29.457,other
260178,-0.0352,0.4807,0.7811,38.1289,36.9414,-26.8555,other
260201,-0.03,0.4836,0.8406,22.75,33.8633,-24.4258,other
260224,-0.0773,0.4482,0.8556,0.3145,27.7246,-20.0352,other
260247,-0.0703,0.3993,0.8701,-13.7793,23.1563,-16.75,other
260270,-0.0239,0.3693,0.9379,-33.3145,16.3535,-11.4023,other
260293,0.0132,0.3494,1.0524,-50.7402,9.9414,-5.5879,other
260316,0.0023,0.2264,1.0868,-61.2441,5.918,-1.5293,other
260339,0.0004,0.2167,0.9663,-64.0,0.6934,4.3887,bite
260362,-0.0525,0.2936,0.9893,-64.0,-1.7637,7.7969,bite
260385,-0.045,0.3416,0.9241,-64.0,-3.5332,11.4277,bite
260408,-0.0417,0.3306,0.8622,-64.0,-3.6621,12.6602,bite
260431,-0.0427,0.2698,0.9346,-64.0,-3.127,12.8535,bite
260454,0.0156,0.3075,0.9786,-64.0,-2.8809,11.7383,bite
260477,-0.0126,0.2721,1.0513,-62.9004,-3.2109,10.6777,bite
260500,0.0248,0.2799,0.9767,-52.8945,-4.3613,8.9941,bite
260523,0.032,0.2241,0.936,-46.582,-5.416,7.9141,bite
260546,0.0413,0.2581,1.0,-38.5703,-7.0723,6.416,bite
260569,0.0132,0.2917,1.1124,-32.9434,-8.2852,5.0469,bite
260592,0.0178,0.2539,0.9766,-30.6914,-8.6602,4.2246,bite
260615,-0.0253,0.1974,0.9015,-29.7949,-8.5527,3.2012,bite
260638,0.0405,0.1587,1.0057,-30.8652,-8.166,2.6895,bite
260661,0.0603,0.1747,1.1309,-34.4941,-7.5078,2.1094,bite
260684,0.0452,0.1697,1.1346,-39.5215,-7.1582,1.5313,bite
260707,0.0415,0.1108,0.9718,-43.2305,-7.2168,1.0723,bite
260730,0.028,0.0698,0.9879,-49.1602,-7.7617,0.3066,bite
260753,0.0293,0.0508,1.0658,-53.25,-8.3672,-0.1836,bite
260776,0.0421,0.0155,1.0968,-59.041,-9.334,-0.8105,bite
260799,0.0396,-0.0067,1.1461,-62.2109,-9.7305,-1.1719,bite
260822,0.0333,0.02,1.0955,-64.0,-9.3086,-1.7051,bite
260845,0.0245,-0.0273,1.0022,-64.0,-7.0176,-2.2676,bite
260868,0.0502,-0.0707,1.0156,-63.6602,-4.3867,-2.5801,bite
260891,0.0471,-0.0327,1.0356,-59.0371,0.8164,-2.6895,bite
260914,-0.0226,-0.0243,0.9548,-54.6484,4.8066,-2.3242,bite
260937,-0.1135,-0.0623,0.9037,-46.8281,10.8867,-0.6738,bite
260960,-0.1235,-0.0505,1.0105,-38.6484,16.1504,2.7129,bite
260983,-0.0872,-0.0522,1.1062,-33.4492,18.8184,5.8555,bite
261006,-0.1029,-0.1415,1.0504,-26.3945,21.2793,11.1953,bite
261029,-0.0977,-0.1501,1.017,-22.4551,21.8711,14.6348,bite
261052,-0.0951,-0.1205,1.0519,-18.2148,21.4238,18.7578,bite
261075,-0.1187,-0.0897,1.1737,-16.1094,19.877,20.9805,bite
261098,-0.0916,-0.0404,1.2361,-15.5879,18.541,21.332,bite
261121,-0.0659,-0.0438,1.2062,-15.4141,16.3477,20.5098,bite
261144,-0.076,-0.0688,1.1858,-15.4277,14.6914,19.4863,bite
261167,-0.1016,-0.1097,1.1864,-15.4375,11.4824,18.2402,bite
261190,-0.0862,-0.1185,1.1704,-15.377,8.6426,18.1582,bite
261213,-0.0066,-0.0914,1.0961,-15.1172,3.5352,19.6465,bite
261236,-0.0166,-0.0996,1.079,-14.6445,-1.7383,22.8789,bite
261259,-0.0529,-0.1086,1.0696,-14.1875,-4.8437,25.6855,bite
261282,-0.0117,-0.1215,1.1007,-13.2383,-8.2187,30.334,bite
261305,0.027,-0.1294,1.0715,-12.4766,-9.3145,33.3965,bite
261328,-0.024,-0.1576,0.9202,-11.5195,-9.0391,37.4727,bite
261351,-0.0741,-0.1591,0.8792,-11.498,-6.6289,40.6836,bite
261374,-0.0486,-0.135,0.9674,-12.2285,-4.0527,42.3184,bite
261397,-0.0714,-0.1404,0.826,-14.2051,0.8574,43.9648,bite
261420,-0.1,-0.1077,0.777,-15.8008,4.6016,44.4648,bite
261443,-0.0934,-0.058,0.8162,-18.002,10.4844,44.2559,bite
261466,-0.0902,-0.0927,0.7354,-19.2949,15.8809,42.9297,bite
261489,-0.1324,-0.0931,0.7211,-19.4199,18.625,41.5078,bite
261512,-0.1556,-0.0505,0.8157,-18.2656,20.6816,38.6934,bite
261535,-0.1096,-0.046,0.891,-16.4805,20.4727,36.3535,bite
261558,-0.0579,-0.0308,0.954,-12.2812,17.8262,31.9551,bite
261581,-0.1316,-0.0671,0.8899,-8.7598,14.6582,26.3574,bite
261604,-0.1239,-0.1367,0.9375,-3.457,8.082,22.1016,bite
261627,-0.0559,-0.0989,1.0775,0.5078,-0.3066,15.3496,bite
261650,0.0128,-0.088,1.2322,2.002,-6.5645,10.7715,bite
261673,0.0426,-0.1139,1.2524,2.4766,-16.2109,3.9902,bite
261696,0.0259,-0.1517,1.2306,1.6582,-22.3828,-0.2812,bite
261719,0.041,-0.2075,1.2126,-1.2793,-30.7266,-5.7988,bite
261742,0.0897,-0.2567,1.261,-6.1055,-37.6816,-9.6328,bite
261765,0.2042,-0.2689,1.2677,-10.0527,-41.4121,-11.1094,bite
261788,0.2113,-0.2571,1.2258,-16.3359,-45.1973,-11.8418,bite
261811,0.1327,-0.2704,1.1664,-20.375,-46.1504,-11.4219,bite
261834,0.1295,-0.3018,1.1396,-25.7598,-44.7832,-9.3262,bite
261857,0.1647,-0.302,1.0908,-30.0039,-40.0508,-5.2891,bite
261880,0.1613,-0.2687,1.1166,-32.1133,-35.2461,-1.543,bite
261903,0.1426,-0.2886,1.0925,-34.2813,-26.2402,5.5078,bite
261926,0.1219,-0.3148,1.045,-35.2676,-19.5977,11.0762,bite
261949,0.0487,-0.3821,0.9391,-36.6836,-9.8164,20.582,bite
261972,0.0481,-0.4117,0.8701,-38.0137,-4.0449,31.207,bite
261995,0.0756,-0.3381,0.958,-41.0762,2.7832,38.5938,bite
262018,0.0796,-0.3164,0.9872,-45.3535,7.1914,49.3887,bite
262041,0.054,-0.3901,0.9036,-48.6934,8.8574,55.9688,bite
262064,-0.0441,-0.4194,0.8087,-54.2793,9.6855,63.998,bite
262087,-0.0635,-0.4272,0.8152,-58.3203,9.3125,63.998,bite
262110,-0.0225,-0.3748,0.9131,-64.0,7.7617,63.998,bite
262133,0.021,-0.3573,1.0298,-64.0,5.4062,63.998,bite
262156,0.0067,-0.3634,1.0505,-64.0,3.5391,63.998,bite
262179,-0.0909,-0.3326,1.0658,-64.0,0.5137,63.998,bite
262202,-0.0419,-0.361,1.0313,-64.0,-1.4492,63.998,bite
262225,0.0448,-0.4636,0.9817,-64.0,-3.9082,63.998,bite
262248,0.0371,-0.4653,1.0858,-62.4492,-5.4844,63.998,bite
262271,-0.0901,-0.4624,0.9651,-57.3574,-6.0293,63.998,bite
262294,-0.2804,-0.4226,0.9299,-48.9023,-6.168,63.998,bite
262317,-0.1246,-0.3643,1.0132,-43.1035,-5.8281,62.8496,bite
262340,-0.103,-0.3738,1.0072,-34.5156,-4.752,58.7168,other
262363,-0.2063,-0.441,0.9283,-28.959,-3.2539,54.502,other
262386,-0.1162,-0.4553,0.9563,-21.0723,-2.0937,51.3906,other
262409,-0.1846,-0.3877,1.0239,-13.9668,-0.4687,46.0508,other
262432,-0.1305,-0.4097,0.9462,-9.7324,0.5703,41.9863,other
262455,-0.1283,-0.4603,0.8721,-4.1855,2.0703,35.1211,other
262478,-0.0532,-0.4349,0.9629,-0.8965,2.8652,30.1133,other
262501,-0.0707,-0.4811,0.9398,4.041,3.0664,22.3574,other
262524,-0.0481,-0.4186,0.9535,9.7617,0.998,15.1406,other
262547,-0.0297,-0.4032,0.9764,14.2012,-2.0215,11.1289,other
262570,-0.0229,-0.2958,1.0161,21.6094,-8.6191,6.7109,other
262593,0.0112,-0.368,0.9587,26.748,-13.6543,4.7871,other
262616,-0.0132,-0.3531,0.9868,34.2266,-20.4727,2.9395,other
262639,-0.03,-0.3088,0.9957,41.1445,-24.5195,1.5059,other
262662,-0.035,-0.3234,1.0148,45.4727,-25.0059,0.3477,other
262685,-0.0483,-0.2559,1.0232,51.6758,-22.3242,-2.1328,other
262708,-0.0315,-0.2096,1.0327,55.668,-18.6582,-4.4062,other
262731,-0.0454,-0.1436,1.02,61.4063,-11.5352,-8.752,other
262754,-0.0834,-0.027,1.031,63.998,-4.0664,-14.0098,other
262777,-0.0359,-0.0558,1.0466,63.998,0.3203,-17.8105,other
262800,-0.0248,-0.1245,1.0452,63.998,5.0391,-23.5684,other
262823,-0.0441,-0.0691,1.0287,63.998,6.6113,-27.248,other
262846,-0.0105,-0.0468,1.0372,63.998,6.5566,-32.248,other
262869,0.0167,-0.0486,1.0681,63.998,5.0781,-35.0742,other
262892,0.0251,-0.0428,1.0636,63.998,1.207,-38.291,other
262915,0.0144,-0.0232,1.0183,63.998,-3.7852,-40.0547,other
262938,-0.0063,0.0239,0.9502,59.3105,-7.1816,-40.4004,other
262961,0.0299,0.0962,1.0215,49.498,-11.6035,-39.7832,other
262984,-0.0848,0.0714,0.8661,41.918,-13.7695,-38.6602,other
263007,-0.0801,-0.0355,0.8949,29.1875,-15.5586,-35.9531,other
263030,-0.0574,-0.1011,0.8312,15.0918,-15.6719,-32.4746,other
263053,-0.0066,-0.0979,0.8818,5.3086,-14.9902,-30.2676,other
263076,-0.0325,-0.0817,0.8917,-9.0586,-13.209,-28.0859,other
263099,-0.0262,-0.1222,0.834,-17.8984,-11.7734,-27.7754,other
263122,-0.0204,-0.2335,0.7628,-29.4258,-9.6855,-29.2227,other
263145,-0.0167,-0.2913,0.7246,-35.752,-8.0762,-32.7324,other
263168,0.0099,-0.2563,0.7833,-42.7402,-7.3281,-36.0234,other
263191,0.0441,-0.2098,0.8729,-45.4531,-6.3398,-42.2285,other
263214,0.026,-0.1715,0.8771,-43.8477,-5.3027,-47.1953,other
263237,-0.0513,-0.142,0.8726,-34.8789,-2.002,-55.7109,other
263260,-0.0505,-0.0735,0.9695,-24.1367,2.2012,-61.7734,other
263283,-0.0846,0.073,1.0236,-1.3398,12.6895,-64.0,other
263306,-0.1692,0.213,1.1007,27.3281,28.4727,-64.0,other
263329,-0.2155,0.2817,1.2384,47.9219,41.2012,-64.0,other
263352,-0.2424,0.1887,1.2306,63.998,61.1055,-64.0,other
263375,-0.2733,0.2205,1.1083,63.998,63.998,-64.0,other
263398,-0.3385,0.1968,1.0179,63.998,63.998,-64.0,other
263421,-0.4137,0.1227,0.9624,63.998,63.998,-58.2988,other
263444,-0.4259,-0.0826,0.9121,63.998,63.998,-49.3535,other
263467,-0.3287,-0.0033,1.155,63.998,63.998,-35.6797,other
263490,-0.24,0.285,1.2338,63.998,63.998,-27.2832,other
263513,-0.1901,0.433,1.0164,63.998,49.4629,-17.1367,other
263536,-0.2065,0.3647,0.9979,49.9941,25.8789,-11.0527,other
263559,-0.3114,0.1741,0.933,41.6211,10.5684,-9.2637,other
263582,-0.3209,0.1328,1.0515,33.4219,-9.459,-8.748,other
263605,-0.1476,0.1213,1.3213,29.334,-20.3184,-8.9121,other
263628,-0.1074,0.2338,1.2836,24.293,-32.8438,-9.1055,other
263651,-0.1487,0.2256,0.9708,21.5605,-38.7656,-9.25,other
263674,-0.2069,0.2501,0.8627,18.375,-43.9883,-9.7832,other
263697,-0.265,0.3141,0.8575,16.7363,-44.5371,-10.9121,other
263720,-0.2802,0.3574,0.8304,17.2305,-42.2637,-12.1094,other
263743,-0.2772,0.3739,0.8668,21.8262,-35.3457,-15.0352,other
263766,-0.2114,0.4878,1.0294,28.0938,-28.9023,-18.1973,other
263789,-0.2994,0.6077,1.1328,42.3184,-17.6777,-25.4258,other
263812,-0.3437,0.5183,1.0162,60.4512,-6.0898,-35.6133,other
263835,-0.2189,0.3933,0.8486,63.998,1.1328,-43.5879,other
263858,-0.2435,0.3982,0.7295,63.998,10.3262,-56.0371,other
263881,-0.374,0.384,0.6464,63.998,15.043,-63.5859,other
263904,-0.4371,0.3668,0.6276,63.998,20.0781,-64.0,other
263927,-0.4117,0.3774,0.6752,63.998,23.3613,-64.0,other
263950,-0.3896,0.4326,0.7043,63.998,25.043,-64.0,other
263973,-0.4423,0.5048,0.7321,50.6777,27.3809,-64.0,other
263996,-0.4941,0.51,0.7136,41.8359,29.002,-60.6797,other
264019,-0.4895,0.4738,0.696,33.041,31.5293,-49.4141,other
264042,-0.4526,0.468,0.6763,30.25,33.0918,-41.4727,other
264065,-0.4299,0.4625,0.6687,29.543,34.707,-30.207,other
264088,-0.4767,0.4703,0.6626,30.8281,34.7695,-20.752,other
264111,-0.4808,0.426,0.6541,31.6035,33.7129,-15.7266,other
264134,-0.434,0.4318,0.6742,31.416,30.5039,-10.166,other
264157,-0.4493,0.4261,0.6624,30.0996,27.4551,-7.6855,other
264180,-0.4843,0.4694,0.6512,26.4863,22.0176,-5.373,other
264203,-0.4945,0.4957,0.6761,21.5918,16.2891,-3.9746,other
264226,-0.475,0.4913,0.6554,18.0781,12.6855,-3.1367,other
264249,-0.4579,0.5073,0.6586,12.959,7.9648,-1.6504,other
264272,-0.4758,0.5537,0.6687,9.8379,5.3613,-0.4199,other
264295,-0.4917,0.5631,0.6796,5.7891,2.2773,1.7891,other
264318,-0.4851,0.527,0.6702,2.6836,0.1367,4.2207,other
264341,-0.4492,0.5083,0.655,1.2109,-0.7754,5.7129,other
264364,-0.4503,0.5043,0.6538,-0.0586,-1.4082,7.2969,other
264387,-0.4604,0.4937,0.6324,-0.2871,-1.3691,7.7129,other
264410,-0.463,0.4862,0.6095,0.2363,-0.6895,7.2285,other
264433,-0.4749,0.4993,0.5985,1.125,0.123,5.709,other
264456,-0.4856,0.5072,0.6173,3.2168,1.7656,3.873,other
264479,-0.4872,0.5264,0.6217,6.1426,3.7441,1.0,other
264502,-0.4935,0.5325,0.6338,8.4258,5.127,-0.957,other
264525,-0.4861,0.5079,0.6184,11.9336,7.0703,-3.5898,other
264548,-0.4674,0.4958,0.5826,13.9609,8.1328,-4.9668,other
264571,-0.4762,0.4871,0.6021,15.8477,9.1445,-6.2734,other
264594,-0.4614,0.4937,0.6213,15.8027,9.2773,-6.5547,other
264617,-0.4628,0.5234,0.6271,14.6484,8.8613,-6.1719,other
264640,-0.4863,0.5159,0.6237,11.5195,7.6211,-4.8047,other
264663,-0.4802,0.5261,0.6025,8.7988,6.5371,-3.4395,other
264686,-0.483,0.5271,0.5874,4.334,4.8437,-0.916,other
264709,-0.4852,0.5038,0.5583,0.0977,3.4395,1.8223,other
264732,-0.4924,0.5081,0.5308,-2.2422,2.8301,3.5449,other
264755,-0.5005,0.5198,0.5209,-4.5469,2.5566,5.6934,other
264778,-0.4966,0.5527,0.5304,-5.0449,2.8418,6.7246,other
264801,-0.5056,0.5853,0.5518,-3.9785,3.9121,7.5879,other
264824,-0.514,0.6083,0.5605,-2.0605,4.9453,7.7305,other
264847,-0.5171,0.6254,0.5627,2.2285,6.6758,7.4395,other
264870,-0.5073,0.6146,0.5643,7.2129,8.1621,6.7852,other
264893,-0.4932,0.5787,0.5571,10.2227,8.75,6.25,other
264916,-0.4797,0.5514,0.5453,13.2852,8.7363,5.3691,other
264939,-0.4784,0.5563,0.554,14.0137,8.082,4.7246,other
264962,-0.4861,0.5581,0.5659,13.0977,6.2891,3.6621,other
264985,-0.4746,0.5505,0.5629,10.2969,3.9277,2.5352,other
265008,-0.4657,0.5396,0.5623,7.8008,2.2852,1.8008,other
265031,-0.467,0.5408,0.5511,3.7363,0.0352,0.8359,other
265054,-0.4786,0.5656,0.5586,1.1309,-1.1816,0.3516,other
265077,-0.4877,0.578,0.5585,-2.1562,-2.416,-0.0391,other
265100,-0.4957,0.5853,0.5381,-4.291,-2.8496,0.0137,other
265123,-0.4967,0.584,0.5291,-4.9551,-2.6895,0.2559,other
265146,-0.4973,0.5748,0.521,-4.8125,-1.8477,0.7832,other
265169,-0.4935,0.5717,0.5101,-4.0508,-0.9746,1.1289,other
265192,-0.4869,0.5703,0.5103,-2.1973,0.5703,1.4648,other
265215,-0.4943,0.582,0.5247,-0.7207,1.5918,1.4785,other
265238,-0.4934,0.5786,0.5372,1.4121,2.8145,1.3242,other
265261,-0.4824,0.5803,0.5399,2.9609,3.3691,0.9473,other
265284,-0.4856,0.5741,0.5449,3.4707,3.2793,0.6699,other
265307,-0.4762,0.5743,0.5474,3.3535,2.4883,0.3164,other
265330,-0.4677,0.5764,0.5563,2.7324,1.627,0.1602,other
265353,-0.473,0.5714,0.5465,1.1914,0.0645,0.0762,other
265376,-0.4774,0.5734,0.5398,-0.7559,-1.5156,0.1699,other
265399,-0.483,0.5858,0.5435,-2.0801,-2.4199,0.3164,other
265422,-0.4882,0.5885,0.5472,-3.8262,-3.3711,0.6133,other
265445,-0.4834,0.5724,0.5238,-4.7051,-3.6719,0.8242,other
265468,-0.4811,0.5771,0.5219,-5.5137,-3.6172,1.082,other
265491,-0.4893,0.5823,0.5311,-5.7402,-3.0664,1.2148,other
265514,-0.4855,0.5853,0.5322,-5.6152,-2.5215,1.2266,other
265537,-0.4792,0.5839,0.5267,-5.123,-1.6172,1.1406,other
265560,-0.4752,0.585,0.5331,-4.6836,-1.0547,1.0234,other
265583,-0.4814,0.582,0.5475,-4.0137,-0.4004,0.7715,other
265606,-0.48,0.5684,0.5405,-3.6328,-0.1367,0.4531,other
265629,-0.4731,0.5591,0.5304,-3.2441,-0.0098,0.2168,other
265652,-0.4727,0.5669,0.5405,-3.123,-0.1484,-0.1406,other
265675,-0.4795,0.5776,0.5386,-3.1699,-0.3418,-0.3418,other
265698,-0.4756,0.5878,0.5359,-3.3496,-0.6875,-0.5156,other
265721,-0.4797,0.5914,0.5414,-3.4805,-0.9023,-0.5117,other
265744,-0.4791,0.5867,0.5406,-3.6133,-1.1445,-0.3145,other
265767,-0.4786,0.5728,0.5345,-3.6367,-1.2559,0.0469,other
265790,-0.4763,0.5696,0.5291,-3.5977,-1.2559,0.3184,other
265813,-0.4779,0.5786,0.5271,-3.4883,-1.1484,0.6895,other
265836,-0.4801,0.5894,0.5331,-3.3828,-1.0098,0.8789,other
265859,-0.4796,0.5901,0.5371,-3.1758,-0.7187,1.0625,other
265882,-0.4795,0.5752,0.5225,-2.9238,-0.3613,1.1406,other
265905,-0.4757,0.5804,0.5116,-2.7617,-0.1172,1.1465,other
265928,-0.4827,0.5925,0.5287,-2.5605,0.1973,1.1133,other
265951,-0.4878,0.6019,0.5254,-2.4473,0.3496,1.0801,other
265974,-0.4825,0.6,0.5212,-2.2852,0.4668,1.0352,other
265997,-0.4791,0.5905,0.5255,-2.1914,0.4648,0.9844,other
266020,-0.475,0.5748,0.519,-2.1211,0.3281,0.9258,other
266043,-0.4696,0.5853,0.5314,-2.209,0.0117,0.7715,other
266066,-0.4719,0.5865,0.5575,-2.3633,-0.2988,0.625,other
266089,-0.468,0.579,0.5507,-2.707,-0.8711,0.3594,other
266112,-0.4573,0.5646,0.5332,-2.9824,-1.2734,0.1699,other
266135,-0.4639,0.5739,0.5299,-3.4219,-1.8008,-0.1113,other
266158,-0.4777,0.588,0.5304,-3.7773,-2.0957,-0.3262,other
266181,-0.4774,0.5872,0.519,-3.8867,-2.1055,-0.3906,other
266204,-0.4781,0.5958,0.5132,-3.7988,-1.8223,-0.3242,other
266227,-0.4812,0.6014,0.5253,-3.5879,-1.4746,-0.1641,other
266250,-0.4767,0.6019,0.5238,-3.1172,-0.8203,0.2207,other
266273,-0.476,0.5973,0.5292,-2.6074,-0.1641,0.6914,other
266296,-0.4711,0.5873,0.5353,-2.3281,0.1973,0.9883,other
266319,-0.4646,0.5768,0.5212,-2.0918,0.5469,1.3164,other
266342,-0.4686,0.5845,0.5221,-2.0781,0.6426,1.4277,other
266365,-0.4752,0.5991,0.5305,-2.248,0.6074,1.4258,other
266388,-0.4812,0.5908,0.5128,-2.4316,0.4512,1.2754,other
266411,-0.4727,0.5879,0.5103,-2.7187,0.3398,1.125,other
266434,-0.4741,0.5978,0.5197,-2.9297,0.2285,0.8613,other
266457,-0.4807,0.5996,0.5166,-2.998,0.2031,0.6816,other
266480,-0.4791,0.5906,0.5133,-3.0,0.2227,0.4395,other
266503,-0.4706,0.5984,0.5043,-2.9609,0.25,0.3066,other
266526,-0.4799,0.5887,0.5179,-2.8926,0.2617,0.1562,other
266549,-0.4679,0.5923,0.5129,-2.8594,0.1855,0.0547,other
266572,-0.4725,0.5975,0.5223,-2.875,0.0625,0.0117,other
266595,-0.4729,0.5983,0.5242,-2.959,-0.2266,-0.0098,other
266618,-0.4753,0.5958,0.5275,-3.043,-0.4707,0.002,other
266641,-0.4644,0.5867,0.5222,-3.1934,-0.875,0.0352,other
266664,-0.4656,0.5935,0.5118,-3.3516,-1.2598,0.0586,other
266687,-0.4761,0.5964,0.5195,-3.457,-1.4805,0.0586,other
266710,-0.4731,0.5973,0.5192,-3.5859,-1.7168,0.041,other
266733,-0.4714,0.5979,0.5088,-3.6426,-1.8047,0.0195,other
266756,-0.4723,0.5988,0.521,-3.6953,-1.8457,-0.0137,other
266779,-0.4698,0.5951,0.5249,-3.7148,-1.8223,-0.0488,other
266802,-0.4648,0.5878,0.5273,-3.7383,-1.7988,-0.0723,other
266825,-0.4609,0.59,0.5359,-3.7812,-1.7852,-0.1094,other
266848,-0.4617,0.5872,0.5294,-3.8281,-1.791,-0.1387,other
266871,-0.4656,0.5914,0.519,-3.9219,-1.8086,-0.1719,other
266894,-0.473,0.6019,0.5209,-3.9902,-1.8008,-0.1797,other
266917,-0.4775,0.6135,0.5165,-4.0508,-1.7109,-0.1426,other
266940,-0.4753,0.6042,0.5198,-4.0293,-1.5059,-0.043,other
266963,-0.4709,0.5897,0.5143,-3.9766,-1.3203,0.043,other
266986,-0.4631,0.5809,0.5198,-3.8809,-1.0254,0.1523,other
267009,-0.4634,0.5823,0.5232,-3.834,-0.8555,0.1855,other
267032,-0.4692,0.5906,0.5172,-3.8145,-0.6855,0.1543,other
267055,-0.4723,0.6094,0.5172,-3.834,-0.6348,0.0625,other
267078,-0.4834,0.6134,0.5189,-3.8398,-0.6562,0.0059,other
267101,-0.4729,0.6111,0.516,-3.8125,-0.7422,-0.0371,other
267124,-0.4662,0.5891,0.5212,-3.7773,-0.8281,-0.041,other
267147,-0.4569,0.5807,0.5221,-3.7422,-0.9961,-0.0586,other
267170,-0.4612,0.5864,0.5316,-3.752,-1.2148,-0.1484,other
267193,-0.4667,0.593,0.5402,-3.8066,-1.377,-0.25,other
267216,-0.4617,0.5898,0.5244,-3.8613,-1.6055,-0.4238,other
267239,-0.4657,0.6008,0.5146,-3.877,-1.7168,-0.5293,other
267262,-0.478,0.5977,0.5276,-3.8496,-1.7637,-0.6328,other
267285,-0.4663,0.594,0.5117,-3.7871,-1.6953,-0.6582,other
267308,-0.467,0.5885,0.5143,-3.6523,-1.4512,-0.6328,other
267331,-0.4711,0.5927,0.5178,-3.5273,-1.1016,-0.5527,other
267354,-0.4722,0.5925,0.5165,-3.4727,-0.8574,-0.4727,other
267377,-0.4662,0.6028,0.5178,-3.4336,-0.5469,-0.3164,other
267400,-0.474,0.6073,0.5239,-3.4277,-0.4043,-0.1934,other
267423,-0.4686,0.6056,0.5227,-3.4375,-0.3125,0.0059,other
267446,-0.4664,0.593,0.5198,-3.4707,-0.3594,0.1836,other
267469,-0.4653,0.5887,0.5216,-3.5137,-0.4492,0.2578,other
267492,-0.4615,0.5853,0.5194,-3.6113,-0.6309,0.2734,other
267515,-0.4624,0.5973,0.5203,-3.6953,-0.7598,0.2168,other
267538,-0.4659,0.606,0.5267,-3.8164,-0.9258,0.0742,other
267561,-0.4762,0.5953,0.5135,-3.8887,-1.0254,-0.0723,other
267584,-0.4711,0.5937,0.512,-3.9023,-1.041,-0.1426,other
267607,-0.4655,0.606,0.526,-3.8887,-0.9961,-0.1992,other
267630,-0.472,0.601,0.5286,-3.8652,-0.9395,-0.207,other
267653,-0.4623,0.584,0.5123,-3.8125,-0.834,-0.1953,other
267676,-0.4558,0.5867,0.5164,-3.7773,-0.7617,-0.1836,other
267699,-0.4692,0.5885,0.5127,-3.7441,-0.6602,-0.1797,other
267722,-0.4768,0.6094,0.5107,-3.7285,-0.5801,-0.1758,other
267745,-0.4747,0.6166,0.5265,-3.707,-0.5391,-0.1543,other
267768,-0.4758,0.6039,0.5095,-3.6348,-0.498,-0.084,other
267791,-0.4681,0.5934,0.506,-3.5723,-0.4961,-0.0195,other
267814,-0.4619,0.5951,0.5182,-3.5,-0.543,0.0566,other
267837,-0.4658,0.5989,0.5281,-3.4863,-0.666,0.0586,other
267860,-0.4596,0.5996,0.538,-3.5117,-0.793,0.0117,other
267883,-0.4578,0.5935,0.5309,-3.5898,-1.0352,-0.125,other
267906,-0.4636,0.5875,0.5193,-3.6621,-1.2012,-0.2539,other
267929,-0.4685,0.5887,0.5165,-3.7734,-1.3848,-0.4727,other
267952,-0.474,0.5906,0.5027,-3.8437,-1.3984,-0.6758,other
267975,-0.4713,0.5955,0.5001,-3.8594,-1.291,-0.7695,other
267998,-0.4725,0.6064,0.5126,-3.8359,-0.9922,-0.8086,other
268021,-0.4729,0.6079,0.5204,-3.8008,-0.75,-0.752,other
268044,-0.4703,0.605,0.5205,-3.7344,-0.4297,-0.5508,other
268067,-0.4652,0.6029,0.5256,-3.7051,-0.291,-0.3613,other
268090,-0.4661,0.5957,0.5173,-3.6992,-0.2402,-0.0723,other
268113,-0.4718,0.5898,0.5106,-3.748,-0.3652,0.1328,other
268136,-0.4659,0.5862,0.5052,-3.8027,-0.5117,0.1875,other
268159,-0.4672,0.5811,0.5029,-3.9062,-0.7832,0.1406,other
268182,-0.4686,0.5944,0.5045,-3.9863,-0.9785,0.043,other
268205,-0.4749,0.609,0.5173,-4.1152,-1.2891,-0.1289,other
268228,-0.4692,0.6172,0.5302,-4.2344,-1.6348,-0.2344,other
268251,-0.4602,0.6116,0.5347,-4.2988,-1.8926,-0.2402,other
268274,-0.4541,0.5941,0.5315,-4.375,-2.3223,-0.1758,other
268297,-0.4509,0.5834,0.5295,-4.418,-2.6152,-0.125,other
268320,-0.4553,0.5824,0.5315,-4.4648,-3.0,-0.0977,other
268343,-0.4561,0.592,0.5275,-4.4863,-3.2324,-0.1484,other
268366,-0.4585,0.6019,0.5363,-4.4785,-3.2734,-0.2031,other
268389,-0.4636,0.6042,0.525,-4.4043,-3.1406,-0.2715,other
268412,-0.4668,0.6012,0.5127,-4.293,-2.9219,-0.2852,other
268435,-0.4657,0.6016,0.5217,-4.0332,-2.4082,-0.2461,other
268458,-0.4666,0.5999,0.5148,-3.8125,-1.9707,-0.1895,other
268481,-0.4668,0.603,0.5159,-3.4609,-1.2441,-0.084,other
268504,-0.4674,0.6044,0.5239,-3.1621,-0.5352,0.0117,other
268527,-0.4641,0.5941,0.516,-3.0273,-0.127,0.0488,other
268550,-0.4564,0.5859,0.5192,-2.9609,0.3418,0.0391,other
268573,-0.4585,0.5869,0.5204,-3.0156,0.5371,-0.0195,other
268596,-0.4641,0.598,0.5189,-3.2168,0.6504,-0.1641,other
268619,-0.468,0.6105,0.5222,-3.4805,0.5781,-0.3047,other
268642,-0.4717,0.608,0.5258,-3.6387,0.4551,-0.3574,other
268665,-0.4618,0.5973,0.5173,-3.8008,0.2031,-0.3477,other
268688,-0.4573,0.5945,0.5209,-3.8535,0.0137,-0.2969,other
268711,-0.465,0.5876,0.5164,-3.873,-0.2578,-0.1914,other
268734,-0.4586,0.5907,0.5112,-3.8535,-0.4629,-0.0859,other
268757,-0.4644,0.6013,0.5215,-3.834,-0.5449,-0.0215,other
268780,-0.4681,0.6117,0.5253,-3.793,-0.5762,0.0781,other
268803,-0.4664,0.6082,0.5155,-3.75,-0.541,0.1523,other
268826,-0.4664,0.5978,0.5117,-3.6621,-0.418,0.2754,other
268849,-0.464,0.5957,0.5055,-3.5937,-0.3027,0.3691,other
268872,-0.4668,0.598,0.5049,-3.4961,-0.1074,0.3926,other
268895,-0.47,0.6074,0.5143,-3.4141,0.0742,0.3574,other
268918,-0.4694,0.609,0.5153,-3.373,0.1621,0.2949,other
268941,-0.4664,0.6025,0.5128,-3.3418,0.2012,0.1621,other
268964,-0.4644,0.5997,0.5179,-3.3496,0.1504,0.0586,other
268987,-0.4604,0.5917,0.5217,-3.4238,-0.041,-0.1113,other
269010,-0.458,0.5933,0.5233,-3.5625,-0.3457,-0.293,other
269033,-0.4573,0.5991,0.5232,-3.6816,-0.5781,-0.4121,other
269056,-0.4679,0.5989,0.5195,-3.8672,-0.9121,-0.5645,other
269079,-0.4631,0.5933,0.5148,-3.9746,-1.0879,-0.6289,other
269102,-0.4623,0.5854,0.4999,-4.0859,-1.2305,-0.6602,other
269125,-0.4684,0.599,0.5044,-4.1406,-1.2227,-0.5957,other
269148,-0.474,0.619,0.5219,-4.1484,-1.1465,-0.4941,other
269171,-0.4747,0.6207,0.5154,-4.1152,-0.9766,-0.2383,other
269194,-0.4644,0.6113,0.5155,-4.0723,-0.8613,-0.0156,other
269217,-0.4581,0.598,0.5237,-4.0176,-0.7383,0.3223,other
269240,-0.4512,0.5859,0.5212,-4.0098,-0.7129,0.5469,other
269263,-0.4535,0.5809,0.5243,-4.0625,-0.7773,0.5898,other
269286,-0.4606,0.5919,0.5134,-4.1777,-0.9355,0.4902,other
269309,-0.4696,0.6166,0.5166,-4.2598,-1.0547,0.3535,other
269332,-0.4777,0.6249,0.5167,-4.3223,-1.1836,0.1406,other
269355,-0.4681,0.6056,0.5098,-4.293,-1.2148,0.0312,other
269378,-0.4591,0.5848,0.5021,-4.1543,-1.1777,-0.0684,other
269401,-0.4565,0.5913,0.5139,-3.9863,-1.0957,-0.123,other
269424,-0.4601,0.6086,0.5348,-3.9023,-1.0586,-0.1504,other
269447,-0.4652,0.6112,0.5321,-3.832,-1.0645,-0.1719,other
269470,-0.4581,0.6013,0.5215,-3.8184,-1.1113,-0.1699,other
269493,-0.4639,0.5911,0.5132,-3.8437,-1.2109,-0.166,other
269516,-0.462,0.5931,0.5056,-3.9023,-1.2832,-0.1875,other
269539,-0.4653,0.5991,0.5062,-3.9414,-1.291,-0.2227,other
269562,-0.4648,0.6102,0.5204,-3.9746,-1.2324,-0.2832,other
269585,-0.4667,0.6084,0.5214,-3.9707,-1.1621,-0.3066,other
269608,-0.459,0.6016,0.527,-3.9375,-1.0566,-0.2949,other
269631,-0.4561,0.598,0.5286,-3.9141,-0.5098,-0.2422,other
269654,-0.4615,0.5966,0.5194,-3.8926,-0.9883,-0.1992,other
269677,-0.4594,0.6012,0.5112,-3.8887,-0.9961,-0.1523,other
269700,-0.4709,0.6086,0.512,-3.8809,-0.9863,-0.1406,other
269723,-0.4753,0.6104,0.5043,-3.834,-0.916,-0.1504,other
269746,-0.4692,0.6066,0.5076,-3.7812,-0.832,-0.1738,other
269769,-0.4631,0.6066,0.5161,-3.7031,-0.6992,-0.2344,other
269792,-0.469,0.5923,0.504,-3.6699,-0.6387,-0.3477,other
269815,-0.4641,0.5936,0.5055,-3.6797,-0.6699,-0.4629,other
269838,-0.4617,0.5939,0.5004,-3.7109,-0.8164,-0.7012,other
269861,-0.4655,0.6145,0.5211,-3.7051,-0.9668,-0.8906,other
269884,-0.4684,0.6187,0.5416,-3.582,-1.2441,-1.1816,other
269907,-0.4678,0.6296,0.5581,-3.3262,-1.5625,-1.4063,other
269930,-0.5044,0.6882,0.5894,-3.2012,-1.8125,-1.4648,other
269953,-0.5531,0.6195,0.515,-3.709,-2.3926,-1.2031,other
269976,-0.4845,0.5188,0.4011,-5.2363,-3.1367,-0.6094,other
269999,-0.4004,0.5165,0.4407,-10.6387,-5.3418,1.0801,other
270022,-0.3917,0.5648,0.6073,-16.5234,-9.334,3.4961,other
270045,-0.427,0.5657,0.6741,-27.6191,-12.9551,5.25,other
270068,-0.3982,0.5541,0.6901,-38.877,-19.25,7.7051,other
270091,-0.3818,0.5339,0.6937,-45.1055,-23.5215,9.0391,other
270114,-0.3645,0.4817,0.7023,-51.1914,-29.1563,10.332,other
270137,-0.3483,0.4644,0.7272,-52.7461,-31.9648,10.6211,other
270160,-0.3525,0.46,0.7538,-51.4434,-34.2734,10.1895,other
270183,-0.3533,0.4104,0.6714,-46.752,-34.1973,9.0918,other
270206,-0.3392,0.418,0.6378,-42.6543,-33.0137,8.4023,other
270229,-0.344,0.4513,0.6929,-36.502,-30.1387,8.1758,other
270252,-0.411,0.4692,0.7687,-32.9316,-27.8613,8.8828,other
270275,-0.4355,0.3933,0.7745,-28.6582,-24.4258,11.3242,other
270298,-0.4493,0.3517,0.7072,-25.75,-21.3066,14.8125,other
270321,-0.3894,0.5203,0.6842,-24.7188,-19.3984,17.0527,other
270344,-0.2126,0.6349,0.8545,-24.6211,-16.6113,18.7324,other
270367,-0.0648,0.6134,0.947,-25.1582,-14.8867,17.6602,other
270390,-0.0292,0.5872,0.8826,-25.6973,-12.9199,11.5742,other
270413,-0.3671,0.55,0.7811,-24.8574,-11.8574,1.1152,other
270436,-0.5459,0.5466,0.7107,-23.7031,-11.4199,-6.3887,other
270459,-0.4194,0.4996,0.6824,-21.1543,-10.5898,-15.2168,other
270482,-0.3346,0.5442,0.6617,-19.1367,-9.623,-18.5254,other
270505,-0.4114,0.6051,0.6273,-15.5508,-7.0762,-19.8184,other
270528,-0.4639,0.6108,0.6332,-12.6836,-4.5176,-18.916,other
270551,-0.5198,0.5139,0.5823,-7.6953,0.2344,-16.2734,other
270574,-0.4415,0.4586,0.6515,-2.2305,5.2109,-13.668,other
270597,-0.1981,0.4105,0.7271,1.4805,8.416,-12.832,other
270620,-0.2643,0.382,0.7018,7.0137,13.2578,-13.8574,other
270643,-0.4352,0.3955,0.6125,10.5996,16.8262,-15.959,other
270666,-0.5676,0.364,0.5549,15.5918,23.4707,-19.8691,other
270689,-0.4943,0.3536,0.6039,19.8105,32.5703,-22.6035,other
270712,-0.4869,0.4553,0.6957,22.127,40.3223,-23.0488,other
270735,-0.4606,0.4575,0.6278,24.9082,54.4531,-21.5254,other
270758,-0.4541,0.6692,1.0228,26.2734,63.998,-19.2598,other
270781,-0.3062,0.5729,0.5989,27.2383,63.998,-14.3711,other
270804,-0.7708,0.7157,0.4824,25.5098,63.998,-7.7715,other
270827,-0.6034,0.8065,0.2986,21.9297,63.998,-2.2598,other
270850,-0.6958,0.6885,0.3123,12.5625,63.998,7.7676,other
270873,-0.5117,0.6445,0.4326,4.1523,63.998,15.459,other
270896,-0.879,0.5829,0.4033,-9.8223,63.998,27.6914,other
270919,-0.6533,0.6176,0.4117,-18.6914,63.998,35.5469,other
270942,-0.7344,0.5039,0.3844,-29.3066,63.998,44.957,other
270965,-0.6437,0.424,0.3641,-35.248,46.8887,48.8828,other
270988,-0.5446,0.3846,0.4858,-36.291,32.4492,47.2305,other
271011,-0.4576,0.3595,0.6283,-33.459,13.3262,37.4629,other
271034,-0.498,0.3149,0.5704,-28.8418,3.4746,26.3555,other
271057,-0.5353,0.3207,0.4919,-18.793,-5.4297,4.7598,other
271080,-0.5193,0.3796,0.4623,-6.8887,-6.5352,-18.9629,other
271103,-0.5355,0.4258,0.4995,0.9785,-3.0879,-33.6309,other
271126,-0.8251,0.9087,1.1036,11.3535,7.3848,-50.8262,other
271149,-0.6121,0.5427,0.0868,16.5215,16.9355,-57.7832,other
271172,-0.679,0.6869,0.3112,19.793,32.7188,-60.3496,other
271195,-0.3978,0.5804,0.4734,16.6348,47.2773,-53.752,other
271218,-0.989,0.5752,0.175,11.3164,54.8457,-44.9648,other
271241,-0.8877,0.6436,0.3529,-0.0957,61.4668,-26.6875,other
271264,-0.8937,0.5581,0.2084,-8.9082,62.3535,-12.4961,other
271287,-0.7834,0.4479,0.1339,-22.0332,58.5156,8.5195,other
271310,-0.6096,0.4132,0.1831,-29.7012,52.9141,20.2324,other
271333,-0.6194,0.4342,0.2183,-37.7617,41.1289,31.2383,other
271356,-0.5947,0.5187,0.1516,-39.5645,27.1855,32.5352,other
271379,-0.5515,0.6425,0.3452,-36.3926,17.7598,28.2539,other
271402,-0.5981,0.6953,0.4821,-24.6543,4.4375,16.3906,other
271425,-0.6681,0.6112,0.4874,-12.7637,-3.8984,6.9043,other
271448,-0.5498,0.5056,0.4703,8.5547,-16.4434,-5.8848,other
271471,-0.417,0.4,0.5575,29.6777,-30.3281,-13.373,other
271494,-0.6454,0.4858,0.9941,41.3242,-40.791,-14.2461,other
271517,-0.1938,0.5155,0.8671,52.5605,-58.1777,-8.9648,other
271540,-0.2759,0.5964,0.8401,54.8184,-64.0,-1.4727,other
271563,-0.9236,0.6276,0.1682,49.1641,-64.0,14.5996,other
271586,-0.7837,0.7076,0.2711,32.8906,-64.0,34.6641,other
271609,-0.6046,0.7528,0.3859,17.8125,-64.0,48.4277,other
271632,-0.6868,0.6172,0.4088,-6.5762,-64.0,63.998,other
271655,-0.4221,0.6006,0.3755,-21.1953,-64.0,63.998,other
271678,-0.3367,0.527,0.4169,-36.834,-64.0,63.998,other
271701,-0.1984,0.4578,0.5188,-41.7129,-61.9902,62.498,other
271724,-0.1436,0.3635,0.6158,-40.0742,-43.9473,48.3867,other
271747,-0.4192,0.6418,1.2708,-28.9395,-30.1641,23.2754,other
271770,0.1786,0.6301,0.7019,-17.8613,-24.5469,6.6016,other
271793,-0.3792,0.6558,0.7706,-0.1309,-22.0566,-13.0742,other
271816,-0.6598,0.7642,0.3385,9.334,-23.9102,-20.0957,other
271839,-0.8148,0.8058,0.504,16.0898,-29.8125,-19.1191,other
271862,-0.4055,0.7947,0.5941,13.1191,-36.5234,-5.9883,other
271885,-0.2544,0.6935,0.6552,7.0098,-40.3496,6.293,other
271908,-0.2708,0.6687,0.6404,-5.2676,-44.5078,23.6738,other
271931,-0.2697,0.6252,0.6586,-13.8867,-46.2578,31.5586,other
271954,-0.1652,0.5775,0.7253,-25.5664,-47.7734,35.1152,other
271977,-0.1501,0.5554,0.8218,-34.8633,-48.9082,28.7676,other
272000,-0.0809,0.451,0.9082,-39.877,-50.1328,20.3574,other
272023,0.0416,0.3478,0.8922,-46.4336,-53.6289,4.5918,other
272046,0.1011,0.3024,0.8037,-50.6035,-57.3281,-6.2363,other
272069,-0.0087,0.3522,0.7162,-56.8594,-64.0,-20.5371,other
272092,-0.1393,0.322,0.7562,-60.8828,-64.0,-30.5293,other
272115,-0.0256,0.2437,0.6504,-64.0,-64.0,-34.2988,other
272138,0.038,0.2446,0.7627,-64.0,-64.0,-36.1816,other
272161,-0.0835,0.3499,0.662,-64.0,-64.0,-35.7656,other
272184,-0.3173,0.3878,0.7357,-61.2188,-64.0,-34.1875,other
272207,-0.3064,0.3385,0.7997,-53.1738,-64.0,-33.2383,other
272230,-0.2859,0.3401,0.9021,-35.4824,-64.0,-33.1328,other
272253,-0.256,0.4861,0.8491,-13.1191,-62.8379,-36.1426,other
272276,-0.1146,0.4343,0.7473,2.4629,-57.1914,-40.6367,other
272299,-0.2523,0.621,0.7905,23.584,-47.8789,-51.3711,other
272322,-0.3324,0.4863,0.8064,34.5879,-40.541,-60.5176,other
272345,-0.5441,0.5054,0.7249,44.7813,-28.1191,-64.0,bite
272368,-0.3693,0.5648,0.8698,46.916,-17.5684,-64.0,bite
272391,-0.1683,0.6475,1.2406,44.5254,-13.7187,-64.0,bite
272414,-0.1848,0.4142,0.7522,37.1855,-14.7852,-64.0,bite
272437,-0.2277,0.349,0.9143,30.7363,-20.4434,-64.0,bite
272460,-0.1245,0.3873,0.8993,19.8496,-35.1699,-49.084,bite
272483,-0.1584,0.3606,0.944,12.3555,-47.4883,-28.8359,bite
272506,-0.076,0.3811,0.9233,1.6855,-64.0,-15.9883,bite
272529,-0.1415,0.3505,0.9199,-7.3809,-64.0,0.0469,bite
272552,-0.1395,0.3779,0.8943,-12.1758,-64.0,7.7266,bite
272575,0.0526,0.4177,0.8757,-17.25,-64.0,14.0957,bite
272598,-0.0717,0.5679,0.8562,-19.2266,-64.0,15.0391,bite
272621,-0.1193,0.4995,0.8177,-20.3223,-64.0,12.8027,bite
272644,-0.1136,0.5088,0.8644,-19.6758,-52.2539,8.75,bite
272667,0.0646,0.4355,0.9006,-18.5488,-39.9629,6.4961,bite
272690,0.0809,0.4161,0.874,-16.0,-22.9219,5.2305,bite
272713,-0.0013,0.4076,0.7892,-13.7012,-13.2227,6.123,bite
272736,0.0436,0.4529,0.7417,-9.3828,-1.4648,10.0137,bite
272759,0.0383,0.4531,0.7556,-4.5508,7.0879,16.498,bite
272782,0.2163,0.4111,0.7794,-1.668,11.0684,21.959,bite
272805,0.0909,0.4667,0.8098,0.7969,14.6523,31.3809,bite
272828,0.1003,0.4857,0.8088,0.3672,15.7285,38.2227,bite
272851,0.2087,0.4563,0.901,-4.3457,16.0195,48.7207,bite
272874,0.2893,0.3564,0.9541,-10.2168,15.7969,58.2168,bite
272897,0.1869,0.4086,0.9224,-22.0762,15.6035,63.1758,bite
272920,0.057,0.4559,0.9023,-35.4727,15.8672,63.998,bite
272943,0.014,0.3613,0.9127,-43.9863,15.9082,63.998,bite
272966,0.0791,0.3802,0.9823,-54.3457,14.6855,63.998,bite
272989,0.1665,0.2931,0.8799,-58.7969,12.7109,63.998,bite
273012,0.1304,0.347,0.9255,-61.002,8.3848,61.5176,bite
273035,0.1213,0.3466,0.9304,-58.0078,3.5273,53.9102,bite
273058,0.1161,0.3109,0.9562,-53.6426,0.5605,47.7773,bite
273081,0.1122,0.327,0.9982,-44.7402,-2.9375,37.7383,bite
273104,0.1396,0.3082,0.985,-38.1113,-4.416,30.9902,bite
273127,0.0839,0.2756,0.9211,-28.8027,-5.2578,21.6055,bite
273150,0.1241,0.2552,0.9431,-22.0117,-4.7812,13.916,bite
273173,0.1194,0.2833,0.9786,-19.4258,-3.9883,9.9648,bite
273196,0.0846,0.277,0.9921,-18.4473,-2.332,5.7637,bite
273219,0.1074,0.2332,0.8771,-19.4707,-1.0215,3.957,bite
273242,0.1185,0.1755,0.7793,-22.9063,1.0664,2.3457,bite
273265,0.0751,0.172,0.8901,-25.9336,3.4531,1.5293,bite
273288,0.1259,0.1902,0.8761,-30.1504,4.5469,1.1309,bite
273311,0.0671,0.2679,0.9543,-31.8887,7.0176,0.2871,bite
273334,0.0494,0.3077,1.0964,-30.623,9.1582,-0.6582,bite
273357,0.1104,0.3153,1.0786,-24.3477,13.3145,-2.8281,bite
273380,0.0404,0.2882,0.9742,-17.6504,16.5566,-4.7305,bite
273403,0.0085,0.2983,1.0009,-5.9668,21.375,-7.8164,bite
273426,-0.0262,0.2639,0.9929,4.4492,24.9316,-10.373,bite
273449,0.01,0.1919,0.8699,9.1953,26.0195,-11.4355,bite
273472,0.0402,0.198,0.9675,11.8828,25.4727,-11.9727,bite
273495,-0.0016,0.2134,1.0684,10.7617,23.918,-11.791,bite
273518,-0.0138,0.2012,0.968,5.6777,20.5664,-11.0898,bite
273541,-0.0198,0.1669,0.8776,-1.9531,16.9629,-10.25,bite
273564,-0.0049,0.1947,0.9628,-7.5801,14.9551,-9.7793,bite
273587,-0.0615,0.2516,1.0856,-15.4746,13.1328,-9.3809,bite
273610,-0.0662,0.2336,1.0142,-19.7148,12.7715,-9.334,bite
273633,-0.0269,0.1857,0.9574,-24.0938,12.9727,-9.4336,bite
273656,0.0127,0.1842,0.96,-25.8438,12.9922,-9.4648,bite
273679,-0.0111,0.1938,1.0045,-27.248,12.457,-9.3457,bite
273702,-0.0345,0.2069,1.0721,-27.6094,10.7324,-8.8984,bite
273725,-0.0231,0.2004,1.0823,-27.3848,9.1367,-8.4121,bite
273748,-0.0022,0.1768,1.0031,-26.6582,6.4258,-7.4277,bite
273771,-0.0168,0.1552,0.9968,-26.2559,4.5449,-6.623,bite
273794,-0.0538,0.1719,1.0328,-26.3301,1.7012,-5.2305,bite
273817,-0.0552,0.1954,1.1311,-27.373,-0.9902,-3.7285,bite
273840,-0.0305,0.1858,1.126,-28.3789,-2.5,-2.793,bite
273863,-0.0111,0.1559,1.08,-29.8086,-4.0195,-1.7422,bite
273886,-0.0273,0.095,1.0283,-30.4453,-4.4629,-1.3789,bite
273909,-0.0387,0.0532,0.9595,-30.6035,-4.3555,-1.3184,bite
273932,-0.0356,0.1049,1.0176,-29.4805,-3.5078,-1.6406,bite
273955,-0.0334,0.0969,1.0435,-27.8613,-2.6895,-1.9453,bite
273978,0.0217,0.0771,0.9944,-24.1387,-1.6543,-2.3203,bite
274001,-0.0184,0.0725,0.9386,-21.0566,-1.584,-2.3359,bite
274024,-0.006,0.046,0.9384,-16.25,-3.0332,-1.6289,bite
274047,-0.0453,0.0763,0.9373,-11.752,-6.1621,0.1992,bite
274070,-0.0659,0.0806,0.9886,-9.1562,-8.5645,1.9453,bite
274093,0.0022,0.1115,1.0405,-5.1602,-11.1699,4.7676,bite
274116,-0.0214,0.1329,1.0891,-2.2676,-11.3828,6.2871,bite
274139,-0.0746,0.1451,1.0757,2.5449,-8.4219,7.3398,bite
274162,-0.094,0.1469,1.0106,5.7637,-4.1777,7.1426,bite
274185,-0.135,0.1224,0.9788,9.5059,4.791,5.8516,bite
274208,-0.116,0.1146,1.0067,10.6621,15.0781,4.0742,bite
274231,-0.0989,0.1122,1.0443,9.6914,21.5664,2.9434,bite
274254,-0.0845,0.1125,1.0643,5.9687,29.3926,1.5547,bite
274277,-0.0675,0.0984,1.0332,2.4258,32.8418,0.8516,bite
274300,-0.0847,0.1057,1.0137,-3.6055,35.0703,0.127,bite
274323,-0.1279,0.099,1.0162,-9.4766,34.0801,-0.1094,bite
274346,-0.1281,0.1077,1.0042,-12.8066,32.0391,0.1055,bite
274369,-0.1139,0.0873,1.0033,-16.418,27.6699,1.0625,bite
274392,-0.0853,0.0912,1.0313,-17.7773,24.2793,2.0918,bite
274415,-0.0717,0.0992,1.0001,-18.418,18.9902,4.1016,bite
274438,-0.103,0.0535,0.9435,-18.2266,13.916,6.5508,bite
274461,-0.0896,0.0894,1.0118,-17.7324,10.8867,8.4082,bite
274484,-0.1067,0.1038,1.0356,-17.6387,7.1934,11.4883,bite
274507,-0.1227,0.0537,0.9572,-18.0371,5.3652,13.7109,bite
274530,-0.1064,0.0002,0.9171,-19.6133,3.3535,17.2148,bite
274553,-0.0709,0.0009,0.9785,-21.334,2.2793,19.5313,bite
274576,-0.0547,0.0227,1.0565,-24.418,0.7988,22.5605,bite
274599,-0.067,0.0511,1.1115,-27.0371,-0.582,24.5469,bite
274622,-0.0999,0.0226,1.0422,-28.0703,-1.4453,25.1797,bite
274645,-0.1129,-0.0229,0.967,-28.5742,-2.75,25.2988,bite
274668,-0.1019,-0.0417,0.9786,-28.5195,-3.7285,25.0449,bite
274691,-0.0358,-0.0302,1.0642,-28.3164,-5.4824,24.4766,bite
274714,-0.0103,-0.0024,1.1272,-28.0098,-7.5566,23.793,bite
274737,-0.1132,0.0076,1.0491,-27.6289,-8.9902,23.291,bite
274760,-0.1541,-0.0504,0.9399,-26.8242,-10.9043,22.6328,bite
274783,-0.047,-0.0601,0.9686,-26.2832,-11.8398,22.3555,bite
274806,-0.0209,-0.045,1.0436,-25.5547,-12.4902,22.0879,bite
274829,-0.0188,-0.0208,1.0922,-24.5957,-12.0703,21.6758,bite
274852,-0.032,-0.0153,1.1322,-23.6152,-11.1699,21.207,bite
274875,-0.0414,-0.0486,1.0529,-21.6875,-9.0176,20.2988,bite
274898,-0.0703,-0.0775,0.9835,-20.4141,-7.2305,19.7188,bite
274921,-0.1051,-0.059,0.9999,-19.1992,-4.3594,19.1621,bite
274944,-0.0975,-0.0812,1.0281,-19.0449,-2.4746,19.0547,bite
274967,-0.015,-0.1089,1.0883,-19.6172,0.0898,19.0996,bite
274990,0.0055,-0.1031,1.1143,-20.5469,2.1172,18.9102,bite
275013,-0.0326,-0.1188,1.0847,-21.1074,3.1055,18.4707,bite
275036,-0.0527,-0.1335,1.1062,-21.8359,4.0312,17.4492,bite
275059,-0.0258,-0.1584,1.1073,-22.332,4.2949,16.7402,bite
275082,-0.0062,-0.1829,1.0986,-23.2305,4.1934,16.0371,bite
275105,-0.007,-0.155,1.1256,-24.3691,3.6094,16.1094,bite
275128,-0.0426,-0.1516,1.1317,-25.2441,3.0918,16.7012,bite
275151,-0.0247,-0.1893,1.1022,-26.7285,2.3027,18.5293,bite
275174,-0.0179,-0.2131,1.0646,-27.8926,1.8066,20.3965,bite
275197,-0.0043,-0.1976,1.069,-30.0137,1.0918,24.0879,bite
275220,-0.0114,-0.1659,1.0948,-32.5547,0.4473,28.6113,bite
275243,-0.038,-0.1694,1.0359,-34.4043,0.1133,31.9492,bite
275266,-0.1145,-0.2068,0.9537,-37.3496,-0.2207,37.3164,bite
275289,-0.1077,-0.2422,0.9543,-39.4258,-0.3418,41.0859,bite
275312,-0.0491,-0.2783,0.9443,-42.5801,-0.3672,46.793,bite
275335,-0.057,-0.2698,0.9465,-44.4961,-0.2461,51.8613,bite
275358,-0.1117,-0.2703,0.9285,-46.5508,0.2266,54.8477,other
275381,-0.1053,-0.2571,0.957,-46.9668,1.168,57.8965,other
275404,-0.1324,-0.2205,1.0265,-46.0723,2.0703,59.0488,other
275427,-0.1315,-0.2198,1.0236,-42.9199,3.6992,59.5449,other
275450,-0.1699,-0.2284,0.9799,-39.8145,4.8105,59.1992,other
275473,-0.1625,-0.1791,1.0693,-34.2617,6.2578,57.9492,other
275496,-0.0867,-0.1566,1.0651,-28.334,7.3203,55.998,other
275519,-0.1481,-0.1757,1.0079,-24.5156,7.8125,54.3223,other
275542,-0.2048,-0.1337,1.1129,-19.4668,8.293,51.4023,other
275565,-0.2324,-0.1649,1.035,-16.793,8.4531,49.4004,other
275588,-0.2832,-0.2163,0.9762,-14.2246,8.3496,46.7441,other
275611,-0.2048,-0.2355,0.9282,-13.7109,7.5859,44.7715,other
275634,-0.2161,-0.2135,0.9365,-14.459,6.6191,43.7051,other
275657,-0.163,-0.198,1.0287,-16.6113,4.4941,41.9902,other
275680,-0.147,-0.2,0.9934,-18.1816,2.6934,40.4766,other
275703,-0.1765,-0.2316,0.9236,-19.8398,-0.3965,37.3535,other
275726,-0.1429,-0.2612,0.9193,-20.0957,-2.5234,33.207,other
275749,-0.1445,-0.2886,0.9994,-18.6699,-5.3437,30.0273,other
275772,-0.0874,-0.2843,1.0791,-14.377,-7.2363,25.0801,other
275795,-0.0889,-0.3169,1.1034,-9.7109,-7.916,21.9688,other
275818,-0.1466,-0.2113,1.0725,-0.3164,-8.2012,17.9922,other
275841,-0.1599,-0.0955,1.0229,6.9961,-7.9746,15.8789,other
275864,-0.1442,-0.0725,0.9603,18.2695,-7.0645,13.3496,other
275887,-0.1287,-0.0923,0.9601,28.5449,-5.6621,11.3027,other
275910,-0.157,-0.0986,0.9823,34.3594,-4.5547,10.1152,other
275933,-0.1554,-0.0789,0.9589,41.1895,-2.6055,8.543,other
275956,-0.1742,-0.0741,0.9496,44.3691,-1.1289,7.584,other
275979,-0.1433,-0.0686,1.0027,46.9316,1.1543,6.1504,other
276002,-0.0975,-0.0507,1.0487,46.6914,2.9844,4.5957,other
276025,-0.1365,-0.0607,1.0146,44.9707,3.5547,3.416,other
276048,-0.1176,-0.0431,1.0059,40.3906,2.9004,1.2852,other
276071,-0.0913,-0.0088,1.0154,36.3926,1.291,-0.4395,other
276094,-0.1134,0.1327,1.027,29.8203,-2.748,-3.4473,other
276117,-0.1058,0.1306,1.0137,25.5273,-6.1777,-6.7344,other
276140,-0.1086,0.0673,0.946,19.832,-11.5176,-8.9199,other
276163,-0.0996,0.1101,1.0807,15.3301,-16.0391,-11.9883,other
276186,-0.1862,-0.0073,0.8077,12.793,-18.1992,-13.7754,other
276209,-0.1448,-0.076,0.8356,8.5586,-19.9785,-15.8711,other
276232,-0.0535,-0.1283,0.8374,4.7012,-20.2695,-16.9219,other
276255,-0.048,-0.2136,0.7649,-3.3086,-19.6699,-18.4883,other
276278,-0.0566,-0.2303,0.765,-13.6875,-18.2129,-20.8887,other
276301,-0.0792,-0.2424,0.788,-21.1914,-16.9297,-23.3438,other
276324,-0.0575,-0.2793,0.7854,-31.6328,-14.666,-28.5918,other
276347,-0.1002,-0.2992,0.7864,-37.084,-13.002,-33.0801,other
276370,-0.0648,-0.2435,0.8845,-41.6152,-10.3359,-40.8926,other
276393,-0.1123,-0.2123,0.8864,-40.3359,-7.207,-49.5176,other
276416,-0.1448,-0.0576,0.9509,-35.4746,-4.457,-55.5859,other
276439,-0.1371,-0.0123,1.1652,-21.2969,1.5117,-64.0,other
276462,-0.1456,0.094,1.3271,-7.3066,6.9727,-64.0,other
276485,-0.1826,-0.0378,1.1821,18.709,16.9902,-64.0,other
276508,-0.2943,-0.1652,0.8198,37.3145,27.7617,-64.0,other
276531,-0.3658,0.0516,0.8185,62.9805,34.877,-64.0,other
276554,-0.3345,0.3228,1.1292,63.998,44.3652,-64.0,other
276577,-0.3031,0.2334,1.238,63.998,50.0527,-64.0,other
276600,-0.3353,0.0519,0.9929,63.998,57.6875,-64.0,other
276623,-0.4781,0.0981,0.6619,63.998,61.9316,-64.0,other
276646,-0.5195,0.2047,0.7991,63.998,63.998,-64.0,other
276669,-0.3291,0.5879,1.431,63.998,63.998,-64.0,other
276692,-0.2007,0.7191,1.759,63.998,63.998,-64.0,other
276715,-0.4152,0.4434,1.0756,63.998,60.4063,-64.0,other
276738,-0.4446,0.1735,0.5039,63.998,53.0547,-64.0,other
276761,-0.4066,0.0662,0.6167,63.998,38.3516,-64.0,other
276784,-0.2888,0.0662,0.8121,63.998,21.3242,-64.0,other
276807,-0.2472,0.2292,1.0106,53.3223,9.9199,-62.3184,other
276830,-0.3127,0.26,1.1228,31.084,-5.2305,-49.7129,other
276853,-0.4048,0.3265,1.1116,18.4531,-12.8535,-39.3184,other
276876,-0.4312,0.3567,1.1018,5.2656,-19.1992,-21.0918,other
276899,-0.4685,0.3348,0.9786,0.5059,-18.7656,-0.5781,other
276922,-0.4867,0.2732,0.9138,-1.8047,-15.6465,13.3848,other
276945,-0.4189,0.2789,0.884,-0.3359,-7.2617,32.3848,other
276968,-0.3185,0.3057,0.879,1.918,-0.4824,42.1484,other
276991,-0.3303,0.3312,0.8867,6.627,9.8691,50.2383,other
277014,-0.4268,0.3218,0.839,10.4492,16.1992,50.7949,other
277037,-0.514,0.2792,0.8318,16.6719,24.0156,45.2695,other
277060,-0.494,0.2791,0.7762,22.4727,29.1387,34.6895,other
277083,-0.4257,0.3011,0.7938,25.4863,30.7578,26.4375,other
277106,-0.4159,0.2997,0.786,28.0078,30.3164,14.2422,other
277129,-0.426,0.29,0.7689,28.127,28.2676,7.0566,other
277152,-0.432,0.2925,0.7737,25.8809,23.2285,-1.3789,other
277175,-0.4308,0.3208,0.7727,21.0859,16.8457,-6.4473,other
277198,-0.4313,0.3708,0.7863,16.9004,12.3867,-7.8887,other
277221,-0.4309,0.3743,0.7859,10.0508,6.084,-7.4336,other
277244,-0.4309,0.3969,0.8022,5.7012,2.4531,-5.7422,other
277267,-0.431,0.4041,0.7942,0.4473,-1.7832,-1.9688,other
277290,-0.431,0.4117,0.7913,-1.8164,-4.3828,2.1953,other
277313,-0.4177,0.4421,0.9064,-3.0586,-5.2246,4.6562,other
277336,-0.4012,0.4128,0.8793,-1.8223,-5.3809,7.2852,other
277359,-0.4242,0.4141,0.8494,0.043,-4.9141,8.1387,other
277382,-0.4331,0.4015,0.797,3.5156,-3.6035,8.043,other
277405,-0.4388,0.3613,0.7411,5.7285,-2.4316,7.1895,other
277428,-0.4298,0.3834,0.7445,8.2402,-0.3789,5.0293,other
277451,-0.4189,0.4391,0.8047,9.7129,1.8867,2.127,other
277474,-0.4459,0.4208,0.7216,10.4062,3.4551,-0.0645,other
277497,-0.4829,0.4268,0.7383,11.5547,5.8633,-3.5098,other
277520,-0.4624,0.4485,0.7651,12.5879,7.4727,-5.7734,other
277543,-0.465,0.4189,0.7573,14.5156,9.7129,-8.9043,other
277566,-0.4661,0.3827,0.7354,16.3281,11.3906,-11.5176,other
277589,-0.4385,0.3375,0.7441,16.9883,12.0176,-12.8906,other
277612,-0.4294,0.3046,0.7131,16.5313,12.0566,-14.332,other
277635,-0.4315,0.3209,0.704,15.1094,11.4707,-14.8535,other
277658,-0.4535,0.3219,0.6959,11.5098,9.8359,-14.9043,other
277681,-0.4844,0.3364,0.6796,6.9707,7.6367,-13.9766,other
277704,-0.4824,0.354,0.7083,3.7109,6.0664,-12.7949,other
277727,-0.4478,0.3702,0.6721,-0.3691,3.7812,-10.2285,other
277750,-0.4487,0.3881,0.6494,-2.291,2.3887,-8.0762,other
277773,-0.4733,0.403,0.6626,-3.6035,0.5625,-4.3984,other
277796,-0.4436,0.408,0.6938,-3.3965,-0.5078,-1.7695,other
277819,-0.429,0.4153,0.7646,-1.8027,-2.1152,2.2363,other
277842,-0.4316,0.442,0.8126,0.5293,-4.1309,6.1094,other
277865,-0.4302,0.4301,0.8223,1.9688,-5.8574,8.5508,other
277888,-0.3942,0.4348,0.8137,3.2305,-8.959,11.9336,other
277911,-0.3826,0.4459,0.8406,3.2051,-11.1855,13.9375,other
277934,-0.3954,0.4685,0.824,1.8281,-14.2969,16.4141,other
277957,-0.4043,0.4976,0.8005,-0.666,-16.4844,18.0801,other
277980,-0.4312,0.4935,0.7749,-2.5254,-17.1035,18.6387,other
278003,-0.4307,0.4917,0.7559,-4.9141,-16.4746,18.502,other
278026,-0.4303,0.5001,0.7483,-5.9082,-14.9922,17.7031,other
278049,-0.4297,0.4978,0.7495,-6.168,-11.4043,15.4668,other
278072,-0.4314,0.489,0.7542,-4.502,-6.7539,12.1855,other
278095,-0.4304,0.4572,0.7457,-3.5625,-3.4785,9.6152,other
278118,-0.4087,0.4336,0.7518,-1.2207,1.0449,5.5215,other
278141,-0.4187,0.4205,0.7458,0.1523,3.4961,2.791,other
278164,-0.4335,0.4012,0.7247,1.5137,6.041,-1.0703,other
278187,-0.4299,0.3813,0.6686,1.8672,6.9844,-3.3555,other
278210,-0.4241,0.3933,0.6892,1.6563,7.4727,-6.1738,other
278233,-0.4316,0.4213,0.7307,0.9492,7.1855,-8.0918,other
278256,-0.4308,0.4213,0.7231,0.4551,6.7285,-8.7793,other
278279,-0.431,0.4166,0.7189,-0.168,5.793,-8.8086,other
278302,-0.431,0.4055,0.7014,-0.5918,5.0176,-8.1562,other
278325,-0.4285,0.4209,0.708,-1.4766,3.6152,-6.2715,other
278348,-0.4225,0.4541,0.7371,-2.7383,1.9883,-3.5586,other
278371,-0.4327,0.4547,0.7598,-3.6699,0.8574,-1.4824,other
278394,-0.4211,0.4624,0.7583,-4.9414,-0.7676,1.7383,other
278417,-0.4102,0.4846,0.7672,-5.5957,-1.7266,3.7793,other
278440,-0.434,0.4945,0.7682,-6.1875,-2.877,6.3984,other
278463,-0.4301,0.491,0.7512,-6.2695,-3.5664,8.2305,other
278486,-0.4313,0.4855,0.7377,-6.0742,-3.7227,8.9082,other
278509,-0.431,0.484,0.7296,-5.5195,-3.4883,9.0312,other
278532,-0.431,0.4691,0.7257,-5.0547,-3.0488,8.5273,other
278555,-0.4303,0.4463,0.7279,-4.3711,-2.0742,7.0098,other
278578,-0.4236,0.4351,0.7241,-4.0117,-1.3145,5.5918,other
278601,-0.4205,0.4316,0.7229,-3.709,-0.1992,3.0781,other
278624,-0.4318,0.4377,0.7351,-3.6816,0.7051,0.4297,other
278647,-0.4309,0.442,0.7457,-3.748,1.1387,-1.2207,other
278670,-0.431,0.4399,0.7324,-3.8613,1.5078,-3.2559,other
278693,-0.431,0.4313,0.7162,-3.9141,1.5781,-4.2207,other
278716,-0.4297,0.436,0.7089,-3.9668,1.457,-5.0176,other
278739,-0.4313,0.4446,0.7252,-3.9727,1.1172,-5.1016,other
278762,-0.431,0.4535,0.748,-3.916,0.8066,-4.834,other
278785,-0.431,0.4323,0.7294,-3.7227,0.2559,-4.0918,other
278808,-0.4293,0.4241,0.7227,-3.5645,-0.1543,-3.457,other
278831,-0.4302,0.441,0.7487,-3.3887,-0.8086,-2.4668,other
278854,-0.4312,0.4373,0.7606,-3.293,-1.4531,-1.5703,other
278877,-0.4235,0.4384,0.7703,-3.2559,-1.8379,-1.0625,other
278900,-0.4187,0.436,0.767,-3.2402,-2.2949,-0.4375,other
278923,-0.4279,0.4344,0.7465,-3.2773,-2.4863,-0.1016,other
278946,-0.4305,0.4407,0.7458,-3.4277,-2.5312,0.3184,other
278969,-0.4312,0.4452,0.7214,-3.5684,-2.3613,0.5703,other
278992,-0.4312,0.4539,0.718,-3.7656,-1.7793,0.9531,other
279015,-0.4309,0.4584,0.7074,-3.8672,-0.8594,1.373,other
279038,-0.4312,0.4586,0.6897,-3.8398,-0.1289,1.6602,other
279061,-0.4312,0.4761,0.712,-3.6035,1.002,2.0312,other
279084,-0.431,0.4801,0.7213,-3.3027,1.6914,2.2012,other
279107,-0.4309,0.4539,0.7029,-2.7148,2.4687,2.3203,other
279130,-0.431,0.4526,0.7252,-2.1895,2.75,2.2363,other
279153,-0.431,0.4545,0.7297,-1.9609,2.6055,2.041,other
279176,-0.431,0.4581,0.7338,-1.8008,1.9277,1.5332,other
279199,-0.431,0.4586,0.7472,-1.7656,1.2598,1.0742,other
279222,-0.431,0.4528,0.7367,-1.748,0.125,0.2715,other
279245,-0.4308,0.4413,0.7379,-1.7813,-0.9668,-0.5762,other
279268,-0.4266,0.4419,0.7477,-1.8672,-1.584,-1.1133,other
279291,-0.4312,0.4292,0.7371,-2.127,-2.2656,-1.7852,other
279314,-0.4309,0.4266,0.7235,-2.375,-2.5176,-2.0977,other
279337,-0.431,0.4329,0.7229,-2.8223,-2.5625,-2.2969,other
279360,-0.4312,0.4524,0.7108,-3.1328,-2.375,-2.1348,other
279383,-0.431,0.464,0.7139,-3.541,-1.834,-1.8125,other
279406,-0.431,0.4698,0.7168,-3.8008,-1.1113,-1.0332,other
279429,-0.4312,0.4712,0.7075,-3.8633,-0.623,-0.3691,other
279452,-0.431,0.4746,0.7195,-3.7852,-0.0098,0.6992,other
279475,-0.431,0.4729,0.7316,-3.6211,0.2656,1.3652,other
279498,-0.4312,0.4781,0.7329,-3.2227,0.4297,2.127,other
279521,-0.431,0.462,0.736,-2.7051,0.3125,2.4707,other
279544,-0.4292,0.4491,0.7264,-2.3691,0.1055,2.4375,other
279567,-0.4312,0.4386,0.7146,-2.0371,-0.3457,2.0195,other
279590,-0.4286,0.4423,0.7299,-2.002,-0.7012,1.5566,other
279613,-0.4308,0.4445,0.7249,-2.2305,-1.2324,0.7266,other
279636,-0.431,0.4587,0.7333,-2.6719,-1.6641,-0.0723,other
279659,-0.431,0.4622,0.7462,-2.9902,-1.8555,-0.4863,other
279682,-0.431,0.4515,0.7274,-3.4219,-1.9805,-0.8301,other
279705,-0.4292,0.4589,0.7224,-3.6777,-1.9648,-0.8555,other
279728,-0.4303,0.4736,0.7286,-4.0156,-1.8105,-0.6211,other
279751,-0.4313,0.4785,0.7194,-4.1836,-1.627,-0.1543,other
279774,-0.4309,0.4766,0.7135,-4.2812,-1.2344,0.2187,other
279797,-0.4312,0.4768,0.717,-4.1836,-0.7324,0.7539,other
279820,-0.4309,0.4592,0.7078,-4.0488,-0.3848,1.0234,other
279843,-0.4301,0.4559,0.725,-3.8633,0.0566,1.2031,other
279866,-0.4298,0.4507,0.7324,-3.8047,0.2383,1.1367,other
279889,-0.4313,0.4362,0.7195,-3.8379,0.293,0.7539,other
279912,-0.4309,0.4366,0.7229,-3.9707,0.1133,0.1133,other
279935,-0.431,0.443,0.7241,-4.0684,-0.0918,-0.3711,other
279958,-0.431,0.4437,0.7139,-4.1758,-0.4512,-1.0254,other
279981,-0.431,0.4574,0.7288,-4.2148,-0.6934,-1.3242,other
280004,-0.431,0.4667,0.7378,-4.2305,-1.0449,-1.4668,other
280027,-0.4304,0.4707,0.7323,-4.2031,-1.3613,-1.2051,other
280050,-0.4312,0.4774,0.7299,-4.1562,-1.5332,-0.8418,other
280073,-0.431,0.4814,0.733,-4.043,-1.6875,-0.1152,other
280096,-0.431,0.4602,0.7158,-3.9453,-1.7031,0.4062,other
280119,-0.431,0.4564,0.7155,-3.8262,-1.6094,1.0898,other
280142,-0.431,0.4575,0.7211,-3.8047,-1.4941,1.5039,other
280165,-0.431,0.4515,0.7223,-3.8789,-1.293,1.584,other
280188,-0.4296,0.4543,0.7305,-4.0332,-1.1055,1.4219,other
280211,-0.4299,0.4545,0.734,-4.1426,-1.0117,1.168,other
280234,-0.4313,0.4508,0.7301,-4.2734,-0.9336,0.6777,other
280257,-0.426,0.4487,0.7352,-4.3457,-0.9277,0.3516,other
280280,-0.424,0.4525,0.7299,-4.4609,-0.9805,-0.0312,other
280303,-0.4312,0.4572,0.7245,-4.5859,-1.0664,-0.2129,other
280326,-0.4309,0.4645,0.7168,-4.6387,-1.1055,-0.2051,other
280349,-0.431,0.4711,0.719,-4.6094,-1.0801,-0.0156,other
280372,-0.431,0.4651,0.7126,-4.5078,-1.0,0.2051,other
280395,-0.431,0.4695,0.7126,-4.2754,-0.8184,0.6152,other
280418,-0.431,0.4725,0.728,-4.0195,-0.6387,1.0176,other
280441,-0.4297,0.4718,0.7218,-3.8516,-0.5605,1.2285,other
280464,-0.4312,0.4712,0.7272,-3.6055,-0.5312,1.3828,other
280487,-0.4302,0.458,0.7256,-3.457,-0.5703,1.3535,other
280510,-0.4249,0.4447,0.7174,-3.2969,-0.7031,1.1133,other
280533,-0.4196,0.4513,0.7245,-3.2695,-0.832,0.6719,other
280556,-0.4265,0.4495,0.7377,-3.3672,-1.0742,0.3105,other
280579,-0.4194,0.4564,0.7292,-3.5527,-1.332,-0.2441,other
280602,-0.422,0.4666,0.7308,-3.666,-1.4805,-0.5645,other
280625,-0.4324,0.4662,0.7351,-3.7578,-1.623,-0.8867,other
280648,-0.4287,0.4598,0.7238,-3.7539,-1.6406,-0.9629,other
280671,-0.4218,0.4717,0.7272,-3.7051,-1.5488,-0.875,other
280694,-0.4319,0.4736,0.7354,-3.6738,-1.3496,-0.5957,other
280717,-0.4308,0.4728,0.723,-3.6641,-1.1758,-0.3613,other
280740,-0.4312,0.4702,0.7045,-3.6484,-0.8672,-0.0273,other
280763,-0.431,0.4637,0.7059,-3.6367,-0.6328,0.1328,other
280786,-0.4303,0.4495,0.7062,-3.6328,-0.2695,0.2187,other
280809,-0.4178,0.4368,0.7152,-3.6836,0.0234,0.0781,other
280832,-0.4172,0.4347,0.7273,-3.7637,0.1191,-0.1406,other
280855,-0.4282,0.4424,0.7419,-3.9434,0.0508,-0.5762,other
280878,-0.4172,0.4531,0.7405,-4.0703,-0.1328,-0.8574,other
280901,-0.4171,0.463,0.7377,-4.2109,-0.5605,-1.1191,other
280924,-0.4249,0.4681,0.7382,-4.252,-1.0391,-1.0586,other
280947,-0.425,0.4801,0.7423,-4.2246,-1.3145,-0.8145,other
280970,-0.4125,0.5123,0.7783,-4.1113,-1.5645,-0.1895,other
280993,-0.4332,0.4858,0.7092,-4.0059,-1.5879,0.3359,other
281016,-0.4326,0.4456,0.6129,-3.8652,-1.3418,1.1367,other
281039,-0.4307,0.4692,0.665,-3.7793,-0.9473,1.5566,other
281062,-0.4313,0.4808,0.7013,-3.4941,-0.041,1.8008,other
281085,-0.4305,0.4363,0.6957,-2.877,0.9902,1.4883,other
281108,-0.3978,0.426,0.7355,-2.418,1.5098,1.0273,other
281131,-0.3867,0.4319,0.771,-2.0684,1.6465,0.1426,other
281154,-0.3989,0.432,0.7711,-2.2305,1.1836,-0.4375,other
281177,-0.3971,0.4425,0.7809,-3.1191,-0.2754,-1.0391,other
281200,-0.3933,0.4687,0.7637,-4.5293,-2.2402,-1.1035,other
281223,-0.4146,0.4922,0.7544,-5.5273,-3.5137,-0.7969,other
281246,-0.4269,0.4917,0.7545,-6.7812,-4.9297,0.1289,other
281269,-0.4192,0.4757,0.7167,-7.332,-5.3691,0.9629,other
281292,-0.4069,0.4694,0.6884,-7.6641,-5.1562,2.2891,other
281315,-0.4283,0.4745,0.6859,-7.0723,-3.9863,3.3828,other
281338,-0.4315,0.4928,0.7294,-6.9961,-2.8125,3.8437,other
281361,-0.428,0.4716,0.7139,-5.9512,-0.7891,4.0508,other
281384,-0.4244,0.4419,0.7072,-5.1074,0.5195,3.8535,other
281407,-0.4185,0.4417,0.715,-3.9141,2.0781,3.1016,other
281430,-0.4127,0.4491,0.7332,-3.3066,2.709,2.377,other
281453,-0.4136,0.4521,0.7465,-2.7891,2.9648,1.1602,other
281476,-0.407,0.4548,0.7352,-2.6934,2.4902,0.0469,other
281499,-0.4167,0.468,0.7219,-2.7871,1.9043,-0.5352,other
281522,-0.4321,0.4706,0.7026,-3.0,0.9023,-1.0859,other
281545,-0.4307,0.4792,0.6942,-3.1035,0.3086,-1.2266,other
281568,-0.4312,0.4832,0.6998,-3.0859,-0.2871,-1.1504,other
281591,-0.431,0.4819,0.6992,-2.8437,-0.4922,-0.8477,other
281614,-0.4309,0.4772,0.7018,-2.5977,-0.4727,-0.5996,other
281637,-0.4293,0.4822,0.7213,-2.209,-0.377,-0.2676,other
281660,-0.4258,0.488,0.7305,-1.9785,-0.375,-0.1348,other
281683,-0.4285,0.4827,0.7322,-1.6816,-0.5684,-0.1406,other
281706,-0.4226,0.475,0.7306,-1.0117,-1.0176,-0.4453,other
281729,-0.4236,0.4697,0.7251,-1.3008,-1.4199,-0.8145,other
281752,-0.4182,0.4598,0.7319,-1.1699,-2.0762,-1.5801,other
281775,-0.4143,0.455,0.7253,-1.1563,-2.4824,-2.1797,other
281798,-0.4176,0.4462,0.7327,-1.2734,-2.9629,-3.1016,other
281821,-0.4133,0.4352,0.7179,-1.4492,-3.1699,-3.6602,other
281844,-0.4108,0.4382,0.7144,-1.8457,-3.2852,-4.2969,other
281867,-0.4252,0.4532,0.7174,-2.3262,-3.1738,-4.5664,other
281890,-0.4307,0.4718,0.7131,-2.623,-2.9863,-4.4922,other
281913,-0.4297,0.4854,0.7184,-2.9082,-2.5723,-3.9902,other
281936,-0.4313,0.4843,0.7198,-2.9551,-2.2363,-3.4316,other
281959,-0.4279,0.4755,0.7241,-2.8457,-1.7266,-2.3789,other
281982,-0.4172,0.4679,0.7297,-2.6543,-1.3105,-1.2598,other
282005,-0.4191,0.4562,0.7325,-2.5547,-1.127,-0.584,other
282028,-0.4073,0.4475,0.7269,-2.5176,-1.0,0.207,other
282051,-0.4122,0.4572,0.7257,-2.5781,-0.9961,0.5547,other
282074,-0.4279,0.4675,0.7142,-2.7676,-1.0391,0.8359,other
282097,-0.427,0.4757,0.7002,-2.9785,-1.0371,0.9473,other
282120,-0.4305,0.4857,0.7057,-3.082,-0.9688,1.002,other
282143,-0.4304,0.4924,0.7078,-3.1445,-0.7676,1.127,other
282166,-0.431,0.4943,0.7023,-3.1172,-0.5879,1.2559,other
282189,-0.4308,0.4991,0.7119,-3.002,-0.3223,1.4922,other
282212,-0.4288,0.4991,0.7174,-2.8867,-0.1836,1.6406,other
282235,-0.4297,0.494,0.7115,-2.6855,-0.0801,1.7539,other
282258,-0.4297,0.4778,0.7083,-2.498,-0.1211,1.627,other
282281,-0.4146,0.4675,0.71,-2.4102,-0.2227,1.3633,other
282304,-0.4192,0.4624,0.7206,-2.377,-0.4746,0.6816,other
282327,-0.4176,0.453,0.73,-2.4375,-0.6973,0.0762,other
282350,-0.4027,0.4454,0.7334,-2.6738,-1.0918,-0.9277,other
282373,-0.4021,0.4456,0.7322,-3.0781,-1.5156,-1.8535,other
282396,-0.4093,0.453,0.733,-3.4062,-1.7715,-2.3125,other
282419,-0.4137,0.4589,0.7261,-3.9062,-2.0293,-2.6309,other
282442,-0.4199,0.4734,0.7173,-4.207,-2.0723,-2.541,other
282465,-0.4266,0.4819,0.7124,-4.5742,-1.9082,-1.9434,other
282488,-0.4312,0.4923,0.7028,-4.8105,-1.4824,-0.8789,other
282511,-0.431,0.5,0.709,-4.8809,-1.0859,-0.0059,other
282534,-0.431,0.4994,0.7139,-4.8359,-0.4043,1.3516,other
282557,-0.4296,0.488,0.7074,-4.707,0.0508,2.1621,other
282580,-0.4211,0.483,0.7092,-4.4316,0.6367,3.0488,other
282603,-0.4259,0.4866,0.7202,-4.2441,0.918,3.3418,other
282626,-0.4292,0.4797,0.7166,-4.0234,1.1289,3.293,other
282649,-0.4205,0.4775,0.7102,-3.9062,1.1094,2.6992,other
282672,-0.4305,0.4701,0.7037,-3.8848,0.998,2.0684,other
282695,-0.4307,0.4668,0.7083,-3.9375,0.7441,0.9258,other
282718,-0.4224,0.4591,0.709,-4.0156,0.5469,0.1348,other
282741,-0.4216,0.4584,0.7048,-4.166,0.2441,-0.9453,other
282764,-0.4181,0.4689,0.7205,-4.3223,-0.0508,-1.7578,other
282787,-0.4265,0.4752,0.7202,-4.4062,-0.2383,-2.0937,other
282810,-0.4302,0.4757,0.7141,-4.4629,-0.502,-2.2441,other
282833,-0.4233,0.4689,0.7128,-4.4453,-0.6543,-2.1211,other
282856,-0.4255,0.4609,0.7052,-4.332,-0.8281,-1.6855,other
282879,-0.4208,0.4626,0.718,-4.1582,-0.9238,-1.0703,other
282902,-0.4143,0.4768,0.7286,-4.0371,-0.9512,-0.623,other
282925,-0.4259,0.474,0.7069,-3.8789,-0.9609,0.043,other
282948,-0.4287,0.485,0.7067,-3.8105,-0.9551,0.4668,other
282971,-0.4308,0.4972,0.7107,-3.7578,-0.9199,1.0469,other
282994,-0.431,0.4983,0.7019,-3.7324,-0.873,1.8828,other
283017,-0.431,0.4948,0.709,-3.6758,-0.7656,1.8008,other
283040,-0.4226,0.4836,0.7092,-3.6016,-0.6562,2.0996,other
283063,-0.4174,0.4729,0.6974,-3.5723,-0.6191,2.2168,other
283086,-0.4139,0.4626,0.7107,-3.6172,-0.6758,2.2637,other
283109,-0.4016,0.4664,0.7314,-3.7187,-0.8125,2.1992,other
283132,-0.3976,0.4746,0.7432,-3.9316,-1.1855,1.9629,other
283155,-0.399,0.4816,0.7432,-4.1309,-1.7363,1.5977,other
283178,-0.4094,0.4886,0.7318,-4.2051,-2.1465,1.3145,other
283201,-0.4177,0.488,0.704,-4.1797,-2.666,0.8809,other
283224,-0.4287,0.4868,0.6871,-4.0703,-2.8477,0.6016,other
283247,-0.4313,0.4825,0.6895,-3.8164,-2.7539,0.2168,other
283270,-0.4191,0.4653,0.6906,-3.5566,-2.2402,-0.1172,other
283293,-0.406,0.4596,0.707,-3.4531,-1.7598,-0.3027,other
283316,-0.401,0.4663,0.7312,-3.4609,-1.0488,-0.4922,other
283339,-0.4012,0.4788,0.7388,-3.5703,-0.6992,-0.5156,other
283362,-0.3964,0.486,0.7344,-3.8379,-0.4863,-0.3164,other
283385,-0.4055,0.489,0.7299,-4.0391,-0.5605,0.1777,other
283408,-0.4104,0.4801,0.7133,-4.2949,-0.8867,0.6152,other
283431,-0.4086,0.4812,0.7086,-4.4316,-1.2598,1.2852,other
283454,-0.4128,0.4835,0.7169,-4.4551,-1.4355,1.6641,other
283477,-0.408,0.4791,0.7111,-4.418,-1.5156,2.0391,other
283500,-0.4025,0.4801,0.7047,-4.3711,-1.4473,2.1348,other
283523,-0.4106,0.4797,0.7152,-4.3105,-1.2012,2.0664,other
283546,-0.4106,0.4827,0.7112,-4.2715,-0.8633,1.8223,other
283569,-0.4043,0.4758,0.717,-4.2559,-0.6387,1.6191,other
283592,-0.4011,0.4714,0.7124,-4.2363,-0.377,1.3242,other
283615,-0.3998,0.4744,0.7125,-4.2246,-0.2812,1.1563,other
283638,-0.3989,0.4852,0.7128,-4.2031,-0.2656,0.9824,other
283661,-0.4023,0.4899,0.7186,-4.1582,-0.377,0.9355,other
283684,-0.4017,0.4905,0.7167,-4.1035,-0.498,0.9785,other
283707,-0.4008,0.4907,0.7164,-3.9844,-0.7266,1.1328,other
283730,-0.3983,0.4833,0.7163,-3.8906,-0.8887,1.2715,other
283753,-0.4,0.4792,0.7064,-3.7402,-1.1113,1.4844,other
283776,-0.3975,0.4775,0.7057,-3.6367,-1.2422,1.668,other
283799,-0.3922,0.4929,0.7206,-3.459,-1.4316,1.7676,other
283822,-0.3983,0.4821,0.7213,-3.2109,-1.6934,1.9004,other
283845,-0.3873,0.4802,0.7109,-2.9824,-1.9668,1.9863,other
283868,-0.3718,0.4934,0.7212,-2.541,-2.5977,2.1152,other
283891,-0.3824,0.4974,0.7281,-2.1895,-3.1641,2.1973,other
283914,-0.3867,0.4985,0.7108,-1.6309,-4.1348,2.3203,other
283937,-0.3804,0.5,0.7144,-1.1816,-5.0332,2.4609,other
283960,-0.3793,0.5017,0.7229,-1.0273,-5.4766,2.5605,other
283983,-0.3785,0.4993,0.7288,-1.084,-5.791,2.6836,other
284006,-0.3785,0.4891,0.7104,-1.3281,-5.7363,2.7168,other
284029,-0.3793,0.4893,0.7183,-1.998,-5.2656,2.6367,other
284052,-0.3765,0.4949,0.7198,-2.9453,-4.3926,2.3672,other
284075,-0.3798,0.496,0.7284,-3.6367,-3.6504,2.0859,other
284098,-0.3773,0.4946,0.7302,-4.623,-2.4355,1.5684,other
284121,-0.3804,0.4796,0.7217,-5.2012,-1.6406,1.2109,other
284144,-0.3757,0.469,0.7266,-5.9746,-0.6094,0.7539,other
284167,-0.376,0.4645,0.7291,-6.4746,0.3984,0.4922,other
284190,-0.3795,0.47,0.7627,-7.3105,0.2988,0.4941,other
284213,-0.4264,0.4794,0.8129,-8.4492,0.1602,0.9219,other
284236,-0.4546,0.4089,0.8073,-9.5898,-0.3164,1.6387,other
284259,-0.4335,0.2815,0.6919,-12.5801,-1.8691,3.7168,other
284282,-0.3605,0.2806,0.6194,-16.041,-3.6465,5.9453,other
284305,-0.3735,0.3905,0.6362,-24.2012,-7.666,10.5742,other
284328,-0.3368,0.4944,0.7808,-35.293,-13.3457,15.9785,other
284351,-0.2528,0.4324,0.8738,-43.0,-17.9141,19.0352,other
284374,-0.1823,0.3584,0.8396,-52.4648,-25.6582,20.9785,other
284397,-0.1575,0.3185,0.7629,-56.3027,-31.3066,19.8262,other
284420,-0.1404,0.4844,0.8365,-57.75,-40.2754,14.4746,other
284443,-0.0973,0.4644,0.9786,-54.2441,-49.2715,6.1191,other
284466,-0.0612,0.3951,1.0515,-49.416,-54.8438,-0.1152,other
284489,-0.0236,0.2867,0.8397,-39.3828,-61.8867,-8.8613,other
284512,-0.0708,0.2916,0.6885,-31.8066,-64.0,-13.3516,other
284535,-0.1785,0.4852,0.9398,-20.7441,-64.0,-16.6758,other
284558,-0.1506,0.4811,1.0386,-13.9551,-64.0,-15.1699,other
284581,-0.0038,0.4437,0.9337,-4.5117,-64.0,-11.8477,other
284604,0.0554,0.4287,0.7958,4.0176,-62.0508,-4.9141,other
284627,-0.0564,0.4409,0.8586,8.8926,-58.4648,0.0781,other
284650,-0.123,0.4847,0.9558,14.5605,-52.7188,7.0742,other
284673,-0.0272,0.4863,0.9813,17.1836,-48.9297,11.0703,other
284696,0.0668,0.4148,0.7977,19.3555,-43.6367,15.5781,other
284719,-0.1335,0.4666,0.9584,19.1602,-39.2246,17.957,other
284742,-0.1644,0.4146,0.9529,17.6289,-36.8887,18.3789,other
284765,0.1515,0.3331,0.9208,13.2441,-34.123,17.2676,other
284788,0.123,0.33,0.8693,9.0039,-32.6035,15.2051,other
284811,0.0106,0.3167,0.7745,1.0215,-30.5156,10.1426,other
284834,-0.0055,0.2902,0.7457,-8.0977,-28.4355,3.6504,other
284857,0.1058,0.3239,0.8125,-14.1152,-27.0586,-0.7051,other
284880,0.0417,0.4617,0.8702,-21.582,-25.1719,-6.3027,other
284903,0.1931,0.3552,0.5515,-24.623,-24.0684,-9.0527,other
284926,0.2798,0.8152,1.412,-25.0957,-22.75,-11.3711,other
284949,-0.0436,0.5582,0.7631,-19.75,-22.125,-11.1895,other
284972,0.0767,0.5802,0.8707,-13.7441,-22.1973,-9.4844,other
284995,0.0928,0.4944,0.8618,-2.0898,-22.8457,-4.8066,other
285018,0.1578,0.5729,0.8512,6.2793,-23.3613,-0.8887,other
285041,0.1923,0.5519,0.8368,18.3359,-23.6504,4.7148,other
285064,0.0621,0.5608,0.8104,25.5059,-23.2246,7.5527,other
285087,0.0343,0.5618,0.8362,34.4941,-21.3652,9.9375,other
285110,0.0089,0.474,0.8241,41.1934,-17.9336,10.1348,other
285133,0.0145,0.4718,0.8918,44.3457,-14.8164,9.2012,other
285156,0.0741,0.5237,1.0112,46.9355,-9.1387,6.3965,other
285179,0.0696,0.474,0.995,46.9922,-4.8574,3.6816,other
285202,0.1727,0.3629,0.7719,43.6992,2.1035,-1.3535,other
285225,0.1162,0.3196,0.7146,35.1641,9.6406,-6.9043,other
285248,0.1215,0.3171,0.788,26.4316,14.9609,-10.3594,other
285271,0.1576,0.3624,0.8971,10.0293,23.1484,-14.2109,other
285294,0.0905,0.3405,0.6683,-1.7852,28.5254,-15.3418,other
285317,0.0321,0.3976,0.7109,-18.3184,36.1563,-14.084,other
285340,0.0433,0.5007,0.7961,-30.6523,42.9023,-8.6504,other
285363,-0.0122,0.6193,0.8517,-35.123,46.7578,-2.6934,other
285386,0.0092,0.6309,0.8748,-35.4668,51.6621,9.1152,other
285409,0.0538,0.4629,0.7596,-31.5645,54.5195,18.25,other
285432,-0.1243,0.4463,0.6016,-20.9922,58.6387,32.5313,other
285455,-0.4235,0.5475,0.4515,-11.9668,61.7578,41.7188,other
285478,-0.385,0.5082,0.3265,2.8652,63.998,53.7637,other
285501,-0.2266,0.6178,0.467,18.3887,63.998,61.75,other
285524,-0.3068,1.4838,1.4821,29.2012,63.998,63.5957,other
285547,-0.1295,0.3998,0.0878,45.832,63.998,60.1426,other
285570,-0.6053,0.8545,0.3877,55.8418,63.998,53.8945,other
285593,-0.1584,0.6729,0.5033,63.998,63.998,39.9902,other
285616,-0.0808,0.7167,0.7592,63.998,63.998,22.5273,other
285639,-0.1281,0.6644,0.647,63.998,63.998,9.9707,other
285662,-0.4067,0.6936,0.4247,63.7578,63.998,-8.3555,other
285685,-0.0001,0.7581,0.7997,57.875,53.4746,-19.0938,other
285708,-0.194,0.5848,0.589,47.6934,29.4336,-31.5781,other
285731,-0.1642,0.6997,0.7203,37.668,4.2246,-38.8223,other
285754,-0.1552,0.6158,0.6136,31.832,-11.8926,-40.6543,other
285777,-0.1125,0.6598,0.7416,25.1348,-33.1543,-39.5078,other
285800,-0.0751,0.6023,0.7156,22.2852,-44.5117,-36.75,other
285823,-0.1571,0.6465,0.7334,20.3047,-56.2129,-30.7793,other
285846,-0.2592,0.6613,0.672,20.0898,-60.0703,-26.1309,other
285869,-0.2527,0.6495,0.7073,20.1855,-59.9258,-18.8398,other
285892,-0.0492,0.6208,0.7434,18.9277,-53.7734,-11.9023,other
285915,-0.0941,0.6034,0.765,16.3535,-47.4199,-7.9062,other
285938,-0.1729,0.5748,0.7169,8.9668,-36.2578,-3.2832,other
285961,-0.1851,0.4962,0.7048,1.6348,-28.5176,-1.1445,other
285984,-0.1277,0.4333,0.6694,-12.1406,-17.2676,0.7422,other
286007,-0.1302,0.4078,0.6055,-27.1406,-6.7422,1.0977,other
286030,-0.136,0.5049,0.7104,-36.3145,-0.0859,0.5449,other
286053,-0.1396,0.5161,0.6146,-46.6328,9.4121,-1.0684,other
286076,-0.2535,0.5319,0.4646,-50.3906,15.3203,-2.207,other
286099,-0.4008,0.6439,0.3048,-51.0078,23.1777,-2.9707,other
286122,-0.5004,0.7411,0.2465,-45.9785,29.3145,-1.709,other
286145,-0.2535,1.3893,1.0481,-39.7129,32.1289,0.166,other
286168,-0.4087,0.5125,0.0768,-26.7422,33.7246,3.4004,other
286191,-0.3657,0.9014,0.5215,-16.8652,32.6602,4.9941,other
286214,-0.1969,0.7432,0.4143,-1.9883,27.6211,5.0918,other
286237,0.149,0.8389,0.7368,7.4043,21.8477,1.4941,other
286260,-0.1322,0.6942,0.7684,20.3711,9.3672,-3.5449,other
286283,-0.1909,0.5728,0.7207,31.6563,-6.9727,-12.5586,other
286306,-0.1752,0.5608,0.8856,37.8555,-18.8438,-18.5605,other
286329,-0.1224,0.526,0.7837,44.4766,-35.5957,-25.6641,other
286352,-0.2025,0.5067,0.7659,46.6602,-44.5801,-28.4238,other
286375,-0.1858,0.5583,0.7272,45.8047,-52.6621,-29.1367,other
286398,-0.1705,0.6095,0.818,39.2949,-52.9395,-26.0781,other
286421,0.0145,0.5419,0.7517,31.6582,-48.9063,-22.4414,other
286444,-0.0615,0.5586,0.7687,15.5254,-37.959,-15.4512,other
286467,-0.1436,0.4794,0.5071,2.1738,-28.5469,-10.0684,other
286490,-0.1702,0.4733,0.3287,-20.1855,-13.2539,-0.9746,other
286513,-0.2754,0.4935,0.0031,-42.2344,1.3359,9.3848,other
286536,-0.5892,0.821,0.202,-54.25,9.7012,16.8457,other
286559,-0.2922,1.5654,1.1809,-63.6289,19.0488,27.9063,other
286582,-0.2804,0.6208,0.1146,-62.3496,22.4102,34.0664,other
286605,-0.2267,0.9409,0.6151,-49.7305,22.2949,39.248,other
286628,-0.1088,0.6758,0.5828,-35.7305,18.9746,37.3945,other
286651,0.0802,0.6923,0.8888,-9.7129,10.4531,31.6426,other
286674,-0.1652,0.649,0.8987,17.8613,0.1367,17.1133,other
286697,-0.1453,0.7244,0.8344,34.3906,-6.3164,4.9844,other
286720,-0.0851,0.6855,0.6941,52.0508,-13.7246,-13.373,other
286743,-0.1941,0.5553,0.4822,56.8125,-16.6465,-23.6719,other
286766,-0.1968,0.4314,0.318,51.1211,-17.8984,-33.332,other
286789,-0.1349,0.4417,0.3785,30.8672,-16.0332,-34.2266,other
286812,0.01,0.5524,0.5734,11.9492,-13.5684,-29.9902,other
286835,0.0417,0.691,0.8011,-18.0605,-8.6426,-17.7656,other
286858,-0.1257,0.8654,0.7811,-35.416,-4.6797,-6.7031,other
286881,-0.3851,0.7834,0.6279,-53.4336,2.3828,12.7734,other
286904,-0.1556,0.5299,0.6101,-61.0957,10.7227,33.916,other
286927,0.0826,0.2798,0.6721,-61.6055,16.5117,47.6152,other
286950,0.2324,0.3275,0.7365,-58.0898,24.4902,63.998,other
286973,-0.1986,0.6001,0.6978,-54.1621,29.1133,63.998,other
286996,-0.559,0.6555,0.6577,-47.3242,35.4453,63.998,other
287019,-0.2509,0.4769,0.5457,-42.625,39.5742,63.998,other
287042,0.0154,0.3846,0.5543,-35.7734,45.3047,63.998,other
287065,-0.052,0.5081,0.5479,-28.916,49.1387,63.998,other
287088,-0.4879,1.3406,1.4728,-23.8164,49.959,63.998,other
287111,-0.3024,0.76,0.444,-14.7539,48.1133,63.998,other
287134,-0.3231,0.7769,0.5295,-8.3184,44.8633,63.998,other
287157,0.0515,0.764,0.6521,0.4805,37.9512,52.1191,other
287180,-0.0409,0.7678,0.766,7.6797,29.7559,30.7188,other
287203,0.2714,0.6334,0.8264,11.8203,24.0918,13.2578,other
287226,-0.3566,0.735,0.8342,17.7207,16.1797,-16.1563,other
287249,-0.2177,0.7283,0.7888,21.6094,11.7637,-36.002,other
287272,-0.1074,0.6021,0.7866,26.8379,6.8437,-62.4102,other
287295,-0.0509,0.4517,0.7543,29.834,3.8691,-64.0,other
287318,-0.0779,0.3489,0.6661,29.6133,2.7422,-64.0,other
287341,-0.1499,0.2943,0.5522,24.8516,1.9668,-64.0,other
287364,-0.266,0.3158,0.4268,18.5547,1.9082,-64.0,other
287387,-0.2635,0.3745,0.3318,5.334,2.3574,-64.0,other
287410,-0.3231,0.5446,0.2775,-4.6875,3.3809,-44.1563,other
287433,-0.568,0.8716,0.5148,-18.2129,3.4863,-24.5703,other
287456,-0.2815,1.5219,1.1591,-25.5977,2.8789,5.6777,other
287479,-0.0048,0.5723,0.3245,-25.8086,0.9883,23.8359,other
287502,-0.0193,0.9299,0.6796,-20.0488,-4.5371,43.502,other
287525,-0.2195,0.9012,0.7975,-13.3066,-9.502,49.6895,other
287548,-0.2722,0.8734,0.6982,-1.1816,-17.4844,47.7832,other
287571,-0.2487,0.6594,0.5255,9.7441,-24.8086,34.3711,other
287594,-0.2072,0.5311,0.4869,14.332,-28.9805,20.9336,other
287617,-0.1047,0.4658,0.5529,15.5293,-34.0469,-2.7891,other
287640,-0.1969,0.4626,0.5868,12.7676,-36.6035,-19.2813,other
287663,-0.3929,0.4717,0.5702,5.4062,-39.127,-42.4727,other
287686,-0.2106,0.3994,0.5419,-2.2793,-40.0703,-61.4258,other
287709,-0.0321,0.3698,0.7079,-5.6758,-39.9766,-64.0,other
287732,-0.139,0.4475,0.7089,-6.0332,-39.0391,-64.0,other
287755,-0.3584,0.5424,0.653,-2.5801,-37.8848,-64.0,other
287778,-0.2604,0.4963,0.5178,7.5371,-35.1309,-64.0,other
287801,-0.1677,0.547,0.5884,16.6172,-30.5059,-64.0,other
287824,-0.033,0.8916,1.1279,31.8281,-27.4297,-64.0,other
287847,-0.2924,0.5707,0.3506,46.0098,-21.4102,-57.1602,other
287870,-0.287,0.8174,0.6118,52.6387,-17.2793,-46.75,other
287893,-0.2443,0.6343,0.5386,55.3848,-11.9414,-29.0352,other
287916,-0.113,0.6106,0.584,51.4922,-9.7695,-16.3477,other
287939,-0.3802,0.7952,0.6239,37.002,-9.8047,2.9453,other
287962,-0.1356,0.5984,0.7928,13.7324,-14.3965,21.4336,other
287985,0.0662,0.4213,0.9285,-4.9473,-19.7617,32.5547,other
288008,-0.0908,0.4946,0.8418,-34.1191,-29.9219,46.1406,other
288031,-0.0801,0.4542,0.8206,-52.1934,-36.9141,52.6074,other
288054,0.0363,0.4796,0.8459,-64.0,-45.6621,58.0781,other
288077,-0.0339,0.4799,0.8459,-64.0,-50.5039,58.6777,other
288100,-0.004,0.498,0.799,-64.0,-50.9629,56.8398,other
288123,-0.0125,0.52,0.7931,-64.0,-47.3027,51.793,other
288146,-0.0668,0.5767,0.7649,-64.0,-42.2656,47.5723,other
288169,-0.1409,0.7476,0.8252,-64.0,-31.9785,41.002,other
288192,0.0138,0.583,0.8044,-64.0,-20.1934,34.8848,other
288215,0.0126,0.4409,0.8107,-64.0,-12.4473,31.0508,other
288238,-0.0128,0.4159,0.8583,-58.0352,-2.1152,25.2109,other
288261,-0.0767,0.4064,0.8499,-50.748,3.5273,21.0215,other
288284,-0.0649,0.3344,0.876,-39.9883,9.9883,14.2012,other
288307,-0.0076,0.3832,0.8925,-33.3691,13.0723,9.4766,other
288330,-0.0474,0.4839,0.8528,-25.207,16.082,2.7734,other
288353,-0.0388,0.5177,0.8704,-20.1719,17.1934,-2.4277,other
288376,0.0061,0.4437,0.8337,-18.7891,16.6934,-4.4922,other
288399,-0.1116,0.4874,0.8413,-19.2852,13.7754,-4.9434,other
288422,0.0251,0.4642,0.8547,-20.8066,10.4434,-3.457,other
288445,-0.0599,0.451,0.8655,-23.8203,3.8477,0.8945,other
288468,-0.0325,0.4464,0.8762,-26.5313,-3.7715,6.6621,other
288491,0.0551,0.3927,0.8917,-27.6543,-8.8496,10.5645,other
288514,-0.024,0.4213,0.8755,-27.877,-15.6562,15.4863,other
288537,0.0656,0.3774,0.9072,-27.0273,-19.3047,17.7813,other
288560,-0.0648,0.4456,0.8837,-24.5195,-23.1602,19.5859,other
288583,-0.0812,0.4954,0.8545,-22.2637,-24.9668,19.6211,other
288606,-0.0189,0.5258,1.0355,-18.3809,-25.0332,18.7363,other
288629,0.1398,0.5122,1.0615,-14.3145,-23.5859,15.9082,other
288652,0.1703,0.4844,0.9796,-11.8945,-21.7734,12.9082,other
288675,0.0281,0.4246,0.8184,-9.7363,-18.252,6.9766,other
288698,-0.0551,0.3879,0.7117,-9.9531,-15.7109,2.5977,other
288721,-0.0154,0.4175,0.7456,-13.2402,-12.0957,-3.5312,other
288744,0.0383,0.4163,0.7928,-18.877,-9.0254,-8.5273,other
288767,0.1538,0.4485,0.9497,-22.4551,-7.3887,-11.3398,other
288790,0.1996,0.4886,0.993,-24.9297,-5.7715,-15.2168,other
288813,0.0789,0.4536,0.813,-23.5527,-5.4805,-17.6426,other
288836,-0.166,0.3458,0.6522,-16.416,-6.5547,-20.5742,other
288859,-0.0374,0.3879,0.6571,-3.8594,-9.1016,-22.0039,other
288882,-0.0591,0.3921,0.6952,6.998,-11.0762,-22.2539,other
288905,0.0986,0.4111,0.9592,26.2949,-13.623,-22.5957,other
288928,0.1588,0.3186,0.906,40.6113,-14.7383,-23.5078,other
288951,0.0825,0.2906,0.6639,62.4766,-15.3418,-26.4531,other
288974,-0.0518,0.4272,0.6091,63.998,-14.6133,-30.4766,other
288997,-0.1207,0.6848,1.3086,63.998,-13.4141,-32.8262,other
289020,0.3342,0.4739,1.0035,63.998,-10.8906,-34.6074,other
289043,0.1919,0.4308,0.8065,63.998,-9.0996,-34.1719,other
289066,0.1443,0.4172,0.8229,63.998,-6.4238,-30.3809,other
289089,-0.0024,0.5035,0.8114,63.998,-4.3887,-25.3691,other
289112,-0.0082,0.4677,0.8275,63.998,-0.3223,-13.8066,other
289135,-0.0441,0.4644,0.8402,43.002,5.5098,2.0371,other
289158,0.0874,0.5059,0.8254,22.8848,10.3867,14.1289,other
289181,0.037,0.5509,0.7958,-7.4551,18.668,32.6602,other
289204,0.0093,0.5995,0.7771,-26.2676,24.3984,44.0918,other
289227,0.0249,0.6107,0.7667,-50.2969,32.5645,58.0762,other
289250,0.0088,0.6077,0.7743,-64.0,39.3926,63.998,other
289273,-0.0153,0.5686,0.776,-64.0,42.8281,63.998,other
289296,0.0686,0.4626,0.8492,-64.0,45.9551,63.998,other
289319,0.0662,0.4092,0.8395,-64.0,46.6328,62.6523,other
289342,-0.0265,0.459,0.8855,-64.0,45.6738,52.4512,other
289365,-0.0234,0.4403,0.8839,-64.0,42.6914,39.9492,other
289388,-0.012,0.4412,0.9204,-59.6895,39.832,31.5176,other
289411,0.0681,0.423,0.9321,-51.0293,34.7031,20.1895,other
289434,-0.0536,0.5001,0.8257,-46.2832,31.0117,14.082,other
289457,-0.0852,0.4515,0.8506,-41.2617,25.4609,7.5449,other
289480,0.0044,0.411,0.8668,-39.2813,21.957,4.8691,other
289503,-0.0374,0.2913,0.9537,-37.752,17.3594,2.7168,other
289526,-0.0264,0.3292,0.9116,-36.9102,13.8477,1.7305,other
289549,-0.2637,0.3018,0.9685,-36.2949,12.2539,1.1484,other
289572,-0.0288,0.3766,0.9058,-35.0957,11.4414,-0.4277,other
289595,0.1019,0.3403,0.9148,-34.1895,12.248,-2.4414,other
289618,-0.0192,0.3241,0.9172,-32.8242,15.4238,-7.3027,other
289641,-0.0569,0.3143,0.9166,-31.4063,19.7813,-13.6055,other
289664,-0.0801,0.2629,0.9934,-30.293,22.2168,-17.6836,other
289687,-0.167,0.2897,0.9346,-28.1523,23.4355,-21.9648,other
289710,-0.1947,0.3455,0.876,-26.4063,22.0566,-22.8027,other
289733,-0.0475,0.2876,0.9579,-23.5,16.75,-20.5645,other
289756,-0.0349,0.2809,0.9419,-20.4258,8.5469,-14.8691,other
289779,-0.0402,0.2844,0.9498,-18.3301,2.252,-9.9902,other
289802,-0.0509,0.2823,0.9407,-15.1875,-7.1562,-2.4805,other
289825,-0.0508,0.2909,0.9697,-13.1562,-12.7383,1.9395,other
289848,-0.0133,0.2708,0.9656,-10.3437,-19.2305,6.9004,other
289871,-0.0725,0.2565,0.9753,-8.7227,-22.0391,9.9004,other
289894,-0.0117,0.2985,0.8994,-6.8887,-23.8906,9.9648,other
289917,-0.0752,0.3042,0.9982,-6.0215,-23.2383,8.9102,other
289940,-0.0688,0.3513,1.0829,-5.9961,-21.6426,7.2285,other
289963,0.0227,0.3092,1.03,-6.7422,-17.918,3.6797,other
289986,-0.0038,0.2288,0.8889,-7.875,-14.9141,0.9219,other
290009,-0.0684,0.2388,0.9003,-10.8691,-10.3828,-3.2031,other
290032,-0.0668,0.2654,1.033,-15.4629,-6.5352,-6.5898,other
290055,-0.0597,0.3308,1.1215,-19.1172,-4.5957,-8.1895,other
290078,-0.0918,0.3523,1.0739,-24.8867,-2.8105,-9.5898,other
290101,-0.0486,0.2687,0.8463,-28.7754,-2.3887,-10.0215,other
290124,-0.0763,0.2454,0.7952,-34.7949,-2.8379,-10.3594,other
290147,-0.0839,0.2732,0.917,-40.791,-4.2285,-10.9805,other
290170,-0.0436,0.2656,1.0162,-44.1191,-5.3047,-11.9531,other
290193,-0.0126,0.2281,1.007,-46.6934,-6.5254,-14.8066,other
290216,-0.0305,0.1677,0.8844,-46.1504,-6.8145,-17.8203,other
290239,-0.0984,0.0975,0.6909,-41.5254,-6.2559,-23.8848,other
290262,-0.0841,0.1451,0.9934,-35.9355,-5.207,-31.1777,other
290285,0.0397,0.1099,1.1406,-23.8379,-2.6504,-36.4414,other
290308,0.021,0.0271,0.8497,-7.8008,0.8613,-44.2207,other
290331,-0.0959,0.0555,0.5549,4.1719,3.5273,-48.8887,other
290354,-0.17,0.1833,0.7604,22.459,7.7383,-54.1211,bite
290377,-0.132,0.3153,1.233,34.459,10.5859,-55.998,bite
290400,-0.025,0.2982,1.3282,52.1484,14.7578,-56.2539,bite
290423,-0.0585,0.2548,0.9795,63.998,18.3379,-53.7129,bite
290446,-0.2,0.2589,0.6971,63.998,19.9844,-50.5723,bite
290469,-0.1626,0.2992,0.6206,63.998,20.8984,-43.7988,bite
290492,-0.2657,0.5491,1.7072,63.998,20.4219,-38.1563,bite
290515,0.1722,0.1577,0.74,63.998,18.0859,-28.7793,bite
290538,-0.1599,0.348,0.9272,63.998,14.0156,-19.3398,bite
290561,-0.1865,0.3727,0.8235,63.998,10.8477,-13.334,bite
290584,-0.2136,0.4139,0.8932,54.9863,6.3047,-4.7812,bite
290607,-0.1527,0.4742,0.8632,41.6113,3.8379,0.6152,bite
290630,-0.2688,0.5483,0.8687,19.8457,1.4668,8.0605,bite
290653,-0.1193,0.4396,0.8796,5.3008,0.8848,14.2773,bite
290676,-0.1887,0.442,0.8586,-14.5391,1.4316,17.416,bite
290699,-0.1276,0.3617,0.8939,-29.8379,3.4805,20.1699,bite
290722,-0.1315,0.344,0.8788,-36.7109,5.5117,20.5781,bite
290745,-0.1698,0.3374,0.9095,-41.7813,9.1094,19.2109,bite
290768,-0.1353,0.3365,0.9125,-42.0586,11.5078,17.332,bite
290791,-0.1654,0.3855,0.886,-39.1758,14.4414,13.9414,bite
290814,-0.191,0.3997,0.8617,-34.3164,15.8848,11.0098,bite
290837,-0.1974,0.3979,0.8781,-30.9844,15.793,9.8379,bite
290860,-0.1722,0.3387,0.9508,-26.8535,14.1289,9.5937,bite
290883,-0.0656,0.3069,0.8998,-24.9336,12.1914,10.3574,bite
290906,-0.1743,0.3286,0.9246,-23.3203,8.3477,12.4453,bite
290929,-0.17,0.318,0.9293,-22.918,3.7852,15.041,bite
290952,-0.1697,0.3308,0.9457,-23.0742,0.6582,16.7598,bite
290975,-0.2139,0.379,0.874,-23.5723,-3.6562,18.9023,bite
290998,-0.2216,0.3766,0.8763,-23.877,-6.0547,19.8105,bite
291021,-0.1434,0.4127,0.9771,-23.9434,-8.8105,20.0117,bite
291044,-0.0636,0.3607,1.0269,-23.5488,-10.1348,18.3691,bite
291067,-0.0514,0.3127,1.0029,-22.3359,-11.541,16.1406,bite
291090,-0.0959,0.2933,0.9639,-21.0586,-12.5801,11.4102,bite
291113,-0.1775,0.3096,0.9149,-20.7246,-13.293,7.7773,bite
291136,-0.1581,0.2839,0.8811,-21.6504,-14.6992,2.5195,bite
291159,-0.0896,0.2441,0.915,-23.2813,-15.9727,-0.4785,bite
291182,-0.0668,0.2692,1.1104,-26.6836,-18.3613,-4.043,bite
291205,-0.0522,0.2823,1.1458,-30.0449,-21.0195,-6.7461,bite
291228,-0.0366,0.2443,1.0516,-31.8047,-22.8047,-8.2383,bite
291251,-0.0547,0.1995,0.9906,-33.7969,-25.6953,-10.0723,bite
291274,-0.0312,0.1328,0.9139,-34.9395,-27.998,-10.9551,bite
291297,0.0286,0.0946,0.9071,-36.5938,-32.041,-11.7578,bite
291320,0.0291,0.0852,0.9186,-37.7598,-35.9141,-12.2598,bite
291343,0.0966,0.0414,0.8743,-37.7988,-37.6758,-12.6914,bite
291366,0.1021,0.097,0.9304,-36.0957,-38.2637,-13.7031,bite
291389,0.0682,0.1948,1.1112,-33.5605,-37.0195,-14.5176,bite
291412,0.0377,0.2129,1.1678,-27.5078,-32.4824,-15.3594,bite
291435,0.0358,0.1897,1.1218,-22.1777,-24.6543,-14.7793,bite
291458,-0.0402,0.1603,1.0192,-13.3125,-17.8809,-13.1328,bite
291481,-0.1121,0.1575,1.0054,-5.1855,-5.4785,-8.5312,bite
291504,-0.1591,0.2089,1.0804,-1.043,3.8398,-4.2305,bite
291527,-0.1735,0.2572,1.1584,2.502,18.502,3.1562,bite
291550,-0.1526,0.2377,1.1937,2.9199,28.1953,7.9023,bite
291573,-0.1293,0.2065,1.2006,0.5645,41.3828,13.4062,bite
291596,-0.1615,0.1208,1.1698,-5.5293,50.9063,16.082,bite
291619,-0.17,0.0027,1.0836,-11.873,54.0879,16.3535,bite
291642,-0.1346,-0.024,1.0746,-24.8457,53.0488,15.2266,bite
291665,-0.0934,-0.02,1.1754,-35.2324,48.498,13.9414,bite
291688,-0.0573,0.0074,1.1854,-51.2539,37.1035,11.8203,bite
291711,-0.0242,-0.0294,1.0955,-64.0,22.6738,9.9961,bite
291734,-0.0472,-0.0953,1.0186,-64.0,12.7891,9.3184,bite
291757,-0.1246,-0.1006,1.0211,-64.0,-0.6504,9.8945,bite
291780,-0.168,-0.0717,1.1238,-64.0,-7.9121,11.7949,bite
291803,-0.1008,-0.0215,1.0984,-64.0,-15.3398,17.2109,bite
291826,-0.0215,-0.0172,1.0583,-64.0,-18.1348,24.9902,bite
291849,-0.0226,-0.0234,0.9705,-56.0039,-17.5566,30.7422,bite
291872,-0.0736,-0.1381,0.8373,-44.1211,-13.8535,39.1543,bite
291895,-0.0518,-0.1796,0.8453,-37.1113,-10.166,44.1836,bite
291918,-0.0751,-0.1084,0.845,-29.3242,-3.8789,50.3281,bite
291941,-0.1165,-0.1144,0.8469,-26.1484,0.4121,53.2246,bite
291964,-0.0836,-0.1407,0.8064,-24.0762,6.6406,55.4629,bite
291987,-0.0637,-0.0951,0.86,-24.5762,12.2949,55.1152,bite
292010,-0.0825,-0.0621,0.8737,-25.9414,15.5684,53.5879,bite
292033,-0.1344,-0.0457,0.8916,-29.002,19.4629,49.8535,bite
292056,-0.1989,-0.123,0.8589,-31.543,21.2188,46.8164,bite
292079,-0.3856,-0.3245,0.8075,-36.0566,22.3574,42.2051,bite
292102,-0.2024,-0.2982,0.9375,-41.3555,21.4004,38.4883,bite
292125,-0.0591,-0.1414,1.0559,-45.0957,19.4082,36.8984,bite
292148,-0.1624,-0.2329,1.0017,-50.2969,14.2676,35.9102,bite
292171,-0.1986,-0.3409,0.9086,-53.0449,9.6113,36.0605,bite
292194,-0.1416,-0.3265,1.0198,-55.4063,1.582,37.1699,bite
292217,-0.0337,-0.2091,1.1227,-55.3945,-6.4883,38.7285,bite
292240,-0.0641,-0.1763,1.1586,-52.4492,-11.2324,39.666,bite
292263,-0.0653,-0.2439,1.0336,-46.1934,-16.5938,40.7129,bite
292286,-0.1503,-0.2793,0.9546,-40.877,-18.7188,41.2852,bite
292309,-0.1669,-0.2104,1.0375,-32.6953,-19.666,42.4199,bite
292332,-0.155,-0.1346,1.1094,-27.834,-18.957,43.5977,bite
292355,-0.0776,-0.1602,1.0743,-22.2168,-16.4023,45.9355,other
292378,-0.0889,-0.2115,1.0952,-19.1328,-12.8359,48.3223,other
292401,-0.1505,-0.1854,1.1368,-18.6016,-10.291,49.5508,other
292424,-0.1935,-0.2551,1.0215,-20.0664,-6.6113,50.5488,other
292447,-0.218,-0.3318,0.9553,-22.459,-4.3867,50.582,other
292470,-0.093,-0.2545,1.0134,-27.5391,-1.4414,49.4551,other
292493,-0.1804,-0.1768,1.0139,-32.8242,1.1426,46.4238,other
292516,-0.3057,-0.2213,0.9093,-35.4883,2.7402,43.2207,other
292539,-0.2201,-0.254,0.9027,-37.2559,4.9902,36.8652,other
292562,-0.1975,-0.2421,1.0514,-36.6934,6.375,31.752,other
292585,-0.1492,-0.2814,1.0435,-33.1934,8.1797,22.9824,other
292608,-0.0657,-0.3136,1.004,-27.3809,9.4434,13.3633,other
292631,-0.1505,-0.3337,1.0276,-22.3047,9.8926,6.9121,other
292654,-0.1521,-0.3437,1.0139,-14.4844,9.9512,-1.875,other
292677,-0.177,-0.2916,0.9799,-9.1055,9.666,-6.623,other
292700,-0.2412,-0.2429,0.9786,-0.7852,9.1035,-11.6914,other
292723,-0.2433,-0.1975,0.9952,5.0508,8.8555,-13.791,other
292746,-0.1726,-0.1564,1.0048,14.4766,8.6445,-15.6172,other
292769,-0.1669,-0.1437,1.0138,24.7402,8.0781,-16.791,other
292792,-0.1605,-0.1614,1.0098,31.7227,7.3398,-17.541,other
292815,-0.3486,-0.2096,0.9746,41.2324,5.9277,-18.5313,other
292838,-0.1804,-0.1599,1.0146,46.1133,5.1035,-18.9082,other
292861,-0.1938,-0.146,0.9971,50.3105,4.2656,-18.998,other
292884,-0.2003,-0.177,1.0121,50.4492,3.7363,-18.7813,other
292907,-0.2386,-0.1527,1.0187,48.4375,3.4941,-18.5801,other
292930,-0.2279,-0.1516,1.015,42.875,3.4453,-18.2012,other
292953,-0.2159,-0.1674,1.017,37.9434,3.6582,-17.8379,other
292976,-0.212,-0.1542,1.0117,29.543,4.1465,-17.0059,other
292999,-0.2114,-0.1379,1.0165,20.7109,4.5332,-15.7207,other
293022,-0.2229,-0.1053,1.0292,15.2598,4.6504,-14.6016,other
293045,-0.2118,-0.1099,1.01,7.8164,4.5547,-12.6191,other
293068,-0.2133,-0.0997,1.0049,3.6836,4.2715,-11.1895,other
293091,-0.1953,-0.1053,1.0026,-1.0879,3.4805,-9.0469,other
293114,-0.1984,-0.0836,1.0056,-3.3164,2.7031,-7.6914,other
293137,-0.2,-0.087,1.0131,-5.3164,1.2539,-5.834,other
293160,-0.2985,-0.0563,1.084,-5.8867,-0.2344,-4.2207,other
293183,-0.1963,-0.0917,0.9437,-5.6875,-1.0313,-3.3418,other
293206,-0.2906,-0.0508,0.9957,-5.1133,-1.8008,-2.5391,other
293229,-0.2097,-0.1312,0.943,-4.8516,-2.0527,-2.4941,other
293252,-0.2281,-0.212,0.8203,-4.9219,-2.1484,-3.5312,other
293275,-0.3,-0.3038,0.755,-5.4805,-1.9531,-6.4004,other
293298,-0.2969,-0.3304,0.7415,-5.7324,-1.5703,-9.5566,other
293321,-0.2867,-0.2352,0.7751,-4.6133,-0.3223,-16.4473,other
293344,-0.2805,-0.1744,0.7539,-1.8691,1.1465,-22.5684,other
293367,-0.2882,-0.0881,0.6921,6.5977,4.5293,-33.7715,other
293390,-0.2529,0.0292,0.7216,20.6543,9.2422,-46.3047,other
293413,-0.1187,0.1353,0.8074,32.6406,12.8398,-54.498,other
293436,-0.0665,0.2742,0.9321,52.9355,18.0234,-64.0,other
293459,-0.2515,0.1603,0.9052,63.998,20.666,-64.0,other
293482,-0.3123,0.1129,0.8229,63.998,22.4473,-64.0,other
293505,-0.2424,0.1716,0.8839,63.998,21.9023,-64.0,other
293528,-0.2516,0.2565,1.0984,63.998,18.4785,-64.0,other
293551,-0.3192,0.2567,1.1921,63.998,12.3301,-63.8535,other
293574,-0.2762,0.1346,0.9626,63.998,7.0664,-58.5195,other
293597,-0.239,0.0679,0.7946,63.998,-2.0762,-50.8047,other
293620,-0.2506,0.0144,0.7683,63.998,-8.7207,-46.6172,other
293643,-0.1127,0.2318,1.2393,63.998,-19.1445,-42.7891,other
293666,0.0343,0.6653,1.6831,63.998,-29.9941,-42.7637,other
293689,-0.0854,0.6362,1.4343,63.998,-37.1797,-44.9961,other
293712,-0.1633,0.3826,0.981,63.998,-46.748,-50.6543,other
293735,-0.1267,0.2793,0.6948,63.998,-51.6953,-54.5859,other
293758,-0.1224,0.317,0.7601,63.998,-56.5996,-57.9199,other
293781,-0.1239,0.4175,0.8943,63.998,-58.8223,-55.9707,other
293804,-0.0238,0.4679,1.0721,63.998,-59.1914,-51.6152,other
293827,0.1617,0.4437,1.1279,63.998,-58.7949,-41.9355,other
293850,0.0887,0.4814,1.0667,63.543,-58.2656,-34.5977,other
293873,-0.0505,0.505,0.9119,56.6152,-57.1504,-23.9707,other
293896,-0.0865,0.5153,0.7809,52.3574,-55.8496,-14.709,other
293919,0.0092,0.4993,0.7262,46.5273,-52.2031,-10.0586,other
293942,0.0493,0.528,0.8063,41.4688,-45.8125,-4.8437,other
293965,-0.0908,0.6906,0.9659,38.7793,-39.9922,-2.6914,other
293988,-0.1715,0.666,0.9158,35.9922,-29.4609,-0.7246,other
294011,-0.1907,0.5062,0.829,34.5645,-21.8184,0.4199,other
294034,-0.09,0.4515,0.6493,31.5527,-10.5605,2.7207,other
294057,-0.0211,0.4769,0.6429,25.8574,-0.5879,5.5762,other
294080,-0.0698,0.5936,0.817,20.4355,5.0195,7.293,other
294103,-0.0865,0.6282,0.88,11.0859,11.6973,8.8926,other
294126,-0.0698,0.5355,0.7701,4.9785,14.957,9.1504,other
294149,-0.0216,0.4498,0.6344,-2.9453,17.9766,8.5234,other
294172,-0.1534,0.4294,0.4358,-8.8848,18.7324,7.416,other
294195,0.1501,1.0403,0.8259,-11.4297,18.1328,6.9121,other
294218,-0.4088,0.6433,0.7146,-12.1562,15.9199,7.1523,other
294241,-0.1559,0.6627,0.7351,-10.0977,13.6816,8.2637,other
294264,-0.0771,0.6023,0.6158,-3.0684,9.4648,10.998,other
294287,0.1901,0.6433,0.7898,3.8633,6.3887,13.4355,other
294310,-0.1571,0.673,0.8158,16.4805,1.9648,14.043,other
294333,0.0391,0.6116,0.7511,30.2305,-1.9277,13.2402,other
294356,-0.1074,0.696,0.6696,39.1211,-4.373,11.873,other
294379,0.0236,0.6377,0.7738,50.5645,-8.3164,9.1836,other
294402,0.0215,0.6554,0.7057,56.2305,-11.2441,7.25,other
294425,-0.0911,0.741,0.7589,61.0313,-15.5332,4.498,other
294448,-0.085,0.8513,0.8063,60.9395,-18.2715,2.1914,other
294471,-0.175,0.7013,0.6719,57.8281,-18.541,1.0547,other
294494,-0.1499,0.5443,0.4851,47.6387,-16.4297,0.1836,other
294517,-0.1957,0.515,0.5402,36.8418,-13.6484,0.1055,other
294540,-0.0685,0.4751,0.6799,15.6816,-8.2832,0.0684,other
294563,-0.0114,0.4634,0.8356,-7.9668,-2.6484,-1.2754,other
294586,0.0706,0.446,0.8744,-22.7461,0.7109,-3.5977,other
294609,0.0016,0.4556,0.8641,-40.6797,4.6777,-9.3672,other
294632,-0.0763,0.4323,0.7499,-49.123,6.4746,-14.1777,other
294655,-0.1549,0.366,0.6282,-56.8613,7.7871,-21.1543,other
294678,-0.0824,0.3868,0.6229,-59.3574,7.7578,-26.0527,other
294701,0.0907,0.5144,0.9358,-59.8125,6.6699,-27.752,other
294724,0.1178,0.5769,0.9203,-56.2539,5.0312,-28.1641,other
294747,-0.0845,0.5802,0.7833,-51.7031,4.0117,-27.0938,other
294770,-0.2131,0.511,0.3846,-42.6152,2.9922,-23.0742,other
294793,-0.4183,0.7147,0.2598,-35.8965,2.7969,-18.5273,other
294816,-0.0906,1.1683,0.8845,-25.2148,3.5332,-9.4062,other
294839,-0.24,0.7291,0.8097,-12.1953,5.8984,0.3281,other
294862,-0.0735,0.6144,0.6337,-1.2598,8.3555,5.6895,other
294885,-0.3628,0.599,0.5903,18.6836,12.75,10.1855,other
294908,0.0707,0.6282,0.891,33.6172,15.5879,10.2988,other
294931,-0.1082,0.5671,0.7625,56.2031,18.6426,5.9922,other
294954,-0.228,0.7233,0.5729,63.998,19.7188,-2.498,other
294977,-0.1512,0.7583,0.8252,63.998,19.5273,-9.0937,other
295000,-0.0796,0.6868,0.7793,63.998,18.3945,-17.9336,other
295023,-0.0414,0.527,0.6552,63.998,17.3477,-21.8535,other
295046,-0.1329,0.4694,0.6361,63.9121,15.875,-23.2598,other
295069,-0.0895,0.4344,0.6976,45.7793,15.9355,-18.6914,other
295092,-0.0989,0.4343,0.6423,13.3379,16.5996,-12.6973,other
295115,-0.238,0.4761,0.5162,-19.2813,20.9355,-0.6426,other
295138,-0.3113,0.5748,0.4507,-37.8711,25.8262,8.4844,other
295161,-0.29,0.5962,0.3293,-57.3066,35.7363,22.125,other
295184,-0.4707,1.009,0.494,-63.3359,43.3379,30.2305,other
295207,-0.5114,0.9805,0.3219,-61.3398,54.4434,39.498,other
295230,-0.3618,0.8484,0.2314,-47.916,62.3086,43.9688,other
295253,-0.391,0.8285,0.5289,-34.5117,63.998,43.5723,other
295276,0.0536,0.804,0.7198,-10.1523,60.6523,36.9277,other
295299,-0.0651,0.5457,0.811,7.6934,54.2402,28.2285,other
295322,-0.1652,0.6917,0.7589,34.2344,40.0293,10.1582,other
295345,-0.3326,0.7068,0.5894,56.2754,23.1875,-9.9277,other
295368,-0.3783,0.7604,0.6033,63.998,12.1152,-21.8203,other
295391,-0.323,0.7064,0.4897,63.998,-2.5723,-34.2285,other
295414,-0.2406,0.6154,0.4395,63.998,-10.627,-37.9414,other
295437,-0.2354,0.6324,0.4908,46.1895,-20.0352,-36.7832,other
295460,-0.215,0.6724,0.5922,28.1563,-26.7246,-29.3184,other
295483,-0.1947,0.6051,0.5724,-2.6602,-30.0078,-22.1992,other
295506,-0.1088,0.4706,0.5411,-32.377,-34.4004,-10.2656,other
295529,-0.0276,0.4032,0.4976,-49.0605,-37.6328,-2.3477,other
295552,-0.0432,0.441,0.6277,-64.0,-43.873,8.5586,other
295575,0.0535,0.5646,0.8296,-64.0,-49.1758,14.9922,other
295598,0.0509,0.5358,0.9132,-64.0,-58.498,23.4453,other
295621,0.0323,0.479,0.8181,-61.1309,-64.0,30.8145,other
295644,0.0115,0.4116,0.6929,-49.9844,-64.0,35.3672,other
295667,0.0594,0.8492,1.2479,-30.8965,-64.0,41.8438,other
295690,0.1072,0.4363,0.6102,-18.752,-64.0,45.8555,other
295713,-0.1176,0.6504,0.8197,-5.082,-64.0,51.0605,other
295736,0.0109,0.5732,0.7527,0.3535,-64.0,54.5449,other
295759,0.162,0.5494,0.7682,-0.9277,-57.4141,55.2324,other
295782,0.1349,0.5793,0.7661,-8.9531,-38.5801,52.7676,other
295805,0.0552,0.6332,0.7233,-17.0547,-24.5918,48.5938,other
295828,0.0302,0.6116,0.7424,-30.7598,-3.7109,39.2383,other
295851,0.0189,0.5905,0.7644,-39.5273,14.4238,27.9492,other
295874,0.0797,0.5421,0.7803,-50.2031,23.8926,20.4121,other
295897,0.0189,0.5194,0.7844,-56.5215,33.4219,10.3652,other
295920,-0.0282,0.5602,0.8087,-58.0586,36.7402,5.0156,other
295943,0.0078,0.5272,0.8184,-56.7988,37.9121,-0.5117,other
295966,-0.0728,0.5555,0.7864,-54.1563,36.6387,-2.4844,other
295989,-0.0719,0.6672,0.8759,-48.7344,32.2559,-3.1387,other
296012,0.0032,0.6375,0.8978,-43.0547,25.4316,-1.832,other
296035,-0.0057,0.5852,0.921,-39.834,19.8418,-0.5293,other
296058,0.0051,0.474,0.7845,-36.6016,10.5039,1.0137,other
296081,-0.0701,0.38,0.6475,-35.7305,4.123,1.2344,other
296104,-0.015,0.3219,0.6277,-36.0508,-4.6758,-0.3242,other
296127,0.058,0.3224,0.7653,-36.6426,-11.3965,-4.6973,other
296150,0.1125,0.3639,0.967,-35.6914,-14.2305,-9.293,other
296173,0.0741,0.3247,0.8025,-30.1309,-15.6094,-18.2422,other
296196,-0.1077,0.3508,0.7102,-23.1973,-14.6094,-24.8262,other
296219,-0.0989,0.3521,0.7117,-8.5547,-10.5176,-33.8477,other
296242,0.0779,0.6898,1.5222,9.7578,-3.8203,-40.1113,other
296265,0.0194,0.233,0.6991,22.0859,1.7383,-42.2031,other
296288,-0.077,0.4662,0.9175,38.2617,11.2578,-41.7969,other
296311,-0.0828,0.4503,0.8138,45.2773,18.3613,-39.1426,other
296334,-0.2549,0.6499,0.7527,47.9609,30.1543,-31.9707,other
296357,-0.0796,0.5184,0.7839,44.2461,38.5898,-25.5527,other
296380,-0.1301,0.4922,0.8147,31.6582,51.1602,-14.6543,other
296403,-0.0801,0.4792,0.8381,13.6855,61.8887,-3.6484,other
296426,-0.1919,0.4514,0.7971,0.6562,63.998,3.168,other
296449,-0.3773,0.5032,0.7369,-17.9023,63.998,12.4316,other
296472,-0.3135,0.5239,0.7988,-28.5664,63.998,18.0938,other
296495,-0.1639,0.499,0.8339,-40.9063,63.998,25.7344,other
296518,-0.1477,0.4636,0.842,-48.2305,53.7656,31.627,other
296541,-0.2112,0.4666,0.8054,-50.2637,44.7344,34.123,other
296564,-0.2144,0.4592,0.8109,-49.3926,30.0762,35.3613,other
296587,-0.1261,0.412,0.8903,-46.625,20.5234,34.5293,other
296610,-0.0659,0.3993,0.8744,-40.2012,7.6875,31.1465,other
296633,-0.1262,0.4448,0.8303,-32.0684,-2.5879,26.0156,other
296656,-0.214,0.4381,0.8409,-27.2227,-7.832,22.2539,other
296679,-0.2126,0.4304,0.849,-20.3262,-13.4414,17.1211,other
296702,-0.1208,0.4086,0.8641,-16.7012,-15.998,14.459,other
296725,-0.0983,0.3765,0.9371,-13.0312,-18.6641,11.791,other
296748,-0.0778,0.322,0.9034,-11.7734,-19.8887,10.7695,other
296771,-0.1012,0.3644,0.9022,-11.5566,-21.0918,10.002,other
296794,-0.076,0.3938,0.9399,-13.2344,-21.7344,9.7793,other
296817,-0.099,0.4109,0.9662,-15.3301,-21.9785,9.8301,other
296840,-0.0837,0.3944,1.036,-19.6816,-22.1758,10.1016,other
296863,-0.1417,0.5537,0.9618,-23.1563,-22.1133,10.2754,other
296886,-0.1313,0.6407,0.9675,-28.8965,-21.3809,10.0273,other
296909,-0.1509,0.4731,0.809,-35.2344,-19.7539,8.5566,other
296932,-0.0397,0.376,0.7482,-39.8574,-18.4355,6.7266,other
296955,0.0264,0.2808,0.7025,-46.9688,-16.6621,2.6035,other
296978,-0.02,0.3015,0.8459,-51.043,-15.7559,-1.0527,other
297001,0.0244,0.3148,0.9917,-54.0137,-14.6348,-7.6113,other
297024,0.072,0.2384,0.934,-50.8574,-13.5215,-14.6348,other
297047,0.0486,0.1111,0.7063,-44.8555,-12.873,-18.8496,other
297070,-0.0305,0.1147,0.6721,-30.7207,-12.4902,-23.0723,other
297093,-0.0084,0.2692,0.9585,-18.5469,-12.7715,-23.8047,other
297116,0.0459,0.3364,1.2203,2.9043,-13.8379,-21.3457,other
297139,0.0474,0.2498,1.0264,18.6191,-14.6895,-17.5273,other
297162,-0.0771,0.252,0.8154,41.9297,-15.6055,-9.2051,other
297185,-0.1501,0.3297,0.8345,61.1484,-15.2871,1.2461,other
297208,-0.1864,0.6163,1.3206,63.998,-13.9629,8.6758,other
297231,0.1063,0.2988,0.7821,63.998,-10.082,19.0703,other
297254,0.0015,0.4856,0.9476,63.998,-6.3906,24.6172,other
297277,0.0443,0.4989,0.89,63.998,0.3652,29.8496,other
297300,-0.0634,0.569,0.8248,45.6875,7.8359,31.2891,other
297323,-0.001,0.6067,0.788,30.1953,12.666,30.5859,other
297346,0.0073,0.5581,0.8378,4.7012,18.6875,28.0508,bite
297369,0.033,0.6591,1.0524,-12.1055,21.3711,25.8828,bite
297392,-0.1688,0.8427,1.1464,-34.3613,22.9141,22.4629,bite
297415,-0.1176,0.5785,0.7098,-51.6602,21.2695,19.2969,bite
297438,-0.0101,0.4846,0.6493,-60.7051,18.3789,17.4277,bite
297461,0.0065,0.4233,0.6805,-64.0,11.6953,14.5742,bite
297484,-0.035,0.4479,0.8162,-64.0,6.1797,12.1836,bite
297507,0.0444,0.4427,1.0217,-64.0,-2.4199,7.084,bite
297530,0.0803,0.3062,0.8868,-64.0,-7.6211,-0.1055,bite
297553,0.0426,0.203,0.7435,-64.0,-13.7031,-6.4258,bite
297576,-0.0277,0.103,0.677,-49.3809,-17.2305,-16.3281,bite
297599,-0.0167,0.1376,0.7542,-37.1836,-18.1191,-22.7793,bite
297622,-0.0685,0.173,1.1138,-17.125,-17.2129,-31.5,bite
297645,0.0427,0.1815,1.0796,-2.8145,-15.1934,-36.5098,bite
297668,0.0134,0.1721,0.8833,19.3242,-10.7422,-42.6055,bite
297691,-0.0818,0.2031,0.7742,40.2891,-5.9766,-46.4375,bite
297714,-0.0602,0.2908,0.8275,52.4121,-3.3457,-47.3281,bite
297737,-0.0624,0.3978,0.9304,63.998,-0.918,-45.8633,bite
297760,-0.0254,0.4713,1.0408,63.998,-0.4551,-43.1484,bite
297783,-0.0566,0.6644,1.337,63.998,-1.2559,-37.1563,bite
297806,0.0953,0.4855,0.7762,63.998,-3.0625,-29.9102,bite
297829,-0.1083,0.5592,0.692,63.998,-4.3027,-24.8867,bite
297852,-0.0813,0.5812,0.7711,63.998,-5.3437,-17.5176,bite
297875,-0.0785,0.4597,0.8196,63.998,-5.1738,-12.8906,bite
297898,0.0538,0.317,0.8081,63.998,-3.666,-6.6367,bite
297921,-0.0011,0.4106,0.9127,56.5742,-2.1074,-1.4746,bite
297944,0.1115,0.433,0.8715,38.2949,0.3984,2.0957,bite
297967,-0.2446,0.5673,0.8566,18.4863,2.3516,7.5859,bite
297990,0.2991,0.4948,0.8613,5.0527,3.1602,11.9434,bite
298013,-0.0032,0.5045,0.8672,-14.209,3.7266,19.5508,bite
298036,-0.0288,0.4984,0.8014,-25.6191,3.8457,25.2129,bite
298059,-0.0475,0.5026,0.8097,-39.3223,3.9336,34.3105,bite
298082,-0.0061,0.5793,0.838,-48.0645,3.9492,43.4258,bite
298105,0.009,0.5752,0.8314,-51.084,3.7598,48.916,bite
298128,0.0376,0.8088,1.1082,-51.9297,2.9805,55.0918,bite
298151,0.0929,0.812,1.1772,-50.6094,2.1758,57.1211,bite
298174,0.0642,0.6088,0.9113,-47.6426,0.5273,56.248,bite
298197,0.037,0.4938,0.9098,-46.6328,-1.8594,50.8008,bite
298220,0.0549,0.3759,0.9175,-48.5313,-3.8887,45.125,bite
298243,0.049,0.2789,0.9246,-56.1563,-7.3184,34.5645,bite
298266,0.1123,0.198,0.8899,-64.0,-9.5469,26.7598,bite
298289,0.1752,0.0684,0.7872,-64.0,-12.2129,14.9004,bite
298312,0.1368,-0.0273,0.8146,-64.0,-13.3926,4.2031,bite
298335,0.0806,-0.03,0.9243,-64.0,-14.3047,-1.4141,bite
298358,0.0269,-0.0126,1.1438,-64.0,-14.2461,-6.3828,bite
298381,0.0719,0.009,1.2474,-64.0,-13.5742,-7.0625,bite
298404,0.1632,-0.0149,1.1683,-64.0,-11.5117,-4.4961,bite
298427,0.145,-0.103,1.0197,-64.0,-9.4492,-1.0762,bite
298450,0.0205,-0.124,1.0292,-64.0,-5.3906,5.2539,bite
298473,-0.0072,-0.1753,1.1189,-64.0,-0.3691,11.6973,bite
298496,0.0988,-0.1606,1.2859,-64.0,3.2109,15.457,bite
298519,0.0885,-0.1613,1.3739,-64.0,8.1895,19.5449,bite
298542,0.0359,-0.2886,1.1038,-64.0,10.832,21.0254,bite
298565,0.0177,-0.3746,0.9604,-64.0,13.2305,21.5957,bite
298588,-0.0365,-0.359,1.0784,-64.0,13.4551,20.9141,bite
298611,0.1199,-0.2849,1.2476,-64.0,12.5098,20.1074,bite
298634,0.3,-0.2925,1.1454,-64.0,9.8848,18.457,bite
298657,0.1456,-0.3517,0.8311,-64.0,7.5684,17.0918,bite
298680,-0.1436,-0.389,0.9578,-64.0,3.5742,15.3984,bite
298703,0.0338,-0.2499,1.1427,-61.5605,-0.1016,15.5352,bite
298726,0.2455,-0.1465,1.0757,-47.916,-2.3281,16.8574,bite
298749,0.1328,-0.2231,0.8793,-32.668,-3.7383,19.8984,bite
298772,0.0369,-0.2689,0.8347,-22.3262,-3.4004,22.1973,bite
298795,0.035,-0.2274,0.8634,-8.0762,-0.9629,25.7773,bite
298818,-0.0164,-0.1682,0.8375,-0.1094,1.8691,28.1465,bite
298841,-0.0808,-0.1949,0.7457,8.8848,7.7812,31.3008,bite
298864,0.0406,-0.2092,0.8837,13.9746,15.373,33.3359,bite
298887,0.098,-0.1865,0.8556,15.2422,20.9941,33.666,bite
298910,-0.4149,-0.3563,0.6704,14.3086,29.3867,32.3125,bite
298933,-0.2037,-0.3745,1.0042,12.0645,34.416,30.4668,bite
298956,0.2368,-0.0638,1.1448,7.0,40.0469,27.1152,bite
298979,-0.1735,-0.2336,0.9885,0.8164,42.0215,23.5957,bite
299002,-0.2789,-0.3936,0.8441,-3.8086,41.0117,21.5586,bite
299025,-0.0564,-0.3514,1.0037,-11.6074,36.3398,19.6055,bite
299048,-0.069,-0.3151,1.0569,-17.1074,31.5039,19.043,bite
299071,-0.1199,-0.236,1.1543,-24.6523,22.627,18.8887,bite
299094,-0.0787,-0.3367,1.0576,-28.4941,13.3262,19.1797,bite
299117,-0.125,-0.399,0.9485,-31.8906,7.4531,19.5586,bite
299140,-0.1189,-0.3595,0.9788,-32.6309,0.3027,20.498,bite
299163,-0.1379,-0.2949,1.0059,-31.8555,-3.1543,21.4434,bite
299186,-0.1584,-0.2953,1.0031,-29.0449,-6.2227,23.3672,bite
299209,-0.0875,-0.2949,0.9957,-26.2695,-6.9414,24.9336,bite
299232,-0.15,-0.2982,0.9949,-21.248,-6.4355,27.4922,bite
299255,-0.1538,-0.2534,1.062,-15.9414,-4.7246,30.0664,bite
299278,-0.124,-0.2699,1.0408,-12.6562,-3.3359,31.6875,bite
299301,-0.1263,-0.2809,1.0262,-8.6797,-1.4434,33.8047,bite
299324,-0.1699,-0.2606,1.051,-6.9473,-0.5488,34.9375,bite
299347,-0.1387,-0.2596,1.0785,-5.9941,0.0742,36.1777,other
299370,-0.1208,-0.2614,1.0956,-7.0117,-0.0762,36.7949,other
299393,-0.1558,-0.3705,0.9077,-8.666,-0.418,36.7461,other
299416,-0.182,-0.3529,0.9844,-12.2305,-0.9707,35.7988,other
299439,-0.1323,-0.2626,1.1064,-14.8594,-1.2363,34.4961,other
299462,-0.1561,-0.2609,1.076,-18.0938,-1.3086,31.3789,other
299485,-0.1743,-0.2682,1.0557,-19.3418,-0.8809,26.8711,other
299508,-0.1471,-0.2441,1.0814,-19.7285,-0.2715,23.2148,other
299531,-0.1536,-0.2622,1.0518,-18.7031,1.2246,16.9785,other
299554,-0.0835,-0.3334,0.8584,-17.5234,2.6816,12.4414,other
299577,-0.1412,-0.3837,0.9572,-15.2207,5.5176,5.291,other
299600,-0.3129,-0.3151,1.064,-13.0332,7.5176,0.5879,other
299623,-0.2292,-0.2502,1.0618,-7.7051,9.9727,-5.8867,other
299646,-0.0144,-0.2527,0.9489,1.0488,10.4316,-11.6211,other
299669,-0.136,-0.2703,1.0209,8.7656,8.7539,-15.127,other
299692,-0.0624,-0.2853,0.9817,22.1699,2.9414,-20.0938,other
299715,-0.1655,-0.1987,1.021,31.4238,-2.5469,-23.2793,other
299738,-0.0841,-0.1582,0.969,44.0898,-11.4121,-27.7676,other
299761,-0.1483,-0.1678,1.0015,53.5391,-18.8711,-31.4922,other
299784,-0.1647,-0.1718,0.976,57.3672,-22.1113,-33.2891,other
299807,-0.152,-0.1663,1.0011,58.9395,-23.6387,-34.6406,other
299830,-0.1344,-0.1804,0.9944,57.2207,-22.459,-34.502,other
299853,-0.1519,-0.2235,1.0131,50.9336,-18.1016,-32.584,other
299876,-0.147,-0.2172,1.0209,44.7305,-11.8242,-28.666,other
299899,-0.1388,-0.1727,1.0282,33.3906,-7.2266,-25.1055,other
299922,-0.1328,-0.1406,1.0275,20.9121,-0.6094,-18.748,other
299945,-0.1344,-0.1631,1.0273,12.6816,3.168,-14.125,other
299968,-0.134,-0.1143,1.0184,1.4551,7.3359,-7.166,other
299991,-0.0928,-0.1031,0.9983,-4.8125,8.9785,-2.8242,other
300014,-0.1526,-0.1018,1.0814,-11.8281,9.9082,2.7793,other
300037,-0.1758,-0.0128,1.244,-15.6719,10.0879,6.8594,other
300060,-0.1671,-0.3602,0.699,-16.9727,11.0215,8.3848,other
300083,-0.2941,-0.215,1.0219,-18.9648,15.3437,8.3418,other
300106,-0.2522,-0.1422,0.9689,-20.7539,20.0762,6.7812,other
300129,-0.2582,-0.174,0.8723,-23.2656,28.3262,2.5605,other
300152,-0.3391,-0.0206,1.1481,-23.7773,35.7129,-3.4043,other
300175,-0.3282,-0.0061,1.2566,-21.9844,39.2539,-8.1348,other
300198,-0.3025,-0.1321,1.1879,-15.625,41.8281,-16.3066,other
300221,-0.1915,-0.3356,1.1349,-9.6699,41.8145,-22.668,other
300244,-0.1097,-0.4017,1.1426,-0.498,40.2754,-34.2578,other
300267,-0.2726,-0.3048,1.3049,6.4492,39.1191,-48.793,other
300290,-0.3994,-0.3608,1.0355,8.4121,39.9746,-59.9336,other
300313,-0.3073,-0.4873,0.6703,6.4902,45.3516,-64.0,other
300336,-0.2689,-0.5493,0.6152,1.377,51.9844,-64.0,other
300359,-0.4607,-0.4993,0.6737,-10.9492,63.998,-64.0,other
300382,-0.5787,-0.4805,0.7529,-20.5664,63.998,-64.0,other
300405,-0.4998,-0.5922,0.6708,-33.5352,63.998,-64.0,other
300428,-0.5345,-0.563,0.6598,-41.5273,63.998,-64.0,other
300451,-0.6024,-0.535,0.7349,-43.2676,63.998,-64.0,other
300474,-0.519,-0.6937,0.5468,-40.6523,63.998,-64.0,other
300497,-0.5317,-0.7238,0.6051,-35.9531,63.998,-64.0,other
300520,-0.5834,-0.6425,0.6901,-25.3555,63.998,-64.0,other
300543,-0.6093,-0.6176,0.6163,-11.2402,63.998,-64.0,other
300566,-0.6329,-0.6193,0.5563,-0.3496,63.998,-64.0,other
300589,-0.6232,-0.6243,0.4902,17.1543,63.998,-64.0,other
300612,-0.6613,-0.5768,0.4641,28.8457,63.998,-59.4551,other
300635,-0.7354,-0.548,0.4521,45.082,63.998,-45.748,other
300658,-0.7515,-0.5356,0.5026,58.4609,63.998,-33.1191,other
300681,-0.7665,-0.4772,0.5248,63.998,63.998,-25.3047,other
300704,-0.8046,-0.4242,0.5039,63.998,63.998,-14.582,other
300727,-0.8328,-0.3993,0.451,63.998,63.998,-8.1973,other
300750,-0.8599,-0.3809,0.4276,63.998,63.5781,0.0078,other
300773,-0.8375,-0.3324,0.5009,63.998,57.8164,4.3965,other
300796,-0.832,-0.3384,0.5056,63.998,48.9414,9.0742,other
300819,-0.776,-0.3427,0.411,63.998,40.5371,11.3125,other
300842,-0.7623,-0.2888,0.3407,63.3574,35.5039,11.5234,other
300865,-0.7545,-0.2444,0.2867,61.0879,29.1309,10.2793,other
300888,-0.7299,-0.21,0.3531,60.4746,25.7832,8.6816,other
300911,-0.7169,-0.2023,0.4341,61.2344,22.0625,5.5645,other
300934,-0.7234,-0.2496,0.3934,63.998,19.5371,1.9941,other
300957,-0.6895,-0.2582,0.407,63.998,18.166,-0.4043,other
300980,-0.6866,-0.2168,0.5291,63.998,15.6367,-3.5605,other
301003,-0.681,-0.2366,0.5845,63.998,12.8437,-4.9941,other
301026,-0.6342,-0.2643,0.6598,63.998,5.6113,-5.4746,other
301049,-0.6456,-0.2247,0.6644,63.998,-6.2148,-3.4531,other
301072,-0.6554,-0.2133,0.7036,63.998,-16.4512,-0.6875,other
301095,-0.5997,-0.2196,0.7822,60.8438,-33.8086,5.1094,other
301118,-0.6343,-0.1575,0.9556,54.7637,-45.3984,9.5137,other
301141,-0.756,-0.1001,1.1072,47.2637,-60.3066,15.8594,other
301164,-0.8234,-0.1364,1.1178,44.334,-64.0,21.0059,other
301187,-0.8668,-0.1083,1.2533,43.2813,-64.0,23.9707,other
301210,-0.7273,0.0088,1.311,44.875,-64.0,27.6094,other
301233,-0.5771,-0.0353,0.9559,46.2363,-64.0,29.8125,other
301256,-0.5487,-0.025,0.7876,46.8164,-64.0,32.8848,other
301279,-0.5837,-0.0063,0.8273,45.4746,-60.4238,34.7246,other
301302,-0.6123,0.0234,0.8372,40.832,-52.8184,37.0,other
301325,-0.6176,0.0737,0.8953,34.3281,-43.8027,38.4102,other
301348,-0.6674,0.1132,0.9043,29.9102,-37.1133,38.707,other
301371,-0.6667,0.0944,0.8788,24.168,-26.6426,38.0703,other
301394,-0.6223,0.1028,0.9011,20.998,-19.9746,36.9863,other
301417,-0.6235,0.0645,0.8856,16.5508,-11.752,34.6191,other
301440,-0.5713,0.0295,0.891,11.1582,-7.084,31.7461,other
301463,-0.5107,-0.0269,0.8571,6.3945,-6.4297,29.7441,other
301486,-0.4896,-0.0231,0.8881,-2.916,-9.1895,26.8418,other
301509,-0.5083,-0.0209,0.9313,-10.3652,-13.1445,25.125,other
301532,-0.4867,-0.0299,0.8971,-22.332,-21.0176,23.1094,other
301555,-0.4866,-0.0184,0.9088,-30.002,-26.6719,21.7227,other
301578,-0.4921,-0.0216,0.9501,-39.5234,-34.2324,21.5527,other
301601,-0.4781,0.0107,0.9949,-45.041,-39.1406,21.4023,other
301624,-0.4817,-0.0005,0.9752,-45.9023,-40.375,21.3379,other
301647,-0.4784,-0.0062,0.9563,-42.9629,-38.9531,20.9141,other
301670,-0.4761,-0.0106,0.9215,-38.6777,-36.0332,20.2617,other
301693,-0.4982,-0.0179,0.9061,-30.1289,-29.4707,18.6133,other
301716,-0.4935,0.0054,0.9271,-20.6992,-21.4238,16.1953,other
301739,-0.4888,0.0135,0.8988,-14.6523,-15.834,14.2246,other
301762,-0.5096,-0.0005,0.8729,-6.7305,-7.9121,10.9023,other
301785,-0.4763,-0.0175,0.8799,-2.5508,-3.3281,8.584,other
301808,-0.4625,-0.026,0.8781,1.7344,1.9961,5.1934,other
301831,-0.469,-0.0341,0.8955,3.6621,5.1504,2.1504,other
301854,-0.4694,-0.0232,0.9038,3.8633,6.0625,0.4297,other
301877,-0.4711,-0.0269,0.9016,3.0879,5.9434,-1.5371,other
301900,-0.4641,-0.0128,0.9015,2.1895,5.1309,-2.3828,other
301923,-0.475,-0.0159,0.9246,0.7617,3.3027,-2.9355,other
301946,-0.4559,-0.0011,0.9148,-0.0293,1.9434,-2.7344,other
301969,-0.4856,0.015,0.9388,-0.7637,0.0566,-2.2871,other
301992,-0.4861,0.0072,0.9294,-0.9258,-1.373,-1.3164,other
302015,-0.4719,0.0109,0.9192,-0.8027,-2.0098,-0.5664,other
302038,-0.4813,0.0149,0.9137,-0.4863,-2.5078,0.5586,other
302061,-0.4884,0.0059,0.9088,-0.3047,-2.5723,1.2324,other
302084,-0.4734,-0.0056,0.9135,-0.2246,-2.3633,2.0547,other
302107,-0.4651,0.0009,0.9275,-0.4668,-1.9395,2.5879,other
302130,-0.4735,0.009,0.9365,-0.8066,-1.6328,2.7676,other
302153,-0.4965,0.0082,0.9211,-1.584,-1.2578,2.8066,other
302176,-0.474,-0.0129,0.9026,-2.3242,-1.1406,2.7344,other
302199,-0.4333,-0.0198,0.8933,-3.8945,-1.2715,2.5605,other
302222,-0.4528,-0.0188,0.8872,-6.0176,-1.8047,2.3281,other
302245,-0.4653,-0.0087,0.8938,-7.6113,-2.3223,2.1582,other
302268,-0.4705,-0.0082,0.8859,-9.9043,-3.1562,1.9395,other
302291,-0.4663,-0.0142,0.8925,-11.1426,-3.6445,1.8555,other
302314,-0.4536,-0.0288,0.8894,-12.2695,-4.1543,1.8555,other
302337,-0.4508,-0.0146,0.9299,-12.4414,-4.3184,1.9961,other
302360,-0.4603,-0.0016,0.9365,-11.7715,-4.3066,2.1504,other
302383,-0.4681,-0.0121,0.9224,-10.1016,-4.0527,2.4512,other
302406,-0.4513,-0.0109,0.9269,-8.6211,-3.8125,2.6895,other
302429,-0.4374,-0.0109,0.9009,-6.2539,-3.4609,3.0801,other
302452,-0.4706,-0.0126,0.8822,-4.7969,-3.2852,3.3535,other
302475,-0.469,0.0155,0.9054,-3.002,-3.1387,3.7637,other
302498,-0.4568,0.0061,0.8818,-1.6602,-3.0879,4.1172,other
302521,-0.4548,0.0143,0.9008,-0.9512,-3.084,4.2793,other
302544,-0.4678,0.0229,0.9279,-0.0449,-3.1016,4.3574,other
302567,-0.4446,0.017,0.9304,0.5117,-3.1504,4.2949,other
302590,-0.4288,0.0128,0.922,1.2656,-3.3398,4.0547,other
302613,-0.433,0.0143,0.9155,1.7969,-3.707,3.6973,other
302636,-0.4417,0.0199,0.9209,1.9766,-4.0195,3.4492,other
302659,-0.4299,0.0211,0.9105,2.0176,-4.4863,3.1582,other
302682,-0.438,0.0426,0.9373,1.9512,-4.7305,3.0469,other
302705,-0.4542,0.0466,0.9399,1.832,-4.9336,3.0078,other
302728,-0.4473,0.0316,0.8992,1.7598,-4.9648,3.0996,other
302751,-0.4285,0.0259,0.8969,1.5684,-4.9473,3.2109,other
302774,-0.4332,0.0408,0.9177,1.1797,-4.9727,3.3887,other
302797,-0.4308,0.0424,0.9288,0.8594,-5.0684,3.4883,other
302820,-0.431,0.03,0.941,0.4258,-5.3867,3.582,other
302843,-0.431,0.0203,0.932,0.2168,-5.7383,3.5996,other
302866,-0.4312,0.0426,0.9514,0.0293,-6.4297,3.5508,other
302889,-0.4309,0.0518,0.9414,-0.0215,-7.1543,3.4355,other
302912,-0.4304,0.0381,0.9238,-0.0078,-7.5508,3.3379,other
302935,-0.4312,0.061,0.9523,0.0137,-7.8965,3.1953,other
302958,-0.4312,0.0664,0.9551,0.0059,-7.9199,3.125,other
302981,-0.4309,0.0543,0.9469,-0.0586,-7.6426,3.0879,other
303004,-0.431,0.0518,0.9451,-0.2441,-7.0371,3.123,other
303027,-0.431,0.0525,0.9208,-0.4785,-6.498,3.1465,other
303050,-0.4312,0.0591,0.9203,-1.0137,-5.5566,3.1387,other
303073,-0.4309,0.0619,0.9226,-1.459,-4.8711,3.0879,other
303096,-0.431,0.063,0.9285,-2.1465,-3.7988,2.9238,other
303119,-0.431,0.056,0.9208,-2.5469,-2.7227,2.6465,other
303142,-0.431,0.0529,0.9409,-2.9746,-2.0332,2.4043,other
303165,-0.428,0.057,0.952,-3.1465,-1.1055,1.9648,other
303188,-0.4303,0.0458,0.9409,-3.1094,-0.5977,1.6348,other
303211,-0.4287,0.0546,0.938,-2.9043,-0.0684,1.1289,other
303234,-0.4313,0.052,0.9225,-2.7383,0.1113,0.8262,other
303257,-0.431,0.0497,0.9182,-2.584,0.1289,0.4805,other
303280,-0.4304,0.063,0.9371,-2.6348,-0.0742,0.3066,other
303303,-0.4312,0.0609,0.9207,-2.7949,-0.2637,0.2812,other
303326,-0.431,0.0593,0.9258,-3.1973,-0.5312,0.3652,other
303349,-0.4329,0.0946,0.9368,-3.5508,-0.6445,0.4824,other
303372,-0.4586,0.0782,0.9196,-4.1641,-0.5488,0.6602,other
303395,-0.3773,-0.0956,0.8328,-4.918,0.4023,0.6191,other
303418,-0.5347,-0.0093,0.7964,-5.4687,1.9414,0.2773,other
303441,-0.6451,-0.0607,0.7865,-5.8184,5.9043,-0.8789,other
303464,-0.5864,0.0842,0.8973,-5.0762,9.2422,-2.0918,other
303487,-0.4347,0.2151,1.1025,-1.0898,13.5723,-4.8516,other
303510,-0.2944,0.2318,1.1294,4.0156,14.5547,-9.6074,other
303533,-0.2455,0.1339,0.869,14.4824,12.8398,-14.4375,other
303556,-0.3047,0.1017,0.912,24.9453,7.9687,-23.9883,other
303579,-0.5243,0.1233,0.9374,29.9629,4.0645,-30.7168,other
303602,-0.7393,0.0743,1.0846,32.8535,-1.5215,-38.2227,other
303625,-0.6901,0.1088,1.1609,31.4609,-4.4863,-39.9766,other
303648,-0.4452,0.1742,1.1436,24.7891,-7.9648,-37.1738,other
303671,-0.1925,0.1268,1.0531,13.4355,-11.8828,-30.4238,other
303694,-0.2091,-0.02,0.7623,3.7578,-15.2832,-26.1387,other
303717,-0.3018,-0.0675,0.7142,-12.9492,-21.1367,-23.1172,other
303740,-0.4012,-0.089,0.7804,-24.5547,-24.7832,-24.1563,other
303763,-0.4379,-0.1915,0.8734,-40.084,-28.3418,-29.9395,other
303786,-0.4637,-0.1687,0.9585,-50.0508,-28.4902,-39.1914,other
303809,-0.4919,-0.0627,0.9143,-52.4023,-26.4316,-46.4922,other
303832,-0.4763,0.005,0.9172,-49.4766,-19.8809,-58.6699,other
303855,-0.4196,-0.041,0.962,-44.0156,-13.123,-64.0,other
303878,-0.4395,-0.1395,0.9645,-32.4785,0.0664,-64.0,other
303901,-0.6284,-0.166,0.9452,-19.8359,15.3281,-64.0,other
303924,-0.7351,-0.2483,0.9128,-11.957,25.8477,-64.0,other
303947,-0.7411,-0.3003,0.8832,-4.0762,41.0586,-64.0,other
303970,-0.6453,-0.3051,0.7883,-2.0039,50.0371,-64.0,other
303993,-0.5454,-0.3627,0.6996,-4.2246,60.6523,-64.0,other
304016,-0.4667,-0.4236,0.6996,-9.1504,63.998,-64.0,other
304039,-0.4999,-0.4344,0.7159,-20.5859,63.998,-64.0,other
304062,-0.5414,-0.4851,0.7598,-34.209,63.998,-64.0,other
304085,-0.4966,-0.5419,0.657,-42.8164,63.998,-64.0,other
304108,-0.4944,-0.554,0.5717,-53.1055,63.998,-64.0,other
304131,-0.5486,-0.556,0.6444,-57.5508,63.998,-64.0,other
304154,-0.4767,-0.6461,0.6506,-60.084,63.8613,-64.0,other
304177,-0.4261,-0.7454,0.5656,-57.8887,56.7637,-64.0,other
304200,-0.4592,-0.6902,0.6531,-54.3555,52.6641,-64.0,other
304223,-0.5034,-0.7021,0.6144,-47.0137,49.1172,-64.0,other
304246,-0.5247,-0.6876,0.5812,-41.1953,48.5176,-64.0,other
304269,-0.5474,-0.6393,0.6812,-31.5254,48.6973,-64.0,other
304292,-0.5719,-0.5811,0.6583,-21.2051,48.5977,-64.0,other
304315,-0.6669,-0.6844,0.4928,-14.627,48.3359,-60.623,other
304338,-0.6958,-0.6866,0.4302,-6.1387,48.875,-43.9277,other
304361,-0.694,-0.6697,0.5153,-2.041,50.627,-33.1387,other
304384,-0.7343,-0.6426,0.5665,1.7559,55.3262,-18.8418,other
304407,-0.5928,-0.5714,0.5868,3.3008,58.6563,-11.0312,other
304430,-0.5637,-0.5497,0.577,5.4453,61.0605,-2.1113,other
304453,-0.5858,-0.4995,0.4484,8.4707,57.9902,4.0137,other
304476,-0.6095,-0.4028,0.3954,11.3164,52.4629,7.3789,other
304499,-0.6677,-0.3606,0.463,17.2695,39.7559,13.1406,other
304522,-0.7673,-0.2687,0.5835,22.6406,29.7422,18.4238,other
304545,-0.8171,-0.3132,0.6514,33.1699,15.8145,29.5098,other
304568,-0.663,-0.3508,0.6564,46.4434,6.3398,44.0,other
304591,-0.5645,-0.2926,0.6292,56.2695,2.8008,54.5273,other
304614,-0.5768,-0.3246,0.5537,63.998,0.0234,63.998,other
304637,-0.7758,-0.1035,0.4592,63.998,-0.9277,63.998,other
304660,-1.1229,-0.1775,0.5298,63.998,-0.3984,63.998,other
304683,-1.2158,-0.3052,0.8599,63.998,4.5625,63.998,other
304706,-0.9436,-0.0903,1.0831,63.998,10.3496,63.998,other
304729,-0.9684,-0.2451,0.7238,63.998,20.0859,63.998,other
304752,-1.0215,-0.2443,0.5952,63.998,25.2227,63.998,other
304775,-0.8215,-0.1482,0.561,63.998,28.2207,63.998,other
304798,-0.839,-0.1359,0.6034,63.998,26.5254,63.998,other
304821,-0.8696,-0.1241,0.9139,63.998,19.9551,63.998,other
304844,-0.7992,-0.1138,0.9418,61.2383,12.3125,45.123,other
304867,-0.8234,-0.1871,0.8157,54.0957,8.0879,32.0566,other
304890,-0.9611,-0.1572,0.6256,44.916,3.3652,15.8594,other
304913,-0.9181,-0.0585,0.5808,39.1445,0.5508,8.1973,other
304936,-0.6781,-0.0043,0.5439,29.9082,-5.293,1.5723,other
304959,-0.5166,-0.1179,0.4932,19.7148,-15.5137,-0.5059,other
304982,-0.4788,-0.0629,0.5023,12.959,-25.4316,-0.248,other
305005,-0.6595,0.0153,0.939,4.9316,-44.2285,1.7715,other
305028,-0.705,0.1125,1.1227,2.5449,-57.8555,3.9648,other
305051,-0.6241,0.1101,0.8512,5.1191,-64.0,8.1348,other
305074,-0.6324,0.2281,0.7262,13.9727,-64.0,12.5586,other
305097,-0.597,0.1969,0.6847,21.4727,-64.0,15.0547,other
305120,-0.6846,0.2125,1.1483,31.9883,-64.0,17.2148,other
305143,-0.4115,0.1536,0.8627,37.2129,-64.0,17.1563,other
305166,-0.4915,0.1254,0.8456,41.0586,-64.0,14.375,other
305189,-0.5369,0.1536,0.7941,40.6523,-64.0,8.7793,other
305212,-0.5831,0.0961,0.7323,35.6719,-64.0,3.498,other
305235,-0.6847,0.145,0.7119,26.0234,-38.5547,-4.541,other
305258,-0.8141,-0.0038,0.7235,17.5,-16.3145,-9.541,other
305281,-0.781,0.0157,0.735,2.8359,19.3555,-16.0195,other
305304,-0.7161,0.1851,0.6744,-7.1074,41.5703,-19.75,other
305327,-0.5715,-0.0979,0.7867,-20.1582,63.998,-24.873,other
305350,-0.3632,-0.0714,0.7639,-29.1777,63.998,-29.7266,other
305373,-0.7305,-0.1101,0.7448,-32.6816,63.998,-32.9434,other
305396,-1.084,-0.2028,0.6992,-35.0371,59.082,-38.3457,other
305419,-0.719,-0.1013,0.6611,-35.4121,48.6777,-42.6504,other
305442,-0.7145,-0.2183,0.6812,-34.8535,34.877,-49.8945,other
305465,-1.103,-0.1599,0.6901,-33.3594,25.2227,-56.8906,other
305488,-0.6804,-0.161,0.6997,-32.0059,21.1367,-60.5195,other
305511,-0.7531,-0.1715,0.7308,-29.2246,16.1133,-62.9219,other
305534,-0.6003,-0.1503,0.7856,-26.6465,11.5293,-61.9727,other
305557,-0.6998,-0.1605,0.7793,-21.5508,0.3047,-56.6777,other
305580,-0.5369,-0.1641,0.8575,-17.5313,-10.2832,-47.5313,other
305603,-0.6769,-0.1587,0.8042,-11.2305,-29.4727,-40.0156,other
305626,-0.6392,-0.1631,0.8203,-5.4785,-49.5703,-27.9434,other
305649,-0.3833,-0.1567,0.9525,-2.3301,-61.9453,-20.1328,other
305672,-0.4663,-0.1584,0.915,1.0859,-64.0,-9.8672,other
305695,-0.5504,-0.1636,0.894,2.4473,-64.0,-4.4219,other
305718,-0.3873,-0.1543,0.9435,3.2187,-64.0,1.3008,other
305741,-0.4601,-0.1584,0.929,2.832,-64.0,4.043,other
305764,-0.4467,-0.1609,0.9365,2.1758,-64.0,4.3848,other
305787,-0.4922,-0.1587,0.9269,0.9316,-64.0,3.1895,other
305810,-0.3855,-0.1572,0.9668,0.0859,-64.0,1.6309,other
305833,-0.3501,-0.1592,0.9703,-1.0449,-64.0,-1.1465,other
305856,-0.2827,-0.1566,0.9948,-1.9277,-57.2793,-3.7109,other
305879,-0.264,-0.1682,0.995,-2.373,-53.2637,-5.0117,other
305902,-0.2274,-0.1893,1.0298,-2.8613,-50.3281,-6.1426,other
305925,-0.2899,-0.1129,0.9893,-3.0703,-49.5234,-6.3945,other
305948,-0.421,-0.152,0.9739,-3.0957,-48.1836,-6.5371,other
305971,-0.3004,-0.2069,1.0081,-2.8086,-46.25,-7.3301,other
305994,-0.1631,-0.2025,1.0278,-1.7832,-41.5195,-8.6914,other
306017,-0.3722,-0.0637,0.9768,0.0293,-36.3535,-12.5391,other
306040,-0.1895,-0.1725,1.0123,1.6484,-33.7617,-16.4863,other
306063,-0.2914,-0.1614,1.0121,4.4414,-31.7676,-24.1035,other
306086,-0.2057,-0.1919,1.0258,6.3086,-31.5645,-29.7246,other
306109,-0.0726,-0.3545,1.0056,8.6934,-32.4355,-37.752,other
306132,-0.1888,-0.1571,1.0338,10.3105,-33.916,-44.4512,other
306155,-0.2368,-0.1422,1.0212,11.0332,-34.3945,-48.4199,other
306178,-0.2655,-0.1168,1.0156,11.8945,-33.1016,-54.5371,other
306201,-0.218,-0.1135,1.015,12.4512,-30.7734,-58.9727,other
306224,-0.1812,-0.1605,1.0275,13.25,-25.9941,-64.0,other
306247,-0.1146,-0.1444,1.0198,13.793,-21.127,-64.0,other
306270,-0.1997,-0.1404,1.0273,13.8809,-18.3633,-64.0,other
306293,-0.1946,-0.1361,1.0219,13.5117,-14.9805,-64.0,other
306316,-0.2456,-0.1521,1.0277,12.9414,-13.0977,-64.0,other
306339,-0.1281,-0.1494,1.0216,11.6719,-10.8906,-64.0,other
306362,-0.1682,-0.14,1.0303,10.5977,-9.6055,-64.0,other
306385,-0.1022,-0.1825,1.0282,8.709,-10.3066,-62.3535,other
306408,-0.1993,-0.1051,1.0363,6.5703,-11.9746,-54.1738,other
306431,-0.0927,-0.1228,1.0249,5.0664,-13.5547,-48.0352,other
306454,-0.1276,-0.1617,1.0363,2.7988,-15.998,-38.2227,other
306477,-0.1248,-0.1567,1.0352,1.3398,-17.2832,-31.5605,other
306500,-0.1018,-0.1556,1.0317,-0.666,-18.1641,-21.9316,other
306523,-0.1261,-0.1593,1.0389,-2.3398,-17.5703,-13.375,other
306546,-0.1301,-0.1565,1.0377,-3.2305,-16.4043,-8.5566,other
306569,-0.1013,-0.1552,1.0341,-4.1992,-13.8262,-2.918,other
306592,-0.0968,-0.1561,1.0339,-4.6074,-11.8887,-0.2656,other
306615,-0.0995,-0.1578,1.0356,-4.9082,-9.2422,2.1465,other
306638,-0.0903,-0.1588,1.0363,-4.9297,-7.3574,2.9727,other
306661,-0.0884,-0.1588,1.0361,-4.8418,-6.6289,2.8652,other
306684,-0.0908,-0.1559,1.0358,-4.6426,-6.248,2.084,other
306707,-0.0883,-0.1547,1.0369,-4.502,-6.3223,1.3555,other
306730,-0.0973,-0.155,1.0385,-4.3223,-6.6191,0.2402,other
306753,-0.0835,-0.1549,1.0354,-4.2363,-6.7793,-0.6699,other
306776,-0.0902,-0.1576,1.0386,-4.1582,-6.8203,-1.0879,other
306799,-0.0771,-0.1576,1.0361,-4.1328,-6.5996,-1.418,other
306822,-0.0781,-0.1566,1.0356,-4.1328,-6.3555,-1.4551,other
306845,-0.0797,-0.1556,1.0363,-4.1504,-5.9199,-1.3008,other
306868,-0.0795,-0.1553,1.037,-4.1699,-5.5781,-1.1016,other
306891,-0.0885,-0.1571,1.0375,-4.2051,-4.9492,-0.7305,other
306914,-0.0797,-0.1577,1.0358,-4.248,-4.166,-0.3359,other
306937,-0.0813,-0.1555,1.0365,-4.2812,-3.5781,-0.0898,other
306960,-0.0902,-0.1566,1.0366,-4.332,-2.627,0.2168,other
306983,-0.0856,-0.1555,1.0366,-4.3613,-1.959,0.3633,other
307006,-0.0858,-0.1573,1.0374,-4.3984,-0.959,0.4805,other
307029,-0.0846,-0.1575,1.0363,-4.4238,-0.0762,0.4844,other
307052,-0.0861,-0.1573,1.0381,-4.4355,0.3828,0.4355,other
307075,-0.0858,-0.1556,1.0361,-4.4473,0.8223,0.3164,other
307098,-0.0844,-0.1561,1.037,-4.4531,0.9395,0.2207,other
307121,-0.0835,-0.1559,1.0364,-4.459,0.8652,0.082,other
307144,-0.0854,-0.1569,1.0369,-4.4609,0.5488,-0.0234,other
307167,-0.0875,-0.1584,1.038,-4.4668,0.2617,-0.0664,other
307190,-0.0906,-0.1569,1.038,-4.4707,-0.1699,-0.084,other
307213,-0.0863,-0.157,1.0369,-4.4707,-0.4043,-0.0703,other
307236,-0.085,-0.1562,1.0371,-4.4629,-0.6387,-0.0312,other
307259,-0.0864,-0.1581,1.0358,-4.4512,-0.7207,-0.0059,other
307282,-0.0853,-0.1581,1.0361,-4.4277,-0.7676,0.0176,other
307305,-0.0859,-0.1581,1.0374,-4.3945,-0.7617,0.0098,other
307328,-0.0862,-0.156,1.0374,-4.373,-0.7461,-0.0117,other
307351,-0.0845,-0.1556,1.0356,-4.3398,-0.7285,-0.0605,other
307374,-0.0861,-0.1559,1.0345,-4.3184,-0.7246,-0.1035,other
307397,-0.0872,-0.1572,1.0376,-4.291,-0.7246,-0.1699,other
307420,-0.0874,-0.1583,1.038,-4.2715,-0.7012,-0.2285,other
307443,-0.0886,-0.1582,1.0375,-4.2637,-0.6641,-0.2598,other
307466,-0.0859,-0.1569,1.0371,-4.2598,-0.5762,-0.2871,other
307489,-0.0895,-0.1571,1.0367,-4.2617,-0.5098,-0.291,other
307512,-0.0876,-0.1564,1.0374,-4.2715,-0.4141,-0.2773,other
307535,-0.0876,-0.1572,1.0345,-4.2793,-0.3535,-0.25,other
307558,-0.0869,-0.1584,1.0356,-4.2949,-0.3398,-0.2305,other
307581,-0.088,-0.1583,1.0374,-4.3086,-0.3672,-0.2031,other
307604,-0.0851,-0.1571,1.0372,-4.3184,-0.4141,-0.1934,other
307627,-0.0881,-0.156,1.0363,-4.3301,-0.5176,-0.1914,other
307650,-0.0853,-0.1561,1.0365,-4.3379,-0.6016,-0.1973,other
307673,-0.0861,-0.1577,1.038,-4.3457,-0.7266,-0.2168,other
307696,-0.0876,-0.1576,1.037,-4.3496,-0.8301,-0.2461,other
307719,-0.0857,-0.1582,1.0388,-4.3535,-0.875,-0.2676,other
307742,-0.0892,-0.1584,1.0385,-4.3555,-0.9023,-0.3008,other
307765,-0.0864,-0.1567,1.0372,-4.3574,-0.8906,-0.3184,other
307788,-0.0869,-0.1569,1.0364,-4.3613,-0.8398,-0.3359,other
307811,-0.0856,-0.157,1.0378,-4.3613,-0.7734,-0.3398,other
307834,-0.0858,-0.1578,1.0381,-4.3574,-0.7402,-0.3418,other
307857,-0.0874,-0.1584,1.0376,-4.3496,-0.7187,-0.3398,other
307880,-0.0872,-0.1581,1.0374,-4.3437,-0.7285,-0.3418,other
307903,-0.0874,-0.1569,1.037,-4.334,-0.7637,-0.3477,other
307926,-0.0864,-0.1572,1.0367,-4.3301,-0.8105,-0.3555,other
307949,-0.0853,-0.1567,1.0366,-4.3203,-0.8398,-0.3613,other
307972,-0.0865,-0.1576,1.037,-4.3125,-0.8789,-0.3691,other
307995,-0.0869,-0.1578,1.0374,-4.3047,-0.9004,-0.373,other
308018,-0.0862,-0.1578,1.0375,-4.2988,-0.9121,-0.373,other
308041,-0.0863,-0.1572,1.037,-4.2949,-0.9043,-0.3711,other
308064,-0.0869,-0.1561,1.0352,-4.293,-0.875,-0.3652,other
308087,-0.0853,-0.1575,1.0382,-4.2949,-0.8359,-0.3594,other
308110,-0.087,-0.1565,1.0375,-4.2988,-0.8105,-0.3535,other
308133,-0.0854,-0.1583,1.038,-4.3047,-0.7754,-0.3457,other
308156,-0.0864,-0.1571,1.0372,-4.3086,-0.7578,-0.3418,other
308179,-0.0854,-0.1581,1.0374,-4.3145,-0.7324,-0.3359,other
308202,-0.0886,-0.1577,1.0372,-4.3184,-0.709,-0.332,other
308225,-0.0881,-0.1567,1.0355,-4.3203,-0.6914,-0.3301,other
308248,-0.0851,-0.1578,1.0364,-4.3203,-0.666,-0.3242,other
308271,-0.0868,-0.1576,1.0385,-4.3164,-0.6562,-0.3184,other
308294,-0.0868,-0.1567,1.0381,-4.3105,-0.6562,-0.3105,other
308317,-0.0856,-0.1573,1.0361,-4.3027,-0.6797,-0.3066,other
308340,-0.0869,-0.1578,1.0376,-4.2988,-0.709,-0.3047,other
308363,-0.0878,-0.1573,1.0365,-4.2969,-0.7676,-0.3066,other
308386,-0.0861,-0.158,1.0383,-4.2969,-0.8066,-0.3086,other
308409,-0.0876,-0.1576,1.0361,-4.2988,-0.8555,-0.3125,other
308432,-0.0864,-0.1582,1.0372,-4.3027,-0.873,-0.3125,other
308455,-0.0874,-0.158,1.0374,-4.3066,-0.875,-0.3125,other
308478,-0.0867,-0.1584,1.0391,-4.3145,-0.8535,-0.3105,other
308501,-0.0863,-0.157,1.0375,-4.3203,-0.8281,-0.3066,other
308524,-0.0884,-0.157,1.0356,-4.3262,-0.7812,-0.3027,other
308547,-0.0884,-0.1581,1.04,-4.3301,-0.7441,-0.3008,other
308570,-0.0836,-0.1565,1.0374,-4.3359,-0.6895,-0.2988,other
308593,-0.0874,-0.1594,1.0402,-4.3398,-0.6348,-0.2988,other
308616,-0.0901,-0.1567,1.0359,-4.3437,-0.6016,-0.2988,other
308639,-0.0865,-0.1575,1.0375,-4.3496,-0.5586,-0.2988,other
308662,-0.0854,-0.1564,1.0381,-4.3516,-0.5371,-0.2969,other
308685,-0.0898,-0.1564,1.037,-4.3496,-0.5195,-0.293,other
308708,-0.0873,-0.1562,1.0376,-4.3398,-0.5273,-0.2891,other
308731,-0.0854,-0.1595,1.0376,-4.332,-0.541,-0.2852,other
308754,-0.0894,-0.157,1.0369,-4.3145,-0.5703,-0.2812,other
308777,-0.087,-0.1571,1.0365,-4.3027,-0.5898,-0.2793,other
308800,-0.0856,-0.1569,1.0391,-4.2852,-0.6113,-0.2793,other
308823,-0.0883,-0.1573,1.0369,-4.2773,-0.6211,-0.2793,other
308846,-0.0887,-0.1569,1.0371,-4.2676,-0.6211,-0.2852,other
308869,-0.0873,-0.1577,1.0372,-4.2617,-0.6133,-0.293,other
308892,-0.0881,-0.1572,1.0381,-4.2598,-0.6035,-0.2969,other
308915,-0.0885,-0.1576,1.0378,-4.2637,-0.5879,-0.3027,other
308938,-0.0854,-0.1575,1.037,-4.2695,-0.5723,-0.3066,other
308961,-0.0879,-0.1577,1.0365,-4.2832,-0.5449,-0.3086,other
308984,-0.0914,-0.1561,1.0383,-4.2949,-0.5195,-0.3105,other
309007,-0.0858,-0.1572,1.0361,-4.3008,-0.5078,-0.3105,other
309030,-0.0881,-0.1569,1.037,-4.3066,-0.4961,-0.3125,other
309053,-0.0859,-0.1566,1.035,-4.3105,-0.4961,-0.3164,other
309076,-0.092,-0.1583,1.042,-4.3145,-0.5078,-0.3223,other
309099,-0.0857,-0.1559,1.0344,-4.3184,-0.5312,-0.3262,other
309122,-0.0864,-0.1567,1.0382,-4.3203,-0.5527,-0.3281,other
309145,-0.0894,-0.1564,1.0376,-4.3223,-0.5879,-0.3242,other
309168,-0.0861,-0.1578,1.037,-4.3242,-0.6152,-0.3203,other
309191,-0.0874,-0.1573,1.0393,-4.3242,-0.6562,-0.3164,other
309214,-0.0896,-0.1565,1.0387,-4.3223,-0.6816,-0.3145,other
309237,-0.0869,-0.1569,1.035,-4.3184,-0.707,-0.3164,other
309260,-0.0852,-0.1547,1.0359,-4.3125,-0.7129,-0.3145,other
309283,-0.0874,-0.1564,1.036,-4.3105,-0.707,-0.3145,other
309306,-0.087,-0.1569,1.0369,-4.3047,-0.6953,-0.3164,other
309329,-0.0853,-0.1571,1.038,-4.3008,-0.6973,-0.3203,other
309352,-0.0892,-0.1588,1.0415,-4.2969,-0.7227,-0.3301,other
309375,-0.0902,-0.1555,1.0377,-4.2988,-0.7637,-0.3398,other
309398,-0.0874,-0.158,1.038,-4.3008,-0.7871,-0.3457,other
309421,-0.0876,-0.1564,1.0369,-4.3027,-0.8066,-0.3477,other
309444,-0.0892,-0.1571,1.0383,-4.3047,-0.8066,-0.3457,other
309467,-0.0886,-0.1576,1.0382,-4.3027,-0.7891,-0.334,other
309490,-0.0875,-0.1586,1.0374,-4.3008,-0.7539,-0.3223,other
309513,-0.0898,-0.1566,1.037,-4.2988,-0.7285,-0.3145,other
309536,-0.0887,-0.1565,1.0372,-4.2988,-0.7012,-0.3086,other
309559,-0.0875,-0.1573,1.0378,-4.3008,-0.6934,-0.3066,other
309582,-0.0895,-0.1572,1.0376,-4.3086,-0.6973,-0.3086,other
309605,-0.089,-0.1583,1.0366,-4.3145,-0.7129,-0.3125,other
309628,-0.0844,-0.1566,1.0369,-4.3242,-0.7402,-0.3125,other
309651,-0.09,-0.1571,1.0375,-4.3281,-0.7676,-0.3105,other
309674,-0.0886,-0.1562,1.0376,-4.3281,-0.7793,-0.3086,other
309697,-0.0884,-0.1575,1.0367,-4.3203,-0.7812,-0.3008,other
309720,-0.0873,-0.1578,1.0375,-4.3125,-0.7754,-0.2969,other
309743,-0.0874,-0.1575,1.0369,-4.3027,-0.7676,-0.2891,other
309766,-0.087,-0.1571,1.0372,-4.293,-0.7637,-0.2812,other
309789,-0.0894,-0.1554,1.0383,-4.291,-0.7598,-0.2773,other
309812,-0.0887,-0.1576,1.0378,-4.2891,-0.7383,-0.2734,other
309835,-0.0892,-0.1569,1.0385,-4.291,-0.7109,-0.2734,other
309858,-0.0896,-0.1573,1.04,-4.2969,-0.6602,-0.2773,other
309881,-0.0867,-0.157,1.0383,-4.3047,-0.6113,-0.2832,other
309904,-0.089,-0.1575,1.0365,-4.3086,-0.5898,-0.2852,other
309927,-0.0881,-0.1565,1.0387,-4.3145,-0.584,-0.291,other
309950,-0.0878,-0.157,1.0378,-4.3203,-0.5957,-0.293,other
309973,-0.089,-0.1569,1.0369,-4.3262,-0.6348,-0.2969,other
309996,-0.0883,-0.1573,1.038,-4.3301,-0.668,-0.3008,other
310019,-0.089,-0.1565,1.038,-4.332,-0.7266,-0.3008,other
310042,-0.0892,-0.157,1.0387,-4.3301,-0.7812,-0.3008,other
310065,-0.0879,-0.1561,1.0371,-4.3262,-0.8105,-0.2969,other
310088,-0.088,-0.1561,1.0366,-4.3184,-0.8418,-0.291,other
310111,-0.0878,-0.1569,1.0376,-4.3125,-0.8535,-0.2832,other
310134,-0.0895,-0.1576,1.0385,-4.3066,-0.8574,-0.2734,other
310157,-0.0867,-0.1566,1.0361,-4.3027,-0.8457,-0.2656,other
310180,-0.0898,-0.1561,1.0449,-4.3047,-0.8301,-0.2637,other
310203,-0.0876,-0.1572,1.0323,-4.3125,-0.7949,-0.2676,other
310226,-0.0862,-0.1576,1.0393,-4.3203,-0.7637,-0.2734,other
310249,-0.0891,-0.1578,1.0374,-4.332,-0.707,-0.2832,other
310272,-0.0829,-0.1555,1.0359,-4.3379,-0.6543,-0.2949,other
310295,-0.088,-0.1575,1.0386,-4.3379,-0.6289,-0.2988,other
310318,-0.0878,-0.1554,1.0372,-4.334,-0.6172,-0.3047,other
310341,-0.0884,-0.1587,1.0386,-4.3281,-0.623,-0.3047,other
310364,-0.0869,-0.1549,1.0352,-4.3184,-0.6465,-0.3047,other
310387,-0.0881,-0.1595,1.0377,-4.3105,-0.666,-0.3008,other
310410,-0.0857,-0.1562,1.0378,-4.3047,-0.6895,-0.2949,other
310433,-0.089,-0.1594,1.0358,-4.3027,-0.6934,-0.2832,other
310456,-0.089,-0.1553,1.0371,-4.3027,-0.6816,-0.2734,other
310479,-0.0905,-0.1581,1.0387,-4.3047,-0.6465,-0.2598,other
310502,-0.09,-0.156,1.0367,-4.3027,-0.6172,-0.252,other
310525,-0.0901,-0.1594,1.0364,-4.2988,-0.5781,-0.2441,other
