timestamp_ms,accX,accY,accZ,gyroX,gyroY,gyroZ,label
1159,-0.1409,-0.2339,0.9939,-7.2422,-7.2207,-7.1836,other
1182,-0.0802,-0.1769,1.0531,-14.0391,-14.0625,-13.8691,other
1205,-0.0974,-0.1927,1.037,-18.332,-18.418,-18.0508,other
1228,-0.0923,-0.1887,1.0403,-22.9824,-23.1328,-22.4492,other
1251,-0.0956,-0.1896,1.0389,-24.4199,-24.6934,-23.6992,other
1274,-0.093,-0.1887,1.0404,-23.9453,-23.8965,-22.7324,other
1297,-0.0946,-0.1897,1.0413,-20.8262,-20.4258,-19.0938,other
1320,-0.0942,-0.1873,1.0405,-17.7773,-17.0664,-15.6855,other
1343,-0.0941,-0.1884,1.0402,-12.6094,-11.377,-10.0117,other
1366,-0.0929,-0.1885,1.0398,-9.2324,-7.6523,-6.3398,other
1389,-0.0952,-0.1879,1.0413,-4.8789,-2.834,-1.6406,other
1412,-0.0945,-0.1882,1.04,-1.8047,0.5918,1.6543,other
1435,-0.0942,-0.1892,1.0393,-0.5469,2.0078,2.9902,other
1458,-0.0935,-0.189,1.0393,0.2422,2.9238,3.8125,other
1481,-0.0934,-0.1886,1.038,0.168,2.8691,3.7148,other
1504,-0.0939,-0.1891,1.0403,-0.5566,2.1016,2.9121,other
1527,-0.0944,-0.189,1.0386,-1.6602,0.9023,1.7168,other
1550,-0.0939,-0.1884,1.0381,-2.4316,0.0547,0.8867,other
1573,-0.0942,-0.1888,1.0393,-3.4473,-1.0781,-0.1973,other
1596,-0.0936,-0.1902,1.0397,-3.9629,-1.6641,-0.7402,other
1619,-0.0936,-0.1895,1.0389,-4.4453,-2.2285,-1.2441,other
1642,-0.0941,-0.1879,1.0394,-4.5977,-2.4297,-1.3945,other
1665,-0.0928,-0.1887,1.0377,-4.5488,-2.3965,-1.3398,other
1688,-0.0923,-0.1882,1.0382,-4.3262,-2.1738,-1.1055,other
1711,-0.0923,-0.188,1.0409,-4.125,-1.957,-0.8945,other
1734,-0.0937,-0.1893,1.0392,-3.8125,-1.6113,-0.5703,other
1757,-0.0931,-0.1888,1.0385,-3.627,-1.3984,-0.3789,other
1780,-0.0936,-0.1884,1.038,-3.418,-1.1465,-0.1621,other
1803,-0.0924,-0.1875,1.0381,-3.3066,-0.9941,-0.043,other
1826,-0.0925,-0.188,1.0386,-3.2832,-0.9473,-0.0156,other
1849,-0.0939,-0.1888,1.0392,-3.3086,-0.9395,-0.0371,other
1872,-0.0934,-0.1881,1.0381,-3.3555,-0.9668,-0.0762,other
1895,-0.0941,-0.1884,1.0397,-3.4434,-1.0332,-0.1543,other
1918,-0.0937,-0.1887,1.0372,-3.5293,-1.1094,-0.2324,other
1941,-0.0927,-0.1877,1.0391,-3.5801,-1.1582,-0.2734,other
1964,-0.0923,-0.1887,1.0396,-3.6309,-1.2129,-0.3164,other
1987,-0.0944,-0.1884,1.0389,-3.6504,-1.2383,-0.3301,other
2010,-0.094,-0.1898,1.0383,-3.6562,-1.2539,-0.332,other
2033,-0.0937,-0.1888,1.0371,-3.6445,-1.2461,-0.3184,other
2056,-0.0935,-0.1887,1.0382,-3.627,-1.2344,-0.3027,other
2079,-0.0933,-0.1881,1.0385,-3.5996,-1.2148,-0.2812,other
2102,-0.0928,-0.1882,1.0365,-3.5801,-1.2031,-0.2695,other
2125,-0.0934,-0.1884,1.0356,-3.5547,-1.1914,-0.2598,other
2148,-0.0934,-0.1882,1.0367,-3.541,-1.1875,-0.2617,other
2171,-0.0942,-0.1898,1.0377,-3.5254,-1.1895,-0.2656,other
2194,-0.0944,-0.1895,1.0382,-3.5195,-1.1973,-0.2773,other
2217,-0.0941,-0.1884,1.0394,-3.5215,-1.2031,-0.2852,other
2240,-0.0931,-0.1886,1.0396,-3.5312,-1.2109,-0.2949,other
2263,-0.0933,-0.1887,1.0381,-3.541,-1.2168,-0.3027,other
2286,-0.0935,-0.1887,1.038,-3.5586,-1.2246,-0.3086,other
2309,-0.094,-0.1881,1.0398,-3.5742,-1.2285,-0.3105,other
2332,-0.0952,-0.1888,1.0393,-3.584,-1.2305,-0.3105,other
2355,-0.0942,-0.189,1.0367,-3.5937,-1.2305,-0.3086,other
2378,-0.0936,-0.1877,1.0383,-3.5957,-1.2285,-0.3047,other
2401,-0.0948,-0.1891,1.0383,-3.5918,-1.2227,-0.2969,other
2424,-0.0944,-0.1896,1.0387,-3.582,-1.2188,-0.2871,other
2447,-0.0928,-0.1885,1.0385,-3.5742,-1.2168,-0.2812,other
2470,-0.0934,-0.1877,1.0378,-3.5605,-1.2148,-0.2734,other
2493,-0.0923,-0.1887,1.0376,-3.5547,-1.2148,-0.2715,other
2516,-0.0934,-0.1881,1.0377,-3.5527,-1.2168,-0.2715,other
2539,-0.093,-0.1879,1.0393,-3.5547,-1.2148,-0.2773,other
2562,-0.0929,-0.1897,1.0396,-3.5645,-1.2148,-0.2812,other
2585,-0.0929,-0.1896,1.0389,-3.5762,-1.2188,-0.2891,other
2608,-0.0941,-0.1895,1.0391,-3.584,-1.2227,-0.293,other
2631,-0.0935,-0.1887,1.0371,-3.5918,-1.2285,-0.2969,other
2654,-0.093,-0.1892,1.0394,-3.5957,-1.2305,-0.2949,other
2677,-0.093,-0.1884,1.0376,-3.5918,-1.2285,-0.293,other
2700,-0.0948,-0.1884,1.0374,-3.5762,-1.2207,-0.2891,other
2723,-0.0933,-0.1868,1.0377,-3.5586,-1.2129,-0.2871,other
2746,-0.0931,-0.1884,1.0391,-3.5312,-1.1934,-0.2852,other
2769,-0.0939,-0.1886,1.0403,-3.5137,-1.1797,-0.2871,other
2792,-0.0947,-0.1888,1.0383,-3.4941,-1.1641,-0.291,other
2815,-0.0922,-0.1882,1.0399,-3.4863,-1.1582,-0.2969,other
2838,-0.0937,-0.1877,1.0388,-3.4883,-1.1582,-0.2988,other
2861,-0.0934,-0.1866,1.0388,-3.4961,-1.166,-0.2969,other
2884,-0.0935,-0.1892,1.0397,-3.5059,-1.1738,-0.2949,other
2907,-0.0931,-0.189,1.038,-3.5234,-1.1836,-0.2891,other
2930,-0.094,-0.1887,1.0398,-3.5449,-1.1895,-0.2871,other
2953,-0.093,-0.1888,1.0388,-3.5586,-1.1914,-0.2852,other
2976,-0.0929,-0.1892,1.0386,-3.5781,-1.1875,-0.2871,other
2999,-0.0937,-0.188,1.0394,-3.5879,-1.1836,-0.291,other
3022,-0.0933,-0.1879,1.0387,-3.5937,-1.1758,-0.2949,other
3045,-0.0933,-0.1885,1.0377,-3.5937,-1.1719,-0.2988,other
3068,-0.0934,-0.1888,1.0389,-3.5898,-1.166,-0.2988,other
3091,-0.0939,-0.1884,1.0386,-3.5859,-1.1621,-0.2969,other
3114,-0.0923,-0.1884,1.0377,-3.582,-1.1602,-0.291,other
3137,-0.093,-0.187,1.0388,-3.5742,-1.1582,-0.2812,other
3160,-0.0935,-0.1875,1.0394,-3.5703,-1.1602,-0.2715,other
3183,-0.0935,-0.1884,1.0383,-3.5664,-1.1641,-0.2617,other
3206,-0.0934,-0.1888,1.0385,-3.5684,-1.168,-0.2578,other
3229,-0.0936,-0.1892,1.0391,-3.5723,-1.168,-0.2578,other
3252,-0.093,-0.1879,1.0385,-3.582,-1.1641,-0.2656,other
3275,-0.0944,-0.1888,1.0396,-3.5898,-1.1582,-0.2734,other
3298,-0.0937,-0.1885,1.0387,-3.5996,-1.1484,-0.2852,other
3321,-0.0937,-0.1896,1.0383,-3.6094,-1.1367,-0.293,other
3344,-0.0933,-0.1886,1.0392,-3.6113,-1.1289,-0.2949,other
3367,-0.0936,-0.1881,1.04,-3.6133,-1.1211,-0.2969,other
3390,-0.0937,-0.1884,1.0387,-3.6113,-1.1191,-0.2969,other
3413,-0.093,-0.1891,1.0394,-3.6055,-1.125,-0.2969,other
3436,-0.0937,-0.188,1.0398,-3.5996,-1.1328,-0.293,other
3459,-0.093,-0.1885,1.0406,-3.5879,-1.1445,-0.291,other
3482,-0.094,-0.1887,1.0385,-3.5801,-1.1582,-0.2852,other
3505,-0.0955,-0.1884,1.0393,-3.5762,-1.168,-0.2812,other
3528,-0.0927,-0.1875,1.0383,-3.5742,-1.1777,-0.2793,other
3551,-0.094,-0.1873,1.0396,-3.5781,-1.1816,-0.2793,other
3574,-0.0931,-0.1885,1.0398,-3.5879,-1.1836,-0.2812,other
3597,-0.0937,-0.1896,1.0377,-3.5977,-1.1797,-0.2852,other
3620,-0.0946,-0.1893,1.0405,-3.6055,-1.1758,-0.291,other
3643,-0.0947,-0.1887,1.0396,-3.6133,-1.166,-0.2988,other
3666,-0.0931,-0.1874,1.0375,-3.6172,-1.1563,-0.3027,other
3689,-0.0953,-0.1886,1.0392,-3.623,-1.1445,-0.3105,other
3712,-0.0936,-0.1875,1.0417,-3.625,-1.1367,-0.3164,other
3735,-0.0942,-0.1903,1.038,-3.625,-1.1367,-0.3184,other
3758,-0.0927,-0.1875,1.0398,-3.625,-1.1445,-0.3203,other
3781,-0.095,-0.1896,1.0375,-3.6211,-1.1543,-0.3184,other
3804,-0.0945,-0.1869,1.0388,-3.6152,-1.1738,-0.3105,other
3827,-0.0942,-0.1893,1.04,-3.6094,-1.1895,-0.3008,other
3850,-0.0931,-0.187,1.0386,-3.6035,-1.1973,-0.2949,other
3873,-0.0948,-0.1886,1.0404,-3.5996,-1.207,-0.2871,other
3896,-0.0935,-0.1891,1.041,-3.5996,-1.2148,-0.2832,other
3919,-0.0928,-0.1887,1.0375,-3.5996,-1.2227,-0.2812,other
3942,-0.0934,-0.188,1.0386,-3.5996,-1.2285,-0.2832,other
3965,-0.0939,-0.1884,1.0385,-3.5977,-1.2383,-0.291,other
3988,-0.0924,-0.1886,1.0397,-3.5898,-1.2461,-0.3008,other
4011,-0.0933,-0.1888,1.041,-3.582,-1.25,-0.3086,other
4034,-0.0934,-0.1884,1.0398,-3.5703,-1.25,-0.3164,other
4057,-0.093,-0.1881,1.0411,-3.5625,-1.2441,-0.3203,other
4080,-0.0927,-0.1885,1.0383,-3.5527,-1.2305,-0.3223,other
4103,-0.0933,-0.1876,1.0415,-3.5449,-1.2129,-0.3184,other
4126,-0.0936,-0.1891,1.0396,-3.5391,-1.1992,-0.3145,other
4149,-0.093,-0.1876,1.0378,-3.5352,-1.1738,-0.3086,other
4172,-0.0934,-0.1886,1.0397,-3.5332,-1.1543,-0.3047,other
4195,-0.0927,-0.1876,1.0393,-3.5332,-1.125,-0.3008,other
4218,-0.0931,-0.1886,1.0403,-3.543,-1.0996,-0.3008,other
4241,-0.0945,-0.1892,1.04,-3.5508,-1.0879,-0.3008,other
4264,-0.094,-0.1882,1.0393,-3.5645,-1.0801,-0.3027,other
4287,-0.0936,-0.1888,1.0392,-3.5742,-1.084,-0.3047,other
4310,-0.094,-0.1887,1.0403,-3.5859,-1.0957,-0.3066,other
4333,-0.093,-0.1877,1.0397,-3.5918,-1.1074,-0.3066,other
4356,-0.0934,-0.1885,1.0403,-3.5977,-1.1289,-0.3066,other
4379,-0.0933,-0.1888,1.0414,-3.5937,-1.1504,-0.3027,other
4402,-0.0919,-0.1892,1.0396,-3.5859,-1.1621,-0.2988,other
4425,-0.0934,-0.1898,1.0399,-3.5723,-1.1797,-0.293,other
4448,-0.0944,-0.1887,1.0399,-3.5645,-1.1895,-0.2891,other
4471,-0.0927,-0.188,1.0404,-3.5547,-1.1973,-0.2871,other
4494,-0.0931,-0.1881,1.0393,-3.5488,-1.2012,-0.2832,other
4517,-0.0928,-0.1884,1.0402,-3.5488,-1.2012,-0.2812,other
4540,-0.0927,-0.1881,1.0397,-3.5547,-1.1992,-0.2754,other
4563,-0.0941,-0.1881,1.04,-3.5586,-1.1953,-0.2715,other
4586,-0.0931,-0.1885,1.0409,-3.5664,-1.1895,-0.2676,other
4609,-0.0931,-0.1881,1.0391,-3.5723,-1.1816,-0.2637,other
4632,-0.0944,-0.1887,1.0391,-3.5742,-1.1758,-0.2617,other
4655,-0.0937,-0.1884,1.0381,-3.5742,-1.1621,-0.2598,other
4678,-0.0931,-0.1887,1.0396,-3.5723,-1.1523,-0.2617,other
4701,-0.0936,-0.1881,1.0403,-3.5684,-1.1445,-0.2656,other
4724,-0.0919,-0.1879,1.0391,-3.5625,-1.1426,-0.2715,other
4747,-0.0939,-0.1879,1.0371,-3.5547,-1.1484,-0.2773,other
4770,-0.0928,-0.1879,1.0392,-3.5449,-1.1602,-0.2852,other
4793,-0.0931,-0.189,1.0374,-3.5391,-1.1699,-0.291,other
4816,-0.093,-0.1881,1.0403,-3.5293,-1.1797,-0.2949,other
4839,-0.0937,-0.1876,1.0374,-3.5234,-1.1836,-0.2969,other
4862,-0.0936,-0.1884,1.0376,-3.5195,-1.1895,-0.2988,other
4885,-0.0924,-0.1902,1.0396,-3.5215,-1.1914,-0.3008,other
4908,-0.0933,-0.1875,1.0393,-3.5254,-1.1895,-0.3008,other
4931,-0.093,-0.1891,1.0397,-3.5371,-1.1855,-0.3008,other
4954,-0.093,-0.188,1.0381,-3.543,-1.1816,-0.3027,other
4977,-0.0927,-0.1882,1.0397,-3.5488,-1.1797,-0.3027,other
5000,-0.0931,-0.1882,1.0382,-3.5508,-1.1797,-0.3027,other
5023,-0.093,-0.1885,1.0382,-3.5488,-1.1816,-0.3027,other
5046,-0.0929,-0.1888,1.0393,-3.5469,-1.1855,-0.2988,other
5069,-0.0934,-0.1887,1.0389,-3.5449,-1.1875,-0.2969,other
5092,-0.0929,-0.1879,1.0393,-3.5469,-1.1914,-0.293,other
5115,-0.0931,-0.1877,1.0396,-3.5508,-1.1953,-0.2891,other
5138,-0.0927,-0.1873,1.0399,-3.5586,-1.1992,-0.2871,other
5161,-0.0933,-0.1888,1.0378,-3.5684,-1.207,-0.2852,other
5184,-0.094,-0.1882,1.0388,-3.5762,-1.2129,-0.2852,other
5207,-0.0929,-0.188,1.0388,-3.5879,-1.2227,-0.2852,other
5230,-0.0923,-0.1877,1.038,-3.5957,-1.2266,-0.2852,other
5253,-0.0931,-0.1879,1.0375,-3.6016,-1.2285,-0.2871,other
5276,-0.0927,-0.1875,1.0389,-3.6035,-1.2266,-0.291,other
5299,-0.0919,-0.1881,1.0408,-3.5996,-1.2207,-0.293,other
5322,-0.0933,-0.1897,1.0413,-3.5937,-1.2051,-0.2969,other
5345,-0.0935,-0.1876,1.0381,-3.5879,-1.1934,-0.2988,other
5368,-0.093,-0.1881,1.0382,-3.5801,-1.1758,-0.2988,other
5391,-0.0928,-0.1874,1.0374,-3.5742,-1.1621,-0.291,other
5414,-0.0928,-0.1881,1.0392,-3.5703,-1.1543,-0.2852,other
5437,-0.0929,-0.1882,1.0388,-3.5664,-1.1465,-0.2773,other
5460,-0.0928,-0.1887,1.037,-3.5664,-1.1445,-0.2754,other
5483,-0.0935,-0.1881,1.0367,-3.5684,-1.1465,-0.2754,other
5506,-0.0927,-0.1885,1.0389,-3.5723,-1.1523,-0.2793,other
5529,-0.0929,-0.1875,1.0389,-3.5801,-1.1582,-0.2812,other
5552,-0.092,-0.1875,1.0377,-3.5879,-1.1621,-0.2852,other
5575,-0.094,-0.1877,1.0393,-3.5937,-1.1621,-0.2871,other
5598,-0.0929,-0.1887,1.0388,-3.5996,-1.1563,-0.2891,other
5621,-0.093,-0.1876,1.0393,-3.6016,-1.1523,-0.291,other
5644,-0.0928,-0.188,1.0398,-3.6016,-1.1465,-0.293,other
5667,-0.0933,-0.1873,1.0378,-3.6016,-1.1465,-0.293,other
5690,-0.0924,-0.1879,1.0375,-3.6016,-1.1484,-0.293,other
5713,-0.0928,-0.1881,1.0386,-3.6055,-1.1523,-0.293,other
5736,-0.093,-0.1885,1.0388,-3.6094,-1.1582,-0.291,other
5759,-0.0925,-0.1884,1.0393,-3.6172,-1.1641,-0.2891,other
5782,-0.0924,-0.1892,1.0391,-3.6211,-1.1699,-0.291,other
5805,-0.092,-0.1884,1.0392,-3.6191,-1.1719,-0.293,other
5828,-0.0927,-0.1881,1.0388,-3.6094,-1.1777,-0.3027,other
5851,-0.0922,-0.1886,1.04,-3.6016,-1.1816,-0.3086,other
5874,-0.0929,-0.1879,1.0396,-3.582,-1.1875,-0.3164,other
5897,-0.0919,-0.1895,1.0386,-3.5625,-1.1914,-0.3203,other
5920,-0.0928,-0.189,1.0403,-3.5508,-1.1895,-0.3203,other
5943,-0.0927,-0.1871,1.0392,-3.5391,-1.1836,-0.3145,other
5966,-0.0929,-0.1886,1.0404,-3.5332,-1.1797,-0.3086,other
5989,-0.092,-0.1884,1.0388,-3.5312,-1.1738,-0.2969,other
6012,-0.092,-0.1893,1.0382,-3.5332,-1.1738,-0.2871,other
6035,-0.0916,-0.1891,1.0393,-3.5391,-1.1855,-0.2812,other
6058,-0.092,-0.1876,1.0392,-3.5488,-1.207,-0.2773,other
6081,-0.0922,-0.1871,1.0397,-3.5566,-1.2227,-0.2793,other
6104,-0.0912,-0.1887,1.0372,-3.5664,-1.2461,-0.2891,other
6127,-0.092,-0.1886,1.0391,-3.5723,-1.2598,-0.2969,other
6150,-0.0927,-0.1879,1.0385,-3.5781,-1.2773,-0.3105,other
6173,-0.0912,-0.188,1.0396,-3.584,-1.291,-0.3184,other
6196,-0.0929,-0.1882,1.0392,-3.5859,-1.2949,-0.3184,other
6219,-0.0908,-0.1877,1.0378,-3.5879,-1.293,-0.3145,other
6242,-0.093,-0.1881,1.0376,-3.5879,-1.2891,-0.3105,other
6265,-0.0919,-0.1881,1.038,-3.5879,-1.2813,-0.3047,other
6288,-0.0918,-0.1891,1.0396,-3.584,-1.2715,-0.3008,other
6311,-0.0927,-0.1877,1.037,-3.582,-1.2598,-0.2988,other
6334,-0.0922,-0.1879,1.0385,-3.5762,-1.2383,-0.2949,other
6357,-0.0922,-0.1875,1.04,-3.5723,-1.2188,-0.2949,other
6380,-0.092,-0.1882,1.0382,-3.5645,-1.1895,-0.293,other
6403,-0.0923,-0.1879,1.0389,-3.5586,-1.1719,-0.291,other
6426,-0.0911,-0.1886,1.0383,-3.5527,-1.1504,-0.291,other
6449,-0.0936,-0.1876,1.0353,-3.5488,-1.1309,-0.2949,other
6472,-0.0912,-0.1887,1.0408,-3.5469,-1.123,-0.2969,other
6495,-0.0925,-0.1892,1.0416,-3.5508,-1.1113,-0.3027,other
6518,-0.0927,-0.1858,1.0339,-3.5527,-1.1074,-0.3066,other
6541,-0.0924,-0.1892,1.0413,-3.5586,-1.1055,-0.3125,other
6564,-0.0905,-0.1882,1.0376,-3.5645,-1.1035,-0.3145,other
6587,-0.094,-0.1885,1.0371,-3.5703,-1.1055,-0.3145,other
6610,-0.0925,-0.1885,1.0397,-3.5762,-1.1074,-0.3105,other
6633,-0.092,-0.1887,1.0367,-3.5801,-1.1113,-0.3066,other
6656,-0.0931,-0.1875,1.0385,-3.5859,-1.1191,-0.2988,other
6679,-0.0914,-0.1879,1.0403,-3.5918,-1.1289,-0.293,other
6702,-0.0894,-0.1877,1.0372,-3.5957,-1.1367,-0.291,other
6725,-0.0911,-0.1879,1.0387,-3.5996,-1.1543,-0.291,other
6748,-0.093,-0.1882,1.0377,-3.6016,-1.168,-0.291,other
6771,-0.0911,-0.1892,1.0388,-3.5996,-1.1953,-0.2949,other
6794,-0.0911,-0.1874,1.0394,-3.5957,-1.2227,-0.2988,other
6817,-0.0928,-0.1874,1.036,-3.5879,-1.2402,-0.3008,other
6840,-0.0907,-0.188,1.0375,-3.5781,-1.2656,-0.3027,other
6863,-0.0908,-0.1892,1.0385,-3.5703,-1.2793,-0.3047,other
6886,-0.0916,-0.188,1.0389,-3.5645,-1.2891,-0.3086,other
6909,-0.092,-0.1884,1.0371,-3.5645,-1.291,-0.3105,other
6932,-0.0905,-0.1884,1.0375,-3.5684,-1.2813,-0.3145,other
6955,-0.0925,-0.188,1.0394,-3.5742,-1.2598,-0.3184,other
6978,-0.0923,-0.1881,1.037,-3.5781,-1.2402,-0.3223,other
7001,-0.0908,-0.1888,1.0405,-3.584,-1.2051,-0.3242,other
7024,-0.0908,-0.1882,1.0388,-3.5859,-1.1797,-0.3242,other
7047,-0.0934,-0.188,1.0389,-3.584,-1.1484,-0.3184,other
7070,-0.0919,-0.1892,1.0383,-3.5781,-1.127,-0.3105,other
7093,-0.0906,-0.1877,1.0408,-3.5723,-1.1172,-0.3047,other
7116,-0.0935,-0.1887,1.0398,-3.5645,-1.1094,-0.2949,other
7139,-0.0925,-0.1887,1.0383,-3.5605,-1.1094,-0.293,other
7162,-0.0895,-0.1887,1.0399,-3.5586,-1.1133,-0.293,other
7185,-0.093,-0.1881,1.0385,-3.5586,-1.1211,-0.2988,other
7208,-0.0919,-0.1881,1.0385,-3.5586,-1.1309,-0.3047,other
7231,-0.0913,-0.1888,1.0397,-3.5586,-1.1465,-0.3125,other
7254,-0.0909,-0.1884,1.0396,-3.5586,-1.1602,-0.3145,other
7277,-0.0916,-0.1877,1.0385,-3.5566,-1.1797,-0.3145,other
7300,-0.0917,-0.1886,1.0388,-3.5547,-1.1934,-0.3145,other
7323,-0.0907,-0.1877,1.0385,-3.5527,-1.2109,-0.3125,other
7346,-0.0927,-0.1885,1.038,-3.5508,-1.2266,-0.3125,other
7369,-0.0924,-0.1882,1.0385,-3.5488,-1.2324,-0.3125,other
7392,-0.0909,-0.1884,1.0376,-3.5469,-1.2344,-0.3125,other
7415,-0.0925,-0.1886,1.0383,-3.5469,-1.2305,-0.3125,other
7438,-0.0923,-0.188,1.0389,-3.5488,-1.2168,-0.3105,other
7461,-0.0905,-0.1876,1.0388,-3.5508,-1.2031,-0.3105,other
7484,-0.0917,-0.1881,1.0386,-3.5527,-1.1953,-0.3105,other
7507,-0.0905,-0.1875,1.0377,-3.5605,-1.1875,-0.3125,other
7530,-0.0919,-0.1904,1.0416,-3.5684,-1.1836,-0.3145,other
7553,-0.0924,-0.188,1.0377,-3.582,-1.1816,-0.3164,other
7576,-0.0928,-0.189,1.0402,-3.5977,-1.1836,-0.3203,other
7599,-0.093,-0.1886,1.0397,-3.6074,-1.1875,-0.3223,other
7622,-0.0939,-0.1882,1.0387,-3.6211,-1.1914,-0.3242,other
7645,-0.0912,-0.1874,1.0419,-3.625,-1.1953,-0.3242,other
7668,-0.0905,-0.1864,1.0398,-3.625,-1.2012,-0.3223,other
7691,-0.0917,-0.1884,1.0382,-3.6211,-1.2031,-0.3184,other
7714,-0.0914,-0.1882,1.0392,-3.6074,-1.2012,-0.3145,other
7737,-0.0928,-0.1879,1.0365,-3.5937,-1.1875,-0.3086,other
7760,-0.0917,-0.188,1.0398,-3.5859,-1.1758,-0.3027,other
7783,-0.0918,-0.188,1.0386,-3.5762,-1.1523,-0.291,other
7806,-0.092,-0.1879,1.0406,-3.5723,-1.1387,-0.2832,other
7829,-0.0918,-0.1884,1.0376,-3.5703,-1.1211,-0.2734,other
7852,-0.0923,-0.1877,1.0399,-3.5703,-1.1113,-0.2676,other
7875,-0.0922,-0.1884,1.0396,-3.5723,-1.1113,-0.2695,other
7898,-0.0916,-0.1884,1.0377,-3.5762,-1.1191,-0.2754,other
7921,-0.0903,-0.1877,1.0386,-3.5781,-1.1309,-0.2812,other
7944,-0.0929,-0.1882,1.0394,-3.5879,-1.1523,-0.2949,other
7967,-0.0911,-0.188,1.0387,-3.5977,-1.1699,-0.3086,other
7990,-0.0913,-0.1879,1.0399,-3.6035,-1.1777,-0.3164,other
8013,-0.0923,-0.1888,1.0385,-3.6094,-1.1797,-0.3262,other
8036,-0.0913,-0.1879,1.0398,-3.6113,-1.1758,-0.332,other
8059,-0.0914,-0.1873,1.0387,-3.6094,-1.168,-0.3379,other
8082,-0.0919,-0.1882,1.0399,-3.6074,-1.1602,-0.3418,other
8105,-0.092,-0.1874,1.0372,-3.5996,-1.1582,-0.3418,other
8128,-0.0914,-0.1884,1.0388,-3.5918,-1.1563,-0.3379,other
8151,-0.0919,-0.1886,1.037,-3.5879,-1.1602,-0.334,other
8174,-0.0927,-0.1876,1.0383,-3.5859,-1.166,-0.3281,other
8197,-0.0909,-0.1871,1.0389,-3.584,-1.1719,-0.3242,other
8220,-0.0923,-0.1893,1.0396,-3.582,-1.1758,-0.3203,other
8243,-0.0924,-0.1886,1.0389,-3.582,-1.1738,-0.3164,other
8266,-0.0917,-0.1882,1.0397,-3.582,-1.168,-0.3145,other
8289,-0.0918,-0.1876,1.0385,-3.584,-1.1504,-0.3105,other
8312,-0.092,-0.1879,1.0387,-3.5879,-1.1367,-0.3066,other
8335,-0.0919,-0.1888,1.0387,-3.5898,-1.1133,-0.3008,other
8358,-0.0934,-0.1885,1.0388,-3.5879,-1.0957,-0.2969,other
8381,-0.0919,-0.1888,1.0392,-3.5859,-1.0898,-0.2949,other
8404,-0.092,-0.1888,1.0377,-3.584,-1.0918,-0.2949,other
8427,-0.0914,-0.188,1.0382,-3.582,-1.0977,-0.2969,other
8450,-0.092,-0.1871,1.038,-3.5801,-1.1152,-0.3008,other
8473,-0.0925,-0.1885,1.0396,-3.5801,-1.1348,-0.3008,other
8496,-0.0916,-0.1877,1.0388,-3.5781,-1.1484,-0.2988,other
8519,-0.0942,-0.1886,1.0383,-3.5781,-1.1621,-0.2988,other
8542,-0.0931,-0.188,1.0386,-3.5781,-1.168,-0.2988,other
8565,-0.0916,-0.1882,1.0393,-3.582,-1.1738,-0.3008,other
8588,-0.0925,-0.1887,1.0385,-3.5879,-1.1738,-0.3027,other
8611,-0.0923,-0.1886,1.0389,-3.5957,-1.1699,-0.3047,other
8634,-0.0941,-0.1876,1.0389,-3.6055,-1.1602,-0.3027,other
8657,-0.093,-0.1882,1.04,-3.6133,-1.1504,-0.3027,other
8680,-0.0924,-0.1884,1.0387,-3.6211,-1.1367,-0.3008,other
8703,-0.0913,-0.188,1.0391,-3.623,-1.1289,-0.2988,other
8726,-0.0917,-0.1886,1.0385,-3.625,-1.1211,-0.2949,other
8749,-0.0922,-0.1881,1.0385,-3.6211,-1.123,-0.293,other
8772,-0.0918,-0.1876,1.0396,-3.6152,-1.1309,-0.291,other
8795,-0.0934,-0.1882,1.0393,-3.6035,-1.1523,-0.291,other
8818,-0.0909,-0.1881,1.0386,-3.5957,-1.168,-0.291,other
8841,-0.0928,-0.1873,1.0374,-3.582,-1.1914,-0.2871,other
8864,-0.0914,-0.1874,1.0402,-3.5703,-1.209,-0.2871,other
8887,-0.0909,-0.1882,1.0383,-3.5645,-1.2148,-0.2871,other
8910,-0.0914,-0.1884,1.0388,-3.5566,-1.2168,-0.291,other
8933,-0.0924,-0.188,1.0406,-3.5547,-1.2129,-0.293,other
8956,-0.0925,-0.188,1.0397,-3.5527,-1.1992,-0.2969,other
8979,-0.092,-0.1876,1.0386,-3.5547,-1.1875,-0.3027,other
9002,-0.0919,-0.1879,1.0389,-3.5566,-1.1699,-0.3066,other
9025,-0.0914,-0.1887,1.0381,-3.5586,-1.1543,-0.3105,other
9048,-0.0916,-0.1881,1.0389,-3.5586,-1.1484,-0.3105,other
9071,-0.0925,-0.1874,1.0382,-3.5586,-1.1465,-0.3105,other
9094,-0.0922,-0.1877,1.0398,-3.5566,-1.1465,-0.3066,other
9117,-0.0924,-0.1884,1.0389,-3.5566,-1.1523,-0.3027,other
9140,-0.0945,-0.1876,1.0393,-3.5566,-1.1602,-0.3008,other
9163,-0.0927,-0.188,1.0382,-3.5586,-1.168,-0.3027,other
9186,-0.0927,-0.1879,1.0361,-3.5645,-1.1777,-0.3047,other
9209,-0.0911,-0.189,1.0385,-3.5684,-1.1836,-0.3066,other
9232,-0.0935,-0.1879,1.0389,-3.5801,-1.1836,-0.3047,other
9255,-0.0919,-0.1888,1.0375,-3.5918,-1.1816,-0.2988,other
9278,-0.0925,-0.1869,1.0387,-3.6016,-1.1797,-0.293,other
9301,-0.0924,-0.1871,1.0404,-3.6113,-1.1777,-0.2793,other
9324,-0.0934,-0.188,1.0382,-3.6133,-1.1797,-0.2715,other
9347,-0.0924,-0.1882,1.0389,-3.6152,-1.1797,-0.2637,other
9370,-0.0919,-0.1884,1.0389,-3.6152,-1.1738,-0.2617,other
9393,-0.0924,-0.1881,1.0394,-3.6152,-1.168,-0.2637,other
9416,-0.0927,-0.1866,1.0383,-3.6152,-1.1523,-0.2695,other
9439,-0.092,-0.1884,1.0386,-3.6152,-1.1426,-0.2754,other
9462,-0.0925,-0.1874,1.0392,-3.6133,-1.1289,-0.2852,other
9485,-0.0919,-0.1884,1.0388,-3.6113,-1.125,-0.291,other
9508,-0.093,-0.1882,1.04,-3.6055,-1.125,-0.2988,other
9531,-0.0925,-0.1869,1.0382,-3.5996,-1.1309,-0.3047,other
9554,-0.0914,-0.2187,1.0397,-3.5937,-1.1367,-0.3066,other
9577,-0.092,-0.188,1.0389,-3.5879,-1.1523,-0.3086,other
9600,-0.0916,-0.1874,1.0399,-3.584,-1.1621,-0.3086,other
9623,-0.0914,-0.1877,1.0377,-3.5781,-1.1797,-0.3086,other
9646,-0.0918,-0.1888,1.0392,-3.5723,-1.1953,-0.3086,other
9669,-0.092,-0.188,1.0394,-3.5664,-1.2031,-0.3105,other
9692,-0.0929,-0.1875,1.0388,-3.5605,-1.209,-0.3125,other
9715,-0.0917,-0.1876,1.0385,-3.5566,-1.209,-0.3145,other
9738,-0.0922,-0.1884,1.0378,-3.5586,-1.2012,-0.3145,other
9761,-0.092,-0.1877,1.0382,-3.5645,-1.1895,-0.3105,other
9784,-0.0922,-0.1877,1.0383,-3.5723,-1.1816,-0.3047,other
9807,-0.0918,-0.1874,1.0375,-3.5859,-1.1777,-0.293,other
9830,-0.0919,-0.188,1.0402,-3.5957,-1.1777,-0.2852,other
9853,-0.0929,-0.1876,1.0391,-3.6094,-1.1855,-0.2715,other
9876,-0.0911,-0.1892,1.0387,-3.6152,-1.1934,-0.2617,other
9899,-0.0919,-0.1873,1.0391,-3.6211,-1.207,-0.2539,other
9922,-0.0917,-0.1873,1.0383,-3.6211,-1.2188,-0.252,other
9945,-0.0923,-0.1865,1.0387,-3.6211,-1.2266,-0.2559,other
9968,-0.0924,-0.1876,1.0393,-3.6152,-1.2344,-0.2676,other
9991,-0.0933,-0.1875,1.0378,-3.6074,-1.2383,-0.2773,other
10014,-0.0919,-0.1877,1.0392,-3.5918,-1.2383,-0.2949,other
10037,-0.0924,-0.188,1.0386,-3.5762,-1.2363,-0.3086,other
10060,-0.0925,-0.1877,1.0397,-3.5684,-1.2344,-0.3145,other
10083,-0.0916,-0.1884,1.036,-3.5605,-1.2305,-0.3203,other
10106,-0.0917,-0.1864,1.0396,-3.5586,-1.2285,-0.3223,other
10129,-0.0913,-0.1879,1.0387,-3.5605,-1.2324,-0.3184,other
10152,-0.0914,-0.1874,1.0386,-3.5684,-1.2363,-0.3125,other
10175,-0.0912,-0.1875,1.0385,-3.5742,-1.2363,-0.3086,other
10198,-0.0911,-0.1871,1.0375,-3.5859,-1.2305,-0.2988,other
10221,-0.093,-0.1871,1.0386,-3.5937,-1.2207,-0.2949,other
10244,-0.0909,-0.188,1.0375,-3.6074,-1.1953,-0.2891,other
10267,-0.0922,-0.1873,1.0376,-3.6172,-1.1719,-0.2871,other
10290,-0.0912,-0.1879,1.0381,-3.625,-1.1328,-0.2852,other
10313,-0.0923,-0.1873,1.0383,-3.627,-1.0957,-0.2812,other
10336,-0.0918,-0.1881,1.0374,-3.627,-1.0723,-0.2773,other
10359,-0.0914,-0.1881,1.0374,-3.623,-1.0469,-0.2754,other
10382,-0.0918,-0.188,1.0391,-3.6191,-1.0391,-0.2734,other
10405,-0.0934,-0.1879,1.0392,-3.6152,-1.0352,-0.2715,other
10428,-0.0911,-0.188,1.0382,-3.6133,-1.0352,-0.2715,other
10451,-0.0933,-0.1881,1.0387,-3.6133,-1.0332,-0.2715,other
10474,-0.0942,-0.1871,1.0372,-3.6152,-1.0234,-0.2695,other
10497,-0.0925,-0.1877,1.0382,-3.6191,-1.0098,-0.2695,other
10520,-0.093,-0.1877,1.0374,-3.627,-0.9902,-0.2676,other
10543,-0.0924,-0.1876,1.0386,-3.6309,-0.9824,-0.2676,other
10566,-0.0934,-0.1884,1.0361,-3.6289,-0.9863,-0.2656,other
10589,-0.0911,-0.188,1.0386,-3.623,-1.0098,-0.2656,other
10612,-0.0925,-0.1875,1.0391,-3.6172,-1.0352,-0.2656,other
10635,-0.0925,-0.188,1.036,-3.6074,-1.084,-0.2715,other
10658,-0.0923,-0.1888,1.0361,-3.5996,-1.1426,-0.2773,other
10681,-0.0911,-0.1887,1.0364,-3.5859,-1.1816,-0.2832,other
10704,-0.0917,-0.1869,1.0383,-3.5723,-1.2363,-0.293,other
10727,-0.0916,-0.1874,1.0375,-3.5625,-1.2676,-0.2969,other
10750,-0.0908,-0.1879,1.0385,-3.5469,-1.2969,-0.3027,other
10773,-0.0911,-0.1876,1.0378,-3.5371,-1.3047,-0.3008,other
10796,-0.0916,-0.1884,1.0372,-3.5273,-1.2969,-0.2949,other
10819,-0.092,-0.1881,1.0387,-3.5273,-1.2754,-0.2871,other
10842,-0.0917,-0.1875,1.0385,-3.5312,-1.2578,-0.2812,other
10865,-0.0931,-0.1873,1.0383,-3.5449,-1.2285,-0.2734,other
10888,-0.0916,-0.1874,1.038,-3.5566,-1.2109,-0.2715,other
10911,-0.0919,-0.1873,1.0364,-3.5762,-1.1895,-0.2754,other
10934,-0.0914,-0.1882,1.0386,-3.5977,-1.1758,-0.2832,other
10957,-0.0918,-0.1881,1.0365,-3.6094,-1.1719,-0.291,other
10980,-0.0913,-0.1873,1.0377,-3.6211,-1.1699,-0.3047,other
11003,-0.0923,-0.1871,1.0367,-3.625,-1.1699,-0.3145,other
11026,-0.0911,-0.1877,1.0389,-3.627,-1.1738,-0.3281,other
11049,-0.0912,-0.1874,1.0392,-3.625,-1.1758,-0.3359,other
11072,-0.0924,-0.1876,1.0396,-3.623,-1.1738,-0.3379,other
11095,-0.0928,-0.1875,1.0382,-3.6152,-1.166,-0.3359,other
11118,-0.0919,-0.1877,1.0375,-3.6094,-1.1582,-0.332,other
11141,-0.0919,-0.1877,1.0392,-3.6055,-1.1484,-0.3242,other
11164,-0.0916,-0.1866,1.0378,-3.6055,-1.1445,-0.3184,other
11187,-0.092,-0.1869,1.0375,-3.6074,-1.1484,-0.3105,other
11210,-0.0916,-0.1874,1.0377,-3.6133,-1.1602,-0.3027,other
11233,-0.0916,-0.1884,1.0359,-3.6152,-1.1699,-0.3008,other
11256,-0.092,-0.1874,1.0394,-3.6211,-1.1875,-0.2969,other
11279,-0.0919,-0.1876,1.037,-3.625,-1.1992,-0.2969,other
11302,-0.0914,-0.1873,1.0363,-3.6289,-1.2168,-0.2988,other
11325,-0.0922,-0.1876,1.0382,-3.6289,-1.2246,-0.3047,other
11348,-0.0919,-0.1882,1.0389,-3.627,-1.2266,-0.3086,other
11371,-0.0917,-0.1871,1.0383,-3.6191,-1.2188,-0.3164,other
11394,-0.0931,-0.1871,1.038,-3.6113,-1.2051,-0.3203,other
11417,-0.0936,-0.1869,1.0367,-3.5996,-1.1797,-0.3262,other
11440,-0.0911,-0.1873,1.0369,-3.5859,-1.1484,-0.3242,other
11463,-0.0928,-0.187,1.0387,-3.5801,-1.1289,-0.3223,other
11486,-0.0928,-0.1874,1.0378,-3.5723,-1.1035,-0.3184,other
11509,-0.0912,-0.1882,1.0364,-3.5703,-1.0898,-0.3145,other
11532,-0.0902,-0.1892,1.0367,-3.5703,-1.0801,-0.3086,other
11555,-0.094,-0.1881,1.0387,-3.5742,-1.0723,-0.2988,other
11578,-0.0963,-0.1876,1.0363,-3.5879,-1.0391,-0.2891,other
11601,-0.0948,-0.199,1.0374,-3.6133,-0.9512,-0.2734,other
11624,-0.0911,-0.1809,1.0383,-3.6367,-0.8672,-0.2617,other
11647,-0.0924,-0.1881,1.0381,-3.6758,-0.752,-0.2422,other
11670,-0.0944,-0.1854,1.0406,-3.6973,-0.7129,-0.2246,other
11693,-0.0873,-0.1831,1.0343,-3.7051,-0.7305,-0.1914,other
11716,-0.0913,-0.1799,1.035,-3.668,-0.8164,-0.1445,other
11739,-0.083,-0.1459,1.0408,-3.6133,-0.8398,-0.0859,other
11762,-0.0142,-0.1368,1.0465,-3.4961,-0.6523,0.1055,other
11785,-0.0555,-0.1382,1.059,-3.4004,-0.2793,0.3984,other
11808,-0.0444,-0.1318,1.0623,-3.2715,0.6211,1.4629,other
11831,-0.2056,-0.2404,1.142,-3.2324,1.377,4.0078,other
11854,-0.1638,-0.1764,1.0875,-3.1895,1.2559,6.9941,other
11877,0.0087,-0.1385,1.0149,-2.4238,-1.0684,13.7715,other
11900,0.0021,-0.1028,1.0012,-0.8184,-4.6582,19.6152,other
11923,-0.0605,-0.0697,0.9963,3.9785,-13.0937,29.6543,other
11946,-0.0902,-0.1388,1.0861,8.75,-23.2266,40.166,other
11969,-0.0936,-0.1176,1.1028,17.4844,-29.1855,46.6211,other
11992,-0.0342,-0.0442,1.0612,26.8066,-35.1406,54.1504,other
12015,0.0643,-0.0092,1.0157,32.7207,-37.2109,57.166,other
12038,0.2345,0.0232,1.0027,40.4199,-39.0684,58.3672,other
12061,0.2561,-0.0266,1.0953,44.4355,-40.5254,57.1445,other
12084,0.0607,-0.0206,1.0023,48.2422,-43.8633,53.1016,other
12107,0.139,0.0533,0.9326,49.0625,-48.9082,48.0586,other
12130,0.3318,0.1531,1.0421,48.334,-53.5801,45.0645,other
12153,0.5505,0.2156,1.2423,47.1543,-62.9668,41.7559,other
12176,0.4993,0.2653,1.4313,47.5625,-64.0,40.209,other
12199,0.1666,0.151,1.1154,50.584,-64.0,38.582,other
12222,0.1786,0.047,0.8975,53.5625,-64.0,38.1816,other
12245,0.3937,0.0186,0.8943,52.9141,-64.0,38.832,other
12268,0.6499,-0.0148,1.1205,45.1895,-64.0,40.8164,other
12291,0.7898,-0.0126,1.257,35.2266,-64.0,42.2402,other
12314,0.6522,-0.0649,1.1563,14.2617,-62.6992,43.7539,other
12337,0.7307,-0.171,1.024,-11.6602,-52.668,44.7285,other
12360,0.8527,-0.2992,0.87,-30.5234,-48.125,45.5098,other
12383,0.8196,-0.2847,0.589,-58.9063,-46.1738,47.5586,other
12406,0.6648,-0.4227,0.2621,-64.0,-48.6621,49.957,other
12429,0.5612,-0.4362,0.1122,-64.0,-57.8457,55.8516,other
12452,0.4843,-0.4846,0.0609,-64.0,-64.0,61.4355,other
12475,0.406,-0.453,0.3271,-64.0,-64.0,63.998,other
12498,0.3661,-0.3967,0.5231,-64.0,-64.0,63.998,other
12521,0.2623,-0.363,0.7214,-64.0,-64.0,63.998,other
12544,0.1355,-0.3485,0.8375,-64.0,-63.3223,63.998,other
12567,0.1,-0.3259,0.9435,-64.0,-48.3828,63.998,other
12590,0.0776,-0.3086,1.0179,-52.4844,-22.5703,63.998,other
12613,-0.4437,-0.2788,2.0259,-19.416,3.4121,63.998,other
12636,0.8689,-0.2548,0.9932,1.1641,18.6875,63.998,other
12659,0.8309,-0.4979,0.6903,25.666,34.7305,63.998,other
12682,0.4263,-0.5275,0.6644,35.2344,40.1387,63.998,other
12705,0.3464,-0.5647,0.738,37.6191,42.1445,59.8457,other
12728,0.3147,-0.4135,1.0881,27.7207,40.3281,46.0918,other
12751,0.2869,-0.6023,0.9243,16.7793,38.5781,39.043,other
12774,-0.2198,-0.5404,0.8781,-2.2988,35.5352,33.1504,other
12797,0.5498,-0.6178,0.8943,-14.8535,32.2617,32.5527,other
12820,0.6042,-0.8668,0.8438,-30.4707,22.8496,34.9902,other
12843,0.455,-0.7711,0.6571,-37.5352,12.502,38.084,other
12866,0.4911,-0.7211,0.6531,-42.6387,-8.9883,38.9629,other
12889,0.21,-0.4189,0.6752,-42.2598,-34.8457,36.8672,other
12912,0.3354,-0.3911,0.6625,-39.9805,-51.9004,32.416,other
12935,0.6803,-0.7793,0.7479,-35.252,-64.0,20.1309,other
12958,1.1134,-0.7717,0.926,-31.877,-64.0,8.0977,other
12981,1.181,-0.7224,0.8367,-26.8633,-64.0,-14.5566,other
13004,0.8792,-0.8055,0.809,-21.9004,-64.0,-38.3516,other
13027,0.5436,-0.7858,0.7458,-18.5957,-55.3066,-50.8477,other
13050,0.5397,-0.7684,0.8361,-13.8555,-28.7969,-58.5527,other
13073,0.4703,-0.761,0.8313,-11.0059,-9.0,-54.3594,other
13096,0.5985,-0.8116,0.8441,-7.2969,19.9141,-34.0996,other
13119,0.6112,-0.7596,0.9142,-4.0332,44.0801,-0.9961,other
13142,0.4979,-0.6641,0.8563,-2.0625,56.2207,24.9355,other
13165,0.363,-0.7317,0.7032,-0.207,63.998,63.998,other
13188,0.3118,-0.8557,0.6584,-0.6191,63.998,63.998,other
13211,0.2631,-0.8374,0.5498,-5.168,63.998,63.998,other
13234,0.1443,-0.6399,0.679,-11.0352,62.498,63.998,other
13257,0.0239,-0.6121,0.7126,-22.3633,54.3848,63.998,other
13280,0.0189,-0.7162,0.6351,-32.8027,40.9902,63.998,other
13303,0.064,-0.6605,0.7479,-37.2012,31.9121,63.998,other
13326,0.0809,-0.5992,0.9106,-37.7539,19.6973,63.998,other
13349,0.0439,-0.644,0.8889,-33.5586,13.0488,63.998,other
13372,0.109,-0.7212,0.8527,-21.1836,5.543,63.998,other
13395,0.1144,-0.688,0.9058,-4.0977,0.6777,63.998,other
13418,0.0358,-0.6946,0.9084,8.2988,-1.2656,63.998,other
13441,0.0182,-0.7186,0.8136,26.1406,-2.4121,63.998,other
13464,-0.0728,-0.5902,0.8538,36.3594,-2.1855,63.998,other
13487,-0.1187,-0.4299,0.9666,47.9258,-0.75,63.998,other
13510,-0.0911,-0.4335,0.9133,54.4004,1.3379,59.1094,other
13533,-0.1053,-0.4899,0.786,55.4629,2.5977,57.4141,other
13556,-0.141,-0.4441,0.8737,51.4629,3.6641,57.5723,other
13579,-0.1414,-0.4061,0.9833,45.1992,3.6875,58.9551,other
13602,-0.1996,-0.399,0.9932,31.8633,2.9043,61.7051,other
13625,-0.2609,-0.4946,0.8975,16.0723,1.8535,63.623,other
13648,-0.2317,-0.6166,0.7668,5.8672,1.4902,63.6387,other
13671,-0.2043,-0.6893,0.7623,-8.9492,1.6582,61.0332,other
13694,-0.2389,-0.6979,0.8569,-17.9121,2.002,57.5137,other
13717,-0.2488,-0.693,0.8694,-29.1816,2.3496,50.1367,other
13740,-0.2969,-0.6117,0.8854,-34.7969,2.2734,44.3965,other
13763,-0.3455,-0.5515,0.845,-40.0859,1.3867,35.7832,other
13786,-0.3477,-0.5026,0.8921,-42.0742,-0.793,28.6895,other
13809,-0.3947,-0.4674,0.8975,-42.1172,-3.0742,25.4414,other
13832,-0.4296,-0.5154,0.8494,-41.2676,-7.543,23.1055,other
13855,-0.3427,-0.5897,0.845,-40.6621,-10.9609,23.0273,other
13878,-0.2611,-0.6589,0.8331,-40.3281,-16.2988,24.1367,other
13901,-0.2776,-0.6547,0.8451,-40.6836,-21.2676,25.0723,other
13924,-0.3173,-0.6479,0.8975,-40.957,-24.002,24.8555,other
13947,-0.2592,-0.71,0.8434,-40.7988,-26.8516,22.8145,other
13970,-0.2406,-0.7968,0.7576,-40.1406,-27.9102,20.377,other
13993,-0.2317,-0.8145,0.7336,-38.4258,-28.4277,15.5996,other
14016,-0.2024,-0.7737,0.8339,-35.9336,-28.043,10.3496,other
14039,-0.1943,-0.752,0.8522,-33.6855,-27.5469,7.0605,other
14062,-0.2151,-0.7894,0.817,-29.1855,-26.7285,3.0371,other
14085,-0.2157,-0.8082,0.8286,-25.4922,-26.2129,1.2441,other
14108,-0.1948,-0.7896,0.8303,-19.2891,-25.6133,0.2012,other
14131,-0.2216,-0.7208,0.8402,-14.9648,-25.4746,1.1426,other
14154,-0.2216,-0.7251,0.8844,-8.6543,-26.0195,2.8984,other
14177,-0.1561,-0.7775,0.8665,-3.2285,-27.8867,6.7031,other
14200,-0.0894,-0.7866,0.8195,-0.5703,-30.0352,9.752,other
14223,-0.1154,-0.7983,0.8445,1.166,-34.4727,14.3809,other
14246,-0.1017,-0.736,0.8766,0.5332,-37.9473,17.0938,other
14269,-0.0397,-0.7205,0.9143,-2.7969,-43.2988,19.9648,other
14292,-0.0187,-0.6688,0.9297,-7.668,-47.8379,20.582,other
14315,-0.045,-0.6184,0.9438,-10.8848,-49.7871,19.3457,other
14338,-0.0491,-0.6447,0.907,-14.6172,-50.2324,14.8184,other
14361,-0.0333,-0.6892,0.8319,-16.1387,-48.6563,10.2187,other
14384,-0.0131,-0.6918,0.8055,-17.2695,-43.6836,1.7383,other
14407,-0.0444,-0.6379,0.8719,-17.6855,-36.3398,-7.4219,other
14430,-0.1285,-0.6454,0.9972,-17.791,-30.5898,-13.2656,other
14453,0.0146,-0.74,0.8416,-17.9531,-21.457,-21.1055,other
14476,0.0754,-0.8156,0.7495,-18.4551,-15.7441,-25.7988,other
14499,0.0457,-0.8348,0.6857,-20.7871,-9.1113,-32.666,other
14522,0.0266,-0.7916,0.6584,-23.8281,-5.9844,-40.0273,other
14545,-0.017,-0.7704,0.62,-30.7246,-5.1699,-45.3574,other
14568,-0.0941,-0.786,0.6266,-39.748,-5.7969,-53.6484,other
14591,-0.137,-0.7878,0.7219,-46.2734,-6.4609,-58.877,other
14614,0.0765,-0.7529,0.7472,-55.6563,-7.0254,-64.0,other
14637,0.2856,-0.7505,0.6973,-61.1465,-6.9785,-64.0,other
14660,0.188,-0.7676,0.7296,-64.0,-6.4062,-64.0,other
14683,0.1676,-0.7383,0.7384,-64.0,-5.3945,-64.0,other
14706,0.3236,-0.8134,0.5834,-64.0,-4.5723,-64.0,other
14729,0.3661,-0.9014,0.5259,-64.0,-3.4785,-64.0,other
14752,0.3892,-0.8706,0.4952,-64.0,-3.084,-64.0,other
14775,0.3665,-0.8113,0.598,-64.0,-3.0391,-64.0,other
14798,0.385,-0.7712,0.6721,-64.0,-2.7383,-64.0,other
14821,0.4573,-0.8085,0.5906,-64.0,-1.5313,-64.0,other
14844,0.5186,-0.9307,0.3909,-64.0,2.666,-64.0,other
14867,0.5043,-1.0085,0.1931,-64.0,6.8281,-64.0,other
14890,0.4696,-1.0083,0.0184,-64.0,13.5078,-64.0,other
14913,0.4341,-1.041,-0.1567,-64.0,18.4727,-64.0,other
14936,0.4762,-1.095,-0.218,-64.0,20.2793,-58.6016,other
14959,0.6121,-1.0908,-0.0723,-64.0,21.5977,-49.2637,other
14982,0.6042,-1.0557,0.0135,-64.0,22.3887,-43.3574,other
15005,0.5115,-1.1034,0.0133,-64.0,24.0625,-35.918,other
15028,0.4648,-1.1107,-0.0946,-64.0,25.4102,-31.9375,other
15051,0.4392,-1.0829,-0.0873,-64.0,27.0586,-26.9707,other
15074,0.4159,-1.0377,-0.0909,-64.0,27.1523,-22.666,other
15097,0.5093,-1.089,-0.0066,-64.0,25.7891,-20.0469,other
15120,0.6465,-1.0757,-0.0984,-62.9434,20.8965,-16.6738,other
15143,0.577,-1.0537,-0.1681,-53.5293,15.4648,-15.0645,other
15166,0.4872,-0.9795,-0.223,-42.3926,4.332,-13.8965,other
15189,0.551,-0.9771,-0.1969,-35.9727,-9.3418,-14.0195,other
15212,0.6741,-1.011,-0.2131,-34.373,-19.125,-14.6777,other
15235,0.6776,-0.9817,-0.2939,-35.3477,-33.6992,-16.5098,other
15258,0.6364,-0.9626,-0.2964,-37.625,-42.7168,-18.2324,other
15281,0.5447,-0.9714,-0.1227,-41.9824,-53.5859,-21.1934,other
15304,0.5018,-0.9506,0.0221,-44.8203,-58.8008,-23.8223,other
15327,0.5706,-0.9689,0.0726,-44.3984,-58.2422,-24.9375,other
15350,0.6116,-0.9929,0.042,-39.541,-51.5254,-25.4219,other
15373,0.5798,-1.0154,-0.0562,-34.1895,-44.1367,-24.9688,other
15396,0.5029,-0.9474,-0.1691,-25.6504,-31.8828,-22.9492,other
15419,0.4385,-0.9664,-0.1588,-21.3867,-25.1113,-18.5234,other
15442,0.4722,-0.9325,-0.2233,-19.459,-19.6992,-15.4082,other
15465,0.5228,-0.9063,-0.0741,-24.041,-21.1934,-9.5195,other
15488,0.457,-0.86,-0.1567,-30.4531,-26.0547,-5.7578,other
15511,0.3452,-0.9524,-0.4993,-43.9473,-38.4902,-0.752,other
15534,0.6237,-0.9171,-0.6271,-54.8086,-49.4141,2.1602,other
15557,0.6586,-0.9,-0.552,-64.0,-64.0,5.748,other
15580,0.4774,-0.8834,-0.6461,-64.0,-64.0,8.2598,other
15603,0.2617,-0.8373,-0.6365,-64.0,-64.0,9.543,other
15626,0.4047,-0.8077,-0.4967,-64.0,-64.0,11.3281,other
15649,0.4998,-0.7643,-0.4874,-64.0,-64.0,12.3789,other
15672,0.4727,-0.7996,-0.6302,-64.0,-64.0,13.252,other
15695,0.4211,-0.7589,-0.6268,-64.0,-55.3145,12.9668,other
15718,0.3248,-0.791,-0.546,-64.0,-41.9297,12.1855,other
15741,0.4885,-0.8142,-0.5449,-64.0,-23.3262,10.3672,other
15764,0.6136,-0.8383,-0.6074,-64.0,-13.0,8.8203,other
15787,0.5448,-0.9119,-0.6188,-64.0,-2.4102,6.1934,other
15810,0.4192,-0.8855,-0.4812,-64.0,0.9434,3.7676,other
15833,0.3564,-0.8544,-0.3136,-62.5293,1.1719,2.6445,other
15856,0.3104,-0.8273,-0.4103,-58.9961,-2.6133,1.9922,other
15879,0.4415,-0.7827,-0.6355,-56.1895,-6.5703,2.0859,other
15902,0.4316,-0.7574,-0.2832,-51.7324,-13.9668,2.1426,other
15925,0.2528,-0.6621,-0.5306,-49.0996,-19.4707,1.4844,other
15948,0.3743,-0.6105,-1.087,-46.9922,-27.6543,-1.3691,other
15971,0.5824,-0.6747,-0.6444,-48.8848,-34.6641,-6.8262,other
15994,0.4147,-0.5471,-0.5435,-52.4238,-37.9688,-11.5078,other
16017,0.1738,-0.5493,-0.7332,-59.6055,-39.4297,-18.2441,other
16040,0.2356,-0.4236,-0.8395,-64.0,-37.2227,-21.2031,other
16063,0.2712,-0.3848,-0.7694,-64.0,-28.9063,-21.6211,other
16086,0.252,-0.1794,-0.6235,-64.0,-16.6777,-16.5273,other
16109,0.2173,-0.2716,-0.8329,-64.0,-8.0,-10.3418,other
16132,0.2535,-0.286,-0.9268,-64.0,3.8223,1.9063,other
16155,0.3838,-0.1602,-0.7898,-64.0,10.3262,11.0137,other
16178,0.3389,-0.1028,-0.8582,-64.0,17.3105,24.0801,other
16201,0.337,-0.0991,-0.9539,-64.0,19.6777,34.5508,other
16224,0.4745,-0.1067,-1.01,-64.0,17.7461,39.4883,other
16247,0.3662,-0.0948,-0.991,-64.0,9.0,43.5801,other
16270,0.2982,-0.0627,-0.8655,-64.0,0.1094,44.3379,other
16293,0.2371,-0.05,-0.8325,-64.0,-14.7734,43.4141,other
16316,0.24,-0.017,-0.7723,-64.0,-23.8242,42.0,other
16339,0.2245,0.0027,-0.9105,-64.0,-33.6973,39.459,other
16362,0.2166,0.0621,-0.9609,-64.0,-38.2207,37.0645,other
16385,0.235,0.0446,-1.121,-64.0,-38.8301,35.7969,other
16408,0.179,0.0217,-1.0447,-64.0,-38.0742,34.4688,other
16431,0.3033,0.171,-0.8496,-64.0,-37.332,33.8418,other
16454,0.3627,0.1482,-0.8536,-64.0,-36.3867,32.8301,other
16477,0.2141,0.1567,-0.9497,-64.0,-35.5527,31.2773,other
16500,0.0992,0.0521,-1.0879,-64.0,-34.8809,29.9668,other
16523,0.1542,0.062,-0.8422,-64.0,-33.2285,27.791,other
16546,0.2607,0.142,-0.7073,-64.0,-31.2988,26.1563,other
16569,0.1161,0.1151,-0.832,-64.0,-26.6797,23.1758,other
16592,0.0591,0.0884,-0.9695,-64.0,-20.0566,19.4941,other
16615,0.2539,0.1396,-0.8418,-64.0,-14.9316,16.666,other
16638,0.3575,0.1949,-0.8198,-60.8555,-7.6406,11.7012,other
16661,0.2804,0.2155,-0.9175,-54.2871,-4.127,7.8379,other
16684,0.0521,0.2278,-1.0581,-45.0801,-2.3145,1.5059,other
16707,0.0573,0.2063,-0.8816,-40.0117,-3.627,-2.6445,other
16730,0.2113,0.2212,-0.7975,-34.5586,-8.5742,-8.0312,other
16753,0.1993,0.1559,-0.8574,-31.5313,-15.4121,-11.9219,other
16776,0.1571,0.1846,-0.8596,-30.5586,-19.834,-13.5195,other
16799,0.1361,0.2753,-0.821,-29.959,-24.2227,-14.3125,other
16822,0.1565,0.3386,-0.7701,-29.6563,-24.7715,-13.8496,other
16845,0.2056,0.3894,-0.7574,-28.7637,-21.5449,-12.0898,other
16868,0.1949,0.3636,-0.9377,-27.4277,-14.5117,-9.7715,other
16891,0.1135,0.3544,-0.9279,-26.8223,-8.9531,-8.3105,other
16914,0.162,0.249,-0.9696,-27.2383,-1.3613,-6.8242,other
16937,0.0325,0.2468,-0.8223,-28.625,2.3828,-6.4824,other
16960,0.1561,0.2411,-0.7313,-31.8984,5.8047,-6.834,other
16983,0.2059,0.1919,-0.8318,-35.1289,7.3457,-8.0469,other
17006,0.2311,0.1543,-0.9373,-36.5059,7.6387,-9.2148,other
17029,0.1569,0.1295,-0.8827,-36.6621,6.916,-11.1191,other
17052,0.1086,0.1376,-0.7677,-35.1582,5.5918,-12.1602,other
17075,0.105,0.1641,-0.6676,-30.0371,2.7012,-12.8516,other
17098,0.1228,0.1868,-0.7087,-24.7148,0.5898,-12.1758,other
17121,0.1697,0.2007,-0.813,-14.7246,-2.2266,-10.9766,other
17144,0.1312,0.2306,-0.8599,-4.2637,-4.3105,-8.3184,other
17167,0.0884,0.2604,-0.7933,1.8184,-5.2305,-6.168,other
17190,0.1127,0.2974,-0.7516,8.3457,-5.7871,-2.7109,other
17213,0.1565,0.2844,-0.8185,10.5449,-5.6289,-0.4375,other
17236,0.1058,0.3152,-0.8402,10.2734,-5.0664,2.6758,other
17259,-0.0449,0.3087,-0.9161,5.9043,-4.9199,5.3398,other
17282,-0.1381,0.3254,-0.8009,1.1875,-5.3945,6.8652,other
17305,-0.0088,0.4039,-0.5624,-7.2754,-7.1641,8.5566,other
17328,0.457,0.3534,-1.2678,-13.0137,-9.1133,8.9336,other
17351,0.1575,0.4629,-0.8533,-20.8496,-13.5137,7.7461,other
17374,-0.0509,0.421,-0.7092,-26.6973,-19.0742,4.5762,other
17397,0.231,0.4093,-0.7463,-29.1055,-22.3906,1.7559,other
17420,0.1117,0.3326,-0.9386,-30.7715,-25.9688,-2.8086,other
17443,-0.0662,0.3302,-0.8807,-31.0527,-27.1699,-5.7402,other
17466,0.1034,0.3513,-0.7238,-31.1035,-26.6641,-9.6426,other
17489,0.0981,0.4012,-0.7146,-31.3438,-23.8086,-12.7812,other
17512,0.0682,0.4186,-0.7904,-32.5254,-21.0039,-14.4492,other
17535,0.0649,0.4033,-0.8115,-34.7871,-15.3164,-16.4707,other
17558,0.0421,0.4037,-0.802,-36.7734,-10.1504,-17.6387,other
17581,0.0298,0.447,-0.7396,-40.1602,0.0273,-19.3359,other
17604,0.058,0.4563,-0.7491,-42.5195,8.002,-20.5,other
17627,0.0424,0.4762,-0.6965,-45.9941,19.8047,-22.2832,other
17650,0.0615,0.5013,-0.7008,-49.1426,28.4727,-23.9648,other
17673,0.0059,0.5135,-0.629,-50.9336,31.1738,-24.9004,other
17696,0.0269,0.5126,-0.6515,-53.0352,30.1387,-25.7988,other
17719,-0.0293,0.5188,-0.6351,-54.0078,26.6602,-25.9219,other
17742,0.0052,0.5354,-0.5956,-54.6992,19.2266,-25.1895,other
17765,0.0529,0.5497,-0.609,-54.2637,11.8418,-23.1426,other
17788,0.0649,0.5641,-0.5833,-53.25,8.1602,-20.9609,other
17811,0.0333,0.5504,-0.6371,-50.6074,5.4785,-16.4883,other
17834,0.0571,0.5511,-0.5996,-48.1406,5.6094,-12.8555,other
17857,0.1422,0.5613,-0.5806,-43.5547,7.8262,-6.8613,other
17880,0.1012,0.5844,-0.5461,-38.0352,10.9316,-0.8887,other
17903,0.1454,0.5773,-0.6616,-34.2754,12.8086,2.666,other
17926,0.1204,0.573,-0.6387,-28.2188,14.5137,6.7715,other
17949,0.049,0.5781,-0.6178,-24.1973,14.4863,8.4121,bite
17972,-0.0449,0.576,-0.6287,-18.541,12.2324,8.9395,bite
17995,0.0994,0.5734,-0.5541,-15.2383,9.2734,8.0293,bite
18018,0.189,0.5721,-0.583,-11.2852,3.1895,5.1816,bite
18041,0.0579,0.5778,-0.5809,-8.5996,-3.9375,1.1875,bite
18064,0.0269,0.594,-0.6222,-7.3535,-8.7168,-1.8926,bite
18087,0.0455,0.5607,-0.6605,-5.9102,-15.2969,-6.9102,bite
18110,-0.2133,0.5653,-0.6198,-5.0547,-19.0234,-10.2773,bite
18133,0.0812,0.5862,-0.6379,-3.7734,-23.0781,-14.6699,bite
18156,-0.0316,0.5714,-0.575,-2.3906,-24.5488,-17.4961,bite
18179,0.0154,0.5812,-0.6411,-1.3965,-23.7246,-18.1836,bite
18202,0.0427,0.5609,-0.6237,0.1426,-19.3555,-17.1328,bite
18225,0.1003,0.5503,-0.5812,1.1055,-14.4082,-15.0332,bite
18248,0.0801,0.5781,-0.6112,2.2246,-4.8164,-10.1582,bite
18271,0.0182,0.5635,-0.6804,2.7812,5.7793,-4.1582,bite
18294,0.0427,0.5713,-0.6642,2.8105,12.5684,-0.1152,bite
18317,0.1569,0.567,-0.5674,2.3828,21.3555,5.332,bite
18340,0.0851,0.5647,-0.6364,1.8164,25.7695,8.2852,bite
18363,0.0728,0.5626,-0.6709,0.6328,29.623,11.3984,bite
18386,0.1165,0.5684,-0.5911,-0.3047,30.1719,12.6895,bite
18409,0.1337,0.569,-0.573,-1.7559,27.8418,12.4785,bite
18432,0.0376,0.5676,-0.629,-3.0,21.8438,10.6074,bite
18455,0.0444,0.5645,-0.6488,-3.5703,16.1777,8.4395,bite
18478,0.0304,0.5527,-0.6405,-3.916,6.2383,4.248,bite
18501,0.0627,0.5474,-0.6282,-3.8027,-0.5293,1.1992,bite
18524,0.0664,0.5592,-0.6304,-3.1738,-9.3887,-3.0293,bite
18547,0.0477,0.5449,-0.6144,-2.0566,-15.2227,-6.0605,bite
18570,0.0808,0.5527,-0.6283,-1.0664,-16.9551,-7.1191,bite
18593,0.0813,0.5432,-0.656,0.7441,-16.2539,-7.1406,bite
18616,0.0496,0.5491,-0.6534,2.1348,-13.8477,-6.2129,bite
18639,0.0482,0.5415,-0.639,4.416,-8.1914,-3.8164,bite
18662,0.0425,0.5398,-0.6027,6.834,-1.4375,-0.7812,bite
18685,0.0337,0.5353,-0.6058,8.4902,2.916,1.3652,bite
18708,0.0372,0.5352,-0.5846,11.0898,8.3496,4.6816,bite
18731,0.0978,0.5105,-0.6014,13.0,10.9473,7.0586,bite
18754,0.1471,0.502,-0.678,16.4199,13.1406,11.2246,bite
18777,0.1414,0.5569,-0.6482,19.2813,13.6035,16.4785,bite
18800,0.1376,0.4957,-0.725,24.6855,13.2129,20.6094,bite
18823,0.1326,0.4999,-0.7684,31.1953,11.4551,27.4063,bite
18846,0.156,0.4891,-0.7832,35.7852,9.1895,31.9648,bite
18869,0.2332,0.4403,-1.0234,42.4316,3.9336,37.9746,bite
18892,0.3147,0.4462,-1.1714,46.4512,-0.498,40.9043,bite
18915,0.1678,0.4161,-1.1766,52.0391,-7.1152,43.1621,bite
18938,0.2129,0.3608,-1.0728,58.2461,-10.8398,43.1563,bite
18961,0.3147,0.2678,-1.0685,63.4258,-10.248,42.3535,bite
18984,0.4294,0.2068,-1.1248,63.998,-4.1875,40.6875,bite
19007,0.4568,0.1705,-1.0093,63.998,2.6445,39.6543,bite
19030,0.3844,0.1002,-0.775,63.998,15.1699,38.957,bite
19053,0.3776,-0.0427,-0.7792,63.998,28.6035,40.3418,bite
19076,0.3728,-0.1174,-0.7748,63.998,37.4453,42.9961,bite
19099,0.4135,-0.1769,-0.7725,63.998,49.5762,50.1465,bite
19122,0.421,-0.1428,-0.6794,63.998,56.043,57.0859,bite
19145,0.1932,-0.309,-0.6627,63.998,62.2129,63.998,bite
19168,0.3069,-0.4187,-0.7031,63.998,63.998,63.998,bite
19191,0.2825,-0.51,-0.6796,63.998,63.998,63.998,bite
19214,0.447,-0.5341,-0.6083,63.998,63.998,63.998,bite
19237,0.5155,-0.5774,-0.5825,63.998,63.998,63.998,bite
19260,0.3971,-0.6312,-0.5383,63.998,63.998,63.998,bite
19283,0.4092,-0.6396,-0.474,63.998,63.998,63.998,bite
19306,0.5399,-0.687,-0.516,63.998,63.998,63.998,bite
19329,0.5192,-0.7327,-0.528,63.998,63.998,63.998,bite
19352,0.7014,-0.7726,-0.579,63.998,63.998,63.998,bite
19375,0.8531,-0.7848,-0.4733,63.998,63.998,63.998,bite
19398,0.7445,-0.8337,-0.4659,63.998,63.998,63.998,bite
19421,0.6671,-0.8462,-0.52,56.3789,59.8398,63.998,bite
19444,0.7092,-0.8169,-0.4902,41.3223,49.2305,60.5547,bite
19467,0.7312,-0.8391,-0.5361,31.5371,41.6387,56.7051,bite
19490,0.668,-0.7988,-0.413,17.6582,30.2285,55.0547,bite
19513,0.488,-0.7582,-0.3419,9.2266,23.2383,56.6367,bite
19536,0.3741,-0.7233,-0.3995,-1.752,15.0059,62.541,bite
19559,0.3818,-0.6991,-0.5072,-10.668,10.5566,63.998,bite
19582,0.3248,-0.7029,-0.5288,-15.6387,9.7637,63.998,bite
19605,0.1709,-0.6991,-0.5706,-21.8848,11.416,63.998,bite
19628,0.1309,-0.6809,-0.5483,-25.2754,14.0645,63.998,bite
19651,0.2003,-0.705,-0.5668,-29.166,19.3477,63.998,bite
19674,0.2952,-0.7629,-0.7307,-31.0234,22.8496,63.998,bite
19697,0.4087,-0.7611,-0.7848,-33.0273,26.418,63.998,bite
19720,0.2826,-0.7587,-0.7156,-34.3438,26.7246,63.998,bite
19743,0.1385,-0.7811,-0.6169,-34.6953,25.1992,63.998,bite
19766,0.1023,-0.7832,-0.588,-33.9648,21.4141,63.998,bite
19789,0.2246,-0.7704,-0.6107,-32.4551,18.5371,63.998,bite
19812,0.3359,-0.7722,-0.6865,-28.7129,14.3086,60.0977,bite
19835,0.2489,-0.7662,-0.6705,-23.6484,10.5469,50.4336,bite
19858,0.1903,-0.7766,-0.6279,-19.8223,8.6035,44.8613,bite
19881,0.136,-0.7736,-0.548,-13.7891,7.123,38.1152,bite
19904,0.1868,-0.7583,-0.5736,-9.8164,7.2363,34.6973,bite
19927,0.2444,-0.7161,-0.7062,-4.4941,8.7129,30.7773,bite
19950,0.2913,-0.6967,-0.797,-0.5586,10.9902,27.4355,other
19973,0.3269,-0.7511,-0.7341,1.207,12.7344,25.0898,other
19996,0.1011,-0.5353,-0.4506,3.1074,15.6719,21.2285,other
20019,-0.2583,-0.569,-0.2632,4.373,17.8145,18.4668,other
20042,0.1409,-0.679,-0.9139,6.4355,20.6074,13.8008,other
20065,0.4677,-0.6698,-0.7369,7.4414,20.6367,7.3887,other
20088,0.2982,-0.6429,-0.6711,7.9355,17.9668,1.4824,other
20111,-0.0481,-0.5543,-0.6212,8.0859,9.8496,-9.9277,other
20134,-0.2078,-0.5751,-0.6283,8.9687,2.9883,-18.8301,other
20157,-0.1351,-0.538,-0.1537,12.8457,-7.1641,-33.4844,other
20180,0.0193,-0.6229,-0.186,17.4648,-13.5508,-44.0039,other
20203,0.2593,-0.6395,-0.4347,26.373,-23.7461,-60.7109,other
20226,0.5134,-0.6097,-0.4799,34.4082,-36.3945,-64.0,other
20249,0.481,-0.5955,-0.5594,37.2871,-46.6172,-64.0,other
20272,0.6256,-0.5258,-0.748,35.7383,-64.0,-64.0,other
20295,1.0262,-0.4011,-0.8397,30.2578,-64.0,-64.0,other
20318,1.1561,-0.3932,-1.0365,15.8457,-64.0,-64.0,other
20341,0.7512,-0.4758,-1.0549,-3.9609,-64.0,-64.0,other
20364,0.4856,-0.548,-1.0879,-18.4824,-64.0,-64.0,other
20387,0.6659,-0.5167,-1.2754,-39.1309,-64.0,-64.0,other
20410,0.7336,-0.4758,-1.0831,-50.2148,-64.0,-64.0,other
20433,0.5635,-0.4878,-0.8269,-59.6719,-64.0,-64.0,other
20456,0.3903,-0.4994,-0.7996,-59.8926,-64.0,-64.0,other
20479,0.3424,-0.5627,-0.9821,-50.707,-64.0,-64.0,other
20502,0.3777,-0.4935,-0.736,-32.2676,-64.0,-64.0,other
20525,0.5475,-0.5186,-0.6979,-16.7695,-52.0703,-64.0,other
20548,0.4835,-0.5585,-0.8336,7.9258,-26.4668,-51.2813,other
20571,0.4312,-0.5251,-0.7734,23.3652,-12.1309,-37.6816,other
20594,0.2645,-0.5699,-0.8959,42.1797,3.2129,-18.6504,other
20617,0.265,-0.5363,-0.8175,53.7207,10.373,-1.8184,other
20640,0.4476,-0.5385,-0.7709,57.0977,10.834,7.9492,other
20663,0.4791,-0.5491,-0.8146,56.6602,5.9199,19.7676,other
20686,0.2345,-0.5651,-0.8237,53.6758,-0.4648,25.4043,other
20709,0.08,-0.4911,-0.7643,47.0078,-13.252,30.625,other
20732,0.1442,-0.5552,-0.7156,39.7148,-27.4648,32.959,other
20755,0.2485,-0.608,-0.7739,35.2871,-36.0762,33.5039,other
20778,0.3088,-0.7219,-0.7836,29.5723,-45.5547,33.3906,other
20801,0.3494,-0.7164,-0.9958,25.9297,-49.1133,32.8516,other
20824,0.1465,-0.5863,-1.1638,18.9316,-51.6191,31.7559,other
20847,0.088,-0.495,-0.9243,8.0566,-53.0879,31.4648,other
20870,0.0197,-0.4293,-0.8414,-1.4707,-53.0684,32.2949,other
20893,-0.058,-0.4449,-0.9227,-17.7656,-48.1855,35.123,other
20916,0.0442,-0.5325,-0.9432,-28.8027,-39.9551,37.5898,other
20939,0.2944,-0.54,-0.8936,-43.2852,-19.4414,40.502,other
20962,0.317,-0.4995,-0.7031,-50.0742,-1.5781,40.293,other
20985,0.3053,-0.5367,-0.778,-53.8809,27.7754,37.623,other
21008,0.3833,-0.5734,-0.7719,-49.3809,55.7188,30.3809,other
21031,0.4303,-0.5873,-0.797,-42.4238,63.998,24.0234,other
21054,0.3492,-0.5802,-0.6873,-28.0137,63.998,13.7051,other
21077,0.332,-0.6771,-0.5458,-16.9785,63.998,7.0996,other
21100,0.5505,-0.5291,-0.547,-0.1895,63.998,-1.6953,other
21123,0.6747,-0.5697,-0.6188,14.6328,63.998,-9.2305,other
21146,0.6842,-0.6383,-0.6,22.1523,63.998,-13.6465,other
21169,0.5714,-0.6763,-0.7657,28.1914,63.998,-18.9531,other
21192,0.4819,-0.6384,-0.7777,28.0313,52.7012,-21.0508,other
21215,0.385,-0.5803,-0.777,21.3086,29.1699,-21.0059,other
21238,0.3279,-0.5261,-0.7806,8.0312,7.041,-16.498,other
21261,0.2593,-0.4827,-0.845,-3.2246,-5.3125,-11.1543,other
21284,0.2434,-0.4534,-0.8816,-21.3965,-18.9746,-0.5469,other
21307,0.1234,-0.4581,-0.7419,-32.9199,-24.8926,7.4902,other
21330,0.1832,-0.3405,-0.5481,-46.8359,-29.0703,19.3906,other
21353,0.488,-0.3812,-0.6956,-52.7383,-28.5332,28.9355,other
21376,0.4924,-0.3934,-0.8224,-55.9727,-23.5449,32.9648,other
21399,0.4294,-0.4312,-0.8861,-53.4922,-15.2695,35.0039,other
21422,0.4175,-0.4253,-0.7866,-49.4844,-7.9746,34.043,other
21445,0.5011,-0.451,-0.6648,-40.7793,6.5391,30.3691,other
21468,0.6498,-0.4902,-0.5436,-33.4355,18.8418,27.1777,other
21491,0.7809,-0.5492,-0.5442,-20.5879,40.6133,22.1309,other
21514,0.8334,-0.5757,-0.6616,-6.7305,63.998,17.1719,other
21537,0.7631,-0.5609,-0.5376,2.1484,63.998,14.0156,other
21560,0.6837,-0.557,-0.4847,13.7676,63.998,9.7832,other
21583,0.6348,-0.5635,-0.4541,20.043,63.998,7.5137,other
21606,0.7056,-0.6136,-0.3909,27.0449,63.998,5.2207,other
21629,0.7349,-0.6356,-0.4767,31.0508,63.998,4.1738,other
21652,0.7463,-0.6609,-0.6591,31.877,63.998,3.9199,other
21675,0.7971,-0.6361,-0.6497,29.9883,63.998,3.7656,other
21698,0.755,-0.5945,-0.6162,26.6699,63.998,3.6035,other
21721,0.6299,-0.5583,-0.5696,19.2559,55.8066,3.0977,other
21744,0.5748,-0.5433,-0.6011,13.3125,27.2305,2.3262,other
21767,0.5272,-0.5327,-0.6193,4.0137,7.6973,1.7148,other
21790,0.4934,-0.4941,-0.6476,-4.5391,-20.459,0.6035,other
21813,0.4482,-0.4977,-0.6245,-9.2148,-37.8398,-0.3477,other
21836,0.4839,-0.4272,-0.5844,-13.8691,-61.2832,-2.2773,other
21859,0.6549,-0.3875,-0.5272,-15.0547,-64.0,-4.0195,other
21882,0.728,-0.4747,-0.5487,-13.873,-64.0,-7.5039,other
21905,0.6001,-0.4915,-0.6298,-9.9375,-64.0,-11.8887,other
21928,0.5306,-0.5065,-0.5962,-6.5547,-64.0,-14.8574,other
21951,0.5897,-0.5295,-0.5509,-1.4805,-64.0,-18.4121,other
21974,0.6792,-0.5442,-0.5573,1.416,-64.0,-19.7988,other
21997,0.6602,-0.5563,-0.6489,4.4531,-52.8223,-20.2344,other
22020,0.6053,-0.5549,-0.6903,5.4492,-26.9512,-18.8594,other
22043,0.5637,-0.549,-0.6987,4.8984,-11.0039,-17.0723,other
22066,0.5649,-0.5297,-0.6774,2.5449,8.2344,-13.3379,other
22089,0.5844,-0.5186,-0.718,0.3047,17.0801,-10.3672,other
22112,0.6049,-0.5101,-0.7728,-3.4141,24.002,-5.6738,other
22135,0.6141,-0.491,-0.7656,-6.9141,23.9707,-1.3086,other
22158,0.597,-0.4854,-0.7485,-8.8496,20.8613,1.1445,other
22181,0.6191,-0.4796,-0.6956,-10.8926,13.1426,3.9199,other
22204,0.5457,-0.5037,-0.7108,-11.6504,6.9023,5.1836,other
22227,0.4155,-0.4561,-0.6686,-12.0508,-2.7051,6.5137,other
22250,0.3728,-0.4448,-0.7053,-12.0156,-8.627,7.248,other
22273,0.3976,-0.4037,-0.769,-11.8555,-16.3613,8.2812,other
22296,0.3933,-0.3949,-0.7649,-11.8066,-23.1758,9.0078,other
22319,0.3925,-0.4447,-0.6995,-11.7754,-27.6348,9.0684,other
22342,0.439,-0.5079,-0.6603,-11.3145,-34.3262,8.1836,other
22365,0.4814,-0.4979,-0.6156,-10.4336,-38.6289,6.8926,other
22388,0.4755,-0.5414,-0.6206,-7.9414,-44.5586,4.1914,other
22411,0.4586,-0.5583,-0.6157,-4.3242,-49.6309,1.252,other
22434,0.4073,-0.5498,-0.7072,-1.8535,-52.5332,-0.3926,other
22457,0.3414,-0.5131,-0.8124,0.5547,-56.3652,-1.6836,other
22480,0.3229,-0.5344,-0.9437,0.4414,-58.7422,-1.4219,other
22503,0.3038,-0.5059,-1.0621,-3.2266,-62.4961,0.8105,other
22526,0.2788,-0.5165,-0.9023,-10.6836,-64.0,4.7969,other
22549,0.186,-0.4506,-0.8339,-16.584,-64.0,7.959,other
22572,0.1533,-0.4669,-0.8126,-24.1719,-64.0,12.6523,other
22595,0.1223,-0.5438,-0.7906,-26.9844,-64.0,15.2812,other
22618,0.1,-0.6466,-0.6818,-26.3574,-61.873,17.7188,other
22641,0.2592,-0.6884,-0.7794,-22.5957,-53.5488,17.6465,other
22664,0.4384,-0.6111,-1.0332,-13.4062,-37.7305,15.9453,other
22687,0.3456,-0.5414,-1.0311,-3.5234,-21.2715,10.9492,other
22710,0.2041,-0.5179,-0.8038,1.5859,-11.9004,6.4375,other
22733,0.1896,-0.524,-0.7379,5.9863,-1.5098,-0.7129,other
22756,0.2863,-0.5001,-0.7715,6.9648,3.2715,-4.9121,other
22779,0.3557,-0.5087,-0.8361,6.3125,8.1094,-9.5195,other
22802,0.3665,-0.4899,-0.8354,3.9219,10.248,-11.9277,other
22825,0.2747,-0.4912,-0.8063,1.7305,9.9199,-12.4805,other
22848,0.2166,-0.4744,-0.8365,-1.9238,6.8477,-12.0684,other
22871,0.2262,-0.4817,-0.8939,-4.3457,3.5293,-11.1543,other
22894,0.2632,-0.4858,-0.8767,-7.627,-2.127,-9.1816,other
22917,0.2422,-0.4988,-0.8513,-10.125,-7.0605,-6.9668,other
22940,0.2015,-0.4987,-0.8082,-11.168,-9.2598,-5.5762,other
22963,0.214,-0.4977,-0.7729,-11.6328,-10.2598,-3.7773,other
22986,0.2573,-0.4916,-0.7784,-11.2246,-9.3359,-2.834,other
23009,0.303,-0.4922,-0.78,-9.8086,-6.1641,-1.9336,other
23032,0.3635,-0.4962,-0.8088,-8.582,-2.4551,-1.7969,other
23055,0.377,-0.5028,-0.7797,-6.7949,0.4434,-2.1602,other
23078,0.3616,-0.4972,-0.7767,-5.4375,3.2949,-3.25,other
23101,0.333,-0.5048,-0.7775,-4.8594,4.4648,-4.1445,other
23124,0.3059,-0.5006,-0.7772,-4.5469,5.2637,-5.3184,other
23147,0.2653,-0.486,-0.7773,-4.748,5.3184,-5.7617,other
23170,0.2494,-0.4739,-0.7859,-5.7246,5.0078,-5.6543,other
23193,0.2767,-0.465,-0.8488,-7.5566,4.5645,-4.5684,other
23216,0.2788,-0.4539,-0.861,-9.2441,4.2559,-3.4297,other
23239,0.2922,-0.4506,-0.8685,-12.3418,3.6797,-1.4551,other
23262,0.3003,-0.4468,-0.8495,-14.6152,3.168,-0.1777,other
23285,0.2941,-0.4358,-0.8239,-17.9121,2.1973,1.3887,other
23308,0.2893,-0.4309,-0.8262,-20.541,1.0684,2.3496,other
23331,0.3064,-0.4312,-0.8506,-21.707,0.2949,2.6172,other
23354,0.3176,-0.4275,-0.8724,-22.4492,-0.7441,2.5039,other
23377,0.3176,-0.4221,-0.9091,-22.2988,-1.25,2.1484,other
23400,0.2819,-0.4148,-0.8701,-21.2266,-1.4883,1.3945,other
23423,0.2646,-0.41,-0.8253,-19.0254,-0.7363,0.6641,other
23446,0.2911,-0.4113,-0.8275,-17.6074,0.377,0.3125,other
23469,0.3375,-0.4225,-0.8564,-14.6875,2.5723,0.0078,other
23492,0.3347,-0.4299,-0.8785,-12.6543,3.9648,-0.1094,other
23515,0.3148,-0.426,-0.8273,-9.7578,5.2207,-0.2734,other
23538,0.3009,-0.4297,-0.8171,-8.0059,5.2637,-0.4023,other
23561,0.2985,-0.4312,-0.8076,-5.668,4.2109,-0.6211,other
23584,0.3065,-0.4327,-0.802,-3.6836,2.3594,-0.8223,other
23607,0.2903,-0.4352,-0.8024,-2.5801,1.0352,-0.9238,other
23630,0.2791,-0.436,-0.7926,-1.3359,-0.6465,-1.0078,other
23653,0.2893,-0.4316,-0.8131,-0.8301,-1.3633,-1.0117,other
23676,0.3158,-0.431,-0.8516,-0.627,-1.6152,-0.9688,other
23699,0.355,-0.4268,-0.8809,-1.1387,-0.8828,-0.9336,other
23722,0.3569,-0.4126,-0.8447,-1.8418,-0.0664,-0.957,other
23745,0.3002,-0.4144,-0.8129,-3.2129,1.1621,-1.0664,other
23768,0.3064,-0.415,-0.8047,-4.1426,1.7969,-1.1406,other
23791,0.3373,-0.422,-0.8428,-5.2676,2.3906,-1.1758,other
23814,0.3412,-0.428,-0.8634,-5.9023,2.5234,-1.1016,other
23837,0.2812,-0.4271,-0.8264,-6.0469,2.3281,-0.998,other
23860,0.2986,-0.4237,-0.7739,-5.8652,1.7754,-0.7461,other
23883,0.3145,-0.425,-0.8031,-5.5039,1.4141,-0.5117,other
23906,0.3285,-0.4277,-0.8608,-4.7461,0.998,-0.1094,other
23929,0.3265,-0.4264,-0.8486,-4.2363,0.6875,0.1328,other
23952,0.3041,-0.4203,-0.811,-3.6641,-0.1387,0.3789,other
23975,0.2915,-0.4204,-0.776,-3.3984,-1.541,0.459,other
23998,0.3232,-0.4185,-0.778,-3.3848,-2.7051,0.4336,other
24021,0.3541,-0.4232,-0.8098,-3.6523,-4.5859,0.3047,other
24044,0.3091,-0.425,-0.8601,-4.1074,-5.8437,0.1934,other
24067,0.3132,-0.4147,-0.7849,-5.3633,-7.5078,0.125,other
24090,0.3684,-0.4117,-0.7802,-7.3086,-8.4668,0.3691,other
24113,0.2805,-0.3767,-0.83,-8.9609,-8.5645,0.8027,other
24136,0.2205,-0.39,-0.8585,-12.0449,-7.9492,2.002,other
24159,0.2487,-0.3507,-0.7971,-14.5488,-7.1211,3.1621,other
24182,0.3196,-0.3904,-0.718,-18.9277,-5.6465,5.127,other
24205,0.3428,-0.3457,-0.7992,-24.0332,-5.2598,6.752,other
24228,0.1965,-0.2722,-1.0497,-28.0391,-6.6367,7.4414,other
24251,0.2111,-0.3387,-0.9875,-35.3438,-11.5527,7.998,other
24274,0.235,-0.2711,-0.9453,-40.8438,-15.8594,8.1934,other
24297,0.2582,-0.2596,-0.9583,-48.7227,-21.8105,8.3262,other
24320,0.2266,-0.245,-0.9714,-52.8047,-25.6211,8.1816,other
24343,0.1899,-0.2394,-0.9885,-55.918,-26.5352,7.8418,other
24366,0.1962,-0.2446,-0.9962,-54.6914,-25.7129,6.8867,other
24389,0.1854,-0.2468,-0.9384,-51.4414,-23.7832,5.9512,other
24412,0.1689,-0.2545,-0.8683,-43.3301,-19.0215,4.2051,other
24435,0.1693,-0.2633,-0.8174,-36.207,-14.7734,2.9297,other
24458,0.2161,-0.2728,-0.8403,-24.0605,-7.4043,1.043,other
24481,0.28,-0.2821,-0.9043,-11.8613,-0.1543,-0.7148,other
24504,0.2904,-0.2844,-0.933,-4.6719,3.7598,-1.8242,other
24527,0.2583,-0.2822,-0.9077,3.6035,7.4102,-3.377,other
24550,0.2468,-0.2749,-0.8818,7.1621,8.3027,-4.2676,other
24573,0.2396,-0.3125,-0.8856,9.6582,7.6973,-5.2402,other
24596,0.2087,-0.2881,-0.8663,9.3848,5.5059,-5.6543,other
24619,0.2201,-0.2827,-0.8597,8.1426,3.7129,-5.5937,other
24642,0.2449,-0.2831,-0.8915,5.4258,1.2891,-5.0625,other
24665,0.2417,-0.2878,-0.905,3.3984,0.1055,-4.5176,other
24688,0.2499,-0.2784,-0.8931,0.4629,-0.9238,-3.623,other
24711,0.27,-0.2737,-0.8945,-1.2461,-1.2441,-2.8555,other
24734,0.2659,-0.2745,-0.8971,-3.2402,-1.2402,-2.4961,other
24757,0.2551,-0.2782,-0.9047,-4.4512,-1.0898,-2.2285,other
24780,0.2494,-0.2776,-0.8982,-4.832,-0.9336,-2.1992,other
24803,0.2294,-0.2806,-0.8804,-4.8496,-0.6543,-2.2773,other
24826,0.2321,-0.2894,-0.8728,-4.5605,-0.4414,-2.3477,other
24849,0.2518,-0.2902,-0.8669,-3.8301,-0.0449,-2.3926,other
24872,0.2539,-0.291,-0.8792,-2.9629,0.4941,-2.3398,other
24895,0.2498,-0.2896,-0.8759,-2.4512,0.9355,-2.25,other
24918,0.2662,-0.2871,-0.8663,-1.9629,1.7012,-2.043,other
24941,0.2816,-0.288,-0.8694,-1.8945,2.2441,-1.8711,other
24964,0.2721,-0.2812,-0.8809,-2.2422,3.002,-1.5918,other
24987,0.2579,-0.2767,-0.8906,-3.1387,3.6074,-1.2949,other
25010,0.2584,-0.2684,-0.8981,-4.0059,3.9121,-1.082,other
25033,0.2677,-0.2625,-0.9078,-5.584,4.1719,-0.7461,other
25056,0.264,-0.2589,-0.9025,-6.7129,4.1562,-0.5352,other
25079,0.2601,-0.259,-0.9163,-8.2969,3.8027,-0.2812,other
25102,0.2762,-0.259,-0.9153,-9.4961,3.1211,-0.1445,other
25125,0.2765,-0.2604,-0.9097,-9.9668,2.5391,-0.1348,other
25148,0.2697,-0.2626,-0.8925,-10.0547,1.5098,-0.25,other
25171,0.2654,-0.2693,-0.8601,-9.668,0.752,-0.3945,other
25194,0.2614,-0.2791,-0.8545,-8.4629,-0.3906,-0.6719,other
25217,0.2748,-0.274,-0.8625,-7.334,-1.0625,-0.8652,other
25240,0.2876,-0.2733,-0.8889,-5.4434,-1.8008,-1.1309,other
25263,0.2673,-0.2695,-0.8938,-3.7324,-2.1816,-1.3262,other
25286,0.2504,-0.2628,-0.8726,-2.8867,-2.252,-1.3867,other
25309,0.2574,-0.2595,-0.8752,-2.2031,-2.1035,-1.3184,other
25332,0.2687,-0.2601,-0.8927,-2.1426,-1.8789,-1.1641,other
25355,0.272,-0.2599,-0.8992,-2.5879,-1.4824,-0.8125,other
25378,0.2712,-0.26,-0.8983,-3.5059,-1.209,-0.4043,other
25401,0.2639,-0.26,-0.8976,-4.2559,-1.1504,-0.1426,other
25424,0.2512,-0.26,-0.9008,-5.3613,-1.207,0.209,other
25447,0.2567,-0.26,-0.8813,-5.9746,-1.2813,0.4023,other
25470,0.2668,-0.26,-0.8838,-6.5566,-1.3984,0.6055,other
25493,0.2672,-0.2601,-0.8828,-6.6758,-1.5664,0.6621,other
25516,0.2546,-0.261,-0.8663,-6.5273,-1.7188,0.6113,other
25539,0.2578,-0.2599,-0.864,-6.0762,-1.9785,0.4336,other
25562,0.2706,-0.2615,-0.8943,-5.7187,-2.1523,0.2773,other
25585,0.267,-0.2601,-0.9099,-5.2949,-2.4082,0.0137,other
25608,0.2631,-0.2595,-0.9098,-5.1758,-2.5879,-0.2383,other
25631,0.2562,-0.2572,-0.8861,-5.293,-2.8809,-0.3711,other
25654,0.2466,-0.2568,-0.8849,-5.6582,-3.127,-0.4805,other
25677,0.2526,-0.2578,-0.8945,-5.9492,-3.1836,-0.4766,other
25700,0.2518,-0.2537,-0.8865,-6.3418,-3.0215,-0.373,other
25723,0.2758,-0.2555,-0.9056,-6.5273,-2.7422,-0.2676,other
25746,0.2834,-0.2603,-0.9149,-6.6562,-2.1836,-0.123,other
25769,0.24,-0.2494,-0.8722,-6.5879,-1.6699,-0.0645,other
25792,0.2301,-0.2543,-0.8604,-6.4082,-1.3867,-0.0645,other
25815,0.2615,-0.2551,-0.8915,-5.9434,-0.9883,-0.0937,other
25838,0.2797,-0.2506,-0.9218,-5.5547,-0.7441,-0.1387,other
25861,0.2783,-0.2511,-0.9258,-4.9941,-0.5098,-0.2773,other
25884,0.2627,-0.25,-0.8906,-4.5547,-0.5566,-0.5098,other
25907,0.2379,-0.2532,-0.8668,-4.3027,-0.7402,-0.6875,other
25930,0.2388,-0.2601,-0.8662,-3.8887,-1.1016,-0.918,other
25953,0.2644,-0.26,-0.8855,-3.5625,-1.3027,-1.0234,other
25976,0.2959,-0.26,-0.9124,-3.0488,-1.4727,-1.125,other
25999,0.2833,-0.2599,-0.8981,-2.748,-1.5547,-1.2109,other
26022,0.2405,-0.2554,-0.8719,-2.4297,-1.584,-1.2559,other
26045,0.2416,-0.2601,-0.8748,-2.2578,-1.4824,-1.248,other
26068,0.2732,-0.254,-0.887,-2.207,-1.2402,-1.1641,other
26091,0.2849,-0.2582,-0.8988,-2.2266,-0.5996,-0.9434,other
26114,0.2784,-0.2604,-0.9063,-2.3164,-0.0742,-0.7676,other
26137,0.2551,-0.2589,-0.8768,-2.5664,0.6426,-0.5117,other
26160,0.2429,-0.2566,-0.865,-2.8965,1.0781,-0.2754,other
26183,0.2571,-0.26,-0.8854,-3.123,1.1621,-0.1309,other
26206,0.2765,-0.2598,-0.895,-3.4648,0.9551,0.0273,other
26229,0.275,-0.2574,-0.9042,-3.707,0.5996,0.0684,other
26252,0.2659,-0.2518,-0.8983,-4.1016,-0.2187,0.0156,other
26275,0.2385,-0.2434,-0.8732,-4.4941,-1.2578,-0.1328,other
26298,0.2463,-0.2542,-0.8906,-4.7148,-1.9551,-0.2461,other
26321,0.2699,-0.2551,-0.902,-4.9434,-2.8359,-0.3926,other
26344,0.2782,-0.2559,-0.9001,-5.0273,-3.2617,-0.4785,other
26367,0.2712,-0.2546,-0.9019,-5.0605,-3.6621,-0.6055,other
26390,0.2495,-0.2518,-0.8865,-4.9727,-3.8047,-0.7246,other
26413,0.2446,-0.2482,-0.8885,-4.8398,-3.7578,-0.7773,other
26436,0.2574,-0.2526,-0.9026,-4.5293,-3.4727,-0.7969,other
26459,0.2684,-0.2556,-0.8925,-4.2734,-3.1855,-0.7754,other
26482,0.2542,-0.2606,-0.8771,-3.8574,-2.7187,-0.7246,other
26505,0.2509,-0.2598,-0.8739,-3.5742,-2.4238,-0.6895,other
26528,0.2589,-0.26,-0.8821,-3.1797,-1.9922,-0.6367,other
26551,0.2642,-0.2596,-0.8909,-2.8984,-1.5352,-0.582,other
26574,0.2629,-0.2458,-0.8993,-2.8262,-1.2363,-0.5508,other
26597,0.2565,-0.2513,-0.9194,-2.9492,-0.8828,-0.5137,other
26620,0.2501,-0.2517,-0.9009,-3.1797,-0.7461,-0.4922,other
26643,0.2489,-0.2446,-0.8707,-3.6484,-0.6738,-0.4512,other
26666,0.2502,-0.2533,-0.8739,-4.0723,-0.7012,-0.3906,other
26689,0.2738,-0.2574,-0.913,-4.2617,-0.7734,-0.3516,other
26712,0.2809,-0.2579,-0.9211,-4.4199,-1.0625,-0.332,other
26735,0.2534,-0.2509,-0.8831,-4.4648,-1.416,-0.3555,other
26758,0.2272,-0.2556,-0.8623,-4.4199,-2.0527,-0.4023,other
26781,0.2467,-0.2605,-0.8896,-4.2148,-2.5039,-0.3848,other
26804,0.286,-0.2545,-0.9207,-4.0195,-2.5801,-0.3262,other
26827,0.2744,-0.2522,-0.8895,-3.7266,-2.2676,-0.1895,other
26850,0.2539,-0.256,-0.8857,-3.5469,-1.6895,-0.0703,other
26873,0.2802,-0.2598,-0.8928,-3.2891,-0.1914,0.1543,other
26896,0.2878,-0.2535,-0.8822,-3.1172,1.1484,0.4062,other
26919,0.2803,-0.2483,-0.8751,-2.8359,3.4668,0.5605,other
26942,0.2859,-0.2549,-0.8735,-2.498,5.9707,0.7422,other
26965,0.2922,-0.2609,-0.8944,-2.2617,7.5723,0.8125,other
26988,0.3026,-0.2596,-0.8899,-1.9609,9.459,0.8105,other
27011,0.293,-0.2576,-0.8635,-1.8281,10.1582,0.7344,other
27034,0.2847,-0.2603,-0.8794,-1.7246,10.2695,0.5449,other
27057,0.3168,-0.2599,-0.9017,-1.7207,9.4316,0.332,other
27080,0.3209,-0.26,-0.8881,-1.7637,8.5391,0.2031,other
27103,0.3242,-0.2571,-0.8898,-1.8359,7.1328,0.0742,other
27126,0.3148,-0.2604,-0.8657,-1.8223,6.4473,0.0703,other
27149,0.2894,-0.2607,-0.8213,-1.5879,6.3008,0.2637,other
27172,0.2952,-0.2645,-0.8029,-1.0449,7.5469,0.7402,other
27195,0.3289,-0.2654,-0.8444,-0.584,8.9492,1.1621,other
27218,0.3319,-0.2606,-0.8572,-0.0488,10.9844,1.75,other
27241,0.317,-0.2593,-0.8788,0.0078,11.7227,1.9883,other
27264,0.3214,-0.2596,-0.9044,-0.5937,11.25,1.9883,other
27287,0.3282,-0.2543,-0.8894,-1.4824,8.7773,1.541,other
27310,0.3152,-0.2488,-0.8845,-3.3594,6.1699,1.0391,other
27333,0.3145,-0.2524,-0.8806,-5.4531,1.7012,0.1172,other
27356,0.308,-0.256,-0.8846,-6.7148,-1.2969,-0.5195,other
27379,0.3193,-0.2601,-0.8909,-8.1152,-5.2832,-1.3652,other
27402,0.3129,-0.2592,-0.8547,-8.6172,-7.3789,-1.8008,other
27425,0.3059,-0.2565,-0.8625,-8.6543,-9.3906,-2.2012,other
27448,0.319,-0.2524,-0.8895,-7.9297,-9.8379,-2.2793,other
27471,0.3138,-0.2573,-0.891,-7.1602,-9.3008,-2.1758,other
27494,0.3208,-0.2599,-0.8917,-5.8223,-7.541,-1.8496,other
27517,0.3096,-0.2592,-0.8552,-4.916,-5.9551,-1.5605,other
27540,0.3086,-0.26,-0.8409,-3.6211,-3.207,-1.0742,other
27563,0.3259,-0.26,-0.8412,-2.457,-0.2656,-0.5781,other
27586,0.3212,-0.2601,-0.8604,-1.8164,1.5684,-0.2832,other
27609,0.3262,-0.2599,-0.8899,-1.2168,3.6914,0.0488,other
27632,0.3358,-0.2594,-0.8999,-1.1309,4.5176,0.1875,other
27655,0.3483,-0.2561,-0.8932,-1.4688,4.957,0.2852,other
27678,0.3341,-0.2511,-0.8706,-2.4121,4.9727,0.3223,other
27701,0.3248,-0.2544,-0.8512,-2.6406,5.0449,0.3594,other
27724,0.3187,-0.2589,-0.854,-3.1387,5.3613,0.4785,other
27747,0.3433,-0.2603,-0.8889,-3.25,5.6035,0.5996,other
27770,0.3589,-0.26,-0.8728,-3.0859,5.7324,0.7891,other
27793,0.3369,-0.26,-0.8436,-2.7852,5.5547,0.8926,other
27816,0.3217,-0.2601,-0.8177,-2.0996,4.8828,0.9883,other
27839,0.3171,-0.2612,-0.8234,-1.2578,3.7949,1.0137,other
27862,0.3237,-0.2638,-0.8505,-0.7422,2.834,0.9746,other
27885,0.3276,-0.2598,-0.8643,-0.3086,0.9727,0.793,other
27908,0.3295,-0.26,-0.8962,-0.3789,-0.5449,0.5684,other
27931,0.3352,-0.2587,-0.896,-1.127,-3.0879,0.082,other
27954,0.3135,-0.2511,-0.8674,-2.5254,-5.5801,-0.5098,other
27977,0.3074,-0.2584,-0.8693,-3.6289,-6.9453,-0.8926,other
28000,0.3136,-0.2599,-0.8757,-5.2168,-8.2539,-1.3574,other
28023,0.3219,-0.2598,-0.8842,-6.0742,-8.6172,-1.5684,other
28046,0.3325,-0.2601,-0.8936,-6.8887,-8.5703,-1.748,other
28069,0.3375,-0.2599,-0.8832,-7.0391,-8.0039,-1.791,other
28092,0.3269,-0.26,-0.8668,-6.748,-7.3125,-1.75,other
28115,0.3303,-0.26,-0.8979,-5.7578,-5.6191,-1.5605,other
28138,0.325,-0.2633,-0.9198,-4.793,-4.0293,-1.3438,other
28161,0.304,-0.2722,-0.8912,-2.998,-1.2285,-0.8828,other
28184,0.2986,-0.2539,-0.8042,-1.5859,0.5859,-0.0059,other
28207,0.3153,-0.2852,-0.8647,0.8398,2.6289,0.0352,other
28230,0.3197,-0.2732,-0.8405,3.4121,3.3516,0.3203,other
28253,0.3333,-0.3051,-0.8392,5.0156,2.9453,0.2891,other
28276,0.2954,-0.2784,-0.8167,6.9258,1.0781,-0.0352,other
28299,0.3016,-0.2949,-0.8607,7.6875,-0.8281,-0.3418,other
28322,0.3043,-0.2883,-0.9026,7.793,-4.2461,-0.8262,other
28345,0.291,-0.2692,-0.9203,6.5371,-7.8066,-1.3223,other
28368,0.2988,-0.2729,-0.9121,5.0762,-9.9824,-1.6621,other
28391,0.2723,-0.2603,-0.8745,2.4531,-12.6172,-2.166,other
28414,0.2814,-0.2979,-0.8513,0.7832,-13.7715,-2.4648,other
28437,0.2935,-0.3024,-0.8545,-1.0938,-14.1719,-2.8184,other
28460,0.3246,-0.2955,-0.8446,-1.9316,-12.5879,-3.0762,other
28483,0.3284,-0.2937,-0.8583,-1.9238,-10.4844,-3.209,other
28506,0.3154,-0.3003,-0.8414,-1.3125,-6.3223,-3.3359,other
28529,0.3138,-0.2889,-0.8518,-0.7285,-3.2832,-3.3359,other
28552,0.2996,-0.2811,-0.8323,0.0137,1.043,-3.1484,other
28575,0.2794,-0.2814,-0.8323,0.2207,4.9805,-2.7012,other
28598,0.3245,-0.2742,-0.9058,-0.1426,6.209,-2.2852,other
28621,0.3406,-0.2616,-0.8926,-1.4688,7.6445,-1.5996,other
28644,0.3121,-0.2635,-0.9094,-2.8828,7.7891,-1.1699,other
28667,0.281,-0.2657,-0.8958,-5.5977,6.793,-0.6055,other
28690,0.2953,-0.2633,-0.9031,-7.5723,5.498,-0.2773,other
28713,0.3057,-0.2534,-0.9064,-10.2773,3.1406,0.1367,other
28736,0.3102,-0.252,-0.9583,-12.0859,0.9961,0.4316,other
28759,0.3094,-0.2737,-1.0177,-12.543,0.0156,0.5664,other
28782,0.3469,-0.3024,-0.9778,-11.8359,-0.5059,0.7656,other
28805,0.5194,-0.2627,-0.9436,-10.2344,-0.1055,0.9805,other
28828,0.5573,-0.328,-0.7914,-5.7031,1.9766,1.5957,other
28851,0.4187,-0.3484,-0.7919,1.7832,6.834,2.918,other
28874,0.4393,-0.4152,-0.7125,8.3398,12.4805,4.5098,other
28897,0.5165,-0.4485,-0.6606,19.6055,25.4277,8.1504,other
28920,0.521,-0.3862,-0.7739,27.0547,36.6543,11.1582,other
28943,0.4325,-0.4003,-0.7031,35.9121,54.4785,15.7012,other
28966,0.3956,-0.3649,-0.8512,39.1074,63.998,19.1738,other
28989,0.451,-0.2958,-0.9899,38.5488,63.998,20.2793,other
29012,0.527,-0.2977,-0.9066,31.4004,63.998,19.2793,other
29035,0.5004,-0.3033,-0.8286,23.7617,52.7402,16.5313,other
29058,0.3607,-0.3066,-0.775,10.2051,23.8867,9.5117,other
29081,0.2747,-0.2808,-0.6658,1.1309,1.5977,3.5898,other
29104,0.1807,-0.2748,-0.6652,-10.7109,-29.1914,-5.4375,other
29127,0.1718,-0.3154,-0.7623,-19.3848,-49.3379,-12.6934,other
29150,0.2375,-0.3137,-0.6903,-23.3477,-54.6484,-15.8379,other
29173,0.2783,-0.3041,-0.693,-26.8379,-51.0801,-17.8184,other
29196,0.2986,-0.3048,-0.7532,-27.7832,-43.0527,-17.6094,other
29219,0.3422,-0.2888,-0.804,-27.8008,-27.1152,-15.877,other
29242,0.4288,-0.3024,-0.8517,-27.0879,-11.3652,-13.6367,other
29265,0.4822,-0.3539,-0.9624,-26.6484,-2.9746,-12.4805,other
29288,0.4635,-0.3026,-1.0372,-26.4668,4.3574,-11.8066,other
29311,0.3787,-0.2959,-1.0476,-26.7305,5.0117,-12.0469,other
29334,0.2819,-0.2905,-0.9102,-27.3477,-0.0508,-12.8926,other
29357,0.3275,-0.2711,-0.8727,-27.3125,-9.4395,-13.5234,other
29380,0.4087,-0.2614,-0.8986,-26.4727,-16.0195,-13.5664,other
29403,0.476,-0.276,-0.9027,-23.7598,-23.8965,-13.0957,other
29426,0.4056,-0.2671,-0.8156,-21.0547,-26.7969,-12.5469,other
29449,0.3131,-0.2698,-0.772,-15.9551,-26.4102,-11.375,other
29472,0.28,-0.2899,-0.776,-12.127,-22.8281,-9.1797,other
29495,0.3087,-0.2598,-0.7661,-6.3535,-13.2969,-7.4531,other
29518,0.3494,-0.2393,-0.7849,-1.418,-0.9023,-3.6797,other
29541,0.4097,-0.1901,-0.8593,0.8906,7.4199,-0.8887,other
29564,0.4374,-0.1616,-0.8334,2.2109,17.6387,3.0605,other
29587,0.421,-0.1523,-0.8308,1.4551,21.9746,5.2207,other
29610,0.3317,-0.2029,-0.9648,-2.2051,24.0176,7.5723,other
29633,0.2833,-0.234,-0.95,-8.707,20.7266,9.2031,other
29656,0.212,-0.1625,-0.9478,-14.2832,16.0449,10.1855,other
29679,0.3433,-0.1635,-0.9216,-23.5,6.6035,11.6895,other
29702,0.2765,-0.2135,-1.0177,-29.4727,-0.3652,12.5723,other
29725,0.3721,-0.1321,-0.9063,-36.9961,-10.0,13.2852,other
29748,0.4095,-0.1373,-0.8732,-41.5352,-16.3047,12.752,other
29771,0.377,-0.1351,-0.8519,-42.4023,-17.8184,11.5859,other
29794,0.3439,-0.1526,-0.8573,-40.3965,-15.957,8.8379,other
29817,0.3574,-0.1764,-0.8816,-37.2207,-12.4961,6.627,other
29840,0.3762,-0.1729,-0.8842,-30.8047,-5.5937,3.3105,other
29863,0.3771,-0.1416,-0.7816,-26.127,-0.8145,0.5527,other
29886,0.3741,-0.1576,-0.8723,-19.5156,5.5195,-0.7949,other
29909,0.36,-0.156,-0.8733,-14.3496,10.0566,-2.0098,other
29932,0.3732,-0.1471,-0.8651,-12.0996,11.7969,-2.3281,other
29955,0.3944,-0.1355,-0.813,-10.6836,12.4199,-2.3047,other
29978,0.422,-0.1292,-0.772,-10.9102,11.6699,-2.1621,other
30001,0.4127,-0.1282,-0.7788,-12.5684,9.1934,-2.0508,other
30024,0.4355,-0.1248,-0.8113,-15.3516,5.543,-2.2031,other
30047,0.4102,-0.1038,-0.8553,-17.6895,2.6895,-2.4453,other
30070,0.3663,-0.0774,-0.8606,-21.75,-1.7168,-2.8984,other
30093,0.3169,-0.0531,-0.8889,-24.6328,-4.375,-3.1387,other
30116,0.2919,-0.0294,-0.8556,-28.6777,-7.4922,-3.1855,other
30139,0.2841,-0.0079,-0.7881,-31.5723,-9.3555,-2.7207,other
30162,0.2902,-0.0148,-0.827,-32.459,-9.8926,-2.1641,other
30185,0.3307,-0.0264,-0.8955,-32.0078,-9.8418,-1.2129,other
30208,0.3715,-0.0343,-0.9236,-30.668,-9.4785,-0.7168,other
30231,0.3761,-0.0314,-0.9142,-27.6035,-8.873,-0.5293,other
30254,0.3756,-0.0326,-0.9077,-25.1563,-8.5039,-1.1953,other
30277,0.382,-0.0312,-0.8715,-21.2695,-8.4082,-2.0605,other
30300,0.3845,-0.0364,-0.8689,-17.4531,-8.3457,-3.7246,other
30323,0.3602,-0.0344,-0.8726,-15.1211,-8.2676,-4.8535,other
30346,0.3397,-0.0303,-0.8914,-12.2129,-7.9902,-6.1875,other
30369,0.3362,-0.0165,-0.8625,-10.793,-7.6621,-6.6602,other
30392,0.3015,-0.006,-0.8339,-9.5,-6.8477,-6.6211,other
30415,0.2921,-0.0039,-0.8135,-9.0664,-5.4609,-5.7441,other
30438,0.3169,-0.0066,-0.8114,-9.1387,-4.1777,-4.8281,other
30461,0.3242,-0.0095,-0.8408,-9.6445,-1.8848,-3.2832,other
30484,0.3267,-0.0057,-0.8297,-10.2012,-0.3223,-2.3398,other
30507,0.3383,-0.0087,-0.8522,-11.2793,1.6504,-1.3262,other
30530,0.3629,-0.0048,-0.8773,-12.5254,2.8008,-0.9922,other
30553,0.3773,0.005,-0.8531,-13.3672,3.0156,-1.1895,other
30576,0.3945,0.0061,-0.8152,-14.4805,2.6836,-2.0781,other
30599,0.4397,-0.0098,-0.8403,-15.043,2.2207,-3.0098,other
30622,0.4517,-0.0081,-0.8613,-15.5996,1.4922,-4.7695,other
30645,0.4069,0.0017,-0.8938,-15.8516,1.1328,-6.7031,other
30668,0.3733,0.0096,-0.9021,-16.2109,1.3086,-7.8945,other
30691,0.3673,0.0575,-0.8695,-16.6172,2.4531,-9.293,other
30714,0.3809,0.0126,-0.7928,-16.8301,3.9375,-9.9805,other
30737,0.4553,0.0599,-0.8309,-16.8867,7.0859,-10.9941,other
30760,0.3666,0.0338,-0.9834,-16.8184,9.1973,-11.9121,other
30783,0.223,0.0626,-0.8174,-16.9609,11.166,-13.8203,other
30806,0.2386,0.0986,-0.5576,-17.5176,11.3398,-16.2422,other
30829,0.3239,0.1088,-0.7979,-18.0,10.6055,-18.0781,other
30852,0.298,0.1202,-0.8997,-19.1016,8.334,-21.2129,other
30875,0.2314,0.1647,-0.8909,-20.3809,6.0391,-23.5645,other
30898,0.2571,0.2004,-0.7582,-23.2207,1.709,-27.3184,other
30921,0.329,0.218,-0.7043,-26.6113,-3.0273,-31.0313,other
30944,0.2927,0.2347,-0.7721,-28.8301,-6.168,-33.2715,other
30967,0.1842,0.251,-0.7775,-31.9746,-10.7109,-35.8887,other
30990,0.1973,0.2875,-0.7792,-34.0449,-13.3926,-36.9297,other
31013,0.3597,0.259,-0.8602,-37.3066,-16.4668,-37.3262,other
31036,0.3533,0.2723,-0.8964,-40.9023,-18.6016,-36.5254,other
31059,0.2914,0.3157,-0.67,-43.373,-19.6836,-35.4277,other
31082,0.266,0.2958,-0.6722,-46.5898,-20.5273,-32.9082,other
31105,0.2749,0.2119,-1.1721,-48.1504,-20.3359,-30.6055,other
31128,0.3557,0.3177,-0.8406,-49.5977,-18.8125,-26.2617,other
31151,0.2451,0.2797,-0.7075,-49.75,-17.0781,-21.0684,other
31174,0.2565,0.3885,-0.7429,-48.0586,-13.5918,-17.3125,other
31197,0.3885,0.4076,-0.7885,-43.6328,-9.1836,-11.7832,other
31220,0.3262,0.3383,-0.8167,-39.2813,-5.5977,-8.6797,other
31243,0.2402,0.3311,-0.774,-31.4258,1.6016,-5.8437,other
31266,0.2889,0.3987,-0.6698,-26.0039,8.1133,-5.5547,other
31289,0.3381,0.4053,-0.6345,-18.9512,19.7715,-7.625,other
31312,0.2201,0.3134,-0.7593,-14.6055,31.084,-12.1133,other
31335,0.4552,0.3459,-0.8597,-13.6504,36.9355,-15.8848,other
31358,0.2246,0.3912,-0.74,-15.0391,41.1523,-21.7656,other
31381,0.1477,0.4612,-0.6125,-17.5176,40.4492,-25.3887,other
31404,0.324,0.4459,-0.797,-22.834,34.7383,-29.793,other
31427,0.1829,0.4137,-0.7181,-29.2461,24.6602,-32.334,other
31450,0.285,0.4243,-0.6243,-33.6797,16.5215,-32.7383,other
31473,0.2078,0.4697,-0.6868,-39.9023,3.9805,-31.332,other
31496,0.1906,0.4971,-0.672,-43.3965,-3.4414,-29.1738,other
31519,0.2504,0.4784,-0.6227,-47.1406,-11.5137,-24.4863,other
31542,0.285,0.4816,-0.6072,-48.4883,-15.4102,-18.541,other
31565,0.2985,0.5107,-0.6571,-48.7715,-14.916,-14.1562,other
31588,0.2913,0.5138,-0.6176,-47.1914,-11.4961,-7.4922,other
31611,0.339,0.4983,-0.5504,-45.293,-7.834,-3.3848,other
31634,0.267,0.5118,-0.6724,-41.5313,-1.7168,1.5703,other
31657,0.2535,0.5481,-0.6309,-38.627,2.248,3.7383,other
31680,0.2932,0.5475,-0.573,-34.043,7.3516,5.0879,other
31703,0.2694,0.5353,-0.6158,-29.6348,10.5137,4.373,other
31726,0.2104,0.567,-0.5604,-27.0039,11.1484,3.0156,other
31749,0.3328,0.5494,-0.5586,-23.6914,9.8203,0.1328,other
31772,0.3126,0.5435,-0.5991,-21.9258,7.7715,-2.082,other
31795,0.2489,0.5457,-0.6375,-19.8086,4.0859,-5.5039,other
31818,0.1541,0.5457,-0.5455,-18.0332,0.6309,-8.8633,other
31841,0.1377,0.5651,-0.6133,-16.8613,-1.4668,-10.9902,other
31864,0.1707,0.5502,-0.5763,-14.9238,-4.6562,-13.6914,other
31887,0.2927,0.5253,-0.5703,-13.4531,-6.9102,-14.8203,other
31910,0.3708,0.5254,-0.6396,-10.957,-9.918,-14.834,other
31933,0.2234,0.5332,-0.5404,-8.0762,-11.3125,-12.4434,other
31956,0.2415,0.5929,-0.569,-5.8184,-10.8906,-9.6758,other
31979,0.2057,0.5576,-0.6582,-1.9844,-7.7051,-4.4336,other
32002,0.3386,0.4999,-0.6583,0.7852,-3.623,-0.625,other
32025,0.3529,0.5393,-0.6149,4.7852,5.0547,4.9746,other
32048,0.351,0.5358,-0.5951,6.998,11.7148,8.3574,other
32071,0.2853,0.5249,-0.64,9.1152,21.002,12.4238,other
32094,0.2877,0.528,-0.5724,9.4102,27.2012,14.7285,other
32117,0.3577,0.5253,-0.5289,8.5508,28.7813,15.1191,other
32140,0.3206,0.5219,-0.5851,5.9141,26.9434,14.0977,other
32163,0.2925,0.5078,-0.594,3.5801,23.25,12.5586,other
32186,0.2646,0.5087,-0.5717,-0.0137,15.252,9.4238,other
32209,0.2834,0.5115,-0.6108,-2.7656,6.2168,5.9199,other
32232,0.3253,0.5013,-0.6624,-3.7129,0.6953,3.7676,other
32255,0.3401,0.501,-0.6575,-3.5371,-5.502,1.373,other
32278,0.3308,0.5164,-0.6375,-2.4297,-7.7676,0.5625,other
32301,0.3323,0.5006,-0.6254,0.2129,-8.2051,0.6211,other
32324,0.3358,0.5029,-0.5939,3.123,-5.7285,1.9453,other
32347,0.325,0.509,-0.5907,4.6992,-3.1211,3.2676,other
32370,0.3531,0.5024,-0.5577,5.9727,1.0566,5.4609,other
32393,0.3579,0.4913,-0.5576,5.9707,3.4316,6.8398,other
32416,0.3376,0.4935,-0.6082,4.8398,5.6934,8.498,other
32439,0.3405,0.4885,-0.6246,3.6016,6.1133,9.2363,other
32462,0.361,0.4786,-0.636,1.6094,5.1367,9.7324,other
32485,0.3442,0.4769,-0.6451,0.1055,2.8223,9.5039,other
32508,0.3171,0.4938,-0.6633,-0.3906,0.957,8.9766,other
32531,0.3199,0.4823,-0.6606,-0.3105,-1.7422,7.7422,other
32554,0.3085,0.4749,-0.6383,0.1641,-3.2598,6.7441,other
32577,0.2991,0.4906,-0.6387,1.0938,-5.0508,5.3008,other
32600,0.3181,0.4894,-0.64,1.7363,-6.5723,4.3691,other
32623,0.3186,0.4799,-0.6442,1.7617,-7.7148,4.2676,other
32646,0.3099,0.4816,-0.6592,0.9883,-9.9961,5.1387,other
32669,0.2682,0.4943,-0.6357,-0.0937,-12.0293,6.4531,other
32692,0.2495,0.5228,-0.599,-2.4492,-16.0078,9.5039,other
32715,0.1875,0.6359,-0.5658,-5.418,-21.5508,13.8574,other
32738,0.2373,0.5088,-0.8804,-7.541,-26.5625,17.498,other
32761,0.425,0.5781,-0.7916,-10.3828,-36.3027,23.6719,other
32784,0.387,0.5048,-0.7848,-11.2969,-43.666,27.7344,other
32807,0.3297,0.4557,-0.7797,-9.5137,-53.2402,32.8184,other
32830,0.2931,0.4222,-0.7428,-5.3867,-56.7227,36.2344,other
32853,0.3945,0.4149,-0.762,5.9473,-55.5215,37.6758,other
32876,0.4645,0.3375,-0.9149,23.0254,-47.1113,38.9805,other
32899,0.4751,0.3195,-0.9204,36.6934,-39.1484,39.5371,other
32922,0.4817,0.2786,-0.8829,58.7832,-26.3164,40.332,other
32945,0.4921,0.1996,-0.9132,63.998,-18.1406,41.0859,other
32968,0.4164,0.0886,-0.8671,63.998,-7.6406,43.0898,bite
32991,0.4384,0.0292,-0.7955,63.998,0.2227,46.6836,bite
33014,0.5662,-0.0891,-0.865,63.998,4.3301,50.0195,bite
33037,0.5947,-0.2,-0.8873,63.998,9.4746,56.0332,bite
33060,0.5902,-0.2361,-0.8468,63.998,12.4121,60.375,bite
33083,0.5798,-0.2769,-0.793,63.998,16.207,63.998,bite
33106,0.5491,-0.3495,-0.7766,63.998,19.7109,63.998,bite
33129,0.5157,-0.4474,-0.7729,63.998,22.3262,63.998,bite
33152,0.5555,-0.5167,-0.6627,63.998,27.0566,63.998,bite
33175,0.6638,-0.545,-0.6631,63.998,30.4863,63.998,bite
33198,0.6116,-0.5703,-0.6923,63.998,34.8223,63.998,bite
33221,0.5284,-0.6071,-0.6471,63.998,37.0781,63.998,bite
33244,0.4891,-0.5997,-0.6034,63.998,37.4141,63.998,bite
33267,0.3754,-0.538,-0.5146,63.998,36.7266,63.998,bite
33290,0.2697,-0.5087,-0.5076,63.998,35.9883,63.998,bite
33313,0.1858,-0.5375,-0.5677,63.998,35.4082,63.998,bite
33336,0.2013,-0.5557,-0.6099,63.998,35.6895,63.998,bite
33359,0.2073,-0.5504,-0.6237,54.5469,36.9141,63.998,bite
33382,0.1968,-0.5795,-0.5801,40.5352,38.2715,63.998,bite
33405,0.308,-0.6285,-0.677,31.4922,38.9043,63.998,bite
33428,0.3507,-0.665,-0.774,18.8145,38.9941,63.998,bite
33451,0.3131,-0.6443,-0.7023,11.1602,38.2305,63.998,bite
33474,0.3502,-0.6694,-0.7659,1.2715,35.7793,63.998,bite
33497,0.3497,-0.6823,-0.7406,-6.2344,32.041,63.998,bite
33520,0.3383,-0.6918,-0.7056,-9.6953,29.0996,63.998,bite
33543,0.2239,-0.7136,-0.6489,-12.375,24.6758,63.998,bite
33566,0.1396,-0.7252,-0.5836,-12.5039,22.2188,63.998,bite
33589,0.1818,-0.7141,-0.5702,-10.5527,19.9199,59.2891,bite
33612,0.3154,-0.7277,-0.7133,-6.9805,19.1152,54.4316,bite
33635,0.3479,-0.7256,-0.7362,-4.4141,18.9355,51.6191,bite
33658,0.2672,-0.6918,-0.6942,-1.1563,18.7148,47.4395,bite
33681,0.1119,-0.6705,-0.6353,0.459,18.7305,44.5703,bite
33704,0.1921,-0.6824,-0.6495,2.1953,19.5879,40.2129,bite
33727,0.5737,-0.9021,-0.8,3.0215,20.8125,37.2227,bite
33750,0.2618,-0.8866,-0.448,3.9316,22.8379,32.3477,bite
33773,0.3801,-0.78,-0.6266,4.7773,23.0273,26.9297,bite
33796,0.264,-0.7623,-0.6176,5.4023,20.8574,23.0547,bite
33819,0.3019,-0.7546,-0.5856,6.2773,13.707,16.918,bite
33842,0.2932,-0.8087,-0.6161,6.5742,6.959,12.7168,bite
33865,0.2708,-0.7136,-0.6477,6.0645,-4.2598,6.6016,bite
33888,0.2267,-0.6034,-0.7346,4.0664,-14.3398,1.2695,bite
33911,0.1836,-0.4254,-0.9456,2.002,-19.3066,-1.5684,bite
33934,-0.2173,-0.5251,-0.6443,-1.6523,-22.8594,-4.4844,bite
33957,0.1261,-0.6212,-0.7898,-4.041,-21.8867,-5.6465,other
33980,0.387,-0.6687,-0.5875,-6.8613,-16.0332,-7.2109,other
34003,0.0304,-0.6653,-0.589,-7.7656,-8.6035,-10.1582,other
34026,-0.1779,-0.5878,-0.4579,-6.8535,-4.5801,-13.5098,other
34049,-0.3027,-0.5327,-0.4313,-3.1875,-1.4395,-21.1895,other
34072,-0.0381,-0.5319,-0.4474,0.2422,-2.0098,-28.3945,other
34095,0.3489,-0.5397,-0.4927,4.9336,-8.248,-42.541,other
34118,0.5083,-0.5106,-0.572,6.3047,-16.4355,-60.0078,other
34141,0.3613,-0.4188,-0.6061,3.4082,-34.2754,-64.0,other
34164,0.4189,-0.4082,-0.6843,-7.1094,-56.7363,-64.0,other
34187,0.618,-0.4406,-0.8468,-18.4258,-64.0,-64.0,other
34210,0.7601,-0.4028,-0.9427,-40.4727,-64.0,-64.0,other
34233,0.7125,-0.3706,-1.1205,-57.1934,-64.0,-64.0,other
34256,0.4396,-0.3313,-1.2343,-64.0,-64.0,-64.0,other
34279,0.3384,-0.2648,-1.0078,-64.0,-64.0,-64.0,other
34302,0.4486,-0.2578,-1.1075,-64.0,-64.0,-64.0,other
34325,0.4698,-0.23,-1.1893,-64.0,-64.0,-64.0,other
34348,0.3358,-0.1788,-1.2327,-64.0,-64.0,-64.0,other
34371,0.2114,-0.1337,-1.2131,-64.0,-64.0,-64.0,other
34394,0.1548,-0.0912,-1.1373,-64.0,-40.7227,-58.498,other
34417,0.1675,-0.1277,-0.9219,-64.0,-25.9902,-43.5586,other
34440,0.1318,-0.2385,-0.8524,-64.0,-8.8242,-22.334,other
34463,0.3468,-0.2966,-0.8273,-50.5215,-0.8867,-9.7187,other
34486,0.3228,-0.2089,-1.2906,-22.4414,6.2246,5.4023,other
34509,0.1316,-0.2906,-1.2117,-5.4766,8.0273,14.8398,other
34532,0.2113,-0.2814,-1.0322,15.4746,7.4727,17.9863,other
34555,0.3846,-0.3368,-0.9227,31.5098,4.3379,18.6914,other
34578,0.2969,-0.374,-0.8306,40.5684,1.2168,17.0723,other
34601,0.0999,-0.3278,-0.7223,53.2969,-4.2168,12.7637,other
34624,-0.0222,-0.3457,-0.6729,61.6484,-7.6875,9.4316,other
34647,0.0083,-0.4255,-0.7085,63.998,-11.3047,4.7871,other
34670,0.2465,-0.5154,-0.9177,63.998,-11.7793,0.9238,other
34693,0.3809,-0.4519,-1.2523,63.998,-10.3437,-1.4785,other
34716,0.1102,-0.4615,-1.0188,63.998,-6.6328,-5.4199,other
34739,0.0649,-0.4849,-0.7521,63.998,-3.5723,-8.3418,other
34762,0.2614,-0.4987,-0.7262,63.998,2.0957,-12.8672,other
34785,0.4055,-0.5336,-0.8268,55.3711,8.8164,-17.2383,other
34808,0.387,-0.5366,-0.8828,45.9414,12.9785,-19.9785,other
34831,0.2678,-0.5183,-0.7577,33.375,17.1934,-23.627,other
34854,0.2301,-0.5156,-0.7046,26.625,18.3828,-25.5488,other
34877,0.3295,-0.5221,-0.7723,19.3926,18.2363,-27.377,other
34900,0.3545,-0.5219,-0.8383,15.3496,16.4961,-27.8945,other
34923,0.3071,-0.5033,-0.8718,13.5859,14.6719,-27.5879,other
34946,0.2692,-0.4899,-0.819,11.7773,11.209,-26.2813,other
34969,0.2588,-0.4836,-0.8253,10.6445,8.7109,-24.9121,other
34992,0.3109,-0.499,-0.8643,8.7773,5.4062,-22.2715,other
35015,0.326,-0.5111,-0.8774,7.4043,3.8105,-20.252,other
35038,0.2875,-0.5129,-0.8066,5.3164,2.4414,-17.1035,other
35061,0.2644,-0.5223,-0.7665,3.6445,2.1621,-14.1074,other
35084,0.2881,-0.5465,-0.7502,3.041,2.5762,-12.3281,other
35107,0.3336,-0.5562,-0.7808,3.0586,4.0957,-10.1934,other
35130,0.3782,-0.5547,-0.7762,3.5645,5.5957,-9.2227,other
35153,0.3325,-0.5406,-0.7776,4.6016,8.1523,-8.5117,other
35176,0.2994,-0.5212,-0.7771,5.3223,10.5469,-8.5449,other
35199,0.3264,-0.5023,-0.7776,5.3184,11.8965,-8.8184,other
35222,0.3729,-0.504,-0.8252,4.3105,13.4297,-9.3984,other
35245,0.3794,-0.4691,-0.8735,2.9316,14.0586,-9.8262,other
35268,0.3695,-0.4893,-0.8463,0.002,14.3086,-10.4531,other
35291,0.3427,-0.4823,-0.7784,-3.3262,13.7207,-10.9629,other
35314,0.3392,-0.4889,-0.7777,-5.3086,12.9687,-11.1934,other
35337,0.3688,-0.5045,-0.7777,-7.3262,11.5586,-11.3848,other
35360,0.4154,-0.5137,-0.777,-7.8359,10.5684,-11.4609,other
35383,0.4313,-0.506,-0.7673,-7.2891,9.1191,-11.5937,other
35406,0.4297,-0.5131,-0.7275,-6.1387,8.1875,-11.7148,other
35429,0.4363,-0.5234,-0.6979,-3.6113,6.8789,-11.8867,other
35452,0.4127,-0.5286,-0.7228,-0.8164,5.8066,-11.8965,other
35475,0.408,-0.5122,-0.78,0.7324,5.3066,-11.7129,other
35498,0.4108,-0.488,-0.7732,1.9043,4.9668,-11.0176,other
35521,0.3645,-0.469,-0.7782,1.6465,5.0254,-10.2227,other
35544,0.369,-0.4534,-0.7999,-0.4707,5.5488,-8.5371,other
35567,0.3922,-0.4579,-0.8646,-4.4766,6.5762,-6.4336,other
35590,0.3951,-0.458,-0.8577,-7.8926,7.4492,-4.9805,other
35613,0.368,-0.4448,-0.8431,-13.3652,8.7852,-3.0312,other
35636,0.386,-0.4382,-0.8542,-16.7051,9.5371,-2.0293,other
35659,0.4421,-0.4417,-0.8663,-20.3574,10.2246,-1.1699,other
35682,0.4282,-0.4407,-0.8279,-21.5781,10.1895,-1.2363,other
35705,0.4246,-0.4473,-0.7744,-20.7695,9.7715,-1.8184,other
35728,0.4364,-0.4569,-0.7783,-17.0527,8.707,-3.4355,other
35751,0.4146,-0.472,-0.777,-13.0937,7.75,-4.9473,other
35774,0.4164,-0.4751,-0.7773,-5.6152,5.9902,-7.7246,other
35797,0.4312,-0.4918,-0.7755,-0.1328,3.6387,-10.9121,other
35820,0.439,-0.4817,-0.7432,7.8457,2.3164,-13.1523,other
35843,0.4479,-0.4761,-0.733,14.4375,-0.4746,-16.502,other
35866,0.4742,-0.4866,-0.7777,17.5781,-2.5898,-18.6035,other
35889,0.496,-0.4878,-0.7767,19.9551,-6.0,-21.3184,other
35912,0.4845,-0.49,-0.7594,19.9141,-8.3418,-22.6836,other
35935,0.4529,-0.4957,-0.719,17.6641,-11.8105,-23.8125,other
35958,0.4159,-0.5072,-0.6888,13.4453,-14.8594,-23.6016,other
35981,0.4236,-0.5039,-0.6985,9.9531,-16.3086,-22.6543,other
36004,0.4266,-0.4802,-0.7395,4.1953,-17.1289,-20.1133,other
36027,0.3986,-0.4535,-0.7792,0.1699,-16.7051,-17.8086,other
36050,0.4016,-0.4346,-0.7766,-6.0352,-14.8418,-13.7695,other
36073,0.427,-0.4133,-0.7925,-12.3281,-11.9629,-9.498,other
36096,0.4352,-0.4039,-0.8363,-16.4375,-9.7148,-6.7988,other
36119,0.4257,-0.3867,-0.8469,-22.1309,-6.123,-3.3203,other
36142,0.3998,-0.3689,-0.8379,-25.3555,-3.752,-1.5098,other
36165,0.3947,-0.3622,-0.8125,-28.877,-0.5254,0.3574,other
36188,0.4412,-0.3721,-0.8453,-30.123,2.0996,1.2363,other
36211,0.4799,-0.387,-0.8689,-30.1465,3.4727,1.3262,other
36234,0.4834,-0.3951,-0.8621,-28.0234,4.9082,0.8535,other
36257,0.448,-0.3928,-0.7979,-25.5469,5.4375,0.2598,other
36280,0.4294,-0.3905,-0.7743,-20.5059,5.7129,-0.7305,other
36303,0.4531,-0.4054,-0.7781,-16.457,5.6777,-1.2793,other
36326,0.4575,-0.4276,-0.7771,-9.8242,5.4512,-1.7227,other
36349,0.4609,-0.4438,-0.7772,-3.2285,5.1504,-1.6348,other
36372,0.4614,-0.4508,-0.7753,0.7422,4.9863,-1.2949,other
36395,0.4408,-0.4519,-0.7495,5.5605,4.9082,-0.4219,other
36418,0.4237,-0.4462,-0.7253,7.8125,5.0371,0.3613,other
36441,0.4683,-0.4323,-0.7627,9.543,5.6328,1.7715,other
36464,0.4822,-0.4259,-0.7731,9.2148,6.709,3.3516,other
36487,0.478,-0.4265,-0.7773,7.8887,7.584,4.418,other
36510,0.479,-0.4233,-0.7772,4.4727,8.959,5.9238,other
36533,0.4912,-0.418,-0.7773,1.4727,9.8203,6.8047,other
36556,0.4788,-0.4126,-0.7772,-3.5957,10.8086,7.8652,other
36579,0.4834,-0.4089,-0.7772,-8.6484,11.2676,8.5918,other
36602,0.4988,-0.4108,-0.7775,-11.6348,11.2773,8.8984,other
36625,0.4863,-0.4102,-0.7771,-15.123,10.9004,9.1211,other
36648,0.4503,-0.4066,-0.7772,-16.6406,10.4453,9.1484,other
36671,0.4677,-0.406,-0.7772,-17.6465,9.627,9.0859,other
36694,0.4968,-0.4041,-0.7775,-17.5449,9.0723,9.0039,other
36717,0.5026,-0.41,-0.7771,-16.5039,8.252,8.8105,other
36740,0.4978,-0.4146,-0.7772,-14.793,7.4336,8.5059,other
36763,0.5009,-0.4222,-0.7772,-13.4707,6.8867,8.2422,other
36786,0.5004,-0.4248,-0.7772,-11.4434,6.0371,7.7891,other
36809,0.4896,-0.4224,-0.7712,-10.1758,5.416,7.4766,other
36832,0.4731,-0.4199,-0.757,-8.543,4.377,7.0547,other
36855,0.4745,-0.4146,-0.7748,-7.3652,3.2207,6.75,other
36878,0.4747,-0.4081,-0.7759,-6.9023,2.3926,6.6133,other
36901,0.4694,-0.3994,-0.7777,-6.7656,1.1016,6.4687,other
36924,0.4526,-0.3922,-0.7773,-7.0566,0.2676,6.377,other
36947,0.4619,-0.3802,-0.8013,-7.9922,-0.7383,6.2129,other
36970,0.4829,-0.3837,-0.8225,-9.2754,-1.1895,5.9785,other
36993,0.4968,-0.3903,-0.7795,-10.1094,-1.1055,5.7695,other
37016,0.4945,-0.4031,-0.7771,-10.9121,-0.4277,5.3867,other
37039,0.4866,-0.4141,-0.7773,-10.9062,0.3535,5.1074,other
37062,0.5096,-0.4219,-0.7642,-9.8301,1.9434,4.7129,other
37085,0.5382,-0.431,-0.7561,-8.3848,3.1758,4.3887,other
37108,0.5219,-0.4369,-0.764,-5.3555,4.9648,4.2129,other
37131,0.4834,-0.4354,-0.7325,-1.7949,6.3242,4.0293,other
37154,0.4731,-0.442,-0.7236,0.5547,6.8711,3.9727,other
37177,0.4741,-0.4463,-0.7474,3.5898,7.084,3.9629,other
37200,0.4939,-0.452,-0.7745,5.0625,6.8164,3.9629,other
37223,0.519,-0.4475,-0.7754,6.1777,5.8555,3.8516,other
37246,0.5146,-0.4404,-0.7771,5.9004,4.3262,3.5098,other
37269,0.4889,-0.4292,-0.7623,5.0273,3.0957,3.1523,other
37292,0.474,-0.4242,-0.7574,2.9727,1.1699,2.5156,other
37315,0.475,-0.4247,-0.7784,1.3125,-0.0215,2.0859,other
37338,0.5045,-0.4272,-0.7767,-1.291,-1.4922,1.4922,other
37361,0.5267,-0.4297,-0.7775,-3.7402,-2.5586,0.9473,other
37384,0.5038,-0.4287,-0.7772,-5.1543,-3.1191,0.582,other
37407,0.4928,-0.4307,-0.7731,-6.7715,-3.8457,0.0332,other
37430,0.4775,-0.4326,-0.7435,-7.4238,-4.2852,-0.3086,other
37453,0.4811,-0.4335,-0.7415,-7.709,-4.8555,-0.7422,other
37476,0.4871,-0.4347,-0.7552,-7.498,-5.2598,-1.0625,other
37499,0.4972,-0.4297,-0.7761,-6.832,-5.4355,-1.2344,other
37522,0.4999,-0.4243,-0.7773,-6.1426,-5.6426,-1.4824,other
37545,0.4954,-0.4167,-0.7772,-5.8672,-5.8203,-1.6602,other
37568,0.4629,-0.406,-0.7772,-5.8926,-6.1973,-1.9414,other
37591,0.4404,-0.3984,-0.7773,-6.207,-6.4648,-2.1113,other
37614,0.4481,-0.395,-0.7805,-7.0137,-6.6758,-2.2812,other
37637,0.5042,-0.4047,-0.8168,-8.002,-6.4043,-2.3437,other
37660,0.5186,-0.4072,-0.7761,-8.6211,-5.9238,-2.3535,other
37683,0.4917,-0.4137,-0.7753,-9.2129,-4.8379,-2.3535,other
37706,0.4906,-0.421,-0.7412,-9.2207,-3.9297,-2.3281,other
37729,0.4896,-0.4264,-0.7347,-8.5234,-2.4277,-2.207,other
37752,0.4901,-0.4227,-0.7559,-7.1074,-0.9785,-1.9688,other
37775,0.4878,-0.4155,-0.7783,-5.9727,-0.168,-1.7578,other
37798,0.4857,-0.4048,-0.777,-4.4043,0.6934,-1.4063,other
37821,0.4857,-0.3977,-0.7773,-3.6602,0.9883,-1.1797,other
37844,0.4814,-0.3979,-0.7771,-3.1582,0.9746,-0.8906,other
37867,0.4847,-0.4031,-0.7772,-3.1914,0.4473,-0.7012,other
37890,0.4962,-0.4093,-0.7772,-3.5684,-0.1172,-0.6484,other
37913,0.4895,-0.4125,-0.7772,-4.0391,-1.127,-0.6875,other
37936,0.4855,-0.4144,-0.7772,-4.2812,-1.8125,-0.7832,other
37959,0.4862,-0.4103,-0.7772,-4.4687,-2.7148,-0.9844,other
37982,0.4789,-0.4045,-0.7772,-4.4883,-3.2051,-1.127,other
38005,0.4532,-0.3999,-0.7772,-4.418,-3.7891,-1.293,other
38028,0.4542,-0.4003,-0.7772,-4.293,-4.123,-1.3535,other
38051,0.4982,-0.4019,-0.7773,-4.2129,-4.1387,-1.3379,other
38074,0.511,-0.4044,-0.7773,-4.1328,-3.8418,-1.2871,other
38097,0.4851,-0.4053,-0.7771,-4.1152,-3.4746,-1.2676,other
38120,0.4838,-0.4049,-0.7772,-4.1074,-2.7461,-1.2598,other
38143,0.4764,-0.4087,-0.7772,-4.0332,-1.9082,-1.2344,other
38166,0.4719,-0.4122,-0.7772,-3.9141,-1.3516,-1.1836,other
38189,0.4813,-0.4103,-0.7772,-3.6641,-0.541,-1.0527,other
38212,0.5012,-0.4062,-0.7772,-3.498,-0.0234,-0.9434,other
38235,0.5184,-0.405,-0.7775,-3.3652,0.6699,-0.7949,other
38258,0.5085,-0.3978,-0.7771,-3.4668,1.1387,-0.7051,other
38281,0.479,-0.3961,-0.7772,-3.6602,1.2559,-0.6699,other
38304,0.4625,-0.4001,-0.7772,-4.0078,1.1328,-0.5918,other
38327,0.4747,-0.406,-0.7772,-4.1953,0.8887,-0.502,other
38350,0.4736,-0.4091,-0.7772,-4.3066,0.3516,-0.3203,other
38373,0.4918,-0.4124,-0.7773,-4.2617,-0.0547,-0.1992,other
38396,0.5114,-0.408,-0.7772,-4.0762,-0.6523,-0.082,other
38419,0.4806,-0.3971,-0.7772,-3.8496,-1.2285,-0.082,other
38442,0.4615,-0.399,-0.7772,-3.709,-1.6016,-0.1328,other
38465,0.4879,-0.4053,-0.7772,-3.5371,-2.084,-0.2305,other
38488,0.4801,-0.4062,-0.7772,-3.4551,-2.3125,-0.293,other
38511,0.4868,-0.4067,-0.7772,-3.3984,-2.4668,-0.3828,other
38534,0.5142,-0.4065,-0.7775,-3.418,-2.3652,-0.4746,other
38557,0.4994,-0.403,-0.7771,-3.4727,-2.2012,-0.5488,other
38580,0.4624,-0.3979,-0.7772,-3.5879,-1.916,-0.6543,other
38603,0.4703,-0.4023,-0.7765,-3.6465,-1.7227,-0.6953,other
38626,0.486,-0.4078,-0.7773,-3.6562,-1.4453,-0.6934,other
38649,0.4874,-0.4073,-0.7772,-3.6016,-1.209,-0.6465,other
38672,0.4974,-0.4045,-0.7773,-3.5723,-1.0742,-0.6152,other
38695,0.4845,-0.3999,-0.7772,-3.5996,-0.9199,-0.5918,other
38718,0.4779,-0.3979,-0.7772,-3.6738,-0.8516,-0.5879,other
38741,0.4791,-0.399,-0.7772,-3.8555,-0.7695,-0.5703,other
38764,0.4872,-0.401,-0.7772,-4.0117,-0.7031,-0.5293,other
38787,0.4955,-0.3982,-0.7773,-4.2754,-0.5723,-0.5,other
38810,0.4988,-0.3992,-0.7775,-4.5488,-0.4336,-0.4687,other
38833,0.4944,-0.4004,-0.7771,-4.7129,-0.3672,-0.4648,other
38856,0.4818,-0.3997,-0.7772,-4.8711,-0.3418,-0.4785,other
38879,0.4775,-0.4021,-0.7769,-4.8652,-0.3711,-0.4824,other
38902,0.4817,-0.405,-0.7758,-4.6289,-0.4277,-0.4551,other
38925,0.5004,-0.407,-0.7773,-4.1465,-0.418,-0.3965,other
38948,0.5137,-0.4054,-0.7772,-3.7598,-0.3594,-0.3633,other
38971,0.505,-0.4022,-0.7772,-3.2344,-0.2344,-0.3535,other
38994,0.4761,-0.3956,-0.7772,-2.9883,-0.1738,-0.3711,other
39017,0.4618,-0.3987,-0.7772,-2.8047,-0.1484,-0.3965,other
39040,0.4875,-0.4012,-0.7772,-2.8184,-0.1738,-0.3828,other
39063,0.5159,-0.4023,-0.7773,-2.9199,-0.2109,-0.3691,other
39086,0.5082,-0.4025,-0.7772,-3.1836,-0.3301,-0.3887,other
39109,0.4921,-0.3998,-0.7772,-3.4004,-0.4531,-0.4375,other
39132,0.4769,-0.3975,-0.7772,-3.6895,-0.6777,-0.5391,other
39155,0.4812,-0.4008,-0.7772,-3.8027,-0.9258,-0.6133,other
39178,0.4988,-0.4073,-0.7772,-3.8027,-1.0938,-0.6367,other
39201,0.5013,-0.4071,-0.7772,-3.6348,-1.3223,-0.6484,other
39224,0.4849,-0.4028,-0.7772,-3.4805,-1.4277,-0.6523,other
39247,0.4877,-0.4023,-0.7772,-3.2715,-1.4727,-0.6504,other
39270,0.4873,-0.4012,-0.7772,-3.1953,-1.4336,-0.6445,other
39293,0.4885,-0.3955,-0.7772,-3.2383,-1.3184,-0.6289,other
39316,0.4836,-0.3933,-0.7772,-3.4844,-1.1797,-0.6172,other
39339,0.4801,-0.3967,-0.7772,-3.7324,-1.0723,-0.6191,other
39362,0.5151,-0.3984,-0.7773,-4.1445,-0.8457,-0.6582,other
39385,0.5182,-0.3994,-0.7772,-4.4004,-0.6562,-0.7207,other
39408,0.4929,-0.3944,-0.7772,-4.6934,-0.3965,-0.8789,other
39431,0.4917,-0.3953,-0.7772,-4.7852,-0.2324,-1.0586,other
39454,0.4889,-0.3994,-0.7772,-4.6914,-0.1934,-1.1484,other
39477,0.4832,-0.3997,-0.7772,-4.3145,-0.2187,-1.2031,other
39500,0.5031,-0.3993,-0.7772,-3.9434,-0.2637,-1.1816,other
39523,0.5057,-0.4004,-0.7772,-3.3105,-0.3379,-1.0898,other
39546,0.5011,-0.3981,-0.7772,-2.7246,-0.4316,-0.9688,other
39569,0.4993,-0.4054,-0.7772,-2.4121,-0.5195,-0.8809,other
39592,0.4871,-0.3998,-0.7732,-2.0801,-0.7031,-0.7441,other
39615,0.4863,-0.4036,-0.7731,-1.9492,-0.8457,-0.6387,other
39638,0.5027,-0.4064,-0.7778,-1.8848,-1.0391,-0.4629,other
39661,0.5043,-0.4026,-0.7772,-1.9531,-1.1309,-0.3457,other
39684,0.498,-0.399,-0.7773,-2.2578,-1.2031,-0.1836,other
39707,0.4996,-0.3945,-0.7771,-2.7988,-1.2109,-0.0391,other
39730,0.4923,-0.3962,-0.7772,-3.2344,-1.1992,0.0586,other
39753,0.4841,-0.401,-0.7772,-3.8594,-1.1758,0.2148,other
39776,0.5021,-0.4017,-0.7772,-4.1777,-1.1582,0.3281,other
39799,0.5142,-0.4042,-0.7772,-4.4336,-1.1426,0.4883,other
39822,0.5094,-0.4036,-0.7772,-4.4297,-1.1934,0.6035,other
39845,0.4879,-0.4001,-0.7772,-4.3184,-1.3047,0.6543,other
39868,0.4801,-0.4023,-0.7772,-4.0352,-1.627,0.7266,other
39891,0.4828,-0.4054,-0.7772,-3.7969,-1.9336,0.7949,other
39914,0.4778,-0.405,-0.7772,-3.416,-2.4668,0.9473,other
39937,0.4692,-0.4038,-0.7772,-3.0684,-2.9805,1.1348,other
39960,0.4772,-0.4053,-0.7772,-2.8984,-3.2461,1.2539,other
39983,0.5067,-0.4072,-0.7772,-2.7832,-3.4687,1.3652,other
40006,0.4913,-0.4003,-0.7772,-2.8125,-3.5117,1.3594,other
40029,0.4561,-0.3999,-0.7772,-2.9805,-3.457,1.2266,other
40052,0.4718,-0.4065,-0.7772,-3.1348,-3.3242,0.9922,other
40075,0.4987,-0.4056,-0.7772,-3.3887,-2.9629,0.8027,other
40098,0.4927,-0.4044,-0.7772,-3.6484,-2.502,0.4668,other
40121,0.4971,-0.4037,-0.7772,-3.8223,-2.2246,0.2148,other
40144,0.4768,-0.4001,-0.7772,-4.0684,-1.9629,-0.1758,other
40167,0.4615,-0.3988,-0.7772,-4.209,-1.9414,-0.4219,other
40190,0.4645,-0.4027,-0.7772,-4.373,-2.2285,-0.7344,other
40213,0.4774,-0.4012,-0.7772,-4.5059,-3.0664,-1.0078,other
40236,0.4858,-0.4025,-0.7773,-4.5996,-3.9922,-1.2109,other
40259,0.4734,-0.3962,-0.7773,-4.791,-5.8789,-1.582,other
40282,0.4551,-0.3921,-0.7772,-4.9805,-7.3398,-1.8613,other
40305,0.4387,-0.3872,-0.7772,-5.3555,-9.4609,-2.2441,other
40328,0.4366,-0.39,-0.7772,-5.7734,-11.0488,-2.4824,other
40351,0.4592,-0.3916,-0.7772,-6.0332,-11.6797,-2.5332,other
40374,0.4709,-0.3932,-0.7772,-6.3262,-12.084,-2.4766,other
40397,0.4691,-0.3917,-0.7772,-6.4258,-12.1016,-2.3867,other
40420,0.441,-0.3917,-0.7772,-6.3965,-11.8789,-2.2168,other
40443,0.421,-0.3896,-0.7771,-6.2539,-11.3516,-2.0078,other
40466,0.4163,-0.391,-0.7775,-5.8633,-10.8281,-1.8359,other
40489,0.4359,-0.394,-0.7772,-5.3359,-9.8281,-1.5605,other
40512,0.4565,-0.3926,-0.7772,-4.9766,-9.0645,-1.3984,other
40535,0.4572,-0.3885,-0.7776,-4.5566,-7.9023,-1.2559,other
40558,0.4458,-0.3875,-0.7775,-4.4043,-7.1914,-1.2441,other
40581,0.4271,-0.38,-0.7772,-4.3809,-6.2539,-1.3203,other
40604,0.4269,-0.3851,-0.7782,-4.5449,-5.3867,-1.4277,other
40627,0.4465,-0.3826,-0.7915,-4.7285,-4.8125,-1.4863,other
40650,0.4543,-0.3815,-0.7861,-5.0664,-3.9961,-1.5352,other
40673,0.441,-0.3823,-0.7819,-5.2969,-3.5176,-1.5469,other
40696,0.4327,-0.3813,-0.7765,-5.5488,-2.9297,-1.5254,other
40719,0.4337,-0.3854,-0.7775,-5.5762,-2.4727,-1.4453,other
40742,0.4254,-0.3868,-0.7772,-5.4336,-2.2246,-1.3594,other
40765,0.4316,-0.3861,-0.7773,-4.998,-1.9141,-1.1992,other
40788,0.4454,-0.3813,-0.7772,-4.6094,-1.7305,-1.0918,other
40811,0.4493,-0.3806,-0.7856,-4.0039,-1.498,-0.9746,other
40834,0.4303,-0.3817,-0.7882,-3.6602,-1.3633,-0.9336,other
40857,0.4387,-0.3802,-0.7755,-3.3125,-1.3477,-0.9375,other
40880,0.4371,-0.3832,-0.7777,-3.1484,-1.4336,-0.9727,other
40903,0.4335,-0.3849,-0.7771,-3.1035,-1.5488,-1.0039,other
40926,0.4418,-0.389,-0.7783,-3.0723,-1.752,-1.0527,other
40949,0.4574,-0.3867,-0.78,-3.0586,-1.8867,-1.0879,other
40972,0.4353,-0.3838,-0.7769,-3.0371,-2.0527,-1.1406,other
40995,0.4232,-0.3832,-0.7773,-2.9961,-2.0859,-1.1563,other
41018,0.4329,-0.3839,-0.7773,-2.9473,-1.9805,-1.1191,other
41041,0.4474,-0.3862,-0.7772,-2.8516,-1.6445,-0.9902,other
41064,0.4381,-0.3862,-0.7772,-2.7988,-1.3574,-0.8672,other
41087,0.4385,-0.3826,-0.7773,-2.7871,-0.9316,-0.6582,other
41110,0.434,-0.3843,-0.7836,-2.918,-0.6328,-0.4434,other
41133,0.4241,-0.3817,-0.7827,-3.0996,-0.5684,-0.3047,other
41156,0.4312,-0.3824,-0.7764,-3.4863,-0.7109,-0.123,other
41179,0.4408,-0.3871,-0.7776,-3.7773,-0.9434,-0.0293,other
41202,0.4473,-0.3866,-0.7772,-4.1816,-1.4219,0.0508,other
41225,0.4355,-0.3811,-0.7772,-4.5059,-1.9707,0.0527,other
41248,0.4226,-0.3771,-0.7775,-4.6758,-2.3281,0.0234,other
41271,0.4324,-0.3792,-0.7861,-4.8828,-2.75,-0.0234,other
41294,0.4453,-0.3788,-0.7909,-5.0098,-2.9141,-0.0391,other
41317,0.4293,-0.3781,-0.7825,-5.2031,-2.9805,-0.0332,other
41340,0.4215,-0.3771,-0.7766,-5.3242,-2.9082,0.4961,other
41363,0.4305,-0.3763,-0.7792,-5.4355,-2.6426,0.082,other
41386,0.4336,-0.3785,-0.7865,-5.4141,-2.2578,0.1953,other
41409,0.4281,-0.3817,-0.7795,-5.3125,-1.9766,0.2676,other
41432,0.4259,-0.3818,-0.7771,-5.0215,-1.5703,0.3477,other
41455,0.4304,-0.3834,-0.7773,-4.7344,-1.3262,0.373,other
41478,0.4254,-0.3833,-0.7772,-4.1914,-1.0254,0.3594,other
41501,0.4349,-0.3818,-0.7783,-3.5996,-0.8027,0.2793,other
41524,0.4426,-0.3812,-0.7786,-3.248,-0.7012,0.1855,other
41547,0.4196,-0.3792,-0.7794,-2.873,-0.6348,-0.0078,other
41570,0.4174,-0.381,-0.777,-2.7539,-0.6328,-0.1543,other
41593,0.4385,-0.3824,-0.7773,-2.7578,-0.623,-0.375,other
41616,0.4443,-0.3821,-0.7772,-2.9375,-0.5918,-0.5957,other
41639,0.4474,-0.3832,-0.7775,-3.1328,-0.5898,-0.748,other
41662,0.4497,-0.3812,-0.7789,-3.5117,-0.6895,-0.9824,other
41685,0.4246,-0.3756,-0.7786,-3.8008,-0.8867,-1.125,other
41708,0.4137,-0.3737,-0.777,-4.252,-1.4551,-1.2754,other
41731,0.4296,-0.3777,-0.7877,-4.5352,-2.0098,-1.3145,other
41754,0.4226,-0.3767,-0.7861,-4.9004,-3.0098,-1.2852,other
41777,0.4216,-0.374,-0.7776,-5.166,-4.0254,-1.1855,other
41800,0.4254,-0.3739,-0.7832,-5.2676,-4.623,-1.1016,other
41823,0.416,-0.3733,-0.7982,-5.2891,-5.3906,-0.9707,other
41846,0.4065,-0.3715,-0.7758,-5.2168,-5.8418,-0.8906,other
41869,0.3938,-0.3743,-0.778,-4.9648,-6.4238,-0.7871,other
41892,0.4111,-0.3811,-0.7866,-4.5723,-6.7852,-0.7187,other
41915,0.4359,-0.38,-0.8186,-4.2832,-6.8945,-0.709,other
41938,0.4302,-0.3763,-0.811,-3.8945,-7.0,-0.7617,other
41961,0.4017,-0.3739,-0.7792,-3.6797,-7.123,-0.8281,other
41984,0.3918,-0.3781,-0.8239,-3.3926,-7.3672,-0.9121,other
42007,0.4076,-0.3782,-0.8445,-3.0664,-7.5762,-0.9082,other
42030,0.3925,-0.3732,-0.8187,-2.7754,-7.7051,-0.8477,other
42053,0.3727,-0.3809,-0.7926,-2.1152,-7.9453,-0.6777,other
42076,0.3433,-0.3759,-0.7944,-1.4707,-8.125,-0.5234,other
42099,0.4189,-0.3992,-0.8104,-0.1914,-8.3613,-0.2949,other
42122,0.3774,-0.39,-0.8268,0.7969,-8.4922,-0.2227,other
42145,0.3752,-0.3944,-0.7902,2.2969,-8.502,-0.293,other
42168,0.4131,-0.4166,-0.7755,3.6543,-8.2715,-0.5137,other
42191,0.4039,-0.3993,-0.6812,4.4102,-8.0156,-0.6992,other
42214,0.3618,-0.4122,-0.7917,5.1641,-7.793,-0.9531,other
42237,0.3767,-0.3905,-0.8713,5.2148,-7.7754,-1.0547,other
42260,0.4216,-0.3994,-0.897,4.2422,-7.8008,-1.0723,other
42283,0.3938,-0.3771,-0.8503,1.9219,-7.9004,-0.9922,other
42306,0.3256,-0.3707,-0.7828,-0.1348,-8.0176,-0.9141,other
42329,0.3414,-0.3781,-0.7765,-3.3477,-8.0273,-0.7559,other
42352,0.3861,-0.3854,-0.8108,-5.2402,-7.7773,-0.6367,other
42375,0.3844,-0.3865,-0.8301,-7.4336,-7.0586,-0.5195,other
42398,0.3644,-0.3726,-0.816,-8.8594,-6.1133,-0.5508,other
42421,0.3561,-0.3606,-0.7887,-9.4648,-5.4082,-0.6582,other
42444,0.381,-0.3516,-0.792,-10.0293,-4.2734,-0.9238,other
42467,0.3916,-0.3569,-0.8759,-10.3086,-3.5684,-1.1621,other
42490,0.4237,-0.3635,-0.876,-10.8535,-2.9102,-1.582,other
42513,0.4742,-0.3555,-0.8094,-11.7637,-3.0801,-1.9922,other
42536,0.5582,-0.3356,-0.813,-12.6328,-3.7324,-2.1934,other
42559,0.5687,-0.337,-0.9247,-14.6914,-5.1797,-2.3574,other
42582,0.4724,-0.3147,-0.8058,-17.0293,-5.8242,-2.3867,other
42605,0.4825,-0.2535,-0.6421,-22.8164,-4.6641,-2.2363,other
42628,0.5159,-0.1838,-0.668,-28.582,-1.582,-1.9922,other
42651,0.4822,-0.0978,-0.7596,-40.5195,6.9453,-1.7031,other
42674,0.4241,-0.0236,-0.8459,-56.1289,18.7969,-2.2852,other
42697,0.4447,0.016,-1.0013,-64.0,27.1172,-3.6719,other
42720,0.4395,0.0197,-1.1132,-64.0,37.4512,-7.8926,other
42743,0.3448,0.0284,-0.9487,-64.0,41.2813,-12.2383,other
42766,0.2874,0.0737,-0.6631,-64.0,40.9102,-20.5801,other
42789,0.2533,0.1285,-0.6423,-64.0,33.8105,-29.9785,other
42812,0.1595,0.1689,-0.6538,-64.0,26.3242,-36.0742,other
42835,0.1847,0.2091,-0.6353,-64.0,12.9258,-43.8359,other
42858,0.3087,0.2717,-0.7319,-64.0,3.6738,-47.6113,other
42881,0.3918,0.3103,-0.8182,-64.0,-9.6895,-50.7969,other
42904,0.3586,0.3469,-0.7699,-64.0,-22.0566,-50.9902,other
42927,0.3062,0.3793,-0.6705,-64.0,-29.1699,-49.5098,other
42950,0.3455,0.4142,-0.7341,-64.0,-36.582,-45.0098,other
42973,0.3767,0.4271,-0.8719,-64.0,-38.6641,-40.6895,other
42996,0.3752,0.4414,-0.7924,-64.0,-37.3672,-32.9004,other
43019,0.3435,0.4436,-0.6985,-64.0,-34.0605,-24.5742,other
43042,0.2542,0.4249,-0.7582,-58.707,-26.8047,-19.2773,other
43065,0.2537,0.4264,-0.7175,-50.6094,-18.375,-12.3945,other
43088,0.3584,0.3925,-0.7325,-45.3359,-12.9922,-8.8437,other
43111,0.4186,0.3539,-0.797,-37.7676,-6.6934,-5.5605,other
43134,0.3995,0.3641,-0.6406,-33.0859,-4.3437,-4.8203,other
43157,0.2766,0.3672,-0.4906,-26.6133,-3.6953,-5.4277,other
43180,0.1532,0.3749,-0.6749,-20.7422,-5.0937,-6.9414,other
43203,0.3643,0.4138,-0.8739,-17.3926,-6.0684,-7.8262,other
43226,0.3615,0.4597,-0.6798,-13.5312,-6.7148,-8.5254,other
43249,0.2511,0.4764,-0.7094,-11.6074,-6.6758,-8.5293,other
43272,0.192,0.4757,-0.7334,-9.377,-6.2012,-8.0039,other
43295,0.3069,0.4011,-0.761,-7.8223,-5.6465,-7.1973,other
43318,0.3751,0.4082,-0.6559,-7.3125,-5.6348,-6.6914,other
43341,0.2299,0.4761,-0.6599,-7.6406,-6.8574,-6.1582,other
43364,0.1962,0.5233,-0.8398,-8.6191,-8.7656,-6.0195,other
43387,0.2947,0.4059,-0.762,-11.082,-13.3672,-6.1562,other
43410,0.2781,0.3734,-0.7472,-13.3301,-18.9063,-6.625,other
43433,0.2444,0.4639,-0.6244,-17.502,-21.7305,-7.0918,other
43456,0.1301,0.5424,-0.6046,-22.2559,-22.6855,-8.041,other
43479,0.256,0.5365,-0.7318,-25.4473,-20.666,-8.8301,other
43502,0.208,0.4858,-0.7013,-29.9082,-14.668,-10.0664,other
43525,0.2476,0.4753,-0.6072,-32.6055,-10.0117,-10.7598,other
43548,0.1871,0.5516,-0.6422,-36.3027,-4.3789,-11.3711,other
43571,0.1993,0.5634,-0.6749,-39.6426,-2.0898,-11.3281,other
43594,0.2285,0.5201,-0.6261,-41.6914,-2.6934,-10.9355,other
43617,0.1918,0.5625,-0.5151,-44.5742,-6.1094,-9.9316,other
43640,0.1993,0.6165,-0.6007,-46.4023,-9.3203,-9.1191,other
43663,0.1259,0.5814,-0.6499,-49.0352,-14.2285,-7.9316,other
43686,0.1964,0.5399,-0.5369,-51.6094,-17.9941,-6.9785,other
43709,0.1613,0.5967,-0.4521,-53.3398,-19.6387,-6.5273,other
43732,0.1182,0.6324,-0.5354,-55.8789,-20.9824,-6.1289,other
43755,0.1488,0.6133,-0.5352,-57.4121,-21.1602,-6.0,other
43778,0.1337,0.5876,-0.3672,-59.25,-20.4316,-5.834,other
43801,0.1134,0.5629,-0.3407,-60.0391,-18.8164,-5.4824,other
43824,0.1128,0.7495,-0.5143,-60.3594,-17.4082,-5.0586,other
43847,0.1627,0.7944,-0.485,-59.3613,-15.1738,-4.0586,other
43870,0.1409,0.7042,-0.3772,-57.7891,-13.9727,-3.1406,other
43893,0.1426,0.7064,-0.2732,-53.8867,-13.1133,-1.4492,other
43916,0.1809,0.6719,-0.4539,-50.166,-13.1016,-0.1523,other
43939,0.1749,0.6495,-0.5135,-42.7715,-13.1094,1.9863,other
43962,0.1859,0.6526,-0.4784,-33.2109,-12.0332,4.2285,bite
43985,0.1525,0.6963,-0.3301,-25.7773,-10.373,5.6406,bite
44008,0.1665,0.6547,-0.5632,-13.4883,-6.4785,7.3867,bite
44031,0.106,0.5941,-0.7061,-4.8594,-3.0898,8.2363,bite
44054,0.0552,0.6379,-0.4768,8.1328,2.791,9.1445,bite
44077,0.1252,0.6624,-0.2477,20.4336,8.6582,10.0684,bite
44100,0.3503,0.5928,-0.3546,27.8535,11.7676,11.1445,bite
44123,0.3212,0.6064,-0.6049,37.7402,14.584,14.2578,bite
44146,0.3755,0.5642,-0.7061,43.8828,15.6504,17.5938,bite
44169,0.2795,0.5179,-0.7477,53.0742,16.9863,24.3105,bite
44192,0.4205,0.4979,-0.8951,62.168,18.2285,32.0391,bite
44215,0.4833,0.5426,-0.8469,63.998,18.8379,36.8613,bite
44238,0.4419,0.4701,-0.9901,63.998,19.4355,42.3203,bite
44261,0.3889,0.4082,-1.0023,63.998,19.7988,44.4688,bite
44284,0.3448,0.3782,-0.9576,63.998,20.5293,45.8477,bite
44307,0.345,0.3729,-0.864,63.998,21.0977,46.1484,bite
44330,0.3988,0.2218,-0.8422,63.998,21.9238,46.7734,bite
44353,0.5723,0.0463,-0.8962,63.998,23.293,48.1895,bite
44376,0.7485,-0.0277,-0.9744,63.998,24.8867,49.4512,bite
44399,0.7601,-0.1045,-1.0536,63.998,27.8027,51.373,bite
44422,0.6877,-0.198,-0.9418,63.998,29.5176,52.5469,bite
44445,0.6042,-0.2417,-0.8567,63.998,31.7305,54.3008,bite
44468,0.5547,-0.2507,-0.7706,63.998,34.4063,56.5703,bite
44491,0.5325,-0.3167,-0.7483,63.998,36.7852,58.6406,bite
44514,0.6639,-0.4137,-0.7808,63.998,40.8477,62.6152,bite
44537,0.6736,-0.4272,-0.7155,63.998,42.9316,63.998,bite
44560,0.5924,-0.4689,-0.6321,63.998,43.1133,63.998,bite
44583,0.6053,-0.5454,-0.6501,63.998,38.7813,63.998,bite
44606,0.656,-0.59,-0.5709,63.998,33.6172,63.998,bite
44629,0.6058,-0.6001,-0.5509,63.998,23.373,63.998,bite
44652,0.4926,-0.6328,-0.5634,63.998,15.5762,63.998,bite
44675,0.4281,-0.6592,-0.4661,63.998,4.0156,63.998,bite
44698,0.3966,-0.644,-0.295,62.9785,-5.0937,63.998,bite
44721,0.3535,-0.6284,-0.3223,49.3047,-9.5137,63.998,bite
44744,0.2655,-0.6013,-0.5164,36.3633,-12.2051,63.998,bite
44767,0.2043,-0.6001,-0.6198,27.8652,-11.7754,63.998,bite
44790,0.1815,-0.5576,-0.5609,14.8594,-8.3711,63.998,bite
44813,0.1711,-0.5532,-0.546,6.0391,-4.7051,63.998,bite
44836,0.1713,-0.5345,-0.5785,-6.9316,2.0234,63.998,bite
44859,0.1643,-0.5394,-0.7344,-18.8691,9.1074,63.998,bite
44882,0.1571,-0.5397,-0.7836,-25.9434,13.4316,63.998,bite
44905,0.1057,-0.5475,-0.7533,-34.8535,18.7461,63.998,bite
44928,0.0807,-0.5564,-0.6924,-39.4473,21.4805,63.998,bite
44951,0.1819,-0.5698,-0.7883,-44.1074,24.4922,63.998,other
44974,0.304,-0.5873,-0.8997,-46.3594,25.8535,63.998,other
44997,0.2548,-0.6127,-0.8984,-46.8633,25.4531,63.998,other
45020,0.2533,-0.6138,-0.8843,-46.498,22.8516,63.998,other
45043,0.249,-0.6115,-0.809,-45.5352,20.123,62.3398,other
45066,0.1827,-0.608,-0.7419,-42.8457,15.4219,52.6113,other
45089,0.1285,-0.5861,-0.7733,-40.1289,11.1484,45.5547,other
45112,0.0873,-0.5739,-0.7797,-34.7969,9.0391,42.5566,other
45135,0.1315,-0.5809,-0.7767,-28.5,7.2734,40.3516,other
45158,0.1431,-0.5869,-0.7772,-24.1582,6.8848,39.9316,other
45181,0.1569,-0.5668,-0.7772,-17.9746,6.9316,39.7773,other
45204,0.1893,-0.5305,-0.7821,-14.2832,7.0527,39.3887,other
45227,0.1438,-0.5166,-0.874,-9.5625,6.9434,37.6973,other
45250,0.1178,-0.4978,-0.884,-5.8965,6.4648,34.4277,other
45273,0.1637,-0.5281,-0.8269,-3.959,6.2578,31.4492,other
45296,0.5909,-0.74,-0.859,-1.4375,6.6211,26.0742,other
45319,-0.0937,-0.6379,-0.5215,0.3516,7.2988,22.2207,other
45342,0.2914,-0.4749,-0.9027,3.7832,8.5879,16.6855,other
45365,0.1732,-0.3778,-0.9762,7.9043,9.0859,11.5684,other
45388,0.0177,-0.3307,-0.8733,10.5078,8.5371,8.3145,other
45411,-0.1099,-0.4919,-1.1461,13.334,7.1699,3.5586,other
45434,0.2057,-0.4707,-0.8573,14.3066,6.7754,0.3047,other
45457,0.2853,-0.6069,-0.7766,15.3594,7.0723,-5.3066,other
45480,0.3804,-0.7014,-0.7449,18.0117,6.8594,-12.5059,other
45503,0.3591,-0.7672,-0.6431,21.6836,5.3262,-18.3496,other
45526,0.2406,-0.8035,-0.5065,30.7559,-0.3867,-28.3301,other
45549,0.1034,-0.7992,-0.3483,39.0195,-6.7539,-35.3301,other
45572,0.0857,-0.7953,-0.3152,53.4063,-19.748,-45.5605,other
45595,0.1022,-0.7637,-0.3413,62.959,-30.209,-55.0098,other
45618,0.0651,-0.7113,-0.3019,63.998,-47.6211,-61.4238,other
45641,0.0508,-0.675,-0.2874,63.998,-64.0,-64.0,other
45664,0.1871,-0.6399,-0.386,63.998,-64.0,-64.0,other
45687,0.3617,-0.6068,-0.4744,63.1992,-64.0,-64.0,other
45710,0.4701,-0.561,-0.5408,48.6563,-64.0,-64.0,other
45733,0.4348,-0.5103,-0.5723,19.2695,-64.0,-64.0,other
45756,0.317,-0.4501,-0.531,-15.9746,-64.0,-64.0,other
45779,0.2141,-0.3855,-0.55,-40.4746,-64.0,-64.0,other
45802,0.2784,-0.3895,-0.719,-64.0,-64.0,-64.0,other
45825,0.5153,-0.429,-1.0637,-64.0,-64.0,-64.0,other
45848,0.6263,-0.4044,-1.2755,-64.0,-64.0,-64.0,other
45871,0.5834,-0.3271,-1.2189,-64.0,-64.0,-64.0,other
45894,0.4211,-0.2936,-1.2148,-64.0,-53.5078,-64.0,other
45917,0.2778,-0.2839,-1.1172,-64.0,-30.8809,-64.0,other
45940,0.2875,-0.3197,-1.0743,-64.0,-15.8828,-64.0,other
45963,0.4349,-0.3646,-1.1421,-64.0,5.8652,-64.0,other
45986,0.4513,-0.3212,-0.9521,-64.0,18.7578,-64.0,other
46009,0.3149,-0.3174,-0.8737,-50.2988,33.1758,-50.7188,other
46032,0.1567,-0.3521,-0.9225,-13.5273,40.0391,-31.3047,other
46055,0.1987,-0.4164,-0.9053,10.1758,40.3848,-19.8359,other
46078,0.5276,-0.4858,-1.041,41.2637,34.8242,-5.8359,other
46101,0.6814,-0.4658,-1.0995,57.5215,27.0684,0.8555,other
46124,0.4131,-0.4161,-0.9983,63.998,10.3906,6.8281,other
46147,0.1392,-0.4469,-0.9607,63.998,-7.8125,9.3379,other
46170,0.0275,-0.5082,-0.692,63.998,-17.2559,10.3164,other
46193,0.3558,-0.5925,-0.6962,63.998,-23.3203,12.1621,other
46216,0.5614,-0.5748,-0.7369,63.998,-21.5566,13.8145,other
46239,0.3763,-0.5905,-0.604,63.998,-12.7676,16.373,other
46262,0.2802,-0.6198,-0.5311,63.998,-0.6289,18.2969,other
46285,0.3596,-0.7776,-0.5532,63.998,7.7578,18.9531,other
46308,0.6848,-0.813,-0.7753,63.998,19.4355,18.5313,other
46331,0.6577,-0.6489,-1.0596,63.998,25.582,16.9844,other
46354,0.2534,-0.5315,-0.8181,54.5332,29.6777,12.7676,other
46377,0.1249,-0.4469,-0.5408,42.4531,26.3027,7.5059,other
46400,0.0903,-0.4707,-0.5909,21.0078,21.0605,4.293,other
46423,0.1687,-0.5236,-0.7714,-1.5137,11.9727,0.6621,other
46446,0.334,-0.5551,-0.9004,-15.9785,6.4941,-1.0371,other
46469,0.4052,-0.5398,-0.8862,-35.9551,-0.6973,-3.2441,other
46492,0.361,-0.5099,-0.7491,-47.7129,-5.6289,-4.9355,other
46515,0.2786,-0.4841,-0.7391,-62.2539,-14.2715,-8.0957,other
46538,0.2769,-0.4407,-0.8451,-64.0,-23.9121,-11.7402,other
46561,0.3104,-0.4341,-0.9711,-64.0,-29.916,-14.166,other
46584,0.3702,-0.379,-0.9961,-64.0,-36.6348,-17.3496,other
46607,0.3529,-0.3324,-0.9874,-64.0,-38.8965,-18.916,other
46630,0.3218,-0.307,-1.0032,-64.0,-38.3125,-20.0469,other
46653,0.2954,-0.2875,-1.0015,-64.0,-33.0293,-19.3906,other
46676,0.2943,-0.27,-0.9525,-64.0,-27.4531,-17.918,other
46699,0.2667,-0.2634,-0.8923,-64.0,-17.4336,-14.377,other
46722,0.2921,-0.2909,-0.8773,-59.3906,-10.4941,-11.3906,other
46745,0.3064,-0.3156,-0.8751,-46.6816,-0.7734,-6.6035,other
46768,0.3372,-0.3346,-0.8779,-32.5176,7.2695,-2.2441,other
46791,0.3604,-0.3506,-0.8538,-23.8008,11.3477,0.0508,other
46814,0.3514,-0.3608,-0.8232,-11.3086,15.2422,2.2734,other
46837,0.3285,-0.365,-0.7844,-4.1855,16.3457,2.9316,other
46860,0.3212,-0.3684,-0.778,4.1855,16.0996,2.8984,other
46883,0.342,-0.3619,-0.796,8.0664,15.0391,2.3945,other
46906,0.3496,-0.3595,-0.8428,11.2598,12.7715,1.2422,other
46929,0.3392,-0.3491,-0.8546,11.4648,10.2187,-0.0527,other
46952,0.3466,-0.3401,-0.8661,10.1797,8.5156,-0.8438,other
46975,0.3461,-0.3386,-0.8748,6.6973,6.0254,-1.7637,other
46998,0.3191,-0.3369,-0.8567,3.7656,4.4199,-2.1484,other
47021,0.3196,-0.3326,-0.8452,-0.7773,2.2656,-2.3594,other
47044,0.3531,-0.3326,-0.8578,-4.6738,0.707,-2.1934,other
47067,0.3585,-0.3403,-0.858,-6.5977,0.041,-1.9609,other
47090,0.3376,-0.3434,-0.8381,-8.2734,-0.4941,-1.5781,other
47113,0.327,-0.3463,-0.8141,-8.5879,-0.5879,-1.3594,other
47136,0.3437,-0.3496,-0.8258,-8.0469,-0.3867,-1.1523,other
47159,0.3759,-0.3473,-0.8477,-6.6914,0.0996,-1.1504,other
47182,0.355,-0.3461,-0.8556,-5.6152,0.4531,-1.2852,other
47205,0.3506,-0.3455,-0.8517,-4.1191,0.8223,-1.6602,other
47228,0.3584,-0.3391,-0.853,-3.3496,0.875,-1.9805,other
47251,0.3365,-0.3339,-0.8303,-2.6426,0.6016,-2.4687,other
47274,0.3297,-0.3356,-0.8376,-2.4531,0.2227,-2.748,other
47297,0.3519,-0.3376,-0.8497,-2.502,-0.5273,-3.0293,other
47320,0.3545,-0.3403,-0.8766,-2.8379,-1.4004,-3.125,other
47343,0.3402,-0.3385,-0.8575,-3.1582,-2.0078,-3.1016,other
47366,0.347,-0.338,-0.8301,-3.6465,-2.8145,-2.957,other
47389,0.3544,-0.3444,-0.8312,-3.8906,-3.166,-2.8086,other
47412,0.3572,-0.3495,-0.843,-4.0508,-3.2812,-2.5449,other
47435,0.3495,-0.3456,-0.8363,-3.9707,-2.9375,-2.2715,other
47458,0.3513,-0.3398,-0.8291,-3.8301,-2.5371,-2.0957,other
47481,0.3488,-0.3354,-0.8455,-3.5801,-1.8184,-1.8516,other
47504,0.3567,-0.3304,-0.8506,-3.4473,-1.334,-1.7051,other
47527,0.3563,-0.33,-0.8617,-3.375,-0.7129,-1.5156,other
47550,0.3579,-0.3351,-0.874,-3.4863,-0.3398,-1.3613,other
47573,0.3469,-0.3362,-0.8546,-3.6406,-0.2598,-1.2695,other
47596,0.3367,-0.3401,-0.8265,-3.8711,-0.334,-1.127,other
47619,0.3375,-0.3418,-0.8074,-3.9453,-0.4492,-1.0137,other
47642,0.3464,-0.3427,-0.8367,-3.8672,-0.6387,-0.8223,other
47665,0.3574,-0.3396,-0.8599,-3.709,-0.7598,-0.6445,other
47688,0.369,-0.3368,-0.8663,-3.4219,-0.9609,-0.5605,other
47711,0.3472,-0.332,-0.8535,-3.1934,-1.1934,-0.502,other
47734,0.3329,-0.3337,-0.8472,-3.0879,-1.3438,-0.498,other
47757,0.3315,-0.339,-0.8479,-2.9648,-1.5059,-0.5117,other
47780,0.344,-0.3402,-0.839,-2.8828,-1.5527,-0.5137,other
47803,0.3533,-0.3422,-0.8455,-2.7285,-1.5352,-0.5137,other
47826,0.3439,-0.3408,-0.8489,-2.5371,-1.4473,-0.5254,other
47849,0.3403,-0.3354,-0.8424,-2.3965,-1.3594,-0.5527,other
47872,0.3429,-0.3291,-0.8478,-2.1914,-1.2031,-0.625,other
47895,0.3341,-0.3279,-0.8707,-2.0684,-1.1113,-0.7012,other
47918,0.3412,-0.3352,-0.8749,-1.9258,-1.0078,-0.8789,other
47941,0.3629,-0.3452,-0.8564,-1.7871,-0.9004,-1.168,other
47964,0.3645,-0.3599,-0.8323,-1.6387,-0.8242,-1.4355,other
47987,0.364,-0.3685,-0.8105,-1.2305,-0.7559,-1.9297,other
48010,0.3635,-0.3647,-0.8041,-0.8047,-0.7754,-2.2852,other
48033,0.3549,-0.359,-0.7819,0.0176,-0.8828,-2.7578,other
48056,0.3734,-0.3594,-0.8236,0.6133,-0.9863,-3.043,other
48079,0.3712,-0.353,-0.8433,1.3516,-1.0195,-3.0879,other
48102,0.3381,-0.3452,-0.8397,1.6406,-1.0293,-2.9199,other
48125,0.3342,-0.3442,-0.8439,1.4961,-1.0176,-2.6562,other
48148,0.3525,-0.3528,-0.8585,0.7812,-0.9922,-2.084,other
48171,0.3622,-0.3545,-0.8495,0.0391,-0.9883,-1.6406,other
48194,0.3528,-0.3535,-0.8302,-1.2813,-1.0156,-0.9863,other
48217,0.358,-0.3524,-0.8286,-2.5742,-1.0039,-0.4336,other
48240,0.3575,-0.3478,-0.8311,-3.2988,-0.9063,-0.1484,other
48263,0.3591,-0.351,-0.8582,-4.0859,-0.5488,0.1445,other
48286,0.3701,-0.3512,-0.8466,-4.4141,-0.1758,0.2539,other
48309,0.3501,-0.349,-0.8263,-4.6406,0.5254,0.3066,other
48332,0.3446,-0.3439,-0.8218,-4.582,1.3301,0.2695,other
48355,0.3538,-0.339,-0.8525,-4.418,1.8945,0.2168,other
48378,0.3495,-0.3367,-0.8773,-4.0801,2.6387,0.1094,other
48401,0.3657,-0.3748,-0.8716,-3.8516,2.9551,0.0156,other
48424,0.3735,-0.3486,-0.8451,-3.5156,3.0078,-0.1797,other
48447,0.3564,-0.3605,-0.813,-3.084,2.5059,-0.4629,other
48470,0.3717,-0.3662,-0.7823,-2.668,1.9395,-0.6992,other
48493,0.3763,-0.3706,-0.7943,-1.8066,0.9551,-1.1191,other
48516,0.377,-0.3719,-0.8253,-1.1211,0.3164,-1.4258,other
48539,0.375,-0.3663,-0.8187,-0.1035,-0.5176,-1.873,other
48562,0.3644,-0.3629,-0.8105,0.4512,-0.9609,-2.1152,other
48585,0.359,-0.3607,-0.8177,0.957,-1.416,-2.3184,other
48608,0.3575,-0.3585,-0.812,0.9805,-1.5195,-2.2773,other
48631,0.3685,-0.3595,-0.8339,0.7207,-1.3379,-2.1172,other
48654,0.3767,-0.3579,-0.843,-0.0449,-0.7324,-1.7285,other
48677,0.3754,-0.3567,-0.8567,-0.7559,-0.2012,-1.4199,other
48700,0.3754,-0.3555,-0.8373,-1.9766,0.6074,-0.957,other
48723,0.3589,-0.3561,-0.7828,-3.1348,1.3125,-0.5547,other
48746,0.3643,-0.3607,-0.7845,-3.7305,1.7383,-0.3359,other
48769,0.3812,-0.363,-0.84,-4.2676,2.291,-0.0977,other
48792,0.3799,-0.3567,-0.8424,-4.4219,2.5117,-0.0137,other
48815,0.3677,-0.3551,-0.8345,-4.4687,2.4746,0.0039,other
48838,0.3743,-0.3583,-0.8328,-4.4062,1.9844,-0.0508,other
48861,0.3759,-0.3568,-0.8149,-4.3379,1.459,-0.0957,other
48884,0.3807,-0.3619,-0.8273,-4.2031,0.5059,-0.1426,other
48907,0.3787,-0.3602,-0.8181,-4.1035,-0.1543,-0.1484,other
48930,0.359,-0.3547,-0.8218,-3.959,-1.041,-0.0781,other
48953,0.3601,-0.3577,-0.8495,-3.8828,-1.4785,0.1348,other
48976,0.3727,-0.3551,-0.8359,-3.834,-1.8574,0.3594,other
48999,0.3519,-0.3546,-0.8163,-3.8516,-1.9609,0.752,other
49022,0.3646,-0.3588,-0.8246,-3.8711,-1.9004,1.002,other
49045,0.3776,-0.3593,-0.826,-3.8672,-1.6836,1.2598,other
49068,0.3871,-0.3604,-0.8447,-3.8359,-1.5215,1.3047,other
49091,0.3737,-0.3574,-0.8458,-3.752,-1.373,1.1504,other
49114,0.3632,-0.3562,-0.811,-3.625,-1.3887,0.7891,other
49137,0.3756,-0.363,-0.8063,-3.4941,-1.4668,0.498,other
49160,0.3722,-0.3671,-0.7943,-3.2109,-1.6172,0.0742,other
49183,0.3754,-0.37,-0.7966,-2.9805,-1.6855,-0.1699,other
49206,0.3771,-0.3695,-0.8297,-2.6562,-1.6621,-0.457,other
49229,0.3737,-0.3601,-0.8333,-2.5078,-1.4922,-0.6426,other
49252,0.3616,-0.3556,-0.8348,-2.5723,-1.3242,-0.6973,other
49275,0.3704,-0.3525,-0.8306,-2.9336,-1.0352,-0.6641,other
49298,0.3689,-0.3519,-0.8206,-3.3203,-0.8438,-0.5781,other
49321,0.3767,-0.356,-0.8333,-4.0137,-0.5742,-0.4004,other
49344,0.3793,-0.3568,-0.8448,-4.4883,-0.4199,-0.2559,other
49367,0.3755,-0.3541,-0.8448,-5.1309,-0.2695,-0.2148,other
49390,0.3735,-0.356,-0.8406,-5.5859,-0.2637,-0.248,other
49413,0.3651,-0.3557,-0.8104,-5.7344,-0.3555,-0.3184,other
49436,0.3618,-0.36,-0.8112,-5.6719,-0.623,-0.4746,other
49459,0.3715,-0.3594,-0.8158,-5.4434,-0.8652,-0.6016,other
49482,0.3762,-0.3555,-0.8348,-4.9082,-1.2539,-0.8301,other
49505,0.3767,-0.3582,-0.8502,-4.3105,-1.5879,-1.1152,other
49528,0.3734,-0.3511,-0.825,-3.9668,-1.7617,-1.3223,other
49551,0.3596,-0.3519,-0.8083,-3.5957,-1.9336,-1.6035,other
49574,0.3768,-0.3571,-0.8105,-3.4434,-1.9766,-1.7324,other
49597,0.3754,-0.3586,-0.8226,-3.3535,-1.9512,-1.8145,other
49620,0.3757,-0.3572,-0.8328,-3.4297,-1.873,-1.7754,other
49643,0.3755,-0.3513,-0.8339,-3.582,-1.8047,-1.6973,other
49666,0.3658,-0.347,-0.8278,-3.9473,-1.6855,-1.5137,other
49689,0.3722,-0.3439,-0.8317,-4.2578,-1.5977,-1.3574,other
49712,0.3762,-0.3462,-0.8452,-4.7637,-1.4766,-1.0977,other
49735,0.3755,-0.3459,-0.8453,-5.0918,-1.4277,-0.8574,other
49758,0.375,-0.3441,-0.8287,-5.5078,-1.4395,-0.7227,other
49781,0.3734,-0.3475,-0.8253,-5.7441,-1.4766,-0.5605,other
49804,0.376,-0.3492,-0.8435,-5.7734,-1.4863,-0.4727,other
49827,0.3759,-0.3506,-0.8428,-5.6172,-1.4648,-0.3711,other
49850,0.3673,-0.3507,-0.8131,-5.3984,-1.4395,-0.3242,other
49873,0.3557,-0.3511,-0.7961,-4.9238,-1.377,-0.2656,other
49896,0.3746,-0.3544,-0.8215,-4.3418,-1.252,-0.2051,other
49919,0.3759,-0.3505,-0.8389,-3.959,-1.1465,-0.1738,other
49942,0.3796,-0.3507,-0.8459,-3.5176,-1.0059,-0.1582,other
49965,0.3766,-0.3469,-0.8352,-3.3594,-0.9395,-0.168,other
49988,0.3708,-0.348,-0.8058,-3.3359,-0.9004,-0.1777,other
50011,0.3594,-0.3505,-0.8015,-3.4902,-0.918,-0.1113,other
50034,0.3743,-0.3529,-0.8218,-3.6543,-0.9355,-0.0059,other
50057,0.376,-0.3506,-0.8395,-3.9766,-0.9238,0.2285,other
50080,0.3757,-0.3468,-0.8557,-4.248,-0.8809,0.4082,other
50103,0.369,-0.3401,-0.8364,-4.7324,-0.7871,0.6719,other
50126,0.348,-0.3406,-0.8276,-5.2324,-0.666,0.918,other
50149,0.3732,-0.342,-0.8256,-5.5117,-0.5371,1.0723,other
50172,0.3818,-0.3453,-0.8411,-5.7832,-0.2656,1.2617,other
50195,0.375,-0.3437,-0.8347,-5.8516,-0.0625,1.3359,other
50218,0.3826,-0.3395,-0.8702,-5.7969,0.252,1.3594,other
50241,0.3776,-0.3346,-0.8656,-5.6641,0.4668,1.3359,other
50264,0.3525,-0.3347,-0.8724,-5.3066,0.8281,1.3125,other
50287,0.3457,-0.3342,-0.8556,-4.6719,1.3301,1.3984,other
50310,0.3977,-0.3416,-0.8524,-4.0254,1.8125,1.5508,other
50333,0.4283,-0.3563,-0.8569,-2.6367,2.709,1.8711,other
50356,0.4072,-0.3639,-0.8069,-1.4082,3.3164,2.0937,other
50379,0.3745,-0.3784,-0.7732,0.8887,4.1074,2.4023,other
50402,0.377,-0.3926,-0.7783,3.6641,4.748,2.6777,other
50425,0.381,-0.4038,-0.7771,5.6426,5.0977,2.832,other
50448,0.3752,-0.4047,-0.7799,8.4004,5.4492,2.9648,other
50471,0.3859,-0.3976,-0.8143,9.8066,5.5352,2.959,other
50494,0.401,-0.3916,-0.8224,10.8574,5.3848,2.7773,other
50517,0.3849,-0.3866,-0.7994,10.4492,4.8496,2.4004,other
50540,0.3743,-0.381,-0.7747,9.4453,4.2969,2.0684,other
50563,0.3829,-0.386,-0.7805,7.1738,3.291,1.5234,other
50586,0.4176,-0.3875,-0.8014,5.3672,2.5566,1.1523,other
50609,0.4114,-0.3834,-0.8171,2.5449,1.3633,0.6074,other
50632,0.396,-0.3796,-0.8164,0.7461,0.0117,0.1172,other
50655,0.3889,-0.3827,-0.8245,-1.6016,-0.7559,-0.1406,other
50678,0.374,-0.3873,-0.8044,-3.3203,-1.8711,-0.3828,other
50701,0.3883,-0.3934,-0.8076,-4.041,-2.4512,-0.4395,other
50724,0.4022,-0.3981,-0.813,-4.4453,-3.0078,-0.4043,other
50747,0.3879,-0.4006,-0.7998,-4.2949,-3.1895,-0.3398,other
50770,0.3739,-0.4034,-0.7776,-3.5469,-3.2559,-0.2402,other
50793,0.3804,-0.4022,-0.7799,-2.3477,-3.1484,-0.1738,other
50816,0.3921,-0.4059,-0.7766,-1.4238,-3.0293,-0.1621,other
50839,0.3931,-0.4122,-0.7775,-0.0605,-2.8828,-0.1973,other
50862,0.3783,-0.4149,-0.7772,0.709,-2.8477,-0.2539,other
50885,0.3745,-0.4119,-0.7772,1.459,-2.8984,-0.3535,other
50908,0.3756,-0.4053,-0.7781,1.5449,-3.0195,-0.4219,other
50931,0.3762,-0.4021,-0.792,1.1602,-3.1211,-0.4355,other
50954,0.3759,-0.3962,-0.8157,-0.1055,-3.3223,-0.4062,other
50977,0.3756,-0.3904,-0.8206,-1.3633,-3.4941,-0.3594,other
51000,0.3779,-0.3865,-0.8208,-3.6758,-3.7598,-0.2539,other
51023,0.3844,-0.3893,-0.844,-5.3398,-3.9746,-0.1465,other
51046,0.3813,-0.386,-0.8325,-7.7051,-4.0977,-0.1035,other
51069,0.3711,-0.3701,-0.8125,-9.5508,-4.3203,-0.1035,other
51092,0.3716,-0.3768,-0.8429,-10.334,-4.5098,-0.1387,other
51115,0.3934,-0.3806,-0.8677,-10.7383,-4.7734,-0.2305,other
51138,0.386,-0.3673,-0.847,-10.502,-4.8984,-0.3145,other
51161,0.373,-0.3635,-0.7828,-9.4414,-4.9746,-0.4258,other
51184,0.3948,-0.3689,-0.7782,-7.6289,-4.8027,-0.4453,other
51207,0.4086,-0.3673,-0.777,-6.1133,-4.5547,-0.4023,other
51230,0.3833,-0.3765,-0.7772,-3.6699,-4.1895,-0.3184,other
51253,0.4257,-0.3755,-0.7799,-2.1719,-4.0918,-0.3184,other
51276,0.5194,-0.3643,-0.895,-0.6992,-4.4238,-0.6211,other
51299,0.5084,-0.3479,-0.9915,-1.0195,-5.8574,-1.6309,other
51322,0.3964,-0.3501,-0.9471,-2.5762,-7.7051,-2.7949,other
51345,0.3586,-0.3495,-0.8923,-6.8105,-11.6484,-5.1152,other
51368,0.3176,-0.3282,-0.7943,-10.5195,-14.6562,-6.8691,other
51391,0.3451,-0.2964,-0.8052,-16.6797,-19.1934,-9.5508,other
51414,0.3058,-0.2653,-0.8643,-23.2539,-23.7148,-12.1426,other
51437,0.2035,-0.2485,-0.801,-28.0977,-26.8203,-13.7793,other
51460,0.174,-0.1909,-0.7966,-36.7285,-31.5703,-16.0098,other
51483,0.196,-0.1587,-0.813,-43.7344,-34.6797,-17.3281,other
51506,0.1511,-0.1064,-0.7363,-56.3555,-38.6895,-19.125,other
51529,0.1588,-0.0309,-0.7538,-64.0,-40.2637,-20.2578,other
51552,0.1672,0.0088,-0.8601,-64.0,-39.7578,-22.0195,other
51575,0.2429,-0.017,-1.0952,-64.0,-35.7871,-24.1445,other
51598,0.2833,0.0653,-0.7952,-64.0,-31.9434,-25.8555,other
51621,0.1494,0.155,-0.7761,-64.0,-25.1895,-28.6992,other
51644,0.1208,0.1895,-0.8794,-64.0,-19.9746,-30.4824,other
51667,0.1414,0.2213,-0.9396,-64.0,-10.9414,-32.4785,other
51690,0.2463,0.2568,-0.8517,-64.0,-1.3418,-33.5078,other
51713,0.3108,0.2511,-0.9442,-64.0,4.4766,-33.8105,other
51736,0.2369,0.2465,-0.981,-64.0,10.9512,-33.9297,other
51759,0.1769,0.277,-0.8059,-64.0,13.2949,-33.7598,other
51782,0.2065,0.3041,-0.7142,-64.0,13.9668,-32.8613,other
51805,0.2548,0.3025,-0.799,-64.0,12.0469,-30.9746,other
51828,0.2513,0.334,-0.8086,-64.0,9.7324,-29.1758,other
51851,0.1962,0.3673,-0.6703,-64.0,5.3242,-25.7871,other
51874,0.1765,0.3618,-0.6614,-60.9121,2.3672,-23.1523,other
51897,0.229,0.3599,-0.7874,-45.0215,-1.0527,-18.8418,other
51920,0.2592,0.3988,-0.7739,-35.8457,-2.4395,-14.4941,other
51943,0.1697,0.4075,-0.7772,-25.3496,-3.3828,-11.8047,other
51966,0.1914,0.3989,-0.9584,-19.3203,-3.1719,-8.3184,other
51989,0.2517,0.4658,-0.725,-17.6172,-2.4434,-6.4434,other
52012,0.2588,0.4691,-0.7729,-17.4688,-1.0313,-4.3555,other
52035,0.1969,0.4167,-0.7786,-18.2461,-0.4043,-3.4473,other
52058,0.1776,0.4038,-0.7249,-19.9102,-0.7305,-2.7891,other
52081,0.2162,0.394,-0.7323,-21.8301,-3.0703,-2.8848,other
52104,0.2006,0.4135,-0.7283,-23.252,-5.9082,-3.3125,other
52127,0.1443,0.4517,-0.755,-25.5977,-11.9805,-4.4941,other
52150,0.1102,0.4502,-0.78,-27.25,-16.9648,-5.707,other
52173,0.1299,0.4355,-0.7883,-29.7852,-25.2227,-8.291,other
52196,0.1233,0.476,-0.7516,-32.4688,-33.252,-11.8242,other
52219,0.0916,0.4937,-0.6337,-34.4219,-37.5273,-14.6445,other
52242,0.0321,0.5229,-0.6447,-37.6191,-40.7402,-19.3027,other
52265,0.0206,0.5273,-0.6431,-39.7891,-39.9648,-22.4609,other
52288,0.0237,0.5432,-0.7274,-42.6504,-33.6836,-26.8105,other
52311,0.0676,0.545,-0.6514,-44.0098,-21.6602,-30.0352,other
52334,0.078,0.5448,-0.6223,-44.9727,-11.0566,-31.2129,other
52357,0.1024,0.5392,-0.6215,-44.7891,5.7344,-31.1641,other
52380,0.1232,0.549,-0.5825,-44.248,16.0,-29.8535,other
52403,0.1194,0.6433,-0.5084,-43.0566,28.0957,-26.1367,other
52426,0.1467,0.5186,-0.7209,-42.0586,33.7461,-22.7363,other
52449,0.1141,0.6205,-0.5607,-40.2988,39.373,-16.8379,other
52472,0.1517,0.5574,-0.6128,-38.25,42.8262,-10.7363,other
52495,0.1691,0.6034,-0.5131,-36.7891,44.1074,-6.9355,other
52518,0.1892,0.6122,-0.5442,-34.5742,43.75,-2.0879,other
52541,0.1643,0.5891,-0.6121,-33.123,41.498,0.3789,other
52564,0.1702,0.6019,-0.5792,-30.9824,35.2988,2.748,other
52587,0.1492,0.6136,-0.4983,-28.832,27.1641,3.5215,other
52610,0.1294,0.619,-0.5614,-27.373,21.4766,3.2461,other
52633,0.1458,0.6123,-0.5389,-25.1504,13.3203,1.8984,other
52656,0.1173,0.6276,-0.5305,-23.6621,8.3574,0.5781,other
52679,0.1289,0.6339,-0.5054,-21.4512,1.959,-1.6582,other
52702,0.2521,0.6233,-0.5032,-19.0039,-2.6035,-3.7734,other
52725,0.1783,0.6154,-0.5221,-17.9043,-4.3145,-4.9258,other
52748,0.3297,0.6222,-0.5171,-15.9062,-4.8887,-6.125,other
52771,0.3929,0.6189,-0.5261,-14.625,-4.3086,-6.5215,other
52794,0.1562,0.6254,-0.4846,-12.7969,-2.8359,-6.1582,other
52817,0.0587,0.6305,-0.5458,-11.7051,-1.6992,-4.8516,other
52840,-0.2543,0.6427,-0.6068,-10.3848,0.3496,-0.6602,other
52863,0.3004,0.6101,-0.4878,-9.4121,3.2695,6.0176,other
52886,0.4927,0.6556,-0.4861,-8.8242,5.6465,11.0781,other
52909,0.1193,0.6085,-0.5583,-7.8477,8.6699,17.7344,other
52932,-0.0024,0.6423,-0.5613,-7.1094,9.3281,20.416,other
52955,0.1152,0.6239,-0.5852,-5.9492,7.3242,20.5137,other
52978,0.2151,0.6288,-0.5293,-4.8867,2.1445,15.9355,other
53001,0.187,0.6279,-0.5338,-4.332,-2.416,10.9668,other
53024,0.1322,0.6272,-0.5392,-3.8418,-9.8203,2.082,other
53047,0.1167,0.6366,-0.5635,-3.7578,-14.5234,-3.9922,other
53070,0.1239,0.6306,-0.5642,-3.9375,-20.1992,-12.2031,other
53093,0.4137,0.6111,-0.4718,-4.3867,-23.2363,-18.3516,other
53116,0.2399,0.6398,-0.5002,-4.8203,-23.5684,-20.8477,other
53139,0.0057,0.6554,-0.579,-5.668,-21.4102,-21.3066,other
53162,-0.1116,0.6294,-0.4535,-6.3418,-18.1543,-19.0078,other
53185,0.2076,0.6298,-0.5663,-7.4414,-11.0937,-11.873,other
53208,0.2499,0.6227,-0.553,-8.1016,-5.6738,-2.0293,other
53231,0.069,0.6403,-0.4677,-8.6152,1.8633,4.0957,other
53254,0.1356,0.6545,-0.4708,-8.1895,7.0391,11.2656,other
53277,0.1056,0.6351,-0.6075,-7.3086,8.8281,13.8164,other
53300,0.1655,0.6084,-0.5972,-5.2246,9.6484,14.1543,other
53323,0.1847,0.6228,-0.5586,-3.5293,9.4883,12.4492,other
53346,0.162,0.6234,-0.5287,-1.0254,8.666,8.0645,other
53369,0.1492,0.6344,-0.5929,0.8457,7.0742,2.7285,other
53392,0.1418,0.6295,-0.5291,1.5039,5.4648,-0.8203,other
53415,0.1702,0.6333,-0.5529,1.4414,2.3457,-5.627,other
53438,0.1277,0.6476,-0.504,0.6992,-0.0098,-8.332,other
53461,0.1421,0.6337,-0.493,-1.3125,-3.6797,-11.5098,other
53484,0.6223,0.5881,-0.4659,-4.0937,-7.2812,-13.459,other
53507,0.1345,0.6646,-0.4415,-6.1562,-9.4727,-13.75,other
53530,-0.2192,0.6854,-0.5521,-9.1562,-11.6367,-11.6152,other
53553,-0.0961,0.6365,-0.5823,-10.8281,-11.7246,-8.0352,other
53576,0.3074,0.6288,-0.5139,-12.3828,-9.543,-0.123,other
53599,0.2313,0.6204,-0.5385,-12.5723,-7.0195,8.5879,other
53622,0.125,0.6268,-0.45,-11.4551,-3.0723,13.5293,other
53645,0.0828,0.6542,-0.5424,-8.834,-0.6934,18.2266,other
53668,0.1755,0.6211,-0.5464,-6.457,-0.3828,19.2344,other
53691,0.1808,0.624,-0.548,-2.3848,-1.1484,17.8477,other
53714,0.1235,0.6257,-0.6344,0.3652,-1.7617,15.4277,other
53737,0.166,0.6323,-0.5668,4.0098,-1.7871,10.4336,other
53760,0.1526,0.6429,-0.5829,6.459,-0.5762,4.7227,other
53783,0.1526,0.618,-0.5599,7.1621,0.4453,0.8633,other
53806,0.1306,0.6274,-0.484,6.627,1.2949,-4.7402,other
53829,0.1041,0.6448,-0.5414,5.2207,0.9863,-8.1797,other
53852,0.1327,0.6157,-0.5339,1.8145,-0.7891,-12.5176,other
53875,0.1693,0.6337,-0.4871,-2.5527,-3.4473,-15.3828,other
53898,0.219,0.6388,-0.4923,-5.5781,-5.3105,-16.2598,other
53921,0.0859,0.642,-0.5052,-9.6191,-7.9707,-16.043,other
53944,0.0154,0.642,-0.5488,-11.6328,-9.5996,-15.1055,other
53967,0.0776,0.6289,-0.5304,-13.2402,-11.668,-13.0859,other
53990,0.118,0.6368,-0.5281,-13.2812,-12.9121,-10.8379,other
54013,0.1398,0.6353,-0.5193,-11.8926,-13.0254,-9.3105,other
54036,0.1414,0.6317,-0.5422,-9.123,-11.8184,-6.9434,other
54059,0.1125,0.6232,-0.561,-6.7949,-10.0352,-5.3027,other
54082,0.0975,0.6313,-0.5516,-3.084,-5.9727,-2.8125,other
54105,0.1052,0.6573,-0.5171,-0.7344,-2.5,-1.2441,other
54128,0.1906,0.6107,-0.538,2.2207,3.3555,0.707,other
54151,0.1093,0.619,-0.5411,4.1641,9.1602,1.8867,other
54174,0.1515,0.6343,-0.5813,4.7988,12.4824,2.1973,other
54197,0.1208,0.6213,-0.5524,4.7754,15.957,2.0566,other
54220,0.121,0.6404,-0.5221,4.1934,16.9668,1.6602,other
54243,0.1292,0.6277,-0.5028,2.6973,16.3281,0.7812,other
54266,0.1433,0.6277,-0.5262,0.8008,13.416,-0.2266,other
54289,0.1251,0.6229,-0.5306,-0.4609,10.623,-0.8418,other
54312,0.1205,0.6305,-0.5287,-2.0098,5.9531,-1.4961,other
54335,0.1296,0.6158,-0.5538,-2.6387,2.9844,-1.6758,other
54358,0.1591,0.6094,-0.5692,-2.791,-0.5703,-1.4707,other
54381,0.171,0.6132,-0.5758,-1.8398,-2.5293,-0.6582,other
54404,0.1517,0.6113,-0.5537,-0.9297,-2.8809,0.1797,other
54427,0.161,0.6102,-0.5511,1.082,-2.1875,1.7012,other
54450,0.1562,0.6158,-0.5797,2.5488,-1.1328,2.7539,other
54473,0.1392,0.6163,-0.5704,4.6094,0.9082,4.166,other
54496,0.1461,0.606,-0.5813,5.7207,2.3184,4.8965,other
54519,0.1237,0.615,-0.5688,6.7617,4.1055,5.5977,other
54542,0.1104,0.6204,-0.5404,6.8867,5.0762,5.9141,other
54565,0.1628,0.609,-0.5093,6.4395,5.0703,6.0605,other
54588,0.1456,0.5927,-0.5244,5.0898,3.9824,6.5352,other
54611,0.1954,0.5903,-0.5775,3.9121,2.6875,7.248,other
54634,0.193,0.5681,-0.5869,2.209,0.3027,9.1758,other
54657,0.198,0.5548,-0.5656,1.25,-2.2852,12.1445,other
54680,0.1748,0.5737,-0.5121,1.3301,-4.1953,14.5371,other
54703,0.1677,0.572,-0.6029,2.7988,-7.752,18.3164,other
54726,0.1926,0.6156,-0.743,4.7383,-10.7656,20.707,other
54749,0.1423,0.6948,-0.7341,8.9414,-16.2637,23.7754,other
54772,0.0248,0.6467,-0.6772,13.8574,-22.2363,26.0215,other
54795,0.0842,0.5765,-0.9653,16.7773,-25.4785,26.9063,other
54818,0.374,0.6777,-0.9556,19.9551,-27.3926,26.8242,other
54841,0.3165,0.64,-0.9038,21.7559,-26.3262,25.623,other
54864,0.1846,0.6006,-0.8792,25.8594,-21.3281,22.4141,other
54887,0.1848,0.5375,-0.7897,30.6133,-15.9297,18.9238,other
54910,0.322,0.458,-0.882,41.7852,-5.7715,16.877,other
54933,0.3914,0.4227,-0.9009,57.5098,3.9863,15.7754,other
54956,0.3235,0.361,-0.7706,63.998,8.3281,16.502,other
54979,0.2056,0.2772,-0.7366,63.998,10.3008,20.0,other
55002,0.1918,0.1884,-0.767,63.998,9.1934,23.8711,other
55025,0.1754,0.1123,-0.796,63.998,6.1953,31.4492,other
55048,0.2915,0.0017,-0.752,63.998,4.0117,39.9238,other
55071,0.4672,-0.0564,-0.6598,63.998,3.625,45.127,other
55094,0.4543,-0.1609,-0.7675,63.998,4.6211,50.8242,other
55117,0.3676,-0.1936,-0.6904,63.998,6.1836,52.7949,other
55140,0.2699,-0.2079,-0.6093,63.998,9.7832,53.3828,other
55163,0.1404,-0.2552,-0.5312,63.998,14.959,52.5977,other
55186,0.1503,-0.3335,-0.4478,63.998,19.4434,52.1738,other
55209,0.1881,-0.36,-0.4138,63.998,28.1055,52.3359,other
55232,0.2723,-0.3698,-0.3896,63.998,35.1699,52.8906,other
55255,0.4338,-0.3665,-0.5183,63.998,46.832,53.4668,other
55278,0.6377,-0.3098,-0.6139,63.998,57.0996,51.9355,other
55301,0.6316,-0.2158,-0.6819,63.998,61.3867,48.7832,other
55324,0.4946,-0.1206,-0.715,50.6152,61.6152,40.2148,other
55347,0.37,-0.0906,-0.7579,30.582,57.418,32.0957,other
55370,0.2545,0.0007,-0.7708,-2.8086,45.8691,17.0859,other
55393,0.2932,0.0619,-0.7704,-26.1094,35.9941,5.6758,other
55416,0.4865,0.0603,-0.8525,-60.1855,20.0742,-12.9531,other
55439,0.6179,0.0885,-1.0173,-64.0,4.332,-32.8457,other
55462,0.5499,0.1478,-1.0635,-64.0,-5.7266,-46.2363,other
55485,0.3615,0.2623,-0.9598,-64.0,-19.6836,-64.0,other
55508,0.1837,0.3759,-0.774,-64.0,-27.6836,-64.0,other
55531,0.2302,0.4644,-0.8442,-64.0,-36.2793,-64.0,other
55554,0.4661,0.4406,-1.1299,-64.0,-39.9258,-64.0,other
55577,0.5271,0.4349,-1.1135,-64.0,-40.3301,-64.0,other
55600,0.2822,0.475,-0.7997,-64.0,-39.7051,-64.0,other
55623,0.0823,0.4521,-0.7115,-64.0,-38.7695,-64.0,other
55646,0.1321,0.3718,-0.8171,-64.0,-35.8027,-64.0,other
55669,0.4087,0.3048,-0.8972,-64.0,-30.4766,-60.8457,other
55692,0.4374,0.3213,-0.7174,-64.0,-26.3184,-54.2363,other
55715,0.1393,0.3762,-0.4468,-54.5254,-20.5,-45.2891,other
55738,0.1173,0.4758,-0.2666,-45.5234,-16.8301,-39.9883,other
55761,0.3633,0.5284,-0.6125,-32.9551,-10.6934,-32.8203,other
55784,0.5541,0.5323,-1.2175,-25.9609,-6.1484,-28.5313,other
55807,0.5375,0.7024,-0.7098,-19.0234,0.248,-22.8965,other
55830,0.1056,0.6346,-0.5669,-16.4238,5.2637,-18.041,other
55853,0.3965,0.5968,-0.3828,-16.5039,8.2793,-15.0234,other
55876,0.3582,0.4012,-0.764,-18.7539,13.0098,-10.5723,other
55899,0.3405,0.4054,-0.7756,-21.7246,16.2559,-7.5234,other
55922,0.2083,0.4064,-0.7832,-28.1875,21.0625,-2.7305,other
55945,0.1591,0.4463,-0.771,-35.6172,25.7285,2.2441,other
55968,0.2072,0.4596,-0.7839,-39.9102,28.5293,5.4824,other
55991,0.2081,0.4302,-0.7716,-43.5801,31.3926,9.7461,other
56014,0.207,0.3828,-0.6931,-43.4199,31.8613,11.8887,other
56037,0.1998,0.3514,-0.693,-38.6875,29.957,13.668,other
56060,0.2279,0.3409,-0.652,-29.041,25.1113,13.5625,other
56083,0.2438,0.3461,-0.5981,-20.6484,20.5898,12.4805,other
56106,0.2625,0.373,-0.6123,-6.7715,12.6934,9.502,other
56129,0.3674,0.4071,-0.5767,2.248,7.1699,6.709,other
56152,0.4656,0.4377,-0.5652,13.6406,-1.0449,1.4434,other
56175,0.4677,0.4681,-0.6562,18.9434,-6.3867,-2.6582,other
56198,0.3591,0.4675,-0.7378,22.4551,-13.8691,-9.168,other
56221,0.1539,0.5256,-0.6281,20.377,-19.8145,-14.9551,other
56244,0.1545,0.5873,-0.3348,16.2852,-22.373,-17.7109,other
56267,0.3689,0.5331,-0.7571,7.1211,-23.8438,-19.6953,other
56290,0.3771,0.5476,-1.0421,-0.5742,-23.6816,-19.6875,other
56313,0.0731,0.6221,-0.5358,-13.543,-22.877,-18.1191,other
56336,0.1897,0.6156,-0.6243,-26.0234,-22.1133,-15.2539,other
56359,0.3667,0.542,-0.7008,-32.9297,-21.916,-13.0488,other
56382,0.1465,0.4777,-0.761,-40.2891,-22.4531,-10.0723,other
56405,0.2581,0.5071,-0.5947,-43.1641,-23.4063,-8.7266,other
56428,0.1655,0.5768,-0.5343,-44.9727,-26.041,-8.2012,other
56451,0.1208,0.6189,-0.5477,-44.6426,-30.1367,-9.8281,other
56474,0.1259,0.5573,-0.6936,-43.6758,-33.209,-12.1621,other
56497,-0.012,0.5691,-0.5986,-41.7148,-37.5547,-17.3652,other
56520,-0.0139,0.5969,-0.4432,-40.3711,-40.1523,-21.7207,other
56543,-0.0414,0.5538,-0.6263,-38.6406,-43.6543,-28.8379,other
56566,-0.012,0.5808,-0.5081,-37.7246,-45.4277,-35.3945,other
56589,-0.0319,0.6425,-0.4767,-36.5605,-46.0469,-38.6934,other
56612,-0.0153,0.5558,-0.5787,-35.2988,-42.5547,-41.1074,other
56635,0.0012,0.5062,-0.6011,-34.2227,-37.3809,-40.7227,other
56658,0.0568,0.6022,-0.5138,-32.0039,-25.873,-37.1172,other
56681,0.0555,0.7494,-0.5314,-29.9355,-16.8945,-32.9355,other
56704,-0.0167,0.8628,-0.6394,-25.5273,-4.0117,-24.7832,other
56727,-0.0361,0.5707,-0.6329,-19.1484,6.2734,-15.4648,other
56750,-0.2301,0.6399,-0.6501,-13.8867,11.6387,-9.0254,other
56773,-0.0516,0.6848,-0.4728,-5.0898,18.6953,1.0254,other
56796,0.0348,0.8447,-0.3359,0.916,23.2305,8.4492,other
56819,0.2279,0.6174,-0.8707,9.3496,30.043,21.5547,other
56842,0.6844,0.6741,-1.1423,16.4844,36.9043,36.5938,other
56865,0.6312,0.7131,-0.8909,20.9004,40.8789,46.6953,other
56888,0.4275,0.6541,-0.6132,28.791,45.4219,60.5332,other
56911,0.276,0.4784,-0.5339,35.8379,48.1719,63.998,other
56934,0.4075,0.3081,-0.6688,49.6406,53.623,63.998,other
56957,0.6022,0.1989,-0.8077,60.5332,61.7129,63.998,bite
56980,0.6323,0.1664,-0.9111,63.998,63.998,63.998,bite
57003,0.681,0.1625,-0.7415,63.998,63.998,63.998,bite
57026,0.7465,0.1155,-0.6561,63.998,63.998,63.998,bite
57049,0.7872,0.0115,-0.7722,63.998,63.998,63.998,bite
57072,0.8413,-0.0768,-0.8406,63.998,63.998,63.998,bite
57095,0.8618,-0.1085,-0.7782,63.998,63.2871,63.998,bite
57118,0.843,-0.1787,-0.7777,63.998,50.709,63.998,bite
57141,0.8148,-0.234,-0.7777,63.998,39.9004,63.998,bite
57164,0.7833,-0.2805,-0.7728,63.998,21.2656,63.998,bite
57187,0.7723,-0.3174,-0.6847,63.998,8.1211,63.998,bite
57210,0.7369,-0.3456,-0.6045,63.998,-11.0957,63.998,bite
57233,0.6268,-0.3916,-0.5901,63.998,-27.8594,63.998,bite
57256,0.5671,-0.432,-0.6101,63.998,-36.707,63.998,bite
57279,0.525,-0.4609,-0.6143,63.998,-45.5137,63.998,bite
57302,0.4828,-0.4803,-0.5603,63.998,-48.2852,63.998,bite
57325,0.41,-0.4832,-0.4868,63.7129,-48.2148,63.998,bite
57348,0.3062,-0.4802,-0.4854,54.8281,-43.9629,63.998,bite
57371,0.209,-0.4727,-0.5336,49.1035,-39.3711,63.998,bite
57394,0.2018,-0.4401,-0.5623,40.0156,-30.9238,63.998,bite
57417,0.1342,-0.4329,-0.5948,33.4258,-25.0039,63.998,bite
57440,0.1041,-0.436,-0.6182,22.4316,-16.6934,63.998,bite
57463,0.1172,-0.4521,-0.6876,14.3496,-11.7988,63.998,bite
57486,0.1094,-0.4299,-0.6932,1.3809,-5.6328,63.998,bite
57509,0.115,-0.4066,-0.6887,-11.8848,-1.1172,63.998,bite
57532,0.2161,-0.4271,-0.7518,-20.4043,0.9316,63.998,bite
57555,0.3042,-0.4503,-0.8689,-32.084,2.6621,63.998,bite
57578,0.3666,-0.4579,-0.924,-38.8945,2.9863,63.998,bite
57601,0.3792,-0.4512,-0.8365,-47.2246,2.293,63.998,bite
57624,0.3287,-0.4401,-0.7715,-52.5918,0.5176,63.998,bite
57647,0.1971,-0.4646,-0.7802,-54.1934,-0.791,63.998,bite
57670,0.1714,-0.5142,-0.8694,-53.6465,-1.8691,55.2852,bite
57693,0.2426,-0.5304,-0.8987,-51.6484,-1.6055,50.5703,bite
57716,0.2382,-0.5161,-0.7968,-47.0195,-0.0547,46.2168,bite
57739,0.1531,-0.5193,-0.879,-41.2715,1.8633,44.3457,bite
57762,0.1643,-0.5099,-0.8823,-37.1797,2.9473,43.9355,bite
57785,0.2155,-0.5032,-0.8107,-31.0039,4.1543,43.7383,bite
57808,0.1967,-0.509,-0.8308,-26.9648,4.7285,43.4473,bite
57831,0.1804,-0.5017,-0.8201,-21.1934,5.3203,42.2852,bite
57854,0.1926,-0.4941,-0.7727,-17.6699,5.5488,40.4023,bite
57877,0.2104,-0.4988,-0.788,-13.1465,5.582,37.9102,bite
57900,0.1992,-0.4966,-0.851,-9.873,5.0801,33.9824,bite
57923,0.2086,-0.4788,-0.8661,-8.5156,4.3984,30.9961,bite
57946,0.2294,-0.4609,-0.8375,-7.6445,2.9746,26.2422,bite
57969,0.1853,-0.4362,-0.7808,-7.6328,1.916,23.0625,other
57992,0.1392,-0.4301,-0.8619,-7.9609,0.6152,18.5762,other
58015,0.1466,-0.4142,-0.8729,-8.1367,0.332,14.6934,other
58038,0.375,-0.5137,-0.9753,-7.9141,0.9434,12.4785,other
58061,0.4215,-0.5076,-0.8495,-6.7559,3.0684,9.6719,other
58084,-0.0425,-0.6488,-0.5679,-5.1445,5.3437,8.2656,other
58107,0.4072,-0.3479,-0.9949,-1.1719,10.2324,6.9258,other
58130,0.1256,-0.2057,-0.9303,4.0371,15.0137,6.0039,other
58153,0.0443,-0.0785,-1.0645,7.5586,16.9082,5.2988,other
58176,-0.2515,-0.2378,-1.0253,11.9336,17.5273,3.7344,other
58199,0.2833,-0.3688,-1.0145,13.8887,17.3359,1.9902,other
58222,0.355,-0.525,-0.6998,15.7285,16.9082,-2.5664,other
58245,0.3502,-0.6377,-0.6296,17.0508,16.2109,-9.9844,other
58268,0.3801,-0.6935,-0.7164,20.7168,13.7969,-16.3379,other
58291,0.298,-0.6927,-0.7805,27.2578,8.9238,-27.1641,other
58314,0.1941,-0.6523,-0.7051,33.0254,4.0918,-34.6895,other
58337,0.3499,-0.6682,-0.7566,42.7227,-5.2773,-45.748,other
58360,0.5,-0.6825,-0.7086,49.0566,-12.6836,-52.8672,other
58383,0.4462,-0.6709,-0.6006,56.959,-24.9805,-63.2578,other
58406,0.2849,-0.6658,-0.5936,61.7383,-37.1035,-64.0,other
58429,0.1912,-0.6461,-0.5531,62.791,-43.7051,-64.0,other
58452,0.1741,-0.6244,-0.4978,60.9668,-49.6973,-64.0,other
58475,0.3112,-0.611,-0.4994,57.4941,-50.9805,-64.0,other
58498,0.4093,-0.598,-0.4812,48.998,-50.168,-64.0,other
58521,0.434,-0.5752,-0.4523,36.7695,-48.2285,-64.0,other
58544,0.3937,-0.5569,-0.4712,26.793,-47.0313,-64.0,other
58567,0.3372,-0.4834,-0.5533,9.7031,-45.2422,-64.0,other
58590,0.2667,-0.3997,-0.6545,-2.6309,-43.541,-64.0,other
58613,0.2944,-0.39,-0.7518,-21.5938,-39.2266,-64.0,other
58636,0.3812,-0.405,-0.7806,-33.9551,-32.2188,-64.0,other
58659,0.4427,-0.3597,-0.7358,-51.0039,-26.3652,-64.0,other
58682,0.4603,-0.2686,-0.7443,-64.0,-17.0234,-64.0,other
58705,0.4871,-0.2562,-0.884,-64.0,-11.0859,-64.0,other
58728,0.5295,-0.2863,-0.9498,-64.0,-3.4082,-64.0,other
58751,0.4851,-0.2655,-0.7896,-64.0,0.6699,-64.0,other
58774,0.4977,-0.2325,-0.78,-64.0,5.4434,-64.0,other
58797,0.444,-0.2422,-0.8751,-64.0,9.3047,-64.0,other
58820,0.4584,-0.2838,-0.913,-59.1309,11.5723,-62.3457,other
58843,0.6637,-0.3298,-0.9717,-45.2637,14.0879,-50.5898,other
58866,0.8143,-0.3342,-1.0001,-35.1699,14.5605,-42.2109,other
58889,0.5769,-0.1638,-0.988,-19.4023,12.6816,-29.1445,other
58912,0.306,-0.283,-1.214,-3.4473,8.0488,-15.498,other
58935,0.0876,-0.2668,-0.9468,6.8535,4.0488,-5.9844,other
58958,0.2328,-0.373,-0.907,21.2578,-1.4551,8.5547,other
58981,0.389,-0.381,-0.8727,29.7695,-4.0449,17.541,other
59004,0.5413,-0.3782,-0.9203,39.8906,-7.3379,27.6035,other
59027,0.5408,-0.3812,-1.0687,45.7344,-12.8359,31.1289,other
59050,0.3474,-0.3817,-1.0328,46.4199,-18.4941,29.3691,other
59073,0.2566,-0.3708,-0.9337,43.7285,-28.5684,21.6445,other
59096,0.3733,-0.3783,-0.8717,40.0762,-34.8047,14.334,other
59119,0.5151,-0.3654,-0.8451,33.5742,-41.1504,2.293,other
59142,0.489,-0.4076,-0.9302,29.4316,-42.6133,-5.3965,other
59165,0.4397,-0.4291,-0.8899,24.2676,-40.1484,-15.0254,other
59188,0.4031,-0.3953,-0.7466,20.5352,-31.6191,-21.3066,other
59211,0.3961,-0.4054,-0.7207,18.8184,-22.4492,-23.3672,other
59234,0.4485,-0.4191,-0.7777,17.1777,-4.5703,-23.5,other
59257,0.5914,-0.4104,-0.8632,16.4258,8.7441,-22.0781,other
59280,0.6224,-0.4923,-0.9647,15.1816,28.0957,-18.7695,other
59303,0.5376,-0.4305,-0.9055,13.2754,43.7813,-15.166,other
59326,0.3722,-0.4299,-0.8152,11.6738,51.0391,-12.8906,other
59349,0.2633,-0.4312,-0.7383,9.3613,56.0918,-9.5742,other
59372,0.2592,-0.4435,-0.5695,8.3301,55.291,-7.3105,other
59395,0.3582,-0.4606,-0.5847,8.1152,48.1563,-3.9648,other
59418,0.504,-0.4993,-0.7329,9.2461,35.3633,-1.3887,other
59441,0.5315,-0.4817,-0.7971,10.0742,24.8691,-0.5996,other
59464,0.4904,-0.4532,-0.7551,10.1699,8.3437,-1.2578,other
59487,0.4281,-0.4022,-0.6322,8.9922,-1.8164,-2.8164,other
59510,0.4279,-0.3823,-0.7238,5.1523,-13.709,-6.0977,other
59533,0.512,-0.3857,-0.8026,1.2422,-18.6914,-9.4062,other
59556,0.5156,-0.3873,-0.8373,-6.4648,-21.2734,-11.4629,other
59579,0.5385,-0.3286,-0.7925,-15.707,-18.2676,-13.707,other
59602,0.5574,-0.3348,-0.8759,-22.0801,-13.9434,-14.625,other
59625,0.5096,-0.337,-0.8654,-30.791,-5.7559,-15.0508,other
59648,0.5011,-0.3325,-0.79,-35.3633,-0.1367,-14.709,other
59671,0.4972,-0.3319,-0.7761,-39.4023,7.2773,-13.3848,other
59694,0.4907,-0.3407,-0.778,-39.4473,12.5,-11.3535,other
59717,0.5071,-0.3392,-0.777,-37.3086,14.5039,-9.793,other
59740,0.5216,-0.3341,-0.7773,-31.4785,15.3711,-7.4414,other
59763,0.5144,-0.3396,-0.7772,-26.4004,14.7305,-6.0117,other
59786,0.4958,-0.3458,-0.7772,-18.0527,12.5117,-4.2441,other
59809,0.5016,-0.3433,-0.7772,-10.0156,9.6641,-3.0254,other
59832,0.541,-0.3459,-0.7772,-5.3594,7.8516,-2.5371,other
59855,0.5405,-0.3468,-0.7772,0.0293,5.6211,-2.2852,other
59878,0.5143,-0.338,-0.7723,2.4082,4.5273,-2.3926,other
59901,0.5099,-0.3351,-0.774,4.1641,3.4883,-2.7812,other
59924,0.5258,-0.3333,-0.7778,4.2539,3.1855,-3.209,other
59947,0.5531,-0.3318,-0.7771,3.1074,3.2324,-3.4219,other
59970,0.551,-0.3373,-0.7773,0.957,3.6934,-3.5742,other
59993,0.5223,-0.3397,-0.7772,-0.7207,4.1055,-3.5508,other
60016,0.5168,-0.3369,-0.7761,-3.1543,4.752,-3.3066,other
60039,0.5507,-0.3354,-0.7765,-4.5098,5.1855,-3.0039,other
60062,0.5443,-0.3367,-0.7773,-5.9121,5.7891,-2.3984,other
60085,0.5272,-0.3347,-0.7772,-6.5078,6.2441,-1.7012,other
60108,0.5535,-0.3318,-0.7772,-6.5156,6.459,-1.2285,other
60131,0.5599,-0.3384,-0.7772,-6.1094,6.625,-0.5723,other
60154,0.5383,-0.3379,-0.7675,-5.6621,6.5957,-0.2031,other
60177,0.5288,-0.3333,-0.7458,-4.8711,6.3418,0.2227,other
60200,0.5337,-0.3351,-0.7699,-4.0742,5.8965,0.4863,other
60223,0.5798,-0.3402,-0.7782,-3.6133,5.5332,0.5527,other
60246,0.5914,-0.3386,-0.777,-3.125,4.8828,0.4395,other
60269,0.5515,-0.3397,-0.7692,-2.9551,4.3457,0.2148,other
60292,0.5244,-0.3367,-0.7347,-2.8711,3.3809,-0.2598,other
60315,0.5303,-0.3347,-0.7314,-2.8613,2.332,-0.7578,other
60338,0.5586,-0.332,-0.7723,-2.832,1.6777,-1.0488,other
60361,0.5791,-0.3315,-0.7782,-2.791,0.8613,-1.4297,other
60384,0.5709,-0.3301,-0.7767,-2.7988,0.4277,-1.6582,other
60407,0.5446,-0.3228,-0.7762,-2.9004,-0.1094,-1.9453,other
60430,0.5306,-0.3285,-0.7755,-3.0039,-0.4121,-2.0645,other
60453,0.5521,-0.333,-0.7726,-3.1348,-0.7539,-2.1016,other
60476,0.5737,-0.3395,-0.7778,-3.1445,-0.8789,-1.9941,other
60499,0.5673,-0.3445,-0.7754,-3.0488,-0.832,-1.8887,other
60522,0.5516,-0.3441,-0.7471,-2.7285,-0.6094,-1.7246,other
60545,0.5422,-0.3444,-0.7157,-2.3965,-0.375,-1.6113,other
60568,0.5563,-0.3412,-0.724,-1.7676,0.0762,-1.4297,other
60591,0.5848,-0.3385,-0.7543,-1.1523,0.5469,-1.25,other
60614,0.5746,-0.3361,-0.766,-0.875,0.7695,-1.1602,other
60637,0.5531,-0.3391,-0.7377,-0.8027,0.8418,-1.0957,other
60660,0.5487,-0.3425,-0.7332,-1.0137,0.7148,-1.084,other
60683,0.5446,-0.3378,-0.7493,-1.7031,0.3398,-1.0898,other
60706,0.5438,-0.3373,-0.7806,-2.7891,-0.1562,-1.0957,other
60729,0.5481,-0.3323,-0.7762,-3.6953,-0.502,-1.0977,other
60752,0.5319,-0.3226,-0.7775,-5.2344,-1.002,-1.1094,other
60775,0.5426,-0.3156,-0.775,-6.2793,-1.2891,-1.125,other
60798,0.5586,-0.3105,-0.7748,-7.6855,-1.5996,-1.1973,other
60821,0.571,-0.3093,-0.7776,-8.4082,-1.7168,-1.3145,other
60844,0.5891,-0.3105,-0.7771,-9.0547,-1.7598,-1.6602,other
60867,0.5963,-0.3123,-0.7773,-9.1113,-1.7227,-2.2461,other
60890,0.5647,-0.3165,-0.777,-8.8027,-1.7324,-2.748,other
60913,0.5364,-0.321,-0.7649,-7.7969,-1.8516,-3.5488,other
60936,0.5272,-0.324,-0.7395,-6.7754,-1.9863,-4.0215,other
60959,0.5271,-0.325,-0.7253,-4.8398,-2.207,-4.5234,other
60982,0.5721,-0.3228,-0.7321,-2.707,-2.3672,-4.7383,other
61005,0.621,-0.3254,-0.7784,-1.3906,-2.4238,-4.7559,other
61028,0.5679,-0.3236,-0.7712,0.0977,-2.4883,-4.6719,other
61051,0.52,-0.3149,-0.7449,0.6484,-2.5195,-4.541,other
61074,0.5312,-0.3099,-0.7573,0.7695,-2.4473,-4.1738,other
61097,0.5732,-0.3123,-0.7789,0.1484,-2.1387,-3.6055,other
61120,0.5861,-0.3131,-0.7767,-0.582,-1.8164,-3.1777,other
61143,0.5752,-0.3143,-0.7773,-1.9395,-1.2422,-2.5762,other
61166,0.5601,-0.3176,-0.7772,-2.8613,-0.8359,-2.2422,other
61189,0.5481,-0.3182,-0.7765,-4.0098,-0.2266,-1.8516,other
61212,0.5491,-0.3138,-0.7589,-4.502,0.1621,-1.5488,other
61235,0.5554,-0.3134,-0.7449,-4.7129,0.6641,-1.377,other
61258,0.5731,-0.3167,-0.752,-4.3086,1.0332,-1.1719,other
61281,0.5914,-0.3208,-0.7688,-3.7773,1.1875,-1.0898,other
61304,0.6074,-0.3224,-0.7743,-2.7695,1.2754,-1.0762,other
61327,0.5787,-0.3271,-0.7765,-2.0625,1.2246,-1.1426,other
61350,0.5477,-0.3273,-0.7561,-1.082,0.9766,-1.293,other
61373,0.5496,-0.3252,-0.7219,-0.2637,0.5781,-1.3789,other
61396,0.5642,-0.3322,-0.7339,0.1836,0.2656,-1.3535,other
61419,0.5703,-0.3358,-0.7423,0.6797,-0.2402,-1.1895,other
61442,0.5803,-0.3367,-0.7349,0.8555,-0.584,-1.0254,other
61465,0.577,-0.3433,-0.7622,0.832,-1.0703,-0.7461,other
61488,0.5509,-0.3394,-0.7357,0.416,-1.4668,-0.4551,other
61511,0.5302,-0.3323,-0.7189,-0.0762,-1.6484,-0.2402,other
61534,0.5441,-0.3271,-0.7493,-1.0996,-1.7422,0.1328,other
61557,0.5748,-0.3204,-0.7797,-1.9648,-1.668,0.4023,other
61580,0.5792,-0.3113,-0.7748,-3.5215,-1.4004,0.7734,other
61603,0.568,-0.3051,-0.7769,-4.6895,-1.1621,1.0293,other
61626,0.5991,-0.3049,-0.7772,-6.4883,-0.75,1.1133,other
61649,0.588,-0.3083,-0.7767,-8.084,-0.3535,1.0996,other
61672,0.5474,-0.3125,-0.772,-8.8711,-0.1621,1.0176,other
61695,0.5565,-0.3158,-0.7543,-9.418,-0.0176,0.8496,other
61718,0.5613,-0.3217,-0.7571,-9.2949,-0.0078,0.7422,other
61741,0.553,-0.3267,-0.7759,-8.4082,-0.0898,0.5957,other
61764,0.5768,-0.3253,-0.7753,-6.8926,-0.2383,0.4434,other
61787,0.5719,-0.3295,-0.772,-5.6953,-0.375,0.3125,other
61810,0.5396,-0.3306,-0.7306,-3.8437,-0.6602,0.0566,other
61833,0.5323,-0.3259,-0.7164,-2.6758,-0.875,-0.1426,other
61856,0.5481,-0.326,-0.7465,-1.1719,-1.1445,-0.4648,other
61879,0.603,-0.3237,-0.7788,-0.1484,-1.2988,-0.8457,other
61902,0.6251,-0.3206,-0.7764,0.1758,-1.3535,-1.166,other
61925,0.5571,-0.3177,-0.746,0.1133,-1.4492,-1.7344,other
61948,0.5289,-0.3215,-0.7175,-0.2168,-1.5098,-2.1035,other
61971,0.5597,-0.3282,-0.7224,-0.9473,-1.4902,-2.498,other
61994,0.5806,-0.3269,-0.7383,-2.0,-1.2813,-2.6445,other
62017,0.5957,-0.322,-0.7651,-2.3652,-1.0586,-2.623,other
62040,0.5842,-0.3158,-0.7679,-3.2969,-0.6855,-2.4609,other
62063,0.5649,-0.3086,-0.7687,-3.9629,-0.4512,-2.2812,other
62086,0.5615,-0.3042,-0.7749,-4.9883,-0.1445,-1.9141,other
62109,0.5643,-0.3066,-0.7753,-5.6426,0.0215,-1.6172,other
62132,0.5703,-0.3088,-0.7775,-6.4707,0.2012,-1.1484,other
62155,0.5936,-0.3104,-0.775,-6.9844,0.2949,-0.7441,other
62178,0.5901,-0.317,-0.7772,-7.0918,0.3066,-0.5586,other
62201,0.5656,-0.3124,-0.7579,-6.8496,0.2402,-0.4238,other
62224,0.5719,-0.3169,-0.7504,-6.4102,0.1484,-0.4082,other
62247,0.5709,-0.3225,-0.7399,-5.3711,-0.0371,-0.4453,other
62270,0.5624,-0.323,-0.7288,-4.0039,-0.2598,-0.4961,other
62293,0.5704,-0.3206,-0.7278,-3.0176,-0.3984,-0.5215,other
62316,0.583,-0.3207,-0.7535,-1.623,-0.5586,-0.543,other
62339,0.5934,-0.3185,-0.7715,-0.8711,-0.6445,-0.5586,other
62362,0.5737,-0.3157,-0.7714,-0.166,-0.7793,-0.5898,other
62385,0.5537,-0.3177,-0.7474,-0.0098,-0.9434,-0.5996,other
62408,0.5615,-0.3246,-0.7329,-0.166,-1.0508,-0.5664,other
62431,0.5784,-0.3284,-0.7336,-0.6543,-1.1699,-0.4453,other
62454,0.5823,-0.3246,-0.7358,-1.0781,-1.2109,-0.334,other
62477,0.5753,-0.3198,-0.7516,-1.7754,-1.2188,-0.1621,other
62500,0.5747,-0.3168,-0.7793,-2.2559,-1.1992,-0.0625,other
62523,0.5604,-0.3156,-0.7611,-2.9648,-1.168,0.0547,other
62546,0.5494,-0.3217,-0.7434,-3.5918,-1.1426,0.1309,other
62569,0.5662,-0.3219,-0.7358,-3.9141,-1.1055,0.1582,other
62592,0.5957,-0.3214,-0.7559,-4.207,-0.9883,0.1426,other
62615,0.5997,-0.3182,-0.7699,-4.2773,-0.8867,0.0703,other
62638,0.5795,-0.3213,-0.7736,-4.2285,-0.7539,-0.1367,other
62661,0.569,-0.319,-0.7341,-4.0312,-0.6758,-0.4023,other
62684,0.5646,-0.3224,-0.7289,-3.8145,-0.6562,-0.5645,other
62707,0.5752,-0.3304,-0.7322,-3.3711,-0.6621,-0.7207,other
62730,0.6249,-0.3298,-0.7374,-3.0273,-0.6797,-0.7598,other
62753,0.5771,-0.3254,-0.7378,-2.5371,-0.7344,-0.7305,other
62776,0.5656,-0.3207,-0.7487,-2.207,-0.8281,-0.6094,other
62799,0.5728,-0.3201,-0.7572,-2.127,-0.8984,-0.4805,other
62822,0.5697,-0.3218,-0.7498,-2.25,-1.0059,-0.2402,other
62845,0.564,-0.3224,-0.7428,-2.4746,-1.0625,-0.0664,other
62868,0.5719,-0.3219,-0.7357,-2.9551,-1.0898,0.1719,other
62891,0.584,-0.3228,-0.7639,-3.3203,-1.0449,0.3398,other
62914,0.5758,-0.3199,-0.7714,-3.875,-0.8887,0.3906,other
62937,0.5808,-0.3175,-0.7511,-4.3691,-0.6465,0.375,other
62960,0.5814,-0.3187,-0.7368,-4.627,-0.4453,0.3125,other
62983,0.5685,-0.3237,-0.738,-4.8516,-0.1133,0.1738,other
63006,0.5786,-0.3232,-0.7223,-4.8809,0.123,0.0645,other
63029,0.5896,-0.3231,-0.7399,-4.7637,0.4746,-0.1055,other
63052,0.5912,-0.3241,-0.7574,-4.5332,0.7441,-0.2832,other
63075,0.5735,-0.3153,-0.7358,-4.377,0.8301,-0.3965,other
63098,0.5626,-0.3165,-0.744,-4.209,0.791,-0.5273,other
63121,0.5798,-0.3165,-0.7515,-4.1582,0.6738,-0.5742,other
63144,0.6,-0.3147,-0.7542,-4.1816,0.4082,-0.5957,other
63167,0.6046,-0.3162,-0.7623,-4.2871,0.0723,-0.6055,other
63190,0.5848,-0.3154,-0.7614,-4.3633,-0.1738,-0.623,other
63213,0.5647,-0.3197,-0.7468,-4.3984,-0.543,-0.6445,other
63236,0.5596,-0.3251,-0.7336,-4.3262,-0.7637,-0.6328,other
63259,0.5662,-0.328,-0.7137,-4.0234,-1.0195,-0.5527,other
63282,0.5853,-0.3297,-0.7223,-3.7031,-1.1563,-0.4258,other
63305,0.5974,-0.3241,-0.7244,-3.1426,-1.1777,-0.3535,other
63328,0.594,-0.318,-0.7268,-2.6641,-1.125,-0.3066,other
63351,0.569,-0.3187,-0.7432,-2.4922,-1.0527,-0.3242,other
63374,0.5713,-0.3153,-0.754,-2.5664,-0.9121,-0.3926,other
63397,0.5988,-0.3137,-0.7688,-2.8555,-0.8066,-0.4492,other
63420,0.5973,-0.314,-0.7621,-3.6016,-0.6699,-0.5371,other
63443,0.5775,-0.3134,-0.7507,-4.5488,-0.6016,-0.6172,other
63466,0.5752,-0.3126,-0.7347,-5.166,-0.5879,-0.6465,other
63489,0.5836,-0.3142,-0.7396,-5.8926,-0.5918,-0.6328,other
63512,0.5834,-0.3185,-0.7428,-6.1719,-0.6035,-0.5937,other
63535,0.5793,-0.3157,-0.7356,-6.25,-0.6348,-0.5137,other
63558,0.5819,-0.3143,-0.7352,-5.9707,-0.6758,-0.4453,other
63581,0.5905,-0.3152,-0.7499,-5.6465,-0.7109,-0.416,other
63604,0.5861,-0.3132,-0.7461,-5.0703,-0.7695,-0.4082,other
63627,0.6005,-0.3098,-0.7434,-4.6836,-0.8105,-0.4258,other
63650,0.5908,-0.3096,-0.7521,-4.1582,-0.8672,-0.4766,other
63673,0.5775,-0.3152,-0.749,-3.8613,-0.9297,-0.5176,other
63696,0.5784,-0.3203,-0.7338,-3.502,-0.9629,-0.5137,other
63719,0.5845,-0.3209,-0.726,-3.2266,-0.9902,-0.4395,other
63742,0.5736,-0.3174,-0.7201,-3.0742,-0.998,-0.3477,other
63765,0.5731,-0.317,-0.7312,-2.8926,-0.9961,-0.1738,other
63788,0.5837,-0.3167,-0.733,-2.8203,-0.9844,-0.0547,other
63811,0.5955,-0.3123,-0.7407,-2.8359,-0.9531,0.0742,other
63834,0.6025,-0.3096,-0.7538,-3.0371,-0.9258,0.0859,other
63857,0.5828,-0.3119,-0.774,-3.2734,-0.9277,0.0156,other
63880,0.5688,-0.3131,-0.749,-3.7305,-0.9688,-0.1719,other
63903,0.5774,-0.316,-0.736,-4.0449,-1.0039,-0.3203,other
63926,0.5861,-0.3196,-0.7262,-4.4258,-1.0508,-0.5312,other
63949,0.5815,-0.3157,-0.7279,-4.625,-1.0762,-0.7012,other
63972,0.5903,-0.3115,-0.7329,-4.6562,-1.0762,-0.7891,other
63995,0.5981,-0.3115,-0.7555,-4.6035,-1.0586,-0.8867,other
64018,0.589,-0.3065,-0.7562,-4.5469,-1.0508,-0.9355,other
64041,0.5698,-0.3042,-0.7532,-4.4863,-1.0586,-0.9805,other
64064,0.5723,-0.3081,-0.7572,-4.4609,-1.0762,-0.9785,other
64087,0.5862,-0.314,-0.7424,-4.4434,-1.0781,-0.9531,other
64110,0.5924,-0.3156,-0.723,-4.3691,-1.0449,-0.916,other
64133,0.5962,-0.3132,-0.7159,-4.2617,-0.9941,-0.9141,other
64156,0.6104,-0.3108,-0.7458,-4.0098,-0.8965,-0.9746,other
64179,0.5936,-0.3102,-0.7489,-3.8164,-0.8457,-1.0527,other
64202,0.5652,-0.3074,-0.744,-3.5645,-0.8379,-1.1855,other
64225,0.5615,-0.3077,-0.7341,-3.4141,-0.9121,-1.2559,other
64248,0.594,-0.3116,-0.7469,-3.3828,-0.9785,-1.2402,other
64271,0.6151,-0.3104,-0.7454,-3.4473,-1.0762,-1.1484,other
64294,0.5865,-0.3044,-0.7292,-3.5547,-1.1387,-1.0684,other
64317,0.5844,-0.3058,-0.746,-3.7715,-1.2168,-0.9414,other
64340,0.5944,-0.3085,-0.7699,-4.0078,-1.2656,-0.8027,other
64363,0.5717,-0.3081,-0.7417,-4.1504,-1.291,-0.707,other
64386,0.5599,-0.312,-0.7333,-4.293,-1.3125,-0.5566,other
64409,0.5823,-0.3132,-0.7241,-4.3145,-1.2969,-0.4551,other
64432,0.6113,-0.3098,-0.7261,-4.2266,-1.1973,-0.3496,other
64455,0.6116,-0.3042,-0.7484,-4.0371,-1.0352,-0.375,other
64478,0.5912,-0.3032,-0.7681,-3.9062,-0.9219,-0.4766,other
64501,0.5698,-0.3051,-0.7461,-3.7617,-0.7773,-0.7012,other
64524,0.5793,-0.307,-0.7275,-3.707,-0.7051,-0.8496,other
64547,0.5897,-0.3085,-0.7358,-3.6562,-0.6328,-1.0137,other
64570,0.5941,-0.3103,-0.7487,-3.6289,-0.6133,-1.0879,other
64593,0.6044,-0.3055,-0.7389,-3.5859,-0.6211,-1.0996,other
64616,0.5939,-0.307,-0.7397,-3.5391,-0.6797,-1.0742,other
64639,0.5808,-0.3059,-0.7321,-3.5,-0.748,-1.0293,other
64662,0.5709,-0.3065,-0.7363,-3.4238,-0.8965,-0.9121,other
64685,0.5746,-0.3087,-0.7321,-3.3594,-1.0117,-0.8047,other
64708,0.5912,-0.3102,-0.7341,-3.2656,-1.1738,-0.6289,other
64731,0.6033,-0.3074,-0.7303,-3.2109,-1.2852,-0.4941,other
64754,0.6007,-0.3044,-0.752,-3.2168,-1.3262,-0.4551,other
64777,0.5898,-0.2998,-0.7555,-3.3184,-1.3535,-0.4727,other
64800,0.5817,-0.3025,-0.7614,-3.4492,-1.3613,-0.5137,other
64823,0.5809,-0.3083,-0.7534,-3.6934,-1.3672,-0.5723,other
64846,0.5784,-0.3096,-0.7252,-3.9121,-1.3691,-0.5879,other
64869,0.5785,-0.3123,-0.7172,-3.9883,-1.3594,-0.5664,other
64892,0.5884,-0.308,-0.7247,-3.9648,-1.3262,-0.5137,other
64915,0.6163,-0.302,-0.7611,-3.8789,-1.2969,-0.4902,other
64938,0.616,-0.3007,-0.7773,-3.7227,-1.2773,-0.5156,other
64961,0.5767,-0.3008,-0.7581,-3.6426,-1.332,-0.6172,other
64984,0.5651,-0.3079,-0.7252,-3.5547,-1.4043,-0.6895,other
65007,0.5786,-0.3136,-0.7205,-3.4414,-1.5215,-0.7344,other
65030,0.5969,-0.3109,-0.7277,-3.3203,-1.582,-0.7148,other
65053,0.6024,-0.3076,-0.7488,-3.084,-1.627,-0.6328,other
65076,0.6066,-0.3085,-0.7732,-2.9277,-1.6289,-0.5625,other
65099,0.574,-0.3019,-0.7396,-2.7676,-1.6094,-0.4551,other
65122,0.5581,-0.3083,-0.7242,-2.7129,-1.5742,-0.3125,other
65145,0.5823,-0.3138,-0.7319,-2.7207,-1.5293,-0.1875,other
65168,0.5918,-0.3107,-0.7395,-2.7754,-1.4219,0.0195,other
65191,0.5929,-0.3062,-0.7363,-2.8496,-1.3281,0.1367,other
65214,0.6063,-0.3062,-0.7563,-3.0215,-1.1621,0.2363,other
65237,0.6161,-0.3047,-0.7711,-3.2676,-0.9902,0.2187,other
65260,0.573,-0.3048,-0.7467,-3.4473,-0.9023,0.1543,other
65283,0.5571,-0.308,-0.7233,-3.6621,-0.8223,0.043,other
65306,0.5815,-0.3131,-0.7319,-3.7168,-0.7812,-0.002,other
65329,0.6024,-0.3148,-0.7355,-3.6348,-0.7227,-0.0234,other
65352,0.6151,-0.3092,-0.7336,-3.3848,-0.6816,-0.041,other
65375,0.5955,-0.3096,-0.7443,-3.1719,-0.6855,-0.0723,other
65398,0.5696,-0.307,-0.7412,-2.8535,-0.7578,-0.1328,other
65421,0.5724,-0.3102,-0.7352,-2.6719,-0.8438,-0.1602,other
65444,0.5826,-0.3138,-0.7305,-2.4629,-1.0078,-0.1641,other
65467,0.5887,-0.3148,-0.731,-2.3652,-1.127,-0.1543,other
65490,0.6003,-0.3145,-0.745,-2.2832,-1.3125,-0.1621,other
65513,0.5892,-0.3105,-0.752,-2.2871,-1.502,-0.2246,other
65536,0.5933,-0.307,-0.7568,-2.3359,-1.625,-0.291,other
65559,0.5913,-0.3093,-0.746,-2.4473,-1.7852,-0.3984,other
65582,0.5668,-0.316,-0.7224,-2.5195,-1.8711,-0.4473,other
65605,0.5714,-0.324,-0.7164,-2.5664,-1.9336,-0.4531,other
65628,0.5785,-0.3231,-0.7126,-2.5195,-1.8867,-0.375,other
65651,0.5865,-0.3151,-0.7312,-2.4609,-1.7949,-0.3047,other
65674,0.6049,-0.3083,-0.7701,-2.4336,-1.5977,-0.2246,other
65697,0.6034,-0.3063,-0.7781,-2.5156,-1.4629,-0.2207,other
65720,0.5703,-0.3065,-0.7529,-2.8223,-1.3066,-0.2891,other
65743,0.5636,-0.3126,-0.7184,-3.248,-1.1953,-0.3867,other
65766,0.5897,-0.3184,-0.7249,-3.498,-1.1152,-0.4414,other
65789,0.6072,-0.319,-0.7363,-3.7168,-0.9766,-0.5039,other
65812,0.5964,-0.3159,-0.7388,-3.7461,-0.8945,-0.5508,other
65835,0.5897,-0.3123,-0.7483,-3.6543,-0.832,-0.6426,other
65858,0.5922,-0.3109,-0.7545,-3.5332,-0.8418,-0.7363,other
65881,0.5704,-0.3153,-0.7302,-3.3066,-0.9395,-0.7832,other
65904,0.5742,-0.3148,-0.7164,-3.0547,-1.0996,-0.7949,other
65927,0.5979,-0.3165,-0.7294,-2.8867,-1.209,-0.7617,other
65950,0.5967,-0.3195,-0.7557,-2.6777,-1.3574,-0.6758,other
65973,0.5868,-0.3102,-0.7407,-2.6016,-1.4434,-0.6133,other
65996,0.5834,-0.3114,-0.7544,-2.623,-1.5449,-0.5195,other
66019,0.5767,-0.3147,-0.7405,-2.7949,-1.5957,-0.4062,other
66042,0.5792,-0.3159,-0.7246,-2.9648,-1.5898,-0.3125,other
66065,0.5955,-0.3168,-0.7313,-3.2383,-1.5137,-0.1562,other
66088,0.5956,-0.3163,-0.748,-3.4023,-1.4336,-0.0605,other
66111,0.5834,-0.3109,-0.7476,-3.6055,-1.3027,0.0449,other
66134,0.5791,-0.3115,-0.7527,-3.7461,-1.1855,0.0957,other
66157,0.5889,-0.3112,-0.7471,-3.7949,-1.125,0.1074,other
66180,0.5863,-0.3131,-0.7367,-3.7793,-1.0703,0.0957,other
66203,0.585,-0.3169,-0.7297,-3.6953,-1.0645,0.0703,other
66226,0.5936,-0.3209,-0.7305,-3.4629,-1.0996,0.0195,other
66249,0.5908,-0.322,-0.7396,-3.25,-1.1543,-0.0352,other
66272,0.5754,-0.322,-0.7368,-2.9043,-1.2969,-0.0625,other
66295,0.566,-0.3187,-0.726,-2.5918,-1.5078,-0.0684,other
66318,0.5892,-0.319,-0.7433,-2.4336,-1.6602,-0.0449,other
66341,0.6031,-0.3199,-0.7388,-2.3066,-1.8809,0.0098,other
66364,0.583,-0.3193,-0.7302,-2.3047,-2.0078,0.0371,other
66387,0.5781,-0.3193,-0.7307,-2.4199,-2.1445,0.0469,other
66410,0.588,-0.3201,-0.7385,-2.6523,-2.1699,0.0391,other
66433,0.5865,-0.3209,-0.7404,-2.8633,-2.1152,0.0312,other
66456,0.5782,-0.3201,-0.7252,-3.252,-1.9395,0.0352,other
66479,0.5767,-0.3165,-0.7236,-3.5488,-1.7734,0.0566,other
66502,0.5892,-0.3147,-0.7485,-4.0391,-1.4922,0.123,other
66525,0.589,-0.3109,-0.7695,-4.5859,-1.2285,0.209,other
66548,0.5841,-0.308,-0.7726,-4.9805,-1.0977,0.2598,other
66571,0.5933,-0.309,-0.7651,-5.5664,-0.9805,0.3184,other
66594,0.5792,-0.3162,-0.7449,-5.8965,-0.959,0.3398,other
66617,0.5643,-0.3204,-0.7238,-6.1875,-0.9824,0.3613,other
66640,0.5785,-0.3213,-0.7233,-6.2031,-1.0039,0.3789,other
66663,0.6019,-0.3206,-0.7417,-5.9531,-0.9941,0.3789,other
66686,0.5978,-0.3157,-0.7557,-5.4785,-0.9531,0.3301,other
66709,0.573,-0.3102,-0.739,-5.1172,-0.9277,0.2598,other
66732,0.5706,-0.3052,-0.7325,-4.6211,-0.916,0.1348,other
66755,0.5834,-0.3135,-0.7469,-4.3594,-0.9277,0.0605,other
66778,0.5991,-0.3149,-0.746,-4.1152,-0.959,-0.0312,other
66801,0.5907,-0.3116,-0.743,-4.0566,-0.9805,-0.1211,other
66824,0.5736,-0.3138,-0.7432,-4.1035,-0.9707,-0.1797,other
66847,0.5774,-0.3134,-0.7379,-4.2637,-0.9023,-0.252,other
66870,0.5835,-0.3151,-0.7468,-4.4004,-0.8125,-0.2871,other
66893,0.5908,-0.3116,-0.7365,-4.6055,-0.623,-0.3379,other
66916,0.5966,-0.3093,-0.7388,-4.7754,-0.416,-0.4199,other
66939,0.5894,-0.3054,-0.7415,-4.8594,-0.3027,-0.4961,other
66962,0.5887,-0.3063,-0.7554,-4.9355,-0.209,-0.6367,other
66985,0.5955,-0.3069,-0.7628,-4.9531,-0.1953,-0.7344,other
67008,0.5708,-0.3082,-0.7285,-4.9297,-0.2539,-0.8652,other
67031,0.5717,-0.3101,-0.7235,-4.8242,-0.3574,-0.9453,other
67054,0.6047,-0.3129,-0.7389,-4.707,-0.4238,-0.9648,other
67077,0.6013,-0.3091,-0.7456,-4.498,-0.5059,-0.9688,other
67100,0.5817,-0.3041,-0.736,-4.373,-0.5566,-0.9688,other
67123,0.5859,-0.3037,-0.738,-4.2422,-0.625,-0.9648,other
67146,0.5828,-0.3051,-0.7358,-4.2051,-0.6582,-0.9551,other
67169,0.5903,-0.3054,-0.7361,-4.2227,-0.6816,-0.9297,other
67192,0.6028,-0.3064,-0.7386,-4.3145,-0.6621,-0.9023,other
67215,0.6012,-0.3076,-0.7498,-4.4102,-0.6348,-0.8945,other
67238,0.5793,-0.301,-0.7375,-4.5859,-0.6016,-0.8906,other
67261,0.5781,-0.3004,-0.7422,-4.7168,-0.5918,-0.877,other
67284,0.5988,-0.3007,-0.7587,-4.9004,-0.582,-0.8164,other
67307,0.6074,-0.3013,-0.7389,-5.0312,-0.5723,-0.7246,other
67330,0.5923,-0.3014,-0.7247,-5.0605,-0.5703,-0.6621,other
67353,0.5939,-0.3015,-0.7488,-4.9902,-0.5703,-0.5625,other
67376,0.576,-0.3026,-0.7284,-4.8672,-0.5586,-0.4863,other
67399,0.5942,-0.3035,-0.7332,-4.5957,-0.498,-0.3398,other
67422,0.6063,-0.3032,-0.7324,-4.2793,-0.3906,-0.1621,other
67445,0.5922,-0.3018,-0.7201,-4.0781,-0.3184,-0.0449,other
67468,0.5797,-0.3033,-0.7249,-3.8437,-0.2402,0.1152,other
67491,0.6056,-0.3057,-0.7495,-3.7598,-0.2148,0.2109,other
67514,0.6726,-0.3068,-0.7745,-3.8027,-0.207,0.3496,other
67537,0.6306,-0.2776,-0.7487,-3.9512,-0.2148,0.543,other
67560,0.569,-0.2953,-0.6903,-4.3262,-0.1699,0.8184,other
67583,0.6145,-0.317,-0.6215,-4.8398,0.1895,1.6797,other
67606,0.6158,-0.3456,-0.551,-5.2793,0.6777,2.5723,other
67629,0.6753,-0.328,-0.5994,-6.3984,1.6445,4.0605,other
67652,0.7031,-0.2482,-0.7026,-7.959,2.1758,4.752,other
67675,0.5928,-0.1866,-0.7235,-12.8828,1.9531,4.5762,other
67698,0.655,-0.1379,-0.8883,-22.4551,-0.541,2.3906,other
67721,0.6628,-0.1135,-0.9015,-31.8086,-4.2187,-0.2363,other
67744,0.5215,-0.0498,-0.8014,-49.7305,-13.7168,-5.5078,other
67767,0.4175,-0.0039,-0.7544,-63.4121,-22.4961,-9.3828,other
67790,0.3745,0.0435,-0.6821,-64.0,-37.5059,-14.6875,other
67813,0.283,0.1049,-0.7113,-64.0,-51.4727,-18.4355,other
67836,0.2227,0.1345,-0.7772,-64.0,-58.4355,-19.8789,other
67859,0.2946,0.1589,-0.7767,-64.0,-63.5957,-20.834,other
67882,0.3907,0.2172,-0.7777,-64.0,-63.3027,-21.1758,other
67905,0.3867,0.2649,-0.861,-64.0,-58.3535,-22.1855,other
67928,0.3232,0.256,-0.9717,-64.0,-50.082,-24.373,other
67951,0.3551,0.2703,-0.8408,-64.0,-43.7832,-26.4277,other
67974,0.3837,0.3026,-0.7482,-64.0,-34.5293,-29.873,other
67997,0.3834,0.2963,-0.7819,-64.0,-29.2734,-31.9922,other
68020,0.3224,0.2908,-0.8419,-64.0,-23.7871,-34.1133,other
68043,0.3146,0.3005,-0.8086,-64.0,-21.7363,-34.4473,other
68066,0.3746,0.2919,-0.7628,-64.0,-20.248,-33.043,other
68089,0.3374,0.2903,-0.66,-49.9941,-19.4863,-29.5684,other
68112,0.3004,0.2906,-0.6263,-36.666,-18.7793,-26.3867,other
68135,0.2811,0.2969,-0.6681,-18.9102,-16.7109,-20.8672,other
68158,0.3042,0.2894,-0.7817,-9.4043,-14.4805,-17.043,other
68181,0.3608,0.3041,-0.7756,0.1172,-10.0957,-11.6992,other
68204,0.3174,0.3372,-0.7047,3.3086,-5.3652,-7.3984,other
68227,0.1569,0.3555,-0.6835,2.127,-2.4902,-5.2715,other
68250,0.3115,0.3772,-1.046,-3.6797,1.1172,-3.3223,other
68273,0.3367,0.5681,-0.5026,-9.3594,2.7637,-2.9668,other
68296,0.2167,0.4845,-0.7407,-18.4102,2.6855,-3.8691,other
68319,0.3549,0.4633,-0.8086,-26.2598,-2.3945,-6.0605,other
68342,0.2655,0.3972,-0.782,-29.8906,-9.2559,-7.7676,other
68365,0.2954,0.4062,-0.8336,-33.7148,-23.7461,-9.8516,other
68388,0.2638,0.412,-0.801,-35.3496,-34.7461,-10.6504,other
68411,0.0845,0.4401,-0.6678,-37.3613,-50.3496,-11.0996,other
68434,0.1692,0.4836,-0.762,-38.9297,-58.3379,-11.2344,other
68457,0.2135,0.4745,-0.6846,-42.1895,-64.0,-11.7715,other
68480,0.098,0.5227,-0.6724,-46.6797,-62.5996,-13.125,other
68503,0.1498,0.5275,-0.6659,-50.1836,-56.4707,-14.5703,other
68526,0.1342,0.5277,-0.6268,-55.8066,-41.2441,-17.4453,other
68549,0.064,0.5604,-0.6116,-59.5801,-28.6406,-19.6602,other
68572,0.1613,0.5691,-0.5941,-64.0,-9.6484,-23.0117,other
68595,0.106,0.5891,-0.5812,-64.0,5.0449,-25.7871,other
68618,0.1102,0.6,-0.5345,-64.0,10.998,-27.0352,other
68641,0.0969,0.6305,-0.4857,-64.0,14.1328,-27.791,other
68664,0.0574,0.6377,-0.5068,-64.0,13.168,-27.5645,other
68687,0.0417,0.6515,-0.4453,-64.0,9.2187,-26.2969,other
68710,0.084,0.6769,-0.3976,-64.0,4.4102,-24.1602,other
68733,0.0522,0.6774,-0.4744,-64.0,1.3711,-22.3633,other
68756,0.0657,0.6554,-0.4902,-64.0,-2.1582,-19.2031,other
68779,0.0959,0.6644,-0.4266,-62.6992,-3.3613,-16.8301,other
68802,0.1123,0.6788,-0.4121,-55.3438,-3.0645,-12.9473,other
68825,0.1426,0.681,-0.4595,-50.0176,-1.4668,-8.7187,other
68848,0.1445,0.6722,-0.4424,-41.7754,2.6445,-6.1348,other
68871,0.121,0.6887,-0.3458,-33.6367,7.5645,-2.4824,other
68894,0.1512,0.6716,-0.4781,-28.4453,10.3594,-0.5684,other
68917,0.0874,0.6864,-0.4518,-21.1641,12.8242,1.1387,other
68940,0.108,0.6631,-0.4934,-16.6797,13.2051,1.3672,other
68963,0.0979,0.6906,-0.4199,-10.5137,12.3301,0.3301,bite
68986,0.05,0.6826,-0.5066,-5.0371,10.4199,-2.1094,bite
69009,0.0625,0.6648,-0.4471,-1.8203,8.8242,-4.2637,bite
69032,0.0841,0.6433,-0.5197,2.2227,6.1426,-7.752,bite
69055,0.0709,0.6409,-0.4526,4.3398,4.3594,-9.8984,bite
69078,0.0525,0.674,-0.4907,6.6094,2.2559,-12.3066,bite
69101,0.0483,0.7383,-0.5571,7.8691,1.5449,-13.2656,bite
69124,0.0862,0.7047,-0.5275,8.2422,2.084,-12.9082,bite
69147,0.0999,0.6925,-0.3669,8.293,4.3047,-10.7344,bite
69170,0.0754,0.6797,-0.4594,8.1504,6.457,-8.1973,bite
69193,0.1039,0.631,-0.5333,8.1133,10.3359,-2.9062,bite
69216,0.0315,0.6289,-0.5066,8.5527,13.2656,3.9199,bite
69239,0.1316,0.6375,-0.3613,10.5391,17.9316,9.2109,bite
69262,0.3102,0.674,-0.4333,14.6719,22.0137,18.2422,bite
69285,0.2467,0.7852,-0.5861,18.7676,23.8164,25.0098,bite
69308,0.2996,0.7191,-0.6462,26.8027,24.7344,36.0488,bite
69331,0.2288,0.6079,-1.0072,33.0,24.3906,43.4473,bite
69354,0.4326,0.7142,-0.9993,42.3633,23.5586,53.0,bite
69377,0.4008,0.6692,-0.653,51.4414,22.8066,58.9199,bite
69400,0.3112,0.4972,-0.6976,57.7793,22.5469,60.2793,bite
69423,0.3712,0.3652,-0.7778,63.998,23.4844,58.4355,bite
69446,0.4817,0.2877,-0.7639,63.998,25.2246,55.0684,bite
69469,0.5304,0.2086,-0.8427,63.998,28.3926,48.1406,bite
69492,0.49,0.1599,-0.7759,63.998,29.4824,41.0723,bite
69515,0.3806,0.1156,-0.7682,63.998,28.2441,37.4492,bite
69538,0.3197,0.0338,-0.6853,63.998,24.8184,34.8555,bite
69561,0.3254,-0.0518,-0.6097,63.998,23.2031,35.252,bite
69584,0.46,-0.1312,-0.6016,63.998,24.3535,38.6035,bite
69607,0.5446,-0.1665,-0.6115,63.998,30.541,44.0332,bite
69630,0.5596,-0.2137,-0.549,63.998,36.9316,48.0469,bite
69653,0.6504,-0.2747,-0.6313,63.998,48.668,53.6387,bite
69676,0.7339,-0.3199,-0.7968,63.998,56.9492,56.5781,bite
69699,0.7765,-0.3093,-0.8094,63.998,63.998,59.2246,bite
69722,0.7665,-0.3141,-0.8038,63.998,63.998,59.6738,bite
69745,0.7867,-0.3394,-0.8317,63.998,63.998,58.4648,bite
69768,0.8302,-0.3774,-0.8773,63.998,63.998,55.4063,bite
69791,0.8574,-0.3984,-0.89,63.998,63.6719,52.6777,bite
69814,0.7926,-0.4097,-0.8306,63.998,50.1563,48.2637,bite
69837,0.7178,-0.4462,-0.7535,57.1602,39.4219,45.6152,bite
69860,0.7675,-0.4918,-0.6627,44.9531,22.7754,42.9238,bite
69883,0.8311,-0.5106,-0.6417,36.6563,7.5078,42.2949,bite
69906,0.7932,-0.5348,-0.6584,33.3848,-1.3301,43.0527,bite
69929,0.7573,-0.5587,-0.6263,31.2695,-12.2832,45.8574,bite
69952,0.6857,-0.5646,-0.5339,31.1719,-17.9121,48.7949,bite
69975,0.616,-0.5758,-0.5074,32.0098,-23.6621,54.7051,bite
69998,0.5475,-0.5896,-0.4928,32.6621,-26.3145,62.252,bite
70021,0.5333,-0.594,-0.4594,32.8379,-26.6152,63.998,bite
70044,0.4993,-0.5847,-0.4725,31.0996,-25.4277,63.998,bite
70067,0.39,-0.5688,-0.5011,28.4902,-23.8574,63.998,bite
70090,0.2742,-0.5695,-0.5038,22.1289,-20.5879,63.998,bite
70113,0.225,-0.5878,-0.5326,16.2988,-17.7441,63.998,bite
70136,0.2085,-0.5597,-0.5458,5.5527,-12.4805,63.998,bite
70159,0.1748,-0.5475,-0.5481,-6.8105,-6.6113,63.998,bite
70182,0.1544,-0.5314,-0.5144,-15.4199,-2.8164,63.998,bite
70205,0.1057,-0.5571,-0.6024,-28.1191,2.2441,63.998,bite
70228,0.0807,-0.5419,-0.7002,-36.1152,5.166,63.998,bite
70251,0.1118,-0.5481,-0.7762,-47.0371,9.1406,63.998,bite
70274,0.2114,-0.5509,-0.7771,-56.2754,12.9355,63.998,bite
70297,0.3126,-0.5288,-0.7773,-61.2363,15.3652,63.998,bite
70320,0.295,-0.5104,-0.7941,-64.0,18.5352,63.998,bite
70343,0.2502,-0.5288,-0.8912,-64.0,20.1465,63.998,bite
70366,0.2495,-0.5522,-0.9541,-64.0,21.8145,63.998,bite
70389,0.2572,-0.5399,-0.9567,-64.0,22.5957,63.998,bite
70412,0.239,-0.537,-0.9364,-64.0,22.4824,61.5371,bite
70435,0.2275,-0.5217,-0.8286,-59.8262,21.1836,54.959,bite
70458,0.1821,-0.5428,-0.7706,-55.0938,19.6289,51.3418,bite
70481,0.1787,-0.546,-0.7825,-46.3301,16.6543,46.8242,bite
70504,0.1671,-0.5585,-0.8655,-39.7148,14.5098,43.2422,bite
70527,0.2471,-0.5563,-0.8629,-29.5117,11.4277,40.6465,bite
70550,0.2833,-0.5475,-0.7443,-19.9414,8.7891,36.9629,bite
70573,0.2196,-0.552,-0.7573,-14.2617,7.3711,34.3105,bite
70596,0.1824,-0.5552,-0.7965,-7.1309,5.8516,30.0801,bite
70619,0.1902,-0.5533,-0.8456,-3.4609,5.2812,27.2227,bite
70642,0.2362,-0.5157,-0.7819,0.3867,5.0234,23.0488,bite
70665,0.2502,-0.4561,-0.7419,2.6328,5.1875,19.0117,bite
70688,0.4487,-0.5273,-0.822,3.5703,5.375,16.3652,bite
70711,0.3071,-0.8221,-0.7659,4.4648,5.8457,12.6465,bite
70734,-0.0272,-0.6819,-0.6266,4.7617,6.668,10.7461,bite
70757,0.3041,-0.6083,-0.7932,4.7734,9.0293,9.2598,bite
70780,0.2485,-0.4058,-0.8037,4.1797,10.9785,8.9336,bite
70803,0.0891,0.0271,-1.121,3.4355,10.8789,8.8164,bite
70826,-0.2251,-0.0714,-1.2025,1.9258,8.5625,8.1406,bite
70849,-0.1213,-0.199,-1.172,0.7734,6.7129,7.0918,bite
70872,0.5309,-0.5116,-0.5227,-0.4238,5.2129,3.9023,bite
70895,0.3101,-0.8458,-0.3698,0.1055,3.9199,-2.0664,bite
70918,0.3665,-0.915,-0.4294,4.4043,1.6445,-7.6309,bite
70941,0.2288,-0.8199,-0.5541,13.1836,-4.3281,-17.7539,bite
70964,0.0717,-0.6642,-0.5444,20.7793,-10.4609,-25.2051,other
70987,0.1694,-0.6165,-0.7543,32.584,-22.373,-36.8984,other
71010,0.3483,-0.6163,-0.8599,39.1895,-31.1797,-45.0488,other
71033,0.4454,-0.5792,-0.7509,45.0645,-43.6699,-58.0859,other
71056,0.3047,-0.5411,-0.5516,45.3516,-52.8223,-64.0,other
71079,0.1055,-0.485,-0.4076,42.9082,-55.668,-64.0,other
71102,-0.0151,-0.4459,-0.4136,36.5313,-53.6719,-64.0,other
71125,0.1135,-0.4659,-0.4496,31.0059,-48.1875,-64.0,other
71148,0.3583,-0.4642,-0.42,21.1055,-35.6836,-64.0,other
71171,0.569,-0.4635,-0.4215,9.1465,-22.293,-64.0,other
71194,0.6891,-0.4211,-0.4224,-0.0664,-15.1934,-64.0,other
71217,0.7249,-0.318,-0.4923,-15.7539,-9.0996,-64.0,other
71240,0.7231,-0.2559,-0.7354,-27.375,-8.043,-64.0,other
71263,0.7268,-0.2498,-0.9471,-46.2617,-9.9668,-64.0,other
71286,0.7915,-0.2367,-1.146,-59.4453,-14.7324,-64.0,other
71309,0.8649,-0.2266,-1.2238,-64.0,-18.834,-64.0,other
71332,0.756,-0.186,-1.1379,-64.0,-25.332,-64.0,other
71355,0.5592,-0.1049,-0.954,-64.0,-29.0039,-64.0,other
71378,0.3877,-0.0754,-1.0179,-64.0,-31.7031,-64.0,other
71401,0.2749,-0.1179,-1.1243,-64.0,-30.9238,-64.0,other
71424,0.3275,-0.1444,-1.0995,-64.0,-26.168,-64.0,other
71447,0.4768,-0.2579,-0.9424,-51.2363,-19.4297,-58.4473,other
71470,0.4161,-0.1421,-1.0337,-30.5039,-15.7363,-42.2305,other
71493,0.2527,-0.2209,-1.0587,0.5781,-14.3887,-20.1094,other
71516,0.1169,-0.2155,-0.859,19.2676,-17.1328,-7.8672,other
71539,0.1758,-0.2909,-0.8668,41.9961,-25.3809,5.5703,other
71562,0.4052,-0.282,-1.0138,56.9766,-35.7559,12.3906,other
71585,0.4816,-0.3784,-1.0897,62.457,-43.0098,13.3066,other
71608,0.301,-0.2975,-0.8285,63.998,-53.7012,10.2832,other
71631,0.2306,-0.3549,-0.7709,63.2617,-59.8594,6.4316,other
71654,0.2443,-0.3151,-0.7742,58.3574,-64.0,0.0273,other
71677,0.1958,-0.2557,-0.8315,51.5176,-64.0,-4.9375,other
71700,0.0226,-0.2209,-0.8909,46.1523,-64.0,-6.6309,other
71723,0.0635,-0.2343,-0.8949,36.8965,-56.5195,-6.4355,other
71746,0.1287,-0.1892,-0.9495,30.0098,-48.918,-4.8145,other
71769,0.1058,-0.2814,-0.928,19.252,-34.6191,-1.3477,other
71792,0.1941,-0.4253,-0.7898,12.5176,-23.3613,0.8418,other
71815,0.5437,-0.4882,-0.8589,4.5332,-4.2402,2.7324,other
71838,0.7092,-0.339,-1.3326,-0.4199,16.334,1.7715,other
71861,0.4371,-0.3734,-1.1096,-2.793,29.25,-0.7812,other
71884,0.1833,-0.3317,-0.6453,-5.9766,44.416,-6.6191,other
71907,0.1133,-0.3462,-0.5477,-7.6367,50.8281,-10.7012,other
71930,0.2438,-0.3379,-0.6718,-8.7676,55.2109,-15.2441,other
71953,0.3966,-0.3082,-0.8335,-8.584,54.3027,-17.043,other
71976,0.3843,-0.2775,-0.8621,-8.4687,51.0684,-16.9688,other
71999,0.3527,-0.2397,-0.8982,-9.5449,42.9102,-15.7949,other
72022,0.4171,-0.2109,-0.9573,-11.5293,36.041,-14.7441,other
72045,0.5128,-0.2014,-1.0543,-16.4629,25.2852,-13.3242,other
72068,0.4716,-0.1965,-1.0144,-22.9277,15.5664,-12.4375,other
72091,0.3412,-0.1936,-0.875,-27.2285,10.2988,-12.0762,other
72114,0.3177,-0.2032,-0.8195,-32.0391,5.0586,-11.4199,other
72137,0.3839,-0.224,-0.811,-33.377,3.6484,-10.6445,other
72160,0.4521,-0.2539,-0.865,-31.998,4.3984,-8.873,other
72183,0.4562,-0.262,-0.8514,-28.9863,6.1797,-6.6602,other
72206,0.4103,-0.26,-0.7905,-22.1738,9.4453,-5.1504,other
72229,0.4055,-0.2605,-0.7761,-13.9238,12.3477,-3.0312,other
72252,0.4385,-0.2664,-0.7893,-8.3652,13.7871,-1.7949,other
72275,0.4391,-0.2703,-0.7869,-0.959,14.8984,-0.3516,other
72298,0.4023,-0.2614,-0.7776,2.916,14.8496,0.2754,other
72321,0.4076,-0.2574,-0.7988,6.7148,13.7109,0.6895,other
72344,0.4417,-0.2441,-0.8616,8.0371,11.6719,0.5137,other
72367,0.4342,-0.2373,-0.869,7.6973,10.0137,0.0859,other
72390,0.4199,-0.2295,-0.842,5.8672,7.3574,-0.959,other
72413,0.4299,-0.2316,-0.8422,4.1855,5.6621,-1.8535,other
72436,0.4637,-0.2532,-0.8756,1.7129,3.5,-3.3457,other
72459,0.4636,-0.2667,-0.8702,0.0059,1.8965,-4.8711,other
72482,0.4398,-0.2765,-0.7932,-0.4316,1.0938,-5.8145,other
72505,0.3898,-0.2825,-0.775,0.2031,0.2539,-6.9277,other
72528,0.3807,-0.2886,-0.778,1.4805,0.0039,-7.3574,other
72551,0.4319,-0.2955,-0.7771,4.3145,0.25,-7.4375,other
72574,0.479,-0.2913,-0.7773,6.418,1.3184,-6.9805,other
72597,0.473,-0.2852,-0.7773,9.1191,2.0215,-6.5273,other
72620,0.475,-0.2808,-0.7922,10.5,3.2441,-5.8125,other
72643,0.4717,-0.2765,-0.8187,10.416,3.8672,-5.3691,other
72666,0.4275,-0.2656,-0.7872,8.7422,4.3066,-4.7637,other
72689,0.4055,-0.2607,-0.7762,6.7598,4.2578,-4.3691,other
72712,0.438,-0.2622,-0.7969,2.9766,3.8457,-3.7363,other
72735,0.48,-0.2603,-0.8412,-1.1387,3.2461,-3.0996,other
72758,0.4728,-0.259,-0.821,-3.7441,2.7891,-2.7363,other
72781,0.4653,-0.2443,-0.7886,-7.0391,2.0527,-2.3398,other
72804,0.483,-0.2377,-0.7771,-8.6367,1.5664,-2.1699,other
72827,0.4968,-0.2422,-0.8,-9.9629,0.9063,-2.0195,other
72850,0.4927,-0.2588,-0.8307,-10.0195,0.373,-1.9434,other
72873,0.4554,-0.2727,-0.8335,-9.4609,0.0879,-1.8867,other
72896,0.4106,-0.2894,-0.8082,-7.9629,-0.2285,-1.6875,other
72919,0.3751,-0.2979,-0.7812,-6.6562,-0.3184,-1.4121,other
72942,0.3984,-0.2964,-0.7767,-4.4629,-0.1406,-0.7324,other
72965,0.4486,-0.2839,-0.7775,-2.0059,0.4141,0.1758,other
72988,0.4761,-0.2646,-0.7772,-1.1504,0.8867,0.7715,other
73011,0.4967,-0.2528,-0.7772,-0.0566,1.502,1.4121,other
73034,0.5432,-0.2412,-0.7959,0.1211,1.7363,1.5703,other
73057,0.5388,-0.2491,-0.8279,-0.4238,1.6973,1.3379,other
73080,0.4653,-0.2596,-0.7833,-1.2031,1.4004,0.9258,other
73103,0.4208,-0.2627,-0.7766,-2.625,0.7305,0.1836,other
73126,0.4264,-0.2819,-0.7792,-3.8848,0.1621,-0.3457,other
73149,0.4388,-0.2882,-0.797,-4.4766,-0.0234,-0.4629,other
73172,0.4639,-0.2893,-0.8246,-4.9648,-0.0117,-0.2812,other
73195,0.4564,-0.2804,-0.7891,-5.0801,0.0977,0.0117,other
73218,0.4313,-0.2698,-0.7753,-5.0566,0.207,0.5742,other
73241,0.4495,-0.2603,-0.778,-4.9102,0.1445,1.125,other
73264,0.4988,-0.2582,-0.7893,-4.8223,0.0176,1.3926,other
73287,0.5132,-0.2548,-0.8479,-4.8613,-0.3008,1.5059,other
73310,0.4896,-0.2511,-0.856,-5.0684,-0.6074,1.3535,other
73333,0.4473,-0.2476,-0.8143,-5.6055,-1.1895,0.8496,other
73356,0.4065,-0.2588,-0.7748,-6.1367,-1.7969,0.2383,other
73379,0.4114,-0.2695,-0.7781,-6.293,-2.0996,-0.1074,other
73402,0.4569,-0.2804,-0.7775,-6.0391,-2.2246,-0.4629,other
73425,0.4888,-0.2816,-0.7922,-5.5371,-2.0664,-0.627,other
73448,0.4763,-0.2744,-0.7815,-4.4414,-1.5977,-0.8672,other
73471,0.4514,-0.2618,-0.7765,-3.6113,-1.2344,-1.0586,other
73494,0.4539,-0.2596,-0.7775,-2.4316,-0.752,-1.3809,other
73517,0.4656,-0.2601,-0.778,-1.5605,-0.4082,-1.7148,other
73540,0.4811,-0.26,-0.8051,-1.2695,-0.252,-1.9434,other
73563,0.5049,-0.2601,-0.8289,-1.3789,-0.0762,-2.3262,other
73586,0.4868,-0.26,-0.8263,-1.8008,0.0176,-2.6113,other
73609,0.4484,-0.26,-0.7887,-2.7891,0.1211,-3.041,other
73632,0.4318,-0.26,-0.7758,-3.8535,0.209,-3.3398,other
73655,0.4309,-0.2599,-0.7777,-4.4277,0.2695,-3.4004,other
73678,0.4448,-0.26,-0.7772,-4.9531,0.3535,-3.2695,other
73701,0.4995,-0.26,-0.8068,-5.0957,0.4004,-3.0781,other
73724,0.5254,-0.2577,-0.8516,-5.1465,0.416,-2.7695,other
73747,0.5007,-0.2531,-0.8253,-5.1875,0.2793,-2.5586,other
73770,0.4669,-0.2522,-0.7738,-5.2266,0.0762,-2.4687,other
73793,0.4318,-0.2572,-0.7783,-5.1699,-0.3437,-2.3184,other
73816,0.42,-0.2603,-0.777,-4.9805,-0.6289,-2.1484,other
73839,0.4596,-0.26,-0.7776,-4.4785,-0.8965,-1.7676,other
73862,0.52,-0.2593,-0.7994,-4.1035,-0.8887,-1.3516,other
73885,0.5363,-0.2583,-0.8567,-3.7363,-0.5957,-1.1563,other
73908,0.4879,-0.2526,-0.8153,-3.8203,-0.1387,-1.0547,other
73931,0.4471,-0.2488,-0.7736,-4.1172,0.1602,-1.0723,other
73954,0.4393,-0.255,-0.7784,-4.7148,0.502,-1.082,other
73977,0.4615,-0.2605,-0.777,-5.0801,0.6406,-1.0195,other
74000,0.4956,-0.2594,-0.7781,-5.4531,0.7129,-0.8184,other
74023,0.5052,-0.2533,-0.8082,-5.627,0.6387,-0.5898,other
74046,0.4945,-0.2468,-0.8098,-5.6875,0.5176,-0.4727,other
74069,0.4762,-0.2439,-0.7744,-5.7422,0.2598,-0.3652,other
74092,0.4445,-0.2455,-0.7782,-5.7461,0.0645,-0.3125,other
74115,0.4598,-0.2504,-0.777,-5.6582,-0.166,-0.1953,other
74138,0.4816,-0.2505,-0.7773,-5.4531,-0.2148,-0.0215,other
74161,0.5,-0.2535,-0.7965,-5.2852,-0.1289,0.0937,other
74184,0.5096,-0.2487,-0.8218,-5.0781,0.1406,0.2031,other
74207,0.4802,-0.2444,-0.7837,-4.998,0.3633,0.2129,other
74230,0.4578,-0.2502,-0.7765,-4.9395,0.6797,0.166,other
74253,0.4658,-0.2496,-0.7773,-4.8848,0.8633,0.1133,other
74276,0.4833,-0.2511,-0.7773,-4.7051,1.0879,0.0918,other
74299,0.5045,-0.2482,-0.7789,-4.418,1.2285,0.0586,other
74322,0.5052,-0.2479,-0.7844,-4.2207,1.2695,0.0098,other
74345,0.4957,-0.2463,-0.7798,-3.9961,1.2422,-0.1211,other
74368,0.4869,-0.2417,-0.7767,-3.916,1.1699,-0.2285,other
74391,0.473,-0.2473,-0.7775,-3.8613,0.9727,-0.3711,other
74414,0.4846,-0.251,-0.7772,-3.8242,0.6934,-0.4453,other
74437,0.4987,-0.2546,-0.7772,-3.7871,0.4824,-0.4531,other
74460,0.4904,-0.2516,-0.7772,-3.7227,0.1484,-0.4199,other
74483,0.498,-0.2472,-0.778,-3.6934,-0.0664,-0.3828,other
74506,0.495,-0.2463,-0.7843,-3.7031,-0.3594,-0.3184,other
74529,0.4843,-0.2441,-0.7769,-3.8008,-0.6328,-0.248,other
74552,0.4581,-0.2466,-0.7776,-3.9023,-0.8164,-0.1895,other
74575,0.4656,-0.2456,-0.7772,-4.0547,-1.0723,-0.0742,other
74598,0.5022,-0.2434,-0.7784,-4.1387,-1.2051,0.0078,other
74621,0.5256,-0.244,-0.8047,-4.2441,-1.332,0.0801,other
74644,0.5103,-0.2433,-0.809,-4.3223,-1.3906,0.0312,other
74667,0.4872,-0.2412,-0.7811,-4.4316,-1.418,-0.0527,other
74690,0.4614,-0.2455,-0.7765,-4.4316,-1.4668,-0.1758,other
74713,0.4457,-0.2563,-0.7775,-4.2949,-1.5,-0.1973,other
74736,0.4694,-0.2601,-0.7773,-3.873,-1.4902,-0.1016,other
74759,0.5067,-0.2596,-0.778,-3.5098,-1.4219,0.0195,other
74782,0.525,-0.2537,-0.8054,-3.0391,-1.25,0.1875,other
74805,0.4956,-0.2401,-0.7887,-2.8887,-1.1133,0.2383,other
74828,0.4642,-0.2368,-0.7754,-3.0137,-1.0918,0.2109,other
74851,0.4674,-0.2379,-0.7778,-3.4551,-1.1621,0.1367,other
74874,0.4911,-0.2412,-0.7771,-3.832,-1.2461,0.0937,other
74897,0.4961,-0.2384,-0.7834,-4.3926,-1.3867,0.0312,other
74920,0.5033,-0.2365,-0.8141,-4.8574,-1.498,-0.0508,other
74943,0.5067,-0.2363,-0.8242,-5.0801,-1.543,-0.123,other
74966,0.4835,-0.2397,-0.7769,-5.2109,-1.584,-0.2363,other
74989,0.464,-0.2509,-0.7777,-5.0957,-1.6016,-0.2871,other
75012,0.4651,-0.2603,-0.7771,-4.5293,-1.5781,-0.2754,other
75035,0.4779,-0.2644,-0.7773,-3.5469,-1.4395,-0.1582,other
75058,0.4934,-0.2596,-0.7773,-2.7852,-1.2734,-0.0547,other
75081,0.5089,-0.245,-0.7795,-1.7695,-0.959,0.0703,other
75104,0.4995,-0.2351,-0.8151,-1.3457,-0.7539,0.1035,other
75127,0.5033,-0.2271,-0.8142,-1.2832,-0.5469,0.082,other
75150,0.4807,-0.2275,-0.795,-1.623,-0.5137,0.0449,other
75173,0.4663,-0.2422,-0.7754,-2.5039,-0.625,0.0215,other
75196,0.4773,-0.2585,-0.7778,-3.4551,-0.8398,0.0977,other
75219,0.4904,-0.2631,-0.7771,-3.9336,-0.9805,0.2031,other
75242,0.4972,-0.2662,-0.7773,-4.2617,-1.1602,0.3945,other
75265,0.4962,-0.2585,-0.7772,-4.2324,-1.2676,0.5098,other
75288,0.4725,-0.2424,-0.7778,-3.9395,-1.4531,0.6289,other
75311,0.4486,-0.2367,-0.7771,-3.5293,-1.6953,0.6895,other
75334,0.46,-0.2443,-0.7773,-3.2754,-1.8633,0.707,other
75357,0.4905,-0.261,-0.7773,-3.0039,-2.0488,0.6836,other
75380,0.4956,-0.2598,-0.7847,-2.9277,-2.0879,0.6055,other
75403,0.5033,-0.2592,-0.8361,-3.0156,-2.0059,0.3613,other
75426,0.5111,-0.243,-0.8298,-3.3809,-1.8242,-0.0137,other
75449,0.481,-0.2249,-0.7812,-3.7402,-1.7383,-0.2832,other
75472,0.4716,-0.2218,-0.777,-4.2676,-1.7715,-0.6094,other
75495,0.4899,-0.2284,-0.7775,-4.4785,-1.918,-0.7207,other
75518,0.5172,-0.2445,-0.7783,-4.4121,-2.3125,-0.7285,other
75541,0.5082,-0.2598,-0.8162,-4.0918,-2.6562,-0.6172,other
75564,0.4768,-0.262,-0.7947,-3.2773,-3.1992,-0.5059,other
75587,0.4338,-0.2717,-0.7748,-2.1973,-3.6426,-0.2695,other
75610,0.425,-0.27,-0.7778,-1.3945,-3.7871,-0.0371,other
75633,0.4479,-0.2623,-0.7771,-0.207,-3.6875,0.4297,other
75656,0.4835,-0.2639,-0.7827,0.4687,-3.418,0.791,other
75679,0.5299,-0.2648,-0.8064,1.1035,-2.8125,1.293,other
75702,0.5159,-0.2604,-0.7764,1.1133,-2.1641,1.6289,other
75725,0.4467,-0.264,-0.7776,0.7734,-1.793,1.75,other
75748,0.4305,-0.2704,-0.7772,-0.1309,-1.3105,1.875,other
75771,0.4579,-0.2598,-0.7799,-0.9297,-0.998,1.9766,other
75794,0.4861,-0.2473,-0.8312,-2.3691,-0.5508,2.1621,other
75817,0.4993,-0.233,-0.8462,-4.0859,-0.252,2.3066,other
75840,0.5132,-0.2297,-0.8148,-5.3105,-0.2227,2.3301,other
75863,0.5002,-0.2388,-0.7743,-6.9844,-0.5195,2.2227,other
75886,0.4551,-0.2612,-0.7784,-7.7715,-0.9453,2.0625,other
75909,0.4061,-0.2766,-0.7769,-8.1602,-1.7441,1.7637,other
75932,0.4269,-0.285,-0.7773,-7.8164,-2.3262,1.4648,other
75955,0.4645,-0.2819,-0.7775,-6.5195,-2.4316,1.2578,other
75978,0.4918,-0.2705,-0.7792,-4.7305,-2.1641,0.8359,other
76001,0.4918,-0.2595,-0.7767,-3.5625,-1.8066,0.4277,other
76024,0.4608,-0.2578,-0.7775,-2.2207,-1.2129,-0.3828,other
76047,0.4642,-0.2496,-0.7773,-1.7402,-0.8457,-1.0078,other
76070,0.4867,-0.2365,-0.7856,-1.7773,-0.3613,-1.9707,other
76093,0.5103,-0.2301,-0.8519,-2.7559,0.0586,-2.8672,other
76116,0.4983,-0.2281,-0.8589,-3.8652,0.293,-3.3984,other
76139,0.4735,-0.2301,-0.8301,-5.9043,0.5469,-4.0488,other
76162,0.4592,-0.2332,-0.781,-7.2344,0.6445,-4.3535,other
76185,0.4647,-0.2407,-0.777,-8.6738,0.6738,-4.5937,other
76208,0.5024,-0.2368,-0.7814,-9.0137,0.5703,-4.6367,other
76231,0.5641,-0.2344,-0.8534,-8.5449,0.4277,-4.6348,other
76254,0.5498,-0.2445,-0.8884,-6.8984,0.0195,-4.7305,other
76277,0.4697,-0.2522,-0.7935,-5.2617,-0.4258,-4.8848,other
76300,0.4171,-0.2646,-0.7747,-2.0488,-1.2715,-5.1602,other
76323,0.4043,-0.2839,-0.7632,2.0801,-2.1035,-5.3535,other
76346,0.4025,-0.2961,-0.7357,5.0449,-2.5527,-5.4238,other
76369,0.4426,-0.2946,-0.7659,9.5039,-2.9824,-5.5449,other
76392,0.5092,-0.2834,-0.7793,11.9863,-3.1113,-5.7461,other
76415,0.528,-0.2678,-0.7809,14.2305,-3.2109,-6.3906,other
76438,0.5013,-0.2595,-0.7767,14.4648,-3.3066,-7.0703,other
76461,0.4553,-0.2594,-0.7772,12.873,-3.5117,-8.3105,other
76484,0.4528,-0.2496,-0.7773,9.3906,-3.627,-9.4883,other
76507,0.4783,-0.2428,-0.788,6.3809,-3.5508,-10.0781,other
76530,0.5063,-0.2399,-0.8398,1.3906,-3.1562,-10.5684,other
76553,0.5013,-0.2368,-0.8521,-1.957,-2.7363,-10.6387,other
76576,0.4893,-0.2345,-0.7981,-6.5215,-1.9688,-10.4102,other
76599,0.4816,-0.2365,-0.7739,-9.9629,-1.1309,-9.8262,other
76622,0.4933,-0.2412,-0.7781,-11.3887,-0.5703,-9.2656,other
76645,0.5333,-0.2405,-0.7809,-12.1094,0.2109,-8.2441,other
76668,0.5366,-0.2367,-0.8055,-11.7344,0.6289,-7.5098,other
76691,0.5078,-0.2312,-0.7968,-10.209,1.0176,-6.4141,other
76714,0.4784,-0.2294,-0.7749,-7.9473,1.0996,-5.3437,other
76737,0.4784,-0.2377,-0.7778,-6.2305,1.0137,-4.6309,other
76760,0.48,-0.245,-0.7771,-3.5977,0.7695,-3.5547,other
76783,0.5027,-0.2562,-0.7777,-1.9434,0.6016,-2.8496,other
76806,0.5442,-0.2605,-0.8157,0.1426,0.4375,-1.8535,other
76829,0.5492,-0.2572,-0.8253,1.1504,0.3809,-0.7559,other
76852,0.4915,-0.26,-0.7709,2.0371,0.2969,-0.4434,other
76875,0.4396,-0.2601,-0.771,2.3477,0.2324,0.4023,other
76898,0.4508,-0.2703,-0.7731,2.3828,0.2715,1.0762,other
76921,0.4645,-0.2791,-0.7783,2.2949,0.5059,2.2754,other
76944,0.4641,-0.2753,-0.7772,2.1113,0.7207,3.1406,other
76967,0.4803,-0.2646,-0.7913,1.5234,0.9121,4.3613,other
76990,0.5253,-0.2574,-0.8229,0.4258,0.5449,5.2773,other
77013,0.5045,-0.2417,-0.7797,-0.5742,-0.2578,5.625,other
77036,0.427,-0.2427,-0.7773,-2.2949,-2.3711,5.7324,other
77059,0.4467,-0.251,-0.7935,-3.4355,-4.1562,5.5918,other
77082,0.5,-0.2605,-0.8551,-4.9434,-6.834,5.1621,other
77105,0.4747,-0.2593,-0.8344,-6.0742,-8.9961,4.5098,other
77128,0.4427,-0.2603,-0.799,-6.541,-9.957,3.9863,other
77151,0.4376,-0.2614,-0.7756,-6.6895,-10.498,3.1641,other
77174,0.4458,-0.2644,-0.7777,-6.3828,-10.2461,2.6387,other
77197,0.4678,-0.2679,-0.7771,-5.3574,-9.0742,1.9219,other
77220,0.4767,-0.2662,-0.7772,-4.4023,-7.9004,1.2617,other
77243,0.489,-0.2676,-0.7792,-2.8086,-5.8418,0.8262,other
77266,0.4689,-0.2637,-0.7772,-1.3438,-3.7852,0.1523,other
77289,0.4567,-0.2615,-0.7772,-0.5781,-2.5703,-0.2969,other
77312,0.4597,-0.2598,-0.7772,0.1406,-1.1074,-0.916,other
77335,0.4686,-0.262,-0.7906,0.3086,-0.4102,-1.2656,other
77358,0.4749,-0.2689,-0.7915,0.1211,0.207,-1.6563,other
77381,0.4575,-0.2762,-0.7748,-0.4844,0.3594,-1.8574,other
77404,0.4448,-0.2778,-0.778,-1.0273,0.2734,-1.8613,other
77427,0.4634,-0.2738,-0.7772,-1.9297,0.0117,-1.6699,other
77450,0.4918,-0.2653,-0.7855,-2.5723,-0.1875,-1.4395,other
77473,0.486,-0.2582,-0.797,-3.6328,-0.4687,-1.0352,other
77496,0.4717,-0.2491,-0.7966,-4.8359,-0.7187,-0.6582,other
77519,0.4745,-0.248,-0.8197,-5.6797,-0.8535,-0.4492,other
77542,0.4604,-0.2542,-0.8218,-6.875,-0.998,-0.2109,other
77565,0.4619,-0.2551,-0.7943,-7.5254,-1.0508,-0.0937,other
77588,0.4751,-0.2606,-0.7827,-8.0898,-1.0527,0.0312,other
77611,0.4767,-0.2604,-0.7776,-8.1133,-0.9922,0.0937,other
77634,0.4719,-0.2633,-0.7856,-7.582,-0.9473,0.0996,other
77657,0.4718,-0.2639,-0.7869,-6.459,-0.9434,0.0625,other
77680,0.4586,-0.2603,-0.7756,-5.4844,-1.041,0.0137,other
77703,0.4473,-0.2656,-0.7776,-3.8691,-1.3965,-0.0645,other
77726,0.4541,-0.2637,-0.7789,-2.8027,-1.7559,-0.1094,other
77749,0.4662,-0.262,-0.7838,-1.4023,-2.3691,-0.1641,other
77772,0.4656,-0.2667,-0.795,-0.3984,-2.9141,-0.2305,other
77795,0.46,-0.2699,-0.83,0.0039,-3.1484,-0.2871,other
77818,0.4508,-0.2673,-0.8047,0.2422,-3.2305,-0.3965,other
77841,0.4446,-0.2593,-0.7733,0.2383,-3.1133,-0.4805,other
77864,0.4526,-0.2604,-0.7788,0.1914,-2.7383,-0.625,other
77887,0.4856,-0.2599,-0.7975,0.2617,-2.2656,-0.8008,other
77910,0.4874,-0.26,-0.8152,0.3945,-2.0625,-0.9355,other
77933,0.4346,-0.26,-0.8256,0.7012,-2.207,-1.1191,other
77956,0.3988,-0.2606,-0.8379,0.9648,-2.6816,-1.1738,other
77979,0.3956,-0.2709,-0.8162,1.4609,-4.0117,-1.0645,other
78002,0.4154,-0.2867,-0.7972,2.4004,-6.0664,-0.7676,other
78025,0.4579,-0.3031,-0.7935,2.7832,-7.7305,-0.5664,other
78048,0.4808,-0.3162,-0.8268,3.9219,-10.2734,-0.4531,other
78071,0.481,-0.3176,-0.7856,4.748,-11.7031,-0.5625,other
78094,0.4417,-0.3164,-0.776,5.9609,-12.9824,-0.959,other
78117,0.4283,-0.3145,-0.7775,6.6895,-13.0469,-1.2715,other
78140,0.4487,-0.3184,-0.7773,7.5176,-11.8164,-1.5938,other
78163,0.4838,-0.3165,-0.7841,7.7422,-9.2148,-1.5957,other
78186,0.4287,-0.3019,-0.8301,7.3789,-7.0391,-1.3926,other
78209,0.4077,-0.301,-0.8013,5.9297,-3.7031,-0.7617,other
78232,0.4071,-0.2941,-0.7739,4.4121,-1.6758,-0.1465,other
78255,0.4119,-0.2994,-0.7786,1.5918,0.7812,0.9375,other
78278,0.4319,-0.296,-0.7769,-1.4922,2.377,1.959,other
78301,0.4618,-0.2963,-0.7788,-3.5273,2.9727,2.459,other
78324,0.4609,-0.2993,-0.7961,-6.416,3.2949,2.7676,other
78347,0.4595,-0.2959,-0.811,-8.2031,3.248,2.6504,other
78370,0.4506,-0.283,-0.7917,-10.6309,2.998,2.0684,other
78393,0.4401,-0.2734,-0.7871,-12.6621,2.7227,1.209,other
78416,0.4449,-0.2709,-0.8206,-13.7324,2.5977,0.6191,other
78439,0.4529,-0.2676,-0.8297,-14.8398,2.5391,-0.1348,other
78462,0.4443,-0.2631,-0.8147,-15.2168,2.5703,-0.4961,other
78485,0.4388,-0.2666,-0.806,-15.2148,2.6699,-0.7871,other
78508,0.4473,-0.2688,-0.8094,-14.834,2.75,-0.8145,other
78531,0.4648,-0.2661,-0.7941,-13.748,2.8516,-0.6504,other
78554,0.4633,-0.2661,-0.7817,-12.1758,2.8535,-0.3477,other
78577,0.4578,-0.2656,-0.7817,-10.9512,2.7578,-0.1289,other
78600,0.4583,-0.2653,-0.781,-9.0195,2.4551,0.168,other
78623,0.4465,-0.2692,-0.781,-7.7734,2.1582,0.3242,other
78646,0.4525,-0.2687,-0.7805,-6.1191,1.623,0.4844,other
78669,0.4646,-0.2681,-0.781,-4.8477,1.0781,0.5371,other
78692,0.4634,-0.2677,-0.7767,-4.25,0.7422,0.5039,other
78715,0.4545,-0.2638,-0.778,-3.7305,0.3086,0.3633,other
78738,0.4609,-0.2635,-0.8009,-3.6172,0.082,0.2324,other
78761,0.4641,-0.2637,-0.8125,-3.7402,-0.1523,0.0137,other
78784,0.46,-0.2616,-0.7871,-4.0977,-0.2773,-0.1895,other
78807,0.4468,-0.2631,-0.7821,-4.375,-0.3086,-0.2988,other
78830,0.4624,-0.2603,-0.7778,-4.7109,-0.293,-0.4141,other
78853,0.4811,-0.267,-0.7903,-4.8242,-0.2461,-0.4648,other
78876,0.4635,-0.2682,-0.7903,-4.7812,-0.1699,-0.5312,other
78899,0.4476,-0.2625,-0.7767,-4.6211,-0.1406,-0.584,other
78922,0.4497,-0.2633,-0.7773,-4.2109,-0.1348,-0.5957,other
78945,0.453,-0.2697,-0.778,-3.6758,-0.1484,-0.5723,other
78968,0.4539,-0.2622,-0.7804,-3.3164,-0.1504,-0.5391,other
78991,0.4692,-0.2598,-0.7852,-2.875,-0.1055,-0.498,other
79014,0.4899,-0.2605,-0.8118,-2.6953,-0.0352,-0.4941,other
79037,0.4683,-0.2635,-0.8025,-2.6309,0.1172,-0.5469,other
79060,0.4481,-0.2638,-0.7734,-2.7441,0.3047,-0.6465,other
79083,0.4563,-0.2712,-0.7784,-2.8398,0.4629,-0.709,other
79106,0.4865,-0.2794,-0.777,-2.916,0.7461,-0.7715,other
79129,0.5016,-0.2794,-0.7773,-2.916,0.9316,-0.8145,other
79152,0.4734,-0.2725,-0.7772,-2.9102,1.1211,-0.916,other
79175,0.4586,-0.2654,-0.7773,-2.9941,1.1348,-1.0273,other
79198,0.4675,-0.262,-0.783,-3.1426,1.0332,-1.0781,other
79221,0.4722,-0.2601,-0.7932,-3.5488,0.7031,-1.0938,other
79244,0.4658,-0.2599,-0.787,-3.9453,0.3652,-1.0742,other
79267,0.4607,-0.26,-0.7906,-4.6582,-0.2812,-1.0195,other
79290,0.4773,-0.26,-0.8113,-5.1406,-0.9941,-0.9707,other
79313,0.4683,-0.26,-0.814,-5.748,-1.4453,-0.9668,other
79336,0.4354,-0.2601,-0.7902,-6.0645,-2.0039,-1.0098,other
79359,0.438,-0.26,-0.7758,-6.041,-2.2422,-1.0645,other
79382,0.454,-0.2629,-0.7777,-5.6035,-2.334,-1.1836,other
79405,0.4679,-0.2621,-0.7775,-5.0762,-2.2148,-1.3047,other
79428,0.4994,-0.2599,-0.7781,-4.0859,-1.8008,-1.5762,other
79451,0.5034,-0.26,-0.7771,-3.0977,-1.2188,-1.9551,other
79474,0.4678,-0.2601,-0.7773,-2.5488,-0.8203,-2.2344,other
79497,0.4746,-0.26,-0.7773,-1.9883,-0.2461,-2.5879,other
79520,0.4884,-0.2649,-0.7772,-1.8223,0.1191,-2.7246,other
79543,0.4829,-0.2635,-0.778,-1.9082,0.6211,-2.7207,other
79566,0.4613,-0.2612,-0.7772,-2.4102,1.0273,-2.4434,other
79589,0.4587,-0.2598,-0.7773,-2.957,1.2383,-2.1133,other
79612,0.4595,-0.26,-0.7772,-4.0293,1.4824,-1.4434,other
79635,0.4658,-0.2583,-0.7773,-4.877,1.6016,-0.9316,other
79658,0.5068,-0.2555,-0.7778,-6.3164,1.709,-0.1777,other
79681,0.5382,-0.2607,-0.7771,-7.873,1.6855,0.4023,other
79704,0.459,-0.2533,-0.7775,-9.0371,1.5254,0.6191,other
79727,0.4427,-0.2351,-0.835,-10.7148,1.0645,0.7285,other
79750,0.5884,-0.2253,-0.9203,-11.8359,0.7051,0.7285,other
79773,0.6161,-0.2133,-0.8131,-13.4824,0.1973,0.7285,other
79796,0.5026,-0.2288,-0.7473,-14.4297,-0.0898,0.8027,other
79819,0.4668,-0.2208,-0.6495,-15.3652,-0.2598,1.1895,other
79842,0.5859,-0.1918,-0.7706,-15.9043,0.1035,1.8066,other
79865,0.6548,-0.1038,-0.8569,-16.6563,0.4512,2.0078,other
79888,0.5323,-0.0579,-0.8569,-19.8516,0.5137,1.3594,other
79911,0.4758,-0.0509,-0.8118,-24.084,0.1738,0.1191,other
79934,0.5188,0.0033,-0.7628,-34.082,-0.4395,-2.9297,other
79957,0.4818,0.0751,-0.6511,-48.0391,-0.5664,-7.3008,other
79980,0.4854,0.1107,-0.6276,-58.9395,-0.1602,-10.9199,other
80003,0.5112,0.1636,-0.7799,-64.0,1.2852,-17.3867,other
80026,0.5024,0.1554,-0.9602,-64.0,2.7109,-22.3535,other
80049,0.4911,0.1525,-0.8606,-64.0,4.9316,-30.5371,other
80072,0.428,0.1508,-0.6929,-64.0,6.0879,-38.8125,other
80095,0.2769,0.1627,-0.5659,-64.0,5.7402,-43.7168,other
80118,0.1523,0.2289,-0.5277,-64.0,3.3047,-49.0879,other
80141,0.1791,0.3247,-0.6669,-64.0,0.5547,-50.9922,other
80164,0.3398,0.3959,-0.7865,-64.0,-5.084,-51.4941,other
80187,0.4806,0.4609,-0.8486,-64.0,-10.0117,-50.207,other
80210,0.4536,0.4762,-0.9211,-64.0,-19.5703,-48.6602,other
80233,0.318,0.4825,-0.8043,-64.0,-31.5977,-45.8711,other
80256,0.1951,0.4829,-0.7067,-64.0,-40.1348,-43.4102,other
80279,0.1774,0.4736,-0.594,-64.0,-51.3223,-38.4531,other
80302,0.3156,0.4396,-0.688,-64.0,-56.334,-34.3516,other
80325,0.4293,0.4556,-0.8425,-64.0,-59.0078,-27.6074,other
80348,0.245,0.441,-0.6332,-61.4277,-56.4141,-21.0059,other
80371,0.0962,0.4385,-0.4913,-54.4238,-52.4199,-16.9414,other
80394,0.191,0.4592,-0.6544,-44.832,-43.877,-11.4668,other
80417,0.3507,0.5282,-0.7557,-39.2422,-37.1094,-8.3398,other
80440,0.2662,0.5154,-0.7078,-32.1094,-27.1113,-4.6875,other
80463,0.1353,0.4614,-0.4696,-26.377,-19.5449,-2.4434,other
80486,0.2316,0.4706,-0.5624,-23.3379,-16.4883,-1.7539,other
80509,0.3925,0.5393,-0.9626,-19.998,-14.7754,-1.8496,other
80532,0.1641,0.5831,-0.5858,-18.5801,-14.8027,-2.5137,other
80555,0.2932,0.5442,-0.6382,-17.3945,-14.5254,-4.0898,other
80578,0.1681,0.5228,-0.6526,-17.0313,-12.5332,-6.1074,other
80601,0.1761,0.5013,-0.6375,-16.8867,-10.6953,-7.6426,other
80624,0.1008,0.5527,-0.6603,-16.9824,-6.8398,-10.0957,other
80647,0.106,0.5724,-0.6327,-17.0488,-4.6074,-11.6445,other
80670,0.1882,0.5608,-0.6201,-16.9629,-3.2793,-13.2891,other
80693,0.2683,0.5358,-0.6549,-16.6465,-3.9766,-13.5488,other
80716,0.2058,0.506,-0.6593,-15.5078,-6.168,-12.1875,other
80739,0.1492,0.4476,-0.8921,-13.3203,-6.8652,-8.7148,other
80762,0.2688,0.5353,-0.7361,-11.082,-4.9824,-5.5664,other
80785,0.2366,0.484,-0.6677,-5.6836,2.0254,-0.5078,other
80808,0.1702,0.4625,-0.665,-0.1738,8.9121,2.4902,other
80831,0.1669,0.4229,-0.6373,11.1719,20.5547,5.5254,other
80854,0.261,0.3987,-0.6556,25.2012,30.7695,5.9473,other
80877,0.2107,0.4387,-0.7081,34.9648,35.1875,4.4375,other
80900,0.1924,0.4681,-0.5397,48.2988,36.7031,-0.5879,other
80923,0.2388,0.4523,-0.567,55.3027,34.1582,-5.5547,other
80946,0.2332,0.452,-0.8031,61.459,25.7383,-14.6621,other
80969,0.2264,0.476,-0.8431,61.9688,13.5137,-24.418,other
80992,0.2235,0.4777,-0.7949,57.0918,4.4668,-30.4219,other
81015,0.1993,0.457,-0.6375,46.7773,-8.5391,-37.4551,other
81038,0.1893,0.4092,-0.5303,38.1992,-15.8457,-40.3164,other
81061,0.1715,0.3832,-0.6533,24.7188,-23.5449,-41.4941,other
81084,0.2141,0.3918,-0.9161,16.0137,-26.2168,-40.2813,other
81107,0.2054,0.5001,-0.6821,3.9043,-26.8027,-35.9844,other
81130,0.1111,0.4924,-0.6887,-6.3379,-23.998,-29.6055,other
81153,0.1312,0.4985,-0.7781,-11.6895,-20.5781,-24.7383,other
81176,0.155,0.4921,-0.7717,-17.2402,-14.0703,-17.3418,other
81199,0.1929,0.4784,-0.7582,-19.4453,-9.7266,-12.7949,other
81222,0.1642,0.4402,-0.7601,-21.2578,-4.5156,-7.2422,other
81245,0.1273,0.4404,-0.7059,-22.4297,-0.9707,-3.832,other
81268,0.1461,0.453,-0.6804,-23.3652,1.1758,-2.918,other
81291,0.1234,0.4192,-0.5558,-25.3691,5.4219,-3.4687,other
81314,0.1938,0.4883,-0.7056,-27.1484,9.3359,-4.8691,other
81337,0.1425,0.594,-0.7297,-30.3945,16.2188,-7.9434,other
81360,0.1204,0.6294,-0.6763,-33.9824,22.7031,-11.416,other
81383,0.1426,0.5817,-0.6218,-36.3477,25.9434,-13.4961,other
81406,0.1284,0.5648,-0.5605,-39.6543,28.1797,-15.6348,other
81429,0.1699,0.5544,-0.5819,-41.6348,27.6621,-16.1465,other
81452,0.1794,0.5381,-0.5701,-44.1309,24.0977,-15.3457,other
81475,0.1511,0.6008,-0.5372,-45.3652,20.4219,-13.8027,other
81498,0.1746,0.6265,-0.5813,-46.3047,14.4102,-10.2773,other
81521,0.1844,0.6265,-0.5844,-45.8301,9.5898,-5.8496,other
81544,0.1768,0.6125,-0.6124,-44.6055,7.6816,-2.7324,other
81567,0.1362,0.6046,-0.4854,-41.3945,6.6504,1.7148,other
81590,0.1431,0.6057,-0.4463,-38.4141,6.4629,4.3145,other
81613,0.1671,0.5901,-0.4983,-32.8242,5.6074,7.5918,other
81636,0.2137,0.5692,-0.5228,-25.8887,3.6758,10.4512,other
81659,0.2305,0.5653,-0.5217,-20.4277,2.0469,12.4102,other
81682,0.2563,0.5725,-0.5072,-10.8418,-0.4277,15.7422,other
81705,0.2703,0.5264,-0.614,-3.5117,-1.8223,18.2637,other
81728,0.3135,0.5131,-0.6465,8.7715,-2.5937,22.3184,other
81751,0.3271,0.5358,-0.8274,22.1777,-0.543,26.4141,other
81774,0.3376,0.493,-1.099,31.3398,2.4687,29.082,other
81797,0.3488,0.502,-0.6859,44.9941,8.6484,32.998,other
81820,0.3997,0.4021,-0.4807,54.1348,13.498,35.498,other
81843,0.5186,0.2964,-0.614,63.998,21.6719,38.8047,other
81866,0.6189,0.217,-0.7855,63.998,27.4316,41.3652,other
81889,0.5212,0.1608,-0.8002,63.998,35.1934,42.7422,other
81912,0.4448,0.1433,-0.7335,63.998,40.2598,44.7676,other
81935,0.4141,0.1505,-0.5706,63.998,41.9551,46.3613,other
81958,0.4366,0.129,-0.5538,63.998,42.9766,49.2578,other
81981,0.4779,0.0928,-0.6858,63.998,43.373,51.3281,other
82004,0.4707,0.0831,-0.783,63.998,44.0,53.957,other
82027,0.4875,0.1046,-0.7731,63.998,43.9414,55.0801,other
82050,0.5375,0.1672,-0.6962,63.998,42.9082,54.5703,other
82073,0.551,0.1853,-0.6904,54.8887,39.3477,51.5859,other
82096,0.608,0.1749,-0.804,43.625,35.6621,48.1211,other
82119,0.6385,0.1677,-0.8444,26.9785,28.4355,41.0352,other
82142,0.6467,0.1715,-0.7831,11.6719,19.7207,32.4258,other
82165,0.6289,0.1713,-0.7769,2.8066,13.5879,26.3906,other
82188,0.562,0.1581,-0.7773,-7.6641,4.7969,17.8398,other
82211,0.5159,0.1489,-0.776,-12.4375,-0.3437,13.0215,other
82234,0.4679,0.1515,-0.7216,-16.0703,-6.5039,7.8379,other
82257,0.4393,0.1396,-0.6814,-16.2168,-10.9414,5.459,other
82280,0.4548,0.1273,-0.6862,-13.5371,-12.0586,5.3203,other
82303,0.4729,0.1099,-0.7123,-8.4902,-12.6973,6.6719,other
82326,0.4971,0.0953,-0.7448,-4.5879,-12.2461,8.1211,other
82349,0.5236,0.089,-0.7388,0.916,-10.7559,10.2324,other
82372,0.545,0.0848,-0.7135,3.8418,-9.5469,11.1738,other
82395,0.5592,0.0767,-0.7346,6.6387,-7.875,11.4648,other
82418,0.574,0.0667,-0.7559,7.4355,-6.75,10.4102,other
82441,0.6191,0.0582,-0.7761,6.9961,-6.4883,9.1973,other
82464,0.6099,0.0591,-0.7662,5.3516,-7.0078,7.3047,other
82487,0.5164,0.0687,-0.6832,3.9746,-7.9004,6.5254,other
82510,0.4326,0.0753,-0.6587,2.1934,-9.4082,7.0645,other
82533,0.4423,0.047,-0.751,1.2832,-9.875,10.3828,other
82556,0.5068,0.0405,-0.7811,1.1543,-9.1758,14.0332,other
82579,0.5822,0.0404,-0.7764,1.2949,-6.9395,20.5957,other
82602,0.5911,0.0426,-0.7775,1.373,-5.1816,24.7969,other
82625,0.5582,0.0449,-0.7771,1.2363,-2.9922,29.4336,other
82648,0.5536,0.0442,-0.7775,0.9492,-1.8242,31.0547,other
82671,0.5133,0.0425,-0.7772,0.2617,-1.6523,30.3047,other
82694,0.4951,0.0507,-0.7771,-0.6699,-2.1797,26.7832,other
82717,0.5087,0.0559,-0.7773,-1.377,-2.8984,23.2285,other
82740,0.5433,0.0505,-0.7773,-2.502,-4.2441,16.8164,other
82763,0.5615,0.0516,-0.7772,-3.2773,-5.2617,12.209,other
82786,0.562,0.0491,-0.7772,-4.4609,-7.0039,5.3965,other
82809,0.5375,0.0491,-0.7771,-5.5957,-8.9219,-0.5957,other
82832,0.5074,0.0481,-0.7772,-6.2441,-10.1191,-3.7676,other
82855,0.5208,0.0529,-0.7772,-6.9316,-11.4238,-6.8926,other
82878,0.5001,0.0408,-0.7772,-7.1523,-11.8066,-7.793,other
82901,0.4905,0.0266,-0.7772,-7.1387,-11.4922,-7.4668,other
82924,0.5146,0.0178,-0.7772,-6.7832,-9.9824,-5.5273,other
82947,0.5532,0.0111,-0.7635,-6.3965,-8.1934,-3.6582,other
82970,0.5199,0.0061,-0.694,-5.6328,-3.7988,-0.4805,other
82993,0.5291,0.0173,-0.6808,-5.0273,0.6777,1.6367,other
83016,0.5936,0.025,-0.7233,-4.0898,9.6523,4.4473,other
83039,0.6285,0.0273,-0.7747,-3.416,19.9082,6.4023,other
83062,0.6099,0.0325,-0.7731,-3.3086,26.3164,7.0605,other
83085,0.6227,0.042,-0.7589,-3.7969,33.6328,7.0215,other
83108,0.6051,0.0491,-0.7781,-4.5117,36.2734,6.3828,other
83131,0.599,0.0559,-0.7758,-5.9453,36.2793,4.7676,other
83154,0.5869,0.0565,-0.7631,-6.9629,33.6816,3.4414,other
83177,0.5916,0.0533,-0.7479,-8.2402,26.5273,1.3887,other
83200,0.5839,0.0497,-0.7493,-8.8828,16.7383,-0.4785,other
83223,0.5828,0.0486,-0.7207,-8.8437,9.5469,-1.5254,other
83246,0.5642,0.0469,-0.7164,-8.0664,-1.0273,-2.7344,other
83269,0.5637,0.0381,-0.7224,-7.1426,-7.2656,-3.2891,other
83292,0.5859,0.0408,-0.7196,-5.3965,-14.5547,-3.7656,other
83315,0.5873,0.041,-0.7626,-3.5801,-18.9766,-3.877,other
83338,0.5903,0.0437,-0.7797,-2.5176,-20.416,-3.7773,other
83361,0.5935,0.037,-0.7766,-1.3281,-20.6895,-3.377,other
83384,0.5753,0.0397,-0.7599,-0.8066,-19.8398,-2.916,other
83407,0.5325,0.0414,-0.7141,-0.2422,-17.2793,-1.8418,other
83430,0.4996,0.0364,-0.7303,0.3633,-13.3691,-0.207,other
83453,0.4988,0.0309,-0.7565,0.8848,-10.1953,1.1543,other
83476,0.5378,0.032,-0.7657,1.7969,-5.1191,3.3066,other
83499,0.576,0.0269,-0.7791,2.416,-1.9453,4.5488,other
83522,0.6057,0.0189,-0.7767,3.248,1.8164,5.7148,other
83545,0.6431,0.0052,-0.7775,3.7266,3.4082,5.8535,other
83568,0.6401,-0.0175,-0.7772,4.4551,4.375,5.4727,other
83591,0.603,-0.0369,-0.7742,5.4609,4.1719,4.6699,other
83614,0.5798,-0.0612,-0.7187,6.4531,3.918,4.3574,other
83637,0.5852,-0.0619,-0.6917,8.5625,4.1367,4.7656,other
83660,0.5417,-0.046,-0.7415,10.3203,4.9492,5.7715,other
83683,0.5695,-0.0447,-0.7805,13.0137,7.2148,8.2637,other
83706,0.6294,-0.038,-0.7765,14.9551,10.1465,11.3027,other
83729,0.6229,-0.0436,-0.7788,15.4473,11.9141,13.1484,other
83752,0.5955,-0.0363,-0.7767,14.7559,13.5664,15.0469,other
83775,0.5963,-0.0359,-0.7565,13.4551,13.8125,15.5508,other
83798,0.5912,-0.0354,-0.7162,10.7227,12.8398,15.0977,other
83821,0.5819,-0.0455,-0.6757,7.75,10.3613,13.3301,other
83844,0.5664,-0.0585,-0.6193,6.0117,8.0234,11.5801,other
83867,0.5435,-0.0813,-0.5803,4.2129,3.9023,8.4219,other
83890,0.5435,-0.098,-0.5476,3.6934,1.0781,6.1602,other
83913,0.5717,-0.1067,-0.5415,3.9043,-2.6973,2.832,other
83936,0.5831,-0.1074,-0.6046,4.4961,-5.1445,-0.2031,other
83959,0.5803,-0.1011,-0.67,5.4004,-6.4922,-2.0098,other
83982,0.5623,-0.082,-0.6863,5.3379,-7.0527,-4.3945,other
84005,0.604,-0.0531,-0.7671,4.2617,-6.8477,-5.834,other
84028,0.6403,-0.0289,-0.8691,0.5664,-6.3262,-8.0312,other
84051,0.6285,-0.002,-0.9023,-3.4043,-6.4297,-9.6934,other
84074,0.6221,0.0385,-0.8569,-11.2559,-8.0176,-12.5508,other
84097,0.5875,0.0614,-0.8219,-20.1406,-11.3652,-15.5117,other
84120,0.587,0.0754,-0.8303,-25.752,-14.166,-17.2168,other
84143,0.5768,0.0858,-0.8301,-32.4941,-18.2578,-18.8809,other
84166,0.5375,0.0746,-0.8259,-35.375,-20.3926,-19.2051,other
84189,0.5378,0.0568,-0.7874,-36.8398,-22.0664,-18.4297,other
84212,0.5319,0.0497,-0.7618,-34.8164,-21.6914,-16.3711,other
84235,0.5063,0.0404,-0.7065,-31.6777,-20.4258,-14.5234,other
84258,0.509,0.0322,-0.7098,-24.8281,-17.4102,-11.4277,other
84281,0.545,0.0204,-0.7335,-19.3262,-14.9492,-9.3594,other
84304,0.5569,0.0035,-0.7817,-10.7031,-11.1035,-6.5488,other
84327,0.5667,-0.0078,-0.7755,-2.7949,-7.5645,-4.2695,other
84350,0.5684,-0.017,-0.7769,1.5684,-5.4883,-3.0039,other
84373,0.5599,-0.0184,-0.7705,6.5723,-2.6504,-1.2168,other
84396,0.5386,-0.0231,-0.7366,8.9023,-0.752,0.1172,other
84419,0.5543,-0.0353,-0.7529,11.1816,2.4531,2.6504,other
84442,0.5531,-0.0416,-0.7307,12.0781,4.9121,4.7539,other
84465,0.5513,-0.0443,-0.7198,12.7461,8.957,8.3789,other
84488,0.5702,-0.0461,-0.7311,12.7559,12.9824,12.0801,other
84511,0.5994,-0.0419,-0.7476,12.4004,15.2559,14.2305,other
84534,0.5973,-0.0397,-0.7788,11.2637,17.3809,16.4727,other
84557,0.5822,-0.0386,-0.7766,10.082,17.666,17.1348,other
84580,0.5707,-0.0365,-0.7775,7.752,16.3145,16.8613,other
84603,0.566,-0.0363,-0.7772,5.0371,13.2891,15.3516,other
84626,0.5854,-0.0381,-0.7772,3.25,10.8027,13.9004,other
84649,0.6221,-0.046,-0.7775,0.9922,7.1055,11.4453,other
84672,0.6257,-0.0516,-0.7771,-0.0488,4.9766,9.8379,other
84695,0.5973,-0.0634,-0.766,-0.6797,2.6016,7.8086,other
84718,0.5861,-0.0779,-0.7323,-0.0723,1.4434,6.5469,other
84741,0.5747,-0.0885,-0.7042,0.9688,1.3555,6.207,other
84764,0.59,-0.0951,-0.7086,3.207,2.0078,6.3594,other
84787,0.5929,-0.1044,-0.7162,4.9004,2.7305,6.7617,other
84810,0.5786,-0.1101,-0.6992,7.2852,3.8535,7.5117,other
84833,0.5692,-0.1155,-0.6763,8.5312,4.4746,8.4316,other
84856,0.5985,-0.1135,-0.6837,9.5586,4.9902,8.1562,other
84879,0.614,-0.1091,-0.7174,9.2871,4.6582,7.5762,other
84902,0.6006,-0.0991,-0.7445,8.2812,3.8105,6.6484,other
84925,0.5812,-0.0916,-0.7615,5.5586,1.7129,4.5312,other
84948,0.5717,-0.0837,-0.7157,3.0664,0.0176,2.7969,other
84971,0.5923,-0.0775,-0.7316,-1.3047,-2.4277,0.0332,bite
84994,0.5782,-0.0642,-0.7347,-5.9375,-4.2715,-2.6367,bite
85017,0.5713,-0.0491,-0.7571,-8.9512,-5.0156,-4.2676,bite
85040,0.6172,-0.0382,-0.7795,-13.1445,-5.373,-6.4395,bite
85063,0.6897,-0.0393,-0.8092,-15.6484,-5.2109,-7.7051,bite
85086,0.6423,-0.0339,-0.7959,-18.8535,-4.6777,-9.3086,bite
85109,0.5594,-0.027,-0.7738,-21.125,-3.8867,-10.3047,bite
85132,0.5977,-0.0334,-0.7782,-21.8926,-3.0742,-10.4238,bite
85155,0.7019,-0.0385,-0.7994,-21.6621,-1.3867,-9.623,bite
85178,0.7285,-0.0488,-0.8406,-20.5313,-0.123,-8.4648,bite
85201,0.6829,-0.0563,-0.7805,-17.3633,1.7422,-5.8262,bite
85224,0.7587,-0.0793,-0.7952,-14.2617,3.0312,-1.9414,bite
85247,0.7938,-0.1143,-0.8328,-8.1484,5.2637,1.4707,bite
85270,0.8243,-0.1411,-0.8462,-0.4824,7.9961,7.9297,bite
85293,0.8645,-0.1603,-0.8715,5.2871,10.0293,13.1172,bite
85316,0.8369,-0.1805,-0.8013,14.543,13.0547,22.0801,bite
85339,0.8092,-0.2271,-0.7723,20.9063,14.8926,28.7422,bite
85362,0.822,-0.2717,-0.759,30.3633,17.2637,39.5391,bite
85385,0.8041,-0.3137,-0.7316,39.1465,19.0234,50.8711,bite
85408,0.8312,-0.3597,-0.7532,44.2441,19.7129,58.4199,bite
85431,0.8431,-0.3889,-0.7114,50.2129,19.6719,63.998,bite
85454,0.7467,-0.4231,-0.6067,52.8887,18.7305,63.998,bite
85477,0.705,-0.4713,-0.5978,54.9277,16.0273,63.998,bite
85500,0.6794,-0.5176,-0.6117,54.7637,12.2637,63.998,bite
85523,0.6265,-0.549,-0.5615,53.5508,9.4414,63.998,bite
85546,0.5511,-0.5543,-0.4578,50.3867,5.1367,63.998,bite
85569,0.4801,-0.5796,-0.3992,47.627,2.5156,63.998,bite
85592,0.494,-0.5933,-0.4207,42.793,-0.5703,63.998,bite
85615,0.4205,-0.6007,-0.4604,39.0898,-2.9824,63.998,bite
85638,0.379,-0.6108,-0.4961,32.5449,-3.2031,63.998,bite
85661,0.3767,-0.5986,-0.5067,24.4941,-3.4277,63.998,bite
85684,0.3329,-0.5817,-0.5222,18.2617,-3.1035,63.998,bite
85707,0.2582,-0.5732,-0.5836,7.8906,-1.9727,63.998,bite
85730,0.2018,-0.6121,-0.6416,0.5586,-0.7422,63.998,bite
85753,0.3336,-0.6355,-0.6559,-10.5254,1.8223,63.998,bite
85776,0.3778,-0.6277,-0.6459,-20.9082,4.6875,63.998,bite
85799,0.3123,-0.6267,-0.6486,-26.9551,6.3125,63.998,bite
85822,0.2902,-0.6384,-0.6802,-34.1543,8.0352,63.998,bite
85845,0.3557,-0.6818,-0.7391,-37.5762,8.7324,63.998,bite
85868,0.4021,-0.6843,-0.6858,-40.7598,9.127,63.998,bite
85891,0.3768,-0.6719,-0.6774,-41.9863,8.6387,63.998,bite
85914,0.3105,-0.6709,-0.7234,-42.0,7.8574,60.334,bite
85937,0.2749,-0.6887,-0.7344,-41.3594,6.377,52.6445,bite
85960,0.2699,-0.6898,-0.7086,-40.793,5.4941,48.6309,other
85983,0.2772,-0.6703,-0.6738,-40.1094,4.7012,44.4785,other
86006,0.2603,-0.6508,-0.6812,-39.8867,4.4961,42.3711,other
86029,0.1798,-0.6455,-0.7266,-40.0352,4.4922,41.8691,other
86052,0.1047,-0.6307,-0.7662,-40.8926,4.5234,42.0332,other
86075,0.1499,-0.5973,-0.7832,-41.8613,4.582,42.4297,other
86098,0.2593,-0.5476,-0.7761,-43.6406,4.6719,42.7344,other
86121,0.3213,-0.5565,-0.7775,-44.709,4.6621,42.3086,other
86144,0.2222,-0.5804,-0.7251,-45.4629,4.5156,40.3457,other
86167,0.0834,-0.6312,-0.7349,-44.6582,4.4023,37.041,other
86190,0.0699,-0.6429,-0.7836,-43.2754,4.5488,34.4336,other
86213,0.2318,-0.609,-0.7754,-40.4258,5.207,30.2988,other
86236,0.397,-0.5583,-0.795,-38.3359,5.6465,27.4199,other
86259,0.1952,-0.5345,-0.7871,-35.2695,5.4492,22.918,other
86282,0.0758,-0.4989,-0.7749,-32.3711,3.9922,18.5859,other
86305,0.2064,-0.5067,-0.7609,-30.457,2.7344,16.1074,other
86328,0.3325,-0.5259,-0.7726,-27.4863,0.9863,13.2324,other
86351,0.2556,-0.5531,-0.7964,-25.3926,-0.0449,11.8711,other
86374,0.0848,-0.5638,-0.9775,-21.9727,-1.5313,10.6484,other
86397,0.2169,-0.5471,-0.7455,-17.7344,-3.1602,10.2891,other
86420,0.3354,-0.6697,-0.8065,-13.9102,-5.0254,10.3398,other
86443,-0.0609,-0.7084,-0.5964,-6.166,-10.6309,10.5195,other
86466,0.2085,-0.7065,-0.855,0.1973,-16.6055,10.543,other
86489,0.106,-0.6323,-0.8109,10.5293,-28.8516,10.1504,other
86512,0.0626,-0.6211,-0.8191,17.1309,-38.4629,8.9395,other
86535,0.0739,-0.5839,-0.8224,25.293,-52.2754,7.5449,other
86558,0.0376,-0.5087,-0.8569,30.332,-62.1484,4.7812,other
86581,0.0383,-0.4934,-0.8857,31.8008,-64.0,2.6797,other
86604,-0.2419,-0.5289,-0.9248,31.5527,-64.0,-0.4375,other
86627,-0.0343,-0.4381,-0.3818,30.1699,-60.6855,-2.3809,other
86650,0.1743,-0.7642,-1.0183,27.0176,-48.2676,-5.8418,other
86673,0.3347,-0.6488,-0.8555,22.8809,-29.9785,-11.1855,other
86696,0.2579,-0.6084,-0.6565,20.0215,-16.6563,-16.0586,other
86719,0.0911,-0.6505,-0.6305,17.0313,1.377,-24.8691,other
86742,0.1113,-0.6871,-0.5696,16.6367,10.791,-31.2207,other
86765,0.1416,-0.6945,-0.4691,18.7988,20.0625,-40.791,other
86788,0.1479,-0.705,-0.4989,23.4004,23.3984,-50.3242,other
86811,0.1693,-0.6646,-0.4904,26.791,22.584,-56.9219,other
86834,0.1356,-0.6052,-0.5214,30.3594,17.4766,-64.0,other
86857,0.1641,-0.5514,-0.582,30.5508,11.918,-64.0,other
86880,0.1976,-0.4811,-0.6327,25.9199,1.0645,-64.0,other
86903,0.2404,-0.4059,-0.671,19.0039,-7.5117,-64.0,other
86926,0.3365,-0.3572,-0.7413,2.8105,-21.8398,-64.0,other
86949,0.4478,-0.3452,-0.871,-19.3125,-36.9766,-64.0,other
86972,0.4291,-0.3408,-0.9629,-36.2695,-46.8262,-64.0,other
86995,0.368,-0.3342,-0.9182,-62.5996,-59.7344,-64.0,other
87018,0.3925,-0.359,-0.926,-64.0,-64.0,-64.0,other
87041,0.4846,-0.3817,-0.9042,-64.0,-64.0,-64.0,other
87064,0.4872,-0.3992,-0.8015,-64.0,-64.0,-64.0,other
87087,0.3699,-0.3979,-0.7373,-64.0,-59.4141,-64.0,other
87110,0.3738,-0.4266,-0.7916,-64.0,-44.3477,-64.0,other
87133,0.4296,-0.4647,-0.8743,-64.0,-31.7891,-64.0,other
87156,0.4303,-0.4382,-0.762,-64.0,-11.4512,-64.0,other
87179,0.3716,-0.371,-0.6577,-36.4746,7.7656,-64.0,other
87202,0.2233,-0.3075,-0.6976,-17.8418,18.5449,-64.0,other
87225,0.2081,-0.2661,-0.7971,7.2852,30.1602,-48.6992,other
87248,0.3591,-0.2441,-0.9221,20.4082,34.1855,-36.6621,other
87271,0.514,-0.2223,-1.1438,32.2461,33.1738,-22.168,other
87294,0.4017,-0.1508,-1.1849,34.1367,22.0156,-13.6309,other
87317,0.3008,-0.1176,-1.0951,28.1758,9.8574,-11.4336,other
87340,0.2251,-0.1094,-0.9352,14.1426,-13.3359,-12.3848,other
87363,0.3375,-0.1343,-1.0664,2.4687,-29.0957,-14.9434,other
87386,0.5505,-0.1589,-1.2675,-15.3066,-49.4844,-20.1523,other
87409,0.4955,-0.1227,-1.2847,-25.8359,-60.2266,-23.7656,other
87432,0.2333,-0.0942,-1.0117,-37.334,-64.0,-28.0059,other
87455,0.0513,-0.1232,-0.7631,-40.8867,-64.0,-29.0879,other
87478,0.1371,-0.1846,-0.8289,-37.8633,-64.0,-27.4277,other
87501,0.2659,-0.213,-0.9962,-25.9668,-64.0,-21.6191,other
87524,0.2994,-0.2,-1.1827,-14.7617,-62.7246,-16.3027,other
87547,0.2632,-0.312,-1.1267,3.2852,-46.3789,-7.9336,other
87570,0.2617,-0.2882,-0.917,19.3906,-27.7578,-0.8359,other
87593,0.2833,-0.3086,-0.8439,28.1348,-15.0723,2.6172,other
87616,0.2427,-0.3065,-0.8711,37.8945,2.9668,5.6016,other
87639,0.1812,-0.3091,-0.8749,42.0645,13.502,6.2168,other
87662,0.147,-0.3092,-0.7933,44.7441,25.8496,5.5449,other
87685,0.1631,-0.3036,-0.775,43.2676,33.3496,3.6914,other
87708,0.2452,-0.2998,-0.8362,40.6582,35.8047,2.1387,other
87731,0.3356,-0.3031,-0.9745,34.168,36.127,-0.4434,other
87754,0.3757,-0.335,-0.99,28.5313,34.166,-2.3281,other
87777,0.3357,-0.354,-0.9161,18.8301,28.209,-5.3516,other
87800,0.2937,-0.3673,-0.8297,12.2109,22.832,-7.3535,other
87823,0.3092,-0.3817,-0.8124,3.4141,14.373,-9.918,other
87846,0.3091,-0.3804,-0.7927,-2.8301,7.3672,-11.5,other
87869,0.3108,-0.3693,-0.7762,-5.3242,4.0898,-11.8555,other
87892,0.3188,-0.3506,-0.7776,-6.8359,1.3984,-11.3145,other
87915,0.3412,-0.3235,-0.786,-6.7773,0.9414,-10.3164,other
87938,0.353,-0.3073,-0.8593,-6.0312,1.752,-8.1094,other
87961,0.3453,-0.2997,-0.8862,-5.6191,3.4668,-5.3691,other
87984,0.3174,-0.2943,-0.913,-5.9922,4.627,-3.3984,other
88007,0.3079,-0.2938,-0.9362,-7.7773,5.8945,-0.3848,other
88030,0.2914,-0.2861,-0.9115,-9.6953,6.25,1.5918,other
88053,0.2787,-0.2815,-0.9017,-13.1562,5.9648,4.3887,other
88076,0.2861,-0.2759,-0.8943,-16.4844,4.7969,6.8125,other
88099,0.3002,-0.2745,-0.9268,-18.1875,3.6445,8.1016,other
88122,0.2927,-0.2721,-0.9257,-19.5,1.5449,9.3594,other
88145,0.2684,-0.2797,-0.8999,-19.3965,0.0254,9.668,other
88168,0.2584,-0.2903,-0.8813,-17.6914,-2.1328,9.3164,other
88191,0.2654,-0.2988,-0.8489,-15.5879,-3.3164,8.0762,other
88214,0.2716,-0.3057,-0.8312,-11.2871,-4.5176,6.8223,other
88237,0.2926,-0.311,-0.8499,-6.2109,-4.9785,4.4668,other
88260,0.3058,-0.3135,-0.8685,-2.8145,-4.9492,2.6738,other
88283,0.3105,-0.3066,-0.8514,1.666,-4.6348,-0.1621,other
88306,0.308,-0.3096,-0.8489,3.957,-4.3555,-2.0098,other
88329,0.2961,-0.313,-0.8309,6.0762,-3.918,-4.4668,other
88352,0.2985,-0.3131,-0.8486,6.5605,-3.4395,-6.2754,other
88375,0.3101,-0.3086,-0.8812,6.0469,-3.0762,-7.0312,other
88398,0.2947,-0.2988,-0.8889,4.2324,-2.5156,-7.4629,other
88421,0.2753,-0.2968,-0.8821,2.5156,-2.1621,-7.3184,other
88444,0.2568,-0.2968,-0.863,-0.4258,-1.6641,-6.5723,other
88467,0.2773,-0.2966,-0.8459,-3.2949,-1.1582,-5.4258,other
88490,0.2981,-0.2966,-0.86,-4.9414,-0.8027,-4.6113,other
88513,0.3251,-0.2955,-0.9076,-6.8457,-0.3047,-3.5859,other
88536,0.3232,-0.2906,-0.9036,-7.7441,-0.0937,-3.1562,other
88559,0.271,-0.2848,-0.876,-8.5937,-0.1172,-2.9727,other
88582,0.2662,-0.2809,-0.8591,-8.8457,-0.3672,-3.2422,other
88605,0.2979,-0.276,-0.8593,-8.7676,-0.9453,-3.582,other
88628,0.3384,-0.2799,-0.8734,-8.207,-1.543,-4.2422,other
88651,0.3448,-0.2876,-0.8959,-7.6406,-1.8652,-4.7441,other
88674,0.3176,-0.2864,-0.8844,-6.6484,-2.1973,-5.502,other
88697,0.2974,-0.2854,-0.8687,-5.9648,-2.3086,-5.9219,other
88720,0.2793,-0.2811,-0.8262,-4.9727,-2.3184,-6.2617,other
88743,0.2896,-0.2833,-0.8226,-4.0742,-2.1289,-6.1328,other
88766,0.3152,-0.2853,-0.8682,-3.5801,-1.877,-5.7891,other
88789,0.3315,-0.2816,-0.9176,-3.1387,-1.3496,-5.0059,other
88812,0.3221,-0.2786,-0.9323,-3.123,-0.9668,-4.3887,other
88835,0.2994,-0.2699,-0.8969,-3.5254,-0.4785,-3.4414,other
88858,0.2742,-0.2717,-0.8615,-4.1855,-0.2012,-2.5391,other
88881,0.274,-0.2794,-0.8463,-4.5566,-0.1309,-1.9902,other
88904,0.2888,-0.2855,-0.8414,-4.7559,-0.1211,-1.293,other
88927,0.3157,-0.2957,-0.8655,-4.5937,-0.1152,-0.9551,other
88950,0.3254,-0.2922,-0.8816,-4.0059,-0.0527,-0.7227,other
88973,0.3242,-0.2855,-0.8967,-3.502,0.0156,-0.8477,other
88996,0.3035,-0.2816,-0.8817,-2.7773,0.0781,-1.0977,other
89019,0.2787,-0.2792,-0.8651,-2.2227,-0.0195,-1.5996,other
89042,0.2804,-0.2816,-0.8365,-1.9609,-0.1895,-1.9453,other
89065,0.2881,-0.2849,-0.8381,-1.6973,-0.5195,-2.3926,other
89088,0.2976,-0.288,-0.875,-1.6035,-0.709,-2.6289,other
89111,0.3264,-0.2827,-0.9015,-1.6367,-0.8398,-2.918,other
89134,0.3263,-0.278,-0.8867,-1.959,-0.8125,-3.1855,other
89157,0.2972,-0.2744,-0.8605,-2.3203,-0.7715,-3.3652,other
89180,0.2859,-0.2778,-0.8495,-2.9668,-0.7539,-3.6172,other
89203,0.303,-0.2799,-0.8525,-3.3867,-0.7637,-3.748,other
89226,0.3263,-0.2825,-0.8657,-3.9023,-0.7734,-3.8926,other
89249,0.3248,-0.2797,-0.884,-4.2734,-0.7363,-4.0117,other
89272,0.3376,-0.2742,-0.9026,-4.4687,-0.6816,-4.0898,other
89295,0.3199,-0.2697,-0.9008,-4.7285,-0.6172,-4.1973,other
89318,0.2874,-0.2622,-0.8563,-4.8691,-0.6445,-4.2305,other
89341,0.2955,-0.2683,-0.8529,-4.9512,-0.8223,-4.1621,other
89364,0.3242,-0.2712,-0.8638,-4.8711,-1.127,-3.9434,other
89387,0.3226,-0.2761,-0.8708,-4.5352,-1.3613,-3.7461,other
89410,0.3254,-0.2743,-0.8816,-4.0059,-1.6973,-3.4316,other
89433,0.3208,-0.2821,-0.8956,-3.6094,-1.8828,-3.2305,other
89456,0.3102,-0.2814,-0.8733,-3.0293,-2.1035,-2.9531,other
89479,0.2932,-0.28,-0.8468,-2.6719,-2.2383,-2.7676,other
89502,0.2786,-0.2789,-0.8356,-2.1719,-2.4414,-2.457,other
89525,0.2977,-0.2816,-0.8521,-1.7402,-2.5898,-2.0781,other
89548,0.3231,-0.2793,-0.8805,-1.5449,-2.623,-1.8047,other
89571,0.3361,-0.2778,-0.9072,-1.5195,-2.5664,-1.4199,other
89594,0.3135,-0.2745,-0.9027,-1.7246,-2.4941,-1.2051,other
89617,0.2924,-0.2721,-0.8781,-2.3164,-2.4023,-0.9375,other
89640,0.2783,-0.2764,-0.8556,-3.0273,-2.3672,-0.6816,other
89663,0.2808,-0.2872,-0.8473,-3.4141,-2.3594,-0.4961,other
89686,0.307,-0.2893,-0.8496,-3.7129,-2.3086,-0.2051,other
89709,0.3102,-0.2822,-0.86,-3.7187,-2.2227,-0.0332,other
89732,0.3083,-0.2751,-0.8809,-3.5605,-2.0117,0.1504,other
89755,0.3219,-0.2677,-0.8982,-3.4121,-1.7813,0.2266,other
89778,0.3085,-0.2656,-0.8966,-3.4102,-1.6973,0.2246,other
89801,0.2845,-0.2679,-0.8835,-3.5742,-1.7656,0.1855,other
89824,0.2739,-0.2719,-0.8694,-3.7344,-1.916,0.168,other
89847,0.2853,-0.2751,-0.8641,-3.8984,-2.1543,0.1895,other
89870,0.3131,-0.2802,-0.889,-3.8867,-2.2461,0.2207,other
89893,0.3218,-0.2861,-0.9087,-3.6562,-2.2461,0.2227,other
89916,0.319,-0.291,-0.8954,-3.1934,-2.1699,0.0937,other
89939,0.2844,-0.2971,-0.8472,-2.7617,-2.1543,-0.0605,other
89962,0.2567,-0.2969,-0.8008,-1.8984,-2.2012,-0.3164,other
89985,0.2814,-0.2969,-0.8157,-1.1934,-2.2324,-0.4453,other
90008,0.3141,-0.2931,-0.8436,-0.0957,-2.1895,-0.5254,other
90031,0.3265,-0.2875,-0.8926,0.7012,-1.9961,-0.4941,other
90054,0.326,-0.2798,-0.9133,0.8633,-1.7988,-0.4336,other
90077,0.3114,-0.2737,-0.9054,0.4102,-1.4824,-0.2793,other
90100,0.277,-0.2754,-0.8795,-0.2988,-1.3145,-0.1211,other
90123,0.2552,-0.2815,-0.8534,-1.6719,-1.1504,0.2227,other
90146,0.2797,-0.2919,-0.8596,-2.9687,-1.0195,0.6621,other
90169,0.3013,-0.3003,-0.8788,-3.6113,-0.9102,0.9316,other
90192,0.3069,-0.3013,-0.8898,-4.1328,-0.7422,1.1602,other
90215,0.3035,-0.2981,-0.8752,-4.1953,-0.6738,1.1328,other
90238,0.2935,-0.2953,-0.8529,-3.9219,-0.7168,0.8066,other
90261,0.3002,-0.2943,-0.8524,-3.5469,-0.8535,0.2148,other
90284,0.3064,-0.2961,-0.8551,-2.8184,-1.1953,-0.2559,other
90307,0.292,-0.2932,-0.8558,-2.0918,-1.6406,-0.9629,other
90330,0.285,-0.2905,-0.869,-1.7285,-1.9336,-1.3652,other
90353,0.3027,-0.2911,-0.8918,-1.5117,-2.2793,-1.7793,other
90376,0.3031,-0.2886,-0.8896,-1.6328,-2.4316,-1.9082,other
90399,0.2712,-0.2834,-0.8711,-2.1895,-2.5723,-1.8906,other
90422,0.2703,-0.2875,-0.8651,-3.0352,-2.584,-1.6445,other
90445,0.3051,-0.2919,-0.8787,-3.6406,-2.4883,-1.4023,other
90468,0.3098,-0.2905,-0.8823,-4.4609,-2.207,-1.041,other
90491,0.2948,-0.2893,-0.8894,-4.8887,-1.9648,-0.8652,other
90514,0.2952,-0.2861,-0.8621,-5.2949,-1.5957,-0.748,other
90537,0.2871,-0.2866,-0.856,-5.3887,-1.2891,-0.7949,other
90560,0.2855,-0.2865,-0.8605,-5.2852,-1.1387,-0.8945,other
90583,0.302,-0.2859,-0.8717,-4.9648,-0.9805,-1.0996,other
90606,0.3112,-0.2833,-0.8901,-4.7129,-0.9063,-1.252,other
90629,0.3052,-0.2845,-0.8822,-4.3984,-0.8398,-1.4824,other
90652,0.3135,-0.2878,-0.8815,-4.2715,-0.8242,-1.6738,other
90675,0.2943,-0.2859,-0.8636,-4.207,-0.8398,-1.7559,other
90698,0.2645,-0.2819,-0.8529,-4.2324,-0.8926,-1.7695,other
90721,0.287,-0.2811,-0.8685,-4.2715,-0.9082,-1.6816,other
90744,0.3193,-0.2809,-0.8975,-4.3633,-0.8672,-1.4375,other
90767,0.3132,-0.2798,-0.9092,-4.4551,-0.8223,-1.2539,other
90790,0.3046,-0.2802,-0.8879,-4.6309,-0.7988,-1.0293,other
90813,0.2863,-0.2832,-0.8667,-4.7422,-0.8633,-0.9023,other
90836,0.2708,-0.2902,-0.8383,-4.6973,-0.9375,-0.8633,other
90859,0.2822,-0.2925,-0.8406,-4.377,-1.0234,-0.8418,other
90882,0.3103,-0.287,-0.859,-4.0215,-1.0254,-0.8438,other
90905,0.3325,-0.2842,-0.8953,-3.4395,-0.9453,-0.8906,other
90928,0.317,-0.2787,-0.8997,-3.0645,-0.873,-0.998,other
90951,0.2931,-0.2651,-0.8815,-3.0273,-0.9023,-1.082,other
90974,0.2885,-0.2622,-0.8783,-3.2832,-1.1172,-1.1523,other
90997,0.2915,-0.2765,-0.8993,-3.584,-1.375,-1.1328,other
91020,0.2849,-0.2776,-0.8909,-4.0469,-1.8711,-1.002,other
91043,0.2946,-0.2855,-0.8708,-4.2598,-2.3613,-0.791,other
91066,0.3036,-0.29,-0.8706,-4.2812,-2.6074,-0.6406,other
91089,0.3003,-0.2896,-0.86,-3.875,-2.8145,-0.4492,other
91112,0.2977,-0.2954,-0.8617,-3.3926,-2.8516,-0.3574,other
91135,0.2896,-0.2997,-0.8368,-2.4785,-2.8008,-0.2578,other
91158,0.2668,-0.3037,-0.8264,-1.8438,-2.709,-0.1992,other
91181,0.2639,-0.2976,-0.8436,-1.0547,-2.4277,-0.082,other
91204,0.297,-0.2838,-0.8809,-0.75,-1.9141,0.0859,other
91227,0.3109,-0.27,-0.9091,-0.957,-1.4746,0.1992,other
91250,0.3076,-0.2637,-0.9259,-1.9648,-0.8203,0.3125,other
91273,0.2977,-0.2615,-0.9071,-3.0371,-0.4746,0.3301,other
91296,0.2898,-0.2743,-0.8822,-4.9082,-0.1758,0.2695,other
91319,0.2914,-0.2844,-0.8722,-6.5586,-0.1133,0.1211,other
91342,0.3051,-0.2896,-0.8689,-7.2754,-0.1543,-0.0176,other
91365,0.3087,-0.2891,-0.8718,-7.5723,-0.2988,-0.2773,other
91388,0.2935,-0.2853,-0.8633,-7.2559,-0.4512,-0.4746,other
91411,0.2865,-0.2867,-0.8729,-6.1914,-0.7793,-0.7598,other
91434,0.2756,-0.2876,-0.8613,-4.7461,-1.2207,-0.9648,other
91457,0.255,-0.291,-0.8518,-3.7676,-1.5469,-1.0332,other
91480,0.2639,-0.2904,-0.849,-2.5391,-1.9551,-1.0254,other
91503,0.3005,-0.2831,-0.8839,-2.0098,-2.1035,-0.9707,other
91526,0.3239,-0.275,-0.9072,-1.8203,-2.1211,-0.9004,other
91549,0.3164,-0.266,-0.8983,-2.1328,-2.0527,-0.8984,other
91572,0.29,-0.2633,-0.8772,-3.1621,-1.959,-0.9727,other
91595,0.2734,-0.2642,-0.8601,-4.5449,-1.9277,-1.0586,other
91618,0.2985,-0.2683,-0.8853,-5.4512,-1.918,-1.084,other
91641,0.3171,-0.2706,-0.9037,-6.5449,-1.8711,-1.0664,other
91664,0.3081,-0.2706,-0.8945,-7.0098,-1.8125,-1.0391,other
91687,0.2845,-0.2726,-0.877,-7.2363,-1.6699,-1.0,other
91710,0.2627,-0.2738,-0.8665,-6.8789,-1.457,-0.9453,other
91733,0.2671,-0.2784,-0.8678,-6.3457,-1.2773,-0.8848,other
91756,0.3046,-0.2789,-0.8685,-5.2441,-0.9727,-0.7754,other
91779,0.3118,-0.2836,-0.8658,-4.4141,-0.7812,-0.7285,other
91802,0.3004,-0.2841,-0.8719,-3.2207,-0.5547,-0.752,other
91825,0.2993,-0.2765,-0.8826,-2.2969,-0.3828,-0.8926,other
91848,0.3018,-0.27,-0.9086,-1.916,-0.2852,-1.0254,other
91871,0.2991,-0.269,-0.9004,-1.7324,-0.207,-1.2344,other
91894,0.2849,-0.2753,-0.8774,-1.8203,-0.2285,-1.3457,other
91917,0.2821,-0.2788,-0.8394,-2.0879,-0.3672,-1.4238,other
91940,0.2828,-0.2891,-0.8378,-2.2461,-0.4922,-1.3691,other
91963,0.3041,-0.2881,-0.8506,-2.3496,-0.6484,-1.2734,other
91986,0.3203,-0.2834,-0.8896,-2.3477,-0.6973,-1.0918,other
92009,0.316,-0.2749,-0.9065,-2.3809,-0.6797,-0.9766,other
92032,0.2888,-0.2672,-0.8815,-2.5937,-0.6387,-0.832,other
92055,0.2722,-0.2667,-0.8623,-2.8496,-0.623,-0.7383,other
92078,0.2994,-0.2762,-0.8718,-3.3105,-0.5957,-0.5781,other
92101,0.3126,-0.2811,-0.8784,-3.7363,-0.5312,-0.4219,other
92124,0.3147,-0.285,-0.8873,-3.9531,-0.4629,-0.3496,other
92147,0.3016,-0.2827,-0.8752,-4.1465,-0.3516,-0.3145,other
92170,0.2815,-0.2787,-0.8615,-4.1777,-0.2949,-0.332,other
92193,0.2792,-0.2756,-0.8591,-4.0859,-0.2617,-0.377,other
92216,0.298,-0.2758,-0.8672,-3.8789,-0.3066,-0.418,other
92239,0.3188,-0.2745,-0.8823,-3.7324,-0.3809,-0.4453,other
92262,0.3207,-0.2754,-0.9004,-3.5918,-0.5508,-0.5176,other
92285,0.3049,-0.2709,-0.8929,-3.5879,-0.6992,-0.5879,other
92308,0.2898,-0.2727,-0.8838,-3.6953,-0.9688,-0.6953,other
92331,0.2715,-0.2747,-0.8693,-3.791,-1.2539,-0.7539,other
92354,0.2678,-0.2787,-0.8588,-3.8516,-1.4121,-0.748,other
92377,0.2893,-0.2819,-0.8632,-3.7285,-1.5313,-0.6836,other
92400,0.3191,-0.2814,-0.8839,-3.5488,-1.5176,-0.6348,other
92423,0.3224,-0.2759,-0.8752,-3.2129,-1.4023,-0.6309,other
92446,0.3079,-0.2749,-0.8718,-2.9961,-1.3008,-0.6953,other
92469,0.2949,-0.276,-0.8735,-2.7441,-1.1523,-0.8809,other
92492,0.3002,-0.2773,-0.8782,-2.6074,-1.0156,-1.0977,other
92515,0.2971,-0.2792,-0.8765,-2.584,-0.9277,-1.2207,other
92538,0.2997,-0.2805,-0.8776,-2.6289,-0.7852,-1.3398,other
92561,0.3147,-0.2815,-0.8817,-2.6914,-0.6836,-1.3711,other
92584,0.3042,-0.28,-0.8788,-2.791,-0.5371,-1.3594,other
92607,0.2936,-0.2754,-0.8752,-2.8496,-0.416,-1.293,other
92630,0.2969,-0.2772,-0.8624,-2.8379,-0.3301,-1.2207,other
92653,0.3118,-0.2814,-0.876,-2.7187,-0.1797,-1.082,other
92676,0.3173,-0.2843,-0.8823,-2.5801,-0.0762,-0.9902,other
92699,0.3079,-0.2876,-0.8744,-2.3203,0.0332,-0.8828,other
92722,0.2972,-0.2889,-0.8661,-2.1367,0.0566,-0.8164,other
92745,0.2954,-0.2919,-0.8662,-1.8711,0.0195,-0.7852,other
92768,0.2971,-0.2917,-0.8468,-1.6543,-0.1094,-0.7402,other
92791,0.2898,-0.2887,-0.8416,-1.5566,-0.2363,-0.7129,other
92814,0.2925,-0.2817,-0.8584,-1.5391,-0.4395,-0.6758,other
92837,0.323,-0.2762,-0.8906,-1.6602,-0.5469,-0.666,other
92860,0.3289,-0.2712,-0.8981,-2.123,-0.6543,-0.707,other
92883,0.3124,-0.271,-0.894,-2.918,-0.75,-0.8398,other
92906,0.3077,-0.2786,-0.8904,-3.5625,-0.8125,-0.9609,other
92929,0.3074,-0.2811,-0.8685,-4.4941,-0.8887,-1.1406,other
92952,0.291,-0.2858,-0.8607,-4.9609,-0.9219,-1.2285,other
92975,0.293,-0.2861,-0.8717,-5.2793,-0.9297,-1.2773,other
92998,0.3171,-0.2815,-0.8831,-5.1055,-0.8906,-1.2246,other
93021,0.3123,-0.2794,-0.8777,-4.7676,-0.875,-1.1563,other
93044,0.301,-0.2841,-0.8635,-4.041,-0.9277,-1.0391,other
93067,0.3021,-0.2875,-0.8497,-3.4785,-1.0117,-0.9609,other
93090,0.3014,-0.2902,-0.8451,-2.6328,-1.1855,-0.8477,other
93113,0.3005,-0.2928,-0.8566,-1.9336,-1.3496,-0.7422,other
93136,0.3041,-0.2872,-0.8749,-1.6426,-1.418,-0.6719,other
93159,0.309,-0.2778,-0.8872,-1.5996,-1.4355,-0.5547,other
93182,0.3141,-0.2716,-0.889,-1.8672,-1.4199,-0.4668,other
93205,0.312,-0.2729,-0.8802,-2.666,-1.4258,-0.3164,other
93228,0.3138,-0.2777,-0.8752,-3.3691,-1.4766,-0.207,other
93251,0.3094,-0.2798,-0.8781,-4.459,-1.6113,-0.0332,other
93274,0.3038,-0.2798,-0.8834,-5.3398,-1.7676,0.1504,other
93297,0.2889,-0.2847,-0.886,-5.709,-1.8574,0.2773,other
93320,0.2866,-0.2877,-0.884,-5.8672,-1.9492,0.4805,other
93343,0.287,-0.2819,-0.8584,-5.709,-1.9883,0.625,other
93366,0.2809,-0.2793,-0.8289,-5.1367,-2.0332,0.8281,other
93389,0.2985,-0.2797,-0.843,-4.3008,-2.041,0.9805,other
93412,0.3235,-0.2858,-0.8796,-3.7187,-1.9961,1.0195,other
93435,0.314,-0.2845,-0.8906,-3.043,-1.8398,0.9473,other
93458,0.308,-0.28,-0.8815,-2.8301,-1.6797,0.8145,other
93481,0.2947,-0.2792,-0.8568,-2.9297,-1.3965,0.541,other
93504,0.2859,-0.2737,-0.8513,-3.4551,-1.1133,0.2676,other
93527,0.2936,-0.2692,-0.8745,-3.9707,-0.9434,0.123,other
93550,0.3076,-0.2693,-0.8966,-4.8789,-0.7266,-0.0371,other
93573,0.3204,-0.2694,-0.901,-5.5176,-0.6133,-0.1348,other
93596,0.3025,-0.2723,-0.8899,-6.3965,-0.5137,-0.3262,other
93619,0.2816,-0.2765,-0.8728,-6.8418,-0.4961,-0.5859,other
93642,0.3015,-0.2754,-0.8704,-7.166,-0.498,-0.7852,other
93665,0.3076,-0.2758,-0.8624,-7.0117,-0.5156,-1.1055,other
93688,0.3002,-0.2745,-0.8621,-6.6719,-0.5664,-1.332,other
93711,0.2983,-0.2742,-0.8761,-5.9395,-0.7187,-1.668,other
93734,0.2915,-0.2698,-0.8713,-5.4102,-0.8789,-1.875,other
93757,0.2922,-0.2712,-0.8813,-4.7305,-1.1895,-2.1484,other
93780,0.3019,-0.2655,-0.8781,-4.334,-1.5391,-2.377,other
93803,0.3005,-0.2594,-0.8785,-4.2637,-1.7734,-2.5137,other
93826,0.3087,-0.2601,-0.88,-4.4258,-2.0977,-2.7109,other
93849,0.3237,-0.2599,-0.8767,-4.666,-2.2852,-2.8418,other
93872,0.3177,-0.26,-0.8859,-5.1113,-2.5195,-3.0449,other
93895,0.3037,-0.26,-0.8743,-5.5078,-2.6934,-3.2383,other
93918,0.2767,-0.26,-0.8608,-5.6699,-2.7559,-3.3398,other
93941,0.282,-0.26,-0.8741,-5.6836,-2.6992,-3.4062,other
93964,0.3176,-0.26,-0.897,-5.5469,-2.5312,-3.3867,other
93987,0.3231,-0.2616,-0.9103,-5.1914,-2.1074,-3.2988,other
94010,0.3066,-0.264,-0.8826,-4.8965,-1.5957,-3.1797,other
94033,0.2935,-0.2673,-0.8594,-4.3867,-1.2754,-3.0781,other
94056,0.2891,-0.2693,-0.8447,-3.7852,-0.8906,-2.875,other
94079,0.2957,-0.267,-0.8553,-3.3437,-0.7227,-2.6973,other
94102,0.3116,-0.2637,-0.8643,-2.7187,-0.6211,-2.3887,other
94125,0.3234,-0.2595,-0.881,-2.4141,-0.6543,-2.1758,other
94148,0.309,-0.2601,-0.8821,-2.2578,-0.8398,-1.873,other
94171,0.296,-0.2601,-0.8917,-2.5352,-1.123,-1.5742,other
94194,0.2904,-0.2599,-0.8724,-2.9414,-1.3145,-1.3555,other
94217,0.2893,-0.26,-0.8635,-3.7559,-1.5527,-0.9766,other
94240,0.2997,-0.2599,-0.8831,-4.3457,-1.6621,-0.7031,other
94263,0.3135,-0.2548,-0.9043,-5.1855,-1.748,-0.3027,other
94286,0.3275,-0.2557,-0.9152,-5.873,-1.8008,0.0039,other
94309,0.313,-0.2573,-0.902,-6.1875,-1.8594,0.125,other
94332,0.2511,-0.2574,-0.8733,-6.3145,-2.0078,0.1738,other
94355,0.2777,-0.2615,-0.8617,-6.0937,-2.1152,0.1523,other
94378,0.2985,-0.2704,-0.8579,-5.252,-2.2129,0.0898,other
94401,0.3125,-0.2756,-0.8533,-3.8945,-2.1777,0.0254,other
94424,0.3092,-0.2765,-0.8555,-2.8613,-2.082,-0.0117,other
94447,0.3022,-0.2725,-0.865,-1.3652,-1.8457,-0.0371,other
94470,0.2908,-0.2664,-0.8677,-0.5801,-1.6484,-0.0098,other
94493,0.2802,-0.2616,-0.8821,0.0703,-1.3477,0.1309,other
94516,0.2871,-0.26,-0.892,0.0937,-1.168,0.2949,other
94539,0.3062,-0.26,-0.8949,-0.4707,-0.9668,0.6074,other
94562,0.3036,-0.26,-0.892,-1.5566,-0.877,0.9102,other
94585,0.2882,-0.2601,-0.8861,-2.4004,-0.8809,1.0566,other
94608,0.3011,-0.2617,-0.8942,-3.5664,-0.9316,1.1563,other
94631,0.3035,-0.2657,-0.8761,-4.1387,-0.9863,1.1328,other
94654,0.2878,-0.2689,-0.8588,-4.5293,-1.1074,0.9688,other
94677,0.2795,-0.2717,-0.8525,-4.3008,-1.2617,0.6914,other
94700,0.2979,-0.2729,-0.8655,-3.8574,-1.3496,0.4687,other
94723,0.3013,-0.2733,-0.8832,-2.959,-1.4297,0.1074,other
94746,0.2947,-0.265,-0.8911,-2.3555,-1.4316,-0.1387,other
94769,0.3115,-0.2695,-0.8868,-1.6484,-1.3457,-0.4902,other
94792,0.3003,-0.2742,-0.868,-1.3008,-1.1953,-0.7852,other
94815,0.2826,-0.2732,-0.8461,-1.2617,-1.082,-0.9297,other
94838,0.292,-0.2737,-0.8599,-1.4121,-0.877,-1.043,other
94861,0.3138,-0.2701,-0.8889,-1.6211,-0.7187,-1.0586,other
94884,0.3103,-0.2659,-0.8868,-2.0762,-0.5,-1.0371,other
94907,0.3094,-0.2644,-0.8828,-2.4551,-0.3965,-1.0156,other
94930,0.3042,-0.2668,-0.8756,-3.0703,-0.3398,-0.9883,other
94953,0.2916,-0.2731,-0.8726,-3.625,-0.3984,-0.9609,other
94976,0.276,-0.2706,-0.8497,-3.9102,-0.4805,-0.9258,other
94999,0.2917,-0.2692,-0.8569,-4.1699,-0.6055,-0.8281,other
95022,0.317,-0.2683,-0.886,-4.2578,-0.6641,-0.7383,other
95045,0.3099,-0.2623,-0.8994,-4.3516,-0.7227,-0.6113,other
95068,0.2987,-0.2595,-0.8871,-4.5137,-0.7734,-0.5254,other
95091,0.2899,-0.2631,-0.868,-4.6699,-0.8066,-0.4883,other
95114,0.2994,-0.2648,-0.8597,-4.9141,-0.8379,-0.4609,other
95137,0.3177,-0.267,-0.8745,-5.041,-0.8262,-0.4629,other
95160,0.3101,-0.2654,-0.885,-5.1445,-0.7539,-0.502,other
95183,0.3059,-0.266,-0.8822,-5.1719,-0.6309,-0.5742,other
95206,0.2985,-0.2632,-0.8732,-5.166,-0.541,-0.6191,other
95229,0.3015,-0.2634,-0.8633,-5.1445,-0.4355,-0.6445,other
95252,0.2975,-0.265,-0.855,-5.127,-0.4141,-0.6211,other
95275,0.2911,-0.2598,-0.8542,-5.1211,-0.459,-0.5215,other
95298,0.2958,-0.2598,-0.8772,-5.1582,-0.5098,-0.3672,other
95321,0.3087,-0.2598,-0.8943,-5.3437,-0.5586,-0.2578,other
95344,0.3137,-0.2571,-0.8938,-5.748,-0.5508,-0.1387,other
95367,0.3091,-0.2555,-0.8883,-6.125,-0.5117,-0.1094,other
95390,0.3031,-0.2598,-0.8867,-6.748,-0.4062,-0.1504,other
95413,0.3005,-0.2542,-0.881,-7.1191,-0.3105,-0.2266,other
95436,0.3005,-0.2593,-0.8849,-7.4746,-0.1465,-0.3945,other
95459,0.3092,-0.2546,-0.8878,-7.4883,0.0039,-0.6094,other
95482,0.3074,-0.2585,-0.8827,-7.2793,0.0723,-0.7832,other
95505,0.3093,-0.26,-0.8634,-6.6582,0.1035,-1.0938,other
95528,0.3007,-0.2604,-0.855,-6.0645,0.0762,-1.3301,other
95551,0.3029,-0.2615,-0.864,-5.002,0.0039,-1.7031,other
95574,0.3054,-0.2596,-0.8573,-3.918,-0.0508,-2.0664,other
95597,0.3027,-0.2601,-0.8586,-3.3008,-0.0605,-2.2812,other
95620,0.3137,-0.2574,-0.8695,-2.6914,-0.0332,-2.5449,other
95643,0.3168,-0.2566,-0.8781,-2.5684,-0.0078,-2.6816,other
95666,0.3131,-0.2421,-0.8759,-2.8574,-0.0215,-2.834,other
95689,0.3228,-0.241,-0.8821,-3.3379,-0.1348,-2.9238,other
95712,0.3344,-0.244,-0.9043,-4.3652,-0.2637,-2.957,other
95735,0.317,-0.2426,-0.8831,-5.543,-0.5234,-2.9805,other
95758,0.2987,-0.2421,-0.8665,-6.2676,-0.7129,-2.9727,other
95781,0.3132,-0.2489,-0.8711,-7.0684,-0.9395,-2.9043,other
95804,0.3328,-0.2509,-0.8777,-7.3418,-1.0156,-2.8184,other
95827,0.327,-0.2493,-0.8667,-7.3477,-1.0273,-2.6484,other
95850,0.3184,-0.2399,-0.8563,-6.9648,-0.9492,-2.4395,other
95873,0.3204,-0.2419,-0.8779,-6.5801,-0.8652,-2.2754,other
95896,0.318,-0.2422,-0.8949,-5.9727,-0.7383,-1.9863,other
95919,0.3064,-0.2291,-0.8811,-5.6348,-0.6816,-1.7695,other
95942,0.3074,-0.2334,-0.8882,-5.3105,-0.6582,-1.418,other
95965,0.311,-0.2374,-0.8958,-5.1914,-0.707,-1.0664,other
95988,0.3113,-0.2356,-0.8783,-5.1797,-0.7773,-0.8633,other
96011,0.3149,-0.2358,-0.866,-5.1602,-0.9199,-0.6504,other
96034,0.3221,-0.2451,-0.8735,-5.082,-1.0215,-0.5859,other
96057,0.3252,-0.2418,-0.8795,-4.8145,-1.1523,-0.623,other
96080,0.3177,-0.2339,-0.8658,-4.0391,-1.2441,-0.793,other
96103,0.3055,-0.2401,-0.875,-4.0293,-1.2813,-0.9473,other
96126,0.2999,-0.2419,-0.8805,-3.4824,-1.2813,-1.1738,other
96149,0.3223,-0.2416,-0.8785,-3.1504,-1.2344,-1.2891,other
96172,0.321,-0.2416,-0.8616,-2.7559,-1.123,-1.3887,other
96195,0.3129,-0.2418,-0.8705,-2.5781,-1.0449,-1.4043,other
96218,0.3207,-0.2356,-0.8724,-2.4609,-0.9531,-1.3516,other
96241,0.3296,-0.2404,-0.8771,-2.5352,-0.9121,-1.2207,other
96264,0.3137,-0.2402,-0.8816,-2.6816,-0.9238,-1.1074,other
96287,0.3053,-0.2339,-0.873,-3.0,-0.9766,-0.9082,other
96310,0.3112,-0.2375,-0.8798,-3.2441,-1.0215,-0.7617,other
96333,0.3156,-0.2428,-0.8811,-3.5859,-1.0918,-0.5312,other
96356,0.3138,-0.2434,-0.8719,-3.832,-1.1582,-0.3223,other
96379,0.3073,-0.2402,-0.8588,-3.9102,-1.1973,-0.2109,other
96402,0.319,-0.2346,-0.868,-3.8809,-1.2207,-0.0957,other
96425,0.3269,-0.2386,-0.8914,-3.7832,-1.2168,-0.0645,other
96448,0.3192,-0.2405,-0.8905,-3.5879,-1.1953,-0.0879,other
96471,0.3079,-0.2437,-0.8652,-3.3887,-1.1738,-0.1738,other
96494,0.3079,-0.2465,-0.8617,-3.2578,-1.1582,-0.2363,other
96517,0.3143,-0.2444,-0.87,-3.0664,-1.1406,-0.3125,other
96540,0.3114,-0.24,-0.8848,-2.9551,-1.1387,-0.3437,other
96563,0.3182,-0.2357,-0.8846,-2.8496,-1.1738,-0.3672,other
96586,0.316,-0.2369,-0.8822,-2.834,-1.2246,-0.3789,other
96609,0.3153,-0.2401,-0.8754,-2.8672,-1.3379,-0.3965,other
96632,0.3132,-0.2479,-0.8708,-2.9062,-1.4492,-0.4199,other
96655,0.321,-0.2566,-0.8618,-2.9004,-1.498,-0.4355,other
96678,0.326,-0.2544,-0.8511,-2.8262,-1.5215,-0.4551,other
96701,0.301,-0.2408,-0.8524,-2.7441,-1.5156,-0.4609,other
96724,0.301,-0.2417,-0.8928,-2.6445,-1.4883,-0.4355,other
96747,0.3188,-0.2366,-0.906,-2.709,-1.4531,-0.3555,other
96770,0.3049,-0.2375,-0.8936,-2.8926,-1.4395,-0.2812,other
96793,0.3026,-0.2393,-0.873,-3.3301,-1.4199,-0.1719,other
96816,0.3263,-0.2433,-0.8751,-3.6562,-1.3848,-0.1172,other
96839,0.3304,-0.2493,-0.874,-4.0566,-1.3047,-0.1074,other
96862,0.3132,-0.2452,-0.8562,-4.2344,-1.2129,-0.2168,other
96885,0.3071,-0.2472,-0.8599,-4.207,-1.1445,-0.3437,other
96908,0.3054,-0.2463,-0.8717,-3.9922,-1.0176,-0.5664,other
96931,0.3187,-0.2458,-0.8801,-3.793,-0.918,-0.7168,other
96954,0.3169,-0.2374,-0.8748,-3.5293,-0.7754,-0.9316,other
96977,0.3112,-0.2354,-0.8696,-3.4336,-0.7031,-1.1191,other
97000,0.3141,-0.2419,-0.8901,-3.457,-0.6406,-1.2148,other
97023,0.3193,-0.2399,-0.8755,-3.6777,-0.6113,-1.3086,other
97046,0.3187,-0.2394,-0.8682,-3.9023,-0.6016,-1.3398,other
97069,0.311,-0.2386,-0.8743,-4.2676,-0.6035,-1.3574,other
97092,0.3265,-0.2477,-0.8905,-4.4902,-0.6113,-1.3574,other
97115,0.3052,-0.2517,-0.887,-4.7441,-0.6367,-1.3672,other
97138,0.2661,-0.2347,-0.8619,-4.8711,-0.6719,-1.3887,other
97161,0.2954,-0.2247,-0.8759,-4.8809,-0.6699,-1.3926,other
97184,0.3397,-0.2181,-0.8894,-4.8008,-0.6406,-1.4063,other
97207,0.3385,-0.2206,-0.9075,-4.7109,-0.6387,-1.4609,other
97230,0.3297,-0.2224,-0.8949,-4.5371,-0.7051,-1.6563,other
97253,0.328,-0.2278,-0.864,-4.2422,-0.7793,-1.9512,other
97276,0.3278,-0.241,-0.8394,-3.8945,-0.7539,-2.1562,other
97299,0.3054,-0.2593,-0.8553,-3.0469,-0.4805,-2.4062,other
97322,0.3308,-0.2593,-0.8839,-2.2852,-0.0801,-2.498,other
97345,0.3444,-0.2559,-0.8804,-1.0059,0.834,-2.5,other
97368,0.3359,-0.26,-0.8765,-0.1797,1.5527,-2.3613,other
97391,0.3254,-0.26,-0.8612,0.8418,2.5566,-2.2187,other
97414,0.3387,-0.2598,-0.8396,1.498,3.2168,-1.9785,other
97437,0.337,-0.2561,-0.8229,1.7227,3.3652,-1.8359,other
97460,0.3445,-0.2458,-0.8256,1.748,3.1094,-1.6934,other
97483,0.3418,-0.2446,-0.8771,1.5449,2.6582,-1.6602,other
97506,0.339,-0.2395,-0.8931,0.8633,1.6875,-1.6797,other
97529,0.3317,-0.2406,-0.8781,-0.2734,0.5527,-1.7148,other
97552,0.3301,-0.2457,-0.8673,-1.2109,-0.1738,-1.6973,other
97575,0.3221,-0.2496,-0.8474,-2.6953,-1.0449,-1.5391,other
97598,0.3323,-0.2609,-0.8752,-3.6152,-1.3984,-1.3262,other
97621,0.3419,-0.2587,-0.8864,-4.75,-1.5313,-0.875,other
97644,0.3414,-0.2509,-0.8889,-5.5,-1.2578,-0.3574,other
97667,0.3114,-0.2494,-0.8977,-5.748,-0.9277,-0.0352,other
97690,0.3258,-0.2456,-0.8771,-5.6797,-0.3555,0.3437,other
97713,0.3137,-0.2534,-0.8673,-5.3047,-0.0195,0.4863,other
97736,0.3585,-0.2469,-0.871,-4.209,0.3027,0.4785,other
97759,0.3254,-0.2535,-0.8766,-2.6484,0.3437,0.1777,other
97782,0.3425,-0.2726,-0.861,-1.168,0.1777,-0.1465,other
97805,0.3702,-0.2618,-0.8549,1.0801,-0.2324,-0.7324,other
97828,0.358,-0.2673,-0.8429,2.5977,-0.5137,-1.1523,other
97851,0.3263,-0.2755,-0.7875,4.7051,-0.8066,-1.7227,other
97874,0.3771,-0.2845,-0.8915,5.873,-0.8613,-1.9844,other
97897,0.3552,-0.2792,-0.8483,7.0,-0.7734,-2.127,other
97920,0.2964,-0.2755,-0.87,7.1387,-0.6465,-1.9414,other
97943,0.2893,-0.2717,-0.8198,6.668,-0.5195,-1.6152,other
97966,0.3153,-0.2728,-0.8495,5.2871,-0.0469,-0.8594,other
97989,0.3456,-0.2618,-0.8717,4.0586,0.502,-0.2676,other
98012,0.3273,-0.2616,-0.87,1.957,1.5215,0.5371,other
98035,0.3112,-0.2609,-0.8605,-0.2266,2.4844,1.0371,other
98058,0.3508,-0.2686,-0.8788,-1.6113,2.9961,1.1465,other
98081,0.3762,-0.2667,-0.8647,-3.4102,3.4707,0.9492,other
98104,0.3713,-0.2598,-0.8232,-4.332,3.5098,0.5781,other
98127,0.3436,-0.2607,-0.8093,-5.1895,3.0469,-0.2441,other
98150,0.3467,-0.2631,-0.8945,-5.4609,2.0273,-1.1797,other
98173,0.3777,-0.2662,-0.8931,-5.4336,1.1621,-1.7559,other
98196,0.3412,-0.2667,-0.8579,-5.252,-0.1426,-2.4629,other
98219,0.326,-0.2816,-0.8097,-5.0742,-0.8301,-2.7949,other
98242,0.3619,-0.2894,-0.7888,-4.7324,-1.3086,-3.0742,other
98265,0.3768,-0.2886,-0.7908,-4.4766,-1.2324,-3.1562,other
98288,0.3752,-0.2756,-0.8103,-4.2012,-0.7148,-3.2285,other
98311,0.3639,-0.2593,-0.8568,-4.3516,-0.0273,-3.3027,other
98334,0.3127,-0.2505,-0.9044,-4.8633,0.3359,-3.3359,other
98357,0.3259,-0.2367,-0.9442,-6.3867,0.5352,-3.3027,other
98380,0.3406,-0.2245,-0.9575,-7.8477,0.4102,-3.2012,other
98403,0.3286,-0.2264,-0.9347,-10.3047,-0.0469,-2.9512,other
98426,0.376,-0.2352,-0.8807,-12.3164,-0.5488,-2.6738,other
98449,0.4232,-0.2169,-0.9158,-12.9629,-0.7187,-2.5527,other
98472,0.3763,-0.22,-0.8806,-12.4375,-0.5918,-2.6875,other
98495,0.4352,-0.1134,-0.8363,-10.9883,-0.2129,-3.1641,other
98518,0.5046,-0.317,-0.6603,-7.2598,1.0703,-4.7441,other
98541,0.5038,-0.2169,-0.6606,-2.1191,4.8105,-7.4297,other
98564,0.4843,-0.2391,-0.709,1.5957,9.9512,-9.6855,other
98587,0.5033,-0.2332,-0.6963,6.2637,22.127,-13.4707,other
98610,0.6052,-0.1914,-0.681,7.7891,31.9863,-16.2578,other
98633,0.6766,-0.1356,-0.6788,6.082,45.2168,-21.1875,other
98656,0.4872,-0.1312,-0.9393,1.5234,50.4609,-27.2969,other
98679,0.337,-0.1195,-1.0028,-11.1582,50.4824,-31.8066,other
98702,0.2933,-0.0651,-0.8202,-30.1133,41.6387,-38.4883,other
98725,0.3977,-0.0062,-0.703,-44.7988,32.2656,-42.4688,other
98748,0.4426,0.0099,-0.8918,-64.0,15.3652,-47.2734,other
98771,0.3231,0.0406,-1.0377,-64.0,3.2891,-49.5508,other
98794,0.2748,0.1002,-0.8844,-64.0,-14.3477,-51.3359,other
98817,0.2296,0.1351,-0.745,-64.0,-29.4238,-50.9414,other
98840,0.2561,0.1597,-0.7441,-64.0,-37.0605,-49.4844,other
98863,0.3583,0.1874,-0.8625,-64.0,-43.9473,-45.9023,other
98886,0.3727,0.1821,-0.983,-64.0,-45.5293,-42.9414,other
98909,0.375,0.2047,-0.8873,-64.0,-44.3203,-38.1426,other
98932,0.2927,0.2487,-0.7273,-64.0,-40.1035,-33.1582,other
98955,0.2228,0.278,-0.694,-64.0,-36.0781,-29.7168,other
98978,0.3292,0.2836,-0.8333,-61.625,-28.7207,-24.4141,other
99001,0.4873,0.2887,-0.8956,-54.0957,-23.5215,-20.9648,other
99024,0.432,0.2811,-0.746,-44.2305,-16.7793,-16.3906,other
99047,0.2665,0.2659,-0.6633,-38.8477,-12.1055,-12.793,other
99070,0.2115,0.2712,-0.6384,-32.6152,-10.7793,-10.832,other
99093,0.295,0.2932,-0.7169,-28.6328,-9.3672,-8.2676,other
99116,0.347,0.3069,-0.8486,-27.3457,-8.8223,-6.7441,other
99139,0.2772,0.3313,-0.8162,-27.6074,-8.416,-4.7441,other
99162,0.1846,0.3633,-0.9283,-29.0684,-8.3066,-3.6152,other
99185,0.3331,0.3875,-0.6855,-32.248,-8.1465,-2.3359,other
99208,0.3348,0.4376,-0.7559,-34.9395,-7.9746,-1.8945,other
99231,0.3418,0.4033,-0.7827,-35.7422,-7.9766,-2.2285,other
99254,0.297,0.353,-0.7197,-35.2051,-8.2715,-3.6934,other
99277,0.3531,0.382,-0.6775,-33.9336,-8.4375,-5.2402,other
99300,0.3751,0.406,-0.8,-31.377,-7.5,-8.2656,other
99323,0.2727,0.4139,-0.7612,-28.9434,-3.1738,-11.9863,other
99346,0.3756,0.3905,-0.7471,-27.8535,2.2969,-14.7988,other
99369,0.2341,0.4216,-0.7451,-27.666,13.7852,-19.3926,other
99392,0.302,0.4777,-0.6581,-28.7031,22.6641,-22.5469,other
99415,0.2979,0.4779,-0.6995,-31.9219,34.873,-26.9668,other
99438,0.2096,0.4733,-0.6456,-36.9766,41.3594,-30.4453,other
99461,0.231,0.5042,-0.6066,-40.3984,40.9727,-31.9766,other
99484,0.2854,0.5247,-0.6353,-46.0781,33.3516,-32.8223,other
99507,0.2213,0.5166,-0.6102,-49.5918,24.6094,-32.3398,other
99530,0.2324,0.5345,-0.557,-53.9238,8.8027,-30.0957,other
99553,0.2335,0.5518,-0.5685,-55.9629,-1.7461,-27.7148,other
99576,0.2374,0.5614,-0.5763,-57.4863,-14.834,-23.1445,other
99599,0.2582,0.5612,-0.5304,-57.0234,-22.4082,-17.8418,other
99622,0.2737,0.582,-0.5269,-55.6094,-23.9531,-14.1719,other
99645,0.2842,0.5765,-0.5515,-51.9238,-21.3301,-8.8633,other
99668,0.2965,0.5721,-0.546,-48.5195,-16.7773,-5.6816,other
99691,0.2756,0.5874,-0.537,-42.248,-7.1426,-1.8047,other
99714,0.2686,0.5956,-0.5403,-35.0234,3.5078,0.6875,other
99737,0.2803,0.5869,-0.5338,-29.9863,9.7969,1.5195,other
99760,0.2604,0.5687,-0.5355,-22.6035,16.4688,1.6543,other
99783,0.29,0.5634,-0.5671,-18.0605,18.6914,1.1719,other
99806,0.2544,0.5798,-0.5431,-12.1211,18.9141,-0.0488,other
99829,0.2878,0.5869,-0.5479,-7.4238,16.4043,-1.4434,other
99852,0.2819,0.5876,-0.5448,-5.0117,13.8457,-2.2852,other
99875,0.281,0.5859,-0.5404,-2.3965,9.4297,-3.2988,other
99898,0.2544,0.5814,-0.5552,-1.2305,6.377,-3.8418,other
99921,0.2428,0.5803,-0.5577,-0.1289,2.0469,-4.6035,other
99944,0.2551,0.583,-0.5817,0.3086,-0.4102,-5.1367,other
99967,0.2737,0.5854,-0.5698,0.707,-3.0352,-5.9551,other
99990,0.2626,0.5782,-0.5699,0.916,-4.0547,-6.6504,other
100013,0.2833,0.575,-0.5887,0.9551,-3.8203,-6.957,other
100036,0.2727,0.5817,-0.548,0.8125,-2.4766,-7.125,other
100059,0.271,0.6075,-0.5374,0.5566,-1.3086,-7.0723,other
100082,0.2483,0.576,-0.5588,-0.0781,0.209,-6.8691,other
100105,0.2201,0.5608,-0.5824,-0.9199,1.041,-6.7129,other
100128,0.2272,0.5942,-0.543,-1.4961,1.3105,-6.6953,other
100151,0.2676,0.5929,-0.5601,-2.1992,1.8828,-6.6953,other
100174,0.2531,0.5833,-0.5426,-2.4922,2.6621,-6.5605,other
100197,0.2651,0.579,-0.5635,-2.6543,4.4082,-5.8848,other
100220,0.2849,0.582,-0.5356,-2.5312,6.4687,-4.457,other
100243,0.3131,0.5789,-0.5417,-2.3379,7.8516,-3.0762,other
100266,0.3082,0.5701,-0.5457,-1.9531,9.7734,-0.5117,other
100289,0.3082,0.5765,-0.5577,-1.6602,10.8633,1.3535,other
100312,0.2936,0.5692,-0.5432,-1.1875,12.0039,3.9902,other
100335,0.3035,0.5737,-0.5586,-0.8457,12.3125,5.9707,other
100358,0.296,0.5723,-0.5635,-0.2871,11.9512,6.7422,other
100381,0.3002,0.562,-0.535,0.3379,10.5996,6.9844,other
100404,0.3002,0.5658,-0.5723,0.793,9.2324,6.5859,other
100427,0.28,0.5699,-0.5675,1.5449,6.748,5.3691,other
100450,0.2831,0.5554,-0.5629,2.0977,4.998,4.3262,other
100473,0.3066,0.5508,-0.5934,2.9785,2.582,2.7598,other
100496,0.3108,0.5494,-0.5891,3.8535,0.8086,1.5996,other
100519,0.3359,0.5461,-0.5978,4.3848,0.1191,1.2285,other
100542,0.3192,0.5527,-0.585,5.0215,-0.2227,1.3789,other
100565,0.3102,0.55,-0.5994,5.293,-0.1074,1.918,other
100588,0.2993,0.5433,-0.5922,5.3965,0.3398,3.1914,other
100611,0.2728,0.5446,-0.5388,5.084,0.6855,4.75,other
100634,0.2877,0.5333,-0.5621,4.6523,0.5664,5.8457,other
100657,0.28,0.531,-0.5826,3.7832,-0.4609,7.582,other
100680,0.2743,0.5232,-0.5731,3.1914,-1.8066,8.8867,other
100703,0.2938,0.525,-0.5555,2.584,-4.9375,11.2871,other
100726,0.3275,0.5264,-0.5642,2.5293,-9.3262,14.4863,other
100749,0.3699,0.511,-0.6082,3.2109,-13.2129,17.1484,other
100772,0.3837,0.5176,-0.6422,4.9844,-19.2637,21.8516,other
100795,0.2559,0.5465,-0.627,6.7949,-23.3223,25.2715,other
100818,0.1809,0.5233,-0.7009,10.2852,-29.3633,30.3379,other
100841,0.1903,0.5149,-0.7761,12.875,-33.5352,33.3125,other
100864,0.2819,0.4962,-0.8121,16.6758,-40.0039,36.4258,other
100887,0.3376,0.474,-0.8843,20.082,-45.6582,37.0586,other
100910,0.3507,0.4573,-0.8439,22.1836,-47.9844,35.8652,other
100933,0.3796,0.4299,-0.8335,25.5371,-47.9766,31.9492,other
100956,0.416,0.4248,-0.8578,28.2578,-45.4082,28.4082,bite
100979,0.4235,0.3542,-0.9393,33.5078,-38.4648,22.8926,bite
101002,0.354,0.3131,-0.9161,40.3867,-29.5,18.7734,bite
101025,0.3099,0.2596,-0.7823,45.9492,-23.123,17.6465,bite
101048,0.4069,0.1951,-0.7803,55.7852,-13.207,19.0664,bite
101071,0.5519,0.152,-0.8762,63.1602,-6.4199,22.0527,bite
101094,0.4988,0.118,-0.9128,63.998,3.3809,29.0918,bite
101117,0.4452,0.0967,-0.8503,63.998,11.9023,38.6133,bite
101140,0.4738,0.0505,-0.8358,63.998,16.7715,46.1055,bite
101163,0.4353,-0.0204,-0.7618,63.998,23.2031,58.5859,bite
101186,0.4521,-0.082,-0.6792,63.998,27.2383,63.998,bite
101209,0.5798,-0.1617,-0.7391,63.998,33.2793,63.998,bite
101232,0.6974,-0.2229,-0.7384,63.998,37.0918,63.998,bite
101255,0.7728,-0.2676,-0.7535,63.998,41.5645,63.998,bite
101278,0.7294,-0.2927,-0.7814,63.998,43.3711,63.998,bite
101301,0.5419,-0.2982,-0.7509,63.998,42.791,63.998,bite
101324,0.4667,-0.3445,-0.7035,63.998,39.959,63.998,bite
101347,0.5509,-0.4087,-0.707,63.998,37.5879,63.998,bite
101370,0.6212,-0.4531,-0.7096,63.998,34.2383,63.998,bite
101393,0.6814,-0.4733,-0.7391,59.9629,30.9844,63.998,bite
101416,0.6241,-0.4917,-0.6987,51.9629,28.5059,63.998,bite
101439,0.5941,-0.5378,-0.7694,41.2754,24.1738,63.998,bite
101462,0.6254,-0.541,-0.7775,35.0801,20.9375,63.998,bite
101485,0.5354,-0.5282,-0.7001,27.1348,15.6523,63.998,bite
101508,0.4702,-0.5433,-0.575,20.8887,10.4102,63.998,bite
101531,0.4385,-0.557,-0.5863,17.7266,7.459,63.998,bite
101554,0.3933,-0.5547,-0.5966,14.2617,4.3789,63.998,bite
101577,0.3706,-0.5551,-0.6163,12.4922,3.3477,63.998,bite
101600,0.2976,-0.5558,-0.6206,10.002,3.4453,63.998,bite
101623,0.2151,-0.5551,-0.5712,8.1445,4.6504,63.998,bite
101646,0.2036,-0.5552,-0.6063,4.7695,8.1172,63.998,bite
101669,0.256,-0.5591,-0.6405,0.543,13.0098,63.998,bite
101692,0.3644,-0.5687,-0.7057,-2.7832,16.4961,63.998,bite
101715,0.3147,-0.569,-0.7701,-8.4277,21.1133,63.998,bite
101738,0.2614,-0.5765,-0.7699,-12.4238,23.459,63.998,bite
101761,0.1912,-0.5861,-0.7108,-18.1934,25.9512,63.998,bite
101784,0.2058,-0.6056,-0.7058,-22.9102,27.7051,63.998,bite
101807,0.2896,-0.6216,-0.7213,-25.1836,28.5645,63.998,bite
101830,0.3721,-0.6342,-0.7725,-27.2109,28.9473,63.998,bite
101853,0.3406,-0.63,-0.7777,-27.7539,28.2031,63.998,bite
101876,0.2979,-0.6161,-0.7708,-27.5879,25.4277,58.9414,bite
101899,0.2522,-0.5841,-0.7095,-26.373,21.3262,49.4277,bite
101922,0.2422,-0.5538,-0.7076,-24.9883,18.3887,43.5313,bite
101945,0.2703,-0.556,-0.7874,-22.1406,14.4121,35.6992,bite
101968,0.3418,-0.6868,-1.3082,-19.8457,12.3535,31.2305,other
101991,0.2643,-0.3619,-0.5376,-15.5508,10.5879,25.6152,other
102014,0.0922,-0.3324,-0.0475,-11.3516,10.582,21.0371,other
102037,-0.0181,-0.5745,-1.0812,-2.4746,12.5586,18.3066,other
102060,0.286,-0.4929,-0.9954,7.1289,15.6055,14.041,other
102083,0.5052,-0.5527,-0.8068,12.4258,16.793,10.4473,other
102106,0.3555,-0.571,-0.6344,18.1992,15.0898,3.0723,other
102129,0.1221,-0.5743,-0.5728,21.1582,11.2012,-3.1328,other
102152,0.0167,-0.5394,-0.5265,25.6289,2.4043,-13.5957,other
102175,-0.0939,-0.5356,-0.3998,31.1016,-7.7461,-24.6465,other
102198,-0.0262,-0.5499,-0.3623,35.2109,-14.3516,-32.4141,other
102221,0.2367,-0.5452,-0.3776,40.8301,-23.9414,-45.3223,other
102244,0.3707,-0.5488,-0.5082,43.1035,-30.7695,-54.9883,other
102267,0.3973,-0.5065,-0.5674,42.248,-42.8574,-64.0,other
102290,0.5103,-0.4476,-0.6559,34.4336,-57.4902,-64.0,other
102313,0.6224,-0.3921,-0.7487,24.9395,-64.0,-64.0,other
102336,0.6835,-0.3301,-0.7827,4.748,-64.0,-64.0,other
102359,0.6251,-0.2744,-0.9049,-11.8945,-64.0,-64.0,other
102382,0.6344,-0.2847,-0.9487,-39.6621,-64.0,-64.0,other
102405,0.5005,-0.1179,-1.2174,-58.6699,-64.0,-64.0,other
102428,0.6149,-0.2225,-1.2893,-64.0,-64.0,-64.0,other
102451,0.6215,-0.2115,-1.207,-64.0,-64.0,-64.0,other
102474,0.5222,-0.1764,-1.2177,-64.0,-64.0,-64.0,other
102497,0.3363,-0.1351,-1.2101,-64.0,-64.0,-64.0,other
102520,0.1562,-0.1854,-1.0037,-64.0,-64.0,-64.0,other
102543,0.0304,-0.2169,-0.7874,-64.0,-64.0,-64.0,other
102566,0.0997,-0.2557,-0.7972,-64.0,-64.0,-63.959,other
102589,0.2,-0.2903,-0.9288,-42.2695,-60.1348,-47.002,other
102612,0.2721,-0.3047,-1.0114,-3.2812,-41.8711,-23.8535,other
102635,0.2537,-0.3335,-1.0078,20.7012,-30.9277,-11.3848,other
102658,0.2367,-0.3269,-0.8979,49.6289,-18.6328,1.6113,other
102681,0.2833,-0.3307,-0.927,63.998,-11.7031,7.8613,other
102704,0.2115,-0.2954,-0.9396,63.998,-9.6426,8.8848,other
102727,0.1815,-0.2588,-0.9689,63.998,-9.3379,7.1172,other
102750,0.1665,-0.2507,-0.9924,63.998,-10.1152,4.6328,other
102773,0.1613,-0.2567,-0.9205,54.4355,-11.1211,0.3496,other
102796,0.1769,-0.296,-0.86,44.2285,-10.666,-3.3223,other
102819,0.1637,-0.3065,-0.7744,29.8398,-9.3984,-4.9883,other
102842,0.1711,-0.3274,-0.7095,19.834,-6.3281,-6.0703,other
102865,0.1876,-0.4108,-0.6407,16.7305,-3.6934,-5.9512,other
102888,0.2966,-0.4697,-0.89,17.3906,0.8008,-5.0684,other
102911,0.4047,-0.3673,-1.3279,20.1328,3.998,-4.5117,other
102934,0.24,-0.365,-1.2875,24.0078,8.4961,-4.5234,other
102957,0.1494,-0.3622,-0.9403,24.127,11.6934,-5.6523,other
102980,0.1313,-0.3857,-0.8329,21.873,13.2852,-6.6055,other
103003,0.1995,-0.4498,-0.7179,16.7402,16.3789,-7.457,other
103026,0.4052,-0.4498,-0.7804,13.3828,19.623,-7.332,other
103049,0.3905,-0.4701,-0.7769,9.748,25.8691,-6.1777,other
103072,0.3712,-0.4829,-0.776,8.002,31.8477,-4.3008,other
103095,0.3551,-0.4813,-0.7354,7.6152,34.8906,-2.8555,other
103118,0.3612,-0.4647,-0.7159,7.4668,37.7207,-0.6035,other
103141,0.3859,-0.4463,-0.7814,7.1348,38.4395,0.8457,other
103164,0.3855,-0.4185,-0.776,5.375,37.6133,2.7363,other
103187,0.3619,-0.3994,-0.7821,1.3555,34.4648,4.1387,other
103210,0.3691,-0.377,-0.8885,-2.7207,31.3633,4.8066,other
103233,0.373,-0.3459,-0.9719,-10.7227,25.8066,5.4922,other
103256,0.3625,-0.326,-0.9971,-16.9609,21.7578,5.7891,other
103279,0.3779,-0.3049,-0.9554,-26.5957,15.5781,6.0957,other
103302,0.3604,-0.2971,-0.9055,-32.3535,11.6641,6.2598,other
103325,0.314,-0.3043,-0.8392,-38.5078,6.6504,6.5273,other
103348,0.3113,-0.326,-0.7992,-40.4297,3.2344,6.8828,other
103371,0.3459,-0.345,-0.7755,-39.1309,1.998,7.1465,other
103394,0.3824,-0.3621,-0.7793,-33.8008,1.5918,7.4297,other
103417,0.4009,-0.375,-0.8126,-28.6387,2.0762,7.4434,other
103440,0.3824,-0.3696,-0.8295,-19.9023,3.4277,7.0977,other
103463,0.361,-0.3691,-0.8427,-11.6387,4.9687,6.3867,other
103486,0.3455,-0.3666,-0.8341,-7.1094,5.8613,5.8262,other
103509,0.3373,-0.3528,-0.7886,-2.3711,6.7715,5.0332,other
103532,0.3392,-0.3335,-0.776,-0.668,7.0254,4.5996,other
103555,0.3475,-0.3219,-0.8119,-0.1328,6.8008,4.0801,other
103578,0.3579,-0.3214,-0.8856,-1.6152,5.7441,3.5742,other
103601,0.38,-0.3157,-0.9384,-3.4336,4.5566,3.1445,other
103624,0.4218,-0.3156,-0.929,-6.8164,2.1094,2.2383,other
103647,0.3783,-0.3236,-0.8529,-9.0723,0.1016,1.4434,other
103670,0.3402,-0.3328,-0.7854,-11.6426,-3.1016,0.0898,other
103693,0.3668,-0.3392,-0.7869,-12.4531,-5.0234,-1.207,other
103716,0.3766,-0.3412,-0.8334,-12.0996,-7.1367,-1.9297,other
103739,0.3586,-0.3335,-0.8358,-10.1699,-8.1406,-2.7441,other
103762,0.319,-0.3231,-0.8374,-8.3457,-8.1934,-3.1035,other
103785,0.3116,-0.3159,-0.8492,-5.3613,-7.3867,-3.4121,other
103808,0.3453,-0.3167,-0.8628,-3.4824,-6.3262,-3.5195,other
103831,0.3792,-0.3282,-0.8789,-1.1172,-4.2187,-3.7031,other
103854,0.3746,-0.3353,-0.8649,0.6133,-1.9551,-4.1367,other
103877,0.3759,-0.3425,-0.8552,1.5039,-0.5664,-4.6309,other
103900,0.3756,-0.3486,-0.8326,2.7266,1.2051,-5.668,other
103923,0.3757,-0.3553,-0.7991,3.6387,2.1602,-6.5039,other
103946,0.3822,-0.3622,-0.775,5.3594,3.252,-7.8516,other
103969,0.4001,-0.3706,-0.7961,7.5078,3.9687,-9.1816,other
103992,0.3866,-0.3748,-0.8212,9.0371,4.2168,-10.002,other
104015,0.3711,-0.3787,-0.7825,11.127,4.1094,-11.0723,other
104038,0.3466,-0.3827,-0.7762,12.1973,3.6816,-11.6445,other
104061,0.3466,-0.3822,-0.7776,13.0898,2.6211,-12.2637,other
104084,0.3867,-0.3756,-0.8109,13.1172,1.2363,-12.6426,other
104107,0.402,-0.3721,-0.8392,12.1797,0.1855,-12.832,other
104130,0.3749,-0.3597,-0.8063,10.0742,-1.6465,-13.127,other
104153,0.376,-0.3531,-0.8215,8.1465,-2.9355,-13.3457,other
104176,0.3759,-0.347,-0.8694,4.7969,-4.7207,-13.6797,other
104199,0.4045,-0.3376,-0.8829,2.4707,-5.7129,-13.8984,other
104222,0.4036,-0.3298,-0.8826,-0.7793,-6.8906,-14.2148,other
104245,0.3727,-0.3336,-0.8447,-3.2363,-7.7246,-14.4902,other
104268,0.3766,-0.3385,-0.792,-4.166,-8.0156,-14.5977,other
104291,0.3754,-0.3417,-0.7749,-4.2227,-7.9121,-14.5527,other
104314,0.3752,-0.3575,-0.7778,-3.3535,-7.459,-14.3574,other
104337,0.3918,-0.3702,-0.7771,-0.9824,-6.248,-13.8047,other
104360,0.4282,-0.3733,-0.7775,1.9395,-4.5801,-12.9824,other
104383,0.4141,-0.377,-0.7772,3.7031,-3.3652,-12.3105,other
104406,0.3938,-0.3712,-0.7772,5.4297,-1.5488,-11.0957,other
104429,0.3812,-0.3645,-0.7772,5.7305,-0.3613,-10.1152,other
104452,0.3954,-0.3582,-0.7877,4.7734,1.4043,-8.3398,other
104475,0.4104,-0.3585,-0.833,3.2559,3.1289,-6.25,other
104498,0.4291,-0.3524,-0.8634,-0.0684,4.1895,-4.7617,other
104521,0.4182,-0.3494,-0.8579,-4.1504,5.4824,-2.5293,other
104544,0.3893,-0.3458,-0.8351,-6.9492,6.0625,-1.1152,other
104567,0.3862,-0.34,-0.8236,-10.6992,6.4512,0.8203,other
104590,0.4193,-0.3357,-0.8456,-12.6348,6.3867,1.959,other
104613,0.4197,-0.3373,-0.8604,-14.4297,5.7891,3.3809,other
104636,0.3866,-0.3422,-0.8478,-14.8535,4.5859,4.4355,other
104659,0.3741,-0.3418,-0.7954,-14.4316,3.5195,4.9551,other
104682,0.3901,-0.3455,-0.7826,-12.9023,1.793,5.5391,other
104705,0.4209,-0.3475,-0.7992,-11.4258,0.6934,5.8262,other
104728,0.4073,-0.3441,-0.7877,-8.8711,-0.7773,6.1309,other
104751,0.3845,-0.3383,-0.7954,-6.3594,-2.0039,6.3242,other
104774,0.3743,-0.3416,-0.8019,-4.9355,-2.6641,6.4355,other
104797,0.3792,-0.3427,-0.8049,-3.3906,-3.3555,6.627,other
104820,0.3999,-0.3512,-0.8221,-2.8086,-3.6016,6.7695,other
104843,0.3831,-0.3584,-0.8269,-2.5723,-3.707,6.957,other
104866,0.3574,-0.3622,-0.8008,-2.9316,-3.5801,7.0605,other
104889,0.3557,-0.3633,-0.7756,-3.3789,-3.3867,7.082,other
104912,0.3794,-0.3568,-0.7839,-4.1836,-2.9512,7.0391,other
104935,0.423,-0.3505,-0.8345,-4.7578,-2.6094,6.9336,other
104958,0.4374,-0.3392,-0.8722,-5.6758,-2.1758,6.5996,other
104981,0.3761,-0.3253,-0.847,-6.332,-2.0605,6.252,other
105004,0.3101,-0.3221,-0.8104,-7.2988,-2.2363,5.6406,other
105027,0.2789,-0.323,-0.7737,-8.0371,-2.6484,5.0801,other
105050,0.2817,-0.3247,-0.7777,-8.3223,-2.9258,4.7559,other
105073,0.3477,-0.3224,-0.7997,-8.5527,-3.4004,4.1484,other
105096,0.4148,-0.3242,-0.9546,-8.7969,-4.0332,3.4492,other
105119,0.4065,-0.318,-0.9761,-9.7695,-6.002,1.6621,other
105142,0.3062,-0.3069,-0.7823,-11.5801,-9.2266,-0.9551,other
105165,0.231,-0.3186,-0.6617,-12.9785,-11.7051,-2.9297,other
105188,0.348,-0.3287,-0.7455,-14.8613,-15.1973,-5.9004,other
105211,0.4628,-0.3193,-0.8749,-15.9492,-17.209,-7.8066,other
105234,0.484,-0.2954,-1.006,-17.752,-19.8926,-10.4902,other
105257,0.4336,-0.2656,-1.0643,-20.2422,-22.2129,-12.6445,other
105280,0.2885,-0.2478,-0.9716,-22.2363,-23.3164,-13.4414,other
105303,0.2246,-0.2321,-0.8992,-24.9746,-23.4922,-13.0762,other
105326,0.2605,-0.2356,-0.8901,-26.0156,-22.1855,-11.5898,other
105349,0.326,-0.2507,-0.9039,-25.5508,-18.0156,-7.666,other
105372,0.3625,-0.2708,-0.9307,-23.6797,-14.1543,-2.5059,other
105395,0.3406,-0.2958,-0.9098,-18.6621,-7.7715,1.0566,other
105418,0.295,-0.3129,-0.8413,-11.5371,-1.7266,5.8789,other
105441,0.3024,-0.3335,-0.7759,-6.0059,1.8164,8.4805,other
105464,0.3064,-0.3461,-0.7711,2.7734,6.2363,11.2187,other
105487,0.3115,-0.3621,-0.7275,8.4805,8.5332,12.2129,other
105510,0.35,-0.3629,-0.7318,15.8906,10.9629,12.4902,other
105533,0.3718,-0.3496,-0.7745,20.7656,12.1035,11.4629,other
105556,0.3746,-0.339,-0.7863,22.0352,12.0996,10.2031,other
105579,0.3536,-0.3191,-0.8434,20.4727,10.998,7.8008,other
105602,0.3412,-0.2977,-0.8824,17.1289,9.6777,6.0996,other
105625,0.3359,-0.2756,-0.9063,9.2461,7.1914,3.7812,other
105648,0.3311,-0.2628,-0.9291,-0.7734,4.5723,2.0684,other
105671,0.344,-0.2594,-0.9451,-7.752,2.9707,1.332,other
105694,0.3428,-0.2599,-0.9357,-17.291,0.9609,0.7734,other
105717,0.3286,-0.2607,-0.906,-22.3242,-0.084,0.6562,other
105740,0.3407,-0.2612,-0.8871,-26.9902,-1.1953,0.6289,other
105763,0.3496,-0.2728,-0.8794,-27.916,-1.6445,0.4844,other
105786,0.3578,-0.282,-0.875,-26.0996,-1.9531,0.1875,other
105809,0.3577,-0.2903,-0.8507,-21.0977,-1.9785,-0.6738,other
105832,0.3386,-0.2996,-0.7948,-16.5488,-1.9316,-1.5195,other
105855,0.3394,-0.3091,-0.775,-8.8652,-1.8359,-3.082,other
105878,0.3679,-0.3179,-0.8119,-3.7383,-1.7402,-4.2168,other
105901,0.3759,-0.3241,-0.8182,3.0332,-1.5371,-5.877,other
105924,0.3712,-0.3185,-0.802,7.8516,-1.2461,-7.2559,other
105947,0.3488,-0.3069,-0.7883,9.7031,-0.9668,-7.8965,other
105970,0.3527,-0.2971,-0.7936,10.3613,-0.3594,-8.3125,other
105993,0.377,-0.2888,-0.8413,9.4785,0.1738,-8.2051,other
106016,0.3776,-0.2826,-0.8903,6.502,1.0762,-7.5664,other
106039,0.3748,-0.2726,-0.9054,2.125,1.8887,-6.5703,other
106062,0.3444,-0.2622,-0.8737,-1.1484,2.2676,-5.8301,other
106085,0.3746,-0.2607,-0.8658,-5.8223,2.5527,-4.75,other
106108,0.3707,-0.2665,-0.8704,-8.3652,2.5801,-4.1348,other
106131,0.3763,-0.2725,-0.8737,-10.8066,2.4551,-3.502,other
106154,0.3755,-0.2803,-0.8772,-11.3789,2.2031,-3.3281,other
106177,0.3759,-0.2864,-0.8521,-10.6758,1.9883,-3.4746,other
106200,0.3757,-0.2959,-0.8274,-8.3691,1.6367,-3.9844,other
106223,0.3722,-0.3101,-0.7921,-6.1699,1.4238,-4.4199,other
106246,0.3748,-0.3182,-0.7754,-2.3223,1.2559,-5.0273,other
106269,0.3759,-0.3259,-0.7778,0.3086,1.3145,-5.3125,other
106292,0.3762,-0.323,-0.7797,3.7832,1.709,-5.4961,other
106315,0.387,-0.3051,-0.8073,6.0312,2.3555,-5.3965,other
106338,0.3875,-0.2858,-0.8733,6.5625,2.793,-5.2109,other
106361,0.3807,-0.2664,-0.9075,5.7324,3.2187,-4.832,other
106384,0.3983,-0.259,-0.9106,4.1738,3.2559,-4.5469,other
106407,0.3823,-0.261,-0.8896,0.8281,2.8848,-4.125,other
106430,0.3745,-0.269,-0.8588,-2.7969,2.082,-3.7383,other
106453,0.3755,-0.2852,-0.8119,-4.8145,1.4199,-3.5059,other
106476,0.3696,-0.3005,-0.775,-6.584,0.4512,-3.1934,other
106499,0.3828,-0.3083,-0.778,-6.7461,-0.0645,-3.0176,other
106522,0.4095,-0.3038,-0.7771,-5.5684,-0.5371,-2.8281,other
106545,0.3899,-0.2975,-0.7957,-3.293,-0.6602,-2.7305,other
106568,0.3888,-0.295,-0.8361,-1.6406,-0.5762,-2.6875,other
106591,0.4233,-0.3002,-0.8644,0.3418,-0.2793,-2.5859,other
106614,0.3926,-0.3091,-0.87,1.0527,-0.0645,-2.4629,other
106637,0.3687,-0.3101,-0.8116,1.0449,0.1523,-2.1387,other
106660,0.3608,-0.3107,-0.7859,0.4199,0.2227,-1.7969,other
106683,0.3591,-0.3029,-0.7794,-1.1094,0.2695,-1.0996,other
106706,0.3756,-0.2887,-0.818,-2.957,0.3184,-0.2988,other
106729,0.3926,-0.2736,-0.8582,-4.2207,0.377,0.1836,other
106752,0.4087,-0.2605,-0.8829,-6.043,0.4922,0.6523,other
106775,0.4082,-0.26,-0.866,-7.1426,0.5664,0.7266,other
106798,0.4159,-0.2628,-0.8397,-8.4316,0.6699,0.457,other
106821,0.4438,-0.2783,-0.8276,-9.0078,0.7988,-0.1758,other
106844,0.4456,-0.281,-0.7987,-8.8789,0.8945,-0.7109,other
106867,0.4659,-0.2855,-0.8325,-7.8945,0.9883,-1.5137,other
106890,0.4487,-0.2903,-0.8661,-6.8086,0.9238,-1.9316,other
106913,0.3776,-0.2993,-0.8478,-4.834,0.3965,-2.1914,other
106936,0.3142,-0.313,-0.8131,-2.7773,-0.6855,-1.7988,other
106959,0.3005,-0.3224,-0.7812,-1.4766,-1.5664,-1.1172,other
106982,0.3274,-0.3269,-0.791,0.2422,-2.8086,0.4199,other
107005,0.3765,-0.316,-0.7877,1.1504,-3.4492,1.623,other
107028,0.4087,-0.3054,-0.8121,1.9863,-4.0566,3.332,other
107051,0.4152,-0.2963,-0.803,2.1035,-4.2637,4.7227,other
107074,0.4093,-0.2938,-0.7759,1.5723,-4.3262,5.0156,other
107097,0.3945,-0.2971,-0.7777,0.3145,-3.9922,5.1855,other
107120,0.4041,-0.301,-0.798,-0.8125,-3.4629,5.0449,other
107143,0.3965,-0.3015,-0.8535,-2.8027,-2.1992,4.6445,other
107166,0.3575,-0.2955,-0.8712,-4.2773,-1.1543,4.3535,other
107189,0.3435,-0.2861,-0.8982,-6.6309,0.4687,4.0449,other
107212,0.375,-0.2766,-0.894,-8.9668,1.8281,3.9668,other
107235,0.3755,-0.274,-0.8917,-10.3437,2.416,4.002,other
107258,0.3757,-0.2662,-0.8591,-11.8164,2.6523,4.043,other
107281,0.3757,-0.2683,-0.8228,-12.2148,2.3809,3.9746,other
107304,0.3926,-0.2751,-0.8157,-11.7148,1.5,3.6309,other
107327,0.418,-0.2938,-0.8314,-9.8867,0.3301,2.918,other
107350,0.3983,-0.3068,-0.8279,-8.0664,-0.4668,2.2402,other
107373,0.3767,-0.3132,-0.7882,-4.7949,-1.5332,1.0293,other
107396,0.3528,-0.3197,-0.7754,-2.5078,-2.082,0.2051,other
107419,0.365,-0.327,-0.7867,0.6562,-2.543,-0.8613,other
107442,0.3984,-0.3246,-0.8368,2.3398,-2.5703,-1.5977,other
107465,0.4014,-0.3164,-0.8274,3.8633,-2.3066,-1.8926,other
107488,0.3881,-0.303,-0.8213,3.9687,-1.9082,-2.0625,other
107511,0.386,-0.2906,-0.7994,3.2773,-1.668,-2.0039,other
107534,0.3776,-0.2805,-0.8143,1.3496,-1.3984,-1.6895,other
107557,0.3887,-0.2777,-0.8452,-0.3242,-1.2715,-1.3652,other
107580,0.4088,-0.2811,-0.8634,-3.0527,-1.1191,-0.8105,other
107603,0.4005,-0.2911,-0.8706,-5.627,-0.9941,-0.3047,other
107626,0.3765,-0.2966,-0.853,-7.0469,-0.918,-0.0449,other
107649,0.374,-0.3007,-0.8196,-8.4609,-0.793,0.2227,other
107672,0.3616,-0.2983,-0.7819,-8.832,-0.7031,0.3418,other
107695,0.3674,-0.299,-0.8141,-8.5312,-0.5508,0.4512,other
107718,0.395,-0.2935,-0.8438,-7.4629,-0.3867,0.4668,other
107741,0.4261,-0.2883,-0.8567,-6.5547,-0.3047,0.3926,other
107764,0.405,-0.2872,-0.8473,-5.2363,-0.293,0.1367,other
107787,0.3776,-0.2855,-0.8252,-4.5059,-0.375,-0.1074,other
107810,0.3752,-0.2916,-0.8158,-3.6875,-0.5879,-0.4902,other
107833,0.3748,-0.2944,-0.8221,-3.3008,-0.8008,-0.7949,other
107856,0.3761,-0.2959,-0.8328,-2.9004,-0.8809,-0.9395,other
107879,0.4033,-0.2964,-0.8391,-2.6719,-0.8652,-1.1055,other
107902,0.4338,-0.2994,-0.8442,-2.6035,-0.7754,-1.2188,other
107925,0.4113,-0.2963,-0.8206,-2.5996,-0.6172,-1.4297,other
107948,0.3766,-0.2971,-0.797,-2.6309,-0.5371,-1.5781,other
107971,0.3759,-0.2969,-0.7843,-2.6602,-0.4648,-1.7324,other
107994,0.3763,-0.2937,-0.8011,-2.6387,-0.4004,-1.7207,other
108017,0.3903,-0.2979,-0.8367,-2.6289,-0.3418,-1.6211,other
108040,0.4032,-0.2959,-0.8525,-2.7285,-0.2441,-1.3945,other
108063,0.3912,-0.2906,-0.8492,-2.9277,-0.1855,-1.2363,other
108086,0.3909,-0.2894,-0.847,-3.4395,-0.1309,-1.0371,other
108109,0.3898,-0.2882,-0.8322,-4.0996,-0.127,-0.9004,other
108132,0.3745,-0.2891,-0.811,-4.5215,-0.166,-0.8418,other
108155,0.3888,-0.2893,-0.8221,-4.9902,-0.2617,-0.8047,other
108178,0.406,-0.2902,-0.8252,-5.1445,-0.3398,-0.8164,other
108201,0.4041,-0.2941,-0.838,-5.1445,-0.4609,-0.9043,other
108224,0.386,-0.2913,-0.834,-4.5254,-0.5645,-1.0664,other
108247,0.3943,-0.2872,-0.8375,-4.7441,-0.6133,-1.1875,other
108270,0.3967,-0.2871,-0.83,-4.4199,-0.6816,-1.3438,other
108293,0.3881,-0.2885,-0.8173,-4.2051,-0.75,-1.4121,other
108316,0.3794,-0.2874,-0.818,-3.9043,-0.8809,-1.4473,other
108339,0.3805,-0.2889,-0.8329,-3.7246,-0.9707,-1.4258,other
108362,0.4008,-0.2847,-0.8387,-3.5176,-1.0781,-1.3477,other
108385,0.4071,-0.287,-0.8347,-3.4121,-1.1426,-1.2578,other
108408,0.4005,-0.2928,-0.8398,-3.4004,-1.1836,-1.2168,other
108431,0.3805,-0.2908,-0.8259,-3.4297,-1.2598,-1.1738,other
108454,0.3767,-0.2899,-0.8029,-3.4551,-1.3125,-1.1445,other
108477,0.3922,-0.2917,-0.8179,-3.4551,-1.3691,-1.0625,other
108500,0.4012,-0.2887,-0.8374,-3.4297,-1.3984,-0.9395,other
108523,0.3993,-0.283,-0.8345,-3.4297,-1.4121,-0.8438,other
108546,0.4036,-0.2852,-0.8348,-3.4863,-1.4375,-0.6875,other
108569,0.3851,-0.2894,-0.8374,-3.5566,-1.4668,-0.5801,other
108592,0.3741,-0.2921,-0.8094,-3.6699,-1.5273,-0.4004,other
108615,0.3905,-0.2906,-0.7749,-3.7246,-1.5488,-0.1934,other
108638,0.423,-0.2896,-0.8273,-3.709,-1.5156,-0.0645,other
108661,0.4125,-0.293,-0.8623,-3.668,-1.4434,0.0605,other
108684,0.4043,-0.3031,-0.8706,-3.6973,-1.4199,0.0957,other
108707,0.3737,-0.2969,-0.7955,-3.873,-1.4648,0.1172,other
108730,0.3296,-0.2966,-0.7753,-4.041,-1.5488,0.1641,other
108753,0.363,-0.2756,-0.8116,-4.2812,-1.666,0.3535,other
108776,0.4071,-0.2666,-0.859,-4.5215,-1.7207,0.6367,other
108799,0.4385,-0.2593,-0.8875,-4.7383,-1.7637,0.7832,other
108822,0.4229,-0.262,-0.8743,-5.1816,-1.9141,0.8027,other
108845,0.3915,-0.2753,-0.8273,-5.4902,-2.0762,0.6602,other
108868,0.3741,-0.2963,-0.7898,-5.7246,-2.3066,0.2891,other
108891,0.376,-0.3096,-0.7804,-5.416,-2.3906,-0.127,other
108914,0.3756,-0.3179,-0.803,-4.877,-2.3301,-0.3574,other
108937,0.3894,-0.3052,-0.7914,-3.7441,-2.0762,-0.5801,other
108960,0.417,-0.2881,-0.8342,-2.9512,-1.8438,-0.6504,other
108983,0.4003,-0.283,-0.8723,-2.0254,-1.5156,-0.6758,other
109006,0.3795,-0.2689,-0.844,-1.6816,-1.3145,-0.623,other
109029,0.3751,-0.2726,-0.8363,-1.791,-1.25,-0.5352,other
109052,0.3759,-0.2882,-0.832,-2.3125,-1.1875,-0.3164,other
109075,0.3811,-0.2971,-0.8241,-2.7676,-1.1309,-0.123,other
109098,0.4004,-0.2983,-0.8138,-3.4102,-0.9941,0.1816,other
109121,0.4069,-0.2952,-0.8325,-3.7363,-0.8867,0.4355,other
109144,0.397,-0.2886,-0.8473,-4.0352,-0.7559,0.5469,other
109167,0.3817,-0.2811,-0.8304,-4.1367,-0.7363,0.623,other
109190,0.3746,-0.2847,-0.8195,-4.1152,-0.8027,0.625,other
109213,0.3835,-0.2922,-0.8224,-3.9707,-0.9746,0.582,other
109236,0.3862,-0.2961,-0.8256,-3.8223,-1.1074,0.5293,other
109259,0.3754,-0.2926,-0.8247,-3.5801,-1.2813,0.418,other
109282,0.3759,-0.2886,-0.8322,-3.3945,-1.3789,0.2891,other
109305,0.376,-0.2875,-0.8303,-3.3457,-1.3945,0.207,other
109328,0.3759,-0.2849,-0.8306,-3.4121,-1.3594,0.0977,other
109351,0.3813,-0.2842,-0.8333,-3.5508,-1.3105,0.0273,other
109374,0.3938,-0.2842,-0.8418,-3.877,-1.2109,-0.1035,other
109397,0.4027,-0.2838,-0.844,-4.2773,-1.0898,-0.3008,other
109420,0.3939,-0.2838,-0.8624,-4.5371,-1.0078,-0.4824,other
109443,0.3936,-0.281,-0.8555,-4.8398,-0.9063,-0.8066,other
109466,0.3755,-0.2815,-0.8348,-4.9258,-0.873,-1.0293,other
109489,0.3763,-0.2861,-0.8127,-4.7812,-0.8809,-1.3145,other
109512,0.4019,-0.2874,-0.8019,-4.4687,-0.9277,-1.5078,other
109535,0.4204,-0.2947,-0.828,-3.6992,-0.9922,-1.5977,other
109558,0.3995,-0.2986,-0.8282,-2.7109,-1.1973,-1.7148,other
109581,0.3757,-0.299,-0.8215,-2.0371,-1.4121,-1.7773,other
109604,0.3752,-0.2961,-0.812,-1.1406,-1.7754,-1.7988,other
109627,0.3738,-0.2933,-0.8065,-0.6758,-1.9805,-1.7441,other
109650,0.385,-0.2944,-0.8147,-0.2539,-2.1289,-1.5566,other
109673,0.4027,-0.2906,-0.8243,-0.2168,-2.0273,-1.3105,other
109696,0.396,-0.2938,-0.8311,-0.4219,-1.8281,-1.1602,other
109719,0.4161,-0.2944,-0.8301,-1.043,-1.3711,-0.9961,other
109742,0.3877,-0.2961,-0.8239,-1.6191,-1.0039,-0.9297,other
109765,0.3738,-0.2953,-0.8093,-2.6016,-0.4141,-0.8457,other
109788,0.3787,-0.2931,-0.7926,-3.5762,0.2246,-0.7051,other
109811,0.3986,-0.2932,-0.8229,-4.1641,0.6758,-0.5664,other
109834,0.4067,-0.2932,-0.845,-4.9453,1.332,-0.3262,other
109857,0.4097,-0.2876,-0.8407,-5.4297,1.6953,-0.1777,other
109880,0.4071,-0.2825,-0.8292,-6.1348,2.0312,-0.002,other
109903,0.3916,-0.2786,-0.8225,-6.5742,2.0625,0.1094,other
109926,0.3895,-0.2773,-0.8344,-7.1328,1.9219,0.1543,other
109949,0.4054,-0.2743,-0.8345,-7.5078,1.5332,0.1895,other
109972,0.3994,-0.2771,-0.8331,-7.6387,1.1934,0.1895,other
109995,0.3906,-0.2789,-0.8379,-7.6484,0.6367,0.1582,other
110018,0.4012,-0.2782,-0.8275,-7.5391,0.2793,0.1152,other
110041,0.4012,-0.2792,-0.8136,-7.2285,-0.1914,0.0234,other
110064,0.3846,-0.2797,-0.8099,-6.7656,-0.5645,-0.1016,other
110087,0.3988,-0.2781,-0.8169,-6.4062,-0.7402,-0.1953,other
110110,0.4221,-0.28,-0.8468,-5.875,-0.8809,-0.3535,other
110133,0.4126,-0.2737,-0.8448,-5.5801,-0.9121,-0.4648,other
110156,0.385,-0.2698,-0.8165,-5.2852,-0.9102,-0.6211,other
110179,0.3748,-0.2721,-0.8237,-5.1426,-0.8672,-0.6992,other
110202,0.3906,-0.2748,-0.8225,-5.0996,-0.8125,-0.6816,other
110225,0.4114,-0.28,-0.8071,-5.0742,-0.6992,-0.5723,other
110248,0.4209,-0.2831,-0.819,-5.0684,-0.623,-0.4746,other
110271,0.4108,-0.2783,-0.829,-5.0781,-0.5391,-0.3437,other
110294,0.3983,-0.2667,-0.8282,-5.1426,-0.5059,-0.2422,other
110317,0.3892,-0.2635,-0.8271,-5.2383,-0.5078,-0.1797,other
110340,0.3815,-0.2611,-0.8409,-5.457,-0.541,-0.0723,other
110363,0.4022,-0.2603,-0.8535,-5.6484,-0.5703,0.002,other
110386,0.412,-0.2604,-0.8502,-5.9648,-0.6289,0.0879,other
110409,0.3812,-0.261,-0.8375,-6.1543,-0.7109,0.1035,other
110432,0.3799,-0.2659,-0.8168,-6.3223,-0.9199,0.0488,other
110455,0.3981,-0.2659,-0.804,-6.2539,-1.1914,-0.0937,other
110478,0.3936,-0.2676,-0.8132,-6.0605,-1.3945,-0.2441,other
110501,0.4084,-0.267,-0.8213,-5.6152,-1.7012,-0.5645,other
110524,0.4089,-0.2598,-0.8279,-5.2832,-1.8926,-0.8359,other
110547,0.4136,-0.2623,-0.8519,-4.8672,-2.1426,-1.3066,other
110570,0.3994,-0.2599,-0.8553,-4.6602,-2.3652,-1.7871,other
110593,0.3892,-0.26,-0.8417,-4.6543,-2.5137,-2.0625,other
110616,0.395,-0.26,-0.8387,-4.7656,-2.7344,-2.3418,other
110639,0.3988,-0.26,-0.8412,-4.8496,-2.873,-2.418,other
110662,0.4031,-0.2601,-0.8292,-4.8828,-3.0605,-2.375,other
110685,0.3929,-0.2625,-0.8154,-4.7207,-3.2227,-2.1816,other
110708,0.3917,-0.2656,-0.8176,-4.4961,-3.3008,-1.9961,other
110731,0.3827,-0.2661,-0.818,-4.0449,-3.3242,-1.6699,other
110754,0.3878,-0.2625,-0.8131,-3.7305,-3.25,-1.4434,other
110777,0.4156,-0.2607,-0.834,-3.3633,-2.9687,-1.1367,other
110800,0.4324,-0.26,-0.8608,-3.2559,-2.6855,-0.9219,other
110823,0.4069,-0.26,-0.849,-3.3672,-2.1953,-0.8418,other
110846,0.3887,-0.26,-0.8397,-3.7559,-1.6953,-0.7637,other
110869,0.3914,-0.26,-0.8356,-4.0859,-1.3691,-0.6973,other
110892,0.3763,-0.26,-0.8369,-4.5215,-0.9336,-0.5215,other
110915,0.3756,-0.26,-0.8333,-4.6953,-0.6914,-0.3516,other
110938,0.3785,-0.26,-0.8356,-4.7031,-0.3945,-0.0508,other
110961,0.3988,-0.26,-0.8423,-4.4004,-0.1758,0.2012,other
110984,0.3976,-0.2603,-0.8268,-4.0566,-0.0918,0.2852,other
111007,0.3944,-0.266,-0.8142,-3.3945,-0.0703,0.2324,other
111030,0.4059,-0.2698,-0.8037,-2.9043,-0.1074,0.0801,other
111053,0.4176,-0.2743,-0.8204,-2.1992,-0.2187,-0.2891,other
111076,0.4038,-0.274,-0.8201,-1.6816,-0.3828,-0.7324,other
111099,0.397,-0.2661,-0.8164,-1.5156,-0.5195,-1.002,other
111122,0.385,-0.2594,-0.8442,-1.6113,-0.752,-1.2676,other
111145,0.3799,-0.2599,-0.859,-1.9199,-0.9238,-1.3125,other
111168,0.408,-0.2557,-0.8646,-2.709,-1.209,-1.168,other
111191,0.3937,-0.2582,-0.854,-3.3809,-1.5508,-0.8359,other
111214,0.3749,-0.2607,-0.8385,-4.3906,-1.8066,-0.5586,other
111237,0.3973,-0.2626,-0.8224,-5.123,-2.1738,-0.1289,other
111260,0.3901,-0.2665,-0.8181,-5.332,-2.3809,0.125,other
111283,0.3906,-0.2743,-0.8229,-5.166,-2.6152,0.4082,other
111306,0.4148,-0.2736,-0.8234,-4.7773,-2.7168,0.5176,other
111329,0.4102,-0.2705,-0.8336,-3.9316,-2.8086,0.5645,other
111352,0.3802,-0.265,-0.825,-3.0098,-2.8516,0.5176,other
111375,0.3751,-0.2595,-0.8145,-2.4687,-2.8477,0.4844,other
111398,0.3757,-0.2601,-0.825,-1.8926,-2.7617,0.4961,other
111421,0.3759,-0.2629,-0.8341,-1.7109,-2.6445,0.5547,other
111444,0.3934,-0.2657,-0.8455,-1.7832,-2.3828,0.6797,other
111467,0.4138,-0.2642,-0.8336,-2.2559,-2.0762,0.7676,other
111490,0.3955,-0.2648,-0.8182,-2.7461,-1.8926,0.7656,other
111513,0.3856,-0.2594,-0.8158,-3.623,-1.6992,0.6523,other
111536,0.3843,-0.26,-0.8245,-4.2402,-1.625,0.5234,other
111559,0.3754,-0.26,-0.8444,-5.1465,-1.5898,0.2832,other
111582,0.3843,-0.2599,-0.8611,-6.2266,-1.6172,0.0352,other
111605,0.4034,-0.2585,-0.8594,-6.5449,-1.6699,-0.1172,other
111628,0.3822,-0.2584,-0.8633,-7.2441,-1.8301,-0.3086,other
111651,0.3743,-0.259,-0.8413,-7.5859,-1.9863,-0.3906,other
111674,0.3772,-0.2595,-0.834,-7.8047,-2.2227,-0.4004,other
111697,0.3794,-0.2601,-0.8301,-7.7129,-2.3535,-0.3281,other
111720,0.3822,-0.26,-0.8267,-7.2187,-2.4824,-0.1445,other
111743,0.3928,-0.26,-0.8314,-6.3809,-2.5,0.0625,other
111766,0.3868,-0.26,-0.848,-5.7148,-2.4414,0.1738,other
111789,0.3838,-0.26,-0.8408,-4.6973,-2.252,0.2617,other
111812,0.3878,-0.26,-0.8395,-4.0723,-2.0664,0.2637,other
111835,0.3809,-0.26,-0.8428,-3.2812,-1.7422,0.1895,other
111858,0.3768,-0.26,-0.8342,-2.6973,-1.4258,0.0645,other
111881,0.3829,-0.26,-0.8378,-2.418,-1.2539,-0.0215,other
111904,0.379,-0.26,-0.8356,-2.1387,-1.0898,-0.1289,other
111927,0.3749,-0.26,-0.8127,-2.0293,-1.0508,-0.1738,other
111950,0.3771,-0.26,-0.8353,-1.9492,-1.0645,-0.2012,other
111973,0.3812,-0.2603,-0.8501,-1.9688,-1.1289,-0.1992,other
111996,0.3749,-0.2603,-0.8369,-2.043,-1.1973,-0.2031,other
112019,0.3717,-0.2605,-0.8196,-2.2344,-1.3008,-0.2324,other
112042,0.3746,-0.26,-0.7997,-2.3926,-1.3379,-0.2676,other
112065,0.3948,-0.2604,-0.825,-2.6621,-1.2852,-0.3535,other
112088,0.4347,-0.262,-0.8583,-2.873,-1.1895,-0.959,other
112111,0.4084,-0.2629,-0.833,-3.2891,-1.043,-0.7207,other
112134,0.3721,-0.2599,-0.8027,-3.8066,-0.9277,-1.0605,other
112157,0.3784,-0.26,-0.8169,-4.1719,-0.8301,-1.2676,other
112180,0.4062,-0.2594,-0.8567,-4.7051,-0.6016,-1.4824,other
112203,0.4019,-0.2589,-0.8798,-5.0449,-0.4043,-1.5625,other
112226,0.3741,-0.2482,-0.8352,-5.5176,-0.0977,-1.6074,other
112249,0.3761,-0.248,-0.8269,-5.8359,0.2266,-1.5645,other
112272,0.3789,-0.2542,-0.8374,-5.8906,0.4609,-1.5059,other
112295,0.4097,-0.2593,-0.8585,-5.6875,0.793,-1.4453,other
112318,0.4113,-0.2601,-0.8392,-5.377,0.9336,-1.4727,other
112341,0.3949,-0.26,-0.799,-4.6914,0.9355,-1.666,other
112364,0.3975,-0.2605,-0.7925,-3.8066,0.7051,-2.0176,other
112387,0.4042,-0.2627,-0.8197,-3.166,0.4668,-2.3008,other
112410,0.3949,-0.2611,-0.8221,-2.2773,0.0215,-2.7402,other
112433,0.3757,-0.2599,-0.8252,-1.834,-0.3047,-3.0,other
112456,0.3757,-0.2573,-0.8114,-1.5293,-0.75,-3.2773,other
112479,0.3756,-0.249,-0.8276,-1.6113,-0.9727,-3.3633,other
112502,0.3759,-0.2499,-0.8386,-2.1992,-1.1523,-3.3105,other
112525,0.389,-0.2546,-0.8235,-3.3242,-1.125,-3.1055,other
112548,0.4116,-0.2609,-0.8097,-4.3164,-0.9883,-2.9199,other
112571,0.4155,-0.2574,-0.8438,-6.0508,-0.6133,-2.6191,other
112594,0.4564,-0.2568,-0.8895,-7.3027,-0.25,-2.3945,other
112617,0.4564,-0.2606,-0.8331,-9.207,0.4805,-1.9707,other
112640,0.4028,-0.2599,-0.7983,-10.9316,1.4023,-1.3008,other
112663,0.4844,-0.2754,-0.864,-11.873,2.1289,-0.6016,other
112686,0.6476,-0.2639,-0.7749,-13.0059,3.3242,0.8945,other
112709,0.5469,-0.2572,-0.8214,-13.7422,4.0332,2.1211,other
112732,0.4762,-0.2307,-0.9161,-15.4902,4.8887,4.1074,other
112755,0.4418,-0.1901,-0.9014,-19.1641,5.8672,6.0527,other
112778,0.2788,-0.1406,-0.7771,-23.1836,6.8457,7.1992,other
112801,0.2258,-0.1099,-0.6936,-31.709,9.1484,8.3828,other
112824,0.3353,-0.0551,-0.7029,-38.9121,11.2969,8.4414,other
112847,0.4404,0.0015,-0.7827,-51.709,14.6777,6.4043,other
112870,0.4369,0.0387,-0.7753,-61.3535,16.7305,0.6113,other
112893,0.4376,0.0695,-0.7379,-64.0,16.5,-5.6289,other
112916,0.4207,0.1176,-0.665,-64.0,14.2109,-18.0176,other
112939,0.4335,0.1638,-0.7582,-64.0,11.6348,-27.502,other
112962,0.4843,0.1932,-1.0573,-64.0,6.6602,-41.75,other
112985,0.3999,0.2468,-1.085,-64.0,2.4668,-50.1719,other
113008,0.4757,0.3185,-0.9426,-64.0,-5.4863,-59.5762,other
113031,0.3109,0.3414,-0.8293,-64.0,-15.0156,-63.666,other
113054,0.1772,0.3103,-0.7113,-64.0,-21.3047,-62.9082,other
113077,0.1576,0.2979,-0.6956,-64.0,-28.3672,-56.5762,other
113100,0.2802,0.2649,-0.7852,-64.0,-30.6113,-49.5566,other
113123,0.3561,0.2434,-0.7834,-44.8984,-30.5313,-36.9473,other
113146,0.3413,0.2552,-0.646,-18.9512,-28.1836,-24.7754,other
113169,0.2473,0.2457,-0.6814,-4.6953,-26.3438,-18.1816,other
113192,0.2218,0.2517,-0.7644,9.8848,-23.8203,-11.4902,other
113215,0.2853,0.2688,-0.8031,14.3555,-22.3477,-9.2383,other
113238,0.3463,0.2821,-0.8223,13.1973,-20.6133,-8.7891,other
113261,0.2572,0.3018,-0.8387,4.4453,-19.7715,-10.8125,other
113284,0.2262,0.316,-0.7755,-4.3008,-19.6465,-12.7266,other
113307,0.2666,0.3282,-0.7778,-18.2891,-19.5957,-15.2402,other
113330,0.3184,0.3373,-0.7773,-26.752,-19.3516,-16.1836,other
113353,0.3082,0.3497,-0.7775,-36.2207,-18.4473,-16.1211,other
113376,0.191,0.3612,-0.8246,-39.8281,-17.4922,-15.0586,other
113399,0.1394,0.3708,-0.7939,-41.1348,-15.5234,-12.1016,other
113422,0.2025,0.3621,-0.7803,-38.2734,-12.9941,-8.0742,other
113445,0.2756,0.3582,-0.7677,-34.7344,-11.3477,-5.2832,other
113468,0.2871,0.3655,-0.7104,-28.2637,-9.9238,-1.7246,other
113491,0.1855,0.3242,-0.7961,-23.9199,-10.2617,-0.0937,other
113514,0.1567,0.3676,-0.8987,-18.3594,-13.2051,1.0332,other
113537,0.24,0.3546,-0.8635,-14.6836,-18.7734,0.6836,other
113560,0.1012,0.3679,-0.7526,-13.5527,-23.2891,-0.2344,other
113583,0.1532,0.4004,-0.754,-14.0547,-29.7129,-2.4199,other
113606,0.1414,0.4337,-0.7814,-15.8457,-33.0879,-4.2637,other
113629,0.1534,0.4214,-0.7443,-20.4141,-36.1719,-7.2949,other
113652,0.1725,0.4266,-0.7767,-26.584,-36.418,-10.2832,other
113675,0.0953,0.4453,-0.7573,-31.1543,-34.9277,-12.1172,other
113698,0.0348,0.4614,-0.7433,-38.002,-30.3711,-14.582,other
113721,0.0538,0.4702,-0.7051,-42.1875,-26.0254,-16.0273,other
113744,0.0939,0.488,-0.6963,-47.4102,-18.4453,-17.791,other
113767,0.0872,0.4993,-0.6997,-50.0156,-13.2773,-18.5664,other
113790,0.0465,0.5116,-0.6492,-52.4531,-5.957,-18.8711,other
113813,0.1003,0.5215,-0.6238,-53.1348,0.5332,-17.9102,other
113836,0.1382,0.5366,-0.6207,-52.7051,4.1211,-16.502,other
113859,0.1409,0.5321,-0.6522,-50.9551,7.7812,-13.3086,other
113882,0.1295,0.5237,-0.6425,-49.1836,8.9473,-10.6152,other
113905,0.131,0.5424,-0.5922,-45.8379,9.2676,-6.1758,other
113928,0.1348,0.5659,-0.5977,-41.875,8.7988,-1.9336,other
113951,0.0745,0.5488,-0.6135,-38.9922,8.4121,0.4473,bite
113974,0.1329,0.5459,-0.6317,-34.459,7.8535,3.0156,bite
113997,0.1755,0.5604,-0.6399,-31.373,7.2949,4.0156,bite
114020,0.1306,0.5555,-0.6155,-26.7422,5.7285,4.5586,bite
114043,0.1163,0.5597,-0.5779,-22.166,3.5332,4.1758,bite
114066,0.1279,0.5786,-0.5673,-19.1445,2.1875,3.5371,bite
114089,0.1385,0.5525,-0.6731,-14.6445,1.0469,2.2285,bite
114112,0.157,0.5319,-0.6642,-11.6738,1.123,1.2676,bite
114135,0.1407,0.5288,-0.651,-7.3789,2.4453,-0.0957,bite
114158,0.1422,0.5428,-0.5865,-4.7402,3.8496,-1.2461,bite
114181,0.1189,0.5249,-0.6061,-1.3379,6.0098,-1.8848,bite
114204,0.1764,0.5162,-0.7126,1.1563,7.5352,-2.6738,bite
114227,0.1328,0.5439,-0.7263,2.207,7.9512,-3.1055,bite
114250,0.1002,0.5936,-0.5923,2.8008,7.4961,-3.6914,bite
114273,0.0819,0.6133,-0.6637,2.6074,6.5723,-4.082,bite
114296,0.0844,0.6062,-0.6696,1.6738,4.7734,-4.6289,bite
114319,0.0529,0.5609,-0.6646,0.3379,3.1406,-4.8457,bite
114342,0.0541,0.5571,-0.5248,-0.5391,2.3633,-4.543,bite
114365,0.1294,0.556,-0.5168,-1.3711,1.6777,-2.8867,bite
114388,0.1572,0.5745,-0.5989,-1.252,1.4883,-0.6367,bite
114411,0.2091,0.6487,-0.6075,0.6719,1.8125,4.9004,bite
114434,0.2018,0.6179,-0.6866,5.3555,3.5371,13.0742,bite
114457,0.1847,0.5433,-0.7197,9.9863,5.8164,19.6406,bite
114480,0.3635,0.4855,-0.9073,18.543,11.3398,29.834,bite
114503,0.4908,0.4974,-0.7545,25.0098,16.4766,35.7871,bite
114526,0.4594,0.3922,-0.7834,36.0117,25.7461,41.9512,bite
114549,0.4717,0.311,-0.7649,44.4199,35.8535,44.3203,bite
114572,0.4824,0.2371,-0.7516,58.6543,41.6289,44.2754,bite
114595,0.5261,0.1847,-0.6931,63.998,48.6191,43.3555,bite
114618,0.446,0.1013,-0.6316,63.998,51.6055,43.2559,bite
114641,0.4115,0.0712,-0.6455,63.998,54.5098,45.5176,bite
114664,0.4231,0.0189,-0.6913,63.998,56.543,49.2754,bite
114687,0.5073,-0.0363,-0.6227,63.998,61.3184,58.4766,bite
114710,0.6331,-0.0756,-0.6235,63.998,63.998,63.998,bite
114733,0.7321,-0.1241,-0.7762,63.998,63.998,63.998,bite
114756,0.7618,-0.1112,-0.7819,63.998,63.998,63.998,bite
114779,0.7463,-0.0864,-0.8046,63.998,63.998,63.998,bite
114802,0.7157,-0.0889,-0.8446,63.998,63.998,63.998,bite
114825,0.7828,-0.1252,-0.8568,63.998,63.998,63.998,bite
114848,0.7841,-0.1636,-0.8837,63.998,63.998,63.998,bite
114871,0.7375,-0.1974,-0.8519,54.7578,61.2539,63.998,bite
114894,0.8297,-0.2316,-0.745,46.0762,53.7402,63.998,bite
114917,0.9993,-0.2919,-0.7063,36.832,41.6211,59.4805,bite
114940,1.0239,-0.3563,-0.7838,33.5098,28.8105,51.877,bite
114963,0.9594,-0.3812,-0.7711,32.4707,20.0449,48.0098,bite
114986,0.8882,-0.4045,-0.6832,35.0879,7.3066,44.5723,bite
115009,0.8811,-0.4396,-0.582,38.1816,-0.3281,44.1992,bite
115032,0.8584,-0.5104,-0.5139,43.8262,-9.7715,46.8965,bite
115055,0.8717,-0.5576,-0.5403,47.6426,-14.5234,50.8828,bite
115078,0.771,-0.5707,-0.5181,52.3438,-19.2734,59.8496,bite
115101,0.645,-0.5994,-0.5126,54.7129,-21.1875,63.998,bite
115124,0.5255,-0.6217,-0.4432,54.6309,-20.8496,63.998,bite
115147,0.4637,-0.6339,-0.3505,51.9609,-17.8652,63.998,bite
115170,0.4573,-0.6421,-0.3668,48.623,-14.2988,63.998,bite
115193,0.4037,-0.66,-0.3892,41.5273,-7.2148,63.998,bite
115216,0.3466,-0.6527,-0.4521,32.0801,0.7598,63.998,bite
115239,0.1914,-0.6134,-0.4596,24.5762,5.9844,63.998,bite
115262,0.1,-0.6416,-0.4669,11.8652,13.3555,63.998,bite
115285,0.1273,-0.6294,-0.4673,2.7344,17.9453,63.998,bite
115308,0.1951,-0.6001,-0.5388,-11.3457,24.0508,63.998,bite
115331,0.2451,-0.5645,-0.6355,-25.2227,28.418,63.998,bite
115354,0.2456,-0.5768,-0.7639,-34.0273,29.9492,63.998,bite
115377,0.2085,-0.5984,-0.7793,-46.0137,30.0879,63.998,bite
115400,0.2412,-0.6075,-0.7595,-52.7715,29.0215,63.998,bite
115423,0.3453,-0.6204,-0.7222,-60.209,26.3457,63.998,bite
115446,0.3007,-0.6331,-0.7449,-62.9688,24.1035,63.998,bite
115469,0.2566,-0.6628,-0.7528,-63.5742,20.3887,63.998,bite
115492,0.2714,-0.6748,-0.7662,-60.3242,16.7754,63.998,bite
115515,0.2869,-0.6581,-0.6919,-56.4863,14.6074,57.4355,bite
115538,0.3096,-0.6581,-0.7806,-49.123,11.793,48.8594,bite
115561,0.2151,-0.6764,-0.7695,-43.709,10.2051,44.1504,bite
115584,0.2087,-0.6771,-0.7517,-35.7129,8.3477,38.5039,bite
115607,0.2531,-0.677,-0.7819,-28.6094,7.1367,34.209,bite
115630,0.2727,-0.677,-0.7454,-24.6289,6.4922,31.7813,bite
115653,0.2782,-0.6726,-0.7052,-19.8711,5.4277,28.3066,bite
115676,0.2991,-0.6865,-0.7842,-17.4199,4.5781,25.9121,bite
115699,0.2643,-0.6802,-0.7396,-14.6055,3.1074,22.1191,bite
115722,0.2343,-0.6796,-0.7239,-12.498,1.5371,18.2344,bite
115745,0.2629,-0.6748,-0.7146,-11.2969,0.5195,15.7246,bite
115768,0.2588,-0.6603,-0.6887,-9.5996,-0.9375,12.2266,bite
115791,0.2777,-0.6312,-0.7336,-8.4883,-1.8906,10.125,bite
115814,0.2222,-0.5879,-0.7826,-6.8672,-3.3281,7.4023,bite
115837,0.2291,-0.592,-0.9846,-5.8223,-4.1875,5.4395,bite
115860,0.2593,-0.9619,-0.4567,-4.084,-5.0645,4.3984,bite
115883,0.3008,-0.7583,-0.6356,-1.5332,-5.293,3.5879,bite
115906,0.22,-0.6901,-0.6882,0.8398,-5.1113,3.2305,bite
115929,0.1941,-0.6461,-0.7118,5.3457,-4.4473,2.5039,bite
115952,0.252,-0.6622,-0.6946,8.6348,-3.7812,1.7129,other
115975,0.2311,-0.4631,-0.8573,12.9004,-2.457,0.0527,other
115998,0.2235,-0.3199,-0.9108,15.0137,-0.5098,-1.9551,other
116021,0.1951,-0.3353,-0.7135,14.8555,1.2402,-3.3379,other
116044,0.0444,-0.6074,-1.0397,12.3262,4.6738,-5.2461,other
116067,0.3058,-0.5865,-0.5426,9.5059,7.4199,-6.3809,other
116090,0.1078,-0.6799,-0.4618,5.4336,10.7832,-8.2383,other
116113,0.0103,-0.6714,-0.5398,4.1055,11.0137,-11.0098,other
116136,-0.0221,-0.6667,-0.5958,5.4746,8.6191,-13.9238,other
116159,0.0972,-0.6261,-0.5674,10.6094,0.7461,-21.0703,other
116182,0.2582,-0.6323,-0.5316,15.3965,-7.3633,-28.291,other
116205,0.2737,-0.59,-0.5562,23.0742,-23.5117,-43.0449,other
116228,0.2131,-0.5502,-0.609,27.5859,-43.3828,-61.5117,other
116251,0.2252,-0.5505,-0.5872,32.0352,-57.2246,-64.0,other
116274,0.3029,-0.5214,-0.5186,32.707,-64.0,-64.0,other
116297,0.2618,-0.4357,-0.4591,30.9141,-64.0,-64.0,other
116320,0.2391,-0.3285,-0.431,24.9805,-64.0,-64.0,other
116343,0.371,-0.2727,-0.5819,18.832,-64.0,-64.0,other
116366,0.6162,-0.2826,-0.9319,5.8437,-64.0,-64.0,other
116389,0.813,-0.3136,-1.1271,-12.1738,-64.0,-64.0,other
116412,0.7136,-0.3083,-1.1434,-26.7422,-64.0,-64.0,other
116435,0.3668,-0.3003,-1.3185,-50.9121,-64.0,-64.0,other
116458,0.2611,-0.283,-1.495,-64.0,-64.0,-64.0,other
116481,0.0006,-0.2614,-1.4395,-64.0,-64.0,-64.0,other
116504,-0.0316,-0.2671,-1.0289,-64.0,-64.0,-64.0,other
116527,0.0508,-0.3191,-0.759,-64.0,-64.0,-64.0,other
116550,0.1014,-0.3472,-0.7827,-64.0,-60.8652,-64.0,other
116573,0.1321,-0.3336,-0.8015,-64.0,-36.6582,-49.1426,other
116596,0.2117,-0.3344,-1.0841,-37.332,-0.4492,-23.6094,other
116619,0.2181,-0.3357,-1.2174,-15.8672,30.3203,-2.8262,other
116642,0.2365,-0.3411,-1.1541,11.3652,45.5566,7.3398,other
116665,0.3319,-0.3511,-1.1084,28.4082,59.0313,16.5293,other
116688,0.3842,-0.3606,-1.0869,33.5801,61.9395,18.8008,other
116711,0.2988,-0.3494,-1.0031,33.5039,58.748,17.4336,other
116734,0.228,-0.3484,-0.9458,29.7266,52.9883,14.2402,other
116757,0.2163,-0.3687,-0.9059,21.3555,41.6074,7.7656,other
116780,0.2545,-0.3823,-0.807,12.8574,29.8926,1.0469,other
116803,0.3153,-0.4026,-0.7987,8.4121,23.125,-2.8945,other
116826,0.3397,-0.4131,-0.8153,4.4355,15.2695,-7.5449,other
116849,0.3477,-0.3949,-0.7795,3.4805,11.3848,-9.7637,other
116872,0.3341,-0.3724,-0.777,3.7402,6.7773,-11.8652,other
116895,0.303,-0.3694,-0.7775,4.6738,2.959,-12.666,other
116918,0.2992,-0.3707,-0.8192,4.9609,0.8398,-12.5586,other
116941,0.3031,-0.3539,-0.9122,4.0391,-1.5059,-11.5859,other
116964,0.2913,-0.3322,-0.9247,2.2168,-2.5273,-10.5195,other
116987,0.2672,-0.3085,-0.9186,-2.3594,-3.4395,-8.5254,other
117010,0.2526,-0.2964,-0.9314,-8.3398,-3.7773,-6.3164,other
117033,0.2289,-0.2842,-0.9308,-12.8301,-3.7402,-4.8437,other
117056,0.2153,-0.2836,-0.9333,-18.7676,-3.3887,-2.8027,other
117079,0.2391,-0.2902,-0.9446,-21.8496,-3.0156,-1.6484,other
117102,0.2661,-0.2954,-0.937,-24.5586,-2.3516,-0.3887,other
117125,0.2656,-0.3044,-0.913,-24.9043,-1.9277,0.0566,other
117148,0.2429,-0.3071,-0.863,-23.2109,-1.418,0.0977,other
117171,0.2687,-0.3087,-0.861,-19.1875,-0.9766,-0.4941,other
117194,0.2919,-0.3198,-0.9048,-15.5762,-0.6562,-1.1348,other
117217,0.292,-0.3226,-0.8888,-9.5234,-0.1699,-2.2871,other
117240,0.2717,-0.3202,-0.8248,-5.5137,0.1094,-3.0742,other
117263,0.2688,-0.3209,-0.8008,-0.1465,0.4219,-4.0957,other
117286,0.281,-0.3292,-0.8568,3.916,0.707,-4.7324,other
117309,0.2981,-0.3313,-0.8928,5.6777,0.9316,-4.8887,other
117332,0.2958,-0.3212,-0.8948,6.7324,1.2695,-4.709,other
117355,0.2612,-0.3175,-0.8728,6.4219,1.4102,-4.3437,other
117378,0.2507,-0.3145,-0.8533,4.7754,1.4316,-3.4961,other
117401,0.2789,-0.3184,-0.8765,2.3008,1.3242,-2.416,other
117424,0.2999,-0.3239,-0.8961,0.5117,1.2305,-1.6777,other
117447,0.2928,-0.3243,-0.8905,-1.9727,1.0859,-0.709,other
117470,0.2753,-0.3215,-0.8743,-3.3164,1.0117,-0.2187,other
117493,0.2632,-0.3279,-0.8566,-4.6406,0.9707,0.25,other
117516,0.2711,-0.3263,-0.8328,-5.0059,1.0059,0.3984,other
117539,0.285,-0.3268,-0.8347,-4.8281,1.1172,0.3906,other
117562,0.2871,-0.3284,-0.8785,-4.043,1.2207,0.1289,other
117585,0.2861,-0.3234,-0.8849,-3.4082,1.248,-0.1602,other
117608,0.2826,-0.3162,-0.8757,-2.625,1.2051,-0.6895,other
117631,0.2799,-0.3181,-0.8646,-2.332,1.1406,-1.0547,other
117654,0.2797,-0.3196,-0.8463,-2.2871,1.0527,-1.5586,other
117677,0.2778,-0.3173,-0.8451,-2.6367,1.0449,-1.9805,other
117700,0.3004,-0.3162,-0.8772,-3.0293,1.0859,-2.2266,other
117723,0.33,-0.3182,-0.9189,-3.8008,1.0859,-2.5762,other
117746,0.3003,-0.3146,-0.8856,-4.4102,0.9258,-2.7988,other
117769,0.2527,-0.3131,-0.8453,-5.3398,0.4258,-3.0605,other
117792,0.2767,-0.3153,-0.8439,-6.0566,-0.0703,-3.0996,other
117815,0.3104,-0.3215,-0.8585,-6.3242,-0.2285,-2.9746,other
117838,0.3015,-0.3229,-0.8865,-6.4199,-0.1309,-2.6133,other
117861,0.2843,-0.314,-0.8855,-6.3398,0.1523,-2.3027,other
117884,0.2849,-0.3073,-0.8842,-6.127,0.8926,-1.7852,other
117907,0.3022,-0.3071,-0.9021,-5.9668,1.5664,-1.2813,other
117930,0.3073,-0.3021,-0.8995,-5.7266,2.7187,-1.002,other
117953,0.3251,-0.3005,-0.8992,-5.4238,3.8223,-0.75,other
117976,0.3591,-0.3038,-0.8921,-5.1191,4.4141,-0.7285,other
117999,0.3605,-0.3103,-0.8761,-4.375,4.9102,-0.9277,other
118022,0.3495,-0.3191,-0.8594,-3.6113,4.9258,-1.1836,other
118045,0.3308,-0.325,-0.8418,-1.998,4.502,-1.6309,other
118068,0.3085,-0.3313,-0.827,0.1211,3.6367,-1.9668,other
118091,0.3002,-0.3356,-0.8309,1.6992,2.8945,-2.0332,other
118114,0.3065,-0.3434,-0.8445,4.0332,1.6719,-1.8184,other
118137,0.3131,-0.3485,-0.848,5.3711,0.8633,-1.4648,other
118160,0.3159,-0.3538,-0.8356,6.7598,-0.2383,-0.6777,other
118183,0.3058,-0.3539,-0.8116,7.2227,-1.0625,0.3203,other
118206,0.2875,-0.354,-0.7814,7.0,-1.3594,1.0547,other
118229,0.2932,-0.3479,-0.7875,5.9316,-1.3359,2.1953,other
118252,0.3042,-0.3466,-0.8451,4.7578,-1.0273,2.9355,other
118275,0.3199,-0.3457,-0.8889,2.3184,-0.3008,3.9121,other
118298,0.3217,-0.3362,-0.8845,0.2676,0.4395,4.6133,other
118321,0.3104,-0.324,-0.8853,-3.25,0.7754,4.8828,other
118344,0.2994,-0.3181,-0.8949,-6.877,0.875,4.9824,other
118367,0.2914,-0.3182,-0.8922,-9.0762,0.6465,4.8652,other
118390,0.2931,-0.3253,-0.8828,-11.6426,-0.0371,4.4687,other
118413,0.3184,-0.3282,-0.869,-12.6777,-0.6055,4.082,other
118436,0.3123,-0.33,-0.8792,-13.0449,-1.4453,3.3437,other
118459,0.3005,-0.3311,-0.8596,-12.0332,-2.1035,2.4727,other
118482,0.3002,-0.3301,-0.8414,-10.7227,-2.3555,1.8672,other
118505,0.302,-0.3298,-0.8374,-8.1289,-2.3789,0.998,other
118528,0.3196,-0.3333,-0.85,-6.2109,-2.1699,0.4766,other
118551,0.3442,-0.3367,-0.8751,-3.4609,-1.6309,-0.1973,other
118574,0.3258,-0.3353,-0.8698,-1.2813,-1.0254,-0.7363,other
118597,0.2996,-0.3317,-0.8335,-0.2754,-0.6875,-1.0117,other
118620,0.3038,-0.3386,-0.8412,0.541,-0.3516,-1.2559,other
118643,0.303,-0.3413,-0.8585,0.6738,-0.2461,-1.3047,other
118666,0.3082,-0.34,-0.8473,0.3691,-0.2402,-1.2266,other
118689,0.3148,-0.3387,-0.8303,-0.0937,-0.3594,-1.0215,other
118712,0.3137,-0.3397,-0.8379,-1.0508,-0.5,-0.8438,other
118735,0.3159,-0.3374,-0.834,-2.2266,-0.8086,-0.5586,other
118758,0.3236,-0.3304,-0.8081,-3.1016,-1.084,-0.373,other
118781,0.2819,-0.3268,-0.8639,-4.5625,-1.6172,-0.1152,other
118804,0.2941,-0.3234,-0.9064,-5.6758,-2.082,0.0547,other
118827,0.2955,-0.3058,-0.8964,-7.6133,-2.9883,0.3398,other
118850,0.2948,-0.3025,-0.9042,-9.75,-4.0762,0.6523,other
118873,0.2858,-0.2996,-0.9119,-11.1113,-4.7891,0.8496,other
118896,0.2838,-0.3052,-0.8933,-12.7109,-5.6289,1.0723,other
118919,0.3041,-0.3145,-0.8759,-13.2852,-5.9219,1.1367,other
118942,0.307,-0.3218,-0.8425,-13.1562,-5.8574,1.0508,other
118965,0.2942,-0.3213,-0.8398,-11.7754,-5.1973,0.709,other
118988,0.306,-0.3198,-0.8463,-10.2754,-4.4805,0.3594,other
119011,0.3152,-0.3209,-0.8639,-7.5488,-3.1777,-0.2832,other
119034,0.2982,-0.3177,-0.8591,-5.6934,-2.3008,-0.7441,other
119057,0.3009,-0.3138,-0.8687,-3.291,-1.1777,-1.3867,other
119080,0.3026,-0.3138,-0.8676,-1.7051,-0.4258,-1.8613,other
119103,0.2949,-0.3086,-0.8621,-1.1875,-0.1582,-2.0469,other
119126,0.2954,-0.308,-0.8751,-1.1836,-0.0684,-2.1074,other
119149,0.2954,-0.3081,-0.8909,-1.6074,-0.1699,-2.0215,other
119172,0.3109,-0.3057,-0.8777,-2.6562,-0.4824,-1.7598,other
119195,0.3213,-0.3054,-0.8754,-3.4648,-0.748,-1.0469,other
119218,0.3156,-0.3113,-0.8813,-4.5625,-1.166,-1.252,other
119241,0.3099,-0.3119,-0.8657,-5.2617,-1.5547,-1.0313,other
119264,0.2982,-0.3157,-0.8494,-5.4219,-1.7793,-0.9219,other
119287,0.2927,-0.3193,-0.822,-5.1836,-2.043,-0.7793,other
119310,0.2947,-0.3265,-0.8414,-4.7676,-2.1699,-0.6797,other
119333,0.3007,-0.3289,-0.8618,-3.9961,-2.3496,-0.5195,other
119356,0.2908,-0.3237,-0.8623,-3.4258,-2.6289,-0.3496,other
119379,0.2749,-0.3136,-0.8684,-3.3398,-2.9219,-0.2285,other
119402,0.2654,-0.304,-0.8748,-3.7988,-3.5488,-0.0234,other
119425,0.2616,-0.2919,-0.8835,-4.5039,-4.0625,0.1348,other
119448,0.2688,-0.2833,-0.8848,-6.0508,-4.8691,0.3887,other
119471,0.3032,-0.2803,-0.9036,-7.9316,-5.5625,0.5996,other
119494,0.3,-0.2836,-0.9189,-9.1934,-5.9082,0.6699,other
119517,0.292,-0.2822,-0.8949,-10.8164,-6.1875,0.6406,other
119540,0.2931,-0.2869,-0.868,-11.5508,-6.1758,0.543,other
119563,0.2859,-0.295,-0.8495,-11.8848,-5.8164,0.3477,other
119586,0.2772,-0.302,-0.8467,-11.543,-5.3535,0.1855,other
119609,0.2629,-0.3,-0.8402,-10.2988,-4.3691,0.1426,other
119632,0.2578,-0.2924,-0.8562,-8.5469,-3.123,0.2031,other
119655,0.2825,-0.2841,-0.8994,-7.375,-2.2148,0.3184,other
119678,0.3082,-0.2803,-0.9283,-6.0156,-0.873,0.5371,other
119701,0.2969,-0.272,-0.917,-5.5234,-0.0879,0.6641,other
119724,0.2784,-0.272,-0.8723,-5.4062,0.8145,0.7715,other
119747,0.2855,-0.2811,-0.8657,-5.7402,1.3828,0.7715,other
119770,0.2947,-0.2897,-0.8744,-5.998,1.6172,0.7129,other
119793,0.2937,-0.2961,-0.8813,-6.1934,1.832,0.5332,other
119816,0.2909,-0.2946,-0.8762,-6.123,1.9336,0.3574,other
119839,0.2791,-0.2898,-0.8558,-5.6973,2.0684,0.0391,other
119862,0.2982,-0.2865,-0.8579,-4.9668,2.2109,-0.293,other
119885,0.3085,-0.2859,-0.8757,-4.3906,2.2988,-0.5098,other
119908,0.2959,-0.2811,-0.8789,-3.5664,2.3809,-0.8223,other
119931,0.3018,-0.2776,-0.8849,-3.1289,2.3984,-1.0137,other
119954,0.3146,-0.2832,-0.8901,-2.7207,2.3906,-1.2637,other
119977,0.3054,-0.2936,-0.8779,-2.6094,2.3594,-1.4648,other
120000,0.2953,-0.2983,-0.839,-2.5879,2.3027,-1.5664,other
120023,0.2998,-0.2994,-0.8245,-2.584,2.3086,-1.6621,other
120046,0.3102,-0.2998,-0.8512,-2.5449,2.373,-1.6914,other
120069,0.3123,-0.2936,-0.8715,-2.498,2.4961,-1.709,other
120092,0.2977,-0.281,-0.8756,-2.5645,2.5273,-1.7246,other
120115,0.3121,-0.272,-0.8798,-2.9355,2.4023,-1.7793,other
120138,0.323,-0.2681,-0.8842,-3.6719,2.0332,-1.8848,other
120161,0.3192,-0.2682,-0.8948,-4.3105,1.666,-1.9863,other
120184,0.3134,-0.2679,-0.8799,-5.3359,1.0039,-2.1816,other
120207,0.3047,-0.2747,-0.8708,-5.9434,0.543,-2.3223,other
120230,0.3163,-0.2825,-0.8679,-6.543,-0.0859,-2.5176,other
120253,0.3202,-0.2831,-0.8579,-6.6328,-0.584,-2.6738,other
120276,0.3101,-0.2826,-0.8505,-6.4004,-0.8535,-2.7461,other
120299,0.3108,-0.2826,-0.8475,-5.7187,-1.1992,-2.7969,other
120322,0.3121,-0.2806,-0.8575,-5.1504,-1.4141,-2.8008,other
120345,0.3046,-0.2784,-0.8639,-4.3477,-1.7578,-2.7871,other
120368,0.298,-0.2754,-0.8529,-3.9687,-2.1504,-2.7812,other
120391,0.3029,-0.2742,-0.8817,-3.7734,-2.4199,-2.791,other
120414,0.3074,-0.2667,-0.8704,-4.1309,-2.793,-2.8125,other
120437,0.3116,-0.2676,-0.9161,-4.6758,-2.9824,-2.8184,other
120460,0.3198,-0.2595,-0.8961,-5.875,-3.1465,-2.7754,other
120483,0.2927,-0.2593,-0.8723,-6.8242,-3.1914,-2.6914,other
120506,0.2872,-0.2582,-0.8806,-8.2031,-3.1719,-2.4434,other
120529,0.3076,-0.2592,-0.8962,-9.2246,-3.0117,-2.0625,other
120552,0.3096,-0.2595,-0.9042,-9.5859,-2.8379,-1.7832,other
120575,0.2874,-0.2601,-0.8999,-9.5645,-2.5195,-1.4297,other
120598,0.2909,-0.26,-0.8795,-9.1621,-2.2617,-1.2813,other
120621,0.297,-0.2601,-0.8804,-7.998,-1.7676,-1.2285,other
120644,0.3154,-0.2599,-0.8704,-6.2715,-1.127,-1.4121,other
120667,0.3202,-0.2601,-0.8676,-4.9043,-0.6348,-1.6699,other
120690,0.3099,-0.2615,-0.879,-2.7168,0.1875,-2.2246,other
120713,0.3474,-0.2668,-0.8757,-1.2754,0.8105,-2.6582,other
120736,0.3779,-0.2764,-0.8499,0.6875,1.8398,-3.3086,other
120759,0.3705,-0.2825,-0.8181,2.2988,2.8672,-3.8359,other
120782,0.3339,-0.2953,-0.8151,3.1426,3.5078,-4.0273,other
120805,0.3315,-0.3009,-0.828,3.9824,4.3945,-3.9258,other
120828,0.3363,-0.3007,-0.8604,4.1797,4.8926,-3.5605,other
120851,0.3202,-0.2903,-0.8644,3.7871,5.3281,-2.6074,other
120874,0.3231,-0.2712,-0.8582,3.0156,5.3066,-1.7656,other
120897,0.3134,-0.2587,-0.8649,1.1406,4.6914,-0.3457,other
120920,0.3269,-0.2596,-0.891,-1.3926,3.3965,1.0664,other
120943,0.3428,-0.2592,-0.9216,-3.2754,2.2441,1.8945,other
120966,0.3433,-0.2603,-0.9232,-6.0566,0.2383,2.8281,other
120989,0.3169,-0.2599,-0.8867,-7.6582,-1.1738,3.2109,other
121012,0.2938,-0.2605,-0.871,-9.2754,-3.1621,3.4648,other
121035,0.3148,-0.2677,-0.8716,-9.6035,-4.666,3.4648,other
121058,0.3363,-0.28,-0.8754,-9.043,-5.2734,3.3848,other
121081,0.3195,-0.2852,-0.8647,-7.1758,-5.5723,3.207,other
121104,0.3103,-0.2886,-0.8461,-5.418,-5.4121,3.0762,other
121127,0.3112,-0.2913,-0.8387,-2.3945,-4.7676,2.9121,other
121150,0.3181,-0.2955,-0.84,0.5996,-3.8594,2.8125,other
121173,0.3279,-0.2985,-0.85,2.3203,-3.2324,2.7793,other
121196,0.3234,-0.3,-0.8541,4.168,-2.4121,2.7598,other
121219,0.3073,-0.3004,-0.8638,4.8027,-1.9961,2.7734,other
121242,0.2966,-0.2952,-0.8612,4.8125,-1.5742,2.8691,other
121265,0.2913,-0.2954,-0.87,4.2402,-1.4023,3.0996,other
121288,0.2943,-0.2936,-0.8694,2.7129,-1.2285,3.3301,other
121311,0.3094,-0.2922,-0.8832,0.6953,-1.0508,3.7559,other
121334,0.3135,-0.2937,-0.8916,-0.7324,-0.8984,4.0449,other
121357,0.3043,-0.2952,-0.8813,-2.7246,-0.6152,4.3926,other
121380,0.3099,-0.2947,-0.8672,-3.8027,-0.3945,4.5234,other
121403,0.307,-0.2953,-0.8597,-4.8477,-0.0371,4.5137,other
121426,0.3031,-0.2963,-0.8617,-5.0957,0.3086,4.2227,other
121449,0.3173,-0.297,-0.8712,-4.8379,0.5098,3.8633,other
121472,0.3237,-0.2998,-0.8776,-3.9609,0.7246,3.084,other
121495,0.3096,-0.3029,-0.8658,-3.166,0.7715,2.4199,other
121518,0.3226,-0.3081,-0.8564,-1.8359,0.6895,1.2734,other
121541,0.3381,-0.3113,-0.8479,-0.5117,0.4434,0.0508,other
121564,0.3309,-0.3187,-0.8431,0.2832,0.2012,-0.7441,other
121587,0.3265,-0.3197,-0.8337,1.2344,-0.2305,-1.7852,other
121610,0.3199,-0.3187,-0.8367,1.6484,-0.5234,-2.3145,other
121633,0.3286,-0.3171,-0.8649,1.8555,-0.8945,-2.7734,other
121656,0.3306,-0.3129,-0.8699,1.6777,-1.0762,-2.7949,other
121679,0.3119,-0.3097,-0.8505,0.9395,-1.2754,-2.582,other
121702,0.3131,-0.3129,-0.847,-0.252,-1.4316,-1.9805,other
121725,0.3108,-0.311,-0.8459,-1.1992,-1.5234,-1.4453,other
121748,0.3003,-0.3099,-0.8523,-2.7012,-1.6309,-0.5547,other
121771,0.312,-0.3068,-0.8636,-3.6992,-1.6699,0.0332,other
121794,0.3323,-0.3043,-0.8877,-5.1348,-1.6836,0.7969,other
121817,0.3213,-0.2979,-0.886,-6.4687,-1.6973,1.3203,other
121840,0.3118,-0.291,-0.8737,-7.2676,-1.7305,1.5176,other
121863,0.2933,-0.2885,-0.8624,-8.2383,-1.8223,1.6113,other
121886,0.3031,-0.288,-0.8647,-8.6719,-1.8926,1.5703,other
121909,0.3278,-0.293,-0.8849,-8.9473,-1.9688,1.3789,other
121932,0.3281,-0.2966,-0.8888,-8.7891,-2.0137,1.0352,other
121955,0.3179,-0.2966,-0.8713,-8.4687,-2.0391,0.7285,other
121978,0.3097,-0.2971,-0.8513,-7.709,-2.0898,0.1934,other
122001,0.2958,-0.3002,-0.8452,-7.041,-2.1328,-0.1758,other
122024,0.3134,-0.2999,-0.8574,-5.8848,-2.1914,-0.6895,other
122047,0.3291,-0.2983,-0.8677,-5.0957,-2.2266,-1.1152,other
122070,0.3226,-0.2986,-0.8787,-4.0488,-2.2363,-1.3398,other
122093,0.3113,-0.2924,-0.8671,-3.3379,-2.2266,-1.5625,other
122116,0.3135,-0.2903,-0.8677,-3.0898,-2.2012,-1.6172,other
122139,0.3114,-0.2944,-0.8767,-3.0391,-2.1406,-1.5352,other
122162,0.3011,-0.2963,-0.8567,-3.1738,-2.0898,-1.377,other
122185,0.2909,-0.2974,-0.848,-3.5137,-1.9883,-1.0117,other
122208,0.3103,-0.298,-0.8688,-3.8965,-1.8262,-0.5664,other
122231,0.3148,-0.2949,-0.8945,-4.1387,-1.6855,-0.2871,other
122254,0.3082,-0.2864,-0.8834,-4.4727,-1.4766,0.0254,other
122277,0.2993,-0.2832,-0.8679,-4.6602,-1.3594,0.1348,other
122300,0.3136,-0.2931,-0.8602,-4.8359,-1.2305,0.1387,other
122323,0.3356,-0.2971,-0.8634,-4.8105,-1.1563,-0.0352,other
122346,0.3259,-0.2975,-0.8696,-4.6699,-1.1465,-0.2383,other
122369,0.3004,-0.2975,-0.8704,-4.3145,-1.2012,-0.6035,other
122392,0.2961,-0.2933,-0.8591,-4.0215,-1.2676,-0.8301,other
122415,0.3005,-0.2938,-0.8708,-3.5645,-1.3594,-1.0684,other
122438,0.304,-0.2947,-0.8651,-3.1699,-1.4121,-1.1504,other
122461,0.3196,-0.2986,-0.8646,-2.9746,-1.4082,-1.1309,other
122484,0.3207,-0.2936,-0.8622,-2.8008,-1.3398,-1.0527,other
122507,0.2996,-0.2864,-0.8702,-2.7695,-1.2598,-0.9941,other
122530,0.2961,-0.285,-0.8744,-2.8457,-1.084,-0.9102,other
122553,0.3221,-0.2905,-0.8772,-2.9687,-0.9238,-0.8613,other
122576,0.3351,-0.2959,-0.8721,-3.207,-0.6523,-0.8223,other
122599,0.3256,-0.2966,-0.8502,-3.4121,-0.3867,-0.8496,other
122622,0.3214,-0.3007,-0.8495,-3.4746,-0.207,-0.8965,other
122645,0.3138,-0.3009,-0.8553,-3.4238,0.0879,-0.9766,other
122668,0.3125,-0.2958,-0.8636,-3.3184,0.2891,-1.0137,other
122691,0.3154,-0.2885,-0.8842,-3.1309,0.5488,-1.0313,other
122714,0.2986,-0.2821,-0.8806,-3.0156,0.6816,-1.0176,other
122737,0.3179,-0.2853,-0.8831,-3.0,0.6895,-1.0078,other
122760,0.3436,-0.2946,-0.8882,-3.0352,0.5879,-1.0293,other
122783,0.3463,-0.3003,-0.8672,-3.0527,0.4277,-1.0977,other
122806,0.3207,-0.3019,-0.8372,-2.9551,0.0352,-1.2969,other
122829,0.3073,-0.308,-0.826,-2.5977,-0.4727,-1.5586,other
122852,0.3152,-0.3136,-0.8394,-2.2129,-0.8066,-1.7207,other
122875,0.3303,-0.3142,-0.8463,-1.543,-1.2461,-1.8945,other
122898,0.313,-0.3085,-0.8456,-1.1543,-1.5078,-1.9492,other
122921,0.2999,-0.297,-0.8553,-0.8691,-1.8711,-1.9238,other
122944,0.3107,-0.2917,-0.8624,-0.9746,-2.0859,-1.8184,other
122967,0.3219,-0.2911,-0.8748,-1.6641,-2.3633,-1.5391,other
122990,0.3221,-0.2902,-0.8735,-2.9473,-2.623,-1.1602,other
123013,0.319,-0.2917,-0.8715,-4.0352,-2.8125,-0.8809,other
123036,0.3141,-0.292,-0.8538,-5.7852,-3.1367,-0.4316,other
123059,0.3175,-0.2958,-0.8442,-6.8809,-3.3496,-0.1133,other
123082,0.3163,-0.2848,-0.8706,-8.2363,-3.5801,0.4004,other
123105,0.2826,-0.2859,-0.873,-9.1777,-3.6562,0.9648,other
123128,0.4059,-0.292,-0.8564,-9.6035,-3.6074,1.3555,other
123151,0.3202,-0.26,-0.8477,-10.0254,-3.4727,1.9063,other
123174,0.4058,-0.2672,-0.9529,-10.2305,-3.418,2.3184,other
123197,0.3715,-0.2971,-0.8923,-10.5996,-3.2129,3.2324,other
123220,0.4236,-0.3071,-0.9001,-11.2363,-2.4863,4.6504,other
123243,0.46,-0.2976,-0.9309,-11.9414,-1.6836,5.7969,other
123266,0.3951,-0.2523,-0.9392,-13.8008,-0.3535,7.4727,other
123289,0.25,-0.2415,-0.7948,-15.8359,0.418,8.3672,other
123312,0.1848,-0.1763,-0.7131,-20.3984,1.6113,9.1602,other
123335,0.2303,-0.1147,-0.7372,-24.6309,3.8066,8.9512,other
123358,0.313,-0.0739,-0.8694,-33.2988,5.5254,7.9102,other
123381,0.2836,-0.0491,-0.9543,-45.334,8.5937,4.4492,other
123404,0.278,-0.0234,-0.8928,-55.1855,10.043,0.7441,other
123427,0.3202,0.0215,-0.7822,-64.0,10.377,-6.6523,other
123450,0.2388,0.0856,-0.7786,-64.0,9.2305,-12.4395,other
123473,0.2477,0.1187,-0.9033,-64.0,6.0391,-21.5293,other
123496,0.291,0.1259,-1.0476,-64.0,2.0391,-30.1152,other
123519,0.3013,0.1621,-0.8987,-64.0,-0.8848,-35.1211,other
123542,0.2852,0.215,-0.7738,-64.0,-5.4609,-41.0039,other
123565,0.2371,0.2417,-0.8087,-64.0,-8.334,-43.5586,other
123588,0.2328,0.3333,-0.8127,-64.0,-11.7988,-44.9961,other
123611,0.1304,0.1123,-0.9604,-64.0,-14.2441,-43.4844,other
123634,0.3175,0.3278,-0.665,-64.0,-15.6738,-41.041,other
123657,0.2408,0.2976,-0.7448,-64.0,-17.9531,-36.0137,other
123680,0.0874,0.3196,-0.9021,-60.9238,-19.5371,-32.2656,other
123703,0.186,0.293,-1.0739,-51.3281,-21.6719,-26.7754,other
123726,0.3363,0.3557,-0.7759,-47.3867,-23.584,-22.1855,other
123749,0.2953,0.3188,-0.8062,-44.8164,-24.959,-19.9004,other
123772,0.1176,0.3611,-0.7845,-44.8516,-26.9922,-17.5527,other
123795,0.101,0.3452,-0.7795,-45.4941,-27.8438,-16.4512,other
123818,0.1885,0.3523,-0.7839,-46.4961,-27.5742,-14.9805,other
123841,0.2012,0.3663,-0.7799,-46.9434,-26.2832,-13.9023,other
123864,0.1776,0.4158,-0.8048,-47.2598,-23.0703,-11.9941,other
123887,0.1522,0.4279,-0.7777,-47.4863,-19.0391,-9.8848,other
123910,0.1641,0.4227,-0.7775,-47.916,-16.3555,-8.5605,other
123933,0.1321,0.4485,-0.775,-49.5762,-13.082,-7.0566,other
123956,0.1075,0.4651,-0.7657,-51.6387,-11.7715,-6.5586,other
123979,0.12,0.4695,-0.6678,-56.4277,-11.6367,-6.7773,other
124002,0.1003,0.5198,-0.6211,-63.168,-14.1387,-8.1719,other
124025,0.0433,0.5887,-0.6262,-64.0,-17.2148,-9.6484,other
124048,0.0466,0.5892,-0.5616,-64.0,-23.2461,-12.4316,other
124071,0.0123,0.5927,-0.5164,-64.0,-27.6582,-14.5039,other
124094,0.0115,0.6077,-0.5208,-64.0,-33.7656,-17.6465,other
124117,-0.0265,0.6288,-0.5128,-64.0,-37.9004,-20.4727,other
124140,-0.0157,0.647,-0.4567,-64.0,-38.9668,-22.002,other
124163,-0.0386,0.6605,-0.4618,-64.0,-37.7383,-23.5723,other
124186,-0.0732,0.6727,-0.455,-64.0,-35.1816,-24.0684,other
124209,-0.0399,0.6738,-0.3965,-64.0,-29.293,-23.9238,other
124232,-0.0548,0.6996,-0.392,-64.0,-24.3809,-23.2051,other
124255,-0.03,0.7021,-0.4003,-64.0,-15.957,-21.1602,other
124278,-0.0031,0.6876,-0.4374,-64.0,-6.3359,-17.957,other
124301,0.042,0.689,-0.4238,-56.8145,0.7734,-15.2187,other
124324,0.0281,0.7012,-0.4285,-45.4961,12.1719,-10.375,other
124347,0.0105,0.718,-0.4277,-38.2129,19.8848,-6.834,other
124370,0.0746,0.7075,-0.4381,-28.1113,30.8887,-1.4375,other
124393,0.1111,0.704,-0.4745,-19.3926,40.248,3.6582,other
124416,0.0829,0.7057,-0.4965,-14.4824,45.1523,6.7012,other
124439,0.1465,0.698,-0.4596,-8.5273,50.1621,10.457,other
124462,0.1387,0.6974,-0.4756,-5.4746,51.6133,12.2695,other
124485,0.1145,0.6941,-0.4644,-2.166,50.3496,13.6934,other
124508,0.1,0.7075,-0.4373,-0.1621,44.8945,13.3262,other
124531,0.0583,0.6942,-0.4852,0.5977,39.3887,12.0547,other
124554,0.0569,0.6931,-0.4622,1.1191,29.6406,8.8281,other
124577,0.0601,0.7025,-0.441,1.1816,22.9336,6.0781,other
124600,0.0659,0.7147,-0.4266,1.0137,13.5293,1.7266,other
124623,0.0996,0.6908,-0.4567,0.793,8.0195,-2.4023,other
124646,0.1021,0.6907,-0.462,0.3867,1.2285,-3.8047,other
124669,0.124,0.686,-0.4745,-0.0117,-3.4922,-5.0176,other
124692,0.118,0.6855,-0.4802,-0.2285,-5.3691,-4.8711,other
124715,0.1061,0.6865,-0.4719,-0.4434,-6.3457,-3.5469,other
124738,0.0894,0.6926,-0.4795,-0.5215,-6.0059,-2.2324,other
124761,0.0935,0.6918,-0.4753,-0.5957,-4.6699,-0.1738,other
124784,0.0709,0.6917,-0.4774,-0.7305,-3.25,1.4316,other
124807,0.0801,0.6919,-0.4617,-0.9258,-2.6855,2.0469,other
124830,0.0834,0.6953,-0.4601,-1.4746,-2.7227,2.1953,other
124853,0.0837,0.6921,-0.4625,-2.0312,-3.2715,1.8359,other
124876,0.0885,0.6882,-0.4471,-3.1074,-4.4375,0.834,other
124899,0.0795,0.6965,-0.4625,-4.3477,-5.4238,-0.4062,other
124922,0.064,0.6993,-0.4481,-5.168,-5.7422,-1.2129,other
124945,0.0594,0.7003,-0.4504,-6.2402,-5.5176,-2.2187,other
124968,0.0845,0.6941,-0.4657,-6.7832,-4.8086,-2.668,other
124991,0.12,0.6949,-0.4371,-7.2852,-2.8516,-2.875,other
125014,0.1328,0.6953,-0.4329,-7.4141,-1.041,-2.4707,other
125037,0.1228,0.6909,-0.4553,-7.3164,2.1719,-1.9316,other
125060,0.1381,0.6945,-0.4607,-6.8926,5.5781,-0.9766,other
125083,0.1221,0.6953,-0.465,-6.4492,7.6582,-0.4375,other
125106,0.082,0.7026,-0.4524,-5.5996,9.9512,-0.082,other
125129,0.032,0.6862,-0.4371,-4.9707,10.5703,-0.2617,other
125152,0.0216,0.697,-0.4387,-4.0566,9.6602,-1.1484,other
125175,0.0719,0.6927,-0.4717,-3.2344,6.5312,-2.4961,other
125198,0.0795,0.6899,-0.486,-2.7051,3.5332,-3.377,other
125221,0.0907,0.6826,-0.4856,-1.873,-1.4023,-4.1758,other
125244,0.0839,0.6927,-0.4725,-1.2813,-4.3379,-4.125,other
125267,0.0959,0.6996,-0.4557,-0.3965,-7.1191,-3.0156,other
125290,0.1206,0.6915,-0.4597,0.373,-7.0742,-0.8477,other
125313,0.1581,0.687,-0.463,0.7422,-5.4023,0.9512,other
125336,0.1422,0.6848,-0.4806,0.9766,-1.0039,3.6953,other
125359,0.1294,0.687,-0.4657,0.875,2.6406,5.25,other
125382,0.1351,0.6976,-0.4521,0.3047,8.0957,6.707,other
125405,0.0946,0.6862,-0.4613,-0.3535,12.1074,6.8008,other
125428,0.1085,0.6919,-0.4559,-1.7207,13.877,6.084,other
125451,0.1621,0.6908,-0.4332,-3.4102,14.2676,4.0547,other
125474,0.1423,0.6991,-0.4673,-4.5918,13.3633,2.2891,other
125497,0.1248,0.7013,-0.4115,-6.2168,10.6836,-0.5703,other
125520,0.0581,0.6824,-0.4531,-7.0859,8.2344,-2.4062,other
125543,0.0154,0.6829,-0.4604,-7.9453,3.9687,-4.666,other
125566,0.1316,0.7004,-0.4338,-8.1309,-0.3184,-5.9062,other
125589,0.134,0.6821,-0.454,-7.7969,-2.7695,-6.0312,other
125612,0.1058,0.6873,-0.4734,-6.5605,-5.3594,-5.1094,other
125635,0.1084,0.6926,-0.4678,-5.2715,-6.1953,-3.8379,other
125658,0.1183,0.6906,-0.4893,-2.7871,-5.8789,-1.3086,other
125681,0.1184,0.673,-0.4867,0.0371,-3.5664,1.4121,other
125704,0.1614,0.6924,-0.4723,1.8594,-1.0664,3.0742,other
125727,0.1615,0.6782,-0.4757,4.1016,3.4531,5.1484,other
125750,0.1569,0.6761,-0.4854,5.0703,6.4668,6.2051,other
125773,0.1736,0.6815,-0.4644,5.5352,10.1406,7.2422,other
125796,0.1635,0.6836,-0.4366,4.6738,12.0352,7.5137,other
125819,0.1357,0.6722,-0.4677,3.7773,12.0762,7.2031,other
125842,0.13,0.6753,-0.4558,1.7754,10.3848,5.9629,other
125865,0.1498,0.6748,-0.4513,0.4102,8.3457,4.6719,other
125888,0.1351,0.6721,-0.4358,-1.1953,4.5996,2.2441,other
125911,0.1198,0.673,-0.4642,-1.7109,2.0879,0.4512,other
125934,0.1243,0.6604,-0.5134,-1.3359,-1.0156,-2.2168,other
125957,0.1147,0.6526,-0.5322,0.5586,-2.7305,-4.5195,bite
125980,0.1232,0.6631,-0.5199,2.584,-2.9727,-5.6855,bite
126003,0.0811,0.6678,-0.543,6.3906,-2.1055,-6.6621,bite
126026,-0.0609,0.6198,-0.5903,9.1309,-0.8516,-6.7266,bite
126049,0.1128,0.6431,-0.4875,13.0371,2.043,-6.1328,bite
126072,0.2002,0.6643,-0.5072,16.3711,6.5508,-5.459,bite
126095,0.1877,0.6636,-0.4391,18.2148,10.4473,-5.291,bite
126118,0.2864,0.6351,-0.4398,20.4082,17.1738,-5.4375,bite
126141,0.2684,0.6108,-0.4862,21.5,21.7402,-5.4961,bite
126164,0.2489,0.6196,-0.5299,22.6348,27.5977,-4.7363,bite
126187,0.2537,0.6177,-0.5809,23.377,31.3652,-2.3008,bite
126210,0.1461,0.6106,-0.6377,23.7598,32.4063,0.3516,bite
126233,0.1669,0.5757,-0.613,24.1777,31.5293,5.6074,bite
126256,0.2191,0.5419,-0.6091,24.2988,29.2051,9.668,bite
126279,0.2294,0.5646,-0.5354,24.1113,22.5469,16.043,bite
126302,0.2371,0.6119,-0.5558,23.7109,15.6465,22.1953,bite
126325,0.2618,0.6423,-0.5878,22.9336,1.916,25.877,bite
126348,0.3344,0.614,-0.7362,22.5234,-14.0156,30.6309,bite
126371,0.3099,0.6189,-0.8969,22.7539,-24.4531,33.2871,bite
126394,0.3129,0.6306,-0.8571,24.3867,-37.5273,36.6465,bite
126417,0.2433,0.5582,-0.7834,26.8242,-43.2285,38.5371,bite
126440,0.2721,0.4978,-0.7611,33.3262,-45.4551,40.8945,bite
126463,0.3365,0.423,-0.8064,43.5938,-39.4609,42.6465,bite
126486,0.3092,0.3512,-0.9454,52.2148,-31.6777,43.4805,bite
126509,0.1936,0.2968,-1.0022,63.998,-16.9316,44.3789,bite
126532,0.1178,0.2632,-0.9027,63.998,-6.7344,44.875,bite
126555,0.1957,0.2137,-0.741,63.998,6.7656,45.5137,bite
126578,0.3549,0.1405,-0.6733,63.998,16.1621,45.5859,bite
126601,0.3787,0.0621,-0.7883,63.998,19.2988,44.9102,bite
126624,0.3129,-0.0005,-0.8833,63.998,18.7852,42.3672,bite
126647,0.374,-0.0309,-0.9469,63.998,15.5254,39.6426,bite
126670,0.3558,-0.0286,-0.9703,63.998,8.4609,34.4238,bite
126693,0.4078,-0.0582,-1.007,63.998,3.7344,28.7734,bite
126716,0.496,-0.0845,-1.0464,63.998,-1.5762,25.3281,bite
126739,0.4727,-0.0995,-1.0322,63.998,-3.9414,21.3164,bite
126762,0.4388,-0.1597,-1.0284,63.998,-3.9316,19.707,bite
126785,0.4468,-0.2179,-1.1074,63.998,-2.3242,19.2012,bite
126808,0.5011,-0.2581,-1.1296,63.998,-1.0234,20.1484,bite
126831,0.4623,-0.2969,-1.0806,63.998,-0.5918,23.2266,bite
126854,0.4672,-0.3593,-1.0034,63.998,-3.7559,27.8145,bite
126877,0.4617,-0.4042,-0.8156,63.998,-8.0957,31.4668,bite
126900,0.4064,-0.4397,-0.635,63.998,-16.9922,37.584,bite
126923,0.4607,-0.5266,-0.6611,63.998,-23.4941,42.0195,bite
126946,0.4845,-0.5592,-0.6423,63.998,-32.3047,49.1543,bite
126969,0.4088,-0.5601,-0.5178,63.998,-38.2695,56.9102,bite
126992,0.3553,-0.5649,-0.4832,63.998,-39.8223,62.5449,bite
127015,0.2648,-0.5531,-0.4659,63.998,-37.5176,63.998,bite
127038,0.1354,-0.5225,-0.464,63.998,-32.6016,63.998,bite
127061,0.0743,-0.5175,-0.5463,63.998,-20.3086,63.998,bite
127084,0.0435,-0.5397,-0.6155,63.998,-3.3965,63.998,bite
127107,0.0487,-0.5144,-0.6117,63.998,9.4023,63.998,bite
127130,-0.0419,-0.4934,-0.5577,55.8867,28.9785,63.998,bite
127153,-0.1853,-0.484,-0.5068,47.5059,41.6133,63.998,bite
127176,-0.1343,-0.533,-0.6567,34.7363,59.1953,63.998,bite
127199,0.0836,-0.5681,-0.7897,26.4766,63.998,63.998,bite
127222,0.1792,-0.5624,-0.7734,14.625,63.998,63.998,bite
127245,0.1437,-0.574,-0.7805,3.6621,63.998,63.998,bite
127268,0.1145,-0.5923,-0.7919,-2.8672,63.998,63.998,bite
127291,0.1453,-0.6022,-0.8062,-11.041,63.998,63.998,bite
127314,0.1942,-0.625,-0.9154,-15.2656,63.998,63.998,bite
127337,0.2239,-0.6412,-0.9012,-19.8281,63.998,63.998,bite
127360,0.2225,-0.6465,-0.8558,-22.5508,54.8984,63.5605,bite
127383,0.2218,-0.6599,-0.8561,-23.4902,48.4727,54.9668,bite
127406,0.2516,-0.6687,-0.9094,-23.8398,39.2637,44.332,bite
127429,0.2612,-0.667,-0.9055,-23.5684,33.5781,38.9512,bite
127452,0.2219,-0.6703,-0.8788,-22.7227,25.8066,33.5,bite
127475,0.1857,-0.673,-0.8191,-21.9648,19.0313,30.9883,bite
127498,0.0962,-0.6681,-0.7706,-20.5508,15.207,30.7227,bite
127521,0.0476,-0.6549,-0.7772,-18.7266,10.748,31.9043,bite
127544,0.0901,-0.624,-0.7679,-17.3125,8.6172,33.2852,bite
127567,0.0994,-0.5961,-0.7793,-15.1504,6.3047,35.2988,bite
127590,0.0833,-0.5701,-0.7794,-13.9023,5.0449,36.1035,bite
127613,0.106,-0.5486,-0.8369,-12.6367,3.252,35.9629,bite
127636,0.068,-0.511,-0.7766,-12.207,1.6484,34.0801,bite
127659,0.0449,-0.524,-0.778,-12.252,0.9434,31.9902,bite
127682,0.098,-0.5507,-0.7776,-12.4863,0.8711,27.9629,bite
127705,0.0787,-0.5635,-0.8293,-12.6094,1.541,24.8711,bite
127728,0.1056,-0.5085,-0.7719,-12.5586,3.3516,19.8418,bite
127751,0.3674,-0.7643,-0.9695,-11.9277,5.7422,14.4102,bite
127774,0.2321,-0.488,-0.6179,-10.9922,7.4082,10.6211,bite
127797,-0.0013,-0.4692,-0.8079,-8.4434,9.7109,5.1582,bite
127820,-0.146,-0.4758,-0.8621,-5.9453,11.0859,1.9902,bite
127843,0.0751,-0.4675,-1.0806,-1.6191,12.3379,-1.9512,bite
127866,0.1117,-0.5009,-0.9346,2.4102,10.9941,-5.6289,bite
127889,0.0386,-0.5404,-0.7428,4.8281,7.9395,-8.4746,bite
127912,-0.1193,-0.5726,-0.5662,8.6719,0.3691,-13.8594,bite
127935,-0.2155,-0.6246,-0.5118,11.7695,-5.8867,-18.332,bite
127958,-0.1381,-0.625,-0.4589,17.2246,-15.5762,-26.7285,other
127981,0.043,-0.598,-0.4961,20.8613,-21.9199,-33.832,other
128004,0.0908,-0.5778,-0.4847,24.6094,-31.9863,-47.1777,other
128027,0.1566,-0.5051,-0.4938,23.9199,-43.7578,-63.377,other
128050,0.1896,-0.4403,-0.5889,19.873,-52.6699,-64.0,other
128073,0.297,-0.3738,-0.6937,7.4746,-64.0,-64.0,other
128096,0.2983,-0.3018,-0.759,-4.9883,-64.0,-64.0,other
128119,0.2572,-0.2549,-0.7814,-28.7559,-64.0,-64.0,other
128142,0.3423,-0.2003,-0.9049,-55.9238,-64.0,-64.0,other
128165,0.3802,-0.2589,-1.094,-64.0,-64.0,-64.0,other
128188,0.4193,-0.2625,-1.0768,-64.0,-64.0,-64.0,other
128211,0.4146,-0.2467,-0.9464,-64.0,-64.0,-64.0,other
128234,0.3109,-0.213,-0.9116,-64.0,-64.0,-64.0,other
128257,0.1803,-0.2031,-0.9434,-64.0,-64.0,-64.0,other
128280,0.1453,-0.2245,-1.0588,-64.0,-63.3867,-64.0,other
128303,0.1285,-0.246,-1.1732,-64.0,-38.0625,-64.0,other
128326,0.0999,-0.2611,-1.1449,-64.0,-19.5371,-64.0,other
128349,0.1346,-0.2656,-1.0125,-62.2363,7.4082,-54.9824,other
128372,0.2577,-0.2704,-1.0076,-42.4492,22.7227,-31.3203,other
128395,0.2596,-0.3219,-1.1349,-13.3945,39.1563,-17.8477,other
128418,0.3514,-0.3351,-1.1162,11.8379,46.4004,-3.1777,other
128441,0.4456,-0.3137,-1.1169,25.2305,46.0957,2.5625,other
128464,0.3453,-0.296,-1.0642,39.2871,38.8535,5.6289,other
128487,0.1682,-0.274,-0.9335,44.7324,30.6934,4.8809,other
128510,0.1028,-0.3024,-0.8464,48.0449,17.0215,1.6973,other
128533,0.2513,-0.3282,-0.7843,47.3262,6.2168,-1.6348,other
128556,0.3713,-0.332,-0.8511,45.5137,1.9199,-3.1426,other
128579,0.2944,-0.3224,-0.827,41.7012,-0.5664,-3.9941,other
128602,0.2476,-0.3345,-0.7828,38.7559,-0.168,-3.6543,other
128625,0.1865,-0.3525,-0.7174,34.1758,2.9473,-1.9902,other
128648,0.2271,-0.3534,-0.7207,29.7559,8.502,0.6367,other
128671,0.3589,-0.3411,-0.9933,26.7012,12.9102,2.502,other
128694,0.3685,-0.2866,-1.2616,20.5586,18.8887,4.5332,other
128717,0.2729,-0.2572,-1.2522,14.4141,21.3555,4.9395,other
128740,0.23,-0.2615,-1.0065,1.6895,21.8535,4.0312,other
128763,0.2391,-0.2748,-0.8818,-8.1758,19.9648,1.9023,other
128786,0.3019,-0.312,-0.885,-22.1582,17.5723,0.2305,other
128809,0.3556,-0.3156,-0.8339,-31.9883,15.6582,-2.2168,other
128832,0.3777,-0.3298,-0.7812,-35.1699,15.4219,-3.6914,other
128855,0.3705,-0.3424,-0.777,-34.6191,16.4844,-5.6152,other
128878,0.3572,-0.3401,-0.7773,-31.1777,17.832,-6.6836,other
128901,0.3738,-0.3401,-0.7782,-22.9941,20.2461,-7.9297,other
128924,0.3893,-0.3375,-0.8334,-13.6367,22.4648,-8.7363,other
128947,0.4056,-0.3275,-0.9375,-8.0937,23.4473,-9.043,other
128970,0.3947,-0.3063,-0.9166,-2.3516,23.5879,-9.1426,other
128993,0.3726,-0.281,-0.8563,-0.6641,22.584,-8.9277,other
129016,0.3605,-0.269,-0.7977,-1.2148,19.543,-8.0742,other
129039,0.3627,-0.2595,-0.7765,-4.5039,15.3379,-6.5215,other
129062,0.3835,-0.2605,-0.8422,-7.5547,12.375,-5.1562,other
129085,0.4031,-0.2616,-0.906,-12.541,8.2734,-2.8535,other
129108,0.3911,-0.2579,-0.8916,-15.7461,5.9121,-1.3203,other
129131,0.3513,-0.2484,-0.8358,-19.8262,2.9922,0.7324,other
129154,0.3348,-0.2412,-0.8265,-21.791,0.9531,2.3437,other
129177,0.3848,-0.2395,-0.897,-23.3516,0.168,3.125,other
129200,0.4038,-0.2411,-0.9342,-23.3066,-0.2754,3.7656,other
129223,0.3793,-0.2396,-0.8983,-22.5332,-0.2969,3.7988,other
129246,0.3691,-0.241,-0.8427,-20.457,-0.2344,3.3027,other
129269,0.3635,-0.25,-0.8396,-18.5371,-0.1973,2.6973,other
129292,0.3768,-0.2557,-0.8483,-15.0156,-0.1582,1.5547,other
129315,0.3936,-0.2543,-0.8427,-11.0586,-0.1855,0.3125,other
129338,0.3781,-0.2594,-0.8328,-8.4023,-0.3086,-0.4883,other
129361,0.3733,-0.2596,-0.7874,-4.7324,-0.6738,-1.5137,other
129384,0.373,-0.2588,-0.7924,-2.6602,-0.9785,-2.0137,other
129407,0.3776,-0.2593,-0.8347,-0.3535,-1.4023,-2.4316,other
129430,0.3779,-0.2587,-0.8636,0.7676,-1.7363,-2.4844,other
129453,0.3754,-0.2478,-0.8553,0.8066,-1.9336,-2.3613,other
129476,0.3683,-0.246,-0.8651,-0.0937,-2.2207,-2.0,other
129499,0.3617,-0.2367,-0.8572,-1.1797,-2.3887,-1.6758,other
129522,0.3545,-0.2344,-0.8501,-3.1699,-2.5352,-1.1367,other
129545,0.376,-0.2332,-0.8551,-5.0098,-2.4707,-0.6543,other
129568,0.4008,-0.2412,-0.8815,-6.2129,-2.293,-0.4395,other
129591,0.3921,-0.2512,-0.8811,-7.3027,-1.8984,-0.3555,other
129614,0.373,-0.2451,-0.8282,-7.6133,-1.6133,-0.4629,other
129637,0.3574,-0.2529,-0.8219,-7.4082,-1.2109,-0.7715,other
129660,0.3545,-0.2457,-0.8201,-6.8477,-0.9551,-1.0,other
129683,0.3789,-0.2504,-0.8295,-5.5645,-0.5898,-1.2813,other
129706,0.382,-0.2517,-0.8472,-4.1074,-0.3047,-1.4727,other
129729,0.3877,-0.2499,-0.8589,-3.2539,-0.1973,-1.5684,other
129752,0.3798,-0.2448,-0.8583,-2.3984,-0.1836,-1.6797,other
129775,0.3702,-0.2385,-0.8265,-2.1777,-0.2637,-1.7285,other
129798,0.3534,-0.2354,-0.8135,-2.3457,-0.4473,-1.7324,other
129821,0.3728,-0.234,-0.8335,-2.9785,-0.5762,-1.6406,other
129844,0.382,-0.2346,-0.8708,-3.5898,-0.5859,-1.5469,other
129867,0.3995,-0.2305,-0.8816,-4.7187,-0.5039,-1.4297,other
129890,0.3871,-0.2314,-0.8696,-5.5527,-0.4238,-1.3984,other
129913,0.3735,-0.2302,-0.8628,-6.75,-0.3184,-1.4238,other
129936,0.3759,-0.2277,-0.8451,-7.6289,-0.248,-1.4766,other
129959,0.3745,-0.2305,-0.8254,-7.9121,-0.2285,-1.4961,other
129982,0.376,-0.2324,-0.8319,-7.8027,-0.2227,-1.5,other
130005,0.3934,-0.2318,-0.8522,-7.4102,-0.2246,-1.502,other
130028,0.3929,-0.2318,-0.8718,-6.5098,-0.2637,-1.5449,other
130051,0.3719,-0.2299,-0.8618,-5.8301,-0.334,-1.6094,other
130074,0.3607,-0.2311,-0.8464,-4.8477,-0.4785,-1.7109,other
130097,0.3738,-0.2321,-0.8138,-4.0,-0.584,-1.752,other
130120,0.3811,-0.2399,-0.8223,-3.5312,-0.5957,-1.7305,other
130143,0.4027,-0.2417,-0.829,-3.0039,-0.5312,-1.6602,other
130166,0.4124,-0.2373,-0.8401,-2.8125,-0.4609,-1.6133,other
130189,0.3956,-0.2308,-0.8632,-2.8516,-0.375,-1.5547,other
130212,0.3729,-0.2202,-0.8549,-3.3359,-0.3828,-1.457,other
130235,0.3683,-0.2169,-0.8441,-3.877,-0.4492,-1.3203,other
130258,0.3696,-0.2147,-0.834,-4.8789,-0.5977,-0.9629,other
130281,0.3771,-0.2169,-0.845,-5.5723,-0.6875,-0.6387,other
130304,0.394,-0.22,-0.8573,-6.5078,-0.7559,-0.125,other
130327,0.4005,-0.2217,-0.8553,-7.2168,-0.7285,0.2734,other
130350,0.3838,-0.2224,-0.8582,-7.5234,-0.6582,0.4238,other
130373,0.3796,-0.2186,-0.8577,-7.709,-0.4883,0.4668,other
130396,0.375,-0.2125,-0.8302,-7.6445,-0.3633,0.4023,other
130419,0.3702,-0.2203,-0.8313,-7.2871,-0.2051,0.2285,other
130442,0.3788,-0.2203,-0.8496,-6.9082,-0.1211,0.0215,other
130465,0.4012,-0.2203,-0.8694,-6.2383,-0.0254,-0.1328,other
130488,0.3929,-0.2146,-0.8564,-5.6055,-0.0078,-0.4102,other
130511,0.3907,-0.214,-0.8676,-5.2578,-0.0527,-0.625,other
130534,0.3877,-0.214,-0.8558,-4.8594,-0.2207,-0.9512,other
130557,0.3639,-0.2113,-0.8163,-4.6445,-0.4121,-1.1328,other
130580,0.3529,-0.2178,-0.8165,-4.3164,-0.7715,-1.2891,other
130603,0.3831,-0.218,-0.826,-3.9316,-1.082,-1.2734,other
130626,0.4094,-0.22,-0.8585,-3.6719,-1.207,-1.2051,other
130649,0.4167,-0.224,-0.8739,-3.3887,-1.2598,-1.0996,other
130672,0.3997,-0.2158,-0.8492,-3.3223,-1.2246,-1.0605,other
130695,0.3752,-0.2157,-0.8339,-3.4121,-1.125,-1.0273,other
130718,0.3599,-0.2136,-0.8289,-3.6367,-1.0156,-0.9434,other
130741,0.355,-0.2122,-0.8335,-3.8086,-0.9316,-0.8223,other
130764,0.3881,-0.212,-0.8507,-4.0664,-0.7461,-0.5605,other
130787,0.4274,-0.2161,-0.87,-4.2422,-0.5879,-0.3828,other
130810,0.4064,-0.2142,-0.8663,-4.5293,-0.373,-0.2129,other
130833,0.3809,-0.2081,-0.8416,-4.7246,-0.2832,-0.1855,other
130856,0.3751,-0.2122,-0.8385,-4.9512,-0.2285,-0.2109,other
130879,0.3761,-0.217,-0.825,-4.9961,-0.2402,-0.2461,other
130902,0.3756,-0.2155,-0.8214,-4.8945,-0.2578,-0.2383,other
130925,0.3855,-0.215,-0.8435,-4.5859,-0.25,-0.1895,other
130948,0.4124,-0.2115,-0.8662,-4.3398,-0.209,-0.1504,other
130971,0.4047,-0.2196,-0.8633,-4.043,-0.1387,-0.1406,other
130994,0.3441,-0.2091,-0.8302,-3.9082,-0.1191,-0.2051,other
131017,0.3762,-0.2061,-0.8208,-3.8887,-0.1406,-0.2715,other
131040,0.3839,-0.2114,-0.8479,-3.8984,-0.2051,-0.3711,other
131063,0.391,-0.2102,-0.8528,-3.9141,-0.2656,-0.4395,other
131086,0.3993,-0.2068,-0.8502,-3.9512,-0.3672,-0.5508,other
131109,0.4043,-0.2125,-0.8632,-3.9961,-0.4785,-0.6816,other
131132,0.3855,-0.2157,-0.8552,-4.0137,-0.5605,-0.7715,other
131155,0.374,-0.2159,-0.8142,-3.9609,-0.6973,-0.8789,other
131178,0.3761,-0.2175,-0.8094,-3.834,-0.7891,-0.9141,other
131201,0.3756,-0.2163,-0.8209,-3.4824,-0.8945,-0.9102,other
131224,0.3921,-0.2153,-0.8389,-3.1855,-0.916,-0.8809,other
131247,0.4225,-0.2134,-0.8593,-2.7773,-0.873,-0.8809,other
131270,0.4103,-0.2118,-0.85,-2.5859,-0.7676,-0.9453,other
131293,0.3914,-0.215,-0.8339,-2.627,-0.7051,-1.0215,other
131316,0.3795,-0.2136,-0.8168,-2.9141,-0.6445,-1.1211,other
131339,0.3754,-0.2145,-0.824,-3.209,-0.6289,-1.1387,other
131362,0.3771,-0.2108,-0.8417,-3.7461,-0.623,-1.0605,other
131385,0.3762,-0.2083,-0.8489,-4.3711,-0.6289,-0.8809,other
131408,0.3784,-0.2028,-0.8625,-4.834,-0.6348,-0.7344,other
131431,0.3944,-0.1968,-0.8665,-5.5781,-0.6523,-0.5312,other
131454,0.4027,-0.2015,-0.8724,-6.0742,-0.6875,-0.4414,other
131477,0.3938,-0.2012,-0.8422,-6.7109,-0.7988,-0.418,other
131500,0.3806,-0.2003,-0.8121,-7.0469,-0.9746,-0.5273,other
131523,0.3777,-0.2029,-0.8164,-7.0293,-1.0898,-0.6523,other
131546,0.4026,-0.2032,-0.8486,-6.6445,-1.1914,-0.8848,other
131569,0.4276,-0.2025,-0.8702,-6.2129,-1.1973,-1.0566,other
131592,0.4059,-0.2014,-0.8605,-5.4609,-1.166,-1.3184,other
131615,0.3746,-0.2061,-0.8298,-4.7168,-1.1465,-1.5234,other
131638,0.3755,-0.208,-0.7988,-4.2461,-1.1406,-1.584,other
131661,0.3773,-0.2073,-0.8258,-3.5996,-1.1172,-1.5215,other
131684,0.4087,-0.2017,-0.8521,-3.2402,-1.0859,-1.4004,other
131707,0.4222,-0.2,-0.8835,-2.9121,-1.0566,-1.1836,other
131730,0.4108,-0.1975,-0.8746,-2.873,-1.0859,-1.0664,other
131753,0.3804,-0.1971,-0.8461,-3.0488,-1.2441,-0.957,other
131776,0.3715,-0.2042,-0.8213,-3.3223,-1.5176,-0.8926,other
131799,0.3754,-0.2039,-0.802,-3.4355,-1.7051,-0.8418,other
131822,0.3793,-0.2096,-0.8237,-3.4062,-1.9141,-0.7402,other
131845,0.4082,-0.2142,-0.8568,-3.2715,-1.9863,-0.6777,other
131868,0.4207,-0.21,-0.8613,-3.0312,-2.0039,-0.6484,other
131891,0.3932,-0.2061,-0.854,-2.9102,-1.9629,-0.7129,other
131914,0.3727,-0.203,-0.8114,-2.9355,-1.916,-0.7793,other
131937,0.3735,-0.2059,-0.7963,-3.1113,-1.791,-0.8418,other
131960,0.3817,-0.2037,-0.827,-3.2988,-1.6445,-0.834,other
131983,0.3961,-0.1959,-0.8457,-3.7031,-1.3359,-0.7852,other
132006,0.4209,-0.1892,-0.8873,-4.3262,-0.957,-0.7695,other
132029,0.4385,-0.1854,-0.9082,-4.8848,-0.707,-0.8145,other
132052,0.4069,-0.1814,-0.8745,-5.8633,-0.4551,-0.9629,other
132075,0.3708,-0.1866,-0.8281,-6.4687,-0.416,-1.0703,other
132098,0.3751,-0.1959,-0.8071,-6.998,-0.502,-1.1309,other
132121,0.3799,-0.2056,-0.8322,-6.9687,-0.5957,-1.0254,other
132144,0.4186,-0.2112,-0.8622,-6.3145,-0.7402,-0.8945,other
132167,0.4135,-0.205,-0.8749,-5.1484,-0.9414,-0.7168,other
132190,0.3444,-0.2004,-0.8444,-4.25,-1.1445,-0.6426,other
132213,0.3755,-0.2039,-0.8137,-2.916,-1.5059,-0.582,other
132236,0.3757,-0.2054,-0.8057,-2.1094,-1.7324,-0.5469,other
132259,0.3922,-0.2054,-0.8262,-1.123,-1.9844,-0.4902,other
132282,0.4072,-0.2041,-0.8611,-0.5488,-2.1211,-0.4707,other
132305,0.4088,-0.1981,-0.8608,-0.4629,-2.166,-0.502,other
132328,0.3981,-0.1953,-0.8617,-0.791,-2.1875,-0.6094,other
132351,0.3768,-0.1967,-0.8484,-1.252,-2.1797,-0.6934,other
132374,0.3734,-0.1976,-0.8301,-2.1191,-2.127,-0.7656,other
132397,0.3755,-0.202,-0.8344,-2.9395,-1.998,-0.7148,other
132420,0.4016,-0.2072,-0.8356,-3.3613,-1.8594,-0.6211,other
132443,0.4125,-0.2074,-0.8474,-3.7578,-1.625,-0.459,other
132466,0.4015,-0.2045,-0.8488,-3.8887,-1.4941,-0.375,other
132489,0.3743,-0.1998,-0.8541,-3.9551,-1.3691,-0.2949,other
132512,0.3761,-0.1973,-0.8447,-3.9551,-1.3281,-0.2324,other
132535,0.3761,-0.1974,-0.8445,-3.9238,-1.291,-0.1797,other
132558,0.3822,-0.2012,-0.8485,-3.8613,-1.252,-0.0859,other
132581,0.3972,-0.2068,-0.8677,-3.8066,-1.2246,-0.0352,other
132604,0.397,-0.2047,-0.8525,-3.7109,-1.209,-0.0078,other
132627,0.3776,-0.2034,-0.8284,-3.6328,-1.2305,-0.0293,other
132650,0.3755,-0.208,-0.8274,-3.4551,-1.2949,-0.0957,other
132673,0.3851,-0.2063,-0.8313,-3.1855,-1.3535,-0.1758,other
132696,0.3982,-0.2026,-0.8743,-2.9805,-1.377,-0.2324,other
132719,0.3933,-0.2002,-0.8545,-2.7129,-1.4102,-0.3281,other
132742,0.3866,-0.2067,-0.8568,-2.6074,-1.4336,-0.3926,other
132765,0.3767,-0.2023,-0.8473,-2.5977,-1.4609,-0.4629,other
132788,0.3755,-0.2045,-0.8318,-2.7344,-1.4609,-0.4629,other
132811,0.3759,-0.2081,-0.8365,-2.873,-1.4336,-0.4141,other
132834,0.3871,-0.2034,-0.8402,-3.1016,-1.3379,-0.293,other
132857,0.4183,-0.1998,-0.8582,-3.2559,-1.25,-0.2207,other
132880,0.4122,-0.2013,-0.8689,-3.4844,-1.1328,-0.1934,other
132903,0.377,-0.1998,-0.8439,-3.623,-1.082,-0.2773,other
132926,0.375,-0.2026,-0.8309,-3.7598,-1.0703,-0.3613,other
132949,0.3759,-0.2096,-0.8306,-3.7227,-1.0488,-0.457,other
132972,0.3834,-0.212,-0.8381,-3.5898,-1.0273,-0.4883,other
132995,0.3929,-0.2102,-0.8429,-3.2871,-1.0078,-0.5098,other
133018,0.3954,-0.2064,-0.8536,-3.0723,-1.0215,-0.5254,other
133041,0.3969,-0.201,-0.8615,-2.8281,-1.0859,-0.5664,other
133064,0.3796,-0.2013,-0.8492,-2.7402,-1.1992,-0.6211,other
133087,0.3749,-0.2043,-0.8356,-2.752,-1.291,-0.6484,other
133110,0.3759,-0.2113,-0.8214,-2.8086,-1.3965,-0.6387,other
133133,0.379,-0.2111,-0.8213,-2.8359,-1.4258,-0.5977,other
133156,0.3916,-0.2113,-0.8378,-2.8574,-1.4004,-0.5117,other
133179,0.4041,-0.209,-0.8536,-2.9219,-1.3164,-0.4492,other
133202,0.4069,-0.2045,-0.8644,-3.0371,-1.25,-0.4414,other
133225,0.3815,-0.2,-0.8594,-3.3496,-1.1836,-0.4707,other
133248,0.3701,-0.1975,-0.8367,-3.6309,-1.1738,-0.4883,other
133271,0.3741,-0.2034,-0.8362,-4.0586,-1.1816,-0.4629,other
133294,0.3951,-0.2064,-0.8429,-4.2852,-1.1641,-0.373,other
133317,0.412,-0.2075,-0.8442,-4.4805,-1.1445,-0.3145,other
133340,0.3956,-0.2139,-0.8464,-4.4922,-1.1309,-0.2832,other
133363,0.3749,-0.2039,-0.8402,-4.4219,-1.1367,-0.3105,other
133386,0.3763,-0.2,-0.8462,-4.248,-1.1641,-0.3887,other
133409,0.376,-0.2036,-0.8535,-4.125,-1.1973,-0.4395,other
133432,0.3756,-0.2073,-0.8452,-3.9727,-1.2773,-0.4941,other
133455,0.3807,-0.2003,-0.8265,-3.8809,-1.3652,-0.5234,other
133478,0.3918,-0.2019,-0.8448,-3.8516,-1.4102,-0.5352,other
133501,0.4052,-0.2028,-0.859,-3.8574,-1.4453,-0.5723,other
133524,0.401,-0.2009,-0.8649,-3.8965,-1.4551,-0.6172,other
133547,0.3749,-0.1991,-0.8508,-3.9844,-1.4551,-0.6992,other
133570,0.3761,-0.2015,-0.8252,-4.0273,-1.416,-0.7422,other
133593,0.3756,-0.2106,-0.8188,-3.9805,-1.3496,-0.7266,other
133616,0.3854,-0.2141,-0.828,-3.7695,-1.1816,-0.6445,other
133639,0.3987,-0.2075,-0.8458,-3.5703,-1.0449,-0.5801,other
133662,0.3921,-0.201,-0.8657,-3.3047,-0.8594,-0.5098,other
133685,0.3798,-0.1954,-0.8571,-3.2168,-0.7441,-0.4863,other
133708,0.3751,-0.1968,-0.8517,-3.2812,-0.7148,-0.4863,other
133731,0.3763,-0.1993,-0.8358,-3.5098,-0.7246,-0.4922,other
133754,0.3818,-0.2025,-0.8384,-3.6875,-0.75,-0.498,other
133777,0.3988,-0.2052,-0.8531,-3.8906,-0.7793,-0.5234,other
133800,0.403,-0.2045,-0.8604,-3.9531,-0.7852,-0.5625,other
133823,0.386,-0.2034,-0.8588,-3.918,-0.7832,-0.6523,other
133846,0.375,-0.2042,-0.8293,-3.707,-0.7871,-0.75,other
133869,0.3759,-0.207,-0.8093,-3.4648,-0.791,-0.791,other
133892,0.3763,-0.2102,-0.8142,-2.9707,-0.7754,-0.7988,other
133915,0.4065,-0.2106,-0.85,-2.6074,-0.7441,-0.7773,other
133938,0.4186,-0.2108,-0.8651,-2.1602,-0.7012,-0.752,other
133961,0.3925,-0.207,-0.8444,-1.9746,-0.7207,-0.7676,other
133984,0.3757,-0.2039,-0.825,-2.0215,-0.7715,-0.7871,other
134007,0.3719,-0.2009,-0.8257,-2.2891,-0.8789,-0.7695,other
134030,0.3776,-0.207,-0.844,-2.5605,-0.9434,-0.707,other
134053,0.4012,-0.2052,-0.8547,-3.0723,-1.002,-0.5469,other
134076,0.4034,-0.2031,-0.8558,-3.6758,-1.043,-0.377,other
134099,0.3912,-0.2012,-0.8519,-4.1074,-1.084,-0.2891,other
134122,0.3748,-0.1992,-0.8468,-4.7344,-1.1699,-0.1934,other
134145,0.376,-0.1992,-0.8395,-5.0898,-1.2324,-0.1367,other
134168,0.3777,-0.1993,-0.8362,-5.459,-1.2969,-0.0469,other
134191,0.3868,-0.2054,-0.8462,-5.5723,-1.3125,0.0352,other
134214,0.3978,-0.2054,-0.8461,-5.5566,-1.2832,0.0664,other
134237,0.4004,-0.2012,-0.8516,-5.3789,-1.2031,0.0586,other
134260,0.395,-0.2045,-0.8533,-5.2148,-1.1445,0.0234,other
134283,0.3763,-0.1991,-0.8206,-4.9473,-1.0801,-0.041,other
134306,0.375,-0.1964,-0.819,-4.7676,-1.0586,-0.0625,other
134329,0.3774,-0.199,-0.8456,-4.5117,-1.0371,-0.0234,other
134352,0.3983,-0.1998,-0.8612,-4.3379,-1.0059,0.084,other
134375,0.4037,-0.198,-0.8658,-4.3086,-0.9902,0.1582,other
134398,0.3917,-0.1943,-0.8479,-4.3965,-0.9902,0.2363,other
134421,0.3765,-0.1968,-0.844,-4.5098,-1.0039,0.2617,other
134444,0.376,-0.1995,-0.8322,-4.6641,-1.0176,0.2773,other
134467,0.3845,-0.2019,-0.8257,-4.6855,-1.0,0.2852,other
134490,0.3937,-0.2046,-0.8358,-4.6016,-0.9688,0.2852,other
134513,0.389,-0.2021,-0.839,-4.3594,-0.9063,0.2539,other
134536,0.3951,-0.1976,-0.8544,-4.168,-0.8594,0.2109,other
134559,0.4005,-0.1973,-0.864,-3.9336,-0.8008,0.1172,other
134582,0.3804,-0.1956,-0.8475,-3.8437,-0.791,0.0176,other
134605,0.3748,-0.1984,-0.8334,-3.8047,-0.8164,-0.0293,other
134628,0.3816,-0.1964,-0.8235,-3.8164,-0.8672,-0.043,other
134651,0.405,-0.207,-0.8447,-3.8203,-0.8984,-0.0234,other
134674,0.3958,-0.2037,-0.8517,-3.8125,-0.9453,-0.0059,other
134697,0.3892,-0.1957,-0.8459,-3.8184,-0.9766,-0.0195,other
134720,0.3796,-0.1926,-0.8613,-3.8691,-1.0273,-0.0742,other
134743,0.3752,-0.1931,-0.863,-3.9805,-1.0703,-0.1445,other
134766,0.3846,-0.1929,-0.8333,-4.0742,-1.0879,-0.1836,other
134789,0.3925,-0.201,-0.8318,-4.1758,-1.0879,-0.2344,other
134812,0.4017,-0.2029,-0.8403,-4.1816,-1.0664,-0.2734,other
134835,0.3978,-0.2019,-0.8322,-4.084,-1.0078,-0.3574,other
134858,0.3865,-0.2019,-0.8346,-3.8926,-0.9355,-0.459,other
134881,0.3851,-0.1974,-0.8441,-3.7539,-0.8828,-0.5195,other
134904,0.3829,-0.194,-0.8512,-3.5996,-0.8105,-0.5703,other
134927,0.3888,-0.1937,-0.8483,-3.5684,-0.7754,-0.5723,other
134950,0.3944,-0.1952,-0.8456,-3.6484,-0.7539,-0.5391,other
134973,0.3986,-0.1956,-0.8474,-3.7754,-0.7754,-0.4844,other
134996,0.3981,-0.1978,-0.8531,-4.0234,-0.8145,-0.4492,other
135019,0.3817,-0.1958,-0.8438,-4.2598,-0.9082,-0.4082,other
135042,0.3754,-0.1941,-0.8318,-4.3652,-0.9805,-0.3848,other
135065,0.3773,-0.1958,-0.8424,-4.3867,-1.0918,-0.3516,other
135088,0.3899,-0.1998,-0.8407,-4.3105,-1.1563,-0.3359,other
135111,0.3995,-0.1937,-0.8284,-4.0977,-1.2266,-0.3379,other
135134,0.3994,-0.1951,-0.8418,-3.8418,-1.2637,-0.3887,other
135157,0.3961,-0.1974,-0.8638,-3.6914,-1.2754,-0.4492,other
135180,0.3789,-0.1938,-0.8489,-3.5547,-1.2754,-0.5527,other
135203,0.3763,-0.1921,-0.8357,-3.5332,-1.2695,-0.6113,other
135226,0.3799,-0.2008,-0.835,-3.5664,-1.248,-0.6504,other
135249,0.3982,-0.2002,-0.8424,-3.627,-1.2012,-0.6445,other
135272,0.4036,-0.196,-0.8435,-3.666,-1.1641,-0.6348,other
135295,0.3903,-0.1931,-0.8513,-3.7227,-1.1289,-0.6328,other
135318,0.3893,-0.1915,-0.8524,-3.7598,-1.127,-0.6426,other
135341,0.3788,-0.1914,-0.8508,-3.8125,-1.1563,-0.6562,other
135364,0.3778,-0.1937,-0.8389,-3.8242,-1.2168,-0.6602,other
135387,0.3754,-0.1975,-0.8319,-3.7852,-1.2598,-0.6543,other
135410,0.3884,-0.1986,-0.8344,-3.6406,-1.2871,-0.6445,other
135433,0.4176,-0.1982,-0.8461,-3.5,-1.2695,-0.6504,other
135456,0.4049,-0.1975,-0.8536,-3.2773,-1.2207,-0.7031,other
135479,0.376,-0.1929,-0.8435,-3.1484,-1.1914,-0.7617,other
135502,0.376,-0.1926,-0.8401,-3.0098,-1.1563,-0.8418,other
135525,0.387,-0.1982,-0.8441,-2.9141,-1.1074,-0.8691,other
135548,0.394,-0.2009,-0.835,-2.8574,-1.0703,-0.8613,other
135571,0.3967,-0.2002,-0.8229,-2.7637,-1.0254,-0.8379,other
135594,0.4034,-0.2006,-0.8418,-2.6953,-1.0059,-0.832,other
135617,0.3934,-0.1998,-0.8518,-2.6172,-1.0039,-0.8418,other
135640,0.38,-0.1978,-0.8433,-2.627,-1.041,-0.8555,other
135663,0.3751,-0.1969,-0.8269,-2.6973,-1.0781,-0.8477,other
135686,0.3807,-0.1965,-0.842,-2.8984,-1.123,-0.7891,other
135709,0.4041,-0.1943,-0.8569,-3.0918,-1.1387,-0.7266,other
135732,0.4041,-0.1918,-0.8663,-3.4609,-1.1641,-0.6445,other
135755,0.3857,-0.191,-0.8534,-3.877,-1.2207,-0.6074,other
135778,0.3755,-0.1947,-0.8442,-4.123,-1.2656,-0.6094,other
135801,0.3782,-0.1978,-0.8276,-4.3418,-1.3203,-0.6348,other
135824,0.3812,-0.2012,-0.8217,-4.3437,-1.3398,-0.6582,other
135847,0.3882,-0.2021,-0.8323,-4.1289,-1.3438,-0.7031,other
135870,0.4014,-0.1967,-0.8429,-3.8867,-1.3359,-0.7754,other
135893,0.3936,-0.1962,-0.8522,-3.5039,-1.3262,-0.8418,other
135916,0.3925,-0.193,-0.8496,-3.25,-1.332,-0.9551,other
135939,0.3881,-0.1956,-0.8334,-3.1953,-1.3496,-1.0273,other
135962,0.375,-0.1949,-0.8315,-3.2793,-1.3809,-1.0996,other
135985,0.3812,-0.1956,-0.8497,-3.4277,-1.3906,-1.1133,other
136008,0.3954,-0.193,-0.8533,-3.75,-1.3809,-1.0859,other
136031,0.3961,-0.1887,-0.8621,-4.1523,-1.3672,-1.0273,other
136054,0.3921,-0.1846,-0.8571,-4.4297,-1.3809,-0.9883,other
136077,0.3821,-0.1884,-0.8475,-4.7793,-1.457,-0.9375,other
136100,0.3772,-0.1962,-0.8364,-4.9043,-1.5313,-0.9102,other
136123,0.3788,-0.1978,-0.8284,-4.8535,-1.6309,-0.877,other
136146,0.3896,-0.1963,-0.8307,-4.502,-1.668,-0.8613,other
136169,0.3871,-0.1957,-0.8417,-4.1484,-1.6504,-0.8652,other
136192,0.3915,-0.1923,-0.8635,-3.5801,-1.5684,-0.8887,other
136215,0.3983,-0.1899,-0.8579,-3.2598,-1.5,-0.9082,other
136238,0.397,-0.1908,-0.8469,-2.9492,-1.4141,-0.9336,other
136261,0.3793,-0.1926,-0.8379,-2.8477,-1.3848,-0.9336,other
136284,0.3788,-0.1945,-0.8496,-2.793,-1.3652,-0.9141,other
136307,0.395,-0.1934,-0.8563,-2.7754,-1.3535,-0.8516,other
136330,0.379,-0.1947,-0.8472,-2.7539,-1.3555,-0.8027,other
136353,0.3751,-0.1992,-0.8246,-2.6621,-1.3867,-0.7266,other
136376,0.3761,-0.2014,-0.8186,-2.5488,-1.4238,-0.6797,other
136399,0.3751,-0.2003,-0.8319,-2.3105,-1.4883,-0.625,other
136422,0.3907,-0.201,-0.8508,-2.0918,-1.5117,-0.6035,other
136445,0.4137,-0.1976,-0.8652,-2.0332,-1.502,-0.6191,other
136468,0.384,-0.193,-0.8507,-2.1602,-1.4863,-0.6973,other
136491,0.3745,-0.1902,-0.833,-2.3828,-1.4727,-0.7637,other
136514,0.3762,-0.1914,-0.8372,-2.8379,-1.3926,-0.834,other
136537,0.3925,-0.1941,-0.854,-3.3145,-1.1992,-0.8535,other
136560,0.4036,-0.1945,-0.8668,-3.5957,-1.0117,-0.8613,other
136583,0.3878,-0.1981,-0.8497,-3.9141,-0.6992,-0.8984,other
136606,0.3751,-0.2,-0.8301,-4.0254,-0.4941,-0.9492,other
136629,0.3851,-0.2024,-0.8187,-3.9961,-0.1953,-1.043,other
136652,0.4069,-0.2034,-0.8151,-3.8437,0.0801,-1.1543,other
136675,0.4122,-0.2021,-0.8346,-3.4844,0.2246,-1.2461,other
136698,0.4065,-0.196,-0.8445,-3.1191,0.3262,-1.4141,other
136721,0.3909,-0.193,-0.8447,-2.9629,0.2891,-1.5293,other
136744,0.3439,-0.1907,-0.8396,-2.9375,0.0957,-1.6719,other
136767,0.3824,-0.1947,-0.8462,-3.0684,-0.0918,-1.7227,other
136790,0.3999,-0.1938,-0.8472,-3.4512,-0.4238,-1.7305,other
136813,0.3917,-0.1924,-0.8385,-3.9883,-0.8379,-1.6875,other
136836,0.3805,-0.1957,-0.8318,-4.3828,-1.1777,-1.6484,other
136859,0.3992,-0.1992,-0.8502,-4.9492,-1.7539,-1.5938,other
136882,0.4125,-0.1964,-0.8599,-5.2852,-2.1641,-1.5742,other
136905,0.3765,-0.1788,-0.8597,-5.7109,-2.8164,-1.5703,other
136928,0.3431,-0.1649,-0.8645,-6.0137,-3.4395,-1.5391,other
136951,0.3478,-0.1548,-0.868,-6.127,-3.7402,-1.457,other
136974,0.3594,-0.1598,-0.8915,-6.1309,-3.9023,-1.2422,other
136997,0.3745,-0.166,-0.8878,-5.998,-3.7773,-1.082,other
137020,0.3916,-0.1804,-0.8812,-5.5332,-3.2246,-0.9297,other
137043,0.4321,-0.1909,-0.8552,-4.6426,-2.2891,-1.0156,other
137066,0.4358,-0.2046,-0.7804,-3.7598,-1.5586,-1.2402,other
137089,0.4373,-0.2142,-0.7769,-1.9688,-0.4687,-1.7813,other
137112,0.4309,-0.2213,-0.7777,-0.5215,0.2051,-2.2031,other
137135,0.4122,-0.2266,-0.797,1.7695,1.1211,-2.7441,other
137158,0.3914,-0.2236,-0.8324,3.1602,1.6758,-2.9395,other
137181,0.3862,-0.2195,-0.8457,4.6523,2.4102,-2.8633,other
137204,0.3912,-0.21,-0.8691,5.1035,2.9531,-2.332,other
137227,0.3719,-0.2,-0.8667,4.7598,3.1309,-1.7793,other
137250,0.3859,-0.193,-0.8512,3.4121,3.0547,-0.7988,other
137273,0.4374,-0.1904,-0.8583,2.1309,2.7598,-0.1484,other
137296,0.4146,-0.1908,-0.8531,0.0332,1.9258,0.627,other
137319,0.3739,-0.1984,-0.834,-1.7969,0.7402,1.0352,other
137342,0.3887,-0.1976,-0.8315,-2.6465,-0.0859,1.1016,other
137365,0.399,-0.2062,-0.8405,-3.1934,-1.1895,0.9473,other
137388,0.4069,-0.2178,-0.8578,-3.0781,-1.7793,0.709,other
137411,0.4238,-0.2201,-0.848,-2.3281,-2.4238,0.2129,other
137434,0.3845,-0.2269,-0.8231,-1.127,-2.8652,-0.3437,other
137457,0.3781,-0.2312,-0.7979,-0.1992,-3.0684,-0.6758,other
137480,0.3947,-0.2347,-0.8213,1.1953,-3.2344,-1.0254,other
137503,0.3922,-0.2366,-0.8324,2.0059,-3.2773,-1.1387,other
137526,0.3752,-0.2368,-0.8401,2.8398,-3.2988,-1.1445,other
137549,0.3773,-0.2325,-0.8304,3.0605,-3.2988,-0.5508,other
137572,0.3752,-0.2288,-0.8352,2.8359,-3.2793,-0.7988,other
137595,0.379,-0.2289,-0.8457,1.9922,-3.2246,-0.4668,other
137618,0.3979,-0.2256,-0.8361,1.1523,-3.1719,-0.2422,other
137641,0.3842,-0.2241,-0.833,-0.3711,-3.0957,0.0391,other
137664,0.3778,-0.2255,-0.8417,-1.4648,-3.0547,0.1758,other
137687,0.3956,-0.2197,-0.8419,-3.0781,-3.0098,0.2969,other
137710,0.3949,-0.2168,-0.8488,-4.5273,-3.002,0.3359,other
137733,0.3781,-0.2159,-0.8553,-5.3496,-3.0332,0.3262,other
137756,0.3754,-0.2148,-0.8485,-6.3281,-3.1152,0.2969,other
137779,0.3757,-0.2152,-0.8463,-6.791,-3.168,0.2832,other
137802,0.3756,-0.2158,-0.8419,-7.1914,-3.2012,0.2773,other
137825,0.3756,-0.217,-0.8356,-7.2793,-3.1855,0.2676,other
137848,0.3752,-0.2208,-0.8348,-7.209,-3.1621,0.2402,other
137871,0.3757,-0.223,-0.8301,-7.0195,-3.1113,0.1523,other
137894,0.3868,-0.2258,-0.816,-6.918,-3.0742,0.0527,other
137917,0.3939,-0.2238,-0.819,-6.9434,-3.0762,-0.1621,other
137940,0.3776,-0.2037,-0.8312,-7.1602,-3.1641,-0.4355,other
137963,0.3757,-0.1924,-0.8768,-7.8965,-3.4297,-0.6035,other
137986,0.4011,-0.1909,-0.8903,-9.1895,-3.7383,-0.7617,other
138009,0.3855,-0.1886,-0.8732,-10.3184,-3.8867,-0.7832,other
138032,0.389,-0.198,-0.9198,-12.207,-3.7988,-0.6523,other
138055,0.54,-0.1879,-0.9059,-13.4355,-3.4004,-0.4707,other
138078,0.5137,-0.1798,-0.8785,-14.9766,-2.5137,-0.248,other
138101,0.4525,-0.1913,-0.8646,-16.084,-1.8789,-0.4746,other
138124,0.425,-0.1564,-0.8342,-16.7559,-1.8574,-1.0645,other
138147,0.3256,-0.1069,-0.8501,-18.2012,-2.5469,-2.7402,other
138170,0.2563,-0.1415,-0.787,-19.7773,-3.2129,-4.3906,other
138193,0.283,-0.0619,-0.7751,-23.4258,-3.7598,-7.6855,other
138216,0.4459,-0.033,-0.8107,-28.9199,-3.5469,-12.1191,other
138239,0.4066,-0.0276,-0.9902,-33.8047,-3.5312,-15.7891,other
138262,0.2231,-0.0049,-0.9785,-43.0918,-5.0234,-22.002,other
138285,0.1052,0.0347,-0.6442,-50.2891,-7.3496,-26.0566,other
138308,0.0902,0.1357,-0.6538,-61.3008,-12.2324,-30.8809,other
138331,0.1995,0.121,-0.8481,-64.0,-17.541,-33.4238,other
138354,0.2792,0.1714,-0.9713,-64.0,-20.9805,-33.8652,other
138377,0.2543,0.1725,-1.0458,-64.0,-26.2168,-33.0898,other
138400,0.1993,0.2131,-0.8265,-64.0,-29.7598,-31.8574,other
138423,0.2505,0.2869,-0.6565,-64.0,-34.3457,-29.2363,other
138446,0.2838,0.2885,-0.7306,-64.0,-36.3516,-27.1484,other
138469,0.2689,0.2394,-1.3405,-64.0,-37.582,-23.8164,other
138492,0.1908,0.3962,-0.8024,-64.0,-37.3965,-20.4531,other
138515,0.0432,0.2662,-0.7593,-64.0,-36.9707,-18.1621,other
138538,0.2229,0.3119,-0.7577,-64.0,-35.9688,-14.6465,other
138561,0.3184,0.3358,-0.8025,-64.0,-35.0254,-12.4355,other
138584,0.1924,0.3715,-0.8472,-60.0254,-33.3633,-9.6758,other
138607,0.1578,0.3346,-0.8522,-50.0801,-31.2227,-7.7129,other
138630,0.1562,0.3073,-0.8428,-44.2148,-29.2656,-6.8496,other
138653,0.1644,0.3113,-0.7739,-37.5039,-25.4121,-6.2324,other
138676,0.1619,0.3683,-0.6814,-34.7656,-22.3594,-6.3008,other
138699,0.1708,0.4341,-0.7383,-33.3086,-17.4316,-7.1953,other
138722,0.1223,0.4679,-0.7786,-34.3535,-12.459,-9.0762,other
138745,0.1088,0.4233,-0.7992,-36.2891,-9.0684,-10.8223,other
138768,0.1052,0.4033,-0.7462,-39.8867,-3.5156,-13.9102,other
138791,0.156,0.4412,-0.614,-42.5508,0.5293,-16.0469,other
138814,0.1313,0.5076,-0.6661,-46.416,6.6152,-18.9297,other
138837,0.1207,0.4702,-0.824,-48.6133,10.2441,-20.4258,other
138860,0.1481,0.4556,-0.6692,-51.0117,14.3965,-21.8164,other
138883,0.1512,0.4843,-0.707,-52.207,16.4629,-22.127,other
138906,0.047,0.5615,-0.6232,-52.3652,16.6777,-21.7969,other
138929,0.1317,0.5441,-0.6453,-51.8125,15.5801,-20.6953,other
138952,0.1345,0.5363,-0.6285,-51.0527,13.9766,-19.6621,other
138975,0.1005,0.5405,-0.6237,-49.5527,10.4336,-17.793,other
138998,0.1165,0.5259,-0.636,-47.7656,6.1387,-15.7012,other
139021,0.1161,0.5336,-0.5795,-46.4238,3.2402,-14.2832,other
139044,0.1224,0.567,-0.6034,-44.1113,-0.5859,-12.2852,other
139067,0.1003,0.5385,-0.5317,-42.2949,-2.4395,-11.1152,other
139090,0.1176,0.5475,-0.5948,-39.0254,-3.625,-9.6582,other
139113,0.1,0.6063,-0.7161,-34.9883,-2.5645,-8.4863,other
139136,0.074,0.634,-0.5785,-31.8281,-0.6875,-7.7832,other
139159,0.127,0.61,-0.6124,-26.4102,3.1484,-6.6914,other
139182,0.1124,0.5952,-0.5937,-22.4336,5.6875,-5.8301,other
139205,0.1302,0.5758,-0.6345,-16.0762,8.5762,-4.1504,other
139228,0.1333,0.5731,-0.575,-11.6309,9.7441,-1.6895,other
139251,0.1462,0.5823,-0.4918,-4.7168,10.5566,0.0586,other
139274,0.2524,0.5765,-0.6412,2.3789,10.9629,3.4375,other
139297,0.385,0.7229,-0.6429,7.0977,11.5488,5.9766,other
139320,0.474,0.7394,-0.624,13.8281,13.4258,10.0195,other
139343,0.3107,0.5739,-0.5819,17.6387,15.1914,12.748,other
139366,0.308,0.4637,-0.6105,21.0137,17.7539,16.7988,other
139389,0.2999,0.4476,-0.5892,19.9668,18.8867,20.7754,other
139412,0.3232,0.5203,-0.5762,16.4414,18.3633,23.3223,other
139435,0.3929,0.5913,-0.625,7.5918,15.834,26.8516,other
139458,0.3865,0.6302,-0.7584,0.1562,13.4941,29.0684,other
139481,-0.0082,0.5814,-1.2792,-11.8223,10.1738,32.8164,other
139504,-0.2209,0.568,-1.1244,-22.9629,8.8555,38.1035,other
139527,-0.0194,0.4888,-0.7861,-28.3105,9.9492,42.4492,other
139550,0.1877,0.4025,-0.6743,-30.1035,14.3164,48.4063,other
139573,0.1787,0.3044,-0.5021,-25.7891,18.0137,50.4082,other
139596,0.1343,0.2146,-0.4692,-10.7012,22.6172,48.1328,other
139619,0.2368,0.2076,-0.4767,3.9844,24.123,38.3672,other
139642,0.4248,0.2662,-0.4423,29.2949,22.7324,27.8984,other
139665,0.4808,0.3589,-0.4674,53.2305,15.9258,7.5449,other
139688,0.4037,0.4365,-0.516,63.998,8.4902,-7.9512,other
139711,0.3511,0.4575,-0.7371,63.998,-5.4609,-31.4727,other
139734,0.319,0.4972,-0.7625,63.998,-15.334,-45.6387,other
139757,0.2291,0.5356,-0.6837,63.998,-28.7598,-61.959,other
139780,0.2019,0.5865,-0.5618,48.123,-38.1992,-64.0,other
139803,0.193,0.6118,-0.5178,32.8027,-41.5234,-64.0,other
139826,0.1418,0.6682,-1.301,8.5352,-42.0957,-64.0,other
139849,0.1539,0.9016,-0.6149,-6.9531,-40.0352,-58.8164,other
139872,0.0663,0.644,-0.5383,-26.3496,-34.0742,-45.7715,other
139895,0.3811,0.7046,-0.6768,-38.7832,-25.5273,-32.4609,other
139918,0.1429,0.594,-0.6464,-42.9824,-19.1855,-24.7793,other
139941,0.1305,0.5236,-0.5853,-44.4746,-9.7012,-15.8398,other
139964,0.1603,0.5176,-0.5995,-43.541,-3.9941,-11.4824,other
139987,0.099,0.5361,-0.5873,-41.3184,2.543,-6.7031,other
140010,0.1323,0.6053,-0.5819,-40.0664,5.6797,-3.2734,other
140033,0.1641,0.6464,-0.5753,-39.0117,6.6055,-1.4375,other
140056,0.1141,0.6344,-0.5984,-38.791,5.5078,1.0156,other
140079,0.0681,0.6132,-0.5685,-38.9375,3.7187,2.6738,other
140102,0.0535,0.6007,-0.5685,-39.3984,-0.0137,5.5137,other
140125,0.0492,0.6342,-0.5822,-39.7656,-2.8887,7.7031,other
140148,0.0659,0.6921,-0.5874,-40.1816,-7.1836,11.3027,other
140171,0.0039,0.6818,-0.6017,-40.209,-10.7012,14.9238,other
140194,0.0148,0.6406,-0.6145,-40.0527,-12.3125,17.1582,other
140217,0.0183,0.6163,-0.6158,-39.9375,-13.6543,20.002,other
140240,0.037,0.6085,-0.7805,-40.1543,-14.0469,21.4082,other
140263,0.3092,0.7173,-0.8793,-40.7559,-14.168,22.3809,other
140286,0.1902,0.699,-0.353,-39.9805,-13.4238,21.4961,other
140309,-0.0457,0.5793,-0.4141,-37.248,-11.8105,19.8809,other
140332,-0.0035,0.509,-0.3817,-28.6426,-6.7539,16.3262,other
140355,0.2162,0.4712,-0.423,-20.2246,-1.6504,13.291,other
140378,0.3771,0.451,-0.5081,-5.5488,7.3203,7.3906,other
140401,0.3785,0.4198,-0.5875,4.0449,15.6484,-0.4746,other
140424,0.2988,0.4155,-0.517,15.707,19.9141,-6.541,other
140447,0.2931,0.4828,-0.4144,22.3105,23.9512,-15.6113,other
140470,0.2214,0.571,-0.5085,23.582,25.1699,-20.6934,other
140493,0.1786,0.6398,-0.4556,21.0684,25.1914,-25.4336,other
140516,0.3727,0.75,-1.0183,16.8789,24.2852,-26.207,other
140539,0.233,0.9281,-0.5266,8.0234,22.0313,-23.8887,other
140562,0.3416,0.7737,-0.4484,-1.3613,19.8984,-18.4629,other
140585,0.257,0.606,-0.5751,-6.5273,19.2813,-13.9336,other
140608,0.1006,0.5228,-0.5674,-11.9355,19.6914,-6.5449,other
140631,0.1238,0.5697,-0.6407,-14.1699,20.5781,-1.4629,other
140654,0.0878,0.6182,-0.6052,-16.0293,21.9551,6.0176,other
140677,0.1926,0.653,-0.5488,-16.5781,22.2324,12.8145,other
140700,0.3473,0.7003,-0.4651,-16.4082,21.3457,16.7813,other
140723,0.4282,0.6788,-0.4086,-15.7129,18.2363,22.0488,other
140746,0.35,0.6104,-0.7639,-15.2598,15.3867,25.5195,other
140769,0.3259,0.6125,-0.9319,-14.9785,11.3926,31.5742,other
140792,0.3298,0.5786,-0.7985,-14.3906,9.4727,39.1406,other
140815,0.3547,0.5208,-0.7374,-12.5605,9.8242,44.7832,other
140838,0.432,0.4479,-0.6727,-5.2891,12.2949,53.2148,other
140861,0.4451,0.3754,-0.649,3.4844,14.3262,58.2832,other
140884,0.3708,0.2838,-0.6851,22.5508,16.0059,63.998,other
140907,0.3123,0.2299,-0.6213,38.3633,15.2871,63.998,other
140930,0.2255,0.1831,-0.4886,63.998,10.6387,63.998,other
140953,0.1803,0.1447,-0.304,63.998,1.8086,63.998,bite
140976,0.2588,0.1008,-0.2819,63.998,-5.9043,63.998,bite
140999,0.462,0.009,-0.5177,63.998,-19.7129,63.998,bite
141022,0.6018,-0.0515,-0.922,63.998,-30.3965,63.998,bite
141045,0.5851,-0.1416,-1.1643,63.998,-48.3965,63.998,bite
141068,0.4135,-0.1249,-1.1017,63.998,-64.0,63.998,bite
141091,0.2412,-0.1205,-1.4087,63.998,-64.0,60.6816,bite
141114,0.0734,-0.1227,-1.0879,63.998,-64.0,42.7227,bite
141137,0.0352,-0.1259,-0.8762,63.998,-64.0,31.0762,bite
141160,0.1444,-0.2046,-0.944,63.998,-64.0,16.3262,bite
141183,0.2094,-0.2639,-0.9642,63.998,-64.0,6.0488,bite
141206,0.1461,-0.2073,-0.8462,62.8555,-64.0,1.709,bite
141229,0.132,-0.2538,-0.7974,51.2969,-56.1484,-1.4512,bite
141252,0.2043,-0.2441,-0.776,45.0156,-37.6211,-1.6484,bite
141275,0.3462,-0.2704,-0.9022,36.7793,-9.6992,0.0801,bite
141298,0.3965,-0.2629,-0.906,31.2832,7.209,2.9434,bite
141321,0.3491,-0.2288,-0.8943,21.8242,27.2441,4.7969,bite
141344,0.2968,-0.2151,-0.9207,10.3633,39.2266,7.0918,bite
141367,0.2375,-0.2002,-0.8235,1.8848,42.6602,8.3145,bite
141390,0.2665,-0.1611,-0.8363,-10.9121,41.9063,9.8555,bite
141413,0.2762,-0.1617,-0.8218,-18.707,38.2207,10.6777,bite
141436,0.23,-0.1387,-0.8715,-28.1641,29.4453,11.4004,bite
141459,0.2212,-0.1086,-0.8323,-34.0137,18.8027,11.3105,bite
141482,0.2214,-0.126,-0.8553,-35.5645,11.748,10.7676,bite
141505,0.266,-0.1172,-0.8169,-34.1738,2.4473,9.2324,bite
141528,0.283,-0.1321,-0.8162,-30.9063,-2.5,7.7441,bite
141551,0.2811,-0.1483,-0.9343,-23.2754,-7.6816,4.9277,bite
141574,0.2377,-0.1752,-0.985,-14.0234,-9.9238,1.7344,bite
141597,0.2354,-0.1631,-1.0197,-8.0586,-9.7129,-0.3691,bite
141620,0.3445,-0.1495,-1.0699,-0.8711,-7.0586,-3.1875,bite
141643,0.4468,-0.1514,-1.1881,2.207,-4.2852,-4.7832,bite
141666,0.3403,-0.1416,-1.2263,4.0918,-0.043,-6.6836,bite
141689,0.3058,-0.1349,-1.088,3.9746,3.373,-7.5703,bite
141712,0.4663,-0.1517,-1.0547,3.4238,5.7656,-7.2871,bite
141735,0.5546,-0.1816,-1.1666,4.8086,9.875,-5.3145,bite
141758,0.4396,-0.2236,-1.1178,7.8555,13.3535,-2.9395,bite
141781,0.4092,-0.2733,-0.9578,16.5,20.0059,2.334,bite
141804,0.4529,-0.3578,-0.8599,25.1465,25.5273,7.043,bite
141827,0.5327,-0.4397,-0.8304,41.9414,35.2949,15.7578,bite
141850,0.5728,-0.5159,-0.8573,61.5332,45.9219,25.9063,bite
141873,0.552,-0.5872,-0.7991,63.998,52.6152,33.082,bite
141896,0.6481,-0.6483,-0.6832,63.998,60.8008,43.875,bite
141919,0.7241,-0.6851,-0.5923,63.998,63.998,50.7676,bite
141942,0.6545,-0.704,-0.5627,63.998,63.998,60.334,bite
141965,0.4988,-0.7128,-0.5569,63.998,63.998,63.998,bite
141988,0.4144,-0.7485,-0.5166,63.998,63.998,63.998,bite
142011,0.4958,-0.7913,-0.399,63.998,63.7578,63.998,bite
142034,0.5292,-0.8291,-0.3568,63.998,62.6172,63.998,bite
142057,0.5145,-0.8091,-0.3533,63.998,61.0039,63.998,bite
142080,0.4092,-0.7683,-0.3622,63.998,58.8867,63.998,bite
142103,0.2905,-0.7842,-0.4983,48.7129,56.9258,63.998,bite
142126,0.245,-0.7603,-0.4556,25.6074,53.1094,63.998,bite
142149,0.269,-0.7275,-0.4856,9.7656,50.0039,63.998,bite
142172,0.304,-0.6664,-0.5326,-13.4766,44.5332,63.998,bite
142195,0.1636,-0.6284,-0.5566,-27.9316,40.4551,63.998,bite
142218,0.09,-0.6226,-0.6235,-47.0469,34.3711,63.998,bite
142241,0.1411,-0.6115,-0.7511,-62.3125,29.2871,63.998,bite
142264,0.1327,-0.5638,-0.7002,-64.0,26.6367,63.998,bite
142287,0.0405,-0.5742,-0.6948,-64.0,23.5801,63.998,bite
142310,0.0409,-0.5966,-0.782,-64.0,22.043,63.998,bite
142333,0.0984,-0.5941,-0.7754,-64.0,20.2441,63.998,bite
142356,0.1615,-0.6017,-0.7666,-64.0,18.4336,63.998,bite
142379,0.1653,-0.6306,-0.7776,-64.0,16.8652,63.998,bite
142402,0.0522,-0.6304,-0.7769,-64.0,13.8086,63.998,bite
142425,0.0018,-0.6057,-0.7821,-64.0,11.4727,63.998,bite
142448,0.1257,-0.5973,-0.8981,-60.7031,7.8867,62.4258,bite
142471,0.2024,-0.5969,-0.8184,-54.3281,4.1758,52.2363,bite
142494,0.1355,-0.5758,-0.7117,-50.1484,1.5723,45.7031,bite
142517,0.0107,-0.5509,-0.7427,-44.2012,-2.1738,36.7539,bite
142540,-0.0088,-0.4728,-0.8303,-40.2383,-4.1602,31.6582,bite
142563,0.0658,-0.4008,-0.8965,-34.2598,-5.7207,25.541,bite
142586,0.2004,-0.2964,-0.751,-30.209,-5.5703,22.3555,bite
142609,-0.2755,-0.8196,-0.8242,-23.8398,-3.4375,18.5859,bite
142632,0.5951,-0.5079,-0.9191,-17.0156,0.2949,15.7871,bite
142655,-0.0983,-0.2125,-1.0378,-12.2187,2.2754,14.3789,bite
142678,0.1296,-0.282,-0.6974,-4.7051,3.0977,12.7422,bite
142701,-0.2949,-0.4448,-1.1901,0.1582,2.2461,11.7109,bite
142724,0.2085,-0.4712,-1.0084,6.0527,-0.0312,9.4629,bite
142747,0.1586,-0.6371,-0.8685,9.9863,-2.7168,5.0801,bite
142770,-0.0054,-0.8065,-0.7786,12.3145,-4.623,0.5254,bite
142793,0.1277,-0.9106,-0.7754,17.1387,-7.2578,-8.6543,bite
142816,0.1825,-0.9409,-0.7784,21.957,-9.0918,-16.0918,bite
142839,0.0532,-0.9222,-0.7717,31.6523,-13.543,-28.8613,bite
142862,-0.0205,-0.8682,-0.6593,42.8887,-21.8711,-43.3516,bite
142885,0.0791,-0.7379,-0.6052,49.9473,-29.9434,-53.875,bite
142908,0.1597,-0.6467,-0.6046,57.4883,-45.5547,-64.0,bite
142931,0.127,-0.5989,-0.6564,58.9785,-57.75,-64.0,bite
142954,0.0975,-0.5813,-0.6714,53.6406,-64.0,-64.0,other
142977,0.1483,-0.5914,-0.5829,44.3008,-64.0,-64.0,other
143000,0.1514,-0.5553,-0.3663,22.041,-64.0,-64.0,other
143023,0.1108,-0.5449,-0.308,-7.4062,-64.0,-64.0,other
143046,0.1667,-0.5157,-0.3287,-28.9688,-64.0,-64.0,other
143069,0.2571,-0.5376,-0.4072,-61.1133,-64.0,-64.0,other
143092,0.2667,-0.5271,-0.4331,-64.0,-64.0,-64.0,other
143115,0.1506,-0.4271,-0.3463,-64.0,-64.0,-64.0,other
143138,0.0659,-0.3771,-0.4027,-64.0,-64.0,-64.0,other
143161,0.0425,-0.3635,-0.4999,-64.0,-64.0,-64.0,other
143184,0.105,-0.3087,-0.5286,-64.0,-56.2168,-64.0,other
143207,0.1531,-0.1425,-0.4734,-64.0,-32.1914,-64.0,other
143230,0.1188,0.0389,-0.5646,-64.0,4.543,-57.0703,other
143253,0.1439,0.0764,-1.0729,-64.0,37.5215,-35.0957,other
143276,0.2648,0.0516,-1.5468,-64.0,55.0586,-22.5488,other
143299,0.4207,0.1617,-1.4457,-64.0,63.998,-8.6465,other
143322,0.4934,0.2703,-1.2186,-64.0,63.998,-3.1895,other
143345,0.4541,0.3043,-1.2145,-64.0,63.998,-0.2305,other
143368,0.3041,0.3013,-1.342,-64.0,63.998,-1.0996,other
143391,0.1335,0.2991,-1.3594,-64.0,54.7539,-1.9863,other
143414,-0.0062,0.3214,-1.2722,-64.0,40.1699,-1.4922,other
143437,-0.0317,0.2985,-1.1602,-64.0,31.4277,0.6758,other
143460,0.2493,0.2231,-1.2479,-64.0,20.6016,6.2109,other
143483,0.5297,0.2107,-1.3365,-64.0,14.7969,10.3945,other
143506,0.4478,0.2078,-1.2837,-53.6035,7.0117,15.3594,other
143529,0.1533,0.1962,-1.1091,-37.7207,-0.875,17.6113,other
143552,-0.0142,0.1487,-0.9055,-26.7168,-5.7305,17.916,other
143575,0.0369,0.0751,-0.7762,-8.5898,-9.8906,17.7559,other
143598,0.2335,0.011,-0.7677,4.9336,-9.1016,17.7246,other
143621,0.3829,-0.0289,-0.7787,27.1602,-1.7598,17.9258,other
143644,0.4252,-0.0706,-0.7762,50.3457,11.2305,18.1016,other
143667,0.3706,-0.104,-0.6859,63.998,21.3066,18.127,other
143690,0.3726,-0.1664,-0.6632,63.998,35.875,18.2227,other
143713,0.4272,-0.198,-0.7352,63.998,43.8633,18.4121,other
143736,0.4259,-0.1923,-0.7881,63.998,51.459,18.6758,other
143759,0.3784,-0.1733,-0.9255,63.998,52.998,18.3496,other
143782,0.2605,-0.2114,-0.9708,63.998,50.0176,17.5098,other
143805,0.2402,-0.2087,-0.8892,63.998,41.918,15.1211,other
143828,0.308,-0.2441,-0.88,63.998,34.6914,12.7324,other
143851,0.4064,-0.2603,-0.9116,49.0176,22.4531,7.875,other
143874,0.4667,-0.2581,-0.9406,31.0508,13.8437,3.7656,other
143897,0.4806,-0.2281,-0.9363,5.5996,0.8262,-3.4844,other
143920,0.4622,-0.1913,-0.9125,-15.209,-11.5547,-11.1816,other
143943,0.4338,-0.1664,-0.9591,-25.3828,-18.8281,-15.834,other
143966,0.3564,-0.1514,-0.955,-34.3691,-27.3105,-20.9082,other
143989,0.2081,-0.1329,-0.8304,-36.2305,-30.9453,-22.4414,other
144012,0.1019,-0.139,-0.7717,-33.5273,-32.7305,-21.3926,other
144035,0.1427,-0.1434,-0.8134,-25.832,-29.8301,-16.5566,other
144058,0.2714,-0.156,-0.8673,-19.1973,-25.8965,-11.9199,other
144081,0.3745,-0.1674,-0.8832,-9.1504,-19.043,-4.5176,other
144104,0.3667,-0.1713,-0.8928,-3.4961,-15.041,-0.2305,other
144127,0.3732,-0.1687,-0.9086,2.1621,-10.9902,4.1895,other
144150,0.3719,-0.1761,-0.9768,3.7559,-9.2266,5.9102,other
144173,0.3157,-0.1703,-0.9508,3.0527,-8.9902,5.8203,other
144196,0.2491,-0.157,-0.8862,-0.3711,-9.3281,4.666,other
144219,0.2159,-0.1488,-0.8617,-3.3672,-9.5059,3.7617,other
144242,0.2168,-0.1447,-0.8751,-7.7715,-9.002,2.9258,other
144265,0.2517,-0.1323,-0.894,-10.1816,-8.0039,2.9121,other
144288,0.2817,-0.1335,-0.9287,-12.6426,-5.7207,3.6309,other
144311,0.2925,-0.1299,-0.9271,-13.7246,-3.1191,4.8047,other
144334,0.2914,-0.1272,-0.9064,-13.7832,-1.5508,5.5566,other
144357,0.2734,-0.127,-0.8977,-13.041,0.2187,6.3184,other
144380,0.2607,-0.1323,-0.9064,-12.082,0.9355,6.4844,other
144403,0.2396,-0.1373,-0.8977,-10.1172,1.3516,6.1953,other
144426,0.245,-0.1429,-0.9059,-7.7578,1.1191,5.3359,other
144449,0.2665,-0.1506,-0.9086,-6.1016,0.6699,4.5,other
144472,0.2563,-0.1586,-0.8739,-3.6836,-0.4219,2.9277,other
144495,0.254,-0.1636,-0.8713,-2.1953,-1.3477,1.7207,other
144518,0.2789,-0.1655,-0.8632,-0.2617,-2.7773,-0.2012,other
144541,0.304,-0.168,-0.8915,1.1699,-3.9922,-2.123,other
144564,0.3015,-0.1683,-0.9117,1.7598,-4.623,-3.332,other
144587,0.2642,-0.1637,-0.8777,2.0332,-5.2832,-4.8906,other
144610,0.2544,-0.163,-0.8641,1.8281,-5.4668,-5.6465,other
144633,0.2761,-0.1628,-0.8848,1.0605,-5.2344,-6.2129,other
144656,0.2905,-0.1521,-0.8745,0.3027,-4.7559,-6.1934,other
144679,0.295,-0.145,-0.9001,-1.1016,-3.6992,-5.6504,other
144702,0.2896,-0.1421,-0.9302,-2.7305,-2.4609,-4.6582,other
144725,0.2695,-0.1376,-0.8989,-3.8789,-1.6621,-3.8437,other
144748,0.2466,-0.1346,-0.8832,-5.5176,-0.5918,-2.5176,other
144771,0.2557,-0.1383,-0.8959,-6.4395,0.0254,-1.6309,other
144794,0.2754,-0.1403,-0.9202,-7.4277,0.7852,-0.4355,other
144817,0.2875,-0.1415,-0.9331,-7.9102,1.2266,0.4199,other
144840,0.2896,-0.1395,-0.9133,-7.9629,1.2715,0.7266,other
144863,0.2703,-0.1431,-0.8929,-7.6348,0.9355,0.7852,other
144886,0.261,-0.1456,-0.8826,-7.1348,0.5176,0.5996,other
144909,0.2715,-0.1481,-0.8821,-5.9844,-0.2187,0.1113,other
144932,0.2896,-0.1511,-0.8997,-4.5059,-0.9238,-0.4863,other
144955,0.2938,-0.1556,-0.9252,-3.4746,-1.3496,-0.8848,other
144978,0.2838,-0.1543,-0.9032,-2.0684,-1.957,-1.3984,other
145001,0.26,-0.153,-0.868,-1.291,-2.3516,-1.6348,other
145024,0.239,-0.157,-0.8582,-0.3711,-2.8652,-1.75,other
145047,0.2463,-0.1613,-0.8569,0.0898,-3.0859,-1.6445,other
145070,0.2769,-0.1631,-0.8854,0.5156,-3.1504,-1.2598,other
145093,0.3004,-0.1598,-0.9286,0.4902,-2.9629,-0.7637,other
145116,0.2904,-0.1505,-0.9397,0.1504,-2.8027,-0.4609,other
145139,0.2687,-0.1436,-0.9067,-0.8203,-2.6465,-0.0977,other
145162,0.2498,-0.1453,-0.8816,-1.6543,-2.6133,0.1016,other
145185,0.2538,-0.1505,-0.8796,-2.8809,-2.5898,0.4004,other
145208,0.2667,-0.1558,-0.8971,-3.7852,-2.4961,0.7324,other
145231,0.2739,-0.1576,-0.9235,-4.1328,-2.3848,0.9512,other
145254,0.2634,-0.1519,-0.9095,-4.2969,-2.2148,1.2207,other
145277,0.1877,-0.141,-0.8866,-4.1953,-2.127,1.3418,other
145300,0.1918,-0.1455,-0.8771,-3.7656,-1.9902,1.4395,other
145323,0.2384,-0.151,-0.8979,-3.0781,-1.7109,1.4082,other
145346,0.2823,-0.1519,-0.9053,-2.5625,-1.4551,1.248,other
145369,0.2765,-0.1565,-0.9027,-1.8613,-1.0996,0.6504,other
145392,0.2799,-0.1628,-0.9056,-1.5059,-0.9414,-0.0215,other
145415,0.2781,-0.1681,-0.9044,-1.1816,-0.8438,-1.3867,other
145438,0.2799,-0.1707,-0.8882,-1.0879,-0.8672,-2.9941,other
145461,0.2699,-0.17,-0.8809,-1.0547,-1.0234,-4.0684,other
145484,0.2726,-0.1724,-0.8965,-1.0723,-1.2852,-5.4785,other
145507,0.2759,-0.1691,-0.8845,-1.1016,-1.5039,-6.1777,other
145530,0.2782,-0.1659,-0.8809,-1.2012,-1.8691,-6.7402,other
145553,0.2638,-0.1635,-0.879,-1.3203,-2.1074,-6.7559,other
145576,0.2603,-0.1549,-0.8781,-1.6211,-2.377,-6.2539,other
145599,0.2554,-0.1547,-0.8929,-2.1094,-2.4492,-5.2187,other
145622,0.2695,-0.1554,-0.9126,-2.5664,-2.3613,-4.334,other
145645,0.28,-0.1514,-0.9189,-3.4609,-2.0742,-2.9102,other
145668,0.2671,-0.1475,-0.9261,-4.1758,-1.8438,-2.0059,other
145691,0.259,-0.1425,-0.9257,-5.3047,-1.5391,-0.8477,other
145714,0.2371,-0.1431,-0.9088,-6.2754,-1.3652,-0.002,other
145737,0.238,-0.149,-0.8969,-6.6934,-1.3242,0.377,other
145760,0.2698,-0.1561,-0.9036,-6.8203,-1.3418,0.6562,other
145783,0.2837,-0.1619,-0.9032,-6.541,-1.4219,0.6387,other
145806,0.2673,-0.1642,-0.892,-5.6426,-1.6953,0.3184,other
145829,0.2605,-0.1655,-0.879,-4.8047,-2.0977,-0.248,other
145852,0.2577,-0.1627,-0.8673,-3.3828,-2.373,-0.668,other
145875,0.2665,-0.1622,-0.897,-2.0254,-2.7012,-1.2207,other
145898,0.2748,-0.1571,-0.9185,-1.3223,-2.8516,-1.4805,other
145921,0.2418,-0.1525,-0.9028,-0.7617,-3.0098,-1.6465,other
145944,0.23,-0.152,-0.9044,-0.752,-3.0566,-1.584,other
145967,0.2565,-0.1548,-0.907,-1.2031,-2.9785,-1.2363,other
145990,0.2638,-0.16,-0.8945,-2.0137,-2.75,-0.6953,other
146013,0.2598,-0.1646,-0.8895,-2.6191,-2.5645,-0.3145,other
146036,0.2671,-0.1615,-0.892,-3.457,-2.2793,0.1836,other
146059,0.2734,-0.157,-0.908,-3.9121,-2.1074,0.4258,other
146082,0.2568,-0.1509,-0.9229,-4.418,-1.9395,0.6445,other
146105,0.2358,-0.1521,-0.9186,-4.7363,-1.9395,0.7402,other
146128,0.23,-0.1554,-0.8998,-4.8437,-2.0254,0.7891,other
146151,0.2383,-0.1592,-0.8802,-4.8125,-2.2246,0.8848,other
146174,0.249,-0.1636,-0.881,-4.6504,-2.3613,0.9629,other
146197,0.2598,-0.1613,-0.895,-4.2461,-2.5254,1.0547,other
146220,0.2646,-0.1556,-0.9144,-3.9414,-2.6113,1.0527,other
146243,0.2468,-0.1511,-0.9225,-3.5762,-2.6289,0.9844,other
146266,0.228,-0.1493,-0.9171,-3.4336,-2.5937,0.8047,other
146289,0.2437,-0.1543,-0.9069,-3.459,-2.5117,0.6641,other
146312,0.2534,-0.1631,-0.8828,-3.584,-2.3223,0.4453,other
146335,0.2526,-0.1677,-0.8789,-3.6562,-2.1699,0.293,other
146358,0.2555,-0.1628,-0.8838,-3.6719,-1.9219,0.0605,other
146381,0.256,-0.1553,-0.9083,-3.6113,-1.6699,-0.1738,other
146404,0.2491,-0.1534,-0.9338,-3.5879,-1.5215,-0.3145,other
146427,0.2468,-0.1481,-0.9231,-3.6699,-1.375,-0.4746,other
146450,0.2303,-0.1488,-0.8925,-3.8027,-1.3438,-0.5293,other
146473,0.2241,-0.157,-0.8732,-4.0234,-1.3711,-0.5156,other
146496,0.2455,-0.1573,-0.8729,-4.1348,-1.377,-0.4238,other
146519,0.2759,-0.1572,-0.9122,-4.1191,-1.334,-0.3652,other
146542,0.2727,-0.1567,-0.9513,-4.0352,-1.252,-0.3691,other
146565,0.2515,-0.1538,-0.9253,-3.9941,-1.2402,-0.457,other
146588,0.2281,-0.1531,-0.8873,-3.9492,-1.2988,-0.6797,other
146611,0.2213,-0.1578,-0.8646,-3.7832,-1.3457,-0.9023,other
146634,0.239,-0.1642,-0.8705,-3.5391,-1.2988,-1.0059,other
146657,0.269,-0.1685,-0.896,-3.0117,-1.0898,-1.0957,other
146680,0.2839,-0.1658,-0.9138,-2.6445,-0.9063,-1.1484,other
146703,0.2664,-0.1582,-0.9205,-2.2637,-0.6836,-1.2578,other
146726,0.2454,-0.1516,-0.9075,-2.1953,-0.6113,-1.3438,other
146749,0.2268,-0.1531,-0.8912,-2.3789,-0.6172,-1.4199,other
146772,0.2368,-0.1582,-0.8901,-2.8008,-0.6875,-1.3574,other
146795,0.2554,-0.155,-0.8822,-3.1406,-0.7402,-1.2324,other
146818,0.2689,-0.156,-0.9368,-3.6582,-0.8066,-0.9844,other
146841,0.2703,-0.1558,-0.9214,-3.9941,-0.8516,-0.8242,other
146864,0.2566,-0.152,-0.9103,-4.4766,-0.957,-0.6426,other
146887,0.2308,-0.1561,-0.8998,-4.8887,-1.0977,-0.5039,other
146910,0.2252,-0.1548,-0.8756,-5.0781,-1.1719,-0.4023,other
146933,0.2509,-0.1547,-0.8851,-5.1875,-1.1914,-0.1992,other
146956,0.2739,-0.1552,-0.9218,-5.1621,-1.1387,-0.0469,other
146979,0.2664,-0.1495,-0.9304,-5.0898,-1.0391,0.1465,other
147002,0.25,-0.1447,-0.9233,-5.0898,-1.0059,0.2617,other
147025,0.2423,-0.1438,-0.9132,-5.1289,-1.0352,0.3008,other
147048,0.2341,-0.1473,-0.8905,-5.1621,-1.1445,0.332,other
147071,0.2397,-0.1556,-0.8851,-5.0957,-1.2363,0.3437,other
147094,0.2552,-0.1588,-0.8821,-4.7969,-1.3691,0.3437,other
147117,0.2644,-0.1587,-0.8937,-4.4766,-1.4434,0.2812,other
147140,0.2576,-0.1517,-0.9149,-3.9121,-1.5508,0.1914,other
147163,0.2428,-0.1498,-0.9246,-3.4219,-1.668,0.002,other
147186,0.2415,-0.1509,-0.9117,-3.2012,-1.7441,-0.1289,other
147209,0.2388,-0.1564,-0.8932,-3.0352,-1.8516,-0.2812,other
147232,0.2462,-0.1606,-0.8848,-2.9902,-1.9063,-0.3398,other
147255,0.251,-0.1624,-0.897,-2.9531,-1.9531,-0.3672,other
147278,0.2546,-0.156,-0.9,-2.9297,-1.9609,-0.3594,other
147301,0.2498,-0.1471,-0.9165,-2.9395,-1.9492,-0.3496,other
147324,0.2397,-0.1471,-0.9276,-3.0176,-1.9141,-0.3281,other
147347,0.2404,-0.1509,-0.912,-3.1172,-1.8984,-0.3047,other
147370,0.2401,-0.158,-0.8884,-3.2676,-1.8965,-0.2559,other
147393,0.2435,-0.1654,-0.8743,-3.3086,-1.9102,-0.1992,other
147416,0.2581,-0.1663,-0.8823,-3.2344,-1.9043,-0.1719,other
147439,0.2633,-0.1599,-0.9014,-3.0176,-1.8574,-0.168,other
147462,0.2521,-0.1545,-0.927,-2.875,-1.8164,-0.1973,other
147485,0.2314,-0.1478,-0.9187,-2.793,-1.7656,-0.2598,other
147508,0.2224,-0.1523,-0.9,-2.8633,-1.7344,-0.2793,other
147531,0.2241,-0.1582,-0.8859,-3.1133,-1.6602,-0.2422,other
147554,0.2435,-0.1571,-0.8851,-3.4297,-1.5039,-0.1309,other
147577,0.265,-0.1534,-0.9017,-3.6348,-1.3574,-0.0547,other
147600,0.2639,-0.152,-0.921,-3.9336,-1.125,-0.0078,other
147623,0.2426,-0.1486,-0.9141,-4.1426,-1.0039,-0.043,other
147646,0.2233,-0.15,-0.8984,-4.459,-0.8965,-0.168,other
147669,0.2235,-0.1509,-0.8889,-4.7031,-0.8379,-0.3184,other
147692,0.2468,-0.1526,-0.8973,-4.7871,-0.791,-0.4141,other
147715,0.2664,-0.1519,-0.9188,-4.7852,-0.709,-0.5801,other
147738,0.2416,-0.1407,-0.9138,-4.7285,-0.6875,-0.7344,other
147761,0.2196,-0.1406,-0.9158,-4.6055,-0.7246,-1.0391,other
147784,0.2382,-0.1432,-0.9155,-4.4473,-0.8047,-1.4082,other
147807,0.2489,-0.1475,-0.9116,-4.3164,-0.877,-1.6836,other
147830,0.2434,-0.1553,-0.9203,-4.0605,-1.0371,-2.1523,other
147853,0.249,-0.151,-0.9027,-3.8457,-1.1816,-2.498,other
147876,0.2455,-0.1466,-0.9052,-3.4512,-1.4707,-3.043,other
147899,0.1907,-0.145,-0.8292,-3.1426,-1.9453,-3.5977,other
147922,0.1904,-0.1459,-0.7872,-2.6719,-2.4434,-3.9687,other
147945,0.2797,-0.1749,-0.925,-2.4121,-3.6738,-4.5957,other
147968,0.2894,-0.1686,-0.9662,-2.582,-5.0176,-5.1074,other
147991,0.2588,-0.1498,-0.9556,-3.5977,-7.9258,-5.9629,other
148014,0.2213,-0.1392,-0.9587,-4.7168,-10.1895,-6.4473,other
148037,0.203,-0.1332,-0.9437,-6.6387,-13.2012,-6.7207,other
148060,0.1954,-0.1332,-0.9318,-8.1719,-14.7441,-6.1621,other
148083,0.1868,-0.1404,-0.8958,-8.6309,-14.6191,-5.2871,other
148106,0.1851,-0.1514,-0.8651,-8.166,-12.6387,-3.3809,other
148129,0.2089,-0.1647,-0.8667,-7.0742,-10.293,-1.9004,other
148152,0.2272,-0.1665,-0.8561,-4.5645,-5.8359,0.2324,other
148175,0.2279,-0.1626,-0.8618,-1.6895,-1.1426,1.8281,other
148198,0.2372,-0.1576,-0.9032,-0.0039,1.6699,2.4434,other
148221,0.2455,-0.1426,-0.9385,1.5742,4.9297,2.6406,other
148244,0.2394,-0.1364,-0.9584,1.7754,6.3008,2.3516,other
148267,0.2227,-0.1334,-0.9231,0.7617,7.1035,1.4961,other
148290,0.2056,-0.1326,-0.8828,-1.1016,6.6387,0.4473,other
148313,0.2067,-0.1337,-0.8867,-3.1328,5.875,-0.2031,other
148336,0.2314,-0.1356,-0.9076,-5.6113,4.4414,-0.9746,other
148359,0.2573,-0.1371,-0.9285,-7.0059,3.4219,-1.3379,other
148382,0.2566,-0.1366,-0.9227,-8.5527,1.8789,-1.7031,other
148405,0.2426,-0.1342,-0.9142,-9.1914,0.8711,-1.8594,other
148428,0.2177,-0.1343,-0.9083,-9.541,-0.4824,-1.9746,other
148451,0.2151,-0.1295,-0.8959,-9.1992,-1.4258,-1.918,other
148474,0.238,-0.1298,-0.9055,-8.6484,-1.7305,-1.7832,other
148497,0.2485,-0.1317,-0.9126,-7.5039,-1.7148,-1.5,other
148520,0.2427,-0.1356,-0.9103,-6.6406,-1.457,-1.3145,other
148543,0.2433,-0.1392,-0.905,-5.3828,-0.8633,-1.1094,other
148566,0.2428,-0.1393,-0.901,-4.3301,-0.2012,-1.0254,other
148589,0.2389,-0.1406,-0.8904,-3.793,0.1875,-1.0293,other
148612,0.2363,-0.1371,-0.8893,-3.2695,0.6172,-1.082,other
148635,0.2424,-0.1349,-0.9032,-3.1172,0.7812,-1.1191,other
148658,0.2491,-0.1318,-0.9185,-3.1992,0.8418,-1.1328,other
148681,0.2356,-0.1276,-0.9139,-3.6406,0.6816,-1.0605,other
148704,0.2295,-0.1218,-0.903,-4.0957,0.4805,-0.9473,other
148727,0.2378,-0.1218,-0.9104,-4.8945,0.1191,-0.6758,other
148750,0.2433,-0.1245,-0.9178,-5.4297,-0.1191,-0.4453,other
148773,0.2356,-0.1218,-0.921,-6.123,-0.4492,-0.0762,other
148796,0.2399,-0.1246,-0.9271,-6.4551,-0.6348,0.1484,other
148819,0.2461,-0.1265,-0.9144,-6.6855,-0.8652,0.4121,other
148842,0.2347,-0.1287,-0.8933,-6.5254,-1.0664,0.5508,other
148865,0.2327,-0.1318,-0.8936,-6.1875,-1.1895,0.5703,other
148888,0.2438,-0.134,-0.9001,-5.3809,-1.3555,0.5137,other
148911,0.2422,-0.1339,-0.9064,-4.7168,-1.4609,0.4316,other
148934,0.2385,-0.1343,-0.9147,-3.6973,-1.6289,0.2676,other
148957,0.2318,-0.1321,-0.8988,-2.834,-1.8105,0.1094,other
148980,0.2208,-0.1324,-0.8937,-2.4082,-1.9258,0.0391,other
149003,0.234,-0.1354,-0.9044,-2.0371,-2.0547,0.0176,other
149026,0.2426,-0.1335,-0.8999,-1.9688,-2.0957,0.0566,other
149049,0.2343,-0.13,-0.8992,-2.1094,-2.084,0.1621,other
149072,0.2412,-0.1267,-0.9229,-2.4844,-1.9688,0.2871,other
149095,0.2399,-0.1241,-0.9353,-2.8223,-1.8379,0.3652,other
149118,0.2195,-0.1232,-0.9073,-3.377,-1.6074,0.4707,other
149141,0.2131,-0.1279,-0.8883,-3.6934,-1.4375,0.5371,other
149164,0.2321,-0.1348,-0.8826,-3.9473,-1.1406,0.6328,other
149187,0.281,-0.1368,-0.8958,-3.9258,-0.916,0.6699,other
149210,0.2657,-0.1406,-0.917,-3.6543,-0.584,0.627,other
149233,0.2615,-0.137,-0.9241,-3.252,-0.3418,0.4297,other
149256,0.238,-0.1343,-0.913,-3.0,-0.2734,0.2363,other
149279,0.224,-0.1311,-0.8934,-2.7031,-0.3145,-0.0586,other
149302,0.2167,-0.1332,-0.8756,-2.5586,-0.418,-0.1953,other
149325,0.2292,-0.1383,-0.881,-2.4121,-0.627,-0.25,other
149348,0.2476,-0.139,-0.9026,-2.375,-0.8379,-0.1387,other
149371,0.2563,-0.1342,-0.9221,-2.4609,-0.9629,-0.0098,other
149394,0.2457,-0.1273,-0.9353,-2.8164,-1.1328,0.1914,other
149417,0.2234,-0.124,-0.9116,-3.2031,-1.2305,0.3184,other
149440,0.2145,-0.1274,-0.8934,-3.8887,-1.3008,0.5059,other
149463,0.2175,-0.1295,-0.8834,-4.4961,-1.2207,0.7012,other
149486,0.2488,-0.1327,-0.896,-4.7676,-1.0703,0.8145,other
149509,0.2758,-0.132,-0.9249,-4.9551,-0.7598,0.8926,other
149532,0.271,-0.1318,-0.946,-4.9668,-0.5703,0.8438,other
149555,0.236,-0.1271,-0.9152,-4.8848,-0.4355,0.6191,other
149578,0.2157,-0.1292,-0.8953,-4.7598,-0.502,0.3184,other
149601,0.2113,-0.1355,-0.8824,-4.418,-0.623,0.1465,other
149624,0.2263,-0.1418,-0.8923,-3.8633,-0.8555,-0.0176,other
149647,0.2573,-0.1393,-0.9135,-3.416,-1.0254,-0.0762,other
149670,0.264,-0.1324,-0.9181,-2.7734,-1.3281,-0.1445,other
149693,0.2375,-0.1283,-0.9078,-2.4395,-1.5801,-0.2051,other
149716,0.2212,-0.1307,-0.8999,-2.1367,-1.998,-0.3105,other
149739,0.2219,-0.135,-0.889,-2.0391,-2.3574,-0.3867,other
149762,0.2257,-0.1412,-0.8945,-2.0449,-2.5195,-0.4082,other
149785,0.2321,-0.1439,-0.9049,-2.1289,-2.6172,-0.4082,other
149808,0.2428,-0.1417,-0.9009,-2.2344,-2.5898,-0.4062,other
149831,0.2491,-0.1393,-0.9106,-2.4844,-2.4355,-0.4277,other
149854,0.2426,-0.1332,-0.9114,-2.8594,-2.2012,-0.4805,other
149877,0.2229,-0.1272,-0.9045,-3.1719,-2.0332,-0.5156,other
149900,0.2284,-0.1331,-0.9111,-3.6816,-1.7793,-0.5234,other
149923,0.2338,-0.1348,-0.9009,-4.0098,-1.6191,-0.4844,other
149946,0.2321,-0.1375,-0.903,-4.4199,-1.3965,-0.3789,other
149969,0.2419,-0.1365,-0.9165,-4.6152,-1.1992,-0.2461,other
149992,0.244,-0.1324,-0.9185,-4.7891,-1.0918,-0.1621,other
150015,0.2322,-0.1305,-0.9099,-4.8418,-0.9941,-0.0625,other
150038,0.2217,-0.1306,-0.9023,-4.8125,-0.9727,-0.0137,other
150061,0.2229,-0.1313,-0.896,-4.666,-0.9766,0.041,other
150084,0.2441,-0.1329,-0.901,-4.5059,-0.9824,0.0645,other
150107,0.2445,-0.1335,-0.9081,-4.2109,-0.998,0.0469,other
150130,0.2365,-0.1344,-0.9172,-3.9199,-1.0293,-0.0547,other
150153,0.2367,-0.1342,-0.9136,-3.7598,-1.0605,-0.1621,other
150176,0.2214,-0.1345,-0.8865,-3.584,-1.1191,-0.3418,other
150199,0.2146,-0.1389,-0.8831,-3.4922,-1.1484,-0.4453,other
150222,0.226,-0.1409,-0.9008,-3.3848,-1.1113,-0.543,other
150245,0.2592,-0.1298,-0.9049,-3.3457,-0.8945,-0.5664,other
150268,0.2705,-0.1273,-0.9221,-3.3887,-0.623,-0.5605,other
150291,0.2533,-0.1229,-0.9293,-3.5879,-0.0566,-0.5449,other
150314,0.2345,-0.1234,-0.9169,-3.7988,0.3711,-0.5312,other
150337,0.2272,-0.1282,-0.9038,-4.1504,0.9629,-0.4863,other
150360,0.2289,-0.1344,-0.9009,-4.3945,1.3535,-0.418,other
150383,0.2506,-0.1349,-0.9109,-4.4336,1.4512,-0.377,other
150406,0.2719,-0.1322,-0.9332,-4.2754,1.3242,-0.3672,other
150429,0.2668,-0.121,-0.9358,-4.0449,1.041,-0.416,other
150452,0.248,-0.1278,-0.9579,-3.5449,0.3223,-0.5469,other
150475,0.223,-0.1387,-0.9318,-3.1055,-0.3086,-0.6328,other
150498,0.1877,-0.1549,-0.9336,-2.1973,-1.334,-0.668,other
150521,0.2157,-0.1569,-0.9492,-0.8105,-2.1738,-0.5391,other
150544,0.3126,-0.1406,-0.8973,0.4961,-2.5547,-0.3926,other
150567,0.2119,-0.173,-0.8644,3.1465,-3.0234,-0.1895,other
150590,0.2166,-0.1866,-0.8396,5.3457,-3.3281,-0.0742,other
150613,0.2384,-0.1985,-0.8339,9.0059,-3.7227,0.0996,other
150636,0.2262,-0.1985,-0.7952,12.4961,-4.0293,0.2637,other
150659,0.2162,-0.204,-0.7823,14.3223,-4.1523,0.3437,other
150682,0.2394,-0.2034,-0.8331,15.7129,-4.127,0.3945,other
150705,0.2675,-0.1917,-0.9097,15.4355,-3.9609,0.3633,other
150728,0.2656,-0.1713,-0.913,12.875,-3.6094,0.2031,other
150751,0.2167,-0.1556,-0.9489,7.7695,-3.3164,-0.0117,other
150774,0.1842,-0.1368,-0.9556,3.2383,-3.1504,-0.0859,other
150797,0.205,-0.1322,-0.9801,-4.4355,-2.8262,0.0371,other
150820,0.2172,-0.1311,-0.9635,-9.5273,-2.5156,0.2773,other
150843,0.2174,-0.1371,-0.9371,-16.0488,-1.9141,0.7539,other
150866,0.2351,-0.1528,-0.9393,-19.1133,-1.4375,1.1641,other
150889,0.2476,-0.1558,-0.9115,-21.1934,-0.6758,1.2852,other
150912,0.2389,-0.153,-0.8613,-20.0898,0.0645,1.1289,other
150935,0.238,-0.1567,-0.8842,-17.7832,0.5391,0.791,other
150958,0.2507,-0.1588,-0.9159,-12.7168,1.1641,-0.002,other
150981,0.2516,-0.1639,-0.9178,-8.8594,1.4141,-0.668,other
151004,0.2463,-0.1764,-0.8988,-3.334,1.3379,-1.748,other
151027,0.2295,-0.182,-0.8619,1.0215,0.6289,-2.752,other
151050,0.205,-0.1813,-0.8278,3.0156,-0.1328,-3.2773,other
151073,0.2079,-0.1757,-0.835,4.5352,-1.4434,-3.7148,other
151096,0.2212,-0.1656,-0.8738,4.5781,-2.2578,-3.7344,other
151119,0.2195,-0.1509,-0.9373,3.2656,-3.168,-3.3906,other
151142,0.2233,-0.1422,-0.9392,0.498,-3.5391,-2.7148,other
151165,0.2476,-0.1282,-0.9528,-1.9531,-3.4414,-2.168,other
151188,0.2491,-0.1268,-0.9554,-6.0703,-2.8242,-1.3496,other
151211,0.2488,-0.1252,-0.9377,-8.7637,-2.1777,-0.877,other
151234,0.2501,-0.1344,-0.9281,-12.1309,-1.0332,-0.3555,other
151257,0.2445,-0.1466,-0.9182,-13.6309,0.2285,-0.1074,other
151280,0.2313,-0.1495,-0.8916,-14.4668,0.6797,-0.0898,other
151303,0.2157,-0.1482,-0.873,-13.5859,1.2578,-0.2266,other
151326,0.2225,-0.1462,-0.8909,-12.2051,1.4258,-0.3906,other
151349,0.239,-0.1436,-0.9073,-9.418,1.377,-0.6895,other
151372,0.2477,-0.1385,-0.92,-7.416,1.1738,-0.9141,other
151395,0.2544,-0.1376,-0.927,-4.7187,0.6699,-1.2754,other
151418,0.2433,-0.1364,-0.9154,-2.7852,0.0195,-1.6348,other
151441,0.2378,-0.1384,-0.9077,-1.9941,-0.4355,-1.8418,other
151464,0.2311,-0.1438,-0.8983,-1.4688,-1.0566,-2.0527,other
151487,0.238,-0.1497,-0.8938,-1.4473,-1.3887,-2.1113,other
151510,0.2482,-0.1519,-0.8857,-1.709,-1.7305,-2.0703,other
151533,0.243,-0.1431,-0.8877,-2.1426,-1.8848,-1.9004,other
151556,0.2415,-0.1428,-0.9127,-2.4746,-1.9004,-1.7266,other
151579,0.2301,-0.1367,-0.9005,-3.0312,-1.832,-1.375,other
151602,0.2242,-0.1343,-0.9105,-3.4434,-1.7422,-1.082,other
151625,0.2264,-0.1334,-0.9204,-4.1113,-1.5527,-0.5703,other
151648,0.235,-0.1342,-0.9246,-4.5742,-1.3281,-0.0371,other
151671,0.2451,-0.1388,-0.9158,-5.2305,-1.1758,0.2832,other
151694,0.2446,-0.1409,-0.908,-5.7227,-0.9727,0.6406,other
151717,0.2428,-0.1385,-0.9111,-5.8867,-0.8633,0.7715,other
151740,0.2212,-0.1343,-0.8921,-5.8359,-0.752,0.8164,other
151763,0.2102,-0.1353,-0.8888,-5.5996,-0.707,0.7695,other
151786,0.2393,-0.14,-0.9053,-5.0117,-0.6348,0.6387,other
151809,0.2529,-0.1426,-0.9141,-4.3027,-0.5547,0.4492,other
151832,0.2416,-0.1404,-0.9009,-3.8672,-0.5215,0.291,other
151855,0.2546,-0.1401,-0.9037,-3.3711,-0.502,0.0312,other
151878,0.2437,-0.1438,-0.918,-3.1738,-0.5078,-0.1387,other
151901,0.2325,-0.1383,-0.9059,-3.0898,-0.5566,-0.334,other
151924,0.2288,-0.1381,-0.9017,-3.207,-0.627,-0.4121,other
151947,0.234,-0.1368,-0.8843,-3.3477,-0.668,-0.3867,other
151970,0.2462,-0.1394,-0.9003,-3.5781,-0.6934,-0.2578,other
151993,0.2533,-0.1385,-0.918,-3.7285,-0.6836,-0.1387,other
152016,0.2415,-0.1334,-0.9136,-3.9551,-0.6621,0.0488,other
152039,0.2352,-0.1324,-0.9067,-4.1055,-0.6484,0.2305,other
152062,0.2386,-0.1346,-0.901,-4.3086,-0.6426,0.3496,other
152085,0.2379,-0.1376,-0.9058,-4.4395,-0.6445,0.5176,other
152108,0.2404,-0.1412,-0.9111,-4.4727,-0.6543,0.6113,other
152131,0.2358,-0.14,-0.903,-4.4492,-0.6855,0.7109,other
152154,0.2281,-0.1416,-0.8986,-4.3887,-0.7168,0.7441,other
152177,0.2229,-0.141,-0.8861,-4.248,-0.7578,0.752,other
152200,0.2295,-0.1405,-0.8837,-4.082,-0.7383,0.7227,other
152223,0.2509,-0.137,-0.8934,-3.9922,-0.6641,0.6816,other
152246,0.2581,-0.1322,-0.9048,-3.9707,-0.4551,0.5645,other
152269,0.2562,-0.1281,-0.9191,-4.0801,-0.2715,0.4375,other
152292,0.2561,-0.1299,-0.9296,-4.459,0.0312,0.1895,other
152315,0.2526,-0.1293,-0.9193,-5.0391,0.3203,-0.0879,other
152338,0.2372,-0.1332,-0.8942,-5.4531,0.4785,-0.252,other
152361,0.2412,-0.1368,-0.8833,-5.9434,0.6348,-0.416,other
152384,0.2534,-0.1375,-0.8855,-6.1152,0.6875,-0.459,other
152407,0.2555,-0.1332,-0.8976,-6.1172,0.6855,-0.4395,other
152430,0.2477,-0.127,-0.9014,-5.916,0.5977,-0.3555,other
152453,0.2476,-0.121,-0.9098,-5.75,0.5117,-0.2793,other
152476,0.2523,-0.1208,-0.9215,-5.5527,0.3828,-0.1582,other
152499,0.2543,-0.1222,-0.9137,-5.4883,0.3047,-0.084,other
152522,0.2544,-0.1277,-0.9067,-5.4863,0.1934,0.0,other
152545,0.2572,-0.1289,-0.9006,-5.5137,0.1172,0.0332,other
152568,0.2604,-0.1288,-0.9063,-5.5312,-0.0078,0.0449,other
152591,0.2463,-0.1256,-0.894,-5.4629,-0.1738,0.0176,other
152614,0.2366,-0.1279,-0.8912,-5.3535,-0.3105,-0.0059,other
152637,0.2444,-0.125,-0.9066,-5.1191,-0.5293,-0.0215,other
152660,0.2379,-0.1229,-0.9,-4.9473,-0.6738,-0.0117,other
152683,0.2365,-0.1207,-0.8965,-4.7285,-0.8594,0.0254,other
152706,0.2673,-0.1228,-0.9017,-4.5996,-0.957,0.0547,other
152729,0.2712,-0.1215,-0.9017,-4.5762,-0.9727,0.0391,other
152752,0.2444,-0.1195,-0.9009,-4.625,-0.9395,-0.0703,other
152775,0.2424,-0.1157,-0.9069,-4.6973,-0.877,-0.1836,other
152798,0.264,-0.1224,-0.9172,-4.8223,-0.7051,-0.375,other
152821,0.2766,-0.1277,-0.9119,-4.9219,-0.4844,-0.5684,other
152844,0.2606,-0.1281,-0.8978,-4.9414,-0.3516,-0.6934,other
152867,0.2512,-0.125,-0.8848,-4.8574,-0.2187,-0.8418,other
152890,0.2413,-0.1227,-0.8944,-4.7129,-0.1836,-0.8887,other
152913,0.2433,-0.1199,-0.9032,-4.4082,-0.2187,-0.8555,other
152936,0.2495,-0.1183,-0.9063,-4.1895,-0.293,-0.7012,other
152959,0.2593,-0.1217,-0.8962,-3.9199,-0.4687,-0.5586,other
152982,0.2629,-0.124,-0.9,-3.7734,-0.6836,-0.3418,other
153005,0.2672,-0.1215,-0.9093,-3.7559,-0.8262,-0.2246,other
153028,0.254,-0.1152,-0.9121,-3.8418,-1.0293,-0.1113,other
153051,0.2422,-0.1132,-0.9122,-3.9609,-1.1504,-0.0703,other
153074,0.2523,-0.1163,-0.9078,-4.1738,-1.2949,-0.0371,other
153097,0.2467,-0.1161,-0.8904,-4.3359,-1.4063,-0.0254,other
153120,0.2439,-0.1183,-0.9125,-4.3672,-1.4629,-0.0293,other
153143,0.2667,-0.116,-0.9265,-4.2734,-1.5352,-0.0684,other
153166,0.2703,-0.1205,-0.9213,-4.123,-1.5918,-0.1289,other
153189,0.2501,-0.1241,-0.8989,-3.7559,-1.7402,-0.2812,other
153212,0.2284,-0.1289,-0.8684,-3.1738,-1.9453,-0.4629,other
153235,0.2308,-0.1356,-0.8624,-2.6504,-2.0703,-0.5605,other
153258,0.2662,-0.1406,-0.89,-1.7422,-2.1836,-0.6484,other
153281,0.2743,-0.1389,-0.9052,-1.168,-2.2187,-0.6719,other
153304,0.2517,-0.1292,-0.9052,-0.5762,-2.2598,-0.6777,other
153327,0.2472,-0.1216,-0.913,-0.457,-2.2852,-0.623,other
153350,0.2334,-0.1184,-0.9011,-0.7363,-2.291,-0.5293,other
153373,0.2202,-0.1196,-0.8905,-1.4648,-2.2168,-0.293,other
153396,0.2386,-0.1232,-0.8971,-2.0996,-2.0898,-0.084,other
153419,0.2706,-0.1224,-0.924,-3.1133,-1.791,0.2246,other
153442,0.2842,-0.119,-0.9496,-3.7617,-1.5566,0.3633,other
153465,0.2623,-0.1165,-0.9375,-4.5937,-1.2754,0.3887,other
153488,0.23,-0.1182,-0.8981,-5.0859,-1.168,0.1992,other
153511,0.2098,-0.1302,-0.8716,-5.1113,-1.1934,0.0098,other
153534,0.2371,-0.136,-0.8538,-4.5918,-1.3262,-0.2871,other
153557,0.2614,-0.142,-0.8833,-3.9082,-1.4531,-0.4785,other
153580,0.2784,-0.14,-0.925,-2.6172,-1.7012,-0.7754,other
153603,0.2598,-0.1304,-0.9208,-1.4219,-2.0391,-1.0898,other
153626,0.2222,-0.1272,-0.9025,-0.8594,-2.2949,-1.2734,other
153649,0.217,-0.1279,-0.886,-0.4629,-2.6133,-1.4219,other
153672,0.2397,-0.1345,-0.8893,-0.4766,-2.7266,-1.4063,other
153695,0.2642,-0.1383,-0.9132,-0.8379,-2.7187,-1.2285,other
153718,0.2682,-0.134,-0.9263,-1.2539,-2.5527,-0.959,other
153741,0.244,-0.126,-0.9156,-2.0449,-2.4062,-0.7734,other
153764,0.2325,-0.1201,-0.902,-2.8711,-2.168,-0.4922,other
153787,0.235,-0.1276,-0.9109,-3.334,-2.0039,-0.2969,other
153810,0.249,-0.1365,-0.9127,-3.7676,-1.7676,0.0059,other
153833,0.2625,-0.1403,-0.9167,-3.8477,-1.6504,0.1953,other
153856,0.2642,-0.1415,-0.9147,-3.6504,-1.584,0.416,other
153879,0.2592,-0.1396,-0.9125,-3.1172,-1.7012,0.5605,other
153902,0.2273,-0.1407,-0.8832,-2.6172,-1.8887,0.6445,other
153925,0.2092,-0.1447,-0.8674,-1.7285,-2.2695,0.8359,other
153948,0.2136,-0.1456,-0.8683,-1.1055,-2.5215,1.0332,other
153971,0.2328,-0.1479,-0.8866,-0.2891,-2.7832,1.416,other
153994,0.2462,-0.1493,-0.9258,0.1543,-2.8379,1.7832,other
154017,0.2383,-0.1417,-0.8972,0.1328,-2.7637,1.9453,other
154040,0.2229,-0.1384,-0.8856,-0.4102,-2.498,2.0078,other
154063,0.2355,-0.1371,-0.9055,-1.0625,-2.2187,1.9277,other
154086,0.2555,-0.1357,-0.923,-2.3535,-1.6973,1.6504,other
154109,0.2473,-0.1331,-0.9255,-3.8457,-1.166,1.2129,other
154132,0.2382,-0.13,-0.917,-4.8398,-0.8652,0.8711,other
154155,0.2386,-0.131,-0.9105,-6.1387,-0.5332,0.3516,other
154178,0.2379,-0.1366,-0.8998,-6.7715,-0.4043,0.0371,other
154201,0.2405,-0.1416,-0.8939,-7.25,-0.3477,-0.3457,other
154224,0.2429,-0.1418,-0.8837,-7.2402,-0.3945,-0.5352,other
154247,0.2417,-0.1375,-0.8883,-6.8203,-0.5684,-0.7227,other
154270,0.2471,-0.1328,-0.9078,-6.1309,-0.8184,-0.8066,other
154293,0.2446,-0.1296,-0.9229,-5.6758,-1.0137,-0.8105,other
154316,0.233,-0.1262,-0.9209,-5.1973,-1.3398,-0.7422,other
154339,0.2271,-0.1255,-0.9084,-5.0684,-1.5605,-0.6465,other
154362,0.2279,-0.1271,-0.905,-5.1309,-1.8477,-0.4297,other
154385,0.2374,-0.1295,-0.9137,-5.3809,-2.0469,-0.1602,other
154408,0.2361,-0.1277,-0.908,-5.5781,-2.1289,0.0176,other
154431,0.2285,-0.1267,-0.8989,-5.8105,-2.1777,0.2285,other
154454,0.2317,-0.1307,-0.9097,-5.8809,-2.1602,0.3184,other
154477,0.2472,-0.1321,-0.9076,-5.8262,-2.0566,0.3652,other
154500,0.2357,-0.1315,-0.8939,-5.6035,-1.8887,0.3086,other
154523,0.2346,-0.1274,-0.8959,-5.3887,-1.752,0.2305,other
154546,0.2319,-0.1208,-0.9093,-5.0469,-1.5156,0.0977,other
154569,0.2424,-0.1167,-0.9327,-4.8555,-1.3477,0.0195,other
154592,0.2489,-0.1134,-0.9391,-4.7012,-1.127,-0.0684,other
154615,0.2408,-0.1166,-0.9293,-4.6875,-1.0352,-0.1074,other
154638,0.2306,-0.1266,-0.9165,-4.709,-1.0137,-0.1387,other
154661,0.2407,-0.1366,-0.8955,-4.5918,-1.1172,-0.1406,other
154684,0.2493,-0.1399,-0.879,-4.3437,-1.2461,-0.1328,other
154707,0.229,-0.1399,-0.8727,-3.6797,-1.5215,-0.127,other
154730,0.2272,-0.1406,-0.8898,-3.0898,-1.7305,-0.1191,other
154753,0.2324,-0.1328,-0.9122,-2.1797,-2.0156,-0.0781,other
154776,0.2177,-0.125,-0.8981,-1.5137,-2.2168,0.0195,other
154799,0.2111,-0.1289,-0.902,-1.3184,-2.2676,0.125,other
154822,0.2535,-0.1274,-0.9054,-1.4551,-2.1426,0.3223,other
154845,0.2601,-0.1246,-0.9125,-1.8145,-1.9336,0.4414,other
154868,0.243,-0.126,-0.9225,-2.6562,-1.5039,0.541,other
154891,0.239,-0.124,-0.9268,-3.6836,-1.0137,0.5273,other
154914,0.2291,-0.1229,-0.9188,-4.3516,-0.6973,0.4687,other
154937,0.2256,-0.1212,-0.9078,-5.1426,-0.2988,0.3379,other
154960,0.2279,-0.1259,-0.9073,-5.4414,-0.1133,0.2402,other
154983,0.2448,-0.1301,-0.9045,-5.4805,0.0117,0.082,other
155006,0.2513,-0.1359,-0.9104,-5.2441,-0.0215,-0.1172,other
155029,0.2477,-0.1372,-0.9043,-4.582,-0.2617,-0.2812,other
155052,0.2314,-0.1359,-0.8969,-3.7031,-0.6836,-0.5625,other
155075,0.2214,-0.1371,-0.8862,-3.084,-1.0078,-0.7441,other
155098,0.2323,-0.137,-0.8801,-2.2363,-1.4512,-0.9531,other
155121,0.2372,-0.1334,-0.8916,-1.7969,-1.6719,-1.0313,other
155144,0.2437,-0.1281,-0.9169,-1.4531,-1.8555,-1.0547,other
155167,0.2567,-0.1226,-0.9414,-1.5996,-1.8691,-0.9902,other
155190,0.2471,-0.1217,-0.9069,-1.9785,-1.8242,-0.916,other
155213,0.2216,-0.1257,-0.9041,-2.8398,-1.7461,-0.7598,other
155236,0.2209,-0.1282,-0.8866,-3.4629,-1.6895,-0.6191,other
155259,0.23,-0.1332,-0.8922,-4.2109,-1.5898,-0.3613,other
155282,0.2363,-0.1337,-0.9141,-4.5703,-1.4902,-0.1055,other
155305,0.2316,-0.1304,-0.9182,-4.5937,-1.4414,0.0234,other
155328,0.2327,-0.1309,-0.9203,-4.3809,-1.3984,0.1152,other
155351,0.2426,-0.1364,-0.8923,-4.125,-1.3789,0.1074,other
155374,0.2393,-0.1388,-0.8826,-3.6309,-1.3477,0.0059,other
155397,0.2415,-0.141,-0.8925,-3.2734,-1.3027,-0.1543,other
155420,0.24,-0.1373,-0.8943,-2.8027,-1.2676,-0.2637,other
155443,0.2268,-0.1284,-0.9003,-2.5684,-1.207,-0.3828,other
155466,0.2258,-0.1221,-0.9032,-2.6113,-1.1563,-0.4121,other
155489,0.2347,-0.1221,-0.9192,-3.0176,-1.041,-0.377,other
155512,0.2471,-0.13,-0.9388,-3.5059,-0.9512,-0.3262,other
155535,0.2412,-0.1299,-0.9248,-4.4785,-0.8633,-0.2676,other
155558,0.2209,-0.1266,-0.9004,-5.5352,-0.9043,-0.2715,other
155581,0.2152,-0.1185,-0.8751,-6.1406,-0.9824,-0.2988,other
155604,0.2399,-0.1171,-0.8938,-6.7285,-1.0801,-0.3535,other
155627,0.2599,-0.1234,-0.9358,-6.8809,-1.1035,-0.4023,other
155650,0.2535,-0.129,-0.9324,-6.8145,-1.1074,-0.5254,other
155673,0.238,-0.1315,-0.9041,-6.502,-1.1152,-0.6992,other
155696,0.2301,-0.125,-0.903,-6.1797,-1.1172,-0.8066,other
155719,0.2354,-0.1172,-0.8876,-5.5664,-1.1035,-0.8906,other
155742,0.24,-0.1163,-0.9047,-5.1035,-1.0957,-0.875,other
155765,0.2413,-0.1162,-0.9177,-4.4199,-1.1289,-0.7559,other
155788,0.2305,-0.1204,-0.9109,-3.5234,-1.2539,-0.5664,other
155811,0.2146,-0.1342,-0.9006,-3.5508,-1.3887,-0.4277,other
155834,0.2114,-0.1395,-0.8795,-3.1953,-1.5996,-0.2266,other
155857,0.2034,-0.1344,-0.8572,-2.9961,-1.6875,-0.1172,other
155880,0.2151,-0.1238,-0.8816,-2.7617,-1.625,-0.0098,other
155903,0.2651,-0.1169,-0.9546,-2.7051,-1.418,0.002,other
155926,0.2927,-0.1154,-0.9762,-2.916,-0.9531,-0.1172,other
155949,0.2489,-0.1168,-0.9126,-3.5352,-0.5215,-0.4004,other
155972,0.2186,-0.1201,-0.8658,-4.0645,-0.2988,-0.6211,other
155995,0.2308,-0.1218,-0.8828,-4.7539,0.0078,-0.8691,other
156018,0.2446,-0.1204,-0.9177,-5.0352,0.2051,-0.9375,other
156041,0.2476,-0.1189,-0.939,-5.1719,0.4277,-0.916,other
156064,0.2363,-0.1146,-0.918,-5.0449,0.459,-0.8145,other
156087,0.2205,-0.1199,-0.8916,-4.8457,0.3574,-0.7344,other
156110,0.2291,-0.1268,-0.8751,-4.377,0.0781,-0.6191,other
156133,0.2482,-0.1324,-0.8865,-3.9648,-0.1465,-0.5605,other
156156,0.2535,-0.1324,-0.9032,-3.2891,-0.5039,-0.5488,other
156179,0.2499,-0.1301,-0.9105,-2.7129,-0.8652,-0.6504,other
156202,0.2419,-0.1265,-0.9034,-2.4746,-1.0918,-0.7676,other
156225,0.2289,-0.1184,-0.8966,-2.3906,-1.3633,-0.9473,other
156248,0.2341,-0.1212,-0.9081,-2.5176,-1.4727,-1.0273,other
156271,0.2515,-0.1305,-0.9012,-2.9316,-1.5039,-1.043,other
156294,0.2666,-0.1329,-0.8927,-3.3145,-1.4434,-0.9824,other
156317,0.2548,-0.1281,-0.8751,-3.9668,-1.2695,-0.793,other
156340,0.2354,-0.1355,-0.8633,-4.6367,-0.9629,-0.4551,other
156363,0.2247,-0.1403,-0.8805,-5.084,-0.6016,-0.1113,other
156386,0.2424,-0.1185,-0.8768,-5.8145,0.3105,0.625,other
156409,0.2499,-0.1044,-0.9088,-6.4043,1.1641,1.252,other
156432,0.2682,-0.0864,-0.9329,-7.5508,2.6504,2.3105,other
156455,0.2754,-0.0752,-0.9451,-9.0391,4.0586,3.3379,other
156478,0.2588,-0.0708,-0.9327,-10.1406,4.7598,3.9062,other
156501,0.2406,-0.0704,-0.9072,-11.6641,5.2754,4.4668,other
156524,0.2397,-0.0806,-0.9509,-12.3867,5.2422,4.5996,other
156547,0.2546,-0.0844,-0.9611,-12.7559,4.666,4.375,other
156570,0.2482,-0.0959,-0.9303,-12.0879,3.5078,3.6055,other
156593,0.2369,-0.1062,-0.8872,-11.0059,2.4785,2.8086,other
156616,0.2472,-0.1233,-0.8696,-8.4453,0.7461,1.2773,other
156639,0.2555,-0.1378,-0.8547,-6.2148,-0.4082,0.1055,other
156662,0.2642,-0.1411,-0.8511,-2.4473,-1.9473,-1.7188,other
156685,0.2747,-0.1316,-0.8542,0.0449,-2.7598,-3.4043,other
156708,0.2743,-0.124,-0.8595,3.1855,-3.5742,-4.3242,other
156731,0.2639,-0.1173,-0.8839,5.0117,-3.8828,-5.2344,other
156754,0.2505,-0.1033,-0.8967,5.2734,-3.8301,-5.459,other
156777,0.2449,-0.0912,-0.9285,4.1582,-3.4414,-5.1934,other
156800,0.2382,-0.0839,-0.9575,2.5234,-3.0371,-4.6523,other
156823,0.2322,-0.0863,-0.9462,-0.834,-2.3223,-3.459,other
156846,0.2361,-0.0991,-0.9293,-4.4961,-1.5801,-2.0781,other
156869,0.2489,-0.108,-0.905,-6.6367,-1.1094,-1.2188,other
156892,0.2622,-0.1122,-0.8768,-8.8066,-0.4687,-0.2344,other
156915,0.2788,-0.1177,-0.8821,-9.3672,-0.082,0.1426,other
156938,0.3002,-0.1217,-0.8997,-8.8809,0.4355,0.252,other
156961,0.2747,-0.1174,-0.8845,-7.1777,0.834,-0.0918,other
156984,0.2444,-0.1099,-0.8759,-5.668,1.0332,-0.459,other
157007,0.2516,-0.1074,-0.8883,-3.3184,1.3027,-1.0,other
157030,0.2676,-0.1108,-0.8981,-1.9453,1.4863,-1.2559,other
157053,0.2729,-0.1122,-0.9148,-0.498,1.7578,-1.416,other
157076,0.2687,-0.1084,-0.9338,-0.0312,1.9082,-1.3184,other
157099,0.2627,-0.1038,-0.8972,-0.0547,2.0605,-1.1328,other
157122,0.2571,-0.1077,-0.8792,-0.6855,2.1191,-0.7266,other
157145,0.2463,-0.1117,-0.8666,-1.2441,2.1152,-0.4102,other
157168,0.259,-0.1172,-0.8905,-2.0352,2.0937,0.0371,other
157191,0.2999,-0.1179,-0.9196,-2.4648,2.0664,0.252,other
157214,0.2814,-0.1113,-0.9326,-2.959,1.916,0.3437,other
157237,0.2592,-0.1053,-0.9154,-3.3125,1.5566,0.127,other
157260,0.2675,-0.1045,-0.8942,-3.4551,1.2305,-0.1504,other
157283,0.2817,-0.1113,-0.8914,-3.457,0.7012,-0.6699,other
157306,0.2965,-0.1155,-0.89,-3.2773,0.3711,-1.0449,other
157329,0.2869,-0.1213,-0.8867,-2.7324,-0.0293,-1.5801,other
157352,0.2681,-0.1228,-0.8542,-1.9453,-0.2773,-1.9785,other
157375,0.2825,-0.1273,-0.8633,-1.3691,-0.3379,-2.1055,other
157398,0.2837,-0.1239,-0.8684,-0.6113,-0.2969,-2.0195,other
157421,0.2867,-0.1238,-0.9086,-0.3125,-0.2129,-1.7656,other
157444,0.2716,-0.1217,-0.9233,-0.3652,-0.043,-1.0977,other
157467,0.2604,-0.1178,-0.9056,-0.7832,0.209,-0.1328,other
157490,0.2601,-0.1235,-0.9056,-1.8828,0.4844,0.6191,other
157513,0.293,-0.1381,-0.9279,-3.2344,1.127,1.7578,other
157536,0.2631,-0.124,-0.8785,-4.0762,1.6895,2.4219,other
157559,0.287,-0.1293,-0.8999,-4.9277,2.748,3.123,other
157582,0.3156,-0.1205,-0.8978,-5.0859,3.6328,3.3477,other
157605,0.3232,-0.1143,-0.8324,-4.6113,5.3203,3.3047,other
157628,0.3138,-0.1227,-0.8259,-3.3574,7.4414,2.8398,other
157651,0.2996,-0.1233,-0.8153,-2.252,8.9687,2.3457,other
157674,0.333,-0.1182,-0.8427,-0.6348,11.0,1.416,other
157697,0.3667,-0.1234,-0.9093,0.1055,11.8359,0.7148,other
157720,0.338,-0.1084,-0.9254,0.2422,11.7754,-0.377,other
157743,0.2926,-0.1024,-0.9269,-1.0156,10.0234,-1.3379,other
157766,0.2773,-0.0935,-0.9143,-2.5195,8.1777,-1.7695,other
157789,0.3265,-0.0801,-0.9325,-5.2676,5.0937,-1.9688,other
157812,0.3097,-0.0883,-0.9802,-7.0391,3.252,-1.8164,other
157835,0.2834,-0.099,-0.9698,-8.9238,1.4141,-1.3203,other
157858,0.3165,-0.1271,-0.9116,-9.2988,0.9082,-0.7969,other
157881,0.3816,-0.1376,-0.8384,-8.1035,1.0938,-0.627,other
157904,0.348,-0.1437,-0.8252,-4.7324,1.4824,-0.9453,other
157927,0.3137,-0.1487,-0.8605,-1.5977,1.5293,-1.6641,other
157950,0.3678,-0.1476,-0.859,3.2988,0.9609,-3.6738,other
157973,0.3763,-0.1302,-0.7666,5.8145,-0.166,-5.7695,other
157996,0.3221,-0.0613,-0.6793,6.9941,-3.6289,-10.2187,other
158019,0.2517,0.043,-0.7109,3.5391,-9.3281,-16.1035,other
158042,0.2206,0.0704,-0.9636,-2.0723,-13.9824,-20.5957,other
158065,0.1652,0.1075,-1.1448,-15.998,-21.3457,-27.7285,other
158088,0.1484,0.1049,-1.1406,-28.6113,-25.9727,-32.4453,other
158111,0.239,0.137,-0.8634,-50.3184,-31.7949,-39.002,other
158134,0.2808,0.1353,-0.7338,-64.0,-35.8945,-44.4648,other
158157,0.1998,0.1331,-0.6938,-64.0,-37.4531,-47.2031,other
158180,0.1698,0.1656,-0.7614,-64.0,-37.375,-49.3359,other
158203,0.1827,0.1901,-0.8706,-64.0,-35.4316,-49.1016,other
158226,0.1682,0.1984,-0.9337,-64.0,-30.0371,-46.0645,other
158249,0.2036,0.2418,-0.8992,-64.0,-22.832,-40.2617,other
158272,0.241,0.239,-0.9514,-64.0,-17.7285,-35.3711,other
158295,0.1284,0.2344,-0.8783,-64.0,-10.5371,-27.3184,other
158318,0.0129,0.2418,-0.7544,-64.0,-6.2539,-21.8281,other
158341,0.0337,0.2445,-0.7599,-60.1094,-0.3027,-13.875,other
158364,0.241,0.203,-1.0244,-56.1055,3.5059,-6.5684,other
158387,0.2771,0.286,-0.7487,-50.0391,8.8184,-3.1758,other
158410,0.2336,0.2809,-0.7969,-43.627,13.6172,0.7676,other
158433,0.1295,0.3464,-0.8409,-39.0879,16.5898,2.4219,other
158456,0.3035,0.375,-0.7721,-32.0625,20.6621,3.9062,other
158479,0.3156,0.3767,-0.7761,-27.4961,23.002,4.4082,other
158502,0.3413,0.3439,-0.7686,-21.498,25.3887,4.543,other
158525,0.1785,0.3102,-0.8254,-17.4648,25.3125,4.0762,other
158548,0.1993,0.3188,-0.8137,-16.3906,23.5723,3.582,other
158571,0.2632,0.3325,-0.7562,-17.7422,18.5098,2.6816,other
158594,0.1626,0.4066,-0.7546,-20.627,13.5957,1.8965,other
158617,0.1542,0.4656,-0.767,-27.2305,4.1836,0.3145,other
158640,0.1218,0.4686,-0.762,-34.8828,-6.8926,-1.6855,other
158663,0.1522,0.4447,-0.7772,-39.4824,-14.416,-3.1055,other
158686,0.0935,0.4114,-0.8025,-44.4238,-24.9199,-5.0723,other
158709,0.2578,0.4054,-0.8219,-46.1484,-31.3828,-6.1504,other
158732,0.0316,0.411,-0.7572,-46.5059,-40.6406,-7.3535,other
158755,0.1362,0.427,-0.7817,-45.4961,-46.0586,-8.1758,other
158778,0.068,0.4695,-0.7651,-42.6211,-51.543,-8.6152,other
158801,0.0505,0.4979,-0.7262,-38.7617,-52.377,-9.2773,other
158824,0.04,0.4832,-0.6833,-35.9883,-49.918,-9.8027,other
158847,0.0394,0.4871,-0.7102,-31.9707,-41.9297,-10.8223,other
158870,0.0817,0.4998,-0.7352,-29.5684,-34.4707,-11.6973,other
158893,0.0641,0.4893,-0.7864,-26.543,-22.125,-13.2754,other
158916,0.0365,0.4834,-0.7017,-24.0957,-10.8477,-14.9316,other
158939,0.0486,0.4696,-0.6582,-22.5371,-4.8398,-15.875,other
158962,0.1316,0.4493,-0.7347,-19.8789,1.3555,-16.7734,other
158985,0.0913,0.4309,-0.6716,-17.7734,3.5977,-16.9277,other
159008,0.0321,0.4316,-0.6367,-14.1445,4.582,-16.3594,other
159031,0.01,0.4357,-0.598,-10.2383,3.6582,-14.7187,other
159054,-0.0614,0.4349,-0.5842,-7.7832,2.5195,-13.0703,other
159077,0.0288,0.4396,-0.6614,-5.0098,0.6758,-10.1094,other
159100,0.16,0.4686,-0.9662,-4.2227,-0.4746,-8.1719,other
159123,0.0767,0.603,-0.7635,-5.0508,-2.1816,-5.9004,other
159146,0.0634,0.5979,-0.6715,-6.6348,-3.6855,-4.6699,other
159169,0.1169,0.5543,-0.6643,-9.457,-3.7168,-4.3633,other
159192,0.067,0.5006,-0.6517,-11.7676,-2.2227,-4.4238,other
159215,0.0549,0.4816,-0.7679,-12.7793,0.1621,-4.666,other
159238,0.0972,0.479,-0.7072,-13.5684,5.6328,-5.1562,other
159261,0.1133,0.5129,-0.6342,-13.7754,9.9824,-5.5137,other
159284,0.1169,0.5206,-0.6523,-13.9434,16.2773,-6.0898,other
159307,0.1095,0.5388,-0.7732,-14.3398,21.4668,-6.7969,other
159330,0.0875,0.5182,-0.7489,-14.9473,24.1309,-7.4023,other
159353,0.058,0.5687,-0.6595,-16.5918,26.3848,-8.6094,other
159376,0.0874,0.5464,-0.6602,-18.1836,26.2168,-9.6562,other
159399,0.0715,0.5568,-0.6571,-21.0664,22.7988,-11.584,other
159422,0.0284,0.5557,-0.627,-23.9922,16.2051,-13.8223,other
159445,-0.0072,0.5479,-0.6027,-25.6035,11.1738,-15.3594,other
159468,0.062,0.5607,-0.5969,-27.0234,4.6172,-17.4297,other
159491,0.0494,0.5786,-0.6317,-27.0742,1.7363,-18.3965,other
159514,0.0841,0.5731,-0.6698,-25.5527,0.2617,-18.7559,other
159537,0.0624,0.5635,-0.6472,-22.4648,1.9727,-17.4355,other
159560,0.1123,0.5596,-0.6479,-18.9883,4.457,-15.5859,other
159583,0.116,0.5609,-0.6488,-13.4316,9.2852,-11.5937,other
159606,0.1199,0.5742,-0.6248,-9.4297,12.7637,-8.3867,other
159629,0.1594,0.6221,-0.644,-3.3691,17.6797,-3.3398,other
159652,0.1699,0.6326,-0.658,0.4941,20.3066,-0.168,other
159675,0.1207,0.5836,-0.582,5.5156,22.4746,3.8672,other
159698,0.1322,0.5497,-0.6436,8.7715,21.9629,6.959,other
159721,0.0458,0.5171,-0.8295,9.5625,20.1504,8.6914,other
159744,0.0334,0.5072,-0.7706,8.7129,15.6074,11.1641,other
159767,0.0391,0.4351,-0.7815,7.3164,11.6484,12.7402,other
159790,0.0039,0.3657,-0.8531,5.416,4.584,14.5723,other
159813,0.0194,0.3584,-0.7454,5.4687,-3.8848,14.916,other
159836,0.1443,0.4476,-0.5182,7.3145,-10.3691,13.834,other
159859,0.1742,0.4884,-0.541,13.1387,-21.1289,9.7891,other
159882,0.0737,0.4801,-0.7172,18.623,-28.4551,5.5449,other
159905,-0.05,0.462,-0.7825,27.4766,-38.2656,-2.3027,other
159928,-0.0248,0.5017,-0.6277,34.5742,-45.0254,-10.3633,other
159951,0.0223,0.5356,-0.585,37.2656,-47.2148,-15.0488,other
159974,-0.0098,0.5254,-0.7117,37.3789,-46.8281,-20.2715,other
159997,0.0879,0.4977,-0.7085,34.6328,-44.3711,-22.3496,other
160020,0.042,0.4822,-0.6434,26.4961,-38.2188,-23.3652,other
160043,-0.0776,0.4847,-0.8198,18.8457,-32.9512,-22.7148,other
160066,0.0465,0.5422,-0.8251,5.2559,-23.957,-19.9531,other
160089,-0.0184,0.5308,-0.7279,-8.7754,-14.5137,-15.5488,other
160112,0.0323,0.5106,-0.6776,-17.0742,-8.3242,-12.1035,other
160135,0.0385,0.5076,-0.6976,-26.4453,0.5586,-6.8691,other
160158,0.0385,0.5247,-0.7759,-30.2148,6.166,-3.7051,other
160181,0.0299,0.5018,-0.7152,-32.2168,13.9473,0.084,other
160204,0.0551,0.4911,-0.6571,-30.75,20.6523,2.4141,other
160227,0.0853,0.5024,-0.6246,-28.5801,24.2969,3.1348,other
160250,0.0435,0.5314,-0.7485,-24.6797,28.2402,3.1191,other
160273,0.0463,0.5475,-0.7246,-22.209,29.873,2.5312,other
160296,0.078,0.5508,-0.6317,-19.3418,31.0352,1.082,other
160319,0.0507,0.5569,-0.6355,-17.8398,30.7012,-0.6621,other
160342,0.0707,0.5428,-0.6443,-17.6133,29.6465,-1.8008,other
160365,0.0845,0.5117,-0.5994,-18.2246,26.9258,-3.2363,other
160388,0.0747,0.4612,-0.5204,-19.1074,24.5508,-3.9258,other
160411,0.1278,0.6887,-0.7129,-20.8828,20.7109,-4.4687,other
160434,0.0914,0.6603,-0.6183,-22.1465,18.2051,-4.4668,other
160457,0.0583,0.5602,-0.7693,-23.6699,14.6074,-3.9668,other
160480,0.0471,0.5389,-0.6797,-24.3555,11.2578,-3.2012,other
160503,0.0321,0.5632,-0.6271,-24.2754,9.2168,-2.7559,other
160526,0.0675,0.5724,-0.5553,-23.3574,6.4551,-2.3262,other
160549,0.0442,0.6075,-0.5438,-22.2051,4.8633,-2.1445,other
160572,0.0651,0.6,-0.5664,-19.5762,3.0977,-1.7578,other
160595,0.071,0.573,-0.616,-15.7207,2.5469,-0.7812,other
160618,0.1089,0.5491,-0.6775,-12.4102,3.1152,0.4512,other
160641,0.1467,0.5396,-0.5951,-6.3496,5.4961,3.5371,other
160664,0.1205,0.538,-0.5713,-1.6758,7.9473,6.6621,other
160687,0.208,0.5205,-0.6017,5.998,12.4766,13.2031,other
160710,0.2699,0.4719,-0.6643,14.1172,17.625,21.5508,other
160733,0.2268,0.4666,-0.7054,19.5664,21.1348,27.5156,other
160756,0.2484,0.4408,-0.7155,27.4434,26.0254,35.9355,other
160779,0.3455,0.4094,-0.7098,32.2715,28.7617,40.6719,other
160802,0.3712,0.4274,-0.6792,38.5742,32.0078,46.0703,other
160825,0.3876,0.4247,-0.6887,42.1641,35.043,49.6875,other
160848,0.5559,0.3884,-0.8187,46.873,38.2188,51.3984,other
160871,0.5939,0.337,-0.8004,50.9453,44.5664,53.2266,other
160894,0.6505,0.2987,-0.8033,53.3086,49.7246,54.0488,other
160917,0.6177,0.2805,-0.7697,56.3008,57.4902,54.8906,other
160940,0.5573,0.2533,-0.7092,57.9863,61.8789,55.4277,other
160963,0.4753,0.2245,-0.6118,60.209,63.998,56.7695,bite
160986,0.4905,0.178,-0.5978,62.1289,63.998,59.3398,bite
161009,0.5363,0.1449,-0.6488,63.0664,63.998,61.7871,bite
161032,0.5093,0.1237,-0.6357,63.373,63.998,63.998,bite
161055,0.5269,0.0896,-0.5918,62.5098,63.998,63.998,bite
161078,0.5426,0.0519,-0.6508,59.2891,62.1543,63.998,bite
161101,0.6425,0.0513,-0.6433,53.7285,56.8926,63.998,bite
161124,0.7295,0.0527,-0.5988,48.9102,52.9199,63.998,bite
161147,0.7542,0.0408,-0.5997,40.6113,46.3945,63.998,bite
161170,0.7384,0.0293,-0.5627,34.748,41.8008,57.7949,bite
161193,0.7238,0.0353,-0.5631,26.0254,34.9707,46.0215,bite
161216,0.7153,0.0259,-0.6176,20.4961,28.8008,33.4336,bite
161239,0.7274,0.0347,-0.6368,12.8242,25.2402,25.5098,bite
161262,0.7618,0.045,-0.6216,5.9238,20.5957,15.2871,bite
161285,0.7559,0.0581,-0.6304,1.7617,17.7539,9.8594,bite
161308,0.7502,0.0576,-0.6578,-3.7852,13.5703,3.9199,bite
161331,0.7177,0.0582,-0.6133,-6.9785,10.7832,1.3867,bite
161354,0.6937,0.0552,-0.5991,-10.8887,6.8203,-0.4746,bite
161377,0.694,0.0587,-0.6313,-13.6094,3.5879,-0.3828,bite
161400,0.7235,0.0543,-0.6873,-14.748,1.9883,0.4785,bite
161423,0.7422,0.0619,-0.6422,-15.5059,0.3457,2.4785,bite
161446,0.7145,0.0555,-0.6038,-15.3867,-0.332,4.0176,bite
161469,0.7041,0.0515,-0.6185,-14.2539,-0.7363,6.3437,bite
161492,0.8065,0.0535,-0.658,-12.084,-0.3379,8.5488,bite
161515,0.9259,0.051,-0.7224,-10.2031,0.3125,9.9453,bite
161538,0.8585,0.036,-0.701,-6.9766,1.627,12.0957,bite
161561,0.7687,0.0117,-0.6536,-4.627,2.707,13.8125,bite
161584,0.7509,-0.0204,-0.6549,-0.8066,4.8086,17.3574,bite
161607,0.7941,-0.0359,-0.6552,3.4375,7.5059,22.4395,bite
161630,0.783,-0.0643,-0.6487,6.2949,9.4395,26.6328,bite
161653,0.8015,-0.0913,-0.6616,10.8223,12.0996,33.709,bite
161676,0.884,-0.1196,-0.6752,13.8477,13.4062,38.5762,bite
161699,0.975,-0.1458,-0.74,18.2949,14.1719,45.3906,bite
161722,0.9672,-0.1711,-0.7556,21.1699,13.6914,49.2715,bite
161745,0.9469,-0.2042,-0.7163,25.4375,11.5098,53.8867,bite
161768,0.9146,-0.264,-0.719,29.9004,8.0098,57.375,bite
161791,0.901,-0.303,-0.6359,33.1406,5.2422,59.4512,bite
161814,0.8777,-0.355,-0.5953,38.5488,0.8438,62.8066,bite
161837,0.8535,-0.4017,-0.5765,42.4941,-2.0898,63.998,bite
161860,0.8297,-0.4497,-0.556,48.6113,-6.3008,63.998,bite
161883,0.7975,-0.496,-0.5344,54.3496,-10.0723,63.998,bite
161906,0.7408,-0.5551,-0.4677,57.5898,-12.2461,63.998,bite
161929,0.7645,-0.6088,-0.42,61.1094,-14.918,63.998,bite
161952,0.787,-0.6351,-0.3331,62.3555,-16.3262,63.998,bite
161975,0.8109,-0.6434,-0.3942,62.2949,-18.0,63.998,bite
161998,0.6846,-0.6729,-0.4541,59.5703,-19.3984,63.998,bite
162021,0.5804,-0.6768,-0.3976,56.1484,-20.248,63.998,bite
162044,0.5046,-0.6808,-0.3341,48.7754,-21.2949,63.998,bite
162067,0.4155,-0.6667,-0.2734,42.6543,-21.7637,63.998,bite
162090,0.3147,-0.6624,-0.3306,32.2207,-21.9473,63.998,bite
162113,0.2441,-0.6373,-0.3976,24.6387,-21.623,63.998,bite
162136,0.1769,-0.6503,-0.4818,12.4961,-20.4727,63.998,bite
162159,0.1876,-0.6522,-0.4984,-0.3379,-18.7559,63.998,bite
162182,0.1874,-0.6396,-0.4641,-8.9668,-17.4434,63.998,bite
162205,0.1359,-0.6364,-0.5154,-21.2168,-15.1855,63.998,bite
162228,0.0332,-0.6354,-0.5677,-28.4297,-13.2656,63.998,bite
162251,0.0063,-0.6411,-0.5909,-37.1895,-9.3164,63.998,bite
162274,0.033,-0.6406,-0.5863,-43.127,-4.0918,63.998,bite
162297,0.1439,-0.6527,-0.6136,-45.5371,-0.3594,63.998,bite
162320,0.226,-0.6926,-0.697,-47.207,4.4824,63.998,bite
162343,0.2361,-0.7089,-0.6852,-47.3535,6.6543,63.998,bite
162366,0.1932,-0.7325,-0.7094,-46.6543,8.125,63.4141,bite
162389,0.2073,-0.7296,-0.7316,-45.3066,8.0977,49.0332,bite
162412,0.2214,-0.7358,-0.733,-44.2383,7.6992,40.1113,bite
162435,0.2161,-0.7408,-0.7476,-42.6035,7.0391,28.6523,bite
162458,0.2467,-0.7426,-0.7926,-41.6016,6.75,22.6211,bite
162481,0.3093,-0.719,-0.8107,-40.4199,6.5508,16.1133,bite
162504,0.3363,-0.7032,-0.8427,-39.8984,6.3984,12.3945,bite
162527,0.2607,-0.7113,-0.834,-39.418,5.8535,11.2598,bite
162550,0.1586,-0.7137,-0.7694,-38.9414,4.9687,11.3437,bite
162573,0.1122,-0.694,-0.726,-38.3711,4.4082,12.4492,bite
162596,0.2269,-0.6884,-0.8466,-36.8809,3.8379,15.2285,bite
162619,0.3276,-0.6659,-0.9092,-35.4746,3.5195,17.3984,bite
162642,0.2739,-0.6536,-0.8145,-32.8125,2.6543,20.3359,bite
162665,0.1842,-0.6422,-0.7184,-29.4063,0.9922,22.3516,bite
162688,0.1133,-0.6666,-0.7734,-26.6836,-0.5059,23.1855,bite
162711,0.1521,-0.6312,-0.7101,-22.0664,-3.0137,23.9219,bite
162734,0.0872,-0.615,-0.769,-18.7734,-4.6152,24.1738,bite
162757,0.0834,-0.5869,-0.7788,-13.791,-6.4785,24.2578,bite
162780,0.0861,-0.5515,-0.7295,-9.0234,-7.3867,23.9473,bite
162803,0.0934,-0.5203,-0.6996,-6.0215,-7.3496,23.4609,bite
162826,0.1204,-0.5103,-0.7836,-1.8398,-6.1328,22.2031,bite
162849,0.1669,-0.5438,-0.7838,0.6602,-4.4668,20.9688,bite
162872,0.2914,-0.7098,-1.027,3.8379,-0.5859,18.5,bite
162895,-0.1465,-0.7057,-0.2802,5.668,4.9062,15.459,bite
162918,0.2908,-0.7131,-0.8981,8.5391,8.7461,13.3457,bite
162941,0.3208,-0.6024,-0.8584,11.8047,12.4297,10.2402,bite
162964,0.0591,-0.5018,-0.7291,14.1133,12.2344,8.1855,other
162987,-0.0359,-0.5505,-0.6471,17.5156,9.1113,4.8926,other
163010,-0.0233,-0.7135,-1.002,19.4473,6.7168,2.3867,other
163033,0.1906,-0.6722,-0.7446,21.3047,4.373,-2.2598,other
163056,0.2274,-0.6901,-0.6292,22.3828,3.3789,-8.7031,other
163079,0.2502,-0.7225,-0.6016,23.4141,2.7578,-14.3164,other
163102,0.2048,-0.7604,-0.5573,26.4648,0.8516,-24.7285,other
163125,0.1451,-0.75,-0.4929,29.7637,-1.3398,-32.7676,other
163148,0.0948,-0.73,-0.4847,36.3848,-5.9687,-45.8809,other
163171,0.151,-0.7267,-0.5527,43.877,-11.9277,-59.6289,other
163194,0.1909,-0.714,-0.5509,48.4258,-16.584,-64.0,other
163217,0.1647,-0.6981,-0.4507,53.1758,-24.5371,-64.0,other
163240,0.1536,-0.6589,-0.3927,54.3594,-30.3008,-64.0,other
163263,0.2628,-0.6373,-0.5278,52.4707,-39.2637,-64.0,other
163286,0.5045,-0.6411,-0.7074,48.4258,-48.8672,-64.0,other
163309,0.7507,-0.6998,-0.8717,37.7559,-56.0195,-64.0,other
163332,0.7035,-0.691,-0.7914,21.8887,-64.0,-64.0,other
163355,0.3475,-0.6437,-0.5935,9.3457,-64.0,-64.0,other
163378,0.1484,-0.563,-0.453,-10.0742,-64.0,-64.0,other
163401,0.1921,-0.5022,-0.5992,-22.1445,-64.0,-64.0,other
163424,0.3374,-0.4431,-0.7865,-37.9629,-64.0,-64.0,other
163447,0.432,-0.3961,-0.9032,-51.5957,-64.0,-64.0,other
163470,0.4165,-0.3235,-0.8899,-60.0898,-64.0,-64.0,other
163493,0.297,-0.2695,-0.8367,-64.0,-64.0,-64.0,other
163516,0.1367,-0.1993,-0.7628,-64.0,-64.0,-64.0,other
163539,0.2426,-0.1261,-0.8501,-64.0,-64.0,-64.0,other
163562,0.4388,-0.0969,-1.1354,-64.0,-64.0,-64.0,other
163585,0.4388,-0.0765,-1.3979,-64.0,-64.0,-64.0,other
163608,0.3165,-0.0388,-1.4056,-64.0,-64.0,-58.3848,other
163631,0.161,-0.0126,-1.1267,-64.0,-64.0,-51.0352,other
163654,0.0952,-0.022,-0.9414,-64.0,-64.0,-39.6387,other
163677,0.1519,-0.0435,-1.0132,-64.0,-64.0,-27.9238,other
163700,0.1748,-0.0642,-1.0491,-64.0,-64.0,-20.4297,other
163723,0.1495,-0.0881,-0.9634,-64.0,-47.625,-10.6875,other
163746,0.2383,-0.0984,-0.8698,-50.3145,-27.3945,-5.6758,other
163769,0.2775,-0.1366,-1.0033,-26.4395,0.5352,-0.8555,other
163792,0.2292,-0.1469,-1.0425,-11.582,15.0215,0.5332,other
163815,0.1726,-0.158,-1.0095,6.7402,28.3594,0.2695,other
163838,0.1415,-0.177,-0.9121,18.209,31.5352,-1.8906,other
163861,0.1312,-0.1913,-0.8209,21.5293,28.8789,-3.7793,other
163884,0.1782,-0.204,-0.8593,20.4121,19.959,-6.5137,other
163907,0.2468,-0.1754,-0.9541,16.2695,12.0605,-7.9785,other
163930,0.2412,-0.1407,-0.9912,6.5215,-0.5273,-9.3652,other
163953,0.1815,-0.1321,-0.9668,-5.2676,-11.502,-9.5293,other
163976,0.0962,-0.1188,-0.8358,-12.9746,-16.6699,-8.8242,other
163999,0.103,-0.1073,-0.9025,-22.6934,-19.8984,-6.5039,other
164022,0.1534,-0.1016,-0.9803,-27.4414,-18.9023,-4.2734,other
164045,0.1976,-0.085,-1.0321,-31.918,-13.6914,-0.4297,other
164068,0.1765,-0.0802,-1.0465,-33.7539,-6.1328,3.3184,other
164091,0.1135,-0.0712,-0.9445,-33.8379,-0.8613,5.4941,other
164114,0.1255,-0.0511,-0.8912,-32.541,6.4316,8.0957,other
164137,0.1793,-0.0459,-0.9037,-30.8496,10.5566,9.3281,other
164160,0.1852,-0.0392,-0.8873,-27.3887,15.1719,10.3223,other
164183,0.167,-0.0406,-0.8752,-24.7324,17.043,10.3867,other
164206,0.1814,-0.038,-0.9001,-20.7305,18.1074,9.6484,other
164229,0.2057,-0.0414,-0.9448,-17.3281,17.4414,8.0684,other
164252,0.2247,-0.0458,-0.964,-15.6797,16.25,6.6621,other
164275,0.2102,-0.0457,-0.9456,-14.2969,13.6523,4.2441,other
164298,0.2219,-0.0405,-0.9399,-14.0039,11.584,2.5859,other
164321,0.2241,-0.0388,-0.9548,-14.0957,8.3398,0.3105,other
164344,0.2013,-0.0347,-0.9399,-14.2109,5.3105,-1.418,other
164367,0.2015,-0.0355,-0.8986,-13.9746,3.5781,-2.1465,other
164390,0.1937,-0.0397,-0.8517,-12.7852,1.5195,-2.5332,other
164413,0.179,-0.0447,-0.8385,-11.3672,0.5527,-2.3555,other
164436,0.2006,-0.0441,-0.8977,-8.5137,-0.1738,-1.6035,other
164459,0.2393,-0.0411,-0.9503,-5.4082,-0.0195,-0.5859,other
164482,0.2367,-0.0386,-0.9417,-3.5859,0.4375,0.0527,other
164505,0.2076,-0.0421,-0.8959,-1.5977,1.4043,0.7793,other
164528,0.2197,-0.0458,-0.8954,-0.8164,2.1367,1.0801,other
164551,0.2145,-0.0499,-0.8768,-0.3457,3.2344,1.2773,other
164574,0.2296,-0.0497,-0.8987,-0.3965,3.9004,1.2227,other
164597,0.2559,-0.0416,-0.9247,-0.8496,4.7109,1.082,other
164620,0.2529,-0.0381,-0.9429,-1.5957,5.209,0.7734,other
164643,0.2246,-0.041,-0.9081,-2.166,5.3281,0.5508,other
164666,0.2078,-0.041,-0.885,-2.9551,5.1816,0.2871,other
164689,0.2057,-0.0369,-0.8881,-3.3301,4.9238,0.1914,other
164712,0.2314,-0.0421,-0.9194,-3.5586,4.418,0.1621,other
164735,0.2523,-0.0457,-0.9238,-3.4004,3.8086,0.1523,other
164758,0.2465,-0.0496,-0.918,-3.1191,3.334,0.082,other
164781,0.2292,-0.0518,-0.8882,-2.4687,2.5957,-0.1504,other
164804,0.2358,-0.0607,-0.8693,-1.8906,2.1992,-0.3594,other
164827,0.257,-0.0707,-0.8824,-0.8477,1.8887,-0.6836,other
164850,0.2532,-0.0715,-0.8849,0.2305,1.8809,-0.9766,other
164873,0.2623,-0.0686,-0.9076,0.8359,1.9727,-1.1348,other
164896,0.2748,-0.0646,-0.9128,1.3789,2.168,-1.2793,other
164919,0.2566,-0.0619,-0.9001,1.4395,2.3027,-1.2891,other
164942,0.2483,-0.062,-0.8907,1.0996,2.4902,-1.1172,other
164965,0.2474,-0.0577,-0.881,0.6504,2.6152,-0.7012,other
164988,0.2461,-0.058,-0.8944,-0.2227,2.7539,-0.3145,other
165011,0.2251,-0.0537,-0.8911,-1.2188,2.7266,0.334,other
165034,0.2275,-0.0537,-0.9138,-1.916,2.5762,0.7441,other
165057,0.2617,-0.0483,-0.9247,-2.9824,2.1387,1.209,other
165080,0.2599,-0.0483,-0.9076,-3.6797,1.6973,1.3535,other
165103,0.2534,-0.054,-0.9049,-4.6074,0.8672,1.2656,other
165126,0.2588,-0.0553,-0.9021,-5.2402,-0.0195,0.8535,other
165149,0.252,-0.0594,-0.9063,-5.4375,-0.5527,0.459,other
165172,0.2397,-0.0593,-0.8876,-5.3594,-1.1719,-0.1953,other
165195,0.2396,-0.0585,-0.8856,-5.0762,-1.4316,-0.6152,other
165218,0.2499,-0.0581,-0.8995,-4.4004,-1.584,-1.1563,other
165241,0.2595,-0.0583,-0.9229,-3.5977,-1.5176,-1.5879,other
165264,0.2726,-0.0564,-0.9237,-3.0977,-1.4199,-1.8281,other
165287,0.2634,-0.0593,-0.9023,-2.4844,-1.293,-2.1367,other
165310,0.2351,-0.0659,-0.8881,-2.1582,-1.248,-2.3008,other
165333,0.2322,-0.075,-0.8755,-1.7227,-1.209,-2.4434,other
165356,0.2432,-0.0839,-0.8503,-1.4336,-1.1094,-2.4258,other
165379,0.274,-0.0861,-0.8765,-1.0078,-0.9746,-2.334,other
165402,0.2864,-0.0691,-0.8927,-0.7246,-0.7227,-2.1309,other
165425,0.2594,-0.0569,-0.915,-0.7266,-0.5684,-1.9746,other
165448,0.2654,-0.0483,-0.9381,-1.1328,-0.3711,-1.6797,other
165471,0.2722,-0.0452,-0.9233,-1.6758,-0.25,-1.4121,other
165494,0.244,-0.0498,-0.8995,-2.7344,-0.1016,-0.8828,other
165517,0.2263,-0.052,-0.8965,-3.7656,0.0605,-0.1934,other
165540,0.259,-0.0498,-0.923,-4.2637,0.2109,0.3281,other
165563,0.2616,-0.0533,-0.9231,-4.5742,0.4609,1.0801,other
165586,0.2498,-0.062,-0.8948,-4.4375,0.6055,1.4824,other
165609,0.2478,-0.077,-0.8647,-3.6465,0.7695,1.8398,other
165632,0.2435,-0.089,-0.8354,-2.1621,0.8867,1.8574,other
165655,0.2546,-0.1018,-0.8379,-0.8828,0.9688,1.6777,other
165678,0.2845,-0.104,-0.8746,1.1465,1.1348,1.168,other
165701,0.3181,-0.1018,-0.9316,2.2988,1.2656,0.7109,other
165724,0.3094,-0.0956,-0.9403,3.252,1.373,-0.0391,other
165747,0.2897,-0.0946,-0.9209,2.9609,1.2188,-0.668,other
165770,0.2927,-0.0873,-0.8763,2.0977,0.9395,-0.8828,other
165793,0.2625,-0.0741,-0.8574,0.1133,0.3008,-0.748,other
165816,0.2408,-0.0642,-0.8756,-1.4395,-0.2012,-0.3105,other
165839,0.244,-0.051,-0.9208,-3.8008,-0.9336,0.8379,other
165862,0.2418,-0.0468,-0.9392,-5.2832,-1.3574,1.8379,other
165885,0.2322,-0.0479,-0.9376,-7.2187,-1.8652,3.4551,other
165908,0.2426,-0.051,-0.9028,-8.6035,-2.2168,4.9043,other
165931,0.2511,-0.061,-0.8805,-9.0801,-2.3652,5.6152,other
165954,0.2504,-0.074,-0.8907,-8.9785,-2.4766,6.125,other
165977,0.2771,-0.0802,-0.9132,-8.3691,-2.4746,6.043,other
166000,0.3041,-0.0847,-0.9277,-6.8105,-2.3828,5.3047,other
166023,0.2924,-0.0931,-0.9071,-4.791,-2.3145,3.9883,other
166046,0.2441,-0.098,-0.8602,-3.3496,-2.3359,2.9551,other
166069,0.2382,-0.0973,-0.8319,-1.2246,-2.4414,1.4941,other
166092,0.2571,-0.0944,-0.8514,0.0625,-2.5254,0.7383,other
166115,0.2545,-0.0923,-0.8812,1.5664,-2.6406,0.0762,other
166138,0.2595,-0.0817,-0.9036,2.248,-2.7207,-0.002,other
166161,0.2604,-0.0746,-0.9192,2.127,-2.7422,0.2227,other
166184,0.2471,-0.0726,-0.9153,1.0898,-2.7344,0.8457,other
166207,0.2435,-0.0713,-0.9006,-0.0488,-2.6973,1.375,other
166230,0.2367,-0.0771,-0.8954,-2.0703,-2.5801,2.1992,other
166253,0.2413,-0.0807,-0.9066,-3.4043,-2.457,2.6953,other
166276,0.2635,-0.0865,-0.9271,-5.0859,-2.2168,3.2324,other
166299,0.266,-0.0881,-0.9191,-6.1953,-2.0215,3.4102,other
166322,0.2538,-0.089,-0.8944,-6.5684,-1.9766,3.3086,other
166345,0.2362,-0.0892,-0.8829,-6.5586,-2.041,2.8809,other
166368,0.2454,-0.0867,-0.8831,-6.2012,-2.1348,2.4727,other
166391,0.2494,-0.0845,-0.8875,-5.2773,-2.3008,1.7773,other
166414,0.252,-0.0861,-0.9084,-4.1562,-2.4609,1.0703,other
166437,0.2559,-0.0856,-0.9104,-3.4609,-2.5586,0.627,other
166460,0.246,-0.0873,-0.9058,-2.6895,-2.6953,0.043,other
166483,0.2438,-0.0908,-0.8894,-2.4043,-2.7754,-0.2676,other
166506,0.2513,-0.0917,-0.8854,-2.3125,-2.8418,-0.5957,other
166529,0.2505,-0.0909,-0.8807,-2.543,-2.8379,-0.7539,other
166552,0.2468,-0.0868,-0.8882,-2.8301,-2.793,-0.7793,other
166575,0.2539,-0.0829,-0.911,-3.4121,-2.6641,-0.7129,other
166598,0.2527,-0.0773,-0.9037,-3.8867,-2.5449,-0.6133,other
166621,0.2458,-0.0741,-0.9021,-4.6797,-2.3379,-0.4043,other
166644,0.2346,-0.0767,-0.9023,-5.2168,-2.1855,-0.1445,other
166667,0.2281,-0.0746,-0.8912,-5.9375,-1.918,0.0449,other
166690,0.231,-0.0726,-0.8907,-6.4648,-1.5781,0.3262,other
166713,0.2611,-0.0728,-0.9158,-6.6816,-1.2969,0.4785,other
166736,0.2751,-0.0708,-0.9241,-6.8223,-0.8418,0.5742,other
166759,0.2483,-0.0714,-0.9231,-6.8105,-0.5625,0.5117,other
166782,0.228,-0.072,-0.8939,-6.6348,-0.2227,0.2383,other
166805,0.2308,-0.0732,-0.8702,-6.2148,0.0566,-0.1738,other
166828,0.2423,-0.0806,-0.8804,-5.7773,0.2344,-0.4883,other
166851,0.2657,-0.0854,-0.9088,-4.9473,0.498,-1.0039,other
166874,0.2888,-0.0823,-0.9169,-4.3711,0.6484,-1.3789,other
166897,0.2815,-0.0768,-0.9071,-3.6348,0.7637,-1.9785,other
166920,0.2506,-0.0732,-0.9023,-3.1426,0.7305,-2.543,other
166943,0.2327,-0.0685,-0.8776,-2.9414,0.6758,-2.8281,other
166966,0.2346,-0.0719,-0.8844,-2.7598,0.6523,-3.0254,other
166989,0.2747,-0.0795,-0.8981,-2.6895,0.7148,-3.0,other
167012,0.3019,-0.0895,-0.9177,-2.6738,0.8828,-2.7949,other
167035,0.2849,-0.0909,-0.8998,-2.7461,0.9883,-2.5,other
167058,0.2622,-0.0909,-0.8782,-2.9902,0.9688,-2.2773,other
167081,0.2552,-0.0863,-0.8772,-3.3613,0.8105,-1.8672,other
167104,0.2629,-0.0778,-0.8965,-3.668,0.6309,-1.5215,other
167127,0.2651,-0.069,-0.9081,-4.2461,0.2734,-0.8887,other
167150,0.2643,-0.0614,-0.9154,-4.7363,-0.0176,-0.4082,other
167173,0.2576,-0.0573,-0.9164,-5.627,-0.5098,0.3516,other
167196,0.2559,-0.0543,-0.9124,-6.6211,-1.0273,1.0918,other
167219,0.2576,-0.0548,-0.9042,-7.248,-1.3574,1.5371,other
167242,0.2413,-0.0583,-0.8882,-7.9609,-1.8047,2.084,other
167265,0.2273,-0.0634,-0.8716,-8.1973,-2.0547,2.3457,other
167288,0.2407,-0.0653,-0.8848,-8.1133,-2.2969,2.5488,other
167311,0.2704,-0.0631,-0.9038,-7.5625,-2.3496,2.4766,other
167334,0.278,-0.063,-0.9221,-7.0371,-2.3027,2.2559,other
167357,0.2682,-0.063,-0.9106,-6.1777,-2.1602,1.6777,other
167380,0.2521,-0.0656,-0.8792,-5.6191,-2.0352,1.1816,other
167403,0.2429,-0.0715,-0.8746,-4.8223,-1.793,0.4043,other
167426,0.25,-0.0685,-0.8713,-4.3242,-1.4668,-0.2715,other
167449,0.2565,-0.0684,-0.9003,-3.668,-1.2129,-0.623,other
167472,0.2653,-0.0613,-0.9219,-3.2441,-0.8418,-0.9844,other
167495,0.2585,-0.0518,-0.9238,-3.1582,-0.6387,-1.127,other
167518,0.2411,-0.0531,-0.9084,-3.3262,-0.4375,-1.209,other
167541,0.2351,-0.0565,-0.8822,-3.5684,-0.3613,-1.1875,other
167564,0.2527,-0.0626,-0.8883,-3.9258,-0.2617,-1.0742,other
167587,0.274,-0.0669,-0.8939,-4.0879,-0.125,-0.957,other
167610,0.2754,-0.068,-0.8978,-4.0352,-0.0195,-0.9297,other
167633,0.2816,-0.068,-0.9028,-3.7402,0.1387,-1.0195,other
167656,0.2706,-0.0717,-0.8994,-3.4375,0.2266,-1.1621,other
167679,0.2192,-0.0741,-0.8882,-2.9062,0.3086,-1.4434,other
167702,0.2499,-0.0736,-0.8782,-2.3672,0.373,-1.7051,other
167725,0.2703,-0.0682,-0.8958,-2.0488,0.4375,-1.8281,other
167748,0.2655,-0.0592,-0.9103,-1.7109,0.5664,-1.9238,other
167771,0.2626,-0.0565,-0.9136,-1.6113,0.666,-1.9395,other
167794,0.2816,-0.0546,-0.9161,-1.6426,0.8457,-1.9238,other
167817,0.2771,-0.0627,-0.9043,-1.7715,1.0469,-1.9043,other
167840,0.2695,-0.0782,-0.9019,-1.8027,1.1953,-1.9004,other
167863,0.2698,-0.083,-0.8743,-1.5977,1.502,-1.8965,other
167886,0.2889,-0.0884,-0.8768,-1.2344,1.8008,-1.8828,other
167909,0.2921,-0.0925,-0.8862,-0.3848,2.3594,-1.8438,other
167932,0.2842,-0.0914,-0.886,0.2949,2.7363,-1.8105,other
167955,0.2751,-0.0891,-0.877,1.2715,3.1836,-1.7383,other
167978,0.2816,-0.0875,-0.8871,1.9707,3.4062,-1.6152,other
168001,0.2869,-0.0862,-0.8818,2.1914,3.4023,-1.5,other
168024,0.2792,-0.0862,-0.8856,2.0918,3.166,-1.2813,other
168047,0.2931,-0.0863,-0.891,1.7402,2.8887,-1.1094,other
168070,0.3027,-0.0873,-0.8932,0.8457,2.3652,-0.8262,other
168093,0.2844,-0.0891,-0.8826,-0.3437,1.8027,-0.5312,other
168116,0.2728,-0.0864,-0.8826,-1.1992,1.4648,-0.3301,other
168139,0.283,-0.0758,-0.8834,-2.4355,1.0996,-0.0117,other
168162,0.2897,-0.0731,-0.9084,-3.168,0.9688,0.1953,other
168185,0.2874,-0.073,-0.9246,-4.082,0.8848,0.4414,other
168208,0.282,-0.0697,-0.9012,-4.7363,0.8398,0.5176,other
168231,0.2839,-0.0731,-0.9021,-4.9844,0.7871,0.4375,other
168254,0.2924,-0.0801,-0.8912,-5.0098,0.623,0.1016,other
168277,0.2972,-0.0896,-0.8746,-4.7695,0.4277,-0.2598,other
168300,0.2974,-0.0973,-0.8643,-4.0312,-0.0117,-0.9629,other
168323,0.3049,-0.1033,-0.8674,-3.3437,-0.3906,-1.7695,other
168346,0.3048,-0.1046,-0.8727,-2.2129,-1.0605,-2.3008,other
168369,0.2927,-0.0978,-0.8777,-1.2617,-1.7949,-2.9805,other
168392,0.277,-0.0944,-0.89,-0.8828,-2.2754,-3.2871,other
168415,0.281,-0.0885,-0.876,-0.8477,-2.8984,-3.4297,other
168438,0.2812,-0.0874,-0.8752,-1.2031,-3.2168,-3.291,other
168461,0.2845,-0.0796,-0.8923,-2.25,-3.5195,-2.7598,other
168484,0.2998,-0.0701,-0.9174,-3.7852,-3.6309,-1.9492,other
168507,0.2712,-0.0632,-0.9231,-4.9766,-3.6367,-1.332,other
168530,0.2484,-0.0566,-0.9077,-6.7832,-3.5645,-0.3926,other
168553,0.2684,-0.0532,-0.9064,-7.8398,-3.4414,0.1953,other
168576,0.2615,-0.0593,-0.9022,-8.9375,-3.1602,0.9219,other
168599,0.2556,-0.0719,-0.9093,-9.25,-2.8066,1.3496,other
168622,0.2883,-0.0715,-0.9003,-8.9902,-2.5449,1.4238,other
168645,0.2906,-0.0734,-0.8909,-7.9473,-2.123,1.1914,other
168668,0.2921,-0.0806,-0.8936,-6.8789,-1.8281,0.8203,other
168691,0.2909,-0.0858,-0.8781,-4.8789,-1.3574,0.0117,other
168714,0.2687,-0.0898,-0.8625,-3.4023,-0.5449,-0.9492,other
168737,0.266,-0.0914,-0.8558,-1.1855,-0.5957,-1.5781,other
168760,0.2841,-0.0919,-0.8779,0.748,-0.1543,-2.3867,other
168783,0.2972,-0.092,-0.8898,1.7207,0.1113,-2.8027,other
168806,0.2881,-0.0909,-0.882,2.5293,0.3906,-3.2324,other
168829,0.2886,-0.0901,-0.8951,2.5898,0.4785,-3.3906,other
168852,0.2932,-0.0841,-0.8921,2.0039,0.4766,-3.4473,other
168875,0.2877,-0.0812,-0.8992,0.791,0.3574,-3.3066,other
168898,0.2897,-0.0801,-0.9374,-0.2227,0.25,-3.1211,other
168921,0.3075,-0.0797,-0.913,-1.8164,0.0762,-2.7559,other
168944,0.3051,-0.0842,-0.9044,-2.7969,-0.0645,-2.4863,other
168967,0.2875,-0.0906,-0.8923,-3.9434,-0.3516,-2.084,other
168990,0.2686,-0.0953,-0.879,-4.5352,-0.7109,-1.6934,other
169013,0.2865,-0.095,-0.8815,-4.5918,-0.957,-1.4297,other
169036,0.296,-0.0934,-0.887,-4.2559,-1.3281,-1.0469,other
169059,0.2838,-0.0925,-0.8921,-3.8477,-1.5977,-0.8105,other
169082,0.2745,-0.0885,-0.8812,-3.1602,-2.0547,-0.4961,other
169105,0.2577,-0.0862,-0.8782,-2.752,-2.5195,-0.209,other
169128,0.2627,-0.0829,-0.8832,-2.3418,-2.7793,-0.0293,other
169151,0.2788,-0.0779,-0.8909,-2.2578,-3.0273,0.2109,other
169174,0.2822,-0.0839,-0.8962,-2.4004,-3.0957,0.3242,other
169197,0.2936,-0.0867,-0.8978,-2.8828,-3.0566,0.3828,other
169220,0.2921,-0.0853,-0.9001,-3.332,-2.9492,0.3359,other
169243,0.2747,-0.0831,-0.8981,-4.0781,-2.6973,0.1602,other
169266,0.2626,-0.0811,-0.8915,-4.752,-2.3867,-0.0703,other
169289,0.2808,-0.0829,-0.9037,-5.0859,-2.1621,-0.207,other
169312,0.2941,-0.0858,-0.8978,-5.3477,-1.8398,-0.3535,other
169335,0.2778,-0.0909,-0.8838,-5.3437,-1.6641,-0.4082,other
169358,0.2631,-0.0896,-0.8707,-5.0723,-1.4609,-0.418,other
169381,0.2727,-0.0839,-0.8894,-4.5527,-1.2988,-0.334,other
169404,0.2822,-0.0796,-0.9127,-4.1465,-1.209,-0.2383,other
169427,0.2687,-0.079,-0.9188,-3.5879,-1.1211,-0.0781,other
169450,0.2692,-0.0824,-0.8975,-3.2969,-1.0938,0.0176,other
169473,0.2706,-0.0895,-0.8748,-2.9805,-1.0762,0.1191,other
169496,0.2648,-0.0901,-0.8646,-2.8027,-1.0352,0.1406,other
169519,0.2783,-0.0928,-0.8799,-2.5254,-0.9707,0.0977,other
169542,0.2961,-0.0908,-0.908,-2.252,-0.8203,-0.0703,other
169565,0.2828,-0.087,-0.8951,-2.123,-0.7187,-0.2559,other
169588,0.2603,-0.0875,-0.8688,-2.0586,-0.5996,-0.6113,other
169611,0.2695,-0.0878,-0.8632,-2.1016,-0.5273,-0.8633,other
169634,0.2996,-0.0907,-0.8856,-2.2754,-0.3926,-1.2129,other
169657,0.3181,-0.0924,-0.9071,-2.6055,-0.2598,-1.5156,other
169680,0.302,-0.0895,-0.9016,-2.9277,-0.2129,-1.6895,other
169703,0.2788,-0.0887,-0.8936,-3.541,-0.2187,-1.8594,other
169726,0.2705,-0.0831,-0.8701,-3.9863,-0.2461,-1.8672,other
169749,0.276,-0.0813,-0.886,-4.6055,-0.2734,-1.6777,other
169772,0.286,-0.0797,-0.91,-5.0996,-0.2734,-1.2656,other
169795,0.2881,-0.0793,-0.9169,-5.3652,-0.2773,-0.916,other
169818,0.2943,-0.0812,-0.9132,-5.6836,-0.3398,-0.375,other
169841,0.2887,-0.0887,-0.8907,-5.834,-0.4434,-0.0547,other
169864,0.2769,-0.087,-0.882,-5.9062,-0.7031,0.3086,other
169887,0.2803,-0.0822,-0.8833,-5.752,-1.0605,0.5195,other
169910,0.2831,-0.0775,-0.8975,-5.5391,-1.3301,0.582,other
169933,0.2728,-0.0741,-0.8964,-5.1348,-1.752,0.5801,other
169956,0.2686,-0.0737,-0.8892,-4.8594,-2.0215,0.5312,other
169979,0.2798,-0.0759,-0.8911,-4.4863,-2.3574,0.4121,other
170002,0.2728,-0.0775,-0.8867,-4.2754,-2.5156,0.3086,other
170025,0.2548,-0.0811,-0.8822,-4.0078,-2.625,0.1211,other
170048,0.2748,-0.0848,-0.882,-3.7812,-2.5176,-0.0879,other
170071,0.3002,-0.0824,-0.8969,-3.6523,-2.3184,-0.2441,other
170094,0.2861,-0.0837,-0.8979,-3.5137,-1.9043,-0.5273,other
170117,0.2821,-0.0807,-0.8871,-3.4707,-1.6035,-0.7402,other
170140,0.291,-0.08,-0.8907,-3.4883,-1.1543,-1.0488,other
170163,0.2812,-0.0808,-0.8993,-3.5898,-0.7578,-1.2891,other
170186,0.285,-0.082,-0.9021,-3.6914,-0.5469,-1.3848,other
170209,0.2831,-0.0789,-0.8853,-3.8652,-0.3359,-1.4199,other
170232,0.2656,-0.08,-0.8815,-3.9648,-0.2695,-1.3672,other
170255,0.2775,-0.0813,-0.8918,-4.0566,-0.252,-1.1875,other
170278,0.2899,-0.0789,-0.8895,-4.0762,-0.3066,-0.9355,other
170301,0.2805,-0.0797,-0.8978,-4.0664,-0.3828,-0.7617,other
170324,0.2849,-0.0786,-0.8855,-4.0488,-0.5332,-0.5352,other
170347,0.2855,-0.0802,-0.8821,-4.0469,-0.6445,-0.4238,other
170370,0.2921,-0.0801,-0.894,-4.0684,-0.8066,-0.3281,other
170393,0.2855,-0.078,-0.8984,-4.1113,-0.9063,-0.3125,other
170416,0.2784,-0.0757,-0.8993,-4.2383,-1.0488,-0.334,other
170439,0.2775,-0.0756,-0.8895,-4.4277,-1.1816,-0.3848,other
170462,0.277,-0.077,-0.8867,-4.5605,-1.2656,-0.4141,other
170485,0.2972,-0.0757,-0.8959,-4.7168,-1.3809,-0.4336,other
170508,0.2944,-0.0743,-0.9045,-4.7734,-1.4609,-0.4336,other
170531,0.2703,-0.0706,-0.885,-4.75,-1.5938,-0.4102,other
170554,0.26,-0.0724,-0.885,-4.5566,-1.6953,-0.334,other
170577,0.2715,-0.0797,-0.8962,-4.3242,-1.7012,-0.25,other
170600,0.285,-0.0815,-0.8951,-3.8477,-1.5957,-0.1094,other
170623,0.2943,-0.0856,-0.887,-3.4707,-1.4688,-0.043,other
170646,0.2845,-0.088,-0.8827,-2.875,-1.25,-0.0332,other
170669,0.2742,-0.0864,-0.8837,-2.3223,-1.0371,-0.1348,other
170692,0.2788,-0.0812,-0.8818,-2.0215,-0.9082,-0.2402,other
170715,0.2937,-0.0823,-0.8995,-1.7383,-0.7559,-0.4219,other
170738,0.2886,-0.0815,-0.8903,-1.6895,-0.7051,-0.5469,other
170761,0.2747,-0.0836,-0.8806,-1.834,-0.7168,-0.7148,other
170784,0.2814,-0.0824,-0.8876,-2.0547,-0.7715,-0.8203,other
170807,0.2872,-0.0828,-0.887,-2.5215,-0.8945,-0.8438,other
170830,0.2773,-0.0811,-0.8851,-3.0879,-1.0449,-0.8145,other
170853,0.2819,-0.0775,-0.8892,-3.4883,-1.1406,-0.7578,other
170876,0.2903,-0.0757,-0.8976,-4.0781,-1.2539,-0.6406,other
170899,0.2761,-0.0742,-0.8881,-4.4434,-1.3047,-0.5547,other
170922,0.2675,-0.0752,-0.8739,-4.9043,-1.334,-0.4297,other
170945,0.2711,-0.0833,-0.8741,-5.2246,-1.2773,-0.3223,other
170968,0.2787,-0.082,-0.8715,-5.3516,-1.1777,-0.2773,other
170991,0.3048,-0.0779,-0.8938,-5.4473,-0.9336,-0.2871,other
171014,0.3076,-0.0742,-0.8972,-5.4902,-0.7383,-0.3613,other
171037,0.281,-0.0726,-0.8961,-5.6035,-0.4707,-0.5723,other
171060,0.2771,-0.069,-0.8925,-5.8203,-0.2559,-0.8281,other
171083,0.2827,-0.0673,-0.9005,-6.0234,-0.1445,-0.9727,other
171106,0.2737,-0.0603,-0.8983,-6.3691,-0.0566,-1.1094,other
171129,0.272,-0.0555,-0.9015,-6.5937,-0.0508,-1.1309,other
171152,0.3093,-0.0557,-0.9204,-6.8457,-0.1016,-1.0762,other
171175,0.3116,-0.0613,-0.9089,-6.9199,-0.2441,-0.9668,other
171198,0.2738,-0.0696,-0.8773,-6.8086,-0.3984,-0.8926,other
171221,0.2628,-0.0748,-0.8558,-6.3262,-0.6504,-0.7695,other
171244,0.2854,-0.0764,-0.8656,-5.7832,-0.7754,-0.6758,other
171267,0.2994,-0.0752,-0.9063,-4.7324,-0.8789,-0.541,other
171290,0.2944,-0.0635,-0.9034,-3.9961,-0.9219,-0.4805,other
171313,0.2808,-0.0576,-0.897,-3.0332,-0.9863,-0.4531,other
171336,0.2793,-0.0642,-0.9,-2.373,-1.0527,-0.4746,other
171359,0.2916,-0.0673,-0.8927,-2.1016,-1.0879,-0.5039,other
171382,0.2975,-0.0737,-0.8961,-1.8809,-1.1484,-0.5664,other
171405,0.29,-0.0773,-0.8947,-1.7988,-1.2129,-0.623,other
171428,0.2888,-0.0778,-0.895,-1.6836,-1.3691,-0.7168,other
171451,0.2831,-0.0684,-0.8884,-1.5059,-1.5957,-0.7891,other
171474,0.2369,-0.0511,-0.8965,-1.3359,-1.7773,-0.8086,other
171497,0.2346,-0.0504,-0.9263,-1.0313,-2.0645,-0.7676,other
171520,0.3374,-0.0721,-0.9434,-0.834,-2.248,-0.7266,other
171543,0.3002,-0.053,-0.9438,-0.5918,-2.6074,-0.7773,other
171566,0.2856,-0.0565,-0.9629,-0.4395,-3.1191,-0.9824,other
171589,0.4331,-0.0544,-0.9321,-0.084,-3.4121,-1.1094,other
171612,0.3397,-0.0621,-0.8956,0.6055,-3.6855,-1.1465,other
171635,0.2054,-0.089,-0.9093,1.2441,-3.7969,-1.0117,other
171658,0.3044,-0.0851,-0.8928,2.1523,-3.8848,-0.5625,other
171681,0.3732,-0.0664,-0.8846,2.3965,-4.1074,-0.2207,other
171704,0.3054,-0.0199,-0.8252,1.5137,-5.3223,-0.002,other
171727,0.2136,-0.0062,-0.7743,-1.7617,-7.8809,-0.4434,other
171750,0.1606,-0.0106,-0.8162,-5.6895,-10.0059,-1.125,other
171773,0.1664,0.0204,-0.7902,-14.5664,-12.707,-2.6191,other
171796,0.2738,0.0131,-0.8252,-22.4961,-13.4805,-3.918,other
171819,0.3008,0.0333,-0.7869,-37.1094,-12.4922,-6.541,other
171842,0.2518,0.1016,-0.7662,-54.1855,-9.2422,-10.2773,other
171865,0.2253,0.162,-0.8104,-64.0,-6.1836,-13.418,other
171888,0.2924,0.1643,-0.9695,-64.0,-0.957,-18.959,other
171911,0.3694,0.1929,-0.9563,-64.0,2.3203,-23.1055,other
171934,0.3105,0.2219,-0.9136,-64.0,5.6973,-29.6621,other
171957,0.1213,0.2675,-0.871,-64.0,6.5898,-35.6836,other
171980,0.0334,0.3059,-0.7321,-64.0,6.0996,-38.6836,other
172003,0.0876,0.3525,-0.6604,-64.0,4.584,-40.9121,other
172026,0.2158,0.3628,-0.7648,-64.0,3.2012,-40.8594,other
172049,0.2606,0.3463,-0.8683,-64.0,0.0254,-39.0313,other
172072,0.1083,0.3856,-0.8723,-64.0,-3.1367,-35.5391,other
172095,0.1007,0.3779,-0.7511,-54.1602,-9.0566,-33.291,other
172118,0.083,0.3588,-0.6879,-34.5254,-14.7031,-28.9082,other
172141,0.0398,0.3844,-0.7686,-23.5332,-17.2246,-25.8184,other
172164,0.0924,0.3689,-0.8472,-11.2402,-18.2383,-21.3047,other
172187,0.1147,0.3926,-0.8823,-6.1699,-17.2129,-18.6387,other
172210,0.1202,0.3781,-0.7067,-2.9863,-14.082,-15.5547,other
172233,0.1306,0.3732,-0.7032,-3.6875,-10.2285,-13.8477,other
172256,0.162,0.3876,-0.7334,-5.3633,-7.8203,-13.4668,other
172279,0.1553,0.3828,-0.7837,-8.6152,-5.1465,-13.75,other
172302,0.2134,0.4052,-0.7754,-10.9043,-4.2461,-14.2656,other
172325,0.2463,0.42,-0.7789,-14.1543,-4.3437,-15.0469,other
172348,0.1588,0.3995,-0.8313,-16.9355,-5.8848,-15.2598,other
172371,0.0321,0.4235,-0.8094,-18.4453,-7.2969,-14.7949,other
172394,0.0879,0.437,-0.7688,-19.9707,-9.1621,-12.9961,other
172417,0.1117,0.4537,-0.7648,-20.3379,-9.959,-11.1738,other
172440,0.0895,0.4329,-0.7714,-19.8223,-10.457,-7.9629,other
172463,0.1008,0.4137,-0.7784,-18.8672,-10.373,-4.8203,other
172486,0.1409,0.4005,-0.7784,-16.9219,-9.584,-3.0547,other
172509,0.1133,0.3943,-0.7799,-14.9414,-7.8945,-1.1738,other
172532,0.1129,0.3971,-0.7753,-13.9141,-6.3242,-0.5137,other
172555,0.1309,0.4137,-0.7295,-13.1875,-3.8437,-0.4609,other
172578,0.1362,0.4236,-0.7788,-13.3652,-2.5879,-1.0215,other
172601,0.0857,0.4617,-0.7689,-14.6348,-1.9922,-2.5801,other
172624,0.0515,0.4955,-0.7703,-16.8477,-3.041,-4.6992,other
172647,0.0442,0.4739,-0.7452,-18.6387,-4.3477,-6.2754,other
172670,0.047,0.4648,-0.6951,-21.5293,-6.6406,-8.7129,other
172693,0.0452,0.4904,-0.668,-23.4746,-8.2031,-10.2949,other
172716,-0.0197,0.5341,-0.6398,-26.2129,-10.3164,-12.4062,other
172739,0.0636,0.5386,-0.7961,-28.4277,-11.416,-13.9414,other
172762,0.019,0.4913,-0.7018,-29.4688,-11.1758,-14.5117,other
172785,0.0447,0.4823,-0.6705,-30.3867,-8.9258,-14.5996,other
172808,0.0619,0.5204,-0.6736,-30.6621,-6.1758,-14.1426,other
172831,0.0432,0.5464,-0.6898,-30.7148,-0.7988,-12.6855,other
172854,0.1178,0.5277,-0.6654,-30.5605,4.582,-10.3555,other
172877,0.1311,0.5327,-0.667,-30.1328,8.4941,-8.4004,other
172900,0.087,0.5465,-0.6432,-29.5762,12.9004,-5.1426,other
172923,0.1229,0.5494,-0.6514,-29.1758,15.2578,-2.9941,other
172946,0.1267,0.5532,-0.6466,-28.5664,18.0078,-0.248,other
172969,0.1262,0.5603,-0.6322,-28.1621,19.2285,1.0313,bite
172992,0.0679,0.5743,-0.6462,-27.582,19.8984,1.8418,bite
173015,0.11,0.5739,-0.6281,-27.0566,19.2891,1.2227,bite
173038,0.0771,0.5522,-0.641,-26.7598,18.3789,0.1094,bite
173061,0.1166,0.5685,-0.5658,-26.4219,16.5527,-2.2734,bite
173084,0.1136,0.595,-0.5875,-26.248,15.125,-4.082,bite
173107,0.1016,0.589,-0.6195,-25.9746,12.7383,-6.6777,bite
173130,0.0902,0.5519,-0.6212,-25.5664,10.209,-8.6875,bite
173153,0.1401,0.5366,-0.5316,-25.166,8.6016,-9.5449,bite
173176,0.1449,0.5706,-0.5682,-24.2832,6.502,-10.0117,bite
173199,0.0861,0.6282,-0.6198,-23.4355,5.418,-9.793,bite
173222,0.1036,0.6665,-0.6151,-21.6465,4.5625,-8.8809,bite
173245,0.0337,0.5996,-0.585,-20.1074,4.8164,-7.7363,bite
173268,0.045,0.6163,-0.4514,-17.4395,5.5176,-7.125,bite
173291,0.0945,0.6675,-0.5643,-14.6367,6.8535,-6.6367,bite
173314,0.1019,0.6235,-0.5186,-12.8164,7.5781,-6.5605,bite
173337,0.1519,0.5948,-0.6433,-10.2305,8.2461,-6.584,bite
173360,0.134,0.6096,-0.6034,-8.5996,8.6719,-6.543,bite
173383,0.1095,0.6244,-0.6237,-6.2207,9.8203,-6.2637,bite
173406,0.0927,0.6047,-0.5704,-3.8945,11.6055,-5.8105,bite
173429,0.1102,0.6187,-0.5229,-2.4023,12.8223,-5.5098,bite
173452,0.125,0.6034,-0.5837,-0.3301,14.0547,-5.1484,bite
173475,0.0865,0.5773,-0.6711,0.9004,14.375,-4.9453,bite
173498,0.167,0.5802,-0.6343,2.4961,14.5645,-4.543,bite
173521,0.1499,0.5891,-0.6523,3.8047,15.1406,-3.7324,bite
173544,0.1423,0.6021,-0.6274,4.5273,15.9141,-2.8418,bite
173567,0.1371,0.5568,-0.6882,5.4277,17.5879,-0.9141,bite
173590,0.1224,0.6082,-0.4557,5.9844,18.9453,0.7559,bite
173613,0.0913,0.6332,-0.426,7.0625,21.1074,3.8301,bite
173636,0.1006,0.597,-0.542,8.998,23.3965,7.7988,bite
173659,0.2781,0.5259,-0.5735,11.0918,25.377,11.2422,bite
173682,0.3782,0.5472,-0.5728,15.7109,29.6641,18.209,bite
173705,0.3621,0.5964,-0.566,19.7754,33.3457,24.2383,bite
173728,0.3768,0.5129,-0.7402,27.0234,39.3828,34.9121,bite
173751,0.5446,0.5035,-0.874,32.2539,43.2266,42.4102,bite
173774,0.6167,0.4709,-1.0063,40.1348,47.6484,52.7207,bite
173797,0.5303,0.3936,-0.9259,48.0469,49.043,60.6426,bite
173820,0.5181,0.3344,-0.733,53.7539,48.1797,63.998,bite
173843,0.5221,0.2294,-0.6688,63.6875,45.6875,63.998,bite
173866,0.5583,0.1534,-0.7411,63.998,44.3789,63.998,bite
173889,0.5591,0.0745,-0.7622,63.998,44.0254,63.998,bite
173912,0.5291,0.0104,-0.6663,63.998,45.4141,63.998,bite
173935,0.4939,-0.0719,-0.5557,63.998,46.9746,63.998,bite
173958,0.4996,-0.1151,-0.4668,63.998,50.1094,63.998,bite
173981,0.5568,-0.1306,-0.449,63.998,52.7617,63.998,bite
174004,0.6516,-0.1627,-0.5238,63.998,57.3652,63.998,bite
174027,0.7394,-0.173,-0.5612,63.998,61.8242,63.998,bite
174050,0.8369,-0.1678,-0.6354,63.998,63.9863,63.998,bite
174073,0.8851,-0.1593,-0.7441,63.998,63.998,63.998,bite
174096,0.8557,-0.1521,-0.7822,63.998,63.5078,62.1074,bite
174119,0.8789,-0.1624,-0.8132,63.998,58.4883,55.9473,bite
174142,0.9043,-0.1696,-0.8484,63.998,53.3848,49.6855,bite
174165,0.8665,-0.1882,-0.7905,44.8828,43.6563,45.9023,bite
174188,0.9183,-0.2247,-0.7755,28.5117,32.4629,41.6191,bite
174211,0.9688,-0.2653,-0.7756,20.4727,24.7832,39.8613,bite
174234,0.9642,-0.299,-0.7271,13.4453,13.6465,39.0449,bite
174257,0.8938,-0.3311,-0.6335,12.1152,6.9141,39.7695,bite
174280,0.9083,-0.3904,-0.6348,14.4961,-1.3242,42.834,bite
174303,0.9238,-0.4393,-0.6056,20.6504,-6.6426,48.209,bite
174326,0.9287,-0.4705,-0.5071,25.8496,-8.502,52.9277,bite
174349,0.9202,-0.4976,-0.4835,33.8613,-9.1094,61.3633,bite
174372,0.783,-0.5356,-0.4392,38.6172,-8.3496,63.998,bite
174395,0.7378,-0.5583,-0.3981,43.8867,-5.8184,63.998,bite
174418,0.6959,-0.5924,-0.4248,46.0996,-1.9551,63.998,bite
174441,0.6384,-0.6093,-0.364,45.623,1.0918,63.998,bite
174464,0.559,-0.6237,-0.3284,41.9629,5.9551,63.998,bite
174487,0.4613,-0.6151,-0.3583,37.6992,9.1855,63.998,bite
174510,0.36,-0.6185,-0.417,28.9238,13.7363,63.998,bite
174533,0.2596,-0.6375,-0.4303,21.7422,16.4961,63.998,bite
174556,0.2659,-0.6284,-0.4291,9.5273,20.3105,63.998,bite
174579,0.2548,-0.6119,-0.421,-3.582,23.7676,63.998,bite
174602,0.2329,-0.6172,-0.4968,-12.3359,25.7715,63.998,bite
174625,0.2402,-0.6201,-0.559,-24.9063,28.0996,63.998,bite
174648,0.2168,-0.6399,-0.5591,-32.6289,29.1289,63.998,bite
174671,0.2632,-0.6571,-0.5696,-42.7734,29.9609,63.998,bite
174694,0.3087,-0.6832,-0.5955,-50.7305,30.1035,63.998,bite
174717,0.287,-0.6941,-0.5958,-54.6797,29.8574,63.998,bite
174740,0.2795,-0.7052,-0.6305,-58.5898,29.0332,63.998,bite
174763,0.303,-0.7151,-0.6356,-60.002,28.1758,63.998,bite
174786,0.3422,-0.7174,-0.6497,-60.7695,26.2383,63.998,bite
174809,0.3805,-0.7052,-0.7347,-60.5488,23.2598,63.998,bite
174832,0.3625,-0.7032,-0.7821,-60.1934,20.6563,57.9023,bite
174855,0.3153,-0.7214,-0.7764,-59.6719,16.082,48.5586,bite
174878,0.3464,-0.7333,-0.7701,-59.3418,12.873,42.8574,bite
174901,0.3496,-0.7123,-0.6973,-58.582,8.2695,35.4258,bite
174924,0.3314,-0.6841,-0.7902,-57.6602,4.4961,29.5,bite
174947,0.3263,-0.6637,-0.9121,-55.3965,1.8477,26.3848,bite
174970,0.3127,-0.6023,-0.684,-51.9082,-1.0645,22.8867,other
174993,0.2594,-0.6531,-0.5851,-48.7871,-2.4922,21.2891,other
175016,0.244,-0.6782,-0.709,-43.0879,-3.9473,19.9043,other
175039,0.236,-0.6559,-0.7783,-39.0215,-4.6582,19.5488,other
175062,0.2666,-0.6272,-0.7816,-33.3652,-5.666,19.4961,other
175085,0.2772,-0.5728,-0.7411,-28.8242,-6.8203,19.5117,other
175108,0.1979,-0.5526,-0.6804,-26.4063,-7.6016,19.3535,other
175131,0.1985,-0.5568,-0.7789,-23.3633,-8.3145,18.7676,other
175154,0.2174,-0.5244,-0.7512,-21.5508,-8.1699,18.1484,other
175177,0.1831,-0.5376,-0.8344,-18.9375,-6.7129,16.873,other
175200,0.6279,-0.7776,-0.697,-16.2285,-3.8164,15.1523,other
175223,0.2681,-0.7194,-0.7195,-14.1367,-1.8145,13.8672,other
175246,0.0856,-0.6042,-0.7202,-10.0684,-0.4629,12.3691,other
175269,0.2783,-0.4467,-0.8287,-6.5703,-0.9004,11.8301,other
175292,0.0869,-0.3319,-0.8561,-0.3711,-3.043,11.4473,other
175315,-0.1056,-0.3038,-0.6769,6.4648,-5.541,10.918,other
175338,0.0176,-0.5165,-1.231,9.6992,-6.6074,9.9746,other
175361,0.2396,-0.4735,-0.7278,13.4082,-7.2969,6.6992,other
175384,0.0748,-0.5327,-0.3925,15.0195,-7.7285,2.834,other
175407,-0.1438,-0.5514,-0.4261,17.6426,-9.3711,-5.582,other
175430,-0.2343,-0.5155,-0.4185,20.1367,-11.416,-12.7402,other
175453,-0.0775,-0.5422,-0.465,24.8984,-15.832,-25.7129,other
175476,0.3885,-0.5743,-0.4531,29.459,-21.9277,-41.4805,other
175499,0.4073,-0.5614,-0.3013,31.3359,-27.2852,-53.3418,other
175522,0.4308,-0.5355,-0.4294,31.0938,-37.0,-64.0,other
175545,0.4894,-0.4808,-0.5983,28.2949,-43.7832,-64.0,other
175568,0.6016,-0.4055,-0.6499,19.4453,-52.9063,-64.0,other
175591,0.6635,-0.303,-0.639,4.9805,-59.7246,-64.0,other
175614,0.6774,-0.2523,-0.7549,-7.3223,-62.6836,-64.0,other
175637,0.75,-0.2334,-0.8739,-28.584,-64.0,-64.0,other
175660,0.8134,-0.2216,-0.9756,-43.7969,-63.5488,-64.0,other
175683,0.7107,-0.1868,-0.9445,-64.0,-59.207,-64.0,other
175706,0.7118,-0.1948,-1.1814,-64.0,-51.6582,-64.0,other
175729,0.6401,-0.1793,-1.1765,-64.0,-45.6816,-64.0,other
175752,0.5322,-0.2145,-1.1548,-64.0,-36.2422,-64.0,other
175775,0.522,-0.1777,-0.9939,-64.0,-29.5508,-64.0,other
175798,0.509,-0.1899,-0.972,-64.0,-18.6055,-64.0,other
175821,0.4528,-0.1766,-0.9259,-64.0,-10.9687,-64.0,other
175844,0.4663,-0.1626,-0.8641,-64.0,-0.209,-64.0,other
175867,0.5474,-0.1455,-0.9102,-58.127,7.5273,-46.3398,other
175890,0.5697,-0.0903,-0.8961,-41.3828,9.6621,-34.6309,other
175913,0.6078,-0.0746,-1.0326,-18.4492,7.2461,-21.7969,other
175936,0.6447,-0.0648,-1.1637,-6.041,2.0059,-16.7539,other
175959,0.4983,-0.0674,-0.9482,7.1113,-10.082,-13.7988,other
175982,0.3032,-0.0659,-0.6881,14.6055,-24.2188,-14.1836,other
176005,0.2765,-0.0428,-0.6726,17.7324,-32.5215,-14.8262,other
176028,0.288,-0.068,-0.8806,21.3516,-40.5742,-14.6504,other
176051,0.233,-0.089,-0.9911,23.5,-42.5801,-13.291,other
176074,0.2405,-0.1022,-0.8566,26.5078,-41.8672,-9.3809,other
176097,0.2864,-0.1541,-0.7858,29.5645,-39.3164,-4.0664,other
176120,0.2682,-0.1759,-0.7341,31.791,-37.6895,-0.4316,other
176143,0.3268,-0.1349,-1.0253,35.0215,-35.8398,4.1523,other
176166,0.3,-0.1957,-1.4341,36.1836,-35.084,6.1484,other
176189,0.1792,-0.2271,-1.0005,34.5215,-35.4902,7.2305,other
176212,0.0988,-0.2045,-0.7543,30.9316,-36.7852,6.9004,other
176235,0.051,-0.2515,-0.7878,23.2578,-38.3438,5.6211,other
176258,0.1722,-0.2518,-0.8441,14.9648,-36.7344,4.2031,other
176281,0.2892,-0.241,-0.92,9.8672,-33.2148,3.3047,other
176304,0.3507,-0.2272,-0.9551,3.2988,-24.9434,1.752,other
176327,0.3125,-0.2104,-0.9694,-0.332,-18.3535,0.3848,other
176350,0.2449,-0.2023,-0.9773,-4.6758,-8.4727,-2.2617,other
176373,0.1937,-0.1892,-0.9286,-7.6152,0.0371,-5.3633,other
176396,0.183,-0.1971,-0.8859,-8.6777,4.5605,-7.4375,other
176419,0.2197,-0.2094,-0.8508,-8.7949,9.4687,-10.2559,other
176442,0.2645,-0.223,-0.8156,-7.9414,11.4609,-11.8555,other
176465,0.2996,-0.2354,-0.8257,-5.627,12.5566,-13.8379,other
176488,0.3114,-0.2421,-0.8289,-2.8125,11.6035,-15.3711,other
176511,0.3153,-0.2301,-0.8362,-1.125,10.0996,-16.1367,other
176534,0.3168,-0.215,-0.8868,0.4902,7.1328,-16.8047,other
176557,0.2853,-0.1997,-0.9133,0.6914,5.0371,-16.8477,other
176580,0.2626,-0.1788,-0.9069,-0.5039,2.2793,-16.1699,other
176603,0.246,-0.1619,-0.9032,-2.2148,1.0,-14.5391,other
176626,0.2383,-0.1469,-0.9269,-5.7207,0.2695,-12.9883,other
176649,0.2706,-0.1365,-0.9569,-9.7012,0.9668,-10.2715,other
176672,0.2936,-0.1423,-0.9852,-12.2402,1.9688,-8.4648,other
176695,0.3077,-0.1445,-0.9711,-15.3301,3.6543,-6.2383,other
176718,0.3018,-0.1456,-0.949,-16.5918,4.5762,-5.2969,other
176741,0.2872,-0.1548,-0.9387,-16.8242,5.3477,-4.8594,other
176764,0.2789,-0.175,-0.9092,-14.7637,5.3379,-5.5156,other
176787,0.2806,-0.1857,-0.8645,-12.127,4.998,-6.418,other
176810,0.2766,-0.1956,-0.8331,-6.5996,4.2109,-8.1953,other
176833,0.2855,-0.2095,-0.8107,-2.2207,3.5937,-9.5098,other
176856,0.3224,-0.228,-0.845,4.5625,2.6152,-11.4609,other
176879,0.374,-0.2349,-0.8656,10.5254,1.5488,-13.2246,other
176902,0.3621,-0.2301,-0.8669,13.5332,0.7441,-14.2129,other
176925,0.3096,-0.218,-0.8232,16.168,-0.541,-15.2148,other
176948,0.2708,-0.2023,-0.7772,16.6367,-1.293,-15.3984,other
176971,0.2454,-0.1913,-0.7808,15.6055,-1.9199,-14.7109,other
176994,0.2578,-0.1851,-0.8358,13.9336,-1.6348,-12.8262,other
177017,0.291,-0.1798,-0.9036,10.2227,-0.9082,-11.043,other
177040,0.329,-0.1727,-0.9393,5.3633,0.7754,-7.9766,other
177063,0.3502,-0.1809,-0.9679,1.7109,2.0996,-5.9297,other
177086,0.3437,-0.1918,-0.9547,-3.875,4.0469,-3.1758,other
177109,0.3246,-0.1935,-0.8964,-7.2793,5.1836,-1.6387,other
177132,0.3093,-0.1963,-0.8245,-11.2012,6.5703,0.2285,other
177155,0.3104,-0.1995,-0.7738,-13.0957,7.6191,1.6797,other
177178,0.3293,-0.2002,-0.8018,-13.1797,8.166,2.4629,other
177201,0.3618,-0.2009,-0.8817,-12.0137,8.6758,3.3535,other
177224,0.3782,-0.197,-0.9017,-10.8516,8.7031,3.7285,other
177247,0.3734,-0.1766,-0.9095,-9.3594,8.1152,3.9316,other
177270,0.3313,-0.1587,-0.9063,-8.8027,6.7578,3.8086,other
177293,0.2952,-0.1379,-0.9032,-9.0586,5.5449,3.6699,other
177316,0.2908,-0.1289,-0.9077,-10.1758,3.5801,3.5645,other
177339,0.307,-0.1324,-0.9099,-11.1641,2.3496,3.6074,other
177362,0.3456,-0.1459,-0.9143,-12.5039,0.8047,3.7617,other
177385,0.3622,-0.1633,-0.9124,-13.0215,-0.3379,3.8223,other
177408,0.3384,-0.1685,-0.8713,-12.8535,-0.8867,3.7109,other
177431,0.3262,-0.1763,-0.8633,-11.3145,-1.3867,3.2891,other
177454,0.3207,-0.1836,-0.8512,-9.5449,-1.5156,2.877,other
177477,0.3292,-0.1897,-0.8467,-6.0488,-1.4629,2.1641,other
177500,0.3335,-0.1935,-0.8484,-3.416,-1.3242,1.6816,other
177523,0.3224,-0.2047,-0.8529,0.459,-1.0527,1.0391,other
177546,0.329,-0.2124,-0.84,3.6543,-0.748,0.5898,other
177569,0.3435,-0.2153,-0.8274,5.1445,-0.5176,0.4434,other
177592,0.3308,-0.2087,-0.8245,6.1836,-0.127,0.4883,other
177615,0.3075,-0.1996,-0.8207,6.0137,0.168,0.7129,other
177638,0.351,-0.1935,-0.871,4.4648,0.6738,1.3438,other
177661,0.3815,-0.1843,-0.89,1.4863,1.1875,2.2598,other
177684,0.3623,-0.1724,-0.874,-1.1348,1.4316,2.9531,other
177707,0.3126,-0.1635,-0.8611,-5.5977,1.6035,4.041,other
177730,0.3174,-0.1523,-0.8634,-8.6289,1.6543,4.7754,other
177753,0.332,-0.1454,-0.8854,-12.7852,1.7578,5.8203,other
177776,0.3406,-0.1406,-0.9205,-16.0801,1.8906,6.6445,other
177799,0.3213,-0.1466,-0.9321,-17.6758,1.9277,6.9824,other
177822,0.3387,-0.1472,-0.9149,-19.0703,1.8242,7.0703,other
177845,0.3135,-0.1503,-0.853,-19.2813,1.6348,6.8203,other
177868,0.325,-0.1549,-0.8264,-18.4609,1.2578,6.0117,other
177891,0.3779,-0.1626,-0.8638,-17.2012,1.0293,5.2305,other
177914,0.3704,-0.1735,-0.8549,-14.5273,0.7266,3.8027,other
177937,0.3452,-0.1652,-0.8201,-11.4453,0.418,2.2773,other
177960,0.35,-0.1577,-0.8511,-9.4727,0.2441,1.3438,other
177983,0.3523,-0.144,-0.8776,-7.0703,0.0859,0.2363,other
178006,0.3464,-0.1342,-0.9047,-6.0332,0.0566,-0.2598,other
178029,0.3467,-0.1299,-0.9117,-5.4668,0.1445,-0.6543,other
178052,0.3478,-0.1302,-0.9147,-5.9336,0.3887,-0.7363,other
178075,0.3448,-0.132,-0.8893,-6.5918,0.6172,-0.7031,other
178098,0.3418,-0.1354,-0.8588,-7.625,0.9844,-0.6523,other
178121,0.3611,-0.1426,-0.8702,-8.0801,1.2012,-0.6777,other
178144,0.3771,-0.149,-0.8615,-8.1191,1.4102,-0.8789,other
178167,0.3665,-0.153,-0.8479,-7.3027,1.3926,-1.2871,other
178190,0.3624,-0.1534,-0.8414,-6.3535,1.2598,-1.6426,other
178213,0.369,-0.1526,-0.8511,-4.5723,0.9336,-2.2012,other
178236,0.3683,-0.1504,-0.858,-3.3379,0.666,-2.5254,other
178259,0.3308,-0.149,-0.8405,-1.7383,0.2383,-2.8555,other
178282,0.3542,-0.1488,-0.854,-0.9902,-0.0117,-2.9199,other
178305,0.3789,-0.1434,-0.8711,-0.5098,-0.2656,-2.8184,other
178328,0.3722,-0.1407,-0.8744,-0.8613,-0.416,-2.5215,other
178351,0.3453,-0.1379,-0.8683,-1.5137,-0.4941,-2.2656,other
178374,0.3326,-0.1383,-0.8667,-2.9316,-0.584,-1.8398,other
178397,0.3599,-0.134,-0.8564,-4.0273,-0.6113,-1.5469,other
178420,0.3585,-0.1353,-0.8588,-5.6543,-0.6113,-1.1406,other
178443,0.3456,-0.1312,-0.8613,-7.0332,-0.5625,-0.8242,other
178466,0.363,-0.1232,-0.8728,-7.7383,-0.4785,-0.6797,other
178489,0.3783,-0.1261,-0.897,-8.4355,-0.2637,-0.5781,other
178512,0.3762,-0.1267,-0.8921,-8.6641,-0.084,-0.5977,other
178535,0.3678,-0.129,-0.8737,-8.6504,0.1895,-0.7324,other
178558,0.3522,-0.1294,-0.8563,-8.1816,0.4512,-0.9199,other
178581,0.3441,-0.1328,-0.8448,-7.6074,0.6289,-1.0293,other
178604,0.3615,-0.1313,-0.8556,-6.418,0.9141,-1.1328,other
178627,0.3773,-0.1326,-0.8823,-5.4902,1.0977,-1.1758,other
178650,0.3751,-0.1338,-0.8849,-4.0898,1.2734,-1.2676,other
178673,0.3732,-0.134,-0.8494,-3.2461,1.2773,-1.4355,other
178696,0.3671,-0.1353,-0.8333,-2.1836,1.1094,-1.584,other
178719,0.3699,-0.145,-0.8353,-1.3652,0.8047,-1.8184,other
178742,0.377,-0.1466,-0.8499,-0.9648,0.5742,-1.9648,other
178765,0.3768,-0.1447,-0.8688,-0.6387,0.2246,-2.1445,other
178788,0.3789,-0.1393,-0.8899,-0.6465,0.002,-2.2227,other
178811,0.3716,-0.1332,-0.8457,-1.0215,-0.2949,-2.2363,other
178834,0.3567,-0.1307,-0.8506,-1.7383,-0.5352,-2.0605,other
178857,0.374,-0.1288,-0.8654,-2.3203,-0.6621,-1.8203,other
178880,0.3696,-0.1307,-0.8673,-3.2285,-0.7812,-1.3105,other
178903,0.3738,-0.1294,-0.858,-3.7988,-0.7988,-0.916,other
178926,0.3757,-0.1283,-0.87,-4.5059,-0.7207,-0.3301,other
178949,0.3726,-0.1298,-0.8702,-4.9668,-0.5488,0.1602,other
178972,0.3711,-0.1364,-0.8538,-5.1113,-0.4316,0.4043,other
178995,0.3763,-0.1411,-0.8497,-5.0742,-0.3008,0.6367,other
179018,0.3755,-0.1383,-0.8491,-4.9023,-0.2383,0.707,other
179041,0.3756,-0.1356,-0.8646,-4.5176,-0.1719,0.707,other
179064,0.3745,-0.1288,-0.8612,-4.248,-0.1699,0.623,other
179087,0.3756,-0.1263,-0.8712,-3.9336,-0.2187,0.5547,other
179110,0.3728,-0.1304,-0.8683,-3.7852,-0.3906,0.459,other
179133,0.3597,-0.1353,-0.8444,-3.7695,-0.5957,0.4102,other
179156,0.3657,-0.136,-0.863,-3.8125,-1.0547,0.3652,other
179179,0.3767,-0.1342,-0.8649,-3.8555,-1.4258,0.3457,other
179202,0.3721,-0.1338,-0.8607,-3.9258,-1.9785,0.3008,other
179225,0.3707,-0.1315,-0.8629,-3.9961,-2.4297,0.2246,other
179248,0.3765,-0.1376,-0.8629,-4.041,-2.6348,0.1602,other
179271,0.3754,-0.1392,-0.8492,-4.1035,-2.7891,0.0684,other
179294,0.3757,-0.1323,-0.8457,-4.1406,-2.8086,0.0273,other
179317,0.3756,-0.1274,-0.8679,-4.1777,-2.7617,0.0254,other
179340,0.3678,-0.1306,-0.8669,-4.2168,-2.6777,0.1133,other
179363,0.3518,-0.135,-0.8632,-4.2578,-2.6055,0.2266,other
179386,0.3756,-0.1339,-0.8678,-4.3574,-2.4668,0.4746,other
179409,0.3566,-0.1337,-0.8616,-4.4512,-2.3906,0.6699,other
179432,0.3549,-0.134,-0.8706,-4.6211,-2.373,0.957,other
179455,0.373,-0.1259,-0.8613,-4.7461,-2.5156,1.1836,other
179478,0.3701,-0.129,-0.8594,-4.9258,-2.6953,1.2773,other
179501,0.3561,-0.1316,-0.8542,-5.0488,-3.0293,1.3125,other
179524,0.3474,-0.124,-0.8563,-5.082,-3.2305,1.2754,other
179547,0.3447,-0.121,-0.8793,-5.0566,-3.3848,1.1719,other
179570,0.3539,-0.1271,-0.8967,-5.0,-3.3555,1.0859,other
179593,0.3569,-0.1318,-0.8839,-4.8848,-3.1172,0.9453,other
179616,0.3463,-0.1327,-0.8531,-4.7109,-2.7148,0.7812,other
179639,0.3461,-0.1322,-0.8456,-4.5234,-2.3848,0.6562,other
179662,0.3839,-0.1288,-0.864,-4.1094,-1.8457,0.4297,other
179685,0.3995,-0.1292,-0.8828,-3.7598,-1.5078,0.2285,other
179708,0.3444,-0.1372,-0.8798,-3.1836,-1.1309,-0.1641,other
179731,0.3534,-0.1526,-0.8431,-2.5898,-0.9414,-0.5801,other
179754,0.3448,-0.1704,-0.7871,-2.1875,-0.8848,-0.7832,other
179777,0.3588,-0.1709,-0.7765,-1.5938,-0.8066,-0.8418,other
179800,0.3756,-0.156,-0.7823,-1.2813,-0.7148,-0.668,other
179823,0.3774,-0.1317,-0.9056,-1.2188,-0.5391,-0.084,other
179846,0.3707,-0.1052,-0.9446,-2.0801,-0.4141,0.8496,other
179869,0.3557,-0.0957,-0.9104,-3.3223,-0.4395,1.6328,other
179892,0.3184,-0.0955,-0.813,-5.9883,-0.7383,2.9902,other
179915,0.3534,-0.106,-0.8745,-7.9766,-1.084,3.9531,other
179938,0.3761,-0.1173,-0.9238,-10.6582,-1.7051,5.2852,other
179961,0.3595,-0.1305,-0.9067,-11.9629,-2.1367,6.459,other
179984,0.3566,-0.141,-0.9021,-12.8672,-2.8027,6.4824,other
180007,0.3674,-0.1348,-0.911,-12.3008,-3.4629,6.3516,other
180030,0.3496,-0.1312,-0.8718,-11.0781,-3.8437,5.9316,other
180053,0.3644,-0.1283,-0.8571,-8.0918,-4.1719,4.9531,other
180076,0.3691,-0.137,-0.8574,-5.4922,-4.1484,4.1797,other
180099,0.3394,-0.1345,-0.8119,-1.1035,-3.6367,3.0352,other
180122,0.3198,-0.1464,-0.8176,3.2695,-2.4609,2.0957,other
180145,0.3479,-0.1505,-0.8414,5.8281,-1.3145,1.6309,other
180168,0.3744,-0.1506,-0.853,8.6758,0.7324,1.1172,other
180191,0.3606,-0.1541,-0.8544,9.7441,2.0937,0.8125,other
180214,0.3569,-0.1541,-0.8535,10.0078,3.7578,0.2812,other
180237,0.3573,-0.1498,-0.8439,8.8164,4.6016,-0.4414,other
180260,0.3546,-0.1464,-0.8536,7.3848,4.5684,-1.0547,other
180283,0.3644,-0.1404,-0.8743,4.6055,3.5332,-2.1621,other
180306,0.3514,-0.1368,-0.879,2.5156,2.1992,-3.0039,other
180329,0.356,-0.1467,-0.9025,-0.6738,-0.5859,-4.3516,other
180352,0.3737,-0.1672,-0.9194,-2.6699,-2.7676,-5.707,other
180375,0.3757,-0.1746,-0.9081,-5.1992,-6.1152,-6.5488,other
180398,0.3749,-0.1703,-0.8645,-6.791,-9.127,-7.5996,other
180421,0.3499,-0.1752,-0.8011,-7.1426,-10.7578,-8.0586,other
180444,0.3199,-0.1658,-0.858,-6.5098,-12.3633,-8.2012,other
180467,0.3207,-0.1691,-0.8907,-5.4258,-12.7949,-7.8535,other
180490,0.3381,-0.1532,-0.8896,-3.2227,-12.6094,-6.6777,other
180513,0.3563,-0.1581,-0.8766,-0.834,-11.8027,-4.918,other
180536,0.2814,-0.1475,-0.8679,0.6309,-11.1191,-3.5703,other
180559,0.2866,-0.1541,-0.8983,2.3887,-9.9199,-1.457,other
180582,0.2856,-0.1495,-0.8741,3.1699,-8.9746,-0.0684,other
180605,0.2944,-0.1575,-0.8638,3.6973,-7.3691,1.7988,other
180628,0.3286,-0.1644,-0.8617,3.543,-5.6523,3.1562,other
180651,0.3615,-0.1759,-0.8947,3.1445,-4.5508,3.6523,other
180674,0.3373,-0.1768,-0.8518,2.25,-3.127,3.6738,other
180697,0.3047,-0.1735,-0.8518,1.5527,-2.3809,3.2383,other
180720,0.2915,-0.1731,-0.85,0.4941,-1.5371,2.1113,other
180743,0.3259,-0.1709,-0.7904,-0.1914,-0.6113,0.707,other
180766,0.3356,-0.1626,-0.895,-1.2305,-0.668,-0.25,other
180789,0.3364,-0.1769,-0.9265,-2.5605,-0.498,-1.5703,other
180812,0.3477,-0.153,-0.9232,-3.8223,-0.5371,-2.3008,other
180835,0.3391,-0.1498,-0.9358,-6.3379,-0.793,-3.0566,other
180858,0.322,-0.1423,-0.9026,-8.2754,-1.043,-3.2715,other
180881,0.3091,-0.1379,-0.8579,-11.0605,-1.3945,-3.084,other
180904,0.3071,-0.1407,-0.8688,-13.0508,-1.5605,-2.2988,other
180927,0.3325,-0.1431,-0.9095,-13.7031,-1.543,-1.5234,other
180950,0.3279,-0.1376,-0.912,-13.6191,-1.4258,-0.2031,other
180973,0.306,-0.1393,-0.8994,-12.9473,-1.3633,0.6465,other
180996,0.3065,-0.1455,-0.8767,-11.2383,-1.3574,1.6992,other
181019,0.3126,-0.1537,-0.8743,-8.9727,-1.4531,2.3359,other
181042,0.3132,-0.1588,-0.8761,-7.3105,-1.5781,2.4863,other
181065,0.297,-0.1609,-0.8649,-4.8398,-1.8516,2.3164,other
181088,0.3047,-0.1611,-0.856,-3.3437,-2.0625,1.9863,other
181111,0.3267,-0.1599,-0.8623,-1.5313,-2.3555,1.2949,other
181134,0.328,-0.1523,-0.8635,-0.7031,-2.582,0.5176,other
181157,0.3239,-0.1497,-0.8682,-0.1484,-2.6875,0.0352,other
181180,0.3145,-0.1453,-0.8827,-0.4414,-2.7559,-0.5176,other
181203,0.3107,-0.1415,-0.8788,-1.0625,-2.7305,-0.7285,other
181226,0.3101,-0.141,-0.8915,-2.4687,-2.5898,-0.7715,other
181249,0.3097,-0.1373,-0.8937,-3.5937,-2.4473,-0.6387,other
181272,0.311,-0.1354,-0.894,-5.3203,-2.2109,-0.2852,other
181295,0.3187,-0.1405,-0.906,-6.8262,-1.9961,0.123,other
181318,0.3232,-0.1427,-0.9038,-7.582,-1.9004,0.3477,other
181341,0.3116,-0.1469,-0.8843,-8.2129,-1.8887,0.5254,other
181364,0.2953,-0.1481,-0.8588,-8.25,-1.9668,0.5215,other
181387,0.3119,-0.1525,-0.8595,-7.7227,-2.1406,0.3555,other
181410,0.3154,-0.1532,-0.8588,-6.6465,-2.293,0.043,other
181433,0.3002,-0.1494,-0.8679,-5.7812,-2.3535,-0.2109,other
181456,0.301,-0.1426,-0.8658,-4.5586,-2.3496,-0.5937,other
181479,0.318,-0.1362,-0.9001,-3.9551,-2.2676,-0.8145,other
181502,0.3251,-0.1349,-0.9189,-3.5645,-2.0488,-1.0684,other
181525,0.3104,-0.1293,-0.8979,-3.6914,-1.8223,-1.2207,other
181548,0.2992,-0.1268,-0.8589,-4.3633,-1.7031,-1.2617,other
181571,0.3031,-0.126,-0.8679,-5.3086,-1.5508,-1.2246,other
181594,0.3236,-0.1252,-0.8947,-5.9199,-1.4434,-1.1543,other
181617,0.3401,-0.1295,-0.9271,-6.6504,-1.2695,-1.0449,other
181640,0.3348,-0.1311,-0.9241,-6.959,-1.1621,-1.0078,other
181663,0.3057,-0.1357,-0.8728,-7.0762,-1.0566,-1.0293,other
181686,0.2871,-0.1477,-0.8308,-6.6562,-1.0176,-1.0879,other
181709,0.3054,-0.1555,-0.8365,-6.0469,-0.9922,-1.1055,other
181732,0.3269,-0.1517,-0.873,-4.7754,-0.9414,-1.0859,other
181755,0.3328,-0.1403,-0.9028,-3.875,-0.9219,-1.0469,other
181778,0.3309,-0.1298,-0.9276,-2.8047,-0.9688,-0.957,other
181801,0.3082,-0.1198,-0.8955,-2.3613,-1.1777,-0.8086,other
181824,0.2749,-0.1172,-0.87,-2.4258,-1.4004,-0.6484,other
181847,0.2766,-0.1237,-0.8683,-2.8867,-1.7617,-0.2969,other
181870,0.3103,-0.1282,-0.8881,-3.3066,-1.959,-0.0117,other
181893,0.333,-0.1371,-0.9146,-3.9219,-2.1348,0.375,other
181916,0.3253,-0.1403,-0.8951,-4.3789,-2.1699,0.5723,other
181939,0.3081,-0.1401,-0.8704,-4.5293,-2.123,0.5664,other
181962,0.2946,-0.1406,-0.86,-4.4453,-1.9453,0.3965,other
181985,0.3055,-0.1423,-0.8645,-4.1816,-1.7637,0.2168,other
182008,0.3328,-0.1389,-0.885,-3.5801,-1.4355,-0.0879,other
182031,0.3263,-0.1371,-0.8947,-3.1406,-1.2324,-0.2949,other
182054,0.3075,-0.1362,-0.8876,-2.6016,-1.0234,-0.5723,other
182077,0.3118,-0.1381,-0.8917,-2.3223,-0.9199,-0.7422,other
182100,0.3049,-0.1383,-0.882,-2.2891,-0.9023,-0.7637,other
182123,0.2986,-0.1409,-0.8719,-2.4121,-0.9453,-0.6465,other
182146,0.3153,-0.1432,-0.8782,-2.5664,-1.0137,-0.4785,other
182169,0.334,-0.1426,-0.8895,-2.8398,-1.1738,-0.1484,other
182192,0.3407,-0.1394,-0.8931,-3.1367,-1.4316,0.2051,other
182215,0.3441,-0.1389,-0.9106,-3.332,-1.6699,0.4297,other
182238,0.3163,-0.1404,-0.9094,-3.5918,-2.1484,0.7793,other
182261,0.2726,-0.1361,-0.8698,-3.7051,-2.5527,1.0645,other
182284,0.2531,-0.1375,-0.8524,-3.6914,-3.2207,1.6426,other
182307,0.2681,-0.1447,-0.8618,-3.4004,-3.834,2.3965,other
182330,0.293,-0.1465,-0.8754,-3.0898,-4.1504,2.9199,other
182353,0.3132,-0.1445,-0.9083,-2.5937,-4.4199,3.5371,other
182376,0.3077,-0.1432,-0.9155,-2.3437,-4.4512,3.7305,other
182399,0.2795,-0.1401,-0.8909,-2.1816,-4.2773,3.6152,other
182422,0.2594,-0.1395,-0.8671,-2.1992,-4.0098,3.0664,other
182445,0.2777,-0.1444,-0.8778,-2.3223,-3.3594,2.5312,other
182468,0.3192,-0.1472,-0.8938,-2.4609,-2.4609,1.5625,other
182491,0.3387,-0.1515,-0.9127,-2.5449,-1.8242,0.8438,other
182514,0.3287,-0.1489,-0.8884,-2.668,-1.0137,-0.2715,other
182537,0.3002,-0.1476,-0.87,-2.7305,-0.6426,-0.9707,other
182560,0.2842,-0.1465,-0.8586,-2.752,-0.3535,-1.7988,other
182583,0.29,-0.1464,-0.8619,-2.6582,-0.334,-2.2266,other
182606,0.3137,-0.1469,-0.8988,-2.5605,-0.4277,-2.2715,other
182629,0.3198,-0.1479,-0.9181,-2.4648,-0.707,-2.0371,other
182652,0.3102,-0.1488,-0.906,-2.4883,-0.9727,-1.7363,other
182675,0.2896,-0.1516,-0.8831,-2.6562,-1.459,-1.1543,other
182698,0.2689,-0.1528,-0.8629,-2.875,-1.9609,-0.4922,other
182721,0.2838,-0.1578,-0.8607,-2.9785,-2.2461,-0.0391,other
182744,0.2981,-0.1562,-0.8622,-3.041,-2.5566,0.5742,other
182767,0.2843,-0.1484,-0.8782,-3.0527,-2.6797,0.8926,other
182790,0.2828,-0.1433,-0.903,-3.1484,-2.7324,1.1875,other
182813,0.3005,-0.1394,-0.9125,-3.3379,-2.6719,1.2559,other
182836,0.292,-0.1395,-0.9,-3.873,-2.4648,1.1797,other
182859,0.2921,-0.1428,-0.8831,-4.6309,-2.1562,0.9238,other
182882,0.3031,-0.1448,-0.8746,-5.168,-1.9082,0.6875,other
182905,0.3108,-0.1481,-0.8799,-5.873,-1.5156,0.2871,other
182928,0.3116,-0.1411,-0.9104,-6.2266,-1.2637,0.0156,other
182951,0.3126,-0.1407,-0.9197,-6.5625,-0.9531,-0.3574,other
182974,0.3022,-0.1365,-0.8884,-6.6816,-0.7754,-0.6309,other
182997,0.2783,-0.1343,-0.8695,-6.6211,-0.7402,-0.7266,other
183020,0.2778,-0.1312,-0.8922,-6.2852,-0.7832,-0.7207,other
183043,0.2991,-0.1371,-0.8915,-5.9141,-0.8555,-0.6309,other
183066,0.3071,-0.1418,-0.8929,-5.2012,-0.9922,-0.4473,other
183089,0.299,-0.1475,-0.886,-4.3828,-1.1211,-0.3184,other
183112,0.2987,-0.1494,-0.8834,-3.8184,-1.1758,-0.2988,other
183135,0.2997,-0.1525,-0.8845,-2.998,-1.1875,-0.3633,other
183158,0.2921,-0.1526,-0.8698,-2.5078,-1.1602,-0.4512,other
183181,0.2938,-0.1494,-0.8854,-1.9316,-1.0801,-0.6055,other
183204,0.2942,-0.1415,-0.886,-1.6973,-0.9785,-0.7402,other
183227,0.2954,-0.1371,-0.9039,-1.6211,-0.9063,-0.8027,other
183250,0.3152,-0.1351,-0.9197,-1.8711,-0.7891,-0.8555,other
183273,0.301,-0.1355,-0.8997,-2.166,-0.7227,-0.8711,other
183296,0.285,-0.1467,-0.8677,-2.6426,-0.6465,-0.875,other
183319,0.3066,-0.1554,-0.8607,-2.8691,-0.5957,-0.8672,other
183342,0.3217,-0.161,-0.877,-2.9492,-0.5098,-0.8574,other
183365,0.318,-0.1604,-0.902,-2.7363,-0.4648,-0.8887,other
183388,0.306,-0.1526,-0.9027,-2.5117,-0.4844,-0.9277,other
183411,0.285,-0.1471,-0.8831,-2.1895,-0.6035,-0.9609,other
183434,0.287,-0.1453,-0.8889,-2.0352,-0.7402,-0.9258,other
183457,0.2987,-0.1439,-0.8601,-1.9277,-1.0176,-0.7461,other
183480,0.2996,-0.1559,-0.8582,-1.9551,-1.3457,-0.4395,other
183503,0.3064,-0.1608,-0.8596,-2.0332,-1.5527,-0.2012,other
183526,0.3132,-0.1548,-0.8914,-2.2656,-1.7695,0.1484,other
183549,0.3059,-0.1516,-0.9271,-2.5352,-1.832,0.3555,other
183572,0.293,-0.1438,-0.9092,-3.1797,-1.8262,0.627,other
183595,0.2721,-0.1382,-0.8696,-4.2578,-1.7539,0.8867,other
183618,0.2834,-0.1394,-0.8661,-4.7109,-1.6816,1.0742,other
183641,0.3062,-0.1455,-0.8904,-5.5723,-1.5547,1.3418,other
183664,0.3112,-0.1481,-0.9049,-6.0273,-1.4805,1.4668,other
183687,0.2958,-0.1445,-0.9076,-6.4961,-1.3965,1.502,other
183710,0.2781,-0.136,-0.8922,-6.6523,-1.3457,1.4121,other
183733,0.2664,-0.1355,-0.8774,-6.6348,-1.2539,1.1445,other
183756,0.2761,-0.1304,-0.884,-6.3066,-1.1152,0.791,other
183779,0.303,-0.1313,-0.886,-5.9414,-0.9961,0.5273,other
183802,0.3357,-0.1437,-0.9138,-5.2559,-0.8047,0.0684,other
183825,0.3409,-0.1499,-0.9111,-4.7637,-0.7012,-0.2988,other
183848,0.3116,-0.1526,-0.8807,-4.0215,-0.6289,-0.9355,other
183871,0.2814,-0.1536,-0.8395,-3.2598,-0.6621,-1.5625,other
183894,0.2736,-0.1553,-0.8474,-2.7187,-0.7109,-1.8945,other
183917,0.2974,-0.1589,-0.8992,-1.9102,-0.7754,-2.1914,other
183940,0.3192,-0.1544,-0.9205,-1.4629,-0.8086,-2.2559,other
183963,0.3131,-0.155,-0.9385,-1.0781,-0.8867,-2.2012,other
183986,0.3043,-0.1576,-0.9478,-1.0527,-1.0488,-2.0176,other
184009,0.3458,-0.1357,-0.8584,-1.1133,-1.2441,-1.8301,other
184032,0.24,-0.147,-0.8909,-0.9844,-1.6914,-1.4199,other
184055,0.2483,-0.1613,-0.8229,-0.6211,-1.998,-0.9961,other
184078,0.3207,-0.1635,-0.9124,0.373,-2.1523,-0.0996,other
184101,0.3215,-0.1683,-0.868,1.2305,-1.9785,0.5977,other
184124,0.3212,-0.1768,-0.876,2.5254,-1.4082,1.5859,other
184147,0.3126,-0.1791,-0.8622,3.541,-0.7031,2.291,other
184170,0.2953,-0.1794,-0.8142,3.9512,-0.291,2.5352,other
184193,0.2933,-0.1792,-0.8414,4.0742,0.123,2.5547,other
184216,0.3041,-0.1759,-0.8611,3.7754,0.248,2.3633,other
184239,0.3186,-0.1644,-0.7363,2.6641,0.1934,1.8262,other
184262,0.2864,-0.1639,-0.9943,0.6738,-0.1152,1.0879,other
184285,0.2913,-0.135,-0.9417,-1.2129,-0.377,0.5586,other
184308,0.299,-0.1293,-0.9613,-4.8125,-0.6777,-0.1602,other
184331,0.2844,-0.1302,-0.9344,-7.4824,-0.7773,-0.541,other
184354,0.28,-0.1346,-0.8845,-11.2441,-0.7891,-0.9277,other
184377,0.2998,-0.1495,-0.8693,-13.8691,-0.666,-1.1035,other
184400,0.3146,-0.1567,-0.8651,-14.6621,-0.541,-1.1504,other
184423,0.3164,-0.1584,-0.8784,-14.3086,-0.3652,-1.2031,other
184446,0.3134,-0.153,-0.8854,-13.1875,-0.2988,-1.2676,other
184469,0.3037,-0.1493,-0.8942,-10.6484,-0.3418,-1.4277,other
184492,0.2871,-0.1467,-0.8839,-8.7051,-0.4805,-1.6289,other
184515,0.2936,-0.1469,-0.876,-5.9004,-0.8027,-1.752,other
184538,0.2979,-0.1459,-0.8757,-3.6445,-1.1758,-1.877,other
184561,0.286,-0.1418,-0.8755,-2.5898,-1.416,-1.9102,other
184584,0.3018,-0.144,-0.8754,-1.7559,-1.707,-1.8867,other
184607,0.3285,-0.1493,-0.8915,-1.6836,-1.8262,-1.8379,other
184630,0.3253,-0.1464,-0.8931,-2.1934,-1.918,-1.7578,other
184653,0.3016,-0.1428,-0.8916,-3.2266,-1.9746,-1.6895,other
184676,0.2825,-0.1399,-0.8986,-4.0586,-1.9941,-1.6406,other
184699,0.2974,-0.1383,-0.91,-5.3066,-1.9688,-1.5273,other
184722,0.321,-0.1396,-0.9115,-6.0312,-1.9219,-1.4316,other
184745,0.3073,-0.1381,-0.9021,-6.8164,-1.873,-1.293,other
184768,0.2726,-0.1362,-0.8813,-7.1074,-1.9063,-1.1914,other
184791,0.2925,-0.1366,-0.8723,-6.9883,-1.9512,-1.1367,other
184814,0.3159,-0.14,-0.8806,-6.373,-2.0117,-1.0742,other
184837,0.3107,-0.1434,-0.8939,-5.7441,-2.0449,-1.0664,other
184860,0.3043,-0.1418,-0.8954,-4.6602,-2.0957,-1.1191,other
184883,0.2893,-0.1438,-0.8809,-3.9473,-2.125,-1.2109,other
184906,0.281,-0.1459,-0.8635,-3.0078,-2.1328,-1.2598,other
184929,0.2931,-0.1478,-0.8647,-2.2988,-2.0469,-1.2813,other
184952,0.3052,-0.1505,-0.8845,-1.9863,-1.9238,-1.2559,other
184975,0.3057,-0.1466,-0.8931,-1.8105,-1.6543,-1.1855,other
184998,0.3062,-0.1359,-0.8969,-1.9102,-1.4336,-1.127,other
185021,0.3009,-0.1326,-0.9026,-2.3633,-1.0566,-1.0234,other
185044,0.293,-0.1367,-0.8999,-3.0762,-0.6621,-0.8887,other
185067,0.3025,-0.1423,-0.885,-3.6055,-0.4121,-0.7793,other
185090,0.3143,-0.1484,-0.8695,-4.3164,-0.084,-0.5898,other
185113,0.3156,-0.147,-0.8695,-4.6582,0.0879,-0.4609,other
185136,0.2982,-0.1381,-0.8691,-4.9219,0.2617,-0.2695,other
185159,0.3,-0.135,-0.8928,-4.9492,0.3633,-0.0742,other
185182,0.3149,-0.1321,-0.9143,-4.9121,0.4082,0.0605,other
185205,0.3015,-0.1317,-0.9098,-4.8867,0.4258,0.2578,other
185228,0.2852,-0.136,-0.8883,-4.9082,0.3926,0.377,other
185251,0.292,-0.1387,-0.873,-4.9512,0.3066,0.5312,other
185274,0.2964,-0.1415,-0.8724,-4.9336,0.2285,0.6328,other
185297,0.3101,-0.1414,-0.8849,-4.7773,0.2129,0.6543,other
185320,0.3375,-0.1349,-0.8881,-4.498,0.248,0.5918,other
185343,0.334,-0.1298,-0.8829,-4.2812,0.2891,0.4766,other
185366,0.3091,-0.1307,-0.8909,-3.9648,0.3223,0.2207,other
185389,0.295,-0.1294,-0.8976,-3.7832,0.3203,0.0332,other
185412,0.3014,-0.1321,-0.8976,-3.5605,0.3008,-0.2012,other
185435,0.3186,-0.1359,-0.9008,-3.3691,0.293,-0.3457,other
185458,0.3228,-0.1431,-0.895,-3.2207,0.2793,-0.4043,other
185481,0.306,-0.1495,-0.8856,-2.9023,0.1895,-0.4727,other
185504,0.2975,-0.1536,-0.8595,-2.5996,0.0586,-0.5059,other
185527,0.311,-0.156,-0.8593,-2.0039,-0.2305,-0.5293,other
185550,0.3197,-0.1586,-0.8629,-1.3301,-0.6094,-0.5234,other
185573,0.3114,-0.1509,-0.8776,-0.9277,-0.8965,-0.5,other
185596,0.3016,-0.141,-0.8853,-0.5723,-1.3418,-0.4219,other
185619,0.3116,-0.1398,-0.8975,-0.5781,-1.6172,-0.3281,other
185642,0.3068,-0.1381,-0.8842,-0.998,-1.9668,-0.1191,other
185665,0.2948,-0.1388,-0.8762,-1.5156,-2.2031,0.1484,other
185688,0.2974,-0.1461,-0.8853,-2.5156,-2.2734,0.3398,other
185711,0.317,-0.1476,-0.9003,-3.5957,-2.2305,0.5957,other
185734,0.3153,-0.1418,-0.896,-4.2734,-2.125,0.7168,other
185757,0.3007,-0.1433,-0.8887,-5.125,-1.9043,0.7891,other
185780,0.3002,-0.1381,-0.8726,-5.5332,-1.7402,0.7676,other
185803,0.3115,-0.1346,-0.8671,-5.8574,-1.4941,0.6504,other
185826,0.3208,-0.1353,-0.887,-5.8437,-1.2852,0.4492,other
185849,0.3149,-0.1403,-0.9023,-5.6875,-1.1875,0.2754,other
185872,0.3053,-0.1421,-0.8936,-5.3281,-1.1035,-0.0273,other
185895,0.3024,-0.146,-0.8807,-5.0449,-1.082,-0.2266,other
185918,0.2932,-0.1498,-0.8726,-4.584,-1.0781,-0.4766,other
185941,0.3092,-0.1459,-0.9063,-4.1074,-1.0957,-0.623,other
185964,0.3142,-0.1383,-0.8799,-3.8125,-1.127,-0.6621,other
185987,0.3004,-0.1344,-0.8889,-3.4785,-1.2324,-0.6465,other
186010,0.3149,-0.1321,-0.9004,-3.3613,-1.332,-0.6035,other
186033,0.3092,-0.1335,-0.896,-3.3516,-1.4961,-0.5215,other
186056,0.2874,-0.1366,-0.8844,-3.4727,-1.6328,-0.4551,other
186079,0.2844,-0.1439,-0.8693,-3.5586,-1.6699,-0.4277,other
186102,0.2955,-0.1477,-0.8651,-3.5996,-1.6035,-0.4219,other
186125,0.3148,-0.1462,-0.8861,-3.5488,-1.4824,-0.4531,other
186148,0.3309,-0.1429,-0.9082,-3.4141,-1.2539,-0.5859,other
186171,0.3267,-0.1355,-0.9048,-3.3379,-1.1367,-0.7402,other
186194,0.2933,-0.1344,-0.8691,-3.293,-1.084,-1.0371,other
186217,0.2872,-0.1436,-0.8639,-3.2852,-1.1426,-1.3223,other
186240,0.3107,-0.1489,-0.8763,-3.2598,-1.1934,-1.4668,other
186263,0.3164,-0.1505,-0.8887,-3.1895,-1.2656,-1.6055,other
186286,0.3109,-0.1466,-0.8923,-3.1465,-1.3125,-1.6523,other
186309,0.3065,-0.1383,-0.885,-3.1426,-1.3828,-1.666,other
186332,0.3021,-0.1383,-0.8871,-3.2383,-1.4492,-1.5938,other
186355,0.299,-0.1368,-0.8784,-3.3555,-1.4922,-1.4941,other
186378,0.3042,-0.14,-0.8743,-3.582,-1.5469,-1.2793,other
186401,0.311,-0.1395,-0.8851,-3.7461,-1.5703,-1.1172,other
186424,0.3024,-0.1346,-0.894,-3.998,-1.5684,-0.8848,other
186447,0.3107,-0.1385,-0.9099,-4.25,-1.5195,-0.707,other
186470,0.3042,-0.1407,-0.8893,-4.4102,-1.4707,-0.6309,other
186493,0.2925,-0.1416,-0.8621,-4.5879,-1.3828,-0.5664,other
186516,0.2986,-0.1432,-0.858,-4.6309,-1.3203,-0.5449,other
186539,0.3073,-0.1409,-0.8776,-4.5762,-1.2227,-0.5293,other
186562,0.3177,-0.1359,-0.8967,-4.498,-1.166,-0.543,other
186585,0.3112,-0.1328,-0.899,-4.4219,-1.1113,-0.5703,other
186608,0.2977,-0.1329,-0.8933,-4.4805,-1.1074,-0.627,other
186631,0.3021,-0.1312,-0.8793,-4.5957,-1.1211,-0.6602,other
186654,0.3053,-0.1342,-0.8927,-4.8184,-1.1367,-0.6758,other
186677,0.3038,-0.137,-0.8815,-4.959,-1.1387,-0.6621,other
186700,0.3002,-0.1387,-0.8732,-5.0996,-1.127,-0.6055,other
186723,0.308,-0.1366,-0.8861,-5.1348,-1.0938,-0.5176,other
186746,0.3093,-0.1298,-0.8942,-5.1133,-1.0645,-0.4492,other
186769,0.3035,-0.1279,-0.9017,-5.0723,-1.0273,-0.3477,other
186792,0.3101,-0.1256,-0.906,-5.0566,-1.0117,-0.2871,other
186815,0.3138,-0.1302,-0.8934,-5.043,-1.0098,-0.2168,other
186838,0.3066,-0.1359,-0.8839,-4.9727,-1.041,-0.1836,other
186861,0.3047,-0.137,-0.8813,-4.8437,-1.082,-0.1777,other
186884,0.3064,-0.1342,-0.8826,-4.4922,-1.1738,-0.1836,other
186907,0.3047,-0.1357,-0.8905,-4.1641,-1.2559,-0.1914,other
186930,0.296,-0.1364,-0.8738,-3.582,-1.416,-0.2012,other
186953,0.3051,-0.1357,-0.8655,-3.1797,-1.5352,-0.1953,other
186976,0.3011,-0.1428,-0.8752,-2.6289,-1.7051,-0.1816,other
186999,0.2925,-0.1406,-0.8727,-2.2559,-1.8281,-0.1465,other
187022,0.304,-0.1368,-0.8796,-2.1641,-1.8574,-0.1152,other
187045,0.3097,-0.1313,-0.8929,-2.3262,-1.8125,-0.0645,other
187068,0.3077,-0.1246,-0.9045,-2.6484,-1.7363,-0.0371,other
187091,0.3124,-0.1193,-0.9061,-3.4141,-1.5781,-0.0176,other
187114,0.3076,-0.124,-0.8987,-4.3574,-1.4141,-0.0332,other
187137,0.2959,-0.1288,-0.8895,-4.959,-1.3203,-0.0645,other
187160,0.3044,-0.1343,-0.8888,-5.623,-1.207,-0.1426,other
187183,0.3092,-0.1406,-0.8894,-5.8223,-1.1543,-0.2129,other
187206,0.2972,-0.1431,-0.8669,-5.7012,-1.127,-0.3555,other
187229,0.3076,-0.135,-0.8619,-5.1191,-1.1465,-0.5137,other
187252,0.3119,-0.1342,-0.8728,-4.5605,-1.1738,-0.6133,other
187275,0.3141,-0.135,-0.9026,-3.668,-1.2266,-0.7344,other
187298,0.3082,-0.1329,-0.9039,-3.1582,-1.2637,-0.7793,other
187321,0.2793,-0.1311,-0.8743,-2.6602,-1.3145,-0.7676,other
187344,0.2936,-0.1365,-0.8726,-2.5234,-1.3184,-0.627,other
187367,0.3152,-0.1401,-0.8785,-2.5723,-1.2852,-0.4707,other
187390,0.3148,-0.1376,-0.8945,-2.8594,-1.2129,-0.209,other
187413,0.3044,-0.1254,-0.8916,-3.1484,-1.1699,-0.0488,other
187436,0.2915,-0.1217,-0.8905,-3.666,-1.1348,0.1445,other
187459,0.2963,-0.1221,-0.8907,-4.0234,-1.1289,0.2383,other
187482,0.3079,-0.1337,-0.8899,-4.4805,-1.1367,0.3105,other
187505,0.3143,-0.1398,-0.8757,-4.752,-1.1504,0.2754,other
187528,0.3159,-0.1434,-0.8783,-4.791,-1.1563,0.1836,other
187551,0.3058,-0.1355,-0.8694,-4.6523,-1.1641,-0.0273,other
187574,0.2875,-0.1296,-0.8884,-4.4668,-1.1719,-0.1875,other
187597,0.2935,-0.1217,-0.9004,-4.1582,-1.1816,-0.3906,other
187620,0.2939,-0.121,-0.8942,-3.9277,-1.1875,-0.5254,other
187643,0.306,-0.1301,-0.891,-3.8457,-1.1836,-0.584,other
187666,0.327,-0.1361,-0.8849,-3.8047,-1.1523,-0.6562,other
187689,0.3204,-0.1407,-0.87,-3.7969,-1.1172,-0.7187,other
187712,0.2992,-0.1365,-0.8672,-3.7539,-1.0547,-0.8301,other
187735,0.2983,-0.13,-0.8751,-3.6934,-0.9707,-0.9238,other
187758,0.3048,-0.1261,-0.8969,-3.5898,-0.9082,-0.9473,other
187781,0.3046,-0.1243,-0.8966,-3.5527,-0.8398,-0.9219,other
187804,0.3105,-0.1279,-0.8954,-3.5957,-0.8203,-0.8672,other
187827,0.3082,-0.1312,-0.8859,-3.75,-0.8379,-0.752,other
187850,0.2985,-0.134,-0.8782,-3.877,-0.875,-0.6621,other
187873,0.2942,-0.1354,-0.8746,-4.041,-0.9414,-0.5234,other
187896,0.2947,-0.1354,-0.8778,-4.1191,-0.9863,-0.4004,other
187919,0.3116,-0.1383,-0.8772,-4.1211,-0.9922,-0.3477,other
187942,0.3231,-0.1488,-0.8907,-4.0879,-0.9844,-0.3535,other
187965,0.3047,-0.1515,-0.9014,-4.0742,-1.0098,-0.4277,other
187988,0.2915,-0.1431,-0.9012,-4.0937,-1.1758,-0.6113,other
188011,0.2968,-0.1218,-0.85,-4.0684,-1.625,-0.7832,other
188034,0.3469,-0.1134,-0.9285,-3.9395,-2.168,-0.8359,other
188057,0.3013,-0.1207,-0.9221,-3.5723,-3.4512,-0.7734,other
188080,0.2765,-0.1229,-0.8961,-3.2715,-4.6816,-0.6094,other
188103,0.2556,-0.0963,-0.8846,-2.8223,-7.084,-0.1582,other
188126,0.1858,-0.0808,-0.9397,-2.457,-9.877,0.5176,other
188149,0.2538,-0.1309,-0.9808,-2.2988,-11.7031,1.0176,other
188172,0.4055,-0.1765,-0.983,-2.2148,-14.1387,1.5547,other
188195,0.4298,-0.1844,-0.9476,-2.2266,-15.582,1.5605,other
188218,0.2516,-0.1564,-0.8809,-2.3242,-17.4766,0.8594,other
188241,0.1979,-0.1366,-0.8438,-2.5547,-18.3242,-0.543,other
188264,0.2698,-0.105,-0.8342,-3.7461,-18.3262,-1.9277,other
188287,0.285,-0.0957,-0.8494,-7.041,-16.0645,-4.4297,other
188310,0.2325,-0.02,-0.7633,-10.9902,-12.8691,-6.4199,other
188333,0.2281,-0.0011,-0.7584,-19.9551,-5.2051,-9.7402,other
188356,0.2587,0.0139,-0.8042,-27.9375,1.5371,-12.125,other
188379,0.2366,0.0544,-0.9728,-42.5996,12.9687,-16.0879,other
188402,0.3109,0.0916,-1.0938,-59.4531,24.082,-20.7598,other
188425,0.4331,0.1249,-0.8254,-64.0,29.7402,-24.2773,other
188448,0.5691,0.1517,-0.686,-64.0,32.8359,-29.7891,other
188471,0.3682,0.1794,-0.7633,-64.0,30.4629,-33.1641,other
188494,0.0571,0.1849,-0.8141,-64.0,21.1387,-36.5352,other
188517,0.0775,0.2002,-0.868,-64.0,8.3379,-36.3574,other
188540,0.2079,0.2281,-0.8912,-64.0,-0.3809,-33.9648,other
188563,0.1622,0.2517,-0.8239,-64.0,-12.6953,-27.627,other
188586,0.0914,0.2603,-0.8309,-64.0,-20.0723,-22.293,other
188609,0.1207,0.2697,-0.8652,-56.4902,-29.1602,-13.9668,other
188632,0.1731,0.2668,-0.7726,-49.0488,-33.6016,-6.709,other
188655,0.1641,0.2762,-0.7163,-38.4102,-37.7012,-3.1133,other
188678,0.1818,0.2852,-0.7322,-28.8145,-38.959,-0.0645,other
188701,0.1823,0.2645,-0.8816,-23.4434,-38.5605,0.4121,other
188724,0.1488,0.2712,-0.9016,-17.8887,-36.8262,-0.7949,other
188747,0.1459,0.3005,-0.6537,-16.2539,-35.2695,-2.4766,other
188770,0.1438,0.2806,-0.6171,-16.9004,-32.6758,-5.5137,other
188793,0.0551,0.2686,-0.8661,-20.9336,-30.1211,-8.2461,other
188816,0.0548,0.2205,-1.4659,-25.3984,-28.7168,-9.5078,other
188839,0.2169,0.5035,-0.8282,-34.0566,-27.6738,-10.2988,other
188862,0.0192,0.4066,-0.7561,-39.877,-27.9746,-10.082,other
188885,0.0969,0.4801,-0.7976,-46.0527,-28.8477,-8.8887,other
188908,0.1838,0.4464,-0.9426,-47.127,-28.1875,-7.291,other
188931,0.1449,0.439,-0.8826,-44.7422,-26.4688,-6.3691,other
188954,0.0728,0.3715,-0.8872,-37.1914,-22.1816,-5.4395,other
188977,0.0291,0.3203,-0.7941,-30.2129,-18.3965,-5.0391,other
189000,0.014,0.2637,-0.785,-18.166,-11.6797,-4.4668,other
189023,0.0399,0.2338,-0.786,-9.8398,-4.248,-3.7012,other
189046,0.067,0.2086,-0.7754,1.9453,0.625,-3.1152,other
189069,0.1022,0.1947,-0.7777,11.8965,6.793,-2.3594,other
189092,0.106,0.189,-0.7421,17.1836,9.6016,-2.0684,other
189115,0.1121,0.2258,-0.6407,22.9082,11.2812,-2.0508,other
189138,0.1245,0.2815,-0.6182,25.207,10.6797,-2.2832,other
189161,0.0873,0.2751,-1.1058,26.1465,7.6016,-2.8047,other
189184,0.0717,0.4115,-0.9869,23.6621,2.9141,-3.2754,other
189207,0.1263,0.3868,-0.8594,20.2383,-0.3164,-3.4941,other
189230,0.0743,0.3256,-0.7927,13.375,-4.3262,-3.6973,other
189253,0.0814,0.3101,-0.7745,8.2852,-6.1387,-3.7539,other
189276,0.1111,0.2935,-0.8018,0.7734,-7.3613,-3.7285,other
189299,0.0383,0.2899,-0.8546,-5.8613,-6.5957,-3.6855,other
189322,0.0374,0.2887,-0.8516,-9.5625,-4.7812,-3.748,other
189345,0.1548,0.2557,-0.7904,-13.8848,-0.1699,-4.1133,other
189368,0.1458,0.2229,-0.8007,-15.9531,3.6855,-4.5957,other
189391,0.1549,0.199,-0.7786,-17.9492,9.4785,-5.6719,other
189414,0.2307,0.2346,-0.5544,-18.6113,14.0371,-6.9297,other
189437,0.2968,0.1456,-0.9517,-18.7754,15.8359,-7.6152,other
189460,0.1459,0.365,-0.4529,-18.5957,16.1016,-7.8379,other
189483,0.0895,0.3467,-1.139,-18.6465,14.7246,-7.084,other
189506,-0.0857,0.6726,-1.0577,-19.502,10.6543,-4.3652,other
189529,0.0505,0.665,-0.7714,-20.5449,6.6504,-1.6973,other
189552,0.0046,0.5442,-0.7764,-22.1094,-1.1211,2.7422,other
189575,0.0626,0.4666,-0.8712,-23.1133,-10.1016,6.4961,other
189598,-0.0068,0.4196,-0.9253,-23.4121,-15.9062,8.1523,other
189621,-0.0439,0.4045,-0.769,-22.9746,-22.6328,9.1914,other
189644,0.0126,0.3843,-0.662,-21.5996,-24.7715,9.0156,other
189667,0.0652,0.3384,-0.704,-17.1211,-23.4258,7.627,other
189690,0.1342,0.3066,-0.7672,-9.7852,-17.1582,4.9492,other
189713,0.1559,0.2909,-0.7784,-3.9375,-11.3652,2.4766,other
189736,0.158,0.278,-0.7677,4.8086,-2.3828,-2.0391,other
189759,0.1495,0.2512,-0.7786,9.7852,2.7969,-5.3027,other
189782,0.1307,0.2496,-0.7769,14.8457,8.3359,-9.9062,other
189805,0.1212,0.2798,-0.7776,16.2344,10.8047,-13.3379,other
189828,0.1127,0.333,-0.7842,15.2305,10.8516,-14.6348,other
189851,0.069,0.3582,-0.8772,11.0098,8.9258,-14.877,other
189874,0.0579,0.3685,-0.8593,6.8984,6.6191,-13.9492,other
189897,0.1007,0.3683,-0.854,-0.2187,2.3242,-11.3125,other
189920,0.0511,0.3745,-0.8262,-4.9375,-0.6699,-9.0742,other
189943,0.0399,0.3556,-0.8231,-10.9219,-4.7051,-5.6133,other
189966,-0.0459,0.3761,-0.7965,-14.7031,-7.6094,-2.6484,other
189989,-0.2267,0.4156,-0.7731,-15.7461,-8.7324,-1.1934,other
190012,-0.1666,0.4055,-0.7698,-15.1094,-9.002,-0.1152,other
190035,0.0438,0.3711,-0.7786,-13.4629,-8.2988,-0.4121,other
190058,0.161,0.3666,-0.7977,-9.9082,-6.5859,-2.8965,other
190081,0.2646,0.3284,-0.9294,-6.0391,-4.9668,-7.8652,other
190104,0.3096,0.3002,-0.9376,-3.7148,-4.2227,-12.1172,other
190127,0.2847,0.2893,-0.829,-0.8027,-3.5801,-18.543,other
190150,0.168,0.2566,-0.776,0.9141,-3.2207,-21.9063,other
190173,0.0225,0.2445,-0.7208,3.5215,-2.2168,-24.127,other
190196,-0.0543,0.226,-0.6683,6.2812,-0.2344,-22.1035,other
190219,-0.0455,0.2444,-0.7019,7.9883,1.5176,-18.5469,other
190242,-0.0668,0.2808,-0.7603,9.6387,4.0078,-11.0625,other
190265,-0.0732,0.3232,-0.7695,9.7031,5.0566,-5.5742,other
190288,-0.0891,0.365,-0.7809,7.7852,5.1523,1.8379,other
190311,-0.078,0.4313,-0.7772,5.1562,4.1523,6.5371,other
190334,-0.0038,0.4768,-0.8286,-0.3477,1.3262,8.5273,other
190357,0.0504,0.4299,-0.9987,-6.8437,-2.5,8.2168,other
190380,0.0686,0.3853,-0.9841,-11.2324,-5.2695,6.3008,other
190403,0.0918,0.3672,-0.8828,-17.0605,-9.1562,1.457,other
190426,0.0393,0.3508,-0.7634,-19.8477,-11.166,-2.5508,other
190449,0.0793,0.3461,-0.6324,-21.4844,-12.709,-8.666,other
190472,0.087,0.3429,-0.6361,-19.8242,-12.2871,-13.752,other
190495,0.1053,0.3353,-0.7594,-17.4121,-11.1445,-16.0605,other
190518,0.02,0.3787,-1.0508,-13.5254,-8.7461,-17.3672,other
190541,-0.0392,0.4114,-0.777,-11.6523,-6.8613,-16.668,other
190564,0.0341,0.3944,-0.7811,-10.4863,-3.3789,-13.5156,other
190587,0.0688,0.4124,-0.7759,-11.1035,0.8887,-8.7051,other
190610,0.0559,0.4266,-0.7633,-12.2227,3.8633,-5.1875,other
190633,0.0238,0.4352,-0.7684,-14.4902,7.9883,-0.3281,other
190656,-0.0186,0.4316,-0.7876,-16.1641,10.4746,2.2246,other
190679,0.1505,0.4094,-0.7534,-18.6602,14.1211,4.6289,other
190702,0.0847,0.4017,-0.7573,-20.2656,16.4277,5.3203,other
190725,-0.0101,0.4237,-0.8202,-22.6074,19.2461,4.9824,other
190748,0.0455,0.4412,-0.7253,-24.8379,20.9688,3.6387,other
190771,0.1605,0.4276,-0.7579,-26.1504,21.0977,2.4512,other
190794,0.0551,0.4652,-0.7333,-27.5781,18.9746,0.6484,other
190817,0.0582,0.4681,-0.791,-28.0,16.0098,-0.4297,other
190840,0.033,0.4547,-0.752,-27.6348,10.0703,-1.8145,other
190863,-0.0023,0.4749,-0.6683,-26.0234,3.8223,-2.9609,other
190886,0.0481,0.4789,-0.665,-24.2988,0.2812,-3.5781,other
190909,0.0697,0.4818,-0.754,-20.8477,-3.2168,-4.1016,other
190932,0.1135,0.5609,-0.7925,-18.0449,-4.0742,-4.0234,other
190955,-0.0035,0.5751,-0.7535,-13.2969,-3.2344,-3.1094,bite
190978,0.0143,0.5021,-0.6163,-8.4375,-0.6992,-1.2988,bite
191001,0.0238,0.4541,-0.6538,-5.5918,1.1348,0.2676,bite
191024,-0.025,0.4762,-0.6931,-2.4336,3.2246,2.7832,bite
191047,0.0895,0.4835,-0.7723,-1.0586,4.1113,4.2012,bite
191070,0.2347,0.4788,-0.9193,0.4512,4.8066,5.0684,bite
191093,0.3063,0.4689,-0.9972,1.5781,4.8379,3.5762,bite
191116,0.1431,0.4528,-0.906,4.5176,4.459,1.2598,bite
191139,0.0781,0.4077,-0.7778,10.3398,4.8242,-3.332,bite
191162,0.0995,0.3173,-0.7664,16.3379,6.3945,-6.3984,bite
191185,0.1407,0.2399,-0.7563,28.2754,11.3477,-9.8789,bite
191208,0.186,0.1677,-0.6995,37.4688,16.0547,-11.0254,bite
191231,0.1747,0.11,-0.6425,51.2891,23.9023,-10.7051,bite
191254,0.1113,0.1083,-0.5702,62.9121,31.2344,-7.9492,bite
191277,0.0924,0.1349,-0.6525,63.998,35.4531,-4.8457,bite
191300,0.2303,0.1703,-0.8229,63.998,40.7012,1.4316,bite
191323,0.3257,0.2352,-1.0009,63.998,43.3184,6.4062,bite
191346,0.376,0.2479,-1.0638,63.998,45.3887,14.4668,bite
191369,0.3586,0.2427,-1.0687,53.8438,44.9277,22.5781,bite
191392,0.3058,0.222,-0.9767,45.4316,43.4375,27.7012,bite
191415,0.3096,0.1895,-0.8649,33.6973,40.3242,34.5801,bite
191438,0.3596,0.16,-0.8315,27.75,38.1992,38.4141,bite
191461,0.3864,0.1243,-0.8962,22.9082,35.3887,42.7031,bite
191484,0.4091,0.0909,-0.9562,22.4746,33.0273,45.0547,bite
191507,0.451,0.0739,-0.9456,25.332,31.6074,45.6191,bite
191530,0.4471,0.0677,-0.8726,31.1934,29.5508,45.3535,bite
191553,0.5121,0.0404,-0.8728,36.1289,28.1582,44.7402,bite
191576,0.6035,-0.0085,-0.9838,44.1387,25.8633,43.6387,bite
191599,0.588,-0.041,-1.0023,49.3164,23.9883,42.9863,bite
191622,0.5648,-0.0671,-0.9744,56.0762,20.4004,42.4902,bite
191645,0.5156,-0.1082,-0.9283,61.3223,16.0586,43.0781,bite
191668,0.4469,-0.126,-0.7982,63.998,13.1191,44.3398,bite
191691,0.3816,-0.1868,-0.8005,63.998,9.4668,47.7559,bite
191714,0.4431,-0.2633,-0.8777,63.998,7.9316,51.002,bite
191737,0.5303,-0.3016,-0.9248,63.998,7.0937,56.8164,bite
191760,0.5773,-0.3269,-0.876,63.998,7.4277,62.75,bite
191783,0.5796,-0.3678,-0.8064,63.998,7.9434,63.998,bite
191806,0.6127,-0.4089,-0.7749,63.998,8.9941,63.998,bite
191829,0.5781,-0.4469,-0.7769,63.998,9.9238,63.998,bite
191852,0.5424,-0.4963,-0.7599,63.998,11.7812,63.998,bite
191875,0.5892,-0.5548,-0.7617,63.998,14.3184,63.998,bite
191898,0.6051,-0.5624,-0.6475,63.998,16.4102,63.998,bite
191921,0.4735,-0.588,-0.5865,63.998,20.1895,63.998,bite
191944,0.3798,-0.6268,-0.5365,63.998,23.2559,63.998,bite
191967,0.3483,-0.6403,-0.4622,63.998,28.9395,63.998,other
191990,0.3805,-0.6412,-0.5305,63.998,33.5117,63.998,other
192013,0.3103,-0.6367,-0.5535,61.4004,41.2285,63.998,other
192036,0.197,-0.6237,-0.5104,57.2871,49.1973,63.998,other
192059,0.1162,-0.6587,-0.4978,53.5898,54.2207,63.998,other
192082,0.0937,-0.7009,-0.4877,46.5488,60.8105,63.998,other
192105,0.1134,-0.6919,-0.4636,40.8828,63.998,63.998,other
192128,0.1332,-0.6753,-0.527,31.0137,63.998,63.998,other
192151,0.1963,-0.6985,-0.7263,19.5625,63.998,63.998,other
192174,0.252,-0.7065,-0.7842,11.1035,63.998,63.998,other
192197,0.2649,-0.7128,-0.7653,-2.3398,62.4082,63.998,other
192220,0.2628,-0.7295,-0.7561,-11.2109,57.7305,63.998,other
192243,0.2032,-0.7308,-0.6517,-23.0664,49.3809,63.998,other
192266,0.2657,-0.7377,-0.6866,-31.793,40.6973,63.998,other
192289,0.262,-0.7448,-0.6958,-35.4492,35.2168,63.998,other
192312,0.2057,-0.7554,-0.6593,-37.7383,27.8281,54.1934,other
192335,0.1804,-0.7614,-0.7086,-37.4316,23.6113,47.1016,other
192358,0.2386,-0.757,-0.7449,-35.002,18.4219,38.502,other
192381,0.2532,-0.7651,-0.6788,-32.5391,15.5918,32.0313,other
192404,0.2107,-0.7719,-0.6587,-28.1855,11.9824,28.9102,other
192427,0.1732,-0.7566,-0.6234,-23.5215,8.9609,25.334,other
192450,0.1154,-0.733,-0.6389,-20.4473,7.2773,23.6309,other
192473,0.1602,-0.7004,-0.7219,-16.2051,5.3145,21.748,other
192496,0.2312,-0.6443,-0.7622,-13.8066,4.3203,20.6602,other
192519,0.1523,-0.678,-0.9652,-10.9941,3.082,18.791,other
192542,0.3035,-0.5659,-0.6873,-8.8555,1.9902,16.3477,other
192565,0.0438,-0.642,-0.6315,-7.375,1.2129,14.4297,other
192588,-0.0308,-0.6506,-0.4711,-4.5996,0.0508,11.2969,other
192611,0.0665,-0.7059,-0.7485,-2.4922,-0.666,8.9551,other
192634,0.2185,-0.6173,-0.8033,0.1836,-2.4004,4.3633,other
192657,0.2103,-0.5632,-0.8318,1.2207,-6.5137,-2.6387,other
192680,0.1042,-0.5677,-0.782,0.8027,-11.0918,-9.0527,other
192703,0.0802,-0.6151,-0.6904,-1.1602,-20.2988,-21.3477,other
192726,0.0529,-0.6346,-0.5377,-3.0117,-27.3516,-31.2188,other
192749,0.0485,-0.5966,-0.4823,-6.1836,-38.3203,-48.1855,other
192772,0.0961,-0.5405,-0.5243,-8.627,-45.6855,-64.0,other
192795,0.1255,-0.462,-0.5471,-13.5371,-57.0723,-64.0,other
192818,0.1975,-0.4268,-0.6437,-21.2363,-64.0,-64.0,other
192841,0.3307,-0.4148,-0.7386,-28.5137,-64.0,-64.0,other
192864,0.4437,-0.425,-0.7957,-42.8574,-64.0,-64.0,other
192887,0.4893,-0.4474,-0.859,-54.2832,-64.0,-64.0,other
192910,0.4579,-0.4174,-0.8269,-64.0,-64.0,-64.0,other
192933,0.4321,-0.3787,-0.8733,-64.0,-64.0,-64.0,other
192956,0.4185,-0.3364,-0.8993,-64.0,-64.0,-64.0,other
192979,0.285,-0.3308,-0.9172,-64.0,-64.0,-64.0,other
193002,0.1331,-0.3306,-0.8273,-64.0,-64.0,-64.0,other
193025,0.1345,-0.316,-0.6693,-64.0,-59.6211,-64.0,other
193048,0.3156,-0.3638,-0.7598,-64.0,-31.3906,-64.0,other
193071,0.4501,-0.3477,-0.7968,-50.7969,-12.8242,-64.0,other
193094,0.5063,-0.2924,-0.7886,-24.1348,10.2012,-43.127,other
193117,0.6219,-0.3008,-1.0505,-8.1953,20.1621,-31.7871,other
193140,0.6475,-0.2905,-1.2937,9.248,24.8379,-21.2148,other
193163,0.5258,-0.2821,-1.2706,15.1797,17.0645,-18.1094,other
193186,0.3768,-0.2566,-1.0819,15.4668,7.584,-19.0059,other
193209,0.363,-0.2629,-1.069,8.3652,-9.6777,-22.1426,other
193232,0.3704,-0.2646,-1.0386,1.9102,-20.0313,-23.9707,other
193255,0.308,-0.2717,-0.9542,-6.9375,-30.332,-24.5781,other
193278,0.2628,-0.2915,-0.9032,-10.8027,-32.707,-23.0762,other
193301,0.229,-0.2756,-0.7833,-12.2363,-29.5098,-17.9688,other
193324,0.2296,-0.2611,-0.7839,-8.4844,-19.9805,-10.3008,other
193347,0.1851,-0.277,-0.8879,-3.9199,-11.6758,-4.541,other
193370,0.2147,-0.2618,-0.9739,3.7754,0.9375,3.6934,other
193393,0.2222,-0.2598,-0.9449,8.0312,7.877,8.1309,other
193416,0.2368,-0.2601,-0.8741,11.3066,14.2012,12.2012,other
193439,0.2844,-0.2874,-0.8881,10.1309,15.1172,12.666,other
193462,0.3441,-0.3002,-0.8943,7.0684,13.1699,11.0391,other
193485,0.4072,-0.3184,-1.0786,-0.127,7.5781,6.2129,other
193508,0.3942,-0.3184,-1.0466,-6.1172,2.6543,1.8711,other
193531,0.3162,-0.2875,-0.8981,-15.6719,-5.4668,-5.2324,other
193554,0.2186,-0.276,-0.8824,-21.4766,-12.5937,-11.4766,other
193577,0.1978,-0.2601,-0.9077,-27.8926,-15.7891,-14.3789,other
193600,0.2279,-0.2491,-0.9061,-30.7656,-17.6836,-16.2109,other
193623,0.2488,-0.2284,-0.9181,-30.7656,-17.2754,-15.7578,other
193646,0.2394,-0.2151,-0.9219,-28.5273,-15.0781,-13.0645,other
193669,0.2317,-0.2091,-0.9229,-26.0469,-13.0703,-10.3613,other
193692,0.2502,-0.2107,-0.9386,-21.6934,-9.9141,-5.75,other
193715,0.2722,-0.2168,-0.9349,-17.3691,-7.1816,-1.3223,other
193738,0.2673,-0.2281,-0.9366,-14.7695,-5.8359,1.1719,other
193761,0.2483,-0.2361,-0.9299,-11.3926,-4.6641,3.9512,other
193784,0.2189,-0.2416,-0.8784,-9.4316,-4.4004,5.1602,other
193807,0.1945,-0.2413,-0.8441,-6.709,-4.4805,6.1836,other
193830,0.187,-0.2502,-0.8513,-4.0723,-4.6035,6.5645,other
193853,0.2134,-0.2612,-0.8997,-2.3984,-4.4824,6.5996,other
193876,0.2391,-0.2593,-0.8995,-0.2598,-3.957,6.4121,other
193899,0.2375,-0.2582,-0.8981,0.7559,-3.4902,6.1348,other
193922,0.2341,-0.2603,-0.9344,1.4922,-2.832,5.498,other
193945,0.2335,-0.2515,-0.9047,1.4336,-2.4277,4.666,other
193968,0.2096,-0.2371,-0.8695,0.666,-2.3301,4.0664,other
193991,0.1945,-0.2356,-0.8499,-0.5664,-2.3301,3.2168,other
194014,0.2117,-0.2413,-0.8649,-1.457,-2.334,2.7324,other
194037,0.2205,-0.2463,-0.8934,-2.748,-2.2637,2.123,other
194060,0.2219,-0.2511,-0.9164,-3.5801,-2.207,1.7617,other
194083,0.2216,-0.2477,-0.9277,-4.8594,-2.2109,1.2188,other
194106,0.2213,-0.2355,-0.911,-6.2051,-2.3457,0.6543,other
194129,0.2209,-0.2394,-0.9399,-7.0957,-2.459,0.2773,other
194152,0.222,-0.2335,-0.9255,-8.3047,-2.6016,-0.2461,other
194175,0.2052,-0.2277,-0.8917,-8.9395,-2.6562,-0.5449,other
194198,0.2041,-0.2235,-0.8939,-9.4668,-2.6172,-0.9004,other
194221,0.2223,-0.2219,-0.9132,-9.3809,-2.3691,-1.1758,other
194244,0.2346,-0.2224,-0.9336,-9.0059,-2.1152,-1.3652,other
194267,0.2312,-0.2283,-0.9169,-8.0742,-1.7363,-1.7363,other
194290,0.2045,-0.2299,-0.8779,-7.2656,-1.5391,-2.0645,other
194313,0.1982,-0.2294,-0.8594,-5.8437,-1.2852,-2.6406,other
194336,0.2299,-0.2288,-0.8839,-4.2871,-0.9336,-3.2559,other
194359,0.2583,-0.2289,-0.9227,-3.2988,-0.6211,-3.668,other
194382,0.2513,-0.2268,-0.9362,-2.1211,-0.1055,-4.2871,other
194405,0.2363,-0.2312,-0.9348,-1.6289,0.2207,-4.6855,other
194428,0.2372,-0.2362,-0.9138,-1.3223,0.623,-5.2148,other
194451,0.2339,-0.2405,-0.8777,-1.3047,0.8242,-5.9863,other
194474,0.2284,-0.2474,-0.8698,-1.3164,1.0605,-5.7285,other
194497,0.2341,-0.2532,-0.8853,-1.168,1.252,-5.748,other
194520,0.2394,-0.2561,-0.8959,-0.9766,1.3398,-5.6406,other
194543,0.2471,-0.2515,-0.8964,-0.6621,1.3574,-5.3301,other
194566,0.2502,-0.245,-0.8794,-0.5156,1.2871,-5.0391,other
194589,0.2474,-0.2449,-0.8721,-0.4824,1.1289,-4.498,other
194612,0.2539,-0.2401,-0.8799,-0.7344,1.0273,-3.8555,other
194635,0.2548,-0.2366,-0.9082,-1.0996,1.0313,-3.3789,other
194658,0.2506,-0.2262,-0.9238,-2.0039,1.1348,-2.6016,other
194681,0.2495,-0.2162,-0.9312,-2.8457,1.2441,-2.0488,other
194704,0.2411,-0.2131,-0.9362,-4.3555,1.3945,-1.1895,other
194727,0.2372,-0.2135,-0.9194,-5.875,1.4453,-0.3457,other
194750,0.2325,-0.2206,-0.8938,-6.6836,1.4023,0.166,other
194773,0.2263,-0.2313,-0.8766,-7.2891,1.2852,0.7656,other
194796,0.234,-0.2333,-0.8838,-7.1855,1.2363,1.0078,other
194819,0.236,-0.2313,-0.8979,-6.2969,1.2637,1.082,other
194842,0.2584,-0.2339,-0.9152,-5.3496,1.3086,0.7852,other
194865,0.2411,-0.226,-0.8811,-3.7168,1.2813,0.4062,other
194888,0.2258,-0.2279,-0.8665,-2.1719,1.082,-0.3437,other
194911,0.244,-0.2238,-0.8749,-1.3301,0.9121,-0.8945,other
194934,0.2844,-0.2354,-0.9435,-0.5078,0.6836,-1.7207,other
194957,0.298,-0.2506,-0.963,-0.3281,0.5078,-2.2539,other
194980,0.287,-0.2576,-0.9181,-0.6016,0.0879,-3.0039,other
195003,0.2539,-0.2544,-0.8643,-1.2246,-0.4863,-3.584,other
195026,0.2314,-0.2513,-0.824,-1.584,-0.8203,-3.7793,other
195049,0.2228,-0.2439,-0.8267,-1.7734,-0.998,-3.6641,other
195072,0.2534,-0.2419,-0.8748,-1.6602,-0.8359,-3.3047,other
195095,0.2825,-0.2395,-0.9261,-1.3809,-0.2754,-2.4551,other
195118,0.2651,-0.2351,-0.9287,-1.375,0.3477,-1.4805,other
195141,0.2417,-0.2305,-0.9083,-1.666,0.6523,-0.8789,other
195164,0.238,-0.2311,-0.8984,-2.5078,0.8867,-0.1523,other
195187,0.2473,-0.2336,-0.8839,-3.2305,0.9004,0.1836,other
195210,0.266,-0.2347,-0.8965,-4.332,0.7227,0.4297,other
195233,0.2681,-0.234,-0.9076,-4.9746,0.4727,0.3437,other
195256,0.2542,-0.2272,-0.9025,-5.6973,-0.0977,0.1211,other
195279,0.2533,-0.2281,-0.9037,-6.0605,-0.8262,-0.3789,other
195302,0.2395,-0.2303,-0.8888,-6.0859,-1.3184,-0.7637,other
195325,0.2329,-0.2319,-0.8796,-5.8086,-1.9336,-1.3184,other
195348,0.2584,-0.2324,-0.8776,-5.4512,-2.1934,-1.6387,other
195371,0.2924,-0.2344,-0.9076,-4.7695,-2.332,-2.0332,other
195394,0.2836,-0.2396,-0.9417,-4.1035,-2.2559,-2.3594,other
195417,0.2476,-0.2323,-0.876,-3.748,-2.1465,-2.5371,other
195440,0.2299,-0.2306,-0.8744,-3.334,-1.9063,-2.6934,other
195463,0.2346,-0.2294,-0.8582,-3.0781,-1.6641,-2.6934,other
195486,0.2499,-0.2363,-0.8878,-2.6387,-1.168,-2.5488,other
195509,0.2671,-0.2386,-0.8975,-2.1953,-0.6191,-2.332,other
195532,0.2743,-0.2356,-0.9014,-1.9746,-0.3105,-2.2187,other
195555,0.2715,-0.2373,-0.9093,-1.8613,-0.0449,-2.1699,other
195578,0.2664,-0.2406,-0.9058,-1.9531,-0.0156,-2.2305,other
195601,0.2531,-0.2413,-0.8816,-2.2891,-0.1328,-2.4199,other
195624,0.2474,-0.2363,-0.8539,-2.5762,-0.3008,-2.6289,other
195647,0.2556,-0.2368,-0.8677,-2.9941,-0.3691,-2.7324,other
195670,0.2802,-0.2367,-0.8992,-3.3809,-0.3672,-2.7988,other
195693,0.2805,-0.235,-0.9285,-3.6719,-0.3164,-2.791,other
195716,0.264,-0.2281,-0.9106,-4.2441,-0.2344,-2.7129,other
195739,0.2518,-0.2255,-0.8861,-4.7129,-0.1914,-2.6094,other
195762,0.2501,-0.2266,-0.874,-5.4375,-0.0977,-2.3672,other
195785,0.2649,-0.2228,-0.8752,-6.043,0.1035,-2.0371,other
195808,0.287,-0.2273,-0.9022,-6.3398,0.3008,-1.8047,other
195831,0.2937,-0.2244,-0.9242,-6.6621,0.6074,-1.5098,other
195854,0.2725,-0.2196,-0.9252,-6.834,0.7441,-1.373,other
195877,0.2543,-0.2117,-0.8937,-7.0508,0.7832,-1.2383,other
195900,0.2502,-0.2142,-0.8785,-7.1328,0.6602,-1.1113,other
195923,0.2557,-0.2189,-0.8748,-7.0527,0.5371,-1.0059,other
195946,0.2717,-0.2184,-0.8826,-6.7109,0.3516,-0.8359,other
195969,0.2913,-0.2224,-0.913,-6.375,0.2441,-0.7441,other
195992,0.2921,-0.2202,-0.9174,-5.8359,0.0937,-0.6973,other
196015,0.2632,-0.2169,-0.8943,-5.0117,-0.0723,-0.7617,other
196038,0.2584,-0.2175,-0.88,-5.1016,-0.166,-0.8301,other
196061,0.2659,-0.219,-0.8682,-4.7324,-0.2168,-0.9023,other
196084,0.2618,-0.2186,-0.8727,-4.4902,-0.166,-0.9121,other
196107,0.2842,-0.2196,-0.8911,-4.1641,0.0449,-0.8652,other
196130,0.2958,-0.2197,-0.9127,-4.0195,0.2441,-0.8145,other
196153,0.2739,-0.2139,-0.8992,-3.9961,0.5215,-0.7461,other
196176,0.2681,-0.2106,-0.8834,-4.2227,0.6992,-0.6914,other
196199,0.2693,-0.2101,-0.8912,-4.4727,0.752,-0.6543,other
196222,0.2726,-0.2096,-0.8966,-4.916,0.7441,-0.5957,other
196245,0.2892,-0.2078,-0.9022,-5.2109,0.6895,-0.5645,other
196268,0.2809,-0.21,-0.9078,-5.5957,0.5312,-0.5566,other
196291,0.2593,-0.2083,-0.8982,-5.834,0.2754,-0.6055,other
196314,0.2593,-0.2039,-0.8848,-5.8691,0.0781,-0.6562,other
196337,0.2677,-0.2075,-0.8829,-5.6992,-0.1914,-0.748,other
196360,0.288,-0.2117,-0.8846,-5.4434,-0.3281,-0.8301,other
196383,0.3123,-0.2159,-0.8899,-4.9043,-0.4668,-1.0215,other
196406,0.3024,-0.2156,-0.8848,-4.2969,-0.5781,-1.3223,other
196429,0.2802,-0.2161,-0.8937,-3.9121,-0.6543,-1.5625,other
196452,0.2649,-0.2139,-0.8827,-3.4375,-0.7441,-1.8906,other
196475,0.272,-0.2079,-0.8798,-3.2129,-0.7656,-2.0371,other
196498,0.2908,-0.2133,-0.8966,-3.0371,-0.7207,-2.1016,other
196521,0.2992,-0.2131,-0.8987,-3.041,-0.6602,-2.0508,other
196544,0.2893,-0.2133,-0.8971,-3.2227,-0.5898,-1.8789,other
196567,0.2769,-0.2091,-0.8834,-3.5605,-0.5937,-1.6172,other
196590,0.2611,-0.207,-0.8755,-3.8203,-0.6426,-1.3984,other
196613,0.2654,-0.207,-0.8698,-4.1855,-0.7539,-1.0137,other
196636,0.2897,-0.208,-0.894,-4.3926,-0.832,-0.7422,other
196659,0.2957,-0.2076,-0.9023,-4.6777,-0.957,-0.377,other
196682,0.2784,-0.2052,-0.8936,-4.9746,-1.0957,-0.125,other
196705,0.2715,-0.204,-0.8875,-5.1875,-1.1777,-0.0234,other
196728,0.274,-0.2079,-0.885,-5.498,-1.2559,0.0488,other
196751,0.2949,-0.2078,-0.8927,-5.6836,-1.2637,0.0625,other
196774,0.2823,-0.2169,-0.9004,-5.9102,-1.2129,0.0488,other
196797,0.2888,-0.2152,-0.8917,-6.084,-1.0742,0.0273,other
196820,0.2729,-0.2032,-0.8815,-6.1641,-0.9238,0.0391,other
196843,0.2722,-0.1953,-0.8894,-6.209,-0.5996,0.1406,other
196866,0.2888,-0.2035,-0.9144,-6.1855,-0.3145,0.2871,other
196889,0.3049,-0.2051,-0.9122,-6.084,0.1719,0.6055,other
196912,0.3082,-0.1992,-0.8955,-5.959,0.4668,0.9746,other
196935,0.2977,-0.1875,-0.8729,-5.5957,0.7012,1.2148,other
196958,0.2731,-0.1838,-0.8916,-4.9043,0.5391,1.5371,other
196981,0.2655,-0.1885,-0.9207,-4.2461,0.2012,1.7305,other
197004,0.2875,-0.1991,-0.9633,-3.041,-0.5723,1.9727,other
197027,0.2766,-0.2018,-0.9221,-2.1406,-1.2129,2.0801,other
197050,0.2544,-0.2102,-0.8735,-0.6348,-2.2324,2.1133,other
197073,0.2445,-0.2228,-0.8447,1.168,-3.0566,1.9727,other
197096,0.2609,-0.2333,-0.8235,2.5645,-3.3691,1.7813,other
197119,0.3003,-0.2456,-0.8375,4.834,-3.416,1.3203,other
197142,0.3318,-0.2604,-0.8662,6.3008,-3.2227,0.873,other
197165,0.3231,-0.2598,-0.8522,8.0605,-2.8008,0.0,other
197188,0.282,-0.26,-0.8414,8.9043,-2.4004,-0.9766,other
197211,0.2657,-0.26,-0.8694,8.8086,-2.1543,-1.5449,other
197234,0.2825,-0.2599,-0.9166,7.5625,-1.7949,-2.0781,other
197257,0.2869,-0.2468,-0.9432,5.9941,-1.6152,-2.166,other
197280,0.2604,-0.2351,-0.9467,2.6816,-1.6309,-1.8984,other
197303,0.2485,-0.222,-0.901,0.0371,-2.4316,-1.2207,other
197326,0.2356,-0.2167,-0.8634,-4.0527,-2.8242,-0.6016,other
197349,0.2476,-0.2172,-0.8566,-7.6172,-4.0547,0.4277,other
197372,0.2653,-0.2128,-0.8658,-9.4492,-4.9492,1.0723,other
197395,0.2582,-0.2103,-0.891,-11.3027,-6.3047,1.7871,other
197418,0.2626,-0.205,-0.9031,-12.0293,-7.1641,2.0293,other
197441,0.2507,-0.198,-0.9036,-12.5879,-8.2539,2.0176,other
197464,0.2356,-0.1851,-0.8929,-12.7227,-8.8672,1.6367,other
197487,0.2401,-0.1891,-0.9282,-12.6406,-8.8887,1.25,other
197510,0.238,-0.1875,-0.9257,-12.293,-8.3047,0.5742,other
197533,0.2323,-0.1957,-0.9095,-11.9121,-7.543,0.1016,other
197556,0.2341,-0.207,-0.8912,-11.0566,-5.9844,-0.6094,other
197579,0.2375,-0.2115,-0.8807,-9.8008,-4.1816,-1.3242,other
197602,0.2435,-0.2141,-0.9025,-8.7559,-2.9902,-1.8203,other
197625,0.2559,-0.2147,-0.9314,-7.0156,-1.3789,-2.623,other
197648,0.2433,-0.2123,-0.9105,-5.8594,-0.4922,-3.207,other
197671,0.2441,-0.205,-0.8881,-4.2812,0.4648,-4.127,other
197694,0.264,-0.204,-0.8921,-3.3711,0.8926,-5.043,other
197717,0.2804,-0.2013,-0.9097,-2.2402,0.8555,-5.6152,other
197740,0.278,-0.2046,-0.9342,-1.4219,0.334,-6.377,other
197763,0.2629,-0.1995,-0.9139,-1.0449,-0.2656,-6.7832,other
197786,0.2461,-0.1992,-0.8929,-0.6445,-1.3398,-7.1719,other
197809,0.2229,-0.2017,-0.8892,-0.4004,-2.0156,-7.2402,other
197832,0.2228,-0.207,-0.8986,0.0645,-2.6992,-7.0332,other
197855,0.2675,-0.2145,-0.9152,0.7031,-2.8437,-6.543,other
197878,0.2802,-0.2181,-0.9254,1.2031,-2.6992,-6.1777,other
197901,0.2535,-0.2197,-0.8977,2.0254,-2.3281,-5.7539,other
197924,0.2505,-0.2272,-0.877,2.6191,-2.0371,-5.6016,other
197947,0.2509,-0.234,-0.8787,3.584,-1.5742,-5.5645,other
197970,0.2572,-0.2366,-0.8854,4.5781,-1.1367,-5.709,other
197993,0.2673,-0.222,-0.8749,5.1836,-0.9199,-5.8711,other
198016,0.2404,-0.2391,-0.9384,5.8613,-0.7793,-6.1543,other
198039,0.2794,-0.2584,-0.9427,6.0684,-0.8125,-6.3184,other
198062,0.3065,-0.2311,-0.8713,5.9609,-0.9883,-6.4512,other
198085,0.2722,-0.2269,-0.8325,5.6836,-1.1602,-6.3848,other
198108,0.2638,-0.2152,-0.8055,5.0723,-1.1875,-6.1855,other
198131,0.3097,-0.2151,-0.8866,4.0156,-1.1484,-5.6562,other
198154,0.2103,-0.2075,-0.8463,2.7285,-1.2129,-5.2324,other
198177,0.1713,-0.1763,-0.771,-0.6445,-1.5098,-4.6582,other
198200,0.2705,-0.1467,-0.7822,-4.0488,-1.6328,-4.416,other
198223,0.3245,-0.1167,-0.8477,-11.0508,-1.3164,-4.5332,other
198246,0.3236,-0.0734,-0.9161,-20.4785,-0.7441,-5.5937,other
198269,0.2883,-0.0544,-0.9484,-28.1035,-0.7285,-6.9316,other
198292,0.24,-0.0175,-0.8982,-41.1504,-1.8242,-9.7305,other
198315,0.2743,0.0233,-0.9318,-50.4551,-3.2129,-11.8984,other
198338,0.2582,0.0098,-0.9976,-64.0,-5.6582,-15.1758,other
198361,0.262,0.0397,-0.8929,-64.0,-8.1113,-18.1074,other
198384,0.2334,0.0829,-0.8511,-64.0,-9.7559,-19.752,other
198407,0.1061,0.1106,-0.8676,-64.0,-12.2637,-21.6934,other
198430,0.1257,0.1038,-1.0713,-64.0,-13.8711,-22.6172,other
198453,0.2102,0.2095,-0.9591,-64.0,-16.0293,-23.5352,other
198476,0.1241,0.1644,-0.8448,-64.0,-17.9688,-24.0684,other
198499,0.0656,0.196,-0.8584,-64.0,-19.2227,-24.2715,other
198522,0.0656,0.2169,-0.8278,-64.0,-21.1816,-24.334,other
198545,0.1134,0.2306,-0.859,-64.0,-22.5488,-24.2031,other
198568,0.1622,0.2395,-0.811,-64.0,-24.5977,-23.7324,other
198591,0.1478,0.2665,-0.8643,-64.0,-25.7168,-22.6973,other
198614,0.0842,0.2773,-0.8613,-57.2871,-26.2422,-21.9258,other
198637,0.0635,0.2377,-0.9612,-46.918,-24.834,-20.0469,other
198660,0.183,0.2555,-0.826,-41.1777,-23.2422,-18.5566,other
198683,0.0159,0.2565,-0.7758,-35.1465,-21.2207,-16.1367,other
198706,0.0538,0.3167,-0.7778,-32.8711,-20.4043,-14.4531,other
198729,0.1046,0.3533,-0.7845,-31.541,-19.6074,-11.9434,other
198752,0.1528,0.3596,-0.9307,-31.8008,-18.5234,-9.7715,other
198775,0.0582,0.3577,-0.902,-32.4004,-17.1621,-8.6992,other
198798,0.0533,0.3303,-0.778,-33.5273,-13.6914,-7.752,other
198821,0.1276,0.3491,-0.7938,-34.4238,-10.5879,-7.498,other
198844,0.0685,0.3926,-0.7864,-36.2148,-5.6406,-7.498,other
198867,0.0804,0.4263,-0.7682,-38.7539,-1.1523,-7.7246,other
198890,0.1072,0.4282,-0.769,-40.8906,1.4121,-7.9043,other
198913,0.0953,0.4377,-0.7809,-44.7129,4.6914,-8.1309,other
198936,0.0725,0.4276,-0.7303,-47.6152,6.5527,-8.2422,other
198959,0.0706,0.4437,-0.7148,-52.3945,8.4961,-8.3672,other
198982,0.0648,0.4851,-0.6744,-55.7637,8.8574,-8.4746,other
199005,0.0421,0.5221,-0.656,-60.7363,7.7363,-8.5371,other
199028,0.0408,0.5481,-0.583,-64.0,4.9082,-8.6172,other
199051,0.0409,0.5471,-0.6575,-64.0,2.3594,-8.6719,other
199074,0.0283,0.5437,-0.5677,-64.0,-1.8516,-8.7598,other
199097,0.0935,0.5662,-0.5452,-64.0,-4.5957,-8.7949,other
199120,0.0504,0.5892,-0.6066,-64.0,-8.1836,-8.6777,other
199143,0.0675,0.5985,-0.6455,-64.0,-9.8633,-8.2617,other
199166,0.1155,0.6001,-0.5994,-63.3887,-8.875,-7.8398,other
199189,0.0398,0.6235,-0.5929,-58.3125,-3.1797,-7.1484,other
199212,0.0723,0.634,-0.5519,-54.4688,3.2734,-6.7695,other
199235,0.0829,0.6163,-0.6223,-48.5488,15.0078,-6.5098,other
199258,0.0674,0.6165,-0.5697,-43.0527,25.5605,-6.7441,other
199281,0.0757,0.6271,-0.4575,-39.8594,30.0605,-7.1855,other
199304,0.0458,0.6393,-0.5236,-35.9063,31.584,-8.1621,other
199327,0.0375,0.642,-0.5367,-33.7773,29.3398,-8.9023,other
199350,0.0731,0.6349,-0.5063,-31.1055,22.791,-9.8633,other
199373,0.1034,0.6115,-0.4849,-29.4805,14.5527,-10.3047,other
199396,0.0817,0.6599,-0.4976,-26.9434,10.2207,-10.1875,other
199419,0.0742,0.6949,-0.5669,-23.9238,5.1934,-9.373,other
199442,0.0941,0.6498,-0.5515,-21.4922,3.748,-8.4668,other
199465,0.068,0.6431,-0.4764,-17.1484,4.543,-6.7324,other
199488,0.1036,0.6809,-0.5365,-13.8145,6.7285,-5.4199,other
199511,0.1072,0.6526,-0.5603,-8.2891,11.6328,-3.2988,other
199534,0.1215,0.6029,-0.637,-2.3477,17.2715,-0.9766,other
199557,0.089,0.604,-0.6064,1.6895,20.7051,0.7031,other
199580,0.061,0.6173,-0.4928,7.6562,24.2852,3.4355,other
199603,0.0658,0.6359,-0.401,11.502,25.043,5.4297,other
199626,0.1301,0.6056,-0.5621,17.125,23.1895,8.8672,other
199649,0.2085,0.5552,-0.6205,22.8926,18.3281,13.2246,other
199672,0.2623,0.5239,-0.6138,27.0176,14.2676,16.8203,other
199695,0.2727,0.5281,-0.6234,33.7637,8.416,23.1738,other
199718,0.2299,0.5725,-0.8047,38.5605,5.3027,27.7324,other
199741,0.3087,0.5326,-1.1617,45.9063,2.4473,34.1328,other
199764,0.3131,0.5615,-1.0358,50.7871,2.2695,38.8789,other
199787,0.3264,0.5291,-0.7069,58.5371,4.0645,40.7617,other
199810,0.3291,0.4877,-0.5148,63.998,10.6738,41.668,other
199833,0.2917,0.3787,-0.6698,63.998,18.1016,41.2012,other
199856,0.3557,0.3104,-0.7887,63.998,33.0859,39.2734,other
199879,0.5476,0.234,-0.7285,63.998,44.3555,37.1621,other
199902,0.64,0.147,-0.5914,63.998,60.3613,32.3223,other
199925,0.6077,0.0591,-0.5258,63.998,63.998,25.0547,other
199948,0.5364,0.0271,-0.6323,63.998,63.998,19.0176,other
199971,0.4749,0.041,-0.7251,63.998,63.998,9.1152,bite
199994,0.4448,0.0297,-0.7598,63.998,63.998,2.6719,bite
200017,0.4408,0.0591,-0.7019,63.998,63.998,-5.6211,bite
200040,0.4539,0.0708,-0.7841,63.998,58.0918,-11.3437,bite
200063,0.4407,0.1272,-0.7722,62.6953,48.6914,-13.459,bite
200086,0.3164,0.2145,-0.6849,43.2227,33.7852,-13.9648,bite
200109,0.2941,0.2463,-0.7369,30.4609,24.2266,-12.6055,bite
200132,0.4126,0.2628,-0.8022,12.8926,11.8398,-8.627,bite
200155,0.5343,0.2688,-0.869,-1.8281,2.3613,-3.7637,bite
200178,0.6559,0.2469,-0.8606,-9.9922,-2.6152,-1.0039,bite
200201,0.6122,0.2158,-0.7764,-19.0547,-8.8398,1.2676,bite
200224,0.4869,0.1906,-0.776,-22.8789,-12.4023,1.3672,bite
200247,0.3511,0.1725,-0.625,-25.1133,-16.7109,0.0547,bite
200270,0.3138,0.153,-0.6125,-24.3203,-18.4141,-1.1348,bite
200293,0.3619,0.1382,-0.731,-20.3047,-18.3184,-2.4277,bite
200316,0.4584,0.1636,-0.719,-14.3477,-14.6348,-2.6426,bite
200339,0.5112,0.1252,-0.7125,-10.2207,-10.3789,-2.2109,bite
200362,0.5249,0.1614,-0.7179,-4.9609,-2.1152,-0.8633,bite
200385,0.4885,0.171,-0.733,-2.5273,4.041,0.502,bite
200408,0.4818,0.1719,-0.7604,-0.8008,13.2266,3.3672,bite
200431,0.5349,0.182,-0.778,-1.2227,21.2656,7.1582,bite
200454,0.5762,0.1949,-0.7224,-2.3926,25.4707,9.9219,bite
200477,0.62,0.2057,-0.6591,-4.8242,29.4707,13.6816,bite
200500,0.601,0.2095,-0.6482,-6.5332,30.4297,15.4961,bite
200523,0.6263,0.2061,-0.7313,-8.8789,29.3906,16.6953,bite
200546,0.616,0.2164,-0.7841,-10.9785,25.752,15.8711,bite
200569,0.6034,0.2351,-0.7551,-12.3535,22.1289,14.2949,bite
200592,0.5967,0.2374,-0.7323,-14.4277,15.4102,10.8027,bite
200615,0.5829,0.2205,-0.7837,-15.7852,10.4238,8.0547,bite
200638,0.5564,0.2277,-0.7754,-17.7148,2.7383,3.9141,bite
200661,0.5479,0.2324,-0.7762,-18.8438,-2.1895,0.4531,bite
200684,0.5203,0.2271,-0.7712,-20.0195,-8.6328,-1.416,bite
200707,0.5222,0.2104,-0.7756,-20.2168,-13.2539,-3.0781,bite
200730,0.5105,0.2101,-0.7264,-19.6895,-15.127,-3.5156,bite
200753,0.507,0.2146,-0.7025,-17.8809,-16.1602,-3.3125,bite
200776,0.4905,0.2194,-0.6746,-16.0566,-15.8125,-2.7324,bite
200799,0.4684,0.2126,-0.6747,-12.6328,-14.1152,-1.416,bite
200822,0.4677,0.2075,-0.6792,-8.8164,-11.4414,0.1777,bite
200845,0.4871,0.2107,-0.6561,-6.3105,-9.3457,1.248,bite
200868,0.5084,0.2079,-0.6505,-2.9277,-6.0566,2.6719,bite
200891,0.5577,0.2113,-0.6958,-1.0391,-3.916,3.4336,bite
200914,0.5927,0.2141,-0.7667,1.1426,-0.9902,4.3223,bite
200937,0.6123,0.1998,-0.7787,2.6152,1.4199,5.1699,bite
200960,0.6569,0.1952,-0.7808,3.3887,2.7187,5.9883,bite
200983,0.6874,0.2084,-0.7941,4.7793,4.3359,8.1855,bite
201006,0.7174,0.2065,-0.8584,6.2754,5.3379,10.7227,bite
201029,0.7764,0.1592,-0.9961,10.0957,6.9648,16.8223,bite
201052,0.8292,0.131,-1.0009,14.0469,8.0762,26.1055,bite
201075,0.8275,0.0662,-0.9077,22.6055,9.5254,34.0059,bite
201098,0.9238,-0.0221,-0.8882,34.7441,10.7305,47.8008,bite
201121,0.9702,-0.1062,-0.9395,44.7578,11.4492,57.6719,bite
201144,0.9772,-0.1619,-0.9421,61.8477,12.0391,63.998,bite
201167,0.9193,-0.2313,-0.8379,63.998,11.7988,63.998,bite
201190,0.7462,-0.3335,-0.6876,63.998,10.5684,63.998,bite
201213,0.792,-0.4235,-0.6488,63.998,9.5234,63.998,bite
201236,0.8241,-0.4736,-0.6764,63.998,9.541,63.998,bite
201259,0.7029,-0.543,-0.6171,63.998,10.6289,63.998,bite
201282,0.6613,-0.5972,-0.4856,63.998,11.8477,63.998,bite
201305,0.5852,-0.6161,-0.4073,63.998,14.1406,63.998,bite
201328,0.4395,-0.675,-0.3914,63.998,16.9141,63.998,bite
201351,0.3849,-0.6763,-0.3134,63.998,19.1563,63.998,bite
201374,0.3826,-0.6422,-0.2518,63.998,23.2383,63.998,bite
201397,0.1757,-0.6277,-0.295,63.998,26.2637,63.998,bite
201420,-0.0135,-0.6465,-0.3926,59.2559,30.957,63.998,bite
201443,-0.0966,-0.6439,-0.4301,42.9961,35.6621,63.998,bite
201466,-0.0632,-0.606,-0.4271,16.8457,38.7578,63.998,bite
201489,0.0354,-0.5988,-0.4871,-10.2168,41.9785,63.998,bite
201512,0.0785,-0.6088,-0.5265,-27.9238,42.6309,63.998,bite
201535,0.0864,-0.6071,-0.5878,-52.6133,40.9141,63.998,bite
201558,0.0981,-0.636,-0.6936,-64.0,38.2129,63.998,bite
201581,0.1116,-0.6335,-0.7172,-64.0,32.5957,63.998,bite
201604,0.1689,-0.6224,-0.6989,-64.0,26.1543,63.998,bite
201627,0.2428,-0.6393,-0.7584,-64.0,21.9336,63.998,bite
201650,0.2125,-0.6361,-0.7792,-64.0,16.3145,63.998,bite
201673,0.1682,-0.6134,-0.7769,-64.0,13.334,58.5996,bite
201696,0.188,-0.5964,-0.7789,-64.0,10.3125,44.4414,bite
201719,0.2904,-0.5834,-0.8873,-64.0,8.9062,32.9668,bite
201742,0.2279,-0.5607,-0.9233,-64.0,8.5762,27.0801,bite
201765,0.1261,-0.548,-0.7612,-64.0,8.6211,20.9609,bite
201788,0.1417,-0.5593,-0.7842,-58.5488,8.9219,18.5645,bite
201811,0.2185,-0.5408,-0.7883,-48.3535,9.4687,16.9414,bite
201834,0.2083,-0.4979,-0.8527,-42.1504,9.5762,16.6563,bite
201857,0.083,-0.5111,-1.0488,-33.8652,9.2539,16.6523,bite
201880,0.2156,-0.4971,-0.7303,-26.5078,8.6016,16.2578,bite
201903,0.3806,-0.6128,-0.6903,-21.6309,8.6777,15.377,bite
201926,0.2267,-0.5308,-0.7064,-13.5801,10.5742,12.8633,bite
201949,0.1917,-0.363,-0.855,-7.5937,13.2051,10.5527,other
201972,0.2192,-0.2903,-0.9813,1.7227,18.2109,6.6016,other
201995,-0.053,-0.2629,-0.7748,10.0664,22.1094,2.6602,other
202018,0.1703,-0.5814,-1.1709,14.4043,23.2656,0.2129,other
202041,0.3953,-0.5748,-0.7791,18.791,22.1738,-3.4531,other
202064,0.2426,-0.6302,-0.5404,21.0117,19.1348,-6.1699,other
202087,0.0269,-0.6044,-0.4017,25.4824,11.457,-10.8164,other
202110,-0.2034,-0.5536,-0.3715,33.4727,1.748,-15.9727,other
202133,-0.3055,-0.5493,-0.4323,41.0605,-4.8574,-19.7676,other
202156,-0.0068,-0.5729,-0.4543,54.623,-14.5273,-26.8848,other
202179,0.1906,-0.5962,-0.3196,63.8594,-21.3535,-33.3008,other
202202,0.2965,-0.5944,-0.2227,63.998,-33.4707,-46.1152,other
202225,0.2106,-0.5946,-0.2428,63.998,-48.418,-62.3652,other
202248,0.2645,-0.6139,-0.4075,63.998,-59.4043,-64.0,other
202271,0.4749,-0.6005,-0.4937,63.998,-64.0,-64.0,other
202294,0.556,-0.498,-0.4189,63.998,-64.0,-64.0,other
202317,0.5811,-0.4836,-0.8046,54.9316,-64.0,-64.0,other
202340,0.6902,-0.496,-0.8619,38.9199,-64.0,-64.0,other
202363,0.7417,-0.4695,-1.1194,9.9062,-64.0,-64.0,other
202386,0.6538,-0.4265,-1.1559,-22.3984,-64.0,-64.0,other
202409,0.4893,-0.3735,-1.0327,-43.6621,-64.0,-64.0,other
202432,0.4509,-0.4009,-1.2166,-64.0,-64.0,-64.0,other
202455,0.4045,-0.3064,-1.4285,-64.0,-64.0,-64.0,other
202478,0.3511,-0.3059,-1.1866,-64.0,-64.0,-64.0,other
202501,0.2881,-0.2902,-1.0127,-64.0,-64.0,-64.0,other
202524,0.3395,-0.3359,-1.3251,-64.0,-64.0,-64.0,other
202547,0.2947,-0.2823,-1.401,-64.0,-64.0,-62.6309,other
202570,0.0717,-0.2477,-1.0352,-64.0,-64.0,-49.2285,other
202593,-0.1276,-0.2726,-0.6887,-43.8496,-64.0,-30.5547,other
202616,-0.0105,-0.4137,-0.6085,-15.0449,-64.0,-14.5488,other
202639,0.2208,-0.4709,-0.9283,4.8945,-64.0,-6.0137,other
202662,0.2612,-0.4523,-1.3234,32.0586,-59.8691,2.6094,other
202685,0.0629,-0.4089,-1.1738,45.7461,-50.2246,5.3418,other
202708,0.0378,-0.4009,-0.8071,56.9258,-34.0645,5.4004,other
202731,0.1647,-0.4014,-0.6553,58.25,-23.1152,1.834,other
202754,0.2664,-0.4344,-0.7415,53.2715,-7.5391,-1.8672,other
202777,0.2318,-0.4863,-0.9131,43.209,6.1992,-8.3965,other
202800,0.2781,-0.4932,-0.9994,35.1895,14.3047,-12.834,other
202823,0.3276,-0.4885,-0.9567,22.9434,25.082,-18.748,other
202846,0.2791,-0.4648,-0.8541,15.5332,31.2324,-21.8203,other
202869,0.1696,-0.4503,-0.7695,6.8965,38.623,-24.6777,other
202892,0.2124,-0.4556,-0.7794,2.252,44.0645,-25.1484,other
202915,0.3827,-0.4679,-0.7906,1.4238,46.9063,-24.207,other
202938,0.4835,-0.4767,-0.8674,2.7559,49.8379,-21.4297,other
202961,0.4199,-0.4707,-0.8008,4.6016,50.4063,-19.0273,other
202984,0.3135,-0.4741,-0.7729,7.625,48.7305,-15.0371,other
203007,0.3416,-0.4852,-0.7893,10.0801,44.8945,-10.8535,other
203030,0.4097,-0.4895,-0.8464,11.1348,41.8242,-8.1172,other
203053,0.4113,-0.4893,-0.7991,11.7246,36.8301,-4.4551,other
203076,0.3656,-0.481,-0.7731,11.5625,33.2871,-2.4902,other
203099,0.364,-0.4855,-0.7782,10.8887,27.9883,-0.3789,other
203122,0.3846,-0.504,-0.7772,10.373,24.7461,0.793,other
203145,0.3956,-0.522,-0.7772,9.6816,20.5996,1.1172,other
203168,0.407,-0.5297,-0.7755,9.1367,17.3184,1.0273,other
203191,0.402,-0.5267,-0.7209,8.875,15.5293,0.6602,other
203214,0.4059,-0.5317,-0.6989,8.6719,13.2988,-0.2109,other
203237,0.4211,-0.5392,-0.7428,8.625,12.0332,-0.9219,other
203260,0.4219,-0.5315,-0.7676,8.4297,10.2871,-2.041,other
203283,0.4208,-0.5109,-0.7261,7.6875,8.5059,-3.0469,other
203306,0.4022,-0.5033,-0.7174,6.7227,7.2285,-3.5625,other
203329,0.3735,-0.5023,-0.7286,4.4492,5.2012,-4.0078,other
203352,0.386,-0.5016,-0.7692,2.3652,3.877,-4.0605,other
203375,0.4445,-0.4963,-0.7789,-1.5742,2.1641,-3.8145,other
203398,0.4623,-0.4855,-0.7769,-6.3281,0.9063,-3.3223,other
203421,0.4528,-0.474,-0.7772,-9.7578,0.2969,-2.9297,other
203444,0.3853,-0.4631,-0.7773,-14.8418,-0.3184,-2.2637,other
203467,0.3687,-0.4502,-0.7794,-17.9004,-0.5059,-1.7324,other
203490,0.4092,-0.4412,-0.8042,-21.6172,-0.3965,-0.7559,other
203513,0.4436,-0.4408,-0.8009,-23.3789,0.3887,0.3223,other
203536,0.4172,-0.4447,-0.8136,-24.8594,0.4141,0.9824,other
203559,0.411,-0.4415,-0.796,-24.9922,0.7812,1.7461,other
203582,0.4059,-0.4344,-0.7756,-24.416,0.8008,2.0703,other
203605,0.405,-0.4318,-0.7776,-22.7422,0.3164,2.2539,other
203628,0.4027,-0.436,-0.7772,-21.2227,-0.4062,2.166,other
203651,0.385,-0.437,-0.7784,-18.6133,-2.0898,1.7246,other
203674,0.3763,-0.4315,-0.8091,-16.0313,-4.3613,0.959,other
203697,0.3728,-0.424,-0.8354,-14.5508,-6.0801,0.3164,other
203720,0.36,-0.415,-0.8397,-12.8945,-8.7051,-0.7441,other
203743,0.3733,-0.4119,-0.8401,-12.168,-10.291,-1.4629,other
203766,0.3762,-0.4203,-0.8457,-11.4492,-12.1016,-2.5156,other
203789,0.3885,-0.4135,-0.8284,-10.7637,-12.9414,-3.5469,other
203812,0.3672,-0.4111,-0.7736,-10.0664,-12.8516,-4.2227,other
203835,0.379,-0.4352,-0.7784,-8.3242,-11.5586,-5.1777,other
203858,0.4498,-0.4492,-0.7808,-6.6055,-9.8594,-5.7461,other
203881,0.4777,-0.462,-0.7866,-3.2598,-6.2207,-6.4785,other
203904,0.4093,-0.4631,-0.78,-0.668,-1.7305,-6.9766,other
203927,0.3573,-0.4536,-0.7502,3.4355,1.4941,-7.0566,other
203950,0.3772,-0.4586,-0.6957,7.4082,6.334,-6.623,other
203973,0.4215,-0.475,-0.7141,9.752,9.2988,-5.9746,other
203996,0.4652,-0.4851,-0.7576,12.334,12.8086,-4.6777,other
204019,0.4667,-0.475,-0.7798,13.1348,14.2246,-3.7793,other
204042,0.4414,-0.4562,-0.7765,12.5449,14.6172,-2.623,other
204065,0.4181,-0.4388,-0.7775,9.6719,12.9023,-1.8105,other
204088,0.4113,-0.4277,-0.7773,6.6133,10.7812,-1.4531,other
204111,0.4102,-0.4149,-0.7906,0.7363,6.5859,-1.1367,other
204134,0.423,-0.4078,-0.8369,-3.7109,3.3711,-1.043,other
204157,0.4301,-0.4049,-0.8644,-10.5391,-1.6699,-1.0391,other
204180,0.41,-0.39,-0.8491,-16.752,-6.5176,-1.127,other
204203,0.3721,-0.3873,-0.8402,-20.1074,-9.4023,-1.1797,other
204226,0.3418,-0.3875,-0.8169,-23.4102,-12.832,-1.1543,other
204249,0.3682,-0.3943,-0.8438,-24.2559,-14.2832,-1.0449,other
204272,0.3862,-0.4027,-0.8607,-23.4512,-15.0078,-0.8125,other
204295,0.3607,-0.4014,-0.811,-20.168,-14.1738,-0.6934,other
204318,0.3248,-0.4098,-0.7847,-17.5117,-12.9297,-0.7715,other
204341,0.3541,-0.4126,-0.8334,-12.1484,-10.2559,-1.1973,other
204364,0.3777,-0.4243,-0.8427,-8.2637,-8.1035,-1.7188,other
204387,0.3931,-0.4398,-0.7776,-2.4453,-4.6543,-2.8711,other
204410,0.4556,-0.4435,-0.7772,1.2363,-2.373,-3.8691,other
204433,0.4512,-0.4545,-0.7322,6.2266,0.7402,-5.6348,other
204456,0.4706,-0.4667,-0.7275,10.2637,3.1543,-7.5273,other
204479,0.4824,-0.4578,-0.7357,12.209,4.2305,-8.7031,other
204502,0.4673,-0.444,-0.7351,13.6641,4.8105,-10.0703,other
204525,0.4561,-0.4225,-0.749,13.5,4.4219,-10.5664,other
204548,0.4438,-0.4174,-0.7811,11.4551,2.7344,-10.5078,other
204571,0.4082,-0.4097,-0.7852,7.3574,0.0273,-9.4375,other
204594,0.3749,-0.3977,-0.8427,3.6777,-2.0996,-8.2207,other
204617,0.3826,-0.3914,-0.8766,-2.7441,-5.3574,-5.8594,other
204640,0.3824,-0.385,-0.8599,-7.209,-7.3828,-4.1113,other
204663,0.3553,-0.3918,-0.8271,-13.3281,-9.9785,-1.5703,other
204686,0.36,-0.4026,-0.7964,-17.7754,-11.7441,0.5312,other
204709,0.3776,-0.4211,-0.7791,-19.4277,-12.3262,1.5547,other
204732,0.3751,-0.4271,-0.778,-19.7871,-12.2871,2.4141,other
204755,0.3757,-0.4189,-0.777,-18.7715,-11.7363,2.5469,other
204778,0.3777,-0.4019,-0.7565,-15.9414,-10.3535,2.2285,other
204801,0.3761,-0.3992,-0.7728,-13.627,-9.2109,1.8164,other
204824,0.389,-0.3997,-0.7906,-10.3828,-7.4316,1.2109,other
204847,0.4059,-0.3889,-0.8567,-8.4297,-5.877,0.918,other
204870,0.3514,-0.3729,-0.8497,-8.2227,-5.1133,0.9883,other
204893,0.3402,-0.3513,-0.8584,-9.6309,-4.4102,1.5078,other
204916,0.3671,-0.342,-0.8727,-11.5078,-4.168,2.0957,other
204939,0.3782,-0.3434,-0.8812,-15.0781,-4.0273,3.1543,other
204962,0.3729,-0.3367,-0.881,-18.6191,-4.0664,4.1191,other
204985,0.3412,-0.3359,-0.8859,-20.4668,-4.1309,4.5508,other
205008,0.3389,-0.3439,-0.8942,-21.8965,-4.1445,4.7461,other
205031,0.366,-0.3519,-0.8667,-21.7559,-4.0293,4.5352,other
205054,0.355,-0.3616,-0.8164,-19.7695,-3.623,3.6895,other
205077,0.3562,-0.369,-0.7733,-15.7969,-2.9746,2.2715,other
205100,0.3677,-0.3768,-0.7787,-12.2949,-2.457,1.0879,other
205123,0.37,-0.3839,-0.8103,-6.4102,-1.6875,-0.8848,other
205146,0.3765,-0.3815,-0.8253,-2.5254,-1.252,-2.2344,other
205169,0.3755,-0.3727,-0.8105,2.5195,-0.8086,-4.1562,other
205192,0.3757,-0.3695,-0.7815,5.0781,-0.6816,-5.7988,other
205215,0.3815,-0.3751,-0.8053,7.5098,-0.7168,-6.6738,other
205238,0.3802,-0.3817,-0.8204,8.3027,-0.9355,-7.5977,other
205261,0.3748,-0.387,-0.8125,8.0449,-1.1309,-7.9355,other
205284,0.3759,-0.3877,-0.7863,6.7812,-1.3984,-8.0156,other
205307,0.3754,-0.3859,-0.7784,5.5586,-1.502,-7.8008,other
205330,0.3739,-0.3792,-0.7787,3.4863,-1.4922,-7.123,other
205353,0.3723,-0.3771,-0.78,1.4199,-1.2949,-6.1348,other
205376,0.3823,-0.3774,-0.8087,0.1406,-1.0977,-5.3848,other
205399,0.3983,-0.3778,-0.8149,-1.6055,-0.8184,-4.2754,other
205422,0.3779,-0.3748,-0.7963,-2.6602,-0.7305,-3.6172,other
205445,0.3754,-0.3715,-0.7784,-4.0957,-0.8203,-2.8047,other
205468,0.3751,-0.3722,-0.7937,-5.3711,-1.168,-2.1797,other
205491,0.3754,-0.3691,-0.8256,-6.1562,-1.5215,-1.8438,other
205514,0.3752,-0.3669,-0.8387,-7.293,-2.207,-1.4219,other
205537,0.3748,-0.3629,-0.8354,-8.0547,-2.7617,-1.1797,other
205560,0.3707,-0.3584,-0.83,-9.1895,-3.7031,-0.8652,other
205583,0.3748,-0.3549,-0.8361,-9.9121,-4.8672,-0.6016,other
205606,0.3696,-0.3496,-0.802,-10.8789,-5.3691,-0.457,other
205629,0.3729,-0.3488,-0.822,-11.6348,-6.3535,-0.293,other
205652,0.3571,-0.3424,-0.8386,-12.0215,-7.002,-0.2168,other
205675,0.3408,-0.3435,-0.8784,-12.4961,-7.9375,-0.1387,other
205698,0.3547,-0.337,-0.8947,-12.7949,-8.498,-0.0937,other
205721,0.3285,-0.3196,-0.8826,-13.252,-9.2402,-0.0176,other
205744,0.2716,-0.3085,-0.8645,-13.6055,-9.8184,0.1094,other
205767,0.29,-0.3107,-0.9054,-13.6602,-9.9863,0.2441,other
205790,0.3411,-0.3187,-0.8856,-13.2852,-9.7168,0.4824,other
205813,0.3495,-0.329,-0.8783,-12.6582,-9.1602,0.5957,other
205836,0.3734,-0.3409,-0.8528,-11.0898,-7.7832,0.582,other
205859,0.3679,-0.3489,-0.816,-8.7773,-5.8945,0.2988,other
205882,0.3446,-0.3561,-0.7776,-6.8887,-4.4844,-0.0156,other
205905,0.3564,-0.3588,-0.7776,-3.7637,-2.3242,-0.5645,other
205928,0.3599,-0.3636,-0.7775,-1.6914,-0.9609,-0.9082,other
205951,0.3549,-0.3643,-0.8103,0.9727,0.7871,-1.3047,other
205974,0.3673,-0.3569,-0.8451,2.1895,2.0098,-1.4922,other
205997,0.3652,-0.3451,-0.8555,2.8457,2.4551,-1.4844,other
206020,0.3358,-0.3323,-0.8354,2.0059,2.4863,-1.2734,other
206043,0.3291,-0.327,-0.821,0.7324,2.1016,-1.0117,other
206066,0.347,-0.3282,-0.8363,-1.8613,1.0684,-0.4863,other
206089,0.3682,-0.3339,-0.8717,-3.8008,0.1738,-0.1055,other
206112,0.3751,-0.3326,-0.8779,-6.668,-1.3125,0.4062,other
206135,0.3627,-0.3289,-0.8793,-9.1348,-2.7676,0.7871,other
206158,0.3317,-0.325,-0.8436,-10.4004,-3.6074,0.9824,other
206181,0.3051,-0.3262,-0.8167,-11.5488,-4.5254,1.2539,other
206204,0.3075,-0.3253,-0.8132,-11.7754,-4.8379,1.4551,other
206227,0.3235,-0.324,-0.8429,-11.4062,-4.8281,1.7891,other
206250,0.3547,-0.326,-0.886,-10.5117,-4.3359,2.0645,other
206273,0.3744,-0.319,-0.8956,-9.8516,-3.8574,2.1445,other
206296,0.3356,-0.3083,-0.8743,-9.0195,-3.1699,2.0449,other
206319,0.2991,-0.3022,-0.859,-8.6172,-2.8555,1.8438,other
206342,0.3063,-0.3046,-0.8729,-8.1738,-2.6855,1.4063,other
206365,0.328,-0.3077,-0.8821,-7.9082,-2.8711,0.8496,other
206388,0.3315,-0.3171,-0.8945,-7.4199,-3.1504,0.4082,other
206411,0.3367,-0.3219,-0.8685,-6.6836,-3.6758,-0.3496,other
206434,0.3253,-0.3301,-0.8358,-5.9824,-3.9961,-0.8926,other
206457,0.3235,-0.3395,-0.8137,-4.5586,-4.248,-1.6699,other
206480,0.3157,-0.3411,-0.7767,-3.3887,-4.1934,-2.1055,other
206503,0.3224,-0.3398,-0.788,-1.4844,-3.7598,-2.5605,other
206526,0.3522,-0.3359,-0.8446,0.2148,-3.0039,-2.7461,other
206549,0.3672,-0.3274,-0.8779,0.9766,-2.4238,-2.7363,other
206572,0.3317,-0.3162,-0.8793,1.2754,-1.6074,-2.5625,other
206595,0.323,-0.3129,-0.8726,0.8711,-1.1465,-2.3535,other
206618,0.3257,-0.3126,-0.8486,-0.4609,-0.5937,-1.9199,other
206641,0.3179,-0.3195,-0.8439,-2.2285,-0.1797,-1.4121,other
206664,0.3446,-0.3281,-0.8517,-3.3945,0.043,-1.0879,other
206687,0.3599,-0.3274,-0.8409,-4.8398,0.2891,-0.709,other
206710,0.34,-0.3258,-0.84,-5.5078,0.373,-0.5625,other
206733,0.3336,-0.3204,-0.8479,-6.0508,0.3496,-0.4961,other
206756,0.326,-0.3196,-0.8744,-6.1602,0.1562,-0.5332,other
206779,0.3319,-0.3145,-0.8744,-6.0918,-0.0547,-0.5684,other
206802,0.3307,-0.3137,-0.8588,-5.9062,-0.4551,-0.5898,other
206825,0.3231,-0.3127,-0.853,-5.7578,-0.7422,-0.5723,other
206848,0.335,-0.3134,-0.8586,-5.5098,-1.1191,-0.498,other
206871,0.3574,-0.3192,-0.8861,-5.3203,-1.2988,-0.4336,other
206894,0.3396,-0.3169,-0.8448,-4.9941,-1.4668,-0.3535,other
206917,0.3103,-0.3196,-0.8248,-4.5742,-1.5352,-0.3125,other
206940,0.3162,-0.3224,-0.8574,-4.2266,-1.5117,-0.3008,other
206963,0.3491,-0.3193,-0.8569,-3.6523,-1.3789,-0.2988,other
206986,0.3467,-0.3231,-0.8589,-3.2793,-1.2539,-0.3242,other
207009,0.3434,-0.3218,-0.8525,-2.8047,-1.0664,-0.416,other
207032,0.3345,-0.3217,-0.8356,-2.4687,-0.9219,-0.5488,other
207055,0.3353,-0.3263,-0.8341,-2.3203,-0.8613,-0.6309,other
207078,0.3445,-0.3284,-0.8378,-2.2051,-0.8203,-0.7051,other
207101,0.3292,-0.3224,-0.8485,-2.2109,-0.8203,-0.709,other
207124,0.3271,-0.3184,-0.869,-2.377,-0.8496,-0.6328,other
207147,0.3491,-0.3138,-0.8818,-2.7559,-0.8984,-0.4629,other
207170,0.3275,-0.3115,-0.8706,-3.1074,-0.9492,-0.3164,other
207193,0.3219,-0.3173,-0.8431,-3.6582,-1.041,-0.082,other
207216,0.3369,-0.3248,-0.8477,-3.9512,-1.0938,0.0625,other
207239,0.3428,-0.3297,-0.8409,-4.1602,-1.1465,0.2227,other
207262,0.3417,-0.3364,-0.8268,-4.123,-1.1602,0.2793,other
207285,0.332,-0.3409,-0.8451,-3.8379,-1.1211,0.2891,other
207308,0.344,-0.3273,-0.8348,-3.4062,-0.9531,0.2617,other
207331,0.333,-0.3193,-0.8419,-3.1328,-0.7676,0.2578,other
207354,0.3347,-0.3146,-0.8463,-2.877,-0.418,0.3164,other
207377,0.343,-0.3099,-0.8459,-2.8672,-0.1699,0.4082,other
207400,0.3508,-0.3105,-0.8713,-3.1387,0.1641,0.5996,other
207423,0.3534,-0.3436,-0.88,-3.7148,0.4062,0.7969,other
207446,0.353,-0.317,-0.8765,-4.1992,0.5078,0.8984,other
207469,0.3418,-0.3164,-0.8712,-4.8984,0.5703,0.9785,other
207492,0.3214,-0.3206,-0.8462,-5.2344,0.5508,0.9844,other
207515,0.3231,-0.3281,-0.8379,-5.375,0.4395,0.9531,other
207538,0.3396,-0.3296,-0.833,-4.9961,0.2422,0.8809,other
207561,0.3489,-0.3275,-0.8337,-4.4883,0.0586,0.7988,other
207584,0.345,-0.3286,-0.844,-3.502,-0.2949,0.6113,other
207607,0.3387,-0.3275,-0.845,-2.8145,-0.5664,0.457,other
207630,0.3469,-0.3273,-0.8496,-1.9336,-0.9746,0.2227,other
207653,0.347,-0.3284,-0.8551,-1.5273,-1.2148,0.0352,other
207676,0.3281,-0.3267,-0.8296,-1.2559,-1.502,-0.0391,other
207699,0.3137,-0.3273,-0.8259,-1.3672,-1.666,-0.0488,other
207722,0.3446,-0.3292,-0.8502,-1.6172,-1.6875,0.0098,other
207745,0.359,-0.3273,-0.8684,-2.2031,-1.6035,0.1445,other
207768,0.3601,-0.3221,-0.8734,-2.6992,-1.502,0.2227,other
207791,0.3286,-0.3169,-0.8561,-3.5137,-1.3516,0.2832,other
207814,0.3087,-0.3195,-0.8413,-4.2422,-1.2598,0.2812,other
207837,0.3387,-0.3225,-0.8483,-4.5859,-1.2266,0.2559,other
207860,0.3528,-0.3273,-0.8485,-4.8027,-1.2148,0.1738,other
207883,0.3539,-0.3309,-0.8523,-4.7441,-1.2363,0.0742,other
207906,0.3564,-0.3286,-0.8551,-4.4004,-1.2949,-0.1465,other
207929,0.3501,-0.3296,-0.8599,-3.8652,-1.3555,-0.4004,other
207952,0.3241,-0.3282,-0.8293,-3.4648,-1.4023,-0.5469,other
207975,0.3149,-0.3311,-0.8325,-2.8711,-1.4707,-0.6641,other
207998,0.3202,-0.3311,-0.8427,-2.5137,-1.498,-0.6582,other
208021,0.349,-0.3323,-0.8514,-2.1191,-1.4902,-0.541,other
208044,0.3369,-0.3297,-0.8544,-1.9863,-1.4434,-0.3711,other
208067,0.335,-0.3273,-0.8568,-2.0117,-1.3945,-0.2676,other
208090,0.3569,-0.326,-0.8644,-2.2812,-1.2988,-0.1582,other
208113,0.3337,-0.3278,-0.8311,-2.543,-1.2441,-0.127,other
208136,0.3192,-0.3307,-0.8247,-2.9414,-1.1934,-0.1309,other
208159,0.3564,-0.333,-0.8348,-3.1562,-1.166,-0.1504,other
208182,0.3496,-0.334,-0.8433,-3.3809,-1.1348,-0.1934,other
208205,0.3235,-0.3318,-0.8452,-3.5352,-1.1191,-0.2402,other
208228,0.3278,-0.3275,-0.8564,-3.6445,-1.0996,-0.252,other
208251,0.3596,-0.3225,-0.8801,-3.8711,-1.0449,-0.2266,other
208274,0.3457,-0.317,-0.8684,-4.0723,-1.0254,-0.1914,other
208297,0.3192,-0.3209,-0.8424,-4.3926,-1.0664,-0.1367,other
208320,0.3416,-0.3298,-0.8395,-4.6016,-1.1484,-0.0918,other
208343,0.3563,-0.3375,-0.8411,-4.6074,-1.1895,-0.0762,other
208366,0.35,-0.3361,-0.8352,-4.3906,-1.1973,-0.0957,other
208389,0.3319,-0.3313,-0.8358,-4.123,-1.166,-0.127,other
208412,0.3145,-0.3286,-0.8414,-3.6504,-1.0781,-0.1543,other
208435,0.3326,-0.3267,-0.871,-3.3672,-0.9727,-0.1191,other
208458,0.3441,-0.3231,-0.8657,-3.1094,-0.9297,-0.0664,other
208481,0.3328,-0.3219,-0.856,-3.1035,-0.9512,0.0078,other
208504,0.334,-0.325,-0.8407,-3.2051,-1.0078,0.0312,other
208527,0.3531,-0.3333,-0.8524,-3.4141,-1.0957,0.0039,other
208550,0.3444,-0.3342,-0.8134,-3.5312,-1.1387,-0.0703,other
208573,0.334,-0.33,-0.8192,-3.6152,-1.1699,-0.2539,other
208596,0.3275,-0.3302,-0.8298,-3.5664,-1.1543,-0.4766,other
208619,0.3474,-0.3331,-0.8607,-3.4902,-1.1172,-0.6211,other
208642,0.3589,-0.3287,-0.8623,-3.4121,-1.041,-0.8105,other
208665,0.3353,-0.3224,-0.8411,-3.4277,-0.9961,-0.918,other
208688,0.3381,-0.326,-0.8555,-3.5703,-0.9355,-1.0273,other
208711,0.3507,-0.3306,-0.8623,-3.8262,-0.877,-1.0508,other
208734,0.3365,-0.326,-0.8567,-4.0293,-0.8555,-1.0176,other
208757,0.329,-0.3235,-0.8458,-4.3203,-0.8828,-0.8906,other
208780,0.3475,-0.325,-0.8563,-4.4668,-0.9395,-0.7637,other
208803,0.3365,-0.3256,-0.8442,-4.5723,-1.0762,-0.541,other
208826,0.3352,-0.3256,-0.8553,-4.5117,-1.2246,-0.3301,other
208849,0.3474,-0.3252,-0.865,-4.3867,-1.2988,-0.2207,other
208872,0.3285,-0.3264,-0.843,-4.0977,-1.3672,-0.1191,other
208895,0.3214,-0.3296,-0.8362,-3.8457,-1.373,-0.0996,other
208918,0.3431,-0.3331,-0.8411,-3.4062,-1.2949,-0.1367,other
208941,0.3572,-0.3312,-0.8467,-3.0977,-1.1934,-0.2129,other
208964,0.3473,-0.332,-0.8479,-2.6797,-0.998,-0.4102,other
208987,0.3567,-0.3291,-0.8448,-2.3926,-0.7949,-0.6719,other
209010,0.3547,-0.3322,-0.8462,-2.3008,-0.6777,-0.8516,other
209033,0.3347,-0.3287,-0.8463,-2.3203,-0.5742,-1.0723,other
209056,0.3213,-0.3274,-0.8375,-2.4277,-0.5703,-1.1504,other
209079,0.3447,-0.3311,-0.8523,-2.7031,-0.6465,-1.1309,other
209102,0.3666,-0.3324,-0.8633,-3.0859,-0.8125,-0.9707,other
209125,0.3451,-0.3235,-0.8586,-3.377,-0.9668,-0.8203,other
209148,0.3257,-0.3198,-0.8486,-3.8086,-1.2305,-0.5605,other
209171,0.3391,-0.3252,-0.8641,-4.0449,-1.4004,-0.375,other
209194,0.3362,-0.3285,-0.8562,-4.252,-1.6211,-0.1035,other
209217,0.307,-0.3309,-0.8315,-4.2187,-1.7949,0.123,other
209240,0.3324,-0.3352,-0.8353,-4.0488,-1.8594,0.2344,other
209263,0.3613,-0.3368,-0.8566,-3.6133,-1.8457,0.3164,other
209286,0.3378,-0.3337,-0.8494,-3.2598,-1.7832,0.293,other
209309,0.347,-0.3339,-0.837,-2.7422,-1.6211,0.1465,other
209332,0.3578,-0.3312,-0.8427,-2.4492,-1.4746,-0.0039,other
209355,0.3225,-0.3348,-0.8459,-2.1309,-1.2441,-0.2637,other
209378,0.3369,-0.3341,-0.8401,-1.9961,-1.0352,-0.4902,other
209401,0.3552,-0.3336,-0.8466,-2.0156,-0.9121,-0.5977,other
209424,0.344,-0.3333,-0.8484,-2.2012,-0.7734,-0.6816,other
209447,0.3416,-0.3307,-0.8558,-2.416,-0.7109,-0.6855,other
209470,0.3473,-0.3297,-0.8501,-2.8281,-0.6562,-0.6152,other
209493,0.3431,-0.3282,-0.8507,-3.2734,-0.666,-0.4707,other
209516,0.3314,-0.3328,-0.845,-3.5391,-0.7168,-0.3437,other
209539,0.3304,-0.3363,-0.8386,-3.8281,-0.8535,-0.1367,other
209562,0.3337,-0.3337,-0.8478,-3.9297,-0.9629,-0.002,other
209585,0.3486,-0.3319,-0.8529,-3.9512,-1.1133,0.168,other
209608,0.349,-0.3324,-0.8583,-3.8613,-1.2207,0.2617,other
209631,0.3436,-0.3331,-0.8546,-3.7676,-1.2656,0.2715,other
209654,0.3271,-0.3315,-0.8391,-3.5898,-1.3008,0.2148,other
209677,0.3335,-0.3379,-0.843,-3.4473,-1.3066,0.1504,other
209700,0.3455,-0.3409,-0.8394,-3.1992,-1.3008,0.0312,other
209723,0.3387,-0.3372,-0.8325,-3.0312,-1.2969,-0.0977,other
209746,0.3293,-0.333,-0.8378,-2.8086,-1.2793,-0.1816,other
209769,0.3329,-0.33,-0.8656,-2.6934,-1.207,-0.2832,other
209792,0.3502,-0.3298,-0.8717,-2.7109,-1.1152,-0.332,other
209815,0.34,-0.3298,-0.8429,-2.8867,-0.9473,-0.3867,other
209838,0.3445,-0.3356,-0.8369,-3.0605,-0.834,-0.4219,other
209861,0.359,-0.338,-0.8414,-3.3066,-0.6777,-0.4961,other
209884,0.3575,-0.3389,-0.8418,-3.4531,-0.5586,-0.6113,other
209907,0.3376,-0.3369,-0.8361,-3.4766,-0.502,-0.707,other
209930,0.3274,-0.3345,-0.8428,-3.4219,-0.4375,-0.8496,other
209953,0.3418,-0.3363,-0.8551,-3.3516,-0.3926,-0.918,other
209976,0.3407,-0.3379,-0.8397,-3.2559,-0.3281,-0.9707,other
209999,0.3455,-0.3386,-0.83,-3.2031,-0.2832,-0.9727,other
210022,0.3561,-0.337,-0.8362,-3.2031,-0.2656,-0.9551,other
210045,0.3499,-0.3354,-0.8429,-3.2676,-0.2578,-0.9141,other
210068,0.3499,-0.3295,-0.8445,-3.3652,-0.2559,-0.875,other
210091,0.3586,-0.3291,-0.8759,-3.6172,-0.248,-0.7891,other
210114,0.3483,-0.3284,-0.8657,-3.8516,-0.2461,-0.6641,other
210137,0.3361,-0.3298,-0.8425,-4.2539,-0.2832,-0.5625,other
210160,0.3463,-0.3364,-0.8383,-4.5879,-0.375,-0.3828,other
210183,0.3469,-0.3401,-0.8326,-4.7031,-0.4648,-0.2578,other
210206,0.3533,-0.3383,-0.8405,-4.6719,-0.627,-0.0879,other
210229,0.35,-0.3342,-0.8459,-4.5332,-0.748,0.0059,other
210252,0.3563,-0.3351,-0.8495,-4.2285,-0.9551,0.1133,other
210275,0.3508,-0.328,-0.8398,-3.9102,-1.209,0.1914,other
210298,0.3184,-0.3287,-0.8362,-3.7363,-1.416,0.2402,other
210321,0.333,-0.3314,-0.8529,-3.5723,-1.7441,0.332,other
210344,0.3511,-0.3318,-0.8601,-3.541,-1.9453,0.4062,other
210367,0.3494,-0.3314,-0.8557,-3.6035,-2.1816,0.502,other
210390,0.3402,-0.3317,-0.8522,-3.7344,-2.3086,0.543,other
210413,0.3368,-0.3331,-0.8469,-3.8047,-2.3203,0.5312,other
210436,0.3358,-0.338,-0.8406,-3.8047,-2.2363,0.4551,other
210459,0.3252,-0.3395,-0.832,-3.707,-2.127,0.3652,other
210482,0.3445,-0.3402,-0.8414,-3.4102,-1.9023,0.1875,other
210505,0.3574,-0.339,-0.8596,-3.1504,-1.6543,-0.0332,other
210528,0.3451,-0.3324,-0.8629,-2.7598,-1.5078,-0.1934,other
210551,0.3403,-0.3287,-0.8613,-2.4551,-1.3496,-0.4297,other
210574,0.3314,-0.3333,-0.8445,-2.3066,-1.291,-0.5605,other
210597,0.3353,-0.3391,-0.806,-2.1152,-1.2656,-0.6973,other
210620,0.34,-0.3505,-0.8049,-1.9688,-1.2754,-0.75,other
210643,0.3651,-0.3562,-0.8279,-1.707,-1.3066,-0.793,other
210666,0.3615,-0.3541,-0.8406,-1.4883,-1.3418,-0.8223,other
210689,0.3274,-0.3478,-0.8424,-1.4492,-1.3652,-0.8262,other
210712,0.3184,-0.3356,-0.8469,-1.6563,-1.3867,-0.7656,other
210735,0.3383,-0.33,-0.8677,-1.9941,-1.3926,-0.6602,other
210758,0.3317,-0.325,-0.8595,-2.7773,-1.4277,-0.4238,other
210781,0.3356,-0.3252,-0.8572,-3.7422,-1.5137,-0.166,other
210804,0.3679,-0.3287,-0.8654,-4.3652,-1.584,-0.0312,other
210827,0.3661,-0.3342,-0.8514,-5.0801,-1.6797,0.0488,other
210850,0.3419,-0.3416,-0.8179,-5.3164,-1.7188,0.0117,other
210873,0.3358,-0.3502,-0.8,-5.2207,-1.6953,-0.1484,other
210896,0.3395,-0.3546,-0.8256,-4.875,-1.5605,-0.3496,other
210919,0.3191,-0.3506,-0.8248,-4.0957,-1.4336,-0.4629,other
210942,0.3264,-0.3434,-0.8536,-3.3145,-1.2246,-0.5449,other
210965,0.3536,-0.3339,-0.8708,-2.9609,-1.0957,-0.5312,other
210988,0.353,-0.3208,-0.8678,-2.8418,-0.9688,-0.4297,other
211011,0.3419,-0.3173,-0.8593,-3.0371,-0.9531,-0.3281,other
211034,0.3361,-0.3246,-0.8492,-3.6016,-1.0215,-0.1641,other
211057,0.3395,-0.3437,-0.8516,-4.2227,-1.127,-0.0234,other
211080,0.3502,-0.3496,-0.8325,-4.5215,-1.1719,0.0352,other
211103,0.3433,-0.3541,-0.8234,-4.6562,-1.1582,0.0527,other
211126,0.3263,-0.3524,-0.8082,-4.5195,-1.1035,0.0234,other
211149,0.334,-0.3428,-0.8296,-4.0625,-0.9883,-0.041,other
211172,0.3547,-0.3345,-0.855,-3.5254,-0.9023,-0.084,other
211195,0.344,-0.3263,-0.8627,-3.2656,-0.9102,-0.0937,other
211218,0.3313,-0.3251,-0.8568,-3.1484,-1.0313,-0.0762,other
211241,0.3417,-0.3279,-0.8651,-3.2598,-1.1484,-0.0469,other
211264,0.3488,-0.3357,-0.8624,-3.6191,-1.3145,0.0,other
211287,0.3304,-0.343,-0.8413,-4.0254,-1.4141,0.0098,other
211310,0.3293,-0.3467,-0.8168,-4.2109,-1.4199,-0.0137,other
211333,0.3427,-0.3496,-0.819,-4.2461,-1.3281,-0.0977,other
211356,0.351,-0.3423,-0.8344,-4.1094,-1.2207,-0.1836,other
211379,0.3441,-0.339,-0.8584,-3.7637,-1.0547,-0.3496,other
211402,0.3466,-0.3292,-0.8621,-3.5371,-0.9785,-0.9648,other
211425,0.3409,-0.3287,-0.8573,-3.3262,-0.9707,-0.6152,other
211448,0.3302,-0.3319,-0.8519,-3.3008,-1.0977,-0.7051,other
211471,0.3308,-0.3365,-0.8505,-3.3555,-1.2344,-0.7246,other
211494,0.3501,-0.342,-0.8431,-3.4473,-1.4609,-0.7031,other
211517,0.3344,-0.3459,-0.8209,-3.4629,-1.5957,-0.6738,other
211540,0.3263,-0.3513,-0.8136,-3.3555,-1.7207,-0.627,other
211563,0.3439,-0.3481,-0.828,-3.1094,-1.7031,-0.5859,other
211586,0.3419,-0.342,-0.8458,-2.9316,-1.6172,-0.5664,other
211609,0.3339,-0.3359,-0.8467,-2.7832,-1.4336,-0.5566,other
211632,0.3748,-0.3339,-0.8417,-2.8301,-1.2969,-0.5586,other
211655,0.3495,-0.3342,-0.8508,-3.1602,-1.0918,-0.5664,other
211678,0.3427,-0.3293,-0.8466,-3.7656,-0.9082,-0.5781,other
211701,0.3358,-0.3293,-0.8568,-4.2676,-0.7969,-0.5781,other
211724,0.3439,-0.332,-0.8557,-5.0488,-0.6348,-0.5586,other
211747,0.3456,-0.3354,-0.8424,-5.5195,-0.5293,-0.5293,other
211770,0.3408,-0.3357,-0.8352,-6.041,-0.3867,-0.4727,other
211793,0.3433,-0.3337,-0.8489,-6.2285,-0.3008,-0.416,other
211816,0.3519,-0.3298,-0.8562,-6.2656,-0.1914,-0.3848,other
211839,0.3536,-0.3259,-0.859,-6.084,-0.127,-0.3516,other
211862,0.3308,-0.3348,-0.8442,-5.8828,-0.125,-0.3379,other
211885,0.3309,-0.3319,-0.8325,-5.502,-0.1797,-0.3184,other
211908,0.356,-0.3334,-0.8279,-5.2148,-0.2441,-0.3027,other
211931,0.3577,-0.3378,-0.844,-4.7812,-0.375,-0.2871,other
211954,0.3411,-0.3302,-0.8473,-4.4355,-0.5391,-0.2852,other
211977,0.3484,-0.3214,-0.8613,-4.3027,-0.6406,-0.2812,other
212000,0.3492,-0.3204,-0.869,-4.2734,-0.7617,-0.248,other
212023,0.3284,-0.3256,-0.8517,-4.3457,-0.8164,-0.209,other
212046,0.3336,-0.3318,-0.8219,-4.4922,-0.8398,-0.1309,other
212069,0.3513,-0.3387,-0.8052,-4.5352,-0.7715,-0.0566,other
212092,0.3726,-0.3424,-0.8395,-4.4668,-0.6836,-0.0371,other
212115,0.3495,-0.3315,-0.8439,-4.2695,-0.5293,-0.0723,other
212138,0.3441,-0.3234,-0.86,-4.1406,-0.4375,-0.127,other
212161,0.3704,-0.3171,-0.8666,-4.0527,-0.3359,-0.2109,other
212184,0.3472,-0.321,-0.8625,-4.0918,-0.3203,-0.2695,other
212207,0.3213,-0.323,-0.8469,-4.2539,-0.4043,-0.2852,other
212230,0.3456,-0.3293,-0.8485,-4.416,-0.5703,-0.2656,other
212253,0.3715,-0.3339,-0.8564,-4.4531,-0.7012,-0.2402,other
212276,0.354,-0.3345,-0.8436,-4.3379,-0.918,-0.2266,other
212299,0.3483,-0.3318,-0.8295,-4.1309,-1.0664,-0.248,other
212322,0.3591,-0.3318,-0.8351,-3.6406,-1.2773,-0.3105,other
212345,0.3506,-0.334,-0.835,-3.0117,-1.4844,-0.3828,other
212368,0.3241,-0.3362,-0.8268,-2.582,-1.623,-0.4141,other
212391,0.3301,-0.3407,-0.8346,-2.0273,-1.7852,-0.3965,other
212414,0.3461,-0.339,-0.8394,-1.7773,-1.832,-0.3379,other
212437,0.3591,-0.3347,-0.8516,-1.6641,-1.8047,-0.2031,other
212460,0.3655,-0.33,-0.8632,-1.9043,-1.6992,-0.0645,other
212483,0.3396,-0.3259,-0.8405,-2.2441,-1.6309,0.0176,other
212506,0.3324,-0.3284,-0.8309,-2.9199,-1.5781,0.123,other
212529,0.339,-0.333,-0.845,-3.4062,-1.5801,0.1895,other
212552,0.348,-0.3333,-0.8601,-4.0879,-1.6387,0.2793,other
212575,0.3546,-0.3302,-0.8611,-4.4805,-1.7559,0.3379,other
212598,0.344,-0.3273,-0.8514,-4.9277,-1.8672,0.3574,other
212621,0.3385,-0.3291,-0.8604,-5.1602,-2.0645,0.3652,other
212644,0.3224,-0.3235,-0.8412,-5.1758,-2.2031,0.3711,other
212667,0.3196,-0.3265,-0.8384,-4.9785,-2.377,0.3984,other
212690,0.3434,-0.3341,-0.8546,-4.7031,-2.4395,0.4219,other
212713,0.3292,-0.3389,-0.8502,-4.1348,-2.4199,0.4297,other
212736,0.3496,-0.3374,-0.8397,-3.4648,-2.2441,0.377,other
212759,0.3528,-0.335,-0.8353,-3.0117,-2.043,0.3008,other
212782,0.3396,-0.3381,-0.8381,-2.3867,-1.6699,0.125,other
212805,0.345,-0.3367,-0.8368,-2.043,-1.3984,-0.0176,other
212828,0.3402,-0.337,-0.8364,-1.6875,-1.0195,-0.248,other
212851,0.3354,-0.3374,-0.8463,-1.5703,-0.707,-0.4609,other
212874,0.3376,-0.337,-0.8535,-1.6387,-0.5371,-0.5742,other
212897,0.3544,-0.3367,-0.8638,-1.9512,-0.3398,-0.6953,other
212920,0.3464,-0.3339,-0.8444,-2.2676,-0.2676,-0.7461,other
212943,0.3295,-0.3313,-0.8204,-2.8066,-0.2734,-0.7793,other
212966,0.3281,-0.3356,-0.8339,-3.1465,-0.3984,-0.7617,other
212989,0.3519,-0.3311,-0.8552,-3.5586,-0.5176,-0.7324,other
213012,0.3447,-0.3278,-0.8634,-3.8535,-0.7227,-0.6914,other
213035,0.342,-0.3347,-0.8641,-4.0,-0.8555,-0.6875,other
213058,0.3557,-0.3347,-0.8523,-4.1367,-1.0,-0.7305,other
213081,0.3301,-0.3376,-0.8174,-4.1484,-1.0645,-0.7969,other
213104,0.3346,-0.3417,-0.8146,-4.0,-1.1191,-0.9355,other
213127,0.3674,-0.3417,-0.8282,-3.666,-1.125,-1.0977,other
213150,0.3567,-0.3408,-0.8418,-3.4004,-1.1152,-1.2148,other
213173,0.3363,-0.3348,-0.8591,-3.0781,-1.1016,-1.375,other
213196,0.3424,-0.33,-0.8734,-2.9844,-1.0918,-1.4492,other
213219,0.3522,-0.3262,-0.863,-3.0703,-1.0879,-1.4844,other
213242,0.3346,-0.3279,-0.8385,-3.3496,-1.1504,-1.4297,other
213265,0.3273,-0.3344,-0.8253,-3.5527,-1.2402,-1.3555,other
213288,0.3491,-0.3361,-0.8453,-3.7656,-1.4082,-1.2246,other
213311,0.3627,-0.3356,-0.8521,-3.8223,-1.5273,-1.1465,other
213334,0.3649,-0.334,-0.8523,-3.7969,-1.6895,-1.0859,other
213357,0.3458,-0.3326,-0.8414,-3.6875,-1.8184,-1.084,other
213380,0.3273,-0.329,-0.8325,-3.5898,-1.873,-1.0898,other
213403,0.3142,-0.3368,-0.8268,-3.4258,-1.8906,-1.0508,other
213426,0.337,-0.3445,-0.8494,-3.3242,-1.8418,-0.9707,other
213449,0.3662,-0.3363,-0.854,-3.2461,-1.6777,-0.7832,other
213472,0.3508,-0.3367,-0.8466,-3.2773,-1.5332,-0.6289,other
213495,0.3419,-0.3342,-0.844,-3.4687,-1.291,-0.375,other
213518,0.3346,-0.3246,-0.8484,-3.8066,-1.0508,-0.1055,other
213541,0.342,-0.3198,-0.8708,-4.084,-0.918,0.0723,other
213564,0.3499,-0.3248,-0.8782,-4.5176,-0.8008,0.2969,other
213587,0.3491,-0.3306,-0.8619,-4.7656,-0.7832,0.3887,other
213610,0.3329,-0.3328,-0.8253,-4.9414,-0.8164,0.4062,other
213633,0.3451,-0.3373,-0.8279,-4.7461,-0.8516,0.2832,other
213656,0.3618,-0.3436,-0.8408,-4.3867,-0.8594,0.1348,other
213679,0.3441,-0.3431,-0.8394,-3.5996,-0.9023,-0.1562,other
213702,0.3275,-0.3385,-0.8367,-3.0,-0.9766,-0.3691,other
213725,0.3378,-0.3336,-0.8354,-2.1621,-1.1543,-0.6504,other
213748,0.3433,-0.3407,-0.8569,-1.5586,-1.3711,-0.8398,other
213771,0.3423,-0.3408,-0.854,-1.3457,-1.5195,-0.9082,other
213794,0.3441,-0.3376,-0.8441,-1.3262,-1.7168,-0.9355,other
213817,0.3394,-0.3373,-0.833,-1.4785,-1.8203,-0.9102,other
213840,0.3351,-0.3418,-0.8395,-1.8613,-1.9199,-0.8223,other
213863,0.3356,-0.338,-0.8408,-2.1699,-1.9453,-0.6992,other
213886,0.3416,-0.3347,-0.8435,-2.6504,-1.9082,-0.6152,other
213909,0.3495,-0.3365,-0.8564,-3.1152,-1.7813,-0.5098,other
213932,0.3574,-0.3357,-0.86,-3.4082,-1.6523,-0.4629,other
213955,0.34,-0.3344,-0.8489,-3.8008,-1.4375,-0.4336,other
213978,0.3365,-0.3354,-0.8362,-4.0098,-1.3066,-0.4336,other
214001,0.3372,-0.34,-0.8403,-4.2031,-1.1543,-0.4395,other
214024,0.3387,-0.3392,-0.8477,-4.2344,-1.0645,-0.4395,other
214047,0.3385,-0.3345,-0.847,-4.1816,-1.0391,-0.4355,other
214070,0.3339,-0.3339,-0.849,-4.0312,-1.0332,-0.4277,other
214093,0.3494,-0.3363,-0.8623,-3.9102,-1.0371,-0.4277,other
214116,0.3467,-0.3378,-0.8538,-3.7324,-1.0527,-0.4375,other
214139,0.3408,-0.34,-0.825,-3.5586,-1.0898,-0.4629,other
214162,0.339,-0.3423,-0.8164,-3.4336,-1.123,-0.4824,other
214185,0.3467,-0.3441,-0.8492,-3.2324,-1.168,-0.5059,other
214208,0.3606,-0.3351,-0.8588,-3.123,-1.1875,-0.5156,other
214231,0.3418,-0.3254,-0.8541,-3.0645,-1.2051,-0.5215,other
214254,0.3311,-0.3408,-0.8505,-3.1113,-1.2129,-0.502,other
214277,0.3417,-0.3433,-0.8502,-3.2891,-1.2012,-0.4668,other
214300,0.3357,-0.335,-0.8269,-3.5234,-1.1699,-0.3848,other
214323,0.3329,-0.3387,-0.8331,-3.668,-1.1523,-0.3125,other
214346,0.3472,-0.3378,-0.8575,-3.8379,-1.127,-0.1992,other
214369,0.3413,-0.3323,-0.8578,-3.9297,-1.1055,-0.1367,other
214392,0.3457,-0.3298,-0.8669,-4.043,-1.0508,-0.0918,other
214415,0.335,-0.3307,-0.8547,-4.1172,-0.9648,-0.1191,other
214438,0.3386,-0.3379,-0.8483,-4.1152,-0.8867,-0.1719,other
214461,0.356,-0.3429,-0.827,-3.9844,-0.7422,-0.2891,other
214484,0.3441,-0.3499,-0.8167,-3.791,-0.6348,-0.3926,other
214507,0.3472,-0.3466,-0.8136,-3.3535,-0.4609,-0.5684,other
214530,0.3569,-0.3408,-0.8274,-2.8555,-0.2734,-0.7402,other
214553,0.3566,-0.3342,-0.8591,-2.582,-0.1602,-0.8359,other
214576,0.351,-0.3351,-0.8711,-2.4121,-0.0488,-0.9297,other
214599,0.3478,-0.3337,-0.8577,-2.502,-0.0312,-0.9453,other
214622,0.3262,-0.3325,-0.8182,-2.8965,-0.1016,-0.8809,other
214645,0.3242,-0.3429,-0.8269,-3.2578,-0.2344,-0.7168,other
214668,0.3597,-0.3416,-0.8606,-3.8164,-0.3125,-0.5723,other
214691,0.3732,-0.3368,-0.8622,-4.3262,-0.4121,-0.3613,other
214714,0.3455,-0.3303,-0.8528,-4.625,-0.4902,-0.2578,other
214737,0.3334,-0.3297,-0.8436,-4.9746,-0.6484,-0.1641,other
214760,0.3387,-0.3302,-0.8553,-5.1152,-0.7773,-0.1348,other
214783,0.3364,-0.3448,-0.8594,-5.1504,-0.9805,-0.1367,other
214806,0.3544,-0.3517,-0.8042,-4.9551,-1.1348,-0.1934,other
214829,0.3683,-0.3551,-0.8582,-4.6914,-1.168,-0.2617,other
214852,0.4135,-0.3339,-1.0334,-4.1484,-1.0703,-0.3691,other
214875,0.3395,-0.3021,-0.9326,-3.7012,-0.8398,-0.373,other
214898,0.3252,-0.3164,-0.8784,-2.666,0.0918,-0.0723,other
214921,0.3591,-0.3387,-0.7781,-0.5996,2.1934,0.791,other
214944,0.3767,-0.3805,-0.7781,1.6406,4.3945,1.668,other
214967,0.3761,-0.4127,-0.777,6.3379,8.7773,3.2305,other
214990,0.389,-0.4275,-0.7651,10.1172,12.1367,4.2617,other
215013,0.3927,-0.4351,-0.7131,15.9902,17.0879,5.4883,other
215036,0.4048,-0.4398,-0.7321,20.5,20.9316,6.041,other
215059,0.4331,-0.4238,-0.7834,23.1992,22.377,5.9531,other
215082,0.4082,-0.4033,-0.7755,24.0957,22.3789,5.1543,other
215105,0.3857,-0.3889,-0.7777,22.8633,20.8555,4.2715,other
215128,0.3933,-0.3906,-0.7773,18.3633,16.4961,2.6484,other
215151,0.4056,-0.3879,-0.8173,13.873,12.4961,1.498,other
215174,0.4034,-0.3788,-0.8633,5.6367,5.5254,-0.1562,other
215197,0.3738,-0.3661,-0.8623,-3.3203,-1.752,-1.5547,other
215220,0.3607,-0.3571,-0.8542,-9.043,-6.3027,-2.2715,other
215243,0.3568,-0.3497,-0.8492,-16.3516,-12.0742,-2.957,other
215266,0.3602,-0.3602,-0.8826,-19.9668,-14.9863,-3.166,other
215289,0.3762,-0.3655,-0.8853,-23.1289,-17.8008,-3.2012,other
215312,0.3566,-0.3679,-0.8523,-23.541,-18.8457,-3.0391,other
215335,0.3136,-0.3685,-0.7854,-22.416,-18.6738,-2.875,other
215358,0.3273,-0.3853,-0.7764,-19.0332,-17.2793,-2.5762,other
215381,0.3733,-0.395,-0.7776,-15.9961,-15.7227,-2.3672,other
215404,0.375,-0.3909,-0.7804,-11.0312,-12.7891,-2.1074,other
215427,0.3672,-0.3715,-0.7975,-6.5684,-9.6055,-1.959,other
215450,0.3715,-0.3524,-0.8202,-4.3418,-7.5645,-1.9063,other
215473,0.3683,-0.3401,-0.8375,-2.5566,-4.8574,-1.832,other
215496,0.3749,-0.3383,-0.884,-2.4687,-3.3672,-1.7422,other
215519,0.3932,-0.3331,-0.8823,-3.7949,-1.668,-1.5098,other
215542,0.3857,-0.375,-0.861,-5.3789,-0.9199,-1.2695,other
215565,0.3547,-0.3481,-0.8187,-8.1797,-0.3652,-0.7109,other
215588,0.316,-0.3633,-0.8116,-10.7578,-0.3516,0.252,other
215611,0.3405,-0.3551,-0.8264,-12.0645,-0.5391,1.1543,other
215634,0.3412,-0.3521,-0.8481,-13.248,-1.0781,2.7637,other
215657,0.2974,-0.351,-0.8723,-13.5547,-1.75,3.873,other
215680,0.3323,-0.347,-0.8456,-13.4922,-3.623,5.3301,other
215703,0.3431,-0.337,-0.8845,-13.0195,-6.918,6.2305,other
215726,0.3506,-0.3464,-0.9064,-12.5684,-10.0469,6.4238,other
215749,0.275,-0.3361,-0.8582,-11.7949,-16.1523,6.1504,other
215772,0.224,-0.3448,-0.7754,-11.2344,-20.9297,5.7285,other
215795,0.2355,-0.3215,-0.9023,-10.3984,-28.4844,5.084,other
215818,0.2245,-0.3499,-0.8799,-9.9121,-35.8008,4.7793,other
215841,0.1783,-0.3419,-0.922,-9.9531,-39.8555,4.8437,other
215864,0.1943,-0.3223,-0.9777,-10.7227,-43.3867,5.3184,other
215887,0.2192,-0.3101,-0.8674,-11.6562,-43.5078,5.8047,other
215910,0.1824,-0.2379,-0.7274,-13.1641,-39.8125,6.502,other
215933,0.1498,-0.2639,-0.6718,-13.9062,-34.8262,6.9141,other
215956,0.1915,-0.2616,-0.7094,-14.5215,-24.4414,6.9785,other
215979,0.2513,-0.2218,-0.8245,-15.2812,-12.4941,6.6875,other
216002,0.2015,-0.3087,-1.1503,-16.6621,-5.1387,6.1953,other
216025,0.2207,-0.2714,-1.1407,-21.2441,2.4961,5.0332,other
216048,0.2283,-0.1953,-1.0049,-26.0703,4.418,3.9922,other
216071,0.1406,-0.1852,-0.9966,-34.623,2.752,1.9863,other
216094,0.1785,-0.2091,-0.9438,-42.1367,-2.334,-0.5801,other
216117,0.2363,-0.2009,-0.9304,-45.2012,-6.2578,-2.5898,other
216140,0.1981,-0.2114,-0.8944,-45.6328,-11.3867,-5.8828,other
216163,0.191,-0.2117,-0.906,-42.9941,-13.6582,-8.0352,other
216186,0.2164,-0.2162,-0.9143,-35.291,-14.6895,-10.7344,other
216209,0.2404,-0.2343,-0.8801,-24.6602,-12.8125,-12.3965,other
216232,0.2203,-0.257,-0.8744,-16.9531,-10.2871,-12.8379,other
216255,0.1407,-0.2565,-0.8374,-5.9004,-5.5547,-12.4883,other
216278,0.1877,-0.2446,-0.8691,0.4102,-2.5605,-11.5898,other
216301,0.2313,-0.2468,-0.9161,7.3711,-0.0664,-9.3672,other
216324,0.2483,-0.2489,-0.9783,10.0332,-1.7148,-6.4316,other
216347,0.1641,-0.2437,-0.9735,10.9922,-5.873,-4.2793,other
216370,0.0999,-0.2278,-0.9225,8.8848,-14.9785,-0.9316,other
216393,0.1086,-0.2195,-0.9399,6.373,-21.9082,1.3145,other
216416,0.0896,-0.2185,-0.9581,1.9844,-31.3301,4.5566,other
216439,0.0369,-0.2114,-0.9811,-0.8242,-35.9219,6.5254,other
216462,0.0546,-0.226,-1.0581,-4.1797,-39.4004,9.0273,other
216485,0.0134,-0.2314,-0.9408,-5.9746,-38.9902,10.8203,other
216508,0.0317,-0.2285,-0.8553,-6.0664,-36.9785,11.5312,other
216531,0.0223,-0.2224,-0.7708,-4.3555,-32.166,11.75,other
216554,0.0532,-0.2618,-0.855,-2.1113,-28.2969,11.2949,other
216577,0.0485,-0.261,-0.8918,2.0898,-22.4609,9.75,other
216600,-0.0057,-0.2777,-0.9366,5.8926,-17.4785,7.3477,other
216623,-0.0127,-0.2778,-0.9408,7.5156,-14.8203,5.3828,other
216646,0.0348,-0.2399,-0.8986,8.041,-11.8984,1.9453,other
216669,-0.021,-0.2189,-0.7999,7.125,-10.875,-0.6973,other
216692,0.0238,-0.2467,-0.9154,4.2871,-11.8496,-5.0937,other
216715,0.0444,-0.2332,-1.0236,1.6602,-17.4395,-9.5527,other
216738,0.0497,-0.2458,-1.1055,-3.1133,-23.6992,-12.166,other
216761,-0.0031,-0.2968,-1.1636,-8.4785,-34.5098,-14.873,other
216784,-0.1893,-0.3109,-1.0516,-12.0352,-40.4199,-15.5508,other
216807,-0.0266,-0.173,-0.9043,-16.5273,-43.6426,-14.7617,other
216830,0.1486,-0.1589,-0.8501,-18.4883,-40.75,-13.3965,other
216853,0.2347,-0.1863,-0.892,-19.6133,-28.9336,-11.1406,other
216876,0.146,-0.2233,-0.9355,-19.4141,-10.7129,-9.4258,other
216899,0.0782,-0.16,-0.845,-19.4609,3.1133,-8.5156,other
216922,0.0414,-0.1532,-0.9072,-21.2773,24.0449,-6.9648,other
216945,0.2065,-0.1018,-0.8477,-24.3516,37.0488,-5.5625,other
216968,0.3141,-0.0425,-0.8245,-32.334,53.4258,-2.9238,other
216991,0.2028,-0.045,-0.8728,-44.1016,63.998,0.0801,other
217014,0.0907,-0.062,-0.9474,-53.5742,63.998,2.293,other
217037,0.1311,0.079,-0.8792,-64.0,63.998,6.0684,other
217060,0.1686,0.033,-0.8501,-64.0,63.998,8.7773,other
217083,0.1305,0.0481,-0.8347,-64.0,56.2637,12.6445,other
217106,0.14,0.1599,-0.7683,-64.0,43.9473,15.6973,other
217129,0.1331,0.1522,-0.9061,-64.0,34.6211,17.0,other
217152,0.0505,0.145,-1.0194,-64.0,19.8711,17.5996,other
217175,0.0042,0.1523,-1.0477,-64.0,9.9609,17.0781,other
217198,0.1292,0.2323,-0.9182,-64.0,-4.0215,14.9414,other
217221,0.1943,0.2657,-0.7534,-64.0,-12.2441,12.6035,other
217244,0.1237,0.2866,-0.694,-64.0,-22.5352,7.8848,other
217267,0.0331,0.3405,-0.6732,-64.0,-29.9922,2.4023,other
217290,0.042,0.4215,-0.7589,-64.0,-33.1426,-1.1719,other
217313,0.02,0.4674,-0.7795,-60.8633,-35.3027,-5.8262,other
217336,-0.0303,0.4814,-0.7412,-51.9609,-35.4531,-8.3066,other
217359,0.0736,0.507,-0.7629,-41.873,-34.5039,-11.1484,other
217382,0.1921,0.5319,-0.8265,-37.0508,-33.127,-13.2715,other
217405,0.1244,0.4845,-0.8159,-36.9844,-32.5195,-14.4492,other
217428,-0.0787,0.4489,-0.9233,-41.0176,-32.1113,-15.7715,other
217451,0.0056,0.4502,-0.777,-45.6152,-31.5137,-16.1621,other
217474,-0.0269,0.3993,-0.7633,-53.2031,-28.4629,-15.7852,other
217497,-0.0345,0.3843,-0.7797,-59.0332,-21.6289,-14.3105,other
217520,0.0215,0.3677,-0.8298,-60.9707,-15.0625,-12.959,other
217543,0.0564,0.3676,-0.7991,-60.375,-3.5586,-11.0273,other
217566,0.0854,0.351,-0.8053,-57.627,4.1445,-10.1621,other
217589,0.0791,0.3573,-0.7729,-50.3262,14.1523,-9.8379,other
217612,0.0677,0.3729,-0.7721,-43.7012,19.1719,-10.2539,other
217635,0.1487,0.3597,-0.7866,-31.9805,23.6914,-11.5449,other
217658,0.1936,0.3567,-0.8226,-19.457,24.4082,-13.2246,other
217681,0.1233,0.3805,-0.7402,-11.4277,22.8535,-14.3164,other
217704,0.0898,0.3975,-0.6597,-0.709,18.2109,-15.4316,other
217727,0.1096,0.4293,-0.6639,5.2422,14.2676,-15.5391,other
217750,0.0553,0.4647,-0.7594,11.9082,8.1875,-14.377,other
217773,0.0369,0.4641,-0.7871,15.2988,2.8613,-11.4863,other
217796,0.0402,0.4572,-0.7769,15.5605,0.0547,-8.6914,other
217819,0.0387,0.4653,-0.725,13.1934,-2.7969,-3.6074,other
217842,0.0393,0.447,-0.6888,10.2051,-3.7148,0.0469,other
217865,0.0264,0.4301,-0.7196,4.498,-3.6504,5.3066,other
217888,0.0225,0.4167,-0.7747,-1.832,-2.2187,9.6191,other
217911,0.0911,0.421,-0.7794,-6.0801,-0.832,11.6699,other
217934,0.1196,0.4304,-0.7375,-12.0859,1.2969,13.2559,other
217957,0.0918,0.4172,-0.6151,-15.5703,2.4746,13.334,other
217980,0.0403,0.3733,-0.9974,-19.6309,3.752,12.3555,other
218003,0.0679,0.4711,-0.7502,-21.4609,4.3652,10.793,other
218026,0.1132,0.4261,-0.7821,-22.5918,5.1797,9.5703,other
218049,0.127,0.4152,-0.7557,-21.5332,5.9316,8.0156,other
218072,0.1224,0.4174,-0.7458,-19.7031,6.2812,7.1289,other
218095,0.1333,0.4519,-0.6521,-15.7227,6.377,5.9551,other
218118,0.1753,0.4495,-0.6683,-12.6074,6.1406,5.1934,other
218141,0.0747,0.4608,-0.7317,-7.8984,5.7227,3.9785,other
218164,0.1348,0.4689,-0.99,-3.8652,6.166,2.6855,other
218187,0.1589,0.4434,-0.7246,-1.8965,6.8711,1.8359,other
218210,0.1012,0.4513,-0.6606,-0.4453,7.5703,0.5449,other
218233,0.0967,0.5029,-0.7865,-0.6855,7.2637,-0.4219,other
218256,0.0166,0.526,-0.7739,-3.0215,4.9687,-2.1328,other
218279,0.1097,0.5142,-0.7485,-7.5215,0.9004,-4.1172,other
218302,0.1042,0.5165,-0.7064,-11.4258,-2.0664,-5.5059,other
218325,0.0869,0.5503,-0.7334,-18.0117,-5.6699,-7.5293,other
218348,0.0724,0.5603,-0.7582,-22.5,-6.9277,-8.75,other
218371,0.0378,0.5017,-0.7086,-28.877,-6.877,-10.2461,other
218394,0.0015,0.42,-0.6918,-32.7559,-6.0566,-11.1621,other
218417,0.0551,0.4757,-0.6116,-37.8984,-5.1016,-11.3555,other
218440,0.0387,0.4755,-0.7324,-41.8047,-5.8711,-10.9434,other
218463,0.0156,0.5983,-0.8107,-43.2344,-7.5234,-10.2148,other
218486,0.0854,0.6165,-0.59,-42.3125,-10.7266,-8.6895,other
218509,0.0444,0.6005,-0.6045,-38.7813,-12.3828,-7.6113,other
218532,0.0769,0.5449,-0.7148,-28.3848,-12.5586,-6.2363,other
218555,0.0383,0.5002,-0.6345,-12.6992,-8.873,-5.4062,other
218578,0.0149,0.4856,-0.5725,-0.4473,-4.1367,-5.2598,other
218601,0.1522,0.4856,-0.5826,18.2637,5.873,-5.8555,other
218624,0.2782,0.4376,-0.7736,29.4629,13.7012,-6.9687,other
218647,0.2483,0.4028,-0.7914,41.998,25.3711,-9.9277,other
218670,0.1348,0.3921,-0.7726,47.7266,35.1543,-14.1309,other
218693,0.0404,0.3917,-0.6793,47.6855,40.0859,-17.1016,other
218716,-0.0106,0.3679,-0.7142,42.9551,44.9766,-20.8027,other
218739,-0.0245,0.3635,-0.79,37.6504,46.5781,-22.3027,other
218762,0.0468,0.4451,-0.6942,28.1816,46.3164,-22.793,other
218785,0.155,0.4996,-0.5087,21.8535,42.5879,-21.4492,other
218808,0.2225,0.4673,-0.7197,13.7168,38.291,-19.9473,other
218831,0.2747,0.434,-0.8573,7.6523,29.8418,-17.543,other
218854,0.2723,0.429,-0.8584,4.4668,23.4668,-16.1797,other
218877,0.233,0.4358,-0.8185,0.4492,13.877,-14.6875,other
218900,0.135,0.4677,-0.6908,-1.8105,7.9238,-13.9141,other
218923,0.0491,0.4679,-0.7068,-4.4004,-0.0078,-12.5273,other
218946,0.0222,0.4214,-0.816,-5.9316,-7.0,-10.1113,other
218969,-0.0487,0.4508,-0.7566,-6.5059,-11.7246,-7.6016,other
218992,-0.0286,0.5079,-0.6143,-6.9082,-20.0547,-2.3086,other
219015,0.0476,0.4919,-0.7498,-6.9219,-26.8223,2.0879,other
219038,0.0865,0.4661,-0.8274,-6.8086,-38.6406,9.2793,other
219061,0.0607,0.444,-0.8046,-6.9902,-51.1191,16.1289,other
219084,0.0389,0.4369,-0.7466,-7.3828,-58.6777,20.0586,other
219107,0.0389,0.439,-0.7086,-8.1582,-64.0,24.7227,other
219130,-0.006,0.4384,-0.6835,-8.6035,-64.0,27.0176,other
219153,-0.0776,0.4227,-0.7521,-8.9766,-64.0,29.4082,other
219176,-0.092,0.4119,-0.8617,-9.0645,-63.5605,30.7324,other
219199,-0.0057,0.4257,-0.7479,-9.1074,-57.2109,31.0137,other
219222,0.0416,0.4288,-0.6447,-9.0195,-46.1484,30.3184,other
219245,-0.0291,0.4417,-0.7501,-8.8066,-38.9336,28.9805,other
219268,0.0443,0.5065,-0.8502,-8.2461,-29.6602,25.6816,other
219291,0.0278,0.4934,-0.7151,-7.7246,-24.8047,22.8008,other
219314,0.0615,0.5051,-0.6095,-6.7539,-19.4668,17.9551,other
219337,0.0343,0.4861,-0.7089,-5.8027,-16.0,13.1699,other
219360,-0.0695,0.5309,-0.8217,-5.377,-14.209,10.3828,other
219383,-0.0951,0.5083,-0.8239,-5.2324,-10.9062,7.1523,other
219406,0.0983,0.4304,-0.696,-5.5625,-7.7266,5.7187,other
219429,0.1184,0.4662,-0.6522,-6.9902,-1.7266,4.6973,other
219452,0.075,0.5352,-0.7737,-9.7246,5.0586,4.8613,other
219475,-0.0255,0.5465,-0.7516,-12.1758,10.1582,5.418,other
219498,0.1185,0.4783,-0.6489,-16.5879,19.2988,6.5605,other
219521,0.0787,0.4009,-0.4075,-20.0488,26.1309,7.3496,other
219544,0.1982,0.4629,-0.9331,-26.2266,35.959,8.3008,other
219567,0.0541,0.5887,-0.6965,-33.2539,42.998,8.6172,other
219590,0.0956,0.5935,-0.6777,-37.625,45.2051,8.3418,other
219613,0.163,0.5582,-0.5833,-42.3242,44.1602,7.1973,other
219636,0.157,0.5551,-0.5735,-43.6777,40.5527,6.043,other
219659,0.0972,0.5824,-0.572,-42.6465,31.6172,3.8906,other
219682,0.1145,0.6345,-0.6449,-39.9512,24.2754,2.2246,other
219705,0.2488,0.6798,-0.6439,-33.3262,13.127,-0.5254,other
219728,0.1101,0.5454,-0.7762,-24.5859,4.0723,-3.123,other
219751,0.0046,0.521,-0.79,-18.3047,0.4082,-4.2695,other
219774,0.0215,0.5011,-0.7719,-8.9961,-0.1855,-4.4473,other
219797,0.0231,0.4904,-0.7179,-2.9551,2.6484,-3.5156,other
219820,0.1101,0.4554,-0.6122,6.123,10.0664,-1.2227,other
219843,0.1932,0.4161,-0.6156,15.541,18.2109,0.7656,other
219866,0.1074,0.375,-0.6836,21.918,22.4668,1.2285,other
219889,0.0647,0.3716,-0.6729,30.9961,25.668,0.1816,other
219912,0.127,0.3971,-0.6351,36.252,25.4199,-1.627,other
219935,0.2358,0.4375,-0.5674,42.2109,21.6816,-5.6113,other
219958,0.2448,0.449,-0.7316,45.1641,14.8242,-10.4512,other
219981,0.1732,0.4486,-0.8638,45.0938,9.248,-13.6582,other
220004,0.08,0.448,-0.8552,41.6289,0.5645,-17.5742,other
220027,0.0574,0.4594,-0.7085,37.3105,-4.7422,-19.1758,other
220050,0.1165,0.4603,-0.5886,28.9688,-10.8633,-19.7793,other
220073,0.131,0.4374,-0.7042,22.9531,-13.2969,-18.0938,other
220096,0.1279,0.4384,-0.7559,14.1113,-14.3691,-16.9023,other
220119,0.1573,0.4506,-0.7552,5.7754,-12.8633,-13.9316,other
220142,0.1093,0.4839,-1.0128,0.5254,-10.8008,-11.7969,other
220165,0.0769,0.5648,-0.6815,-6.584,-6.4727,-8.6172,other
220188,0.1244,0.5193,-0.738,-10.334,-2.748,-6.6211,other
220211,0.1852,0.4723,-0.676,-13.8281,4.0098,-3.9609,other
220234,0.1362,0.4438,-0.7769,-14.793,11.373,-1.7715,other
220257,0.1743,0.4314,-0.7769,-14.3633,16.125,-0.5859,other
220280,0.2054,0.4297,-0.7494,-12.8496,22.4141,0.7773,other
220303,0.2025,0.4631,-0.6486,-11.7012,25.6719,1.3828,other
220326,0.1802,0.4813,-0.6989,-10.3574,28.7559,1.75,other
220349,0.1986,0.4838,-0.7394,-9.8418,29.8477,1.4004,other
220372,0.2035,0.4904,-0.679,-9.998,29.8262,0.7871,other
220395,0.1974,0.4977,-0.6682,-10.8047,29.3809,-0.5684,other
220418,0.2137,0.4899,-0.6587,-11.5586,29.1289,-1.6426,other
220441,0.223,0.4946,-0.658,-12.7051,29.0313,-3.2539,other
220464,0.2205,0.4962,-0.6592,-13.3164,29.0781,-4.5508,other
220487,0.2246,0.4723,-0.7277,-13.7754,28.959,-5.0977,other
220510,0.251,0.4641,-0.7192,-13.5684,27.9492,-5.332,other
220533,0.2141,0.4817,-0.6404,-13.0391,26.3945,-5.0977,other
220556,0.2119,0.5034,-0.6107,-11.5977,22.6328,-4.2461,other
220579,0.1926,0.5074,-0.653,-10.1445,19.498,-3.3984,other
220602,0.2756,0.4742,-0.7617,-7.1855,14.8984,-1.6914,other
220625,0.2812,0.4474,-0.7783,-3.4336,11.4902,0.668,other
220648,0.2281,0.439,-0.7506,-0.6523,10.1152,2.6465,other
220671,0.342,0.4609,-0.568,3.6387,9.0957,6.1367,other
220694,0.285,0.4518,-0.6494,6.4258,8.668,8.6953,other
220717,0.2714,0.4253,-0.7118,10.3555,7.8848,12.5781,other
220740,0.2924,0.4438,-0.7437,14.0449,6.6934,16.0703,other
220763,0.2729,0.4476,-0.7427,16.4434,5.4473,17.9609,other
220786,0.2629,0.4357,-0.7576,20.0254,2.6719,19.9199,other
220809,0.2568,0.4102,-0.8793,22.459,0.457,20.5547,other
220832,0.3621,0.3574,-1.0371,26.332,-2.5801,20.4297,other
220855,0.3536,0.3411,-0.8839,29.2539,-4.6641,19.2383,other
220878,0.3292,0.2958,-0.7301,34.8262,-5.7871,18.2031,other
220901,0.3503,0.2421,-0.708,42.5859,-6.2812,17.1504,other
220924,0.3702,0.1914,-0.7786,48.9375,-5.7871,17.3633,other
220947,0.382,0.1482,-0.8086,59.2129,-3.6543,19.9395,other
220970,0.3834,0.1125,-0.8068,63.998,-1.4063,23.4727,other
220993,0.3746,0.0989,-0.7732,63.998,2.8906,31.4512,other
221016,0.3577,0.0901,-0.7653,63.998,8.0469,41.8203,other
221039,0.3605,0.0382,-0.7346,63.998,11.9258,49.2754,other
221062,0.3906,0.0151,-0.7462,63.998,18.2637,59.6777,other
221085,0.4484,-0.0042,-0.783,63.998,22.4082,63.998,other
221108,0.5104,-0.022,-0.8738,63.998,27.1543,63.998,other
221131,0.5133,-0.0261,-0.8573,54.8965,28.5391,63.998,other
221154,0.5148,-0.0233,-0.7834,48.0684,27.2559,63.998,other
221177,0.4969,-0.0361,-0.7847,38.5195,22.4922,57.1465,other
221200,0.4651,-0.0604,-0.8452,33.3594,17.918,50.8086,other
221223,0.4065,-0.067,-0.8311,28.2441,9.8613,41.6055,other
221246,0.3735,-0.0948,-0.8215,26.7852,1.4434,34.4102,other
221269,0.3763,-0.1001,-0.7921,27.4512,-3.9805,31.1855,other
221292,0.3822,-0.1093,-0.8063,30.9863,-11.9883,28.6152,other
221315,0.4229,-0.1577,-0.938,34.4355,-17.5371,28.0332,other
221338,0.3793,-0.1487,-0.9115,40.2578,-26.4766,27.9531,other
221361,0.293,-0.1718,-0.8087,44.0547,-32.5313,27.9297,other
221384,0.2725,-0.2131,-0.7734,49.0371,-40.2227,27.3594,other
221407,0.3312,-0.2606,-0.7791,52.7344,-44.0957,25.8008,other
221430,0.3552,-0.2819,-0.7783,54.2383,-43.8906,24.1445,other
221453,0.3782,-0.3037,-0.8723,54.6094,-39.5879,20.7715,other
221476,0.3732,-0.3088,-0.9247,53.3262,-34.6504,18.0234,other
221499,0.376,-0.3018,-0.8527,48.8789,-25.6055,13.4316,other
221522,0.3746,-0.3053,-0.8287,41.7695,-16.4121,8.6992,other
221545,0.3271,-0.3027,-0.7726,36.0254,-11.0762,5.7031,other
221568,0.3218,-0.2904,-0.8479,26.7305,-5.1484,1.7461,other
221591,0.2987,-0.2843,-0.9143,20.4785,-2.9062,-0.4277,other
221614,0.2339,-0.2634,-0.8829,11.5332,-2.2539,-2.9531,other
221637,0.1912,-0.2578,-0.9119,3.6387,-4.3848,-4.7129,other
221660,0.2969,-0.2507,-1.066,-0.7012,-7.0566,-5.6289,other
221683,0.3496,-0.2434,-1.1038,-5.7598,-12.9492,-6.9766,other
221706,0.2015,-0.2509,-0.9191,-7.9473,-17.9766,-7.9766,other
221729,0.1365,-0.2725,-0.7839,-8.9141,-25.7754,-9.5,other
221752,0.2013,-0.3042,-0.7218,-7.7656,-30.0156,-10.3633,other
221775,0.2983,-0.316,-0.6636,-3.5059,-33.502,-11.2793,other
221798,0.3401,-0.3495,-0.7833,2.6348,-32.8594,-11.793,other
221821,0.3785,-0.3597,-0.9515,6.6973,-30.252,-11.9453,other
221844,0.3387,-0.324,-0.9348,10.9531,-24.0137,-11.832,other
221867,0.2317,-0.2665,-0.8518,11.8945,-18.9668,-11.4199,other
221890,0.1461,-0.2527,-0.858,10.2891,-10.8574,-10.0586,other
221913,0.1837,-0.2592,-0.8934,5.7734,-2.707,-7.7168,other
221936,0.3115,-0.2585,-0.9336,1.748,2.3418,-5.7852,other
221959,0.3368,-0.2604,-0.981,-4.832,8.4512,-2.8945,other
221982,0.2869,-0.2599,-1.0027,-9.0469,11.1035,-1.2832,other
222005,0.2527,-0.26,-0.9469,-14.2637,12.7695,0.3887,other
222028,0.2736,-0.2599,-0.8578,-17.2363,12.2734,1.127,other
222051,0.2891,-0.2614,-0.8336,-17.6094,11.2637,1.1309,other
222074,0.2903,-0.2668,-0.8506,-15.7031,9.416,0.4902,other
222097,0.2943,-0.2758,-0.8834,-13.0723,8.2441,-0.291,other
222120,0.2898,-0.2831,-0.8845,-7.918,6.832,-1.8223,other
222143,0.2781,-0.2957,-0.8501,-4.1914,6.2227,-3.9687,other
222166,0.3014,-0.3132,-0.8594,1.1465,5.9687,-4.6914,other
222189,0.3455,-0.3114,-0.8474,5.6367,6.4062,-6.2637,other
222212,0.3181,-0.2925,-0.7939,7.9805,6.8477,-7.1641,other
222235,0.3016,-0.2991,-0.8176,10.4375,7.4395,-8.1758,other
222258,0.3433,-0.3052,-0.8501,11.3437,7.6641,-8.5469,other
222281,0.3767,-0.2909,-0.8602,11.5801,7.4961,-8.5723,other
222304,0.4098,-0.314,-0.9618,10.5371,6.5996,-7.9629,other
222327,0.4053,-0.2988,-0.9913,9.2969,5.8359,-7.1914,other
222350,0.3232,-0.2933,-0.9843,7.1328,5.2656,-5.4336,other
222373,0.2227,-0.2958,-0.8792,5.8535,5.7012,-3.8262,other
222396,0.3506,-0.3274,-0.8678,4.8613,7.9453,-0.8223,other
222419,0.4187,-0.3635,-0.8599,5.7871,11.7754,2.4453,other
222442,0.3447,-0.3864,-0.7772,7.748,14.75,4.4082,other
222465,0.3213,-0.3962,-0.7411,12.5859,19.1406,6.6172,other
222488,0.4055,-0.415,-0.7303,16.7207,21.6602,7.4531,other
222511,0.4437,-0.4301,-0.7764,23.3008,24.209,7.6035,other
222534,0.4163,-0.4246,-0.777,27.2227,24.8145,6.457,other
222557,0.3771,-0.4207,-0.7758,31.2559,23.9785,5.1406,other
222580,0.4218,-0.4189,-0.777,32.1543,21.3242,2.748,other
222603,0.4254,-0.4098,-0.781,30.8438,18.7949,1.0977,other
222626,0.3787,-0.4048,-0.7866,26.2852,14.375,-1.1797,other
222649,0.3887,-0.4014,-0.8145,21.8828,11.4023,-2.4199,other
222672,0.4138,-0.3983,-0.8053,14.0898,7.5215,-3.6895,other
222695,0.4084,-0.3962,-0.806,6.0352,4.7754,-4.2246,other
222718,0.4712,-0.3965,-0.8,1.1309,3.6816,-4.2324,other
222741,0.4784,-0.402,-0.7827,-4.8203,3.0312,-3.8594,other
222764,0.4149,-0.3967,-0.7764,-7.6211,3.043,-3.4141,other
222787,0.3398,-0.4036,-0.7783,-10.0195,3.3398,-2.4707,other
222810,0.3938,-0.406,-0.7844,-10.5645,3.709,-1.2129,other
222833,0.4969,-0.4089,-0.778,-10.1602,3.8691,-0.3027,other
222856,0.4526,-0.4073,-0.762,-8.8535,3.5645,0.9043,other
222879,0.3854,-0.3992,-0.7378,-7.791,2.7832,1.498,other
222902,0.3113,-0.3988,-0.7865,-6.3848,0.7617,2.0508,other
222925,0.3585,-0.3912,-0.864,-5.8203,-1.8711,2.2676,other
222948,0.4261,-0.3701,-0.8987,-5.791,-3.0996,2.207,other
222971,0.4666,-0.3669,-0.8549,-6.6914,-4.5625,1.6836,bite
222994,0.4523,-0.3802,-0.7914,-7.5957,-5.0586,0.9961,bite
223017,0.3695,-0.4044,-0.7756,-8.9004,-5.1543,-0.4434,bite
223040,0.3422,-0.4197,-0.7793,-9.4668,-4.7383,-1.4961,bite
223063,0.426,-0.3953,-0.7769,-9.6035,-3.2969,-2.9414,bite
223086,0.5061,-0.3912,-0.7773,-8.8223,-1.2813,-4.2383,bite
223109,0.4849,-0.3899,-0.7769,-7.8809,-0.0605,-5.1426,bite
223132,0.4459,-0.3838,-0.7676,-6.1543,1.1895,-6.6152,bite
223155,0.432,-0.3671,-0.7787,-5.0508,1.6777,-7.5723,bite
223178,0.4114,-0.3525,-0.8156,-3.9785,2.0703,-8.6523,bite
223201,0.4504,-0.3525,-0.902,-4.1875,1.9609,-8.9648,bite
223224,0.4645,-0.3542,-0.9111,-5.207,1.5273,-8.6426,bite
223247,0.4102,-0.3295,-0.8508,-7.791,0.6133,-7.334,bite
223270,0.3755,-0.3241,-0.8523,-9.7969,0.2187,-5.9336,bite
223293,0.4222,-0.3331,-0.913,-12.4082,0.4434,-3.1758,bite
223316,0.4766,-0.3395,-0.9216,-13.4961,1.5684,0.0,bite
223339,0.5449,-0.3574,-0.9388,-13.6543,2.6035,2.0918,bite
223362,0.575,-0.3688,-0.9982,-11.6387,4.1699,4.8984,bite
223385,0.6071,-0.3954,-1.0054,-8.9668,5.0195,6.5195,bite
223408,0.5735,-0.4484,-0.9834,-2.918,5.9434,8.793,bite
223431,0.6548,-0.5479,-1.1144,2.418,6.4277,10.4414,bite
223454,0.7609,-0.5992,-1.0063,12.0566,7.0039,13.4922,bite
223477,0.7389,-0.5928,-0.7388,23.2422,7.2539,17.5488,bite
223500,0.5558,-0.6252,-0.7062,31.3418,7.291,21.0293,bite
223523,0.4437,-0.6932,-0.7924,43.6504,7.6719,27.9863,bite
223546,0.4923,-0.7335,-0.8385,51.123,8.4746,34.0898,bite
223569,0.5052,-0.7438,-0.7848,59.7031,10.4551,45.457,bite
223592,0.5315,-0.7295,-0.6438,63.998,12.5273,58.7539,bite
223615,0.5261,-0.7286,-0.5471,63.998,13.4961,63.998,bite
223638,0.4471,-0.7257,-0.558,62.4102,14.1445,63.998,bite
223661,0.3729,-0.7201,-0.6094,59.1797,14.1953,63.998,bite
223684,0.3696,-0.7119,-0.6752,52.0723,13.9941,63.998,bite
223707,0.2798,-0.6848,-0.551,42.5938,13.6504,63.998,bite
223730,0.1857,-0.6586,-0.4191,36.0898,13.5527,63.998,bite
223753,0.1173,-0.6624,-0.4265,26.0195,14.0586,63.998,bite
223776,0.0896,-0.6223,-0.4154,19.6543,14.9687,63.998,bite
223799,-0.007,-0.6202,-0.5299,10.5293,17.0273,63.998,bite
223822,-0.0183,-0.6396,-0.6686,4.3809,18.6387,63.998,bite
223845,0.0366,-0.6205,-0.605,-5.5547,20.957,63.998,bite
223868,-0.0325,-0.5986,-0.5573,-16.4238,22.5957,63.998,bite
223891,-0.1097,-0.6099,-0.6055,-23.873,23.2051,63.998,bite
223914,-0.0917,-0.6057,-0.6486,-34.7441,23.668,63.998,bite
223937,-0.0844,-0.6001,-0.7252,-41.5137,23.834,63.998,bite
223960,-0.092,-0.6029,-0.7424,-50.6113,23.9648,63.998,other
223983,-0.1107,-0.6033,-0.7046,-58.1426,23.9805,63.998,other
224006,-0.1283,-0.6011,-0.6965,-62.168,23.9375,63.998,other
224029,-0.0271,-0.5752,-0.6898,-64.0,23.8125,63.998,other
224052,0.0564,-0.6027,-0.8473,-64.0,23.623,63.998,other
224075,-0.0031,-0.573,-0.8312,-64.0,22.9375,63.998,other
224098,-0.0538,-0.5583,-0.8536,-64.0,21.8574,58.1055,other
224121,-0.0774,-0.527,-1.0281,-64.0,21.1719,52.373,other
224144,-0.0585,-0.4445,-0.9702,-64.0,20.5098,45.332,other
224167,-0.0304,-0.3667,-0.7687,-64.0,20.4063,41.6582,other
224190,-0.095,-0.3633,-0.9026,-64.0,20.6152,37.4023,other
224213,-0.0559,-0.3083,-0.9473,-64.0,20.7617,34.2051,other
224236,-0.1444,-0.421,-1.338,-58.502,20.6758,32.4902,other
224259,0.0763,-0.0793,-0.7013,-48.0586,20.1875,30.0,other
224282,-0.0955,-0.1952,-0.7131,-39.041,19.6055,28.209,other
224305,-0.0028,-0.1603,-0.4998,-22.1699,18.4531,25.0469,other
224328,-0.3101,-0.4635,-1.2428,-9.3945,17.623,22.5625,other
224351,-0.1039,-0.391,-0.8572,9.6289,16.4609,18.207,other
224374,0.0063,-0.4843,-0.6342,26.6523,15.0605,12.5039,other
224397,-0.0391,-0.6177,-0.5524,36.9121,13.5488,7.4258,other
224420,-0.0887,-0.7092,-0.3983,51.3535,10.0,-2.8555,other
224443,-0.1252,-0.7423,-0.1489,60.6289,6.9141,-11.8027,other
224466,-0.1628,-0.6283,0.0884,63.998,1.8086,-28.5547,other
224489,-0.1481,-0.5031,-0.0254,63.998,-3.5527,-48.6602,other
224512,0.0339,-0.4003,-0.3862,63.998,-7.6934,-63.1074,other
224535,0.2798,-0.3484,-0.7303,63.998,-16.3262,-64.0,other
224558,0.4547,-0.3744,-0.9774,63.998,-24.4863,-64.0,other
224581,0.5657,-0.4291,-1.0757,53.5957,-40.5234,-64.0,other
224604,0.618,-0.4669,-1.0457,30.6387,-52.8223,-64.0,other
224627,0.4734,-0.443,-0.8572,-9.3437,-64.0,-64.0,other
224650,0.3683,-0.4127,-0.7847,-49.0215,-64.0,-64.0,other
224673,0.3879,-0.4166,-0.9939,-64.0,-64.0,-64.0,other
224696,0.4797,-0.4407,-1.1608,-64.0,-64.0,-64.0,other
224719,0.5505,-0.3862,-1.127,-64.0,-60.0625,-64.0,other
224742,0.4799,-0.2844,-1.0448,-64.0,-36.5684,-64.0,other
224765,0.3568,-0.2549,-1.0831,-64.0,-11.416,-64.0,other
224788,0.3282,-0.2573,-1.0641,-64.0,4.1172,-64.0,other
224811,0.4613,-0.2615,-1.1073,-64.0,23.1191,-64.0,other
224834,0.6777,-0.2592,-1.1678,-64.0,31.6719,-64.0,other
224857,0.7587,-0.246,-1.1958,-60.2734,36.6484,-50.4297,other
224880,0.5602,-0.2286,-1.1107,-46.0996,32.1348,-38.9238,other
224903,0.328,-0.1196,-0.7391,-36.9961,25.2305,-32.4883,other
224926,0.2207,-0.1168,-0.6573,-22.793,12.6406,-23.6699,other
224949,0.222,-0.1429,-0.8336,-12.7207,4.625,-18.0254,other
224972,0.2876,-0.175,-1.0117,2.1855,-5.5391,-10.3164,other
224995,0.3503,-0.1764,-0.9919,10.7676,-14.4863,-4.9219,other
225018,0.3501,-0.1901,-0.8447,19.8438,-20.5801,-3.3633,other
225041,0.276,-0.2201,-0.8127,23.7637,-30.332,-4.4316,other
225064,0.2509,-0.2939,-0.9235,23.8184,-36.5254,-7.1191,other
225087,0.3076,-0.2635,-1.0621,20.8008,-44.1113,-13.082,other
225110,0.3472,-0.3116,-1.2289,17.0566,-47.834,-17.6621,other
225133,0.2135,-0.2706,-1.0083,9.5273,-51.9297,-24.2188,other
225156,0.075,-0.2502,-0.8226,1.4863,-54.0195,-28.832,other
225179,0.038,-0.2559,-0.85,-2.8906,-53.459,-30.1172,other
225202,0.1021,-0.2552,-0.8634,-6.7187,-48.8066,-29.0137,other
225225,0.215,-0.2585,-0.8407,-7.2988,-43.4219,-26.543,other
225248,0.2412,-0.2604,-0.8395,-5.7695,-33.3281,-21.3242,other
225271,0.2037,-0.2614,-0.8433,-2.6543,-22.6152,-15.7285,other
225294,0.2247,-0.2594,-0.9182,-0.5273,-15.8418,-12.3926,other
225317,0.2432,-0.2443,-0.9501,1.6074,-7.0508,-8.502,other
225340,0.2295,-0.2263,-0.9469,1.8965,-2.5469,-6.7676,other
225363,0.1725,-0.2039,-0.9166,0.4687,1.7754,-5.3672,other
225386,0.1263,-0.1953,-0.9382,-1.4902,3.4512,-5.0,other
225409,0.0812,-0.2057,-0.9421,-5.2422,3.4883,-5.0547,other
225432,0.1013,-0.2195,-0.9463,-9.0039,2.6719,-5.2617,other
225455,0.209,-0.2296,-0.9205,-11.0195,1.9336,-5.4316,other
225478,0.2814,-0.2367,-0.9,-12.7422,0.8789,-5.8789,other
225501,0.2733,-0.2496,-0.8838,-12.8457,0.2598,-6.4258,other
225524,0.2627,-0.2601,-0.8914,-11.4531,-0.4922,-7.6523,other
225547,0.2365,-0.2477,-0.8541,-8.6582,-0.9063,-9.0762,other
225570,0.2241,-0.2323,-0.8524,-6.4023,-0.8984,-9.8789,other
225593,0.2378,-0.224,-0.9257,-3.1289,-0.377,-10.4902,other
225616,0.2174,-0.2203,-0.9717,-1.4277,0.2285,-10.373,other
225639,0.1825,-0.2123,-0.9467,-0.0859,1.2031,-9.3496,other
225662,0.191,-0.204,-0.9313,-0.2695,2.0137,-7.4414,other
225685,0.2085,-0.214,-0.938,-1.0273,2.4102,-5.8477,other
225708,0.2131,-0.2269,-0.9496,-2.5996,2.7031,-3.3379,other
225731,0.2039,-0.2336,-0.9274,-3.6211,2.6621,-1.7969,other
225754,0.2357,-0.2454,-0.9172,-4.666,2.2539,0.0527,other
225777,0.2532,-0.2556,-0.8984,-4.8691,1.4512,1.1855,other
225800,0.2422,-0.2606,-0.8905,-4.375,0.707,1.541,other
225823,0.2211,-0.2576,-0.8754,-3.127,-0.6797,1.6191,other
225846,0.1909,-0.2444,-0.854,-2.0977,-1.7324,1.5137,other
225869,0.1768,-0.239,-0.8617,-0.6484,-3.3398,1.3887,other
225892,0.1866,-0.2307,-0.8845,0.0176,-4.3184,1.4492,other
225915,0.1924,-0.2234,-0.9041,0.2285,-5.5527,1.8418,other
225938,0.171,-0.2126,-0.9109,-0.7207,-6.5234,2.5605,other
225961,0.1553,-0.2023,-0.9198,-1.9727,-7.0195,3.1621,other
225984,0.1732,-0.1949,-0.9304,-4.5254,-7.4785,4.125,other
226007,0.1835,-0.1987,-0.9524,-6.4492,-7.5859,4.707,other
226030,0.1724,-0.2052,-0.957,-9.2207,-7.4902,5.3066,other
226053,0.1533,-0.2078,-0.9371,-11.3418,-7.1113,5.4336,other
226076,0.151,-0.2151,-0.9114,-12.1504,-6.6875,5.2344,other
226099,0.1741,-0.2264,-0.8973,-12.25,-5.7891,4.543,other
226122,0.1844,-0.2371,-0.8894,-11.5723,-5.0664,3.8535,other
226145,0.1758,-0.2413,-0.8781,-9.6543,-3.957,2.5645,other
226168,0.1792,-0.2354,-0.8875,-7.1328,-2.9277,1.1465,other
226191,0.1958,-0.2296,-0.9044,-5.4395,-2.3184,0.2461,other
226214,0.1935,-0.219,-0.8964,-3.3418,-1.5723,-0.877,other
226237,0.1711,-0.2146,-0.8993,-2.4297,-1.1953,-1.4004,other
226260,0.1686,-0.2075,-0.907,-1.9453,-0.7402,-1.7637,other
226283,0.1862,-0.2048,-0.9336,-2.2109,-0.4551,-1.7207,other
226306,0.1942,-0.2045,-0.9438,-3.3574,-0.0098,-1.3105,other
226329,0.1639,-0.2043,-0.9175,-5.0937,0.4395,-0.6523,other
226352,0.1594,-0.2061,-0.9115,-6.3457,0.748,-0.166,other
226375,0.1953,-0.2043,-0.9232,-8.0391,1.2324,0.5098,other
226398,0.2028,-0.2043,-0.9298,-8.9102,1.5234,0.8477,other
226421,0.1755,-0.1974,-0.9075,-9.7207,1.8105,1.0898,other
226444,0.1901,-0.1963,-0.9185,-9.9062,1.9238,1.0059,other
226467,0.2079,-0.1948,-0.941,-9.7187,1.9297,0.7949,other
226490,0.1887,-0.1925,-0.9264,-9.082,1.8184,0.2949,other
226513,0.1705,-0.1951,-0.9045,-8.4844,1.6738,-0.1191,other
226536,0.1764,-0.1979,-0.8925,-7.3984,1.4238,-0.7793,other
226559,0.2124,-0.2029,-0.912,-6.1934,1.2129,-1.4316,other
226582,0.234,-0.2065,-0.9393,-5.418,1.0742,-1.8574,other
226605,0.2141,-0.2074,-0.917,-4.4512,0.7734,-2.4687,other
226628,0.1918,-0.2109,-0.918,-3.9883,0.5059,-2.8223,other
226651,0.1947,-0.2048,-0.902,-3.5723,0.0605,-3.1816,other
226674,0.1824,-0.2008,-0.8977,-3.459,-0.2402,-3.2598,other
226697,0.1785,-0.1975,-0.8986,-3.4902,-0.6562,-3.1113,other
226720,0.1992,-0.1942,-0.9047,-3.7383,-0.9707,-2.6855,other
226743,0.2255,-0.1903,-0.9215,-4.0234,-1.1074,-2.3066,other
226766,0.2208,-0.1892,-0.9305,-4.6309,-1.2383,-1.7129,other
226789,0.1882,-0.1864,-0.921,-5.1348,-1.3203,-1.3418,other
226812,0.1764,-0.1832,-0.9023,-5.9434,-1.4297,-0.8223,other
226835,0.1843,-0.1846,-0.9031,-6.6504,-1.457,-0.3203,other
226858,0.188,-0.1857,-0.9087,-6.9863,-1.4023,-0.002,other
226881,0.2167,-0.1869,-0.9277,-7.2441,-1.2109,0.3984,other
226904,0.225,-0.1887,-0.9386,-7.2598,-1.0352,0.5742,other
226927,0.1949,-0.1897,-0.9185,-7.0859,-0.7695,0.668,other
226950,0.1815,-0.1866,-0.9001,-6.6797,-0.5137,0.6035,other
226973,0.1886,-0.1881,-0.8966,-6.2734,-0.3281,0.5215,other
226996,0.2013,-0.1909,-0.9095,-5.5098,-0.041,0.3887,other
227019,0.2181,-0.1935,-0.9231,-4.959,0.127,0.3027,other
227042,0.2114,-0.1943,-0.9303,-4.2246,0.248,0.1777,other
227065,0.2,-0.1907,-0.9244,-3.8711,0.2031,0.0762,other
227088,0.2036,-0.1842,-0.9143,-3.6055,-0.0703,0.0469,other
227111,0.1932,-0.1888,-0.9176,-3.6152,-0.5723,0.0977,other
227134,0.1934,-0.1898,-0.9072,-3.7266,-1.0137,0.2031,other
227157,0.1975,-0.192,-0.9027,-3.9609,-1.7754,0.4551,other
227180,0.1981,-0.1897,-0.9032,-4.127,-2.3008,0.6641,other
227203,0.1926,-0.1864,-0.9116,-4.3574,-3.0352,1.002,other
227226,0.1949,-0.1844,-0.9111,-4.5977,-3.6328,1.3301,other
227249,0.2006,-0.1908,-0.9303,-4.7988,-3.9668,1.5215,other
227272,0.1743,-0.1929,-0.9347,-5.2129,-4.4551,1.748,other
227295,0.1616,-0.181,-0.9104,-5.5664,-4.793,1.8633,other
227318,0.1819,-0.1738,-0.9054,-6.1543,-5.252,2.0215,other
227341,0.1753,-0.1718,-0.9144,-6.7129,-5.5996,2.1641,other
227364,0.1617,-0.1741,-0.9276,-7.0391,-5.7637,2.2402,other
227387,0.1656,-0.1729,-0.9242,-7.4434,-5.8965,2.3105,other
227410,0.1746,-0.1689,-0.9259,-7.6426,-5.8984,2.3145,other
227433,0.1598,-0.1697,-0.9255,-7.7988,-5.7734,2.2363,other
227456,0.1427,-0.1663,-0.9143,-7.7832,-5.0996,2.0586,other
227479,0.1538,-0.17,-0.9088,-7.5352,-5.1699,1.8945,other
227502,0.1661,-0.1709,-0.9139,-7.0117,-4.5254,1.584,other
227525,0.1825,-0.1704,-0.9171,-6.5332,-3.998,1.3223,other
227548,0.1869,-0.1749,-0.9275,-5.7012,-3.1328,0.832,other
227571,0.179,-0.1775,-0.92,-5.1191,-2.5508,0.4395,other
227594,0.1731,-0.1786,-0.8983,-4.2617,-1.709,-0.207,other
227617,0.1696,-0.1785,-0.8977,-3.4512,-0.9102,-0.8457,other
227640,0.1757,-0.1777,-0.9071,-2.9629,-0.3984,-1.2227,other
227663,0.1808,-0.1776,-0.9325,-2.377,0.3301,-1.6758,other
227686,0.194,-0.1772,-0.9453,-2.1426,0.7598,-1.8984,other
227709,0.1997,-0.1776,-0.928,-2.0703,1.2402,-2.1289,other
227732,0.1824,-0.1835,-0.9136,-2.2773,1.459,-2.2539,other
227755,0.1833,-0.1849,-0.9061,-2.4922,1.4746,-2.2832,other
227778,0.183,-0.1884,-0.9061,-2.8164,1.3535,-2.2441,other
227801,0.188,-0.1848,-0.9066,-3.0,1.209,-2.168,other
227824,0.1945,-0.1823,-0.932,-3.2363,0.9297,-1.9863,other
227847,0.1886,-0.1748,-0.9357,-3.4062,0.5566,-1.7363,other
227870,0.1832,-0.1702,-0.9396,-3.7461,0.2344,-1.5313,other
227893,0.162,-0.1691,-0.9203,-4.1953,-0.3691,-1.166,other
227916,0.1575,-0.1633,-0.899,-4.5039,-0.8066,-0.8848,other
227939,0.1791,-0.1592,-0.8965,-4.8516,-1.4004,-0.4512,other
227962,0.2014,-0.1669,-0.9094,-4.9512,-1.707,-0.1992,other
227985,0.1909,-0.1808,-0.9233,-4.8789,-2.0059,0.0293,other
228008,0.1708,-0.1843,-0.8993,-4.5977,-2.1094,0.041,other
228031,0.1622,-0.1804,-0.8932,-4.334,-2.0547,-0.0508,other
228054,0.1658,-0.1786,-0.9056,-3.8965,-1.7598,-0.2734,other
228077,0.201,-0.1742,-0.9308,-3.6484,-1.4316,-0.4473,other
228100,0.2161,-0.1714,-0.9431,-3.4687,-0.8438,-0.7246,other
228123,0.2067,-0.1689,-0.9468,-3.5996,-0.3125,-1.0156,other
228146,0.1907,-0.1729,-0.9396,-3.8379,-0.0566,-1.1914,other
228169,0.1692,-0.1809,-0.9176,-4.2812,0.1406,-1.3672,other
228192,0.1725,-0.1829,-0.8965,-4.5195,0.1641,-1.3906,other
228215,0.178,-0.1813,-0.8873,-4.6445,0.0859,-1.2695,other
228238,0.1792,-0.1775,-0.8995,-4.0449,-0.0859,-1.002,other
228261,0.2021,-0.1693,-0.9304,-4.1992,-0.2363,-0.7852,other
228284,0.2081,-0.1624,-0.9393,-3.8281,-0.5273,-0.4668,other
228307,0.1799,-0.1566,-0.9183,-3.6582,-0.7793,-0.293,other
228330,0.1512,-0.16,-0.9094,-3.5449,-1.1914,-0.0957,other
228353,0.1669,-0.1738,-0.9172,-3.5254,-1.4238,0.0,other
228376,0.1965,-0.1783,-0.9176,-3.5039,-1.6133,0.0645,other
228399,0.2017,-0.1812,-0.9153,-3.416,-1.6172,-0.0215,other
228422,0.187,-0.1816,-0.9059,-3.2988,-1.5469,-0.1777,other
228445,0.172,-0.1763,-0.8987,-3.0234,-1.3496,-0.5254,other
228468,0.1713,-0.1721,-0.8977,-2.7891,-1.1563,-0.7871,other
228491,0.1908,-0.1765,-0.9105,-2.4238,-0.7734,-1.1504,other
228514,0.2067,-0.1814,-0.9177,-2.166,-0.3457,-1.4492,other
228537,0.1952,-0.184,-0.924,-2.1191,-0.084,-1.6113,other
228560,0.1962,-0.1793,-0.9159,-2.2891,0.2285,-1.7852,other
228583,0.1979,-0.1791,-0.9167,-2.5527,0.3789,-1.8398,other
228606,0.1881,-0.1794,-0.9237,-3.1152,0.5059,-1.8008,other
228629,0.2009,-0.178,-0.9246,-3.7812,0.4922,-1.6113,other
228652,0.1968,-0.1755,-0.9113,-4.2324,0.3887,-1.4063,other
228675,0.1823,-0.1708,-0.903,-4.8379,0.1055,-1.002,other
228698,0.1914,-0.167,-0.915,-5.1562,-0.1348,-0.6816,other
228721,0.1968,-0.1648,-0.9255,-5.4941,-0.5234,-0.1641,other
228744,0.1881,-0.1652,-0.9299,-5.6387,-0.7949,0.1719,other
228767,0.1809,-0.1675,-0.9222,-5.752,-1.1934,0.6172,other
228790,0.172,-0.1708,-0.9031,-5.7305,-1.5488,0.9609,other
228813,0.1696,-0.1707,-0.8885,-5.623,-1.7266,1.1191,other
228836,0.1819,-0.1676,-0.8942,-5.3086,-1.8555,1.2363,other
228859,0.2122,-0.1713,-0.9174,-5.0312,-1.8438,1.2168,other
228882,0.2141,-0.1765,-0.9393,-4.6211,-1.7305,1.0176,other
228905,0.1881,-0.172,-0.9248,-4.3398,-1.5781,0.6426,other
228928,0.1664,-0.1646,-0.8884,-4.248,-1.4688,0.3535,other
228951,0.1748,-0.1675,-0.8993,-4.209,-1.2656,-0.0293,other
228974,0.1957,-0.168,-0.9211,-4.2324,-1.0938,-0.2148,other
228997,0.2002,-0.166,-0.9376,-4.3418,-0.8262,-0.3906,other
229020,0.1925,-0.1622,-0.9288,-4.5566,-0.6191,-0.4766,other
229043,0.1833,-0.1632,-0.922,-4.7363,-0.5332,-0.5,other
229066,0.178,-0.1583,-0.8981,-4.9648,-0.4707,-0.498,other
229089,0.1747,-0.1578,-0.8992,-5.0371,-0.4512,-0.4805,other
229112,0.1869,-0.1648,-0.9333,-4.9785,-0.4102,-0.459,other
229135,0.2078,-0.1624,-0.9376,-4.8398,-0.3691,-0.5059,other
229158,0.1995,-0.1606,-0.9323,-4.5273,-0.3066,-0.6094,other
229181,0.1809,-0.1646,-0.9226,-4.0937,-0.2539,-0.8848,other
229204,0.1819,-0.1714,-0.9038,-3.7168,-0.2148,-1.1328,other
229227,0.2019,-0.1824,-0.9197,-2.9844,-0.123,-1.5664,other
229250,0.2269,-0.1869,-0.9163,-2.3965,-0.0508,-1.8809,other
229273,0.205,-0.1871,-0.9009,-1.4355,0.0293,-2.3477,other
229296,0.1965,-0.1818,-0.8873,-0.4922,0.0586,-2.7187,other
229319,0.1984,-0.1796,-0.9012,0.0488,0.0527,-2.8535,other
229342,0.1807,-0.1764,-0.9086,0.5977,-0.0137,-2.8281,other
229365,0.188,-0.1737,-0.9039,0.7187,-0.0977,-2.6543,other
229388,0.2006,-0.1742,-0.915,0.4805,-0.2656,-2.2012,other
229411,0.1967,-0.1749,-0.9139,-0.2344,-0.4609,-1.6289,other
229434,0.1863,-0.173,-0.8962,-0.916,-0.5879,-1.2422,other
229457,0.205,-0.1732,-0.905,-2.0879,-0.7187,-0.7266,other
229480,0.2145,-0.1747,-0.9175,-2.8867,-0.7578,-0.459,other
229503,0.1986,-0.1746,-0.9188,-4.0059,-0.7578,-0.2012,other
229526,0.1908,-0.1702,-0.9263,-4.6582,-0.7285,-0.1016,other
229549,0.1991,-0.1682,-0.9337,-5.4551,-0.6484,-0.0996,other
229572,0.2045,-0.1702,-0.9417,-6.0078,-0.5781,-0.166,other
229595,0.1941,-0.1707,-0.922,-6.2324,-0.5898,-0.2402,other
229618,0.1909,-0.1716,-0.9053,-6.3223,-0.7402,-0.3672,other
229641,0.1915,-0.1719,-0.9086,-6.2031,-0.9297,-0.4434,other
229664,0.1876,-0.1683,-0.9054,-5.7715,-1.3203,-0.5312,other
229687,0.1876,-0.1671,-0.9122,-5.123,-1.7617,-0.5859,other
229710,0.2029,-0.1707,-0.9357,-4.6367,-2.0371,-0.6152,other
229733,0.2103,-0.1724,-0.9432,-3.9395,-2.3867,-0.6797,other
229756,0.1914,-0.1742,-0.913,-3.5312,-2.584,-0.7461,other
229779,0.1775,-0.1724,-0.8965,-2.9941,-2.8027,-0.8613,other
229802,0.1779,-0.165,-0.9031,-2.4805,-2.8867,-0.9531,other
229825,0.1917,-0.1693,-0.9247,-2.1445,-2.8613,-0.9883,other
229848,0.1899,-0.171,-0.9163,-1.6738,-2.7539,-1.0234,other
229871,0.182,-0.1742,-0.9121,-1.3984,-2.6543,-1.0547,other
229894,0.2031,-0.1854,-0.911,-1.0449,-2.4727,-1.1309,other
229917,0.2091,-0.1892,-0.8928,-0.8457,-2.2852,-1.2539,other
229940,0.1891,-0.1912,-0.8826,-0.5879,-2.1777,-1.3516,other
229963,0.1898,-0.1934,-0.8837,-0.4062,-2.0176,-1.4688,other
229986,0.1898,-0.1917,-0.9071,-0.3809,-1.8906,-1.4961,other
230009,0.1992,-0.1841,-0.9252,-0.6016,-1.6563,-1.4141,other
230032,0.2072,-0.1761,-0.937,-0.9883,-1.4922,-1.2656,other
230055,0.1814,-0.171,-0.9158,-1.9551,-1.2988,-0.9004,other
230078,0.1616,-0.1686,-0.913,-3.2676,-1.1934,-0.3848,other
230101,0.1525,-0.1631,-0.8871,-4.2285,-1.1504,0.0176,other
230124,0.0941,-0.1648,-0.7628,-5.6445,-1.1035,0.6094,other
230147,0.0447,-0.1538,-0.6752,-6.5508,-1.0996,0.8906,other
230170,0.0699,-0.1183,-0.6808,-8.1309,-1.3477,0.8301,other
230193,0.1403,-0.0696,-0.89,-10.9727,-2.5859,-0.3516,other
230216,0.4449,-0.1041,-1.5397,-14.373,-4.5332,-2.0508,other
230239,0.2153,0.0039,-1.2086,-22.5625,-9.5742,-6.0566,other
230262,0.1279,-0.0648,-1.0428,-29.6016,-13.8301,-9.334,other
230285,0.1055,0.0037,-0.8578,-40.0039,-20.0859,-13.9844,other
230308,0.1403,-0.1107,-1.0143,-46.5742,-24.3594,-17.0664,other
230331,0.2708,-0.1223,-1.0502,-47.8965,-25.4141,-17.8828,other
230354,0.3491,-0.0509,-0.9659,-44.5918,-24.1855,-17.293,other
230377,0.3298,-0.0139,-0.9966,-39.6621,-21.5859,-15.9336,other
230400,0.209,0.0006,-1.0437,-30.4902,-14.9727,-13.125,other
230423,0.0889,0.0125,-0.9397,-24.8262,-8.6758,-11.1367,other
230446,0.0642,0.0247,-0.751,-19.1328,3.5801,-8.4746,other
230469,0.097,0.0332,-0.6759,-17.7676,18.5449,-6.7969,other
230492,0.1534,0.0228,-0.7151,-19.2441,29.0195,-6.6855,other
230515,0.1329,0.0745,-0.7529,-24.707,43.125,-8.7012,other
230538,0.0848,0.1113,-0.8109,-30.2207,50.168,-11.6582,other
230561,0.1992,0.1398,-0.8254,-40.4785,55.7695,-18.2793,other
230584,0.3198,0.1917,-0.7697,-51.6074,54.3594,-26.75,other
230607,0.3417,0.1838,-0.7823,-58.4844,49.3945,-32.7949,other
230630,0.2487,0.1606,-0.8347,-64.0,37.1152,-41.1719,other
230653,0.1456,0.136,-0.8447,-64.0,27.1426,-45.457,other
230676,0.1703,0.1396,-0.8079,-64.0,12.4336,-48.7656,other
230699,0.2227,0.1938,-0.7686,-64.0,0.7734,-47.791,other
230722,0.2861,0.2878,-0.7361,-64.0,-4.5391,-44.9492,other
230745,0.2919,0.365,-0.8026,-60.1309,-8.7773,-38.2754,other
230768,0.2487,0.3781,-1.0247,-54.9629,-9.5391,-32.8613,other
230791,0.2819,0.3793,-0.8248,-47.7012,-8.5039,-24.4668,other
230814,0.2871,0.3065,-0.797,-43.7227,-6.7773,-19.3477,other
230837,0.2969,0.3534,-0.7471,-39.332,-3.4023,-13.1523,other
230860,0.2654,0.3162,-0.8418,-36.6875,0.0195,-9.0508,other
230883,0.1503,0.2974,-0.906,-35.7227,1.9727,-7.3828,other
230906,0.2079,0.3506,-0.8207,-35.0293,4.2812,-6.0371,other
230929,0.3198,0.4064,-0.7544,-34.5332,5.4707,-5.6387,other
230952,0.3013,0.4261,-0.7753,-32.75,6.7402,-5.4687,other
230975,0.2062,0.3436,-0.8424,-29.3809,7.1426,-5.5156,other
230998,0.166,0.3127,-0.8553,-26.582,6.8867,-5.498,other
231021,0.2162,0.2993,-0.7705,-22.2168,5.9531,-5.2441,other
231044,0.2375,0.3087,-0.7755,-19.3828,5.1016,-4.9453,other
231067,0.1899,0.3287,-0.6993,-15.2812,3.709,-4.4023,other
231090,0.1694,0.3608,-0.647,-11.2988,2.5859,-3.7715,other
231113,0.1604,0.3855,-0.6444,-8.7734,2.2305,-3.2852,other
231136,0.4158,0.3577,-1.0671,-5.5742,2.5195,-2.5195,other
231159,0.2705,0.4974,-0.6855,-4.0273,3.4375,-2.0918,other
231182,0.2583,0.4222,-0.7946,-2.4902,6.3027,-1.7422,other
231205,0.222,0.4095,-0.7736,-1.918,9.084,-1.918,other
231228,0.2386,0.3596,-0.8557,-1.7715,13.584,-2.4336,other
231251,0.2659,0.3818,-0.7855,-2.5352,16.7285,-3.9199,other
231274,0.266,0.3508,-0.7767,-3.3594,17.377,-5.3613,other
231297,0.2667,0.3048,-0.7968,-4.4414,16.0898,-7.9668,other
231320,0.2782,0.2825,-0.7755,-4.7324,14.0293,-9.7656,other
231343,0.2994,0.2688,-0.7771,-4.1445,9.9512,-12.0898,other
231366,0.3074,0.2795,-0.733,-2.1719,5.6855,-13.4492,other
231389,0.3168,0.2913,-0.7103,-0.1855,3.1621,-13.623,other
231412,0.2948,0.2888,-0.7264,3.3027,0.1777,-12.709,other
231435,0.2463,0.2987,-0.7372,5.5332,-1.1973,-11.375,other
231458,0.2498,0.3074,-0.7286,7.9434,-2.248,-8.5391,other
231481,0.2797,0.3231,-0.78,8.5,-2.1211,-5.1914,other
231504,0.2643,0.351,-0.698,7.627,-1.541,-2.9902,other
231527,0.2726,0.3954,-0.5779,4.5059,-0.1895,-0.1152,other
231550,0.3213,0.4698,-0.5525,1.3789,0.9629,1.377,other
231573,0.3307,0.4387,-1.0302,-4.7637,3.0098,2.8555,other
231596,0.3838,0.5349,-0.9525,-9.9121,5.4961,3.3809,other
231619,0.2649,0.4158,-0.7435,-18.8145,6.8809,3.2324,other
231642,0.2216,0.4058,-0.7506,-27.5586,9.5566,2.5977,other
231665,0.3342,0.3976,-0.6949,-32.3301,11.252,2.1602,other
231688,0.2467,0.3953,-0.7067,-36.7598,12.9375,1.7461,other
231711,0.2147,0.4407,-0.7551,-37.5566,13.2422,1.6953,other
231734,0.3041,0.4609,-0.7809,-35.5781,12.5059,1.8945,other
231757,0.3564,0.4452,-0.7781,-30.4785,10.3594,2.082,other
231780,0.3353,0.394,-0.7795,-25.8496,8.0996,1.9629,other
231803,0.3262,0.3551,-0.74,-17.7793,3.5801,1.248,other
231826,0.2908,0.3035,-0.7061,-11.9805,0.0449,0.4746,other
231849,0.2418,0.2603,-0.7416,-3.1738,-5.4277,-0.832,other
231872,0.2522,0.257,-0.7026,5.0957,-10.3496,-1.8945,other
231895,0.3175,0.3131,-0.6101,9.9629,-13.0742,-2.3086,other
231918,0.3265,0.3015,-0.5706,15.8535,-16.3613,-2.4102,other
231941,0.219,0.3428,-0.755,18.5254,-18.0938,-2.123,other
231964,0.0736,0.3524,-0.7795,19.9473,-19.9492,-1.0703,other
231987,0.0449,0.3879,-0.7772,18.877,-20.6309,0.7422,other
232010,0.2043,0.4115,-0.6765,14.375,-20.4277,2.1523,other
232033,0.3098,0.4513,-0.7383,7.3574,-19.7734,3.8574,other
232056,0.3542,0.4545,-0.6448,1.9277,-19.6191,4.2988,other
232079,0.1516,0.4531,-1.035,-6.6309,-20.2051,3.6445,other
232102,0.2047,0.5132,-0.8044,-12.2734,-20.9238,2.498,other
232125,0.2324,0.4636,-0.7029,-19.7734,-21.5176,0.2227,other
232148,0.241,0.4268,-0.6702,-25.25,-20.1563,-2.1211,other
232171,0.2003,0.448,-0.8341,-27.6094,-17.6152,-3.4746,other
232194,0.1882,0.4377,-0.8212,-29.5254,-11.9414,-5.0391,other
232217,0.2893,0.4158,-0.7456,-30.1152,-8.2715,-5.8145,other
232240,0.1287,0.4963,-0.7059,-30.7031,-5.5098,-6.8379,other
232263,0.1121,0.5138,-0.7137,-31.5313,-6.9355,-8.1465,other
232286,0.1293,0.4924,-0.6554,-32.3145,-9.6426,-9.377,other
232309,0.1272,0.5,-0.671,-33.6641,-14.707,-11.752,other
232332,0.1305,0.499,-0.6587,-34.4668,-17.6797,-13.5352,other
232355,0.0966,0.5039,-0.67,-35.0449,-19.9531,-16.0957,other
232378,0.151,0.5012,-0.662,-34.2305,-18.5605,-18.0137,other
232401,0.1982,0.5005,-0.6427,-32.873,-15.5918,-18.6973,other
232424,0.1881,0.5286,-0.6593,-29.2891,-8.8887,-18.6504,other
232447,0.0839,0.5168,-0.7617,-26.0859,-3.3789,-17.9277,other
232470,0.1914,0.4955,-0.7363,-20.5449,6.0195,-16.0,other
232493,0.186,0.5066,-0.7177,-16.7813,12.543,-14.2949,other
232516,0.1526,0.5352,-0.6442,-11.834,21.1973,-11.3848,other
232539,0.2004,0.5223,-0.7006,-8.5137,26.5469,-8.4609,other
232562,0.1697,0.5162,-0.6831,-7.4766,27.3828,-6.7598,other
232585,0.1653,0.5273,-0.6543,-7.7148,24.0469,-4.9727,other
232608,0.1221,0.5471,-0.6119,-8.8828,19.0332,-4.4824,other
232631,0.0717,0.5515,-0.6107,-11.5625,8.502,-4.9922,other
232654,0.0471,0.5502,-0.6403,-14.459,-3.5937,-6.8867,other
232677,0.0594,0.5444,-0.6494,-16.0156,-11.2422,-8.6309,other
232700,0.0731,0.5466,-0.6147,-17.1934,-20.3477,-11.2324,other
232723,0.1116,0.5406,-0.6198,-16.9746,-24.1035,-12.4727,other
232746,0.1605,0.5214,-0.689,-14.9727,-25.666,-12.8926,other
232769,0.1378,0.5176,-0.7189,-11.0605,-22.5566,-11.168,other
232792,0.12,0.5756,-0.6744,-7.5977,-18.4375,-8.8984,other
232815,0.1188,0.6553,-0.6995,-1.6582,-10.5762,-4.3496,other
232838,0.0526,0.6743,-0.6858,2.3867,-5.1641,-0.9922,other
232861,-0.0471,0.6023,-0.6686,7.6562,1.7129,3.7324,other
232884,-0.105,0.499,-0.7141,10.002,4.9043,6.2617,other
232907,0.0734,0.4471,-0.6703,10.8359,7.2891,8.4824,other
232930,0.2881,0.3837,-0.714,8.0449,6.9238,8.0781,other
232953,0.157,0.3516,-0.8085,4.4492,5.3203,6.166,other
232976,0.3082,0.4174,-0.8809,-2.2539,1.5762,1.2734,other
232999,0.309,0.4656,-0.786,-6.3418,-1.1953,-2.752,other
233022,0.2354,0.474,-0.7242,-9.332,-4.5059,-8.5078,other
233045,0.2397,0.4352,-0.5939,-6.1152,-5.2207,-12.1719,other
233068,0.2799,0.3829,-0.6774,-0.0781,-3.7344,-12.7637,other
233091,0.1926,0.3625,-0.7164,13.625,1.0684,-10.5547,other
233114,0.1093,0.4015,-0.5995,24.4258,5.2578,-7.1875,other
233137,0.1877,0.4393,-0.5607,40.2559,11.5156,-0.1406,other
233160,0.2253,0.4563,-0.7357,52.3145,15.8711,7.7207,other
233183,0.201,0.4773,-0.7802,56.6719,16.8047,12.5195,other
233206,0.0448,0.4791,-0.8192,56.3887,14.8047,18.168,other
233229,-0.0822,0.4855,-0.8683,51.6719,11.5664,20.6875,other
233252,0.0547,0.4838,-0.7576,39.1855,5.0781,22.4414,other
233275,0.1674,0.4435,-0.7284,28.6328,0.3301,21.6387,other
233298,0.199,0.4227,-0.7444,12.0566,-6.707,19.3867,other
233321,0.1106,0.4122,-0.7826,-2.8359,-13.0117,14.2949,other
233344,-0.0836,0.425,-0.6887,-10.8242,-16.3965,10.125,other
233367,0.1243,0.4591,-0.6359,-19.1211,-19.7012,3.5742,other
233390,0.2173,0.4418,-0.822,-22.1504,-20.75,-0.668,other
233413,0.1561,0.4712,-0.7726,-23.5313,-21.1504,-6.5254,other
233436,0.0398,0.4844,-0.6549,-22.2246,-20.5684,-11.3613,other
233459,0.1006,0.4607,-0.6826,-20.4746,-19.5645,-13.7344,other
233482,0.1167,0.4578,-0.8098,-17.4336,-16.7344,-15.7168,other
233505,0.0665,0.4446,-0.7882,-15.6133,-13.7949,-15.9531,other
233528,0.0908,0.4061,-0.7439,-13.834,-7.918,-14.8516,other
233551,0.1572,0.377,-0.686,-13.5312,-1.0332,-12.4141,other
233574,0.1284,0.434,-0.7039,-14.1016,3.4766,-10.3477,other
233597,0.1718,0.4973,-0.6351,-15.6738,9.2754,-7.0547,other
233620,0.2261,0.5691,-0.8345,-16.8418,12.2207,-4.9941,other
233643,0.0902,0.6324,-0.7039,-18.207,14.9707,-2.4785,other
233666,0.1243,0.4871,-0.7045,-18.5742,15.6582,-0.8633,other
233689,0.0905,0.4661,-0.7014,-18.1289,14.9941,-0.2852,other
233712,0.1276,0.478,-0.6732,-16.6738,12.5996,-0.002,other
233735,0.1555,0.4979,-0.6776,-15.3066,10.3867,-0.0293,other
233758,0.1315,0.4836,-0.7262,-12.8711,6.7637,-0.0879,other
233781,0.1428,0.468,-0.7648,-11.1113,4.4336,-0.0117,other
233804,0.1411,0.4741,-0.7126,-8.4902,1.2402,0.3379,other
233827,0.1273,0.4862,-0.7435,-6.166,-1.7383,0.8613,other
233850,0.1212,0.4823,-0.7347,-4.9102,-3.7324,1.1895,other
233873,0.1239,0.4829,-0.7399,-3.6094,-6.8359,1.4551,other
233896,0.1168,0.4808,-0.7412,-3.1836,-8.9492,1.3965,other
233919,0.1085,0.488,-0.7252,-3.2324,-12.0312,0.8594,other
233942,0.1038,0.498,-0.6864,-4.0527,-14.7969,-0.2676,other
233965,0.0706,0.4978,-0.7279,-4.9609,-16.3652,-1.3516,other
233988,0.0404,0.4895,-0.738,-6.6836,-18.1387,-3.4258,other
234011,0.0397,0.5016,-0.6997,-7.9492,-18.8398,-5.0312,other
234034,0.0394,0.5181,-0.6608,-9.7988,-19.0938,-7.5234,other
234057,0.0411,0.5038,-0.7039,-10.8711,-18.2305,-9.7109,other
234080,0.0609,0.4943,-0.7261,-12.0508,-17.3809,-10.7637,other
234103,0.0494,0.501,-0.7267,-12.5723,-15.1465,-11.4687,other
234126,0.0387,0.5023,-0.6957,-12.5332,-13.291,-11.3086,other
234149,0.0455,0.5089,-0.6996,-11.9824,-10.2793,-10.2363,other
234172,0.0421,0.5093,-0.6979,-11.3867,-8.3262,-9.1094,other
234195,0.0403,0.5031,-0.7081,-10.3437,-5.7891,-7.1016,other
234218,0.0417,0.5033,-0.6859,-9.3418,-3.9453,-5.0723,other
234241,0.0521,0.5115,-0.6781,-8.7832,-3.1699,-3.8633,other
234264,0.0386,0.5144,-0.7141,-8.1621,-2.7148,-2.4102,other
234287,0.0396,0.502,-0.7179,-7.8848,-2.8379,-1.7285,other
234310,0.0386,0.5078,-0.6837,-7.6211,-3.4902,-1.1641,other
234333,0.0402,0.5493,-0.6654,-7.4648,-4.4316,-1.084,other
234356,0.0393,0.538,-0.6949,-7.3809,-5.0605,-1.2227,other
234379,0.0397,0.5016,-0.7427,-7.2695,-5.7773,-1.5918,other
234402,0.0387,0.5132,-0.6827,-7.2324,-6.0,-1.8828,other
234425,0.0393,0.5309,-0.6533,-7.2891,-5.834,-2.293,other
234448,0.0397,0.5331,-0.6603,-7.4062,-4.9961,-2.6074,other
234471,0.0394,0.5096,-0.714,-7.6504,-4.0879,-2.752,other
234494,0.0265,0.5123,-0.6926,-7.8594,-2.3652,-2.877,other
234517,0.0273,0.5237,-0.6447,-7.8965,-1.0977,-2.9102,other
234540,0.0426,0.5302,-0.6556,-7.6523,0.8398,-2.8516,other
234563,0.0483,0.516,-0.7057,-7.2051,2.1152,-2.6973,other
234586,0.04,0.5083,-0.7067,-6.0098,4.0234,-2.2324,other
234609,0.0481,0.5219,-0.6764,-4.1816,5.9766,-1.4961,other
234632,0.0403,0.5258,-0.6785,-2.668,7.3027,-0.8906,other
234655,0.0389,0.4983,-0.7101,-0.0937,9.2676,0.125,other
234678,0.0148,0.4978,-0.7125,1.7285,10.5059,0.8672,other
234701,0.0009,0.5077,-0.6444,4.5176,12.1016,2.1855,other
234724,0.0635,0.4868,-0.6453,7.3633,13.0684,4.0977,other
234747,0.1462,0.5116,-0.7267,9.3672,13.252,5.9961,other
234770,0.2271,0.4598,-0.6414,12.877,13.4805,10.1211,other
234793,0.1918,0.4404,-0.7191,15.7793,14.4687,13.7051,other
234816,0.2556,0.4418,-0.7646,21.0938,18.2949,19.9316,other
234839,0.2611,0.4247,-0.858,27.1504,24.793,26.2031,other
234862,0.2762,0.4166,-0.9083,31.5742,29.9688,29.7871,other
234885,0.314,0.4341,-0.7762,38.002,37.7266,33.6094,other
234908,0.3529,0.3806,-0.7787,42.2383,42.3594,34.9707,other
234931,0.3447,0.3383,-0.7772,48.377,48.2324,35.3496,other
234954,0.3983,0.3197,-0.8246,52.0371,51.5117,34.748,bite
234977,0.5214,0.2964,-0.873,56.1523,55.4512,33.2109,bite
235000,0.5084,0.265,-0.8492,57.8906,57.75,31.752,bite
235023,0.4396,0.215,-0.8336,57.6133,58.2188,31.2773,bite
235046,0.3992,0.1638,-0.8032,55.3828,57.5938,31.8555,bite
235069,0.4108,0.1282,-0.769,53.0723,56.5488,33.2285,bite
235092,0.4272,0.1021,-0.6853,49.1797,54.207,36.5059,bite
235115,0.463,0.0613,-0.663,45.6191,50.7305,40.4531,bite
235138,0.4907,0.0198,-0.6986,43.6699,47.5879,42.9727,bite
235161,0.4648,-0.0118,-0.7616,41.3145,41.5254,46.1348,bite
235184,0.4249,0.0139,-0.7175,39.9766,36.7773,47.8379,bite
235207,0.4672,0.0328,-0.6586,38.2148,29.4785,50.1641,bite
235230,0.5624,-0.0056,-0.735,36.8457,23.377,52.6699,bite
235253,0.6008,-0.0354,-0.7831,36.1563,20.541,54.4785,bite
235276,0.6362,-0.0591,-0.7756,35.2793,18.2813,57.1172,bite
235299,0.6738,-0.0657,-0.7777,34.6953,17.8945,58.5918,bite
235322,0.6056,-0.0834,-0.7488,33.7793,18.4102,60.0488,bite
235345,0.5565,-0.1177,-0.689,33.1973,19.2188,60.4395,bite
235368,0.5776,-0.1426,-0.7056,32.4395,20.9004,60.123,bite
235391,0.645,-0.1508,-0.7295,31.6523,22.623,58.5879,bite
235414,0.702,-0.1493,-0.7527,30.9102,23.2578,56.7539,bite
235437,0.673,-0.153,-0.7704,29.1855,22.6816,52.7168,bite
235460,0.6086,-0.161,-0.7202,27.5684,21.1914,49.3477,bite
235483,0.5801,-0.1819,-0.7162,24.5918,17.9492,43.9824,bite
235506,0.5702,-0.2003,-0.7477,21.291,14.6797,39.2109,bite
235529,0.5775,-0.2244,-0.7433,19.084,12.9531,36.7441,bite
235552,0.6494,-0.2465,-0.7819,15.9492,11.2441,34.1973,bite
235575,0.6981,-0.2494,-0.7759,14.0508,10.5312,33.0703,bite
235598,0.7263,-0.2457,-0.7668,11.6504,9.6309,31.7285,bite
235621,0.7294,-0.2544,-0.7592,10.0723,8.6523,30.3652,bite
235644,0.6741,-0.2632,-0.7346,9.627,8.043,29.3984,bite
235667,0.6263,-0.2749,-0.6896,9.9961,7.5781,28.1016,bite
235690,0.6099,-0.2823,-0.6517,10.916,7.7812,27.5293,bite
235713,0.6211,-0.2936,-0.6388,13.1152,8.9785,27.2852,bite
235736,0.6252,-0.313,-0.6484,14.9121,10.252,27.6504,bite
235759,0.6295,-0.33,-0.644,17.625,12.4883,28.0332,bite
235782,0.6475,-0.3328,-0.6113,19.8457,14.6328,28.4453,bite
235805,0.6505,-0.3472,-0.6316,20.8613,15.8125,28.4297,bite
235828,0.6622,-0.3691,-0.6287,21.5391,17.0605,27.7832,bite
235851,0.6575,-0.3782,-0.6305,21.3965,17.5391,26.9082,bite
235874,0.6436,-0.3903,-0.6375,20.3555,17.7813,24.9961,bite
235897,0.6334,-0.3994,-0.5896,18.5313,17.5078,22.5547,bite
235920,0.6832,-0.4194,-0.5906,17.0332,17.0664,20.7324,bite
235943,0.6859,-0.42,-0.597,14.5566,15.9844,17.7754,bite
235966,0.6251,-0.4192,-0.5935,12.8203,14.9453,15.6934,bite
235989,0.6417,-0.417,-0.5801,10.1602,12.9355,12.5352,bite
236012,0.6464,-0.4183,-0.5688,7.498,10.5488,9.5332,bite
236035,0.6917,-0.4238,-0.5863,5.748,8.8594,7.6855,bite
236058,0.7115,-0.4248,-0.6216,3.1562,6.3359,5.1543,bite
236081,0.7146,-0.4302,-0.6046,1.459,4.7207,3.6348,bite
236104,0.7041,-0.4269,-0.6013,-0.9512,2.5137,1.6973,bite
236127,0.6827,-0.4246,-0.594,-2.3809,0.7402,0.3594,bite
236150,0.7356,-0.4231,-0.6074,-4.1152,-0.3105,-0.0937,bite
236173,0.7587,-0.4198,-0.6388,-5.2793,-1.4023,-0.0508,bite
236196,0.7306,-0.4102,-0.6696,-5.7461,-1.8887,0.459,bite
236219,0.715,-0.4131,-0.67,-6.0117,-2.2656,1.9434,bite
236242,0.7393,-0.4249,-0.6549,-5.8926,-2.2715,3.4258,bite
236265,0.7177,-0.4432,-0.655,-5.1973,-1.8652,6.375,bite
236288,0.7366,-0.4626,-0.642,-3.8242,-0.9492,10.0977,bite
236311,0.7886,-0.4722,-0.6653,-2.5723,-0.1543,12.873,bite
236334,0.7692,-0.4852,-0.7031,-0.4004,1.0,17.1875,bite
236357,0.7469,-0.5135,-0.6863,1.0781,1.5742,20.0391,bite
236380,0.7546,-0.5457,-0.6487,3.1016,2.0215,24.2109,bite
236403,0.8015,-0.5532,-0.6216,4.7539,1.9551,28.2559,bite
236426,0.8003,-0.5687,-0.6344,5.6016,1.625,30.8926,bite
236449,0.7972,-0.5922,-0.6295,6.3965,0.8379,34.8555,bite
236472,0.7827,-0.6216,-0.6495,6.5332,0.2676,37.6445,bite
236495,0.7036,-0.6331,-0.5754,6.0898,-0.4355,42.3926,bite
236518,0.668,-0.6256,-0.5162,5.3965,-0.6758,48.1855,bite
236541,0.5747,-0.6364,-0.5195,3.8906,-0.4805,52.7246,bite
236564,0.4586,-0.6321,-0.5278,1.8672,0.334,60.4336,bite
236587,0.5225,-0.6404,-0.5477,0.1758,1.1035,63.998,bite
236610,0.5898,-0.6422,-0.5222,-2.959,2.1367,63.998,bite
236633,0.4683,-0.6383,-0.4395,-5.4121,2.4355,63.998,bite
236656,0.3894,-0.6395,-0.4099,-9.4395,2.2305,63.998,bite
236679,0.3884,-0.6311,-0.4575,-13.7422,1.7246,63.998,bite
236702,0.415,-0.6322,-0.5356,-16.8359,1.4434,63.998,bite
236725,0.3859,-0.6436,-0.5676,-22.0508,1.125,63.998,bite
236748,0.3356,-0.6505,-0.554,-25.9766,0.957,63.998,bite
236771,0.3218,-0.6503,-0.571,-32.3477,0.9336,63.998,bite
236794,0.293,-0.6394,-0.5748,-38.7793,1.457,63.998,bite
236817,0.3193,-0.6478,-0.6172,-42.7852,2.1641,63.998,bite
236840,0.3723,-0.6523,-0.6758,-48.0078,3.5293,63.998,bite
236863,0.3643,-0.6515,-0.718,-50.8477,4.4121,63.998,bite
236886,0.3092,-0.6448,-0.7031,-54.002,5.3965,62.0371,bite
236909,0.4047,-0.6283,-0.7114,-55.8047,5.8379,54.873,bite
236932,0.4569,-0.6096,-0.7802,-56.0391,5.6992,50.1758,bite
236955,0.3756,-0.6128,-0.795,-55.4551,4.6191,43.5723,other
236978,0.2449,-0.6248,-0.7866,-54.4336,3.3848,39.7539,other
237001,0.1947,-0.6196,-0.7555,-51.9824,1.248,35.4297,other
237024,0.2726,-0.6023,-0.7245,-49.6934,-0.0879,33.5898,other
237047,0.3453,-0.5963,-0.7542,-45.3105,-1.8945,32.082,other
237070,0.3662,-0.5837,-0.7821,-40.1016,-3.7539,31.3301,other
237093,0.3335,-0.553,-0.775,-36.3828,-5.0586,30.9063,other
237116,0.2365,-0.5455,-0.707,-30.5879,-6.6387,30.2832,other
237139,0.1681,-0.5498,-0.7267,-26.627,-6.9785,30.0,other
237162,0.2347,-0.538,-0.7808,-20.7773,-5.8594,29.8789,other
237185,0.2817,-0.5304,-0.8291,-15.4629,-2.9043,29.7539,other
237208,0.3395,-0.5828,-0.9172,-12.3711,-0.2578,29.3105,other
237231,0.2457,-0.5479,-0.4729,-8.2383,4.1504,27.6973,other
237254,0.2937,-0.6252,-0.7719,-5.502,7.1152,25.918,other
237277,0.3304,-0.551,-0.7906,-1.1348,10.9727,22.2949,other
237300,0.1185,-0.5497,-0.7952,3.5449,13.5957,17.7168,other
237323,0.2389,-0.4994,-0.8812,6.8262,14.5742,14.2148,other
237346,0.4331,-0.528,-0.6677,11.8887,13.9258,8.3281,other
237369,0.2451,-0.4489,-0.5569,15.2129,11.5801,4.0957,other
237392,0.131,-0.661,-0.9639,19.582,5.2051,-2.1699,other
237415,0.1128,-0.5243,-0.8929,21.6152,-0.2383,-6.002,other
237438,0.1993,-0.6173,-0.6927,23.3281,-8.4551,-11.0684,other
237461,0.3136,-0.6897,-0.4231,25.0137,-15.1895,-15.7012,other
237484,0.4244,-0.7374,-0.2656,27.2773,-18.4902,-18.9668,other
237507,0.3301,-0.7411,-0.2241,33.4473,-21.8945,-24.6953,other
237530,0.085,-0.7234,-0.2965,39.2871,-23.2754,-29.1953,other
237553,0.0295,-0.7291,-0.3997,49.0957,-23.9414,-36.8867,other
237576,0.3496,-0.7307,-0.5852,57.2793,-23.1973,-45.8477,other
237599,0.4448,-0.7313,-0.584,60.3086,-22.7559,-52.8105,other
237622,0.3112,-0.7185,-0.5636,59.9785,-23.5117,-64.0,other
237645,0.2208,-0.6726,-0.5442,56.5371,-25.0371,-64.0,other
237668,0.1893,-0.6398,-0.5613,47.5527,-28.2285,-64.0,other
237691,0.2908,-0.6013,-0.6218,35.7051,-31.9668,-64.0,other
237714,0.4659,-0.5691,-0.7472,27.1016,-34.9121,-64.0,other
237737,0.5486,-0.5583,-0.8014,14.0215,-40.8594,-64.0,other
237760,0.6185,-0.5641,-0.7837,5.4902,-46.3652,-64.0,other
237783,0.7013,-0.5581,-0.7816,-6.6465,-57.1797,-64.0,other
237806,0.7559,-0.5605,-0.8412,-14.127,-64.0,-64.0,other
237829,0.8291,-0.5308,-0.9283,-24.3516,-64.0,-64.0,other
237852,0.7832,-0.4753,-1.0033,-33.627,-64.0,-64.0,other
237875,0.7327,-0.366,-1.035,-39.5332,-64.0,-64.0,other
237898,0.5436,-0.3534,-1.3069,-48.3574,-64.0,-64.0,other
237921,0.3933,-0.3032,-1.048,-54.2637,-64.0,-64.0,other
237944,0.2384,-0.2588,-0.7897,-62.2832,-64.0,-64.0,other
237967,0.1909,-0.233,-0.7448,-64.0,-53.0117,-42.4766,other
237990,0.2145,-0.235,-0.7803,-64.0,-38.6367,-23.9473,other
238013,0.3293,-0.2668,-0.8958,-64.0,-17.8301,0.8535,other
238036,0.3925,-0.2689,-0.842,-60.7871,-6.5332,13.7344,other
238059,0.4139,-0.2633,-0.7668,-51.4434,3.9316,25.623,other
238082,0.4569,-0.3223,-0.8431,-39.6992,5.5547,27.9473,other
238105,0.4817,-0.3467,-0.9414,-31.1641,2.2656,24.6582,other
238128,0.4526,-0.3646,-0.8713,-18.4102,-6.9961,14.2227,other
238151,0.4208,-0.327,-0.8195,-10.4941,-14.5547,4.9531,other
238174,0.36,-0.3192,-0.8616,-0.1543,-25.8164,-9.9453,other
238197,0.2372,-0.2966,-0.8059,5.4512,-32.3359,-23.4023,other
238220,0.165,-0.275,-0.7791,11.6797,-39.3613,-30.4551,other
238243,0.2001,-0.2781,-0.8165,15.3418,-42.0117,-37.293,other
238266,0.2676,-0.3433,-0.8599,16.543,-41.2832,-39.3301,other
238289,0.3192,-0.3585,-0.833,16.9961,-37.3027,-39.1719,other
238312,0.3059,-0.4022,-0.8428,16.8184,-33.4336,-37.3906,other
238335,0.2869,-0.3905,-0.7937,16.6621,-26.5996,-32.9199,other
238358,0.4117,-0.4701,-0.6725,17.5313,-18.3594,-26.9922,other
238381,0.4524,-0.5022,-0.7153,18.9531,-11.3574,-22.7051,other
238404,0.5342,-0.4443,-0.8689,21.6953,2.291,-16.6719,other
238427,0.5425,-0.3851,-1.1238,22.8008,12.6211,-13.4414,other
238450,0.4707,-0.3634,-1.066,21.0918,25.8887,-10.373,other
238473,0.2903,-0.3304,-0.8196,14.3223,31.998,-9.2617,other
238496,0.1798,-0.3209,-0.7733,7.7246,31.584,-9.1055,other
238519,0.2747,-0.3134,-0.879,-3.1855,26.2598,-8.9512,other
238542,0.3662,-0.3026,-0.9619,-10.0859,20.7715,-8.7324,other
238565,0.3712,-0.3041,-0.9576,-18.7676,10.4746,-8.3887,other
238588,0.3032,-0.2999,-0.9163,-23.0684,-1.9316,-8.2598,other
238611,0.2788,-0.2909,-0.8947,-26.8984,-9.4883,-8.2812,other
238634,0.3412,-0.281,-0.8624,-27.457,-19.5664,-8.3145,other
238657,0.3616,-0.2888,-0.7867,-26.127,-24.3223,-8.2852,other
238680,0.324,-0.3046,-0.7761,-22.0391,-28.0254,-8.1621,other
238703,0.2843,-0.3081,-0.7783,-18.3555,-28.2363,-8.0176,other
238726,0.2672,-0.3082,-0.8213,-12.3887,-25.6289,-7.6602,other
238749,0.2748,-0.3099,-0.8928,-7.1641,-20.5332,-7.123,other
238772,0.3002,-0.2994,-0.901,-4.6992,-16.4746,-6.7129,other
238795,0.325,-0.2858,-0.9182,-2.9961,-10.4473,-6.1738,other
238818,0.3418,-0.2797,-0.9376,-3.1836,-6.9668,-5.9609,other
238841,0.3405,-0.2747,-0.9116,-5.0254,-3.1113,-5.9668,other
238864,0.3506,-0.2743,-0.9039,-7.8437,-1.0,-6.3652,other
238887,0.355,-0.2887,-0.8807,-9.6992,-0.4121,-6.7852,other
238910,0.314,-0.2896,-0.8848,-11.7012,-0.3398,-7.4727,other
238933,0.3167,-0.2875,-0.8334,-12.2344,-0.5117,-7.8301,other
238956,0.2893,-0.292,-0.7865,-11.6406,-0.543,-7.9766,other
238979,0.2816,-0.2848,-0.776,-10.4062,0.0684,-7.4961,other
239002,0.3082,-0.2711,-0.803,-7.7617,0.8047,-6.8457,other
239025,0.3378,-0.2791,-0.8997,-5.0312,1.9473,-5.5977,other
239048,0.3412,-0.2717,-0.9115,-3.6777,2.3555,-4.7539,other
239071,0.3405,-0.2748,-0.9218,-2.8594,2.0,-3.7227,other
239094,0.3328,-0.2627,-0.8942,-3.1699,1.1191,-3.2578,other
239117,0.311,-0.2643,-0.8615,-4.6113,-0.8301,-2.875,other
239140,0.3136,-0.2596,-0.8729,-6.5801,-2.9297,-2.7187,other
239163,0.321,-0.2606,-0.8923,-7.8477,-4.127,-2.6465,other
239186,0.3263,-0.2604,-0.9038,-9.3437,-5.3984,-2.4766,other
239209,0.312,-0.2605,-0.89,-9.957,-5.8437,-2.2832,other
239232,0.2854,-0.2582,-0.8661,-10.2051,-5.8809,-1.8398,other
239255,0.2788,-0.2489,-0.8666,-9.6348,-5.1738,-1.2168,other
239278,0.2527,-0.2528,-0.8741,-8.8652,-4.3652,-0.7402,other
239301,0.2628,-0.2594,-0.8706,-7.3203,-2.8555,-0.0508,other
239324,0.3215,-0.26,-0.8599,-6.1738,-1.793,0.2871,other
239347,0.3556,-0.2681,-0.8638,-4.502,-0.4121,0.4043,other
239370,0.3724,-0.2833,-0.8834,-3.0312,0.377,-0.1035,other
239393,0.3545,-0.2738,-0.8633,-2.4316,0.4902,-0.7695,other
239416,0.3221,-0.2703,-0.839,-1.8105,0.1895,-2.043,other
239439,0.3146,-0.2653,-0.8634,-1.6387,-0.1445,-2.8887,other
239462,0.3196,-0.2607,-0.869,-1.7051,-0.5977,-3.8633,other
239485,0.3171,-0.2598,-0.8793,-1.959,-0.8086,-4.209,other
239508,0.3188,-0.2601,-0.8993,-2.6328,-1.0078,-4.2148,other
239531,0.318,-0.2585,-0.8795,-3.5898,-1.1758,-3.6719,other
239554,0.3088,-0.2599,-0.8613,-4.3008,-1.3164,-3.082,other
239577,0.3086,-0.26,-0.8683,-5.2988,-1.5605,-2.0039,other
239600,0.3203,-0.26,-0.8893,-5.8457,-1.7188,-1.252,other
239623,0.3011,-0.2572,-0.8856,-6.4219,-1.9414,-0.2266,other
239646,0.2988,-0.26,-0.9061,-6.6836,-2.1094,0.5508,other
239669,0.3282,-0.26,-0.9032,-6.6875,-2.1543,0.8945,other
239692,0.3268,-0.2565,-0.894,-6.4512,-2.1055,1.127,other
239715,0.323,-0.2574,-0.8903,-6.1406,-1.9922,1.1152,other
239738,0.3131,-0.2604,-0.8835,-5.4336,-1.6855,0.9355,other
239761,0.3092,-0.26,-0.8787,-4.4238,-1.2695,0.6953,other
239784,0.3033,-0.2612,-0.8566,-3.5977,-1.002,0.5645,other
239807,0.295,-0.2689,-0.8357,-2.1875,-0.7246,0.4629,other
239830,0.3048,-0.2711,-0.8438,-1.1953,-0.6504,0.4629,other
239853,0.327,-0.2719,-0.8597,0.1992,-0.7031,0.5293,other
239876,0.334,-0.2771,-0.8929,0.9395,-0.8379,0.5762,other
239899,0.3104,-0.2731,-0.8796,1.5742,-1.2012,0.6074,other
239922,0.295,-0.2665,-0.8585,1.5469,-1.7207,0.6055,other
239945,0.2802,-0.2698,-0.8628,1.1914,-2.1016,0.6211,other
239968,0.2866,-0.2629,-0.8516,0.2832,-2.6094,0.7129,other
239991,0.3127,-0.2614,-0.8853,-0.4922,-2.8496,0.8125,other
240014,0.318,-0.2603,-0.9126,-1.7891,-3.0352,0.9453,other
240037,0.2968,-0.2604,-0.9064,-3.1055,-3.0625,0.9648,other
240060,0.2986,-0.2599,-0.9031,-3.8887,-3.0234,0.8984,other
240083,0.2994,-0.2653,-0.8607,-4.7207,-2.9102,0.7012,other
240106,0.2935,-0.281,-0.8462,-4.9336,-2.7949,0.5273,other
240129,0.3137,-0.2845,-0.8461,-4.6426,-2.5039,0.2402,other
240152,0.3337,-0.2814,-0.8503,-3.7187,-2.0117,-0.0527,other
240175,0.3241,-0.2814,-0.8696,-2.9004,-1.5859,-0.2402,other
240198,0.3066,-0.2775,-0.8818,-1.6699,-0.9063,-0.4766,other
240221,0.2864,-0.2761,-0.8617,-1.0078,-0.5137,-0.5703,other
240244,0.2841,-0.275,-0.8531,-0.418,-0.1348,-0.5703,other
240267,0.306,-0.2748,-0.8696,-0.334,-0.0469,-0.418,other
240290,0.3213,-0.2734,-0.88,-0.6699,-0.1562,-0.2754,other
240313,0.3123,-0.2736,-0.8798,-1.4844,-0.4766,-0.0879,other
240336,0.3024,-0.265,-0.8796,-2.2109,-0.7441,-0.0059,other
240359,0.2955,-0.2593,-0.88,-3.4023,-1.1387,0.0449,other
240382,0.2836,-0.2601,-0.8788,-4.1562,-1.375,0.0371,other
240405,0.2805,-0.2632,-0.8698,-5.0684,-1.666,-0.0234,other
240428,0.2979,-0.2733,-0.8746,-5.5918,-1.8301,-0.1523,other
240451,0.3069,-0.2754,-0.8684,-5.6992,-1.8457,-0.2969,other
240474,0.3253,-0.2756,-0.8766,-5.5352,-1.709,-0.6406,other
240497,0.3412,-0.2749,-0.8855,-5.2656,-1.5313,-0.957,other
240520,0.3331,-0.2798,-0.8915,-4.748,-1.2676,-1.5273,other
240543,0.3024,-0.2722,-0.8669,-4.2207,-1.1836,-2.0879,other
240566,0.2684,-0.2689,-0.8417,-3.9004,-1.2539,-2.3613,other
240589,0.2878,-0.2715,-0.8494,-3.4785,-1.4453,-2.5059,other
240612,0.3221,-0.2693,-0.881,-3.2617,-1.5566,-2.418,other
240635,0.3301,-0.262,-0.9131,-3.1211,-1.6582,-2.0879,other
240658,0.304,-0.2612,-0.8942,-3.1934,-1.7012,-1.6504,other
240681,0.2791,-0.2623,-0.8672,-3.5156,-1.7559,-1.3398,other
240704,0.2859,-0.2665,-0.8505,-3.9199,-1.7656,-0.8789,other
240727,0.297,-0.2719,-0.8409,-4.125,-1.7227,-0.6035,other
240750,0.3171,-0.2761,-0.8702,-4.2715,-1.5781,-0.3105,other
240773,0.3262,-0.2677,-0.9025,-4.2852,-1.4531,-0.2324,other
240796,0.3082,-0.2598,-0.8887,-4.3047,-1.3047,-0.3066,other
240819,0.2917,-0.2635,-0.8962,-4.4121,-1.2578,-0.5469,other
240842,0.2966,-0.2598,-0.8807,-4.5254,-1.2637,-0.7422,other
240865,0.3066,-0.2694,-0.8799,-4.6797,-1.2852,-1.0156,other
240888,0.3112,-0.2717,-0.8595,-4.7168,-1.2754,-1.1602,other
240911,0.3027,-0.272,-0.8378,-4.6035,-1.1563,-1.3008,other
240934,0.3035,-0.2639,-0.8459,-4.2793,-0.8594,-1.3379,other
240957,0.3135,-0.26,-0.8683,-4.0,-0.582,-1.3125,other
240980,0.2974,-0.2607,-0.894,-3.6445,-0.1602,-1.2324,other
241003,0.288,-0.2598,-0.8784,-3.5332,0.0684,-1.1719,other
241026,0.3013,-0.2601,-0.8722,-3.6035,0.3242,-1.0957,other
241049,0.309,-0.26,-0.8541,-3.7812,0.5273,-1.0742,other
241072,0.3235,-0.2601,-0.8551,-4.1445,0.6797,-1.1133,other
241095,0.3354,-0.2605,-0.8706,-4.5215,0.9629,-1.2715,other
241118,0.3367,-0.264,-0.8824,-4.7637,1.166,-1.4395,other
241141,0.3337,-0.2629,-0.8773,-5.1309,1.3965,-1.7422,other
241164,0.3317,-0.2639,-0.8718,-5.3809,1.457,-1.9375,other
241187,0.318,-0.2604,-0.8706,-5.748,1.377,-2.1348,other
241210,0.3131,-0.2598,-0.8646,-6.0762,1.1387,-2.1289,other
241233,0.3252,-0.2588,-0.887,-6.2637,0.9355,-1.9902,other
241256,0.3214,-0.2593,-0.9045,-6.5,0.5859,-1.5996,other
241279,0.3148,-0.2565,-0.8976,-6.6289,0.3145,-1.2539,other
241302,0.3065,-0.2527,-0.8729,-6.7383,-0.1621,-0.6719,other
241325,0.2949,-0.2587,-0.8617,-6.6465,-0.6875,-0.0918,other
241348,0.3043,-0.26,-0.8607,-6.4258,-1.0137,0.248,other
241371,0.3206,-0.26,-0.8684,-5.8535,-1.3926,0.6152,other
241394,0.337,-0.26,-0.8762,-5.3594,-1.5527,0.7227,other
241417,0.3247,-0.2576,-0.8705,-4.5605,-1.6934,0.6504,other
241440,0.3064,-0.2603,-0.8739,-3.5547,-1.7715,0.3535,other
241463,0.2996,-0.2599,-0.8707,-3.4102,-1.7969,0.0957,other
241486,0.3098,-0.26,-0.8638,-2.9512,-1.7754,-0.2734,other
241509,0.3268,-0.26,-0.8711,-2.75,-1.7168,-0.4785,other
241532,0.3253,-0.26,-0.8628,-2.6074,-1.5918,-0.7012,other
241555,0.3275,-0.26,-0.906,-2.6035,-1.498,-0.7949,other
241578,0.3236,-0.26,-0.8788,-2.7207,-1.3711,-0.8535,other
241601,0.3076,-0.26,-0.8804,-2.9531,-1.3105,-0.8105,other
241624,0.2953,-0.26,-0.8698,-3.1445,-1.3125,-0.7187,other
241647,0.3168,-0.26,-0.8748,-3.4375,-1.3418,-0.4961,other
241670,0.329,-0.2594,-0.8734,-3.6074,-1.3574,-0.3164,other
241693,0.3226,-0.26,-0.8749,-3.793,-1.3652,-0.0586,other
241716,0.314,-0.26,-0.8823,-3.8809,-1.3477,0.1328,other
241739,0.3065,-0.26,-0.8768,-3.8828,-1.3281,0.2129,other
241762,0.2947,-0.2601,-0.8607,-3.8047,-1.3125,0.2695,other
241785,0.2925,-0.2606,-0.8494,-3.6973,-1.3086,0.2754,other
241808,0.3146,-0.2599,-0.8484,-3.4707,-1.2871,0.2363,other
241831,0.3347,-0.2605,-0.8646,-3.2539,-1.2461,0.1152,other
241854,0.342,-0.2599,-0.8906,-3.1875,-1.2402,-0.0312,other
241877,0.3336,-0.2589,-0.9045,-3.3066,-1.3496,-0.3437,other
241900,0.3037,-0.2596,-0.8779,-3.5488,-1.5293,-0.5762,other
241923,0.2893,-0.2601,-0.8594,-4.0605,-1.8965,-0.8594,other
241946,0.3043,-0.26,-0.8629,-4.4121,-2.123,-0.9492,other
241969,0.3157,-0.26,-0.8663,-4.832,-2.3359,-0.9023,other
241992,0.3129,-0.26,-0.8779,-5.0703,-2.3887,-0.6758,other
242015,0.3093,-0.2596,-0.8827,-5.1465,-2.3574,-0.4629,other
242038,0.291,-0.2517,-0.8678,-5.1797,-2.25,-0.0996,other
242061,0.2939,-0.2556,-0.8578,-5.1699,-2.125,0.1523,other
242084,0.3175,-0.2545,-0.8743,-5.1309,-1.834,0.4961,other
242107,0.327,-0.254,-0.8854,-5.1152,-1.4707,0.7207,other
242130,0.3297,-0.2596,-0.8971,-5.1445,-1.248,0.7617,other
242153,0.3132,-0.2598,-0.8936,-5.2598,-1.0215,0.6602,other
242176,0.2952,-0.2533,-0.8701,-5.3516,-0.9551,0.5137,other
242199,0.2997,-0.2501,-0.8661,-5.418,-0.9375,0.252,other
242222,0.3171,-0.2617,-0.8711,-5.2988,-0.9551,0.0156,other
242245,0.3237,-0.2588,-0.8708,-5.1016,-0.9785,-0.1172,other
242268,0.3082,-0.2555,-0.8682,-4.6777,-1.0625,-0.2773,other
242291,0.2982,-0.2537,-0.8755,-4.3574,-1.1582,-0.3496,other
242314,0.2993,-0.2473,-0.8759,-3.916,-1.3203,-0.3848,other
242337,0.3027,-0.2461,-0.8727,-3.6836,-1.4199,-0.3613,other
242360,0.3058,-0.2554,-0.8821,-3.4668,-1.5234,-0.2871,other
242383,0.3125,-0.2605,-0.887,-3.3965,-1.5586,-0.2324,other
242406,0.3165,-0.2587,-0.877,-3.4102,-1.5449,-0.2363,other
242429,0.3021,-0.259,-0.8597,-3.4609,-1.4746,-0.3203,other
242452,0.3063,-0.2601,-0.8519,-3.4727,-1.3906,-0.4238,other
242475,0.3257,-0.26,-0.8641,-3.4277,-1.1758,-0.6191,other
242498,0.3168,-0.2577,-0.8728,-3.3379,-0.8809,-0.8477,other
242521,0.3029,-0.2478,-0.8788,-3.3008,-0.668,-1.0,other
242544,0.3085,-0.2555,-0.8848,-3.3379,-0.3574,-1.1934,other
242567,0.319,-0.2554,-0.8844,-3.4414,-0.1738,-1.2871,other
242590,0.3264,-0.2604,-0.8776,-3.6914,0.0234,-1.3789,other
242613,0.3276,-0.2599,-0.8589,-3.9863,0.0879,-1.4316,other
242636,0.3173,-0.2595,-0.8645,-4.1602,0.0605,-1.4434,other
242659,0.3008,-0.2542,-0.8639,-4.3535,-0.0352,-1.4102,other
242682,0.3009,-0.2493,-0.8796,-4.4414,-0.1055,-1.3379,other
242705,0.3069,-0.2548,-0.8658,-4.5547,-0.1934,-1.1563,other
242728,0.3156,-0.2577,-0.8721,-4.6387,-0.2422,-0.9395,other
242751,0.3186,-0.2468,-0.8798,-4.8027,-0.3066,-0.8145,other
242774,0.319,-0.2378,-0.8792,-5.0449,-0.3652,-0.6973,other
242797,0.3157,-0.2363,-0.882,-5.2461,-0.3887,-0.6797,other
242820,0.3247,-0.2384,-0.8969,-5.5723,-0.377,-0.7461,other
242843,0.3315,-0.2418,-0.9047,-5.7773,-0.3359,-0.8438,other
242866,0.3231,-0.2443,-0.8815,-5.9902,-0.2695,-1.0547,other
242889,0.3181,-0.2535,-0.8577,-5.9707,-0.2383,-1.2949,other
242912,0.3297,-0.2596,-0.8479,-5.7754,-0.2461,-1.4375,other
242935,0.3276,-0.2572,-0.8506,-5.207,-0.3145,-1.5898,other
242958,0.3228,-0.2512,-0.8611,-4.7031,-0.3984,-1.6328,other
242981,0.307,-0.2466,-0.8773,-3.9414,-0.5605,-1.5898,other
243004,0.2926,-0.2378,-0.8802,-3.3867,-0.7285,-1.4023,other
243027,0.3029,-0.2377,-0.8718,-3.2148,-0.8203,-1.2051,other
243050,0.3303,-0.239,-0.8741,-3.2832,-0.9063,-0.8574,other
243073,0.3397,-0.2419,-0.8667,-3.5137,-0.9355,-0.6465,other
243096,0.3423,-0.246,-0.881,-4.0391,-0.9434,-0.4355,other
243119,0.3339,-0.2385,-0.8859,-4.4473,-0.9297,-0.375,other
243142,0.3115,-0.2303,-0.8854,-5.0605,-0.8867,-0.3945,other
243165,0.3048,-0.2321,-0.8936,-5.5742,-0.834,-0.4434,other
243188,0.3035,-0.234,-0.8784,-5.8125,-0.8047,-0.4551,other
243211,0.3198,-0.2393,-0.8804,-5.9473,-0.7969,-0.4355,other
243234,0.3307,-0.2401,-0.8693,-5.8633,-0.8281,-0.416,other
243257,0.3196,-0.2399,-0.8634,-5.4707,-0.9355,-0.4258,other
243280,0.3025,-0.241,-0.8481,-4.8047,-1.0645,-0.5059,other
243303,0.3136,-0.246,-0.8705,-4.2617,-1.1172,-0.5898,other
243326,0.3308,-0.2488,-0.8767,-3.4414,-1.127,-0.7539,other
243349,0.3179,-0.249,-0.8599,-2.9766,-1.1074,-0.8828,other
243372,0.3152,-0.2417,-0.8646,-2.5176,-1.0703,-1.0859,other
243395,0.3169,-0.2272,-0.8689,-2.4219,-1.0117,-1.2617,other
243418,0.325,-0.2263,-0.8918,-2.5762,-0.9531,-1.3535,other
243441,0.3422,-0.2278,-0.8986,-3.0918,-0.834,-1.4609,other
243464,0.3345,-0.2329,-0.9054,-3.5664,-0.748,-1.5254,other
243487,0.3254,-0.238,-0.89,-4.3086,-0.6562,-1.6113,other
243510,0.3054,-0.2421,-0.8459,-4.707,-0.6562,-1.6602,other
243533,0.313,-0.2461,-0.8466,-4.9687,-0.6992,-1.6543,other
243556,0.3287,-0.2423,-0.8625,-4.7441,-0.8105,-1.5898,other
243579,0.3308,-0.2378,-0.8789,-4.3809,-0.9199,-1.5293,other
243602,0.3215,-0.2347,-0.8756,-3.7012,-1.1328,-1.4414,other
243625,0.3098,-0.2382,-0.8585,-3.2598,-1.2852,-1.3887,other
243648,0.3119,-0.2408,-0.8601,-2.7305,-1.4707,-1.3145,other
243671,0.3193,-0.2432,-0.8619,-2.4453,-1.5527,-1.252,other
243694,0.3308,-0.2429,-0.8739,-2.4258,-1.5586,-1.2285,other
243717,0.332,-0.2346,-0.8782,-2.6836,-1.5371,-1.2441,other
243740,0.3372,-0.2291,-0.894,-3.041,-1.5254,-1.2891,other
243763,0.3351,-0.2275,-0.9014,-3.793,-1.5391,-1.3965,other
243786,0.3197,-0.2289,-0.8903,-4.6484,-1.6094,-1.498,other
243809,0.3077,-0.2312,-0.8682,-5.1543,-1.6777,-1.5313,other
243832,0.298,-0.2391,-0.851,-5.6309,-1.7754,-1.4785,other
243855,0.3147,-0.2407,-0.851,-5.6953,-1.8047,-1.373,other
243878,0.329,-0.23,-0.8564,-5.4238,-1.7617,-1.1426,other
243901,0.3293,-0.2362,-0.8802,-4.5723,-1.6426,-0.9102,other
243924,0.3417,-0.2428,-0.9019,-4.4824,-1.5586,-0.7949,other
243947,0.3181,-0.2247,-0.8773,-4.0332,-1.502,-0.6953,other
243970,0.2842,-0.2239,-0.8528,-3.8691,-1.5313,-0.6621,other
243993,0.295,-0.2365,-0.8601,-3.8125,-1.627,-0.6113,other
244016,0.3251,-0.235,-0.8683,-3.877,-1.6855,-0.5762,other
244039,0.337,-0.2249,-0.8785,-4.1055,-1.7539,-0.5742,other
244062,0.3295,-0.2257,-0.8939,-4.4805,-1.832,-0.6934,other
244085,0.3206,-0.2249,-0.8904,-4.7988,-1.8984,-0.8438,other
244108,0.3093,-0.2261,-0.8713,-5.3066,-2.0215,-1.123,other
244131,0.3048,-0.2278,-0.8651,-5.6074,-2.1035,-1.3047,other
244154,0.3097,-0.2258,-0.8622,-5.9043,-2.1836,-1.5156,other
244177,0.3225,-0.2236,-0.8694,-5.9746,-2.1699,-1.6172,other
244200,0.325,-0.2253,-0.89,-5.918,-2.0996,-1.6328,other
244223,0.3219,-0.2208,-0.899,-5.7598,-1.9102,-1.5996,other
244246,0.3093,-0.2157,-0.8854,-5.6445,-1.752,-1.5488,other
244269,0.2931,-0.2195,-0.868,-5.4746,-1.5117,-1.4375,other
244292,0.3103,-0.2225,-0.8685,-5.2656,-1.2793,-1.2949,other
244315,0.3271,-0.223,-0.871,-5.0898,-1.1367,-1.207,other
244338,0.3372,-0.2229,-0.8776,-4.7832,-0.9531,-1.1445,other
244361,0.3347,-0.2212,-0.8938,-4.5762,-0.8633,-1.168,other
244384,0.3201,-0.2211,-0.8931,-4.3125,-0.8086,-1.2969,other
244407,0.2949,-0.2218,-0.8617,-4.1797,-0.8398,-1.4102,other
244430,0.2981,-0.2264,-0.8484,-4.0117,-0.9609,-1.5508,other
244453,0.3195,-0.2239,-0.859,-3.8457,-1.127,-1.5996,other
244476,0.3286,-0.2191,-0.8706,-3.752,-1.2598,-1.5859,other
244499,0.3331,-0.2129,-0.9048,-3.7129,-1.5039,-1.5352,other
244522,0.3176,-0.2094,-0.9086,-3.7969,-1.7051,-1.498,other
244545,0.2952,-0.2123,-0.8887,-4.0781,-2.043,-1.4355,other
244568,0.2999,-0.2191,-0.8694,-4.4082,-2.3242,-1.3418,other
244591,0.3219,-0.2253,-0.8639,-4.5508,-2.4316,-1.2578,other
244614,0.3295,-0.2271,-0.8674,-4.5449,-2.4531,-1.1328,other
244637,0.3247,-0.2236,-0.8726,-4.3887,-2.3887,-1.0645,other
244660,0.3175,-0.223,-0.8783,-3.9961,-2.207,-0.9863,other
244683,0.3094,-0.218,-0.8724,-3.5449,-1.9746,-0.9082,other
244706,0.2925,-0.2142,-0.865,-3.2793,-1.8184,-0.8359,other
244729,0.3074,-0.2212,-0.8875,-3.0039,-1.5938,-0.6816,other
244752,0.3324,-0.222,-0.8945,-2.9355,-1.4668,-0.5605,other
244775,0.3143,-0.2194,-0.8733,-3.0156,-1.3398,-0.3848,other
244798,0.3015,-0.2207,-0.8738,-3.1582,-1.2871,-0.2363,other
244821,0.3096,-0.2184,-0.8724,-3.4258,-1.1934,-0.1484,other
244844,0.3148,-0.2197,-0.8807,-3.6797,-1.0684,-0.043,other
244867,0.3085,-0.2224,-0.8708,-3.8184,-0.9922,0.0039,other
244890,0.3059,-0.2201,-0.8689,-3.9687,-0.8984,0.0234,other
244913,0.3064,-0.2142,-0.8905,-4.0332,-0.8438,0.0078,other
244936,0.3168,-0.2072,-0.8953,-4.1113,-0.7578,-0.0547,other
244959,0.3308,-0.208,-0.9048,-4.1895,-0.6953,-0.1641,other
244982,0.3156,-0.2095,-0.8964,-4.2246,-0.6875,-0.2695,other
245005,0.3158,-0.2178,-0.8794,-4.168,-0.7285,-0.4648,other
245028,0.3234,-0.2238,-0.8722,-3.9961,-0.7734,-0.6055,other
245051,0.3082,-0.2288,-0.8641,-3.4609,-0.8418,-0.8125,other
245074,0.3079,-0.2311,-0.868,-2.5879,-0.8496,-0.9785,other
245097,0.3129,-0.2346,-0.8552,-1.8711,-0.8047,-1.0605,other
245120,0.3199,-0.2406,-0.8494,-0.7441,-0.6738,-1.1348,other
245143,0.3185,-0.2429,-0.8458,-0.0625,-0.5664,-1.1602,other
245166,0.3096,-0.2368,-0.8462,0.6758,-0.3945,-1.166,other
245189,0.3135,-0.2303,-0.8495,0.8828,-0.2656,-1.1211,other
245212,0.3156,-0.2236,-0.8655,0.6641,-0.0293,-1.0605,other
245235,0.3158,-0.2208,-0.8971,-0.2363,0.2656,-0.9453,other
245258,0.3322,-0.2147,-0.9104,-1.1895,0.4727,-0.8711,other
245281,0.3325,-0.2157,-0.9017,-2.9922,0.7324,-0.8145,other
245304,0.3248,-0.2186,-0.8859,-4.2852,0.8379,-0.834,other
245327,0.3369,-0.2178,-0.8777,-6.0371,0.8848,-0.9473,other
245350,0.3352,-0.2194,-0.8778,-7.2383,0.7793,-1.1406,other
245373,0.3298,-0.2217,-0.8813,-7.627,0.6152,-1.2891,other
245396,0.3185,-0.2201,-0.8755,-7.5937,0.2187,-1.4941,other
245419,0.3207,-0.2201,-0.8744,-7.2207,-0.1328,-1.5918,other
245442,0.3025,-0.2218,-0.858,-6.3027,-0.7617,-1.6465,other
245465,0.3031,-0.2244,-0.855,-5.1875,-1.4375,-1.5801,other
245488,0.3278,-0.2241,-0.8513,-4.4648,-1.8652,-1.4844,other
245511,0.3309,-0.2227,-0.8644,-3.5957,-2.4414,-1.3203,other
245534,0.3284,-0.2209,-0.8744,-3.252,-2.7871,-1.2246,other
245557,0.3217,-0.2141,-0.8851,-3.1934,-3.2266,-1.1172,other
245580,0.3203,-0.2084,-0.8848,-3.4707,-3.5391,-1.0137,other
245603,0.3291,-0.2107,-0.9037,-4.2871,-3.6582,-0.9219,other
245626,0.3286,-0.2094,-0.8997,-5.4004,-3.7207,-0.7246,other
245649,0.3138,-0.2089,-0.8901,-6.168,-3.709,-0.5391,other
245672,0.2875,-0.2073,-0.8817,-7.1406,-3.6387,-0.1738,other
245695,0.2927,-0.2043,-0.8846,-7.5664,-3.5469,0.125,other
245718,0.3048,-0.2059,-0.8905,-7.7812,-3.3281,0.6074,other
245741,0.3069,-0.2079,-0.8876,-7.4863,-3.041,1.0156,other
245764,0.3102,-0.2056,-0.8647,-7.0488,-2.832,1.1855,other
245787,0.3014,-0.2087,-0.8571,-6.1152,-2.502,1.2305,other
245810,0.2935,-0.214,-0.8671,-5.3789,-2.2578,1.1172,other
245833,0.3035,-0.2177,-0.8651,-4.25,-1.8262,0.7559,other
245856,0.3114,-0.2178,-0.8715,-3.291,-1.3047,0.207,other
245879,0.3158,-0.2125,-0.8745,-2.8477,-0.9336,-0.2422,other
245902,0.3086,-0.2094,-0.896,-2.582,-0.3965,-0.9902,other
245925,0.2903,-0.2013,-0.8851,-2.6895,-0.0859,-1.4961,other
245948,0.3159,-0.1982,-0.8628,-3.2207,0.3027,-2.1895,other
245971,0.348,-0.2068,-0.8722,-4.2383,0.6191,-2.7598,other
245994,0.3475,-0.2104,-0.8666,-4.5977,0.7656,-3.0781,other
246017,0.3445,-0.2053,-0.8708,-5.3965,0.873,-3.4727,other
246040,0.3324,-0.1984,-0.8856,-5.8379,0.8828,-3.6621,other
246063,0.3173,-0.1932,-0.8831,-6.334,0.8418,-3.7891,other
246086,0.3217,-0.1938,-0.8912,-6.5527,0.7988,-3.7422,other
246109,0.3099,-0.1942,-0.8969,-6.7246,0.7012,-3.4805,other
246132,0.3071,-0.1906,-0.9039,-6.7305,0.5098,-3.0469,other
246155,0.3251,-0.1895,-0.8967,-6.6543,0.2891,-2.7109,other
246178,0.3124,-0.2003,-0.8606,-6.4062,-0.25,-2.2344,other
246201,0.2858,-0.2111,-0.8304,-6.125,-0.7441,-1.9785,other
246224,0.2972,-0.2073,-0.8311,-5.5117,-1.5547,-1.7363,other
246247,0.3282,-0.2014,-0.8604,-4.7793,-2.2871,-1.7148,other
246270,0.3292,-0.197,-0.897,-4.3535,-2.6973,-1.8438,other
246293,0.3335,-0.1912,-0.9125,-4.0332,-3.2109,-2.2363,other
246316,0.3177,-0.1881,-0.9008,-4.1074,-3.498,-2.5859,other
246339,0.3134,-0.1925,-0.9187,-4.6211,-3.8652,-3.1211,other
246362,0.326,-0.2,-0.9476,-5.4141,-4.2012,-3.5352,other
246385,0.3074,-0.1954,-0.9208,-5.9336,-4.4824,-3.6953,other
246408,0.3112,-0.1841,-0.937,-6.3633,-5.041,-3.7246,other
246431,0.3209,-0.1825,-0.9083,-6.2344,-5.4922,-3.5996,other
246454,0.2913,-0.1876,-0.8806,-5.2266,-6.2793,-3.2383,other
246477,0.2477,-0.1957,-0.8481,-3.9961,-6.8379,-2.9062,other
246500,0.2469,-0.2083,-0.816,-1.4609,-7.5332,-2.3086,other
246523,0.2601,-0.2167,-0.7759,1.5234,-7.8164,-1.6895,other
246546,0.249,-0.2262,-0.7814,3.4512,-7.709,-1.3535,other
246569,0.3116,-0.229,-0.8933,5.6621,-7.127,-1.1426,other
246592,0.3739,-0.2205,-0.9908,6.3359,-6.6035,-1.3027,other
246615,0.3667,-0.2107,-0.9954,5.8125,-5.9707,-2.0977,other
246638,0.321,-0.1913,-0.969,3.7227,-5.6855,-3.4629,other
246661,0.2084,-0.168,-0.8755,1.9414,-5.6348,-4.4883,other
246684,0.0992,-0.1438,-0.7648,-0.332,-5.582,-5.7539,other
246707,0.0652,-0.1578,-0.7809,-1.1426,-5.4141,-6.291,other
246730,0.2062,-0.1427,-0.8203,-1.3203,-5.127,-7.0117,other
246753,0.4116,-0.1228,-0.9775,-1.502,-6.3418,-8.8906,other
246776,0.3539,-0.1279,-0.9716,-2.7363,-9.3203,-11.5879,other
246799,0.3019,-0.0939,-0.9702,-7.7559,-17.6406,-18.3457,other
246822,0.2765,-0.0596,-0.8811,-13.5508,-24.6582,-24.457,other
246845,0.1658,-0.0763,-0.7495,-25.2461,-34.0508,-35.0117,other
246868,0.1112,-0.0542,-0.6475,-34.0957,-37.4805,-45.6641,other
246891,0.2426,0.0446,-0.7397,-47.207,-35.7227,-51.7637,other
246914,0.3909,0.0669,-1.092,-59.0371,-25.5254,-59.0449,other
246937,0.3934,0.0719,-1.2255,-64.0,-15.8535,-62.3496,other
246960,0.3031,0.1088,-0.9846,-64.0,-0.9746,-64.0,other
246983,0.2615,0.1555,-0.7504,-64.0,7.7852,-64.0,other
247006,0.2314,0.1874,-0.7638,-64.0,18.8418,-60.0977,other
247029,0.3175,0.1973,-0.9753,-64.0,27.957,-52.4785,other
247052,0.4227,0.1875,-1.1615,-64.0,32.7676,-45.9883,other
247075,0.3716,0.2034,-1.0334,-64.0,36.7422,-35.334,other
247098,0.2598,0.2429,-0.7434,-64.0,36.6582,-28.2207,other
247121,0.1143,0.2599,-0.5645,-64.0,32.8789,-18.2168,other
247144,0.0417,0.2562,-0.6038,-64.0,26.5508,-9.5566,other
247167,0.0948,0.2402,-0.6683,-62.9473,21.9648,-4.9141,other
247190,0.2224,0.2976,-0.7922,-52.3184,15.2363,-0.5039,other
247213,0.3304,0.2812,-0.913,-46.5371,10.4121,0.2793,other
247236,0.2371,0.3269,-0.8285,-41.3672,1.3477,-1.9121,other
247259,0.1212,0.3678,-0.6935,-40.3672,-5.7559,-7.2422,other
247282,0.1447,0.3774,-0.6335,-41.3906,-15.7461,-11.6777,other
247305,0.2772,0.3691,-0.6979,-43.4922,-22.0117,-18.3789,other
247328,0.3745,0.365,-0.8015,-44.6641,-23.4297,-22.3418,other
247351,0.3191,0.356,-0.8119,-45.4785,-21.9824,-26.8145,other
247374,0.2224,0.403,-0.7456,-45.1973,-19.2344,-28.4102,other
247397,0.2236,0.4365,-0.6553,-43.1992,-13.3418,-28.1348,other
247420,0.2838,0.429,-0.7278,-39.0723,-6.5293,-24.5195,other
247443,0.2975,0.3994,-0.9047,-35.3203,-2.2812,-20.584,other
247466,0.2284,0.3969,-0.83,-28.9258,2.4512,-13.291,other
247489,0.1271,0.4288,-0.6844,-24.5352,4.1602,-8.0215,other
247512,0.1532,0.4395,-0.5786,-18.0723,4.791,-0.3066,other
247535,0.2759,0.3966,-0.7626,-12.1094,3.8047,6.1992,other
247558,0.2701,0.4216,-0.9501,-8.8301,2.4883,9.377,other
247581,0.1348,0.4154,-0.7205,-5.3965,-0.1465,12.0957,other
247604,0.2439,0.4264,-0.6156,-3.998,-1.916,12.6328,other
247627,0.3524,0.408,-0.5985,-2.8887,-3.9043,11.9258,other
247650,0.2937,0.4207,-0.838,-2.5449,-5.2168,10.0488,other
247673,-0.019,0.3986,-0.9417,-2.1836,-5.8066,8.6035,other
247696,0.1987,0.3669,-0.7777,-1.8125,-8.3809,6.7383,other
247719,0.2284,0.3528,-0.778,-1.6934,-11.582,5.8027,other
247742,0.1948,0.3889,-0.7411,-1.9961,-18.0742,4.7656,other
247765,0.196,0.4385,-0.7375,-2.5566,-22.4727,4.168,other
247788,0.16,0.4384,-0.7869,-3.7324,-27.0215,3.123,other
247811,0.1274,0.4382,-0.7931,-4.9355,-27.3848,1.7148,other
247834,0.1395,0.4447,-0.7985,-5.6328,-25.1543,0.623,other
247857,0.1897,0.4607,-0.7722,-6.5762,-19.2754,-0.9238,other
247880,0.2107,0.4218,-0.7819,-7.3086,-14.9492,-1.625,other
247903,0.2009,0.3356,-0.8379,-8.998,-10.0937,-1.752,other
247926,0.1688,0.3854,-0.932,-11.5937,-7.9062,-0.6309,other
247949,0.2836,0.406,-0.817,-13.416,-7.4141,0.6152,other
247972,0.2992,0.3807,-0.7665,-14.8672,-7.2402,2.5781,other
247995,0.2888,0.3424,-0.7458,-14.1602,-7.1523,3.5762,other
248018,0.2574,0.3112,-0.7589,-9.8984,-6.7969,4.2734,other
248041,0.2319,0.2842,-0.7736,-5.0957,-6.25,4.1191,other
248064,0.2177,0.3079,-0.7145,3.9258,-5.9648,3.7617,other
248087,0.1974,0.3297,-0.6809,13.2305,-6.0879,3.209,other
248110,0.1382,0.3457,-0.739,18.5195,-6.7109,3.0,other
248133,0.0842,0.3525,-0.7777,23.709,-8.3594,3.1621,other
248156,0.0797,0.3624,-0.7719,24.8086,-9.7227,3.6816,other
248179,0.0941,0.3799,-0.7327,22.668,-11.7559,5.0879,other
248202,0.094,0.3734,-0.7694,16.6133,-13.3984,7.0117,other
248225,0.1095,0.3905,-0.6902,11.0645,-14.1504,8.3926,other
248248,0.1157,0.4082,-0.7307,1.7031,-14.6133,10.3613,other
248271,0.0762,0.3932,-0.8085,-4.5371,-14.3164,11.5195,other
248294,0.1099,0.3984,-0.7723,-12.9609,-12.6562,12.9727,other
248317,0.152,0.3973,-0.7529,-19.4746,-9.6191,13.9922,other
248340,0.049,0.4084,-0.7087,-22.5176,-7.1484,14.3359,other
248363,0.0522,0.4158,-0.8376,-25.1836,-3.3828,14.1426,other
248386,0.3119,0.4366,-0.9636,-25.9434,-1.3145,13.3437,other
248409,0.2153,0.4572,-0.7371,-25.9883,0.166,10.8379,other
248432,0.1876,0.4446,-0.7585,-24.8242,-0.4434,6.9629,other
248455,0.1375,0.4294,-0.78,-23.252,-1.5586,4.0293,other
248478,0.0973,0.4073,-0.7141,-20.1152,-3.4258,-0.1113,other
248501,0.1471,0.3933,-0.7119,-17.7168,-4.4219,-2.3359,other
248524,0.0681,0.3992,-0.5914,-14.2793,-5.2598,-4.5312,other
248547,0.0145,0.4221,-0.771,-12.5195,-5.3711,-5.2129,other
248570,0.3179,0.4424,-0.9199,-11.4512,-5.1797,-5.4766,other
248593,0.1486,0.5084,-0.8519,-12.7441,-5.4492,-5.6953,other
248616,0.0353,0.4731,-0.7307,-14.6719,-6.0371,-6.0937,other
248639,0.1898,0.4509,-0.75,-18.1875,-7.0176,-6.9727,other
248662,0.0922,0.4448,-0.686,-20.3984,-7.582,-7.5547,other
248685,0.1001,0.4614,-0.6864,-22.8223,-8.1094,-8.1016,other
248708,0.1179,0.4712,-0.7017,-23.6602,-7.8008,-8.0293,other
248731,0.1688,0.4569,-0.7581,-23.2227,-6.752,-7.5742,other
248754,0.1638,0.4666,-0.7115,-21.1367,-3.3418,-6.2832,other
248777,0.1316,0.4636,-0.7109,-18.9297,0.1621,-5.0762,other
248800,0.1575,0.4602,-0.7174,-14.8066,6.4609,-2.9668,other
248823,0.1934,0.4407,-0.6912,-10.3613,12.3379,-0.7656,other
248846,0.1674,0.4293,-0.6892,-7.5703,15.2598,0.6387,other
248869,0.2258,0.4487,-0.7601,-3.9551,18.2188,2.5586,other
248892,0.2842,0.4661,-0.7489,-1.9688,19.7852,3.6953,other
248915,0.2296,0.4619,-0.7632,0.4121,22.2207,5.0762,other
248938,0.172,0.4497,-0.7708,1.5957,23.9844,5.6289,other
248961,0.2084,0.4282,-0.7498,2.6875,26.4043,5.6309,other
248984,0.1687,0.4545,-0.7085,2.8789,27.3652,4.5605,other
249007,0.1823,0.4739,-0.7236,2.5703,26.6465,3.3887,other
249030,0.267,0.4519,-0.7073,1.7773,23.5117,1.4648,other
249053,0.2424,0.5388,-0.7909,1.2871,20.4609,0.4512,other
249076,0.2396,0.5415,-0.7676,1.0508,15.5605,-0.1328,other
249099,0.2913,0.4342,-0.6962,1.6133,11.3945,0.6855,other
249122,0.1901,0.4041,-0.9768,2.2109,9.2129,1.9648,other
249145,0.3737,0.4921,-0.7515,3.0566,6.5781,4.5937,other
249168,0.312,0.4515,-0.7096,3.8418,5.0234,6.4316,other
249191,0.2938,0.4092,-0.7777,6.2266,3.0195,8.5977,other
249214,0.3043,0.3837,-0.7234,10.6016,1.5234,9.5937,other
249237,0.3239,0.3579,-0.6785,14.5059,0.6895,9.6152,other
249260,0.2842,0.3354,-0.7195,21.0938,-0.5918,8.9687,other
249283,0.2114,0.3047,-0.7711,25.3223,-1.5977,8.3066,other
249306,0.2345,0.313,-0.6787,30.2695,-3.4297,7.2695,other
249329,0.2489,0.3518,-0.6599,32.1328,-4.8496,6.3555,other
249352,0.2509,0.3514,-0.748,32.252,-7.1699,5.8535,other
249375,0.155,0.3405,-0.7769,28.832,-9.6133,5.3242,other
249398,0.168,0.28,-0.7343,24.5977,-11.1992,5.1621,other
249421,0.1401,0.2651,-0.6664,15.7676,-13.2715,5.209,other
249444,0.1549,0.2788,-0.6387,8.668,-14.3281,5.3789,other
249467,0.1885,0.3204,-0.7566,-3.0117,-15.3066,5.623,other
249490,0.2003,0.3456,-0.8008,-15.1543,-15.7891,5.5293,other
249513,0.188,0.3903,-1.1815,-23.1113,-16.0664,5.166,other
249536,0.1372,0.5078,-0.7661,-33.8594,-16.4453,4.1582,other
249559,0.1733,0.4958,-0.623,-39.293,-16.3672,3.2344,other
249582,0.3275,0.4982,-0.7263,-43.4219,-15.1836,1.6172,other
249605,0.1914,0.4805,-0.7703,-42.3438,-12.5352,-0.0605,other
249628,0.1821,0.4572,-0.7783,-39.2246,-9.9883,-1.0508,other
249651,0.2367,0.4427,-0.7422,-32.4395,-5.248,-2.1562,other
249674,0.2635,0.4493,-0.6858,-27.4766,-1.748,-2.627,other
249697,0.2318,0.4398,-0.7711,-20.8105,3.4336,-3.0293,other
249720,0.193,0.3903,-0.7771,-17.4805,7.9902,-3.2168,other
249743,0.1821,0.3685,-0.6997,-14.6777,9.877,-3.2812,other
249766,0.22,0.4255,-0.6437,-14.418,11.2031,-3.3105,other
249789,0.2273,0.4906,-0.738,-15.2773,10.8848,-3.2773,other
249812,0.2423,0.4904,-0.7837,-17.2422,9.2324,-3.1094,other
249835,0.2374,0.4327,-0.7539,-18.5371,7.8301,-2.9043,other
249858,0.1899,0.4114,-0.6521,-19.9395,5.6758,-2.4707,other
249881,0.2341,0.4535,-0.6228,-20.377,3.3887,-1.9688,other
249904,0.266,0.5125,-0.665,-20.0332,1.7773,-1.6348,other
249927,0.2134,0.5264,-0.7861,-18.5137,-0.3496,-1.168,other
249950,0.2496,0.4734,-0.7015,-16.9238,-1.1563,-0.8945,other
249973,0.2264,0.4634,-0.641,-14.1113,-1.125,-0.5879,other
249996,0.2616,0.4916,-0.6288,-11.4609,0.0,-0.498,other
250019,0.2285,0.5154,-0.6847,-10.1035,0.9766,-0.6055,other
250042,0.1816,0.5219,-0.7828,-9.0098,2.625,-1.0332,other
250065,0.239,0.4784,-0.6528,-9.0078,3.9238,-1.4863,other
250088,0.261,0.4933,-0.6479,-10.0762,5.9082,-2.4004,other
250111,0.2124,0.5083,-0.673,-11.377,7.1621,-3.5684,other
250134,0.1948,0.4855,-0.7434,-13.8594,7.2148,-4.4551,other
250157,0.1959,0.495,-0.5835,-16.5098,5.8848,-5.8574,other
250180,0.2019,0.5238,-0.6121,-18.1113,4.125,-6.7676,other
250203,0.2081,0.5201,-0.6255,-19.9063,0.5723,-7.9629,other
250226,0.1868,0.5067,-0.649,-20.5605,-2.0176,-8.5879,other
250249,0.2098,0.4589,-0.6407,-20.6875,-5.4238,-9.2031,other
250272,0.2245,0.3535,-0.5752,-19.9648,-7.4512,-9.4043,other
250295,0.1919,0.5679,-0.7195,-19.166,-7.6777,-9.2949,other
250318,0.2568,0.8875,-0.7496,-17.5859,-6.0273,-8.7129,other
250341,0.2488,0.5825,-0.7441,-16.1777,-3.957,-7.9844,other
250364,0.2065,0.4603,-0.5856,-13.6035,-0.7266,-6.3945,other
250387,0.2012,0.5297,-0.5667,-11.0762,1.0977,-4.582,other
250410,0.136,0.5446,-0.6217,-9.7051,1.0391,-3.5508,other
250433,0.1531,0.5033,-0.6127,-8.1914,-0.5898,-2.6152,other
250456,0.1713,0.5099,-0.6768,-7.4336,-2.0684,-2.418,other
250479,0.1913,0.5028,-0.6128,-6.3281,-3.7637,-2.4551,other
250502,0.2056,0.5203,-0.7245,-4.8691,-4.1172,-2.2812,other
250525,0.1655,0.6031,-0.7562,-3.2266,-3.6055,-1.7285,other
250548,0.1464,0.4899,-0.6,0.043,-2.084,0.0508,other
250571,0.2517,0.5018,-0.5664,2.8281,-0.8828,1.9473,other
250594,0.2017,0.5385,-0.6157,7.6582,0.6621,5.9336,other
250617,0.3153,0.5439,-0.6434,11.2012,1.5371,9.3652,other
250640,0.2876,0.4955,-0.7279,16.8418,2.9746,15.5918,other
250663,0.2025,0.4348,-0.6389,22.5039,4.7988,22.7871,other
250686,0.2142,0.3513,-0.8779,26.0215,6.3848,27.7168,other
250709,0.2581,0.4294,-0.6719,30.7949,9.3887,34.3223,other
250732,0.3757,0.4083,-0.7141,33.9023,11.582,37.5234,other
250755,0.3832,0.3611,-0.5459,38.9902,14.5996,39.5488,other
250778,0.4406,0.3102,-0.6394,44.7793,17.373,37.7598,other
250801,0.4966,0.2673,-0.8889,48.6016,19.2949,34.6328,other
250824,0.4963,0.2782,-0.9944,52.9414,21.9883,28.0195,other
250847,0.4283,0.298,-0.875,54.3105,23.2949,23.1367,other
250870,0.379,0.2903,-0.7031,54.1504,24.248,16.5449,other
250893,0.373,0.254,-0.7208,52.4844,24.4746,12.0762,other
250916,0.4089,0.2128,-0.7855,51.1348,24.5273,10.5566,other
250939,0.4504,0.1855,-0.8292,49.0742,24.2422,10.2422,other
250962,0.4343,0.1776,-0.7953,47.6699,23.3711,10.9961,bite
250985,0.3892,0.1831,-0.6061,45.5781,20.6602,12.9121,bite
251008,0.3735,0.1554,-0.6389,44.3105,18.3242,14.3516,bite
251031,0.3895,0.1371,-0.766,42.4824,15.1621,16.2539,bite
251054,0.4524,0.1652,-0.7792,39.9531,13.1465,17.373,bite
251077,0.4915,0.1846,-0.8171,37.3828,12.3984,17.4785,bite
251100,0.5137,0.1895,-0.8009,31.8711,11.709,16.5137,bite
251123,0.5288,0.1823,-0.7997,27.2012,11.2734,15.1543,bite
251146,0.5284,0.1737,-0.8334,19.2813,10.3867,12.3359,bite
251169,0.4731,0.1614,-0.8148,11.2266,9.1934,9.2227,bite
251192,0.4211,0.1511,-0.7794,6.3535,8.3809,7.4062,bite
251215,0.4528,0.1556,-0.7771,0.5547,7.4687,5.5937,bite
251238,0.4768,0.1436,-0.7744,-2.0078,7.125,5.123,bite
251261,0.5092,0.1353,-0.774,-3.793,6.8125,5.4277,bite
251284,0.5105,0.1403,-0.7778,-3.4961,6.4492,6.627,bite
251307,0.4763,0.1377,-0.7917,-2.5273,6.1348,7.7539,bite
251330,0.4813,0.134,-0.8256,-0.5762,5.7246,9.7285,bite
251353,0.5032,0.129,-0.7931,0.7598,5.6289,11.1094,bite
251376,0.5333,0.1331,-0.7748,2.5742,5.918,13.0273,bite
251399,0.5326,0.121,-0.778,3.6602,6.4453,14.5859,bite
251422,0.5385,0.0989,-0.7776,5.1602,7.6602,15.2734,bite
251445,0.5729,0.0818,-0.7914,6.4844,9.0332,16.0938,bite
251468,0.5657,0.0801,-0.8145,7.2402,9.7695,16.584,bite
251491,0.5132,0.0697,-0.7775,8.2422,10.3594,17.5605,bite
251514,0.5129,0.048,-0.7777,8.9238,10.4629,18.5527,bite
251537,0.5825,0.0292,-0.7932,10.1289,10.3867,20.6797,bite
251560,0.5839,0.0204,-0.8196,11.5781,10.0117,23.4551,bite
251583,0.5449,0.0132,-0.7802,12.6641,9.5547,25.5527,bite
251606,0.5632,-0.0021,-0.7826,14.4961,8.6875,28.9199,bite
251629,0.6256,-0.0281,-0.8251,15.8613,8.1289,31.1914,bite
251652,0.6768,-0.0555,-0.8887,17.9961,7.3574,34.2949,bite
251675,0.6656,-0.0751,-0.9161,19.9434,6.3203,36.6016,bite
251698,0.6414,-0.0948,-0.8885,21.0176,5.2812,37.5781,bite
251721,0.6272,-0.11,-0.8447,22.3516,3.2051,38.2969,bite
251744,0.6414,-0.1332,-0.8237,23.1934,1.5781,38.418,bite
251767,0.6553,-0.1422,-0.7886,24.6211,-1.1387,38.3301,bite
251790,0.6234,-0.1632,-0.7778,25.7715,-3.1523,38.2598,bite
251813,0.5956,-0.1893,-0.7854,27.8281,-6.377,38.4414,bite
251836,0.5922,-0.2115,-0.777,30.1816,-9.6152,39.3613,bite
251859,0.5869,-0.2362,-0.7645,31.8281,-11.6797,40.5137,bite
251882,0.5474,-0.2648,-0.7222,34.2754,-14.4687,43.082,bite
251905,0.5408,-0.2979,-0.7164,35.7969,-15.9883,45.3066,bite
251928,0.5479,-0.3256,-0.699,37.7051,-17.623,49.2246,bite
251951,0.5281,-0.3439,-0.6553,38.9082,-18.5371,53.5137,bite
251974,0.4967,-0.3635,-0.6283,39.2207,-18.7988,56.4082,bite
251997,0.4645,-0.3903,-0.6431,38.8711,-18.5938,60.6523,bite
252020,0.4568,-0.4197,-0.6896,38.043,-17.9551,63.3652,bite
252043,0.5012,-0.4398,-0.7094,35.791,-16.2285,63.998,bite
252066,0.5016,-0.4495,-0.6609,32.2715,-13.8965,63.998,bite
252089,0.4789,-0.469,-0.6669,29.2949,-12.1992,63.998,bite
252112,0.4512,-0.4871,-0.7098,24.0938,-9.5176,63.998,bite
252135,0.4565,-0.4955,-0.7708,20.2539,-7.5977,63.998,bite
252158,0.4589,-0.499,-0.7621,14.1504,-4.5117,63.998,bite
252181,0.4011,-0.4949,-0.6676,10.0449,-1.3477,63.998,bite
252204,0.3457,-0.5167,-0.6608,4.2812,1.1133,63.998,bite
252227,0.2618,-0.5222,-0.6582,-0.582,4.9766,63.998,bite
252250,0.2604,-0.5189,-0.6808,-3.2617,7.7324,63.998,bite
252273,0.2986,-0.5186,-0.6998,-6.6309,11.6934,63.998,bite
252296,0.3368,-0.5129,-0.6968,-8.6484,13.7969,63.998,bite
252319,0.3384,-0.5203,-0.7498,-11.6582,15.5801,63.998,bite
252342,0.265,-0.532,-0.7783,-14.8828,15.6387,63.998,bite
252365,0.2523,-0.5275,-0.7767,-17.1797,14.9766,63.998,bite
252388,0.2577,-0.5372,-0.7769,-20.7168,13.4941,63.998,bite
252411,0.3337,-0.5498,-0.7775,-23.0156,12.4473,63.998,bite
252434,0.3811,-0.5455,-0.7786,-26.209,10.916,63.998,bite
252457,0.369,-0.5392,-0.7811,-28.9648,9.3574,60.7813,bite
252480,0.3112,-0.5516,-0.807,-30.4961,8.3281,57.1113,bite
252503,0.241,-0.5558,-0.8167,-32.2578,6.9844,52.3555,bite
252526,0.1915,-0.5511,-0.777,-33.0352,6.3164,49.9688,bite
252549,0.1493,-0.5267,-0.8739,-33.5234,5.7109,47.7207,bite
252572,0.2611,-0.4741,-0.8597,-33.3477,5.5039,46.6504,bite
252595,0.3265,-0.4766,-0.7955,-32.1777,5.4727,46.1113,bite
252618,0.2712,-0.5203,-0.7745,-29.7598,5.3457,44.9434,bite
252641,0.1638,-0.532,-0.7661,-27.5039,5.125,43.834,bite
252664,0.1622,-0.5558,-0.8179,-23.5059,4.623,41.9004,bite
252687,0.3213,-0.5726,-0.9491,-20.7363,4.2324,40.5996,bite
252710,0.3654,-0.5521,-0.8058,-16.8047,3.6113,38.7676,bite
252733,0.2186,-0.5449,-0.6801,-12.9785,3.1543,37.2598,bite
252756,0.135,-0.5475,-0.7451,-10.2227,3.2324,36.6523,bite
252779,0.1653,-0.5563,-0.7939,-5.6309,4.3203,36.6406,bite
252802,0.2919,-0.5248,-0.8597,-2.3887,5.7129,37.1875,bite
252825,0.1775,-0.4039,-0.8147,2.3984,8.4238,38.3516,bite
252848,0.2213,-0.4606,-0.8708,6.5918,10.9824,39.1348,bite
252871,0.2126,-0.4885,-0.3594,8.791,12.1543,39.0352,bite
252894,0.176,-0.6727,-0.7219,11.0937,13.0293,37.5703,bite
252917,0.3114,-0.6454,-0.7725,11.7207,12.998,35.6582,bite
252940,0.2284,-0.6797,-0.8715,10.6934,11.9238,31.5605,bite
252963,0.2682,-0.5742,-0.8398,7.0625,10.1152,26.5684,other
252986,0.182,-0.5566,-0.8159,3.6035,8.9102,23.1367,other
253009,0.2919,-0.5334,-0.7942,-2.4023,7.5625,18.2285,other
253032,0.2769,-0.5342,-0.8068,-6.3047,7.0117,15.1816,other
253055,0.3184,-0.5814,-0.8673,-11.1816,6.4902,10.916,other
253078,0.1885,-0.5935,-0.8303,-13.4766,6.1621,8.248,other
253101,0.1721,-0.637,-0.7908,-15.2031,5.377,4.5898,other
253124,0.1987,-0.6722,-0.6909,-14.7539,3.7187,1.416,other
253147,0.2812,-0.5662,-0.8021,-13.2773,1.7109,-0.4844,other
253170,0.1571,-0.5297,-0.8044,-9.5391,-2.8691,-3.1211,other
253193,0.225,-0.5162,-0.854,-6.25,-6.6914,-4.7227,other
253216,0.2112,-0.5293,-0.7847,-0.627,-12.7734,-6.7187,other
253239,0.2286,-0.522,-0.8062,5.1523,-17.8574,-7.9805,other
253262,0.0317,-0.5111,-0.7732,8.7988,-19.832,-8.3516,other
253285,-0.0093,-0.4897,-0.6647,13.7305,-19.7031,-8.457,other
253308,0.3073,-0.4854,-0.8953,16.5645,-17.5801,-8.7246,other
253331,0.3062,-0.5363,-0.936,19.957,-13.0781,-10.5469,other
253354,0.2196,-0.5775,-0.8101,22.5996,-9.127,-14.8652,other
253377,0.129,-0.6298,-0.6449,24.4902,-7.2051,-19.0586,other
253400,0.0442,-0.6659,-0.5071,28.5801,-5.0039,-26.6875,other
253423,0.0156,-0.7043,-0.467,32.4883,-3.7187,-32.375,other
253446,0.178,-0.6803,-0.4486,39.7598,-2.2246,-41.918,other
253469,0.2598,-0.6113,-0.3905,44.7695,-2.1406,-53.2715,other
253492,0.2548,-0.5529,-0.4174,50.5898,-4.7891,-62.0859,other
253515,0.3075,-0.4584,-0.4824,51.7988,-11.8379,-64.0,other
253538,0.3112,-0.3396,-0.5979,48.7539,-19.1582,-64.0,other
253561,0.3641,-0.2485,-0.7816,37.1406,-33.7637,-64.0,other
253584,0.4467,-0.1754,-0.9072,24.4844,-45.4668,-64.0,other
253607,0.5488,-0.1636,-1.0414,-1.0156,-64.0,-64.0,other
253630,0.5957,-0.1906,-1.1429,-31.6777,-64.0,-64.0,other
253653,0.5107,-0.2361,-1.1227,-52.8359,-64.0,-64.0,other
253676,0.3182,-0.2325,-0.8812,-64.0,-64.0,-64.0,other
253699,0.2626,-0.2985,-0.8438,-64.0,-64.0,-64.0,other
253722,0.2666,-0.3362,-0.8311,-64.0,-64.0,-64.0,other
253745,0.2546,-0.2871,-0.7236,-64.0,-64.0,-64.0,other
253768,0.3798,-0.1627,-0.6865,-64.0,-64.0,-64.0,other
253791,0.4156,-0.1469,-0.9844,-64.0,-64.0,-64.0,other
253814,0.2389,-0.1284,-1.1542,-64.0,-64.0,-64.0,other
253837,-0.1865,-0.0465,-0.8567,-45.1582,-64.0,-64.0,other
253860,-0.1765,0.0798,-0.8104,-32.6035,-64.0,-64.0,other
253883,0.0424,0.017,-1.28,-18.9805,-64.0,-58.9375,other
253906,0.2877,0.0409,-1.6682,-13.1953,-64.0,-37.6875,other
253929,0.0856,0.0802,-1.4542,-13.625,-64.0,-24.3535,other
253952,-0.2108,0.0844,-0.9268,-17.9395,-64.0,-6.6133,other
253975,-0.2094,-0.052,-0.8147,-20.6582,-64.0,3.6367,other
253998,0.0132,-0.0835,-1.0056,-20.8301,-64.0,16.5742,other
254021,0.0675,-0.0852,-1.1808,-14.9727,-44.7441,26.0117,other
254044,0.0022,-0.1149,-1.0562,-8.2715,-27.2871,29.9707,other
254067,-0.1268,-0.1407,-0.7826,4.5078,-0.5527,32.252,other
254090,-0.1117,-0.1368,-0.6306,14.1562,15.7344,31.6055,other
254113,0.0203,-0.1415,-0.8629,29.1797,35.3848,28.1895,other
254136,0.0889,-0.1558,-1.0421,42.8438,47.1895,22.6855,other
254159,0.1267,-0.1799,-1.0692,49.9297,50.2988,18.2383,other
254182,0.1136,-0.1863,-1.098,56.1328,49.2422,10.959,other
254205,0.1749,-0.2057,-1.1591,56.875,46.2441,5.9863,other
254228,0.1992,-0.2274,-0.9517,52.8398,40.2051,-1.2656,other
254251,0.1229,-0.2526,-0.7213,47.291,33.0859,-7.8672,other
254274,0.1281,-0.2866,-0.7219,36.6055,28.457,-11.6348,other
254297,0.2253,-0.3069,-0.8014,25.543,22.5332,-15.9551,other
254320,0.3218,-0.3059,-0.9448,18.875,20.0781,-17.832,other
254343,0.302,-0.3009,-1.0048,10.3906,19.2598,-19.1172,other
254366,0.2654,-0.2793,-0.9564,5.7168,20.5039,-18.9727,other
254389,0.2604,-0.2743,-0.8427,0.0254,24.2441,-17.2773,other
254412,0.2775,-0.1997,-0.7831,-4.1348,29.2695,-13.8457,other
254435,0.2429,-0.2494,-0.8379,-6.082,33.1543,-10.6523,other
254458,0.2566,-0.1899,-0.9003,-8.0703,39.8125,-4.7949,other
254481,0.4104,-0.23,-1.1599,-9.1914,44.4414,-0.5859,other
254504,0.4252,-0.2073,-1.0201,-11.4219,49.4707,5.1367,other
254527,0.2677,-0.1984,-0.8668,-14.3711,49.4863,9.207,other
254550,0.2133,-0.1957,-0.8008,-16.1758,46.5,10.8809,other
254573,0.2507,-0.1925,-0.7815,-17.6328,38.9668,12.0898,other
254596,0.2834,-0.199,-0.8591,-17.457,32.9082,12.1895,other
254619,0.3158,-0.2043,-0.9058,-15.6133,23.5645,11.4141,other
254642,0.3252,-0.2037,-0.9198,-13.6836,14.9824,9.6406,other
254665,0.3329,-0.2126,-0.9333,-10.4668,10.125,8.0117,other
254688,0.3467,-0.2155,-0.9016,-7.5293,4.5176,5.1543,other
254711,0.3411,-0.2257,-0.8687,-5.9062,1.9102,3.1387,other
254734,0.3051,-0.2301,-0.8176,-3.959,-0.5293,0.2539,other
254757,0.2996,-0.2297,-0.7729,-2.8965,-1.3301,-1.4102,other
254780,0.3331,-0.2312,-0.8082,-1.543,-1.5098,-3.3164,other
254803,0.3646,-0.2295,-0.8602,-0.5645,-0.8535,-4.4492,other
254826,0.3583,-0.2222,-0.8665,-0.2715,-0.2539,-4.8223,other
254849,0.3269,-0.2123,-0.8507,-0.5645,0.5254,-4.8984,other
254872,0.3331,-0.2062,-0.8644,-1.2813,0.8945,-4.666,other
254895,0.3481,-0.2024,-0.8918,-3.0605,1.2559,-3.9746,other
254918,0.3478,-0.1954,-0.9059,-5.4629,1.4512,-3.0215,other
254941,0.3267,-0.1895,-0.8956,-7.2344,1.5039,-2.3262,other
254964,0.3093,-0.1849,-0.8818,-9.8164,1.5,-1.3008,other
254987,0.3086,-0.1848,-0.8767,-11.293,1.4629,-0.668,other
255010,0.3123,-0.1772,-0.8551,-12.8809,1.3711,0.1191,other
255033,0.3401,-0.1771,-0.879,-13.9414,1.207,0.5937,other
255056,0.3633,-0.1766,-0.9188,-13.5449,1.0078,0.6699,other
255079,0.3429,-0.1798,-0.9088,-12.9375,0.4727,0.3887,other
255102,0.323,-0.1809,-0.8815,-12.2383,-0.0391,-0.0293,other
255125,0.3212,-0.1886,-0.8644,-10.8398,-0.8848,-0.8613,other
255148,0.3325,-0.1923,-0.8544,-9.7129,-1.3945,-1.459,other
255171,0.3594,-0.1908,-0.8767,-7.8477,-1.957,-2.2969,other
255194,0.3693,-0.1969,-0.9028,-5.9824,-2.2383,-2.9805,other
255217,0.3333,-0.1901,-0.8524,-4.8691,-2.3086,-3.3125,other
255240,0.3162,-0.1897,-0.8223,-3.5,-2.2578,-3.5488,other
255263,0.3175,-0.1915,-0.8331,-2.8047,-2.082,-3.5,other
255286,0.3412,-0.1849,-0.8562,-2.1289,-1.5684,-3.1152,other
255309,0.3595,-0.1821,-0.8857,-2.0059,-0.832,-2.4746,other
255332,0.3455,-0.1799,-0.8846,-2.2754,-0.3086,-1.9902,other
255355,0.3308,-0.1777,-0.8726,-3.1777,0.4121,-1.2832,other
255378,0.3344,-0.1735,-0.8536,-4.0234,0.8203,-0.8594,other
255401,0.3361,-0.1709,-0.8556,-5.4531,1.3086,-0.3262,other
255424,0.3385,-0.1694,-0.8882,-6.8516,1.6504,0.0547,other
255447,0.3573,-0.1667,-0.9109,-7.6934,1.791,0.2109,other
255470,0.3645,-0.1622,-0.8708,-8.7422,1.8496,0.2852,other
255493,0.3517,-0.1724,-0.8872,-9.2363,1.8027,0.2363,other
255516,0.3414,-0.1715,-0.8755,-9.5625,1.6777,0.0723,other
255539,0.3499,-0.1689,-0.8448,-9.4746,1.6211,-0.0566,other
255562,0.3494,-0.1659,-0.8506,-8.8887,1.6582,-0.2246,other
255585,0.3535,-0.165,-0.8699,-7.8887,1.8223,-0.3457,other
255608,0.3641,-0.1641,-0.89,-7.1211,1.9355,-0.4082,other
255631,0.3676,-0.1614,-0.8802,-6.0254,1.9668,-0.5,other
255654,0.3259,-0.1622,-0.8583,-5.4082,1.8301,-0.5684,other
255677,0.3202,-0.1663,-0.848,-4.6836,1.4023,-0.6641,other
255700,0.3519,-0.1664,-0.8539,-4.1699,0.873,-0.7344,other
255723,0.3766,-0.1707,-0.8629,-3.9277,0.5391,-0.793,other
255746,0.3752,-0.1689,-0.8616,-3.7187,0.1113,-0.9395,other
255769,0.3759,-0.1677,-0.8792,-3.6836,-0.0937,-1.084,other
255792,0.3749,-0.1665,-0.8754,-3.7715,-0.248,-1.3379,other
255815,0.3499,-0.1661,-0.859,-3.9727,-0.2187,-1.5586,other
255838,0.3451,-0.1625,-0.8458,-4.1152,-0.0879,-1.6309,other
255861,0.3621,-0.1617,-0.8497,-4.2734,0.3027,-1.5723,other
255884,0.3765,-0.1606,-0.8584,-4.332,0.6621,-1.4336,other
255907,0.3752,-0.1635,-0.8756,-4.4004,1.2285,-1.1348,other
255930,0.3673,-0.1641,-0.8839,-4.4707,1.543,-0.9219,other
255953,0.3524,-0.1604,-0.8591,-4.6484,1.8184,-0.6328,other
255976,0.3427,-0.1573,-0.8407,-4.873,1.834,-0.3965,other
255999,0.3331,-0.1582,-0.8469,-5.0059,1.7285,-0.2734,other
256022,0.3656,-0.156,-0.8684,-5.1543,1.4883,-0.166,other
256045,0.3777,-0.1517,-0.8796,-5.2383,1.3086,-0.1738,other
256068,0.3755,-0.1539,-0.8745,-5.3828,1.0352,-0.3613,other
256091,0.3756,-0.1575,-0.8878,-5.5352,0.7832,-0.75,other
256114,0.3672,-0.1538,-0.8682,-5.6055,0.6387,-1.082,other
256137,0.3656,-0.1539,-0.8566,-5.584,0.4609,-1.5859,other
256160,0.3777,-0.156,-0.8657,-5.4434,0.3711,-1.877,other
256183,0.3812,-0.1606,-0.8645,-5.0195,0.2441,-2.2051,other
256206,0.3766,-0.1619,-0.8633,-4.3906,0.0508,-2.3906,other
256229,0.3746,-0.1616,-0.855,-3.9023,-0.1387,-2.4336,other
256252,0.3607,-0.1646,-0.8491,-3.1348,-0.5137,-2.3652,other
256275,0.3405,-0.1654,-0.835,-2.6426,-0.8086,-2.2266,other
256298,0.3406,-0.1625,-0.8214,-2.002,-1.252,-1.8867,other
256321,0.3716,-0.1592,-0.8389,-1.6914,-1.4844,-1.4551,other
256344,0.3798,-0.1565,-0.8645,-1.5137,-1.6836,-1.1758,other
256367,0.3807,-0.1573,-0.8768,-1.8223,-1.7344,-0.8652,other
256390,0.3738,-0.1549,-0.8889,-2.3262,-1.7109,-0.748,other
256413,0.3658,-0.1522,-0.8809,-3.4512,-1.6035,-0.6719,other
256436,0.3573,-0.1477,-0.8595,-4.3359,-1.498,-0.6426,other
256459,0.358,-0.15,-0.8495,-5.6133,-1.3027,-0.5684,other
256482,0.3752,-0.1506,-0.8574,-6.5742,-1.0742,-0.4355,other
256505,0.3756,-0.1427,-0.8552,-6.9629,-0.9141,-0.334,other
256528,0.3768,-0.1459,-0.8882,-7.168,-0.6875,-0.209,other
256551,0.3793,-0.1508,-0.9,-7.0957,-0.5723,-0.1699,other
256574,0.3701,-0.1493,-0.8693,-6.748,-0.5176,-0.1875,other
256597,0.3276,-0.15,-0.8378,-6.1406,-0.6348,-0.2441,other
256620,0.3417,-0.1488,-0.8192,-5.5879,-0.7617,-0.2637,other
256643,0.3734,-0.1592,-0.86,-4.5957,-0.9297,-0.2578,other
256666,0.3888,-0.1549,-0.8866,-3.916,-1.0156,-0.2637,other
256689,0.3956,-0.152,-0.8864,-3.0625,-1.1582,-0.3594,other
256712,0.3635,-0.1519,-0.8588,-2.6738,-1.291,-0.5742,other
256735,0.3267,-0.1488,-0.8229,-2.3477,-1.5195,-0.7363,other
256758,0.345,-0.1475,-0.8282,-2.2168,-1.6719,-0.9102,other
256781,0.3785,-0.1553,-0.8713,-2.1934,-1.7031,-0.9609,other
256804,0.3876,-0.1621,-0.8925,-2.2852,-1.7109,-0.9844,other
256827,0.3778,-0.1621,-0.8722,-2.4531,-1.7344,-1.0,other
256850,0.3694,-0.1562,-0.8401,-2.8379,-1.791,-1.0313,other
256873,0.3478,-0.1528,-0.8397,-3.2637,-1.8066,-1.0078,other
256896,0.349,-0.1503,-0.851,-3.5137,-1.7559,-0.9258,other
256919,0.3707,-0.1487,-0.8685,-3.8301,-1.582,-0.6953,other
256942,0.3759,-0.1444,-0.8732,-4.0293,-1.4219,-0.5,other
256965,0.3751,-0.144,-0.8724,-4.3477,-1.1543,-0.2266,other
256988,0.3757,-0.1443,-0.8835,-4.6895,-0.8926,-0.0527,other
257011,0.3746,-0.147,-0.8773,-4.9004,-0.75,-0.0176,other
257034,0.3575,-0.1504,-0.8591,-5.1016,-0.627,-0.0801,other
257057,0.3618,-0.1531,-0.8411,-5.1035,-0.6074,-0.1797,other
257080,0.3726,-0.1581,-0.8418,-4.8496,-0.6484,-0.3809,other
257103,0.3761,-0.16,-0.8524,-4.5234,-0.7266,-0.6172,other
257126,0.3763,-0.1558,-0.8594,-3.9062,-0.7871,-0.7852,other
257149,0.3748,-0.1526,-0.8497,-3.3223,-0.9023,-1.0273,other
257172,0.3583,-0.1514,-0.8608,-3.0391,-0.9883,-1.1504,other
257195,0.3575,-0.1443,-0.8496,-2.8594,-1.0879,-1.2188,other
257218,0.3766,-0.1421,-0.856,-2.918,-1.1074,-1.1738,other
257241,0.3757,-0.146,-0.876,-3.2598,-1.0527,-1.0059,other
257264,0.3756,-0.1479,-0.8851,-3.8418,-0.9395,-0.793,other
257287,0.3688,-0.1472,-0.8779,-4.3047,-0.8594,-0.6602,other
257310,0.364,-0.1462,-0.8619,-4.9727,-0.752,-0.4902,other
257333,0.3763,-0.1501,-0.8456,-5.3105,-0.6992,-0.3945,other
257356,0.3733,-0.145,-0.8501,-5.5391,-0.6621,-0.2852,other
257379,0.3702,-0.1436,-0.8602,-5.4121,-0.6875,-0.2266,other
257402,0.3756,-0.1453,-0.8718,-5.1758,-0.7324,-0.2109,other
257425,0.3756,-0.145,-0.8739,-4.709,-0.8223,-0.2207,other
257448,0.375,-0.1472,-0.8591,-4.3789,-0.8965,-0.25,other
257471,0.3683,-0.1508,-0.8469,-3.9121,-1.0234,-0.3066,other
257494,0.3679,-0.1508,-0.844,-3.1289,-1.1309,-0.3594,other
257517,0.3759,-0.1515,-0.8671,-3.2695,-1.1719,-0.3848,other
257540,0.3755,-0.1492,-0.8713,-3.0391,-1.1855,-0.418,other
257563,0.3756,-0.146,-0.8621,-2.9805,-1.1797,-0.4414,other
257586,0.3707,-0.1428,-0.851,-3.0332,-1.1621,-0.4785,other
257609,0.3658,-0.1451,-0.861,-3.1348,-1.1426,-0.4902,other
257632,0.3759,-0.1458,-0.8557,-3.3398,-1.0977,-0.4805,other
257655,0.3756,-0.1482,-0.8613,-3.5566,-1.0352,-0.4492,other
257678,0.3757,-0.1492,-0.8696,-3.6875,-0.9941,-0.4336,other
257701,0.3756,-0.1482,-0.8716,-3.8535,-0.9727,-0.4336,other
257724,0.3699,-0.1515,-0.8607,-3.9336,-1.0059,-0.4492,other
257747,0.3523,-0.1508,-0.8427,-3.9785,-1.127,-0.4746,other
257770,0.3522,-0.1476,-0.8373,-3.9082,-1.2754,-0.4629,other
257793,0.3757,-0.1428,-0.8622,-3.8125,-1.3574,-0.4336,other
257816,0.3793,-0.1415,-0.8845,-3.6777,-1.4434,-0.3887,other
257839,0.3794,-0.1442,-0.889,-3.6445,-1.4883,-0.3867,other
257862,0.3655,-0.1469,-0.8704,-3.707,-1.5586,-0.4316,other
257885,0.34,-0.149,-0.8337,-3.8262,-1.6289,-0.4883,other
257908,0.3497,-0.1511,-0.8308,-3.8711,-1.6504,-0.4961,other
257931,0.3756,-0.1517,-0.85,-3.8398,-1.6211,-0.457,other
257954,0.3792,-0.1464,-0.8723,-3.7773,-1.5723,-0.4219,other
257977,0.3795,-0.1398,-0.8759,-3.7187,-1.4961,-0.4062,other
258000,0.3678,-0.1401,-0.8813,-3.7441,-1.4629,-0.4297,other
258023,0.3429,-0.1407,-0.8629,-3.8848,-1.4336,-0.4766,other
258046,0.3568,-0.1443,-0.8523,-4.0645,-1.3789,-0.4805,other
258069,0.3722,-0.1504,-0.8481,-4.1465,-1.3105,-0.4512,other
258092,0.3762,-0.1498,-0.8574,-4.1602,-1.1836,-0.3906,other
258115,0.3873,-0.1487,-0.8785,-4.1016,-1.1074,-0.3711,other
258138,0.3809,-0.1459,-0.8795,-3.9727,-1.0723,-0.4082,other
258161,0.3562,-0.1449,-0.8497,-3.8418,-1.1797,-0.5059,other
258184,0.3473,-0.1495,-0.8424,-3.75,-1.3066,-0.5664,other
258207,0.3616,-0.1466,-0.842,-3.5879,-1.5273,-0.5977,other
258230,0.3654,-0.1478,-0.8525,-3.4707,-1.6758,-0.5762,other
258253,0.3761,-0.1467,-0.8837,-3.3574,-1.877,-0.5176,other
258276,0.3776,-0.1393,-0.8965,-3.4219,-2.0645,-0.4863,other
258299,0.3673,-0.1373,-0.8816,-3.5879,-2.207,-0.4961,other
258322,0.3477,-0.1417,-0.8577,-3.9336,-2.4219,-0.5312,other
258345,0.3439,-0.1464,-0.8413,-4.1367,-2.5137,-0.541,other
258368,0.3661,-0.1508,-0.8439,-4.2656,-2.5,-0.5078,other
258391,0.3763,-0.1515,-0.8571,-4.2012,-2.3848,-0.4668,other
258414,0.3754,-0.1489,-0.8759,-3.9375,-2.1035,-0.416,other
258437,0.3755,-0.1443,-0.879,-3.6074,-1.7969,-0.4141,other
258460,0.3586,-0.1445,-0.8622,-3.418,-1.625,-0.4316,other
258483,0.3468,-0.1431,-0.8492,-3.209,-1.4336,-0.4453,other
258506,0.3583,-0.145,-0.8583,-3.1113,-1.3281,-0.4219,other
258529,0.3757,-0.1473,-0.8632,-3.0195,-1.1816,-0.3301,other
258552,0.3756,-0.1475,-0.8782,-2.998,-1.0586,-0.2207,other
258575,0.3748,-0.1472,-0.8757,-3.0312,-1.0137,-0.1641,other
258598,0.3571,-0.1455,-0.8612,-3.123,-1.0117,-0.1191,other
258621,0.3474,-0.1475,-0.858,-3.1797,-1.041,-0.1074,other
258644,0.3518,-0.1486,-0.8521,-3.2031,-1.0898,-0.0977,other
258667,0.3557,-0.1473,-0.8533,-3.123,-1.0996,-0.1016,other
258690,0.3744,-0.1476,-0.8669,-3.0293,-1.0664,-0.125,other
258713,0.373,-0.1473,-0.8676,-2.8828,-0.9746,-0.2187,other
258736,0.3744,-0.1454,-0.8724,-2.8145,-0.9004,-0.3242,other
258759,0.3778,-0.1486,-0.8713,-2.7832,-0.8105,-0.5449,other
258782,0.3823,-0.1539,-0.8595,-2.8027,-0.7988,-0.8145,other
258805,0.368,-0.1613,-0.8444,-2.8535,-0.8809,-0.9922,other
258828,0.354,-0.1562,-0.8496,-2.8691,-0.9961,-1.1895,other
258851,0.3617,-0.1538,-0.8672,-2.8535,-1.0371,-1.2383,other
258874,0.3528,-0.1627,-0.874,-2.832,-1.0254,-1.1758,other
258897,0.3336,-0.1698,-0.8401,-2.8437,-0.9746,-1.0566,other
258920,0.3276,-0.1605,-0.8065,-2.9316,-0.8105,-0.8145,other
258943,0.3566,-0.1389,-0.8336,-3.1426,-0.5215,-0.584,other
258966,0.3783,-0.1321,-0.8402,-3.4102,-0.3164,-0.5117,other
258989,0.3961,-0.129,-0.8657,-4.1328,-0.1914,-0.6504,other
259012,0.4341,-0.1304,-0.9539,-4.8828,-0.3496,-0.9531,other
259035,0.4182,-0.1176,-0.9651,-6.4004,-1.0957,-1.6738,other
259058,0.3606,-0.1071,-0.9052,-8.0684,-2.4004,-2.4297,other
259081,0.3047,-0.1155,-0.8386,-8.9199,-3.3906,-2.7305,other
259104,0.2998,-0.1323,-0.7974,-9.2422,-4.6113,-2.623,other
259127,0.3269,-0.142,-0.8002,-8.6367,-5.0312,-2.1621,other
259150,0.3837,-0.1581,-0.873,-6.5859,-4.918,-1.0977,other
259173,0.4137,-0.1714,-0.9191,-4.7246,-4.4395,-0.0039,other
259196,0.3772,-0.1768,-0.8892,-1.8008,-3.4375,0.5469,other
259219,0.3743,-0.1737,-0.8571,0.7227,-2.3457,1.0195,other
259242,0.3724,-0.1687,-0.8525,2.0234,-1.6094,1.1563,other
259265,0.3658,-0.1666,-0.8463,3.3437,-0.543,1.2637,other
259288,0.3756,-0.166,-0.8512,3.8105,0.0859,1.3633,other
259311,0.3763,-0.1611,-0.8479,3.9375,0.7773,1.6387,other
259334,0.3739,-0.1614,-0.8546,3.4668,1.0078,2.082,other
259357,0.3546,-0.1644,-0.8617,2.8867,0.875,2.457,other
259380,0.328,-0.1602,-0.8644,1.7363,0.3242,3.1055,other
259403,0.3345,-0.1604,-0.8661,0.8574,-0.1895,3.5645,other
259426,0.3505,-0.165,-0.8807,-0.4902,-1.0215,4.2129,other
259449,0.3547,-0.1707,-0.8694,-1.7148,-1.834,4.6758,other
259472,0.3422,-0.1729,-0.8579,-2.3789,-2.3359,4.8164,other
259495,0.337,-0.1744,-0.8472,-3.0625,-2.9707,4.7383,other
259518,0.3578,-0.1726,-0.8542,-3.2871,-3.2734,4.502,other
259541,0.3522,-0.1704,-0.8669,-3.3281,-3.5312,3.916,other
259564,0.3395,-0.1689,-0.8757,-3.2227,-3.5742,3.1367,other
259587,0.3495,-0.1692,-0.8845,-2.9883,-3.502,2.5723,other
259610,0.3545,-0.1707,-0.875,-2.7578,-3.291,1.7383,other
259633,0.3442,-0.1724,-0.8623,-2.623,-3.1113,1.2246,other
259656,0.3336,-0.1774,-0.853,-2.4141,-2.791,0.5742,other
259679,0.3594,-0.1813,-0.8549,-2.25,-2.5352,0.2324,other
259702,0.371,-0.1849,-0.8555,-1.9688,-2.1016,-0.1582,other
259725,0.3503,-0.1854,-0.8512,-1.6875,-1.668,-0.4473,other
259748,0.3436,-0.1844,-0.8549,-1.543,-1.3848,-0.5918,other
259771,0.3635,-0.1812,-0.8491,-1.4668,-0.9629,-0.7344,other
259794,0.365,-0.178,-0.8473,-1.541,-0.6895,-0.7852,other
259817,0.3597,-0.1764,-0.847,-1.877,-0.3105,-0.8008,other
259840,0.3588,-0.1752,-0.8719,-2.5059,0.0371,-0.752,other
259863,0.3677,-0.1732,-0.8845,-3.0879,0.2461,-0.6934,other
259886,0.3665,-0.1711,-0.8828,-4.1602,0.4805,-0.5781,other
259909,0.3433,-0.1674,-0.877,-4.9473,0.5586,-0.4883,other
259932,0.3494,-0.1664,-0.8738,-6.0801,0.5566,-0.3359,other
259955,0.3748,-0.1674,-0.863,-6.709,0.4473,-0.1816,other
259978,0.3757,-0.1698,-0.8579,-7.3184,0.3203,-0.1074,other
260001,0.3647,-0.165,-0.8586,-7.4609,0.0586,-0.0762,other
260024,0.342,-0.1643,-0.8738,-7.3105,-0.1445,-0.1074,other
260047,0.3518,-0.161,-0.8765,-6.8105,-0.4316,-0.1973,other
260070,0.3542,-0.1605,-0.8571,-6.3594,-0.6035,-0.2715,other
260093,0.3611,-0.1699,-0.8611,-5.5937,-0.834,-0.4043,other
260116,0.3727,-0.1729,-0.8568,-4.8145,-1.0352,-0.5723,other
260139,0.366,-0.1729,-0.8431,-4.3301,-1.1504,-0.7051,other
260162,0.3599,-0.1669,-0.8524,-3.7129,-1.2734,-0.9121,other
260185,0.3756,-0.162,-0.8685,-3.4043,-1.3027,-1.041,other
260208,0.3562,-0.1604,-0.8776,-3.1426,-1.2676,-1.1895,other
260231,0.3536,-0.1627,-0.8688,-3.123,-1.1523,-1.2676,other
260254,0.3699,-0.1641,-0.8666,-3.209,-1.0391,-1.2715,other
260277,0.3754,-0.1708,-0.8573,-3.4023,-0.8418,-1.2227,other
260300,0.3734,-0.1738,-0.86,-3.5254,-0.7148,-1.1602,other
260323,0.3751,-0.1753,-0.8579,-3.6426,-0.5664,-1.0332,other
260346,0.3756,-0.1748,-0.8732,-3.6758,-0.4961,-0.8691,other
260369,0.3694,-0.1715,-0.8605,-3.6738,-0.5156,-0.7363,other
260392,0.3412,-0.1677,-0.8528,-3.668,-0.6523,-0.4863,other
260415,0.3546,-0.166,-0.8551,-3.6797,-0.7949,-0.2773,other
260438,0.376,-0.1692,-0.8762,-3.7559,-1.0352,0.0859,other
260461,0.3755,-0.1663,-0.8785,-3.8691,-1.2109,0.334,other
260484,0.3674,-0.1643,-0.8748,-4.1465,-1.5254,0.6602,other
260507,0.3317,-0.1636,-0.8542,-4.502,-1.8945,0.916,other
260530,0.3293,-0.1637,-0.8473,-4.7266,-2.1309,1.0605,other
260553,0.3505,-0.1578,-0.8512,-4.9687,-2.4004,1.248,other
260576,0.3678,-0.1621,-0.8643,-5.0586,-2.5098,1.334,other
260599,0.3762,-0.1694,-0.8784,-5.123,-2.5898,1.3496,other
260622,0.37,-0.1659,-0.8695,-5.1699,-2.6113,1.1973,other
260645,0.3386,-0.1624,-0.8475,-5.2109,-2.6172,1.0137,other
260668,0.3419,-0.1624,-0.8538,-5.2754,-2.5957,0.6895,other
260691,0.3668,-0.1594,-0.8669,-5.3223,-2.543,0.4785,other
260714,0.3765,-0.1587,-0.8887,-5.4219,-2.4434,0.2051,other
260737,0.375,-0.1565,-0.8953,-5.6094,-2.4102,-0.0098,other
260760,0.351,-0.1559,-0.8818,-5.7773,-2.4687,-0.1055,other
260783,0.3263,-0.1575,-0.8682,-6.0098,-2.6445,-0.1484,other
260806,0.3315,-0.1583,-0.8599,-6.0801,-2.7578,-0.084,other
260829,0.3484,-0.1603,-0.8702,-5.9648,-2.8184,0.1367,other
260852,0.3444,-0.1593,-0.8689,-5.7324,-2.7676,0.4355,other
260875,0.3407,-0.1603,-0.8719,-5.209,-2.5703,0.627,other
260898,0.3511,-0.1561,-0.8748,-4.584,-2.2637,0.8457,other
260921,0.3514,-0.1555,-0.86,-4.1699,-2.0391,0.9219,other
260944,0.3391,-0.1605,-0.8516,-3.6094,-1.7344,0.9063,other
260967,0.3596,-0.1616,-0.8584,-3.293,-1.5605,0.8145,other
260990,0.3534,-0.1654,-0.8728,-2.9336,-1.3516,0.5723,other
261013,0.3369,-0.1636,-0.8713,-2.752,-1.209,0.2422,other
261036,0.345,-0.161,-0.868,-2.7344,-1.1328,0.0078,other
261059,0.3506,-0.1616,-0.87,-2.8379,-1.0195,-0.3262,other
261082,0.3501,-0.163,-0.8627,-2.9668,-0.9434,-0.5215,other
261105,0.3524,-0.1635,-0.8578,-3.1973,-0.8223,-0.7734,other
261128,0.3683,-0.1624,-0.8635,-3.4297,-0.6797,-0.9707,other
261151,0.3652,-0.1605,-0.8741,-3.5781,-0.5859,-1.0801,other
261174,0.3585,-0.1565,-0.875,-3.8047,-0.4648,-1.2051,other
261197,0.3611,-0.1555,-0.8796,-3.957,-0.4062,-1.2578,other
261220,0.3473,-0.1578,-0.8577,-4.1641,-0.3672,-1.2754,other
261243,0.3323,-0.1632,-0.8453,-4.2598,-0.373,-1.209,other
261266,0.3545,-0.1669,-0.858,-4.3008,-0.4102,-1.1211,other
261289,0.3778,-0.1702,-0.8759,-4.252,-0.4883,-0.9648,other
261312,0.375,-0.1743,-0.8693,-4.2227,-0.6074,-0.875,other
261335,0.3734,-0.1749,-0.8401,-4.2559,-0.9414,-0.7715,other
261358,0.343,-0.1743,-0.8358,-4.3594,-1.2539,-0.6875,other
261381,0.3459,-0.1764,-0.8328,-4.6895,-1.7598,-0.4277,other
261404,0.3761,-0.1503,-0.8595,-5.3477,-2.1953,0.1074,other
261427,0.36,-0.141,-0.9152,-6.0605,-2.459,0.6465,other
261450,0.3579,-0.1392,-0.9078,-7.6602,-2.9004,1.7422,other
261473,0.3385,-0.1315,-0.8501,-9.0488,-3.2461,2.6562,other
261496,0.3002,-0.1257,-0.807,-11.3105,-3.7187,4.2617,other
261519,0.2804,-0.1235,-0.775,-13.293,-3.7812,6.0293,other
261542,0.3347,-0.1252,-0.7987,-14.2773,-3.3984,7.1641,other
261565,0.3793,-0.1252,-0.8491,-15.2656,-2.1445,8.4785,other
261588,0.3727,-0.1151,-0.8888,-15.7539,-0.9688,8.9102,other
261611,0.3708,-0.1094,-0.9214,-16.5586,1.0664,8.707,other
261634,0.3748,-0.0974,-0.9037,-17.2852,3.0566,7.4902,other
261657,0.3743,-0.0964,-0.9006,-18.7188,4.0703,6.1875,other
261680,0.3372,-0.0834,-0.8885,-20.3711,4.6895,3.6973,other
261703,0.3291,-0.077,-0.9017,-21.4102,4.3945,1.8516,other
261726,0.3508,-0.0673,-0.8817,-22.5508,2.9687,-0.875,other
261749,0.3547,-0.0632,-0.8827,-22.8457,1.502,-2.5117,other
261772,0.3617,-0.0575,-0.9044,-22.3516,-1.1074,-4.5039,other
261795,0.3524,-0.0548,-0.9045,-20.6309,-3.6895,-5.793,other
261818,0.3273,-0.0586,-0.8895,-18.8418,-5.1289,-6.2187,other
261841,0.3063,-0.071,-0.8596,-15.3789,-6.5879,-6.2148,other
261864,0.3356,-0.0822,-0.8429,-12.707,-7.0137,-5.8457,other
261887,0.377,-0.0914,-0.8525,-8.5137,-6.9102,-4.9512,other
261910,0.3748,-0.1012,-0.8848,-4.627,-6.2871,-3.9746,other
261933,0.3557,-0.1051,-0.879,-2.5098,-5.8262,-3.4258,other
261956,0.4061,-0.1058,-0.8505,-0.4004,-5.3262,-2.8516,other
261979,0.4031,-0.0967,-0.8545,0.1562,-5.2305,-2.6602,other
262002,0.3976,-0.0952,-0.9022,-0.4805,-5.7324,-2.7109,other
262025,0.3882,-0.0767,-0.8604,-3.0312,-7.4199,-3.2207,other
262048,0.4265,-0.0592,-0.8558,-6.2227,-9.2402,-3.7871,other
262071,0.3429,-0.0261,-0.8142,-12.6758,-12.4727,-4.8047,other
262094,0.2253,-0.0115,-0.7676,-18.1035,-14.2637,-5.3809,other
262117,0.1704,0.0553,-0.6781,-27.457,-14.832,-5.6387,other
262140,0.1971,0.0896,-0.7852,-34.1582,-13.0977,-5.252,other
262163,0.2365,0.099,-0.9319,-44.5059,-7.2441,-4.0449,other
262186,0.2839,0.1301,-0.9225,-54.8828,1.0605,-2.877,other
262209,0.3085,0.1465,-0.9785,-61.3984,6.7539,-2.5957,other
262232,0.3108,0.1973,-0.9362,-64.0,13.584,-3.2695,other
262255,0.4215,0.2043,-0.9277,-64.0,15.9395,-4.4102,other
262278,0.3704,0.2256,-0.7799,-64.0,14.9121,-6.7773,other
262301,0.2758,0.1979,-0.8378,-64.0,8.7832,-9.1562,other
262324,0.2332,0.1814,-0.8049,-60.7969,3.0469,-10.2637,other
262347,0.316,0.1772,-0.8577,-47.7129,-5.9141,-10.7363,other
262370,0.3634,0.1808,-0.8339,-38.1855,-11.291,-10.2598,other
262393,0.3123,0.177,-0.8179,-24.7813,-17.8418,-8.7598,other
262416,0.2834,0.167,-0.8262,-14.4336,-22.2871,-6.8926,other
262439,0.2672,0.1675,-0.7834,-9.9238,-24.0,-5.6836,other
262462,0.2682,0.177,-0.7208,-7.0215,-24.7402,-4.1367,other
262485,0.2448,0.1987,-0.7469,-7.4824,-24.0859,-3.3496,other
262508,0.2074,0.2064,-0.8329,-11.207,-21.6328,-2.5918,other
262531,0.255,0.2192,-0.9185,-15.3652,-19.3164,-2.3887,other
262554,0.3038,0.2433,-0.9448,-23.4121,-15.6777,-2.623,other
262577,0.2113,0.2606,-0.9166,-32.3438,-13.002,-3.5488,other
262600,0.1429,0.2706,-0.7657,-37.8457,-12.0918,-4.4824,other
262623,0.1298,0.2943,-0.702,-43.9609,-11.8613,-6.1914,other
262646,0.2828,0.2793,-0.9912,-46.084,-12.2773,-7.4824,other
262669,0.2037,0.3206,-0.7688,-46.2559,-13.6133,-9.6484,other
262692,0.1055,0.2979,-0.7169,-43.3203,-15.416,-11.998,other
262715,0.1787,0.3494,-0.7712,-40.125,-16.4629,-13.5254,other
262738,0.2957,0.4133,-0.8501,-34.4746,-17.2129,-15.5234,other
262761,0.1677,0.4017,-0.8567,-30.6953,-16.834,-16.5586,other
262784,0.1609,0.3749,-0.8099,-25.7754,-14.3145,-17.6426,other
262807,0.2157,0.3507,-0.7792,-22.5664,-10.0215,-18.3516,other
262830,0.1119,0.3463,-0.7736,-21.75,-7.1797,-18.7559,other
262853,0.1512,0.3888,-0.7867,-22.7051,-4.1719,-19.418,other
262876,0.121,0.4066,-0.7809,-24.6543,-3.25,-19.9121,other
262899,0.1255,0.3931,-0.7765,-28.9824,-3.1328,-20.623,other
262922,0.1392,0.4064,-0.7418,-32.3809,-3.5,-21.4766,other
262945,0.1219,0.4401,-0.7506,-37.4883,-4.1797,-21.1621,other
262968,0.1531,0.444,-0.7625,-41.752,-4.4844,-20.8125,other
262991,0.132,0.4432,-0.7517,-43.7656,-4.2305,-20.2695,other
263014,0.1227,0.4523,-0.699,-45.2754,-2.8926,-19.082,other
263037,0.1162,0.4758,-0.6661,-45.2559,-1.2539,-18.1289,other
263060,0.1569,0.4924,-0.6497,-43.8184,2.4941,-16.5801,other
263083,0.1599,0.5076,-0.675,-40.9805,7.8301,-14.9141,other
263106,0.2107,0.5033,-0.7021,-38.5,12.168,-13.7031,other
263129,0.1973,0.4695,-0.6949,-34.2363,19.3496,-11.6758,other
263152,0.1759,0.4774,-0.6509,-31.2676,24.0742,-10.2012,other
263175,0.2107,0.5002,-0.6458,-27.0117,30.0,-7.9297,other
263198,0.202,0.5244,-0.6632,-23.3359,33.2656,-5.8145,other
263221,0.1802,0.5374,-0.6674,-21.291,33.498,-4.6172,other
263244,0.2117,0.512,-0.6674,-18.8086,30.6875,-3.2949,other
263267,0.1851,0.5077,-0.6302,-17.5059,26.7246,-2.7812,other
263290,0.1608,0.5314,-0.6611,-15.9883,18.0684,-2.6113,other
263313,0.1582,0.5378,-0.6846,-15.1953,11.0879,-3.1289,other
263336,0.1577,0.5356,-0.6957,-14.1641,0.1758,-3.7832,other
263359,0.1274,0.5237,-0.6608,-13.1523,-9.7422,-5.0547,other
263382,0.1373,0.5333,-0.6661,-12.4219,-15.0801,-5.9727,other
263405,0.1504,0.5319,-0.6818,-11.2051,-20.373,-7.1953,other
263428,0.1497,0.5236,-0.6564,-10.3047,-21.8223,-7.75,other
263451,0.1415,0.5311,-0.6267,-8.834,-20.7871,-7.9824,other
263474,0.1539,0.5287,-0.6744,-7.2344,-16.3984,-7.3809,other
263497,0.1621,0.5266,-0.6671,-6.1055,-12.168,-6.5215,other
263520,0.1754,0.5151,-0.6705,-4.3457,-4.9043,-4.623,other
263543,0.1782,0.5087,-0.6548,-3.1523,-0.0254,-3.0352,other
263566,0.1737,0.5098,-0.653,-1.3848,6.5332,-0.3574,other
263589,0.2168,0.5126,-0.6934,0.332,11.4687,2.4121,other
263612,0.1981,0.5071,-0.6653,1.459,13.5625,4.166,other
263635,0.2236,0.507,-0.7057,3.1523,14.752,6.4609,other
263658,0.2311,0.499,-0.715,4.2715,14.3652,7.6738,other
263681,0.2025,0.4911,-0.6813,5.8223,12.5078,8.8887,other
263704,0.2025,0.4955,-0.6919,6.6758,9.8047,9.248,other
263727,0.2236,0.494,-0.715,7.5332,8.2129,8.9902,other
263750,0.2089,0.4893,-0.7306,7.791,6.1953,7.9531,other
263773,0.1718,0.494,-0.7362,7.6094,5.3516,6.9355,other
263796,0.1388,0.4927,-0.626,6.8418,4.6562,5.1777,other
263819,0.2117,0.4766,-0.641,6.0703,4.25,4.0645,other
263842,0.1908,0.4802,-0.6703,4.7832,3.248,2.9863,other
263865,0.2345,0.4678,-0.7035,3.8809,2.0352,3.25,other
263888,0.288,0.4729,-0.6389,3.8047,1.416,4.4102,other
263911,0.2886,0.4708,-0.6891,4.7812,0.8262,7.6172,other
263934,0.272,0.517,-0.7615,6.2227,0.4687,10.5039,other
263957,0.2618,0.5105,-0.8182,9.4863,-0.4805,15.2656,other
263980,0.2361,0.4263,-1.0986,13.6367,-2.2187,19.6855,other
264003,0.3059,0.469,-1.0488,16.6328,-3.6055,22.0488,other
264026,0.3011,0.4482,-0.8601,21.9004,-5.3301,24.3496,other
264049,0.2527,0.3972,-0.6847,26.6348,-5.7422,24.9863,other
264072,0.2368,0.2928,-0.6115,36.6016,-4.3457,24.6797,other
264095,0.2603,0.189,-0.6342,45.1348,-0.123,23.0176,other
264118,0.2776,0.1467,-0.6414,59.3633,3.8164,21.2188,other
264141,0.3079,0.1133,-0.6797,63.998,9.8906,17.5957,other
264164,0.3612,0.1093,-0.7289,63.998,13.0645,14.6992,other
264187,0.3719,0.1007,-0.7798,63.998,15.1816,10.1055,other
264210,0.2876,0.1176,-0.7197,63.998,14.459,7.3242,other
264233,0.2029,0.1322,-0.7484,63.998,10.4219,4.5469,other
264256,0.2219,0.1249,-0.7889,63.5078,3.9512,4.3887,other
264279,0.2666,0.1401,-0.8647,53.4375,-1.0918,5.8867,other
264302,0.2417,0.1775,-0.8767,37.0957,-8.9512,10.0937,other
264325,0.2299,0.1849,-0.8831,26.4219,-13.875,13.7578,other
264348,0.2467,0.1708,-0.8939,12.4785,-19.9297,19.6777,other
264371,0.283,0.1561,-0.9474,2.5684,-23.7598,25.0508,other
264394,0.3033,0.1334,-0.9763,-1.3398,-24.9746,27.8164,other
264417,0.2675,0.1443,-0.8435,-3.0664,-24.8535,30.2676,other
264440,0.2565,0.1318,-0.7966,-1.5898,-23.3848,30.709,other
264463,0.3002,0.093,-0.8979,3.9004,-18.9668,29.7051,other
264486,0.3395,0.0834,-0.9485,11.5039,-12.7441,26.9902,other
264509,0.361,0.0619,-0.9834,17.2813,-8.4863,24.4492,other
264532,0.3309,0.0714,-0.9341,24.791,-3.1582,20.0273,other
264555,0.3036,0.0692,-0.891,28.9316,-0.5762,17.0566,other
264578,0.2689,0.0409,-0.9131,33.7578,2.2266,13.2227,other
264601,0.2468,0.0131,-0.9196,36.1172,3.7852,11.3633,other
264624,0.2742,-0.0088,-0.9059,38.4824,6.1152,9.7734,other
264647,0.3228,-0.0194,-0.8757,39.5996,8.3418,9.3027,other
264670,0.3171,-0.0272,-0.8691,39.75,9.5371,9.2676,other
264693,0.303,-0.0625,-0.8907,39.2129,10.7012,9.125,other
264716,0.3323,-0.0895,-0.8782,38.4121,11.0332,8.7656,other
264739,0.3666,-0.0909,-0.8354,36.7207,10.8613,7.6328,other
264762,0.3468,-0.0944,-0.8101,34.7578,10.0273,5.7773,other
264785,0.3187,-0.1144,-0.8135,33.457,9.3086,4.2441,other
264808,0.3383,-0.1194,-0.7754,31.5781,8.2793,1.7676,other
264831,0.3645,-0.1176,-0.778,30.3145,7.6484,0.1367,other
264854,0.3334,-0.119,-0.7982,28.1484,6.6328,-2.0684,other
264877,0.3271,-0.1312,-0.8601,25.209,5.4219,-3.7383,other
264900,0.3269,-0.1288,-0.8547,22.6113,4.5098,-4.4473,other
264923,0.3344,-0.1238,-0.8347,17.7188,3.0137,-4.8711,other
264946,0.3439,-0.1174,-0.8632,13.9336,1.9824,-4.7852,other
264969,0.3411,-0.1138,-0.8966,7.8359,0.5078,-4.2969,other
264992,0.3369,-0.109,-0.9045,3.7266,-0.3789,-3.8555,other
265015,0.3423,-0.0985,-0.901,-2.1016,-1.5195,-3.1953,other
265038,0.3611,-0.0898,-0.9078,-7.0547,-2.3945,-2.6875,other
265061,0.3541,-0.0853,-0.9066,-9.6523,-2.8281,-2.4629,other
265084,0.3202,-0.0784,-0.8785,-12.2891,-3.2793,-2.2656,other
265107,0.2997,-0.0748,-0.858,-13.1719,-3.4375,-2.166,other
265130,0.3046,-0.0773,-0.8527,-13.2812,-3.4199,-1.957,other
265153,0.3138,-0.0806,-0.8519,-12.25,-3.0957,-1.6309,other
265176,0.3267,-0.0801,-0.8617,-11.1855,-2.752,-1.3809,other
265199,0.3359,-0.0746,-0.892,-9.457,-2.1484,-1.0469,other
265222,0.3375,-0.0773,-0.9144,-8.4473,-1.7734,-0.8984,other
265245,0.3306,-0.0765,-0.8966,-7.4082,-1.4023,-0.8223,other
265268,0.3162,-0.0779,-0.8613,-6.9941,-1.3125,-0.8926,other
265291,0.3199,-0.0824,-0.871,-6.9785,-1.3438,-0.9785,other
265314,0.3435,-0.0841,-0.8917,-7.168,-1.3125,-1.1055,other
265337,0.3481,-0.0824,-0.8879,-7.3535,-1.123,-1.1777,other
265360,0.3456,-0.0791,-0.8772,-7.5937,-0.4668,-1.2598,other
265383,0.3328,-0.0708,-0.8638,-7.6641,0.2246,-1.2832,other
265406,0.3346,-0.0656,-0.8848,-7.5703,1.5684,-1.2383,other
265429,0.3656,-0.0653,-0.8894,-7.2344,3.1152,-1.0977,other
265452,0.3628,-0.0657,-0.8765,-6.8926,4.1406,-0.9785,other
265475,0.3407,-0.0682,-0.8699,-6.2305,5.4629,-0.7988,other
265498,0.34,-0.073,-0.8593,-5.7012,6.082,-0.6836,other
265521,0.358,-0.0803,-0.8611,-4.8164,6.4336,-0.5332,other
265544,0.369,-0.0833,-0.8491,-3.8965,5.959,-0.4492,other
265567,0.3555,-0.0801,-0.8552,-3.3184,5.1855,-0.4531,other
265590,0.3551,-0.0785,-0.8748,-2.6094,3.5234,-0.5371,other
265613,0.3597,-0.0741,-0.8757,-2.3027,2.2266,-0.6152,other
265636,0.3416,-0.0791,-0.8705,-2.1465,0.2305,-0.709,other
265659,0.3356,-0.0793,-0.8666,-2.3379,-1.6387,-0.7129,other
265682,0.3413,-0.0741,-0.8506,-2.6055,-2.752,-0.6484,other
265705,0.3356,-0.0718,-0.8613,-3.1055,-4.1523,-0.459,other
265728,0.3342,-0.0724,-0.8771,-3.4668,-4.875,-0.293,other
265751,0.3312,-0.0674,-0.8744,-4.0352,-5.5898,-0.0332,other
265774,0.3309,-0.0693,-0.8934,-4.4297,-5.793,0.1914,other
265797,0.3606,-0.0762,-0.9214,-4.9961,-5.6172,0.3047,other
265820,0.3618,-0.0649,-0.9037,-5.4199,-4.7168,0.4434,other
265843,0.3734,-0.0797,-0.885,-5.4902,-3.6465,0.5469,other
265866,0.3848,-0.0776,-0.9032,-4.9863,-1.4668,0.7812,other
265889,0.4213,-0.0895,-0.9446,-4.1152,0.1328,1.0059,other
265912,0.3665,-0.0917,-0.9604,-1.9434,2.207,1.4746,other
265935,0.3406,-0.1068,-0.9735,1.2148,3.3984,2.2109,other
265958,0.3744,-0.1096,-0.9519,3.8379,3.5586,2.9102,bite
265981,0.3584,-0.1245,-0.8977,8.5918,2.8672,4.2656,bite
266004,0.2823,-0.1559,-0.8157,12.3594,1.9961,5.3516,bite
266027,0.2455,-0.1841,-0.7628,18.8887,0.8203,7.2305,bite
266050,0.2783,-0.2166,-0.6819,26.0996,0.7012,9.2539,bite
266073,0.293,-0.2264,-0.61,30.8184,1.4961,10.4609,bite
266096,0.2802,-0.2234,-0.6128,36.6582,4.1309,11.6055,bite
266119,0.3512,-0.1964,-0.7273,38.9199,6.8301,11.6836,bite
266142,0.5122,-0.1724,-0.9829,38.4629,11.8984,10.4648,bite
266165,0.536,-0.1543,-1.124,35.0039,16.8496,7.4883,bite
266188,0.5189,-0.1461,-1.1027,25.1035,19.2832,4.668,bite
266211,0.458,-0.15,-0.9841,11.3945,20.5469,-0.2012,bite
266234,0.3523,-0.1675,-0.7836,1.8809,19.7188,-3.3633,bite
266257,0.3032,-0.2034,-0.6516,-10.0488,16.6035,-7.1152,bite
266280,0.3362,-0.217,-0.6392,-15.1934,13.9375,-8.6289,bite
266303,0.3907,-0.2081,-0.7347,-18.0508,10.0703,-9.3809,bite
266326,0.4191,-0.1863,-0.802,-16.2422,7.0859,-8.832,bite
266349,0.4824,-0.1486,-0.9004,-13.6719,5.832,-8.1289,bite
266372,0.5179,-0.1052,-1.0225,-9.6953,5.1758,-7.0352,bite
266395,0.4865,-0.083,-1.1072,-7.7637,5.4316,-6.4004,bite
266418,0.4843,-0.0833,-1.1611,-6.4453,6.5059,-5.5137,bite
266441,0.5714,-0.1123,-1.1949,-6.3125,8.0645,-4.3477,bite
266464,0.6052,-0.1572,-1.1028,-5.9492,9.2324,-3.1816,bite
266487,0.6051,-0.2144,-1.0077,-3.1934,11.1191,-0.5391,bite
266510,0.6298,-0.2719,-0.9508,0.9844,12.5156,1.9238,bite
266533,0.6927,-0.3157,-0.939,11.375,14.8242,6.6758,bite
266556,0.6802,-0.3527,-0.8555,20.8047,17.1328,12.5312,bite
266579,0.6139,-0.3937,-0.7695,37.5,18.5762,16.9785,bite
266602,0.5793,-0.4564,-0.7803,55.1914,20.7344,24.4434,bite
266625,0.6592,-0.5026,-0.8274,63.998,22.2461,29.9199,bite
266648,0.6675,-0.5233,-0.7802,63.998,24.4668,38.6875,bite
266671,0.5969,-0.5465,-0.7045,63.998,25.7617,44.7559,bite
266694,0.5897,-0.5977,-0.6796,63.998,27.3379,54.0645,bite
266717,0.5892,-0.621,-0.6124,63.998,28.541,63.5645,bite
266740,0.5421,-0.653,-0.5281,63.998,29.1855,63.998,bite
266763,0.5205,-0.6929,-0.5126,63.998,29.9355,63.998,bite
266786,0.511,-0.717,-0.4877,63.998,30.2637,63.998,bite
266809,0.4166,-0.7106,-0.392,63.998,30.3574,63.998,bite
266832,0.3567,-0.7098,-0.3689,57.4004,29.8652,63.998,bite
266855,0.3152,-0.7233,-0.3959,50.7637,29.2344,63.998,bite
266878,0.2629,-0.7417,-0.4114,40.5078,28.0176,63.998,bite
266901,0.241,-0.7435,-0.3916,33.3672,27.1895,63.998,bite
266924,0.2052,-0.6982,-0.3871,22.123,26.1816,63.998,bite
266947,0.0831,-0.6754,-0.4072,10.3125,25.6191,63.998,bite
266970,0.0266,-0.6595,-0.4557,2.2578,25.5879,63.998,other
266993,0.02,-0.6716,-0.4968,-10.0625,26.2266,63.998,other
267016,0.0438,-0.6404,-0.5144,-18.3418,27.1582,63.998,other
267039,0.0573,-0.6321,-0.5961,-30.6113,29.2051,63.998,other
267062,0.0596,-0.627,-0.6343,-38.4883,30.8418,63.998,other
267085,0.0446,-0.6503,-0.6882,-49.4238,33.502,63.998,other
267108,0.0718,-0.6626,-0.698,-58.752,36.3848,63.998,other
267131,0.1255,-0.6597,-0.7198,-63.7949,38.375,63.998,other
267154,0.1426,-0.6802,-0.7592,-64.0,41.0508,63.998,other
267177,0.1304,-0.6683,-0.7643,-64.0,42.332,63.998,other
267200,0.1788,-0.6696,-0.822,-64.0,43.1445,60.3613,other
267223,0.2755,-0.6687,-0.962,-64.0,42.2715,49.293,other
267246,0.321,-0.6305,-1.043,-64.0,40.498,42.2871,other
267269,0.2183,-0.5856,-0.9486,-64.0,35.8008,32.7441,other
267292,0.1639,-0.5844,-0.7576,-64.0,31.4883,27.3516,other
267315,0.1859,-0.6273,-0.7676,-59.8457,24.0391,21.2109,other
267338,0.1305,-0.6122,-0.7798,-50.8516,16.3457,17.5859,other
267361,0.1404,-0.5685,-0.7712,-43.8262,11.4844,16.3887,other
267384,0.0963,-0.5706,-0.7727,-32.752,4.9141,15.7812,other
267407,0.0883,-0.5907,-0.7782,-25.6855,1.0977,15.7207,other
267430,0.166,-0.5803,-0.781,-16.5566,-3.623,15.4004,other
267453,0.2274,-0.5317,-0.8267,-11.7715,-6.043,14.1816,other
267476,0.1948,-0.5165,-0.7775,-6.5156,-8.5469,12.5488,other
267499,0.1252,-0.587,-0.7501,-2.8691,-9.543,9.3633,other
267522,0.2719,-0.5505,-0.6838,-0.7891,-9.2383,6.9531,other
267545,0.0818,-0.5939,-0.8016,2.6133,-7.7812,3.4395,other
267568,0.1504,-0.2837,-1.0388,5.2988,-7.082,1.5117,other
267591,-0.1393,-0.2012,-0.6438,9.7383,-8.1152,-0.4609,other
267614,-0.2141,-0.576,-1.1134,13.7363,-10.9766,-1.7305,other
267637,0.2365,-0.4525,-1.0074,15.3008,-12.5449,-2.959,other
267660,0.3444,-0.6193,-0.8026,15.75,-14.4023,-6.8496,other
267683,0.1545,-0.6819,-0.7053,15.5664,-15.9746,-11.3125,other
267706,0.0748,-0.7134,-0.6648,16.4258,-19.0957,-20.6055,other
267729,-0.0929,-0.7131,-0.538,20.1738,-22.4629,-31.9395,other
267752,-0.1489,-0.7128,-0.4723,24.4453,-24.4609,-40.084,other
267775,0.0176,-0.7073,-0.5044,32.5313,-27.0703,-52.9824,other
267798,0.1769,-0.6796,-0.4623,37.959,-29.0801,-62.0723,other
267821,0.1875,-0.6537,-0.3542,44.0273,-33.8887,-64.0,other
267844,0.079,-0.5862,-0.2101,45.6113,-38.7637,-64.0,other
267867,0.11,-0.4918,-0.266,42.916,-48.2383,-64.0,other
267890,0.3101,-0.2961,-0.3917,32.8828,-59.3535,-64.0,other
267913,0.4785,-0.184,-0.6311,21.6641,-64.0,-64.0,other
267936,0.5659,-0.1937,-0.8503,-1.5391,-64.0,-64.0,other
267959,0.6298,-0.21,-1.0106,-20.2813,-64.0,-64.0,other
267982,0.6366,-0.1597,-1.0254,-50.7363,-64.0,-64.0,other
268005,0.5453,-0.1112,-1.0317,-64.0,-64.0,-64.0,other
268028,0.3138,-0.0443,-0.9723,-64.0,-64.0,-64.0,other
268051,0.2904,0.0153,-1.0233,-64.0,-64.0,-64.0,other
268074,0.3994,0.0404,-1.2277,-64.0,-64.0,-64.0,other
268097,0.4001,0.0419,-1.3153,-64.0,-64.0,-64.0,other
268120,0.2786,0.064,-1.1842,-64.0,-58.0605,-64.0,other
268143,0.1257,0.0665,-1.0637,-64.0,-43.377,-61.4297,other
268166,0.0376,0.0344,-1.0619,-64.0,-22.8633,-35.1563,other
268189,0.1095,-0.0067,-1.1149,-64.0,-10.8809,-17.7402,other
268212,0.2328,0.0073,-1.1047,-62.1641,3.25,5.9355,other
268235,0.21,-0.0186,-1.1677,-43.8125,11.2988,23.959,other
268258,0.0962,-0.0344,-1.1183,-17.7949,12.6445,31.873,other
268281,0.0677,-0.0714,-0.9673,4.5762,10.2285,37.5,other
268304,0.1306,-0.0747,-0.8542,17.1523,6.7676,37.6035,other
268327,0.1952,-0.1063,-0.918,32.8008,0.7734,33.582,other
268350,0.1965,-0.1248,-0.9431,41.2871,-3.0937,28.8945,other
268373,0.1729,-0.1582,-0.8569,51.3418,-8.1836,20.1406,other
268396,0.2454,-0.1935,-0.7711,58.498,-11.791,10.7246,other
268419,0.4137,-0.2356,-1.0178,61.709,-12.873,4.6797,other
268442,0.4078,-0.2656,-1.3453,63.4473,-12.3125,-3.5488,other
268465,0.3326,-0.2845,-1.2739,61.7988,-11.125,-8.291,other
268488,0.2206,-0.2617,-0.8262,54.7617,-9.5762,-13.8398,other
268511,0.0841,-0.2671,-0.6285,44.2676,-8.5371,-16.7012,other
268534,0.0228,-0.2938,-0.5956,37.0547,-7.3203,-16.7227,other
268557,0.0946,-0.2809,-0.7235,27.6504,-3.5,-13.957,other
268580,0.236,-0.2771,-0.825,22.4492,0.2012,-10.7461,other
268603,0.2761,-0.2566,-0.9052,15.3262,5.7676,-5.2578,other
268626,0.2411,-0.2487,-0.9973,10.2969,9.1758,-0.4961,other
268649,0.22,-0.2233,-1.0326,1.4512,9.623,1.7695,other
268672,0.2126,-0.1987,-1.0253,-9.0156,7.6523,3.6777,other
268695,0.1943,-0.1716,-0.9985,-16.3848,4.998,4.127,other
268718,0.1505,-0.1595,-0.964,-26.6797,0.041,4.0547,other
268741,0.1418,-0.1431,-0.9147,-32.1992,-3.2363,3.8242,other
268764,0.1544,-0.1545,-0.9348,-37.3457,-7.0781,3.6133,other
268787,0.1548,-0.1603,-0.95,-38.2031,-8.9805,3.7559,other
268810,0.1798,-0.1603,-0.9263,-36.5332,-9.127,4.0215,other
268833,0.17,-0.1698,-0.9194,-31.3633,-7.9219,4.4941,other
268856,0.1693,-0.1814,-0.9012,-26.6992,-6.4219,4.7363,other
268879,0.1758,-0.1823,-0.89,-18.9199,-3.6367,4.8223,other
268902,0.1881,-0.1887,-0.9092,-11.3945,-0.8535,4.4492,other
268925,0.205,-0.1926,-0.9268,-7.0801,0.6719,3.9316,other
268948,0.2012,-0.1877,-0.9098,-2.2305,2.0977,2.8164,other
268971,0.1814,-0.187,-0.8959,-0.2051,2.4141,1.9395,other
268994,0.171,-0.1768,-0.8875,1.1113,2.1387,0.6348,other
269017,0.1698,-0.1711,-0.9033,0.5137,1.3711,-0.4199,other
269040,0.1799,-0.1693,-0.938,-0.2305,0.7988,-0.9102,other
269063,0.2026,-0.166,-0.9518,-2.334,0.0254,-1.3359,other
269086,0.1923,-0.1667,-0.9321,-3.9531,-0.4004,-1.4512,other
269109,0.1849,-0.1729,-0.9111,-6.2891,-0.8691,-1.4629,other
269132,0.1929,-0.1715,-0.8966,-7.5566,-1.0313,-1.4043,other
269155,0.1732,-0.1696,-0.9036,-8.7734,-1.0254,-1.2793,other
269178,0.1798,-0.1683,-0.9109,-9.125,-0.748,-1.1504,other
269201,0.2031,-0.1652,-0.9104,-8.9707,-0.4434,-1.0859,other
269224,0.2096,-0.1649,-0.9137,-8.3848,0.0879,-1.0605,other
269247,0.2001,-0.1631,-0.9102,-7.9004,0.4238,-1.1094,other
269270,0.1881,-0.165,-0.8958,-7.2383,0.8242,-1.2715,other
269293,0.1824,-0.1638,-0.8903,-6.8145,1.1074,-1.4863,other
269316,0.1909,-0.156,-0.8922,-6.7207,1.2656,-1.6348,other
269339,0.2231,-0.1469,-0.9344,-6.9102,1.5137,-1.8535,other
269362,0.2471,-0.1455,-0.9896,-7.2812,1.6602,-2.002,other
269385,0.2292,-0.1372,-0.9795,-8.1797,1.6797,-2.2324,other
269408,0.1864,-0.1346,-0.9259,-9.2324,1.3242,-2.3867,other
269431,0.1621,-0.1412,-0.8993,-9.7656,0.9473,-2.375,other
269454,0.1755,-0.1456,-0.8861,-9.9375,0.4316,-2.1152,other
269477,0.2032,-0.1481,-0.8906,-9.5234,0.2363,-1.8027,other
269500,0.2175,-0.1539,-0.9095,-8.1836,0.1875,-1.2559,other
269523,0.2279,-0.1567,-0.9314,-6.9805,0.2637,-0.9297,other
269546,0.2244,-0.152,-0.922,-5.0762,0.4004,-0.6035,other
269569,0.2026,-0.1479,-0.9073,-3.4141,0.4355,-0.4961,other
269592,0.1851,-0.1492,-0.8962,-2.5605,0.3691,-0.5078,other
269615,0.1945,-0.1482,-0.9012,-1.7207,0.1797,-0.5586,other
269638,0.2026,-0.1493,-0.9159,-1.457,0.0215,-0.5781,other
269661,0.214,-0.152,-0.9281,-1.4766,-0.2285,-0.5684,other
269684,0.2111,-0.1541,-0.9258,-1.9102,-0.4863,-0.5332,other
269707,0.2018,-0.149,-0.9039,-2.3477,-0.666,-0.5078,other
269730,0.2078,-0.1458,-0.9146,-3.0684,-0.9043,-0.4687,other
269753,0.2183,-0.1439,-0.9479,-3.5098,-1.0234,-0.4453,other
269776,0.212,-0.1453,-0.9391,-4.0117,-1.1719,-0.4238,other
269799,0.1917,-0.1514,-0.9081,-4.2187,-1.3242,-0.416,other
269822,0.1868,-0.1554,-0.8912,-4.123,-1.4063,-0.4082,other
269845,0.1879,-0.1569,-0.8918,-3.582,-1.4199,-0.377,other
269868,0.2111,-0.1587,-0.9193,-2.9922,-1.3281,-0.3516,other
269891,0.2191,-0.1595,-0.9221,-1.9355,-1.0703,-0.3398,other
269914,0.219,-0.158,-0.9072,-1.2383,-0.8711,-0.3711,other
269937,0.2118,-0.1608,-0.9102,-0.3633,-0.6113,-0.4863,other
269960,0.2123,-0.1619,-0.9209,0.2148,-0.418,-0.6465,other
269983,0.2179,-0.1643,-0.9205,0.4219,-0.3223,-0.752,other
270006,0.2092,-0.1709,-0.9128,0.502,-0.2383,-0.877,other
270029,0.1981,-0.1752,-0.8988,0.4453,-0.2246,-0.9238,other
270052,0.2021,-0.175,-0.9037,0.2754,-0.2578,-0.9082,other
270075,0.2112,-0.1741,-0.9109,0.0625,-0.3418,-0.7832,other
270098,0.2058,-0.1697,-0.889,-0.0937,-0.4414,-0.6504,other
270121,0.1951,-0.1705,-0.8702,-0.3477,-0.6465,-0.4102,other
270144,0.2079,-0.1687,-0.8998,-0.5488,-0.7871,-0.2324,other
270167,0.2134,-0.166,-0.9434,-0.9902,-0.9414,0.0234,other
270190,0.2012,-0.1621,-0.9456,-1.7227,-1.0391,0.2246,other
270213,0.1888,-0.1584,-0.915,-2.3867,-1.0781,0.3164,other
270236,0.199,-0.1604,-0.8984,-3.502,-1.0703,0.375,other
270259,0.2153,-0.1637,-0.915,-4.209,-1.0078,0.3496,other
270282,0.2314,-0.1659,-0.9321,-5.043,-0.8438,0.1895,other
270305,0.2273,-0.1707,-0.9282,-5.3945,-0.7246,-0.1309,other
270328,0.2092,-0.1719,-0.9019,-5.5723,-0.5898,-0.4043,other
270351,0.1992,-0.1704,-0.8912,-5.3105,-0.5215,-0.8164,other
270374,0.2054,-0.1681,-0.8926,-4.918,-0.498,-1.0391,other
270397,0.2112,-0.1671,-0.8969,-4.1309,-0.4863,-1.2383,other
270420,0.2101,-0.1652,-0.9171,-3.584,-0.4941,-1.2754,other
270443,0.2092,-0.1633,-0.9391,-2.9277,-0.5293,-1.2188,other
270466,0.2142,-0.1649,-0.9288,-2.623,-0.5859,-1.0703,other
270489,0.2043,-0.1674,-0.8964,-2.6211,-0.6328,-0.9531,other
270512,0.2007,-0.1692,-0.8821,-2.8086,-0.6836,-0.7793,other
270535,0.2137,-0.1682,-0.8995,-2.9844,-0.6875,-0.6797,other
270558,0.2255,-0.1652,-0.9221,-3.252,-0.6406,-0.5742,other
270581,0.2281,-0.1649,-0.9387,-3.543,-0.5801,-0.5391,other
270604,0.2136,-0.1619,-0.924,-3.7617,-0.5684,-0.543,other
270627,0.2024,-0.1617,-0.9086,-4.0879,-0.6152,-0.5566,other
270650,0.1937,-0.1655,-0.9109,-4.252,-0.6797,-0.543,other
270673,0.209,-0.1632,-0.8903,-4.3437,-0.7793,-0.4707,other
270696,0.2151,-0.1676,-0.917,-4.2852,-0.8105,-0.3652,other
270719,0.2316,-0.1676,-0.9312,-4.0527,-0.7793,-0.3105,other
270742,0.2245,-0.1656,-0.9247,-3.7363,-0.6953,-0.2949,other
270765,0.2108,-0.1693,-0.9191,-3.5098,-0.6406,-0.334,other
270788,0.2048,-0.17,-0.89,-3.1465,-0.5957,-0.4395,other
270811,0.202,-0.1758,-0.8719,-2.8711,-0.5996,-0.5137,other
270834,0.2074,-0.1753,-0.8843,-2.416,-0.6367,-0.5957,other
270857,0.2194,-0.17,-0.9253,-2.0137,-0.6621,-0.6328,other
270880,0.223,-0.1648,-0.9515,-1.873,-0.668,-0.6328,other
270903,0.2218,-0.1658,-0.9503,-1.9609,-0.6855,-0.6094,other
270926,0.2156,-0.1667,-0.9172,-2.1973,-0.7129,-0.5781,other
270949,0.1973,-0.1702,-0.8813,-2.6289,-0.7676,-0.4941,other
270972,0.198,-0.1763,-0.8722,-2.8789,-0.748,-0.3613,other
270995,0.2253,-0.1775,-0.8835,-2.8496,-0.6523,-0.2578,other
271018,0.2362,-0.1798,-0.9249,-2.5625,-0.4082,-0.1289,other
271041,0.2328,-0.1765,-0.9425,-2.3066,-0.2266,-0.0898,other
271064,0.2152,-0.1727,-0.9207,-2.0137,-0.0254,-0.1094,other
271087,0.2026,-0.1725,-0.8899,-1.9258,0.041,-0.166,other
271110,0.2075,-0.1749,-0.8765,-1.9297,0.0312,-0.1895,other
271133,0.2218,-0.1786,-0.8969,-2.0293,-0.0098,-0.1738,other
271156,0.2371,-0.1776,-0.9215,-2.1387,-0.041,-0.1426,other
271179,0.2262,-0.1752,-0.9321,-2.4043,-0.1152,-0.0937,other
271202,0.2167,-0.1731,-0.911,-2.6621,-0.1914,-0.0645,other
271225,0.2086,-0.1715,-0.8884,-3.125,-0.332,-0.0137,other
271248,0.2024,-0.1776,-0.8939,-3.5781,-0.4648,0.0703,other
271271,0.2249,-0.1753,-0.9059,-3.8379,-0.5332,0.1406,other
271294,0.2336,-0.1737,-0.9299,-4.166,-0.5957,0.2324,other
271317,0.2231,-0.1699,-0.9276,-4.373,-0.6289,0.2676,other
271340,0.2136,-0.1715,-0.9081,-4.6758,-0.6875,0.2695,other
271363,0.2147,-0.1714,-0.896,-4.916,-0.7383,0.2324,other
271386,0.2178,-0.1721,-0.8992,-4.9961,-0.7461,0.1973,other
271409,0.2217,-0.1746,-0.9077,-4.9766,-0.709,0.127,other
271432,0.2284,-0.1743,-0.8966,-4.8906,-0.6562,0.0684,other
271455,0.2303,-0.1714,-0.9133,-4.7129,-0.5371,-0.041,other
271478,0.2344,-0.1689,-0.9316,-4.6074,-0.4023,-0.1699,other
271501,0.2228,-0.167,-0.9263,-4.5332,-0.3379,-0.2539,other
271524,0.2072,-0.1685,-0.8956,-4.5469,-0.3027,-0.3477,other
271547,0.21,-0.1718,-0.8878,-4.5547,-0.3008,-0.3691,other
271570,0.2238,-0.1719,-0.9025,-4.4883,-0.2773,-0.3437,other
271593,0.2314,-0.1715,-0.9149,-4.3926,-0.2285,-0.3027,other
271616,0.2371,-0.1719,-0.9182,-4.2129,-0.127,-0.252,other
271639,0.2183,-0.1643,-0.9292,-4.0566,-0.043,-0.2461,other
271662,0.2065,-0.1628,-0.9106,-3.9746,-0.0098,-0.2676,other
271685,0.2209,-0.1677,-0.911,-3.8457,0.0645,-0.3203,other
271708,0.2285,-0.1697,-0.902,-3.7129,0.168,-0.3652,other
271731,0.2317,-0.1747,-0.911,-3.3965,0.4277,-0.4473,other
271754,0.2284,-0.1747,-0.9196,-2.9375,0.793,-0.541,other
271777,0.2063,-0.1714,-0.9082,-2.5742,1.0762,-0.6055,other
271800,0.24,-0.1675,-0.9019,-1.9668,1.5605,-0.6895,other
271823,0.2736,-0.1705,-0.9154,-1.5371,1.9043,-0.748,other
271846,0.2394,-0.1816,-0.9314,-0.875,2.3379,-0.8926,other
271869,0.2319,-0.1814,-0.9117,-0.1875,2.6602,-1.1172,other
271892,0.2284,-0.2004,-0.9315,0.3164,2.875,-1.2949,other
271915,0.2034,-0.2312,-1.0211,1.2246,3.3184,-1.5762,other
271938,0.2538,-0.21,-1.0302,2.0117,3.7695,-1.7832,other
271961,0.3359,-0.1964,-0.9719,3.8184,4.7305,-2.1953,other
271984,0.2767,-0.2062,-0.8822,5.7793,5.5586,-2.5762,other
272007,0.1821,-0.2518,-0.8744,10.4023,7.3086,-3.2402,other
272030,0.2422,-0.2577,-0.798,17.2012,10.1738,-3.8281,other
272053,0.3304,-0.2787,-0.8695,22.6738,12.6895,-4.1836,other
272076,0.322,-0.2998,-0.9297,31.3613,16.3555,-4.8887,other
272099,0.262,-0.2682,-1.0199,36.8184,18.0371,-5.6289,other
272122,0.4298,-0.2738,-0.9946,43.5859,18.957,-7.3379,other
272145,0.5698,-0.2385,-0.9977,48.2578,18.3789,-10.0176,other
272168,0.7579,-0.1702,-0.9725,50.4063,18.0234,-12.3613,other
272191,0.3428,-0.3149,-0.8315,53.1406,19.9746,-16.125,other
272214,0.2764,-0.3159,-0.605,55.3848,24.2188,-18.209,other
272237,0.4574,-0.3849,-0.2893,60.6465,35.9297,-19.9355,other
272260,0.5875,-0.3213,-0.2856,63.998,53.2969,-20.2168,other
272283,0.8018,-0.3376,-0.5536,63.998,63.998,-20.3301,other
272306,0.8644,-0.301,-0.1917,63.998,63.998,-21.6484,other
272329,0.6732,-0.5109,0.3167,63.998,63.998,-23.5391,other
272352,0.7415,-0.5699,0.4885,63.998,63.998,-27.1426,other
272375,0.8285,-0.3893,0.5526,63.998,63.998,-30.3008,other
272398,0.5247,-0.568,0.6873,63.998,63.998,-30.9531,other
272421,0.5862,-0.4487,0.697,63.998,63.998,-29.6309,other
272444,0.4254,-0.4052,0.5133,63.998,63.998,-26.8867,other
272467,0.36,-0.3929,0.5372,63.998,63.998,-20.3125,other
272490,0.7909,-0.459,0.7083,63.998,63.998,-14.8906,other
272513,1.1462,-0.3804,0.8114,63.998,63.998,-7.0781,other
272536,1.1138,-0.1586,0.7382,63.998,63.998,-2.2305,other
272559,0.8218,-0.2837,0.6228,63.998,63.998,-1.584,other
272582,0.8091,-0.3182,0.4008,63.998,31.1816,-4.6895,other
272605,0.9567,-0.3031,0.3555,63.998,7.334,-9.0703,other
272628,1.0908,-0.2429,0.3643,63.998,-20.9316,-17.8145,other
272651,1.0253,-0.1704,0.6034,63.998,-38.498,-26.6504,other
272674,0.9586,-0.0803,0.7118,63.998,-44.5918,-30.8496,other
272697,0.8698,-0.1768,0.4421,63.998,-46.041,-32.9277,other
272720,0.7896,-0.1788,0.4004,63.998,-42.2324,-31.541,other
272743,0.8342,-0.2366,0.6322,63.998,-30.8691,-26.3516,other
272766,1.3466,-0.0735,0.6639,60.6406,-21.5156,-18.4355,other
272789,0.7758,-0.1138,0.5762,52.6328,-9.5566,-11.7656,other
272812,0.7737,-0.2124,0.4594,44.5547,-2.0273,-0.4238,other
272835,0.9722,-0.1808,0.6031,39.0293,1.7871,7.0098,other
272858,0.681,-0.1626,0.5612,30.1348,7.0566,16.1895,other
272881,0.8461,-0.1163,0.6488,23.7676,10.1895,20.418,other
272904,0.899,-0.327,0.5596,13.9102,13.7461,23.5156,other
272927,0.9532,-0.1807,0.4872,4.2207,15.1504,22.7988,other
272950,0.8186,-0.2567,0.5312,-1.8574,14.1074,20.8223,other
272973,0.9403,-0.2914,0.3999,-10.0762,8.4668,17.25,other
272996,0.9515,-0.2864,0.3387,-14.9141,1.6543,15.3437,other
273019,0.8724,-0.2998,0.3948,-21.2148,-12.5879,14.0977,other
273042,0.8462,-0.2742,0.4031,-26.0723,-29.5566,15.168,other
273065,0.8549,-0.2887,0.3837,-28.2363,-41.1309,17.1133,other
273088,0.8435,-0.3156,0.2439,-29.8086,-57.0625,20.9922,other
273111,1.088,-0.3284,0.1362,-30.0215,-64.0,23.2422,other
273134,0.704,-0.2703,0.282,-29.6621,-64.0,24.2305,other
273157,0.7194,-0.264,0.4717,-29.0625,-64.0,20.6699,other
273180,0.7292,-0.1992,0.3881,-27.3008,-64.0,15.0742,other
273203,1.0459,-0.1246,0.2781,-23.9121,-45.2656,1.2637,other
273226,1.5779,-0.1581,0.5471,-20.5254,-28.8418,-11.4531,other
273249,0.7394,-0.1466,0.4565,-13.9766,-2.9746,-33.8301,other
273272,0.8875,-0.1073,0.5028,-9.1738,12.3301,-48.4609,other
273295,0.9768,-0.0311,0.2803,-2.3828,28.8105,-64.0,other
273318,1.26,-0.1221,0.0865,2.9121,34.6738,-64.0,other
273341,0.911,-0.106,0.3973,5.2207,32.7539,-64.0,other
273364,0.8864,-0.1575,0.5176,6.7207,25.3125,-61.9863,other
273387,0.8192,-0.1106,0.538,6.5957,20.709,-51.6855,other
273410,0.7159,-0.1476,0.6788,5.3066,19.0664,-33.375,other
273433,0.6525,-0.1212,0.7175,3.4531,26.4473,-15.2656,other
273456,0.7592,-0.1403,0.7177,2.1309,36.3398,-4.998,other
273479,0.417,-0.1387,0.9868,0.0352,56.6289,6.1211,other
273502,0.5474,-0.1807,0.9218,-1.3496,63.998,10.4355,other
273525,0.7118,-0.1145,0.7051,-3.2148,63.998,12.6855,other
273548,0.8069,-0.1149,0.6628,-4.3867,63.998,10.8125,other
273571,0.5916,-0.1301,0.8103,-6.2148,63.998,7.9687,other
273594,0.2683,-0.127,1.0605,-7.8535,63.998,2.6348,other
273617,0.4227,-0.1299,0.9592,-8.5547,63.998,-0.8848,other
273640,0.35,-0.1117,1.0004,-8.7285,63.998,-5.1445,other
273663,0.303,-0.1364,1.0199,-8.2324,63.998,-7.0078,other
273686,0.4005,-0.108,0.9181,-6.7656,63.998,-8.209,other
273709,0.3163,-0.13,0.9923,-4.8887,63.998,-7.7207,other
273732,0.3469,-0.1261,0.9719,-3.6934,63.998,-6.6797,other
273755,0.2606,-0.1298,1.0111,-2.3105,63.998,-4.4629,other
273778,0.1191,-0.1385,1.0795,-1.7539,63.998,-2.8008,other
273801,0.2936,-0.1489,0.9594,-1.4453,63.998,-0.4199,other
273824,0.2729,-0.1299,0.9937,-1.6348,63.998,1.4512,other
273847,0.0354,-0.1316,1.0853,-1.9629,63.998,2.293,other
273870,0.1788,-0.1265,1.0149,-2.6387,63.998,2.9258,other
273893,0.225,-0.1454,1.0251,-3.166,63.998,2.9766,other
273916,0.0604,-0.146,1.0555,-4.0449,62.2285,2.666,other
273939,0.0321,-0.1361,1.0543,-4.6641,59.832,2.1348,other
273962,-0.0902,-0.1448,1.0952,-5.543,58.3613,1.7656,other
273985,0.1483,-0.1393,1.0219,-6.2227,55.8242,1.2754,other
274008,0.1356,-0.1165,1.0079,-6.4922,52.8242,0.9902,other
274031,0.2321,-0.1661,1.0104,-6.5742,44.6543,0.584,other
274054,0.0233,-0.1488,1.0875,-6.4492,36.6895,0.3242,other
274077,0.0789,-0.1367,1.0446,-6.1016,22.6035,-0.0293,other
274100,0.3242,-0.1436,0.946,-5.627,8.332,-0.3359,other
274123,0.0353,-0.1426,1.0861,-5.2637,-0.3906,-0.5234,other
274146,0.0098,-0.1431,1.0781,-4.7168,-10.5586,-0.7422,other
274169,0.2155,-0.1375,0.9996,-4.3789,-14.6035,-0.8242,other
274192,0.1367,-0.1471,1.0242,-3.918,-16.9336,-0.8809,other
274215,0.1034,-0.167,1.0435,-3.4941,-16.082,-0.9102,other
274238,0.1118,-0.1029,1.0568,-3.2305,-14.3379,-0.9316,other
274261,0.1497,-0.1372,1.0264,-2.8437,-10.8008,-1.0039,other
274284,0.1512,-0.1326,1.0161,-2.5898,-8.4043,-1.0938,other
274307,0.137,-0.1335,1.0313,-2.1992,-5.5781,-1.2969,other
274330,0.1378,-0.1324,1.037,-1.8379,-4.0898,-1.5371,other
274353,0.1548,-0.1375,1.0276,-1.6602,-3.8379,-1.6816,other
274376,0.1477,-0.1422,1.0393,-1.5605,-4.3926,-1.8203,other
274399,-0.0106,-0.144,1.141,-1.6289,-5.2734,-1.8848,other
274422,-0.0281,-0.0286,0.9756,-2.0234,-7.9766,-2.459,other
274445,0.8326,-0.2803,0.8416,-2.8125,-11.7383,-3.8359,other
274468,0.5186,-0.2083,0.8132,-5.8828,-21.8398,-8.0625,other
274491,0.569,-0.1345,0.8538,-11.2285,-36.8379,-13.9961,other
274514,0.4359,-0.1166,0.9517,-15.3145,-47.7051,-17.916,other
274537,0.3121,-0.1545,1.0194,-20.6973,-60.9219,-22.2246,other
274560,0.4938,-0.1752,0.9075,-23.0293,-64.0,-23.3691,other
274583,0.5165,-0.1869,0.874,-23.9238,-63.9336,-21.9199,other
274606,0.6184,-0.0941,0.8099,-21.6406,-53.0059,-16.8848,other
274629,0.158,-0.1677,1.0671,-18.6719,-41.0488,-12.0957,other
274652,-0.1294,-0.167,1.1735,-12.9687,-16.9668,-4.0605,other
274675,0.2527,-0.1672,0.9969,-8.9297,2.1699,1.0781,other
274698,0.1899,-0.1608,1.0283,-3.4629,31.5195,7.334,other
274721,0.2123,-0.1052,1.0271,0.459,55.4355,11.0391,other
274744,0.209,-0.2421,1.0339,1.9238,63.998,11.9727,other
274767,0.1859,-0.168,1.0239,2.3887,63.998,11.3379,other
274790,0.4005,-0.1658,0.9351,1.7891,63.998,9.8711,other
274813,0.2336,-0.1671,1.0105,0.1309,51.4453,6.75,other
274836,0.3014,-0.1866,0.984,-1.1699,37.8262,3.4316,other
274859,0.2668,-0.1755,0.9785,-3.0234,16.7832,1.1582,other
274882,0.0833,-0.1664,1.0674,-4.459,0.8809,-1.3691,other
274905,-0.006,-0.162,1.08,-5.082,-4.0723,-2.5254,other
274928,0.0706,-0.1697,1.0391,-5.4824,-1.3223,-3.5352,other
274951,0.0992,-0.1681,1.0348,-5.4355,6.209,-3.7773,other
274974,0.0212,-0.1675,1.0582,-5.0293,21.8535,-3.6055,other
274997,0.1708,-0.1659,1.0117,-4.4004,37.3477,-2.9648,other
275020,0.053,-0.166,1.0431,-3.9395,45.2188,-2.3828,other
275043,-0.002,-0.1647,1.0471,-3.2695,51.9277,-1.4199,other
275066,0.0562,-0.1639,1.0399,-2.8691,53.2559,-0.7773,other
275089,-0.0574,-0.1646,1.0504,-2.3789,51.7832,0.1035,other
275112,-0.011,-0.1664,1.0414,-2.0566,48.082,0.8125,other
275135,-0.097,-0.1622,1.0503,-1.9336,45.252,1.1621,other
275158,-0.0515,-0.1627,1.0436,-1.8711,41.1543,1.4922,other
275181,-0.021,-0.1637,1.0391,-1.9063,38.4883,1.5781,other
275204,-0.022,-0.1638,1.0408,-2.0918,34.0645,1.5098,other
275227,-0.0605,-0.1665,1.0435,-2.3145,30.6348,1.2383,other
275250,-0.0472,-0.1675,1.0415,-2.7695,24.9668,0.9785,other
275273,-0.0789,-0.1644,1.0442,-3.2773,19.2539,0.541,other
275296,-0.0549,-0.1633,1.0413,-3.5723,15.7207,0.2559,other
275319,-0.0519,-0.163,1.0411,-3.8828,11.0215,-0.1074,other
275342,-0.0413,-0.1649,1.038,-3.9941,8.2617,-0.2969,other
275365,-0.0381,-0.1648,1.0409,-4.0391,4.5684,-0.5,other
275388,-0.0565,-0.166,1.0457,-3.9687,1.4102,-0.6094,other
275411,-0.0527,-0.1638,1.0431,-3.8711,-0.3086,-0.6367,other
275434,-0.0469,-0.1605,1.0404,-3.625,-2.166,-0.6172,other
275457,-0.054,-0.1588,1.0431,-3.3789,-2.9141,-0.5723,other
275480,-0.0437,-0.1561,1.0424,-2.877,-3.3848,-0.4707,other
275503,-0.0481,-0.151,1.0308,-2.2246,-3.2305,-0.3379,other
275526,-0.0908,-0.1553,1.0603,-1.7305,-2.8066,-0.2031,other
275549,-0.0405,-0.1562,1.0349,-0.9941,-1.5625,0.2129,other
275572,-0.0781,-0.1526,1.045,-0.5859,-0.4609,0.6348,other
275595,-0.0573,-0.1538,1.045,-0.2285,1.0625,1.3301,other
275618,-0.0386,-0.1516,1.0409,-0.2031,1.6172,1.8809,other
275641,0.0208,-0.1559,1.0334,-0.4941,1.1914,2.0762,other
275664,-0.0411,-0.1569,1.0441,-1.1113,-0.9414,2.0547,other
275687,-0.0305,-0.156,1.0422,-1.6367,-2.998,1.8496,other
275710,-0.043,-0.1523,1.0428,-2.4707,-6.1445,1.3438,other
275733,-0.0331,-0.1523,1.0388,-2.9727,-7.8027,0.9336,other
275756,-0.0348,-0.1528,1.0432,-3.5488,-9.166,0.3105,other
275779,-0.0446,-0.153,1.0458,-3.875,-9.0859,-0.2246,other
275802,-0.0464,-0.1539,1.0442,-3.9629,-8.3535,-0.5,other
275825,-0.0073,-0.1539,1.04,-3.9434,-6.6855,-0.7695,other
275848,-0.0128,-0.1537,1.0415,-3.8633,-5.5332,-0.8594,other
275871,-0.05,-0.1517,1.0471,-3.6973,-4.1484,-0.8848,other
275894,-0.0327,-0.1521,1.0426,-3.5234,-3.2227,-0.8105,other
275917,0.0044,-0.1536,1.0387,-3.4219,-2.8437,-0.7285,other
275940,-0.0382,-0.1526,1.0481,-3.3184,-2.6426,-0.5879,other
275963,-0.0297,-0.1525,1.0453,-3.2871,-2.666,-0.5,other
275986,-0.0284,-0.1539,1.0428,-3.291,-2.7441,-0.3887,other
276009,-0.0171,-0.1519,1.0431,-3.3223,-2.7832,-0.3164,other
276032,-0.0391,-0.1509,1.0486,-3.3965,-2.7891,-0.291,other
276055,-0.0188,-0.1528,1.0452,-3.4941,-2.7812,-0.2852,other
276078,-0.0189,-0.1527,1.0417,-3.5645,-2.8086,-0.3008,other
276101,0.001,-0.1533,1.0404,-3.6641,-2.9902,-0.3398,other
276124,-0.0183,-0.1533,1.0441,-3.7207,-3.2187,-0.3691,other
276147,-0.0179,-0.1527,1.0431,-3.7891,-3.5645,-0.4062,other
276170,-0.0258,-0.153,1.0441,-3.8262,-3.5898,-0.418,other
276193,-0.0319,-0.1517,1.0436,-3.832,-3.2598,-0.4102,other
276216,-0.0479,-0.1515,1.0464,-3.8164,-2.1406,-0.375,other
276239,-0.0219,-0.1525,1.0428,-3.793,-1.0215,-0.3379,other
276262,-0.0466,-0.1522,1.0449,-3.7461,0.9395,-0.2734,other
276285,-0.0425,-0.1536,1.0442,-3.6973,2.8496,-0.2168,other
276308,-0.0325,-0.1533,1.0437,-3.6699,3.8926,-0.1895,other
276331,-0.0392,-0.1521,1.0448,-3.6445,4.8457,-0.168,other
276354,-0.0404,-0.1522,1.0444,-3.6426,4.9961,-0.1699,other
276377,-0.0363,-0.1531,1.0433,-3.6543,4.5176,-0.1934,other
276400,-0.0289,-0.1528,1.0431,-3.6699,3.3223,-0.2344,other
276423,-0.0396,-0.1534,1.0449,-3.707,2.2441,-0.2676,other
276446,-0.0312,-0.1527,1.0443,-3.748,0.4473,-0.3164,other
276469,-0.0261,-0.1528,1.0425,-3.7754,-0.748,-0.3457,other
276492,-0.025,-0.153,1.0404,-3.8086,-2.3828,-0.3848,other
276515,-0.0276,-0.1528,1.0435,-3.8242,-3.2871,-0.4062,other
276538,-0.0298,-0.1527,1.0426,-3.834,-4.2187,-0.4258,other
276561,-0.0369,-0.1525,1.0461,-3.8301,-4.5,-0.4297,other
276584,-0.033,-0.1537,1.0439,-3.8203,-4.2949,-0.4199,other
276607,-0.0342,-0.1533,1.0406,-3.8008,-3.498,-0.3945,other
276630,-0.0364,-0.1533,1.0443,-3.7852,-2.7539,-0.3691,other
276653,-0.0337,-0.1519,1.0443,-3.7637,-1.543,-0.3301,other
276676,-0.0314,-0.1533,1.0439,-3.7441,-0.4727,-0.2949,other
276699,-0.0322,-0.1522,1.0426,-3.7383,0.0547,-0.2754,other
276722,-0.0361,-0.1521,1.0442,-3.7344,0.502,-0.2559,other
276745,-0.0337,-0.1522,1.0433,-3.7344,0.5801,-0.25,other
276768,-0.0332,-0.1514,1.0442,-3.7383,0.4258,-0.252,other
276791,-0.0306,-0.1532,1.0416,-3.7441,0.0371,-0.2617,other
276814,-0.0336,-0.1521,1.0426,-3.7461,-0.2891,-0.2734,other
276837,-0.0328,-0.1531,1.0416,-3.75,-0.7812,-0.293,other
276860,-0.033,-0.1525,1.041,-3.752,-1.0664,-0.3066,other
276883,-0.0341,-0.1523,1.0433,-3.752,-1.375,-0.3242,other
276906,-0.032,-0.1521,1.0433,-3.752,-1.4902,-0.332,other
276929,-0.0359,-0.1533,1.0439,-3.75,-1.5254,-0.3359,other
276952,-0.0337,-0.1534,1.0442,-3.752,-1.416,-0.3281,other
276975,-0.0321,-0.1532,1.0442,-3.752,-1.291,-0.3184,other
276998,-0.0322,-0.152,1.043,-3.7539,-1.0723,-0.3008,other
277021,-0.0372,-0.1511,1.0442,-3.7559,-0.9277,-0.2891,other
277044,-0.0367,-0.1531,1.0428,-3.7559,-0.7344,-0.2773,other
277067,-0.0322,-0.1522,1.0426,-3.7559,-0.6035,-0.2715,other
277090,-0.0364,-0.1527,1.042,-3.7539,-0.5684,-0.2695,other
277113,-0.0343,-0.1534,1.0433,-3.748,-0.5977,-0.2773,other
277136,-0.0344,-0.1526,1.0417,-3.7461,-0.6621,-0.2852,other
277159,-0.0353,-0.1523,1.0428,-3.7422,-0.7949,-0.3047,other
277182,-0.0343,-0.1527,1.0426,-3.7402,-0.9297,-0.3242,other
277205,-0.0354,-0.1528,1.0417,-3.7402,-1.0098,-0.334,other
277228,-0.0344,-0.1521,1.0428,-3.7422,-1.0996,-0.3457,other
277251,-0.0359,-0.1525,1.0432,-3.7441,-1.1406,-0.3516,other
277274,-0.0377,-0.1527,1.0438,-3.7461,-1.1719,-0.3535,other
277297,-0.0339,-0.1515,1.041,-3.748,-1.1719,-0.3496,other
277320,-0.0336,-0.1517,1.0428,-3.752,-1.1504,-0.3457,other
277343,-0.0363,-0.1531,1.0439,-3.7578,-1.1172,-0.332,other
277366,-0.0348,-0.1523,1.0431,-3.7617,-1.0898,-0.3223,other
277389,-0.035,-0.1522,1.0432,-3.7695,-1.0488,-0.3047,other
277412,-0.0339,-0.1526,1.0432,-3.7773,-1.0273,-0.2969,other
277435,-0.0336,-0.1517,1.0417,-3.7852,-1.0195,-0.2852,other
277458,-0.0339,-0.1526,1.0437,-3.793,-1.0488,-0.2793,other
277481,-0.0341,-0.1515,1.0414,-3.7949,-1.0898,-0.2773,other
277504,-0.0338,-0.1517,1.04,-3.7949,-1.1641,-0.2754,other
277527,-0.0337,-0.1528,1.046,-3.793,-1.2109,-0.2734,other
277550,-0.0334,-0.1521,1.043,-3.7871,-1.2617,-0.2754,other
277573,-0.035,-0.1516,1.0424,-3.7812,-1.2715,-0.2832,other
277596,-0.0334,-0.1525,1.0437,-3.7773,-1.2539,-0.2891,other
277619,-0.0359,-0.152,1.0435,-3.7715,-1.1953,-0.2969,other
277642,-0.0355,-0.1522,1.0428,-3.7656,-1.1406,-0.3027,other
277665,-0.0354,-0.1532,1.0441,-3.7559,-1.0508,-0.3105,other
277688,-0.035,-0.1516,1.0438,-3.748,-0.9922,-0.3145,other
277711,-0.0367,-0.1515,1.0438,-3.7383,-0.9199,-0.3125,other
277734,-0.0361,-0.1516,1.0428,-3.7344,-0.8652,-0.3086,other
277757,-0.0355,-0.1519,1.0442,-3.7363,-0.8398,-0.3066,other
277780,-0.0374,-0.1505,1.0388,-3.7383,-0.8164,-0.3066,other
277803,-0.0365,-0.153,1.0398,-3.7441,-0.8125,-0.3086,other
277826,-0.0305,-0.152,1.0457,-3.7539,-0.834,-0.3145,other
277849,-0.0365,-0.1522,1.0428,-3.7676,-0.9023,-0.3223,other
277872,-0.0356,-0.1523,1.0427,-3.7773,-0.9707,-0.3262,other
277895,-0.0367,-0.1526,1.0426,-3.7891,-1.0801,-0.3242,other
277918,-0.035,-0.1519,1.0471,-3.7949,-1.1348,-0.3203,other
277941,-0.0383,-0.1525,1.0416,-3.7969,-1.166,-0.3105,other
277964,-0.0367,-0.1517,1.0413,-3.7949,-1.127,-0.3008,other
277987,-0.036,-0.1527,1.0463,-3.7891,-1.0684,-0.2949,other
278010,-0.0377,-0.1484,1.036,-3.7773,-0.9629,-0.291,other
278033,-0.0333,-0.1541,1.042,-3.7676,-0.9023,-0.293,other
278056,-0.0322,-0.1522,1.0483,-3.7598,-0.8535,-0.2988,other
278079,-0.0459,-0.1515,1.0402,-3.7578,-0.8535,-0.3086,other
278102,-0.0331,-0.1541,1.0469,-3.7637,-0.8906,-0.3145,other
278125,-0.0319,-0.1527,1.0441,-3.7715,-0.9648,-0.3223,other
278148,-0.0397,-0.1527,1.0446,-3.7754,-1.0293,-0.3262,other
278171,-0.0369,-0.1531,1.0431,-3.7773,-1.1406,-0.3262,other
278194,-0.0344,-0.1514,1.041,-3.7754,-1.2109,-0.3242,other
278217,-0.0374,-0.1541,1.0453,-3.7715,-1.2891,-0.3203,other
278240,-0.0386,-0.1528,1.0414,-3.7676,-1.3262,-0.3184,other
278263,-0.0367,-0.1531,1.0431,-3.7637,-1.334,-0.3184,other
278286,-0.0315,-0.1521,1.0436,-3.7617,-1.3379,-0.3242,other
278309,-0.0387,-0.1521,1.0422,-3.7617,-1.3359,-0.3262,other
278332,-0.0385,-0.1511,1.0424,-3.7637,-1.3105,-0.3262,other
278355,-0.0364,-0.1534,1.0457,-3.7695,-1.2441,-0.3223,other
278378,-0.0367,-0.1531,1.0431,-3.7734,-1.1738,-0.3184,other
278401,-0.0364,-0.1527,1.0438,-3.7852,-1.0566,-0.3125,other
278424,-0.0341,-0.1521,1.0449,-3.791,-0.9922,-0.3105,other
278447,-0.0345,-0.1517,1.0443,-3.8008,-0.9414,-0.3125,other
278470,-0.0377,-0.1516,1.0431,-3.8066,-0.9512,-0.3164,other
278493,-0.0366,-0.1521,1.0431,-3.8105,-0.9766,-0.3184,other
278516,-0.0358,-0.1523,1.0443,-3.8105,-1.0176,-0.3242,other
278539,-0.0361,-0.1528,1.0419,-3.8066,-1.0352,-0.3281,other
278562,-0.0367,-0.1523,1.043,-3.8008,-1.0371,-0.332,other
278585,-0.0359,-0.1526,1.0438,-3.7949,-1.0215,-0.334,other
278608,-0.037,-0.1527,1.0449,-3.791,-0.9688,-0.334,other
278631,-0.0381,-0.1525,1.0432,-3.791,-0.877,-0.3281,other
278654,-0.0342,-0.1536,1.0414,-3.793,-0.7891,-0.3242,other
278677,-0.0389,-0.1525,1.0424,-3.7969,-0.6191,-0.3125,other
278700,-0.0436,-0.1521,1.0433,-3.7949,-0.4727,-0.3066,other
278723,-0.0436,-0.1512,1.0397,-3.7871,-0.1855,-0.2969,other
278746,-0.0408,-0.1519,1.0416,-3.7695,0.1602,-0.2891,other
278769,-0.042,-0.1517,1.041,-3.7559,0.3809,-0.2852,other
278792,-0.0411,-0.1523,1.0437,-3.7344,0.6152,-0.2852,other
278815,-0.04,-0.1516,1.0415,-3.7227,0.6719,-0.2852,other
278838,-0.0413,-0.1508,1.0414,-3.7129,0.5742,-0.2891,other
278861,-0.0416,-0.1515,1.0427,-3.7109,0.2695,-0.2949,other
278884,-0.0392,-0.1523,1.0427,-3.7148,-0.0234,-0.2988,other
278907,-0.0399,-0.1538,1.0443,-3.7305,-0.5371,-0.3086,other
278930,-0.0386,-0.1528,1.0426,-3.7441,-0.8945,-0.3164,other
278953,-0.0397,-0.1517,1.0419,-3.7656,-1.3809,-0.3262,other
278976,-0.0381,-0.1509,1.0409,-3.7793,-1.6406,-0.3301,other
278999,-0.0375,-0.1509,1.0422,-3.791,-1.9121,-0.334,other
279022,-0.0398,-0.1526,1.0433,-3.7969,-2.0254,-0.332,other
279045,-0.0398,-0.1525,1.0433,-3.7949,-2.0098,-0.3301,other
279068,-0.041,-0.1523,1.0438,-3.7891,-1.8535,-0.3223,other
279091,-0.0392,-0.1515,1.0425,-3.7812,-1.6719,-0.3184,other
279114,-0.0432,-0.1506,1.0441,-3.7676,-1.3301,-0.3125,other
279137,-0.0417,-0.153,1.0437,-3.75,-0.9648,-0.3086,other
279160,-0.041,-0.1517,1.0437,-3.7383,-0.7461,-0.3086,other
279183,-0.0413,-0.1539,1.0436,-3.7227,-0.498,-0.3105,other
279206,-0.0413,-0.1523,1.0442,-3.7148,-0.4102,-0.3125,other
279229,-0.0428,-0.1517,1.0449,-3.707,-0.4023,-0.3164,other
279252,-0.0385,-0.1522,1.0409,-3.707,-0.5391,-0.3223,other
279275,-0.0372,-0.1512,1.0406,-3.7109,-0.7012,-0.3262,other
279298,-0.0398,-0.1514,1.0447,-3.7227,-1.0117,-0.3301,other
279321,-0.0396,-0.1521,1.0416,-3.7344,-1.2246,-0.332,other
279344,-0.0393,-0.152,1.0432,-3.75,-1.4727,-0.334,other
279367,-0.0406,-0.1519,1.0426,-3.7578,-1.5645,-0.332,other
279390,-0.0435,-0.1517,1.0426,-3.7656,-1.5625,-0.3281,other
279413,-0.0414,-0.1519,1.0428,-3.7656,-1.4063,-0.3184,other
