timestamp_ms,accX,accY,accZ,gyroX,gyroY,gyroZ
123830,-0.4575,-0.1959,0.9302,-3.3691,-2.1797,-0.3027
123853,-0.4463,-0.194,0.931,-3.3848,-2.1523,-0.3086
123876,-0.4491,-0.1921,0.9301,-3.3965,-2.1113,-0.3184
123899,-0.4622,-0.1948,0.928,-3.3984,-2.0937,-0.3223
123922,-0.4706,-0.1945,0.9285,-3.3867,-2.0879,-0.3203
123945,-0.4663,-0.1918,0.928,-3.373,-2.0996,-0.3145
123968,-0.4502,-0.1918,0.9269,-3.3398,-2.1367,-0.2988
123991,-0.4414,-0.1937,0.9318,-3.2988,-2.2031,-0.2793
124014,-0.4388,-0.1925,0.931,-3.2695,-2.2559,-0.2617
124037,-0.4506,-0.1914,0.9307,-3.2324,-2.3359,-0.2383
124060,-0.4607,-0.1947,0.9283,-3.2148,-2.3809,-0.2227
124083,-0.4612,-0.1934,0.9271,-3.207,-2.4141,-0.209
124106,-0.4598,-0.1914,0.9266,-3.2227,-2.3965,-0.2031
124129,-0.4512,-0.1936,0.9309,-3.2422,-2.3613,-0.207
124152,-0.448,-0.1934,0.9303,-3.2793,-2.2832,-0.2207
124175,-0.4512,-0.1914,0.9308,-3.3086,-2.2227,-0.2324
124198,-0.4602,-0.1932,0.9291,-3.3535,-2.1328,-0.2539
124221,-0.4622,-0.1942,0.9277,-3.3809,-2.0508,-0.2715
124244,-0.4581,-0.1929,0.9301,-3.4141,-2.0078,-0.2812
124267,-0.4506,-0.192,0.9304,-3.4375,-1.959,-0.291
124290,-0.4482,-0.1941,0.9305,-3.4473,-1.9414,-0.2949
124313,-0.4528,-0.1932,0.9314,-3.4531,-1.9355,-0.3027
124336,-0.4583,-0.1917,0.9274,-3.4512,-1.9434,-0.3066
124359,-0.4641,-0.1937,0.9292,-3.4414,-1.9648,-0.3145
124382,-0.4578,-0.1931,0.9299,-3.4297,-1.9863,-0.3242
124405,-0.451,-0.1927,0.9308,-3.4238,-1.998,-0.332
124428,-0.4482,-0.1931,0.9308,-3.4141,-2.0117,-0.3418
124451,-0.4534,-0.1931,0.9297,-3.4102,-2.0195,-0.3477
124474,-0.4591,-0.192,0.9296,-3.4102,-2.0273,-0.3535
124497,-0.4598,-0.192,0.9291,-3.4121,-2.0293,-0.3516
124520,-0.4573,-0.1932,0.9277,-3.4141,-2.0254,-0.3496
124543,-0.4532,-0.193,0.9303,-3.416,-2.0156,-0.3457
124566,-0.4515,-0.1918,0.9316,-3.416,-2.0078,-0.3418
124589,-0.4526,-0.1931,0.9298,-3.416,-1.998,-0.3359
124612,-0.4568,-0.1935,0.9301,-3.416,-1.9961,-0.3301
124635,-0.4601,-0.1924,0.9294,-3.4141,-1.9961,-0.3281
124658,-0.4562,-0.1925,0.929,-3.4141,-1.9961,-0.3242
124681,-0.4547,-0.1934,0.9312,-3.4141,-1.9961,-0.3242
124704,-0.4495,-0.1924,0.9291,-3.4141,-1.9961,-0.3223
124727,-0.4543,-0.1931,0.9299,-3.4121,-1.9961,-0.3223
124750,-0.4569,-0.1932,0.9282,-3.4082,-1.998,-0.3203
124773,-0.459,-0.193,0.9292,-3.4043,-2.002,-0.3184
124796,-0.4572,-0.192,0.9288,-3.4004,-2.002,-0.3164
124819,-0.4518,-0.1923,0.9294,-3.3984,-2.0039,-0.3125
124842,-0.4524,-0.1938,0.9313,-3.3965,-2.0039,-0.3105
124865,-0.4541,-0.1924,0.9287,-3.4004,-2.002,-0.3105
124888,-0.4573,-0.1935,0.9288,-3.4062,-2.0,-0.3125
124911,-0.4574,-0.1931,0.9287,-3.4121,-1.998,-0.3145
124934,-0.457,-0.1927,0.9287,-3.4199,-1.9922,-0.3184
124957,-0.4532,-0.193,0.9296,-3.4238,-1.9883,-0.3223
124980,-0.4508,-0.1927,0.9303,-3.4277,-1.9844,-0.3262
125003,-0.453,-0.192,0.9308,-3.4277,-1.9863,-0.3301
125026,-0.4575,-0.1923,0.9287,-3.4258,-1.9863,-0.3301
125049,-0.4584,-0.1927,0.9287,-3.4238,-1.9902,-0.3301
125072,-0.4561,-0.1926,0.9299,-3.4219,-1.9922,-0.3281
125095,-0.4541,-0.1925,0.9296,-3.4219,-1.9941,-0.3223
125118,-0.4529,-0.1929,0.9324,-3.4238,-1.9961,-0.3145
125141,-0.4569,-0.1927,0.9297,-3.4238,-1.998,-0.3086
125164,-0.4581,-0.1921,0.9291,-3.4258,-1.998,-0.3066
125187,-0.4575,-0.1929,0.9297,-3.4277,-1.9961,-0.3066
125210,-0.4567,-0.1931,0.9307,-3.4297,-1.9941,-0.3086
125233,-0.4554,-0.1912,0.928,-3.4316,-1.9922,-0.3105
125256,-0.453,-0.1924,0.9301,-3.4297,-1.9902,-0.3145
125279,-0.4508,-0.1924,0.9301,-3.4258,-1.9922,-0.3145
125302,-0.458,-0.1936,0.9299,-3.4238,-1.9961,-0.3145
125325,-0.4567,-0.1934,0.9294,-3.4219,-2.0039,-0.3145
125348,-0.4561,-0.1935,0.9293,-3.4219,-2.0098,-0.3125
125371,-0.4559,-0.193,0.9302,-3.4258,-2.0176,-0.3125
125394,-0.4525,-0.1925,0.931,-3.4297,-2.0254,-0.3125
125417,-0.4551,-0.193,0.9301,-3.4336,-2.0293,-0.3145
125440,-0.4561,-0.1935,0.9308,-3.4395,-2.0293,-0.3184
125463,-0.4554,-0.1934,0.9288,-3.4434,-2.0273,-0.3223
125486,-0.4542,-0.192,0.9308,-3.4473,-2.0195,-0.3301
125509,-0.4528,-0.1934,0.9292,-3.4492,-2.0117,-0.3359
125532,-0.4531,-0.1921,0.9315,-3.4492,-2.0,-0.3379
125555,-0.4535,-0.1929,0.9302,-3.4434,-1.9941,-0.3379
125578,-0.4552,-0.1926,0.9298,-3.4395,-1.9941,-0.3359
125601,-0.4554,-0.1929,0.9303,-3.4277,-1.9961,-0.3281
125624,-0.4543,-0.1929,0.9304,-3.4199,-2.002,-0.3223
125647,-0.4515,-0.1927,0.9283,-3.4121,-2.0078,-0.3105
125670,-0.4519,-0.1919,0.9302,-3.4082,-2.0137,-0.3027
125693,-0.4541,-0.1923,0.928,-3.4062,-2.0176,-0.2988
125716,-0.4546,-0.1921,0.9288,-3.4102,-2.0215,-0.293
125739,-0.4553,-0.1931,0.9268,-3.4121,-2.0234,-0.291
125762,-0.4546,-0.1931,0.9287,-3.4199,-2.0234,-0.2891
125785,-0.4513,-0.193,0.9294,-3.4277,-2.0195,-0.2891
125808,-0.4519,-0.1932,0.9293,-3.4316,-2.0176,-0.2891
125831,-0.4535,-0.1918,0.9277,-3.4355,-2.0156,-0.2891
125854,-0.4576,-0.1934,0.9302,-3.4355,-2.0137,-0.2891
125877,-0.4553,-0.1932,0.9302,-3.4336,-2.0098,-0.2871
125900,-0.4524,-0.1923,0.9315,-3.4316,-2.0059,-0.2832
125923,-0.4543,-0.193,0.9287,-3.4316,-2.0039,-0.2812
125946,-0.4543,-0.193,0.9298,-3.4297,-2.002,-0.2812
125969,-0.4537,-0.1931,0.9303,-3.4316,-2.002,-0.2812
125992,-0.4557,-0.1931,0.9299,-3.4336,-2.0039,-0.2852
126015,-0.4551,-0.1924,0.9304,-3.4355,-2.002,-0.2891
126038,-0.4553,-0.1926,0.9303,-3.4355,-2.0,-0.2949
126061,-0.4548,-0.1925,0.9297,-3.4375,-1.9961,-0.3027
126084,-0.4552,-0.1923,0.9285,-3.4395,-1.9961,-0.3086
126107,-0.4563,-0.193,0.9297,-3.4434,-1.9941,-0.3145
126130,-0.4576,-0.1936,0.9299,-3.4453,-1.9941,-0.3184
126153,-0.455,-0.1938,0.9297,-3.4492,-1.9941,-0.3223
126176,-0.4565,-0.192,0.9298,-3.4551,-1.9961,-0.3242
126199,-0.4534,-0.1929,0.9294,-3.4551,-1.9961,-0.3242
126222,-0.455,-0.1934,0.931,-3.457,-1.998,-0.3223
126245,-0.4557,-0.1925,0.9294,-3.4531,-2.0,-0.3203
126268,-0.4553,-0.1926,0.9297,-3.4473,-2.0059,-0.3125
126291,-0.4557,-0.193,0.9283,-3.4434,-2.0117,-0.3066
126314,-0.4553,-0.1936,0.9286,-3.4395,-2.0156,-0.3047
126337,-0.4541,-0.1931,0.9285,-3.4355,-2.0234,-0.3027
126360,-0.4528,-0.1935,0.9303,-3.4355,-2.0273,-0.3047
126383,-0.4557,-0.1924,0.9296,-3.4316,-2.0293,-0.3066
126406,-0.4547,-0.1929,0.9294,-3.4297,-2.0273,-0.3086
126429,-0.4567,-0.1927,0.9297,-3.4277,-2.0176,-0.3086
126452,-0.4556,-0.193,0.9301,-3.4277,-2.0059,-0.3086
126475,-0.4545,-0.1937,0.9303,-3.4297,-1.9961,-0.3066
126498,-0.4543,-0.193,0.9294,-3.4355,-1.9824,-0.3027
126521,-0.4552,-0.193,0.931,-3.4395,-1.9785,-0.2988
126544,-0.4546,-0.1927,0.9302,-3.4473,-1.9766,-0.2949
126567,-0.4551,-0.1932,0.9301,-3.4531,-1.9785,-0.291
126590,-0.4547,-0.1926,0.9275,-3.4551,-1.9844,-0.2891
126613,-0.4548,-0.1924,0.9304,-3.4551,-1.9922,-0.291
126636,-0.4541,-0.1923,0.9304,-3.4551,-2.0,-0.293
126659,-0.4548,-0.1924,0.9301,-3.4492,-2.0078,-0.2969
126682,-0.4572,-0.1936,0.9299,-3.4434,-2.0117,-0.3027
126705,-0.4545,-0.1927,0.931,-3.4395,-2.0117,-0.3066
126728,-0.4545,-0.1917,0.931,-3.4355,-2.0078,-0.3125
126751,-0.4531,-0.1931,0.9305,-3.4336,-2.0059,-0.3145
126774,-0.4552,-0.1935,0.9288,-3.4316,-2.002,-0.3145
126797,-0.4552,-0.1935,0.931,-3.4297,-2.002,-0.3105
126820,-0.4572,-0.1931,0.9305,-3.4297,-2.0039,-0.3027
126843,-0.4561,-0.1932,0.9296,-3.4297,-2.0078,-0.293
126866,-0.4551,-0.1931,0.9296,-3.4297,-2.0098,-0.2891
126889,-0.4545,-0.192,0.9294,-3.4316,-2.0117,-0.2871
126912,-0.4563,-0.1926,0.929,-3.4297,-2.0117,-0.2891
126935,-0.4557,-0.193,0.931,-3.4277,-2.0098,-0.2969
126958,-0.4558,-0.1923,0.9291,-3.4258,-2.0098,-0.3066
126981,-0.4548,-0.1932,0.9301,-3.4238,-2.0078,-0.3125
127004,-0.4559,-0.194,0.929,-3.4199,-2.0078,-0.3184
127027,-0.4542,-0.1925,0.9313,-3.4199,-2.0098,-0.3184
127050,-0.4553,-0.1934,0.9297,-3.4219,-2.0156,-0.3125
127073,-0.453,-0.1929,0.931,-3.4277,-2.0195,-0.3027
127096,-0.4547,-0.1931,0.9285,-3.4336,-2.0234,-0.2949
127119,-0.4546,-0.193,0.9299,-3.4434,-2.0254,-0.2832
127142,-0.4537,-0.1927,0.9297,-3.4512,-2.0254,-0.2773
127165,-0.4553,-0.1929,0.9308,-3.457,-2.0234,-0.2734
127188,-0.4537,-0.1932,0.9279,-3.459,-2.0195,-0.2734
127211,-0.4552,-0.1929,0.9291,-3.4551,-2.0117,-0.2754
127234,-0.4548,-0.192,0.9298,-3.4473,-2.002,-0.2793
127257,-0.4554,-0.1926,0.9301,-3.4395,-1.9941,-0.2832
127280,-0.4552,-0.1926,0.9294,-3.4316,-1.9844,-0.291
127303,-0.4548,-0.1931,0.9288,-3.4297,-1.9805,-0.2949
127326,-0.4548,-0.194,0.931,-3.4258,-1.9805,-0.3027
127349,-0.4546,-0.1935,0.9297,-3.4277,-1.9844,-0.3086
127372,-0.4545,-0.1937,0.9287,-3.4277,-1.9902,-0.3125
127395,-0.4564,-0.1932,0.9297,-3.4316,-2.0,-0.3164
127418,-0.4545,-0.1926,0.9315,-3.4336,-2.0059,-0.3203
127441,-0.4542,-0.1932,0.9298,-3.4375,-2.0176,-0.3223
127464,-0.4561,-0.1924,0.9308,-3.4414,-2.0234,-0.3203
127487,-0.4556,-0.1937,0.9299,-3.4414,-2.0234,-0.3145
127510,-0.4568,-0.193,0.9301,-3.4375,-2.0215,-0.3066
127533,-0.4546,-0.1924,0.9308,-3.4355,-2.0176,-0.3008
127556,-0.455,-0.1927,0.9291,-3.4277,-2.0078,-0.2949
127579,-0.4558,-0.1926,0.9314,-3.4219,-1.502,-0.291
127602,-0.4558,-0.1942,0.9293,-3.4141,-1.9961,-0.291
127625,-0.4547,-0.1926,0.9285,-3.4062,-1.9902,-0.2891
127648,-0.4548,-0.1929,0.9312,-3.4023,-1.9883,-0.2871
127671,-0.4556,-0.1924,0.9297,-3.3984,-1.9863,-0.2852
127694,-0.4536,-0.1924,0.9307,-3.3984,-1.9844,-0.2832
127717,-0.4534,-0.1936,0.9303,-3.4004,-1.9824,-0.2832
127740,-0.455,-0.1929,0.9305,-3.4043,-1.9824,-0.2852
127763,-0.4556,-0.1919,0.9283,-3.4082,-1.9844,-0.2891
127786,-0.4537,-0.1936,0.9294,-3.416,-1.9863,-0.2969
127809,-0.454,-0.1931,0.9299,-3.4219,-1.9902,-0.3027
127832,-0.4563,-0.1923,0.9299,-3.4297,-1.9961,-0.3105
127855,-0.4552,-0.1941,0.9279,-3.4336,-2.002,-0.3184
127878,-0.4543,-0.1921,0.9314,-3.4375,-2.0059,-0.3223
127901,-0.4561,-0.193,0.9293,-3.4375,-2.0098,-0.3242
127924,-0.4542,-0.1927,0.9282,-3.4375,-2.0117,-0.3242
127947,-0.4563,-0.1934,0.9296,-3.4336,-2.0156,-0.3242
127970,-0.4542,-0.1932,0.9305,-3.4297,-2.0176,-0.3242
127993,-0.4565,-0.1931,0.9302,-3.4219,-2.0195,-0.3223
128016,-0.4573,-0.1931,0.9313,-3.418,-2.0215,-0.3203
128039,-0.4565,-0.1937,0.9287,-3.416,-2.0215,-0.3184
128062,-0.4546,-0.1926,0.9286,-3.418,-2.0195,-0.3164
128085,-0.4551,-0.1929,0.9307,-3.4199,-2.0176,-0.3164
128108,-0.4536,-0.1932,0.9309,-3.4238,-2.0117,-0.3164
128131,-0.4556,-0.193,0.9313,-3.4277,-2.0039,-0.3164
128154,-0.455,-0.1935,0.9298,-3.4316,-2.002,-0.3184
128177,-0.4562,-0.1924,0.9297,-3.4336,-2.0,-0.3184
128200,-0.458,-0.1924,0.9297,-3.4336,-1.998,-0.3184
128223,-0.4563,-0.1929,0.9296,-3.4316,-2.0,-0.3164
128246,-0.4546,-0.1924,0.9282,-3.4258,-2.0,-0.3145
128269,-0.4539,-0.1924,0.9303,-3.4238,-2.002,-0.3145
128292,-0.4552,-0.1929,0.9301,-3.418,-2.0059,-0.3105
128315,-0.4564,-0.193,0.9309,-3.416,-2.0078,-0.3086
128338,-0.454,-0.1921,0.9296,-3.416,-2.0117,-0.3047
128361,-0.4558,-0.1921,0.9304,-3.418,-2.0117,-0.2988
128384,-0.4541,-0.1926,0.9312,-3.4199,-2.0137,-0.2969
128407,-0.455,-0.1929,0.9296,-3.4238,-2.0137,-0.2949
128430,-0.4548,-0.1923,0.9298,-3.4258,-2.0156,-0.2949
128453,-0.455,-0.1927,0.929,-3.4277,-2.0176,-0.2949
128476,-0.4534,-0.1914,0.9275,-3.4316,-2.0176,-0.2969
128499,-0.4586,-0.1945,0.9353,-3.4336,-2.0176,-0.2988
128522,-0.4557,-0.1946,0.9299,-3.4355,-2.0156,-0.3066
128545,-0.4515,-0.1907,0.9275,-3.4355,-2.0137,-0.3125
128568,-0.4567,-0.1919,0.9293,-3.4355,-2.0098,-0.3223
128591,-0.4548,-0.1953,0.931,-3.4355,-2.0078,-0.3301
128614,-0.4567,-0.1918,0.9285,-3.4336,-2.0059,-0.3359
128637,-0.4553,-0.1918,0.9274,-3.4297,-2.0039,-0.3398
128660,-0.4531,-0.194,0.9283,-3.4277,-2.0039,-0.3398
128683,-0.4556,-0.1938,0.9301,-3.4238,-2.0,-0.3379
128706,-0.4564,-0.1919,0.9293,-3.4199,-1.998,-0.3379
128729,-0.4532,-0.192,0.9302,-3.4141,-1.9961,-0.3379
128752,-0.4537,-0.1938,0.9288,-3.4102,-1.9961,-0.3359
128775,-0.4569,-0.192,0.9294,-3.4102,-1.998,-0.334
128798,-0.4556,-0.1932,0.9296,-3.4121,-2.0039,-0.3262
128821,-0.4572,-0.1937,0.9288,-3.4141,-2.0078,-0.3203
128844,-0.4542,-0.1912,0.9287,-3.416,-2.0137,-0.3086
128867,-0.4543,-0.1914,0.9288,-3.418,-2.0176,-0.3008
128890,-0.4553,-0.1935,0.9296,-3.4219,-2.0195,-0.291
128913,-0.4536,-0.1932,0.9296,-3.4277,-2.0195,-0.2832
128936,-0.457,-0.1913,0.9296,-3.4297,-2.0195,-0.2812
128959,-0.4559,-0.1938,0.9288,-3.4297,-2.0176,-0.2812
128982,-0.4554,-0.1927,0.9292,-3.4277,-2.0176,-0.2832
129005,-0.4565,-0.1917,0.9286,-3.4238,-2.0176,-0.2871
129028,-0.4539,-0.193,0.9288,-3.418,-2.0137,-0.293
129051,-0.455,-0.1927,0.9292,-3.416,-2.0098,-0.2969
129074,-0.4557,-0.1921,0.9298,-3.4141,-2.0039,-0.3008
129097,-0.4531,-0.1917,0.9294,-3.4141,-2.0,-0.3047
129120,-0.455,-0.1934,0.929,-3.4141,-1.9961,-0.3066
129143,-0.4558,-0.1924,0.9288,-3.416,-1.9961,-0.3086
129166,-0.457,-0.1919,0.9318,-3.416,-1.998,-0.3086
129189,-0.452,-0.192,0.9338,-3.4141,-2.002,-0.3105
129212,-0.4504,-0.1941,0.9196,-3.4121,-2.0039,-0.3125
129235,-0.4611,-0.191,0.9351,-3.4062,-2.0059,-0.3184
129258,-0.4504,-0.1924,0.9327,-3.4043,-2.0059,-0.3242
129281,-0.4565,-0.1941,0.9287,-3.4043,-2.0039,-0.3262
129304,-0.4473,-0.1926,0.929,-3.4102,-1.9961,-0.3301
129327,-0.4572,-0.1902,0.9282,-3.4141,-1.9902,-0.332
129350,-0.4574,-0.1952,0.9337,-3.4258,-1.9824,-0.3359
129373,-0.4583,-0.193,0.9312,-3.4355,-1.9785,-0.3379
129396,-0.4493,-0.1906,0.9275,-3.4473,-1.9746,-0.3418
129419,-0.4572,-0.1931,0.9292,-3.4551,-1.9766,-0.3477
129442,-0.4546,-0.1946,0.9304,-3.457,-1.9805,-0.3496
129465,-0.4572,-0.1908,0.9276,-3.4531,-1.9902,-0.3516
129488,-0.4534,-0.1929,0.9285,-3.4473,-1.9961,-0.3516
129511,-0.4548,-0.1938,0.929,-3.4375,-2.0039,-0.3477
129534,-0.4546,-0.1927,0.9294,-3.4277,-2.0117,-0.3379
129557,-0.4551,-0.1913,0.9308,-3.4219,-2.0156,-0.3301
129580,-0.4539,-0.1934,0.9288,-3.416,-2.0195,-0.3203
129603,-0.4552,-0.1937,0.928,-3.416,-2.0215,-0.3145
129626,-0.4569,-0.1918,0.9272,-3.4199,-2.0215,-0.3066
129649,-0.4512,-0.1921,0.9259,-3.4219,-2.0176,-0.3027
129672,-0.459,-0.1952,0.9294,-3.4238,-2.0137,-0.3008
129695,-0.4669,-0.1932,0.9377,-3.4238,-2.0098,-0.2969
129718,-0.4512,-0.1903,0.9254,-3.4219,-2.0078,-0.291
129741,-0.451,-0.1936,0.9244,-3.416,-2.0059,-0.2812
129764,-0.4536,-0.1931,0.931,-3.4141,-2.0059,-0.2754
129787,-0.4585,-0.1909,0.9313,-3.4121,-2.0059,-0.2695
129810,-0.4568,-0.1946,0.9318,-3.4121,-2.0078,-0.2695
129833,-0.4503,-0.1925,0.9252,-3.416,-2.0098,-0.2734
129856,-0.4495,-0.1902,0.9249,-3.4219,-2.0117,-0.2852
129879,-0.4579,-0.1938,0.9325,-3.4297,-2.0137,-0.2949
129902,-0.4575,-0.1934,0.9312,-3.4395,-2.0156,-0.3086
129925,-0.4547,-0.1923,0.9263,-3.4492,-2.0156,-0.3203
129948,-0.4539,-0.1924,0.9286,-3.4531,-2.0156,-0.3242
129971,-0.4554,-0.1947,0.9302,-3.457,-2.0137,-0.3242
129994,-0.457,-0.193,0.9302,-3.4551,-2.0117,-0.3242
130017,-0.4551,-0.1917,0.9294,-3.4492,-2.0117,-0.3203
130040,-0.4552,-0.1936,0.9285,-3.4414,-2.0098,-0.3203
130063,-0.4564,-0.194,0.9302,-3.4277,-2.0098,-0.3203
130086,-0.4545,-0.191,0.9285,-3.4141,-2.0098,-0.3203
130109,-0.452,-0.1925,0.9279,-3.4062,-2.0117,-0.3184
130132,-0.4557,-0.1935,0.9299,-3.3984,-2.0156,-0.3164
130155,-0.4556,-0.1924,0.9319,-3.3945,-2.0176,-0.3145
130178,-0.4552,-0.1918,0.9283,-3.3926,-2.0176,-0.3125
130201,-0.4536,-0.1934,0.9286,-3.3945,-2.0156,-0.3125
130224,-0.4545,-0.1917,0.9286,-3.3984,-2.0137,-0.3125
130247,-0.4547,-0.1919,0.9305,-3.4062,-2.0059,-0.3145
130270,-0.4568,-0.1937,0.9302,-3.4121,-2.002,-0.3164
130293,-0.4542,-0.1926,0.9271,-3.4199,-1.9941,-0.3164
130316,-0.4531,-0.1925,0.9298,-3.4258,-1.9883,-0.3164
130339,-0.4573,-0.1926,0.9294,-3.4297,-1.9844,-0.3164
130362,-0.4565,-0.1934,0.931,-3.4355,-1.9805,-0.3125
130385,-0.455,-0.1924,0.9298,-3.4395,-1.9785,-0.3105
130408,-0.4541,-0.1925,0.9293,-3.4434,-1.9805,-0.3086
130431,-0.4552,-0.1937,0.9287,-3.4434,-1.9844,-0.3105
130454,-0.4557,-0.193,0.9303,-3.4434,-1.9883,-0.3125
130477,-0.4572,-0.1923,0.9301,-3.4395,-1.9961,-0.3164
130500,-0.453,-0.1932,0.9288,-3.4336,-2.0,-0.3184
130523,-0.4546,-0.1926,0.9276,-3.4258,-2.0059,-0.3262
130546,-0.4548,-0.192,0.9298,-3.4199,-2.0078,-0.332
130569,-0.4541,-0.1924,0.9296,-3.4141,-2.0117,-0.3379
130592,-0.4562,-0.1937,0.9276,-3.4102,-2.0156,-0.3418
130615,-0.4556,-0.1921,0.9281,-3.4102,-2.0156,-0.3398
130638,-0.455,-0.1925,0.9296,-3.4141,-2.0156,-0.334
130661,-0.453,-0.193,0.9308,-3.416,-2.0137,-0.3281
130684,-0.4547,-0.1924,0.9299,-3.418,-2.0059,-0.3164
130707,-0.4562,-0.1923,0.929,-3.4199,-1.998,-0.3047
130730,-0.4536,-0.1937,0.9268,-3.4199,-1.9902,-0.2988
130753,-0.4563,-0.1927,0.9275,-3.4199,-1.9766,-0.291
130776,-0.4546,-0.1924,0.9298,-3.4199,-1.9688,-0.2891
130799,-0.4541,-0.1925,0.9286,-3.4219,-1.959,-0.2891
130822,-0.454,-0.1935,0.9281,-3.4238,-1.959,-0.293
130845,-0.4553,-0.1919,0.9299,-3.4258,-1.9629,-0.2969
130868,-0.454,-0.1929,0.928,-3.4277,-1.9746,-0.3027
130891,-0.4562,-0.1934,0.9264,-3.4297,-1.9844,-0.3066
130914,-0.4542,-0.1931,0.9272,-3.4297,-1.998,-0.3125
130937,-0.4558,-0.1929,0.9279,-3.4297,-2.0078,-0.3164
130960,-0.4554,-0.1937,0.9258,-3.4297,-2.0156,-0.3184
130983,-0.4529,-0.1938,0.9288,-3.4316,-2.0176,-0.3203
131006,-0.4225,-0.2581,0.9492,-3.4336,-1.9961,-0.3281
131029,-0.3475,-0.4147,0.9768,-3.3965,-1.8613,-0.4434
131052,-0.5157,-0.0527,0.9073,-3.1328,-1.7012,-0.9746
131075,-0.5551,-0.1097,0.8708,-1.6836,-1.3848,-3.7148
131098,-0.4926,-0.3473,0.8881,1.2891,-0.7559,-9.2324
131121,-0.4432,-0.02,0.8154,3.7402,0.4785,-13.8203
131144,-0.5339,0.0513,0.5366,7.3711,5.5684,-20.8242
131167,-1.3452,-0.0469,0.8651,9.8027,12.1836,-25.4258
131190,-1.2074,-0.4099,0.4366,14.0664,27.4785,-32.002
131213,-0.8984,-0.1453,0.46,18.5195,46.877,-35.457
131236,-0.6902,-0.084,0.6012,21.1855,58.4395,-34.0781
131259,-0.8218,-0.0117,0.8043,25.2637,63.998,-25.6367
131282,-0.5846,0.3236,0.6936,28.666,63.998,-16.6465
131305,-0.7606,0.2236,0.9073,35.1523,45.7559,-0.0918
131328,-0.7617,0.4816,0.8191,39.6992,26.2129,18.8574
131351,-0.7844,0.2321,1.088,44.6074,-8.7969,32.6504
131374,-1.0447,0.1274,1.0543,44.8828,-44.5293,54.1465
131397,-1.2808,0.1045,0.9374,41.7129,-64.0,63.998
131420,-1.2252,0.2676,1.1525,32.0117,-64.0,63.998
131443,-0.6068,0.2694,1.2889,23.3379,-64.0,63.998
131466,-0.3798,0.0679,1.3339,9.9375,-64.0,63.998
131489,-0.4408,0.0126,1.4178,-0.8008,-64.0,63.998
131512,-0.4222,-0.1174,1.3003,-5.3672,-64.0,61.3125
131535,-0.2489,-0.1261,1.1793,-8.4004,-64.0,25.0488
131558,-0.1711,-0.2356,0.9161,-8.9316,-64.0,-0.541
131581,-0.1659,-0.373,0.6255,-10.4492,-48.6211,-34.5176
131604,-0.197,-0.3762,0.4565,-16.3633,-26.5156,-56.8223
131627,-0.1884,-0.3538,0.3513,-23.8008,-14.4277,-63.1367
131650,-0.1975,-0.2019,0.3943,-39.6211,-1.1895,-59.457
131673,-0.2115,-0.1475,0.3938,-51.9727,4.2891,-49.2148
131696,-0.204,-0.0607,0.3096,-64.0,7.3047,-25.1016
131719,-0.3845,0.0297,0.3425,-64.0,4.3086,5.6445
131742,-0.4564,-0.05,0.4279,-64.0,-0.7832,27.7617
131765,-0.4938,0.0963,0.5907,-64.0,-10.7051,60.4355
131788,-0.4624,0.2439,0.7355,-64.0,-18.0352,63.998
131811,-0.468,0.3567,0.7939,-64.0,-28.3281,63.998
131834,-0.4851,0.4767,0.7994,-64.0,-33.5195,63.998
131857,-0.5481,0.4771,0.9113,-53.707,-37.0605,63.998
131880,-0.5529,0.4442,1.0576,-27.418,-34.7344,63.998
131903,-0.5397,0.4833,1.0795,-9.3594,-30.2852,63.998
131926,-0.5096,0.4718,1.0685,15.6016,-20.8281,63.998
131949,-0.3617,0.3129,1.0101,28.8945,-13.8184,63.998
131972,-0.2898,0.2451,0.7894,40.5469,-4.5527,63.998
131995,-0.4242,0.1472,0.6234,39.6563,0.9414,63.998
132018,-0.3607,0.1979,0.6294,32.1777,2.0918,63.998
132041,-0.1447,0.2185,0.656,14.0605,0.6465,63.998
132064,-0.1389,0.2858,0.7146,0.5918,-1.9141,63.998
132087,-0.1255,0.262,0.9246,-15.8848,-7.0293,45.1055
132110,-0.4559,0.5254,1.0393,-21.8848,-10.7383,18.0957
132133,-0.3683,0.364,0.9241,-22.2676,-10.0977,2.0195
132156,-0.7048,0.1539,0.9354,-14.8789,-2.4668,-15.0742
132179,-0.6212,0.2499,1.0386,-8.334,6.2227,-20.5156
132202,-0.5649,0.2921,1.1178,-0.498,20.8945,-21.3203
132225,-0.4413,0.2328,1.069,1.4316,29.2734,-19.3926
132248,-0.451,0.2103,0.9874,-2.0527,35.9961,-17.0879
132271,-0.3763,0.2034,1.0267,-11.8496,33.5625,-18.1895
132294,-0.2542,0.1052,1.0321,-19.8945,27.4863,-20.8809
132317,-0.2242,0.0361,1.0555,-30.3066,14.6055,-26.6074
132340,-0.2454,0.062,1.118,-34.0898,5.4043,-30.7109
132363,-0.3014,0.0043,0.9661,-32.916,-6.168,-36.4492
132386,-0.3436,-0.0602,0.8077,-23.4629,-12.1016,-41.7695
132409,-0.3895,0.0046,0.76,-13.6797,-11.9941,-45.5313
132432,-0.433,-0.0479,0.6215,3.3418,-5.6934,-52.2676
132455,-0.6212,0.0337,0.6193,14.4004,2.0371,-57.6523
132478,-0.7053,0.1071,0.7484,28.375,17.6465,-64.0
132501,-0.7568,0.0275,0.7493,38.5664,36.1992,-64.0
132524,-0.8779,0.077,0.6624,43.1777,48.8359,-64.0
132547,-0.9166,0.0803,0.6355,46.8516,63.998,-64.0
132570,-1.1486,0.2302,0.6794,46.916,63.998,-64.0
132593,-1.0314,0.1205,0.7253,43.3574,63.998,-64.0
132616,-0.8907,-0.0117,0.5997,39.0215,63.998,-64.0
132639,-0.7667,-0.0881,0.3889,30.8008,63.998,-53.5313
132662,-0.4496,-0.0875,0.4036,21.0547,63.998,-29.7246
132685,-0.4772,0.2506,0.3763,14.0547,61.9336,-10.7461
132708,-0.4177,0.3793,0.6028,5.3848,48.0703,19.416
132731,-0.5485,0.5361,0.4111,2.9863,40.3926,38.7637
132754,-1.4181,0.7777,0.6802,7.0957,34.8027,63.998
132777,-0.7382,0.7218,0.3431,20.8086,37.1582,63.998
132800,-0.2875,0.7811,0.2605,33.8711,40.6035,63.998
132823,-0.2133,1.1959,0.2933,55.8379,43.1289,63.998
132846,-0.558,1.4589,0.223,63.998,41.3145,63.998
132869,-0.5319,1.4747,0.302,63.998,33.4238,63.998
132892,-0.4166,1.3218,0.2919,63.998,21.2969,63.998
132915,-0.4098,1.1951,0.0806,63.998,11.9043,63.998
132938,-0.4771,1.0741,0.123,63.998,-2.9375,63.998
132961,-0.4005,0.8073,0.1925,63.998,-12.6152,63.998
132984,-0.2157,0.6841,0.1598,63.998,-25.4492,63.998
133007,-0.2173,0.527,0.1633,63.998,-32.002,63.998
133030,-0.2271,0.3555,0.1667,63.998,-37.7324,63.998
133053,-0.1643,0.1724,0.1842,63.998,-38.5625,63.998
133076,-0.2095,0.0303,0.2775,63.998,-37.1191,63.998
133099,-0.3425,-0.1469,0.3226,63.998,-33.4941,63.998
133122,-0.2789,-0.2145,0.3672,63.998,-30.7969,63.998
133145,-0.3098,-0.0188,0.5991,63.998,-27.25,63.998
133168,-0.5482,0.1969,0.7322,60.4238,-24.9297,56.2031
133191,-0.5924,0.3141,0.6031,48.8203,-24.0273,50.0586
133214,-0.4663,0.4508,0.5046,28.668,-23.293,41.3711
133237,-0.265,0.5112,0.5122,13.4551,-23.0527,35.8145
133260,-0.2283,0.632,0.4094,-11.6855,-22.7188,26.9766
133283,-0.512,0.7574,0.4281,-38.1934,-21.959,16.9121
133306,-0.506,0.7411,0.4542,-55.1777,-21.1211,9.7402
133329,-0.2976,0.6633,0.2998,-64.0,-20.0332,-1.166
133352,-0.2743,0.7487,0.2227,-64.0,-20.3105,-8.4844
133375,-0.3662,0.9005,0.2164,-64.0,-23.6094,-19.4121
133398,-0.417,0.8807,0.3427,-64.0,-28.0488,-29.8027
133421,-0.4996,1.002,0.2736,-64.0,-37.6719,-35.2207
133444,-0.6143,1.1954,0.4115,-64.0,-49.5176,-41.8086
133467,-0.5122,1.2317,0.5675,-64.0,-58.0215,-44.9336
133490,-0.0231,1.1143,0.4874,-47.8418,-64.0,-48.5332
133513,-0.0116,0.7805,0.5472,-32.1973,-64.0,-50.8203
133536,-0.2512,0.8597,0.666,-12.1211,-64.0,-54.0039
133559,-0.4281,0.9565,1.0027,1.2598,-64.0,-54.8887
133582,-0.1331,0.8873,0.8099,6.3066,-64.0,-53.1035
133605,-0.1111,0.6388,0.4813,8.502,-64.0,-46.7012
133628,-0.2158,0.4705,0.3622,6.5176,-64.0,-40.4707
133651,-0.4106,0.5913,0.3274,-0.623,-64.0,-29.2539
133674,-0.3563,0.5811,0.3674,-9.3164,-64.0,-17.043
133697,-0.1484,0.6249,0.3937,-13.2617,-64.0,-9.2988
133720,-0.1198,0.7524,0.3845,-12.5566,-57.459,-0.207
133743,-0.1898,0.7933,0.3612,-6.3848,-42.2129,3.2422
133766,-0.2322,0.8147,0.2683,11.3184,-18.0098,4.1367
133789,-0.3335,0.8452,0.2002,27.3203,-0.7793,1.2578
133812,-0.3861,0.7953,0.1335,53.5117,26.4902,-1.4063
133835,-0.2418,0.9132,0.1213,63.998,53.9375,-4.3828
133858,-0.2462,0.9524,0.1925,63.998,63.998,-4.8262
133881,-0.2053,0.8202,0.0952,63.998,63.998,-2.7793
133904,-0.1537,0.7896,0.0442,63.998,63.998,0.0898
133927,-0.1582,0.8113,-0.0957,63.998,63.998,5.7012
133950,-0.2291,0.8596,-0.0217,63.998,63.998,12.0254
133973,-0.0892,0.8759,0.1407,63.998,63.998,16.3496
133996,-0.0782,0.9027,0.1403,54.2852,63.998,22.5293
134019,-0.3937,0.8916,0.095,43.5273,63.998,26.2715
134042,-0.2578,0.8569,0.1804,28.2676,63.998,31.1992
134065,-0.199,0.7971,0.1047,14.1406,63.998,34.6406
134088,-0.226,0.8055,0.1279,5.3262,63.998,35.5449
134111,-0.1838,0.8257,0.1385,-6.9121,51.6523,34.2832
134134,-0.2416,0.8926,0.2111,-14.2168,41.7695,31.748
134157,-0.1882,0.8872,0.1766,-23.3438,27.8008,26.1152
134180,-0.1781,0.9347,0.2336,-27.9121,15.5762,19.5313
134203,-0.2023,0.9188,0.1666,-32.1367,8.8027,15.2656
134226,-0.2446,0.8573,0.1053,-33.1602,1.248,9.7363
134249,-0.1436,0.8054,0.1583,-32.2715,-1.9277,6.7891
134272,-0.1233,0.7493,0.2794,-28.9785,-4.1641,3.3555
134295,-0.1633,0.6622,0.2236,-25.7207,-4.2754,1.5918
134318,-0.1885,0.6091,0.1239,-19.9688,-2.8281,-0.2402
134341,-0.2156,0.6122,0.1729,-14.3691,0.2402,-0.6641
134364,-0.1776,0.7023,0.2042,-11.2773,3.0391,0.1719
134387,-0.1555,0.7174,0.024,-8.1152,8.0508,3.4551
134410,-0.3549,0.9653,0.1261,-7.1328,11.668,6.9961
134433,-0.0997,1.0482,0.1749,-7.0625,16.8848,13.8457
134456,-0.0845,0.8907,0.0758,-7.9355,20.9355,21.0059
134479,-0.0864,0.8529,0.2183,-8.7617,22.4961,24.877
134502,-0.145,0.7712,0.1978,-10.0254,22.6855,28.1719
134525,-0.1326,0.7686,0.2057,-10.6797,21.334,28.4551
134548,-0.1249,0.7772,0.1945,-11.0996,17.4492,26.252
134571,-0.1316,0.8097,0.2126,-10.9277,12.1699,21.75
134594,-0.1222,0.7617,0.2057,-10.0723,8.4531,18.0703
134617,-0.1364,0.7644,0.1959,-8.8711,3.3574,12.4121
134640,-0.1268,0.7996,0.2615,-8.0898,0.584,8.9473
134663,-0.1478,0.8307,0.1514,-7.0312,-2.3242,4.5898
134686,-0.1084,0.8877,0.1908,-6.4082,-3.3301,2.3027
134709,-0.075,0.873,0.1163,-5.6367,-3.4746,-0.2969
134732,-0.1389,0.8622,0.1868,-5.2344,-2.4687,-2.0332
134755,-0.1428,0.8296,0.1997,-5.207,-1.5918,-2.6816
134778,-0.1404,0.7897,0.1725,-5.3008,-0.4609,-2.7812
134801,-0.1252,0.7821,0.158,-5.2051,0.0527,-2.2324
134824,-0.0914,0.7449,0.1967,-4.4746,0.3965,-0.5
134847,-0.0972,0.8149,0.1707,-2.9727,0.1973,2.2441
134870,-0.0919,0.9565,0.106,-1.7188,-0.1172,4.5586
134893,-0.0397,0.8221,0.1702,0.0332,-0.5684,8.5195
134916,-0.0616,0.8384,0.1295,0.832,-0.7871,11.2266
134939,-0.0734,0.8336,0.144,1.2207,-0.8945,14.8125
134962,-0.0469,0.8268,0.1603,0.5898,-0.6133,17.1797
134985,-0.0416,0.8302,0.1455,-0.3945,-0.2637,17.8262
135008,-0.0443,0.8439,0.095,-2.7969,0.2012,17.2148
135031,-0.0509,0.8152,0.073,-5.1523,0.2871,15.75
135054,-0.0345,0.7832,0.0001,-10.3398,-0.1445,12.082
135077,-0.0176,0.7812,0.2249,-15.4238,-1.0078,8.7871
135100,-0.0286,0.6978,0.491,-26.416,-3.9863,2.8457
135123,-0.0558,0.5978,0.7141,-41.7793,-9.8535,-3.9648
135146,-0.1034,0.7052,0.7358,-54.0313,-15.2891,-8.7539
135169,-0.2009,0.7935,0.5859,-64.0,-24.5527,-15.7949
135192,-0.1862,0.7946,0.5717,-64.0,-30.3848,-20.1074
135215,-0.2101,0.7634,0.4595,-64.0,-36.5684,-25.6934
135238,-0.2777,0.755,0.377,-64.0,-37.5215,-29.9395
135261,-0.2166,0.7635,0.3583,-64.0,-34.6211,-31.8418
135284,-0.2014,0.7863,0.3143,-64.0,-25.5371,-32.9492
135307,-0.1906,0.7744,0.2615,-64.0,-17.3145,-32.3496
135330,-0.157,0.8145,0.2723,-37.3672,-3.8906,-29.3945
135353,-0.1542,0.7861,0.1272,-12.2227,8.3105,-24.459
135376,-0.2911,0.9768,0.3923,0.1738,14.582,-20.6328
135399,-0.2303,1.1295,0.741,9.2285,19.623,-15.3887
135422,-0.014,0.9655,0.587,8.1348,19.0137,-13.1602
135445,-0.1324,0.7347,0.5184,-3.9453,10.5645,-13.248
135468,-0.0811,0.5604,0.5272,-17.8555,-0.291,-18.4961
135491,-0.1462,0.5852,0.8469,-44.4102,-23.1035,-23.6699
135514,-0.1879,0.6006,0.9684,-64.0,-50.207,-33.7188
135537,-0.1659,0.5145,1.0768,-64.0,-64.0,-40.3828
135560,-0.1693,0.4487,1.1333,-64.0,-64.0,-48.6348
135583,-0.093,0.2947,1.1536,-64.0,-64.0,-52.4199
135606,-0.0837,0.1643,1.2157,-64.0,-64.0,-55.2344
135629,-0.1228,-0.0168,1.1995,-64.0,-64.0,-54.8164
135652,-0.0258,-0.2385,1.1066,-64.0,-64.0,-52.9844
135675,0.0867,-0.3047,1.1632,-64.0,-64.0,-48.4629
135698,0.1183,-0.2521,1.1953,-64.0,-64.0,-44.7129
135721,0.1038,-0.2925,1.2233,-64.0,-64.0,-38.6406
135744,0.2028,-0.4177,1.1088,-64.0,-64.0,-32.293
135767,0.2339,-0.4526,0.9377,-64.0,-64.0,-27.8262
135790,0.1293,-0.3381,0.9851,-64.0,-56.7695,-20.416
135813,0.1104,-0.2489,1.1055,-64.0,-50.5859,-14.7246
135836,0.1174,-0.2751,0.9158,-64.0,-40.9961,-4.7187
135859,-0.0317,-0.4097,0.7162,-64.0,-34.1465,7.0215
135882,-0.027,-0.3281,0.8257,-64.0,-22.8965,15.5215
135905,0.0447,-0.3033,0.9857,-64.0,-10.6406,28.2793
135928,0.1021,-0.3793,0.8641,-61.1289,-2.4668,35.9863
135951,0.058,-0.4033,0.785,-55.5059,8.4687,45.1836
135974,0.0055,-0.3564,0.8199,-52.0078,14.2559,49.457
135997,0.0115,-0.2919,0.9573,-46.627,20.2383,53.2988
136020,0.053,-0.271,0.9045,-40.3867,23.0801,54.7813
136043,-0.0029,-0.2935,0.8789,-35.6738,23.4277,54.9355
136066,0.0293,-0.3196,0.8622,-28.293,22.0508,54.6895
136089,0.041,-0.1906,0.8804,-23.5801,20.0566,54.627
136112,0.024,-0.132,0.9875,-17.2168,15.709,55.2129
136135,-0.0227,-0.0956,0.9788,-11.6055,10.2949,56.9395
136158,-0.0294,-0.1074,0.9901,-8.1914,6.5039,58.7656
136181,-0.0807,-0.1155,1.0044,-3.6113,1.2637,62.2598
136204,-0.1322,-0.1034,1.0278,-0.9883,-1.5273,63.998
136227,-0.1212,-0.1322,1.0497,2.2148,-4.1875,63.998
136250,-0.0601,-0.193,0.9814,3.8242,-4.8594,63.998
136273,-0.1085,-0.1703,0.9331,5.3184,-4.3496,63.998
136296,-0.2793,-0.0588,0.9883,5.6172,-2.4531,63.998
136319,-0.0913,-0.0845,0.996,5.2539,-0.707,62.5078
136342,-0.0853,-0.1028,1.0145,4.168,2.0664,54.6074
136365,-0.1477,-0.1199,0.976,3.1816,3.6543,48.0703
136388,-0.144,-0.0854,0.9098,1.1738,5.1719,37.2969
136411,-0.0613,-0.079,0.9159,-1.791,5.3711,26.7227
136434,-0.0261,-0.2321,0.8176,-4.293,4.7227,20.3496
136457,-0.057,-0.3995,1.1301,-8.0859,2.5566,12.248
136480,-0.0334,-0.3385,1.0566,-9.8398,0.0977,7.9941
136503,0.0676,-0.2292,1.0551,-10.3418,-5.9141,3.5508
136526,0.0876,0.0417,0.9757,-8.293,-14.8125,1.2969
136549,0.0374,0.1826,1.1357,-5.9062,-21.6504,0.7363
136572,-0.0812,0.0629,1.0837,-1.5449,-31.4551,0.5879
136595,0.0795,-0.1798,0.8804,1.248,-36.627,0.3652
136618,0.2804,-0.3705,0.8149,3.8203,-41.0,-1.5332
136641,0.425,-0.2651,0.9493,3.9434,-40.4922,-7.1738
136664,0.423,-0.1874,0.9875,1.9746,-37.1953,-13.6211
136687,0.0431,-0.4203,0.7913,-1.541,-27.8125,-26.6211
136710,-0.0402,-0.4985,0.6185,-4.373,-18.7754,-36.4004
136733,-0.0229,-0.452,0.5802,-8.7734,-1.5117,-51.0488
136756,-0.1438,-0.4022,0.5186,-10.9551,12.0977,-60.4121
136779,-0.28,-0.3871,0.5005,-10.748,34.8262,-64.0
136802,-0.4834,-0.4678,0.5267,-3.5645,58.8223,-64.0
136825,-0.5175,-0.3616,0.8535,5.8711,63.998,-64.0
136848,-0.3199,-0.2191,1.0137,26.3555,63.998,-64.0
136871,-0.2667,-0.1595,0.9449,43.0527,63.998,-64.0
136894,-0.3967,-0.1382,0.6831,63.998,63.998,-64.0
136917,-0.4736,0.2198,0.9916,63.998,63.998,-64.0
136940,-0.4075,0.5776,1.7506,63.998,63.998,-64.0
136963,-0.3704,0.1809,1.1442,63.998,63.998,-64.0
136986,-0.6053,-0.0532,0.6443,63.998,63.998,-64.0
137009,-0.7495,0.0076,0.8201,63.998,63.998,-64.0
137032,-0.6561,0.3192,1.4659,63.998,55.0059,-64.0
137055,-0.6593,0.2756,1.3221,63.998,45.2559,-64.0
137078,-0.7209,0.2029,1.0425,63.998,31.8223,-64.0
137101,-0.7377,0.1859,0.9955,63.998,23.5527,-64.0
137124,-0.7629,0.2488,1.0856,54.8672,12.0684,-64.0
137147,-0.7633,0.2666,1.0978,43.1973,5.1621,-60.5391
137170,-0.6877,0.2268,1.0616,29.1953,-3.6914,-43.416
137193,-0.6122,0.132,0.9569,19.4922,-10.3945,-28.4531
137216,-0.5791,0.0574,0.9004,14.8926,-13.5625,-20.3555
137239,-0.5566,0.0604,0.9243,9.8086,-16.252,-11.5977
137262,-0.5487,0.0494,0.9044,7.2812,-16.6328,-8.0469
137285,-0.5369,0.0286,0.8376,4.5293,-15.1699,-5.6973
137308,-0.498,0.0195,0.814,2.8711,-11.6406,-5.9746
137331,-0.485,0.0575,0.8711,2.3359,-8.4707,-7.043
137354,-0.494,0.0841,0.8986,2.4043,-3.1113,-9.1367
137377,-0.4937,0.0631,0.8586,2.9512,0.4961,-10.4238
137400,-0.4708,0.0562,0.856,4.0937,5.3984,-11.6406
137423,-0.4474,0.1008,0.9026,5.0254,9.2246,-11.7539
137446,-0.4998,0.1127,0.9115,5.3281,11.0352,-11.2773
137469,-0.4631,0.0758,0.8348,5.1543,12.6074,-10.0215
137492,-0.4431,0.0759,0.824,4.5352,12.9355,-9.0293
137515,-0.4684,0.0966,0.8556,2.875,12.502,-7.6582
137538,-0.4894,0.1221,0.8707,1.4551,11.7266,-6.9609
137561,-0.5057,0.1066,0.8351,-0.7246,10.0645,-6.3477
137584,-0.5339,0.0818,0.7914,-2.6289,8.0332,-6.248
137607,-0.5461,0.0853,0.8257,-3.6621,6.5781,-6.418
137630,-0.5292,0.1044,0.8552,-4.7109,4.3516,-6.9316
137653,-0.5334,0.0819,0.8628,-4.9668,2.875,-7.3828
137676,-0.5413,0.0577,0.8459,-4.5918,0.7344,-8.0762
137699,-0.571,0.0358,0.8391,-3.4199,-1.1641,-8.5547
137722,-0.5845,0.0187,0.8188,-2.3223,-2.1699,-8.6191
137745,-0.5604,0.0125,0.8129,-0.3848,-3.1055,-8.2129
137768,-0.5438,0.0273,0.8367,1.0391,-3.2812,-7.5996
137791,-0.5504,0.0399,0.8296,3.3379,-2.8437,-6.207
137814,-0.582,0.0334,0.8342,5.75,-1.6113,-4.2207
137837,-0.5769,0.0406,0.8522,7.291,-0.4219,-2.5078
137860,-0.5459,0.0713,0.8658,9.2246,1.7129,0.6875
137883,-0.5404,0.1008,0.8998,10.127,3.209,3.2051
137906,-0.5192,0.135,0.9464,10.8359,5.3145,7.4062
137929,-0.5199,0.182,0.9153,10.9414,6.5371,11.875
137952,-0.5392,0.2694,0.8461,10.7363,8.0879,14.8672
137975,-0.5995,0.4196,0.8778,10.4082,9.5391,19.2422
137998,-0.6821,0.6418,1.0231,10.4102,10.7051,22.0547
138021,-0.7489,0.5173,0.6732,11.0371,13.1797,26.1777
138044,-0.7446,0.4208,0.5537,11.6152,15.4473,28.9102
138067,-0.6971,0.5807,0.6573,12.2637,19.6875,32.9004
138090,-0.7267,0.7748,0.9771,13.7578,24.6641,36.4844
138113,-0.7235,0.855,1.0065,16.5078,28.2969,38.582
138136,-0.6832,0.6725,0.6462,24.0566,34.1094,41.5078
138159,-0.7987,0.6654,0.4463,30.3555,38.0391,43.5938
138182,-0.8038,0.6781,0.4468,38.4883,43.3652,47.4961
138205,-0.6183,0.8088,0.7487,41.875,46.5508,52.5781
138228,-0.4774,0.7009,0.7164,40.7148,46.5215,56.2813
138251,-0.3461,0.4735,0.4824,33.4961,42.1816,61.4199
138274,-0.3674,0.3911,0.3972,24.9629,36.1699,63.998
138297,-0.5128,0.4111,0.4606,7.5996,23.1465,63.998
138320,-0.4753,0.3837,0.7213,-5.4062,7.2773,63.998
138343,-0.2301,0.2963,0.8665,-23.2676,-3.3906,63.998
138366,-0.1023,0.08,0.6381,-35.543,-18.4043,63.998
138389,-0.2667,-0.1036,0.6736,-39.9336,-27.0215,63.998
138412,-0.3481,-0.1472,0.9093,-41.5098,-37.0039,63.998
138435,-0.4348,-0.4064,0.9231,-40.0645,-41.2324,63.998
138458,-0.3608,-0.757,0.7406,-36.373,-43.5254,63.998
138481,-0.0654,-0.7227,0.7429,-33.9258,-41.377,54.418
138504,0.048,-0.3544,0.7535,-33.9922,-37.9922,45.1152
138527,-0.1351,0.0082,0.6865,-36.1445,-30.4902,29.084
138550,-0.3936,0.2517,0.6757,-37.9648,-23.8398,18.1543
138573,-0.4772,0.3861,0.6855,-39.5605,-11.0098,3.7637
138596,-0.3513,0.396,0.6417,-38.8691,5.3477,-6.5391
138619,-0.2146,0.3513,0.3918,-37.4746,17.6152,-11.2344
138642,-0.2422,0.3806,0.4539,-35.541,36.0684,-16.3008
138665,-0.3425,0.2706,0.3783,-35.209,47.2168,-19.0957
138688,-0.5167,0.1447,0.3083,-36.9004,60.8105,-22.8926
138711,-0.6566,-0.0269,0.3536,-39.3887,63.998,-25.7266
138734,-0.6692,0.0789,0.8008,-43.7676,63.998,-26.6465
138757,-0.6591,0.0895,1.0443,-45.7539,63.998,-26.168
138780,-0.6628,-0.0033,0.9211,-44.1738,63.998,-24.4688
138803,-0.7383,0.1292,0.7988,-37.1563,60.7969,-19.4629
138826,-0.834,0.4154,0.8777,-30.1992,52.6582,-14.0918
138849,-0.8298,0.4703,0.9187,-17.9668,37.4297,-2.3555
138872,-0.6504,0.5861,0.9374,-4.8477,19.584,13.6719
138895,-0.5437,0.7241,1.0587,4.0098,6.6621,26.0156
138918,-0.2893,0.7821,0.8566,17.0605,-13.2148,45.2305
138941,-0.3828,0.8547,0.8395,25.1641,-25.8418,57.4805
138964,-0.5533,0.8793,0.9996,35.5488,-41.752,63.998
138987,-0.5338,0.8013,1.0447,43.2129,-51.4961,63.998
139010,-0.3535,0.7356,0.8202,46.5195,-53.6914,63.998
139033,-0.2903,0.6372,0.6357,47.8828,-50.584,63.998
139056,-0.3643,0.5612,0.6486,45.8633,-44.877,63.998
139079,-0.3551,0.4894,0.6676,38.3711,-32.5723,63.998
139102,-0.2804,0.5421,0.8258,26.9063,-18.3652,63.998
139125,-0.261,0.5287,0.8047,18.2813,-9.2871,61.2012
139148,-0.3361,0.4569,0.7208,5.4902,2.2207,39.1563
139171,-0.3617,0.4116,0.7439,-2.4004,8.1973,24.0566
139194,-0.4121,0.2905,0.6879,-12.8496,15.584,2.7363
139217,-0.5695,0.2932,0.6656,-18.7676,20.7695,-9.8398
139240,-0.7579,0.2595,0.6641,-25.623,31.0645,-25.6855
139263,-0.678,0.1383,0.484,-28.8594,45.3125,-37.4316
139286,-0.5461,0.3295,0.5278,-28.2168,56.2539,-42.4883
139309,-0.726,0.4294,0.6439,-21.9668,63.998,-44.8105
139332,-0.787,0.507,0.5376,-13.9473,63.998,-42.1621
139355,-0.7168,0.6217,0.438,3.1836,63.998,-31.4551
139378,-0.7277,0.6793,0.3477,23.8594,63.998,-14.1309
139401,-0.5221,0.6523,0.3668,37.5957,63.998,-0.6973
139424,-0.502,0.709,0.5012,54.9902,51.9395,18.7109
139447,-0.6262,0.7728,0.4874,63.0449,33.793,29.127
139470,-0.4694,0.557,0.3009,63.998,1.1035,38.2109
139493,-0.3055,0.4235,0.2145,63.998,-34.8457,37.5117
139516,-0.2765,0.5587,0.2994,57.252,-58.5117,31.5059
139539,-0.3566,0.6304,0.5454,41.873,-64.0,15.875
139562,-0.3934,0.6989,0.7285,31.125,-64.0,2.7988
139585,-0.3024,0.7129,0.8214,18.4746,-64.0,-17.4316
139608,-0.0382,0.5934,0.6268,13.793,-64.0,-35.1973
139631,0.0479,0.5327,0.6772,12.375,-64.0,-44.3672
139654,-0.1012,0.58,0.7261,15.7187,-64.0,-53.1719
139677,-0.2134,0.5994,0.7382,19.4922,-64.0,-55.1973
139700,-0.3042,0.6069,0.7426,26.4629,-64.0,-51.9766
139723,-0.4335,0.5813,0.6313,31.6602,-64.0,-45.8633
139746,-0.348,0.6112,0.6033,39.8164,-64.0,-32.2227
139769,-0.1976,0.6199,0.5394,47.8672,-61.0137,-16.4141
139792,-0.1842,0.6385,0.4691,52.9121,-41.6133,-6.7324
139815,-0.2576,0.6543,0.4624,59.6504,-14.6875,4.1055
139838,-0.3173,0.6729,0.4386,63.4844,0.8691,8.2422
139861,-0.3169,0.6847,0.373,63.998,20.0723,9.9844
139884,-0.317,0.7343,0.3695,63.998,34.7969,7.6133
139907,-0.3441,0.7644,0.3704,63.998,42.5566,4.7012
139930,-0.3551,0.7786,0.3347,63.998,51.5664,-0.0859
139953,-0.3263,0.7717,0.3203,63.998,55.9531,-2.7402
139976,-0.322,0.7407,0.2683,63.998,60.1113,-4.9297
139999,-0.2971,0.7229,0.1847,63.998,61.2246,-4.4102
140022,-0.3445,0.7266,0.1949,63.998,60.4316,-2.5176
140045,-0.3473,0.7679,0.3235,54.0918,56.8926,2.375
140068,-0.2661,0.8275,0.371,45.8145,53.1621,6.6953
140091,-0.287,0.8312,0.3667,33.1855,45.8652,13.9961
140114,-0.2555,0.8297,0.4095,25.332,40.3281,18.8809
140137,-0.2485,0.7906,0.3337,15.1133,32.373,25.3516
140160,-0.2588,0.7719,0.2684,7.0156,26.9492,29.9922
140183,-0.3174,0.7291,0.2335,2.75,26.0195,31.8438
140206,-0.2961,0.7466,0.2219,-1.9707,30.168,32.8066
140229,-0.2524,0.7384,0.1395,-3.9297,36.7402,32.4492
140252,-0.3362,0.7327,0.0208,-4.998,50.877,30.9648
140275,-0.2743,0.7167,0.168,-3.9062,63.998,29.0918
140298,-0.1733,0.7238,0.0897,-2.0996,63.998,27.9688
140321,-0.2224,0.7566,0.0923,1.6758,63.998,26.8184
140344,-0.1971,0.7681,0.1987,4.4492,63.998,26.5605
140367,-0.1255,0.8549,0.2684,8.3984,63.998,26.9727
140390,-0.1461,0.849,0.2551,10.6465,63.998,28.0176
140413,-0.2152,0.7791,0.1001,12.8984,63.1719,28.8145
140436,-0.1294,0.7625,0.0814,13.0566,47.707,29.7949
140459,-0.1215,0.8389,0.1577,11.8867,38.1465,30.0879
140482,-0.1835,0.8522,0.1936,8.8496,26.541,29.7285
140505,-0.1964,0.8417,0.1125,6.5293,21.1211,28.9375
140528,-0.1796,0.8005,0.0813,3.3047,16.4707,27.0195
140551,-0.1053,0.792,0.092,0.8066,15.0605,24.3379
140574,-0.1622,0.7858,0.1462,-0.3027,15.125,22.2012
140597,-0.1881,0.7366,0.118,-0.9883,15.5527,18.7676
140620,-0.1572,0.7913,0.21,-0.8066,15.5312,16.5625
140643,-0.1071,0.8706,0.2471,0.2559,14.4648,13.7109
140666,-0.1523,0.9199,0.1932,1.8066,12.0371,11.5527
140689,-0.071,1.0603,0.17,2.6758,9.9141,10.459
140712,-0.1682,1.0344,-0.1003,2.9023,6.6406,9.0957
140735,-0.1918,1.0348,0.0425,1.9219,4.7539,8.2109
140758,-0.2347,0.9497,0.1277,-1.1914,2.5195,6.5996
140781,-0.1951,0.8904,0.2744,-3.8008,0.7715,4.0684
140804,-0.1615,0.7617,0.1907,-7.2012,-0.2129,1.4824
140827,-0.2292,0.6509,0.2451,-8.9648,-1.3906,-4.0527
140850,-0.2355,0.6016,0.2684,-9.1152,-1.8965,-8.6797
140873,-0.1862,0.5295,0.2279,-8.2344,-2.0703,-16.1816
140896,-0.1388,0.5,0.0781,-7.4336,-1.7383,-20.8633
140919,-0.1783,0.5735,0.0522,-6.8926,-0.502,-26.043
140942,-0.2306,0.6537,0.0692,-7.5937,1.6934,-27.4551
140965,-0.1757,0.7341,-0.0065,-8.5156,3.6562,-25.709
140988,-0.1653,0.8612,0.1257,-9.8398,6.9473,-18.9766
141011,-0.0815,0.9301,0.0854,-10.2402,9.0254,-12.1797
141034,-0.2216,0.9839,0.1254,-9.6699,11.4922,0.0723
141057,-0.1093,1.1226,0.2717,-7.6387,12.9336,12.6875
141080,-0.0869,0.9805,0.1604,-5.6543,13.2461,20.0742
141103,-0.1604,0.8511,0.0795,-2.4902,12.5977,28.0703
141126,-0.1337,0.9218,0.1555,-0.8242,11.3867,30.8262
141149,-0.1627,0.8677,0.1777,0.4043,8.3281,30.8828
141172,-0.1099,0.8813,0.2297,0.3105,3.8086,26.584
141195,-0.1781,0.8225,0.1653,-1.0059,0.168,21.8613
141218,-0.2175,0.7415,0.1477,-3.4004,-5.7031,13.1211
141241,-0.168,0.7179,0.1692,-5.3535,-9.4844,6.8613
141264,-0.1364,0.7219,0.2012,-8.2852,-14.293,-2.1738
141287,-0.1472,0.7124,0.1589,-9.9023,-16.6406,-7.4473
141310,-0.1877,0.7332,0.1733,-11.4492,-18.543,-13.4004
141333,-0.1678,0.7172,0.1627,-11.8828,-18.2168,-16.209
141356,-0.1416,0.7059,0.1047,-11.7031,-16.6602,-16.1289
141379,-0.1532,0.7976,0.1964,-11.1074,-12.3887,-13.2305
141402,-0.2314,0.951,0.1742,-10.6738,-8.3965,-9.7383
141425,-0.1786,0.9774,0.2032,-10.1836,-1.1699,-3.0117
141448,-0.099,0.8459,0.1174,-10.1172,6.4121,3.9824
141471,-0.1426,0.8104,0.1652,-10.4434,10.7578,7.8926
141494,-0.1278,0.788,0.2375,-11.4395,14.998,11.7246
141517,-0.186,0.7687,0.2109,-12.2344,16.0234,12.7578
141540,-0.1403,0.8021,0.2068,-13.1836,15.2754,12.2539
141563,-0.1274,0.8412,0.1849,-13.4277,12.793,9.9668
141586,-0.1455,0.8378,0.2097,-13.0371,10.7129,7.9238
141609,-0.1439,0.8265,0.1575,-11.4941,7.6523,4.7773
141632,-0.1569,0.8153,0.1523,-9.8359,5.9668,2.9531
141655,-0.1456,0.821,0.1786,-6.5742,4.2187,0.9844
141678,-0.1262,0.7814,0.1893,-4.0586,3.4844,0.2773
141701,-0.12,0.802,0.1897,-0.1055,2.6309,0.1074
141724,-0.1544,0.8113,0.1688,3.7578,1.752,0.7891
141747,-0.1418,0.8025,0.1324,6.1934,1.1777,1.5371
141770,-0.1285,0.8212,0.1223,9.5937,0.5215,2.8418
141793,-0.1138,0.832,0.1327,11.6953,0.2832,3.7187
141816,-0.118,0.8226,0.0951,14.5977,0.2266,4.9473
141839,-0.0989,0.8127,0.0712,17.1055,0.5176,5.9863
141862,-0.1202,0.8113,0.0582,18.4512,0.9004,6.5293
141885,-0.0955,0.7926,0.0663,19.7988,1.7109,7.0527
141908,-0.0455,0.7474,0.0464,20.1816,2.2969,7.1895
141931,-0.0789,0.7761,0.0917,20.0195,2.9902,7.1191
141954,-0.01,0.587,-0.0332,19.2207,3.3867,6.9336
141977,-0.2942,0.8849,0.292,18.5,3.5254,6.9629
142000,-0.0217,1.4293,-0.0658,17.2871,3.5684,7.6699
142023,-0.1449,0.7107,-0.0692,16.2109,3.5332,8.5664
142046,-0.0634,0.884,0.0461,13.4941,3.3086,9.832
142069,-0.134,0.8545,0.0099,10.6191,2.6328,9.9199
142092,-0.0667,0.9199,0.1549,4.5977,0.1113,8.918
142115,-0.1252,0.8296,0.0704,-3.0625,-4.3125,5.6562
142138,-0.1047,0.9601,0.1666,-8.6953,-7.9785,2.4219
142161,-0.1548,0.9513,0.183,-17.1035,-13.7539,-3.543
142184,-0.2291,0.869,0.1543,-22.1758,-17.3164,-7.8809
142207,-0.1967,0.8002,0.1423,-28.375,-21.5508,-14.2676
142230,-0.1416,0.7856,0.2367,-32.4512,-24.1445,-19.9941
142253,-0.1744,0.7679,0.2601,-33.8223,-25.0371,-23.2891
142276,-0.2397,0.7671,0.2521,-33.9395,-25.4004,-27.2168
142299,-0.2913,0.7747,0.2988,-33.0352,-25.127,-28.9961
142322,-0.2242,0.7618,0.3663,-30.9844,-24.0703,-30.3555
142345,-0.2051,0.7126,0.3284,-29.168,-22.3457,-30.5547
142368,-0.2489,0.6274,0.2649,-28.6992,-20.8809,-30.3613
142391,-0.2299,0.6096,0.2655,-29.6738,-18.1777,-29.873
142414,-0.2269,0.6279,0.2207,-31.3535,-15.9434,-29.4277
142437,-0.3058,0.6653,0.1486,-34.5176,-11.7344,-28.3008
142460,-0.2546,0.7247,0.2098,-36.2617,-6.8301,-26.0352
142483,-0.1478,0.7803,0.316,-36.9121,-2.8711,-23.6348
142506,-0.1763,0.8469,0.3668,-34.0742,1.5527,-18.6563
142529,-0.3898,0.8871,0.2399,-30.2617,2.8887,-14.4648
142552,-0.3578,0.7876,0.175,-22.9902,0.4824,-6.877
142575,-0.094,0.7415,0.2496,-18.209,-5.0879,-1.1172
142598,-0.0969,0.8379,0.1476,-12.5508,-19.8984,7.7852
142621,-0.0221,0.8896,0.2633,-9.1191,-41.1523,15.9844
142644,0.0472,0.8232,0.3232,-7.6055,-57.4629,20.5156
142667,0.0585,0.7601,0.236,-5.3184,-64.0,24.9961
142690,0.1714,0.7954,0.2825,-3.3047,-64.0,26.1133
142713,-0.009,0.8539,0.3344,1.0098,-64.0,25.0254
142736,-0.069,0.7174,0.2374,7.3535,-64.0,21.3223
142759,0.0278,0.7129,0.1605,12.5918,-64.0,17.9434
142782,0.0558,0.8083,0.228,21.334,-64.0,12.1895
142805,0.0144,0.9188,0.3101,27.4824,-64.0,8.1875
142828,-0.0563,0.8441,0.2556,36.7324,-64.0,2.4238
142851,0.1012,0.8499,0.1696,42.3379,-64.0,-2.4609
142874,0.0421,0.7544,0.1248,48.3555,-64.0,-5.0
142897,-0.0023,0.7821,0.1262,49.8398,-43.2246,-7.3867
142920,-0.0492,0.8302,0.2189,47.9609,-30.5273,-7.793
142943,0.0525,0.8413,0.1903,41.4844,-14.957,-6.4902
142966,0.0322,0.8937,0.1099,35.4961,-7.3066,-4.5645
142989,-0.0247,0.9961,0.1685,25.3984,-0.0332,-0.8359
143012,0.0143,0.8142,0.1353,15.4531,2.9238,2.8965
143035,0.0367,0.8368,0.1838,9.5391,3.041,4.9004
143058,0.0223,0.8116,0.1584,2.3691,1.3555,6.6582
143081,0.0245,0.7927,0.152,-1.0859,-0.4199,6.8633
143104,0.0005,0.7473,0.1522,-4.2734,-3.1289,5.7969
143127,0.0341,0.7347,0.1594,-5.4512,-5.0527,3.5059
143150,0.0785,1.0137,0.1567,-5.4629,-5.6504,1.625
143173,0.0084,0.8674,0.0887,-4.9004,-5.4668,-1.2363
143196,-0.0271,0.8224,0.1514,-4.4687,-4.6797,-2.9844
143219,0.016,0.8304,0.1283,-4.1738,-2.6172,-5.2441
143242,0.0258,0.8267,0.1322,-4.8926,0.3418,-6.998
143265,-0.035,0.8328,0.1097,-5.5723,2.7852,-7.8691
143288,-0.1144,0.8394,0.097,-8.0625,7.2852,-8.7812
143311,-0.1578,0.8381,0.0704,-10.7266,10.8965,-9.1289
143334,-0.1649,0.7479,-0.0052,-17.0391,17.3828,-8.998
143357,-0.1014,0.7362,0.0619,-23.4102,22.5273,-8.084
143380,0.0515,0.7679,0.2135,-36.8047,30.8574,-4.5488
143403,0.1154,0.8169,0.4872,-54.3008,37.6191,2.4375
143426,0.092,0.7865,0.8286,-64.0,39.7109,8.9961
143449,0.1466,0.6525,0.8461,-64.0,37.5156,20.4785
143472,0.2172,0.521,0.964,-64.0,32.0332,27.9902
143495,0.3204,0.4467,1.0254,-64.0,18.0547,36.6621
143518,0.2816,0.3973,1.0463,-64.0,-0.7793,40.082
143541,0.0884,0.2791,0.884,-64.0,-14.0859,39.0684
143564,0.0282,0.2729,0.9487,-64.0,-31.7656,33.4512
143587,0.0787,0.2983,0.9863,-64.0,-40.3926,27.8477
143610,0.115,0.3436,1.0316,-64.0,-47.1211,18.0938
143633,0.1018,0.3094,1.0132,-64.0,-46.4492,8.1172
143656,0.0973,0.3131,1.0145,-64.0,-42.6094,1.9805
143679,0.0935,0.2981,0.9846,-64.0,-33.4746,-5.6738
143702,0.0963,0.3107,1.0366,-64.0,-26.1895,-9.4141
143725,0.0804,0.3217,1.0408,-64.0,-15.0527,-12.7031
143748,0.092,0.3234,1.1034,-64.0,-8.1992,-13.3613
143771,0.1273,0.3486,1.1781,-58.9238,0.4551,-12.3652
143794,0.105,0.26,1.0165,-49.1934,6.7715,-9.6074
143817,0.0548,0.2562,1.0953,-44.4746,9.7129,-7.1191
143840,0.0745,0.282,1.1595,-39.9434,12.6699,-2.8516
143863,0.1289,0.2552,1.11,-38.2598,13.9727,0.1133
143886,0.1041,0.2258,1.093,-37.0527,15.2949,4.4238
143909,0.0813,0.2274,1.0844,-36.8633,16.3066,8.4004
143932,0.0632,0.2151,1.0107,-37.1172,17.0586,10.8926
143955,0.0839,0.2203,1.0399,-38.0,18.5117,14.5176
143978,0.0598,0.2024,1.0057,-38.9375,19.6719,16.9063
144001,0.0261,0.1173,0.8684,-41.0352,21.3457,20.5137
144024,-0.0294,0.1154,0.9705,-44.2324,22.3418,24.2461
144047,-0.0026,0.1482,1.0912,-46.8906,22.3848,26.7813
144070,-0.0062,0.0598,0.9885,-51.1328,21.1504,30.4531
144093,-0.0044,-0.0342,0.9838,-53.8809,19.3105,32.623
144116,0.0376,-0.082,1.0112,-57.6211,15.1016,35.0059
144139,0.046,-0.1367,0.9745,-59.6758,11.4824,35.7676
144162,0.0421,-0.1492,0.9603,-61.7227,5.3164,35.1387
144185,0.0436,-0.1847,0.9122,-62.0996,-0.8418,32.4453
144208,0.0393,-0.1945,0.9106,-61.2598,-4.4102,29.6523
144231,0.0397,-0.21,0.9211,-58.25,-8.2793,24.4902
144254,0.0864,-0.2026,0.9437,-55.0801,-9.6426,20.7559
144277,0.1332,-0.1215,0.9517,-48.7422,-9.8594,15.293
144300,0.0933,-0.1283,0.9286,-40.9453,-8.2383,10.6211
144323,0.0833,-0.1583,0.8822,-35.334,-6.2969,8.293
144346,0.0408,-0.1454,0.8372,-27.1094,-2.2129,6.4824
144369,-0.0034,-0.1577,0.8694,-22.2051,1.2266,6.623
144392,-0.0081,-0.1284,0.8564,-16.2246,7.3008,9.002
144415,-0.0737,-0.1255,0.8829,-12.0898,13.9961,13.7148
144438,-0.0476,-0.1715,0.8634,-10.3105,18.4121,17.7969
144461,0.0388,-0.1461,0.8047,-8.9004,24.2695,24.5938
144484,0.0205,-0.0892,0.9327,-8.623,27.2207,29.1797
144507,0.0718,-0.0776,0.9526,-8.6875,29.582,35.7363
144530,0.054,-0.0319,0.9615,-8.7187,29.0449,41.7539
144553,0.0397,-0.0033,1.0353,-8.3281,27.0742,45.4824
144576,-0.0204,0.0066,1.0494,-7.1406,22.3027,50.6895
144599,-0.022,-0.0096,1.0708,-5.9238,18.3906,53.875
144622,-0.1394,0.0959,1.1205,-3.7539,12.3652,58.0059
144645,-0.1846,0.0647,1.0664,-2.3418,8.7598,60.0918
144668,-0.0575,-0.0105,1.0867,-0.7715,4.7539,61.5664
144691,-0.0795,0.0093,1.0902,-0.248,2.8477,60.1602
144714,-0.1173,0.0183,1.0487,-0.4961,2.6973,57.4043
144737,-0.1603,-0.0376,1.0029,-1.5898,3.8652,50.9355
144760,-0.0532,-0.0311,0.9904,-2.6602,5.332,45.5547
144783,-0.0214,0.0796,1.1964,-4.3926,8.043,36.7617
144806,-0.1292,-0.0454,0.8789,-5.582,10.7988,28.0859
144829,-0.1156,-0.1404,0.9425,-5.7324,12.5625,22.8359
144852,-0.0663,-0.0707,1.0389,-4.2969,14.668,16.2031
144875,-0.098,-0.0122,1.0435,-1.6855,15.2422,12.6562
144898,-0.1292,0.0311,1.0591,5.3027,14.4258,8.3945
144921,-0.1271,0.025,1.1169,11.9258,11.6855,4.9844
144944,-0.0889,-0.0233,1.02,24.0117,9.0469,2.9082
144967,-0.0801,-0.0026,0.9824,37.1328,4.625,-0.3926
144990,-0.1561,0.0714,0.998,45.4668,1.9355,-2.875
145013,-0.0852,0.1588,0.9537,55.9746,-0.918,-6.8887
145036,-0.176,0.2301,0.9025,60.998,-1.8027,-9.5059
145059,-0.1583,0.2664,0.9303,63.998,-1.627,-12.7812
145082,-0.1324,0.2875,0.9274,63.998,-0.4648,-14.6934
145105,-0.0419,0.2963,0.8995,61.6855,0.0391,-15.0684
145128,-0.0819,0.2416,0.9717,55.6328,-0.834,-14.4414
145151,-0.0256,0.2205,0.9581,50.7402,-2.8047,-13.4414
145174,-0.0142,0.2517,0.9901,43.0645,-7.5332,-11.4883
145197,-0.1732,0.2122,0.9825,35.6719,-13.168,-9.5625
145220,-0.2187,0.2483,0.8367,30.9785,-16.4805,-8.6367
145243,0.1022,0.3568,0.7565,24.0039,-19.7793,-8.4707
145266,0.0239,0.3992,0.8054,19.2734,-20.7969,-9.668
145289,-0.0939,0.4006,0.8051,12.2246,-20.8828,-13.832
145312,-0.1523,0.3876,0.767,5.7441,-19.6816,-20.334
145335,-0.1477,0.2577,0.7159,1.4863,-18.4473,-25.459
145358,-0.0232,0.229,0.7889,-4.1426,-16.4727,-33.8555
145381,0.0074,0.2424,1.0161,-7.252,-15.4434,-39.8535
145404,0.0129,0.1311,1.0171,-10.0957,-15.0059,-49.1484
145427,-0.0188,0.0006,0.8715,-10.3848,-15.8086,-55.0859
145450,-0.0066,-0.0602,0.8483,-8.2129,-18.9473,-62.5684
145473,0.0142,-0.0376,0.6903,-2.998,-24.2695,-64.0
145496,-0.0714,-0.156,0.605,1.9141,-28.8203,-64.0
145519,-0.1302,-0.2401,0.6027,10.4824,-36.5488,-64.0
145542,-0.0581,-0.3582,0.6298,16.1367,-41.9141,-62.3418
145565,0.022,-0.3741,0.5999,22.7715,-49.8789,-53.8711
145588,0.0973,-0.2972,0.7578,25.3809,-57.3789,-43.2637
145611,0.166,-0.2352,0.9014,24.4922,-61.7969,-35.8496
145634,0.1713,-0.1761,1.01,19.7813,-64.0,-25.2871
145657,0.1801,-0.1099,1.0372,15.0078,-64.0,-18.9844
145680,0.0736,0.0624,1.0685,6.4316,-64.0,-10.7187
145703,-0.0245,0.1392,1.2006,-2.6543,-64.0,-3.4687
145726,-0.0831,0.1752,1.2678,-8.2676,-63.3184,1.0273
145749,0.1074,0.2495,1.2349,-14.8984,-49.7285,7.2187
145772,0.1986,0.4657,1.4601,-17.5293,-37.5781,10.7148
145795,0.1854,0.6194,1.6011,-18.0859,-16.3203,14.6016
145818,0.1049,0.5619,1.3661,-16.4121,-1.252,16.8203
145841,0.0292,0.4348,1.1116,-13.0293,20.6348,18.1992
145864,-0.0272,0.2952,1.0159,-12.5781,39.4805,20.1387
145887,0.0127,0.298,1.0015,-15.4473,49.4844,21.6914
145910,0.0896,0.3334,1.0752,-24.0195,59.8574,23.9258
145933,0.1133,0.3322,1.1509,-30.8789,63.4648,24.7422
145956,0.123,0.2648,1.2223,-39.1816,63.9844,23.9316
145979,0.2008,0.1383,1.2289,-41.8887,59.2813,20.1895
146002,0.2373,0.1777,1.2825,-39.8652,53.834,16.3008
146025,0.1136,0.3074,1.0376,-31.2676,43.3789,9.5332
146048,-0.0359,0.4178,1.025,-22.3008,35.7617,5.3437
146071,-0.0858,0.3977,1.1266,-5.3555,25.1465,0.9941
146094,-0.1136,0.2775,0.9962,12.9062,17.2285,-0.2695
146117,-0.1724,0.1525,0.9353,23.498,13.9687,0.377
146140,-0.1818,0.0621,0.9208,33.3691,12.2031,2.4141
146163,-0.1136,0.0461,0.9507,34.5645,12.7441,3.6445
146186,-0.1208,0.0968,1.079,28.3145,14.8965,4.0488
146209,-0.1631,0.1647,1.1139,20.2598,16.4707,1.9785
146232,-0.1738,0.2097,1.0957,6.3418,18.1094,-0.7109
146255,-0.1537,0.2241,1.083,-5.0645,18.4219,-6.1113
146278,-0.1289,0.228,1.0383,-9.5,17.9395,-10.2012
146301,-0.1656,0.1675,0.9319,-10.8496,16.6348,-16.3848
146324,-0.1627,0.1035,0.8451,-9.0117,15.6992,-20.1602
146347,-0.137,0.0978,0.792,-4.5762,14.6035,-24.8262
146370,-0.1594,0.1171,0.8325,-0.8281,14.0312,-28.1328
146393,-0.2198,0.1534,0.8849,0.418,13.8535,-29.6563
146416,-0.2634,0.1781,0.905,0.168,13.5703,-31.0957
146439,-0.2869,0.1707,0.9185,-1.2285,13.166,-31.5996
146462,-0.2787,0.1244,0.9541,-4.7305,11.9473,-31.9004
146485,-0.2386,0.1072,0.9622,-9.3965,9.7832,-31.9785
146508,-0.2125,0.1187,0.9502,-12.8496,7.8066,-32.0508
146531,-0.2112,0.136,1.0139,-17.9648,4.2168,-32.1504
146554,-0.2277,0.1254,1.0599,-20.8906,1.5742,-31.9688
146577,-0.3058,0.1589,0.9825,-23.6309,-2.377,-30.6211
146600,-0.4684,0.2153,0.9915,-23.8496,-5.1016,-27.2949
146623,-0.506,0.0408,0.9489,-21.4551,-6.4902,-24.0117
146646,-0.1891,-0.1057,0.933,-16.8418,-6.5254,-18.6328
146669,0.049,-0.0675,0.9744,-13.5957,-6.2402,-15.9687
146692,0.0835,0.0367,0.9901,-9.6777,-6.7812,-15.3418
146715,-0.1112,0.1112,1.02,-7.8691,-8.1719,-17.502
146738,-0.3436,0.1152,1.007,-5.9648,-11.293,-23.2813
146761,-0.3699,0.1294,0.9896,-4.498,-14.2539,-28.9941
146784,-0.2333,0.166,1.0168,-3.7187,-15.5312,-31.1914
146807,-0.1467,0.1522,1.0297,-3.041,-16.1465,-31.0371
146830,-0.1014,0.1226,1.009,-3.0508,-15.791,-28.7715
146853,-0.1036,0.1083,1.0425,-3.9238,-14.5098,-23.0293
146876,-0.1274,0.1005,1.0531,-5.8613,-12.8437,-15.7324
146899,-0.1384,0.0739,1.0646,-7.6484,-11.7129,-10.6113
146922,-0.1401,0.0505,1.0154,-10.8418,-10.0527,-3.3242
146945,-0.1749,0.0201,0.9797,-13.1953,-8.9199,0.875
146968,-0.1735,-0.0121,0.9579,-16.8535,-7.0566,5.6465
146991,-0.1661,-0.0193,0.9614,-19.2031,-4.9961,8.1641
147014,-0.1837,0.0311,0.9951,-22.1348,-3.6172,8.5312
147037,-0.2186,0.0093,1.0463,-23.7285,-1.791,7.3887
147060,-0.2216,-0.009,1.016,-23.8008,-0.8809,5.8184
147083,-0.2179,-0.0153,0.9977,-22.4746,-0.1406,2.8984
147106,-0.2214,-0.017,1.0291,-20.873,-0.0742,0.9258
147129,-0.2194,-0.0354,1.0422,-17.9863,-0.5137,-1.6055
147152,-0.2253,-0.0669,1.0564,-15.2949,-1.4219,-3.2832
147175,-0.2152,-0.0916,1.0533,-14.0117,-2.2051,-3.8555
147198,-0.1667,-0.0892,1.0428,-13.3184,-3.6895,-3.957
147221,-0.1622,-0.0786,0.991,-13.8066,-4.9707,-3.6211
147244,-0.1353,-0.0369,1.021,-15.832,-7.3457,-2.7598
147267,-0.0814,0.0039,1.04,-18.7852,-9.9062,-1.8477
147290,-0.0846,0.0164,1.0349,-20.8047,-11.3848,-1.3984
147313,-0.1185,0.0149,1.0203,-23.3418,-12.6875,-1.0508
147336,-0.1893,-0.0114,1.0011,-24.5508,-12.6602,-0.9473
147359,-0.23,-0.0392,0.979,-25.6445,-11.0508,-0.6816
147382,-0.222,-0.0728,0.9564,-26.4746,-7.7129,-0.0469
147405,-0.2057,-0.0931,0.9778,-25.9395,-4.8125,0.541
147428,-0.1744,-0.0879,1.04,-25.043,-0.1133,1.3438
147451,-0.1561,-0.0902,1.0767,-23.7344,2.8281,1.5859
147474,-0.1595,-0.1144,1.0547,-20.5352,6.3555,1.2051
147497,-0.1604,-0.1049,1.0214,-17.7324,7.8945,0.4297
147520,-0.201,-0.0914,1.0042,-13.1328,8.8828,-1.2773
147543,-0.2299,-0.0895,1.0078,-8.8809,8.4883,-3.0898
147566,-0.2225,-0.0835,1.0217,-6.6035,7.6641,-4.0508
147589,-0.1973,-0.0978,0.9789,-4.3359,5.8984,-4.8574
147612,-0.1976,-0.1012,0.9998,-3.6543,4.5156,-4.9473
147635,-0.1969,-0.0956,1.0061,-3.7422,2.3418,-4.5371
147658,-0.1995,-0.0983,1.0386,-4.7012,0.2363,-3.709
147681,-0.1869,-0.1069,1.0488,-5.5273,-1.0625,-3.0684
147704,-0.175,-0.1097,1.0483,-6.7031,-2.8379,-2.1582
147727,-0.1853,-0.1136,1.0435,-7.334,-3.8965,-1.6504
147750,-0.1837,-0.1144,1.0371,-7.998,-5.2324,-1.0645
147773,-0.1615,-0.1201,1.0215,-8.3926,-6.1152,-0.6797
147796,-0.1606,-0.1182,1.0104,-8.5684,-6.3652,-0.5254
147819,-0.184,-0.1146,1.0133,-8.7695,-6.1465,-0.3926
147842,-0.1998,-0.1283,1.0302,-8.8633,-5.5781,-0.3047
147865,-0.1761,-0.1345,1.0232,-8.9102,-4.1875,-0.0527
147888,-0.1797,-0.1371,1.0023,-8.8809,-3.0371,0.2422
147911,-0.2095,-0.1245,1.0247,-8.7461,-1.2402,0.9199
147934,-0.1946,-0.1099,1.0192,-8.4746,0.377,1.9258
147957,-0.1946,-0.0997,0.9995,-8.2031,1.2324,2.7715
147980,-0.2218,-0.0895,1.0027,-7.709,2.0742,4.2285
148003,-0.2361,-0.0782,1.0056,-7.3672,2.3262,5.2598
148026,-0.2307,-0.0767,1.0085,-6.8965,2.2695,6.7539
148049,-0.2148,-0.0807,1.0106,-6.5039,1.7422,7.9375
148072,-0.1908,-0.0937,1.0073,-6.291,1.1582,8.3809
148095,-0.168,-0.1025,1.0165,-6.0488,-0.0332,8.2969
148118,-0.1547,-0.1001,1.033,-5.9238,-0.9941,7.6562
148141,-0.1639,-0.1051,1.0554,-5.7246,-2.5488,5.8203
148164,-0.171,-0.1041,1.0723,-5.4121,-4.0137,3.1309
148187,-0.173,-0.1146,1.0361,-5.1191,-4.8203,1.043
148210,-0.2087,-0.1331,1.0264,-4.6387,-5.6191,-2.2031
148233,-0.208,-0.1422,1.0154,-4.373,-5.7969,-4.248
148256,-0.2344,-0.1582,0.9919,-4.1836,-5.4609,-6.8711
148279,-0.2927,-0.1689,0.9552,-4.2148,-4.8398,-8.7793
148302,-0.2487,-0.1559,0.9843,-4.4043,-3.4219,-9.6562
148325,-0.21,-0.173,0.9629,-4.4766,-1.8281,-10.6289
148348,-0.1808,-0.1464,0.881,-4.2969,-0.9805,-11.2773
148371,-0.2059,-0.1444,1.0095,-3.5078,-0.416,-12.5684
148394,0.0515,-0.1167,0.9476,-2.5586,-0.6016,-13.7012
148417,-0.1545,-0.1639,1.0675,-0.541,-1.8008,-15.6719
148440,-0.4475,-0.1835,1.0497,1.8828,-3.7852,-17.3555
148463,-0.2452,-0.1208,1.0302,3.4687,-5.0098,-17.9453
148486,-0.0699,-0.0721,1.0731,5.3242,-6.7031,-18.1309
148509,0.0428,-0.1217,1.188,5.9727,-8.2773,-18.2188
148532,0.0431,-0.1941,1.0231,5.7344,-12.2266,-19.0195
148555,0.0381,-0.1642,1.0275,3.7617,-18.2285,-20.7383
148578,-0.0004,-0.1044,1.156,1.6563,-22.8242,-21.9961
148601,-0.031,-0.0659,1.1455,-1.9199,-29.1719,-22.9355
148624,-0.093,-0.1128,1.0961,-4.2305,-32.2363,-22.2324
148647,-0.1462,-0.1299,0.9794,-7.6387,-34.1582,-18.2715
148670,-0.1157,-0.1136,1.068,-10.1895,-32.5234,-10.4902
148693,-0.0641,-0.0742,1.1727,-14.7852,-30.1289,-3.5098
148716,-0.1001,-0.0771,1.1499,-20.0957,-24.8262,8.4883
148739,-0.1289,-0.1329,1.0796,-23.7949,-20.8223,16.7285
148762,-0.1287,-0.2365,0.9241,-29.2441,-14.7773,28.2422
148785,-0.0669,-0.2361,0.9738,-32.4609,-11.0234,34.7441
148808,-0.1261,-0.1245,0.5762,-35.3281,-6.1777,41.8203
148831,-0.1597,0.069,0.9385,-33.3652,-2.1875,44.8438
148854,-0.1184,0.0103,1.366,-27.9473,0.1543,44.3613
148877,-0.0009,-0.0872,1.1687,-13.084,2.9219,39.9727
148900,0.0531,-0.261,0.9631,-0.0547,3.7539,34.8848
148923,0.0289,-0.2784,0.9559,19.6914,2.6836,24.8828
148946,-0.0292,-0.2395,1.0574,34.4473,-1.1895,13.5898
148969,-0.0333,-0.132,1.0031,39.7227,-4.8066,6.3652
148992,-0.0294,-0.0385,1.0544,40.2891,-10.5605,-2.6211
149015,-0.1151,-0.0275,1.066,36.457,-13.8652,-6.8145
149038,-0.1775,-0.1,1.0488,26.498,-16.998,-9.9707
149061,-0.1237,-0.151,1.0399,18.373,-17.3438,-9.6719
149084,-0.0989,-0.1499,0.9799,5.9004,-16.1289,-8.1387
149107,-0.0712,-0.1921,0.9753,-5.2695,-12.8867,-5.0664
149130,-0.057,-0.1493,0.996,-11.4199,-10.3652,-3.168
149153,-0.085,-0.1006,0.9755,-18.2109,-6.9492,-1.3281
149176,-0.0658,-0.0806,1.1266,-20.9648,-5.2656,-0.9922
149199,-0.0333,-0.0414,1.1914,-22.3203,-3.916,-1.8965
149222,-0.0396,-0.0859,1.0243,-20.7207,-4.0156,-4.3437
149245,-0.0559,-0.1804,1.0094,-18.6875,-4.8301,-6.6211
149268,0.0183,-0.2462,0.9944,-15.6699,-7.0078,-10.5234
149291,0.0385,-0.2133,0.9637,-14.4375,-8.9746,-13.1367
149314,-0.0187,-0.1727,1.0604,-14.3184,-12.3496,-16.5332
149337,-0.0168,-0.1456,1.1068,-15.8066,-15.5801,-18.7207
149360,0.0259,-0.1547,1.0756,-17.127,-17.2852,-19.3066
149383,0.021,-0.2008,1.0416,-18.8926,-18.8789,-18.832
149406,0.0247,-0.2634,1.0175,-19.6953,-19.293,-17.7324
149429,-0.0004,-0.2428,0.9564,-20.1152,-19.1289,-15.2852
149452,0.0027,-0.1816,1.0829,-19.2656,-18.4355,-12.418
149475,0.0876,-0.2415,1.0552,-18.0391,-17.8887,-10.6191
149498,0.076,-0.171,1.0635,-14.7383,-17.2285,-8.6172
149521,0.1128,-0.1033,1.0831,-11.8086,-17.0664,-7.9102
149544,0.1356,-0.0972,1.1265,-6.7344,-17.4492,-7.7227
149567,0.1462,-0.0928,1.0494,-3.1758,-18.0996,-7.9844
149590,0.1229,-0.1598,0.9402,1.8203,-19.2695,-8.4141
149613,0.0258,-0.1259,0.8971,5.5352,-19.8867,-8.1387
149636,-0.0236,-0.1899,1.2068,6.9355,-19.6016,-7.1797
149659,0.0337,-0.1931,1.0176,7.2559,-18.002,-4.3066
149682,0.0374,-0.1865,0.98,6.3125,-16.293,-1.5781
149705,0.0046,-0.1614,1.064,3.5762,-13.1172,3.0898
149728,0.0234,-0.1538,1.0179,0.2383,-9.6035,7.5469
149751,0.0607,-0.1477,1.0034,-1.7852,-7.2988,9.9687
149774,0.078,-0.1133,1.0437,-3.9668,-4.1738,12.2578
149797,0.0454,-0.1343,1.0725,-4.666,-2.3516,12.6953
149820,0.0308,-0.1755,1.0437,-4.5898,0.1133,11.6523
149843,0.0862,-0.1797,1.0261,-3.6699,2.3477,8.7617
149866,0.1222,-0.1605,1.0062,-2.957,3.6484,5.9746
149889,0.0737,-0.1786,1.0088,-2.1426,5.2148,0.8457
149912,0.0651,-0.1853,1.017,-1.8809,6.0215,-2.916
149935,0.1067,-0.1735,1.0399,-1.959,6.9062,-8.4883
149958,0.0973,-0.1727,1.0629,-2.3223,7.2461,-11.8301
149981,0.0593,-0.1803,1.0856,-3.3008,7.3086,-15.8203
150004,0.0358,-0.1895,1.0646,-4.7559,6.8105,-18.2031
150027,0.0334,-0.1805,1.0519,-5.9434,6.2246,-18.8086
150050,0.006,-0.1727,1.0327,-7.8574,5.166,-18.3203
150073,-0.0405,-0.1776,1.0361,-9.0527,4.5156,-17.1719
150096,-0.0508,-0.1871,1.0498,-10.4199,3.8887,-14.416
150119,-0.0203,-0.2056,1.0227,-11.084,3.7051,-10.748
150142,0.0187,-0.2006,1.0288,-11.1094,3.6914,-8.0723
150165,0.0189,-0.1935,1.042,-10.5098,3.5234,-4.2109
150188,0.0388,-0.1914,1.0376,-9.6602,3.1816,-1.9941
150211,0.0558,-0.1779,1.0386,-7.6621,2.2246,0.5078
150234,0.0681,-0.157,1.0352,-4.8105,0.8008,1.8633
150257,0.0759,-0.1459,1.0634,-2.5098,-0.2988,2.1621
150280,0.0861,-0.1461,1.0463,1.25,-1.9727,1.918
150303,0.1033,-0.1571,1.0256,3.6875,-3.0078,1.4473
150326,0.0917,-0.1586,1.0238,6.6934,-4.3164,0.5312
150349,0.0507,-0.1572,1.0304,7.998,-4.9707,-0.3594
150372,0.0487,-0.1456,1.0546,8.6699,-5.5742,-0.7969
150395,0.0531,-0.1487,1.0371,7.8613,-5.7051,-1.1055
150418,0.0376,-0.1571,1.0295,6.6582,-5.5449,-1.0918
150441,0.0128,-0.1654,1.0304,4.1855,-4.9629,-0.8086
150464,-0.0162,-0.1715,1.0431,2.2988,-4.3711,-0.4961
150487,0.0148,-0.1705,1.0679,-0.5605,-3.2441,0.0723
150510,0.0394,-0.1661,1.0433,-3.1016,-1.9863,0.582
150533,0.0297,-0.1648,1.0284,-4.4648,-1.1719,0.7812
150556,0.037,-0.1576,1.0443,-5.8555,-0.084,0.7754
150579,0.04,-0.1527,1.033,-6.2793,0.5176,0.5527
150602,0.0389,-0.1417,1.0524,-6.1309,1.2129,-0.0605
150625,0.0287,-0.1414,1.0479,-5.123,1.6504,-0.8652
150648,0.0283,-0.1432,1.0402,-4.1055,1.8008,-1.3945
150671,0.0369,-0.1543,1.0388,-2.3945,1.7969,-2.0176
150694,0.0352,-0.1549,1.0392,-1.3379,1.6133,-2.2559
150717,0.0256,-0.1586,1.0392,-0.125,1.0371,-2.3066
150740,0.0271,-0.1609,1.0394,0.3965,0.4746,-2.0195
150763,0.0405,-0.1544,1.0366,0.8457,-0.543,-1.7207
150786,0.0393,-0.1399,1.0365,1.1309,-1.6387,-1.3125
150809,0.0499,-0.1449,1.0483,1.3672,-2.3672,-1.1895
150832,0.0809,-0.141,1.0439,1.9336,-3.4258,-1.3887
150855,0.0942,-0.1139,1.0541,2.4922,-4.1035,-1.8359
150878,0.0559,-0.0878,1.0225,3.5879,-5.0352,-2.9297
150901,0.0006,-0.0842,1.0245,4.8047,-5.7441,-4.2168
150924,0.0056,-0.0999,1.0385,5.4844,-6.0176,-4.9219
150947,0.0295,-0.1339,1.0337,5.9453,-6.1152,-5.4297
150970,0.0411,-0.1276,1.0442,5.7109,-6.0156,-5.334
150993,0.0389,-0.1307,1.0751,4.4414,-5.7051,-4.584
151016,0.0322,-0.131,1.0253,2.2539,-5.2305,-3.2637
151039,0.0387,-0.1097,1.028,0.4805,-4.7812,-2.207
151062,0.0315,-0.1266,1.0662,-2.291,-3.7637,-0.666
151085,0.0176,-0.1591,1.053,-4.0215,-2.7695,0.1191
151108,0.0101,-0.181,1.0067,-6.2871,-0.7285,0.582
151131,0.0129,-0.1912,0.9999,-7.5957,1.7871,-0.084
151154,-0.0273,-0.1503,1.0344,-9.2891,3.5059,-1.2344
151177,-0.0609,-0.1261,1.0637,-10.4297,5.8125,-4.0469
151200,-0.0688,-0.1559,1.066,-10.707,6.998,-6.6113
151223,0.0446,-0.205,0.9819,-10.3027,7.9199,-11.3711
151246,0.132,-0.1296,0.9822,-9.4687,7.8457,-15.0801
151269,0.104,-0.031,1.0762,-7.1484,6.7637,-21.1152
151292,0.0286,0.0579,1.1029,-3.1504,4.8574,-26.6602
151315,-0.0184,0.0387,1.0685,0.5,3.4375,-29.3066
151338,-0.0189,0.0442,1.0714,7.0645,1.625,-30.8457
151361,0.0293,0.0732,1.2041,11.8418,0.8359,-30.1563
151384,0.0361,0.017,1.0795,19.2637,0.375,-27.0879
151407,0.0123,-0.022,0.9821,26.7949,0.6973,-22.8105
151430,0.0013,0.0037,1.1595,31.875,1.2227,-20.0117
151453,-0.0204,-0.0145,1.1796,39.8477,2.3223,-16.7988
151476,-0.0577,-0.0626,1.0751,45.4805,3.2246,-15.6777
151499,-0.0007,-0.0596,1.0347,54.0371,4.5488,-15.8223
151522,0.0338,0.0004,0.9968,61.9082,5.2402,-18.2012
151545,-0.0433,0.0156,1.0111,63.998,5.1113,-20.916
151568,-0.0223,-0.0095,0.9656,63.998,4.25,-26.2246
151591,0.0569,0.0686,0.894,63.998,3.5234,-30.1895
151614,0.0067,0.171,0.8523,63.998,2.6953,-35.9551
151637,-0.1213,0.208,0.9277,63.998,2.6797,-39.1094
151660,-0.0863,0.2485,0.9231,63.998,4.2305,-41.8496
151683,0.0251,0.3097,0.7643,63.998,8.0176,-41.5391
151706,-0.0779,0.395,0.7694,63.998,11.5449,-39.5938
151729,-0.3203,0.4537,0.8209,63.998,17.8105,-34.1914
151752,-0.2618,0.4805,0.8176,63.998,22.4336,-29.082
151775,-0.1401,0.58,0.7423,63.998,29.3535,-19.8906
151798,-0.182,0.6648,0.6682,63.998,34.6094,-10.3789
151821,-0.1853,0.6249,0.6051,63.998,36.2656,-4.7559
151844,-0.1671,0.6267,0.5823,63.998,35.4141,1.4453
151867,-0.1044,0.6691,0.5281,63.998,32.8223,3.6113
151890,-0.0657,0.7698,0.4619,63.998,26.9785,3.6484
151913,-0.1948,0.7596,0.4591,63.998,20.6777,0.4648
151936,-0.1693,0.7175,0.4462,63.998,17.291,-2.6172
151959,-0.2023,0.7393,0.4116,63.998,14.3145,-7.0586
151982,-0.2946,0.7264,0.3641,63.998,13.7598,-9.0605
152005,-0.2207,0.7269,0.337,63.998,14.7988,-9.8496
152028,-0.2078,0.7458,0.288,63.998,16.4727,-8.9805
152051,-0.2068,0.7618,0.4008,63.998,19.7109,-6.3633
152074,-0.0814,0.8118,0.4324,63.998,22.6504,-3.3223
152097,-0.0895,0.8199,0.3872,63.998,23.8887,-1.5996
152120,-0.1793,0.7462,0.2549,62.627,24.2969,0.2734
152143,-0.1542,0.7003,0.1454,59.8008,23.6855,1.25
152166,-0.241,0.7675,0.2571,54.3359,21.9414,2.8184
152189,-0.2299,0.8359,0.3951,47.7676,19.9766,4.8008
152212,-0.1156,0.8475,0.3652,43.5078,18.9082,6.1895
152235,-0.1466,0.8287,0.2479,38.1563,17.8574,7.7363
152258,-0.1746,0.8334,0.2904,35.3242,17.4199,8.1602
152281,-0.2104,0.8187,0.2584,31.7422,16.748,7.916
152304,-0.15,0.8079,0.2551,28.2891,15.5957,7.0059
152327,-0.2187,0.8121,0.2482,25.8027,14.4102,6.2383
152350,-0.1866,0.8214,0.2682,21.7539,11.9863,5.0742
152373,-0.1584,0.8035,0.264,18.9941,9.9727,4.3613
152396,-0.1636,0.8302,0.2643,15.1387,6.4102,3.4141
152419,-0.1808,0.8407,0.2328,12.9922,3.7207,2.832
152442,-0.1156,0.8124,0.2371,10.7539,-0.7227,1.9277
152465,-0.208,0.8358,0.2305,9.9727,-5.6504,0.8262
152488,-0.2554,0.8031,0.173,10.3164,-9.1992,-0.0449
152511,-0.1876,0.7662,0.1987,12.0059,-14.7852,-1.541
152534,-0.1731,0.7532,0.2609,13.748,-18.5566,-2.6523
152557,-0.1309,0.7518,0.2555,16.8633,-23.9883,-4.4141
152580,-0.2329,0.7406,0.1658,19.7676,-28.5938,-5.9375
152603,-0.1172,0.7787,0.2131,20.9785,-30.7539,-6.4961
152626,-0.1289,0.8429,0.2524,20.9453,-31.9434,-6.248
152649,-0.1553,0.8518,0.2144,19.5,-31.1328,-5.2441
152672,-0.155,0.8464,0.1906,15.2969,-27.4648,-2.5078
152695,-0.1716,0.8199,0.192,9.2832,-21.2715,1.2773
152718,-0.1421,0.834,0.2322,4.8574,-16.1914,3.9824
152741,-0.1527,0.8013,0.182,-1.3125,-8.1191,7.5996
152764,-0.1599,0.8279,0.1989,-4.5449,-3.0527,9.3633
152787,-0.1344,0.8085,0.1771,-7.4121,3.1113,10.6621
152810,-0.1328,0.8373,0.2168,-7.8477,5.8027,10.2695
152833,-0.1748,0.8026,0.1631,-6.4082,7.1855,9.1797
152856,-0.1333,0.8015,0.1783,-2.9922,4.8789,6.6348
152879,-0.1538,0.7939,0.1818,-0.0176,1.0117,4.5625
152902,-0.1312,0.7975,0.187,4.7969,-8.1562,1.3008
152925,-0.1633,0.7792,0.1667,7.8223,-15.8965,-0.7168
152948,-0.1433,0.7964,0.187,11.4434,-28.0762,-3.1348
152971,-0.1409,0.8076,0.1733,13.4902,-38.3281,-4.6016
152994,-0.1395,0.807,0.1833,13.916,-42.8809,-5.0801
153017,-0.1373,0.8428,0.1691,13.3164,-45.4063,-5.2344
153040,-0.1193,0.8528,0.1316,12.2832,-44.2129,-5.0957
153063,-0.1552,0.8566,0.1958,10.1582,-38.707,-4.7441
153086,-0.1541,0.8099,0.1371,7.7637,-29.8477,-4.3711
153109,-0.1448,0.8126,0.1483,6.1758,-22.8359,-4.1211
153132,-0.157,0.8198,0.1472,3.9238,-11.8672,-3.6504
153155,-0.1508,0.8239,0.1609,2.541,-4.873,-3.1934
153178,-0.1455,0.8094,0.1648,0.6641,4.291,-2.1875
153201,-0.1371,0.8055,0.1702,-0.4492,11.1621,-0.7852
153224,-0.1334,0.829,0.1693,-1.8789,14.2422,0.3145
153247,-0.14,0.8235,0.1536,-2.9648,16.5742,2.0449
153270,-0.1478,0.8271,0.1542,-3.4687,16.7266,3.1387
153293,-0.1481,0.8157,0.1523,-3.8848,15.2441,4.5332
153316,-0.1334,0.821,0.1506,-3.9609,13.3828,5.2539
153339,-0.1273,0.8175,0.1447,-3.873,9.7168,6.0605
153362,-0.1085,0.808,0.1558,-3.7168,5.4863,6.7148
153385,-0.0897,0.8079,0.1816,-3.6758,2.6035,7.1914
153408,-0.0825,0.8169,0.1802,-3.8086,-1.5078,8.0937
153431,-0.0798,0.8307,0.1583,-4.0332,-3.9531,8.8223
153454,-0.0759,0.8473,0.1626,-4.4922,-6.9453,9.957
153477,-0.0876,0.8472,0.1564,-4.916,-8.9395,10.8398
153500,-0.1001,0.8318,0.1465,-5.0762,-9.6562,11.1094
153523,-0.0916,0.8295,0.1464,-5.041,-9.8535,10.8418
153546,-0.0962,0.8313,0.1503,-4.834,-9.4824,10.1895
153569,-0.1025,0.8097,0.15,-4.3457,-8.3652,8.5937
153592,-0.0911,0.8175,0.1595,-3.5039,-6.832,6.5059
153615,-0.0865,0.8315,0.1567,-3.6758,-5.7539,5.0117
153638,-0.0883,0.853,0.152,-3.8125,-4.3047,2.877
153661,-0.1066,0.8248,0.1638,-4.2539,-3.541,1.6445
153684,-0.0863,0.8236,0.1736,-5.4844,-2.6953,0.2109
153707,-0.0798,0.8204,0.1899,-6.6621,-2.2871,-0.4316
153730,-0.0906,0.8242,0.1951,-8.8418,-1.791,-0.9473
153753,-0.1144,0.8209,0.1855,-11.2949,-1.2266,-1.0625
153776,-0.1177,0.8269,0.1837,-12.9395,-0.7168,-1.0234
153799,-0.1401,0.8265,0.1709,-15.2812,0.2695,-0.9043
153822,-0.1451,0.8284,0.156,-16.7637,1.0488,-0.7871
153845,-0.0978,0.8461,0.1278,-19.0879,2.3203,-0.4043
153868,-0.1057,0.8765,0.1323,-22.1309,3.6602,0.6152
153891,-0.0344,0.937,0.2592,-25.0039,4.5957,1.9238
153914,0.0167,0.8882,0.3308,-31.1582,5.9121,5.0742
153937,0.0463,0.8219,0.376,-36.6191,6.5059,7.875
153960,0.1471,0.7629,0.3932,-46.5117,6.5137,12.584
153983,-0.0823,0.6979,0.4557,-57.2656,5.0137,17.1543
154006,-0.0505,0.7113,0.4875,-64.0,3.2109,19.8574
154029,0.0002,0.7257,0.4565,-64.0,-0.1621,23.0391
154052,-0.0476,0.6985,0.3906,-64.0,-2.4395,24.3555
154075,-0.0618,0.7595,0.4485,-64.0,-5.2266,24.9629
154098,-0.0647,0.8352,0.5474,-64.0,-6.3809,24.5449
154121,-0.0712,0.8563,0.5413,-64.0,-6.75,23.0234
154144,-0.1476,0.7999,0.5399,-64.0,-5.3887,20.9336
154167,-0.1127,0.7915,0.5352,-64.0,-3.6562,19.4785
154190,-0.0811,0.7792,0.5632,-63.0156,-0.3633,17.3477
154213,-0.0704,0.7598,0.6508,-61.2871,1.8945,15.8945
154236,-0.014,0.6694,0.6571,-60.9434,4.6777,13.4551
154259,-0.0087,0.5095,0.59,-63.2422,6.0234,10.5859
154282,-0.0073,0.3967,0.5597,-64.0,5.9336,8.498
154305,0.0354,0.3583,0.5869,-64.0,4.502,5.4062
154328,0.0404,0.3662,0.557,-64.0,2.9609,3.6211
154351,0.0386,0.4484,0.6033,-64.0,0.2891,1.9609
154374,0.0038,0.5652,0.6711,-64.0,-2.3047,2.4219
154397,-0.0367,0.626,0.6801,-64.0,-3.8633,4.3496
154420,0.04,0.7028,0.7839,-64.0,-6.0586,9.8262
154443,0.105,0.7574,0.8414,-62.916,-7.6074,14.8652
154466,0.0668,0.7284,0.8607,-57.4941,-10.4687,23.4492
154489,0.0658,0.6649,0.8846,-55.9941,-12.9551,31.7168
154512,0.1189,0.6217,0.9192,-58.3457,-17.7734,37.0293
154535,0.1105,0.4938,0.8544,-64.0,-23.8145,42.9746
154558,0.2166,0.4158,0.9734,-64.0,-28.3105,45.5156
154581,0.275,0.4119,1.1383,-64.0,-35.207,46.666
154604,0.3535,0.3486,1.1506,-64.0,-39.5371,45.4141
154627,0.3579,0.2684,1.1614,-64.0,-45.0059,40.4883
154650,0.375,0.1942,1.2175,-64.0,-48.4648,32.5859
154673,0.3763,0.1339,1.1675,-64.0,-49.2832,26.3086
154696,0.3643,0.0953,1.1732,-64.0,-48.0078,16.543
154719,0.3425,-0.0088,1.0989,-64.0,-45.4844,10.4512
154742,0.3359,-0.0999,0.993,-64.0,-39.4629,2.7773
154765,0.4147,-0.0898,1.0764,-64.0,-31.3945,-2.7969
154788,0.4977,0.0129,1.1715,-64.0,-25.4121,-5.4844
154811,0.4982,0.0361,1.0768,-64.0,-16.4961,-8.3008
154834,0.4567,0.0742,1.0505,-58.207,-11.0195,-9.3262
154857,0.2994,0.0732,0.9586,-39.0332,-3.748,-8.8926
154880,0.1423,0.0605,0.9722,-27.3711,0.6113,-4.8164
154903,0.1523,0.077,1.061,-13.2227,7.041,0.3711
154926,0.189,-0.0071,0.9269,-4.2793,13.7129,11.4746
154949,0.1575,-0.0945,0.8062,-1.5527,17.9883,20.3555
154972,0.1423,-0.1312,0.8243,-2.1953,23.2344,34.1855
154995,0.2047,-0.0907,0.864,-5.1348,25.5605,42.6504
155018,0.2036,-0.0461,0.8691,-11.2871,27.1074,52.4727
155041,0.1428,-0.0266,0.9193,-16.8262,26.7754,57.4746
155064,0.1716,-0.0486,0.9353,-19.0391,26.0059,57.9648
155087,0.1997,-0.077,0.8512,-19.5605,24.7168,55.1641
155110,0.1121,-0.0826,0.875,-18.3086,23.9902,51.7305
155133,0.1248,-0.0872,0.9491,-14.9824,23.3145,45.8438
155156,0.1738,-0.0831,0.9639,-10.9766,23.207,40.6406
155179,0.1849,-0.1135,0.9143,-8.377,23.3906,38.043
155202,0.1237,-0.1239,0.903,-5.0215,23.9883,35.6699
155225,0.0781,-0.0767,0.9519,-3.1953,24.6563,35.0938
155248,0.0632,-0.0238,0.9875,-0.6758,26.2598,35.5449
155271,0.11,-0.048,0.8976,1.2637,28.7949,37.1367
155294,0.1477,0.0159,0.8488,5.1582,30.7207,38.4766
155317,0.1523,0.1412,0.9333,10.6758,34.0605,40.3457
155340,0.0916,0.2115,0.9104,15.4121,36.3027,41.3086
155363,0.0153,0.2421,0.8967,23.957,39.3887,42.4355
155386,-0.0336,0.2528,0.8988,30.2656,41.1484,43.2012
155409,-0.03,0.3287,0.8917,39.7871,43.1875,44.6641
155432,-0.0448,0.3276,0.9076,48.3203,44.293,46.4258
155455,-0.0676,0.2819,0.8254,52.9219,44.3887,47.5039
155478,-0.0482,0.2886,0.8203,57.5176,43.4863,48.375
155501,-0.0068,0.298,0.8207,58.834,42.1855,48.1035
155524,-0.0145,0.2834,0.8096,58.2207,39.1738,46.0371
155547,-0.0206,0.2451,0.8134,54.9082,34.9453,42.0449
155570,-0.0322,0.2566,0.8644,51.5273,31.5508,38.5898
155593,-0.0464,0.2615,0.917,45.2637,25.8398,32.8691
155616,-0.0439,0.2579,0.9622,40.6035,21.8145,29.0918
155639,-0.0139,0.2821,0.9965,33.2695,15.8203,24.0313
155662,-0.0702,0.3048,0.948,28.2344,10.3027,20.1523
155685,-0.063,0.3101,0.9565,20.4453,7.1289,18.3711
155708,-0.0332,0.337,0.9419,12.4102,3.4687,16.8477
155731,-0.0061,0.3292,0.9768,7.0723,1.8613,16.4199
155754,-0.0594,0.3146,0.8763,-0.5234,0.623,16.3301
155777,-0.092,0.3564,0.9379,-5.1211,0.4355,16.5078
155800,0.0605,0.5085,1.1577,-10.8965,0.7285,16.9316
155823,-0.0121,0.291,0.8412,-14.8242,0.791,17.1895
155846,-0.0812,0.2131,0.9399,-16.4277,0.1406,17.168
155869,0.0859,0.2084,0.9857,-17.3008,-2.0645,16.6836
155892,0.01,0.2358,1.022,-16.6367,-4.2207,15.8711
155915,-0.031,0.1272,0.9968,-13.418,-7.9121,13.7793
155938,0.0344,0.2366,1.0048,-7.4922,-11.0742,10.7539
155961,-0.0497,0.2791,0.9004,-2.1895,-12.3711,8.3066
155984,0.0256,0.4282,0.9058,7.377,-12.623,4.166
156007,-0.0049,0.5844,0.7847,14.5273,-11.8437,1.248
156030,-0.0428,0.6989,0.7965,25.7715,-10.0391,-3.0898
156053,-0.0005,0.7499,1.142,36.6621,-7.7676,-7.1777
156076,-0.2203,0.5012,0.4745,42.877,-5.9219,-9.6211
156099,-0.1501,0.5029,0.755,48.6387,-2.8633,-12.418
156122,0.0077,0.5388,0.7626,49.3086,-1.0547,-13.6582
156145,0.0178,0.5244,0.6814,45.6074,0.4316,-15.1445
156168,-0.0273,0.4617,0.6147,40.6094,0.1914,-16.2852
156191,0.0419,0.4469,0.5836,30.959,-2.209,-18.5801
156214,0.0291,0.3574,0.5217,21.0645,-6.6211,-21.582
156237,-0.0344,0.2479,0.5024,15.541,-10.1895,-23.7578
156260,-0.1073,-0.1398,0.236,10.1348,-15.5977,-26.6543
156283,-0.2148,-0.2827,-0.1675,8.8184,-18.9629,-27.9785
156306,0.012,0.0619,0.6923,10.7422,-24.373,-28.5996
156329,0.4004,0.181,1.3218,18.1328,-31.9922,-27.4844
156352,0.0477,-0.1801,0.9275,25.4375,-39.0879,-25.5684
156375,-0.1039,-0.5225,0.4827,35.248,-52.5078,-19.3984
156398,-0.0385,-0.3622,0.6843,37.6836,-62.0664,-12.1699
156421,0.2317,-0.0925,1.2305,31.4297,-64.0,2.9648
156444,0.6333,0.0931,1.3689,13.1387,-64.0,19.8691
156467,0.6985,0.0724,1.123,-4.1074,-64.0,29.709
156490,0.3779,0.0249,1.1012,-34.1621,-64.0,39.9023
156513,0.2284,0.0054,1.2987,-54.8477,-64.0,43.3281
156536,0.3867,0.1436,1.3243,-64.0,-64.0,43.8047
156559,0.4331,0.2228,1.1243,-64.0,-64.0,39.2305
156582,0.5619,0.2361,1.0554,-64.0,-54.3145,33.3535
156605,0.3547,0.2863,1.0216,-64.0,-34.7441,21.5254
156628,0.29,0.3256,1.1385,-64.0,-20.8203,12.3555
156651,0.1582,0.4515,1.2146,-64.0,0.4375,-1.4121
156674,0.1088,0.3892,1.2688,-64.0,14.2109,-9.5
156697,0.1715,0.2882,1.0975,-56.5996,32.5234,-18.8672
156720,0.1499,0.2563,0.9873,-32.5645,45.0586,-25.0117
156743,0.0962,0.3481,0.9834,-19.0488,48.959,-27.9492
156766,0.0989,0.4082,1.1973,-4.7129,47.7695,-31.8516
156789,0.2053,0.338,1.2543,0.623,42.8242,-34.7949
156812,0.2539,0.2444,1.1603,2.7852,30.7598,-40.584
156835,0.184,0.2142,1.1248,-1.3613,15.582,-48.2754
156858,0.1699,0.1577,1.1522,-7.1348,5.3945,-54.1699
156881,0.2057,0.1384,1.0428,-18.8984,-7.4062,-63.4297
156904,0.2688,0.1852,1.1229,-27.5938,-13.1621,-64.0
156927,0.2332,0.1774,1.1859,-39.4043,-16.7754,-64.0
156950,0.1816,0.1184,1.1617,-45.0488,-15.8691,-64.0
156973,0.1274,0.1002,1.0452,-48.627,-10.2344,-64.0
156996,0.0768,0.1118,0.9738,-46.1484,-1.0684,-64.0
157019,0.0127,0.0735,0.9133,-41.7383,5.8652,-64.0
157042,0.0197,0.0609,0.892,-32.5625,15.748,-64.0
157065,0.0374,0.047,0.916,-25.7031,21.1152,-64.0
157088,0.0013,0.0502,0.9265,-15.6172,26.1934,-63.9785
157111,-0.0055,0.0638,0.9178,-6.7148,26.7344,-50.2031
157134,0.0234,0.0795,0.9161,-1.5977,24.209,-40.125
157157,0.0428,0.1193,1.0079,5.2422,15.8535,-24.209
157180,0.0598,0.1704,1.0555,9.6895,7.6191,-13.625
157203,0.0951,0.2366,1.0745,17.041,-6.9297,0.8516
157226,0.0937,0.2745,1.0171,25.9492,-21.4414,12.0508
157249,0.1473,0.2931,0.9559,32.6426,-29.6797,17.0957
157272,0.1718,0.2395,1.0338,42.5273,-38.291,20.832
157295,0.1403,0.1823,1.0341,47.9844,-41.0078,21.0273
157318,0.1643,0.2325,1.0444,52.834,-40.3555,18.8672
157341,0.1759,0.2786,1.0216,53.2617,-34.5352,15.1934
157364,0.1998,0.2942,0.9537,49.7012,-28.7773,12.5957
157387,0.1902,0.2885,0.9609,42.2383,-18.5762,9.2676
157410,0.1758,0.2937,0.9474,36.1328,-11.9531,7.7754
157433,0.1281,0.3273,0.9351,27.0352,-3.7012,7.0352
157456,0.1111,0.2788,0.9418,21.8223,0.3145,7.6582
157479,0.1151,0.2887,0.9338,16.0957,4.2324,10.0859
157502,0.1222,0.3212,0.9315,13.2363,6.4961,13.3633
157525,0.1616,0.323,0.8802,12.8477,7.7441,15.25
157548,0.1301,0.3193,0.8389,13.9844,9.7793,16.666
157571,0.0635,0.3192,0.8567,15.4004,11.2812,16.459
157594,0.0485,0.3271,0.875,17.7012,13.6465,14.6152
157617,0.0488,0.3331,0.8707,19.4043,15.9238,11.4824
157640,0.0569,0.3298,0.8492,19.7734,17.2168,8.9609
157663,0.0741,0.3075,0.8455,18.5625,18.4629,4.7754
157686,0.0776,0.2936,0.9026,16.332,18.6738,1.791
157709,0.0992,0.2915,0.9598,10.8027,17.9688,-2.8711
157732,0.1455,0.2574,0.9705,5.8398,16.0293,-7.5137
157755,0.1287,0.1733,0.9209,-3.1387,14.1426,-10.4082
157778,0.1226,0.1163,0.8977,-13.627,10.8613,-14.0918
157801,0.1521,0.1166,0.9501,-21.1973,8.7148,-15.9004
157824,0.176,0.1871,1.024,-32.4551,5.9297,-17.3672
157847,0.1814,0.2517,0.9961,-38.9219,4.3828,-17.4688
157870,0.0845,0.2719,0.8585,-45.1113,2.4219,-16.4785
157893,-0.0148,0.2788,0.8381,-45.6777,0.9941,-14.3555
157916,-0.0439,0.2727,0.9214,-43.0,0.5254,-12.3457
157939,-0.0009,0.2682,1.1024,-35.6504,0.5703,-8.4355
157962,0.026,0.2246,1.1952,-29.5195,0.8633,-5.3594
157985,0.0123,0.2405,1.0559,-20.1445,1.2031,-0.5195
158008,-0.047,0.2106,1.0256,-12.3047,1.1191,3.8613
158031,-0.0562,0.1306,1.0416,-8.752,0.832,6.2168
158054,0.1097,0.1096,1.015,-6.7773,0.0078,8.6914
158077,0.2969,0.1055,0.9441,-7.9062,-1.0586,9.5996
158100,0.2429,0.0923,0.902,-13.084,-4.2617,10.0723
158123,0.0492,0.0465,0.9481,-21.9609,-9.3496,10.498
158146,-0.0302,0.0415,1.0009,-28.3594,-12.832,11.5137
158169,0.0377,0.0747,1.0171,-38.7148,-16.5859,14.8184
158192,0.1416,0.1025,0.9661,-44.8145,-17.6582,18.0527
158215,0.1279,0.056,0.9836,-51.457,-17.4004,23.4473
158238,0.1034,0.0292,0.9919,-53.7891,-16.4902,26.7539
158261,0.0624,0.0272,1.0208,-54.0762,-14.752,30.4824
158284,0.0847,0.0121,1.0515,-51.0293,-12.7734,32.1816
158307,0.135,0.0118,1.0403,-47.5605,-11.3086,31.9902
158330,0.1824,0.0028,1.0089,-40.8281,-9.1543,29.5918
158353,0.174,0.0222,1.0024,-35.6523,-8.0215,26.6387
158376,0.1819,0.0499,1.0372,-27.3145,-7.1152,20.5488
158399,0.1748,0.0383,1.0344,-18.75,-7.1055,13.2422
158422,0.1469,0.0525,0.9938,-13.2246,-7.3789,8.2246
158445,0.1267,0.0581,0.9832,-5.791,-7.7246,1.3047
158468,0.1143,0.0625,1.0087,-1.707,-7.6699,-2.5039
158491,0.1337,0.0571,1.0272,2.8145,-6.9648,-6.5996
158514,0.155,0.0374,1.0226,5.3301,-5.6074,-8.707
158537,0.1914,0.0443,1.0323,5.9453,-4.5254,-9.1562
158560,0.1602,0.0394,1.0129,5.5254,-3.0,-8.7695
158583,0.1366,0.0402,1.0416,4.5605,-2.1836,-8.002
158606,0.139,0.0416,1.0104,2.4941,-1.3145,-6.3535
158629,0.1366,0.0405,1.0031,0.9102,-0.9297,-4.0449
158652,0.1244,0.0391,0.9944,-1.4785,-0.5098,-2.9727
158675,0.1311,0.0459,1.004,-3.5859,-0.1113,-1.0
158698,0.1415,0.0475,1.0173,-4.6992,0.1934,0.1387
158721,0.1318,0.0422,1.0089,-5.7969,0.6875,1.4316
158744,0.1262,0.0439,1.0167,-6.127,0.9922,1.9727
158767,0.1281,0.0491,1.0306,-6.0723,1.3418,2.3203
158790,0.1289,0.0422,1.0154,-5.5078,1.541,2.2187
158813,0.1331,0.0339,0.9995,-4.9961,1.5918,1.9785
158836,0.1321,0.0399,1.0123,-4.2754,1.5684,1.4902
158859,0.1256,0.0499,1.0245,-3.9297,1.5234,1.1445
158882,0.1234,0.0485,1.0098,-3.6562,1.4902,0.6582
158905,0.1138,0.0594,0.9885,-3.6289,1.5586,0.2324
158928,0.0928,0.0686,0.9799,-3.7051,1.6797,-0.0293
158951,0.0795,0.0516,0.9856,-3.9199,1.9941,-0.4219
158974,0.0988,0.0354,0.9941,-4.1523,2.2559,-0.7012
158997,0.1165,0.0277,1.015,-4.7227,2.5664,-1.1875
159020,0.1119,0.0211,1.0547,-5.2676,2.5898,-1.7871
159043,0.1145,0.0114,1.0746,-6.248,2.2207,-2.2266
159066,0.1279,-0.0073,1.0426,-7.2227,1.4355,-2.8496
159089,0.1364,-0.019,1.0046,-7.7832,0.8105,-3.1602
159112,0.1206,0.0026,0.9969,-8.4023,-0.0098,-3.332
159135,0.0973,0.0269,1.0181,-8.6074,-0.3203,-3.1719
159158,0.0825,0.0424,0.9996,-8.5176,-0.2266,-2.4258
159181,0.0735,0.0332,0.9819,-8.0605,0.5801,-1.0977
159204,0.0465,0.0106,0.9631,-7.6914,1.4277,0.0059
159227,0.0444,0.0115,0.9958,-7.1719,2.8828,1.6855
159250,0.0959,0.0305,1.0543,-6.7793,3.7559,2.5879
159273,0.1475,0.0532,1.0659,-5.7754,4.4922,3.1914
159296,0.1425,0.0605,1.0547,-3.9453,4.2012,2.5527
159319,0.1095,0.0548,1.0331,-2.291,3.4434,1.457
159342,0.0911,0.0441,1.0138,0.4395,1.7988,-0.8184
159365,0.0742,0.0386,1.0071,2.0918,0.6406,-2.4512
159388,0.073,0.0317,1.0176,3.8203,-0.7598,-4.6016
159411,0.0817,0.0367,1.0209,4.3242,-1.3105,-6.0352
159434,0.082,0.0397,1.0145,4.127,-1.4961,-6.5137
159457,0.0704,0.0325,1.0011,3.0469,-1.043,-6.5449
159480,0.0709,0.031,1.0002,2.0156,-0.5078,-6.1758
159503,0.0787,0.0331,1.0052,0.2754,0.4336,-5.2129
159526,0.0546,0.0325,0.9926,-0.8652,1.0195,-4.4121
159549,0.0381,0.0266,0.9908,-2.3574,1.6621,-3.1328
159572,0.0511,0.0254,1.0072,-3.4785,1.8789,-1.8848
159595,0.0823,0.0259,1.0006,-4.0078,1.7266,-1.1211
159618,0.0847,0.0199,1.0063,-4.5312,1.0,-0.1328
159641,0.0958,0.0172,1.0258,-4.7363,0.1855,0.4102
159664,0.108,0.0243,1.0442,-4.8555,-1.4551,1.0645
159687,0.1138,0.024,1.0387,-4.7422,-3.4062,1.5762
159710,0.1156,0.038,1.021,-4.5391,-4.7266,1.875
159733,0.1141,0.0514,1.0106,-4.0527,-6.4902,2.3086
159756,0.0988,0.0684,1.0114,-3.6055,-7.3887,2.5957
159779,0.0911,0.0776,1.0208,-2.7461,-8.1719,2.998
159802,0.1063,0.0781,1.0166,-2.0703,-8.2129,3.2715
159825,0.0995,0.0695,1.0166,-1.0215,-7.8711,3.3125
159848,0.0937,0.0535,1.0107,-0.1641,-6.9375,3.0937
159871,0.0933,0.0448,1.0056,0.168,-6.127,2.7559
159894,0.1,0.0365,1.002,0.1855,-4.8184,2.0215
159917,0.1104,0.0381,1.0018,-0.1152,-3.9941,1.4238
159940,0.1107,0.0422,1.0088,-0.9063,-3.0059,0.4434
159963,0.108,0.0435,1.0242,-1.8711,-2.4629,-0.5254
159986,0.1025,0.0452,1.0205,-2.4902,-2.3789,-1.0918
160009,0.0981,0.0404,1.0135,-3.2695,-2.6387,-1.7148
160032,0.1079,0.0375,1.0168,-3.6621,-3.0137,-1.9316
160055,0.118,0.0364,1.0216,-4.0508,-3.7441,-1.9336
160078,0.1266,0.0345,1.0107,-4.2148,-4.5254,-1.5762
160101,0.129,0.0328,1.0161,-4.2246,-5.0,-1.1699
160124,0.1364,0.0444,1.0278,-4.1328,-5.5605,-0.3555
160147,0.1235,0.0549,1.0182,-4.0137,-5.8086,0.2871
160170,0.1152,0.0554,1.0339,-3.7754,-5.9785,1.3184
160193,0.1174,0.0616,1.0228,-3.6152,-5.9863,2.3359
160216,0.1169,0.0463,0.9958,-3.5117,-6.0449,2.957
160239,0.1591,0.0515,0.9817,-3.7598,-6.3828,3.6895
160262,0.1425,0.0559,1.0034,-4.1445,-6.752,3.9453
160285,0.126,0.0457,1.0251,-4.8906,-7.2695,3.8379
160308,0.1228,0.0338,1.0015,-5.3652,-7.3965,3.418
160331,0.1261,0.0249,1.0101,-5.8867,-6.9883,2.3242
160354,0.121,0.024,1.0265,-6.0703,-5.7637,0.8477
160377,0.11,0.0254,1.0205,-5.9707,-4.5859,-0.1973
160400,0.1016,0.0215,1.0112,-5.4902,-2.5215,-1.5898
160423,0.1255,0.0321,1.0074,-4.9746,-1.0938,-2.2754
160446,0.124,0.0375,0.9993,-3.9863,0.8574,-2.8301
160469,0.108,0.0505,0.9941,-2.8535,2.2949,-2.7871
160492,0.1042,0.0626,1.011,-2.0957,2.873,-2.4414
160515,0.109,0.0702,1.0092,-1.0586,3.1367,-1.5352
160538,0.1124,0.0693,1.0155,-0.4941,2.9453,-0.7559
160561,0.1283,0.0604,1.019,0.0781,2.2168,0.4805
160584,0.141,0.0552,1.0239,0.2734,1.1465,1.5527
160607,0.1412,0.053,1.0176,0.2051,0.3437,2.0547
160630,0.1226,0.0599,1.0248,-0.127,-0.8301,2.3945
160653,0.1039,0.0533,1.0131,-0.4531,-1.4902,2.3555
160676,0.0974,0.0494,1.0094,-1.0586,-2.1406,1.9844
160699,0.1049,0.0449,1.0107,-1.5293,-2.2969,1.0996
160722,0.1097,0.0377,1.0062,-2.3086,-2.1387,0.9277
160745,0.1118,0.0425,1.0042,-3.0859,-1.6563,0.2402
160768,0.1168,0.0471,1.0115,-3.5332,-1.252,-0.1855
160791,0.1252,0.0499,1.0245,-4.0059,-0.6621,-0.7246
160814,0.1205,0.0574,1.0275,-4.1543,-0.334,-1.0059
160837,0.1033,0.0583,1.0288,-4.1113,0.0156,-1.2969
160860,0.0977,0.0469,1.0149,-3.8281,0.2305,-1.4219
160883,0.0887,0.0392,0.9836,-3.5898,0.3359,-1.4102
160906,0.0793,0.0363,0.9832,-3.2969,0.4961,-1.2734
160929,0.0802,0.0374,1.0027,-3.1992,0.6094,-1.1191
160952,0.0939,0.0361,1.0118,-3.2051,0.7305,-0.8223
160975,0.111,0.031,1.0092,-3.3574,0.6367,-0.4824
160998,0.1207,0.037,1.0144,-3.5098,0.3848,-0.2383
161021,0.114,0.0514,1.0111,-3.7285,-0.2949,0.1543
161044,0.1066,0.0593,1.0256,-3.793,-0.9121,0.4395
161067,0.1118,0.0623,1.014,-3.6777,-1.9648,0.8887
161090,0.1046,0.0693,1.0165,-3.4648,-2.6738,1.3242
161113,0.1101,0.0607,1.0203,-3.041,-3.5977,1.5723
161136,0.1217,0.0486,1.0139,-2.666,-4.2227,1.8418
161159,0.1239,0.0468,1.0159,-2.5254,-4.4551,1.9434
161182,0.1193,0.0424,1.0181,-2.5293,-4.5762,1.9805
161205,0.113,0.0431,1.0139,-2.6543,-4.5371,1.9434
161228,0.1143,0.0575,1.0181,-2.9512,-4.3633,1.8223
161251,0.1152,0.0662,1.0153,-3.2676,-4.123,1.627
161274,0.1282,0.0657,1.0094,-3.4453,-3.9668,1.4355
161297,0.1239,0.0592,1.0162,-3.6504,-3.7812,1.0039
161320,0.109,0.0464,1.0123,-3.7598,-3.6816,0.6055
161343,0.1095,0.0431,1.0175,-3.9082,-3.5098,-0.1426
161366,0.1234,0.0386,1.0137,-4.0293,-3.2539,-1.0039
161389,0.1169,0.0328,1.0035,-4.0859,-3.0332,-1.5938
161412,0.0986,0.0356,1.0098,-4.1348,-2.6582,-2.4004
161435,0.0953,0.0386,1.0007,-4.1504,-2.3926,-2.8125
161458,0.1173,0.0378,1.006,-4.1582,-2.0059,-3.1348
161481,0.1356,0.051,1.0292,-4.1465,-1.7949,-3.0742
161504,0.1357,0.0551,1.0005,-4.0605,-1.6348,-2.8535
161527,0.1243,0.0513,1.0134,-3.8516,-1.6992,-2.3184
161550,0.1117,0.0593,1.0131,-3.6602,-1.8359,-1.8691
161573,0.1075,0.0536,1.0104,-3.3594,-2.0801,-1.123
161596,0.1216,0.057,1.0087,-3.1875,-2.2148,-0.6309
161619,0.1116,0.0553,1.0231,-3.0137,-2.334,-0.0156
161642,0.1049,0.0402,1.0026,-2.9668,-2.3379,0.3496
161665,0.1165,0.036,1.011,-3.0293,-2.2773,0.4375
161688,0.1221,0.0355,1.0155,-3.2676,-2.0996,0.3613
161711,0.1174,0.036,1.0161,-3.4883,-1.9414,0.2031
161734,0.1152,0.0482,1.0083,-3.8027,-1.6895,-0.1133
161757,0.0973,0.0562,0.9978,-3.9824,-1.4688,-0.4199
161780,0.0924,0.0513,0.995,-3.9941,-1.3457,-0.5742
161803,0.0952,0.0533,0.9736,-3.8398,-1.1953,-0.7207
161826,0.0906,0.0654,0.9742,-3.6152,-1.1172,-0.8027
161849,0.079,0.0646,0.9756,-3.0156,-0.998,-1.0293
161872,0.0737,0.0653,0.9874,-2.377,-0.7246,-1.5391
161895,0.1062,0.0668,1.0369,-0.9707,-0.334,-2.1191
161918,0.1426,0.0745,1.0956,1.0254,0.6777,-3.4219
161941,0.1361,0.0656,1.03,2.6211,1.5352,-4.5312
161964,0.1115,0.0593,1.011,4.9863,2.6289,-6.2441
161987,0.1058,0.0674,1.032,6.1992,2.998,-7.1504
162010,0.1094,0.0713,1.0193,7.0156,2.8242,-7.748
162033,0.1029,0.0883,1.0161,6.4727,1.8574,-7.2266
162056,0.0966,0.089,1.0167,5.4531,0.916,-6.3086
162079,0.1051,0.0908,0.9969,3.2891,-0.6484,-4.3535
162102,0.0972,0.0824,0.9939,1.6484,-1.6113,-2.8887
162125,0.0901,0.0675,1.0028,-0.7754,-2.6816,-0.8262
162148,0.0894,0.0692,1.0132,-2.877,-3.1484,0.7422
162171,0.1075,0.0558,1.0115,-4.0059,-3.1406,1.4082
162194,0.1097,0.054,0.9982,-5.2422,-2.8008,1.8145
162217,0.0969,0.0624,1.0114,-5.7617,-2.4551,1.7383
162240,0.0966,0.074,1.0182,-6.0918,-1.8867,1.2813
162263,0.1061,0.0822,1.0101,-5.5098,-1.3652,0.6348
162286,0.0928,0.08,1.0015,-5.4961,-1.0859,0.2051
162309,0.0889,0.0798,1.0013,-4.6738,-0.7793,-0.3184
162332,0.1019,0.0803,1.0087,-4.0742,-0.6523,-0.5312
162355,0.1039,0.0751,1.021,-3.252,-0.5781,-0.627
162378,0.1025,0.0686,1.019,-2.8105,-0.6113,-0.5723
162401,0.0903,0.0642,1.0095,-2.3652,-0.7695,-0.3828
162424,0.0874,0.0629,1.0048,-2.1953,-0.9785,-0.1406
162447,0.089,0.0715,1.001,-2.2187,-1.082,0.0215
162470,0.093,0.0812,1.0052,-2.3965,-1.127,0.2363
162493,0.0941,0.0917,1.0127,-2.5703,-1.0859,0.3477
162516,0.0807,0.083,1.0049,-2.8418,-0.9688,0.4551
162539,0.0854,0.0765,1.0006,-3.1055,-0.8477,0.4844
162562,0.1003,0.0774,1.0079,-3.2871,-0.7949,0.459
162585,0.1067,0.0748,1.0195,-3.5762,-0.8086,0.334
162608,0.1021,0.0665,1.0219,-3.7793,-0.9004,0.1855
162631,0.099,0.0692,1.0188,-4.0898,-1.1543,-0.1191
162654,0.0886,0.064,1.0157,-4.3887,-1.4434,-0.4746
162677,0.0847,0.0621,1.0038,-4.5703,-1.584,-0.7012
162700,0.0864,0.058,0.9966,-4.8125,-1.6465,-0.9629
162723,0.0898,0.0574,1.0062,-4.9453,-1.584,-1.0625
162746,0.0908,0.0564,1.011,-5.0566,-1.3691,-1.0859
162769,0.0918,0.0573,1.0103,-5.0352,-1.1797,-0.5215
162792,0.0856,0.0646,1.0156,-4.7988,-0.8828,-0.8262
162815,0.0795,0.0667,1.0098,-4.2812,-0.6289,-0.5156
162838,0.0836,0.0754,0.9958,-3.7969,-0.502,-0.2441
162861,0.0811,0.0863,0.9973,-2.9512,-0.3926,0.248
162884,0.0721,0.0854,0.9929,-2.373,-0.3789,0.6055
162907,0.0804,0.0873,1.001,-1.6074,-0.4609,1.1367
162930,0.0873,0.0811,1.0146,-1.0957,-0.7109,1.5879
162953,0.1022,0.0712,1.0182,-0.9414,-1.0,1.8086
162976,0.1116,0.069,1.0195,-1.0156,-1.623,1.9883
162999,0.1123,0.0648,1.0219,-1.2598,-2.1465,2.0
163022,0.104,0.0756,1.0154,-1.8457,-3.0059,1.8887
163045,0.0906,0.0863,1.0162,-2.5469,-3.7734,1.6816
163068,0.0868,0.085,1.0024,-2.9922,-4.125,1.5254
163091,0.0937,0.0834,1.0004,-3.5508,-4.3047,1.293
163114,0.0942,0.0841,1.0085,-3.834,-4.1797,1.1289
163137,0.0815,0.075,1.0022,-4.1211,-3.6914,0.8418
163160,0.0836,0.0569,0.9998,-4.2383,-3.2324,0.4941
163183,0.0955,0.0549,1.0127,-4.373,-2.4805,0.2422
163206,0.0975,0.0516,1.0159,-4.5176,-1.834,-0.1289
163229,0.0916,0.0588,1.0011,-4.6191,-1.5352,-0.3437
163252,0.0809,0.0706,1.0114,-4.7285,-1.3125,-0.5645
163275,0.0865,0.0623,1.0131,-4.7207,-1.2969,-0.6172
163298,0.1091,0.0681,1.0011,-4.5098,-1.4316,-0.5371
163321,0.1107,0.076,1.0077,-4.0176,-1.7012,-0.2969
163344,0.1006,0.0785,1.0123,-3.543,-1.9219,-0.0762
163367,0.0891,0.0868,1.0189,-2.6953,-2.2734,0.3105
163390,0.0883,0.0913,1.0173,-2.1133,-2.5039,0.5879
163413,0.0947,0.0896,1.0021,-1.3359,-2.7969,0.9863
163436,0.0964,0.0835,0.9951,-0.8164,-2.9707,1.2891
163459,0.1039,0.0824,1.0044,-0.6699,-3.002,1.4023
163482,0.1075,0.0823,1.0007,-0.7715,-2.9414,1.4023
163505,0.0863,0.0768,1.0109,-1.0371,-2.8613,1.2852
163528,0.0937,0.0667,1.022,-1.6563,-2.7324,0.9766
163551,0.1154,0.0663,0.9998,-2.1543,-2.6621,0.5801
163574,0.1006,0.062,1.0061,-2.9297,-2.5918,0.2969
163597,0.1029,0.0757,1.0157,-3.6094,-2.5469,-0.0977
163620,0.1045,0.092,1.0027,-3.9277,-2.5176,-0.3145
163643,0.077,0.0908,0.9873,-4.125,-2.4648,-0.5371
163666,0.0688,0.0823,0.986,-4.0879,-2.4141,-0.6035
163689,0.0923,0.0721,0.9996,-3.8926,-2.3223,-0.5801
163712,0.1165,0.059,1.0177,-3.6621,-2.2812,-0.4707
163735,0.1339,0.0552,1.0299,-3.5352,-2.3437,-0.4043
163758,0.126,0.0623,1.0195,-3.3789,-2.6289,-0.3535
163781,0.1003,0.0776,1.005,-3.2832,-2.9199,-0.3379
163804,0.0865,0.0929,1.004,-3.1094,-3.3652,-0.2734
163827,0.0931,0.103,1.0022,-2.8555,-3.6367,-0.0977
163850,0.1042,0.1034,1.0067,-2.6309,-3.6719,0.0684
163873,0.1068,0.0931,0.9998,-2.2598,-3.5215,0.3066
163896,0.0981,0.0759,0.9946,-2.0469,-3.3301,0.4102
163919,0.1007,0.0579,1.0007,-1.8926,-2.9863,0.4355
163942,0.1112,0.0558,1.0149,-1.9355,-2.6719,0.293
163965,0.1115,0.0664,1.0215,-2.1934,-2.5215,0.127
163988,0.1051,0.0789,1.0071,-2.5645,-2.4141,-0.1523
164011,0.101,0.0912,0.998,-2.8008,-2.4121,-0.3027
164034,0.1049,0.0988,0.9949,-3.0664,-2.4727,-0.3945
164057,0.1068,0.1008,1.0043,-3.1641,-2.5293,-0.3496
164080,0.1123,0.0914,1.0065,-3.1816,-2.6133,-0.1738
164103,0.1152,0.0804,1.0065,-3.0996,-2.7031,0.0332
164126,0.1123,0.0754,1.0094,-3.041,-2.7695,0.1289
164149,0.1106,0.0773,1.0139,-3.0078,-2.8594,0.1504
164172,0.1082,0.0774,1.0155,-3.0273,-2.8965,0.0703
164195,0.1099,0.0768,1.0093,-3.0977,-2.8848,-0.1914
164218,0.1125,0.0824,0.9938,-3.1914,-2.7754,-0.5684
164241,0.0979,0.077,0.9987,-3.2676,-2.6445,-0.832
164264,0.1012,0.0785,1.0084,-3.4082,-2.3809,-1.1641
164287,0.1105,0.0778,1.0104,-3.5039,-2.1836,-1.3105
164310,0.1111,0.0763,1.0087,-3.5977,-1.9043,-1.4043
164333,0.1129,0.0811,1.0076,-3.5996,-1.6836,-1.3691
164356,0.115,0.1245,1.0111,-3.5,-1.5703,-1.3008
164379,0.1028,0.0981,1.0148,-3.291,-1.4414,-1.1738
164402,0.104,0.0964,1.0035,-3.1172,-1.3711,-1.0957
164425,0.1023,0.0927,0.9985,-2.8711,-1.2637,-1.0371
164448,0.0851,0.0779,0.9978,-2.7617,-1.1836,-1.0586
164471,0.0851,0.0656,0.9956,-2.7695,-1.0527,-1.1816
164494,0.0916,0.0522,1.0002,-3.0371,-0.9473,-1.3691
164517,0.1106,0.0433,1.0077,-3.3555,-0.9277,-1.4941
164540,0.1208,0.0594,1.0143,-3.9609,-1.0469,-1.6133
164563,0.1115,0.0775,1.0232,-4.3633,-1.252,-1.5977
164586,0.1115,0.0911,1.0077,-4.8145,-1.7227,-1.3535
164609,0.1085,0.103,1.0021,-4.9707,-2.3008,-0.8105
164632,0.1039,0.1101,1.0037,-4.9062,-2.6816,-0.3066
164655,0.1031,0.0988,1.0026,-4.6133,-3.1621,0.5488
164678,0.115,0.0911,1.0021,-4.3496,-3.3926,1.0938
164701,0.1158,0.0768,1.0088,-3.9687,-3.5781,1.6992
164724,0.1124,0.0746,1.0132,-3.7246,-3.5723,1.8887
164747,0.1057,0.0732,1.0146,-3.6719,-3.4648,1.7441
164770,0.1034,0.0696,1.0066,-3.7598,-3.1738,1.1621
164793,0.1078,0.073,0.9998,-3.9141,-2.9121,0.5937
164816,0.1066,0.0656,1.0079,-4.2266,-2.4707,-0.3848
164839,0.1064,0.0703,1.0099,-4.4551,-2.1758,-1.0352
164862,0.1006,0.068,1.0096,-4.752,-1.7813,-1.873
164885,0.1117,0.0626,1.0101,-4.9414,-1.4941,-2.4277
164908,0.1156,0.064,1.0114,-4.9922,-1.3711,-2.6074
164931,0.106,0.0629,1.0111,-4.9473,-1.2832,-2.5859
164954,0.1025,0.0707,1.01,-4.8359,-1.2676,-2.3945
164977,0.0974,0.0756,0.9999,-4.5547,-1.2754,-1.877
165000,0.0945,0.08,0.9901,-4.1758,-1.2715,-1.1621
165023,0.0986,0.0819,0.9993,-3.9023,-1.2559,-0.625
165046,0.1122,0.0819,1.0071,-3.5117,-1.2383,0.1719
165069,0.1168,0.0822,1.0007,-3.2793,-1.2617,0.6387
165092,0.1035,0.0774,1.0105,-2.998,-1.3926,1.1602
165115,0.1067,0.082,1.0146,-2.8223,-1.6465,1.4258
165138,0.1071,0.077,1.0118,-2.7695,-1.8613,1.459
165161,0.1071,0.0717,1.0057,-2.791,-2.2129,1.3125
165184,0.1127,0.064,1.0028,-2.8691,-2.4355,1.1035
165207,0.1146,0.0577,1.0055,-3.0645,-2.7109,0.6895
165230,0.1138,0.0693,1.0153,-3.2207,-2.8379,0.3887
165253,0.0999,0.0833,1.0089,-3.4121,-2.9277,-0.0176
165276,0.0901,0.0801,0.9828,-3.4609,-2.8984,-0.2891
165299,0.0939,0.0793,0.99,-3.416,-2.8184,-0.3594
165322,0.1058,0.0771,1.0033,-3.3047,-2.6543,-0.2949
165345,0.1237,0.0697,1.0015,-3.2402,-2.5664,-0.1543
165368,0.129,0.0719,1.0215,-3.1914,-2.5684,0.1309
165391,0.1343,0.0814,1.0378,-3.1719,-2.7949,0.4297
165414,0.1267,0.0846,1.0167,-3.1484,-3.0547,0.6035
165437,0.1095,0.0828,0.999,-3.0742,-3.4883,0.7988
165460,0.1084,0.0906,1.002,-3.0176,-3.7148,0.8867
165483,0.1106,0.0839,1.0079,-2.9512,-3.8398,0.9492
165506,0.114,0.0709,0.9977,-2.957,-3.6738,0.9199
165529,0.12,0.0647,1.0076,-3.0254,-3.418,0.8496
165552,0.1191,0.0641,1.0087,-3.2187,-2.8945,0.6758
165575,0.109,0.0667,1.0026,-3.3809,-2.5059,0.5352
165598,0.0973,0.0746,1.0001,-3.627,-1.9375,0.3359
165621,0.1056,0.0862,1.0049,-3.7598,-1.5996,0.207
165644,0.1101,0.0868,1.0096,-3.877,-1.2129,0.1777
165667,0.1144,0.0826,1.0033,-3.8848,-1.0332,0.1992
165690,0.11,0.0753,1.0022,-3.8398,-1.043,0.2363
165713,0.1145,0.0656,1.0048,-3.7324,-1.2207,0.2969
165736,0.1219,0.0669,1.0107,-3.6582,-1.418,0.3223
165759,0.1201,0.0684,1.0105,-3.5762,-1.8008,0.3379
165782,0.1169,0.0822,1.0173,-3.5391,-2.252,0.3437
165805,0.1219,0.0789,1.0177,-3.541,-2.5703,0.3652
165828,0.1272,0.0841,0.9982,-3.5762,-3.0195,0.4434
165851,0.1145,0.0859,1.0023,-3.6133,-3.2617,0.5098
165874,0.1125,0.0833,1.0013,-3.6621,-3.4785,0.5859
165897,0.1124,0.078,1.002,-3.6699,-3.4727,0.5586
165920,0.1077,0.0758,1.006,-3.6582,-3.3457,0.4531
165943,0.1073,0.069,1.0037,-3.6406,-3.0098,0.1523
165966,0.1127,0.0601,1.0065,-3.6504,-2.7266,-0.123
165989,0.1257,0.0548,1.0061,-3.7246,-2.3008,-0.6016
166012,0.1293,0.0608,1.0107,-3.8066,-1.5625,-1.0723
166035,0.1205,0.0701,1.0133,-3.9336,-1.8301,-1.3281
166058,0.1078,0.0817,1.0093,-3.998,-1.7578,-1.5391
166081,0.1005,0.0829,1.0001,-3.9863,-1.7754,-1.5313
166104,0.1205,0.0823,1.0004,-3.8965,-1.8613,-1.2891
166127,0.1279,0.0824,1.007,-3.7969,-1.959,-1.0156
166150,0.1217,0.0735,1.0098,-3.6172,-2.1914,-0.543
166173,0.121,0.0677,1.0074,-3.4727,-2.5176,-0.0937
166196,0.116,0.0614,1.0043,-3.4277,-2.752,0.1543
166219,0.1134,0.0568,0.998,-3.4609,-3.0566,0.4316
166242,0.1245,0.0673,1.0162,-3.5391,-3.1992,0.5508
166265,0.1365,0.0773,1.0159,-3.6816,-3.3125,0.6328
166288,0.1272,0.077,1.0023,-3.7539,-3.3242,0.6191
166311,0.1149,0.083,1.0051,-3.7207,-3.2812,0.5781
166334,0.1212,0.0828,1.0165,-3.5215,-3.1465,0.502
166357,0.1305,0.0747,1.0068,-3.3047,-3.0137,0.4551
166380,0.1191,0.0753,1.0035,-2.9492,-2.7676,0.3965
166403,0.1177,0.0736,1.0125,-2.7461,-2.4687,0.3457
166426,0.1287,0.0785,1.0151,-2.5391,-2.248,0.3105
166449,0.121,0.0789,1.0117,-2.4609,-1.918,0.2422
166472,0.1106,0.0719,0.9939,-2.4766,-1.707,0.1777
166495,0.1147,0.0739,0.9978,-2.6016,-1.4023,0.0684
166518,0.1245,0.0796,1.0133,-2.7324,-1.209,-0.0137
166541,0.1232,0.0813,1.012,-2.9395,-0.9629,-0.1562
166564,0.1129,0.0797,1.0111,-3.0937,-0.8164,-0.3281
166587,0.1198,0.0767,1.0029,-3.1641,-0.7793,-0.4512
166610,0.1185,0.0798,1.0057,-3.252,-0.7988,-0.6309
166633,0.1163,0.0753,1.0105,-3.3125,-0.8438,-0.75
166656,0.1193,0.0757,1.0096,-3.4102,-0.9434,-0.9395
166679,0.1106,0.0729,1.0093,-3.5078,-1.0527,-1.1602
166702,0.1066,0.0623,0.9946,-3.584,-1.1035,-1.3184
166725,0.1085,0.0656,0.9955,-3.7305,-1.1172,-1.5391
166748,0.1099,0.0784,1.0126,-3.8496,-1.0879,-1.6563
166771,0.1204,0.0693,1.0151,-4.0137,-1.0293,-1.7637
166794,0.1173,0.0723,1.0004,-4.1191,-0.9961,-1.7793
166817,0.1152,0.0807,1.0115,-4.1504,-0.998,-1.7324
166840,0.1188,0.0826,1.0251,-4.1191,-1.0391,-1.582
166863,0.1212,0.0814,1.0043,-4.041,-1.0898,-1.4434
166886,0.1071,0.076,1.0078,-3.8594,-1.1895,-1.2188
166909,0.1073,0.0696,1.0066,-3.7227,-1.2461,-1.0781
166932,0.1151,0.0718,1.0062,-3.5312,-1.2695,-0.9121
166955,0.1067,0.0753,1.005,-3.3789,-1.207,-0.8301
166978,0.0957,0.0726,0.9979,-3.3008,-1.125,-0.8281
167001,0.0951,0.0734,0.9962,-3.2305,-0.9609,-0.8789
167024,0.1017,0.0679,1.0004,-3.2285,-0.8477,-0.9277
167047,0.1118,0.0671,1.0071,-3.291,-0.7324,-1.0
167070,0.124,0.0721,1.02,-3.4043,-0.7617,-1.0664
167093,0.1151,0.0758,1.02,-3.4727,-0.8809,-1.1035
167116,0.104,0.0715,1.0118,-3.5273,-1.1836,-1.1367
167139,0.1113,0.0775,1.0032,-3.5352,-1.4102,-1.127
167162,0.1033,0.0752,1.0182,-3.5176,-1.6855,-1.0566
167185,0.0918,0.0646,0.9905,-3.4883,-1.8027,-0.916
167208,0.0872,0.0598,0.97,-3.4805,-1.7754,-0.7734
167231,0.0876,0.0581,0.9896,-3.5137,-1.6113,-0.4668
167254,0.1034,0.0554,1.0098,-3.5547,-1.4805,-0.1953
167277,0.1174,0.0636,1.0057,-3.5879,-1.4199,0.2734
167300,0.11,0.0768,1.0076,-3.5645,-1.5586,0.5977
167323,0.101,0.0773,0.9908,-3.4395,-2.1094,1.0645
167346,0.1145,0.0867,1.0223,-3.2109,-3.0273,1.4688
167369,0.1398,0.0944,1.0366,-2.9727,-3.7715,1.6367
167392,0.1133,0.0663,0.9911,-2.3672,-4.9238,1.5469
167415,0.1315,0.0785,0.9681,-1.7109,-5.5801,1.123
167438,0.0593,0.0549,0.9899,-0.0684,-6.168,-0.2715
167461,0.0704,0.0597,1.0123,2.9824,-6.0879,-2.7832
167484,0.1318,0.1331,1.0057,6.2187,-5.6602,-5.2187
167507,0.0929,0.2085,1.0222,13.4648,-4.6582,-10.2227
167530,0.0439,0.1816,1.0033,20.0879,-3.7969,-14.4727
167553,0.0393,0.2354,1.0276,32.5234,-2.1816,-21.9336
167576,0.0948,0.2329,1.0518,47.0488,-0.1973,-30.0879
167599,0.1187,0.3595,1.032,57.1934,1.248,-35.5645
167622,0.1049,0.3721,0.9962,63.998,3.5254,-43.2793
167645,0.068,0.3989,0.9452,63.998,5.2109,-47.7227
167668,0.0159,0.4604,0.8148,63.998,8.4629,-52.6953
167691,-0.1232,0.4783,0.7896,63.998,11.498,-54.9375
167714,-0.1466,0.4514,0.7393,63.998,17.8691,-54.6504
167737,-0.0387,0.5083,0.7385,63.998,26.2344,-51.6172
167760,-0.0145,0.5917,0.7471,63.998,32.4355,-48.207
167783,-0.1591,0.5576,0.7004,63.998,42.1094,-41.7734
167806,-0.2432,0.5632,0.6206,63.998,48.6758,-36.8848
167829,-0.2411,0.5698,0.578,63.998,58.4375,-28.8535
167852,-0.174,0.634,0.6344,63.998,63.998,-20.373
167875,-0.1669,0.6171,0.5415,63.998,63.998,-14.8789
167898,-0.205,0.6241,0.4363,63.998,63.998,-7.4668
167921,-0.2595,0.6616,0.366,63.998,63.998,-3.2539
167944,-0.303,0.7069,0.296,63.998,63.998,2.0176
167967,-0.2854,0.754,0.2352,63.998,63.998,6.2363
167990,-0.2906,0.7574,0.1497,63.998,63.998,8.5137
168013,-0.2596,0.7681,0.0599,63.998,63.998,11.0137
168036,-0.3082,0.8213,0.1356,63.998,63.998,12.0215
168059,-0.4161,0.8585,0.0338,63.998,63.998,12.75
168082,-0.1981,0.8428,0.1782,63.998,63.998,13.0508
168105,-0.0431,0.8162,0.2529,63.998,63.998,13.1328
168128,-0.1902,0.8284,0.1934,63.998,47.8691,13.0176
168151,-0.1847,0.8162,0.1814,63.998,28.7559,12.8437
168174,0.0681,0.7671,0.2719,63.998,-5.459,12.6172
168197,0.0438,0.762,0.1023,63.998,-29.9453,12.3711
168220,-0.0891,0.7841,0.1936,49.0527,-64.0,11.541
168243,-0.1918,0.8204,0.2228,30.3535,-64.0,10.0762
168266,-0.1403,0.8533,0.2716,19.5527,-64.0,8.7559
168289,-0.2642,0.856,0.2544,8.2461,-64.0,6.0918
168312,-0.3113,0.8428,0.1486,4.5527,-64.0,3.7578
168335,-0.1783,0.9055,0.2267,4.2461,-48.2813,-0.6289
168358,-0.3143,0.8081,0.1935,8.2383,-5.793,-5.9609
168381,-0.2933,0.7751,0.064,11.8047,24.0762,-9.75
168404,-0.2126,0.7548,0.0792,16.3711,63.998,-15.1406
168427,-0.1614,0.7743,0.1165,18.2129,63.998,-18.2344
168450,-0.1757,0.7734,0.0656,19.209,63.998,-21.6426
168473,-0.3099,0.7305,0.015,19.1055,63.998,-22.6621
168496,-0.3722,0.7264,-0.1555,18.457,63.998,-21.3965
168519,-0.2687,0.777,0.0311,17.6582,63.998,-16.1016
168542,-0.1919,0.8873,0.0917,17.252,63.998,-10.5684
168565,-0.1068,0.7948,-0.0968,16.8457,63.998,-0.4687
168588,-0.2314,0.8218,0.0205,16.3574,63.998,6.6055
168611,-0.1394,0.9381,0.0172,14.6328,63.998,16.4414
168634,-0.1724,1.0087,0.0856,11.4648,57.7012,24.2266
168657,-0.1108,0.9447,0.0098,8.7305,44.5566,27.8438
168680,-0.1229,0.933,-0.0072,4.2832,26.5254,30.5234
168703,-0.3181,0.9054,0.0225,1.5293,16.2988,30.416
168726,-0.3146,0.8347,-0.0813,-1.5723,4.5762,27.6758
168749,-0.158,0.8075,-0.0933,-3.1094,-2.2812,22.1895
168772,-0.1974,0.6919,-0.1031,-3.3574,-4.3027,17.0781
168795,-0.2113,0.6708,-0.1239,-2.918,-4.3437,7.5352
168818,-0.2094,0.64,-0.0353,-2.2695,-3.0742,0.4238
168841,-0.1871,0.6139,-0.0698,-0.8984,-0.5586,-10.0371
168864,-0.1641,0.6725,0.0906,0.7598,1.2598,-18.3828
168887,-0.175,0.6854,0.1044,2.2793,1.5352,-21.8086
168910,-0.2068,0.7426,0.1265,4.127,0.3027,-22.7578
168933,-0.1748,0.8685,0.1235,4.6699,-1.4961,-20.4063
168956,-0.135,0.894,0.1226,3.3789,-5.1816,-12.877
168979,-0.1683,0.865,-0.0009,0.6035,-7.9258,-5.8984
169002,-0.105,0.9285,0.0038,-6.7832,-11.7852,5.8457
169025,-0.1337,1.0065,-0.0043,-17.2461,-14.6777,17.0527
169048,-0.1581,1.0782,0.0477,-24.8809,-15.8711,23.25
169071,-0.1851,0.9413,-0.0121,-35.4063,-16.3887,29.6211
169094,-0.2021,0.9198,0.0533,-40.9512,-15.9062,31.5527
169117,-0.1804,0.8608,0.0969,-46.2793,-14.4375,30.7246
169140,-0.141,0.8308,0.134,-47.7012,-13.1172,25.5371
169163,-0.1913,0.803,0.2079,-46.4961,-12.9062,19.9395
169186,-0.2169,0.7458,0.1611,-41.7168,-14.127,9.2051
169209,-0.1984,0.6946,0.1342,-36.8984,-16.0996,1.2227
169232,-0.1486,0.6783,0.1368,-28.0996,-20.9824,-10.4746
169255,-0.1523,0.6569,0.114,-18.416,-28.3789,-20.0273
169278,-0.1748,0.6533,0.1416,-11.8223,-34.6934,-24.3418
169301,-0.1434,0.6464,0.1117,-1.9199,-45.8398,-26.8145
169324,-0.1815,0.6868,0.0122,4.627,-53.8535,-25.5234
169347,-0.1536,0.8085,0.1,14.1367,-64.0,-19.2305
169370,0.0425,0.8594,0.1047,20.0957,-64.0,-8.998
169393,-0.064,0.9534,0.2712,27.9961,-64.0,0.1875
169416,-0.1907,1.0155,0.238,33.5781,-64.0,14.2285
169439,0.0544,0.8762,0.0339,35.1035,-64.0,23.3027
169462,-0.0829,0.842,0.1805,32.5801,-64.0,34.7949
169485,-0.0466,0.8602,0.1957,27.2695,-64.0,40.207
169508,-0.0424,0.9099,0.2021,14.5352,-51.2773,44.0664
169531,-0.082,0.8462,0.0483,-1.9434,-34.9551,42.6992
169554,-0.0973,0.8444,-0.1198,-13.7734,-23.9922,39.3086
169577,-0.1079,0.9514,-0.1163,-30.7148,-9.2891,31.6133
169600,-0.1267,0.9836,0.0472,-39.9512,-1.6543,25.4258
169623,0.0249,1.0609,0.278,-47.8848,5.2832,15.4707
169646,-0.0109,0.9641,0.241,-46.4336,6.2402,5.293
169669,-0.1592,0.8262,0.207,-40.3457,3.8809,-1.3145
169692,-0.2158,0.776,0.2373,-26.0059,-2.5703,-10.3164
169715,-0.021,0.7748,0.3213,-15.0117,-7.6055,-15.4219
169738,-0.0597,0.7256,0.3112,0.3398,-14.3633,-21.6953
169761,-0.1572,0.6475,0.2642,8.3203,-17.3379,-26.5078
169784,-0.2253,0.6108,0.0851,15.3027,-18.0391,-28.9453
169807,-0.1398,0.6301,0.1344,15.9199,-13.4102,-31.4375
169830,-0.1349,0.6676,0.1348,13.4824,-7.6621,-32.3379
169853,-0.1409,0.7036,0.1552,7.6055,3.5234,-32.4785
169876,-0.1746,0.7388,0.0819,3.4219,11.709,-31.6387
169899,-0.1947,0.7667,0.0336,-1.8008,23.5449,-28.6758
169922,-0.1149,0.8168,-0.0061,-4.9336,33.457,-23.6035
169945,-0.0653,0.9148,0.0081,-5.6602,38.4512,-19.2441
169968,-0.3087,1.1808,0.283,-4.5605,42.9824,-11.6582
169991,-0.0735,0.939,-0.0817,-2.5176,43.9551,-6.1758
170014,-0.1901,0.8278,0.0988,1.373,42.4824,1.8145
170037,-0.1307,0.7871,0.1047,4.5488,37.8105,8.2812
170060,-0.1581,0.7654,0.1355,5.6543,33.2148,11.2227
170083,-0.1416,0.7764,0.1154,5.5039,24.7969,13.3086
170106,-0.1195,0.7972,0.1251,4.2871,18.6641,13.2559
170129,-0.1147,0.7955,0.1293,1.2422,9.5664,11.5371
170152,-0.1978,0.8262,0.1526,-1.2188,1.5566,8.7969
170175,-0.1562,0.8308,0.1221,-4.8809,-2.6602,6.9668
170198,-0.14,0.7919,0.1276,-7.9453,-7.0605,4.8301
170221,-0.1329,0.7899,0.1274,-9.4902,-8.7344,3.9746
170244,-0.1316,0.9093,0.0779,-10.959,-9.6465,3.5859
170267,-0.1394,0.9243,0.1691,-11.3652,-9.3418,3.873
170290,-0.1317,0.811,0.1321,-11.1113,-7.7285,4.8965
170313,-0.1539,0.8275,0.1039,-9.7988,-4.9844,6.1621
170336,-0.1573,0.8378,0.0963,-8.3437,-2.5566,6.9023
170359,-0.1525,0.8459,0.0527,-5.5156,1.9609,7.7324
170382,-0.1287,0.8553,0.0101,-3.4922,5.3711,8.1641
170405,-0.0869,0.85,-0.0018,-1.0723,10.4023,8.9062
170428,0.0095,0.8748,0.0594,-0.7656,14.3086,10.1484
170451,-0.032,1.0745,0.2418,-2.5449,15.793,11.3672
170474,-0.0872,1.0544,0.3221,-8.8223,15.9238,13.6328
170497,-0.0846,1.0002,0.3942,-15.2031,14.5273,15.0703
170520,-0.1691,0.8112,0.4072,-26.6836,10.4414,15.8984
170543,-0.1123,0.655,0.218,-34.4727,4.9316,13.3789
170566,-0.1753,0.5785,0.2423,-44.4219,1.2109,9.1582
170589,-0.167,0.6094,0.3068,-50.2402,-3.3867,-0.9063
170612,-0.1764,0.6069,0.3209,-50.9668,-5.3066,-9.4238
170635,-0.1898,0.5773,0.2341,-47.0742,-5.834,-23.0488
170658,-0.1632,0.6083,0.1057,-41.7422,-4.3418,-31.4902
170681,-0.2042,0.699,0.1189,-31.4043,0.7402,-41.3008
170704,-0.2277,0.7635,0.2023,-20.2188,8.5566,-46.0703
170727,-0.2095,0.8196,0.1877,-13.0195,14.5801,-46.0625
170750,-0.2599,0.7677,0.0902,-3.3926,23.6133,-41.6328
170773,-0.2141,0.7539,0.0186,1.8086,28.9785,-36.3301
170796,-0.1072,0.9131,0.244,7.4023,35.1035,-26.2344
170819,-0.2769,0.9349,0.2156,10.752,38.1953,-15.207
170842,-0.2085,0.9171,0.2142,12.0566,38.5391,-8.0508
170865,-0.3182,0.7738,0.1332,12.7168,37.0117,1.4434
170888,-0.1667,0.812,0.1652,12.2246,35.0195,6.4141
170911,-0.2537,0.8207,0.1479,10.1855,31.1523,11.2227
170934,-0.2245,0.9376,0.1752,7.2129,26.8945,12.7363
170957,-0.2474,0.8374,0.1272,4.9746,24.209,12.0977
170980,-0.2512,0.7969,0.1638,2.1562,20.7656,9.2168
171003,-0.2565,0.7833,0.1434,0.8301,18.8691,6.4746
171026,-0.2634,0.7826,0.11,-0.127,16.4531,2.0488
171049,-0.2703,0.7982,0.1124,-0.1543,15.0039,-0.5937
171072,-0.22,0.7822,0.1512,0.2461,12.6895,-3.3965
171095,-0.2489,0.8531,0.1549,0.3672,9.5352,-4.2871
171118,-0.2269,0.7981,0.1307,-0.127,6.709,-3.7227
171141,-0.1844,0.7845,0.1766,-2.1445,1.2207,-1.293
171164,-0.2212,0.7544,0.1735,-4.4336,-3.2773,1.1797
171187,-0.174,0.8762,0.1954,-9.1973,-10.9707,5.7129
171210,-0.1573,0.7938,0.2329,-15.2754,-19.1504,10.7305
171233,-0.1489,0.7852,0.2714,-19.8066,-24.4492,14.0977
171256,-0.1078,0.8312,0.2893,-26.791,-31.4258,18.8711
171279,-0.0745,0.8135,0.2996,-31.2734,-35.002,21.7266
171302,-0.0872,0.8029,0.3009,-37.2617,-38.2148,25.2734
171325,-0.082,0.7894,0.2781,-41.8086,-38.5234,27.5625
171348,-0.0836,0.7783,0.2788,-43.8066,-37.1348,28.1875
171371,-0.0656,0.7797,0.2758,-45.2637,-33.0898,27.5996
171394,-0.0619,0.7692,0.4082,-45.4238,-29.5273,26.1895
171417,-0.0903,0.801,0.3718,-44.9844,-23.793,22.666
171440,-0.0853,0.754,0.4774,-44.5137,-20.1875,17.5
171463,-0.1124,0.7825,0.4613,-43.7031,-15.6387,13.7793
171486,-0.1478,0.772,0.4114,-42.4355,-12.1836,7.2734
171509,-0.1271,0.7659,0.4475,-40.9629,-10.3574,2.7539
171532,-0.1694,0.7711,0.3772,-37.2637,-8.1699,-3.8516
171555,-0.1725,0.7771,0.3612,-33.6504,-6.9785,-7.8574
171578,-0.1771,0.8118,0.2844,-26.7949,-5.4551,-12.8027
171601,-0.1935,0.7902,0.2844,-19.3926,-4.2656,-15.9746
171624,-0.1643,0.7615,0.1487,-15.1738,-3.7812,-16.9043
171647,-0.126,0.7543,0.1759,-12.0215,-3.7773,-16.3809
171670,-0.0417,0.6768,0.3618,-13.334,-4.5254,-14.7852
171693,0.0377,0.6718,0.5476,-21.7734,-7.5742,-10.9082
171716,-0.0337,0.6439,0.7833,-37.6914,-13.5391,-6.2363
171739,-0.0291,0.5768,0.7894,-51.4219,-18.8848,-3.4297
171762,-0.0277,0.5197,0.8464,-64.0,-27.8066,-0.8223
171785,-0.1107,0.5343,0.8976,-64.0,-33.5313,-0.6035
171808,-0.1672,0.4972,0.8647,-64.0,-40.3887,-2.709
171831,-0.1147,0.5358,0.8914,-64.0,-43.1387,-7.209
171854,-0.0994,0.547,0.916,-64.0,-43.959,-11.0312
171877,-0.1744,0.4891,0.8025,-64.0,-40.9434,-16.9648
171900,-0.2295,0.4292,0.7384,-64.0,-37.168,-20.3945
171923,-0.1775,0.4199,0.7794,-64.0,-29.7344,-23.8555
171946,-0.1221,0.439,0.8607,-64.0,-24.2344,-24.834
171969,-0.1865,0.3707,0.7954,-64.0,-16.2598,-24.4727
171992,-0.1776,0.3436,0.7601,-64.0,-9.6055,-22.4414
172015,-0.1055,0.379,0.9043,-64.0,-6.2344,-20.5391
172038,-0.1245,0.4163,1.0741,-52.9629,-2.918,-17.5137
172061,-0.1749,0.3615,1.0605,-43.8398,-1.748,-15.6797
172084,-0.1641,0.3167,0.9487,-30.3711,-1.1074,-13.416
172107,-0.2092,0.308,0.8624,-17.4121,-1.1152,-11.8008
172130,-0.2312,0.4253,1.0214,-8.9375,-1.0547,-11.1523
172153,-0.2971,0.4491,0.9325,4.5625,-0.3398,-11.0527
172176,-0.2524,0.4209,0.8414,14.7168,0.6328,-11.6934
172199,-0.101,0.4756,0.8596,32.0605,2.373,-13.9375
172222,-0.1567,0.4641,0.6494,44.8535,3.8027,-17.8379
172245,-0.201,0.4673,0.485,63.998,3.9316,-21.0957
172268,-0.1714,0.5032,0.384,63.998,3.7871,-25.9941
172291,-0.2742,0.5403,0.1636,63.998,3.6074,-28.5703
172314,-0.2963,0.6384,0.2546,63.998,3.8574,-30.3027
172337,-0.1283,0.9094,0.7113,63.998,4.5059,-29.6543
172360,-0.2206,0.8356,0.3284,63.998,5.8281,-26.0547
172383,-0.1968,0.825,0.3601,63.998,6.5156,-19.9277
172406,-0.1648,0.8634,0.3805,63.998,5.8691,-14.9082
172429,-0.1749,0.823,0.411,63.998,2.3379,-6.918
172452,-0.1207,0.7677,0.3756,63.998,-1.9121,-1.9004
172475,-0.152,0.7297,0.3154,63.998,-10.6758,4.2246
172498,-0.1156,0.7734,0.306,63.998,-20.8535,7.9785
172521,-0.1232,0.8378,0.4121,63.998,-27.418,9.0273
172544,-0.229,0.8257,0.2911,63.998,-35.4941,8.502
172567,-0.1692,0.8899,0.2338,59.4727,-39.0762,6.9434
172590,-0.1718,0.9163,0.2322,50.6563,-41.4766,3.293
172613,-0.1892,0.8875,0.2451,45.9277,-40.7734,-1.2852
172636,-0.2725,0.7955,0.2141,39.7793,-38.9609,-4.4902
172659,-0.1691,0.7538,0.2532,33.6914,-34.9297,-8.9824
172682,-0.2257,0.7117,0.264,29.2129,-31.8984,-11.502
172705,-0.158,0.6987,0.2811,21.7305,-27.6211,-14.3047
172728,-0.1381,0.6573,0.2667,16.4805,-25.2363,-15.4844
172751,-0.188,0.6555,0.2993,9.0137,-22.5039,-16.2617
172774,-0.1271,0.6709,0.2992,3.2109,-20.5938,-15.8633
172797,-0.1226,0.705,0.2935,0.8125,-19.5879,-14.9277
172820,-0.2222,0.7698,0.3129,-0.2891,-18.2676,-12.4336
172843,-0.2513,0.8225,0.2727,0.4531,-17.4082,-9.9824
172866,-0.0908,0.9274,0.3372,2.9746,-15.9531,-5.3477
172889,-0.1493,0.9388,0.3019,5.8828,-14.2754,-0.3965
172912,-0.2505,0.8228,0.179,7.2324,-13.0801,2.627
172935,-0.1388,0.8176,0.2866,7.4355,-11.1797,6.3262
172958,-0.1829,0.7587,0.2562,6.2793,-9.9062,8.041
172981,-0.1476,0.7906,0.2689,3.207,-8.1406,9.3047
173004,-0.1324,0.8112,0.2954,-0.1641,-6.6719,9.0352
173027,-0.1331,0.8021,0.2827,-2.2012,-5.9023,8.1504
173050,-0.1445,0.7793,0.2611,-3.8301,-5.0937,6.168
173073,-0.1433,0.8,0.2667,-3.9805,-4.7773,4.6719
173096,-0.1572,0.7761,0.2391,-2.9082,-4.5332,2.4863
173119,-0.139,0.8085,0.2531,-1.5117,-4.4492,1.1719
173142,-0.1648,0.8074,0.2651,1.1738,-4.2871,-0.5195
173165,-0.1582,0.7845,0.2363,3.9844,-3.9668,-1.8555
173188,-0.1486,0.7933,0.2407,5.6211,-3.666,-2.5684
173211,-0.1788,0.7869,0.2544,7.4141,-3.166,-3.4805
173234,-0.1782,0.7799,0.2146,8.1016,-2.8301,-4.0605
173257,-0.1383,0.7317,0.2103,8.3633,-2.4219,-5.0078
173280,-0.1727,0.6749,0.2327,7.75,-2.3887,-6.2109
173303,-0.2336,1.0381,0.2092,6.8691,-2.748,-7.2285
173326,-0.1476,0.848,0.2174,4.7129,-3.9453,-9.0137
173349,-0.2325,0.7986,0.2335,2.6504,-4.9805,-10.293
173372,-0.228,0.7793,0.204,-1.1328,-5.9258,-12.2129
173395,-0.3135,0.8016,0.1992,-5.1992,-4.6914,-13.9062
173418,-0.3314,0.833,0.1803,-7.8789,-2.0918,-14.7441
173441,-0.3461,0.8175,0.1858,-12.0312,4.3242,-15.1953
173464,-0.3102,0.7719,0.1393,-15.2988,9.6309,-14.6406
173487,-0.2187,0.7574,0.1608,-22.1523,17.6094,-11.8848
173510,-0.2219,0.6896,0.2356,-28.7695,22.1348,-8.4199
173533,-0.0157,0.8326,0.3171,-42.3516,26.9746,-0.5117
173556,-0.1021,0.9591,0.5721,-59.7168,29.0391,10.2656
173579,-0.035,0.8566,0.7897,-64.0,28.3652,18.3828
173602,-0.0309,0.8021,0.8275,-64.0,23.2969,30.209
173625,-0.0247,0.6665,0.7914,-64.0,17.1309,36.5918
173648,-0.0681,0.613,0.8804,-64.0,4.6387,42.0391
173671,-0.1819,0.5488,0.9083,-64.0,-9.7656,41.5273
173694,-0.2076,0.416,0.811,-64.0,-19.1133,37.9609
173717,-0.0946,0.2761,0.8947,-64.0,-31.0078,28.5254
173740,0.0094,0.2795,1.1158,-64.0,-37.0137,20.0664
173763,0.0199,0.2467,1.1866,-64.0,-43.1992,5.332
173786,-0.0726,0.2029,1.2275,-64.0,-46.6797,-9.7793
173809,-0.0492,0.2156,1.371,-64.0,-47.9551,-18.6719
173832,0.0056,0.1432,1.3177,-64.0,-49.3652,-28.2363
173855,0.0396,0.111,1.3398,-64.0,-50.9082,-31.2441
173878,0.1547,0.0908,1.209,-64.0,-55.7148,-30.0449
173901,0.2764,0.0649,1.1255,-64.0,-61.0859,-22.1055
173924,0.3405,0.092,1.058,-64.0,-64.0,-14.8633
173947,0.3737,0.1511,0.9945,-64.0,-64.0,-1.8906
173970,0.2889,0.1356,1.0352,-64.0,-64.0,6.5859
173993,0.21,0.0818,1.0449,-64.0,-64.0,17.832
174016,0.1587,0.0084,1.0219,-64.0,-64.0,24.1523
174039,0.1272,-0.0437,0.9393,-64.0,-64.0,32.0039
174062,0.0713,-0.0315,0.9664,-64.0,-61.1113,38.1328
174085,0.1147,-0.057,1.0167,-64.0,-43.0977,41.2363
174108,0.1764,-0.0994,1.0156,-52.4883,-13.7324,44.0098
174131,0.1946,-0.1218,0.9836,-41.8906,5.2539,44.3242
174154,0.16,-0.1499,0.9536,-26.3574,29.5996,42.3848
174177,0.1415,-0.1488,0.9312,-12.4453,46.3438,38.1738
174200,0.1809,-0.1582,0.9056,-4.6191,52.6172,34.7324
174223,0.157,-0.1675,0.8383,4.5332,55.041,29.6211
174246,0.1528,-0.1499,0.8409,8.918,52.7676,26.7383
174269,0.2069,-0.1129,0.8744,13.4043,45.3477,23.748
174292,0.2252,-0.0886,0.871,15.4746,38.8105,22.5801
174315,0.1866,-0.0583,0.8823,17.9941,28.2246,22.832
174338,0.1603,-0.0331,0.9054,20.4492,18.2578,24.7949
174361,0.166,-0.0626,0.9042,22.2188,12.5742,27.1719
174384,0.1779,-0.0514,0.8695,25.0332,5.9941,32.168
174407,0.1815,-0.014,0.8669,26.8926,3.0195,36.1973
174430,0.1539,0.0638,0.8827,29.5215,0.6836,42.6582
174453,0.1147,0.1365,0.9124,32.0176,0.8887,48.7773
174476,0.1119,0.1669,0.9249,33.7051,2.416,52.2559
174499,0.1034,0.1628,0.8746,36.3164,6.5156,56.1914
174522,0.1064,0.1868,0.8735,38.0117,10.082,57.9023
174545,0.1001,0.2164,0.8844,40.3125,15.7812,59.2051
174568,0.1152,0.2422,0.8649,42.2969,20.7324,59.248
174591,0.1317,0.2943,0.8914,43.5059,23.0938,58.6797
174614,0.142,0.3196,0.8864,45.2988,24.8516,56.9395
174637,0.085,0.3571,0.8893,46.5527,24.8477,55.1523
174660,0.079,0.3634,0.8792,48.5293,23.4434,51.4863
174683,0.0714,0.3573,0.8177,49.8105,21.0391,46.6406
174706,0.0038,0.3969,0.8282,51.2988,19.2422,42.8281
174729,-0.0414,0.3765,0.8524,51.7559,16.7266,36.4727
174752,-0.0039,0.3307,0.7853,51.2363,15.3437,31.9766
174775,0.0298,0.2872,0.8387,48.8672,13.7187,25.0469
174798,0.0767,0.2942,0.8503,46.082,12.8027,20.4199
174821,0.0057,0.2632,0.8608,40.0137,11.3809,13.8125
174844,-0.0707,0.2899,0.7783,31.8066,9.7871,8.2148
174867,-0.0018,0.3668,1.0072,25.4414,8.7383,5.3379
174890,-0.001,0.3129,0.9086,15.4707,7.3301,2.4121
174913,-0.047,0.3055,0.9346,9.0781,6.5039,1.3105
174936,-0.0568,0.3362,0.947,0.4707,5.3984,0.7754
174959,-0.006,0.3447,0.8923,-6.5664,4.3887,1.4023
174982,0.168,0.3582,0.978,-10.293,3.6289,2.3184
175005,0.3171,0.4648,1.067,-14.416,2.0391,4.1699
175028,0.1486,0.4718,1.033,-16.2441,0.6621,5.6484
175051,-0.0704,0.2249,0.7097,-18.1055,-1.1641,8.4785
175074,0.1732,0.3169,1.071,-19.627,-1.3652,12.1562
175097,0.0388,0.1575,0.9392,-20.0977,-0.2012,14.623
175120,-0.0217,0.1554,1.0427,-19.4277,3.5098,17.2539
175143,0.0681,0.2043,1.0332,-17.582,7.0957,17.7637
175166,-0.0485,0.2578,0.8894,-12.3164,13.5039,16.1563
175189,-0.051,0.3076,0.92,-7.1367,18.2363,13.4727
175212,-0.2206,0.3868,0.8364,2.9805,25.9336,7.3437
175235,-0.1168,0.4994,0.8408,15.6152,33.9023,-0.4785
175258,-0.1583,0.494,0.8186,25.1172,38.5781,-6.002
175281,-0.1155,0.5524,0.8174,39.9004,42.8477,-13.7422
175304,-0.072,0.6014,0.7926,49.1328,43.0234,-18.0879
175327,-0.116,0.6967,0.7676,60.2227,38.7051,-22.9902
175350,-0.0479,0.6637,0.8433,63.998,29.5293,-25.998
175373,-0.3162,0.7622,1.1522,63.998,21.5586,-27.1543
175396,-0.1827,0.2948,-0.0416,61.3633,8.4062,-27.9688
175419,-0.1075,0.4966,0.6808,52.9375,-0.2949,-28.1719
175442,-0.1123,0.4021,0.5101,34.1465,-12.2168,-28.6504
175465,-0.0889,0.1273,0.3507,11.291,-22.1484,-29.9883
175488,-0.1541,0.0004,0.3673,-4.4453,-27.0781,-31.5254
175511,-0.1049,0.0426,0.4624,-26.4512,-30.252,-34.8105
175534,-0.0922,0.1478,0.5719,-38.5938,-29.0527,-37.4063
175557,-0.1196,0.0564,0.7224,-50.7344,-23.0332,-40.9043
175580,-0.1547,-0.0696,0.8683,-54.0527,-17.1309,-42.2324
175603,-0.168,-0.11,0.9913,-52.1719,-7.3379,-41.6465
175626,-0.1859,-0.1703,0.9916,-44.2305,1.0977,-37.3691
175649,-0.2065,-0.0806,0.965,-37.334,4.7754,-32.5586
175672,-0.2393,0.0038,1.0209,-27.0859,6.5586,-23.2578
175695,-0.2058,0.1522,1.1462,-21.1406,5.498,-16.5449
175718,-0.1637,0.2267,1.3168,-13.582,1.707,-7.5645
175741,-0.1013,0.1985,1.3668,-6.7227,-3.2285,-1.9824
175764,0.0112,0.2081,1.2853,-2.2793,-6.6895,-0.9277
175787,0.0045,0.2253,1.042,3.5859,-12.0645,-3.4512
175810,-0.1002,0.3053,0.92,6.3652,-15.5762,-7.3652
175833,-0.0292,0.4363,1.0333,8.5625,-19.7539,-15.1289
175856,-0.0375,0.4446,1.0776,9.7812,-21.4063,-23.3145
175879,-0.1595,0.4222,0.943,11.1562,-20.8047,-28.0742
175902,-0.2533,0.4515,0.7908,14.9766,-17.457,-33.0117
175925,-0.251,0.5352,0.7427,18.7031,-13.8926,-34.4629
175948,-0.1906,0.6034,0.8835,25.7363,-7.459,-34.041
175971,-0.1625,0.6965,1.0425,31.1934,-3.0801,-31.5684
175994,-0.3236,0.5138,0.7839,39.7441,2.7285,-29.8047
176017,-0.321,0.3665,0.6139,46.3262,6.9414,-27.6563
176040,-0.1785,0.4241,0.835,48.1113,8.6621,-27.1836
176063,-0.1764,0.449,0.8256,46.0684,9.6465,-28.5977
176086,-0.2344,0.4661,0.8192,41.9219,9.3379,-30.9258
176109,-0.214,0.4979,0.8602,32.8848,7.5508,-35.5
176132,-0.2065,0.5123,0.8824,22.5156,4.5449,-39.7031
176155,-0.2336,0.5544,0.8185,16.002,2.3965,-41.5391
176178,-0.2406,0.6545,0.8235,8.2129,0.0195,-42.1543
176201,-0.2119,0.782,1.0043,4.9277,-0.5215,-40.9668
176224,-0.3054,0.7156,0.8743,3.2812,0.748,-36.8008
176247,-0.3788,0.6461,0.7341,4.3965,4.8125,-30.1094
176270,-0.3792,0.6549,0.9008,5.3145,8.9336,-24.6523
176293,-0.2867,0.6417,1.0219,4.9551,16.0742,-15.916
176316,-0.277,0.5371,0.9437,2.7305,20.2227,-10.2793
176339,-0.3251,0.4202,0.8352,-4.4824,23.4316,-2.8027
176362,-0.3862,0.3859,0.791,-11.9297,22.9941,3.0547
176385,-0.3706,0.3566,0.8494,-25.9688,18.7598,5.8867
176408,-0.2373,0.2795,0.8677,-40.9316,11.459,8.1738
176431,-0.1262,0.222,0.808,-49.9121,5.6211,8.1309
176454,-0.1344,0.2123,0.8022,-60.0801,-3.4473,5.5215
176477,-0.2733,0.2094,0.8147,-63.9238,-8.8906,2.3398
176500,-0.3204,0.2162,0.8014,-64.0,-14.7383,-3.498
176523,-0.3246,0.2598,0.8041,-59.6523,-16.7578,-9.0684
176546,-0.3116,0.2869,0.8033,-53.8848,-15.8809,-12.0195
176569,-0.2727,0.2212,1.1428,-43.5371,-11.6523,-15.0625
176592,-0.3394,0.1182,1.4044,-36.8359,-7.3145,-16.2969
176615,-0.442,0.0364,0.9655,-29.4766,0.1562,-17.1113
176638,-0.3578,0.1653,0.8057,-28.1348,6.6406,-16.457
176661,-0.2765,0.2129,0.8644,-31.4707,9.4961,-15.1035
176684,-0.271,0.1663,0.9039,-42.1934,10.9707,-11.8809
176707,-0.2911,0.0497,0.882,-51.8828,10.1133,-9.1895
176730,-0.3282,0.0332,0.8496,-64.0,6.709,-4.8301
176753,-0.3633,0.1143,0.9401,-64.0,1.6074,-0.5195
176776,-0.3452,0.1139,1.0626,-64.0,-1.2773,2.1426
176799,-0.269,0.0955,1.1117,-64.0,-5.4609,5.4492
176822,-0.2267,0.0082,1.0757,-64.0,-7.4277,6.8945
176845,-0.234,0.0023,1.0186,-63.1504,-8.5684,7.5293
176868,-0.2932,0.0889,1.0144,-51.1582,-7.9297,6.9844
176891,-0.3212,0.0483,0.9626,-32.1777,-5.1367,5.4277
176914,-0.1897,0.0729,0.9304,-14.5293,-1.8809,4.168
176937,-0.1777,0.1323,0.9578,-4.3457,-0.9961,4.043
176960,-0.2596,0.1265,0.9863,8.1777,-3.6504,5.4551
176983,-0.3442,0.1136,0.9971,14.752,-8.3887,7.6113
177006,-0.3018,0.1028,0.978,22.123,-18.3867,12.459
177029,-0.2264,0.1345,0.9867,26.6738,-28.6953,18.2227
177052,-0.1534,0.1742,0.899,28.2324,-34.0996,21.7012
177075,-0.188,0.1852,0.986,28.5137,-38.4082,25.1348
177098,-0.2451,0.2178,1.0125,27.5352,-38.3828,25.8789
177121,-0.2853,0.1998,0.9843,24.877,-34.127,24.8242
177144,-0.2885,0.1785,0.9203,22.5664,-25.6504,21.8984
177167,-0.2466,0.2069,0.9503,18.4141,-18.459,19.3672
177190,-0.2267,0.2258,0.9741,13.5137,-7.0937,15.2285
177213,-0.1962,0.181,0.994,9.9961,-0.2676,12.418
177236,-0.1545,0.2015,0.9689,4.709,7.1738,8.2031
177259,-0.1403,0.1604,0.957,1.3594,9.6309,5.4199
177282,-0.1422,0.1705,0.9635,-3.2441,9.2578,1.5
177305,-0.1494,0.1643,0.9753,-7.2793,4.832,-1.6426
177328,-0.1758,0.1665,0.9603,-9.6836,0.5664,-3.0117
177351,-0.2037,0.1389,0.9584,-12.9922,-6.0684,-3.6152
177374,-0.2209,0.1216,0.9576,-15.0625,-9.7344,-2.9492
177397,-0.2351,0.116,0.9773,-17.9102,-13.0586,-0.459
177420,-0.223,0.1366,0.9956,-20.0977,-13.3711,3.2695
177443,-0.1801,0.1647,1.0148,-20.9043,-12.1172,5.9551
177466,-0.1727,0.1493,0.9543,-20.8574,-8.877,9.4258
177489,-0.1862,0.1266,0.9259,-20.0391,-6.3633,10.9609
177512,-0.2,0.1477,0.9711,-17.9785,-2.8086,11.7383
177535,-0.2039,0.1648,0.9879,-15.2422,0.0176,10.6934
177558,-0.2062,0.1453,0.9757,-13.3457,1.3867,9.127
177581,-0.1993,0.1256,0.9685,-10.457,2.6543,5.8047
177604,-0.2067,0.1123,0.9537,-8.7676,3.0137,3.1699
177627,-0.2162,0.116,0.958,-6.8574,2.9863,-0.9648
177650,-0.2141,0.1138,0.9717,-6.0488,2.7305,-3.5723
177673,-0.2097,0.1029,1.0112,-5.4336,2.2051,-6.8555
177696,-0.2349,0.0675,0.9985,-5.3535,1.6777,-8.9824
177719,-0.2517,0.0522,0.9946,-5.5625,1.4141,-9.5781
177742,-0.2426,0.0619,0.9969,-6.2793,1.293,-9.1055
177765,-0.2219,0.0663,0.9607,-6.9629,1.4258,-7.9414
177788,-0.1962,0.0891,0.925,-8.0488,1.8262,-5.3008
177811,-0.1948,0.1191,0.9337,-8.7969,2.1152,-2.2422
177834,-0.196,0.1533,0.9829,-8.873,2.0059,-0.3418
177857,-0.1982,0.1709,0.9686,-8.0937,1.1191,1.8672
177880,-0.2019,0.1882,0.9489,-6.9492,0.0059,2.7363
177903,-0.2045,0.2059,0.9692,-4.4746,-2.2891,3.0078
177926,-0.182,0.1974,1.0238,-1.5,-4.9961,2.0605
177949,-0.1251,0.1642,1.0439,0.4687,-6.8301,0.8086
177972,-0.0989,0.1578,1.0837,2.8437,-9.3789,-1.8281
177995,-0.1074,0.1243,1.0671,3.6992,-10.8496,-3.9043
178018,-0.1959,0.0691,1.0675,3.3437,-12.541,-6.9355
178041,-0.2384,0.0338,0.9913,1.7656,-13.127,-9.4824
178064,-0.2426,0.0146,0.9807,-2.7559,-12.791,-9.5352
178087,-0.2321,-0.0199,1.006,-9.3613,-10.7832,-9.0215
178110,-0.217,-0.0312,0.9932,-14.2832,-8.6094,-8.0937
178133,-0.2164,-0.0179,0.988,-21.1582,-4.5742,-6.4414
178156,-0.229,-0.0066,0.9684,-24.6934,-1.7246,-5.4297
178179,-0.23,0.0111,0.9631,-27.5996,2.1992,-4.1914
178202,-0.2114,0.0283,0.9558,-27.373,5.1934,-3.168
178225,-0.2134,0.0405,0.9694,-25.6738,6.4902,-2.4922
178248,-0.2104,0.0571,1.0265,-21.418,7.2715,-1.3359
178271,-0.1879,0.0693,1.0488,-17.8633,7.0273,-0.4199
178294,-0.1781,0.0681,1.0043,-12.1836,5.666,1.1563
178317,-0.1938,0.069,0.9753,-6.9785,3.4902,2.873
178340,-0.2067,0.0811,0.9768,-4.1758,1.8926,4.0137
178363,-0.2141,0.097,0.9812,-1.2559,-0.2852,5.5859
178386,-0.2153,0.113,1.0032,-0.1445,-1.4238,6.4629
178409,-0.2129,0.0999,0.9949,0.5176,-2.541,7.3828
178432,-0.1941,0.1049,0.9713,0.4551,-2.9004,7.6543
178455,-0.2374,0.0876,1.0208,-0.1289,-2.9707,7.4082
178478,-0.2299,0.069,1.0031,-1.0195,-2.6445,6.416
178501,-0.205,0.0524,0.9839,-1.6582,-2.3066,5.3945
178524,-0.2136,0.0419,0.9989,-2.5469,-1.7715,3.4551
178547,-0.2028,0.0372,1.0045,-3.041,-1.4551,2.0039
178570,-0.1942,0.0386,1.0176,-3.5703,-1.1016,-0.1406
178593,-0.2036,0.0369,0.995,-3.8672,-0.8887,-1.9082
178616,-0.2085,0.0448,0.9712,-3.998,-0.791,-2.7031
178639,-0.2407,0.0623,0.9788,-4.2031,-0.6191,-3.1309
178662,-0.2571,0.0675,0.9844,-4.3594,-0.4414,-2.8594
178685,-0.2206,0.0664,0.9747,-4.5762,-0.0703,-1.7012
178708,-0.2009,0.0648,0.9694,-4.7305,0.2812,0.0371
178731,-0.2151,0.0562,0.978,-4.8027,0.3965,1.291
178754,-0.2155,0.0577,0.9796,-4.9043,0.2656,3.0527
178777,-0.2074,0.0648,0.9907,-4.9727,-0.0566,4.0508
178800,-0.2048,0.0703,1.0009,-5.0293,-0.8906,5.1934
178823,-0.2029,0.0684,1.006,-4.9805,-2.1426,5.8555
178846,-0.1997,0.0594,1.0037,-4.7109,-2.9492,6.0254
178869,-0.1946,0.0562,1.0016,-4.2461,-4.291,5.8906
178892,-0.1946,0.0669,1.0074,-3.8867,-5.1074,5.5762
178915,-0.197,0.0748,1.0286,-3.3594,-6.0879,4.875
178938,-0.1895,0.0676,1.0084,-3.0566,-6.5254,4.3242
178961,-0.1858,0.063,0.995,-2.7656,-6.8008,3.4941
178984,-0.1946,0.0603,0.9927,-2.7578,-6.6074,2.7637
179007,-0.1937,0.0649,1.0045,-2.9102,-6.252,2.3828
179030,-0.1896,0.0692,1.0146,-3.2891,-5.4844,1.9941
179053,-0.2,0.0626,0.9985,-3.5781,-4.8945,1.8457
179076,-0.1923,0.0732,0.9941,-3.9805,-3.9746,1.7383
179099,-0.1984,0.0734,0.9844,-4.2617,-3.1035,1.7012
179122,-0.1923,0.0692,0.9884,-4.3555,-2.6055,1.6777
179145,-0.1836,0.0707,1.0024,-4.3574,-2.0762,1.5918
179168,-0.1932,0.0649,1.0023,-4.2773,-1.8984,1.4746
179191,-0.194,0.0664,1.0063,-4.0703,-1.8906,1.1875
179214,-0.1967,0.0603,0.9948,-3.8965,-2.1445,0.7949
179237,-0.1942,0.0531,0.9707,-3.6387,-2.4121,0.5
179260,-0.196,0.0521,0.9669,-3.4473,-2.8535,0.0293
179283,-0.2006,0.058,0.9594,-3.3496,-3.1191,-0.291
179306,-0.1897,0.0555,0.9561,-3.1074,-3.4375,-0.7656
179329,-0.1888,0.0635,0.9307,-2.75,-3.6035,-1.0762
179352,-0.1705,0.0876,0.9119,-1.5918,-3.75,-1.5684
179375,-0.1998,0.1306,1.1154,0.8418,-3.4355,-2.1426
179398,-0.2185,0.1464,1.0775,3.4297,-2.7187,-2.5645
179421,-0.1776,0.1562,1.0775,8.5625,-1.1328,-3.127
179444,-0.1644,0.1215,1.0181,12.2187,-0.1113,-3.3965
179467,-0.1971,0.0813,0.9508,16.5059,0.7852,-3.5742
179490,-0.2053,0.0698,0.95,17.6855,0.7031,-3.3652
179513,-0.207,0.0706,0.9764,16.3516,0.1934,-2.9648
179536,-0.1826,0.0846,0.9912,11.6953,-0.9668,-1.9863
179559,-0.1698,0.0981,1.0194,7.5391,-1.8242,-1.1699
179582,-0.1837,0.1174,1.0093,1.1348,-2.9727,0.1113
179605,-0.2074,0.1113,0.964,-4.0801,-3.6973,1.3105
179628,-0.2006,0.1166,0.9707,-6.6992,-3.8359,2.0176
179651,-0.1908,0.1204,0.9902,-8.877,-3.4902,2.8691
179674,-0.1868,0.1157,1.0006,-9.3203,-2.959,3.252
179697,-0.1907,0.1052,0.9866,-8.8066,-1.9453,3.4922
179720,-0.202,0.0908,0.9802,-7.9648,-1.2637,3.4375
179743,-0.2023,0.088,0.98,-6.4746,-0.3926,3.0996
179766,-0.1935,0.0907,0.9835,-5.1699,0.1719,2.5723
179789,-0.1882,0.1007,0.9982,-4.5332,0.334,2.1719
179812,-0.1952,0.1061,0.9843,-3.9531,0.2422,1.5684
179835,-0.199,0.1079,0.9869,-3.7871,-0.0039,1.2031
179858,-0.1987,0.1041,0.9806,-3.8047,-0.5664,0.75
179881,-0.1913,0.1029,0.9857,-4.0371,-1.252,0.4258
179904,-0.1812,0.1053,1.0105,-4.2344,-1.7207,0.2637
179927,-0.1859,0.0917,1.0045,-4.4883,-2.3691,0.0547
179950,-0.1837,0.0908,1.0048,-4.6055,-2.7207,-0.0859
179973,-0.1962,0.0869,0.9955,-4.7266,-3.0527,-0.3145
179996,-0.2058,0.0812,0.9752,-4.8379,-3.0801,-0.5312
180019,-0.1992,0.0887,0.9747,-4.9316,-2.9199,-0.6426
180042,-0.1996,0.0903,0.9718,-5.082,-2.4609,-0.7227
180065,-0.2061,0.0897,0.9565,-5.1602,-2.0566,-0.7109
180088,-0.2046,0.0994,0.9757,-5.1934,-1.4063,-0.5879
180111,-0.1927,0.1041,0.9989,-5.123,-1.0137,-0.4395
180134,-0.1885,0.0917,0.9955,-4.8437,-0.6426,-0.1504
180157,-0.1792,0.0931,0.9908,-4.418,-0.6738,0.1504
180180,-0.1908,0.1041,1.0021,-4.1133,-0.9414,0.3223
180203,-0.1969,0.1097,0.9904,-3.6934,-1.6328,0.502
180226,-0.1844,0.1145,0.9908,-3.4746,-2.1992,0.5605
180249,-0.1854,0.1075,0.9949,-3.2852,-3.0684,0.5156
180272,-0.1859,0.0948,0.9822,-3.3145,-3.8262,0.2461
180295,-0.1884,0.0865,0.9902,-3.459,-4.209,-0.0859
180318,-0.184,0.0883,1.0042,-3.8008,-4.5488,-0.8164
180341,-0.1912,0.0762,1.0115,-4.043,-4.6133,-1.4258
180364,-0.1785,0.069,1.0021,-4.3379,-4.4922,-2.4258
180387,-0.1912,0.0619,0.9935,-4.5488,-4.1836,-3.3633
180410,-0.199,0.059,0.9833,-4.6602,-3.9082,-3.8555
180433,-0.1897,0.0767,1.0061,-4.793,-3.4277,-4.25
180456,-0.1885,0.0775,1.002,-4.8242,-3.0937,-4.2383
180479,-0.1892,0.0839,0.999,-4.7383,-2.6133,-3.7773
180502,-0.1859,0.0883,0.9883,-4.5996,-2.3281,-2.8223
180525,-0.1862,0.0908,0.9706,-4.3203,-1.9648,-1.9609
180548,-0.1865,0.1042,1.001,-4.0215,-1.6621,-0.4629
180571,-0.1815,0.1101,1.0045,-3.8105,-1.4785,0.5703
180594,-0.1888,0.1154,0.9983,-3.4512,-1.207,1.9668
180617,-0.1991,0.1111,0.9896,-3.1895,-1.0039,2.6914
180640,-0.1968,0.0963,0.9758,-2.832,-0.6504,3.3437
180663,-0.199,0.0885,0.9961,-2.6328,-0.2793,3.4023
180686,-0.1964,0.0737,0.9875,-2.6328,-0.0625,3.123
180709,-0.1976,0.0657,0.9858,-2.8418,0.1582,2.3203
180732,-0.1918,0.0684,0.9988,-3.0996,0.2148,1.6309
180755,-0.1804,0.0714,0.9943,-3.5645,0.1504,0.5742
180778,-0.1802,0.0829,0.9941,-3.9824,-0.0645,-0.2715
180801,-0.2076,0.1044,1.0027,-4.1562,-0.25,-0.6113
180824,-0.2056,0.1107,0.9924,-4.1738,-0.502,-0.6875
180847,-0.184,0.1115,0.9799,-4.0273,-0.6035,-0.4609
180870,-0.2043,0.1066,0.9882,-3.6777,-0.6328,0.1582
180893,-0.2021,0.0901,0.99,-3.4297,-0.5645,0.8633
180916,-0.2001,0.0828,0.9883,-3.1348,-0.3555,1.2422
180939,-0.2083,0.0764,0.9857,-2.9707,-0.084,1.5254
180962,-0.219,0.0769,0.986,-2.9297,0.1016,1.4961
180985,-0.2052,0.0798,0.9783,-2.9648,0.3574,1.1699
181008,-0.204,0.0868,0.9869,-3.0449,0.4941,0.8223
181031,-0.2058,0.0839,0.9723,-3.2129,0.5918,0.2227
181054,-0.2043,0.0922,0.9766,-3.4062,0.4707,-0.332
181077,-0.2073,0.1028,0.9858,-3.5312,0.2461,-0.6133
181100,-0.2104,0.0935,0.9788,-3.6758,-0.3047,-0.8691
181123,-0.1929,0.098,0.9893,-3.7344,-0.7949,-0.9375
181146,-0.1937,0.0948,0.9906,-3.7637,-1.6641,-0.9551
181169,-0.2018,0.0845,1.0107,-3.7617,-2.6016,-0.9531
181192,-0.1941,0.0793,1.0104,-3.7695,-3.2012,-0.9668
181215,-0.1903,0.0685,1.0009,-3.8379,-3.9746,-1.0176
181238,-0.1919,0.0645,1.0311,-3.9414,-4.3594,-1.0547
181261,-0.1918,0.0774,1.021,-4.1797,-4.6777,-1.0527
181284,-0.1912,0.0868,1.0012,-4.3594,-4.6172,-0.9102
181307,-0.1979,0.0969,0.9919,-4.5898,-4.3555,-0.7148
181330,-0.2052,0.1082,0.9863,-4.7305,-3.6484,-0.2715
181353,-0.2103,0.1023,0.9764,-4.7695,-2.9961,0.0996
181376,-0.2031,0.1044,0.9865,-4.752,-1.8223,0.6777
181399,-0.2,0.0906,0.9889,-4.7031,-0.9844,0.9961
181422,-0.2037,0.0757,0.9897,-4.6035,0.2148,1.2363
181445,-0.2079,0.0753,1.0048,-4.5352,1.1934,1.0957
181468,-0.209,0.0695,0.9972,-4.5215,1.668,0.793
181491,-0.2056,0.0724,0.9884,-4.5352,2.0762,0.1113
181514,-0.2169,0.0746,0.9766,-4.543,2.1562,-0.4277
181537,-0.2238,0.0754,0.9725,-4.502,2.0605,-1.2148
181560,-0.214,0.0825,0.9796,-4.3555,1.8418,-1.8301
181583,-0.2157,0.0808,0.9762,-4.1777,1.6758,-2.0937
181606,-0.2296,0.0807,0.9769,-3.8164,1.4023,-2.2422
181629,-0.2244,0.0774,0.9818,-3.5449,1.1934,-2.1758
181652,-0.2197,0.0664,0.9738,-3.1777,0.8184,-1.8691
181675,-0.2114,0.0612,0.9988,-2.5137,0.334,-1.3906
181698,-0.2056,0.0701,1.0153,-2.9258,-0.0605,-1.0176
181721,-0.2086,0.0758,1.0087,-2.9668,-0.748,-0.4062
181744,-0.2117,0.0857,0.9834,-3.0234,-1.2324,0.0371
181767,-0.2184,0.0936,0.9751,-3.1289,-1.8867,0.7715
181790,-0.2147,0.1051,0.9703,-3.2031,-2.2187,1.3066
181813,-0.2146,0.1077,0.9791,-3.2969,-2.5059,2.123
181836,-0.2108,0.1073,0.9854,-3.3359,-2.5684,2.834
181859,-0.2045,0.1018,0.9991,-3.3301,-2.543,3.1641
181882,-0.2119,0.0857,0.99,-3.2812,-2.4863,3.3281
181905,-0.2158,0.0735,0.9867,-3.2383,-2.4492,3.1758
181928,-0.2122,0.0784,0.9977,-3.2051,-2.3926,2.5586
181951,-0.2119,0.0717,0.989,-3.2344,-2.3496,1.5957
181974,-0.2092,0.0753,0.9806,-3.3027,-2.3359,0.8633
181997,-0.2164,0.0839,0.9829,-3.4883,-2.3574,-0.1914
182020,-0.2126,0.0912,0.9829,-3.6465,-2.4043,-0.7715
182043,-0.2045,0.1007,0.9904,-3.877,-2.5332,-1.3672
182066,-0.1984,0.1085,1.0101,-4.0352,-2.7441,-1.6367
182089,-0.1921,0.1022,1.0336,-4.0801,-2.9277,-1.6875
182112,-0.1858,0.0969,1.0454,-4.0684,-3.2383,-1.6953
182135,-0.1923,0.0885,1.0294,-4.0273,-3.416,-1.7285
182158,-0.2063,0.0741,1.0071,-3.9922,-3.5039,-1.9121
182181,-0.2181,0.0636,1.0045,-4.0527,-3.3398,-2.1445
182204,-0.2335,0.0582,0.9762,-4.3672,-2.6016,-2.6465
182227,-0.2574,0.0426,0.9298,-4.9941,-1.1641,-3.2344
182250,-0.2627,0.0347,0.9067,-5.5859,0.1387,-3.5957
182273,-0.2395,0.028,0.9294,-6.6602,2.3535,-3.9805
182296,-0.2367,0.0338,0.9714,-7.3965,3.7773,-4.0977
182319,-0.2352,0.0498,1.0046,-8.2539,5.4238,-4.0254
182342,-0.2258,0.0592,1.0055,-8.4902,6.123,-3.5742
182365,-0.2194,0.0693,1.0114,-8.2187,5.9727,-3.0293
182388,-0.2236,0.0791,1.014,-7.2637,4.8789,-1.8496
182411,-0.225,0.083,1.0131,-6.3887,3.709,-0.8574
182434,-0.2205,0.0909,1.0115,-4.9668,1.6543,0.8125
182457,-0.2233,0.0807,1.0039,-3.6621,-0.293,2.4902
182480,-0.2187,0.0812,0.9825,-2.9609,-1.293,3.4863
182503,-0.2352,0.085,0.9762,-2.2363,-2.0918,4.6387
182526,-0.2499,0.0891,0.9656,-1.9805,-2.0996,5.125
182549,-0.2471,0.097,0.976,-1.8887,-1.3926,5.3906
182572,-0.2466,0.0842,0.9653,-1.9766,-0.5684,5.2676
182595,-0.2377,0.0715,0.969,-2.2559,0.8984,4.668
182618,-0.2441,0.0677,0.9847,-2.6504,2.2559,3.6602
182641,-0.2483,0.0631,0.9918,-2.9336,2.9238,2.8437
182664,-0.245,0.0657,0.9873,-3.3242,3.4141,1.5469
182687,-0.2516,0.0702,0.9935,-3.5352,3.3926,0.7246
182710,-0.2433,0.0747,0.9828,-3.7383,2.9375,-0.3203
182733,-0.248,0.0759,0.9672,-3.8008,2.1816,-1.043
182756,-0.2545,0.0845,0.9608,-3.7773,1.625,-1.3281
182779,-0.2611,0.0809,0.9613,-3.6582,0.8516,-1.4824
182802,-0.259,0.0737,0.9645,-3.5332,0.416,-1.4453
182825,-0.2516,0.0665,0.97,-3.3008,-0.127,-1.2695
182848,-0.2511,0.0542,0.967,-3.0488,-0.5996,-1.0703
182871,-0.2534,0.062,0.9723,-2.8926,-0.9258,-0.9707
182894,-0.2649,0.0659,0.9576,-2.6797,-1.5039,-0.8926
182917,-0.2571,0.0605,0.9415,-2.5527,-1.9883,-0.873
182940,-0.2484,0.0712,0.9683,-2.3652,-2.9258,-0.8691
182963,-0.2322,0.0836,0.9891,-2.1855,-3.7187,-0.9063
182986,-0.2141,0.0986,1.007,-1.6621,-5.2012,-0.9785
183009,-0.213,0.0969,1.0061,-0.623,-7.0117,-1.2148
183032,-0.2299,0.068,0.9417,0.4375,-8.3242,-1.4785
183055,-0.2148,0.0789,0.9005,2.6562,-10.2949,-2.002
183078,-0.2283,0.1182,0.9595,4.6855,-11.5977,-2.4062
183101,-0.1877,0.181,1.114,9.0293,-13.6855,-3.0332
183124,-0.1906,0.1787,1.0441,15.4297,-16.1797,-3.7246
183147,-0.2063,0.1807,0.9336,20.7324,-18.0332,-4.3242
183170,-0.1654,0.2162,1.0085,29.416,-20.7832,-5.5762
183193,-0.1345,0.2639,1.0367,35.2051,-22.3438,-6.7109
183216,-0.1771,0.162,0.9556,43.3848,-23.8574,-8.918
183239,-0.2716,0.0896,0.7988,50.8652,-23.9824,-11.7344
183262,-0.2562,0.2594,0.9512,55.7617,-23.0938,-13.9395
183285,-0.1538,0.374,1.2784,63.8438,-20.3535,-17.6914
183308,-0.1188,0.4375,1.2084,63.998,-18.0098,-20.4063
183331,-0.2465,0.4265,0.8469,63.998,-14.7266,-24.4453
183354,-0.3193,0.3724,0.741,63.998,-12.0488,-27.7246
183377,-0.2793,0.4058,0.839,63.998,-11.4336,-29.1367
183400,-0.1555,0.4998,0.9207,63.998,-11.1797,-30.0469
183423,-0.1384,0.4865,0.8861,63.998,-12.2695,-30.1289
183446,-0.1493,0.5581,0.7247,63.998,-16.8066,-30.1484
183469,-0.1433,0.5447,0.6844,63.998,-22.209,-30.4219
183492,-0.1395,0.5685,0.5918,63.998,-33.7734,-31.6699
183515,0.0334,0.5154,0.5018,63.998,-48.4648,-34.3223
183538,0.1782,0.3928,0.4834,63.998,-59.3594,-36.9258
183561,0.0695,0.4296,0.5632,63.998,-64.0,-41.5508
183584,-0.1514,0.5944,0.6599,63.998,-64.0,-44.3555
183607,-0.1996,0.5979,0.5385,63.998,-64.0,-46.4824
183630,-0.0946,0.6191,0.4176,63.998,-64.0,-44.7813
183653,-0.0795,0.7314,0.4753,63.998,-64.0,-41.6348
183676,-0.0806,0.7924,0.5663,63.998,-64.0,-35.3086
183699,0.0369,0.8134,0.5051,63.998,-64.0,-31.0117
183722,0.0851,0.7755,0.4335,63.998,-64.0,-25.6309
183745,0.0505,0.7898,0.5206,63.998,-64.0,-21.9063
183768,0.089,0.7784,0.5364,63.998,-58.5273,-20.207
183791,0.1205,0.76,0.3838,63.998,-51.8105,-18.6035
183814,0.014,0.718,0.3577,54.8125,-48.5488,-18.084
183837,-0.1322,0.7396,0.4177,37.6211,-44.4785,-17.873
183860,-0.1083,0.7928,0.4905,27.2871,-41.6191,-17.8926
183883,0.0227,0.7083,0.3704,15.6758,-36.377,-17.957
183906,-0.0237,0.7673,0.468,9.9277,-30.1133,-18.1523
183929,-0.0388,0.8275,0.4725,9.2793,-25.8086,-18.3613
183952,0.0402,0.7778,0.439,12.0645,-19.8613,-18.6211
183975,0.0352,0.8127,0.4128,15.4844,-16.4727,-18.6895
183998,-0.0327,0.7888,0.4154,21.2344,-12.3027,-18.5723
184021,-0.1147,0.8226,0.4177,26.0586,-8.8906,-18.084
184044,-0.0353,0.7646,0.3822,28.1563,-6.8281,-17.5176
184067,-0.0508,0.7305,0.3671,29.252,-3.9609,-16.4336
184090,-0.053,0.7798,0.3929,28.6738,-2.2344,-15.7031
184113,-0.0797,0.812,0.3881,26.3691,-0.0527,-14.8516
184136,-0.0535,0.7728,0.375,23.2715,1.4316,-14.5176
184159,-0.0939,0.7572,0.3304,21.248,1.9277,-14.623
184182,-0.1219,0.7837,0.2812,18.7246,1.8965,-15.1309
184205,-0.094,0.7869,0.3209,17.5098,1.4297,-15.5527
184228,-0.1069,0.7932,0.3273,16.4355,0.2305,-16.0605
184251,-0.0935,0.7623,0.2965,16.168,-0.8066,-16.1973
184274,-0.1049,0.7705,0.2682,16.209,-2.5137,-15.957
184297,-0.1005,0.7943,0.3077,16.4473,-4.1426,-15.0859
184320,-0.0968,0.8273,0.3082,16.5703,-5.0605,-14.1465
184343,-0.0967,0.8164,0.321,16.5352,-6.1328,-12.2539
184366,-0.0807,0.7979,0.2971,16.2422,-6.6953,-10.7266
184389,-0.0948,0.7848,0.3007,15.1641,-7.4043,-8.1855
184412,-0.0844,0.7871,0.2979,13.1797,-8.0527,-5.6016
184435,-0.0834,0.7861,0.3102,11.3965,-8.5195,-4.0176
184458,-0.0724,0.7632,0.3112,8.293,-9.3594,-2.084
184481,-0.087,0.8005,0.321,6.1465,-10.0566,-1.209
184504,-0.1022,0.8088,0.2882,3.1621,-11.3984,-0.6387
184527,-0.1246,0.8016,0.2892,0.7246,-13.1816,-0.9063
184550,-0.0913,0.8243,0.2847,-0.5605,-14.5957,-1.4043
184573,-0.0873,0.7974,0.2888,-2.0684,-16.9121,-2.2676
184596,-0.0795,0.7195,0.3054,-2.9023,-18.3848,-2.6875
184619,-0.0571,0.797,0.3306,-4.1133,-19.9277,-2.7539
184642,-0.0509,0.9639,0.3135,-4.9883,-20.2734,-1.8242
184665,-0.0598,0.7852,0.3221,-6.498,-19.6309,-1.0
184688,-0.0609,0.7964,0.3311,-8.3125,-17.6152,0.8809
184711,-0.0718,0.8048,0.3571,-9.6758,-15.5723,2.25
184734,-0.069,0.8053,0.3136,-11.8613,-11.5176,4.1953
184757,-0.124,0.8085,0.2806,-13.3945,-8.0371,5.3203
184780,-0.0852,0.8181,0.223,-15.9512,-0.8008,6.7656
184803,-0.1261,0.859,0.2875,-19.3223,10.3926,8.2871
184826,-0.1237,0.9084,0.3512,-22.3613,20.5215,9.6348
184849,-0.1185,0.876,0.5205,-28.4102,39.0078,12.3906
184872,-0.0721,0.821,0.5295,-33.4004,52.4375,14.5605
184895,-0.1412,0.7384,0.4535,-42.0996,63.998,17.6426
184918,-0.1674,0.6427,0.4266,-52.0234,63.998,19.7891
184941,-0.1693,0.6477,0.401,-59.0762,63.998,20.5254
184964,-0.1466,0.6989,0.5188,-64.0,63.998,20.5898
184987,-0.0691,0.6871,0.5503,-64.0,63.998,20.0078
185010,-0.1647,0.5944,0.5055,-64.0,63.998,18.5059
185033,-0.1996,0.5302,0.5002,-64.0,63.998,16.9648
185056,-0.0703,0.5596,0.7432,-64.0,49.3281,16.2832
185079,0.0084,0.5758,0.8284,-64.0,30.8535,15.9453
185102,0.04,0.516,0.8049,-64.0,19.3496,16.123
185125,0.0789,0.4873,0.791,-64.0,4.168,16.8223
185148,0.0591,0.52,0.7903,-64.0,-4.1875,17.4316
185171,-0.0328,0.5769,0.8125,-64.0,-13.4395,18.2695
185194,-0.1116,0.6342,0.7825,-64.0,-17.916,18.6992
185217,-0.1077,0.6783,0.7266,-61.7227,-17.8613,18.6055
185240,-0.103,0.6724,0.6423,-52.0254,-13.1895,17.6875
185263,-0.1351,0.6946,0.6749,-44.1113,-7.4023,16.4883
185286,-0.1847,0.6904,0.6387,-30.875,3.9648,13.8652
185309,-0.1559,0.6588,0.5953,-17.248,16.4434,10.5879
185332,-0.0724,0.6813,0.6416,-8.6172,24.0703,8.2441
185355,-0.0665,0.6885,0.6542,3.0801,32.6641,4.7012
185378,-0.1108,0.6232,0.5927,9.9863,35.748,2.4609
185401,-0.132,0.6062,0.5269,19.1563,35.8223,-0.3066
185424,-0.17,0.5862,0.5146,24.7383,30.8906,-1.8848
185447,-0.1421,0.5983,0.5587,33.248,24.8164,-2.2617
185470,-0.0565,0.6428,0.5554,43.4219,13.8594,-2.2676
185493,-0.0569,0.6943,0.5662,51.6953,5.7812,-2.168
185516,-0.0997,0.7169,0.5337,63.998,-6.2891,-1.9668
185539,-0.109,0.6924,0.4725,63.998,-13.5723,-1.6133
185562,-0.0419,0.8054,0.4948,63.998,-22.3359,-0.1816
185585,-0.0691,0.7932,0.4932,63.998,-27.7539,2.8652
185608,-0.1201,0.7196,0.3182,63.998,-29.2324,5.8594
185631,-0.1141,0.7373,0.2542,63.998,-28.0078,11.4766
185654,-0.045,0.7605,0.2671,63.998,-24.9375,15.5488
185677,-0.1346,0.7646,0.2604,63.998,-17.4258,21.1348
185700,-0.178,0.7344,0.1949,63.998,-7.4609,24.8906
185723,-0.1678,0.7252,0.1746,63.998,-0.2363,25.8555
185746,-0.0255,0.7466,0.1652,53.8809,10.0527,24.3887
185769,-0.095,0.7557,0.2438,42.6016,15.7539,21.252
185792,0.0907,0.803,0.1694,29.3086,21.5801,13.4453
185815,0.045,0.8424,0.084,23.2129,23.6406,2.8984
185838,0.0308,0.8728,0.2511,17.8691,23.0938,-4.6523
185861,-0.2744,0.858,0.1923,15.957,20.3027,-14.7695
185884,0.1136,0.8718,0.0219,15.7031,17.8086,-19.6934
185907,-0.0553,0.8959,0.1597,15.4824,13.9844,-23.6367
185930,-0.0426,0.9357,0.2404,15.0117,11.6289,-24.0391
185953,-0.1116,0.8895,0.2106,13.6816,8.4668,-21.8887
185976,-0.1121,0.8436,0.2468,11.498,5.5312,-17.5273
185999,0.0051,0.8387,0.1504,9.4258,3.5508,-14.1875
186022,0.0016,0.8005,0.1635,5.2187,0.4082,-9.8086
186045,-0.1205,0.7646,0.1593,1.7441,-1.7773,-7.8164
186068,-0.1227,0.7639,0.1622,-3.9707,-4.8809,-6.3555
186091,-0.0992,0.7734,0.1774,-9.2207,-7.3047,-6.2988
186114,-0.0658,0.7598,0.1737,-11.8164,-8.3535,-6.7285
186137,-0.0754,0.7582,0.1709,-13.666,-8.957,-7.6035
186160,-0.0906,0.7764,0.1594,-13.4102,-8.7012,-8.0547
186183,-0.1516,0.8127,0.1826,-11.0645,-7.3359,-8.0508
186206,0.0005,0.9458,0.2456,-7.0801,-4.793,-6.834
186229,-0.1685,0.8296,0.1295,-4.418,-2.4922,-5.3418
186252,-0.1417,0.9795,0.231,-1.1328,1.7637,-2.2617
186275,-0.0691,0.9403,0.1851,-0.084,5.0176,0.1172
186298,-0.1211,0.8207,0.2336,-0.6602,9.9668,3.4863
186321,-0.1108,0.7822,0.2396,-2.4453,12.9121,5.2012
186344,-0.0968,0.7815,0.2607,-6.7246,16.2344,6.5273
186367,-0.0887,0.8036,0.2654,-11.9199,17.877,6.2109
186390,-0.09,0.7942,0.2649,-15.2578,18.0059,5.1641
186413,-0.1094,0.7844,0.2577,-19.1816,16.9629,2.584
186436,-0.1321,0.8395,0.2607,-20.668,15.6797,0.3672
186459,-0.1179,0.8302,0.2561,-20.8105,13.4043,-3.3477
186482,-0.129,0.813,0.267,-18.457,11.3379,-7.1387
186505,-0.1681,0.8141,0.2413,-15.6895,10.3691,-9.5742
186528,-0.1732,0.8104,0.205,-10.1738,9.9043,-13.0234
186551,-0.1953,0.8148,0.1715,-5.9023,10.4297,-15.1523
186574,-0.2314,0.8295,0.1429,0.7539,12.5703,-18.0039
186597,-0.2853,0.8218,0.077,6.7988,16.0898,-20.2754
186620,-0.2866,0.8339,0.0619,9.8887,18.8301,-21.3086
186643,-0.264,0.8214,0.0182,12.0156,22.5508,-21.748
186666,-0.2312,0.8113,-0.0109,10.9961,24.1777,-21.0176
186689,-0.0874,0.8241,0.1254,4.3867,24.7617,-17.9219
186712,-0.0769,0.9497,0.3687,-3.9961,23.8496,-12.3809
186735,-0.0679,0.879,0.5017,-22.3887,20.7441,-7.0723
186758,0.0057,0.8414,0.5937,-45.9863,15.9297,1.7754
186781,-0.0879,0.764,0.7252,-63.0742,12.0859,7.832
186804,-0.16,0.5898,0.6729,-64.0,6.0859,16.084
186827,-0.2317,0.4635,0.6001,-64.0,2.3242,20.543
186850,-0.3253,0.4442,0.6625,-64.0,-2.3672,25.041
186873,-0.2427,0.4933,0.8339,-64.0,-5.4863,26.3086
186896,-0.1683,0.5453,0.8971,-64.0,-6.7715,25.0762
186919,-0.1792,0.4951,0.812,-64.0,-8.0137,20.0039
186942,-0.1993,0.4452,0.8281,-64.0,-8.6973,14.7422
186965,-0.1727,0.4463,0.9983,-64.0,-9.8262,5.0234
186988,-0.1393,0.4081,1.0039,-64.0,-11.1953,-5.3379
187011,-0.1553,0.3704,1.0443,-64.0,-12.207,-11.7285
187034,-0.176,0.3512,1.0663,-64.0,-13.6289,-19.3945
187057,-0.1849,0.2976,1.045,-64.0,-14.291,-22.7344
187080,-0.2013,0.2605,1.0477,-64.0,-14.4082,-24.7031
187103,-0.2009,0.2498,1.0598,-64.0,-13.6562,-23.2148
187126,-0.2002,0.2594,1.1088,-64.0,-11.0098,-20.6836
187149,-0.2141,0.1968,1.0183,-64.0,-6.5332,-15.3867
187172,-0.2496,0.1425,0.9222,-64.0,-2.7129,-11.3047
187195,-0.2805,0.1836,1.0518,-64.0,3.7734,-4.9824
187218,-0.2295,0.1826,1.0253,-64.0,8.248,-0.9023
187241,-0.2454,0.1262,1.0095,-64.0,14.5176,4.6992
187264,-0.2506,0.0714,1.0067,-64.0,19.5742,9.5215
187287,-0.2334,0.0166,1.0231,-60.4766,22.0117,12.3223
187310,-0.2261,0.032,1.0917,-56.0117,24.0664,15.9941
187333,-0.235,0.0482,1.1345,-54.541,24.3457,18.1719
187356,-0.204,0.0082,1.0436,-54.8262,23.252,21.2559
187379,-0.2069,-0.0242,1.0212,-58.3477,20.623,24.5645
187402,-0.2401,-0.1053,0.9568,-62.5586,18.2227,27.2012
187425,-0.2631,-0.132,0.9623,-64.0,14.0586,32.1758
187448,-0.2319,-0.1238,0.9845,-64.0,11.1758,36.1992
187471,-0.1841,-0.1146,0.9445,-64.0,6.957,42.9453
187494,-0.1781,-0.1212,0.8751,-64.0,2.707,49.7969
187517,-0.1998,-0.105,0.9159,-64.0,0.1172,54.002
187540,-0.2163,-0.0372,0.9882,-64.0,-3.9004,59.3047
187563,-0.192,-0.0441,1.0284,-64.0,-6.5234,62.0059
187586,-0.1765,-0.121,1.0247,-64.0,-10.4551,63.998
187609,-0.1744,-0.1594,0.9929,-64.0,-13.0957,63.998
187632,-0.1511,-0.1311,1.0574,-64.0,-16.9531,63.998
187655,-0.0944,-0.0773,1.1027,-49.0117,-20.4766,61.2617
187678,-0.0732,-0.1156,1.0039,-38.4238,-22.6289,58.1543
187701,-0.1241,-0.1772,0.9983,-23.4609,-25.7344,52.5566
187724,-0.1121,-0.1793,1.0331,-14.5547,-27.6914,48.6738
187747,-0.0792,-0.1656,0.959,-3.123,-30.084,43.2695
187770,-0.0725,-0.134,0.9574,6.1777,-31.2695,38.6914
187793,-0.0557,-0.1263,0.95,11.4766,-31.0859,36.0801
187816,-0.0608,-0.1442,0.8608,18.4824,-29.0254,32.6992
187839,-0.0997,-0.1011,0.8861,22.6328,-26.3594,30.7891
187862,-0.1108,-0.0569,0.9232,28.1406,-20.4512,28.5449
187885,-0.0586,-0.0502,0.9015,31.3438,-12.6582,27.2031
187908,-0.0646,-0.0461,0.8854,35.373,-6.8633,26.8359
187931,-0.082,0.0017,0.9165,38.3164,1.9297,27.0566
187954,-0.067,0.0242,0.8583,39.6211,7.4316,27.6992
187977,-0.0962,0.0879,0.886,40.6055,14.5527,29.3398
188000,-0.151,0.1139,0.8466,40.6797,18.3262,30.8398
188023,-0.228,0.1478,0.8638,40.0625,22.4102,33.5996
188046,-0.2059,0.1703,0.8566,38.7188,24.7344,36.666
188069,-0.1614,0.2273,0.8597,37.4805,25.377,38.5918
188092,-0.1545,0.2187,0.9119,35.168,25.0039,40.8418
188115,-0.2955,0.2069,0.8756,33.3379,23.8926,41.7871
188138,-0.2013,0.1968,0.8999,30.127,21.123,42.4355
188161,-0.1515,0.2155,0.9944,26.418,17.25,42.2539
188184,-0.2249,0.1923,1.0413,23.7773,14.1543,41.6523
188207,-0.1544,0.1549,1.0278,19.6777,8.9785,40.0293
188230,-0.0909,0.1475,1.0011,16.834,5.3359,38.4707
188253,-0.2104,0.2036,1.1604,12.4648,-0.0781,35.4238
188276,-0.0137,0.2035,0.9275,8.1641,-4.9121,31.6113
188299,-0.109,0.151,1.0072,5.9531,-7.584,28.7051
188322,-0.2303,0.1273,0.8976,3.127,-10.4805,24.041
188345,-0.1484,0.151,0.9525,1.9063,-11.4902,20.9453
188368,-0.1373,0.1599,1.0144,1.3203,-11.6543,16.5566
188391,-0.0845,0.1014,0.9391,1.8027,-11.0801,13.8574
188414,-0.1562,0.1555,1.0009,3.5742,-9.7578,10.1973
188437,-0.1232,0.1793,1.0364,6.0137,-8.459,7.1719
188460,-0.0956,0.2046,0.8853,7.5996,-7.8418,5.6113
188483,-0.1301,0.2325,0.9619,9.207,-7.5215,4.0723
188506,-0.0837,0.2787,1.0082,9.4961,-7.6953,3.5898
188529,-0.075,0.2679,1.0828,8.6758,-8.3223,3.5273
188552,-0.1066,0.2332,0.9821,6.4062,-9.0586,3.9844
188575,-0.0922,0.1853,0.9913,4.0645,-9.4102,4.375
188598,-0.0231,0.2089,0.9497,-0.5059,-9.418,4.75
188621,-0.1721,0.2241,0.9305,-3.8652,-8.959,4.7422
188644,-0.0878,0.2897,0.9396,-8.377,-7.5977,4.3926
188667,-0.0793,0.3383,0.897,-10.8809,-5.875,3.7891
188690,-0.0637,0.4677,0.9938,-10.8125,-4.7852,3.2871
188713,-0.1844,0.4232,0.9014,-7.7031,-3.1934,2.4141
188736,-0.0942,0.3671,0.8486,-3.8262,-1.9141,1.7402
188759,-0.1721,0.3591,0.9111,3.8125,0.502,0.457
188782,-0.259,0.5115,1.2162,9.4961,2.332,-0.7598
188805,0.0,0.3853,0.4952,17.4863,4.9336,-3.5371
188828,-0.2209,0.3673,0.7603,22.3906,6.5547,-7.959
188851,-0.2267,0.3885,0.8806,23.0293,6.8652,-11.9883
188874,-0.1794,0.262,0.7871,20.1172,6.1562,-19.7148
188897,-0.0994,0.1198,0.875,15.9687,4.8477,-25.9316
188920,-0.0305,-0.0195,0.8929,7.3086,1.4121,-36.5215
188943,0.0062,-0.0239,1.0386,-2.7637,-4.0254,-47.707
188966,0.0065,-0.0234,1.115,-9.1328,-8.6895,-54.7129
188989,-0.0736,0.0323,1.1141,-16.3926,-16.6094,-63.1445
189012,-0.0691,0.0281,1.119,-18.9688,-21.8555,-64.0
189035,-0.0197,0.0742,1.1162,-18.9668,-28.4258,-64.0
189058,-0.0649,0.106,1.0687,-14.8418,-32.3672,-64.0
189081,-0.1909,0.1033,0.9072,-10.5586,-33.2344,-61.8633
189104,-0.1797,0.1345,0.9344,-3.373,-31.8848,-53.832
189127,-0.1271,0.1206,0.9662,1.1836,-29.5137,-47.5098
189150,-0.0492,0.0459,1.0798,6.9512,-24.752,-37.8125
189173,-0.0127,-0.0514,0.9982,9.8926,-21.4688,-29.4141
189196,-0.074,-0.0925,0.916,12.709,-17.4219,-24.7012
189219,-0.0662,0.0366,1.0442,13.7285,-15.0859,-19.625
189242,-0.0648,0.1821,1.1821,13.916,-14.4922,-17.2383
189265,-0.1478,0.1647,0.9142,14.373,-14.6875,-14.582
189288,-0.2124,0.1921,0.8137,14.8359,-15.2422,-13.0156
189311,-0.0665,0.2759,0.9347,15.2051,-16.2578,-10.5059
189334,0.0453,0.358,1.0138,14.6914,-17.416,-7.9707
189357,0.0372,0.276,0.9073,13.7148,-18.4063,-6.6113
189380,-0.0316,0.2681,0.8887,10.873,-20.332,-5.3457
189403,0.0015,0.3855,1.1155,7.8359,-21.8242,-4.9238
189426,0.054,0.3583,1.1631,1.6641,-24.1035,-4.625
189449,0.1272,0.3002,1.0927,-6.2461,-26.4902,-4.4492
189472,0.203,0.1431,1.0776,-12.6641,-28.3438,-4.2617
189495,0.1302,0.0433,0.9445,-24.4102,-31.7188,-3.6543
189518,0.1134,0.0417,1.011,-33.5957,-34.2168,-2.8457
189541,0.1096,0.0344,1.048,-48.291,-37.4961,-0.875
189564,0.104,0.0754,1.04,-57.5762,-38.707,1.75
189587,0.0813,0.0937,0.9895,-64.0,-38.082,3.6191
189610,-0.0394,0.1228,0.9874,-64.0,-33.8984,6.3477
189633,-0.0475,0.0734,1.0721,-64.0,-29.1094,8.0664
189656,0.0388,0.031,1.0383,-64.0,-19.502,10.4023
189679,0.0391,-0.0272,1.0491,-64.0,-12.1426,11.6973
189702,-0.0251,-0.0507,1.0022,-58.6406,-1.0371,13.1719
189725,-0.0574,-0.0603,1.0134,-47.7578,8.7051,14.3301
189748,0.0323,0.0446,1.0291,-40.5977,13.8652,15.0898
189771,0.0891,0.1075,1.0363,-30.7344,19.0566,16.2578
189794,-0.0514,0.0625,0.946,-24.9902,20.6699,17.0918
189817,-0.1685,0.0786,0.9847,-17.8926,20.6387,18.6172
189840,-0.072,0.1809,1.0769,-12.5547,18.6992,20.5859
189863,-0.0542,0.0745,0.9642,-9.7832,16.8301,21.9961
189886,-0.1075,0.0045,0.9637,-6.6895,13.4902,23.8574
189909,-0.0404,0.1556,1.2192,-5.3223,11.0137,24.6953
189932,0.0336,0.0525,0.9008,-4.2266,7.0234,24.9785
189955,-0.0278,0.0771,0.9395,-4.1855,2.7324,23.8242
189978,0.0968,0.1768,1.1074,-4.9922,-0.1602,22.2344
190001,0.0665,0.0519,1.0043,-5.7598,-4.1914,18.7852
190024,-0.3422,-0.1432,0.9159,-5.5469,-6.5781,16.0566
190047,0.3607,0.0175,0.8962,-3.3711,-10.2988,11.9082
190070,-0.0094,0.1689,0.9786,-0.3184,-13.5449,9.166
190093,0.0852,0.3007,0.9288,7.0762,-19.2324,4.752
190116,0.0023,0.2728,0.9576,17.5664,-23.8379,-0.3652
190139,0.0571,0.2518,0.9697,25.6953,-25.2988,-4.0488
190162,0.0374,0.2162,0.9749,38.3555,-24.709,-9.2207
190185,0.145,0.3474,0.9916,46.3555,-22.7773,-11.8418
190208,-0.0443,0.2133,1.0223,56.5625,-18.2031,-13.9219
190231,-0.0698,0.2079,1.0326,63.5938,-12.1367,-13.8145
190254,-0.0873,0.3682,1.1674,63.998,-7.9062,-12.7578
190277,-0.0775,0.3496,0.6324,63.998,-2.9609,-10.1855
190300,0.0519,0.3282,1.2205,63.998,-1.4375,-8.3672
190323,0.0043,0.37,1.1036,58.2676,-2.2227,-7.1367
190346,0.0656,0.4912,1.167,50.8965,-6.1504,-9.4023
190369,0.1167,0.3896,1.137,45.7813,-9.8301,-13.25
190392,0.2065,0.2667,1.0166,38.4023,-15.627,-22.3516
190415,0.1917,0.2749,0.9479,33.7266,-18.9531,-30.2148
190438,0.0916,0.3591,0.9878,27.4707,-22.1289,-43.4238
190461,0.1036,0.2706,0.9093,24.2422,-22.5918,-52.2207
190484,0.2126,0.2004,0.7864,21.4473,-20.4492,-64.0
190507,0.1813,0.2686,0.6768,21.1953,-15.3164,-64.0
190530,0.0402,0.3134,0.798,22.2813,-10.7676,-64.0
190553,0.0477,0.2855,0.774,25.5117,-3.1016,-64.0
190576,0.1406,0.3077,0.6426,28.4141,1.9961,-64.0
190599,0.1206,0.3677,0.599,32.9277,8.5332,-64.0
190622,0.0388,0.3579,0.599,36.4863,12.9102,-64.0
190645,0.0162,0.4104,0.5619,37.9941,14.5723,-62.3262
190668,-0.0847,0.478,0.5902,39.0469,15.5664,-53.0508
190691,-0.0814,0.4559,0.574,39.207,15.5703,-46.5938
190714,-0.0348,0.4579,0.578,39.1465,15.0332,-37.1426
190737,-0.0435,0.4736,0.5937,39.1699,14.0547,-28.6777
190760,-0.1689,0.4973,0.5811,39.3613,13.1992,-23.75
190783,-0.201,0.4346,0.6102,40.043,11.625,-17.3164
190806,-0.1239,0.4775,0.6907,40.9063,10.3066,-13.6328
190829,-0.0562,0.5756,0.8013,43.1875,7.5586,-9.2207
190852,-0.1976,0.455,0.7858,45.4277,4.9746,-7.166
190875,-0.2891,0.2488,0.6074,49.082,-0.1367,-5.3633
190898,-0.2356,0.2808,0.675,51.125,-6.4609,-4.6836
190921,-0.1783,0.3662,0.8109,50.8008,-11.041,-4.7324
190944,-0.1788,0.3195,0.8295,48.0547,-17.6543,-5.834
190967,-0.238,0.202,0.751,45.3594,-21.4004,-7.4707
190990,-0.2285,0.2839,0.7908,41.1484,-25.4785,-11.332
191013,-0.202,0.3571,0.8447,38.041,-27.334,-16.5332
191036,-0.1591,0.4232,0.7834,37.2773,-27.2441,-20.4727
191059,-0.1135,0.5043,0.8353,38.6465,-25.5508,-26.5098
191082,-0.1448,0.5514,0.7632,41.1191,-23.8027,-30.1738
191105,-0.2451,0.6589,0.7803,46.1641,-20.6855,-34.2109
191128,-0.3041,0.6732,0.7566,50.9023,-16.7129,-35.4863
191151,-0.3457,0.6635,0.6588,52.6133,-13.2812,-34.5
191174,-0.2959,0.6149,0.6212,51.1641,-7.1465,-30.4551
191197,-0.2461,0.6272,0.5845,46.9551,-3.0645,-26.5234
191220,-0.3026,0.7012,0.5637,36.2227,1.5469,-20.0137
191243,-0.2015,0.8042,0.6995,27.2168,2.9277,-14.0586
191266,-0.0826,0.903,0.8254,13.5898,1.8965,-11.9395
191289,-0.1825,0.8375,0.64,2.3301,-3.0176,-10.7539
191312,-0.2239,0.6917,0.4962,-3.6035,-8.4355,-11.3828
191335,-0.2228,0.6952,0.5386,-11.2598,-19.3789,-13.4238
191358,-0.1434,0.757,0.6345,-16.1465,-28.1113,-14.9668
191381,0.0215,0.7385,0.7723,-23.2734,-42.6055,-17.0684
191404,-0.0129,0.7408,0.7441,-29.3555,-57.7422,-19.0098
191427,-0.1206,0.7257,0.7125,-32.3984,-64.0,-20.3301
191450,0.0066,0.6915,0.7966,-35.3203,-64.0,-22.2617
191473,0.1428,0.6829,0.8145,-36.2734,-64.0,-23.4609
191496,0.0912,0.7487,0.7948,-36.375,-64.0,-25.1309
191519,-0.1696,0.6982,0.6676,-35.1211,-64.0,-26.3633
191542,-0.1638,0.6779,0.7427,-33.7617,-64.0,-26.5723
191565,0.0107,0.7091,0.7855,-31.2793,-64.0,-25.6777
191588,0.0244,0.6959,0.839,-29.4922,-63.5176,-24.459
191611,0.1063,0.621,0.752,-27.0684,-48.3828,-22.0996
191634,0.0541,0.5229,0.7401,-26.1113,-39.4199,-19.002
191657,0.0801,0.481,0.8175,-26.5566,-29.4785,-16.3184
191680,0.1653,0.5062,0.8733,-29.5918,-23.7734,-11.2891
191703,0.1649,0.6138,0.9178,-32.6465,-21.7871,-7.3594
191726,0.0508,0.624,0.8834,-37.4023,-20.6152,-0.6895
191749,0.0382,0.5219,0.8462,-39.8555,-20.4141,4.2031
191772,0.0219,0.4222,0.775,-41.6719,-19.7559,11.7422
191795,-0.0497,0.3906,0.7179,-41.5098,-17.7559,18.6973
191818,-0.0728,0.3939,0.8171,-40.8242,-15.623,22.6016
191841,0.0691,0.4077,0.9355,-39.5898,-11.5488,26.6895
191864,0.1244,0.4376,0.8336,-38.7559,-8.6309,27.8086
191887,0.0262,0.4635,0.7836,-37.4512,-4.9727,26.8184
191910,0.017,0.3878,0.8452,-35.6953,-3.1992,23.2266
191933,0.1061,0.479,0.8735,-33.7969,-3.3418,19.9277
191956,0.1333,0.549,0.911,-29.0156,-5.2344,14.1621
191979,0.0974,0.5298,0.8737,-24.3223,-6.9609,9.9121
192002,0.0299,0.4821,0.8033,-15.5,-9.0508,3.334
192025,-0.0084,0.4824,0.8081,-9.123,-9.6621,-2.6309
192048,0.0009,0.5052,0.8517,-0.1738,-9.1152,-5.8418
192071,0.0305,0.5194,0.8718,6.8535,-6.9492,-9.2773
192094,0.0341,0.4854,0.8837,10.0859,-4.8906,-10.707
192117,0.0172,0.4325,0.8419,12.3789,-1.5488,-11.7539
192140,0.0234,0.4032,0.8702,12.0312,0.457,-11.8027
192163,-0.0101,0.3615,0.8628,8.6777,2.6289,-11.0273
192186,0.0929,0.3528,0.858,2.4883,3.5762,-9.4766
192209,0.0869,0.3524,0.8341,-2.6348,3.5488,-8.2285
192232,0.0336,0.3541,0.8416,-10.668,2.7031,-6.3242
192255,0.0398,0.3982,0.8955,-15.5293,1.8262,-5.1152
192278,0.0542,0.4166,0.8846,-20.918,0.4727,-3.4609
192301,0.0371,0.428,0.8639,-23.2148,-0.5801,-2.0098
192324,0.0266,0.4241,0.8578,-22.9902,-0.9727,-1.1348
192347,-0.0082,0.4185,0.8207,-20.4824,-0.9063,0.0469
192370,-0.0297,0.4275,0.8389,-17.7832,-0.3867,0.7422
192393,0.0482,0.4308,0.807,-12.959,0.8418,1.6836
192416,0.059,0.4106,0.8353,-9.623,1.8184,2.5391
192439,0.025,0.4169,0.8582,-4.9805,1.9102,3.0879
192462,-0.0073,0.4382,0.8727,-1.166,1.0254,3.998
192485,-0.0089,0.4204,0.8654,0.7832,-0.0801,4.7227
192508,0.0321,0.4053,0.8452,2.6309,-2.0293,5.8984
192531,0.064,0.4369,0.8833,3.043,-3.2676,6.5723
192554,0.0898,0.4739,0.9476,2.377,-4.7656,7.1367
192577,0.0394,0.442,0.8964,0.166,-5.7969,7.1738
192600,0.0176,0.4033,0.8694,-2.2832,-6.3477,7.1523
192623,0.0394,0.3497,0.855,-7.7168,-7.2695,7.5918
192646,0.132,0.3483,0.9045,-12.5586,-8.1387,8.3945
192669,0.1423,0.3113,0.8965,-21.3066,-10.127,10.3789
192692,0.1448,0.2911,0.9087,-30.9707,-13.1406,13.1738
192715,0.1531,0.2843,0.9143,-37.332,-15.6152,15.4121
192738,0.16,0.2866,0.9106,-45.8086,-19.4922,19.1406
192761,0.1741,0.3066,0.9941,-50.2422,-21.7676,21.6914
192784,0.1677,0.2869,0.9711,-54.4199,-23.9844,25.1992
192807,0.1246,0.2268,0.8995,-55.998,-24.2598,28.002
192830,0.1238,0.2098,0.9061,-55.1211,-23.3379,29.4648
192853,0.1718,0.205,0.9539,-53.4316,-20.668,31.1738
192876,0.2091,0.1873,0.967,-52.0996,-18.3848,32.0332
192899,0.1843,0.1425,0.9399,-50.3652,-14.8828,32.9629
192922,0.1533,0.1008,0.9164,-49.6367,-12.834,33.4355
192945,0.1855,0.0604,0.9493,-49.416,-10.5918,34.1035
192968,0.2314,0.0421,0.9407,-50.0059,-9.5312,34.6602
192991,0.2363,0.0585,0.9764,-50.459,-9.4512,34.7793
193014,0.2415,0.0729,0.9943,-50.4141,-10.0293,34.2539
193037,0.233,0.0765,0.9812,-49.4648,-10.668,33.334
193060,0.2314,0.0753,0.9761,-46.2305,-11.6094,31.1074
193083,0.2611,0.101,1.0167,-40.7598,-12.0371,27.9668
193106,0.2653,0.1395,1.0648,-35.9824,-11.8223,25.4063
193129,0.2462,0.129,1.0347,-27.4922,-10.6133,20.9414
193152,0.2327,0.1149,1.0044,-21.3301,-9.2266,17.6387
193175,0.1896,0.1122,0.9468,-12.1836,-6.3809,12.4199
193198,0.1517,0.1152,0.9497,-4.1172,-2.8242,7.1797
193221,0.1724,0.1454,0.9691,0.3164,-0.2285,3.8027
193244,0.1885,0.1783,0.9531,5.3926,3.5957,-0.9824
193267,0.1893,0.1846,0.9325,7.7246,5.7988,-3.9141
193290,0.1827,0.1554,0.8792,9.5918,8.1035,-7.7227
193313,0.2228,0.1371,0.8887,9.707,8.7832,-10.752
193336,0.2562,0.1315,0.9465,8.2832,8.4258,-11.9902
193359,0.267,0.109,0.9581,5.4141,6.5723,-13.416
193382,0.2596,0.0753,0.9443,3.043,4.6875,-14.0137
193405,0.2378,0.0659,0.9501,-0.7012,1.2793,-14.4434
193428,0.233,0.0873,0.998,-3.0215,-1.082,-14.4297
193451,0.2047,0.0906,0.9897,-5.707,-4.2285,-13.9707
193474,0.1793,0.1083,0.9906,-6.9844,-6.4648,-12.9336
193497,0.2061,0.1229,1.0425,-6.9492,-7.3457,-11.8809
193520,0.225,0.1174,1.0458,-5.625,-7.8164,-9.7871
193543,0.2177,0.1154,1.0043,-4.0605,-7.6738,-8.1152
193566,0.1979,0.1394,0.996,-1.1543,-6.959,-5.3105
193589,0.1932,0.1703,0.9948,1.873,-5.7969,-2.3008
193612,0.2109,0.1815,0.9628,3.7266,-4.8535,-0.2832
193635,0.2079,0.1591,0.9457,5.9648,-3.3496,2.5703
193658,0.2009,0.1471,0.9314,6.9355,-2.4082,4.2441
193681,0.2201,0.1697,0.9696,7.4453,-1.2637,6.25
193704,0.2322,0.1649,0.9904,7.166,-0.7402,7.4902
193727,0.2238,0.1577,0.9817,5.9902,-0.3652,7.8398
193750,0.2106,0.1565,0.9923,4.1719,-0.4453,7.668
193773,0.2191,0.1577,0.9954,2.7637,-0.6875,7.1348
193796,0.2371,0.17,0.9961,0.5898,-1.2012,5.793
193819,0.2485,0.1709,1.0089,-0.791,-1.5625,4.5859
193842,0.2393,0.1543,0.9762,-2.6523,-2.0176,2.4121
193865,0.2125,0.1553,0.9821,-4.2832,-2.2383,-0.0137
193888,0.1956,0.1564,0.9727,-5.2793,-2.1895,-1.625
193911,0.1926,0.1296,0.9519,-6.6953,-1.7676,-3.8203
193934,0.2203,0.1211,0.9663,-7.6172,-1.2598,-5.0488
193957,0.2024,0.1174,0.9846,-8.959,-0.1895,-6.502
193980,0.1765,0.1053,0.9612,-10.1113,1.252,-7.5176
194003,0.1571,0.1007,0.9586,-10.666,2.4102,-7.9355
194026,0.1442,0.0908,0.9329,-11.0215,4.3652,-8.1055
194049,0.147,0.1036,0.9402,-10.8652,5.7285,-7.873
194072,0.1726,0.1089,0.9603,-9.959,7.6504,-7.0098
194095,0.1686,0.1194,0.9651,-8.8887,9.1855,-5.5937
194118,0.1504,0.1428,0.9779,-6.666,9.5801,-4.3926
194141,0.1937,0.1719,1.0016,-3.9727,9.4395,-2.3359
194164,0.1753,0.1824,1.0028,-2.1191,8.7285,-0.9355
194187,0.172,0.1882,1.0222,0.4082,6.8828,0.9121
194210,0.1936,0.1938,1.011,1.752,5.3105,1.8066
194233,0.174,0.1859,0.9863,3.0332,2.8008,2.3965
194256,0.1488,0.167,0.9639,3.3008,0.5547,1.9238
194279,0.1487,0.1632,0.9695,2.9531,-0.5918,0.998
194302,0.1567,0.1686,0.995,1.8867,-1.6094,-1.2422
194325,0.145,0.1443,0.9678,0.998,-1.8184,-3.1914
194348,0.1377,0.1195,0.9501,-0.4492,-1.584,-6.4277
194371,0.1586,0.1221,0.9661,-2.0547,-0.9844,-9.4766
194394,0.1586,0.1266,0.988,-3.2109,-0.5449,-11.125
194417,0.1804,0.1206,0.998,-4.9668,-0.0254,-12.752
194440,0.1837,0.1188,0.9908,-6.0625,0.1582,-13.2031
194463,0.1395,0.1224,0.9834,-7.4551,0.1582,-12.9219
194486,0.1481,0.1249,0.9976,-8.1621,-0.0664,-11.5918
194509,0.1577,0.1212,0.9879,-8.834,-0.2598,-10.2598
194532,0.1598,0.1307,0.9926,-9.0586,-0.5137,-7.9082
194555,0.1443,0.1334,0.9972,-8.9961,-0.623,-6.2969
194578,0.1475,0.1324,0.9991,-8.6621,-0.6562,-4.0723
194601,0.1475,0.1313,0.9801,-8.3359,-0.5957,-2.832
194624,0.1312,0.124,0.9712,-7.7891,-0.4004,-1.4453
194647,0.1263,0.1155,0.9603,-7.2734,-0.1094,-0.6367
194670,0.1268,0.1139,0.9713,-6.9805,0.123,-0.3828
194693,0.124,0.1141,0.9797,-6.6074,0.4727,-0.3437
194716,0.1349,0.1167,0.9885,-6.3848,0.6582,-0.4902
194739,0.1449,0.1056,0.9879,-6.0566,0.7617,-0.8809
194762,0.1444,0.1157,0.993,-5.7422,0.5781,-1.3652
194785,0.1473,0.1246,1.0073,-5.5391,0.3066,-1.6855
194808,0.1476,0.1312,0.9957,-5.1973,-0.2187,-2.084
194831,0.1377,0.1301,0.9908,-4.9121,-0.5742,-2.2656
194854,0.1156,0.1249,0.9725,-4.3965,-1.0137,-2.3652
194877,0.1188,0.1281,0.9678,-3.5234,-1.2676,-2.2109
194900,0.1293,0.116,0.978,-3.5098,-1.3398,-1.9668
194923,0.1421,0.1178,0.9828,-3.166,-1.3867,-1.4414
194946,0.1346,0.1183,0.9857,-3.0703,-1.4336,-1.0254
194969,0.1472,0.1107,1.0045,-3.1309,-1.6035,-0.3555
194992,0.1533,0.1167,0.9917,-3.2793,-1.7949,0.0957
195015,0.1509,0.1304,0.9988,-3.5684,-2.1582,0.7227
195038,0.1504,0.1412,1.0094,-3.7891,-2.5215,1.2539
195061,0.1459,0.134,0.9899,-3.834,-2.7109,1.5332
195084,0.1355,0.1249,0.9805,-3.7539,-2.873,1.8301
195107,0.1331,0.127,0.9832,-3.6445,-2.8809,1.9473
195130,0.1429,0.1301,0.9937,-3.4609,-2.707,2.0
195153,0.1365,0.1305,0.9894,-3.2539,-2.3145,1.8926
195176,0.135,0.1284,0.9847,-3.0957,-1.9629,1.7402
195199,0.1438,0.1162,0.983,-2.8262,-1.4121,1.4395
195222,0.1486,0.1115,0.9802,-2.6367,-1.0957,1.2305
195245,0.1309,0.1134,0.9796,-2.3418,-0.7617,0.9668
195268,0.1268,0.1117,0.9717,-1.9824,-0.5937,0.8574
195291,0.1333,0.1124,0.9646,-1.6777,-0.5645,0.9102
195314,0.1434,0.1262,0.9951,-1.1289,-0.6543,1.2168
195337,0.1676,0.1312,1.0177,-0.7305,-0.8164,1.5723
195360,0.1626,0.1245,1.0094,-0.1543,-1.2031,2.3008
195383,0.15,0.1067,0.99,0.1504,-1.5273,2.8867
195406,0.1379,0.0967,0.9624,0.4102,-2.0137,3.8828
195429,0.1274,0.0846,0.9446,0.4609,-2.3652,5.0059
195452,0.1158,0.0808,0.9299,0.4609,-2.4707,5.8301
195475,0.129,0.0905,0.9252,0.6484,-2.416,7.1836
195498,0.1226,0.1014,0.8933,1.082,-2.2891,8.1543
195521,0.136,0.1385,0.9208,2.5859,-2.0762,9.6133
195544,0.1488,0.1879,0.9487,5.748,-1.9395,10.7754
195567,0.1576,0.2537,0.9592,9.125,-1.9141,11.1562
195590,0.147,0.313,0.9951,16.2285,-1.9824,10.8828
195613,0.1528,0.3591,1.0029,22.0215,-2.1172,10.1445
195636,0.1576,0.3625,1.0071,31.0645,-2.4805,8.4648
195659,0.1968,0.3545,1.0391,38.4844,-3.0215,6.498
195682,0.2438,0.3422,1.0782,41.4668,-3.4512,5.1289
195705,0.2957,0.3232,1.1039,42.0469,-4.1641,2.9062
195728,0.2753,0.278,1.0391,39.7363,-4.6602,1.209
195751,0.226,0.2435,0.9818,32.7441,-5.2949,-1.709
195774,0.2218,0.1967,0.9587,26.3398,-5.4941,-4.8223
195797,0.2303,0.1691,0.9182,15.4687,-5.209,-6.9727
195820,0.1942,0.1664,0.9043,4.7637,-4.0566,-9.7246
195843,0.1482,0.1672,0.8911,-1.4434,-2.7656,-11.1152
195866,0.1173,0.1793,0.8779,-8.4434,-0.0918,-12.2305
195889,0.0824,0.1925,0.8795,-11.2891,2.0742,-12.207
195912,0.0873,0.2284,0.9121,-12.7793,5.5742,-10.957
195935,0.1049,0.236,0.931,-11.3242,8.8496,-8.4277
195958,0.1326,0.2438,0.9285,-9.1035,10.6152,-6.2402
195981,0.1125,0.2491,0.9235,-4.6621,12.3906,-2.6543
196004,0.0765,0.2511,0.9148,-1.4277,13.0215,-0.293
196027,0.0458,0.2654,0.932,3.1152,13.4727,2.9531
196050,0.0612,0.2679,0.9617,6.6172,13.8496,5.7363
196073,0.0421,0.2496,0.9233,8.1035,14.2637,7.3242
196096,0.0216,0.2456,0.885,8.7891,15.1914,9.3633
196119,-0.0386,0.2446,0.8748,8.1699,15.9863,10.5664
196142,-0.0891,0.2552,0.8821,5.9258,17.3926,12.2344
196165,-0.0461,0.2937,0.9591,3.9844,18.4629,13.5898
196188,0.0371,0.3478,1.0032,1.5059,20.125,14.0508
196211,0.0858,0.3784,1.0427,0.8164,21.4102,13.5742
196234,0.0972,0.3738,1.0376,1.6992,21.7402,12.3379
196257,0.0518,0.3511,0.9705,4.6797,21.0508,9.3867
196280,0.0289,0.3237,0.9272,7.166,19.7344,7.1133
196303,0.0625,0.34,0.9473,10.4512,16.709,4.0664
196326,0.1005,0.3668,0.9432,12.3008,12.9746,2.0371
196349,0.1266,0.376,0.8895,12.5918,10.4258,1.3086
196372,0.1093,0.3643,0.8712,11.7637,6.9316,0.9453
196395,0.1061,0.3599,0.844,10.541,4.998,0.9922
196418,0.0984,0.3656,0.8389,8.0391,2.8184,1.1328
196441,0.0415,0.3248,0.8231,4.9805,1.4102,1.0391
196464,0.0045,0.291,0.7906,2.6211,0.7305,0.8086
196487,-0.0023,0.2488,0.8141,-1.5879,-0.2578,0.2949
196510,0.0033,0.2102,0.8354,-4.9062,-1.1211,-0.1367
196533,0.0363,0.1881,0.8945,-10.5137,-3.0605,-1.0254
196556,0.0399,0.1718,0.9745,-14.4082,-6.0547,-2.459
196579,0.0421,0.1307,1.0001,-19.9121,-8.7383,-3.7852
196602,0.0573,0.1289,1.0173,-24.5801,-13.8828,-6.1582
196625,0.1025,0.2101,1.0785,-27.1875,-18.002,-7.8047
196648,0.1334,0.2472,1.2008,-30.3711,-24.8906,-10.0723
196671,0.1339,0.2529,1.2042,-31.9941,-29.6348,-11.3496
196694,0.1283,0.243,1.1821,-33.7227,-36.1621,-12.9121
196717,0.1276,0.1825,1.0945,-34.9453,-40.8379,-14.1719
196740,0.0687,0.1144,0.9574,-35.7949,-42.3633,-14.8809
196763,0.0293,0.1251,0.9189,-37.4863,-41.666,-15.6699
196786,0.0247,0.1743,0.929,-38.7051,-39.0449,-15.9707
196809,-0.0101,0.2245,0.917,-39.4824,-31.9727,-16.2383
196832,0.0234,0.3018,1.006,-37.166,-21.9121,-16.6641
196855,0.083,0.3009,1.0137,-33.2148,-14.4473,-17.2324
196878,0.1111,0.3289,0.9056,-23.957,-3.998,-18.5977
196901,0.1017,0.3818,0.8822,-16.4766,1.5254,-19.7734
196924,0.1038,0.3589,1.0203,-5.418,6.8086,-21.7012
196947,0.0961,0.2651,0.9086,3.1816,8.4941,-23.6699
196970,0.1115,0.2316,0.8523,6.2539,7.9648,-25.0273
196993,0.136,0.2317,0.916,6.4141,5.4668,-27.3652
197016,0.1259,0.1793,0.9047,3.5469,3.0352,-29.3164
197039,0.0996,0.0868,0.863,-4.3457,-1.4023,-33.0918
197062,0.1086,0.0455,0.8978,-11.3105,-4.8262,-36.2402
197085,0.1238,0.0109,0.9078,-22.916,-10.6816,-41.8828
197108,0.1626,-0.0167,0.9398,-34.041,-17.3125,-48.4746
197131,0.2528,-0.0146,1.0011,-40.1777,-22.0234,-53.2637
197154,0.3154,-0.0067,1.022,-46.3457,-29.2383,-60.707
197177,0.2604,-0.0099,1.0071,-48.2031,-33.9707,-64.0
197200,0.1869,-0.053,0.9454,-48.0547,-40.459,-64.0
197223,0.1709,-0.0383,1.0245,-45.5957,-45.3594,-64.0
197246,0.2163,-0.0244,1.0541,-43.3359,-47.3594,-64.0
197269,0.1592,-0.0591,1.0382,-39.7676,-48.2559,-64.0
197292,0.1412,-0.062,1.1133,-37.5625,-47.4238,-64.0
197315,0.197,0.0061,1.2233,-34.4512,-44.1836,-63.4727
197338,0.1975,0.0859,1.2462,-30.6445,-39.1797,-55.1211
197361,0.1865,0.1611,1.2843,-27.0801,-35.1992,-48.9688
197384,0.2195,0.1991,1.2384,-19.6953,-28.5273,-39.4121
197407,0.088,0.1497,0.9943,-13.6289,-23.7246,-33.1055
197430,0.057,0.1431,0.9592,-4.0215,-16.0957,-24.2051
197453,0.1276,0.2493,1.0841,1.9961,-10.8945,-19.002
197476,0.1833,0.3323,1.2117,9.9902,-3.8047,-13.0742
197499,0.155,0.2443,1.1246,16.9746,1.0898,-10.2637
197522,0.1404,0.1472,0.886,21.0566,2.7363,-10.3984
197545,0.175,0.0862,0.7784,25.7617,3.0332,-13.6406
197568,0.2478,0.1495,0.8975,27.6816,2.2031,-17.7129
197591,0.3778,0.192,0.9736,29.002,0.0059,-26.3613
197614,0.3585,0.2493,0.9221,29.4727,-3.1074,-37.4688
197637,0.151,0.2671,0.8391,29.8125,-5.5391,-45.623
197660,-0.0419,0.249,0.864,30.6504,-8.9492,-57.3711
197683,0.0624,0.2372,0.8594,31.3809,-10.416,-63.8613
197706,0.2072,0.3224,0.9274,32.5039,-10.7695,-64.0
197729,0.0394,0.2511,0.8781,33.2734,-9.2539,-64.0
197752,-0.1002,0.1819,0.8008,33.1602,-7.5215,-64.0
197775,-0.1681,0.1581,0.7672,31.125,-3.9492,-64.0
197798,-0.1581,0.1981,0.8228,28.1875,-0.8516,-64.0
197821,-0.0444,0.2389,0.9097,21.6309,4.6016,-59.6953
197844,0.0387,0.2518,0.9589,16.3848,8.2344,-50.8203
197867,0.0438,0.2012,0.8848,8.3457,12.5508,-44.4473
197890,0.0309,0.1814,0.842,1.0137,14.7344,-35.3066
197913,0.0594,0.2157,0.8668,-3.2754,14.9766,-29.5898
197936,0.0992,0.2938,0.8617,-8.6074,13.7852,-21.627
197959,0.0754,0.3467,0.8774,-11.248,12.1992,-16.6699
197982,0.0409,0.4031,0.9182,-13.5039,9.1699,-9.6328
198005,0.0219,0.3969,0.9055,-13.5352,6.0215,-2.959
198028,0.0382,0.3813,0.9164,-12.4316,4.1426,1.248
198051,0.067,0.3644,0.9498,-9.502,1.7871,6.8789
198074,0.0973,0.3541,0.9493,-6.9531,0.4453,9.8887
198097,0.0941,0.3621,0.9398,-2.6465,-1.4551,12.8242
198120,0.067,0.3633,0.9585,1.793,-3.3535,13.6211
198143,0.0417,0.3427,0.931,4.5898,-4.5391,13.0176
198166,0.0391,0.3237,0.8973,8.1738,-5.9453,10.7441
198189,0.0402,0.3204,0.9426,9.9551,-6.5195,8.5762
198212,0.0551,0.3091,0.9413,11.5605,-6.7695,4.7773
198235,0.0773,0.2903,0.8885,11.9121,-6.5762,0.7617
198258,0.0709,0.2986,0.8967,11.4434,-5.9258,-1.8145
198281,0.0369,0.3302,0.9357,10.0859,-5.0605,-5.2012
198304,0.0287,0.3444,0.9189,8.9414,-4.4277,-6.9668
198327,0.0072,0.3256,0.8827,7.1523,-3.3828,-8.6758
198350,-0.0052,0.3228,0.8745,5.9902,-2.5918,-9.1797
198373,0.0153,0.3578,0.9525,4.3848,-1.3164,-9.125
198396,0.0404,0.3544,0.9766,3.1621,-0.1699,-8.459
198419,0.0007,0.2842,0.8828,2.6387,0.3945,-7.9238
198442,-0.0289,0.2472,0.8567,2.1152,0.8926,-7.293
198465,-0.0194,0.2684,0.9034,1.8027,0.9961,-7.0684
198488,0.0125,0.2738,0.9551,1.3711,0.8008,-7.0215
198511,0.0458,0.2603,0.996,1.1797,0.1035,-7.2109
198534,0.0486,0.2269,0.9703,1.2188,-0.6348,-7.3945
198557,0.0376,0.2084,0.9175,1.2598,-1.9609,-7.5703
198580,0.0333,0.2404,0.8804,1.0332,-2.7812,-7.457
198603,-0.0032,0.3009,0.9249,0.1016,-3.5391,-6.6152
198626,0.0112,0.3514,0.9619,-0.7812,-3.0723,-4.6582
198649,0.033,0.3663,0.937,-2.0273,-2.8437,-2.709
198672,0.0283,0.3522,0.8868,-2.7422,-1.3184,0.918
198695,0.0309,0.3599,0.9036,-2.8574,-0.0039,3.5586
198718,0.041,0.3772,0.9059,-2.5215,2.1055,7.3789
198741,0.0479,0.4008,0.9337,-1.9629,3.4102,9.5566
198764,0.0747,0.4243,0.9299,-0.627,4.9375,11.8945
198787,0.0833,0.4298,0.8978,1.168,5.7578,12.8828
198810,0.0511,0.4073,0.8384,2.4238,5.9258,12.8027
198833,0.0171,0.4091,0.8524,4.0176,5.791,11.8125
198856,0.0354,0.4209,0.8401,4.7285,5.5762,10.7676
198879,0.0266,0.4237,0.8486,5.2207,5.2109,8.9062
198902,0.0062,0.4174,0.8657,5.1719,4.8262,6.8574
198925,-0.0129,0.4027,0.85,4.957,4.5293,5.4238
198948,-0.0249,0.3794,0.8564,4.4785,3.9453,3.1777
198971,-0.0138,0.3496,0.8358,4.0781,3.418,1.6172
198994,-0.0065,0.3402,0.8698,3.3594,2.3496,-0.8223
199017,0.0188,0.3226,0.8597,2.8184,0.9141,-3.3418
199040,0.0159,0.3195,0.8671,1.9785,-0.2266,-5.0098
199063,0.0011,0.3358,0.8889,1.2383,-2.0996,-7.3184
199086,0.012,0.3413,0.88,0.8848,-3.3613,-8.5898
199109,0.0076,0.3337,0.8777,0.5977,-5.1035,-9.8809
199132,0.0045,0.3291,0.8711,0.5293,-6.0781,-10.2539
199155,0.0114,0.3506,0.8833,0.502,-7.1562,-10.0488
199178,0.0238,0.3739,0.9198,0.5332,-7.7383,-9.0137
199201,0.0255,0.3817,0.8961,0.6152,-7.8887,-7.957
199224,0.03,0.3937,0.9142,0.875,-7.8574,-6.0215
199247,0.0409,0.4135,0.9423,1.1641,-7.7207,-4.6348
199270,0.0391,0.4003,0.9115,1.7793,-7.4082,-2.6426
199293,0.0397,0.3894,0.9165,2.4746,-6.9922,-0.9785
199316,0.0396,0.3958,0.9,2.8848,-6.6484,-0.1445
199339,0.0266,0.4362,0.8992,3.3281,-6.0312,0.6328
199362,-0.0173,0.4109,0.886,3.5,-5.5508,0.8574
199385,0.0215,0.4095,0.8912,3.5645,-4.7461,0.8652
199408,0.0421,0.3986,0.9034,3.4766,-3.9453,0.543
199431,0.0392,0.3789,0.9089,3.1797,-3.4961,0.1445
199454,0.0424,0.3738,0.8597,2.7246,-3.0195,-0.709
199477,0.0115,0.3547,0.8411,2.334,-2.8359,-1.3828
199500,0.0205,0.3693,0.8477,1.6465,-2.6973,-2.3359
199523,0.0341,0.3856,0.851,1.1934,-2.6602,-2.8125
199546,0.022,0.4015,0.8815,0.709,-2.666,-3.1484
199569,0.0297,0.4044,0.8625,0.6719,-2.7773,-2.9902
199592,0.0104,0.4192,0.8558,0.9473,-2.9121,-2.6523
199615,-0.0076,0.3982,0.8446,1.7363,-3.1582,-1.9297
199638,0.028,0.3906,0.8289,2.3965,-3.3105,-1.4004
199661,0.0413,0.4141,0.9055,3.3672,-3.5137,-0.709
199684,0.0413,0.4001,0.8829,4.1504,-3.75,-0.3027
199707,0.0509,0.4059,0.8407,4.4863,-3.9746,-0.2168
199730,0.0375,0.4271,0.8641,4.5918,-4.4121,-0.2754
199753,0.0402,0.444,0.8397,4.3809,-4.7227,-0.3398
199776,0.0375,0.4523,0.8289,3.6953,-5.127,-0.2988
199799,0.0398,0.4542,0.8723,2.668,-5.3945,0.0234
199822,0.0724,0.447,0.8605,1.8848,-5.4785,0.373
199845,0.0664,0.4463,0.8699,0.6562,-5.4707,0.9512
199868,0.036,0.4293,0.8552,-0.1797,-5.3652,1.2754
199891,0.0405,0.4119,0.8162,-1.4746,-4.9707,1.5781
199914,0.0392,0.4218,0.8414,-2.3633,-4.5098,1.6426
199937,0.0397,0.4429,0.8788,-3.625,-3.5469,1.543
199960,0.0396,0.4363,0.8668,-4.5566,-2.3984,1.2559
199983,0.0396,0.4298,0.8613,-4.9004,-1.6406,0.9863
200006,0.0391,0.4125,0.8456,-5.002,-0.6621,0.4902
200029,0.0355,0.4098,0.8309,-4.8516,-0.1523,0.127
200052,0.04,0.4293,0.8567,-4.4258,0.3809,-0.4062
200075,0.038,0.4183,0.8683,-3.8398,0.6309,-0.8789
200098,0.0398,0.4161,0.8536,-3.3887,0.6504,-1.1543
200121,0.0358,0.4047,0.848,-2.6992,0.4844,-1.5098
200144,0.0328,0.4075,0.8446,-2.2949,0.2871,-1.7109
200167,0.0392,0.432,0.8784,-1.8594,-0.0605,-1.9316
200190,0.0293,0.4155,0.8497,-1.6914,-0.4043,-2.0254
200213,0.0221,0.3943,0.8217,-1.7617,-0.5879,-2.002
200236,0.0369,0.4113,0.8489,-2.1855,-0.7559,-1.8262
200259,0.0389,0.4282,0.8518,-2.6367,-0.8047,-1.6133
200282,0.0221,0.4202,0.8258,-3.3848,-0.8477,-1.1602
200305,0.0239,0.42,0.8135,-3.8223,-0.8887,-0.5723
200328,0.0289,0.4321,0.8362,-4.2227,-0.9961,-0.1426
200351,0.0408,0.4512,0.8666,-4.1348,-1.2109,0.4707
200374,0.0392,0.442,0.8491,-3.7539,-1.4512,0.8047
200397,0.0397,0.4396,0.8477,-2.7988,-1.959,1.125
200420,0.0344,0.4263,0.8369,-2.0312,-2.3691,1.1992
200443,0.0284,0.4194,0.8275,-0.9121,-3.0039,1.1113
200466,0.0417,0.468,0.8497,-0.0273,-3.5508,0.8418
200489,0.0322,0.4456,0.8594,0.3965,-3.8555,0.5937
200512,0.0165,0.4211,0.8572,0.8008,-4.2344,0.1816
200535,0.0654,0.4287,0.8622,0.9219,-4.4395,-0.0977
200558,0.0681,0.4395,0.8647,0.8789,-4.7324,-0.5254
200581,0.0358,0.4265,0.8533,0.5781,-5.0645,-0.9336
200604,0.0405,0.4292,0.8348,0.2598,-5.2754,-1.1445
200627,0.0404,0.4432,0.8417,-0.3164,-5.5059,-1.2969
200650,0.0393,0.4497,0.8607,-0.7012,-5.5605,-1.2773
200673,0.0438,0.4501,0.8441,-1.1563,-5.4512,-1.0918
200696,0.0475,0.4559,0.851,-1.3535,-5.25,-0.7832
200719,0.0428,0.4471,0.8312,-1.5234,-4.7871,-0.5605
200742,0.0637,0.4575,0.8254,-1.6465,-4.1699,-0.2637
200765,0.0612,0.4742,0.8575,-1.75,-3.709,-0.1211
200788,0.0515,0.4626,0.8334,-1.9336,-3.0117,-0.0234
200811,0.0464,0.4481,0.8082,-2.082,-2.5762,-0.0449
200834,0.0474,0.4535,0.8203,-2.377,-2.0059,-0.207
200857,0.0439,0.4661,0.8458,-2.7285,-1.582,-0.5137
200880,0.051,0.4266,0.8563,-2.9336,-1.4023,-0.7891
200903,0.082,0.3885,0.8502,-3.1387,-1.293,-1.2773
200926,0.0918,0.4031,0.8455,-3.2051,-1.3027,-1.625
200949,0.0916,0.4462,0.8221,-3.2109,-1.3086,-2.0176
200972,0.0825,0.4915,0.7964,-3.1035,-1.0176,-1.8984
200995,0.0458,0.5354,0.8265,-2.9648,-0.4668,-1.332
201018,0.0443,0.5692,0.8209,-2.6504,1.0977,0.3867
201041,0.0526,0.6161,0.8198,-2.3672,2.6191,2.0684
201064,-0.011,0.6154,0.8262,-1.7734,5.3418,5.1836
201087,-0.0693,0.5608,0.8424,-1.1973,8.166,8.7051
201110,0.0083,0.5267,0.8652,-0.0078,9.9121,11.0449
201133,0.047,0.5729,1.02,1.3711,12.084,14.002
201156,0.1003,0.6025,1.1064,2.0664,13.1445,15.293
201179,0.1024,0.4801,0.8612,1.6387,14.2422,15.9277
201202,-0.0868,0.3589,0.675,-0.6836,14.9336,15.5488
201225,-0.215,0.3478,0.6233,-8.8457,16.668,14.3281
201248,-0.3209,0.337,0.6661,-22.8086,19.8086,13.2109
201271,-0.3154,0.3507,0.8453,-34.3242,22.541,12.8594
201294,-0.2172,0.2791,0.8572,-52.1484,26.4551,12.8086
201317,-0.1052,0.2169,0.8785,-62.7461,28.0117,12.666
201340,-0.0872,0.1614,0.8716,-64.0,27.4766,11.3242
201363,-0.0712,0.1256,0.8918,-64.0,22.959,7.8281
201386,-0.0303,0.1178,0.8981,-64.0,17.9746,4.2734
201409,0.0038,0.1187,0.9238,-64.0,8.5488,-2.2637
201432,0.0089,0.1106,0.9268,-64.0,1.7305,-6.8203
201455,0.0054,0.1431,0.947,-59.9746,-7.9668,-12.7559
201478,0.0037,0.1693,1.0034,-48.1328,-15.7539,-16.3223
201501,0.0375,0.1794,0.9988,-40.623,-19.4668,-16.9004
201524,0.0396,0.1656,0.9862,-30.793,-22.6504,-14.9141
201547,0.0286,0.1552,0.9729,-25.7266,-23.2695,-11.9004
201570,0.0057,0.1519,0.9645,-20.7051,-22.3125,-5.5781
201593,0.0092,0.1332,0.9146,-19.0137,-20.7363,-0.6875
201616,0.0349,0.1641,0.9863,-18.4629,-17.6387,6.7461
201639,0.0846,0.1804,0.9995,-19.1875,-14.543,13.248
201662,0.1184,0.1664,0.9805,-19.6484,-12.9277,16.5664
201685,0.1434,0.1685,1.0559,-19.418,-11.5684,19.5449
201708,0.1572,0.0936,0.9193,-18.3711,-11.3984,20.1309
201731,0.1041,0.0155,0.8492,-15.5898,-11.8828,19.209
201754,0.0837,0.058,1.0717,-11.7734,-12.3418,16.9609
201777,0.1967,0.051,1.2052,-8.6816,-12.1543,15.2695
201800,0.2888,0.0626,1.1287,-3.2754,-11.0039,13.1602
201823,0.2473,0.1134,1.15,0.4883,-9.7344,12.3809
201846,0.0809,0.1051,1.1172,5.3437,-6.7461,12.6934
201869,0.0121,0.0981,1.038,7.8691,-1.6836,15.4062
201892,0.0017,0.1122,1.0042,7.6426,3.1348,18.7188
201915,-0.0442,0.0916,0.9587,4.1133,12.3848,25.6445
201938,-0.0746,0.0875,0.9508,-0.1543,19.5059,31.127
201961,-0.0667,0.1337,1.0042,-8.4551,30.498,39.6328
201984,-0.0209,0.1575,1.0598,-14.4062,37.207,44.8516
202007,0.005,0.1622,1.0599,-22.4414,44.9004,51.0371
202030,0.0073,0.1475,1.0259,-28.0859,48.5723,54.5527
202053,-0.0254,0.1312,1.0045,-30.1973,48.6621,55.3496
202076,-0.0504,0.1362,1.0524,-30.9727,46.002,54.5898
202099,0.046,0.1682,1.0751,-30.0996,43.0156,53.1191
202122,0.0234,0.147,1.0255,-27.2168,37.7246,50.0703
202145,-0.0399,0.1128,0.9529,-23.3867,32.5449,46.7129
202168,-0.0723,0.0931,0.9559,-20.9023,29.7129,44.6875
202191,-0.0706,0.0709,0.9258,-17.9492,26.9707,42.416
202214,-0.0875,0.0446,0.8876,-16.6895,26.2285,41.541
202237,-0.0823,0.0693,0.9313,-15.8477,26.4434,41.2031
202260,-0.0594,0.1083,0.9406,-15.707,27.4219,41.8008
202283,-0.0897,0.1113,0.9165,-15.4785,27.9492,42.5059
202306,-0.1113,0.1428,0.8915,-14.1094,27.916,43.6699
202329,-0.127,0.1826,0.9189,-12.1777,27.1719,44.334
202352,-0.1555,0.1781,0.8951,-7.5332,25.0156,44.8926
202375,-0.1826,0.1423,0.8309,-3.3965,23.0469,44.8242
202398,-0.1893,0.1531,0.8151,3.7363,19.707,43.8594
202421,-0.1899,0.1564,0.8073,10.8828,16.3418,41.748
202444,-0.1899,0.1857,0.7952,15.0078,14.1895,39.7578
202467,-0.2207,0.2179,0.8734,19.4414,10.9785,36.168
202490,-0.2019,0.2045,0.9407,21.0059,8.6836,33.5488
202513,-0.1146,0.1876,0.8961,21.2988,4.7383,29.4102
202536,-0.1105,0.1438,0.9097,19.4395,-0.002,24.8887
202559,-0.0775,0.146,1.0074,17.2949,-3.5684,21.5762
202582,-0.0227,0.1763,1.0524,13.3867,-9.3203,16.1836
202605,-0.0111,0.2018,1.0808,10.7148,-13.2246,12.4336
202628,-0.0007,0.2092,1.1011,6.9941,-18.6426,6.9844
202651,-0.0492,0.1614,1.0538,3.5449,-22.7344,2.4141
202674,-0.0626,0.1199,1.0339,1.0645,-24.3535,0.2402
202697,-0.0044,0.1273,1.0774,-3.4902,-24.8555,-1.3867
202720,0.0396,0.1335,1.0951,-7.1641,-23.9688,-1.4453
202743,0.0031,0.1025,1.0945,-13.3379,-21.1621,-0.4492
202766,0.0007,0.1101,1.0977,-17.6328,-18.5918,1.2734
202789,-0.0229,0.1086,1.0974,-23.8848,-14.207,2.6035
202812,-0.058,0.1168,1.1334,-29.3789,-9.8086,4.6895
202835,-0.0537,0.1233,1.1587,-32.3047,-7.1309,6.0566
202858,-0.048,0.092,1.1797,-35.1777,-3.7324,7.8984
202881,-0.0232,0.0846,1.196,-35.9688,-1.9551,8.8711
202904,-0.0046,0.0741,1.1746,-35.5488,-0.0469,9.7578
202927,-0.037,0.037,1.0801,-33.7031,1.1035,9.8105
202950,-0.043,0.0078,1.0546,-32.1211,1.6387,9.375
202973,-0.0157,-0.0095,1.0176,-29.9219,2.5039,8.0742
202996,-0.0159,-0.0497,0.9198,-28.873,3.3574,6.8105
203019,-0.0327,-0.0786,0.8898,-28.1855,5.293,4.4141
203042,-0.0381,-0.0786,0.8983,-28.4512,7.8945,1.668
203065,-0.0393,-0.0815,0.9117,-28.8594,9.6953,-0.168
203088,-0.0538,-0.0649,0.9442,-29.1465,11.7793,-2.5859
203111,-0.0975,-0.0458,1.014,-28.7168,12.3184,-3.7695
203134,-0.1219,-0.036,1.1155,-26.5566,11.2109,-4.5684
203157,-0.0459,-0.0201,1.1614,-23.8555,7.3887,-3.9492
203180,0.0616,0.0417,1.0415,-17.7559,2.8203,-2.8301
203203,0.0582,0.0515,1.016,-9.6836,-5.6621,-0.6094
203226,-0.0587,0.0118,0.9761,-3.8379,-11.834,0.9219
203249,-0.075,0.01,0.9989,4.3691,-20.3418,3.0332
203272,-0.031,0.0437,1.0579,8.8008,-24.7715,4.2578
203295,0.035,0.0944,1.1295,13.2656,-28.8574,5.6562
203318,0.0483,0.1185,1.1272,15.1172,-29.832,6.2285
203341,0.0155,0.0846,1.0092,15.0957,-28.9395,6.0352
203364,-0.0536,0.0428,0.953,13.4375,-25.6172,4.9336
203387,-0.08,0.0126,0.9589,11.3613,-22.2871,3.7988
203410,-0.0758,-0.0005,0.9581,7.1152,-16.1309,1.8184
203433,-0.0347,-0.0023,0.9641,2.2207,-9.5176,-0.1465
203456,0.0278,0.0093,0.9583,-0.877,-5.5039,-1.3086
203479,0.042,0.0208,0.9656,-4.4629,-1.0566,-2.6641
203502,0.0696,0.0693,0.9937,-5.7344,0.4316,-3.2051
203525,0.0929,0.141,1.0189,-5.4102,0.166,-3.2969
203548,0.1028,0.2023,1.0938,-3.5254,-2.7773,-2.4355
203571,0.1038,0.196,1.0541,1.6426,-5.7871,-1.3594
203594,0.0865,0.183,1.0339,8.5703,-10.9805,0.8105
203617,0.0859,0.2036,1.0748,13.2852,-14.3437,2.4434
203640,0.0791,0.201,1.0822,19.2324,-18.4277,4.7109
203663,0.0505,0.1647,1.0588,21.8613,-20.1777,5.8047
203686,0.0725,0.1217,1.041,23.0684,-21.0156,6.4023
203709,0.0648,0.0874,1.0109,20.5645,-19.7109,5.4473
203732,0.0371,0.0519,1.0162,16.9043,-17.8066,3.9453
203755,0.0385,0.0352,1.0188,9.0879,-13.7852,0.6914
203778,0.0406,0.024,1.038,2.9492,-10.6152,-1.8496
203801,0.0415,0.0125,1.0406,-6.4062,-5.6758,-5.627
203824,0.0391,0.0096,1.0311,-14.5449,-1.1113,-8.6895
203847,0.0397,0.0255,1.0322,-18.7051,1.5078,-10.0215
203870,0.0396,0.0286,1.0333,-22.5488,4.6523,-10.6719
203893,0.0392,0.0195,1.021,-23.4648,6.2227,-10.1699
203916,0.0378,0.011,1.0195,-22.6836,7.8633,-8.1602
203939,0.0586,0.0289,1.0419,-20.0645,8.7734,-5.0156
203962,0.0771,0.051,1.0193,-17.6445,9.0449,-2.5469
203985,0.0243,0.0559,1.0043,-13.7559,9.1094,1.3555
204008,-0.0096,0.0513,0.9993,-11.248,9.0586,3.959
204031,0.0261,0.0579,1.0146,-7.9551,9.0625,7.7344
204054,0.0415,0.0774,1.0199,-6.1523,9.1875,10.0742
204077,0.0217,0.0752,1.0344,-3.9687,9.582,13.1504
204100,0.0095,0.0664,1.0575,-2.2168,10.1758,15.5664
204123,0.041,0.0223,1.0482,-1.1777,10.6348,16.7715
204146,0.0364,-0.0552,0.9803,0.2754,11.4082,17.9219
204169,0.0184,0.0247,0.9484,1.2227,12.0781,18.2734
204192,-0.0731,0.1266,0.9647,2.8809,13.623,18.4453
204215,-0.1859,0.1063,0.9854,5.2539,16.0137,18.8633
204238,-0.157,0.054,0.9492,7.2559,17.9512,19.6641
204261,-0.0378,0.0641,0.9656,10.4141,20.7578,21.7832
204284,-0.0093,0.1101,1.0024,12.2949,22.082,23.5938
204307,-0.0133,0.1561,1.0214,14.4746,22.5879,26.3379
204330,-0.0253,0.1882,1.0651,15.8164,21.0293,28.5781
204353,-0.0221,0.196,1.0558,16.2344,18.957,29.6113
204376,-0.0197,0.2,1.0052,16.0586,14.8164,30.3105
204399,-0.0366,0.2443,1.0542,15.3613,11.7852,30.1387
204422,-0.0643,0.2607,1.0879,13.5,7.5664,28.8633
204445,-0.097,0.2151,1.0354,11.7656,5.3242,26.3438
204468,-0.1116,0.1501,0.9907,8.2988,3.1895,24.1309
204491,-0.0977,0.1036,0.9822,3.502,2.6152,19.9004
204514,-0.1071,0.0563,0.9656,-0.4805,2.9629,16.5684
204537,-0.0944,0.0067,0.9674,-7.373,4.1543,10.9902
204560,-0.0527,0.0085,0.9838,-12.2559,5.082,7.0801
204583,-0.0566,0.027,0.9979,-19.1367,6.2109,1.4199
204606,-0.0995,0.0309,0.9744,-24.2441,6.7168,-3.252
204629,-0.0879,0.0028,0.9667,-26.0605,6.6836,-5.4297
204652,-0.0155,0.0024,0.9517,-25.8145,6.1738,-7.0566
204675,0.0006,0.0532,0.9193,-23.4727,5.6309,-7.1641
204698,-0.0658,0.1183,0.9489,-16.5566,4.7207,-6.2852
204721,-0.1305,0.1417,0.958,-5.7637,3.9453,-4.5957
204744,-0.1074,0.1477,1.0127,3.1855,3.5918,-3.2051
204767,-0.1041,0.1289,0.979,18.1426,3.2891,-1.0508
204790,-0.0247,0.1946,1.0428,28.3457,3.1641,0.168
204813,-0.0161,0.2637,1.0601,42.7773,2.9687,1.2148
204836,-0.0621,0.3264,1.0986,51.293,2.8184,1.0957
204859,-0.0444,0.3489,1.0865,61.8359,2.6914,0.4883
204882,-0.0675,0.3771,0.9698,63.998,3.0762,-0.7734
204905,-0.0707,0.4396,0.9413,63.998,3.8711,-1.4844
204928,-0.1014,0.4569,0.9683,63.998,6.0547,-1.6406
204951,-0.1624,0.4059,0.8425,63.998,8.1797,-0.7812
204974,-0.1715,0.3922,0.6777,63.998,12.3203,2.2871
204997,-0.2507,0.4137,0.6427,63.998,17.4121,7.4238
205020,-0.2732,0.4734,0.718,63.998,21.2285,11.6699
205043,-0.1743,0.4613,0.7433,63.998,27.3594,18.293
205066,0.0005,0.5479,0.7162,63.998,31.4707,22.1328
205089,-0.0466,0.5697,0.755,63.998,37.0313,25.9961
205112,-0.2206,0.5201,0.6201,63.998,41.543,27.4004
205135,-0.276,0.5497,0.548,63.998,44.2559,27.4453
205158,-0.1946,0.578,0.5051,63.998,48.5059,27.2031
205181,-0.2098,0.6161,0.468,63.998,51.543,27.2617
205204,-0.2114,0.6531,0.517,63.998,56.0,27.9805
205227,-0.1951,0.6989,0.4707,63.998,59.5137,29.3828
205250,-0.2273,0.7415,0.4323,63.998,60.873,30.5195
205273,-0.1344,0.817,0.538,63.998,60.8887,32.1113
205296,-0.0601,0.8184,0.4811,63.998,59.4414,32.7754
205319,-0.1256,0.7667,0.2858,63.998,55.2637,32.7148
205342,-0.201,0.7792,0.2855,63.998,51.5059,31.9121
205365,-0.079,0.8795,0.4753,63.998,45.2773,29.7383
205388,-0.0479,0.8521,0.312,63.998,39.2148,26.6523
205411,-0.1273,0.7601,0.1224,57.9277,35.5645,24.293
205434,-0.1544,0.7488,0.1128,50.2305,30.8242,20.793
205457,-0.1252,0.8252,0.1912,46.2148,28.1211,18.7578
205480,-0.0573,0.842,0.2965,42.4883,24.5078,16.3379
205503,-0.0836,0.7795,0.1692,42.1035,21.0781,14.5801
205526,-0.1606,0.8115,0.1981,43.4395,18.7461,13.752
205549,-0.2357,0.8269,0.246,46.5918,15.0566,13.1621
205572,-0.0988,0.8531,0.1914,48.584,12.4941,13.1758
205595,-0.113,0.8358,0.1707,49.9531,8.5957,13.3906
205618,-0.0687,0.8795,0.266,49.0918,4.7852,13.1816
205641,-0.1223,0.7828,0.1973,44.5332,2.4355,12.5586
205664,-0.103,0.76,0.1765,36.1074,-0.5449,10.8555
205687,-0.0955,0.8462,0.2653,28.7715,-2.0547,9.3066
205710,-0.1091,0.8268,0.2529,16.498,-3.5156,6.6523
205733,-0.0881,0.7825,0.2529,8.3535,-3.9512,4.834
205756,-0.1429,0.734,0.1881,-2.5098,-3.8887,2.2695
205779,-0.1315,0.7444,0.1758,-10.7168,-3.207,0.1973
205802,-0.1539,0.8091,0.2336,-14.3574,-2.6289,-0.7617
205825,-0.0625,0.8192,0.2532,-16.7637,-2.0,-1.4961
205848,-0.1289,0.813,0.1755,-16.3164,-1.9746,-1.6035
205871,-0.1006,0.8688,0.2028,-12.9434,-2.7617,-1.4063
205894,-0.1365,0.8386,0.1647,-7.0684,-4.6113,-1.0039
205917,-0.0104,0.9022,0.2,-2.2598,-6.377,-0.7559
205940,-0.1041,0.9108,0.1793,5.5273,-9.5937,-0.6016
205963,-0.1031,0.8748,0.1481,10.6914,-11.8633,-0.6895
205986,-0.1422,0.8044,0.104,17.707,-14.8262,-1.043
206009,-0.1293,0.7965,0.1318,23.0254,-16.4902,-1.4824
206032,-0.1079,0.7715,0.1261,25.4961,-16.627,-1.7305
206055,-0.1008,0.7866,0.1245,27.125,-15.4023,-1.9512
206078,-0.1151,0.8153,0.0852,26.9414,-13.7773,-1.9766
206101,-0.1204,0.8115,0.1008,24.9863,-10.4551,-1.8184
206124,-0.0896,0.7762,0.1273,22.7559,-7.8887,-1.6016
206147,-0.0765,0.8387,0.1428,18.418,-4.0371,-1.1816
206170,-0.0929,0.8418,0.1273,13.4121,-0.7617,-0.6621
206193,-0.0992,0.8315,0.1129,10.0,0.9473,-0.2187
206216,-0.104,0.8418,0.1205,5.1641,2.8145,0.6426
206239,-0.0944,0.8596,0.132,2.3477,3.6367,1.334
206262,-0.0917,0.842,0.1198,-0.9258,4.2812,2.4434
206285,-0.0956,0.8113,0.0992,-2.8203,4.3164,3.4297
206308,-0.0936,0.8468,0.087,-3.3027,4.1055,3.8965
206331,-0.0898,0.8579,0.09,-3.0293,3.6172,4.1934
206354,-0.0983,0.813,0.0828,-2.3652,3.2559,4.0859
206377,-0.075,0.9314,0.0908,-1.0684,2.7227,3.4668
206400,-0.1117,0.8011,0.0731,0.0645,2.1699,2.3672
206423,-0.0918,0.8353,0.0861,0.4746,1.7773,1.4336
206446,-0.113,0.8302,0.1023,0.3262,1.1523,-0.1309
206469,-0.1077,0.8177,0.1119,-0.3242,0.7363,-1.1836
206492,-0.11,0.8118,0.1248,-2.0547,0.1113,-2.6074
206515,-0.1309,0.8507,0.0924,-3.6133,-0.2793,-3.8691
206538,-0.1392,0.8372,0.0776,-6.3496,-0.6602,-4.0996
206561,-0.1329,0.8329,0.0836,-9.4043,-0.7832,-4.2051
206584,-0.1198,0.8318,0.0427,-11.6387,-0.9902,-3.8535
206607,-0.105,0.8363,0.0646,-15.6289,-2.1562,-2.6016
206630,-0.0835,0.7971,0.078,-19.0879,-3.8652,-1.248
206653,-0.0186,0.7804,0.1936,-26.3574,-8.2949,1.543
206676,0.0031,0.7437,0.3278,-37.1152,-15.3828,5.0781
206699,0.0315,0.7593,0.3923,-46.4297,-21.5957,7.6504
206722,0.0289,0.7362,0.4778,-63.0449,-32.3789,11.3691
206745,0.0131,0.71,0.5514,-64.0,-39.623,13.4121
206768,-0.05,0.7292,0.5251,-64.0,-48.5879,15.1855
206791,-0.0957,0.7574,0.5171,-64.0,-52.9512,14.8242
206814,-0.1603,0.8252,0.5813,-64.0,-52.4102,13.2539
206837,-0.0605,0.912,0.7728,-64.0,-46.3867,9.0137
206860,-0.0415,0.7911,0.8453,-64.0,-39.7383,5.043
206883,-0.1318,0.7389,0.881,-64.0,-27.9375,-2.416
206906,-0.0985,0.634,0.782,-64.0,-19.9375,-11.3262
206929,-0.0817,0.5653,0.6567,-64.0,-8.9395,-17.793
206952,-0.1289,0.5398,0.6401,-64.0,0.3848,-27.584
206975,-0.1898,0.5182,0.6222,-64.0,5.7734,-33.5371
206998,-0.186,0.4973,0.5074,-56.3457,13.0156,-40.2598
207021,-0.1311,0.5073,0.4869,-37.6875,17.3984,-42.5332
207044,-0.1277,0.5037,0.436,-8.3984,23.082,-41.7344
207067,-0.0922,0.5851,0.4701,20.5645,27.127,-35.5898
207090,-0.1013,0.7098,0.4929,38.9121,28.6797,-28.7793
207113,-0.1987,0.7072,0.3198,63.998,29.2148,-15.3203
207136,-0.1865,0.6857,0.1223,63.998,28.4316,-4.8437
207159,-0.1033,0.7943,0.2617,63.998,25.625,11.5703
207182,-0.0563,0.8485,0.3311,63.998,20.7852,26.543
207205,-0.1746,0.8163,0.0662,63.998,16.4512,34.5352
207228,-0.1503,0.9211,0.1674,63.998,8.5937,42.3984
207251,-0.0231,0.9301,0.1832,63.998,2.6934,44.584
207274,-0.1039,0.8232,0.1075,63.998,-6.6582,43.2988
207297,-0.0918,0.8431,0.1387,63.998,-15.7422,37.3965
207320,-0.0254,0.8845,0.1183,63.998,-20.5293,31.7305
207343,-0.1205,0.8691,0.1816,63.998,-25.668,22.168
207366,-0.0511,0.8544,0.1407,63.1914,-27.3379,15.9629
207389,-0.0588,0.7834,0.1549,47.8652,-27.291,8.0176
207412,-0.0254,0.798,0.1497,38.4863,-25.7852,3.9941
207435,-0.0375,0.8369,0.155,26.5273,-21.8926,0.0723
207458,-0.0625,0.7939,0.1178,17.7246,-16.9336,-1.4355
207481,-0.0267,0.8081,0.1383,13.6855,-13.5117,-1.2949
207504,-0.0098,0.8102,0.1222,10.082,-8.8496,0.1641
207527,-0.0377,0.8257,0.0994,9.0254,-6.332,1.6328
207550,-0.0206,0.8292,0.076,8.8535,-3.668,3.9922
207573,-0.001,0.8665,0.0896,9.6191,-2.4102,5.9902
207596,-0.0344,0.8171,0.0769,10.2539,-2.3184,6.918
207619,-0.0288,0.8168,0.0859,10.873,-3.0664,7.5898
207642,-0.0171,0.8845,0.0406,10.8047,-3.9785,7.5879
207665,-0.0256,0.8412,0.0591,9.6445,-5.6719,7.1074
207688,0.0009,0.7997,0.1221,8.084,-7.418,6.3652
207711,0.0198,0.6825,0.1288,4.6914,-8.4785,5.873
207734,-0.0012,1.0176,0.1295,0.5,-9.7656,5.2988
207757,0.0129,0.8309,0.1002,-2.3437,-10.248,5.084
207780,-0.0188,0.8317,0.1136,-6.0566,-10.0117,4.8926
207803,0.0037,0.8972,0.0902,-7.8359,-9.0547,4.6738
207826,-0.068,0.8064,0.0559,-9.0469,-6.3945,3.8984
207849,-0.1007,0.8541,-0.0355,-8.4238,-2.5586,2.4199
207872,-0.0654,0.8793,0.0267,-7.2617,0.3613,1.1367
207895,-0.0488,0.842,0.0526,-5.3437,4.5879,-0.752
207918,-0.022,0.8534,0.0983,-4.6816,6.7832,-1.6172
207941,0.0134,0.8475,0.1248,-5.9258,8.3574,-1.7383
207964,0.0413,0.8132,0.1415,-11.2051,7.4824,-0.043
207987,0.0519,0.8116,0.2455,-17.4277,5.6641,2.082
208010,0.1033,1.0006,0.3934,-30.7051,1.4863,6.2871
208033,0.1342,0.9886,0.4684,-41.5078,-2.1816,9.2539
208056,0.0359,0.9974,0.4717,-58.4043,-9.1055,12.6738
208079,-0.0031,0.8939,0.4562,-64.0,-17.5391,13.1484
208102,-0.0435,0.7729,0.392,-64.0,-23.584,11.0371
208125,-0.0913,0.6984,0.302,-64.0,-32.2832,3.793
208148,-0.0967,0.693,0.2864,-64.0,-37.2129,-3.4648
208171,-0.1113,0.6981,0.2682,-64.0,-42.3203,-16.7383
208194,-0.2083,0.7145,0.2617,-61.7246,-43.7754,-26.1719
208217,-0.1587,0.7187,0.2622,-43.7891,-42.7578,-39.3809
208240,-0.1671,0.6915,0.177,-23.2734,-38.4355,-49.6953
208263,-0.2754,0.6472,0.1461,-9.3535,-34.3477,-54.3398
208286,-0.1819,0.6843,0.2343,10.3516,-27.5762,-57.6699
208309,-0.054,0.7325,0.2655,22.1719,-23.3477,-57.709
208332,-0.1062,0.7072,0.1968,37.4824,-18.4785,-55.2891
208355,-0.1029,0.7584,0.2429,49.4004,-16.0664,-50.5098
208378,-0.076,0.7781,0.2675,55.1992,-15.8496,-46.0859
208401,-0.0498,0.778,0.1968,60.4707,-17.0371,-37.7227
208424,-0.0957,0.7887,0.1531,61.6543,-18.3242,-31.1758
208447,-0.1981,0.814,0.1243,60.041,-20.0898,-20.2852
208470,-0.1627,0.8975,0.1014,54.9414,-20.8086,-8.7656
208493,-0.1047,0.9023,0.0653,50.1445,-20.5156,-1.3164
208516,-0.1052,0.9364,0.0989,41.8457,-19.1211,8.3711
208539,-0.0861,0.864,0.0839,36.1328,-17.8125,13.2441
208562,-0.162,0.8181,0.0522,27.9863,-15.7832,17.6289
208585,-0.1171,0.8406,0.0773,23.0625,-14.6426,18.6289
208608,-0.0969,0.8564,0.1189,16.7832,-13.5449,17.6191
208631,-0.1152,0.8318,0.0818,12.25,-13.2539,14.2129
208654,-0.1752,0.7977,0.0444,10.3047,-13.373,11.0293
208677,-0.1094,0.8293,0.0688,8.8457,-13.6719,5.6406
208700,-0.0811,0.8778,0.1068,8.6816,-13.8145,2.0352
208723,-0.1089,0.8505,0.0551,9.3594,-13.8301,-2.9004
208746,-0.1775,0.8423,0.0117,10.6465,-13.4062,-6.8066
208769,-0.1311,0.866,0.0251,11.4668,-12.7363,-8.6133
208792,-0.136,0.8252,0.041,12.0801,-11.166,-9.9238
208815,-0.1277,0.8247,0.064,11.8379,-9.8652,-9.8594
208838,-0.1196,0.83,0.0635,10.3379,-7.8105,-8.5332
208861,-0.123,0.8107,0.0527,7.6094,-5.8965,-6.1621
208884,-0.132,0.8127,0.0695,5.3164,-4.7754,-4.2988
208907,-0.111,0.8243,0.0692,1.5879,-3.3437,-1.5273
208930,-0.1165,0.8153,0.0729,-0.834,-2.5625,0.0879
208953,-0.1295,0.8169,0.073,-3.9609,-1.625,1.8965
208976,-0.135,0.8264,0.0731,-5.5293,-1.0879,2.6094
208999,-0.1416,0.8527,0.0548,-6.9082,-0.2695,2.9082
209022,-0.1383,0.8466,0.0409,-7.1016,0.6406,2.4199
209045,-0.1383,0.844,0.0516,-6.6758,1.2754,1.8125
209068,-0.144,0.8315,0.0386,-5.5117,2.1914,0.7715
209091,-0.1362,0.8453,0.0446,-4.5996,2.7305,0.1562
209114,-0.1309,0.8334,0.0386,-3.4062,3.3496,-0.418
209137,-0.1265,0.8284,0.0468,-2.832,3.6289,-0.4062
209160,-0.116,0.8326,0.0535,-2.9824,3.5937,-0.0312
209183,-0.1216,0.8302,0.0468,-4.1953,3.248,1.0605
209206,-0.0984,0.8207,0.0519,-5.7129,2.8945,2.082
209229,-0.0867,0.8374,0.0739,-9.0645,2.3477,3.9004
209252,-0.0986,0.823,0.0658,-13.6328,2.0332,5.8184
209275,-0.0922,0.8354,0.0812,-17.291,2.0879,6.9961
209298,-0.049,0.834,0.1334,-23.6348,2.6406,8.375
209321,-0.1422,0.8297,0.1409,-28.4297,3.3184,8.9121
209344,-0.0983,0.8363,0.1759,-36.457,4.8223,8.9707
209367,-0.1302,0.8717,0.1611,-42.3555,6.1367,8.0723
209390,-0.104,0.9047,0.2163,-52.0488,8.6641,7.041
209413,-0.0819,1.0012,0.2747,-62.8828,12.0234,5.1875
209436,-0.1296,0.9874,0.489,-64.0,14.5352,4.0254
209459,-0.1528,0.9288,0.4897,-64.0,17.7754,2.9199
209482,-0.233,0.8674,0.5359,-64.0,18.8789,2.8066
209505,-0.1212,0.7892,0.6451,-64.0,18.0371,3.3359
209528,-0.1462,0.6952,0.5775,-64.0,14.0059,3.5078
209551,-0.1489,0.6462,0.6193,-64.0,9.8301,2.6777
209574,-0.2228,0.5751,0.5988,-64.0,2.2578,-0.5293
209597,-0.2531,0.5569,0.6288,-64.0,-3.0371,-3.8105
209620,-0.2145,0.5823,0.8062,-64.0,-10.4863,-9.5488
209643,-0.1711,0.5128,0.8699,-64.0,-16.7441,-15.0195
209666,-0.1252,0.402,0.8784,-64.0,-20.1641,-17.9063
209689,-0.0974,0.3008,0.8157,-64.0,-24.3613,-20.373
209712,-0.0447,0.287,0.911,-64.0,-26.7266,-20.4805
209735,-0.0405,0.1943,1.0128,-64.0,-29.7852,-18.1777
209758,-0.0168,0.1814,1.0236,-64.0,-32.4375,-13.1973
209781,0.0079,0.186,1.1003,-64.0,-33.1875,-8.6836
209804,-0.0096,0.2031,1.0956,-64.0,-33.7754,-0.6836
209827,-0.0889,0.2119,1.0624,-64.0,-33.3027,5.1816
209850,-0.0681,0.2549,1.1688,-64.0,-30.9707,14.3867
209873,-0.0668,0.2599,1.163,-64.0,-28.2656,20.582
209896,-0.0892,0.186,1.0311,-64.0,-22.6934,29.6113
209919,-0.0839,0.1157,1.0029,-64.0,-15.834,37.8555
209942,-0.0603,0.0189,1.0361,-64.0,-10.877,42.541
209965,-0.0441,-0.0278,1.0336,-64.0,-3.4199,47.6777
209988,0.0315,-0.0419,1.0757,-64.0,1.1738,49.5273
210011,0.0408,-0.0707,1.0365,-64.0,6.875,49.7461
210034,0.0089,-0.0685,1.0316,-64.0,10.7852,47.2402
210057,-0.0283,-0.0446,1.093,-64.0,12.4531,44.5273
210080,-0.0319,0.0089,1.0729,-55.3281,13.8184,39.877
210103,-0.0212,0.0706,1.0776,-45.4336,14.0859,36.9395
210126,-0.0071,0.074,1.066,-31.4258,13.7012,33.4434
210149,-0.0352,0.0613,1.0049,-23.3066,12.5957,31.416
210172,-0.0365,0.0505,0.9674,-13.9023,11.5996,30.9316
210195,-0.0245,0.0959,1.0239,-8.1855,9.9434,31.2949
210218,0.0037,0.1,0.9701,-6.1328,8.8262,31.9922
210241,-0.0394,0.0648,0.8954,-4.8652,7.125,33.1973
210264,-0.068,0.0859,0.9004,-4.7617,6.0605,33.8535
210287,-0.0852,0.1025,0.9824,-4.9512,4.8281,34.2715
210310,-0.0511,0.0703,0.9869,-4.7207,4.2187,33.6875
210333,-0.0342,0.0304,0.9595,-4.0762,4.1055,32.5996
210356,-0.0488,0.0209,0.9504,-2.4355,4.1074,29.8828
210379,-0.0555,0.0486,0.9923,-1.0371,4.0449,27.4805
210402,-0.0111,0.0126,0.9845,1.3027,3.6172,23.4004
210425,-0.0166,0.0052,0.9531,3.7285,2.541,19.3398
210448,-0.0286,0.007,0.939,5.2832,1.4453,16.957
210471,-0.024,0.0122,0.9254,7.4512,-0.5742,14.2754
210494,-0.0283,0.0138,0.9207,8.8418,-2.0117,13.2383
210517,-0.0282,0.0433,0.9294,11.082,-4.0039,12.8574
210540,-0.054,0.0364,0.9642,13.834,-5.3379,13.6367
210563,-0.0421,0.0369,0.9816,16.0039,-5.5957,14.5684
210586,0.0016,0.0402,0.9897,19.6699,-4.9473,16.2344
210609,0.0442,0.0771,0.9949,22.1328,-4.0059,17.3789
210632,0.015,0.1006,0.9634,25.3105,-2.1816,18.9629
210655,0.0043,0.1146,0.9899,26.8125,-0.752,19.8477
210678,0.0098,0.1235,0.9835,28.0293,1.7695,20.8281
210701,-0.0125,0.1549,0.8829,28.2734,4.6328,21.4297
210724,-0.0333,0.1786,0.9244,28.1426,6.5254,21.75
210747,-0.0524,0.2126,0.9298,28.0156,9.0391,22.332
210770,-0.0472,0.208,0.8459,28.252,10.4121,22.8516
210793,-0.0215,0.2517,0.7865,29.293,11.9395,23.7617
210816,-0.0659,0.3315,0.8182,31.1426,12.7852,24.5684
210839,-0.0712,0.3613,0.8284,32.7949,12.9922,24.8848
210862,-0.0734,0.3688,0.7549,35.7051,12.9453,24.7988
210885,-0.0909,0.4215,0.7809,37.6445,12.8008,24.2695
210908,-0.1252,0.4476,0.7201,39.8965,12.5625,22.7246
210931,-0.1831,0.4862,0.8403,40.5078,12.3379,20.334
210954,-0.2231,0.3591,0.8173,39.543,12.1738,18.3379
210977,-0.177,0.2489,0.7762,35.3281,11.7227,14.8965
211000,-0.0105,0.1145,0.8729,30.3906,11.0664,12.4336
211023,0.0424,0.058,0.776,19.9766,9.0918,8.7207
211046,-0.0769,0.1356,0.7031,11.6133,6.9824,5.4258
211069,-0.2026,0.3379,0.8861,-1.2773,2.9141,3.8262
211092,-0.2358,0.4353,1.0629,-11.7324,-1.3652,2.9746
211115,-0.1174,0.4056,1.0223,-16.0898,-3.916,3.6035
211138,-0.119,0.3444,0.9622,-18.5371,-7.248,6.3398
211161,-0.1312,0.4282,1.0897,-18.1367,-9.3145,9.2129
211184,-0.0123,0.5034,1.0223,-16.0371,-12.3574,14.5801
211207,-0.1182,0.5686,1.0436,-13.8418,-15.2852,20.3281
211230,0.021,0.5769,1.062,-13.0645,-17.0,23.873
211253,0.0786,0.4246,0.889,-13.623,-18.8945,28.1074
211276,0.0554,0.265,0.8638,-15.2852,-19.5938,29.9863
211299,0.2489,0.2064,0.7524,-19.1426,-19.666,31.498
211322,-0.2562,0.1554,0.9601,-22.6543,-17.9199,31.8555
211345,0.0481,0.2482,0.8927,-23.2695,-15.0566,31.584
211368,-0.0596,0.2289,0.8701,-19.6543,-8.5488,30.332
211391,0.0273,0.4412,0.8002,-13.8047,-3.9023,28.8574
211414,0.1122,0.5054,0.6987,-0.7559,1.0703,25.7676
211437,0.0769,0.4763,0.6531,9.5098,1.834,21.9434
211460,-0.1344,0.4263,0.6842,24.3594,-1.5762,19.123
211483,0.0072,0.4073,0.5576,35.1191,-8.8984,14.3555
211506,0.3289,0.4449,0.7136,38.4824,-14.8164,10.4414
211529,0.4044,0.0884,0.4482,36.3379,-24.9922,2.7012
211552,0.3982,-0.0203,0.5641,29.6973,-32.7188,-4.0879
211575,0.37,0.1228,1.0211,12.9531,-44.5156,-17.1895
211598,0.4197,0.2875,1.2158,-7.627,-54.0449,-33.4961
211621,0.4202,0.1179,1.0203,-20.6035,-58.502,-45.1484
211644,0.3008,-0.05,0.8688,-36.4336,-62.6895,-61.1484
211667,0.2123,0.0421,0.8839,-44.2129,-63.8477,-64.0
211690,0.1271,0.2325,0.9987,-51.5137,-62.4941,-64.0
211713,0.1422,0.2163,1.042,-52.7285,-56.252,-64.0
211736,0.2114,0.2124,1.0725,-49.6758,-49.0625,-64.0
211759,0.2535,0.2576,1.1343,-39.2832,-34.7129,-64.0
211782,0.2159,0.3696,1.0192,-29.0566,-24.0977,-63.9883
211805,0.1025,0.3518,0.9641,-10.9297,-9.4473,-58.8203
211828,0.1143,0.3654,1.0829,1.332,1.2578,-54.6699
211851,0.1023,0.3175,1.0729,17.3457,5.9238,-52.3574
211874,-0.015,0.3177,0.9266,28.2227,9.3047,-49.3574
211897,-0.0803,0.328,0.9213,31.8301,9.7168,-47.4883
211920,0.0209,0.3959,0.9563,31.7695,8.498,-44.7207
211943,0.1174,0.4562,1.0002,28.877,6.9258,-43.0449
211966,0.1356,0.3878,1.0399,22.5508,4.0781,-41.1445
211989,0.0276,0.4269,0.9619,16.6367,1.6016,-39.8105
212012,-0.0737,0.4841,1.0339,13.998,0.6934,-38.6602
212035,-0.1713,0.4226,1.0758,12.5996,0.9473,-35.3359
212058,-0.1783,0.354,0.9938,13.1523,2.1855,-31.6133
212081,-0.0951,0.3275,0.9575,14.9883,5.0547,-24.0781
212104,0.0156,0.3162,0.9763,16.3379,7.916,-15.8809
212127,0.0361,0.3387,0.9641,16.3477,9.1582,-11.209
212150,-0.0239,0.3352,0.9645,14.7324,9.4824,-6.6074
212173,-0.0437,0.3002,0.9041,12.5977,8.6914,-5.3496
212196,-0.0037,0.2708,0.8447,8.0215,6.3711,-5.8242
212219,0.0151,0.2832,0.7971,4.291,3.2578,-8.2734
212242,-0.0341,0.3568,0.8615,-1.5469,1.0371,-10.4453
212265,-0.0614,0.3853,0.9055,-6.3516,-2.1074,-13.6445
212288,-0.0514,0.3925,0.8722,-8.3496,-3.8828,-15.3145
212311,-0.0356,0.407,0.8805,-9.2695,-5.8887,-16.6641
212334,-0.0514,0.4087,0.8864,-8.6855,-6.7754,-16.6992
212357,-0.0742,0.4099,0.8608,-6.6445,-7.4531,-15.5586
212380,-0.0728,0.4072,0.8457,-4.0273,-7.4062,-13.3652
212403,-0.0701,0.4275,0.8774,-2.3301,-7.0156,-11.6309
212426,-0.0684,0.4221,0.8761,-0.1777,-5.9551,-9.1328
212449,-0.076,0.3892,0.8502,0.8496,-4.9727,-7.7852
212472,-0.0498,0.3929,0.8721,1.5156,-3.2168,-6.5176
212495,0.0099,0.4071,0.9268,0.9727,-1.416,-6.3125
212518,-0.0068,0.3927,0.9087,-0.0039,-0.3418,-6.7656
212541,-0.0494,0.3783,0.8906,-2.2109,1.0918,-8.1406
212564,-0.0728,0.3827,0.897,-4.0742,2.0723,-9.3184
212587,-0.0804,0.4037,0.9043,-7.2422,3.8633,-11.084
212610,-0.0941,0.3993,0.8821,-10.9492,6.1426,-12.4922
212633,-0.1406,0.3932,0.837,-12.6719,7.8652,-13.1191
212656,-0.1647,0.3926,0.8342,-15.5879,10.5371,-13.5352
212679,-0.182,0.3876,0.8347,-17.252,12.2266,-13.4883
212702,-0.2001,0.3789,0.8252,-19.1367,14.3516,-13.0684
212725,-0.1781,0.3765,0.8519,-19.8926,15.3437,-12.6562
212748,-0.1572,0.3673,0.8857,-20.1465,15.998,-12.041
212771,-0.1587,0.3524,0.8954,-19.2285,15.5488,-11.6621
212794,-0.1394,0.3502,0.9102,-17.9531,14.6855,-11.6191
212817,-0.1425,0.3652,0.9167,-15.127,12.8125,-11.877
212840,-0.1603,0.3593,0.9257,-12.7402,11.4121,-12.2031
212863,-0.1665,0.3485,0.9202,-8.7871,9.5078,-12.748
212886,-0.1371,0.319,0.9264,-5.1426,8.2461,-13.1719
212909,-0.1067,0.3052,0.8844,-3.3477,7.8594,-13.377
212932,-0.1383,0.298,0.842,-2.0996,7.8809,-13.6953
212955,-0.2048,0.3361,0.8253,-2.2852,8.1816,-13.9453
212978,-0.2496,0.3489,0.837,-3.6895,8.8906,-14.2129
213001,-0.2882,0.3593,0.8433,-5.5156,9.7422,-13.9492
213024,-0.3082,0.3489,0.8701,-6.4551,10.3164,-13.2598
213047,-0.3168,0.3137,0.8773,-7.0195,11.084,-11.3398
213070,-0.3125,0.2858,0.8328,-6.8555,11.4629,-9.5625
213093,-0.3112,0.2799,0.8259,-6.2012,11.6914,-6.5645
213116,-0.3087,0.2792,0.8113,-5.7773,11.541,-4.6719
213139,-0.3558,0.303,0.8438,-5.457,10.7324,-2.541
213162,-0.4348,0.2897,0.8453,-5.5195,9.084,-1.7129
213185,-0.4152,0.1879,0.8085,-5.6934,7.4023,-2.0293
213208,-0.2747,0.1833,0.8795,-5.9434,3.5234,-4.0293
213231,-0.2009,0.2738,0.8795,-5.7227,-0.3711,-6.6055
213254,-0.1266,0.4108,0.8862,-3.6094,-8.5684,-12.6523
213277,-0.0909,0.4629,0.8998,2.041,-19.1113,-21.0762
213300,-0.083,0.4414,0.8998,8.0176,-26.5703,-27.4648
213323,-0.1285,0.4628,0.9397,19.4531,-36.3457,-36.7578
213346,-0.179,0.4609,0.929,27.7051,-40.7266,-41.7109
213369,-0.2086,0.4307,0.902,38.8184,-42.6621,-45.5762
213392,-0.2146,0.4308,0.9033,45.8613,-38.5977,-43.9336
213415,-0.1891,0.4242,0.9014,47.3047,-32.9277,-39.7305
213438,-0.1971,0.4188,0.8932,44.1777,-21.3555,-29.6133
213461,-0.2358,0.4185,0.9044,38.8984,-12.6289,-21.1016
213484,-0.2388,0.3975,0.8854,27.5586,0.2441,-7.1621
213507,-0.2333,0.3818,0.8566,18.7949,7.832,6.0586
213530,-0.233,0.3948,0.8513,5.8516,16.7207,14.4551
213553,-0.2472,0.4158,0.8427,-4.5801,22.082,23.9453
213576,-0.2361,0.4524,0.8621,-9.1289,23.7207,28.2832
213599,-0.2311,0.4766,0.8658,-11.5508,23.7051,31.7129
213622,-0.179,0.4824,0.8774,-10.2949,22.4199,32.0996
213645,-0.1392,0.4746,0.8501,-5.1152,19.293,30.3105
213668,-0.1589,0.4355,0.8032,1.9082,15.4922,26.5078
213691,-0.173,0.4355,0.7704,6.3027,12.9648,23.3984
213714,-0.1621,0.4341,0.7695,10.9453,9.6641,18.6465
213737,-0.1519,0.4402,0.7389,12.3359,7.9668,15.7363
213760,-0.1689,0.4684,0.7549,12.0156,6.25,12.0586
213783,-0.1521,0.5055,0.8411,9.7754,5.3828,9.3223
213806,-0.1237,0.4913,0.8191,7.8496,5.1289,8.0078
213829,-0.1276,0.4744,0.7589,4.8574,4.9746,6.6797
213852,-0.1796,0.4502,0.7472,2.8105,4.9082,6.1484
213875,-0.2261,0.4283,0.7095,-0.5293,4.793,5.7656
213898,-0.2104,0.4335,0.7595,-2.9961,4.6973,5.7031
213921,-0.2064,0.4313,0.7871,-6.8535,4.4609,5.668
213944,-0.2091,0.4259,0.802,-10.3848,3.9238,5.3398
213967,-0.1954,0.4214,0.8429,-12.3047,3.2852,4.834
213990,-0.1788,0.4093,0.8804,-14.3848,1.8086,3.6055
214013,-0.1722,0.3854,0.8741,-15.2852,0.4902,2.5137
214036,-0.1714,0.3799,0.8606,-16.1621,-1.832,0.6133
214059,-0.1743,0.4001,0.8654,-16.8105,-4.248,-1.3379
214082,-0.1986,0.4108,0.8126,-17.1953,-5.7129,-2.498
214105,-0.2209,0.4141,0.8385,-17.6016,-7.4492,-3.791
214128,-0.1985,0.4346,0.8436,-17.627,-8.2266,-4.2656
214151,-0.1835,0.4401,0.8232,-17.082,-8.8926,-4.3828
214174,-0.2043,0.4238,0.8365,-15.7383,-9.2227,-3.9492
214197,-0.2056,0.3982,0.8196,-14.459,-9.416,-3.4961
214220,-0.1801,0.3879,0.8424,-12.2422,-9.8711,-2.8262
214243,-0.1627,0.3781,0.8439,-10.7578,-10.373,-2.543
214266,-0.1675,0.3751,0.8453,-8.8066,-11.4766,-2.5605
214289,-0.1454,0.3813,0.8822,-7.7949,-12.9121,-3.1504
214312,-0.1304,0.3783,0.894,-6.7676,-13.9648,-3.791
214335,-0.1504,0.3655,0.8959,-6.3145,-15.4648,-4.9121
214358,-0.1429,0.3516,0.8751,-6.3281,-16.2871,-5.6152
214381,-0.1337,0.3602,0.8683,-6.7676,-17.0684,-6.3613
214404,-0.1592,0.3817,0.8729,-7.2344,-17.2422,-6.5391
214427,-0.1537,0.3967,0.8834,-7.875,-16.9922,-6.1738
214450,-0.1483,0.386,0.8337,-8.082,-16.2305,-4.9922
214473,-0.1605,0.3894,0.8326,-7.9219,-15.5391,-3.7949
214496,-0.1775,0.4197,0.8872,-7.3652,-14.4121,-1.5566
214519,-0.1431,0.4293,0.9263,-6.8848,-13.7187,0.0684
214542,-0.108,0.4607,0.9417,-6.1797,-12.9668,2.2773
214565,-0.0978,0.4641,1.0333,-5.7852,-12.7344,3.5566
214588,-0.0402,0.4249,1.1548,-5.9707,-12.9219,3.5664
214611,0.0551,0.3281,1.1431,-7.5625,-13.7852,2.0195
214634,0.1278,0.2344,1.005,-9.918,-14.7363,-0.0605
214657,0.0868,0.23,0.9843,-15.6523,-16.3926,-4.3789
214680,0.0154,0.2955,1.0483,-20.4668,-17.416,-9.1895
214703,-0.0345,0.364,1.1001,-27.2578,-17.1992,-12.002
214726,-0.058,0.3679,1.0542,-31.0586,-15.0625,-14.6973
214749,-0.0917,0.3451,0.8834,-31.2461,-12.459,-15.0684
214772,-0.1399,0.2831,0.8279,-28.5645,-7.3203,-13.1465
214795,-0.1794,0.2443,0.7949,-25.6816,-3.5293,-10.2715
214818,-0.1793,0.2637,0.8114,-21.3691,1.8887,-4.127
214841,-0.1482,0.281,0.8401,-18.4473,6.043,3.0566
214864,-0.1223,0.2626,0.8766,-17.5469,7.6895,7.5801
214887,-0.1014,0.27,0.8844,-17.5039,8.1953,12.6406
214910,-0.1035,0.282,0.8961,-18.0215,7.2578,14.2773
214933,-0.1074,0.2758,0.8979,-19.0586,4.3105,13.707
214956,-0.1371,0.2305,0.8616,-19.9043,0.373,9.748
214979,-0.1508,0.2211,0.8724,-20.1621,-2.1523,5.6113
215002,-0.1608,0.2434,0.8746,-19.7773,-4.8691,-2.0059
215025,-0.1929,0.2554,0.8859,-18.8242,-5.5977,-7.459
215048,-0.2495,0.2469,0.9087,-16.2441,-4.7441,-15.1797
215071,-0.2889,0.2271,0.9143,-12.9082,-1.6445,-21.2676
215094,-0.2771,0.2544,0.8517,-9.998,1.2852,-24.0098
215117,-0.2719,0.2853,0.825,-6.1914,5.957,-25.9648
215140,-0.3009,0.3145,0.8971,-3.8418,8.6582,-25.9316
215163,-0.2853,0.3293,0.9338,-0.4648,11.3379,-24.2734
215186,-0.2638,0.3314,0.8921,1.7559,11.9844,-22.4023
215209,-0.2529,0.3165,0.8663,4.8711,11.2227,-18.9883
215232,-0.2408,0.3146,0.8439,7.3105,8.7715,-15.4102
215255,-0.2584,0.3025,0.8259,8.3984,6.5937,-13.1699
215278,-0.2615,0.302,0.8235,9.2168,3.2187,-10.2402
215301,-0.2505,0.3099,0.8079,9.3281,1.2559,-8.6191
215324,-0.2654,0.2947,0.7849,9.1055,-0.8848,-6.6523
215347,-0.2842,0.2943,0.7793,8.6543,-1.9238,-5.0703
215370,-0.2616,0.3054,0.7767,8.3105,-2.0703,-4.084
215393,-0.2435,0.3285,0.7883,7.8613,-1.752,-2.5039
215416,-0.2178,0.3422,0.8214,7.6973,-1.4141,-1.3125
215439,-0.1882,0.3478,0.8296,7.791,-1.1406,0.7266
215462,-0.1849,0.3529,0.8405,8.3223,-1.5801,3.0801
215485,-0.1473,0.3553,0.8374,8.8496,-2.4121,4.8496
215508,-0.1221,0.4095,0.8961,9.7578,-4.4492,7.8145
215531,-0.1097,0.4103,0.9756,10.3672,-6.2051,9.9648
215554,-0.09,0.4299,1.0209,11.1055,-9.1094,13.2832
215577,-0.1011,0.3956,1.0066,11.2715,-11.0234,16.3887
215600,-0.1344,0.3901,0.9545,10.5508,-13.4551,18.002
215623,-0.1304,0.3734,1.0389,8.1855,-14.7617,19.4395
215646,-0.1569,0.3301,0.9929,5.6602,-14.7227,19.502
215669,-0.1873,0.3308,0.95,0.7187,-13.0488,18.1094
215692,-0.2438,0.3208,0.9423,-3.082,-10.8437,16.2988
215715,-0.2651,0.3057,0.9187,-8.9609,-6.1582,12.7539
215738,-0.2546,0.2941,0.9521,-14.3613,-0.4297,8.9609
215761,-0.2588,0.2543,0.9213,-17.3809,3.5176,6.6719
215784,-0.2604,0.233,0.8708,-20.752,8.8242,4.0547
215807,-0.2606,0.2067,0.8367,-22.1211,11.4883,3.0508
215830,-0.2228,0.2252,0.8733,-22.5898,13.5156,2.7617
215853,-0.1453,0.2493,0.9226,-20.6133,12.5879,3.6758
215876,-0.1075,0.2931,0.9132,-17.625,10.1074,4.625
215899,-0.0343,0.2961,0.785,-10.668,3.5312,5.9102
215922,-0.1249,0.1946,0.5359,-4.9023,-2.4551,6.1953
215945,-0.0978,0.281,0.6405,3.8242,-12.1973,4.7598
215968,0.2202,0.5554,1.2188,8.9199,-17.9785,0.3242
215991,0.3239,0.5404,1.3176,15.1484,-24.3828,-4.1699
216014,0.1826,0.3685,1.1427,18.9785,-27.9844,-11.7402
216037,-0.0131,0.325,1.1169,19.0703,-28.9121,-16.0078
216060,-0.1704,0.3213,1.0529,13.8516,-27.918,-19.1016
216083,-0.1277,0.3684,1.0347,6.6289,-25.5332,-18.3223
216106,-0.1174,0.2594,0.9204,-8.627,-19.584,-13.2324
216129,-0.183,0.1304,0.7347,-26.8301,-11.9473,-5.1016
216152,-0.1628,0.0948,0.7662,-39.2129,-6.8242,0.9492
216175,-0.1466,0.1416,0.8732,-55.7266,-0.4062,9.582
216198,-0.0641,0.2347,1.0427,-63.707,2.4844,14.4043
216221,-0.0999,0.2606,1.032,-64.0,4.4316,19.4316
216244,-0.1062,0.2793,1.0396,-63.084,3.8789,21.3281
216267,-0.0442,0.2906,1.0472,-54.0723,2.5586,20.8281
216290,0.0219,0.2927,0.9886,-34.6406,-0.1094,17.6973
216313,0.0367,0.2729,0.9674,-19.7109,-1.9883,14.3496
216336,-0.0479,0.2839,0.8966,1.8926,-4.3477,8.3301
216359,-0.1221,0.3324,0.9205,13.875,-5.2246,2.4902
216382,-0.1533,0.3878,0.9038,26.2461,-4.9219,-0.5957
216405,-0.1744,0.3964,0.9286,31.377,-2.457,-3.4531
216428,-0.197,0.3663,0.9312,31.1563,0.1641,-4.1855
216451,-0.2048,0.2915,0.9648,26.373,4.7363,-3.9199
216474,-0.1329,0.2694,0.9717,20.8652,7.623,-3.1562
216497,-0.0991,0.2139,0.9604,10.4062,10.9043,-1.7637
216520,-0.1163,0.1493,0.9041,-1.0703,12.4375,-0.7578
216543,-0.1082,0.1666,0.8777,-8.4883,12.4629,-0.5039
216566,-0.1071,0.2178,0.9308,-18.2715,11.2754,-0.7227
216589,-0.1238,0.2482,0.9882,-23.4258,9.9238,-1.1406
216612,-0.1395,0.2379,0.965,-28.6758,7.5586,-1.875
216635,-0.175,0.2162,0.8668,-31.082,5.332,-2.4062
216658,-0.1577,0.2401,0.9576,-31.4375,4.1738,-2.541
216681,-0.0973,0.2303,1.0981,-30.7109,3.0684,-2.4844
216704,-0.0498,0.1481,1.0372,-29.8145,2.6562,-2.4199
216727,-0.0212,0.149,0.9548,-28.8184,2.1758,-2.5371
216750,-0.1129,0.2134,0.9996,-28.7949,1.5742,-3.0586
216773,-0.1368,0.2092,0.8722,-29.4707,1.2012,-3.6602
216796,-0.1666,0.2897,1.0673,-29.7246,1.1836,-5.0781
216819,-0.2931,-0.0206,0.871,-29.0859,1.8418,-6.4902
216842,-0.3745,-0.0145,0.7235,-27.1328,4.1074,-9.2402
216865,-0.4092,-0.0643,0.9783,-25.75,6.4277,-11.3379
216888,-0.2758,-0.0092,1.2153,-24.1816,10.5371,-14.5664
216911,-0.1119,-0.0057,1.2188,-23.0195,14.0996,-17.7422
216934,-0.0763,-0.0387,1.119,-22.2656,15.3359,-19.8301
216957,-0.1866,-0.0405,1.0532,-21.1895,14.6289,-22.6484
216980,-0.2915,0.0336,1.0643,-20.5371,12.4727,-23.8887
217003,-0.282,0.118,1.1106,-19.2539,7.5137,-23.9375
217026,-0.2161,0.1837,1.0947,-16.5176,1.6914,-21.2813
217049,-0.1891,0.2397,1.0372,-13.2871,-2.1543,-18.1094
217072,-0.1481,0.2653,0.9868,-5.9297,-7.3633,-11.9355
217095,-0.1433,0.2952,0.9531,0.5508,-10.2402,-7.4238
217118,-0.2126,0.2938,0.9467,12.0176,-13.2832,-0.9785
217141,-0.2648,0.3083,0.9808,24.2773,-14.2715,4.4062
217164,-0.285,0.2709,0.9338,32.418,-13.5566,7.2676
217187,-0.2478,0.2107,0.8495,42.5586,-10.4551,10.3965
217210,-0.2,0.1908,0.8097,47.2637,-7.3223,11.6133
217233,-0.1676,0.2075,0.8265,50.3555,-1.8301,11.9043
217256,-0.1124,0.203,0.8712,49.7383,1.8203,11.0
217279,-0.1044,0.1938,0.8787,45.4707,6.3906,8.084
217302,-0.144,0.2145,0.8444,38.5078,9.2148,3.707
217325,-0.1929,0.2797,0.8435,33.1172,10.0781,0.4023
217348,-0.2396,0.2577,0.8468,24.8672,10.1035,-4.293
217371,-0.2733,0.2644,0.8066,19.6816,9.4766,-6.7988
217394,-0.2837,0.3024,0.8776,12.834,7.9004,-9.1367
217417,-0.2766,0.3074,0.8949,7.4766,5.8691,-9.7187
217440,-0.2747,0.3101,0.9009,4.8301,4.3691,-9.3203
217463,-0.2828,0.2737,0.8965,2.0742,1.9961,-7.9844
217486,-0.2621,0.2372,0.9084,0.7832,0.3809,-6.8633
217509,-0.1997,0.2262,0.923,-0.8691,-1.998,-5.2578
217532,-0.2056,0.2135,0.8816,-2.7148,-4.1426,-4.125
217555,-0.2831,0.2073,0.8666,-4.2734,-5.2969,-3.6973
217578,-0.297,0.2137,0.8893,-7.2734,-6.3223,-3.3223
217601,-0.2264,0.2095,0.9205,-9.6738,-6.418,-3.0762
217624,-0.1777,0.2135,0.9169,-13.5703,-5.7402,-2.5918
217647,-0.1787,0.1564,0.9272,-16.1309,-4.8691,-2.2441
217670,-0.171,0.1825,0.892,-19.5957,-3.1309,-1.8203
217693,-0.1902,0.1486,0.858,-22.4883,-1.0039,-1.5293
217716,-0.2389,0.0918,0.8374,-24.1465,0.582,-1.2891
217739,-0.2777,0.0815,0.8207,-26.3242,3.1875,-0.4941
217762,-0.2697,0.0787,0.839,-27.5078,5.0742,0.502
217785,-0.2484,0.1134,0.8777,-28.5137,8.041,2.8125
217808,-0.2598,0.1716,0.8931,-27.9277,10.8105,6.0664
217831,-0.2809,0.228,0.9191,-26.332,12.2383,8.7383
217854,-0.2848,0.2773,0.965,-21.9277,13.2969,13.4062
217877,-0.2335,0.3005,1.0286,-17.7012,13.0918,16.793
217900,-0.1212,0.3108,1.0472,-9.8301,11.252,21.7207
217923,-0.0736,0.3285,1.0397,-0.9277,7.5801,25.6309
217946,-0.1089,0.3203,0.9928,5.0176,4.3047,27.3359
217969,-0.1512,0.3163,0.905,13.0586,-1.1953,28.5645
217992,-0.2178,0.3574,0.8809,17.4121,-4.7715,28.7773
218015,-0.2744,0.376,0.9108,22.1406,-9.1074,28.8789
218038,-0.2799,0.4028,0.9042,24.207,-10.8555,29.123
218061,-0.2548,0.4319,0.9182,26.1719,-11.4492,29.9453
218084,-0.2292,0.4453,0.8771,27.4531,-9.9629,31.0469
218107,-0.2551,0.455,0.8622,28.2148,-8.2812,31.6523
218130,-0.2789,0.4517,0.8781,29.5059,-5.5332,31.9277
218153,-0.2672,0.4629,0.9142,30.5996,-3.9004,31.4375
218176,-0.2371,0.4486,1.0486,32.7305,-1.916,29.1914
218199,-0.2155,0.3464,1.0087,35.1777,-0.3828,24.5938
218222,-0.1307,0.3159,0.9421,36.3848,0.252,20.1602
218245,-0.0741,0.2764,0.944,36.2012,0.1973,11.8477
218268,-0.0865,0.2555,0.9265,34.1895,-0.5742,5.6484
218291,-0.1354,0.2325,0.8857,28.2773,-2.4687,-3.4824
218314,-0.1309,0.2606,0.8639,20.0215,-4.4687,-10.7812
218337,-0.1473,0.3254,0.812,14.334,-5.4375,-13.8652
218360,-0.1874,0.359,0.818,7.5566,-5.8848,-15.2324
218383,-0.1943,0.3669,0.7921,5.2461,-5.3555,-13.9687
218406,-0.144,0.4041,0.7722,6.1074,-3.3086,-9.416
218429,-0.0978,0.4446,0.7583,9.5781,-1.2715,-3.0566
218452,-0.0736,0.4658,0.6942,18.1602,2.3184,1.2793
218475,-0.0657,0.4508,0.6685,28.5449,5.9707,6.7988
218498,-0.0343,0.4269,0.6321,34.9141,8.1523,9.4707
218521,-0.0027,0.5015,0.5789,41.3711,10.5488,12.0059
218544,-0.0488,0.6414,0.6564,42.7188,11.2148,13.0762
218567,-0.1355,0.6328,0.8075,40.0762,10.4941,14.6523
218590,-0.149,0.5535,0.8698,32.875,7.9648,17.0371
218613,-0.1661,0.4741,0.8459,26.1758,5.584,19.2305
218636,-0.1365,0.4458,0.843,13.9082,1.4238,23.0762
218659,-0.0645,0.4695,0.8435,4.668,-1.5176,25.5488
218682,-0.0432,0.5415,0.8828,-9.4297,-5.8574,28.1563
218705,-0.1206,0.5699,0.9091,-21.3496,-9.7227,28.5566
218728,-0.1479,0.569,0.9126,-26.7148,-11.7754,27.4277
218751,-0.1194,0.5537,0.8878,-29.7324,-13.7266,23.8281
218774,-0.1202,0.5201,0.8457,-28.4668,-14.1914,20.3887
218797,-0.136,0.49,0.7797,-22.9844,-13.7012,14.207
218820,-0.1517,0.5177,0.7782,-18.1172,-12.209,7.5352
218843,-0.1763,0.5234,0.8862,-10.9316,-10.5645,3.1309
218866,-0.0815,0.5148,0.953,-5.3516,-8.2012,-3.3242
218889,-0.0179,0.4756,0.95,-2.8984,-6.873,-7.6953
218912,-0.0198,0.4451,0.9548,-1.3555,-5.709,-14.6562
218935,-0.1097,0.4365,0.8727,-1.8262,-5.5703,-19.4863
218958,-0.1951,0.4005,0.8668,-4.7441,-6.0527,-26.3105
218981,-0.2239,0.3633,0.8455,-9.8418,-6.7344,-31.4707
219004,-0.2035,0.3375,0.8009,-13.8984,-7.0254,-33.4902
219027,-0.1653,0.3329,0.7806,-19.7051,-7.0801,-34.1797
219050,-0.1804,0.3817,0.7745,-22.4316,-6.8887,-33.2402
219073,-0.2126,0.4149,0.7526,-22.9453,-6.2305,-30.3418
219096,-0.1835,0.46,0.7114,-17.1836,-4.9238,-26.5215
219119,-0.1671,0.519,0.6626,-9.1406,-3.5605,-23.9668
219142,-0.1724,0.5979,0.6813,9.2344,-0.5566,-20.7813
219165,-0.1624,0.6304,0.7216,24.9883,2.2344,-19.3008
219188,-0.1477,0.6364,0.717,51.6855,7.7031,-17.9629
219211,-0.1697,0.6696,0.6345,63.998,14.416,-17.0039
219234,-0.1661,0.676,0.6656,63.998,19.2617,-16.0
219257,-0.2173,0.6267,0.5641,63.998,26.4688,-13.125
219280,-0.2275,0.614,0.5052,63.998,30.8555,-10.0254
219303,-0.2087,0.6215,0.4993,63.998,36.1992,-3.6445
219326,-0.2244,0.615,0.4055,63.998,38.5117,1.4668
219349,-0.2308,0.6581,0.2812,63.998,39.1191,9.6934
219372,-0.152,0.7025,0.2635,63.998,35.4902,17.5547
219395,-0.0542,0.745,0.2589,63.998,30.877,21.9336
219418,-0.0895,0.759,0.1974,63.998,21.791,26.4629
219441,-0.2155,0.7571,0.176,59.5352,15.3184,28.0762
219464,-0.1985,0.8088,0.2623,43.5293,7.0352,28.9492
219487,-0.0585,0.8678,0.265,32.8711,2.3535,28.7988
219510,-0.0721,0.8752,0.2903,29.0957,1.6777,28.4199
219533,-0.2028,0.864,0.347,27.8711,3.9141,27.7734
219556,-0.1978,0.8783,0.4022,29.1855,6.8574,27.5293
219579,-0.0693,0.8887,0.3831,32.4648,11.6992,27.6035
219602,0.0302,0.8792,0.3835,34.875,14.7559,27.7461
219625,0.0354,0.826,0.3263,35.1309,14.8516,27.4785
219648,-0.0195,0.7725,0.1866,32.0,11.7539,26.2441
219671,-0.0632,0.7865,0.1366,27.5176,7.9746,24.9844
219694,-0.08,0.8129,0.1663,18.084,1.2852,22.873
219717,-0.0597,0.8182,0.1342,11.1465,-2.8535,21.5273
219740,-0.0469,0.843,0.1666,2.1543,-7.3516,19.7988
219763,-0.0646,0.8691,0.2036,-2.791,-9.4687,18.5703
219786,-0.03,0.851,0.2329,-3.1621,-9.9473,18.0977
219809,-0.0237,0.8425,0.2592,0.3809,-10.6094,17.9863
219832,-0.0205,0.8013,0.2642,4.6875,-11.8516,18.293
219855,-0.0516,0.7864,0.2764,12.123,-15.8242,19.0879
219878,0.0029,0.7467,0.2256,18.291,-22.8047,19.8711
219901,0.0459,0.7225,0.0887,20.5605,-29.2188,20.1582
219924,0.127,0.8383,0.1801,20.3633,-41.1387,19.9512
219947,0.0474,0.8682,0.1619,18.1035,-50.0918,19.2832
219970,-0.0088,0.8671,0.2274,13.0488,-63.3906,17.5371
219993,0.0914,0.8916,0.2687,8.3301,-64.0,14.9277
220016,0.173,0.8812,0.1741,6.4824,-64.0,12.5977
220039,0.0507,0.9044,0.1765,6.3477,-64.0,8.1484
220062,0.0154,0.8806,0.2291,7.877,-64.0,4.7305
220085,0.0681,0.8816,0.2,11.8301,-64.0,-0.5801
220108,0.0742,0.8555,0.1871,14.9414,-52.7793,-5.9844
220131,0.1056,0.8655,0.1306,19.1523,-29.9453,-8.4375
220154,0.0145,0.9008,0.1799,21.5938,-3.168,-11.4414
220177,-0.033,0.7704,0.129,21.7676,15.5625,-12.2266
220200,-0.0266,0.8074,0.1125,19.4824,42.8867,-11.1699
220223,-0.0316,0.797,0.2828,16.3789,59.3027,-9.0605
220246,-0.0245,0.849,0.2164,10.2187,63.998,-4.5352
220269,-0.0826,0.8276,0.2252,3.5195,63.998,0.4863
220292,0.0352,0.783,0.2654,-0.7559,63.998,3.582
220315,0.1038,0.7113,0.0548,-6.6602,63.998,7.3242
220338,-0.0148,0.7,0.002,-10.3184,63.998,9.1191
220361,0.0237,0.7568,-0.0933,-15.2168,56.543,11.0859
220384,0.1918,0.8375,0.0836,-18.127,23.6387,12.6855
220407,0.2218,0.8875,0.21,-17.8945,-1.5977,13.7031
220430,0.1017,0.9597,0.1182,-13.1816,-40.8652,15.4785
220453,0.0493,0.7054,-0.0725,-7.2793,-64.0,17.0273
220476,0.186,0.8519,-0.03,4.2246,-64.0,19.7832
220499,0.3431,0.9333,0.2299,12.6484,-64.0,22.041
220522,0.2358,0.8611,0.0648,25.1621,-64.0,22.5977
220545,-0.0441,0.7758,0.0649,35.8301,-64.0,21.8086
220568,-0.0024,0.793,-0.0221,40.7207,-64.0,20.5449
220591,0.2603,0.7546,-0.16,43.1484,-64.0,17.877
220614,0.2548,0.8036,-0.026,41.127,-64.0,15.4023
220637,0.1375,0.7312,-0.042,33.4609,-64.0,10.4434
220660,0.03,0.7805,-0.0594,22.5957,-64.0,4.5898
220683,0.0017,0.7375,-0.0713,15.1113,-64.0,0.791
220706,0.157,0.8228,-0.1235,5.6523,-64.0,-4.168
220729,0.178,0.9124,-0.0701,1.4434,-57.3555,-6.9941
220752,0.0634,0.9205,-0.1016,-0.9004,-41.8418,-10.7129
220775,0.037,0.9023,-0.1401,1.2539,-30.2109,-13.7129
220798,0.0287,0.8419,-0.1427,4.459,-24.5781,-15.168
220821,0.0968,0.8199,-0.1453,10.3457,-18.9766,-16.4961
220844,0.0833,0.8167,-0.1255,14.1035,-16.9336,-16.9297
220867,0.0454,0.8292,-0.1196,18.3438,-16.0391,-17.127
220890,0.0763,0.8787,-0.1497,19.8418,-17.1504,-16.918
220913,0.0291,0.7957,-0.1356,19.8887,-18.9395,-16.5977
220936,0.0261,0.809,-0.1201,17.5234,-22.293,-15.9023
220959,-0.0002,0.7782,-0.1304,14.9141,-24.8574,-15.3203
220982,0.0382,0.8538,-0.1371,10.1074,-29.0625,-14.3086
221005,0.0085,0.7997,-0.1494,6.7227,-32.2305,-13.5879
221028,-0.0005,0.8273,-0.1398,2.0039,-37.8203,-12.5527
221051,-0.0229,0.8345,-0.1371,-1.75,-44.3242,-11.7285
221074,-0.0096,0.8285,-0.1477,-3.5703,-48.8027,-11.3613
221097,-0.0154,0.8226,-0.1461,-5.2871,-54.791,-11.1113
221120,-0.0333,0.8112,-0.1482,-5.8555,-57.6621,-11.1289
221143,-0.0469,0.8231,-0.1412,-6.0547,-59.334,-11.332
221166,-0.0707,0.8169,-0.1449,-5.7051,-57.1758,-11.5645
221189,-0.069,0.8224,-0.1488,-5.2793,-53.5762,-11.584
221212,-0.0604,0.8141,-0.1307,-4.5078,-45.4277,-11.1367
221235,-0.061,0.8086,-0.1334,-3.9883,-38.6992,-10.3633
221258,-0.0344,0.7924,-0.1185,-3.3223,-27.7813,-8.2871
221281,-0.0219,0.8025,-0.1184,-3.002,-17.2676,-5.0508
221304,0.0004,0.7654,-0.1158,-2.748,-11.1602,-2.3398
221327,0.0381,0.746,-0.0944,-2.7637,-4.0527,2.2148
221350,-0.0181,0.9354,-0.0975,-2.9062,-0.9258,5.3145
221373,-0.0107,0.9192,-0.2391,-3.2715,1.2305,9.5898
221396,0.017,0.8289,-0.1191,-3.6289,0.998,11.9512
221419,0.0151,0.8402,-0.1577,-4.4023,-1.7285,14.5234
221442,0.0486,0.8225,-0.1168,-5.4785,-6.5566,15.959
221465,0.0311,0.8425,-0.1105,-6.3281,-10.1445,16.4238
221488,0.014,0.8519,-0.0862,-7.7305,-14.4961,16.6699
221511,0.0122,0.8386,-0.1274,-8.7617,-15.6973,16.6973
221534,-0.0304,0.8374,-0.1505,-10.6465,-13.2363,16.873
221557,0.0585,0.8186,-0.1559,-13.3828,-3.8164,17.9102
221580,0.0736,0.8718,-0.0948,-16.0254,6.7695,19.6445
221603,0.2339,1.0933,0.0895,-21.7949,28.2539,24.7207
221626,0.256,1.0227,0.0854,-27.1328,44.9492,30.0566
221649,0.2643,0.9182,0.1106,-37.7617,63.998,40.6855
221672,0.3864,0.8384,0.2194,-51.6426,63.998,52.7324
221695,0.2881,0.7394,0.2561,-62.0215,63.998,60.123
221718,0.196,0.6862,0.2775,-64.0,63.998,63.998
221741,0.2261,0.6626,0.3723,-64.0,63.998,63.998
221764,0.2985,0.6422,0.3691,-64.0,63.998,63.998
221787,0.2566,0.6151,0.3314,-64.0,63.998,63.998
221810,0.0723,0.6407,0.3413,-64.0,63.998,54.4707
221833,0.0557,0.6858,0.395,-64.0,63.998,41.0996
221856,0.1481,0.733,0.453,-64.0,63.998,32.123
221879,0.1165,0.8057,0.4324,-64.0,63.998,20.2949
221902,0.073,0.8423,0.4642,-64.0,63.998,14.125
221925,0.1212,0.7987,0.4679,-64.0,63.998,7.8301
221948,0.1959,0.7604,0.553,-64.0,63.998,4.6426
221971,0.251,0.6567,0.5916,-64.0,63.998,3.6934
221994,0.1691,0.4906,0.6639,-63.0664,60.4434,3.2324
222017,0.2063,0.2781,0.7214,-60.9707,53.8379,3.3672
222040,0.2843,0.1085,0.6788,-61.7676,42.8086,4.3496
222063,0.3003,0.0861,0.6642,-64.0,31.1309,6.7812
222086,0.3013,0.364,0.7312,-64.0,23.4512,9.541
222109,0.2754,0.6615,0.8248,-64.0,12.9336,15.7012
222132,0.2554,0.8174,0.8547,-64.0,7.0762,21.0684
222155,0.2267,0.8202,0.8312,-64.0,0.623,30.2324
222178,0.1766,0.7317,0.8065,-64.0,-1.9805,36.3145
222201,0.1877,0.6002,0.8281,-64.0,-3.4883,43.7832
222224,0.2435,0.4629,0.7393,-64.0,-2.6523,47.1914
222247,0.2727,0.3846,0.7563,-64.0,-1.127,46.1816
222270,0.3074,0.3212,0.7849,-64.0,2.2129,38.9063
222293,0.3721,0.2299,0.7755,-59.9766,5.0059,30.3379
222316,0.2819,0.1913,0.7228,-46.2422,9.8691,13.3164
222339,0.3392,0.2397,0.6763,-28.709,15.3418,-5.7461
222362,0.3298,0.3748,0.7371,-14.5137,19.2813,-17.748
222385,0.1503,0.5587,0.7771,10.4551,25.7715,-32.3457
222408,-0.0845,0.7302,0.813,28.9297,30.6406,-38.8145
222431,-0.13,0.7959,0.6803,57.5527,38.7695,-42.8438
222454,-0.0327,0.897,0.4141,63.998,46.8262,-40.832
222477,-0.1718,0.8285,0.3171,63.998,51.0898,-37.4355
222500,-0.1451,0.7983,0.1979,63.998,54.2168,-31.9277
222523,-0.1338,0.8656,0.2477,63.998,53.4277,-29.459
222546,-0.1233,0.9535,0.3961,63.998,47.4668,-29.4336
222569,-0.0983,0.9683,0.5479,63.998,40.4902,-34.8359
222592,-0.0416,0.834,0.3188,63.998,26.2168,-40.418
222615,-0.085,0.837,0.3175,63.998,8.5371,-50.4336
222638,-0.1829,0.7689,0.3353,63.998,-4.1172,-56.3223
222661,-0.0808,0.7546,0.3348,63.998,-22.2559,-61.3984
222684,0.0474,0.7993,0.361,63.998,-32.4668,-61.4375
222707,-0.0212,0.7755,0.3722,49.9746,-42.8086,-56.4121
222730,-0.067,0.8119,0.3754,27.1289,-45.3105,-46.3105
222753,-0.0806,0.7318,0.3851,14.0137,-42.0293,-37.6504
222776,-0.1233,0.6758,0.351,-0.4629,-29.4941,-23.5078
222799,-0.1287,0.6722,0.2548,-5.9531,-16.3457,-14.3848
222822,-0.142,0.7014,0.2267,-7.5898,9.2305,-2.7578
222845,-0.2761,0.7577,0.1836,-1.6777,39.0918,5.1602
222868,-0.2739,0.7913,0.2625,5.8516,59.5234,8.1641
222891,-0.1,0.7148,0.2299,20.7637,63.998,9.543
222914,-0.0861,0.7032,0.0166,31.6445,63.998,8.7246
222937,-0.1594,0.7848,-0.0497,46.5742,63.998,5.918
222960,-0.1088,0.8308,0.08,54.3066,63.998,3.0527
222983,-0.1227,0.8722,0.1335,61.6582,63.998,2.0781
223006,-0.1589,0.897,0.0382,63.998,63.998,2.9043
223029,-0.1017,0.9431,-0.0663,63.2188,63.998,5.1328
223052,-0.0223,0.9667,-0.0123,58.416,63.998,10.7051
223075,-0.0432,0.9329,0.0238,53.1543,63.998,15.4707
223098,0.0265,0.8824,0.0442,42.9805,63.998,23.2168
223121,-0.0306,0.8556,-0.0139,31.1934,63.998,30.4727
223144,0.0066,0.8835,0.0532,23.0723,58.2383,34.4434
223167,0.0172,0.885,0.0861,11.4805,38.5977,38.3906
223190,-0.0002,0.7955,0.0299,4.623,26.6621,39.4395
223213,-0.0297,0.7786,0.0138,-3.9902,11.4609,38.6074
223236,0.0046,0.7568,0.027,-10.5293,0.2324,35.291
223259,0.0552,0.8116,0.0736,-13.6855,-4.9141,32.0391
223282,-0.017,0.8262,0.0969,-16.4395,-9.2734,26.2227
223305,-0.0641,0.7759,0.028,-16.9297,-10.1133,22.1563
223328,-0.0593,0.7869,0.0223,-15.9375,-8.7207,16.459
223351,-0.0386,0.8156,0.093,-14.4141,-5.1133,11.793
223374,0.0133,0.8336,0.0659,-11.3691,-2.207,9.3711
223397,-0.0089,0.8632,0.0696,-8.0547,1.9219,6.6816
223420,-0.0343,0.8516,0.0601,-6.0293,4.1152,5.4277
223443,0.0171,0.8641,0.058,-3.6406,6.1348,4.2187
223466,0.007,0.8888,0.0614,-2.5937,6.5332,3.752
223489,0.0059,0.8451,0.0321,-1.8008,5.8828,3.3105
223512,0.0013,0.8225,0.0457,-1.7148,4.3086,2.9102
223535,0.0093,0.801,0.0536,-1.9043,3.1035,2.5918
223558,0.0098,0.7887,0.045,-2.3711,1.4551,2.0859
223581,0.0107,0.8009,0.0221,-2.7148,0.625,1.8066
223604,0.0042,0.8497,0.0514,-3.166,-0.0801,1.625
223627,0.0343,0.88,0.0757,-3.4121,-0.1738,1.8438
223650,0.0133,0.821,0.0439,-3.4414,0.0078,2.1875
223673,0.03,0.8226,0.0612,-3.3828,0.4805,2.7656
223696,0.0142,0.8422,0.0665,-3.3652,0.8164,3.0098
223719,0.015,0.8114,0.0441,-3.4648,1.1855,2.9004
223742,0.0336,0.776,0.0621,-3.6621,1.248,2.0918
223765,0.027,0.8741,0.1196,-4.2285,1.0742,1.2305
223788,-0.0212,0.7838,0.0693,-5.2109,0.5586,-0.2266
223811,0.0027,1.0726,0.0092,-6.2285,0.1387,-1.0742
223834,-0.0157,0.8396,0.046,-8.5723,-0.4375,-1.873
223857,0.0125,0.8367,0.1206,-10.7441,-0.7422,-2.0957
223880,-0.0051,0.8252,0.1016,-14.8027,-1.1035,-2.1562
223903,-0.0073,0.842,0.1031,-19.4473,-1.375,-2.127
223926,-0.0334,0.8328,0.0845,-22.6191,-1.5254,-2.1426
223949,-0.0165,0.8414,0.1084,-27.2324,-1.7793,-2.2461
223972,-0.0063,0.8347,0.1245,-30.2324,-2.0645,-2.3164
223995,-0.0089,0.8206,0.0736,-35.0508,-2.8691,-2.2715
224018,0.0083,0.8103,0.0879,-41.2832,-4.3535,-1.8555
224041,0.0361,0.8092,0.1508,-46.877,-5.8945,-1.3145
224064,0.0771,0.9578,0.3212,-57.957,-9.4883,-0.1582
224087,0.0861,0.8088,0.5748,-64.0,-13.1172,0.6934
224110,0.1003,0.7141,0.55,-64.0,-21.1172,1.6035
224133,0.1951,0.5891,0.6216,-64.0,-32.752,1.3535
224156,0.1206,0.626,0.8242,-64.0,-42.2188,0.1602
224179,0.0253,0.561,0.8341,-64.0,-57.0918,-3.4258
224202,0.0085,0.5273,0.7729,-64.0,-64.0,-6.9023
224225,0.0155,0.5302,0.7401,-64.0,-64.0,-13.2168
224248,-0.0123,0.5463,0.7523,-64.0,-64.0,-17.7266
224271,-0.0356,0.5656,0.7725,-64.0,-64.0,-24.0586
224294,-0.0134,0.5614,0.8105,-64.0,-64.0,-28.8711
224317,0.04,0.5652,0.8357,-64.0,-64.0,-30.8711
224340,0.0087,0.551,0.8213,-64.0,-53.8066,-31.9473
224363,0.0114,0.5287,0.8197,-64.0,-46.8984,-31.4707
224386,0.0503,0.5381,0.9008,-64.0,-37.875,-29.3398
224409,0.0774,0.5253,0.9132,-64.0,-31.2949,-26.2227
224432,0.0756,0.4904,0.9158,-64.0,-28.375,-24.0254
224455,0.0232,0.4138,0.8876,-64.0,-25.9141,-21.0195
224478,0.0071,0.3251,0.9287,-64.0,-25.2793,-19.3535
224501,0.0795,0.2902,1.0179,-64.0,-25.3574,-17.5703
224524,0.1045,0.2487,1.0476,-64.0,-26.248,-17.0078
224547,0.0796,0.1859,1.0122,-64.0,-27.1641,-17.4453
224570,0.0096,0.1204,0.8925,-64.0,-29.0117,-19.1836
224593,0.0731,0.1259,0.9962,-64.0,-30.7012,-20.8184
224616,0.1373,0.1881,1.1498,-64.0,-34.2207,-23.6504
224639,0.1907,0.2187,1.1107,-64.0,-37.1484,-26.7441
224662,0.1996,0.193,1.0946,-64.0,-41.9297,-29.1191
224685,0.2471,0.1364,1.1117,-64.0,-46.3066,-32.377
224708,0.264,0.1162,1.0762,-64.0,-48.4297,-34.1211
224731,0.2493,0.1184,1.0583,-61.7109,-49.5293,-35.4688
224754,0.2222,0.0852,1.0609,-56.8535,-48.3828,-35.2109
224777,0.2281,0.0774,1.1116,-51.8184,-43.3145,-32.793
224800,0.2272,0.0912,1.1349,-49.0938,-34.2949,-28.041
224823,0.1646,0.0526,1.1029,-48.168,-26.5234,-23.8281
224846,0.1343,0.0143,1.0959,-47.627,-13.3633,-16.5039
224869,0.1377,-0.0129,1.0955,-47.6328,-4.3496,-11.3535
224892,0.119,-0.0482,1.0314,-47.8047,8.3125,-3.9844
224915,0.103,-0.1046,1.0922,-47.6152,18.8535,2.166
224938,0.1218,-0.1233,1.0634,-47.0,24.3047,5.3555
224961,0.1008,-0.135,1.0161,-45.1133,29.7637,8.8105
224984,0.1133,-0.1459,1.0009,-43.1914,31.5195,10.3906
225007,0.1331,-0.1317,1.0234,-39.3262,31.4883,11.9863
225030,0.1255,-0.1079,1.0256,-36.0703,29.9922,12.957
225053,0.0964,-0.0798,1.0183,-30.1465,26.3223,13.457
225076,0.0892,-0.0845,1.017,-23.1914,21.9883,14.4141
225099,0.0839,-0.0551,0.999,-18.2324,19.2461,15.4492
225122,0.0809,-0.0444,0.9935,-10.7441,15.9258,17.8828
225145,0.0815,-0.0267,0.9824,-5.9238,14.4668,20.1094
225168,0.0775,-0.0122,1.0045,0.8203,13.5527,24.1934
225191,0.0924,-0.0266,1.0133,6.7988,13.9531,28.8848
225214,0.11,-0.0768,0.9487,10.2305,14.6152,32.2246
225237,0.1332,-0.077,0.9052,14.291,15.3828,37.4434
225260,0.155,-0.0468,0.9001,16.1914,15.2852,41.0059
225283,0.1233,-0.0614,0.9055,18.0391,13.8633,46.3047
225306,0.0724,-0.0858,0.8727,19.2715,11.1367,51.2539
225329,0.0208,-0.0903,0.8522,20.0391,8.918,54.1992
225352,0.0375,-0.0663,0.8406,21.3574,5.5684,57.7539
225375,0.104,-0.0077,0.8461,22.4609,3.5664,59.2344
225398,0.1243,0.062,0.8339,24.7129,1.1211,59.459
225421,0.0397,0.0498,0.8528,26.7363,-0.0469,56.9375
225444,-0.0023,0.0903,0.8585,30.5625,-0.7793,53.9551
225467,-0.0326,0.1233,0.8295,34.9824,0.1191,48.4551
225490,-0.0596,0.1641,0.8009,37.9199,1.666,44.75
225513,-0.0046,0.2281,0.8129,41.7949,5.1211,40.0488
225536,-0.0157,0.3048,0.8521,43.8789,7.8574,37.791
225559,-0.0114,0.3157,0.8828,46.291,11.9668,35.8633
225582,0.0217,0.3411,0.8611,48.0645,15.4395,35.5059
225605,0.0339,0.4032,0.853,48.9805,17.1348,35.9102
225628,-0.0072,0.4366,0.885,49.9434,18.5391,37.0215
225651,-0.0487,0.3983,0.9083,50.2539,18.75,37.8418
225674,-0.0682,0.3582,0.8733,49.9512,18.1543,38.8574
225697,-0.0411,0.3508,0.8448,48.2051,16.6016,39.3008
225720,0.0122,0.3798,0.8898,45.9863,15.0234,39.1094
225743,0.0999,0.4072,0.9788,41.0469,11.8223,37.8223
225766,0.1536,0.3473,0.953,36.8105,9.1445,36.1895
225789,0.1158,0.3083,0.8658,29.1738,4.4141,32.6992
225812,0.1077,0.2943,0.939,23.2656,-0.5937,28.6172
225835,0.0596,0.3711,0.9889,13.6133,-3.5137,26.0176
225858,0.0251,0.3958,1.0902,4.125,-6.3027,22.8105
225881,-0.0188,0.298,0.9769,-1.4141,-6.6523,21.2656
225904,0.0214,0.2723,0.832,-8.0312,-4.752,19.7949
225927,0.0735,0.3749,1.1254,-11.2344,-2.1738,19.2168
225950,0.1753,0.3888,0.8584,-13.9238,2.8437,18.4277
225973,-0.1226,0.4161,0.9998,-14.002,8.1172,17.3027
225996,0.0535,0.3137,0.8323,-12.7676,11.2695,16.3809
226019,0.0967,0.2904,0.9875,-9.0566,14.748,14.7207
226042,0.0798,0.3217,0.8828,-5.3086,15.5762,13.332
226065,-0.0016,0.2977,0.9142,2.1172,13.834,10.6367
226088,0.0562,0.3911,0.8326,11.2832,8.8027,7.0156
226111,0.127,0.4402,0.8927,18.0156,3.9687,4.0293
226134,0.0707,0.5275,0.8474,28.3652,-4.834,-1.1719
226157,0.068,0.5859,0.8276,34.9688,-11.0273,-4.8594
226180,0.0743,0.7339,0.8013,43.5781,-19.1621,-9.957
226203,0.1073,0.7759,0.8333,49.9961,-24.1953,-13.5508
226226,0.0306,0.6121,0.9333,51.9023,-25.3086,-14.7734
226249,0.1648,0.4974,0.5999,51.5645,-23.8652,-14.8301
226272,0.207,0.4833,0.5045,48.4727,-21.5684,-13.9297
226295,-0.0006,0.3538,0.6285,39.5254,-17.6719,-11.8926
226318,-0.0715,0.3281,0.7074,31.4629,-15.166,-10.6797
226341,-0.0151,0.3358,0.7255,18.4785,-11.4141,-10.2617
226364,0.0474,0.3655,0.605,6.8379,-7.5918,-12.7227
226387,0.0084,0.1289,0.5587,0.4277,-5.248,-16.3008
226410,-0.0709,-0.0365,0.6182,-7.5742,-2.4473,-24.3945
226433,-0.0071,-0.0808,0.744,-12.4629,-1.127,-31.0449
226456,0.1552,-0.0175,0.8804,-20.0586,-0.5547,-41.1035
226479,0.1132,-0.118,0.9972,-28.2266,-2.8652,-48.8594
226502,0.0503,-0.0964,0.9199,-33.8008,-6.1211,-51.8027
226525,0.0286,0.0668,0.8376,-41.918,-12.7402,-52.0645
226548,-0.0045,0.1667,0.8175,-46.8027,-17.4395,-49.2793
226571,-0.0297,0.1747,0.8011,-52.4727,-22.9121,-41.1035
226594,-0.1061,0.0983,0.6918,-55.4023,-24.5391,-29.5586
226617,-0.0315,0.2075,0.6595,-55.8926,-23.3926,-20.9219
226640,0.1101,0.3445,0.8785,-54.9434,-19.8398,-7.918
226663,0.1249,0.2118,0.9991,-53.4023,-17.3379,-0.0508
226686,0.0594,0.0825,0.7583,-50.418,-14.7031,9.2988
226709,0.0726,0.1902,0.8025,-48.7422,-14.0996,15.0215
226732,0.274,0.3622,1.2979,-47.5059,-15.1309,16.8105
226755,0.2263,0.2405,1.2086,-47.1035,-17.9141,16.5703
226778,0.1437,0.0354,1.0176,-46.9609,-19.832,14.4883
226801,0.1331,0.0461,1.2485,-47.4199,-21.1523,8.707
226824,0.1438,0.1639,1.2839,-48.2969,-20.2793,3.2578
226847,0.0193,0.1577,1.1874,-49.709,-15.6797,-7.0742
226870,-0.0146,0.1688,1.1608,-49.7422,-7.1719,-19.5742
226893,0.0015,0.2357,1.24,-48.1797,0.1465,-28.6953
226916,-0.0582,0.2363,1.2428,-42.5098,12.2715,-42.5723
226939,-0.1578,0.2623,1.2905,-36.4414,20.2891,-51.1621
226962,-0.2465,0.2328,1.3143,-24.9941,30.793,-61.3828
226985,-0.2445,0.0425,1.1143,-13.4668,37.8125,-64.0
227008,-0.1621,0.0126,1.1141,-7.5371,39.8496,-64.0
227031,-0.1185,0.1024,1.2809,-2.9766,38.4844,-62.2891
227054,-0.0439,0.0262,1.4575,-2.8789,34.7031,-56.918
227077,-0.0203,0.015,1.3447,-6.2539,25.4102,-46.4082
227100,-0.1165,0.139,1.1633,-10.0781,17.4688,-33.9629
227123,-0.1738,0.1934,1.0679,-16.584,4.5449,-24.9258
227146,-0.1356,0.2156,0.9193,-22.1074,-7.5859,-10.9219
227169,-0.0491,0.1019,0.8073,-24.5586,-14.5059,-1.9297
227192,0.1025,0.1542,0.89,-26.1094,-22.7813,9.5723
227215,0.1917,0.16,0.9719,-25.6465,-27.002,15.1348
227238,0.1355,0.1801,0.9319,-22.5117,-31.8008,19.7559
227261,0.1119,0.2225,0.9585,-16.4824,-35.0273,20.582
227284,0.1357,0.2406,1.1281,-11.0625,-36.2695,19.7988
227307,0.0713,0.2109,1.0404,-1.5547,-36.4512,17.7676
227330,0.0356,0.1682,0.9525,4.9043,-35.2578,16.3262
227353,0.0225,0.1182,0.9117,13.0254,-31.2852,14.4258
227376,0.0282,0.1,0.9753,17.5762,-24.9492,12.7109
227399,0.0354,0.0957,0.9879,18.1758,-19.8418,11.4062
227422,0.0555,0.0952,0.9764,15.4492,-11.8047,8.748
227445,0.0134,0.0496,0.8694,11.4492,-6.7832,6.3477
227468,-0.0253,0.0049,0.9335,2.8418,-0.5527,1.8926
227491,0.0305,0.0516,1.0734,-3.9727,3.9375,-3.0527
227514,0.0397,0.0824,1.1631,-14.127,4.8965,-6.248
227537,0.0599,0.1041,1.1667,-22.0156,4.8398,-10.3887
227560,0.0983,0.1267,1.109,-25.1035,3.4766,-12.4824
227583,0.1093,0.1285,1.0756,-26.0078,-0.1523,-14.3652
227606,0.1117,0.1083,1.067,-24.4102,-3.2285,-14.709
227629,0.0751,0.0668,1.0353,-20.0137,-8.0098,-13.834
227652,0.0266,0.0388,0.9546,-15.3437,-12.0176,-11.2422
227675,-0.0264,0.0159,0.9777,-13.1738,-13.8535,-8.498
227698,-0.0233,-0.0138,1.078,-12.1348,-15.2051,-2.7871
227721,0.0399,0.012,1.1969,-12.7285,-15.3672,1.9766
227744,0.1016,0.0321,1.2347,-14.2207,-15.1699,9.9297
227767,0.0857,0.0361,1.2318,-14.377,-15.2363,17.6699
227790,0.1038,0.0332,1.2094,-12.8379,-15.5937,22.0684
227813,0.1521,0.0626,1.1423,-7.5742,-16.3691,26.873
227836,0.1436,0.0538,1.1544,-2.3203,-16.7754,28.7305
227859,0.1184,0.0345,1.0015,7.0488,-16.6309,29.6602
227882,0.1201,0.0669,0.8591,13.252,-14.9062,29.0527
227905,0.1067,0.1115,0.8401,20.543,-12.6816,28.3164
227928,0.0958,0.1152,0.8735,23.8672,-7.793,27.4102
227951,0.1521,0.1586,0.9233,23.6953,-3.7051,27.123
227974,0.2346,0.2483,1.0345,20.5449,3.0137,27.0137
227997,0.3154,0.2991,1.1263,17.2109,7.2988,26.8398
228020,0.3563,0.3221,1.1617,11.5391,12.2656,25.7324
228043,0.3499,0.3434,1.2367,5.9883,14.4238,22.8164
228066,0.3514,0.3007,1.3654,2.623,14.0859,19.5352
228089,0.3571,0.2531,1.3287,-1.6973,11.1113,12.2988
228112,0.3011,0.1151,1.1384,-4.0449,7.7598,5.8457
228135,0.1671,-0.0198,0.943,-6.8594,1.2988,-6.1289
228158,0.0897,-0.0292,0.9419,-8.7168,-5.9727,-20.2148
228181,0.2656,0.0073,1.2025,-9.002,-10.9453,-30.2773
228204,0.3807,0.0493,1.3025,-7.0625,-18.7813,-45.6953
228227,0.3605,0.0206,1.0327,-4.0586,-24.4102,-55.8555
228250,0.1061,0.0479,0.6638,1.6699,-32.8555,-64.0
228273,-0.0261,0.046,0.6686,5.832,-39.0645,-64.0
228296,0.0374,0.0272,0.7157,6.4707,-40.416,-64.0
228319,0.0392,0.0801,0.6486,3.8652,-36.8008,-64.0
228342,0.0403,0.1362,0.6221,0.418,-30.5977,-64.0
228365,-0.1039,0.1174,0.6902,-5.5703,-16.8438,-64.0
228388,-0.2388,0.0765,0.6726,-9.0566,-5.9473,-64.0
228411,-0.2643,0.0894,0.6597,-12.2246,10.5879,-64.0
228434,-0.2117,0.1615,0.823,-12.2617,24.5977,-64.0
228457,-0.105,0.196,0.8997,-10.5664,31.2422,-63.373
228480,-0.005,0.176,0.8777,-6.2305,35.9238,-45.1738
228503,0.0199,0.1409,0.8289,-3.0391,35.2891,-34.0156
228526,0.0052,0.1223,0.7925,0.377,29.2246,-20.7305
228549,0.0392,0.2163,0.9116,0.5859,18.6973,-12.8789
228572,0.0376,0.2517,0.9767,-1.2695,10.4824,-10.8945
228595,0.0234,0.1541,0.7998,-6.6621,-1.5645,-12.4629
228618,0.0043,0.1626,0.765,-11.7246,-8.3906,-16.0527
228641,-0.0087,0.174,0.8608,-20.9004,-15.6348,-24.1035
228664,-0.0569,0.1243,0.8427,-30.8008,-18.541,-33.832
228687,-0.072,0.0471,0.9114,-37.1445,-18.0391,-40.457
228710,-0.0126,-0.0283,0.9755,-45.5508,-14.4902,-49.7012
228733,0.052,-0.0907,0.9995,-50.1699,-11.2324,-55.1211
228756,0.0383,-0.1733,1.0438,-55.5566,-6.8164,-61.9316
228779,-0.0021,-0.26,1.0851,-58.2676,-5.041,-64.0
228802,0.0116,-0.3821,1.1783,-61.3301,-5.0234,-64.0
228825,0.0885,-0.4542,1.3246,-63.1758,-8.2734,-64.0
228848,0.1149,-0.472,1.3755,-63.4707,-11.9121,-64.0
228871,0.0643,-0.4486,1.3894,-61.9863,-18.6055,-64.0
228894,0.0551,-0.4398,1.4055,-59.4883,-23.1855,-63.3457
228917,0.0765,-0.4194,1.3228,-53.3359,-29.0156,-56.6523
228940,0.0509,-0.3965,1.1674,-44.4922,-32.3477,-47.5605
228963,-0.0022,-0.3635,1.0652,-37.3301,-32.6055,-40.2988
228986,-0.0415,-0.3292,0.9874,-24.9883,-29.4297,-27.9746
229009,-0.0492,-0.3092,0.8419,-15.8613,-24.8281,-19.1211
229032,-0.0399,-0.2745,0.733,-1.2949,-14.6523,-5.5312
229055,0.0062,-0.2224,0.7097,13.5098,-1.9727,7.6426
229078,0.0568,-0.1626,0.6967,23.0781,6.7734,15.8184
229101,0.0925,-0.1184,0.6257,36.4473,18.7012,26.8535
229124,0.1012,0.0013,0.6276,44.4277,25.1816,33.4551
229147,0.0923,0.097,0.7628,54.6973,32.2441,42.8438
229170,0.0452,0.1283,0.8813,60.4004,35.1641,52.8379
229193,-0.0157,0.1138,0.9561,63.998,37.0195,60.3125
229216,0.0336,0.0947,1.1554,63.998,36.3184,63.998
229239,0.1367,0.1754,1.1031,63.998,34.6035,63.998
229262,0.1489,0.3241,1.0349,63.998,29.9277,63.998
229285,0.0889,0.4094,1.1479,63.998,25.3672,63.998
229308,0.0839,0.3899,1.1775,54.543,17.1973,63.998
229331,0.1296,0.4479,1.1157,41.498,8.9707,63.998
229354,0.212,0.4879,1.1254,32.2031,4.1211,63.998
229377,0.215,0.3927,1.0804,18.4629,-1.748,63.998
229400,0.1952,0.3182,1.0596,9.8359,-4.6152,63.998
229423,0.2502,0.2684,1.1371,-1.9395,-7.2168,63.998
229446,0.2786,0.2187,1.0732,-11.9492,-7.7422,63.998
229469,0.2811,0.2544,1.0496,-17.4258,-7.0645,63.998
229492,0.2272,0.2454,1.0372,-23.5117,-5.0117,60.3008
229515,0.1887,0.2166,1.0228,-26.0352,-3.3262,46.9707
229538,0.1378,0.1281,0.9639,-27.8027,-0.8789,29.0176
229561,0.0934,0.0028,0.9028,-28.1738,0.5039,14.666
229584,0.0951,-0.0695,0.8824,-28.8125,2.1172,7.3437
229607,0.078,-0.1064,0.9557,-30.7266,3.1777,-0.4648
229630,0.067,-0.0823,1.1544,-32.8047,3.5234,-3.832
229653,0.0427,-0.0654,1.2787,-36.2109,3.2305,-6.6445
229676,0.0707,-0.0248,1.1936,-37.8594,2.2656,-7.3027
229699,0.0669,-0.0088,1.0021,-38.4063,-0.3789,-6.959
229722,0.0345,-0.0398,0.9518,-36.6855,-3.8496,-5.5625
229745,0.0348,-0.0536,0.9719,-34.7793,-6.1602,-4.25
229768,0.0699,0.0074,1.0261,-31.5234,-9.0859,-1.9648
229791,0.0986,0.0515,1.1106,-29.2324,-10.5527,-0.4258
229814,0.1115,0.0016,1.1187,-25.5176,-12.1094,1.4785
229837,0.1637,-0.0452,1.1038,-21.4766,-13.1719,2.4355
229860,0.1802,-0.0414,1.1472,-18.7305,-13.748,2.3633
229883,0.1663,-0.0605,1.21,-14.6895,-14.4277,1.1211
229906,0.1906,-0.089,1.1178,-12.0898,-14.6543,-0.3555
229929,0.1753,-0.098,1.0039,-8.4707,-14.4238,-3.1484
229952,0.1219,-0.0787,0.951,-6.3809,-13.2695,-5.959
229975,0.0675,-0.0549,0.9707,-3.8457,-11.8926,-7.4121
229998,0.0848,-0.0103,0.9893,-1.8945,-8.9492,-8.4395
230021,0.0873,-0.011,0.9546,-0.7969,-6.5059,-8.2441
230044,0.067,-0.0173,0.9098,0.5156,-2.3926,-6.8027
230067,0.0601,0.0037,0.9102,1.0234,0.4375,-5.3008
230090,0.0909,0.0331,0.9309,1.0117,4.4102,-2.707
230113,0.0991,0.0477,0.9429,0.0117,7.625,-0.3184
230136,0.101,0.0349,0.9395,-1.1621,9.1758,0.8555
230159,0.131,0.0219,0.9691,-3.6133,10.4844,1.6758
230182,0.1677,-0.0216,0.9729,-5.707,10.6504,1.5059
230205,0.1716,-0.0784,0.9563,-9.6094,9.8809,0.207
230228,0.1508,-0.144,0.9547,-14.4824,8.084,-2.0371
230251,0.1702,-0.1437,1.0299,-18.1309,6.4414,-3.7695
230274,0.1512,-0.1093,1.0972,-23.4707,3.4375,-6.2187
230297,0.1467,-0.0886,1.1259,-26.2988,1.1113,-7.502
230320,0.1266,-0.0845,1.0636,-28.4297,-2.7402,-8.623
230343,0.0784,-0.1255,0.9463,-28.1914,-6.6445,-8.6348
230366,0.062,-0.1504,0.9279,-25.6191,-8.9766,-8.0352
230389,0.198,-0.0608,1.6509,-21.1211,-11.6602,-6.3848
230412,0.1461,-0.0602,0.8822,-17.3496,-12.8398,-4.9824
230435,0.0417,-0.0618,0.8688,-11.2285,-13.4766,-2.8418
230458,0.0555,-0.0992,1.0944,-7.4082,-12.916,-1.5137
230481,0.1371,-0.0483,0.995,-2.5449,-10.6973,0.2773
230504,0.1453,-0.0424,1.0437,1.4023,-7.4141,1.627
230527,0.1129,-0.0526,1.0488,3.6953,-5.0273,2.1699
230550,0.104,-0.0551,1.0206,6.7383,-1.6738,2.4629
230573,0.103,-0.0714,1.0177,8.4531,0.1465,2.3906
230596,0.1285,-0.0525,1.0485,10.4219,1.9082,2.0117
230619,0.141,-0.0474,1.0417,11.6074,2.373,1.3691
230642,0.1189,-0.041,0.9888,11.957,2.0195,0.8242
230665,0.1045,-0.0245,0.9912,11.8027,0.7344,-0.041
230688,0.1385,0.0115,1.0548,11.3027,-0.4551,-0.5605
230711,0.161,0.0188,1.0563,10.2559,-2.457,-1.2109
230734,0.1711,0.0188,1.0602,9.041,-4.4746,-1.7344
230757,0.1528,-0.0023,1.0387,8.5332,-5.6934,-2.0215
230780,0.1316,-0.0228,1.0031,7.3652,-7.1016,-2.2812
230803,0.121,-0.0327,0.9991,6.2891,-7.6582,-2.2754
230826,0.1312,-0.0256,1.0313,4.0566,-7.8281,-1.9375
230849,0.14,-0.0205,1.0436,2.2285,-7.5078,-1.5234
230872,0.1305,-0.0321,1.0361,-0.7129,-6.4961,-0.7637
230895,0.1135,-0.0242,1.043,-3.4902,-5.043,-0.0117
230918,0.1112,-0.0187,1.0627,-5.0859,-3.959,0.4062
230941,0.1437,-0.0317,1.0414,-6.9863,-2.375,0.8008
230964,0.1652,-0.0479,1.0221,-7.9609,-1.4629,0.834
230987,0.1466,-0.0455,1.0287,-9.123,-0.4453,0.4512
231010,0.1204,-0.0396,1.0391,-10.0176,0.1582,-0.3789
231033,0.1201,-0.0345,1.036,-10.4238,0.4609,-1.084
231056,0.1221,-0.0392,1.0291,-10.627,1.0781,-2.2441
231079,0.1395,-0.0338,1.0448,-10.4492,1.7188,-3.043
231102,0.1316,-0.0608,1.0291,-9.7598,3.0352,-4.2539
231125,0.1213,-0.0806,1.0023,-8.7773,4.6641,-5.4219
231148,0.1058,-0.0714,1.0032,-8.0918,5.8379,-6.1152
231171,0.0853,-0.0577,1.0269,-7.0684,7.6016,-6.8672
231194,0.0721,-0.0468,1.0215,-6.3184,8.709,-7.0801
231217,0.0717,-0.021,1.0491,-4.9336,10.1523,-6.8535
231240,0.0477,-0.0275,1.0387,-3.7891,10.9238,-5.8242
231263,0.0383,-0.0354,1.0231,-1.8477,11.7832,-5.0254
231286,0.0441,-0.0272,1.0302,0.043,12.2637,-3.2852
231309,0.0583,-0.0197,1.0422,1.0977,12.3359,-2.0156
231332,0.0446,-0.0201,1.0103,2.1895,12.0312,-0.1738
231355,0.0389,-0.0247,0.9882,2.5078,11.5762,0.9219
231378,0.0397,-0.024,1.0094,2.2949,10.627,2.3047
231401,0.0396,-0.0208,1.0383,1.3477,9.4805,3.3437
231424,0.0408,-0.032,1.0367,0.4434,8.6387,3.8223
231447,0.0457,-0.0339,1.0383,-1.0957,7.2617,4.1719
231470,0.0415,-0.032,1.0238,-2.1348,6.2891,4.1523
231493,0.0316,-0.0212,1.0422,-3.5547,4.8457,3.8027
231516,0.0382,-0.017,1.0938,-4.6426,3.582,3.1816
231539,0.0422,-0.0411,1.0961,-5.1348,2.8887,2.6484
231562,0.0431,-0.0898,1.0847,-5.6016,2.0352,1.6641
231585,0.0342,-0.0315,1.0326,-5.8105,1.5449,0.8672
231608,-0.0338,-0.0236,0.9365,-5.9551,0.9043,-0.5469
231631,-0.0691,-0.0519,0.8962,-5.7852,0.5703,-2.2754
231654,0.0219,-0.0778,0.9427,-4.5234,0.2129,-3.7559
231677,0.1475,0.0383,1.0743,-0.7637,-0.2617,-6.9395
231700,0.1227,0.0547,1.0687,3.9141,-0.9355,-9.9355
231723,0.0157,0.0697,1.0243,14.6582,-2.6465,-15.5879
231746,-0.0516,0.1044,1.0242,23.9355,-4.0586,-19.6523
231769,-0.0372,0.1006,1.1031,39.5371,-6.0059,-25.084
231792,0.0505,0.1781,1.1772,55.0645,-7.2617,-28.7168
231815,0.126,0.2014,1.1123,63.998,-7.6797,-29.9453
231838,0.0685,0.2098,0.9763,63.998,-7.9102,-30.0742
231861,-0.0161,0.2166,0.8865,63.998,-7.8359,-29.0762
231884,-0.0468,0.2472,0.8583,63.998,-6.9746,-26.0723
231907,0.0099,0.3236,0.8289,63.998,-4.5391,-21.6309
231930,0.0107,0.3687,0.7954,63.998,-1.8594,-18.2383
231953,-0.0748,0.3672,0.7468,63.998,3.7637,-13.127
231976,-0.1281,0.3959,0.7336,63.998,8.625,-9.9785
231999,-0.152,0.4991,0.7325,63.998,17.4395,-5.9023
232022,-0.1282,0.576,0.8212,63.998,26.8184,-2.6562
232045,-0.0739,0.5859,0.8329,63.998,32.543,-0.9453
232068,0.0183,0.5986,0.8452,63.998,38.0391,0.918
232091,0.0442,0.5996,0.8097,63.998,39.0215,1.6445
232114,0.0126,0.5618,0.7552,63.998,36.291,1.9902
232137,-0.0436,0.5754,0.7343,63.998,32.2773,1.8398
232160,-0.0426,0.5784,0.771,63.998,24.918,1.2344
232183,-0.0535,0.6088,0.6951,63.998,18.625,0.1211
232206,-0.0211,0.6252,0.691,63.998,16.25,-1.0488
232229,-0.0098,0.6317,0.634,63.998,16.25,-3.5391
232252,-0.071,0.6411,0.5748,63.998,18.5547,-5.4961
232275,-0.118,0.6262,0.5038,62.7676,24.7363,-8.0723
232298,-0.0652,0.6965,0.4786,59.5645,32.7617,-9.0391
232321,-0.1074,0.7518,0.4869,59.0469,38.1836,-8.2891
232344,-0.1881,0.7184,0.4127,60.0742,45.207,-4.7773
232367,-0.2396,0.7324,0.328,61.5332,48.6758,-0.8926
232390,-0.2012,0.8168,0.4729,63.998,51.543,6.75
232413,-0.1605,0.8018,0.3866,63.998,51.2754,15.3984
232436,-0.1295,0.7461,0.2594,63.998,49.3555,20.8789
232459,-0.1635,0.7286,0.2314,63.998,44.1563,27.4961
232482,-0.1013,0.8037,0.4019,63.998,39.4531,30.373
232505,-0.1162,0.7601,0.3619,63.998,31.2871,31.9805
232528,-0.004,0.6707,0.2585,63.998,25.6211,31.25
232551,0.0208,0.6433,0.2169,63.998,17.5078,27.9688
232574,0.0269,0.8552,0.2845,63.998,10.3887,23.3965
232597,-0.0099,0.9767,0.3571,63.9902,6.4609,20.5762
232620,-0.1022,0.8351,0.1777,57.6406,2.2812,17.834
232643,-0.1433,0.788,0.1639,52.5586,0.8398,17.3125
232666,-0.0074,0.8488,0.226,43.6094,0.5547,18.2695
232689,0.0121,0.9116,0.2751,33.6855,1.6719,20.1211
232712,0.0275,0.8613,0.2593,27.1543,2.6465,21.0
232735,-0.046,0.8066,0.2017,18.2363,3.873,20.8027
232758,0.0198,0.8135,0.2125,13.0293,4.3906,19.4375
232781,0.0349,0.8158,0.2612,6.293,4.6387,15.6738
232804,-0.0216,0.7578,0.2255,0.9766,4.2871,10.4961
232827,-0.0317,0.762,0.2515,-2.3223,3.8203,6.7715
232850,-0.0878,0.7733,0.2649,-6.0781,2.9609,1.6113
232873,-0.089,0.818,0.2645,-8.0078,2.3652,-1.125
232896,-0.0327,0.8162,0.2532,-10.0449,1.4355,-3.793
232919,-0.0398,0.802,0.2661,-10.8477,0.6953,-4.6543
232942,-0.0066,0.8409,0.2988,-11.2129,-0.8203,-4.9961
232965,-0.0284,0.8295,0.2609,-10.5059,-2.9238,-4.8437
232988,-0.0055,0.7897,0.2573,-9.4238,-4.5762,-4.7441
233011,-0.0463,0.856,0.2611,-6.9316,-7.1699,-4.7832
233034,-0.0198,0.8427,0.205,-4.748,-8.8086,-4.9102
233057,-0.0695,0.8435,0.1915,-0.9023,-10.8613,-5.1074
233080,-0.0309,0.8372,0.2131,3.1973,-12.1992,-5.1562
233103,-0.0326,0.8436,0.2205,5.8125,-12.7559,-5.0723
233126,-0.0486,0.8309,0.212,9.2422,-13.4004,-4.8105
233149,-0.059,0.8142,0.2039,11.0918,-13.8535,-4.6035
233172,-0.0571,0.8059,0.1997,13.1445,-14.6738,-4.3555
233195,-0.0521,0.8186,0.1931,14.3125,-15.6738,-4.2227
233218,-0.0352,0.8241,0.1943,14.6133,-16.4258,-4.1602
233241,-0.0662,0.808,0.1672,14.373,-17.5215,-4.002
233264,-0.0464,0.8313,0.1768,13.7695,-18.0117,-3.7949
233287,-0.0438,0.8165,0.1821,12.2344,-18.0293,-3.2617
233310,-0.0242,0.8047,0.1982,10.8262,-17.4961,-2.7461
233333,-0.0465,0.817,0.1929,8.248,-16.0156,-1.7637
233356,-0.0437,0.8273,0.1836,5.3379,-13.9922,-0.6133
233379,-0.0331,0.8081,0.189,3.3691,-12.5117,0.1914
233402,-0.0337,0.7992,0.2146,0.6074,-10.3867,1.3613
233425,-0.0176,0.8029,0.2124,-0.9824,-9.1895,2.0723
233448,-0.0261,0.7959,0.2139,-2.8105,-7.8574,2.9961
233471,-0.0306,0.7666,0.2168,-3.8574,-6.9785,3.7734
233494,-0.0243,1.0588,0.1569,-4.1328,-6.4883,4.2637
233517,-0.0278,0.8484,0.1136,-4.0859,-5.6953,5.0977
233540,-0.0083,0.8455,0.1945,-3.9043,-5.082,5.7617
233563,0.0055,0.8379,0.1873,-3.6191,-4.1016,6.8223
233586,0.0146,0.8344,0.1594,-3.4687,-3.2656,7.7227
233609,0.0269,0.8564,0.1404,-3.5332,-2.832,8.0977
233632,0.0626,0.9182,0.1908,-4.0684,-2.209,8.1719
233655,-0.0565,0.8693,0.2196,-4.8145,-1.5742,7.8437
233678,0.0099,0.8646,0.2679,-6.6328,0.2422,6.7578
233701,0.0071,0.8492,0.2622,-8.3125,2.0918,4.6504
233724,-0.0518,0.8184,0.2787,-11.2539,5.4023,3.5039
233747,-0.1542,0.8049,0.3,-14.0332,8.6973,0.9609
233770,-0.0714,0.7833,0.2263,-15.4316,10.6094,-0.8984
233793,0.0194,0.787,0.1792,-16.6172,12.6973,-4.0801
233816,-0.0698,0.7872,0.2324,-16.8145,13.3848,-6.5664
233839,-0.0782,0.7747,0.2515,-16.3047,13.2617,-10.7207
233862,-0.0825,0.7485,0.2284,-15.0039,11.9238,-14.8809
233885,-0.0442,0.7401,0.2271,-13.8613,10.5059,-17.3379
233908,-0.036,0.7489,0.2367,-11.998,7.8242,-20.1035
233931,-0.1134,0.7765,0.2413,-10.7715,5.8496,-21.0605
233954,-0.1807,0.7705,0.2361,-9.084,3.0137,-20.6992
233977,-0.0955,0.7753,0.2019,-7.7363,0.7266,-17.9785
234000,-0.0093,0.8246,0.2737,-7.0645,-0.4492,-15.0996
234023,-0.0485,0.8186,0.2639,-6.2695,-1.8125,-9.9395
234046,-0.1324,0.8391,0.2206,-5.8145,-2.498,-6.3457
234069,-0.022,0.8813,0.241,-5.2656,-3.1914,-1.207
234092,-0.0463,0.8716,0.2539,-5.0215,-3.4453,3.1055
234115,-0.0792,0.8361,0.2207,-4.8437,-3.584,5.2969
234138,-0.0624,0.8247,0.2382,-4.834,-3.5,7.416
234161,-0.0472,0.7839,0.2469,-4.8262,-3.4492,8.0742
234184,-0.0529,0.7786,0.2532,-4.5937,-3.6758,8.0957
234207,-0.0187,0.8147,0.2665,-4.1426,-4.1562,7.6035
234230,-0.0668,0.8159,0.2281,-2.8262,-5.3496,6.3613
234253,-0.0605,0.8684,0.2101,-0.7871,-6.668,4.8516
234276,-0.0526,0.8796,0.2054,0.7715,-7.2812,3.8887
234299,-0.0562,0.8368,0.2095,2.9453,-7.4824,2.6973
234322,-0.0491,0.7863,0.2351,4.0156,-7.125,2.1172
234345,-0.0402,0.7764,0.2625,4.6934,-6.0488,1.5605
234368,-0.0491,0.7936,0.2615,4.1133,-4.6797,1.3066
234391,-0.0466,0.8104,0.259,3.125,-3.7617,1.2559
234414,-0.0525,0.851,0.244,1.1133,-2.4844,1.2754
234437,-0.0438,0.845,0.2184,-0.3008,-1.7207,1.3105
234460,-0.0542,0.8235,0.2102,-2.0605,-0.7637,1.332
234483,-0.0453,0.8196,0.2084,-2.7832,-0.3105,1.2383
234506,-0.0527,0.8135,0.2024,-3.0391,-0.0312,1.0859
234529,-0.057,0.8239,0.2108,-2.4277,-0.2832,0.7402
234552,-0.0459,0.8293,0.2167,-1.7344,-0.7285,0.457
234575,-0.0532,0.8209,0.2205,-0.6172,-1.7695,0.0273
234598,-0.0525,0.8119,0.2184,0.0059,-2.6699,-0.2168
234621,-0.038,0.8235,0.2234,0.582,-4.2402,-0.4687
234644,-0.0308,0.8159,0.2307,0.6797,-5.9844,-0.5352
234667,-0.0419,0.8157,0.2294,0.5254,-7.1953,-0.4824
234690,-0.0515,0.8077,0.2124,0.1211,-8.9316,-0.3105
234713,-0.0403,0.7979,0.2096,-0.1465,-9.916,-0.1836
234736,-0.0465,0.8116,0.2277,-0.375,-10.9473,-0.0352
234759,-0.0338,0.8845,0.1824,-0.3047,-11.2559,0.0469
234782,-0.0419,0.8372,0.2051,-0.0879,-10.9336,0.0859
234805,-0.0343,0.8079,0.234,0.4941,-9.5059,0.1738
234828,-0.021,0.8448,0.1823,1.0742,-7.9414,0.2578
234851,-0.0509,0.8275,0.1798,2.3359,-4.8828,0.3789
234874,-0.0621,0.8452,0.1495,3.4863,-1.2734,0.3945
234897,-0.0547,0.8403,0.1376,5.623,1.2402,0.2949
234920,-0.0715,0.8394,0.1328,7.8867,4.7363,-0.0059
234943,-0.0759,0.8461,0.1349,9.1328,6.5898,-0.2578
234966,-0.0846,0.8452,0.1129,9.9746,8.2207,-0.5488
234989,-0.0907,0.8451,0.0654,9.4395,8.4023,-0.5488
235012,-0.1069,0.8246,0.0127,6.25,7.3887,0.0469
235035,-0.0432,0.7974,0.0699,-0.8594,5.252,1.8262
235058,0.0811,0.8052,0.2332,-8.3906,3.4531,3.9531
235081,0.0734,0.8198,0.3677,-24.2539,0.4434,8.8613
235104,0.0806,0.8199,0.5219,-37.5215,-1.4805,13.2285
235127,0.0575,0.8333,0.5872,-59.959,-3.5371,20.7773
235150,0.0385,0.701,0.6001,-64.0,-4.1543,28.248
235173,0.0745,0.7014,0.6514,-64.0,-3.9551,32.4258
235196,0.0422,0.7056,0.6792,-64.0,-3.4473,36.4824
235219,0.0607,0.6873,0.6802,-64.0,-3.2969,37.291
235242,0.0751,0.6705,0.6484,-64.0,-3.6152,35.3789
235265,0.0834,0.6584,0.6553,-64.0,-4.5586,30.043
235288,-0.0205,0.5609,0.4913,-64.0,-5.3594,25.1152
235311,-0.0074,0.559,0.5189,-64.0,-6.4922,16.8242
235334,0.0953,0.6384,0.6936,-64.0,-7.1152,11.2715
235357,0.1378,0.6564,0.7821,-64.0,-7.9043,3.3926
235380,0.0581,0.6118,0.701,-64.0,-8.4121,-1.4258
235403,0.0341,0.5725,0.6844,-63.1133,-9.2207,-7.6641
235426,0.0514,0.5398,0.7125,-53.8828,-10.0605,-12.1719
235449,0.0704,0.4979,0.7386,-50.043,-10.5996,-13.998
235472,0.0387,0.4384,0.7198,-48.3418,-11.3066,-14.8379
235495,0.0391,0.3966,0.7401,-49.959,-11.6816,-14.1094
235518,0.0922,0.3506,0.7627,-56.084,-12.1484,-11.1445
235541,0.1528,0.3268,0.7998,-64.0,-12.75,-6.293
235564,0.2131,0.3292,0.8361,-64.0,-13.4258,-2.4004
235587,0.1781,0.3376,0.7419,-64.0,-15.0937,3.7266
235610,0.1873,0.3928,0.8346,-64.0,-16.6875,7.6445
235633,0.1244,0.3596,0.9192,-64.0,-19.6348,12.752
235656,0.0912,0.337,0.951,-64.0,-22.752,16.4512
235679,0.1526,0.3772,1.0781,-64.0,-24.5605,17.8867
235702,0.1799,0.3757,1.1243,-64.0,-26.4453,18.127
235725,0.1689,0.3077,1.0536,-64.0,-27.0352,16.8867
235748,0.1444,0.2173,0.9725,-64.0,-26.9355,13.0508
235771,0.1094,0.1698,0.974,-64.0,-26.3184,9.4395
235794,0.1411,0.1255,1.0466,-64.0,-24.8672,3.0547
235817,0.1769,0.0737,1.1027,-64.0,-23.2637,-3.8301
235840,0.1918,-0.0048,1.0977,-64.0,-22.3711,-8.4062
235863,0.179,-0.0262,1.1219,-64.0,-21.6035,-14.8184
235886,0.1769,-0.0203,1.1794,-64.0,-21.543,-18.5391
235909,0.2142,-0.0298,1.1627,-64.0,-22.0078,-22.957
235932,0.2455,-0.0458,1.0957,-64.0,-22.8789,-25.793
235955,0.2723,-0.0267,1.1069,-64.0,-23.5137,-26.7832
235978,0.2612,-0.017,1.1577,-64.0,-24.2051,-26.9609
236001,0.215,-0.014,1.1588,-64.0,-24.2676,-26.2402
236024,0.2258,-0.0302,1.15,-58.3848,-23.4355,-24.0098
236047,0.2815,-0.0306,1.1196,-53.1602,-21.457,-20.7207
236070,0.3079,-0.0698,1.095,-50.2129,-19.7344,-18.2422
236093,0.3026,-0.1204,1.0732,-46.9629,-17.0586,-14.6133
236116,0.3254,-0.1636,1.0599,-45.7109,-15.4258,-12.4766
236139,0.3578,-0.1708,1.11,-45.1289,-13.3457,-9.8867
236162,0.34,-0.2007,1.1018,-45.332,-12.1543,-8.0449
236185,0.2838,-0.2614,1.0459,-45.8809,-10.3926,-7.1211
236208,0.2964,-0.3035,1.0341,-46.0703,-8.2383,-5.8926
236231,0.2742,-0.2875,1.0369,-45.6738,-6.3613,-5.0195
236254,0.1934,-0.2897,1.0363,-43.791,-2.6465,-3.4687
236277,0.1594,-0.3043,1.0107,-41.4492,0.4863,-2.2305
236300,0.1714,-0.3116,0.9608,-36.1719,6.002,-0.1172
236323,0.191,-0.2921,0.9491,-28.9199,11.9141,2.0117
236346,0.1677,-0.2494,0.9808,-23.123,15.668,3.2168
236369,0.1084,-0.239,0.9739,-13.2285,20.582,4.4902
236392,0.0925,-0.2136,0.9641,-6.0801,23.2422,5.0176
236415,0.041,-0.1771,0.9475,4.791,26.1777,5.6035
236438,0.0157,-0.1521,1.0289,14.8555,27.7871,6.3965
236461,0.0752,-0.1575,1.0735,20.6074,28.1621,7.2187
236484,0.0723,-0.1653,0.9821,27.168,27.7656,8.9336
236507,0.033,-0.1318,0.9089,29.8906,26.9336,10.3809
236530,0.0037,-0.0742,0.9617,31.5195,25.1113,12.9824
236553,0.0372,-0.0103,1.053,31.4121,23.8008,15.8945
236576,0.0577,0.0088,1.0413,30.6855,22.1563,17.7832
236599,0.0367,-0.0128,0.9861,30.4844,21.1367,20.2148
236622,0.0275,-0.0015,0.9734,30.9258,20.7949,21.459
236645,0.0227,-0.0168,0.97,32.4023,20.6719,22.6797
236668,0.043,-0.009,0.9675,33.793,20.7578,23.0332
236691,0.0375,-0.0277,0.918,36.1641,21.0098,22.8047
236714,0.0104,-0.0612,0.8644,38.3945,21.2949,21.75
236737,0.0015,-0.0714,0.851,39.5234,21.4238,20.7461
236760,0.0449,-0.076,0.8358,40.4258,21.4004,19.0117
236783,0.1116,-0.0128,0.7708,40.4961,21.1719,17.7305
236806,0.1499,0.054,0.7778,39.9648,20.3652,15.5723
236829,0.109,0.1071,0.7811,38.9258,18.9219,13.2207
236852,0.0437,0.1194,0.8162,38.0313,17.7617,11.7852
236875,-0.0344,0.1472,0.8931,36.2832,16.25,10.5078
236898,-0.0846,0.1368,0.9126,34.6836,15.6758,10.6816
236921,-0.0981,0.1504,0.9304,31.2754,15.6777,12.8848
236944,-0.074,0.1327,1.0176,28.1641,16.707,17.0938
236967,-0.0739,0.0959,0.9788,22.1387,17.4492,20.4961
236990,-0.1438,0.088,0.9799,14.5703,18.6387,25.5625
237013,-0.0874,0.0883,1.0259,8.8437,19.123,28.4629
237036,-0.0116,0.0966,1.0432,-0.1758,19.0742,31.5332
237059,-0.0538,0.1281,1.0771,-5.9922,18.3379,32.5371
237082,-0.0616,0.1758,1.1494,-13.6016,16.0156,32.5293
237105,-0.0352,0.1765,1.0466,-19.1172,12.334,31.127
237128,-0.0338,0.2196,1.0881,-21.418,9.3281,29.6875
237151,-0.1,0.1814,1.1017,-22.6465,4.5664,27.123
237174,-0.0686,0.1331,1.0635,-21.9766,1.6406,25.3047
237197,-0.0288,0.1217,0.9716,-19.0508,-1.748,22.5039
237220,-0.0159,0.1217,1.0201,-14.5664,-3.5352,19.5215
237243,-0.0565,0.172,1.0323,-11.1035,-3.7852,17.3672
237266,-0.0701,0.1599,1.0226,-5.6484,-2.8437,13.8379
237289,-0.0049,0.1282,0.9336,-2.0781,-1.4766,11.2988
237312,0.0095,0.1932,1.0958,2.8672,1.3516,7.3262
237335,-0.1654,0.1414,0.8734,5.8242,4.832,3.4961
237358,-0.1639,0.0958,0.9863,9.7891,7.4707,1.3164
237381,-0.1993,0.1023,0.9946,13.5156,11.7344,-1.1211
237404,-0.0516,0.2059,0.9672,16.1621,14.1113,-2.2246
237427,-0.0675,0.2684,0.9465,20.7227,14.9922,-3.3262
237450,-0.0492,0.2406,0.9465,24.1504,13.0566,-3.8105
237473,-0.1011,0.2063,0.9736,29.4805,6.6836,-4.332
237496,-0.0455,0.2429,0.9559,34.2754,-1.8438,-4.7773
237519,-0.0182,0.2709,0.9371,36.6699,-7.5371,-5.0332
237542,0.0031,0.3182,0.9314,38.3359,-14.8926,-5.2012
237565,0.0363,0.4874,0.8851,37.8926,-18.5605,-5.0879
237588,-0.1112,0.4012,0.9242,34.8984,-21.7227,-4.5898
237611,-0.0879,0.3971,0.9088,29.6973,-21.8711,-3.957
237634,-0.1613,0.3629,0.9974,25.5039,-20.4688,-3.7578
237657,0.0809,0.3552,0.7906,18.7168,-16.8164,-4.5059
237680,0.1788,0.3224,0.7371,13.9629,-13.9824,-6.1484
237703,0.1483,0.2931,0.5927,6.5684,-10.2109,-10.6426
237726,-0.0132,0.3048,0.4856,-0.793,-7.502,-16.8301
237749,-0.1263,0.2245,0.6079,-4.5312,-5.748,-21.1406
237772,-0.11,0.1742,0.5769,-8.1211,-1.0801,-27.248
237795,-0.0448,-0.0094,0.4541,-8.7695,4.2676,-31.1465
237818,-0.0551,-0.0963,0.4497,-8.2207,14.6816,-37.0391
237841,-0.0836,0.0052,0.5707,-7.9746,21.5,-40.9141
237864,-0.2014,-0.0637,0.6348,-9.3418,28.3086,-45.9102
237887,-0.2148,-0.1282,0.6603,-13.3437,29.1387,-48.916
237910,-0.2596,-0.1752,0.8765,-17.1211,26.4414,-49.3594
237933,-0.3208,-0.238,1.1021,-23.0313,19.1777,-47.3379
237956,-0.3252,-0.1752,1.1816,-26.1543,13.709,-44.1895
237979,-0.2622,-0.0422,1.3555,-28.375,6.2637,-36.8574
238002,-0.2448,-0.0717,1.3524,-27.2305,-0.0859,-26.9941
238025,-0.2996,-0.0304,1.2172,-25.1191,-3.8828,-19.7637
238048,-0.062,-0.1553,1.1584,-21.7559,-9.1328,-9.4492
238071,-0.0983,0.056,1.1992,-20.4434,-12.2461,-3.7363
238094,-0.1927,0.099,1.1757,-20.6797,-15.1992,2.3887
238117,-0.2761,0.1343,1.1439,-23.082,-14.6172,5.9648
238140,-0.3776,0.1223,1.1375,-25.2422,-12.1289,7.5273
238163,-0.3954,0.1727,1.1563,-28.1074,-6.5488,9.4609
238186,-0.3308,0.1576,1.1656,-29.0664,-2.9043,10.5703
238209,-0.2291,0.1973,1.1552,-28.166,0.3223,11.2559
238232,-0.0884,0.2319,1.2871,-25.7891,0.1758,9.2988
238255,0.027,0.2169,1.3999,-19.7363,-4.207,5.541
238278,0.113,0.1479,1.2163,-11.7461,-14.0664,-3.4961
238301,0.1261,0.182,1.1268,-6.4023,-23.3906,-11.3203
238324,0.1012,0.1771,1.1306,0.0176,-39.4688,-23.8789
238347,0.1295,0.1521,1.019,2.7754,-49.873,-31.4668
238370,0.1345,0.1827,0.9506,4.7793,-62.1289,-39.627
238393,0.0212,0.2261,0.8342,5.3066,-64.0,-42.375
238416,-0.1006,0.2498,0.8009,5.6719,-64.0,-40.8691
238439,-0.1155,0.2874,0.7931,7.5215,-53.0332,-34.0176
238462,-0.0958,0.374,0.9357,10.2598,-39.3652,-27.0977
238485,-0.0544,0.3875,0.9784,17.3105,-13.9102,-14.9492
238508,-0.0143,0.389,0.9895,27.5977,11.5254,-3.0449
238531,-0.0306,0.3905,1.0953,35.4297,25.3184,3.5781
238554,-0.0018,0.358,1.0721,46.6797,38.3105,10.3496
238577,0.0442,0.3113,0.9434,52.5547,41.2715,12.4746
238600,0.042,0.4034,1.4329,56.9824,37.8027,12.3398
238623,-0.0488,0.248,0.8954,56.3301,31.5332,9.3066
238646,-0.0321,0.183,0.8751,49.4063,19.9023,6.4453
238669,-0.0898,0.212,0.9077,35.8438,10.0215,2.0918
238692,-0.2876,0.2241,0.9948,24.1699,6.668,-0.2578
238715,-0.2292,0.1384,0.9142,5.1602,9.0352,-2.2031
238738,-0.3044,0.1414,0.875,-7.2031,15.998,-2.1504
238761,-0.4766,0.2084,0.9752,-23.793,33.4902,0.1445
238784,-0.259,0.0594,0.8271,-37.0996,56.2891,4.5293
238807,-0.3475,0.1412,0.976,-43.8809,63.998,7.9023
238830,-0.361,0.2167,1.0121,-50.9238,63.998,12.3437
238853,-0.3871,0.2733,0.9429,-53.707,63.998,14.2773
238876,-0.5177,0.1971,0.9078,-55.3594,63.998,15.1484
238899,-0.5327,0.0819,0.9653,-54.2188,63.998,13.627
238922,-0.4879,0.0706,0.9893,-51.9492,63.998,11.5371
238945,-0.3965,0.2461,1.0814,-46.1582,63.998,7.502
238968,-0.3246,0.222,1.0074,-40.457,62.3457,4.6562
238991,-0.5703,0.1675,0.8854,-28.6367,41.0508,0.8945
239014,-0.5369,0.2458,1.009,-18.6465,20.5195,-1.2402
239037,-0.4521,0.3477,1.0011,-1.291,9.0137,-1.418
239060,-0.438,0.421,0.9971,17.6484,-4.0078,-0.0898
239083,-0.3979,0.4087,0.9393,30.4453,-9.6738,1.3867
239106,-0.3682,0.344,0.8466,48.666,-13.4023,3.4668
239129,-0.3243,0.2617,0.6621,59.1895,-12.5449,4.1621
239152,-0.3154,0.2062,0.525,63.998,-6.3457,3.3496
239175,-0.4265,0.2623,0.5872,63.998,4.6777,0.0293
239198,-0.4087,0.2687,0.63,63.998,13.4902,-3.2852
239221,-0.4318,0.3019,0.7886,63.998,25.7148,-9.0859
239244,-0.3905,0.2693,0.7856,63.4746,31.0156,-13.0937
239267,-0.3083,0.3038,0.8295,54.2188,31.5352,-19.0215
239290,-0.3865,0.2882,0.8962,43.2402,22.2695,-25.0391
239313,-0.4672,0.2333,0.8711,34.5293,11.9023,-29.2266
239336,-0.4822,0.1492,0.8735,18.6758,-6.7344,-35.75
239359,-0.5146,0.0779,0.8081,5.9746,-19.3574,-40.2734
239382,-0.5162,-0.0295,0.7789,-16.2051,-36.4414,-47.4395
239405,-0.5236,-0.0553,0.8635,-32.5039,-50.2676,-55.2383
239428,-0.5397,-0.0272,1.0054,-57.2676,-57.4746,-60.8574
239451,-0.47,-0.1117,1.0238,-64.0,-64.0,-64.0
239474,-0.2661,-0.1674,1.0265,-64.0,-64.0,-64.0
239497,-0.0658,-0.213,1.0643,-64.0,-64.0,-64.0
239520,-0.0725,-0.2571,1.1019,-64.0,-64.0,-64.0
239543,-0.1389,-0.16,1.0931,-64.0,-64.0,-64.0
239566,-0.2119,-0.0728,1.069,-64.0,-64.0,-64.0
239589,-0.2766,-0.0516,1.0912,-64.0,-64.0,-64.0
239612,-0.1654,-0.1429,1.0204,-64.0,-64.0,-64.0
239635,-0.2086,-0.2067,0.9196,-59.873,-64.0,-64.0
239658,-0.2267,-0.2489,0.7594,-46.4805,-64.0,-51.6895
239681,-0.144,-0.2253,0.6681,-36.8984,-64.0,-33.6875
239704,0.2421,-0.0741,0.7206,-32.2363,-64.0,-25.209
239727,1.1788,-0.108,0.7843,-25.6465,-64.0,-20.7207
239750,1.5458,-0.0867,0.9799,-20.2617,-64.0,-23.8789
239773,0.6987,0.1259,1.0583,-9.6484,-64.0,-36.0781
239796,0.0084,0.0403,0.9463,3.3672,-64.0,-49.9121
239819,-0.0402,-0.3243,0.9702,11.957,-64.0,-55.0859
239842,0.335,-0.1656,0.8727,22.4922,-64.0,-52.3359
239865,0.6516,-0.0656,0.8959,26.8809,-64.0,-43.8457
239888,0.5372,-0.0903,0.9421,29.0957,-57.793,-25.4043
239911,0.4579,-0.0741,0.8209,28.0762,-48.0098,-12.2988
239934,0.5006,-0.1018,0.7681,23.9219,-39.6992,4.459
239957,0.5865,-0.0814,0.7441,18.0957,-40.9395,14.4531
239980,0.7762,-0.0143,0.6241,14.1152,-46.9824,16.1973
240003,0.9899,-0.0125,0.5902,9.0586,-62.1426,10.8613
240026,1.1097,-0.0092,0.4214,6.6855,-64.0,2.4277
240049,1.0302,0.0244,0.4078,4.7539,-64.0,-15.3535
240072,0.9355,0.0774,0.4551,4.584,-64.0,-35.2734
240095,0.8755,0.0747,0.4666,5.377,-64.0,-47.3691
240118,0.832,0.1327,0.3933,7.7344,-64.0,-60.9883
240141,0.8369,0.1445,0.4222,9.8262,-64.0,-64.0
240164,0.8711,0.1584,0.4711,13.1914,-64.0,-64.0
240187,0.9371,0.1644,0.3997,16.1992,-64.0,-64.0
240210,0.8613,0.1541,0.3687,17.5977,-64.0,-60.2969
240233,0.7899,0.1506,0.3624,18.2031,-56.2813,-51.7695
240256,0.8987,0.1744,0.359,17.4199,-42.8711,-45.4414
240279,0.9272,0.1663,0.3428,14.5137,-26.4082,-35.9512
240302,0.9103,0.1702,0.3439,11.6543,-18.3848,-30.0859
240325,0.8254,0.1775,0.3938,6.6211,-10.9023,-22.3633
240348,0.9269,0.1799,0.3722,1.5352,-8.0273,-15.9199
240371,0.9714,0.1676,0.3035,-1.5449,-7.8906,-12.2773
240394,0.8726,0.1603,0.4019,-5.4805,-9.207,-7.6387
240417,0.8575,0.1327,0.405,-7.5781,-10.5566,-4.8887
240440,0.958,0.1516,0.3324,-9.8945,-12.5312,-0.9531
240463,0.9745,0.1443,0.3231,-11.4043,-13.8613,2.748
240486,0.9729,0.1298,0.3278,-12.1055,-14.1895,4.9824
240509,0.9497,0.1198,0.3458,-12.7949,-13.6367,7.9531
240532,0.9148,0.1005,0.3909,-13.0059,-12.4551,9.7578
240555,0.8704,0.0637,0.3994,-12.9727,-9.1641,12.3359
240578,0.8477,0.0649,0.4081,-12.7734,-3.6953,14.6074
240601,0.8472,0.0569,0.3973,-12.7754,1.2578,15.627
240624,0.8334,0.0907,0.4103,-13.2031,10.3281,15.6641
240647,0.8896,0.1381,0.4984,-13.7012,17.0234,14.252
240670,0.9169,0.152,0.4963,-14.3223,27.0117,9.4844
240693,0.8353,0.1495,0.4362,-14.3965,32.9883,1.5957
240716,0.8242,0.1544,0.4894,-13.8535,40.0723,-4.4531
240739,0.812,0.1713,0.5446,-12.5547,44.6348,-14.1074
240762,0.9033,0.1997,0.5427,-11.3105,46.5488,-20.2148
240785,0.886,0.2433,0.5972,-9.0273,48.3789,-28.2617
240808,0.8132,0.2302,0.5719,-7.3867,49.2637,-32.5527
240831,0.7921,0.1838,0.5239,-5.2227,50.541,-36.627
240854,0.5867,0.1671,0.5833,-4.1504,52.1895,-36.9922
240877,0.5363,0.1116,0.6437,-4.3125,53.8477,-34.9961
240900,0.5846,0.1234,0.5985,-5.7598,57.4922,-29.291
240923,0.5845,0.1779,0.6542,-7.1973,60.5977,-24.5488
240946,0.5172,0.1932,0.7725,-9.1055,63.998,-17.8848
240969,0.4353,0.235,0.7593,-9.4805,63.998,-13.7324
240992,0.3866,0.3087,0.7872,-8.5254,63.998,-13.002
241015,0.3805,0.3638,0.853,-5.4883,63.998,-15.2773
241038,0.3319,0.3149,0.965,-2.8027,63.998,-19.0625
241061,0.2887,0.3242,0.8805,1.1582,63.998,-28.0527
241084,0.3346,0.3466,0.7187,2.9023,63.998,-40.6484
241107,0.3334,0.3369,0.6566,2.5078,63.998,-50.6836
241130,0.2354,0.2949,0.778,-2.5449,63.998,-64.0
241153,0.1382,0.3009,0.9194,-7.9746,63.998,-64.0
241176,0.1552,0.3604,0.8602,-16.752,63.998,-64.0
241199,0.2382,0.441,0.8831,-21.291,63.998,-64.0
241222,0.1865,0.4056,0.8616,-24.0176,63.998,-64.0
241245,0.1516,0.1917,0.845,-21.5039,63.3066,-64.0
241268,0.0708,0.2327,0.8212,-17.5703,52.6387,-64.0
241291,0.0073,0.2717,0.7747,-9.502,34.8457,-64.0
241314,0.0474,0.3594,0.702,-3.2227,21.1309,-64.0
241337,0.0734,0.4078,0.751,6.7246,-2.8555,-64.0
241360,0.069,0.5107,0.8435,16.2891,-30.2305,-64.0
241383,0.2118,0.6365,0.8975,21.8477,-49.2715,-64.0
241406,0.381,0.7078,1.0494,27.8242,-64.0,-64.0
241429,0.5237,0.5511,1.104,29.2715,-64.0,-64.0
241452,0.4852,0.5233,1.074,25.5039,-64.0,-64.0
241475,0.429,0.4459,1.1107,18.0332,-64.0,-64.0
241498,0.3447,0.3043,1.1359,-0.8398,-64.0,-64.0
241521,0.3065,0.1517,1.0642,-27.0488,-64.0,-64.0
241544,0.3486,0.1177,0.7479,-46.7891,-64.0,-64.0
241567,0.3335,0.1802,0.4347,-64.0,-64.0,-64.0
241590,0.22,-0.1112,0.5621,-64.0,-53.6777,-50.9102
241613,0.069,-0.2223,0.692,-64.0,-17.4922,-12.1602
241636,-0.0616,-0.0013,0.8134,-64.0,19.3359,29.2695
241659,-0.1566,0.1675,0.9792,-64.0,41.5488,55.9316
241682,-0.1669,0.3346,1.0045,-64.0,63.998,63.998
241705,-0.1659,0.2186,1.2053,-64.0,63.998,63.998
241728,-0.1664,0.2262,1.3492,-44.1777,63.998,63.998
241751,-0.0616,0.3466,1.2843,4.7363,55.5664,63.998
241774,0.0444,0.4419,1.1625,34.7695,38.9453,63.998
241797,0.1244,0.4209,1.2214,63.998,13.123,63.998
241820,0.0978,0.3585,1.1987,63.998,-1.541,63.998
241843,0.0549,0.2664,1.0541,63.998,-16.3262,63.998
241866,0.0068,0.1395,0.9407,63.998,-20.4551,27.9512
241889,-0.0636,0.0629,0.9683,45.4063,-16.8594,-0.1367
241912,-0.0569,0.056,0.9028,7.2949,-2.9668,-35.7051
241935,-0.0143,-0.1183,0.8042,-20.9043,10.1484,-52.7129
241958,-0.0074,-0.2173,0.701,-62.4922,30.9668,-64.0
241981,-0.0605,-0.2788,0.7219,-64.0,42.5684,-64.0
242004,-0.012,-0.2463,0.8547,-64.0,51.7695,-57.0547
242027,0.1906,-0.163,1.0247,-64.0,47.1992,-37.6289
242050,0.3402,-0.0266,1.1617,-64.0,35.8867,-22.1445
242073,0.3824,-0.0509,1.3113,-64.0,8.416,0.1641
242096,0.3809,-0.0342,1.2168,-64.0,-14.4199,11.9883
242119,0.2946,-0.0049,1.0836,-44.1348,-49.2246,22.5078
242142,0.2069,-0.0917,0.9762,-7.7734,-64.0,23.8613
242165,0.1514,-0.1072,0.8392,10.9805,-64.0,20.6641
242188,0.178,-0.1084,0.7268,27.4668,-64.0,12.2676
242211,0.2197,-0.0631,0.748,30.7148,-64.0,5.7285
242234,0.2526,0.0265,0.8535,27.1953,-64.0,-3.5059
242257,0.7094,0.4558,1.9988,20.4688,-42.3184,-10.377
242280,0.2744,-0.0398,0.6858,17.3711,-28.5449,-13.0566
242303,0.1112,-0.0479,0.7401,16.9414,-12.7578,-13.6387
242326,0.3416,0.1711,1.1504,18.2832,-4.9414,-11.6074
242349,0.2393,0.0571,0.9331,20.7891,3.9531,-5.459
242372,0.2554,0.0187,0.9628,21.7305,8.7949,0.1543
242395,0.1113,-0.0364,1.0062,20.623,16.2012,9.959
242418,-0.1085,-0.0295,1.1006,15.8613,26.0332,20.6875
242441,-0.1488,-0.0643,1.1112,10.9961,34.6914,28.002
242464,0.0857,-0.0146,1.0104,2.4453,49.8672,38.2949
242487,0.0951,0.0148,1.0005,-3.2441,59.6387,43.8027
242510,-0.0417,-0.0441,1.0537,-10.5625,63.998,48.5996
242533,0.028,-0.0254,1.0189,-15.6699,63.998,48.625
242556,0.0773,-0.0079,0.9855,-17.7773,63.998,46.166
242579,-0.0067,-0.0498,1.0095,-19.3809,63.998,39.5234
242602,-0.1591,-0.0883,1.0544,-19.873,61.0234,33.7441
242625,-0.1506,-0.101,1.037,-20.6563,52.6953,24.1992
242648,-0.0643,-0.0596,0.9794,-22.1445,47.5527,14.7695
242671,-0.2025,-0.0929,1.026,-23.6348,46.4727,8.9551
242694,-0.4387,-0.147,1.1053,-26.6445,48.4785,1.2285
242717,-0.1898,-0.1267,0.9973,-29.0859,51.8555,-3.0059
242740,-0.079,-0.0763,0.9352,-32.8242,57.9395,-7.1348
242763,-0.1578,-0.0773,0.9271,-34.9707,61.2422,-7.9375
242786,-0.3623,-0.2092,0.9711,-37.6445,63.998,-6.0137
242809,-0.4891,-0.2484,1.017,-40.7129,63.998,-0.9375
242832,-0.6635,-0.3768,1.0404,-43.6172,63.998,3.5098
242855,-0.2941,-0.2125,0.9248,-49.0234,63.998,10.5215
242878,-0.4314,-0.2111,0.9701,-52.4004,63.998,14.6953
242901,-0.3794,-0.2367,0.9553,-55.2734,63.998,19.1934
242924,-0.3873,-0.2446,0.9564,-54.1289,63.998,21.0313
242947,-0.4095,-0.2108,0.9611,-50.959,59.6914,20.8008
242970,-0.3958,-0.2286,0.9592,-43.168,45.2031,18.6289
242993,-0.3989,-0.2522,0.9617,-36.5996,34.3594,16.3438
243016,-0.4072,-0.2245,0.9602,-26.041,18.3613,12.4414
243039,-0.3979,-0.2308,0.9594,-16.123,4.707,8.6738
243062,-0.4011,-0.2183,0.9589,-10.4844,-2.3535,6.4648
243085,-0.4106,-0.114,0.9558,-4.0215,-9.4453,3.7832
243108,-0.4,-0.1514,0.9476,-1.209,-11.9023,2.6113
243131,-0.3961,-0.1488,0.9342,0.4258,-12.7012,2.8457
243154,-0.3882,-0.1699,0.921,-0.4844,-11.7363,7.584
243177,-0.3873,-0.1846,0.894,-5.2832,-8.6387,14.2539
243200,-0.6173,-0.251,1.0138,-14.3379,-3.7461,29.793
243223,-0.4775,-0.3311,0.8954,-22.498,0.6504,43.2324
243246,-0.4597,-0.3235,0.9315,-36.8789,8.3887,63.998
243269,-0.4523,-0.2827,0.9233,-46.7988,13.3711,63.998
243292,-0.479,-0.1934,0.9258,-59.6406,19.0195,63.998
243315,-0.4647,-0.2109,0.9229,-64.0,21.4023,63.998
243338,-0.4691,-0.2064,0.9222,-64.0,21.0508,63.998
243361,-0.4685,-0.2073,0.9218,-63.1641,18.0527,63.998
243384,-0.4711,-0.2079,0.9236,-56.5117,14.8711,63.998
243407,-0.4709,-0.2068,0.9224,-43.1816,9.2559,63.998
243430,-0.4706,-0.2067,0.9214,-28.3828,3.6816,40.0566
243453,-0.4681,-0.2065,0.9216,-19.0039,0.4492,24.6055
243476,-0.4692,-0.2064,0.9224,-7.1309,-3.2578,5.2734
243499,-0.4707,-0.2074,0.9246,-1.1914,-4.8691,-4.2812
243522,-0.4705,-0.2073,0.9227,4.4746,-6.0508,-13.2441
243545,-0.4377,-0.2075,0.9226,6.2168,-6.1387,-16.3594
243568,-0.4689,-0.2073,0.9236,6.3535,-5.5234,-15.8711
243591,-0.467,-0.2068,0.9227,4.4453,-4.4023,-12.6016
243614,-0.4696,-0.2068,0.9233,2.5742,-3.5742,-9.4961
243637,-0.4702,-0.2074,0.9231,-0.4238,-2.4375,-4.584
243660,-0.47,-0.2072,0.9215,-2.2402,-1.8379,-1.6445
243683,-0.4701,-0.2074,0.9227,-4.3457,-1.2402,1.7246
243706,-0.4686,-0.207,0.9227,-5.5469,-1.0078,3.6113
243729,-0.4697,-0.2057,0.9214,-5.8594,-1.0254,4.0762
243752,-0.4705,-0.2072,0.922,-5.7344,-1.2324,3.8203
243775,-0.4696,-0.2076,0.9227,-5.3672,-1.4414,3.2012
243798,-0.4681,-0.2068,0.9226,-4.6016,-1.7832,1.9297
243821,-0.4697,-0.2072,0.9208,-3.7891,-2.0898,0.6035
243844,-0.4686,-0.2074,0.9213,-3.3145,-2.25,-0.1641
243867,-0.4708,-0.2073,0.9213,-2.7852,-2.4043,-1.0195
243890,-0.47,-0.207,0.9242,-2.5703,-2.4531,-1.3633
243913,-0.4689,-0.2068,0.9227,-2.4473,-2.4512,-1.5566
243936,-0.4679,-0.2074,0.923,-2.4746,-2.3906,-1.4414
243959,-0.4698,-0.2083,0.9227,-2.6309,-2.332,-1.25
243982,-0.4745,-0.2068,0.9225,-2.8516,-2.2363,-0.8867
244005,-0.4681,-0.2069,0.9221,-3.0,-2.1758,-0.6387
244028,-0.4695,-0.2078,0.9249,-3.1934,-2.1055,-0.3184
244051,-0.4679,-0.2074,0.9252,-3.2891,-2.0742,-0.1562
244074,-0.4719,-0.2062,0.9222,-3.3711,-2.0547,-0.0117
244097,-0.4708,-0.2086,0.9237,-3.3887,-2.0625,0.0254
244120,-0.4729,-0.2074,0.9233,-3.3711,-2.0781,0.002
244143,-0.4692,-0.2069,0.9235,-3.3184,-2.1133,-0.0801
244166,-0.47,-0.2074,0.9232,-3.2734,-2.1367,-0.1504
244189,-0.4684,-0.2078,0.923,-3.207,-2.1719,-0.2559
244212,-0.4711,-0.2063,0.9221,-3.1523,-2.1992,-0.3437
244235,-0.4707,-0.2076,0.9221,-3.125,-2.209,-0.3848
244258,-0.4717,-0.2078,0.9238,-3.1016,-2.2129,-0.4199
244281,-0.47,-0.2072,0.9248,-3.0957,-2.207,-0.4277
244304,-0.4708,-0.2064,0.9219,-3.0977,-2.1934,-0.4199
244327,-0.4725,-0.2076,0.9203,-3.1074,-2.1777,-0.3965
244350,-0.4738,-0.2068,0.9226,-3.127,-2.168,-0.3789
244373,-0.4713,-0.2078,0.9233,-3.1504,-2.1582,-0.3574
244396,-0.4712,-0.207,0.9227,-3.168,-2.1523,-0.3457
244419,-0.4712,-0.2074,0.9214,-3.1914,-2.1504,-0.334
244442,-0.4722,-0.207,0.9218,-3.2031,-2.1504,-0.3301
244465,-0.4717,-0.2073,0.9205,-3.2109,-2.1504,-0.3301
244488,-0.4722,-0.2074,0.9232,-3.2129,-2.1504,-0.332
244511,-0.4706,-0.2058,0.9216,-3.209,-2.1504,-0.3359
244534,-0.4692,-0.2078,0.9221,-3.1973,-2.1445,-0.3418
244557,-0.47,-0.2076,0.9226,-3.1875,-2.1426,-0.3437
244580,-0.4708,-0.207,0.9235,-3.1758,-2.1406,-0.3437
244603,-0.4711,-0.2069,0.922,-3.1641,-2.1426,-0.3457
244626,-0.4694,-0.2076,0.9232,-3.1602,-2.1445,-0.3477
244649,-0.4695,-0.2065,0.9231,-3.1582,-2.1484,-0.3516
244672,-0.4692,-0.2076,0.9233,-3.1582,-2.1543,-0.3535
244695,-0.4698,-0.208,0.9204,-3.1621,-2.166,-0.3516
244718,-0.4706,-0.2073,0.9214,-3.168,-2.1777,-0.3457
244741,-0.4707,-0.2076,0.9221,-3.1699,-2.1855,-0.3398
244764,-0.47,-0.2068,0.922,-3.1738,-2.1934,-0.3301
244787,-0.4691,-0.2078,0.923,-3.1758,-2.1953,-0.3262
244810,-0.4706,-0.207,0.9221,-3.1758,-2.1973,-0.3223
244833,-0.4706,-0.2075,0.9227,-3.1758,-2.1973,-0.3223
244856,-0.4709,-0.2073,0.9209,-3.1699,-2.1953,-0.3223
244879,-0.4709,-0.2074,0.9222,-3.166,-2.1914,-0.3223
244902,-0.4711,-0.2069,0.9222,-3.1641,-2.1875,-0.3223
244925,-0.4696,-0.207,0.922,-3.1621,-2.1797,-0.3262
244948,-0.4711,-0.2073,0.9226,-3.1621,-2.1758,-0.3301
244971,-0.4713,-0.2075,0.9202,-3.1621,-2.1699,-0.3398
244994,-0.4714,-0.2076,0.9216,-3.1641,-2.1621,-0.3496
245017,-0.4694,-0.2072,0.9214,-3.166,-2.1582,-0.3555
245040,-0.4706,-0.2074,0.921,-3.1719,-2.1543,-0.3613
245063,-0.469,-0.2072,0.9209,-3.1758,-2.1523,-0.3633
245086,-0.4684,-0.208,0.922,-3.1816,-2.1523,-0.3633
245109,-0.4703,-0.207,0.9207,-3.1836,-2.1582,-0.3594
245132,-0.4701,-0.2063,0.9219,-3.1836,-2.1621,-0.3574
245155,-0.4701,-0.2079,0.9205,-3.1777,-2.1699,-0.3535
245178,-0.4719,-0.207,0.924,-3.1738,-2.1719,-0.3516
245201,-0.4698,-0.2054,0.9236,-3.1699,-2.1738,-0.3457
245224,-0.4686,-0.2081,0.9214,-3.168,-2.1758,-0.3398
245247,-0.4725,-0.2069,0.922,-3.168,-2.1777,-0.3301
245270,-0.4728,-0.207,0.921,-3.1699,-2.1816,-0.3203
245293,-0.4727,-0.2073,0.922,-3.1719,-2.1816,-0.3145
245316,-0.4719,-0.2085,0.9219,-3.1738,-2.1836,-0.3086
245339,-0.4714,-0.2072,0.9232,-3.1738,-2.1816,-0.3047
245362,-0.4705,-0.207,0.9221,-3.1758,-2.1758,-0.3008
245385,-0.4681,-0.2079,0.9231,-3.1777,-2.1699,-0.3008
245408,-0.4711,-0.207,0.9242,-3.1758,-2.166,-0.3008
245431,-0.4706,-0.2072,0.9243,-3.1719,-2.1602,-0.3027
245454,-0.4697,-0.2081,0.9238,-3.1699,-2.1582,-0.3047
245477,-0.4712,-0.2069,0.9222,-3.166,-2.1562,-0.3105
245500,-0.4706,-0.2072,0.9237,-3.1621,-2.1562,-0.3184
245523,-0.4702,-0.2083,0.9211,-3.1602,-2.1562,-0.3223
245546,-0.4714,-0.2074,0.9236,-3.1562,-2.1582,-0.3301
245569,-0.4711,-0.2064,0.9219,-3.1543,-2.1621,-0.332
245592,-0.4708,-0.2081,0.9229,-3.1543,-2.168,-0.334
245615,-0.4692,-0.207,0.9229,-3.1562,-2.1738,-0.332
245638,-0.4691,-0.2072,0.9233,-3.1562,-2.1816,-0.3281
245661,-0.4694,-0.2073,0.9236,-3.1543,-2.1855,-0.3203
245684,-0.4712,-0.2085,0.9219,-3.1523,-2.1875,-0.3145
245707,-0.4719,-0.2073,0.924,-3.1523,-2.1855,-0.3008
245730,-0.4689,-0.207,0.9238,-3.1523,-2.1836,-0.291
245753,-0.4696,-0.2076,0.9218,-3.1543,-2.1777,-0.2812
245776,-0.4695,-0.2076,0.9229,-3.1582,-2.1738,-0.2793
245799,-0.4711,-0.2076,0.9237,-3.1621,-2.1699,-0.2832
245822,-0.4697,-0.208,0.923,-3.168,-2.166,-0.293
245845,-0.4706,-0.2076,0.9233,-3.1738,-2.1641,-0.3027
245868,-0.4696,-0.2074,0.9244,-3.1836,-2.1602,-0.3184
245891,-0.4705,-0.2072,0.9249,-3.1934,-2.1602,-0.334
245914,-0.469,-0.2067,0.9226,-3.1973,-2.1602,-0.3418
245937,-0.4712,-0.208,0.9233,-3.2031,-2.1641,-0.3496
245960,-0.4707,-0.2065,0.9248,-3.207,-2.166,-0.3516
245983,-0.4697,-0.2076,0.9244,-3.2051,-2.1699,-0.3535
246006,-0.4697,-0.2075,0.9227,-3.2031,-2.1738,-0.3535
246029,-0.4709,-0.2079,0.9213,-3.1992,-2.1777,-0.3516
246052,-0.4706,-0.2075,0.9215,-3.1914,-2.1797,-0.3516
246075,-0.4701,-0.2069,0.9226,-3.1855,-2.1797,-0.3496
246098,-0.4703,-0.2074,0.9224,-3.1777,-2.1758,-0.3437
246121,-0.4696,-0.2074,0.9224,-3.1719,-2.1738,-0.3398
246144,-0.4689,-0.2068,0.923,-3.1641,-2.168,-0.332
246167,-0.4705,-0.2067,0.9213,-3.1602,-2.1641,-0.3262
246190,-0.4705,-0.207,0.9191,-3.1582,-2.1602,-0.3242
246213,-0.47,-0.2084,0.9218,-3.1562,-2.1582,-0.3223
246236,-0.4689,-0.2068,0.9227,-3.1562,-2.1582,-0.3242
246259,-0.4694,-0.2074,0.9247,-3.1582,-2.1582,-0.3301
246282,-0.4702,-0.2073,0.9222,-3.1621,-2.1602,-0.3379
246305,-0.4697,-0.2054,0.9222,-3.166,-2.1621,-0.3418
246328,-0.4701,-0.208,0.9225,-3.1699,-2.1641,-0.3457
246351,-0.4692,-0.2073,0.9243,-3.1738,-2.166,-0.3437
246374,-0.4703,-0.2072,0.9226,-3.1738,-2.168,-0.3398
246397,-0.4705,-0.2075,0.9231,-3.1738,-2.1719,-0.332
246420,-0.4703,-0.2094,0.924,-3.1699,-2.1758,-0.3281
246443,-0.4702,-0.2072,0.9219,-3.168,-2.1836,-0.3203
246466,-0.4687,-0.2072,0.9232,-3.166,-2.1875,-0.3164
246489,-0.4691,-0.2073,0.9229,-3.1641,-2.1953,-0.3066
246512,-0.4694,-0.2069,0.9236,-3.1641,-2.1973,-0.2988
246535,-0.47,-0.207,0.9226,-3.1621,-2.2012,-0.2871
246558,-0.4705,-0.2076,0.9227,-3.1582,-2.1992,-0.2754
246581,-0.4695,-0.2081,0.9224,-3.1562,-2.1973,-0.2695
246604,-0.4706,-0.2081,0.9224,-3.1523,-2.1914,-0.2617
246627,-0.4695,-0.2074,0.9224,-3.1523,-2.1875,-0.2578
246650,-0.4689,-0.2087,0.9225,-3.1523,-2.1816,-0.2539
246673,-0.4687,-0.2072,0.9226,-3.1543,-2.1777,-0.2539
246696,-0.4698,-0.2079,0.9204,-3.1562,-2.1758,-0.2578
246719,-0.4707,-0.2067,0.9202,-3.1582,-2.1738,-0.2676
246742,-0.4698,-0.2078,0.9218,-3.1582,-2.1738,-0.2773
246765,-0.4701,-0.2078,0.923,-3.1562,-2.1758,-0.2949
246788,-0.4686,-0.2092,0.923,-3.1543,-2.1797,-0.3105
246811,-0.4701,-0.2074,0.9233,-3.1523,-2.1816,-0.3203
246834,-0.4707,-0.2076,0.9222,-3.1543,-2.1816,-0.3301
246857,-0.4712,-0.208,0.9218,-3.1562,-2.1797,-0.332
246880,-0.47,-0.2076,0.9242,-3.1602,-2.1738,-0.3301
246903,-0.4697,-0.2069,0.9229,-3.1621,-2.1699,-0.3242
246926,-0.4694,-0.2072,0.9235,-3.166,-2.166,-0.3145
246949,-0.4696,-0.2076,0.9209,-3.1699,-2.166,-0.3047
246972,-0.4707,-0.2083,0.9224,-3.1758,-2.166,-0.3008
246995,-0.4708,-0.2076,0.9211,-3.1836,-2.1641,-0.3027
247018,-0.4692,-0.2078,0.9241,-3.1914,-2.1621,-0.3066
247041,-0.4686,-0.2075,0.9237,-3.1992,-2.1582,-0.3164
247064,-0.4695,-0.208,0.9235,-3.2031,-2.1543,-0.3301
247087,-0.4708,-0.2079,0.9227,-3.2031,-2.1543,-0.3398
247110,-0.4706,-0.2072,0.9221,-3.1992,-2.1523,-0.3496
247133,-0.4698,-0.207,0.922,-3.1953,-2.1504,-0.3535
247156,-0.469,-0.2079,0.9219,-3.1895,-2.1504,-0.3535
247179,-0.4694,-0.2074,0.9227,-3.1855,-2.1504,-0.3516
247202,-0.4702,-0.2076,0.9222,-3.1816,-2.1523,-0.3477
247225,-0.4698,-0.207,0.9222,-3.1777,-2.1562,-0.3398
247248,-0.4703,-0.2083,0.9214,-3.1758,-2.1602,-0.334
247271,-0.4678,-0.2072,0.9218,-3.1719,-2.1621,-0.3242
247294,-0.469,-0.2069,0.9218,-3.1699,-2.1641,-0.3164
247317,-0.4706,-0.2069,0.9213,-3.168,-2.168,-0.3105
247340,-0.4705,-0.207,0.9222,-3.166,-2.1699,-0.3086
247363,-0.4703,-0.2072,0.9207,-3.166,-2.168,-0.3086
247386,-0.4684,-0.2072,0.9216,-3.1641,-2.1641,-0.3164
247409,-0.4706,-0.2075,0.9219,-3.1641,-2.1602,-0.3203
247432,-0.47,-0.2072,0.9211,-3.1621,-2.1543,-0.3281
247455,-0.4712,-0.2073,0.9219,-3.1641,-2.1504,-0.332
247478,-0.4709,-0.2075,0.9219,-3.168,-2.1504,-0.334
247501,-0.4698,-0.2073,0.9208,-3.1738,-2.1562,-0.332
247524,-0.4692,-0.2074,0.9221,-3.1758,-2.1602,-0.3281
247547,-0.469,-0.2073,0.9219,-3.1797,-2.168,-0.3223
247570,-0.4705,-0.207,0.9194,-3.1758,-2.1777,-0.3145
247593,-0.4719,-0.2079,0.9229,-3.1719,-2.1836,-0.3086
247616,-0.4713,-0.2079,0.9215,-3.166,-2.1895,-0.3027
247639,-0.4701,-0.2067,0.9218,-3.1602,-2.1914,-0.3008
247662,-0.4696,-0.2065,0.9208,-3.1562,-2.1895,-0.2988
247685,-0.4691,-0.2069,0.9218,-3.1543,-2.1855,-0.2969
247708,-0.4694,-0.2073,0.9208,-3.1543,-2.1777,-0.2949
247731,-0.4703,-0.2072,0.9221,-3.1562,-2.1699,-0.293
247754,-0.4697,-0.2075,0.9221,-3.1602,-2.168,-0.291
247777,-0.4683,-0.2074,0.9221,-3.1641,-2.1641,-0.291
247800,-0.4674,-0.2073,0.9214,-3.168,-2.1621,-0.291
247823,-0.4667,-0.2078,0.9196,-3.1738,-2.1621,-0.293
247846,-0.4701,-0.2068,0.9226,-3.1816,-2.1641,-0.2988
247869,-0.4705,-0.2075,0.9205,-3.1855,-2.166,-0.3027
247892,-0.47,-0.2079,0.9216,-3.1934,-2.166,-0.3086
247915,-0.4696,-0.2073,0.9213,-3.1953,-2.166,-0.3125
247938,-0.4691,-0.2074,0.9207,-3.1973,-2.1641,-0.3164
247961,-0.4679,-0.2078,0.9226,-3.1973,-2.1621,-0.3184
247984,-0.4694,-0.2073,0.9219,-3.1953,-2.1602,-0.3184
248007,-0.4717,-0.2068,0.9215,-3.1934,-2.1562,-0.3145
248030,-0.4702,-0.2075,0.9202,-3.1934,-2.1543,-0.3125
248053,-0.4717,-0.2067,0.9209,-3.1914,-2.1504,-0.3047
248076,-0.4708,-0.2069,0.9232,-3.1914,-2.1465,-0.2988
248099,-0.4697,-0.2068,0.9215,-3.1895,-2.1445,-0.293
248122,-0.4702,-0.2078,0.9205,-3.1836,-2.1445,-0.2871
248145,-0.4723,-0.2075,0.9221,-3.1816,-2.1484,-0.2832
248168,-0.4714,-0.2074,0.9208,-3.1758,-2.1543,-0.2793
248191,-0.4719,-0.2079,0.9203,-3.1738,-2.1602,-0.2812
248214,-0.4664,-0.2087,0.9232,-3.1699,-2.1699,-0.2871
248237,-0.4689,-0.2054,0.9216,-3.168,-2.1836,-0.2969
248260,-0.4716,-0.2083,0.9226,-3.166,-2.1934,-0.3047
248283,-0.4709,-0.2092,0.9227,-3.1621,-2.2109,-0.3145
248306,-0.4692,-0.2059,0.9175,-3.1621,-2.2227,-0.3223
248329,-0.4692,-0.207,0.9205,-3.1641,-2.2363,-0.3281
248352,-0.469,-0.209,0.9208,-3.168,-2.2402,-0.332
248375,-0.4709,-0.2063,0.9218,-3.1719,-2.2402,-0.332
248398,-0.469,-0.2065,0.921,-3.1738,-2.2324,-0.3281
248421,-0.4701,-0.2086,0.9196,-3.1758,-2.2246,-0.3262
248444,-0.4695,-0.207,0.9218,-3.1758,-2.2109,-0.3203
248467,-0.4687,-0.2064,0.9226,-3.1738,-2.2012,-0.3145
248490,-0.4698,-0.2085,0.9216,-3.168,-2.1934,-0.3145
248513,-0.4695,-0.209,0.9211,-3.1602,-2.1836,-0.3164
248536,-0.4714,-0.2042,0.9204,-3.1562,-2.1738,-0.3203
248559,-0.4691,-0.2091,0.9204,-3.1523,-2.1602,-0.3301
248582,-0.4703,-0.2076,0.9216,-3.1504,-2.1504,-0.3379
248605,-0.4723,-0.2057,0.9232,-3.1523,-2.1387,-0.3477
248628,-0.4711,-0.209,0.9233,-3.1582,-2.1328,-0.3535
248651,-0.4695,-0.2092,0.9204,-3.1621,-2.1309,-0.3555
248674,-0.4708,-0.2062,0.9232,-3.1699,-2.1328,-0.3516
248697,-0.47,-0.2074,0.9233,-3.1758,-2.1367,-0.3437
248720,-0.4731,-0.2095,0.9242,-3.1816,-2.1504,-0.332
248743,-0.4711,-0.2065,0.9236,-3.1875,-2.1641,-0.3223
248766,-0.4702,-0.2078,0.922,-3.1895,-2.1699,-0.3164
248789,-0.4697,-0.209,0.9231,-3.1914,-2.1758,-0.3125
248812,-0.4713,-0.2075,0.9248,-3.1914,-2.1738,-0.3125
248835,-0.4692,-0.2051,0.9237,-3.1895,-2.1719,-0.3145
248858,-0.4706,-0.2089,0.9221,-3.1855,-2.168,-0.3164
248881,-0.47,-0.2064,0.9232,-3.1777,-2.166,-0.3184
248904,-0.4703,-0.2064,0.9218,-3.1699,-2.168,-0.3203
248927,-0.4702,-0.2089,0.9215,-3.166,-2.1719,-0.3242
248950,-0.4703,-0.2076,0.9202,-3.1602,-2.1777,-0.3281
248973,-0.4696,-0.2056,0.9213,-3.1582,-2.1836,-0.332
248996,-0.4679,-0.207,0.9213,-3.1562,-2.1895,-0.3379
249019,-0.4702,-0.2075,0.9219,-3.1543,-2.1934,-0.3418
249042,-0.4708,-0.2063,0.921,-3.1523,-2.1934,-0.3418
249065,-0.4714,-0.2068,0.9225,-3.1543,-2.1895,-0.3418
249088,-0.4686,-0.2085,0.9202,-3.1562,-2.1875,-0.3418
249111,-0.4685,-0.2069,0.9209,-3.1602,-2.1816,-0.3437
249134,-0.4689,-0.2064,0.9202,-3.168,-2.1777,-0.3496
249157,-0.4701,-0.2085,0.9183,-3.1738,-2.1758,-0.3516
249180,-0.47,-0.2076,0.9218,-3.1816,-2.1738,-0.3535
249203,-0.4696,-0.207,0.9211,-3.1855,-2.1719,-0.3535
249226,-0.4685,-0.2086,0.9207,-3.1875,-2.168,-0.3516
249249,-0.4697,-0.2068,0.9199,-3.1836,-2.168,-0.3437
249272,-0.4703,-0.2072,0.9221,-3.1797,-2.168,-0.3379
249295,-0.4711,-0.2078,0.9216,-3.1738,-2.168,-0.3281
249318,-0.4705,-0.2072,0.9224,-3.168,-2.168,-0.3203
249341,-0.4717,-0.2064,0.9218,-3.1582,-2.168,-0.3105
249364,-0.4687,-0.2078,0.9214,-3.1523,-2.168,-0.3027
249387,-0.47,-0.2072,0.9208,-3.1465,-2.166,-0.293
249410,-0.4695,-0.2069,0.9215,-3.1445,-2.1641,-0.2852
249433,-0.4711,-0.2075,0.9207,-3.1465,-2.1621,-0.2793
249456,-0.4747,-0.2069,0.9249,-3.1523,-2.1602,-0.2754
249479,-0.4636,-0.2084,0.9227,-3.1621,-2.1562,-0.2773
249502,-0.4727,-0.2074,0.9197,-3.1895,-2.1562,-0.2949
249525,-0.4701,-0.2073,0.9213,-3.2422,-2.1758,-0.3301
249548,-0.47,-0.2076,0.9227,-3.2891,-2.1953,-0.3613
249571,-0.4696,-0.2078,0.9196,-3.3711,-2.2285,-0.4062
249594,-0.4694,-0.2075,0.9202,-3.4219,-2.2422,-0.4297
249617,-0.4703,-0.2068,0.9208,-3.4766,-2.2344,-0.4414
249640,-0.4725,-0.2067,0.922,-3.4844,-2.1797,-0.4219
249663,-0.4705,-0.2069,0.9207,-3.4609,-2.125,-0.3926
249686,-0.4692,-0.208,0.9231,-3.4004,-2.0371,-0.3398
249709,-0.4697,-0.2064,0.9203,-3.3516,-1.9863,-0.3066
249732,-0.4709,-0.2075,0.9202,-3.2812,-1.9355,-0.2656
249755,-0.4703,-0.2084,0.9238,-3.2402,-1.9199,-0.248
249778,-0.4709,-0.2073,0.922,-3.1914,-1.9277,-0.2383
249801,-0.4668,-0.2065,0.9194,-3.1582,-1.9648,-0.2441
249824,-0.4697,-0.2079,0.9207,-3.1465,-2.002,-0.2539
249847,-0.4711,-0.2076,0.9231,-3.1426,-2.0625,-0.2734
249870,-0.4718,-0.2064,0.9199,-3.1465,-2.1016,-0.2871
249893,-0.4695,-0.2074,0.9204,-3.1562,-2.1504,-0.3066
249916,-0.4703,-0.208,0.9205,-3.168,-2.1816,-0.3223
249939,-0.4695,-0.2072,0.9209,-3.1758,-2.1914,-0.3301
249962,-0.4724,-0.2076,0.9202,-3.1836,-2.1914,-0.3359
249985,-0.4707,-0.2075,0.9198,-3.1875,-2.1816,-0.3359
250008,-0.4692,-0.2078,0.921,-3.1855,-2.1621,-0.332
250031,-0.4666,-0.2069,0.9235,-3.1797,-2.1406,-0.3203
250054,-0.4701,-0.2067,0.9216,-3.1738,-2.1309,-0.3105
250077,-0.4716,-0.2081,0.9209,-3.168,-2.125,-0.2969
250100,-0.474,-0.208,0.9222,-3.1641,-2.125,-0.2891
250123,-0.4725,-0.2083,0.9208,-3.1621,-2.1289,-0.2812
250146,-0.4698,-0.2078,0.9215,-3.1621,-2.1348,-0.2773
250169,-0.4669,-0.2072,0.9218,-3.1621,-2.1445,-0.2773
250192,-0.469,-0.2076,0.9221,-3.1621,-2.1562,-0.2793
250215,-0.4703,-0.2083,0.9215,-3.1621,-2.1641,-0.2832
250238,-0.4724,-0.2072,0.9207,-3.1602,-2.1719,-0.2949
250261,-0.4696,-0.2074,0.9207,-3.1582,-2.1738,-0.3027
250284,-0.4703,-0.2076,0.9216,-3.1543,-2.1738,-0.3164
250307,-0.4677,-0.2072,0.9205,-3.1523,-2.168,-0.3262
250330,-0.4702,-0.2072,0.9214,-3.1523,-2.1621,-0.332
250353,-0.4705,-0.2075,0.9205,-3.1484,-2.1523,-0.332
250376,-0.4709,-0.2084,0.922,-3.1465,-2.1426,-0.3301
250399,-0.4695,-0.2078,0.922,-3.1406,-2.1328,-0.3242
250422,-0.469,-0.2075,0.9211,-3.1367,-2.1289,-0.3164
250445,-0.468,-0.2076,0.9205,-3.1348,-2.1309,-0.3105
250468,-0.4694,-0.2065,0.9208,-3.1348,-2.1387,-0.3047
250491,-0.4696,-0.209,0.9216,-3.1367,-2.1484,-0.3027
250514,-0.4712,-0.2083,0.92,-3.1426,-2.1621,-0.3008
250537,-0.467,-0.2067,0.9219,-3.1445,-2.1719,-0.3008
250560,-0.4695,-0.2081,0.921,-3.1504,-2.1855,-0.3027
250583,-0.4672,-0.2078,0.9233,-3.1562,-2.1973,-0.3066
250606,-0.474,-0.2058,0.9207,-3.1602,-2.2012,-0.3125
250629,-0.4712,-0.2079,0.9215,-3.1641,-2.2031,-0.3242
250652,-0.4714,-0.2083,0.9209,-3.1641,-2.2012,-0.332
250675,-0.4692,-0.2061,0.9213,-3.1602,-2.1934,-0.3418
250698,-0.4691,-0.2067,0.9222,-3.1543,-2.1855,-0.3535
250721,-0.4691,-0.2095,0.9235,-3.1504,-2.1816,-0.3574
250744,-0.4694,-0.2081,0.9229,-3.1426,-2.1797,-0.3633
250767,-0.4711,-0.2054,0.9215,-3.1387,-2.1777,-0.3633
250790,-0.4707,-0.209,0.9232,-3.1367,-2.1797,-0.3633
250813,-0.4692,-0.2087,0.9232,-3.1367,-2.1855,-0.3574
250836,-0.469,-0.2062,0.9242,-3.1367,-2.1914,-0.3496
250859,-0.4702,-0.2078,0.9232,-3.1387,-2.1992,-0.3359
250882,-0.4714,-0.2086,0.9215,-3.1406,-2.2051,-0.3242
250905,-0.4698,-0.2065,0.9232,-3.1426,-2.209,-0.3086
250928,-0.4697,-0.2068,0.9233,-3.1445,-2.2109,-0.2969
250951,-0.47,-0.2079,0.9232,-3.1484,-2.2109,-0.291
250974,-0.4697,-0.2076,0.9218,-3.1562,-2.2109,-0.2852
250997,-0.4711,-0.2065,0.9216,-3.1621,-2.2109,-0.2871
251020,-0.4714,-0.208,0.9207,-3.168,-2.209,-0.293
251043,-0.4733,-0.207,0.9215,-3.1738,-2.2051,-0.2988
251066,-0.4689,-0.2062,0.9211,-3.1777,-2.1992,-0.3105
251089,-0.4694,-0.2084,0.9241,-3.1816,-2.1914,-0.3242
251112,-0.468,-0.2075,0.9236,-3.1836,-2.1855,-0.3301
251135,-0.4717,-0.2064,0.9222,-3.1836,-2.1777,-0.3379
251158,-0.47,-0.2072,0.9196,-3.1816,-2.1738,-0.3418
251181,-0.4706,-0.2075,0.9213,-3.1797,-2.1641,-0.3418
251204,-0.4678,-0.2058,0.9203,-3.1738,-2.1543,-0.3359
251227,-0.4692,-0.2067,0.9218,-3.1699,-2.1484,-0.3301
251250,-0.4679,-0.2079,0.9226,-3.166,-2.1426,-0.3223
251273,-0.4708,-0.2076,0.922,-3.1641,-2.1367,-0.3184
251296,-0.4709,-0.2059,0.9216,-3.168,-2.1328,-0.3145
251319,-0.47,-0.208,0.9218,-3.1738,-2.1309,-0.3145
251342,-0.4702,-0.2079,0.9232,-3.1816,-2.1309,-0.3145
251365,-0.4707,-0.2076,0.9227,-3.1895,-2.1328,-0.3145
251388,-0.4691,-0.2079,0.9218,-3.1934,-2.1387,-0.3145
251411,-0.4697,-0.2081,0.9226,-3.1973,-2.1465,-0.3164
251434,-0.4219,-0.3149,0.9349,-3.1992,-2.1543,-0.3203
251457,-0.3323,-0.2334,0.9835,-3.1328,-2.1602,-0.4648
251480,-0.4486,-0.2344,0.9178,-2.4062,-2.0469,-1.7969
251503,-0.3774,-0.2935,0.8792,-1.1816,-1.2891,-4.041
251526,-0.5507,0.0024,0.7791,1.3867,3.1777,-9.0312
251549,-1.0439,-0.1937,0.6681,3.0332,9.5605,-12.6699
251572,-1.1344,-0.2708,0.504,4.293,24.8867,-16.7266
251595,-1.0531,-0.2472,0.3549,3.0059,45.6426,-16.3301
251618,-0.9866,-0.0692,0.4866,0.7305,60.1484,-12.5137
251641,-0.9182,0.0111,0.3363,-3.377,63.998,-1.6895
251664,-1.1219,-0.0721,0.4023,-5.4687,63.998,8.1504
251687,-1.0613,0.1522,0.299,-5.959,63.998,25.293
251710,-1.0103,0.1097,0.2914,-1.8164,63.998,43.9473
251733,-0.939,0.0734,0.3365,3.9629,63.998,56.6836
251756,-0.9539,0.1956,0.2501,17.1621,63.998,63.998
251779,-0.9664,0.2445,0.1624,28.5449,63.998,63.998
251802,-1.1759,0.178,0.0486,47.9551,63.998,63.998
251825,-1.3,0.103,0.0569,61.1992,63.998,63.998
251848,-1.4335,0.1216,0.2467,63.998,63.998,63.998
251871,-1.2782,0.1753,0.162,63.998,63.998,63.998
251894,-0.9088,0.0963,-0.1605,63.998,63.998,63.998
251917,-0.7224,0.1272,-0.2402,63.998,63.998,63.998
251940,-0.7792,0.1002,-0.3306,63.998,63.998,63.998
251963,-0.7828,0.1068,-0.4001,63.998,63.998,47.9395
251986,-0.793,0.1432,-0.3705,63.998,63.998,19.3203
252009,-0.8212,0.1185,-0.3932,63.998,63.998,3.6367
252032,-0.7122,0.1814,-0.6099,63.998,63.998,-11.3945
252055,-0.5831,0.1194,-0.725,59.5078,63.998,-15.0918
252078,-0.4456,0.1543,-0.6536,47.7461,63.998,-12.5273
252101,-0.2555,0.2159,-0.6139,37.5371,63.998,-4.2852
252124,-0.0632,0.2373,-0.7791,31.9473,63.998,1.6094
252147,0.0653,0.178,-0.7758,25.5156,63.998,7.3301
252170,0.0864,0.2351,-0.7404,22.3516,63.998,7.6855
252193,0.0281,0.2061,-0.8344,18.9824,63.998,2.6152
252216,-0.0338,0.1467,-0.9297,17.418,63.998,-7.2988
252239,-0.0905,0.1504,-0.8905,15.5801,63.998,-14.9102
252262,-0.1326,0.1235,-0.8202,14.1426,63.998,-25.2773
252285,-0.1083,0.089,-0.8036,13.541,63.998,-30.3867
252308,-0.0426,0.0939,-0.7734,13.3945,63.998,-34.4531
252331,-0.0304,0.0803,-0.8005,13.7695,63.998,-34.7793
252354,-0.054,0.0826,-0.8416,14.6016,63.998,-32.2676
252377,-0.0671,0.1019,-0.8898,14.9648,63.998,-27.1719
252400,-0.0006,0.1023,-0.896,14.5625,63.998,-23.0059
252423,0.0533,0.1298,-0.8876,12.7168,63.5293,-16.7891
252446,0.083,0.1427,-0.8995,10.7207,60.8867,-13.3652
252469,0.0973,0.1174,-0.9171,6.9434,57.0977,-10.2109
252492,0.0774,0.0881,-0.8833,2.7676,53.127,-9.8281
252515,0.0718,0.0992,-0.8472,0.0664,50.4355,-10.916
252538,0.0796,0.1151,-0.8907,-3.416,46.2031,-13.752
252561,0.1001,0.0989,-0.9425,-5.1836,42.9551,-15.8711
252584,0.0942,0.0747,-0.8939,-6.9258,37.0762,-18.5195
252607,0.0725,0.0892,-0.8085,-7.4824,30.0156,-19.8418
252630,0.0713,0.1082,-0.8341,-7.377,24.8906,-19.7969
252653,0.0459,0.0823,-0.9253,-6.2988,16.6426,-18.3652
252676,0.0363,0.0914,-0.9473,-5.3164,11.1777,-16.6406
252699,0.0275,0.0895,-0.92,-3.9082,3.7754,-13.2793
252722,0.0391,0.1084,-0.915,-3.1523,-0.2871,-10.793
252745,0.0404,0.1152,-0.9589,-2.3418,-4.7422,-7.1777
252768,0.0431,0.0966,-0.9658,-1.8848,-7.1016,-4.2109
252791,0.0254,0.083,-0.9113,-1.709,-7.5527,-2.7969
252814,0.0398,0.0979,-0.8682,-1.3867,-6.8926,-1.625
252837,0.0432,0.0931,-0.9159,-0.9766,-5.873,-1.4551
252860,0.0403,0.0809,-0.9391,-0.0098,-3.9199,-1.9922
252883,0.0485,0.0847,-0.9047,1.166,-1.7852,-3.2207
252906,0.0443,0.0814,-0.903,1.9648,-0.4258,-4.2578
252929,0.0388,0.0623,-0.9043,3.1191,1.4297,-5.9043
252952,0.0436,0.0752,-0.8799,3.8203,2.6035,-6.9473
252975,0.0574,0.083,-0.8662,4.7344,4.3066,-8.3398
252998,0.0596,0.0654,-0.8986,5.2227,5.8711,-9.5508
253021,0.0577,0.0444,-0.8654,5.6348,6.8984,-10.3516
253044,0.076,0.0787,-0.7788,5.5195,8.8203,-11.8379
253067,0.1217,0.0848,-0.848,5.1211,10.6621,-13.2754
253090,0.1538,0.0785,-0.9133,3.9043,14.4883,-16.457
253113,0.1882,0.0861,-0.9377,2.5352,17.623,-19.2988
253136,0.194,0.0994,-0.937,-0.418,22.5781,-24.3242
253159,0.1655,0.1016,-0.915,-4.0176,26.748,-29.3359
253182,0.1361,0.1084,-0.9136,-6.3613,28.4941,-31.9824
253205,0.1461,0.105,-0.9126,-9.1484,28.9023,-33.9492
253228,0.1593,0.1031,-0.9132,-10.2695,27.5449,-33.6172
253251,0.1519,0.0957,-0.8931,-10.6699,23.2578,-30.6816
253274,0.1199,0.0874,-0.8735,-9.6406,17.041,-25.4063
253297,0.1093,0.0815,-0.8718,-8.3574,12.416,-21.0703
253320,0.1439,0.0906,-0.8733,-5.9609,5.6328,-14.1758
253343,0.1519,0.0824,-0.8718,-4.3105,1.6152,-9.8125
253366,0.1216,0.0858,-0.8646,-2.1621,-3.1816,-4.291
253389,0.1047,0.0939,-0.8942,-0.623,-6.2773,-0.3965
253412,0.1033,0.0844,-0.929,-0.3457,-7.4453,1.2656
253435,0.1063,0.0922,-0.9346,-0.5879,-8.043,2.5137
253458,0.104,0.0897,-0.9215,-1.252,-7.832,2.6602
253481,0.1165,0.0975,-0.8948,-2.6797,-6.9434,2.1426
253504,0.1394,0.0999,-0.8728,-3.668,-6.1836,1.4707
253527,0.1488,0.1078,-0.8519,-4.8184,-5.1641,0.207
253550,0.1384,0.1047,-0.8447,-5.3398,-4.7148,-1.1172
253573,0.1121,0.0876,-0.8361,-5.3574,-4.9199,-1.8926
253596,0.0897,0.0995,-0.8075,-5.1406,-6.2148,-2.6973
253619,0.0676,0.1306,-0.9072,-5.0371,-7.9062,-2.9062
253642,0.0405,0.1,-0.9349,-5.3965,-11.832,-2.6562
253665,0.0016,0.1155,-0.976,-6.873,-16.8984,-1.7637
253688,-0.0225,0.1005,-0.9819,-8.5625,-20.3613,-0.8984
253711,0.0283,0.1245,-0.9286,-11.7773,-24.7969,0.5234
253734,0.0658,0.1323,-0.8782,-13.9141,-26.8672,1.2988
253757,0.0673,0.1283,-0.8442,-16.2168,-28.3828,1.75
253780,0.0516,0.1145,-0.8075,-16.748,-28.1426,1.1289
253803,0.0341,0.076,-0.7709,-16.0762,-27.3164,0.2246
253826,0.0093,0.0546,-0.5944,-13.998,-26.0332,-1.4531
253849,-0.0481,0.1205,-0.5039,-12.3652,-26.123,-2.5352
253872,-0.1002,0.2344,-0.5577,-10.7266,-29.7266,-3.7227
253895,-0.2255,0.4269,-0.8577,-11.2461,-35.2598,-3.9395
253918,-0.3947,0.3347,-1.0148,-16.4766,-48.4004,-2.3926
253941,-0.4772,0.2635,-1.0613,-28.3379,-64.0,3.1738
253964,-0.5103,0.3855,-0.8958,-39.7246,-64.0,9.7754
253987,-0.4344,0.4789,-0.7401,-60.2734,-64.0,23.5176
254010,-0.4316,0.4799,-0.6337,-64.0,-64.0,34.1758
254033,-0.4526,0.436,-0.4655,-64.0,-64.0,50.2168
254056,-0.4253,0.5901,-0.3569,-64.0,-64.0,63.998
254079,-0.4513,0.733,-0.4376,-64.0,-64.0,63.998
254102,-0.578,0.5577,-0.4624,-64.0,-64.0,63.998
254125,-0.5818,0.4567,-0.2164,-64.0,-64.0,63.998
254148,-0.4298,0.6299,-0.1334,-64.0,-64.0,63.998
254171,-0.4049,0.85,-0.1361,-64.0,-64.0,63.998
254194,-0.4437,0.707,-0.1525,-64.0,-64.0,63.998
254217,-0.4685,0.646,-0.0259,-64.0,-64.0,63.998
254240,-0.3723,0.7648,0.0425,-64.0,-64.0,63.998
254263,-0.3132,0.9535,-0.1074,-64.0,-64.0,63.998
254286,-0.2781,0.6964,-0.1699,-64.0,-64.0,63.998
254309,-0.1639,0.7562,-0.0306,-64.0,-64.0,63.998
254332,-0.0923,0.9185,0.1222,-64.0,-64.0,63.998
254355,-0.0569,1.0327,0.0701,-64.0,-64.0,63.998
254378,-0.1132,0.934,0.0221,-64.0,-64.0,63.998
254401,-0.1722,0.8966,0.0828,-64.0,-64.0,63.998
254424,-0.11,0.8958,0.0966,-55.4844,-64.0,63.998
254447,-0.095,0.9075,0.0604,-37.0293,-64.0,62.6016
254470,-0.0303,0.7655,-0.047,-25.5547,-60.9785,59.582
254493,-0.0732,0.8401,0.0178,-11.7695,-51.291,55.5605
254516,-0.075,0.8599,0.0304,-5.7227,-44.9082,52.2734
254539,-0.1582,0.8856,0.0902,-1.7324,-36.2031,44.9199
254562,-0.2173,0.7443,0.1067,-2.7559,-29.2383,34.4824
254585,0.0408,0.7661,0.0576,-5.2129,-25.4902,26.5723
254608,-0.1409,1.0442,0.0419,-9.9824,-21.1719,14.707
254631,-0.1243,0.7672,0.1339,-13.166,-19.4043,7.4668
254654,-0.0662,0.8328,0.1104,-17.3613,-18.6445,-1.4219
254677,-0.0637,0.8342,0.1046,-19.6133,-19.2676,-7.2031
254700,-0.2271,0.8167,0.1429,-21.9844,-20.8535,-9.2383
254723,-0.113,0.8258,0.1018,-23.0762,-21.1641,-9.9316
254746,-0.0957,0.8293,0.1537,-23.0996,-19.8789,-9.1523
254769,-0.1261,0.8273,0.1406,-22.1582,-15.1973,-6.7031
254792,-0.1268,0.8302,0.1062,-20.9551,-10.0859,-4.5547
254815,-0.1234,0.827,0.1364,-18.4004,0.1094,-1.1426
254838,-0.1368,0.8284,0.0519,-15.0371,11.1992,1.7871
254861,-0.2257,0.832,0.0253,-12.4141,17.5469,3.1504
254884,-0.1913,0.8221,0.0771,-8.2148,23.8848,4.1797
254907,-0.0582,0.8315,0.1176,-5.5957,25.7012,4.3867
254930,-0.0242,0.8358,0.0568,-2.6387,25.0859,4.666
254953,-0.0867,0.8325,0.0757,-1.3906,21.3223,5.5566
254976,-0.1371,0.8284,0.1089,-1.6309,17.6445,6.543
254999,-0.0812,0.8367,0.0461,-3.5859,11.4395,8.3516
255022,-0.1086,0.8298,0.0696,-5.8711,7.5176,9.6035
255045,-0.1385,0.8197,0.16,-10.6309,2.4766,11.3066
255068,-0.0278,0.824,0.2416,-14.6465,-2.0762,12.6348
255091,-0.0375,0.8055,0.2719,-21.7676,-5.6094,13.3262
255114,-0.0916,0.8143,0.2113,-29.5508,-11.7539,14.1543
255137,0.0054,0.8246,0.208,-34.4805,-16.3477,14.6074
255160,-0.0184,0.8208,0.2567,-40.4414,-23.4648,15.209
255183,-0.0242,0.8086,0.2705,-43.0332,-27.8945,15.5762
255206,-0.2361,0.8217,0.335,-44.5645,-33.2656,16.0234
255229,0.0792,0.8149,0.2324,-43.2773,-37.207,16.2852
255252,0.2716,0.8264,0.1677,-40.9023,-40.041,16.3867
255275,0.0989,0.8422,0.2563,-35.375,-45.7227,16.4414
255298,0.0897,0.7998,0.1387,-30.7949,-49.291,16.3242
255321,-0.3163,0.7942,0.3236,-23.7383,-49.8652,15.6562
255344,-0.1421,0.808,0.2886,-17.998,-40.4531,14.2129
255367,0.1582,0.8066,0.2937,-15.4121,-28.8789,12.9023
255390,0.0377,0.8136,0.2938,-13.3242,-8.9355,10.7441
255413,-0.0032,0.7997,0.3016,-12.7773,2.7207,9.3242
255436,0.1018,0.8134,0.3876,-12.3867,14.2773,7.2539
255459,0.0228,0.7997,0.3058,-11.8867,17.1387,5.0039
255482,-0.009,0.8018,0.2769,-9.8711,14.4961,3.1367
255505,0.0369,0.8107,0.2249,-5.4277,5.3223,-0.6641
255528,-0.0297,0.8212,0.2421,-0.8301,-3.2109,-4.0645
255551,-0.0494,0.8129,0.1813,8.3848,-17.6719,-10.6152
255574,-0.1074,0.8174,0.1375,15.6953,-27.2578,-15.9062
255597,-0.0961,0.8203,0.264,27.3984,-39.832,-24.9121
255620,-0.1013,0.8119,0.0122,38.2168,-48.5898,-34.5176
255643,-0.1899,0.8344,-0.0645,43.5332,-51.4688,-40.707
255666,-0.4287,0.7723,0.1167,46.7227,-49.4648,-48.8672
255689,-0.2262,0.8849,-0.0052,45.4219,-43.2754,-53.1055
255712,-0.1221,0.8395,0.0398,39.3848,-28.4375,-56.6582
255735,-0.4694,0.7659,0.0804,29.9258,-10.2383,-55.6445
255758,0.0173,0.8279,0.1659,22.2363,2.2129,-52.0488
255781,-0.2037,0.7928,0.2369,9.4473,17.0723,-42.5977
255804,-0.1493,0.8088,0.3065,0.709,21.998,-34.2559
255827,-0.1813,0.7914,0.2904,-11.418,19.8164,-20.293
255850,-0.0505,0.8138,0.2914,-20.9688,6.707,-6.541
255873,-0.1348,0.8062,0.2489,-23.9922,-6.1992,1.6543
255896,-0.1552,0.8057,0.1831,-24.1777,-26.4746,11.7324
255919,-0.0281,0.8075,0.1328,-20.7461,-37.4668,16.7988
255942,-0.1423,0.8274,0.0812,-10.5527,-46.7891,21.9863
255965,-0.1154,0.8376,-0.0355,-1.0039,-47.2461,24.0391
255988,-0.0629,0.8408,-0.1453,15.7637,-39.6426,25.5215
256011,0.0339,0.8986,-0.0707,32.8594,-26.0488,25.6504
256034,-0.1515,1.1176,-0.0437,42.7637,-16.875,25.168
256057,-0.0326,1.1744,-0.1639,52.7852,-7.3574,23.4824
256080,0.0807,1.1281,-0.2091,55.0488,-5.793,21.3652
256103,0.1123,0.9352,0.0223,51.0879,-12.2754,15.8145
256126,0.1593,0.8528,-0.0043,39.6055,-28.7227,6.8965
256149,0.0054,0.6399,0.1165,29.2949,-43.7969,-0.5312
256172,-0.0309,0.5879,0.2075,12.7246,-64.0,-12.1719
256195,-0.0515,0.5508,0.229,2.6992,-64.0,-18.9824
256218,-0.3066,0.5786,0.2166,-8.375,-64.0,-25.6895
256241,-0.3351,0.5461,0.1056,-13.5215,-64.0,-26.3086
256264,-0.213,0.6594,0.2032,-13.832,-64.0,-23.1152
256287,-0.2616,0.7789,0.3223,-10.5547,-64.0,-14.2285
256310,-0.1718,0.7361,0.1876,-6.5898,-64.0,-6.9551
256333,-0.0741,0.7959,0.1097,0.293,-64.0,3.2637
256356,-0.0536,0.8501,-0.0807,4.3711,-64.0,8.3066
256379,-0.073,0.9419,0.1078,8.4609,-64.0,12.1191
256402,-0.1025,0.9801,0.2709,10.4961,-64.0,11.5371
256425,-0.068,0.8848,0.0519,11.4805,-64.0,9.2168
256448,-0.162,0.803,-0.098,12.7969,-64.0,4.0898
256471,-0.1284,0.7972,-0.088,13.3301,-64.0,0.375
256494,-0.0796,0.8418,0.1609,13.5977,-55.0723,-4.7129
256517,0.0853,0.8428,0.1145,14.2676,-43.3906,-8.9062
256540,-0.1534,0.9037,-0.004,15.4473,-35.9004,-11.1445
256563,-0.0605,0.9795,-0.0455,18.0605,-25.4258,-13.2129
256586,-0.1129,0.8204,-0.0184,19.7988,-19.0566,-13.418
256609,-0.1152,0.819,-0.022,21.4141,-10.7832,-11.8301
256632,-0.1016,0.7974,-0.0106,21.0547,-4.541,-8.3516
256655,-0.0983,0.8289,0.009,19.5117,-1.6914,-5.3457
256678,-0.077,0.83,0.0117,15.2656,0.5332,-0.4199
256701,-0.085,0.8367,0.0621,11.3359,0.7285,2.8125
256724,-0.0771,0.8097,0.0161,4.3789,-0.5293,7.1191
256747,-0.0686,0.8401,0.0465,-0.541,-2.041,10.4492
256770,-0.0382,0.8235,0.0953,-7.5586,-4.6094,11.9805
256793,-0.0958,0.7997,0.0262,-13.2988,-6.6992,13.3262
256816,-0.0596,0.814,0.1237,-16.0703,-7.3711,13.6113
256839,-0.0497,0.7805,0.1892,-18.3516,-6.9141,13.3203
256862,-0.0594,0.8134,0.0961,-18.5566,-5.6348,12.7988
256885,-0.0745,0.9159,0.3484,-17.0527,-2.4219,11.8184
256908,0.0021,0.9513,-0.3655,-14.3477,1.9805,11.043
256931,-0.0953,0.8582,-0.0216,-12.8066,5.4023,10.8418
256954,-0.0955,0.8335,-0.1046,-11.584,10.9414,11.0859
256977,-0.0388,0.8463,-0.032,-11.3887,14.5605,11.6016
257000,0.0288,0.8461,0.0077,-11.8047,19.1055,12.9687
257023,0.0442,0.8302,-0.0114,-13.25,22.002,15.2109
257046,0.0554,0.851,0.0414,-15.1113,23.125,17.2168
257069,-0.0946,0.9952,0.1396,-19.9238,24.2305,20.7559
257092,0.1641,1.0775,0.1978,-24.8984,24.834,23.0977
257115,0.2626,1.0009,0.1439,-35.6289,25.166,25.3809
257138,0.0677,0.9498,0.233,-45.041,24.3574,24.8086
257161,-0.0667,0.8677,0.2874,-61.8945,20.4785,22.7227
257184,-0.1105,0.7722,0.4453,-64.0,12.9687,17.832
257207,-0.051,0.6508,0.5413,-64.0,6.2031,13.9414
257230,0.0525,0.6331,0.6704,-64.0,-5.6582,7.7012
257253,0.0537,0.4995,0.7255,-64.0,-14.0625,3.3535
257276,0.0154,0.4282,0.8942,-64.0,-26.1602,-3.3262
257299,-0.0098,0.3934,1.0914,-64.0,-36.1152,-9.7949
257322,0.0244,0.3629,1.1041,-64.0,-40.959,-13.6973
257345,0.1201,0.2952,1.1946,-64.0,-45.4414,-18.582
257368,0.1731,0.2828,1.1548,-64.0,-46.7734,-21.0566
257391,0.1013,0.2937,1.135,-64.0,-46.752,-23.2793
257414,0.0498,0.2097,1.192,-64.0,-44.5273,-23.1367
257437,0.1444,0.1846,1.2047,-64.0,-41.6523,-21.4863
257460,0.1962,0.1611,1.1008,-64.0,-35.2559,-16.6445
257483,0.0885,0.1649,1.1205,-64.0,-29.9648,-11.9004
257506,0.0333,0.0751,1.0935,-64.0,-20.9727,-2.7539
257529,0.0898,0.0591,1.0929,-64.0,-11.4023,8.1406
257552,0.1581,0.0508,1.001,-64.0,-4.2148,15.748
257575,0.0359,0.1143,1.0203,-64.0,5.623,26.5879
257598,-0.0021,0.0249,1.0006,-64.0,11.8008,32.9648
257621,0.0073,-0.0225,0.9277,-64.0,20.2988,40.8262
257644,-0.0194,0.0122,1.0311,-64.0,25.2246,44.7793
257667,0.0084,-0.0189,0.973,-64.0,30.9648,48.6133
257690,0.0288,-0.0199,0.9298,-64.0,33.8926,49.916
257713,-0.0365,-0.0428,0.9347,-63.3125,33.8691,49.5195
257736,-0.0292,-0.1344,0.9395,-58.1895,30.8008,47.4082
257759,0.0465,-0.1427,0.8722,-54.4395,27.0176,45.209
257782,0.0975,-0.0955,0.8928,-48.0469,19.3203,41.0625
257805,0.0928,-0.1306,0.8746,-40.5098,9.8477,36.4297
257828,0.0677,-0.1332,0.8577,-34.8203,3.0684,33.4688
257851,0.0903,-0.1311,0.8345,-25.4258,-6.5352,29.8477
257874,0.0944,-0.0765,0.7668,-18.7227,-11.8125,28.2637
257897,-0.0309,-0.0055,0.8292,-8.1738,-16.998,27.3789
257920,0.0106,0.0616,0.8831,-0.8047,-17.9336,28.2422
257943,0.0154,0.0764,0.8632,10.7246,-16.0391,29.5664
257966,-0.0552,0.054,0.8748,22.2598,-10.0371,32.1895
257989,-0.0359,0.1193,0.9178,29.3906,-4.5957,34.0762
258012,-0.0226,0.1749,0.944,38.3789,4.3809,36.6211
258035,-0.0471,0.163,0.929,42.8164,10.1621,37.8711
258058,-0.1155,0.1941,0.905,46.6504,17.5566,38.7871
258081,-0.1311,0.241,0.9794,46.8945,22.7266,38.4473
258104,-0.0404,0.2477,0.9491,45.1914,24.7754,37.4863
258127,-0.1201,0.2045,1.0176,40.2539,25.7832,34.8945
258150,-0.1023,0.1959,0.9094,35.6445,25.1992,32.502
258173,-0.08,0.1981,1.0183,27.3066,22.8027,28.2578
258196,-0.066,0.1619,0.9668,18.2227,19.2715,23.5742
258219,-0.0055,0.168,1.0089,12.4004,16.6895,20.2969
258242,-0.0642,0.3239,1.0682,4.998,12.8594,15.2793
258265,-0.1133,0.2498,0.9203,1.3652,10.377,12.0
258288,-0.0286,0.2965,0.817,-1.9043,6.5781,7.3789
258311,-0.0325,0.3333,1.0056,-2.627,2.3066,3.127
258334,-0.2881,0.4377,1.1843,-1.4395,-1.0977,0.4805
258357,-0.0864,0.2981,0.684,2.3398,-6.748,-3.375
258380,0.0032,0.4698,0.8658,5.8027,-10.3437,-6.1875
258403,0.123,0.6007,1.0477,11.7148,-14.7324,-11.3887
258426,0.1228,0.3066,1.1177,15.9082,-16.7754,-15.8145
258449,0.0312,0.0591,0.9918,21.6152,-18.3906,-24.1816
258472,0.0513,-0.1405,0.7733,24.5215,-18.125,-34.3672
258495,0.063,-0.0374,0.7006,23.9648,-16.6816,-41.8906
258518,0.0472,0.1191,0.6699,19.7715,-12.0312,-53.9297
258541,0.0372,-0.0082,0.6147,15.8145,-6.8887,-62.2754
258564,-0.0388,-0.1941,0.4875,9.9785,4.1211,-64.0
258587,-0.1606,-0.2646,0.3315,5.1113,17.9922,-64.0
258610,-0.23,-0.1554,0.4352,2.3125,27.5215,-64.0
258633,-0.2271,-0.1223,0.5612,-1.334,40.252,-64.0
258656,-0.2645,-0.2529,0.5632,-3.3398,47.0645,-64.0
258679,-0.3712,-0.4186,0.5647,-5.8633,54.2246,-64.0
258702,-0.3982,-0.2285,0.6731,-8.1641,57.0605,-57.3809
258725,-0.3748,0.0476,1.0974,-9.375,56.1836,-43.4063
258748,-0.4371,-0.0422,1.3485,-9.6348,50.6934,-21.5527
258771,-0.3943,-0.1443,1.1846,-8.4805,44.4961,-7.875
258794,-0.1841,-0.1523,1.2031,-5.7168,31.6758,9.0566
258817,-0.1969,0.1866,1.3612,-3.957,21.1895,19.5254
258840,-0.2914,0.4148,1.5681,-1.5938,4.1211,23.5977
258863,-0.3291,0.426,1.2605,1.4688,-11.7891,24.9336
258886,-0.3456,0.4773,1.2317,4.1875,-20.1973,24.127
258909,-0.2899,0.4998,1.0807,8.9609,-27.916,22.3594
258932,-0.2958,0.7015,1.1278,12.4023,-29.3535,21.6816
258955,-0.3375,0.7615,1.254,18.1191,-25.9023,22.1211
258978,-0.3124,0.6394,1.0952,24.8281,-16.7109,24.0391
259001,-0.2877,0.4524,0.9397,29.4141,-8.3965,25.5059
259024,-0.1898,0.4264,0.8889,34.8418,5.4414,26.623
259047,-0.172,0.4893,0.991,36.7402,14.3477,25.9668
259070,-0.1785,0.5951,1.084,36.9844,25.2148,22.3828
259093,-0.1707,0.5417,0.993,35.1406,31.2246,16.0371
259116,-0.1665,0.3522,0.7709,33.0215,32.0566,10.7305
259139,-0.1945,0.272,0.7255,27.9219,29.1035,1.9414
259162,-0.283,0.3175,0.8065,22.873,25.1914,-3.9863
259185,-0.379,0.2908,0.8517,13.0352,18.1484,-12.0801
259208,-0.4258,0.2755,0.9136,5.5625,13.5273,-18.2539
259231,-0.4296,0.2843,0.9965,-5.6191,7.5234,-20.9648
259254,-0.3533,0.3381,0.9685,-14.8926,2.707,-22.8281
259277,-0.3472,0.2953,0.8351,-19.166,0.0039,-22.8066
259300,-0.4004,0.2561,0.928,-22.4902,-3.4316,-21.4844
259323,-0.339,0.1685,0.9557,-23.084,-5.3555,-20.1367
259346,-0.2107,0.1116,0.9167,-22.7461,-7.7871,-18.1152
259369,-0.2051,0.1127,0.8718,-22.2949,-9.7598,-16.748
259392,-0.3029,0.1443,0.8694,-22.373,-10.7988,-16.2305
259415,-0.3615,0.1995,0.9333,-22.9961,-11.8477,-15.4336
259438,-0.3649,0.2262,1.0146,-23.3652,-12.1621,-14.418
259461,-0.3038,0.2286,0.9945,-23.0176,-12.1055,-11.7109
259484,-0.3097,0.2122,0.9031,-21.1367,-11.5801,-7.7363
259507,-0.4176,0.1877,0.8508,-19.2168,-11.041,-4.7129
259530,-0.3898,0.1814,0.8719,-16.0371,-10.0059,-0.2812
259553,-0.311,0.1749,0.7931,-14.1484,-9.2852,2.1562
259576,-0.4249,0.1316,0.7723,-12.3008,-8.584,4.2539
259599,-0.4318,0.1869,0.9055,-11.9316,-8.627,3.8086
259622,-0.358,0.1915,1.0074,-12.4512,-9.6113,1.7891
259645,-0.1934,0.2187,0.9106,-13.3516,-11.3398,-4.3789
259668,-0.1125,0.101,0.9457,-13.6738,-12.6133,-10.7715
259691,-0.084,0.0682,1.0881,-13.502,-14.4883,-23.207
259714,-0.3352,0.0234,1.0032,-13.1387,-15.7402,-32.3145
259737,-0.3206,0.0797,0.9286,-12.9629,-17.6504,-44.3809
259760,-0.2391,0.1361,1.093,-14.0723,-19.5742,-51.3848
259783,-0.1447,0.0892,1.2491,-15.6387,-20.8691,-52.2832
259806,-0.0803,0.0359,1.1199,-19.0547,-22.9492,-48.0254
259829,-0.0823,0.0876,1.0676,-22.0234,-24.4473,-41.9883
259852,-0.1396,0.1343,1.2356,-27.5664,-26.6016,-29.3398
259875,-0.1647,0.1497,1.2045,-34.3145,-28.0391,-13.791
259898,-0.1826,0.1149,1.1447,-39.5273,-28.3047,-2.5664
259921,-0.2422,0.0432,1.047,-48.8613,-27.4082,14.3809
259944,-0.2323,-0.0762,0.871,-56.3438,-25.8672,24.9863
259967,-0.1852,-0.1254,0.6317,-64.0,-22.1465,38.3613
259990,-0.1509,0.0067,0.7112,-64.0,-16.918,46.9844
260013,-0.2106,0.0625,0.9236,-64.0,-12.8184,49.4785
260036,-0.2539,-0.101,1.1342,-64.0,-6.2852,48.3008
260059,-0.2086,-0.2145,1.2146,-64.0,-2.0996,44.6582
260082,-0.255,-0.3572,1.2631,-64.0,3.0117,36.2539
260105,-0.3362,-0.5468,1.0776,-64.0,5.1641,29.7773
260128,-0.2958,-0.5148,0.9996,-64.0,5.998,20.6895
260151,-0.1415,-0.3149,0.512,-64.0,3.7441,13.791
260174,-0.04,0.1392,0.6732,-54.1777,0.6992,10.4648
260197,-0.1198,0.3236,1.196,-33.959,-5.4434,6.6562
260220,-0.0983,0.1654,1.3036,-18.0449,-10.0488,4.418
260243,0.0023,-0.1615,0.9705,7.8047,-17.3262,0.9141
260266,-0.0781,-0.2745,0.8605,30.4961,-25.1426,-2.9707
260289,-0.2378,-0.2352,1.0657,40.7656,-30.3066,-5.5449
260312,-0.0999,-0.123,1.0836,47.0293,-36.4648,-8.6641
260335,-0.0618,-0.0184,1.0425,45.7246,-38.5176,-9.9102
260358,-0.0819,-0.0315,1.0205,38.2637,-37.502,-10.2168
260381,-0.1569,-0.1268,0.9043,27.8809,-31.9844,-8.3262
260404,-0.1814,-0.1635,0.9811,20.5332,-26.7695,-5.6582
260427,-0.1624,0.0292,0.8324,11.1211,-18.4063,0.334
260450,-0.3235,0.2257,0.8394,6.6777,-13.1738,5.127
260473,-0.3947,0.1752,1.4392,4.5547,-6.2246,11.7227
260496,-0.0787,-0.0559,1.4647,7.0977,-2.1758,14.1582
260519,0.2988,-0.1708,1.0079,16.5352,2.8262,11.8887
260542,0.1858,-0.0768,0.8257,28.957,5.7793,0.502
260565,-0.1631,-0.0328,1.0084,36.1855,6.3926,-11.625
260588,-0.2152,-0.0753,1.1854,42.4023,5.8711,-33.0605
260611,-0.063,-0.1412,1.0724,42.5684,5.2285,-46.8711
260634,-0.1056,-0.3323,0.7271,36.3926,4.9219,-62.8574
260657,-0.2706,-0.2231,0.7051,23.2715,6.0176,-64.0
260680,-0.3373,-0.0359,1.0342,12.2695,7.6133,-64.0
260703,-0.3003,0.0559,1.1545,-3.3789,11.1992,-55.1758
260726,-0.2373,0.0831,1.0953,-10.8613,14.1133,-41.748
260749,-0.2744,0.0133,0.9619,-15.5605,18.4414,-17.2559
260772,-0.3192,0.037,1.0248,-12.8047,21.666,7.959
260795,-0.3247,0.1639,1.1168,-7.707,22.8047,23.0039
260818,-0.3398,0.2722,1.2509,3.4883,22.7793,40.6152
260841,-0.296,0.1959,1.1537,12.5098,21.709,48.2539
260864,-0.2141,0.125,0.9331,26.2969,18.9238,53.1016
260887,-0.1948,0.1235,0.7667,34.1289,16.4805,52.2422
260910,-0.2329,0.1951,0.8663,41.8828,12.2266,46.3262
260933,-0.2657,0.1306,0.8901,44.5508,7.7187,37.5703
260956,-0.1888,0.0729,0.7136,44.0508,4.7832,31.7559
260979,-0.1554,0.115,0.7777,40.8711,0.459,24.959
261002,-0.1311,0.2036,0.7943,37.7109,-2.4258,22.3086
261025,-0.1711,0.2809,1.0714,32.5117,-6.7168,21.293
261048,-0.121,0.229,1.1224,27.9922,-10.6738,23.0098
261071,-0.0378,0.1952,1.1764,25.5996,-12.8945,24.8438
261094,-0.0367,0.1671,1.0732,22.2734,-15.1738,27.2266
261117,-0.1178,0.1003,0.8492,19.4277,-15.7129,27.9805
261140,-0.1775,0.0885,0.8542,12.7832,-14.7168,27.6172
261163,-0.1656,0.1334,0.9727,2.8008,-11.5605,25.9688
261186,-0.1549,0.1842,0.9778,-5.1406,-8.4746,24.5332
261209,-0.1476,0.1898,1.0112,-17.582,-3.002,22.2793
261232,-0.1554,0.1282,1.0348,-25.6133,0.668,20.7539
261255,-0.2461,-0.1001,1.0439,-36.8984,5.0273,18.166
261278,0.0072,-0.083,0.9697,-44.0,6.3281,14.9941
261301,0.0818,0.0765,0.9841,-53.9121,4.4746,11.5273
261324,-0.0422,0.109,1.0052,-61.7832,-1.9512,5.1973
261347,-0.2069,0.0394,1.1993,-64.0,-7.9141,0.1973
261370,-0.111,-0.0077,1.2764,-64.0,-17.3789,-7.3887
261393,-0.0103,-0.0182,0.9839,-63.0352,-22.8203,-11.8613
261416,-0.0515,-0.0168,0.8702,-55.4121,-27.9473,-16.8379
261439,-0.1111,0.0327,0.944,-44.7949,-28.3047,-18.9043
261462,-0.1655,0.0588,1.0177,-36.8516,-25.8262,-18.3867
261485,-0.2396,0.0115,1.0328,-24.6738,-18.8301,-14.8594
261508,-0.2915,-0.0125,1.0369,-17.0664,-12.8184,-10.9824
261531,-0.2482,-0.0186,1.0857,-7.7344,-3.4531,-3.7422
261554,-0.1145,-0.0236,1.1039,-2.1152,4.4473,3.6914
261577,0.0186,-0.0598,1.0231,-0.6875,8.1074,7.752
261600,0.0605,-0.1166,0.9403,-1.6016,10.6387,11.2402
261623,0.0422,-0.0719,0.9463,-3.5684,10.4258,11.5293
261646,-0.0901,0.0236,1.0167,-6.8145,8.0293,9.3789
261669,-0.1396,0.1063,1.1771,-8.1328,5.7012,5.7148
261692,-0.1315,0.0684,1.1122,-7.7539,2.1582,3.4082
261715,-0.1255,0.0341,0.9347,-4.8711,-0.6211,1.1602
261738,-0.1963,0.0195,0.9481,-2.4258,-1.834,0.7285
261761,-0.2318,0.0432,1.0317,0.6875,-2.6348,1.6563
261784,-0.2124,0.0472,1.016,1.9746,-2.5508,3.082
261807,-0.244,0.042,0.9999,2.4824,-1.8047,5.7461
261830,-0.192,0.0131,1.0692,1.2344,-0.8984,8.1621
261853,-0.0532,-0.0242,1.0736,-0.4609,-0.5156,9.1641
261876,-0.006,-0.1003,1.0302,-3.8652,-0.6465,9.084
261899,-0.0553,-0.1171,1.0059,-6.3965,-1.3145,7.7871
261922,-0.071,-0.0559,0.9976,-10.0469,-3.082,4.3496
261945,-0.0906,-0.0167,1.0013,-12.8066,-5.2559,0.252
261968,-0.0973,0.0133,1.0311,-13.75,-6.5664,-2.168
261991,-0.121,0.0343,1.0262,-13.4082,-7.8184,-4.5898
262014,-0.1643,0.0381,1.0122,-11.9766,-8.0039,-5.1914
262037,-0.1312,0.0482,1.0018,-8.377,-7.25,-4.5957
262060,-0.0917,0.0435,1.0476,-5.4199,-5.7051,-2.7051
262083,-0.0596,-0.0134,1.0361,-0.9844,-4.3008,-1.1875
262106,-0.0675,-0.035,1.0284,2.459,-2.6348,0.752
262129,-0.1184,-0.0472,1.014,3.7637,-1.918,1.5586
262152,-0.1471,-0.0433,1.0033,3.9707,-1.5352,2.0
262175,-0.1265,-0.0192,1.0417,3.0879,-1.6426,1.918
262198,-0.0857,0.0277,1.027,0.9277,-2.0605,1.4746
262221,-0.0959,0.0236,1.0022,-1.2656,-2.457,0.8203
262244,-0.1038,0.0096,1.0271,-2.3828,-2.5977,0.3379
262267,-0.0834,0.0048,1.05,-3.3379,-2.6035,-0.3711
262290,-0.1085,-0.0167,1.0216,-3.5039,-2.5039,-0.8086
262313,-0.1353,-0.0067,1.0016,-3.2031,-2.2598,-1.3555
262336,-0.1146,0.0,1.0409,-2.5273,-1.9414,-1.666
262359,-0.0812,-0.0177,1.0426,-2.0078,-1.7109,-1.7188
262382,-0.0691,-0.0231,1.0038,-1.2754,-1.377,-1.6074
262405,-0.073,0.0066,0.9847,-0.8691,-1.1621,-1.416
262428,-0.1371,0.0372,1.0333,-0.3418,-0.8145,-0.8945
262451,-0.1531,0.05,0.9927,0.0703,-0.3477,0.0449
262474,-0.162,0.066,0.9677,0.8867,0.0449,0.9258
262497,-0.1906,0.0563,1.0072,1.7695,0.6641,2.5137
262520,-0.1482,0.0604,1.1014,2.2324,0.9688,3.6152
262543,-0.0653,0.0231,1.139,2.5352,0.9902,5.0
262566,-0.0649,-0.0276,0.9961,2.3965,0.6133,5.5078
262589,-0.0511,-0.0258,0.9771,1.5332,-0.4941,5.3906
262612,-0.0063,-0.0081,0.9938,-0.0371,-1.8867,4.2539
262635,-0.1171,0.0063,0.9955,-1.2715,-2.7344,3.0898
262658,-0.1219,-0.0068,1.0233,-3.1016,-3.668,1.2227
262681,-0.0469,-0.0088,1.0265,-4.1973,-4.0312,0.2012
262704,-0.1641,0.0079,1.0156,-5.4219,-4.2012,-0.7168
262727,-0.2397,0.0157,0.9968,-5.832,-3.8145,-0.7148
262750,-0.0767,-0.0062,0.9845,-5.5684,-3.1953,-0.1406
262773,0.0601,0.04,1.033,-4.2734,-1.873,1.291
262796,0.0071,0.0858,1.0581,-2.7051,-0.9063,2.2773
262819,-0.0797,0.084,0.9863,0.7207,0.4395,3.4258
262842,-0.1134,0.078,0.9581,4.9551,1.5,4.2402
262865,-0.1261,0.1359,1.0461,7.4453,1.9922,4.7187
262888,-0.2104,0.1677,1.101,10.4277,2.4473,5.3984
262911,-0.2834,0.0839,1.0428,11.4062,2.627,5.8047
262934,-0.2988,-0.0352,0.9286,10.625,2.8437,6.2656
262957,-0.2498,-0.027,0.8959,8.332,3.0293,6.3594
262980,-0.1737,0.0211,0.9712,2.5586,3.4062,5.8535
263003,-0.1389,0.1584,1.1158,-4.5352,3.5547,4.1777
263026,-0.1357,0.1764,1.1675,-8.9395,3.2227,2.2695
263049,-0.1302,0.0482,1.0677,-14.0508,1.6094,-1.8242
263072,-0.105,-0.0894,1.0356,-16.4688,-0.4004,-5.3086
263095,-0.0435,-0.1261,1.0093,-19.2344,-4.8086,-11.4141
263118,-0.08,-0.1035,1.0239,-21.5,-10.3359,-18.0078
263141,-0.1218,-0.1091,1.0607,-22.6641,-14.1309,-22.2246
263164,-0.0676,-0.0731,1.0731,-23.2598,-19.0938,-27.5918
263187,-0.0521,-0.0592,1.036,-22.3984,-21.4297,-30.3047
263210,-0.0581,-0.0593,0.9681,-18.5273,-22.8672,-32.9512
263233,-0.0873,-0.0153,0.9249,-11.373,-21.582,-33.8477
263256,-0.0911,0.0641,0.9663,-4.9941,-19.2949,-33.4668
263279,-0.0715,0.1316,0.9716,6.3242,-14.2539,-31.5215
263302,-0.0934,0.2233,1.058,14.5293,-10.3828,-29.4336
263325,-0.0886,0.2621,1.0784,26.8867,-4.625,-25.5527
263348,-0.1185,0.2662,0.8376,34.5332,-0.9922,-21.8926
263371,-0.1799,0.1809,0.889,43.7383,4.1875,-19.6133
263394,-0.1757,0.1604,0.9067,48.6641,8.957,-17.918
263417,-0.1564,0.1492,1.0966,49.1543,11.6855,-17.916
263440,-0.0626,0.1127,1.1187,46.1348,14.8027,-19.832
263463,-0.0424,0.0804,1.0674,42.1836,16.1367,-22.3574
263486,-0.1226,0.0953,1.0454,34.334,16.9844,-27.3926
263509,-0.1201,0.1357,0.9608,25.3184,16.6777,-32.4141
263532,-0.1366,0.0984,0.7661,19.2031,16.0957,-34.8203
263555,-0.1947,0.0472,0.7498,10.1016,14.9668,-35.9277
263578,-0.2223,0.0178,0.8264,3.9902,14.0781,-34.6523
263601,-0.2251,0.0078,0.9164,-5.2051,12.4434,-29.7715
263624,-0.231,0.0289,0.998,-13.7773,10.166,-22.1035
263647,-0.2566,0.1414,1.188,-18.5508,8.1211,-16.0586
263670,-0.2776,0.1465,1.2535,-23.4434,4.0625,-6.5547
263693,-0.2389,0.1256,1.1976,-24.9863,0.7285,-0.4844
263716,-0.1791,0.0612,1.0927,-25.1133,-4.7051,7.209
263739,-0.1487,-0.0024,0.9774,-24.291,-8.1348,12.0645
263762,-0.1128,-0.0032,0.9585,-22.75,-12.1973,13.3184
263785,-0.1038,0.012,0.9906,-21.5996,-14.3652,12.2441
263808,-0.1205,0.016,0.9661,-21.1094,-14.6699,9.9258
263831,-0.1355,0.0171,0.9656,-20.5625,-13.6504,5.166
263854,-0.1572,0.0349,0.9728,-20.1621,-12.2422,1.8887
263877,-0.181,0.0275,1.0051,-19.2852,-9.5449,-2.0352
263900,-0.1896,0.0249,1.021,-17.9219,-6.7285,-3.9062
263923,-0.1775,0.0074,1.0171,-16.7344,-5.0625,-3.8535
263946,-0.1655,0.014,0.996,-14.6484,-3.1719,-2.0605
263969,-0.1742,0.0297,0.9784,-13.1621,-2.377,-0.0176
263992,-0.1752,0.0472,0.9941,-10.9453,-1.8242,3.7227
264015,-0.1624,0.0669,1.007,-8.834,-1.8555,7.5937
264038,-0.1482,0.0674,0.9966,-7.498,-2.1016,9.9062
264061,-0.139,0.0699,0.9812,-5.6348,-2.709,12.5723
264084,-0.1361,0.105,1.0618,-4.5059,-3.2324,13.668
264107,-0.1266,0.1111,1.074,-2.9414,-4.1191,14.1855
264130,-0.1328,0.079,1.022,-1.9902,-4.7148,13.3809
264153,-0.1389,0.0553,1.0179,-0.8965,-5.4707,12.2031
264176,-0.1426,0.0354,1.0148,-0.4922,-5.9141,9.7109
264199,-0.1353,0.022,1.0042,-0.6777,-5.9844,7.7383
264222,-0.1373,0.0275,0.9989,-1.5508,-5.7461,4.6387
264245,-0.1475,0.0317,0.9928,-2.4004,-5.3789,2.6777
264268,-0.1562,0.0448,0.9957,-3.8027,-4.5859,0.2168
264291,-0.153,0.0463,1.0045,-5.0508,-3.6328,-1.3789
264314,-0.1456,0.0496,1.0013,-5.6816,-3.002,-1.8984
264337,-0.1472,0.0488,1.0237,-6.25,-2.2031,-1.9414
264360,-0.1455,0.04,1.0247,-6.3887,-1.8242,-1.5957
264383,-0.1356,0.0317,1.0292,-6.3105,-1.5117,-0.7812
264406,-0.1309,0.0203,1.0288,-6.0234,-1.4688,0.0449
264429,-0.131,0.012,1.0074,-5.8008,-1.5586,0.4512
264452,-0.1438,0.017,1.0142,-5.5352,-1.8027,0.7461
264475,-0.1488,0.0242,1.0166,-5.4375,-1.9941,0.7422
264498,-0.1398,0.0306,1.0222,-5.4082,-2.2441,0.5254
264521,-0.1392,0.0297,1.0193,-5.4355,-2.3867,0.1699
264544,-0.1436,0.0292,1.0055,-5.4863,-2.4121,-0.0879
264567,-0.1437,0.0295,1.0096,-5.502,-2.3711,-0.4277
264590,-0.1389,0.0308,1.0249,-5.4785,-2.3203,-0.5879
264613,-0.1337,0.0303,1.0183,-5.377,-2.248,-0.709
264636,-0.1379,0.0275,1.0103,-5.2676,-2.2051,-0.7148
264659,-0.1411,0.0342,1.012,-5.0723,-2.0977,-0.6504
264682,-0.1495,0.0447,1.0149,-4.873,-1.8574,-0.5488
264705,-0.1619,0.0385,1.0044,-4.7598,-1.5957,-0.4922
264728,-0.1559,0.04,1.0211,-4.6484,-1.0801,-0.4727
264751,-0.1375,0.025,1.0284,-4.6211,-0.7148,-0.5352
264774,-0.14,0.0179,1.016,-4.6387,-0.293,-0.791
264797,-0.1543,0.0167,1.0181,-4.7246,-0.1875,-1.2363
264820,-0.1461,0.0062,1.0225,-4.8145,-0.334,-1.5996
264843,-0.1488,0.0027,1.0336,-4.9707,-0.8809,-2.1758
264866,-0.1351,-0.0057,1.0171,-5.0703,-1.4531,-2.5508
264889,-0.1112,-0.0134,1.011,-5.209,-2.5527,-3.0645
264912,-0.1265,0.0002,1.0088,-5.2891,-3.7871,-3.4629
264935,-0.1477,0.021,1.0149,-5.3223,-4.5176,-3.5879
264958,-0.1393,0.0331,1.0123,-5.1191,-5.1816,-3.4062
264981,-0.1365,0.0403,1.0153,-4.7871,-5.2207,-2.9746
265004,-0.1393,0.0475,1.0243,-3.9687,-4.666,-1.8672
265027,-0.1376,0.057,1.0145,-3.2402,-3.9727,-0.8867
265050,-0.1521,0.0487,0.9862,-2.0254,-2.6816,0.752
265073,-0.1597,0.0592,0.9988,-0.9258,-1.3594,2.3047
265096,-0.1569,0.0679,1.0433,-0.3672,-0.5801,3.1348
265119,-0.1505,0.058,1.0309,0.1543,0.3105,3.8633
265142,-0.1593,0.0414,1.0067,0.2676,0.6855,3.9238
265165,-0.1674,0.0256,0.9935,0.0234,0.9297,3.3594
265188,-0.1484,0.0269,1.0011,-0.7578,0.8555,2.1387
265211,-0.1417,0.0126,1.0165,-1.5332,0.6719,1.0781
265234,-0.1321,0.0043,1.0315,-2.9258,0.2129,-0.6582
265257,-0.1077,-0.0034,1.0499,-3.9102,-0.2402,-1.7617
265280,-0.12,-0.0188,1.0317,-5.334,-1.2793,-3.0742
265303,-0.129,-0.006,0.9952,-6.7227,-2.9102,-3.6543
265326,-0.1271,0.0132,1.004,-7.4707,-4.3105,-3.5098
265349,-0.1255,0.0496,1.0012,-8.5156,-6.6582,-2.4766
265372,-0.1521,0.0481,1.0039,-9.002,-8.1895,-1.3359
265395,-0.1348,0.0374,1.0017,-9.3008,-10.0508,0.7383
265418,-0.1224,0.0348,1.0319,-9.1934,-10.8145,2.1113
265441,-0.1206,0.0294,1.0385,-8.5742,-11.0801,3.6992
265464,-0.1042,0.0177,1.0197,-7.4668,-10.2891,4.3105
265487,-0.1167,0.002,1.0223,-6.5391,-9.2617,4.0762
265510,-0.129,-0.0035,1.0238,-5.0273,-7.1934,2.8574
265533,-0.1167,-0.0083,1.0269,-4.0391,-5.6328,1.6387
265556,-0.1233,-0.0168,1.0088,-2.7422,-3.3184,-0.4258
265579,-0.1344,-0.009,1.004,-1.8164,-1.3262,-2.291
265602,-0.1326,0.0133,1.0109,-1.4375,-0.293,-3.1875
265625,-0.1201,0.0359,1.0194,-1.168,0.7207,-3.8086
265648,-0.1208,0.0575,1.0402,-1.0977,1.0352,-3.7266
265671,-0.1206,0.0594,1.0378,-1.0059,1.0527,-3.0137
265694,-0.1154,0.0475,1.0303,-0.8301,0.7383,-1.9277
265717,-0.1174,0.0339,1.0266,-0.6777,0.4805,-1.209
265740,-0.1307,0.0259,1.0323,-0.4629,0.1934,-0.3945
265763,-0.1427,0.0309,1.0265,-0.3574,0.1562,-0.1094
265786,-0.1499,0.0262,1.0178,-0.2676,0.4004,-0.0703
265809,-0.1538,0.0248,1.0049,-0.2676,0.7617,-0.252
265832,-0.1554,0.0199,0.9973,-0.3887,1.5098,-0.6914
265855,-0.1553,0.0205,0.9988,-0.7051,2.3437,-1.1582
265878,-0.1591,0.0188,0.9955,-1.0313,2.8457,-1.4063
265901,-0.1567,0.0135,0.9866,-1.6641,3.373,-1.5898
265924,-0.1497,0.0178,0.995,-2.1445,3.5176,-1.5605
265947,-0.147,0.0283,1.0256,-2.8379,3.3867,-1.291
265970,-0.1442,0.0288,1.0313,-3.3262,2.8789,-0.7969
265993,-0.1395,0.0251,1.0188,-3.4648,2.3809,-0.3809
266016,-0.1487,0.0312,0.999,-3.4004,1.5039,0.3145
266039,-0.162,0.0403,1.006,-3.2168,0.9023,0.8086
266062,-0.1506,0.051,1.0237,-2.8145,0.0879,1.5684
266085,-0.1436,0.0604,1.0182,-2.3203,-0.5254,2.2695
266108,-0.1504,0.0652,1.0153,-1.9746,-0.793,2.6328
266131,-0.1586,0.0687,1.0012,-1.5098,-0.9824,2.9219
266154,-0.1692,0.0718,1.0011,-1.2773,-0.9922,2.9102
266177,-0.1602,0.0526,1.0037,-1.0977,-0.9043,2.5469
266200,-0.1583,0.0267,1.0055,-1.1113,-0.834,1.7461
266223,-0.1575,0.01,1.0352,-1.3633,-0.8105,0.9805
266246,-0.1498,0.0076,1.0546,-1.8496,-0.9551,-0.418
266269,-0.141,-0.0106,1.0295,-2.25,-1.1387,-1.4063
266292,-0.1288,-0.0132,1.002,-2.9277,-1.4512,-2.7344
266315,-0.1387,0.0035,1.006,-3.4316,-1.5996,-3.3691
266338,-0.1549,0.0371,1.0045,-4.2324,-1.5879,-3.7246
266361,-0.1676,0.0616,1.0254,-4.9297,-1.2246,-3.2246
266384,-0.177,0.071,1.0083,-5.2344,-0.8125,-2.4414
266407,-0.1733,0.0759,0.9996,-5.418,-0.0703,-0.8027
266430,-0.1741,0.0708,0.9926,-5.3906,0.4102,0.4023
266453,-0.173,0.0681,1.0056,-5.1934,0.9707,1.9863
266476,-0.1669,0.0516,1.0057,-4.8008,1.2402,2.8887
266499,-0.1581,0.0306,0.9978,-4.3984,1.2461,2.9473
266522,-0.1594,0.0234,0.9943,-3.5625,1.0547,2.125
266545,-0.1866,0.006,0.949,-2.8574,0.8438,1.0195
266568,-0.1802,0.0347,1.0251,-1.5801,0.4316,-1.2246
266591,-0.1481,0.0587,1.1176,-0.5273,-0.4238,-3.8086
266614,-0.1528,0.0486,1.0055,1.4316,-0.6543,-5.5332
266637,-0.1993,0.0067,0.9803,3.4668,-1.6836,-7.8457
266660,-0.1754,-0.0311,0.9688,4.5273,-2.4492,-9.0742
266683,-0.1309,-0.0262,0.889,5.5625,-3.4355,-10.4297
266706,-0.1639,0.0782,0.9292,6.2656,-3.8145,-11.0918
266729,-0.2166,0.1472,0.9709,8.8223,-3.7129,-11.8633
266752,-0.1965,0.1045,0.9603,15.4121,-2.6094,-12.5078
266775,-0.1423,0.229,1.0475,22.9297,-1.377,-12.9727
266798,-0.2339,0.4039,1.2175,38.9648,0.8359,-13.8125
266821,-0.2454,0.4235,1.1318,52.1387,2.3945,-14.377
266844,-0.2577,0.3516,0.9797,63.998,4.7812,-14.9531
266867,-0.2166,0.3029,0.9517,63.998,7.3379,-14.9141
266890,-0.2251,0.285,0.8882,63.998,9.2207,-14.4336
266913,-0.2749,0.2574,0.8308,63.998,12.4805,-12.9062
266936,-0.2761,0.2611,0.8317,63.998,14.9961,-11.2949
266959,-0.2,0.3048,0.8876,63.998,19.1152,-8.0566
266982,-0.1692,0.3386,0.7957,63.998,23.3145,-4.1465
267005,-0.2458,0.3623,0.7256,63.998,26.0645,-1.293
267028,-0.3535,0.4572,0.6951,63.5488,30.3086,3.4648
267051,-0.3314,0.474,0.6611,61.9492,33.3652,7.0957
267074,-0.2195,0.5088,0.5562,63.998,38.1738,13.2441
267097,-0.2113,0.5725,0.5431,63.998,41.1719,17.6172
267120,-0.2231,0.6399,0.6067,63.998,44.4043,24.1543
267143,-0.2142,0.6636,0.5509,63.998,44.7949,30.332
267166,-0.1748,0.728,0.4312,63.998,43.1895,34.0664
267189,-0.2405,0.8457,0.4879,63.998,38.7246,38.6875
267212,-0.2053,0.7777,0.3881,63.998,35.2715,40.8457
267235,-0.1915,0.7993,0.3691,63.998,31.1191,42.2715
267258,-0.2412,0.7974,0.3323,63.998,30.0781,41.3105
267281,-0.2996,0.818,0.3271,63.998,31.8457,39.4961
267304,-0.3254,0.7823,0.2689,63.998,38.1387,35.6406
267327,-0.2756,0.7653,0.2955,63.998,44.002,32.7383
267350,-0.1785,0.7653,0.2877,63.998,53.0801,28.4219
267373,-0.2297,0.7783,0.2416,63.998,59.5352,24.5898
267396,-0.2533,0.7755,0.2938,60.3984,61.043,22.5605
267419,-0.1808,0.7675,0.2885,52.1895,58.082,20.5645
267442,-0.1382,0.7455,0.2598,47.3906,52.5605,19.9375
267465,-0.1355,0.7603,0.2937,41.1758,39.4824,19.9746
267488,-0.1508,0.8011,0.3857,37.5957,28.3105,20.5977
267511,-0.1538,0.825,0.2595,32.8672,9.8652,22.207
267534,-0.1857,0.7556,0.2017,28.4219,-7.7285,24.0996
267557,-0.1296,0.7429,0.1876,25.293,-17.4824,25.1387
267580,-0.087,0.8232,0.2765,20.2793,-27.7813,25.8359
267603,-0.1229,0.8544,0.2957,17.041,-31.5547,25.5605
267626,-0.1395,0.8414,0.2439,13.2324,-32.8438,24.002
267649,-0.1344,0.7819,0.1821,11.4648,-29.7852,21.3125
267672,-0.0912,0.7946,0.1941,11.4863,-26.1934,19.123
267695,-0.0964,0.8502,0.2566,12.9863,-20.2891,15.7051
267718,-0.1038,0.8105,0.1454,14.668,-17.0781,13.6074
267741,-0.0996,0.8247,0.1577,17.5039,-14.5215,11.084
267764,-0.1125,0.8154,0.1727,19.7871,-15.0781,9.4902
267787,-0.1383,0.7325,0.1434,20.6211,-17.0313,8.8965
267810,-0.1171,0.6467,0.1024,20.6426,-21.6426,8.3496
267833,0.0309,0.7056,0.1559,19.9727,-25.2168,7.873
267856,-0.009,1.3995,0.3882,18.6699,-30.1602,6.5137
267879,-0.1334,0.7151,0.045,18.0566,-32.5664,5.2168
267902,-0.113,0.8595,0.129,17.5293,-33.9297,3.1211
267925,-0.0992,0.8174,0.101,16.7871,-32.0938,1.4063
267948,-0.1082,0.8325,0.1046,15.7363,-29.2734,0.748
267971,-0.05,0.817,0.1709,12.7871,-23.4727,0.8184
267994,-0.0579,0.8214,0.2101,9.6777,-19.207,1.6973
268017,-0.043,0.7943,0.2223,3.1074,-13.1895,4.3008
268040,-0.0514,0.7576,0.1514,-5.9102,-8.3555,8.3262
268063,0.0276,0.7568,0.2375,-13.5625,-6.0742,11.7227
268086,0.0431,0.7837,0.248,-28.0547,-4.5527,17.8711
268109,0.0776,0.7014,0.35,-39.7246,-4.9941,22.6602
268132,0.0881,0.8456,0.4066,-59.4531,-7.5898,30.6211
268155,0.1592,0.7637,0.6074,-64.0,-11.5547,38.6094
268178,0.1844,0.8315,0.8949,-64.0,-14.3477,43.0273
268201,0.2288,0.8501,1.0005,-64.0,-18.0176,46.4727
268224,0.1028,0.734,0.9683,-64.0,-19.7578,45.7363
268247,0.0555,0.6096,0.8341,-64.0,-20.5117,39.4199
268270,-0.0527,0.4656,0.603,-64.0,-19.2363,27.4805
268293,-0.0886,0.5265,0.6455,-64.0,-13.8301,17.293
268316,-0.1125,0.5916,0.7424,-64.0,-3.7598,0.5508
268339,-0.1426,0.554,0.7369,-64.0,5.3613,-10.5117
268362,-0.155,0.4896,0.618,-64.0,21.7148,-25.4531
268385,-0.2498,0.4977,0.3665,-53.9668,33.7012,-33.7363
268408,-0.3468,0.5543,0.4279,-25.6465,51.9668,-43.0488
268431,-0.2727,0.6238,0.3705,2.6816,63.998,-48.4375
268454,-0.2274,0.6205,0.3049,20.6973,63.998,-50.0508
268477,-0.2726,0.5746,0.1349,45.125,63.998,-49.9902
268500,-0.2628,0.5981,0.1121,58.9629,63.998,-48.4824
268523,-0.2263,0.7721,0.2917,63.998,63.998,-44.1641
268546,-0.1655,0.9906,0.5948,63.998,63.998,-37.5391
268569,-0.2397,0.8162,0.2468,63.998,63.998,-31.998
268592,-0.1918,0.6917,0.068,63.998,59.9531,-22.2773
268615,-0.1097,0.6597,0.1241,63.998,47.2383,-15.0937
268638,-0.3005,0.927,0.66,63.998,27.2598,-3.8945
268661,-0.0959,0.9553,0.4701,63.998,14.5762,6.8691
268684,-0.3301,0.8418,0.2246,63.998,-1.6641,13.2324
268707,-0.2345,0.8732,0.2007,61.7441,-13.4473,20.8164
268730,-0.1346,0.9904,0.2761,52.2402,-18.8555,24.1504
268753,-0.2012,0.9852,0.3035,35.7676,-23.9355,25.9785
268776,-0.1918,0.9022,0.2869,23.8125,-25.6523,24.9961
268799,-0.2506,0.8156,0.3656,5.7031,-26.2344,20.625
268822,-0.3027,0.7087,0.3689,-10.9043,-25.0215,13.7754
268845,-0.28,0.6506,0.4143,-20.2422,-23.5918,8.4414
268868,-0.2913,0.6071,0.3807,-30.6699,-21.1348,0.0449
268891,-0.2053,0.5365,0.3864,-34.9941,-19.623,-5.4824
268914,-0.1841,0.5399,0.3138,-37.6289,-18.002,-13.2187
268937,-0.2332,0.5759,0.2788,-36.1211,-17.4258,-19.627
268960,-0.2571,0.7185,0.3174,-33.1328,-17.5723,-22.6367
268983,-0.2302,0.8008,0.4154,-26.1465,-18.4746,-24.4688
269006,-0.1409,0.7847,0.2974,-20.2031,-19.5195,-23.6914
269029,-0.0856,0.8557,0.3588,-10.4668,-21.7734,-19.7891
269052,-0.2755,0.9106,0.4263,-4.1816,-24.6309,-13.3867
269075,-0.2358,0.8823,0.3622,3.8457,-26.2832,-8.2148
269098,-0.1995,0.7946,0.3511,9.0957,-27.8438,-0.0137
269121,-0.1985,0.7684,0.3779,10.6523,-27.9941,5.1074
269144,-0.1567,0.7256,0.3657,10.0937,-26.9746,11.2441
269167,-0.1635,0.7141,0.3811,8.0918,-25.7344,13.8906
269190,-0.1678,0.676,0.412,3.4512,-23.6016,15.4414
269213,-0.2552,0.6389,0.3142,-2.0645,-21.7168,14.375
269236,-0.0554,0.8811,0.4092,-5.6094,-20.8223,12.5234
269259,-0.1957,0.8242,0.3894,-9.7383,-20.1504,8.5215
269282,-0.2075,0.7854,0.371,-11.2187,-20.002,5.3359
269305,-0.226,0.845,0.343,-11.1387,-19.5508,0.2559
269328,-0.2295,0.7506,0.3154,-8.4121,-18.0605,-4.6992
269351,-0.2386,0.7745,0.2992,-5.4551,-16.3262,-7.6699
269374,-0.2129,0.7671,0.3236,-0.1289,-12.6895,-11.1992
269397,-0.2045,0.7681,0.323,3.4434,-9.7129,-12.6992
269420,-0.2074,0.7781,0.3329,7.877,-4.8281,-13.4023
269443,-0.2457,0.7877,0.3015,9.7773,-0.0586,-12.2656
269466,-0.2238,0.7815,0.295,10.5801,2.7051,-10.6387
269489,-0.2174,0.7922,0.3149,8.6094,5.6934,-7.2363
269512,-0.1957,0.7551,0.301,5.6211,6.6523,-4.5195
269535,-0.1821,0.7795,0.3584,-1.6816,6.3457,-0.0156
269558,-0.2187,0.8114,0.4233,-8.6934,4.9941,3.1934
269581,-0.0369,0.9133,0.6007,-22.7207,1.293,8.0684
269604,-0.0654,0.8947,0.7687,-40.1563,-4.3711,12.1387
269627,-0.0907,0.7552,0.7128,-52.3516,-8.957,13.7344
269650,-0.1622,0.5596,0.5621,-64.0,-16.0176,13.6953
269673,-0.1667,0.5521,0.5735,-64.0,-20.002,11.9062
269696,-0.1758,0.5862,0.5715,-64.0,-23.5117,6.8398
269719,-0.1934,0.5872,0.5343,-64.0,-23.168,-0.1602
269742,-0.2366,0.6058,0.4956,-64.0,-20.9629,-5.1211
269765,-0.209,0.6084,0.614,-52.6699,-16.0996,-11.6758
269788,-0.1403,0.5741,0.5546,-38.5352,-13.0898,-14.8145
269811,-0.131,0.5521,0.4635,-17.0195,-11.2559,-17.0195
269834,-0.0934,0.6099,0.5084,1.8457,-14.2871,-15.9941
269857,-0.0471,0.7072,0.448,11.1172,-19.0156,-13.6387
269880,-0.0656,0.7571,0.3981,21.1797,-29.1855,-8.0664
269903,-0.1198,0.8486,0.4403,25.4609,-37.0469,-3.3516
269926,-0.2365,0.8378,0.5343,29.4902,-48.582,4.5078
269949,-0.0404,0.7983,0.4075,31.248,-55.252,9.7598
269972,-0.0204,0.7882,0.4915,32.9922,-62.8457,16.4199
269995,-0.0142,0.7034,0.4313,33.541,-64.0,20.1973
270018,-0.0115,0.7234,0.4921,33.0078,-64.0,20.7344
270041,-0.0048,0.6433,0.4292,30.6211,-64.0,18.7578
270064,0.0298,0.6847,0.4066,27.9941,-64.0,15.959
270087,0.0374,0.7407,0.3997,22.9434,-59.5781,10.3652
270110,0.0249,0.7557,0.4357,17.6777,-52.4355,4.1035
270133,-0.0704,0.8064,0.5502,14.8242,-46.7031,0.0957
270156,-0.0243,0.7854,0.3811,12.4395,-37.0039,-4.957
270179,-0.0298,0.8964,0.4407,12.1582,-30.2148,-7.4512
270202,-0.0332,0.7843,0.3656,13.1211,-20.3359,-9.9121
270225,-0.0128,0.7812,0.3942,14.7422,-11.6816,-11.2402
270248,-0.0289,0.8224,0.4059,15.7051,-6.9609,-11.7852
270271,-0.0209,0.6851,0.3898,16.5859,-1.7148,-12.5586
270294,-0.0739,0.7222,0.3607,16.752,0.502,-13.291
270317,-0.1005,0.7942,0.3822,16.5215,1.9883,-14.9785
270340,-0.1168,0.9653,0.3042,16.2051,1.9316,-17.4844
270363,-0.0729,0.7679,0.3611,15.7422,0.541,-19.0273
270386,-0.1084,0.8027,0.3469,15.5293,-2.252,-21.3613
270409,-0.1045,0.7882,0.324,15.6055,-4.4707,-22.5137
270432,-0.1511,0.8088,0.2834,16.0352,-7.043,-23.3164
270455,-0.1936,0.8278,0.2854,16.4551,-7.5508,-23.1289
270478,-0.2059,0.7932,0.1732,16.9824,-5.9414,-21.6895
270501,-0.153,0.8104,0.2229,16.625,-1.6895,-18.7324
270524,-0.0983,0.8154,0.2407,15.2598,1.9883,-15.7988
270547,-0.1057,1.021,0.3522,10.4824,7.0918,-9.8613
270570,-0.0847,0.9963,0.5171,5.1426,9.1699,-5.0098
270593,0.0009,0.955,0.5844,-5.748,8.8164,2.8516
270616,0.0746,0.8011,0.5342,-18.7227,3.5156,9.7949
270639,-0.0237,0.6296,0.4847,-27.623,-2.5332,12.9395
270662,-0.0443,0.5831,0.4836,-39.9434,-14.0156,14.5078
270685,0.0107,0.5616,0.5321,-46.6445,-22.1992,13.2754
270708,-0.0114,0.5363,0.4258,-53.1816,-33.9141,8.3574
270731,-0.0928,0.5448,0.4758,-54.8145,-41.084,1.1367
270754,-0.0979,0.5491,0.5132,-53.1484,-50.627,-3.9238
270777,-0.0974,0.6174,0.4813,-47.1504,-58.2617,-10.7227
270800,-0.0129,0.6443,0.3804,-41.4023,-62.0293,-14.4785
270823,0.0291,0.7224,0.3473,-31.4961,-64.0,-19.0117
270846,0.0396,0.8447,0.4711,-24.6973,-64.0,-21.3438
270869,0.0099,0.7814,0.4312,-14.6992,-64.0,-23.5801
270892,-0.0299,0.817,0.4137,-5.1348,-61.2422,-23.5547
270915,0.0012,0.8353,0.3344,0.8418,-57.3223,-21.8926
270938,0.0038,0.8834,0.4453,8.998,-50.0918,-16.9727
270961,-0.0048,0.8594,0.4457,13.9004,-44.8184,-12.5078
270984,-0.0356,0.7875,0.3992,20.4063,-36.9941,-5.1055
271007,-0.0608,0.7788,0.4161,25.3281,-29.8965,1.9141
271030,0.0046,0.7041,0.3904,27.25,-25.7363,5.8398
271053,0.0859,0.7804,0.4558,27.4336,-20.625,10.1016
271076,0.0363,0.7103,0.3792,25.5742,-18.2461,11.8086
271099,0.0377,0.7893,0.4707,19.9551,-16.5781,13.0332
271122,0.0758,0.7863,0.432,14.7187,-17.2266,13.2578
271145,0.0612,0.7538,0.3754,5.7168,-18.4727,13.0977
271168,0.0273,0.7242,0.4081,-3.2227,-21.1445,12.6426
271191,0.1134,0.7686,0.4608,-8.377,-22.9883,12.2852
271214,0.1161,0.7319,0.4036,-13.9707,-25.7832,11.6348
271237,0.1095,0.7168,0.3837,-15.9824,-27.9785,11.041
271260,0.1118,0.7993,0.4481,-16.3574,-32.5801,9.7891
271283,0.1221,0.8274,0.4153,-13.9297,-39.2969,8.0488
271306,0.136,0.8273,0.3441,-11.209,-44.8359,6.6602
271329,0.1321,0.7695,0.3719,-6.5098,-54.0742,4.4512
271352,0.1682,0.7518,0.3823,-3.582,-60.2676,3.0703
271375,0.2052,0.7456,0.3732,-0.2988,-64.0,1.3945
271398,0.1737,0.7412,0.3746,1.1953,-64.0,0.3477
271421,0.1721,0.7441,0.375,1.1895,-64.0,0.0215
271444,0.2106,0.7812,0.392,-0.0312,-64.0,0.0371
271467,0.1903,0.7477,0.3782,-1.3809,-64.0,0.3027
271490,0.1909,0.7621,0.3845,-3.7285,-62.0215,0.8848
271513,0.187,0.7598,0.3794,-5.2637,-50.7832,1.4492
271536,0.176,0.7761,0.3931,-7.1973,-42.3418,1.6973
271559,0.1719,0.7523,0.3901,-8.4629,-29.3848,1.7734
271582,0.1907,0.7578,0.3907,-8.8945,-21.2168,1.6211
271605,0.2025,0.7574,0.3787,-8.9883,-10.6855,1.1328
271628,0.188,0.749,0.3894,-8.7637,-5.2285,0.6719
271651,0.1777,0.7571,0.3895,-8.1582,0.3223,-0.168
271674,0.1904,0.7433,0.3759,-7.4043,2.9395,-1.1523
271697,0.2311,0.7506,0.3754,-6.9023,3.3633,-1.873
271720,0.1697,0.8184,0.3942,-6.2422,2.6953,-3.0566
271743,0.1119,0.7495,0.3879,-5.8906,1.9805,-3.957
271766,0.0864,0.7572,0.3712,-5.5254,1.6953,-5.5566
271789,0.0726,0.7675,0.3842,-5.3965,3.3105,-7.3613
271812,0.0977,0.7605,0.3855,-5.502,5.5801,-8.4707
271835,0.0541,0.7639,0.3672,-6.127,10.5586,-9.4629
271858,0.0396,0.7515,0.3402,-7.0332,14.8965,-9.3164
271881,-0.0095,0.7867,0.3619,-9.5312,23.3125,-7.2578
271904,-0.052,0.739,0.3391,-14.252,34.6406,-2.2754
271927,0.0986,0.8152,0.4569,-18.5469,43.7188,3.0117
271950,-0.2537,1.007,0.6244,-28.2734,57.9512,14.0332
271973,0.1423,0.8744,0.5734,-36.916,63.998,22.9688
271996,0.4037,0.9054,0.5767,-52.8535,63.998,36.4668
272019,0.2794,0.7612,0.5896,-64.0,63.998,43.8711
272042,0.2212,0.6653,0.6721,-64.0,63.998,50.7773
272065,0.1569,0.6038,0.7646,-64.0,54.5352,52.418
272088,0.2185,0.5345,0.6704,-64.0,41.7656,51.0625
272111,0.2126,0.4637,0.6221,-64.0,21.5879,46.3887
272134,0.1248,0.3755,0.6543,-64.0,9.4512,42.1699
272157,0.0291,0.23,0.7397,-64.0,-4.1426,35.3359
272180,0.1257,0.0782,0.771,-64.0,-10.6445,28.8535
272203,0.2628,0.0854,0.8318,-64.0,-11.0957,24.7539
272226,0.3467,0.0693,0.9254,-64.0,-7.2949,18.332
272249,0.3712,0.0231,0.9885,-64.0,-3.082,13.6465
272272,0.368,0.0399,0.9558,-64.0,3.2187,6.3828
272295,0.329,0.0974,1.0566,-64.0,7.0098,0.2305
272318,0.3208,0.2495,1.0936,-64.0,7.3164,-2.2637
272341,0.2518,0.3215,1.0996,-50.3926,4.377,-2.3437
272364,0.192,0.3665,1.1145,-43.1582,0.7363,0.3789
272387,0.2053,0.3568,1.0823,-36.7422,-5.7324,8.3223
272410,0.2274,0.3894,1.1737,-35.7363,-9.9082,15.5059
272433,0.2657,0.4095,1.2108,-38.6621,-14.9805,27.2285
272456,0.3258,0.3846,1.2228,-45.1016,-18.0586,37.4805
272479,0.3931,0.3507,1.1924,-50.0762,-18.9824,42.2246
272502,0.4281,0.3408,1.1639,-56.8164,-19.0703,45.1172
272525,0.3879,0.2761,1.13,-60.0723,-18.6172,44.1758
272548,0.3846,0.1985,1.0928,-62.3691,-17.7246,39.2578
272571,0.4127,0.1824,1.0326,-61.4473,-16.8145,31.666
272594,0.4749,0.1304,1.0215,-59.2988,-16.0195,25.9727
272617,0.4396,0.106,1.0314,-54.4785,-14.1699,17.5586
272640,0.3567,0.0592,0.9674,-50.6797,-12.3594,12.6016
272663,0.3064,0.0204,0.9958,-44.9629,-8.5879,7.0234
272686,0.3923,-0.0056,0.9829,-40.0957,-3.5332,4.2969
272709,0.3793,-0.0411,0.9288,-37.6328,0.2891,4.0742
272732,0.3281,-0.0173,0.9745,-35.2188,6.2773,5.791
272755,0.3258,-0.0549,0.9519,-34.3086,10.2637,8.0781
272778,0.2799,-0.0964,0.8995,-33.498,15.7969,12.9004
272801,0.224,-0.098,0.9841,-33.0195,18.959,19.3613
272824,0.2394,-0.049,0.9935,-31.8027,22.7168,23.4453
272847,0.2526,-0.0065,0.9948,-29.2695,25.1289,29.9297
272870,0.2754,-0.0112,1.0349,-26.6172,25.8281,33.6621
272893,0.2787,-0.0276,0.9633,-21.3379,25.3223,37.7285
272916,0.1874,-0.0465,0.9115,-17.332,24.0664,39.2168
272939,0.1644,-0.0311,0.9821,-11.4238,21.5605,39.6523
272962,0.2239,-0.0157,0.9819,-6.25,19.3105,38.3496
272985,0.1721,-0.0155,0.9072,-3.3535,18.2559,36.834
273008,0.1115,-0.0643,0.8673,0.0586,17.5566,34.1641
273031,0.1073,-0.0962,0.8943,1.748,17.7422,32.4648
273054,0.092,-0.0626,0.9003,3.8379,18.8828,30.3477
273077,0.1205,-0.0419,0.9362,6.2363,20.7129,28.543
273100,0.1768,-0.0421,0.901,8.4277,22.0449,27.1973
273123,0.1797,-0.0619,0.876,12.8203,23.7676,24.4902
273146,0.1823,-0.0439,0.8784,16.3691,24.5469,22.1113
273169,0.129,-0.0205,0.8795,22.248,25.0098,17.8672
273192,0.1405,-0.0023,0.8881,26.293,24.8965,13.4375
273215,0.1527,0.0201,0.8864,32.1602,24.334,10.7832
273238,0.0856,0.0062,0.8486,37.3398,23.6641,7.7871
273261,0.0808,0.0406,0.8661,40.1816,23.4531,6.6777
273284,0.1077,0.0643,0.8427,43.3457,23.8848,6.543
273307,0.0508,0.1382,0.8691,44.7324,24.748,7.4512
273330,0.0385,0.1519,0.8998,45.8984,26.8965,10.1211
273353,0.0372,0.1598,0.8292,46.1543,29.8652,14.0898
273376,-0.0475,0.1725,0.8123,45.8203,32.0762,17.3242
273399,-0.0983,0.2485,0.8528,44.5469,35.3691,22.8828
273422,-0.0605,0.3037,0.9182,43.2813,37.3457,26.8867
273445,-0.0387,0.2753,0.853,40.9805,39.6035,32.8125
273468,-0.0731,0.2921,0.8529,38.1992,40.6211,37.9512
273491,-0.1307,0.3378,0.92,35.9941,40.5059,40.6934
273514,-0.1432,0.3469,0.8828,32.1172,39.2148,43.6719
273537,-0.1055,0.384,0.9294,29.1895,37.709,44.8887
273560,-0.0641,0.3779,0.9327,24.4688,34.6016,45.5195
273583,-0.0472,0.3489,0.9357,21.2422,30.5313,44.707
273606,-0.1086,0.3604,0.9312,16.4902,27.6055,43.4883
273629,-0.0929,0.4127,1.0148,12.0469,22.8359,41.0176
273652,-0.0082,0.3715,0.9696,9.3437,19.6758,39.125
273675,-0.0276,0.311,0.9417,5.6289,15.2441,36.0762
273698,-0.0525,0.3398,1.0105,3.2832,12.6738,33.9785
273721,-0.0155,0.293,0.9473,-0.1504,9.7305,30.9297
273744,-0.0155,0.2985,0.9492,-3.543,8.084,28.207
273767,0.0662,0.3228,1.019,-5.7109,7.6055,26.6152
273790,-0.0688,0.2736,0.9814,-8.4766,7.4004,24.5137
273813,0.033,0.3142,0.903,-9.7656,7.3926,23.2813
273836,-0.0204,0.2855,0.866,-10.5918,7.3555,21.5684
273859,-0.1665,0.2717,0.9529,-9.8691,7.2324,19.7285
273882,-0.0193,0.3363,0.9177,-8.4375,7.1445,18.2598
273905,-0.0959,0.3021,0.8348,-5.041,7.0059,15.4922
273928,-0.1006,0.381,0.894,-2.2578,6.9004,13.2734
273951,-0.0552,0.4431,0.913,2.209,6.6211,9.5957
273974,-0.0203,0.5463,0.8434,5.2129,5.8145,5.9238
273997,-0.1624,0.3815,0.8966,9.5254,4.6992,3.7871
274020,-0.077,0.3829,0.8981,13.2773,1.8848,1.5195
274043,-0.2317,0.4718,0.9814,15.2578,-0.8086,0.7832
274066,-0.0913,0.3801,0.5588,16.9316,-5.8008,0.7461
274089,0.2069,0.3959,0.7875,16.7598,-9.4629,0.9668
274112,0.14,0.3875,0.8419,14.3105,-15.207,0.3437
274135,-0.0446,0.2567,0.8344,9.6211,-21.1328,-2.3809
274158,-0.025,0.1741,0.7941,5.4883,-24.9355,-5.3379
274181,0.0784,0.0825,0.7511,-1.8145,-29.8477,-11.2012
274204,0.1934,0.0979,0.6886,-6.9824,-32.3516,-16.0762
274227,0.172,0.1475,0.6914,-13.9492,-34.6406,-25.0078
274250,0.0109,-0.0155,0.5723,-18.3105,-34.7246,-35.5723
274273,-0.1587,-0.0602,0.574,-19.1094,-33.1602,-42.8965
274296,-0.1307,-0.0286,0.7488,-16.5762,-27.6797,-52.9883
274319,-0.0334,0.0898,0.7946,-12.1133,-22.0176,-58.5137
274342,0.0145,0.0425,0.5892,-1.0801,-12.2207,-64.0
274365,-0.1573,0.0717,0.4806,14.8926,-4.1211,-64.0
274388,-0.3424,0.3018,0.6801,26.959,-1.0273,-64.0
274411,-0.1813,0.5255,1.0535,47.6348,-0.0977,-64.0
274434,0.1443,0.5892,1.194,62.0605,-1.6836,-63.0059
274457,0.3064,0.6173,1.0455,63.998,-7.5176,-61.3477
274480,0.1514,0.6523,0.8705,63.998,-13.9785,-61.125
274503,-0.1674,0.6141,0.7682,63.998,-26.7715,-60.7754
274526,-0.153,0.6477,0.8037,63.998,-40.1621,-57.8516
274549,-0.0148,0.6761,0.9183,63.998,-47.4922,-53.6836
274572,0.1298,0.691,0.7969,63.998,-54.2383,-44.793
274595,0.0333,0.7197,0.73,63.2383,-55.6074,-38.1094
274618,-0.1459,0.8013,0.8872,34.6172,-53.3047,-28.5723
274641,-0.1504,0.8181,1.0067,8.0586,-46.2227,-21.1074
274664,-0.1035,0.7423,0.8506,-5.9336,-39.1797,-17.9961
274687,-0.0471,0.743,0.787,-19.3008,-26.1816,-16.9238
274710,-0.0475,0.7819,0.7723,-23.041,-16.7246,-18.6914
274733,-0.111,0.8003,0.7861,-22.1348,-2.7012,-24.2461
274756,-0.1439,0.7654,0.7678,-15.9434,10.0879,-31.2598
274779,-0.1289,0.7653,0.7855,-10.4863,17.6074,-35.4434
274802,-0.0944,0.7423,0.8024,-2.6367,26.8477,-39.3027
274825,-0.1226,0.6067,0.7041,1.1836,31.2422,-39.6152
274848,-0.1887,0.5314,0.6499,3.1875,34.7344,-36.2598
274871,-0.1504,0.5516,0.7821,1.5742,35.0391,-31.6309
274894,-0.1124,0.6278,0.8491,-4.9551,32.9512,-22.1094
274917,-0.1686,0.5867,0.806,-15.2148,28.8223,-11.3145
274940,-0.2279,0.5046,0.7349,-23.5547,25.7012,-4.4141
274963,-0.3329,0.4305,0.6427,-37.832,21.4551,4.4141
274986,-0.3448,0.3811,0.6907,-48.2168,19.2695,8.8945
275009,-0.2283,0.4176,0.8647,-63.8164,17.1016,12.9844
275032,-0.123,0.4426,0.9703,-64.0,15.7285,13.3477
275055,-0.0996,0.4387,0.9501,-64.0,14.7832,11.4082
275078,-0.1484,0.3942,0.8816,-64.0,12.7871,5.793
275101,-0.207,0.3405,0.8177,-64.0,10.9551,0.9961
275124,-0.2045,0.3275,0.8073,-64.0,7.5254,-6.1582
275147,-0.2039,0.3632,0.8251,-61.9531,3.5703,-11.5508
275170,-0.2063,0.3975,0.8562,-52.8223,0.8496,-13.5273
275193,-0.2051,0.444,0.9596,-39.0586,-3.0566,-13.6855
275216,-0.197,0.4423,0.9644,-30.6602,-5.4121,-11.9941
275239,-0.2159,0.3812,0.9176,-20.5781,-8.4805,-7.3125
275262,-0.2094,0.3389,0.8967,-16.1973,-10.1992,-1.2578
275285,-0.194,0.3124,0.9054,-13.6289,-12.2715,3.1992
275308,-0.1726,0.3239,0.9568,-15.1992,-13.7227,8.832
275331,-0.1558,0.3129,1.0007,-17.6348,-14.3437,11.5352
275354,-0.1558,0.2795,0.99,-21.6836,-14.7402,13.5215
275377,-0.1533,0.2703,0.9548,-23.8242,-14.6504,13.4492
275400,-0.152,0.2594,0.9431,-25.3672,-13.9395,11.6035
275423,-0.1697,0.2784,0.942,-24.6074,-12.4687,8.4492
275446,-0.1666,0.2925,0.9559,-22.9609,-11.1133,6.1426
275469,-0.1497,0.2905,0.9312,-19.3867,-8.7246,3.0742
275492,-0.1434,0.274,0.8751,-16.7598,-7.0371,1.5586
275515,-0.1686,0.2822,0.8922,-13.3203,-4.6152,0.3125
275538,-0.1763,0.287,0.9321,-11.168,-2.584,0.3496
275561,-0.1503,0.2819,0.9532,-10.5723,-1.5645,0.9922
275584,-0.1501,0.2656,0.9095,-10.8652,-0.6523,2.5625
275607,-0.1733,0.2367,0.9043,-11.7539,-0.4551,3.7852
275630,-0.1835,0.2347,0.9103,-13.8477,-0.668,5.543
275653,-0.1819,0.2585,0.9569,-15.4375,-1.0605,6.9102
275676,-0.1611,0.2638,0.9774,-17.3477,-1.8496,7.4727
275699,-0.1597,0.2419,0.9264,-17.8906,-2.6738,7.6719
275722,-0.1531,0.2349,0.9264,-17.3359,-3.127,7.3848
275745,-0.1501,0.2344,0.9114,-15.3535,-3.5312,6.4902
275768,-0.1561,0.2546,0.9303,-13.5195,-3.5957,5.7363
275791,-0.1519,0.2705,0.9465,-10.4336,-3.4531,4.6367
275814,-0.1407,0.2838,0.9384,-7.332,-3.1641,3.8027
275837,-0.1531,0.2987,0.9358,-5.4102,-2.9687,3.4473
275860,-0.1605,0.296,0.9326,-2.9062,-2.7344,3.2051
275883,-0.1428,0.2958,0.9259,-1.5527,-2.6211,3.1816
275906,-0.1432,0.2944,0.9268,-0.0469,-2.5215,3.2031
275929,-0.1571,0.3007,0.948,0.8555,-2.5137,3.1016
275952,-0.1439,0.2968,0.9709,1.168,-2.5566,2.8887
275975,-0.1392,0.2716,0.9417,1.2344,-2.6934,2.2812
275998,-0.1318,0.2489,0.9142,0.9688,-2.8242,1.6777
276021,-0.1459,0.2386,0.9091,0.0488,-3.0547,0.5547
276044,-0.1637,0.2491,0.9258,-0.8516,-3.2227,-0.6074
276067,-0.1593,0.2495,0.925,-2.3457,-3.4609,-1.2578
276090,-0.1494,0.2505,0.9329,-3.6523,-3.6602,-1.8926
276113,-0.14,0.2418,0.9446,-4.2871,-3.7754,-2.0508
276136,-0.1331,0.2473,0.9398,-4.793,-3.9609,-1.8887
276159,-0.1383,0.2617,0.9532,-4.8203,-4.1074,-1.5313
276182,-0.1313,0.2727,0.9188,-4.4062,-4.3594,-0.6641
276205,-0.1287,0.2795,0.9177,-3.5645,-4.6641,0.5332
276228,-0.1222,0.2869,0.9291,-2.8672,-4.9199,1.4668
276251,-0.1124,0.3002,0.9189,-1.7754,-5.3789,2.9375
276274,-0.1216,0.3085,0.9248,-1.0879,-5.709,3.875
276297,-0.119,0.3282,0.9515,-0.1973,-6.1367,5.0762
276320,-0.1052,0.3213,0.9581,0.4824,-6.3457,5.877
276343,-0.0858,0.3126,0.9491,0.7734,-6.3203,6.0977
276366,-0.1245,0.3206,0.9596,0.8867,-6.0156,5.8574
276389,-0.1165,0.318,0.9595,0.7324,-5.6172,5.291
276412,-0.1259,0.3055,0.959,0.1934,-4.7187,3.8984
276435,-0.1229,0.2913,0.9618,-0.334,-3.5039,1.9961
276458,-0.1278,0.2797,0.9468,-1.3047,-2.5527,0.5449
276481,-0.1472,0.2596,0.9237,-2.4004,-0.9473,-1.7344
276504,-0.1567,0.2474,0.9064,-3.1445,0.2285,-3.1953
276527,-0.1598,0.2433,0.9016,-4.1992,2.0762,-5.0801
276550,-0.1599,0.2427,0.9108,-4.8027,3.2832,-6.0254
276573,-0.157,0.2479,0.9067,-5.4668,4.8574,-6.8516
276596,-0.1632,0.2606,0.9104,-5.7656,5.8848,-6.9043
276619,-0.1567,0.2765,0.932,-5.7422,6.1602,-6.5176
276642,-0.1467,0.2847,0.9194,-5.3906,5.9004,-5.4023
276665,-0.1562,0.2791,0.9082,-4.998,5.3086,-4.3945
276688,-0.161,0.2825,0.9135,-4.3105,3.9395,-2.6816
276711,-0.1481,0.2896,0.9308,-3.6426,2.2109,-0.9609
276734,-0.1437,0.2847,0.9396,-3.2559,0.9785,0.0605
276757,-0.1423,0.2744,0.9453,-2.8047,-0.8125,1.2559
276780,-0.1385,0.2679,0.9373,-2.6094,-1.877,1.7891
276803,-0.1477,0.2621,0.9275,-2.4941,-3.1445,2.2168
276826,-0.1504,0.2665,0.932,-2.5391,-3.9121,2.332
276849,-0.1428,0.2687,0.9233,-2.7695,-4.125,2.3359
276872,-0.1371,0.2776,0.9128,-3.123,-4.0352,2.3516
276895,-0.1398,0.2943,0.9246,-3.3652,-3.7578,2.4121
276918,-0.1371,0.3066,0.9393,-3.6094,-3.1562,2.6094
276941,-0.1409,0.312,0.932,-3.6309,-2.7285,2.7949
276964,-0.1442,0.3088,0.9235,-3.4258,-2.1719,3.0781
276987,-0.1483,0.3025,0.9084,-3.0195,-1.7891,3.2422
277010,-0.1543,0.3054,0.9171,-2.7168,-1.627,3.2168
277033,-0.1422,0.3003,0.9387,-2.3223,-1.502,2.8926
277056,-0.127,0.2886,0.9353,-2.1406,-1.5098,2.4531
277079,-0.134,0.276,0.9323,-2.0469,-1.6875,1.4551
277102,-0.1392,0.2714,0.9297,-2.2109,-2.0488,0.1426
277125,-0.141,0.2708,0.947,-2.4492,-2.3379,-0.8086
277148,-0.1405,0.2681,0.9491,-2.9102,-2.752,-2.1719
277171,-0.1345,0.2623,0.9349,-3.2246,-2.9629,-2.9473
277194,-0.1354,0.2682,0.9253,-3.6289,-3.1055,-3.7871
277217,-0.1523,0.2749,0.9257,-3.8887,-2.9844,-4.1484
277240,-0.1523,0.2837,0.9366,-3.9512,-2.7676,-4.0957
277263,-0.1373,0.2876,0.9315,-3.8652,-2.3203,-3.6113
277286,-0.1501,0.2827,0.9139,-3.707,-1.9902,-3.0742
277309,-0.1616,0.2767,0.9056,-3.3984,-1.5,-2.0762
277332,-0.1498,0.3121,0.9221,-3.1953,-1.209,-0.8477
277355,-0.1351,0.2863,0.9459,-2.9414,-0.9414,-0.2715
277378,-0.1348,0.2699,0.9298,-2.7969,-1.0371,0.6777
277401,-0.1361,0.262,0.923,-2.8184,-1.3652,1.2109
277424,-0.1326,0.2676,0.9196,-3.0918,-2.2168,1.8633
277447,-0.1365,0.2711,0.9181,-3.4219,-2.9453,2.2187
277470,-0.1267,0.2848,0.9313,-3.998,-4.0879,2.6758
277493,-0.121,0.2908,0.928,-4.4453,-5.041,3.082
277516,-0.1285,0.2906,0.9144,-4.5684,-5.4609,3.334
277539,-0.1351,0.2898,0.9161,-4.4277,-5.6777,3.7031
277562,-0.1281,0.2968,0.9277,-4.1191,-5.5586,3.9414
277585,-0.1249,0.2983,0.9344,-3.373,-5.0898,4.2598
277608,-0.1233,0.2913,0.9241,-2.3906,-4.4687,4.4863
277631,-0.1304,0.282,0.9124,-1.709,-4.0801,4.5723
277654,-0.126,0.2845,0.9144,-0.8516,-3.6582,4.625
277677,-0.126,0.2894,0.9231,-0.4785,-3.5391,4.6309
277700,-0.1121,0.2827,0.9287,-0.2871,-3.668,4.6387
277723,-0.0978,0.2917,0.9373,-0.3848,-3.9707,4.6562
277746,-0.0929,0.3038,0.9523,-0.7734,-4.6973,4.6719
277769,-0.0861,0.3127,0.9386,-1.248,-5.5977,4.6934
277792,-0.0985,0.3225,0.9371,-1.502,-6.1719,4.6934
277815,-0.1158,0.3168,0.9302,-1.6973,-6.8145,4.6582
277838,-0.1039,0.3187,0.9357,-1.7246,-7.0391,4.6035
277861,-0.0931,0.3167,0.9323,-1.7285,-7.0625,4.4551
277884,-0.0928,0.3063,0.9343,-1.8418,-6.8242,4.1641
277907,-0.0746,0.3101,0.9366,-2.0312,-6.5957,3.8477
277930,-0.0828,0.307,0.9329,-2.498,-6.2285,3.1426
277953,-0.0945,0.3097,0.9449,-2.8926,-5.9824,2.5117
277976,-0.0945,0.3041,0.9437,-3.5156,-5.6094,1.3672
277999,-0.0969,0.2898,0.9167,-4.0977,-5.209,0.0703
278022,-0.0937,0.2903,0.9198,-4.4453,-4.916,-0.8301
278045,-0.0966,0.2988,0.9425,-4.8672,-4.4297,-2.1602
278068,-0.0981,0.2942,0.9424,-5.041,-4.0762,-2.9844
278091,-0.0948,0.2747,0.9209,-5.1133,-3.5391,-4.0508
278114,-0.0884,0.2709,0.9193,-5.0742,-3.1953,-4.8398
278137,-0.1012,0.2731,0.9266,-4.9785,-2.7187,-5.1777
278160,-0.1047,0.2826,0.938,-4.8848,-2.3066,-5.3535
278183,-0.1023,0.2839,0.9401,-4.8125,-2.084,-5.2363
278206,-0.0952,0.2877,0.9333,-4.6738,-1.8496,-4.7266
278229,-0.0952,0.2886,0.9324,-4.5723,-1.7715,-4.2012
278252,-0.0989,0.2896,0.9381,-4.4473,-1.7578,-3.2246
278275,-0.095,0.2976,0.9355,-4.3809,-1.8398,-2.1406
278298,-0.0919,0.2949,0.9408,-4.3633,-1.9336,-1.4258
278321,-0.0968,0.2944,0.924,-4.3789,-2.0977,-0.459
278344,-0.1047,0.2991,0.9369,-4.4316,-2.1875,0.0742
278367,-0.0973,0.2976,0.9341,-4.5742,-2.2363,0.6543
278390,-0.0902,0.2971,0.9338,-4.7461,-2.1699,0.916
278413,-0.099,0.2993,0.9402,-4.8379,-2.0781,0.8848
278436,-0.1075,0.2953,0.9348,-4.8906,-1.9102,0.5371
278459,-0.1039,0.2827,0.9325,-4.8633,-1.791,0.1328
278482,-0.0996,0.2726,0.9286,-4.7793,-1.6152,-0.6562
278505,-0.0996,0.2682,0.9263,-4.7305,-1.459,-1.5547
278528,-0.1017,0.2756,0.9401,-4.6777,-1.3672,-2.1465
278551,-0.1021,0.2778,0.9325,-4.5937,-1.2617,-2.918
278574,-0.1169,0.2736,0.9266,-4.4961,-1.2285,-3.3008
278597,-0.1196,0.272,0.9208,-4.3047,-1.248,-3.6055
278620,-0.1102,0.2721,0.9224,-4.1777,-1.3027,-3.6055
278643,-0.0964,0.2751,0.9337,-4.0215,-1.457,-3.3223
278666,-0.0912,0.2877,0.9539,-3.877,-1.7461,-2.7871
278689,-0.0918,0.2841,0.9459,-3.75,-2.0332,-2.3516
278712,-0.0986,0.2827,0.9324,-3.5059,-2.5684,-1.6563
278735,-0.1016,0.2913,0.939,-3.3379,-2.9395,-1.1914
278758,-0.1001,0.2926,0.9346,-3.1348,-3.3965,-0.5273
278781,-0.0974,0.2972,0.9346,-3.0215,-3.6504,0.0352
278804,-0.0941,0.2987,0.9397,-2.9941,-3.6992,0.3164
278827,-0.0945,0.2916,0.9293,-3.0098,-3.6133,0.543
278850,-0.0967,0.2894,0.9374,-3.0605,-3.4766,0.5488
278873,-0.1045,0.2894,0.9307,-3.1895,-3.1738,0.3359
278896,-0.1116,0.2827,0.9293,-3.2949,-2.7617,-0.0996
278919,-0.106,0.2739,0.9376,-3.4531,-2.4375,-0.4707
278942,-0.0972,0.2787,0.9448,-3.5937,-1.9395,-1.0762
278965,-0.1071,0.2675,0.9235,-3.6777,-1.6543,-1.459
278988,-0.1049,0.264,0.9266,-3.8203,-1.377,-1.916
279011,-0.0969,0.2732,0.9423,-3.9395,-1.3086,-2.0996
279034,-0.1047,0.271,0.9329,-4.1387,-1.3828,-2.1504
279057,-0.1044,0.2804,0.9341,-4.3164,-1.623,-1.9121
279080,-0.1029,0.2837,0.9307,-4.3965,-1.834,-1.6016
279103,-0.1011,0.2858,0.9318,-4.416,-2.168,-0.957
279126,-0.0953,0.2941,0.9366,-4.3477,-2.3848,-0.459
279149,-0.0969,0.2871,0.9395,-4.125,-2.6855,0.293
279172,-0.0846,0.291,0.9401,-3.8145,-2.9609,0.9375
279195,-0.0759,0.2947,0.9639,-3.6035,-3.127,1.2598
279218,-0.0856,0.292,0.9432,-3.3672,-3.2891,1.5469
279241,-0.1078,0.2849,0.9343,-3.3262,-3.2812,1.623
279264,-0.1085,0.2882,0.9336,-3.5176,-2.9902,1.6152
279287,-0.1057,0.2856,0.9243,-3.7871,-2.3594,1.4844
279310,-0.1016,0.2946,0.9398,-4.2695,-1.8184,1.3105
279333,-0.1068,0.2881,0.9287,-4.6699,-0.9902,0.8887
279356,-0.1125,0.2703,0.9138,-4.8379,-0.5215,0.4922
279379,-0.1099,0.2654,0.9324,-4.9414,-0.0703,-0.2441
279402,-0.0945,0.2637,0.9469,-4.9258,0.0059,-0.7988
279425,-0.0826,0.2716,0.9595,-4.7832,-0.2734,-1.6445
279448,-0.0933,0.27,0.9492,-4.5,-0.9941,-2.3984
279471,-0.0978,0.2738,0.9489,-4.2539,-1.6191,-2.7793
279494,-0.1034,0.2736,0.9298,-3.8672,-2.5547,-3.0742
279517,-0.1071,0.2732,0.9198,-3.6406,-3.0566,-3.0566
279540,-0.1039,0.2867,0.9381,-3.3945,-3.4922,-2.7207
279563,-0.1014,0.2854,0.9325,-3.2383,-3.5234,-2.1074
279586,-0.0963,0.2874,0.9408,-3.1621,-3.3711,-1.623
279609,-0.0972,0.2841,0.9491,-3.0703,-2.9961,-0.9043
279632,-0.1011,0.2728,0.9374,-3.0234,-2.7051,-0.4941
279655,-0.097,0.2773,0.9392,-2.9961,-2.2715,-0.0488
279678,-0.0961,0.2935,0.9463,-3.0332,-1.8887,0.1621
279701,-0.1171,0.2875,0.9293,-3.084,-1.6641,0.1719
279724,-0.1306,0.2827,0.9084,-3.1934,-1.3691,-0.0215
279747,-0.12,0.2877,0.9371,-3.2891,-1.2051,-0.3223
279770,-0.0924,0.2609,0.9158,-3.4492,-1.0078,-1.1367
279793,-0.0944,0.2577,0.929,-3.5781,-0.9258,-2.4414
279816,-0.1019,0.2692,0.9558,-3.793,-0.9453,-3.4043
279839,-0.1001,0.269,0.9583,-3.9355,-1.1836,-4.8047
279862,-0.0909,0.2662,0.9476,-3.9434,-1.4492,-5.4863
279885,-0.0952,0.2672,0.9365,-3.8516,-1.9004,-5.8926
279908,-0.1201,0.272,0.9381,-3.7754,-2.127,-5.6855
279931,-0.1221,0.2795,0.96,-3.7363,-2.1699,-4.668
279954,-0.1082,0.2913,0.9452,-3.875,-1.7656,-2.9707
279977,-0.1212,0.2749,0.9092,-4.1211,-1.2617,-1.627
280000,-0.1263,0.2649,0.933,-4.8086,-0.2187,0.4141
280023,-0.1079,0.2816,0.9624,-5.4746,0.5742,1.6406
280046,-0.1001,0.2681,0.9401,-6.623,1.6406,3.0508
280069,-0.1102,0.2599,0.9307,-7.7109,2.2656,3.7578
280092,-0.1188,0.2697,0.9438,-8.2832,2.3594,3.7988
280115,-0.131,0.2629,0.9343,-8.752,2.0547,3.2754
280138,-0.1263,0.2522,0.9281,-8.75,1.6309,2.627
280161,-0.1107,0.2549,0.9337,-8.2793,0.8145,1.4023
280184,-0.1138,0.2529,0.9489,-7.7012,0.2324,0.1172
280207,-0.123,0.2521,0.9458,-6.5645,-0.5918,-0.6406
280230,-0.1135,0.2622,0.9576,-5.2832,-1.2656,-1.4609
280253,-0.1123,0.2648,0.9342,-4.4531,-1.5996,-1.7363
280276,-0.1198,0.266,0.9401,-3.3867,-1.9023,-1.7246
280299,-0.1246,0.2704,0.928,-2.8613,-1.9727,-1.4668
280322,-0.1271,0.2651,0.9354,-2.3906,-1.9121,-0.8164
280345,-0.1157,0.2693,0.9404,-2.2656,-1.7207,-0.0254
280368,-0.1119,0.2623,0.9298,-2.334,-1.5762,0.4785
280391,-0.1176,0.2635,0.9414,-2.5918,-1.4121,1.0859
280414,-0.1183,0.2604,0.9449,-2.8301,-1.3672,1.3574
280437,-0.1185,0.2625,0.9456,-3.2168,-1.4219,1.5605
280460,-0.1101,0.2715,0.9501,-3.5586,-1.6191,1.5566
280483,-0.1039,0.2699,0.9532,-3.7246,-1.8164,1.4746
280506,-0.1064,0.2744,0.9542,-3.877,-2.1719,1.2832
280529,-0.1168,0.2723,0.9482,-3.9336,-2.4121,1.1426
280552,-0.1161,0.2678,0.9429,-4.0,-2.6914,0.9492
280575,-0.1074,0.2634,0.9392,-4.0488,-2.7793,0.7852
280598,-0.1189,0.262,0.9377,-4.125,-2.7266,0.6738
280621,-0.1254,0.2664,0.9487,-4.1758,-2.459,0.4863
280644,-0.125,0.2535,0.9272,-4.1797,-2.1934,0.3457
280667,-0.1201,0.2568,0.9269,-4.1621,-1.7422,0.1211
280690,-0.1183,0.2587,0.9384,-4.1562,-1.4629,-0.0273
280713,-0.1141,0.2551,0.9431,-4.1523,-1.1836,-0.2168
280736,-0.1042,0.2601,0.9575,-4.1348,-1.1602,-0.3281
280759,-0.1063,0.2611,0.9503,-4.0996,-1.3047,-0.3496
280782,-0.1162,0.255,0.9464,-4.0156,-1.707,-0.2852
280805,-0.1063,0.2706,0.9548,-3.9492,-2.041,-0.1719
280828,-0.1146,0.2708,0.9451,-3.8555,-2.5371,0.0996
280851,-0.1195,0.2653,0.9259,-3.7988,-2.9277,0.457
280874,-0.1094,0.2725,0.9398,-3.8086,-3.0898,0.709
280897,-0.1095,0.2699,0.9481,-3.8926,-3.1797,1.0332
280920,-0.1034,0.267,0.9574,-3.9785,-3.1641,1.1699
280943,-0.1012,0.2576,0.9515,-4.123,-3.0957,1.2129
280966,-0.1117,0.2469,0.9526,-4.2324,-3.0332,1.0664
280989,-0.1028,0.252,0.9504,-4.4297,-3.002,0.8965
281012,-0.1105,0.2542,0.9507,-4.6523,-2.9531,0.6016
281035,-0.1213,0.2583,0.9397,-4.7891,-2.8984,0.4238
281058,-0.1113,0.2589,0.9402,-4.9316,-2.7559,0.2363
281081,-0.1069,0.2676,0.9463,-4.9629,-2.6191,0.166
281104,-0.1136,0.2592,0.9403,-4.877,-2.3965,0.1133
281127,-0.1031,0.2574,0.9429,-4.6406,-2.2227,0.0762
281150,-0.1011,0.2588,0.9523,-4.4277,-2.1641,0.0352
281173,-0.1049,0.2604,0.9574,-4.0566,-2.1836,-0.082
281196,-0.1018,0.2634,0.9585,-3.7852,-2.2617,-0.2031
281219,-0.1084,0.2621,0.939,-3.377,-2.4297,-0.4336
281242,-0.1107,0.2678,0.9438,-3.0215,-2.5801,-0.6855
281265,-0.1041,0.2714,0.9572,-2.8398,-2.6289,-0.8496
281288,-0.0999,0.2762,0.9539,-2.666,-2.6016,-1.0996
281311,-0.1116,0.2737,0.9495,-2.6191,-2.5215,-1.2871
281334,-0.1124,0.2834,0.9326,-2.6719,-2.3203,-1.6211
281357,-0.1193,0.2811,0.9237,-2.7949,-2.0273,-2.0391
281380,-0.1179,0.2704,0.9053,-3.0957,-1.7969,-2.3867
281403,-0.1293,0.2563,0.9071,-3.5215,-1.4707,-3.0488
281426,-0.1349,0.2456,0.9568,-3.8691,-1.3242,-3.5918
281449,-0.1194,0.2208,0.9781,-4.4746,-1.3496,-4.5254
281472,-0.0974,0.1945,0.9773,-4.9512,-1.623,-5.1738
281495,-0.0939,0.1792,0.9629,-5.8301,-2.4941,-6.0605
281518,-0.0977,0.1802,0.9569,-6.9043,-3.7812,-6.6191
281541,-0.1002,0.1863,0.9667,-7.6543,-4.6953,-6.666
281564,-0.0892,0.2078,0.9689,-8.6016,-5.834,-6.0527
281587,-0.0817,0.2288,0.9521,-8.9727,-6.291,-5.1211
281610,-0.1013,0.2556,0.9512,-8.9609,-6.3789,-2.9551
281633,-0.1157,0.2843,0.9406,-8.1875,-5.7031,-0.0234
281656,-0.1091,0.2961,0.9696,-7.2695,-4.8848,2.1797
281679,-0.0907,0.2865,0.9756,-5.4395,-3.3223,5.459
281702,-0.0842,0.2896,1.0159,-4.0488,-2.2246,7.3516
281725,-0.0757,0.3052,1.0045,-1.9473,-0.7344,9.3105
281748,-0.1151,0.2887,0.9139,0.0156,0.5098,9.8535
281771,-0.1517,0.2986,0.917,1.2598,1.3145,9.3437
281794,-0.1316,0.333,0.9611,3.2324,2.7187,7.3184
281817,-0.125,0.3032,0.9066,4.7344,3.8203,5.2148
281840,-0.1509,0.261,0.8429,7.0684,5.5918,1.2266
281863,-0.1714,0.2351,0.8263,8.3105,6.7227,-1.707
281886,-0.1718,0.2185,0.8373,9.0273,8.0859,-5.918
281909,-0.1522,0.2235,0.8882,7.9746,8.6836,-9.2461
281932,-0.121,0.2427,0.9624,6.3848,8.4219,-10.7227
281955,-0.1113,0.2501,0.9692,3.1973,6.7715,-11.668
281978,-0.1259,0.2432,0.9561,0.8984,4.8184,-11.459
282001,-0.12,0.2557,0.97,-2.3047,0.9434,-10.0234
282024,-0.0991,0.2745,0.9915,-4.752,-3.3691,-7.5684
282047,-0.0968,0.2772,0.9841,-5.7891,-6.0762,-5.625
282070,-0.1072,0.2762,0.9532,-6.3652,-9.332,-2.6582
282093,-0.1295,0.2751,0.9163,-6.1582,-10.709,-0.8496
282116,-0.1387,0.2847,0.9194,-5.1875,-11.3281,1.373
282139,-0.12,0.3041,0.9382,-3.7715,-10.2871,2.8535
282162,-0.1072,0.3151,0.932,-2.7539,-8.9043,3.3848
282185,-0.1227,0.317,0.9138,-1.3691,-6.3008,3.5059
282208,-0.1274,0.3163,0.925,-0.666,-4.4902,3.1816
282231,-0.1097,0.3148,0.9333,-0.0762,-2.0527,2.207
282254,-0.115,0.2977,0.9349,-0.0137,-0.7852,0.7969
282277,-0.1204,0.2871,0.9554,-0.3789,0.416,-0.3535
282300,-0.1194,0.2825,0.9591,-1.1758,0.7676,-2.2207
282323,-0.1322,0.2731,0.9592,-1.8574,0.6016,-3.5098
282346,-0.1377,0.2522,0.9626,-2.9785,-0.0312,-5.3906
282369,-0.1312,0.2467,0.9623,-3.7383,-0.5449,-6.541
282392,-0.1355,0.2361,0.9476,-4.8262,-1.1836,-8.0059
282415,-0.1558,0.2235,0.9226,-5.7871,-1.418,-9.0625
282438,-0.1576,0.22,0.921,-6.3398,-1.2695,-9.4805
282461,-0.1488,0.2196,0.9407,-7.0215,-0.6113,-9.6113
282484,-0.1428,0.2241,0.9327,-7.3633,0.0273,-9.3477
282507,-0.1519,0.2235,0.9224,-7.709,1.0625,-8.4121
282530,-0.1425,0.243,0.9307,-7.8574,1.959,-6.8555
282553,-0.14,0.2637,0.9371,-7.8281,2.3867,-5.5176
282576,-0.1484,0.2745,0.927,-7.5312,2.6953,-3.209
282599,-0.1578,0.2811,0.9146,-7.1445,2.6758,-1.584
282622,-0.1703,0.2811,0.9275,-6.3242,2.3555,0.7559
282645,-0.167,0.2842,0.9419,-5.666,1.9922,2.7051
282668,-0.1479,0.2739,0.9277,-4.6094,1.2754,3.6543
282691,-0.144,0.2646,0.9238,-3.6152,0.4062,4.4102
282714,-0.1472,0.2583,0.926,-3.0703,-0.2324,4.4414
282737,-0.1422,0.2544,0.9354,-2.5176,-1.2285,3.8594
282760,-0.1334,0.2643,0.9485,-2.334,-1.8965,3.1445
282783,-0.1389,0.2648,0.9568,-2.2656,-2.875,1.7871
282806,-0.146,0.2605,0.9424,-2.3457,-3.7734,0.3359
282829,-0.1477,0.2601,0.9431,-2.4434,-4.2773,-0.5605
282852,-0.1473,0.2513,0.9371,-2.625,-4.8184,-1.6719
282875,-0.1439,0.2469,0.937,-2.7676,-5.0176,-2.2109
282898,-0.1311,0.2507,0.9529,-3.0059,-5.0957,-2.6855
282921,-0.1279,0.2491,0.9357,-3.2266,-4.9687,-2.7734
282944,-0.1428,0.2518,0.9382,-3.3359,-4.8086,-2.6367
282967,-0.1381,0.2573,0.9409,-3.3945,-4.4961,-2.1738
282990,-0.1337,0.2589,0.9398,-3.3496,-4.2617,-1.7246
283013,-0.1383,0.2598,0.9419,-3.1582,-3.9277,-0.9219
283036,-0.1417,0.2609,0.9402,-2.9727,-3.7441,-0.0566
283059,-0.1368,0.2671,0.9471,-2.666,-3.5527,0.5098
283082,-0.124,0.2623,0.9266,-2.3828,-3.4707,1.2832
283105,-0.1255,0.2605,0.9268,-2.2422,-3.4727,1.7246
283128,-0.1274,0.2705,0.9451,-2.1309,-3.543,2.248
283151,-0.1289,0.2725,0.9526,-2.1172,-3.6289,2.5098
283174,-0.1207,0.2776,0.9529,-2.1504,-3.8105,2.7793
283197,-0.12,0.281,0.9502,-2.2109,-4.0332,2.9141
283220,-0.1215,0.277,0.9415,-2.2539,-4.1699,2.9316
283243,-0.1222,0.2709,0.9286,-2.332,-4.3125,2.8496
283266,-0.1281,0.2728,0.9443,-2.4219,-4.3379,2.7285
283289,-0.1237,0.2684,0.9435,-2.6367,-4.2578,2.4609
283312,-0.119,0.2535,0.9301,-2.9492,-4.0762,2.123
283335,-0.1171,0.2545,0.9413,-3.2051,-3.9219,1.877
283358,-0.1128,0.2615,0.9519,-3.6113,-3.6855,1.5234
283381,-0.1096,0.2617,0.9484,-3.8457,-3.5352,1.3242
283404,-0.1111,0.2722,0.9442,-4.0586,-3.3281,1.1211
283427,-0.1285,0.2758,0.9473,-4.084,-3.1113,1.0605
283450,-0.1188,0.2784,0.9348,-3.9512,-2.9434,1.1055
283473,-0.1139,0.2816,0.9327,-3.668,-2.6348,1.2559
283496,-0.1241,0.2714,0.9388,-3.4395,-2.3984,1.3711
283519,-0.1184,0.2687,0.9365,-3.1133,-2.0371,1.4922
283542,-0.1199,0.2632,0.9495,-2.9531,-1.8203,1.5039
283565,-0.1179,0.2562,0.936,-2.8359,-1.5742,1.4023
283588,-0.1128,0.2574,0.9407,-2.877,-1.4414,1.1816
283611,-0.1154,0.2627,0.9415,-2.9824,-1.4141,1.0039
283634,-0.1205,0.2706,0.9506,-3.2109,-1.4492,0.7734
283657,-0.12,0.2786,0.9406,-3.375,-1.5078,0.6797
283680,-0.1201,0.278,0.9299,-3.5781,-1.6016,0.6738
283703,-0.115,0.2819,0.9418,-3.7012,-1.6699,0.8125
283726,-0.1157,0.274,0.9395,-3.7324,-1.6895,0.9492
283749,-0.1184,0.2717,0.9338,-3.707,-1.6875,1.1484
283772,-0.1172,0.2778,0.9481,-3.6484,-1.668,1.2383
283795,-0.1237,0.2688,0.931,-3.5098,-1.6172,1.2676
283818,-0.123,0.2671,0.9323,-3.4043,-1.5508,1.1582
283841,-0.1259,0.2662,0.9366,-3.2734,-1.5137,1.0137
283864,-0.1254,0.2612,0.9371,-3.2148,-1.498,0.7109
283887,-0.1134,0.2635,0.9427,-3.2187,-1.5371,0.4766
283910,-0.1058,0.2664,0.9498,-3.2656,-1.6875,0.1152
283933,-0.1116,0.2634,0.9373,-3.2891,-1.8535,-0.1094
283956,-0.1145,0.2711,0.949,-3.2754,-2.1562,-0.3789
283979,-0.1132,0.2744,0.9469,-3.1758,-2.457,-0.5293
284002,-0.1177,0.2749,0.9293,-3.0586,-2.6152,-0.5488
284025,-0.1251,0.2798,0.9353,-2.8398,-2.7383,-0.4707
284048,-0.1229,0.2792,0.9243,-2.6895,-2.7324,-0.3633
284071,-0.1189,0.2782,0.9366,-2.502,-2.6035,-0.1797
284094,-0.1091,0.2745,0.9473,-2.3965,-2.416,-0.0488
284117,-0.1049,0.2645,0.9417,-2.375,-2.3125,-0.0352
284140,-0.1129,0.265,0.9468,-2.4141,-2.25,-0.1426
284163,-0.1199,0.2628,0.9374,-2.4648,-2.2695,-0.2871
284186,-0.1241,0.2596,0.9318,-2.5352,-2.3379,-0.5469
284209,-0.1113,0.2703,0.9485,-2.5449,-2.3887,-0.7715
284232,-0.1062,0.2782,0.9375,-2.4824,-2.3945,-0.8574
284255,-0.12,0.2788,0.9305,-2.2754,-2.3613,-0.8594
284278,-0.121,0.2814,0.9282,-2.0859,-2.3086,-0.7617
284301,-0.1222,0.2838,0.9358,-1.8184,-2.1836,-0.4824
284324,-0.119,0.276,0.9332,-1.6992,-2.0859,-0.2383
284347,-0.1075,0.2787,0.9403,-1.668,-1.9609,0.1406
284370,-0.1102,0.2773,0.9325,-1.8223,-1.9141,0.4453
284393,-0.1202,0.2729,0.9352,-2.0137,-1.9414,0.5781
284416,-0.1093,0.2789,0.9423,-2.3828,-2.0547,0.6582
284439,-0.1025,0.2871,0.9482,-2.6445,-2.166,0.6348
284462,-0.1121,0.283,0.9409,-2.9785,-2.3555,0.4941
284485,-0.1141,0.2808,0.9269,-3.1992,-2.5215,0.2539
284508,-0.1224,0.2771,0.9286,-3.2871,-2.5859,0.0625
284531,-0.12,0.276,0.9409,-3.3613,-2.5801,-0.2363
284554,-0.1064,0.2716,0.9347,-3.3906,-2.5137,-0.4277
284577,-0.1105,0.2686,0.933,-3.4277,-2.3691,-0.7031
284600,-0.1166,0.274,0.9371,-3.4551,-2.2227,-0.9551
284623,-0.1162,0.2765,0.9382,-3.459,-2.1406,-1.0957
284646,-0.1079,0.2837,0.9492,-3.4316,-2.0527,-1.2441
284669,-0.1094,0.2825,0.9391,-3.3906,-2.0195,-1.2949
284692,-0.1191,0.275,0.927,-3.3047,-1.9902,-1.3066
284715,-0.121,0.2773,0.9381,-3.2461,-1.9551,-1.2852
284738,-0.1382,0.282,0.9392,-3.1602,-1.8496,-1.2383
284761,-0.1389,0.3018,1.0172,-3.041,-1.6719,-1.2207
284784,-0.1135,0.34,1.0811,-2.9141,-1.5547,-1.2617
284807,-0.1146,0.3337,1.1436,-2.6367,-1.4805,-1.5059
284830,-0.0662,0.3018,1.1191,-2.4141,-1.5273,-1.877
284853,-0.1476,0.239,0.9497,-2.0566,-1.5547,-2.9668
284876,-0.2739,0.2673,0.91,-1.3789,-0.9199,-4.877
284899,-0.3285,0.3413,0.95,-0.1602,0.2031,-6.5742
284922,-0.2329,0.3093,0.9419,4.252,2.959,-9.6543
284945,-0.0797,0.2705,0.8499,9.623,5.1602,-12.1074
284968,-0.0385,0.3026,0.7646,21.7383,8.1797,-16.5586
284991,-0.1682,0.3501,0.7078,38.1797,10.3125,-21.6211
285014,-0.2534,0.4385,0.7317,50.8809,11.3418,-24.7344
285037,-0.17,0.5309,0.7855,63.998,12.8984,-27.8574
285060,-0.1443,0.4927,0.6615,63.998,14.2676,-28.4277
285083,-0.2516,0.4684,0.5479,63.998,17.0625,-26.5957
285106,-0.2833,0.4987,0.4786,63.998,19.3965,-21.4688
285129,-0.2461,0.5765,0.5206,63.998,23.3496,-16.4922
285152,-0.1881,0.6774,0.5892,63.998,27.3145,-7.6816
285175,-0.1971,0.7114,0.6207,63.998,29.6328,-1.6133
285198,-0.1882,0.6901,0.5177,63.998,32.1875,6.8613
285221,-0.173,0.6981,0.3907,63.998,33.1094,11.8203
285244,-0.1663,0.7107,0.3514,63.998,33.25,18.1016
285267,-0.1112,0.7563,0.4095,63.998,31.6816,23.1699
285290,0.0497,0.8468,0.462,63.998,29.2734,26.0508
285313,0.052,0.8625,0.4589,63.998,23.2188,29.7324
285336,-0.1237,0.8043,0.2692,63.998,17.8008,31.793
285359,-0.2776,0.7861,0.2791,63.998,8.5234,34.5898
285382,-0.1598,0.811,0.2885,63.998,-1.2207,37.2852
285405,0.0565,0.7476,0.1172,63.998,-8.0078,38.7578
285428,-0.0638,0.775,0.2109,63.998,-19.5332,39.7266
285451,-0.1865,0.7257,0.2279,63.998,-28.4023,39.3047
285474,-0.0718,0.7617,0.2645,63.998,-42.6602,36.9531
285497,-0.0472,0.7701,0.2179,63.998,-55.7871,32.4238
285520,-0.0973,0.77,0.1797,58.252,-63.0781,28.3008
285543,-0.1801,0.8313,0.1575,46.0898,-64.0,21.0879
285566,-0.0231,0.8088,0.1239,37.6895,-64.0,16.0117
285589,0.0847,0.8956,0.2518,25.6563,-64.0,8.502
285612,-0.0856,0.8276,0.2161,18.6758,-63.6348,3.8184
285635,-0.0702,0.8146,0.1442,10.5723,-54.5625,-2.0898
285658,-0.0112,0.8701,0.1833,5.6699,-43.9805,-5.9082
285681,0.0637,1.1329,0.3894,4.2363,-36.9375,-7.1641
285704,-0.0603,0.8429,0.1145,4.6289,-27.5078,-7.3984
285727,-0.0455,0.8147,0.1796,6.0859,-22.3457,-6.7363
285750,-0.0151,0.9313,0.2129,8.8379,-16.5957,-5.0059
285773,-0.0137,0.8401,0.1115,10.9785,-13.3867,-2.9141
285796,-0.0154,0.8198,0.1781,11.5527,-12.5879,-1.5273
285819,-0.0326,0.8154,0.2137,10.7871,-12.9375,0.3457
285842,0.0004,0.7816,0.286,9.1328,-13.75,1.4414
285865,0.1394,0.7349,0.473,4.7422,-15.0137,3.127
285888,-0.064,0.7863,0.2249,0.1719,-15.4863,5.748
285911,-0.0465,0.9337,0.1177,-10.2695,-14.8262,8.7617
285934,0.0844,0.9961,0.145,-25.8223,-11.5703,15.9961
285957,0.0809,0.9757,0.5115,-38.6914,-7.8477,22.4531
285980,0.1575,1.0896,0.795,-59.3965,-0.8789,32.8047
286003,0.3256,0.9374,0.7456,-64.0,3.7793,38.4238
286026,0.1812,0.7292,0.5785,-64.0,9.1855,41.8867
286049,-0.0211,0.5443,0.47,-64.0,11.8867,37.4102
286072,-0.0509,0.4727,0.5282,-64.0,12.4082,30.1348
286095,0.0896,0.4456,0.4484,-64.0,11.9219,14.4863
286118,0.0048,0.4768,0.3462,-64.0,10.8359,2.3594
286141,-0.0526,0.5781,0.2994,-58.2871,7.8262,-15.3594
286164,-0.0748,0.7274,0.3369,-36.625,3.0508,-29.0566
286187,-0.0927,0.8629,0.3792,-21.0313,-1.1426,-34.6543
286210,-0.0332,0.7925,0.2537,2.2051,-9.1211,-37.2734
286233,0.0457,0.8423,0.238,16.25,-15.5449,-35.6172
286256,-0.0659,0.834,0.2853,33.0703,-26.625,-29.4727
286279,-0.0819,0.7615,0.2454,43.7773,-38.8105,-20.8086
286302,0.0239,0.746,0.1726,46.9727,-46.834,-14.7383
286325,0.0559,0.8517,0.2776,47.8379,-57.4941,-6.9082
286348,0.0306,0.8441,0.2666,46.5762,-63.207,-3.2559
286371,0.0245,0.7861,0.1588,43.6816,-64.0,-0.4902
286394,0.026,0.7604,0.2059,41.7852,-64.0,-0.2637
286417,0.1514,0.981,0.3184,39.7676,-64.0,-1.7363
286440,0.0226,0.8354,0.1464,39.2656,-64.0,-4.6113
286463,-0.0105,0.8608,0.1628,39.6191,-64.0,-6.7754
286486,0.0576,0.8374,0.209,40.3867,-64.0,-9.6152
286509,0.0681,0.8578,0.1425,40.5859,-61.3359,-11.002
286532,0.0249,0.8595,0.163,39.7754,-56.2637,-12.2852
286555,0.0388,0.877,0.1182,37.25,-51.0098,-12.7891
286578,0.0184,0.8948,0.137,34.582,-47.6289,-12.8262
286601,0.025,0.8717,0.0994,29.3145,-43.1855,-12.6074
286624,0.0173,0.9725,0.0625,25.1719,-40.9375,-12.3457
286647,-0.0029,0.9762,0.0775,18.5098,-39.0,-11.8027
286670,-0.0007,0.9021,0.1836,11.9922,-38.6855,-11.0664
286693,0.0388,0.8247,0.2063,8.0645,-39.0527,-10.4648
286716,0.1079,0.7474,0.2036,2.9902,-39.8125,-9.4512
286739,0.0834,0.7214,0.2046,0.0625,-40.0723,-8.7402
286762,-0.0448,0.6888,0.2534,-3.9258,-39.502,-7.5469
286785,-0.022,0.717,0.1359,-6.4414,-38.248,-6.0605
286808,0.016,0.7573,0.2228,-10.0566,-35.0352,-4.8555
286831,-0.0382,0.7839,0.1716,-13.1934,-30.5859,-3.4531
286854,-0.0479,0.8362,0.1646,-14.7676,-27.1797,-3.0762
286877,0.0237,0.8649,0.1063,-16.0781,-21.6797,-3.7656
286900,0.1169,0.9253,0.189,-16.1641,-17.8203,-5.1484
286923,0.073,0.8409,0.1954,-15.0664,-11.6562,-8.3242
286946,0.022,0.7675,0.1642,-12.7344,-4.4746,-11.6934
286969,-0.0829,0.739,0.2007,-10.8125,1.3496,-13.1895
286992,0.0106,0.7538,0.1735,-7.9082,12.0566,-13.3086
287015,-0.021,0.7926,0.2236,-6.1562,20.1406,-11.8379
287038,-0.0837,0.8596,0.1837,-3.9277,32.1797,-7.8203
287061,-0.0211,0.7758,0.1228,-2.3281,42.1406,-2.9043
287084,0.0023,0.8079,0.1171,-1.6953,46.4219,0.0039
287107,0.136,0.8292,0.1215,-1.252,47.6328,2.5566
287130,0.0103,0.9695,0.1823,-0.998,44.4629,2.5898
287153,-0.085,0.9791,0.1541,-0.0273,34.002,0.2109
287176,-0.0569,0.8232,0.131,1.1895,24.125,-4.0137
287199,-0.059,0.7706,0.1514,3.6406,7.334,-7.082
287222,0.0132,0.7809,0.1503,6.248,-8.8145,-10.998
287245,-0.0682,0.9719,0.1046,7.7676,-17.7969,-12.6816
287268,-0.0352,0.8257,0.1484,9.418,-26.9824,-13.3672
287291,-0.0419,0.8542,0.1406,9.9902,-29.7148,-12.5742
287314,-0.0281,0.8406,0.1157,9.9531,-28.7422,-9.8496
287337,-0.0634,0.8486,0.1075,8.7773,-22.6699,-5.9551
287360,-0.0798,0.8623,0.1267,7.3203,-16.5879,-3.082
287383,-0.0686,0.8439,0.0831,3.9687,-5.7422,1.2695
287406,0.046,0.9762,0.1055,0.8086,1.8809,4.1816
287429,0.1281,1.057,0.2133,-5.5801,12.5156,8.8848
287452,0.2749,1.0367,0.2654,-13.8965,19.875,14.332
287475,0.178,0.8623,0.302,-20.1309,21.6035,18.209
287498,0.172,0.7385,0.2917,-29.3926,18.3359,23.4551
287521,0.1833,0.5767,0.1783,-34.7188,12.334,25.8594
287544,0.0122,0.6068,0.3359,-40.1094,-1.1563,26.8574
287567,-0.0743,0.6422,0.322,-41.25,-17.3652,24.4102
287590,-0.1063,0.6801,0.2195,-38.6074,-27.8613,21.0566
287613,-0.077,0.6608,0.1539,-31.3281,-40.7891,14.0137
287636,-0.0923,0.7156,0.0916,-24.791,-46.5605,8.3828
287659,-0.1428,0.7704,0.1862,-13.9355,-50.4277,-0.6172
287682,-0.0338,0.9069,0.2031,-6.6309,-50.1035,-6.4434
287705,0.0471,0.9828,0.1519,3.6641,-46.293,-14.1152
287728,0.0768,0.9843,0.1097,12.25,-39.7949,-19.7656
287751,0.0574,0.8929,0.1593,16.543,-34.7109,-22.0215
287774,0.0331,0.8284,0.1686,20.4238,-26.9355,-22.7734
287797,0.0402,0.7906,0.1378,21.3184,-22.0371,-21.6172
287820,0.0402,0.8156,0.1364,20.541,-15.5195,-18.123
287843,-0.0037,0.871,0.1464,18.0527,-10.2656,-13.8066
287866,-0.0594,0.8372,0.1389,15.959,-7.4902,-11.125
287889,-0.0198,0.829,0.1296,12.8008,-4.2578,-7.9883
287912,-0.0251,0.816,0.1141,10.9141,-2.5996,-6.6035
287935,-0.0128,0.8293,0.1383,8.5918,-0.7051,-5.5391
287958,-0.0177,0.7594,0.1123,7.4062,0.4902,-5.4434
287981,-0.019,0.8162,0.1355,6.1543,0.8613,-5.7539
288004,0.0374,0.8392,0.131,5.5273,0.7422,-6.5488
288027,-0.0509,0.8071,0.0997,5.4414,0.2754,-7.1914
288050,-0.0272,0.7855,0.1235,5.7031,-0.6855,-8.1953
288073,-0.0477,0.7765,0.1489,6.0547,-1.2715,-8.8398
288096,-0.0919,1.1205,0.0205,6.6777,-1.75,-9.7129
288119,-0.0289,0.7982,0.1312,7.1719,-1.3125,-10.4023
288142,-0.0563,0.8538,0.0942,7.2617,-0.293,-10.7031
288165,-0.1006,0.8456,0.1003,6.8457,2.4629,-10.8652
288188,-0.1267,0.8562,0.1029,6.1602,5.1426,-10.7676
288211,-0.1418,0.8577,0.0792,4.5078,10.3437,-10.2051
288234,-0.1509,0.8235,0.0413,2.0215,16.8691,-8.7656
288257,0.0037,0.881,0.0356,-0.2383,22.123,-6.9414
288280,0.127,1.1846,0.2217,-4.8145,31.8867,-2.1641
288303,0.2765,1.0952,0.2655,-8.7617,39.6367,2.6484
288326,0.1449,0.8862,0.2209,-16.0801,52.4727,12.0449
288349,-0.0553,0.7755,0.4081,-24.7871,63.998,22.7266
288372,-0.0759,0.6711,0.4075,-30.998,63.998,29.4375
288395,-0.0076,0.6036,0.2941,-40.1289,63.998,36.8398
288418,-0.0137,0.584,0.2091,-45.8613,63.998,38.9258
288441,-0.0753,0.5736,0.2223,-53.457,63.998,36.8281
288464,-0.1871,0.6343,0.231,-57.3418,63.998,32.1055
288487,-0.1608,0.6493,0.1467,-60.1797,63.998,21.3867
288510,-0.1403,0.744,0.1895,-58.1348,63.998,8.666
288533,-0.1655,0.7975,0.1898,-53.6641,63.998,0.4102
288556,-0.0756,0.9109,0.2325,-42.4668,63.998,-10.0625
288579,-0.036,1.0006,0.2986,-32.5176,63.998,-15.2559
288602,-0.1102,0.8988,0.2069,-15.418,63.998,-20.0879
288625,-0.1216,0.8198,0.1344,1.5586,63.998,-21.4629
288648,-0.1019,0.8064,0.2069,11.2383,63.998,-20.6914
288671,-0.0583,0.7943,0.2257,21.7656,45.2559,-17.5918
288694,-0.0994,0.8521,0.2101,25.7988,33.7324,-14.6055
288717,-0.1394,0.9044,0.1875,27.543,19.2617,-9.2656
288740,-0.108,0.8611,0.1829,24.9902,8.7617,-3.5195
288763,-0.1129,0.8215,0.2169,21.6035,3.9766,0.0957
288786,-0.1201,0.7969,0.1909,15.1816,-0.3203,4.5801
288809,-0.1042,0.7938,0.1855,10.6387,-1.6563,6.75
288832,-0.0922,0.8241,0.2118,4.2715,-2.0234,8.7246
288855,-0.085,0.8273,0.1997,0.6621,-1.4785,9.2715
288878,-0.0825,0.8303,0.2106,-3.4902,0.1367,9.2148
288901,-0.0638,0.8164,0.1987,-6.0684,2.2773,8.5254
288924,-0.0597,0.8263,0.2166,-6.9922,3.7812,7.9453
288947,-0.0575,0.8049,0.205,-7.3906,5.918,7.1348
288970,-0.0618,0.7896,0.1799,-7.1289,7.2168,6.6797
288993,-0.0835,0.8141,0.1938,-6.2012,9.0312,6.0527
289016,-0.1071,0.8811,0.1772,-4.959,10.6699,5.373
289039,-0.1036,0.8424,0.1785,-4.1855,11.5469,4.832
289062,-0.0919,0.8068,0.191,-3.5508,12.1758,3.7793
289085,-0.0819,0.7781,0.2118,-3.7246,11.8262,2.8516
289108,-0.1199,0.6798,0.266,-5.168,9.7969,1.0254
289131,-0.0311,1.0143,0.2145,-8.1328,6.3105,-1.3789
289154,-0.1545,0.782,0.2323,-10.8672,3.7793,-3.2832
289177,-0.1555,0.8258,0.2418,-15.7891,0.875,-6.4102
289200,-0.1921,0.8065,0.2686,-19.3359,0.1523,-8.4922
289223,-0.2349,0.8131,0.2629,-24.4824,1.4102,-11.1914
289246,-0.236,0.8135,0.2408,-27.5,3.6465,-12.9219
289269,-0.2501,0.8234,0.2227,-31.1914,7.9961,-12.8828
289292,-0.1829,0.7804,0.1311,-34.2773,11.7148,-10.998
289315,-0.163,0.7721,0.189,-36.6426,12.957,-8.0664
289338,-0.0353,0.7677,0.2172,-42.1113,12.1152,-0.7461
289361,0.0521,0.9467,0.3556,-47.7422,9.4199,6.1758
289384,0.1727,0.8413,0.5442,-59.5059,1.8633,19.2715
289407,0.3191,0.8374,0.7024,-64.0,-9.8613,34.0449
289430,0.3593,0.7388,0.8169,-64.0,-19.5605,43.3926
289453,0.2126,0.5844,0.7865,-64.0,-35.4219,54.4629
289476,0.0516,0.4941,0.6675,-64.0,-45.6133,59.0488
289499,-0.007,0.4482,0.6781,-64.0,-57.9375,61.2969
289522,0.0308,0.3656,0.7325,-64.0,-64.0,58.1309
289545,0.1373,0.3176,0.7543,-64.0,-64.0,53.1133
289568,0.1301,0.2972,0.8087,-64.0,-61.6875,41.5117
289591,0.0947,0.2784,0.8792,-64.0,-56.9297,31.5957
289614,0.0676,0.2446,0.9061,-64.0,-48.1523,15.1895
289637,0.1667,0.233,0.9701,-64.0,-42.2637,-0.4805
289660,0.1985,0.2197,0.9672,-64.0,-34.8848,-9.1855
289683,0.1656,0.2207,1.0148,-64.0,-30.4492,-18.0273
289706,0.1738,0.2072,1.0098,-64.0,-29.3477,-20.4941
289729,0.2012,0.1984,0.9739,-64.0,-30.1152,-18.7734
289752,0.2189,0.1737,1.02,-64.0,-31.8184,-14.3516
289775,0.2448,0.126,1.0159,-64.0,-35.2637,-4.1406
289798,0.319,0.1436,1.0498,-64.0,-38.5859,8.0273
289821,0.3512,0.123,1.0157,-64.0,-40.127,15.8125
289844,0.3313,0.1429,1.079,-64.0,-40.8633,25.2754
289867,0.3708,0.1746,1.1044,-64.0,-40.0938,29.4961
289890,0.3717,0.1736,1.0598,-64.0,-36.877,32.3516
289913,0.3221,0.1846,1.0366,-61.3984,-31.3555,31.5078
289936,0.347,0.2056,1.1079,-55.2266,-26.668,29.4922
289959,0.3606,0.1823,1.0475,-45.332,-18.8281,25.3848
289982,0.335,0.1658,1.041,-39.0879,-13.5742,22.5293
290005,0.374,0.1797,1.1147,-31.4336,-6.5195,18.9063
290028,0.3796,0.1538,1.0219,-27.8887,-1.3379,16.6582
290051,0.3749,0.1383,1.0326,-25.1289,0.623,16.0137
290074,0.3678,0.1357,1.068,-24.9941,1.8086,16.0488
290097,0.3546,0.124,1.092,-25.8027,1.7148,16.4414
290120,0.3444,0.0706,1.0411,-27.4395,0.8203,17.0547
290143,0.3788,0.0559,1.0428,-28.4668,-0.0723,17.2285
290166,0.3621,0.0663,1.0878,-29.707,-1.6387,16.8633
290189,0.3328,0.0367,1.1077,-30.668,-3.125,15.793
290212,0.2673,-0.0551,1.0739,-31.3379,-3.8047,14.9453
290235,0.2321,-0.129,1.0485,-32.7754,-4.0547,14.1094
290258,0.2941,-0.2001,1.0913,-34.1367,-3.6953,14.1543
290281,0.353,-0.2001,1.0991,-36.4668,-2.5215,15.1113
290304,0.3794,-0.1995,1.052,-38.3613,-0.75,16.4219
290327,0.3914,-0.2455,0.9716,-39.0176,0.6348,17.0332
290350,0.3342,-0.2924,0.9124,-38.8438,2.8672,17.2793
290373,0.2708,-0.2461,0.9978,-37.8691,4.5391,17.1035
290396,0.295,-0.2516,0.9508,-34.8633,7.5039,16.7715
290419,0.2969,-0.2528,0.8979,-31.7168,10.6836,16.9102
290442,0.3066,-0.2379,0.8827,-25.3594,12.5957,17.4941
290465,0.3242,-0.2024,0.8705,-17.3496,14.7812,19.3125
290488,0.2894,-0.1837,0.8741,-11.2578,15.7129,21.1777
290511,0.2529,-0.1562,0.8313,-1.2168,16.6582,24.8203
290534,0.1766,-0.1029,0.8575,5.918,17.3457,27.6758
290557,0.1829,-0.0465,0.882,16.9453,19.0996,32.2773
290580,0.144,-0.0563,0.8718,27.832,22.1641,36.7031
290603,0.1442,-0.0018,0.879,34.625,25.0,39.209
290626,0.1476,0.0334,0.8923,43.4766,30.1641,41.9238
290649,0.0818,0.0375,0.8463,48.1602,33.8672,42.9629
290672,0.0343,0.0479,0.8801,52.959,39.207,43.4492
290695,0.041,0.0967,0.8557,54.959,43.7598,42.8359
290718,0.0548,0.1378,0.9087,54.877,46.1016,41.9023
290741,0.0764,0.1062,0.8462,53.0605,48.2617,39.8125
290764,0.0334,0.097,0.8267,50.9688,48.7031,38.0566
290787,0.0323,0.1455,0.868,46.9473,47.9316,35.207
290810,0.037,0.1543,0.8774,42.5156,45.6328,32.5371
290833,0.0381,0.1803,0.8741,39.8281,43.3574,31.0254
290856,0.0194,0.1581,0.8661,36.3105,38.9238,29.2852
290879,-0.0413,0.1846,0.9135,34.3926,35.3242,28.4961
290902,-0.0297,0.2052,0.9729,32.0996,29.0938,27.8008
290925,0.0326,0.2375,1.0122,30.9004,24.5,27.5293
290948,0.0403,0.21,1.0372,29.3262,17.2344,27.0664
290971,0.0394,0.2227,0.998,27.4043,10.0664,26.1934
290994,0.0626,0.2438,1.0272,25.5352,5.7363,25.2813
291017,0.0492,0.2161,1.0138,21.5078,0.498,23.4668
291040,0.038,0.1676,0.9373,18.0234,-1.8965,22.1035
291063,0.0503,0.2314,1.1497,12.0332,-3.4863,20.1309
291086,0.0371,0.2103,0.9741,6.0977,-2.4492,18.4375
291109,0.014,0.1818,0.9619,2.5605,-0.3203,17.5078
291132,-0.0133,0.1986,0.9723,-1.8086,4.6387,16.4063
291155,0.0613,0.2252,0.9569,-3.8477,8.7383,15.7617
291178,-0.0039,0.2599,1.0083,-5.1172,15.1367,14.6465
291201,-0.0919,0.2634,0.9753,-3.8516,20.7754,13.2383
291224,-0.1644,0.2124,0.7706,-1.6973,23.7441,12.1992
291247,-0.2185,0.2155,0.9303,3.0039,26.7852,10.4336
291270,-0.0002,0.3411,0.891,6.9297,27.4082,8.9082
291293,-0.0597,0.3158,0.9343,13.8125,24.4453,5.8086
291316,-0.0116,0.3126,0.9379,18.8125,19.1758,3.1895
291339,0.1013,0.3547,0.8896,26.1797,6.4805,-1.1602
291362,-0.0037,0.3917,0.9208,32.3164,-9.9336,-5.0723
291385,-0.049,0.4827,0.8743,35.1992,-21.0527,-6.8691
291408,0.1128,0.5569,0.8396,37.2168,-34.9746,-7.7734
291431,-0.1068,0.4534,0.855,36.959,-41.0781,-7.125
291454,0.0614,0.5927,0.8196,34.334,-44.3203,-4.6562
291477,-0.0449,0.2573,0.4747,29.0059,-40.9668,-1.5273
291500,-0.0815,0.2676,0.926,23.8027,-35.998,0.0371
291523,0.0631,0.1143,0.7313,13.8926,-26.5293,0.1582
291546,0.035,0.0374,0.7529,6.248,-20.3711,-1.8652
291569,0.0339,-0.0978,0.6965,-6.1035,-13.6445,-8.3496
291592,0.0551,-0.0813,0.7305,-18.2188,-11.4199,-18.4883
291615,0.1447,0.0736,0.8292,-25.002,-12.5742,-26.7773
291638,0.2084,0.1014,0.824,-31.1113,-17.75,-40.3691
291661,0.1113,-0.0466,0.6869,-31.5762,-22.9688,-49.2637
291684,-0.0166,0.0352,0.469,-26.4414,-31.9414,-60.5938
291707,-0.0536,0.3116,0.8567,-19.2695,-37.4551,-64.0
291730,0.0569,0.4319,1.0107,-3.0918,-42.9551,-64.0
291753,0.2865,0.3888,1.0627,18.8066,-44.2969,-64.0
291776,0.4647,0.41,1.0313,35.4297,-43.5449,-64.0
291799,0.3759,0.452,0.9236,60.2305,-42.1328,-64.0
291822,0.2589,0.4781,0.9622,63.998,-41.9258,-64.0
291845,0.1637,0.4492,0.849,63.998,-42.9336,-62.9648
291868,0.2443,0.5228,0.9155,63.998,-44.6582,-52.7305
291891,0.2865,0.5522,0.9663,63.998,-45.6309,-43.3438
291914,0.2631,0.6383,0.9728,63.998,-46.1602,-26.5039
291937,0.2064,0.6053,0.8737,59.3965,-45.6387,-14.3672
291960,0.1342,0.4943,0.8077,35.834,-43.2559,3.543
291983,0.0537,0.4441,0.6991,10.748,-38.2461,19.1582
292006,0.0226,0.5248,0.674,-5.5215,-32.793,27.3496
292029,0.0184,0.5151,0.8718,-27.0117,-20.623,35.166
292052,0.04,0.4434,0.9865,-37.8887,-9.8848,36.8477
292075,0.1072,0.4791,0.9529,-46.8535,8.7949,33.5625
292098,0.1918,0.5082,0.8977,-47.4199,21.5195,23.6074
292121,0.194,0.4783,0.7515,-40.877,38.0332,14.0312
292144,0.1195,0.4896,0.7228,-27.8984,48.4414,-2.502
292167,0.1075,0.5767,0.8407,-17.2305,51.166,-13.3184
292190,0.08,0.5751,0.9302,0.0156,49.4492,-26.625
292213,0.0527,0.5671,0.8837,11.584,45.3887,-32.5156
292236,0.0376,0.5753,0.8063,27.5977,36.7637,-36.207
292259,0.04,0.6193,0.7841,39.9375,26.9785,-34.3711
292282,0.0393,0.6293,0.8011,45.1719,20.6582,-31.0566
292305,0.0397,0.6239,0.8093,47.9258,12.457,-24.9297
292328,0.0168,0.5906,0.8009,46.4063,8.2187,-21.1582
292351,-0.078,0.52,0.7207,39.6172,3.873,-17.2793
292374,-0.1096,0.5422,0.6459,28.625,1.6152,-16.2246
292397,-0.0952,0.6332,0.7454,20.1484,0.8359,-17.1563
292420,-0.073,0.656,0.7997,8.3262,-0.084,-20.8164
292443,-0.0646,0.6116,0.7395,2.5449,-1.0254,-24.5273
292466,-0.0394,0.5808,0.7094,-1.3926,-3.6133,-31.3047
292489,-0.0686,0.5579,0.6437,-0.6445,-7.8047,-38.375
292512,-0.0404,0.6042,0.6975,5.1035,-11.6914,-42.5703
292535,0.0531,0.6544,0.7572,15.5254,-18.252,-47.3242
292558,0.0958,0.6627,0.7581,24.5059,-23.0,-49.252
292581,0.1013,0.6732,0.7822,39.8008,-30.1543,-50.2031
292604,0.0168,0.6957,0.6841,50.2227,-34.6387,-49.5391
292627,-0.0327,0.6725,0.5388,63.998,-40.5039,-46.5918
292650,0.0107,0.6786,0.4832,63.998,-44.5059,-41.6582
292673,0.0197,0.681,0.4755,63.998,-45.6699,-37.7695
292696,-0.139,0.7177,0.5197,63.998,-44.8281,-31.9688
292719,-0.2211,0.7135,0.5126,63.998,-42.4727,-28.5293
292742,-0.1121,0.71,0.4891,63.998,-36.3828,-24.459
292765,-0.0647,0.7239,0.5074,63.998,-28.1445,-22.1172
292788,-0.1702,0.7102,0.5146,63.998,-22.2422,-21.627
292811,-0.1608,0.7206,0.4849,63.6602,-13.9141,-22.2031
292834,-0.1863,0.7761,0.4321,61.7383,-9.2051,-23.0859
292857,-0.2714,0.7936,0.3781,58.5352,-3.8027,-24.418
292880,-0.1981,0.7968,0.397,55.9492,-0.3242,-25.1563
292903,-0.1255,0.7787,0.3495,51.2813,1.0801,-25.2852
292926,-0.0845,0.8396,0.373,45.957,2.1934,-25.2402
292949,-0.1163,0.8328,0.3405,42.3477,2.623,-25.166
292972,-0.1108,0.8076,0.321,37.3125,3.5078,-24.8281
292995,-0.1597,0.8362,0.264,34.3926,4.6309,-24.1914
293018,-0.12,0.8385,0.3531,30.8867,7.4746,-22.1836
293041,-0.0946,0.8085,0.3363,28.6406,11.6348,-18.8047
293064,-0.1448,0.7655,0.2509,27.793,14.873,-15.9375
293087,-0.0614,0.8203,0.3292,26.9492,19.7441,-11.0117
293110,-0.1505,0.7616,0.2114,26.2363,22.5586,-7.4785
293133,-0.1605,0.7444,0.1587,24.1367,25.5273,-2.0605
293156,-0.0826,0.8082,0.2866,20.3242,26.5254,3.0312
293179,-0.0013,0.8031,0.3108,17.1035,25.9805,5.8301
293202,-0.0609,0.7494,0.1982,12.1211,23.4336,8.5977
293225,-0.1663,0.7344,0.15,9.1074,20.7852,9.5039
293248,-0.13,0.8066,0.2142,5.5723,15.9121,10.0234
293271,-0.1162,0.8257,0.3079,3.7129,10.582,10.291
293294,-0.0427,0.8282,0.2443,4.0742,7.0508,10.5684
293317,-0.1083,0.8173,0.2704,5.9023,1.9766,11.3027
293340,-0.0764,0.8103,0.2561,7.6973,-1.1992,12.0742
293363,-0.0543,0.9244,0.3632,10.3828,-5.457,13.5977
293386,-0.0684,0.9121,0.2343,11.7773,-7.8125,14.7031
293409,-0.0922,0.8481,0.2053,12.6895,-10.3691,16.1191
293432,-0.085,0.8376,0.2322,11.7539,-11.5488,16.7969
293455,-0.0919,0.7916,0.2418,10.1797,-11.5391,16.6367
293478,-0.0945,0.7721,0.2179,6.957,-10.4082,15.3828
293501,-0.0201,0.7509,0.2362,4.6133,-9.0508,13.9707
293524,-0.0333,0.7903,0.2347,1.334,-6.4121,11.373
293547,-0.089,0.7668,0.2319,-1.2109,-2.9434,8.7363
293570,-0.0588,0.9969,0.2303,-2.3418,0.209,7.1797
293593,-0.1566,0.8103,0.2152,-3.1719,6.6855,5.3437
293616,-0.1088,0.818,0.1835,-3.2871,12.0586,4.5137
293639,-0.064,0.8164,0.2538,-3.2734,20.5684,3.9355
293662,-0.0688,0.8529,0.2573,-3.7812,27.625,4.2715
293685,-0.073,0.8381,0.2568,-4.8242,30.5723,5.0195
293708,-0.0692,0.8322,0.2545,-7.875,31.584,6.7988
293731,-0.0232,0.8081,0.2572,-10.9785,29.873,8.2812
293754,-0.001,0.906,0.3354,-17.0723,23.8359,10.6523
293777,0.0314,0.9427,0.3916,-21.7734,17.5527,12.1133
293800,0.0425,1.0024,0.5986,-28.7539,4.6094,13.5176
293823,0.0359,0.8502,0.512,-34.1348,-12.5039,12.9238
293846,0.0034,0.6903,0.3331,-36.3789,-25.6055,10.8691
293869,0.0597,0.6357,0.2935,-38.0469,-45.8691,5.0645
293892,0.0897,0.6465,0.3735,-38.2734,-58.4922,-0.332
293915,-0.0657,0.6744,0.3174,-37.1465,-64.0,-9.5215
293938,-0.1052,0.6721,0.3278,-33.6836,-64.0,-17.959
293961,0.0234,0.7067,0.3223,-29.8711,-64.0,-22.1387
293984,-0.0629,0.7236,0.2142,-21.9941,-64.0,-25.3809
294007,-0.2529,0.7605,0.3055,-15.5918,-64.0,-25.3887
294030,-0.1006,0.7776,0.257,-4.8398,-64.0,-22.6582
294053,0.118,0.8457,0.3112,6.5352,-59.1914,-18.3008
294076,-0.1377,0.8068,0.2285,13.9238,-49.7695,-15.4707
294099,-0.2181,0.7601,0.2264,23.5977,-36.4316,-11.8457
294122,-0.0742,0.7673,0.1428,28.4551,-28.6934,-9.7871
294145,-0.026,0.8094,0.2256,32.8613,-19.4785,-7.4082
294168,0.1228,0.9132,0.3407,34.1152,-15.0918,-6.084
294191,-0.0963,0.8298,0.2151,34.3965,-11.0898,-6.7871
294214,-0.1322,0.8169,0.1791,33.3984,-9.6328,-8.1191
294237,0.0145,0.9171,0.2489,32.0801,-9.584,-9.1211
294260,0.0007,0.9337,0.2488,29.2559,-10.2344,-10.4512
294283,-0.0914,0.801,0.1528,26.918,-10.8828,-11.1602
294306,-0.0706,0.7906,0.1576,22.7578,-11.8086,-11.7422
294329,-0.0542,0.821,0.1934,17.9336,-12.3066,-11.5586
294352,-0.0459,0.818,0.1921,14.584,-12.3125,-11.0508
294375,-0.0464,0.7982,0.1866,9.9121,-11.873,-9.998
294398,-0.0883,0.7838,0.2003,7.3496,-11.3105,-9.3301
294421,-0.0569,0.788,0.1866,4.7461,-10.209,-8.7441
294444,-0.0941,0.9412,0.1035,3.7891,-9.1133,-8.8594
294467,-0.0883,0.8452,0.191,3.9355,-8.4941,-9.248
294490,-0.1417,0.8534,0.2023,4.875,-7.6016,-9.9219
294513,-0.1489,0.832,0.1633,5.6562,-6.5801,-10.1914
294536,-0.1732,0.848,0.182,6.4473,-3.2109,-9.9277
294559,-0.1708,0.8358,0.1354,6.3691,0.7852,-8.3574
294582,-0.1079,0.8129,0.1962,4.7227,9.3437,-6.3047
294605,-0.0631,0.806,0.1731,0.4219,19.6543,-1.3008
294628,0.0276,0.8406,0.1898,-4.418,26.3691,3.541
294651,0.1644,0.9635,0.2606,-15.1797,34.3281,13.1621
294674,0.2567,1.1161,0.5824,-24.5586,37.3066,20.8418
294697,0.1487,1.017,0.64,-40.5488,37.7441,32.8594
294720,0.028,0.8431,0.5966,-56.5566,34.3027,43.0684
294743,-0.0038,0.6757,0.5546,-64.0,30.9043,47.4805
294766,0.0488,0.5494,0.4982,-64.0,25.7441,48.7891
294789,0.0475,0.4617,0.4017,-64.0,22.7773,45.5996
294812,-0.0208,0.496,0.3777,-64.0,19.1133,35.1445
294835,-0.0854,0.623,0.4154,-64.0,16.0859,20.0762
294858,-0.1316,0.5983,0.2888,-64.0,14.2441,9.2051
294881,-0.0851,0.6584,0.2126,-64.0,11.5781,-5.7559
294904,-0.0817,0.7842,0.3713,-60.7617,9.8242,-13.7363
294927,-0.1636,0.7504,0.3824,-44.709,7.332,-21.7441
294950,-0.1216,0.7665,0.3823,-33.3828,5.2949,-24.8398
294973,-0.1028,0.7732,0.3798,-16.9727,3.3398,-24.5273
294996,-0.1044,0.7788,0.3992,-2.9883,-0.375,-21.5371
295019,-0.0104,0.8134,0.4235,4.3691,-4.1562,-18.6016
295042,0.1854,0.8236,0.3757,12.2324,-11.8652,-14.3086
295065,0.0435,0.7882,0.3459,15.502,-17.9219,-12.3145
295088,-0.2345,0.8398,0.3989,18.0449,-26.9844,-10.9453
295111,-0.0695,0.8375,0.3877,18.7148,-33.6484,-10.7227
295134,-0.0382,0.847,0.3768,18.6074,-35.6172,-10.8496
295157,-0.1106,0.7601,0.3269,18.043,-34.2754,-11.2852
295180,-0.1007,0.7642,0.3591,17.4785,-30.7617,-11.6035
295203,-0.0336,0.7507,0.3774,16.4453,-22.6641,-11.9199
295226,-0.0278,0.6202,0.1937,15.5137,-12.9375,-12.1152
295249,-0.1306,0.6924,0.4363,15.2539,-6.5117,-12.3203
295272,0.1521,1.0999,0.5269,16.1914,1.8516,-12.9375
295295,0.0072,0.881,0.3984,17.9512,5.7988,-13.5586
295318,-0.1681,0.8407,0.2136,21.4102,8.2891,-14.248
295341,-0.2146,0.8229,0.2455,23.1875,6.6016,-13.4297
295364,-0.0885,0.8456,0.2834,23.543,3.6348,-11.6621
295387,-0.0398,0.9473,0.3025,20.7402,-2.5937,-7.5957
295410,-0.15,0.8855,0.3303,17.457,-7.3574,-4.5059
295433,-0.1102,0.8403,0.3319,11.2051,-14.2246,-0.2852
295456,0.0175,0.7997,0.4015,6.5977,-17.9551,1.7344
295479,0.0386,0.7323,0.4141,-0.2832,-21.6602,2.8535
295502,-0.0314,0.6691,0.3492,-6.4883,-23.0508,1.5039
295525,0.0067,0.6464,0.3994,-10.0449,-22.8027,-0.4004
295548,0.0055,0.6599,0.389,-14.2832,-20.8398,-3.7969
295571,-0.0435,0.6437,0.3588,-16.2578,-18.5684,-5.8223
295594,-0.0989,0.6759,0.2869,-17.8594,-13.957,-7.543
295617,-0.1794,0.6879,0.2626,-17.8613,-8.3809,-6.9023
295640,-0.2565,0.809,0.2748,-16.9551,-4.4707,-5.0977
295663,0.0083,0.8578,0.3173,-14.0391,1.0332,-1.0586
295686,-0.009,0.8813,0.3253,-10.9609,3.9512,1.7637
295709,-0.1528,0.7596,0.2847,-4.8613,6.291,5.2031
295732,-0.1571,0.7047,0.3035,2.291,5.6484,7.3828
295755,0.0623,1.0192,0.4653,6.8359,3.5078,8.0879
295778,0.1013,0.879,0.277,13.1641,-2.1953,7.7617
295801,-0.1348,0.8766,0.2483,16.4375,-7.4336,6.5801
295824,-0.0997,0.9219,0.2477,19.0742,-16.2285,3.8066
295847,-0.111,0.9719,0.2358,19.1152,-21.8027,1.6543
295870,-0.116,1.0244,0.3042,16.8828,-28.5957,-1.4219
295893,-0.1566,0.8746,0.3256,12.5781,-32.9785,-3.5352
295916,-0.0874,0.7825,0.3116,8.8145,-34.6289,-4.041
295939,-0.009,0.7861,0.4355,1.9629,-35.6777,-3.3789
295962,0.0734,0.726,0.4258,-3.2734,-35.7207,-2.332
295985,0.0892,0.6562,0.418,-11.793,-35.1113,-0.7461
296008,0.0317,0.5945,0.3967,-20.5879,-33.7754,0.1309
296031,-0.0752,0.6052,0.4442,-26.2031,-32.4336,0.2754
296054,-0.0034,0.6353,0.4218,-33.4004,-29.5879,-0.002
296077,0.0253,0.6261,0.2589,-36.8789,-27.1016,-0.5469
296100,-0.0891,0.6752,0.3174,-39.5332,-22.6445,-1.9746
296123,-0.1149,0.7277,0.4069,-38.6426,-17.6699,-3.8125
296146,0.0282,0.7667,0.3063,-35.9473,-14.3047,-5.0195
296169,-0.0228,0.8507,0.3925,-29.082,-9.3789,-6.7031
296192,-0.0262,0.9706,0.444,-23.0859,-5.8164,-7.7812
296215,-0.0386,0.9113,0.1875,-13.2539,1.7715,-9.4434
296238,-0.1119,0.9358,0.251,-7.1953,9.4355,-11.1777
296261,-0.2258,0.933,0.4646,-0.3027,25.6367,-12.7949
296284,-0.3174,0.8242,0.4662,3.457,46.6621,-15.0449
296307,-0.4036,0.7446,0.4211,4.1895,62.2168,-16.3965
296330,-0.4114,0.6434,0.2225,2.3496,63.998,-17.752
296353,-0.255,0.5916,0.2336,-0.9785,63.998,-18.0195
296376,-0.1643,0.6591,0.3386,-8.5762,63.998,-17.5371
296399,-0.261,0.649,0.42,-17.3047,63.998,-16.2168
296422,-0.3297,0.6505,0.3551,-22.418,63.998,-14.8105
296445,-0.287,0.6255,0.2731,-27.6055,63.998,-11.6152
296468,-0.2577,0.7059,0.3531,-29.0508,63.998,-8.6934
296491,-0.1985,0.7617,0.453,-28.1328,63.998,-3.332
296514,-0.2279,0.7319,0.2761,-24.1641,51.6309,2.707
296537,-0.2603,0.7463,0.2056,-20.6191,40.3691,6.8652
296560,-0.2335,0.8096,0.3363,-15.2148,26.4512,13.0059
296583,-0.2462,0.9098,0.3832,-11.8906,19.3535,16.793
296606,-0.192,0.8865,0.2632,-7.3789,11.8457,21.502
296629,-0.1995,0.822,0.2622,-4.7246,8.6426,24.5645
296652,-0.1475,0.8036,0.3119,-1.3594,5.8047,25.6113
296675,-0.0922,0.7869,0.3699,1.4297,4.2344,25.9609
296698,-0.2576,0.793,0.4578,3.1387,3.3086,25.748
296721,-0.3567,0.7836,0.3916,5.4902,1.5957,25.6133
296744,-0.202,0.8462,0.2599,6.6562,0.1426,25.959
296767,-0.2321,0.9095,0.332,7.1191,-2.4277,26.8184
296790,-0.2404,0.8842,0.4072,5.6328,-5.0684,26.8477
296813,-0.2413,0.7814,0.3541,3.6016,-6.5547,25.6445
296836,-0.2499,0.7205,0.3435,-0.7109,-7.9199,21.1934
296859,-0.2068,0.7352,0.4071,-4.1387,-8.0098,16.2813
296882,-0.2488,0.6753,0.4364,-9.3496,-6.5723,6.2812
296905,-0.2324,0.6449,0.3657,-13.7871,-3.082,-5.7109
296928,-0.1919,0.6146,0.3437,-16.0859,0.3008,-13.8574
296951,-0.2089,0.6547,0.3175,-18.5059,6.5781,-24.7168
296974,-0.2288,0.6796,0.365,-19.4395,11.2598,-30.1914
296997,-0.2373,0.6646,0.2993,-19.7949,18.4707,-34.6465
297020,-0.2291,0.712,0.2108,-19.3594,25.082,-34.0273
297043,-0.1594,0.772,0.2208,-17.8223,29.1348,-30.8809
297066,-0.1906,0.8391,0.2826,-15.1953,33.4258,-22.6934
297089,-0.1665,0.8412,0.2542,-12.7539,34.9512,-15.418
297112,-0.1714,0.8578,0.2306,-8.0918,34.9629,-2.7012
297135,-0.2577,0.9458,0.3551,-4.4668,33.4609,6.416
297158,-0.3942,1.0176,0.3523,1.3672,29.1855,20.0293
297181,-0.3109,0.9512,0.2831,6.834,22.9609,32.0605
297204,-0.2018,0.9026,0.2947,9.582,17.9863,38.1504
297227,-0.186,0.8146,0.3018,11.4551,9.6719,42.793
297250,-0.1466,0.7642,0.3809,10.998,3.8574,42.3242
297273,-0.134,0.6935,0.405,8.1211,-4.5996,36.3164
297296,-0.2384,0.6548,0.3622,3.623,-11.8066,25.4258
297319,-0.2737,0.6379,0.3466,0.3047,-15.4277,16.8184
297342,-0.1417,0.6705,0.3795,-4.3594,-18.6875,4.0996
297365,-0.1249,0.6604,0.3209,-6.834,-19.4492,-3.2383
297388,-0.1761,0.6498,0.2717,-9.1035,-18.8457,-11.2852
297411,-0.2244,0.6877,0.265,-9.5391,-16.75,-14.7637
297434,-0.2559,0.7179,0.2515,-8.5469,-14.8398,-14.2637
297457,-0.2319,0.8323,0.3333,-5.6953,-11.627,-9.5879
297480,-0.173,0.9716,0.402,-2.8848,-9.5098,-4.4844
297503,-0.1395,0.8688,0.2648,2.1211,-6.8027,4.5137
297526,-0.1602,0.8241,0.2661,5.3008,-5.5332,10.4004
297549,-0.118,0.8367,0.3146,8.6055,-4.7051,17.6895
297572,-0.1458,0.8429,0.2979,9.4902,-5.1758,22.1465
297595,-0.1503,0.8579,0.2611,8.8125,-6.0137,23.3418
297618,-0.1407,0.8815,0.2889,6.4746,-7.5527,22.6094
297641,-0.1543,0.8199,0.3301,4.4863,-8.4824,20.6602
297664,-0.1622,0.8016,0.3718,1.5605,-9.4316,16.0566
297687,-0.0667,0.7501,0.3422,-0.8359,-9.7637,10.0605
297710,-0.0723,0.6796,0.3152,-2.0937,-9.7031,5.6191
297733,-0.1467,0.6527,0.2714,-3.5742,-9.3125,-1.0273
297756,-0.1704,0.6433,0.2626,-4.3086,-8.8613,-4.918
297779,-0.1476,0.6472,0.2269,-4.9082,-7.8457,-9.0391
297802,-0.1802,0.7277,0.2257,-4.8398,-6.4531,-10.4062
297825,-0.2283,0.8904,0.3407,-3.7578,-5.3906,-9.6719
297848,-0.0872,0.9073,0.2515,-1.4102,-3.7852,-6.4648
297871,-0.1788,0.8887,0.2631,0.5645,-2.8535,-3.3887
297894,-0.1184,0.8567,0.2688,3.3047,-1.8887,1.6875
297917,-0.1215,0.8118,0.2755,4.5781,-1.6484,4.8457
297940,-0.0935,0.788,0.2808,5.3887,-1.9844,8.5117
297963,-0.0917,0.8676,0.3448,5.1562,-3.0195,10.3555
297986,-0.1713,0.7637,0.2415,4.7832,-3.8359,10.459
298009,-0.1208,0.7546,0.2704,4.4102,-4.6895,9.1016
298032,-0.1096,0.7712,0.2633,4.4512,-4.8027,7.4395
298055,-0.1224,0.7738,0.2574,5.0234,-4.2051,4.3457
298078,-0.1348,0.8042,0.2559,6.1113,-2.8027,1.1621
298101,-0.1482,0.8359,0.2391,6.9961,-1.5391,-0.7168
298124,-0.1401,0.8523,0.2181,8.2754,0.6172,-2.875
298147,-0.1405,0.8461,0.2333,8.9219,2.0684,-3.8125
298170,-0.1516,0.798,0.2391,9.3672,4.0195,-4.5156
298193,-0.1433,0.7869,0.2247,9.2891,5.4473,-4.5684
298216,-0.1946,0.7231,0.1553,8.7285,6.0312,-4.3613
298239,-0.1317,0.7928,0.2173,7.8242,6.4141,-3.7793
298262,-0.1392,0.9142,0.2269,7.125,6.3535,-3.1855
298285,-0.1918,0.8573,0.1794,6.1875,5.8594,-1.8691
298308,-0.0901,0.8174,0.2467,5.7871,5.4102,-0.668
298331,-0.0845,0.8423,0.2583,5.5078,4.834,1.6504
298354,-0.0787,0.8326,0.2235,5.3164,4.7598,4.4883
298377,-0.1041,0.8265,0.168,5.0332,5.2129,6.4668
298400,-0.1486,0.8466,0.1006,4.0234,6.9473,9.0859
298423,-0.1787,0.8502,0.0151,2.6328,8.8555,10.3301
298446,-0.1635,0.7882,-0.0769,-1.5801,12.3184,11.2344
298469,-0.1096,0.7664,0.0839,-10.1367,14.8926,11.252
298492,0.0205,0.9753,0.2848,-18.9785,14.8203,11.127
298515,0.0624,0.9426,0.4885,-36.8203,9.9824,11.3203
298538,0.0861,0.8424,0.6707,-51.0391,2.8516,11.9043
298561,-0.1495,0.6492,0.7229,-64.0,-13.7793,13.5449
298584,0.0206,0.5233,0.7229,-64.0,-35.8672,15.8008
298607,0.1376,0.4456,0.7114,-64.0,-52.0898,17.1152
298630,0.241,0.443,0.7012,-64.0,-64.0,17.7188
298653,0.2085,0.452,0.7985,-64.0,-64.0,16.8242
298676,0.0886,0.415,0.8575,-64.0,-64.0,13.7031
298699,0.1173,0.4158,0.8507,-64.0,-64.0,9.4297
298722,0.1707,0.4481,0.8729,-64.0,-64.0,6.748
298745,0.2069,0.4448,0.8854,-64.0,-64.0,3.4453
298768,0.2469,0.4504,0.8871,-64.0,-64.0,1.9551
298791,0.2627,0.4523,0.9197,-64.0,-64.0,0.6797
298814,0.1732,0.3439,0.8522,-64.0,-64.0,0.2715
298837,0.1194,0.2239,0.9611,-64.0,-55.8047,-0.0332
298860,0.1724,0.0337,0.9709,-64.0,-39.4746,-0.3652
298883,0.2875,-0.0585,0.9309,-64.0,-30.2402,-0.8145
298906,0.2899,-0.0896,0.9944,-64.0,-19.6543,-2.0684
298929,0.2645,-0.0194,1.0222,-58.3281,-14.8437,-3.2656
298952,0.2108,0.0959,1.0322,-49.4785,-10.6152,-5.0996
298975,0.1439,0.1941,1.0173,-41.5137,-9.082,-5.9062
298998,0.1326,0.2524,1.0171,-36.7949,-8.9473,-5.2676
299021,0.1311,0.2637,1.0292,-31.3594,-9.2227,-2.0
299044,0.1648,0.168,0.9471,-29.5098,-9.3711,1.748
299067,0.2035,0.1423,1.0348,-30.582,-9.2676,9.3008
299090,0.2505,0.0863,1.1033,-34.1953,-8.9727,18.1855
299113,0.2963,0.0126,1.0995,-43.6172,-8.3926,24.2031
299136,0.292,0.007,1.1333,-56.4043,-8.0391,32.4785
299159,0.2637,-0.0336,1.1563,-64.0,-8.0879,37.0781
299182,0.2863,-0.0154,1.2322,-64.0,-8.752,42.1309
299205,0.3802,0.0144,1.2336,-64.0,-9.5937,44.0781
299228,0.4204,0.019,1.1693,-64.0,-11.3652,44.6484
299251,0.4093,0.0161,1.0847,-64.0,-13.6582,42.5371
299274,0.3324,0.0089,1.058,-64.0,-15.3437,39.9961
299297,0.366,0.0199,1.0717,-64.0,-17.5313,35.3203
299320,0.3442,-0.0148,1.0317,-61.5332,-18.3848,32.1074
299343,0.3312,-0.0485,1.0151,-48.1797,-18.3105,27.834
299366,0.2756,-0.0945,0.9653,-36.125,-16.3145,24.8594
299389,0.3008,-0.115,1.0162,-29.5703,-13.957,23.8262
299412,0.2971,-0.1256,1.0956,-22.3984,-9.3828,23.6035
299435,0.3115,-0.1343,1.0925,-19.2617,-6.1719,24.0176
299458,0.3862,-0.1273,1.0415,-16.4258,-2.293,24.7168
299481,0.4203,-0.1057,0.9846,-15.3691,-0.998,24.7012
299504,0.4031,-0.1423,1.0062,-14.3301,-1.4805,24.0566
299527,0.4381,-0.1803,0.9824,-13.1523,-4.1094,22.2148
299550,0.3667,-0.2139,0.9338,-11.9395,-6.2324,20.6563
299573,0.2579,-0.235,0.9253,-9.1836,-8.5527,18.4688
299596,0.2369,-0.2598,0.962,-6.6367,-8.8203,17.4707
299619,0.2837,-0.2905,0.951,-1.7227,-6.8594,16.9238
299642,0.3422,-0.2593,0.9351,4.2598,-2.625,17.1094
299665,0.3379,-0.183,0.8857,8.5527,0.9375,17.207
299688,0.2627,-0.1952,0.9263,14.8945,6.8301,16.7852
299711,0.2003,-0.1969,0.9,18.7539,11.0156,16.0332
299734,0.2234,-0.1934,0.8453,23.6094,17.6563,14.3672
299757,0.266,-0.1178,0.8672,27.1777,24.5039,12.4375
299780,0.2173,-0.1038,0.8688,28.9512,28.9121,11.2539
299803,0.1893,-0.0461,0.859,31.0742,34.875,10.0605
299826,0.1172,-0.0076,0.8882,32.3516,38.2246,9.9316
299849,0.1156,-0.0085,0.8582,34.3008,42.0957,11.0957
299872,0.1191,0.0061,0.8113,35.6133,44.5117,13.8672
299895,0.0718,0.0095,0.7981,37.3496,45.3438,16.3652
299918,0.017,0.0511,0.8253,38.4531,45.5391,20.5762
299941,-0.0592,0.0636,0.8224,38.7148,45.0488,23.418
299964,-0.0314,0.1089,0.8521,38.3184,43.498,27.3125
299987,0.0404,0.1455,0.8799,37.5156,41.9199,29.4355
300010,-0.0077,0.1212,0.8975,35.4824,38.6289,31.6738
300033,-0.0221,0.1128,0.9584,32.3809,34.1152,32.8633
300056,0.1133,0.125,0.9808,29.7031,30.4414,33.2383
300079,0.1241,0.1926,1.0569,24.8809,24.0313,33.4141
300102,0.1171,0.1672,1.0465,21.2637,19.3496,33.4063
300125,0.0918,0.1281,0.9967,15.4551,12.3711,33.4238
300148,0.0884,0.1083,1.0227,9.4434,6.4062,33.625
300171,0.0342,0.1,1.059,5.582,3.4687,33.8789
300194,0.0496,0.1205,1.0513,0.6016,1.084,34.3848
300217,0.0458,0.1368,1.0146,-1.8555,0.9336,34.7324
300240,-0.032,0.0952,1.0472,-3.8965,2.6699,35.1582
300263,-0.052,0.1644,1.0646,-3.6035,6.1895,35.3789
300286,0.084,0.1564,0.8807,-2.8027,9.0937,35.2773
300309,-0.0106,0.2584,1.2109,-0.0449,13.4941,34.4297
300332,-0.0306,0.119,0.8876,2.3184,15.9687,33.3145
300355,0.0642,0.178,0.9296,6.1309,18.252,30.8516
300378,0.0345,0.2087,1.0568,8.6055,18.5898,28.7051
300401,-0.04,0.1362,0.9865,12.3105,17.3164,24.748
300424,0.0231,0.2572,0.9935,16.4316,14.4375,20.0371
300447,0.0487,0.446,1.0148,19.6172,12.0605,16.5898
300470,-0.2185,0.421,0.9294,25.0977,8.3164,11.2539
300493,0.0105,0.6558,1.371,29.041,5.7734,7.8027
300516,0.0551,0.212,0.5222,34.541,1.8672,2.5781
300539,0.0121,0.2661,0.9169,37.3164,-1.8848,-3.75
300562,0.0436,0.2808,0.8817,36.8516,-4.166,-9.1152
300585,0.036,0.3906,0.9664,33.0156,-7.2637,-19.1309
300608,0.0775,0.1381,0.9288,29.0,-9.2227,-26.957
300631,0.1245,0.1206,0.7117,21.8203,-12.1641,-39.9414
300654,0.0476,0.0592,0.707,14.2168,-15.0566,-53.6816
300677,0.0375,0.0909,0.7295,9.6816,-16.5879,-62.707
300700,0.0345,-0.0192,0.6766,5.3086,-17.5781,-64.0
300723,0.0029,-0.1978,0.4468,4.7773,-17.2813,-64.0
300746,-0.1271,-0.2339,0.3644,8.0332,-16.2109,-64.0
300769,-0.1218,-0.0465,0.6328,12.9355,-15.8711,-64.0
300792,0.04,-0.0249,0.8341,24.5234,-17.3535,-64.0
300815,0.1166,-0.1382,0.7078,40.8066,-22.6445,-64.0
300838,0.1206,-0.0714,0.7201,53.4258,-28.7813,-64.0
300861,0.2373,0.2495,1.0776,63.998,-41.7246,-64.0
300884,0.3092,0.4531,1.0922,63.998,-52.1465,-64.0
300907,0.2345,0.5233,0.8618,63.998,-64.0,-64.0
300930,0.1884,0.5645,0.8569,63.998,-64.0,-64.0
300953,0.1802,0.6697,0.9408,63.998,-64.0,-63.0996
300976,0.1409,0.5923,0.7347,63.998,-64.0,-57.8105
300999,0.1168,0.5942,0.6508,63.998,-64.0,-52.9141
301022,0.0854,0.6541,0.7931,63.998,-64.0,-43.2344
301045,-0.0917,0.8116,0.7898,45.5117,-51.1855,-30.8848
301068,0.0212,0.7827,0.6304,27.4961,-36.6504,-21.4219
301091,0.1097,0.7393,0.6138,4.3359,-13.8711,-6.3613
301114,0.1549,0.874,0.8373,-6.6465,0.752,3.3164
301137,0.0896,1.0197,0.957,-13.8867,20.457,15.6543
301160,-0.0692,0.9893,0.9492,-11.9609,31.7734,24.3516
301183,-0.1616,0.812,0.844,-0.3457,45.7598,27.9648
301206,-0.1234,0.7716,0.8765,17.1191,55.957,30.5723
301229,-0.1671,0.7894,0.7809,28.7227,60.541,30.4551
301252,-0.2742,0.6971,0.7494,41.4883,63.998,27.332
301275,-0.3484,0.6431,0.7421,45.1055,63.998,22.9297
301298,-0.2406,0.7489,0.903,42.2031,63.2793,11.7812
301321,0.0411,0.6953,1.074,30.7109,62.3047,-5.6836
301344,-0.0541,0.5344,0.6079,19.6113,61.9102,-20.5625
301367,-0.3223,0.4243,0.5002,-0.5859,60.9316,-45.8086
301390,-0.512,0.4954,0.79,-15.3691,59.7324,-62.7852
301413,-0.3527,0.4858,0.8481,-36.6738,57.3105,-64.0
301436,-0.2001,0.4187,0.6687,-53.3281,54.4434,-64.0
301459,-0.309,0.3761,0.6062,-60.6582,52.4277,-64.0
301482,-0.5907,0.3846,0.7865,-64.0,49.9023,-64.0
301505,-0.6613,0.4451,0.8121,-64.0,49.0977,-64.0
301528,-0.5529,0.4507,0.783,-57.7832,49.2305,-64.0
301551,-0.4625,0.4001,0.7612,-50.498,49.623,-64.0
301574,-0.4961,0.3109,0.6122,-37.7754,49.252,-64.0
301597,-0.5457,0.3573,0.6221,-25.9141,46.3633,-57.75
301620,-0.6604,0.36,0.8425,-19.5645,43.2383,-48.2695
301643,-0.6017,0.3851,0.8855,-12.5352,38.668,-37.0156
301666,-0.5319,0.3556,0.8221,-9.2637,36.6543,-31.7598
301689,-0.5187,0.3073,0.6827,-6.3242,35.3398,-27.1836
301712,-0.4965,0.2235,0.6306,-6.041,34.918,-25.791
301735,-0.5443,0.2689,0.6694,-7.3691,34.4941,-25.8828
301758,-0.6097,0.2642,0.6659,-10.9297,33.4492,-26.1035
301781,-0.6134,0.2806,0.5698,-13.6367,32.8008,-25.5039
301804,-0.7072,0.3247,0.5459,-16.9531,32.7734,-22.6563
301827,-0.7476,0.2986,0.5649,-18.0977,34.9844,-17.3926
301850,-0.7446,0.3832,0.5867,-17.1641,37.8281,-12.8242
301873,-0.7194,0.3639,0.5861,-13.0391,43.2168,-5.168
301896,-0.6765,0.3558,0.52,-8.7324,46.8066,-0.1035
301919,-0.707,0.3491,0.5205,-0.916,50.9824,6.5449
301942,-0.6936,0.3652,0.559,4.4883,52.9082,11.5371
301965,-0.7229,0.4127,0.53,11.7344,52.0293,13.9473
301988,-0.7942,0.4202,0.4785,16.9277,48.9883,16.459
302011,-0.7211,0.3817,0.36,18.8906,46.1367,17.5586
302034,-0.6464,0.3544,0.4325,19.4414,41.7813,18.3867
302057,-0.5685,0.4531,0.6432,18.4297,39.3633,18.3105
302080,-0.6781,0.3855,0.5045,15.4473,36.7754,17.2891
302103,-0.804,0.4348,0.5104,11.0176,34.9824,15.8652
302126,-0.8009,0.3665,0.4875,7.3672,33.6875,15.2832
302149,-0.6084,0.4023,0.5803,1.252,30.3926,15.5898
302172,-0.5509,0.4235,0.635,-2.8359,26.5801,16.5996
302195,-0.7625,0.4521,0.6432,-8.2578,17.5508,19.1328
302218,-0.6747,0.4321,0.6063,-12.4492,3.9727,22.9277
302241,-0.4005,0.468,0.8193,-14.5371,-7.4141,26.123
302264,-0.5892,0.4222,0.7334,-16.6328,-26.625,31.6406
302287,-0.6171,0.4531,0.6154,-17.4766,-39.5176,35.7832
302310,-0.5452,0.4963,0.5731,-18.2363,-55.8398,42.7109
302333,-0.5775,0.5879,0.5001,-18.4609,-64.0,50.3066
302356,-0.8336,0.7153,0.4788,-18.2617,-64.0,55.5664
302379,-0.8849,0.7781,0.4283,-17.0391,-61.666,63.1035
302402,-0.6254,0.7172,0.3662,-15.375,-54.1504,63.998
302425,-0.4441,0.6869,0.4113,-11.1719,-38.8301,63.998
302448,-0.4445,0.603,0.453,-6.9531,-27.6328,63.998
302471,-0.5428,0.4858,0.3914,1.9082,-12.3633,54.2285
302494,-0.5427,0.4469,0.3939,13.9805,-1.5527,36.25
302517,-0.5099,0.5105,0.561,23.7754,2.6016,22.3223
302540,-0.5673,0.4497,0.5775,40.791,4.6582,1.5371
302563,-0.4532,0.3787,0.2793,53.0801,3.8789,-10.6016
302586,-0.4415,0.4719,0.424,63.998,0.834,-24.1211
302609,-0.5043,0.5685,0.5487,63.998,-2.7734,-30.5723
302632,-0.4409,0.5479,0.3214,63.998,-4.5527,-30.6719
302655,-0.4957,0.5951,0.229,63.998,-5.2187,-25.0039
302678,-0.5336,0.6095,0.2253,63.998,-4.043,-17.9941
302701,-0.371,0.6262,0.2654,63.998,-0.0039,-4.1758
302724,-0.3521,0.6919,0.3162,63.998,5.7695,11.4277
302747,-0.455,0.7191,0.2996,63.998,9.877,21.7266
302770,-0.4047,0.6545,0.1177,63.7832,15.5352,35.877
302793,-0.3145,0.703,0.3695,53.5742,18.5215,43.9453
302816,-0.1809,0.8385,0.371,38.1504,20.9297,53.3711
302839,-0.2534,0.7279,0.3574,28.0078,20.584,57.7598
302862,-0.295,0.818,0.3599,12.5195,16.6719,61.8516
302885,-0.1392,0.8086,0.4066,-3.8262,8.8965,63.8359
302908,-0.0918,0.7922,0.4005,-15.1094,2.0488,63.998
302931,-0.2726,0.7917,0.4016,-31.9785,-9.6602,63.998
302954,-0.1646,0.7292,0.4144,-42.7363,-17.7461,63.998
302977,-0.0957,0.7382,0.4878,-57.3809,-29.4707,63.998
303000,-0.132,0.7219,0.4807,-64.0,-40.4355,63.998
303023,-0.217,0.7083,0.5232,-64.0,-47.2168,63.998
303046,0.0072,0.6595,0.6077,-64.0,-56.2969,63.998
303069,0.0093,0.64,0.6453,-64.0,-61.4512,63.998
303092,-0.006,0.5934,0.6969,-64.0,-64.0,59.9277
303115,-0.1299,0.6066,0.6884,-64.0,-64.0,51.2754
303138,-0.0383,0.5858,0.7137,-64.0,-64.0,44.6406
303161,0.0256,0.5867,0.728,-64.0,-64.0,34.5547
303184,-0.0536,0.605,0.7246,-64.0,-64.0,28.3047
303207,-0.0674,0.5747,0.7025,-64.0,-62.6191,20.3379
303230,-0.0352,0.623,0.7264,-64.0,-57.5273,16.1504
303253,-0.0023,0.5851,0.7634,-64.0,-48.5684,11.4805
303276,0.0408,0.568,0.7689,-64.0,-39.3945,8.2852
303299,-0.0237,0.5597,0.7413,-64.0,-33.8945,6.6152
303322,0.0059,0.5675,0.7452,-59.873,-27.2695,4.3086
303345,0.0355,0.5498,0.7673,-56.332,-24.1309,2.6973
303368,0.0217,0.5375,0.7983,-50.4629,-21.3613,-0.0645
303391,0.0641,0.5059,0.7742,-44.1289,-20.4941,-3.2949
303414,0.0542,0.5365,0.75,-39.8027,-20.6367,-5.584
303437,0.0562,0.5925,0.7355,-33.4395,-21.293,-8.7871
303460,0.0337,0.5767,0.7131,-29.4668,-21.5996,-10.459
303483,0.0111,0.5258,0.7242,-24.2012,-21.127,-11.8105
303506,0.02,0.4968,0.7677,-20.0547,-19.0684,-11.4434
303529,0.0585,0.4904,0.7927,-18.0566,-17.0488,-10.209
303552,0.1205,0.51,0.7714,-16.4141,-14.2051,-7.0566
303575,0.1497,0.5112,0.7745,-16.2949,-13.2383,-4.293
303598,0.1769,0.4865,0.7766,-17.5215,-14.0293,0.3672
303621,0.0992,0.4849,0.8264,-19.1211,-15.8887,4.9727
303644,0.1101,0.4969,0.816,-22.2422,-19.1875,7.5
303667,0.1058,0.4359,0.8329,-25.5801,-21.125,10.1406
303690,0.155,0.4547,0.8276,-27.5703,-21.2441,10.9121
303713,0.0984,0.4403,0.8445,-29.7832,-20.1641,10.5312
303736,0.1211,0.449,0.835,-30.6016,-19.0508,9.3652
303759,0.1217,0.4562,0.7849,-30.793,-17.5586,6.6055
303782,0.1383,0.4221,0.877,-29.918,-17.1699,3.1895
303805,0.1505,0.3921,0.8636,-28.9102,-17.8672,0.875
303828,0.1852,0.4038,0.8599,-27.0742,-20.6523,-2.1992
303851,0.2343,0.4218,0.8402,-25.7988,-23.7324,-3.7949
303874,0.2113,0.4374,0.854,-23.9961,-29.7813,-5.3633
303897,0.1964,0.4294,0.8271,-22.3359,-35.8652,-5.9844
303920,0.1832,0.4257,0.819,-21.2285,-38.6934,-5.9766
303943,0.1893,0.4442,0.8298,-19.418,-39.6426,-5.5293
303966,0.192,0.4305,0.8356,-18.0625,-37.7773,-5.0488
303989,0.1816,0.4443,0.8676,-15.8223,-31.5645,-4.1914
304012,0.1821,0.425,0.843,-14.2793,-25.6621,-3.2852
304035,0.2191,0.403,0.8575,-12.207,-15.4258,-2.6875
304058,0.1771,0.3995,0.8745,-10.9395,-5.3184,-1.7871
304081,0.186,0.3989,0.887,-10.7617,0.4453,-1.1523
304104,0.1896,0.3982,0.8722,-11.5859,6.7539,-0.1309
304127,0.1685,0.3793,0.8579,-12.7949,9.1855,0.5527
304150,0.1752,0.365,0.858,-15.3203,10.2559,1.4648
304173,0.1936,0.3622,0.8743,-18.1953,8.7715,2.0527
304196,0.2001,0.3707,0.8877,-19.957,6.7695,2.1641
304219,0.1888,0.3679,0.8998,-21.8535,2.8828,1.8262
304242,0.177,0.3595,0.8949,-22.4336,0.0449,1.291
304265,0.1757,0.3533,0.9082,-22.2871,-4.0664,0.1523
304288,0.1947,0.3446,0.9082,-21.3789,-7.4043,-1.2148
304311,0.1819,0.2773,0.8643,-20.7734,-8.959,-2.1523
304334,0.1774,0.2354,0.8254,-20.6035,-10.2715,-3.3828
304357,0.1586,0.2335,0.8298,-21.2871,-10.6074,-3.9453
304380,0.1752,0.2834,0.9364,-23.4883,-10.5,-4.2617
304403,0.2285,0.3015,0.9681,-25.3789,-9.5684,-4.0254
304426,0.2212,0.3175,0.9731,-28.0469,-8.9824,-3.6934
304449,0.2018,0.317,0.9739,-29.9023,-7.5937,-3.0742
304472,0.2142,0.322,0.9567,-30.623,-6.666,-2.5977
304495,0.1833,0.3103,0.9451,-31.1563,-5.4785,-1.7832
304518,0.1804,0.3181,1.0206,-31.3008,-4.8125,-1.2031
304541,0.2156,0.3385,1.0889,-31.2676,-3.8281,-0.4492
304564,0.2772,0.3525,1.1091,-30.7441,-2.8047,-0.1719
304587,0.2434,0.3516,1.0968,-30.0293,-2.2305,-0.4082
304610,0.1672,0.312,1.1166,-28.5176,-1.625,-1.3594
304633,0.1686,0.2676,1.0798,-27.4219,-1.168,-2.248
304656,0.1952,0.2538,1.0634,-26.1309,0.1777,-3.6934
304679,0.2244,0.2489,1.0864,-25.6875,2.5078,-5.0254
304702,0.1669,0.2133,1.0836,-25.8945,4.4551,-5.7266
304725,0.1335,0.1829,1.0487,-26.7617,7.75,-6.2949
304748,0.1409,0.1534,1.0197,-27.5898,10.0703,-6.2246
304771,0.1298,0.1467,0.9337,-29.0508,13.5098,-5.332
304794,0.1166,0.1361,0.9487,-30.084,17.0215,-3.6289
304817,0.0923,0.1404,1.0109,-31.4141,19.6035,-2.2207
304840,0.0703,0.1155,1.0153,-31.9609,23.7734,0.0723
304863,0.0369,0.0548,0.9584,-31.7598,26.418,1.666
304886,0.0442,0.0713,0.9646,-30.8828,29.4844,4.1387
304909,0.0739,0.0793,0.9899,-30.1641,30.5801,5.8008
304932,0.0952,0.0844,1.0553,-29.1719,30.2344,8.1777
304955,0.0521,0.0715,1.0692,-28.4043,26.9766,10.3613
304978,0.066,0.0306,1.0309,-28.1035,23.2598,11.7969
305001,0.069,0.0079,1.0107,-28.1973,16.0801,14.2012
305024,0.0659,-0.007,1.0308,-28.7012,10.8262,16.1016
305047,0.1071,-0.0046,1.0231,-29.9727,3.5059,19.3555
305070,0.1348,-0.0372,0.9552,-31.4238,-2.002,22.7246
305093,0.0999,0.0026,1.0029,-32.2402,-4.4629,24.7969
305116,0.0889,-0.0406,0.9421,-32.9023,-6.4727,27.4492
305139,0.0713,0.0,0.9526,-32.8613,-6.834,28.9102
305162,0.0345,0.0092,1.0074,-32.0723,-6.0625,30.7207
305185,0.0869,-0.0225,1.0398,-30.6172,-3.8437,32.1152
305208,0.0551,-0.0017,0.9922,-29.3105,-1.8105,32.8379
305231,0.0309,-0.0463,1.0035,-27.707,1.5137,33.7598
305254,0.0422,-0.1096,0.981,-27.1523,3.6016,34.3887
305277,0.064,-0.093,1.0237,-27.459,6.0273,35.416
305300,0.1091,-0.0845,1.0255,-28.4004,6.9258,36.0586
305323,0.1006,-0.1157,1.0001,-30.541,6.8281,36.6934
305346,0.1426,-0.1512,0.9792,-32.9336,4.8789,36.6133
305369,0.1935,-0.1364,0.96,-34.2988,2.7402,35.998
305392,0.1456,-0.1211,0.9344,-35.4277,-1.1934,34.1016
305415,0.1378,-0.0988,0.9653,-35.2305,-3.8457,32.2344
305438,0.1302,-0.1107,0.9758,-33.0313,-7.0879,28.7773
305461,0.1067,-0.0883,0.9673,-28.332,-8.7852,24.9316
305484,0.0563,-0.1259,0.936,-23.9961,-8.8711,22.3965
305507,0.0834,-0.1422,0.8915,-16.4277,-7.4316,18.9824
305530,0.1094,-0.1075,0.9301,-11.2051,-5.5977,17.0703
305553,0.0625,-0.0669,0.9888,-3.8437,-2.082,14.8066
305576,0.01,-0.1384,0.9473,2.3164,1.5664,13.3535
305599,0.0365,-0.1508,0.9065,5.4336,3.6484,12.877
305622,0.1075,-0.125,0.9401,8.2949,5.7148,12.7754
305645,0.1395,-0.097,0.963,9.002,6.1543,12.9375
305668,0.1407,-0.0848,0.9767,8.5742,5.1992,13.3145
305691,0.1212,-0.0914,0.9901,7.5508,3.5332,13.6699
305714,0.084,-0.0486,1.0392,5.377,-0.1016,14.5703
305737,0.0449,-0.0659,1.063,3.0527,-4.3574,16.1777
305760,0.1263,0.0156,1.103,1.7559,-7.1191,17.6152
305783,0.1744,-0.0302,1.0574,0.5469,-10.6367,19.8789
305806,0.1169,-0.0402,1.0674,0.2734,-12.3477,21.125
305829,0.0891,-0.0747,1.0746,0.5449,-13.6523,22.2461
305852,0.0707,-0.079,1.0658,1.4453,-13.1973,22.4121
305875,0.124,-0.1288,1.0114,2.25,-11.9277,22.0547
305898,0.1411,-0.0531,0.9696,3.4414,-8.9141,20.9258
305921,0.089,0.0034,1.0276,4.0742,-6.457,19.8438
305944,-0.0663,0.1235,1.2013,4.7324,-2.584,17.9609
305967,0.0765,-0.0017,0.6332,4.8887,1.084,16.0684
305990,0.0436,0.0322,1.0316,4.4805,3.2988,14.791
306013,-0.0121,-0.0236,0.9565,3.4102,6.1152,12.625
306036,0.0327,0.0277,1.047,2.9785,7.5312,10.9297
306059,0.0331,-0.0299,1.0698,3.7949,8.834,7.9219
306082,0.0647,-0.1086,0.9142,5.6152,9.2441,4.043
306105,0.062,0.0031,1.0281,10.1172,9.5918,1.293
306128,0.03,-0.1202,1.1509,16.1738,9.8086,-3.5586
306151,0.1124,-0.3035,1.0879,20.5977,9.5684,-6.7871
306174,0.2184,-0.2655,1.0432,26.6426,7.7676,-11.0762
306197,0.1647,-0.1461,0.9746,29.5156,5.3105,-13.3223
306220,0.1539,0.0919,0.9027,31.166,-0.1445,-15.3301
306243,0.1187,0.3524,1.1678,29.5859,-6.748,-15.1934
306266,-0.0764,0.2196,0.9451,27.1406,-10.9512,-13.7129
306289,0.1331,0.1754,1.0393,21.8574,-15.6758,-9.4414
306312,0.094,0.1121,1.0503,17.4395,-17.3984,-5.5918
306335,0.1495,0.0388,1.0149,9.8047,-17.8125,0.6328
306358,0.0692,-0.0123,0.9595,1.4746,-15.9961,6.0664
306381,0.0992,-0.0345,0.9838,-4.043,-13.8613,8.6543
306404,0.0872,0.0123,1.0115,-11.2324,-9.9941,10.4492
306427,0.0858,0.0923,0.9382,-14.6055,-7.4297,10.1582
306450,0.0092,0.1102,0.9757,-16.7031,-4.0,7.7598
306473,0.1022,0.1438,0.9547,-15.9824,-2.0273,3.7852
306496,0.0769,0.1201,0.9266,-12.1582,0.2637,0.8086
306519,0.105,0.174,0.9142,-6.3613,1.334,-3.2949
306542,0.0303,0.1299,0.9288,-2.3242,1.1055,-5.3535
306565,0.126,0.0795,1.0238,2.6836,-0.8906,-7.1094
306588,0.129,0.011,0.9802,4.7383,-3.3047,-7.5625
306611,0.2106,-0.0381,0.9507,5.1992,-8.3262,-7.8867
306634,0.2472,-0.0555,0.9969,2.291,-14.4023,-8.752
306657,0.2559,-0.072,1.0051,-1.1719,-18.5605,-10.0195
306680,0.2682,-0.1302,1.0459,-7.4609,-24.1895,-13.1074
306703,0.2336,-0.1439,0.9503,-11.5176,-27.1406,-15.8145
306726,0.212,-0.0188,0.9812,-15.9492,-29.7949,-20.3574
306749,0.2202,0.0111,1.0566,-16.8223,-29.7578,-24.877
306772,0.1831,-0.0115,1.0614,-14.793,-28.0938,-27.6738
306795,0.1934,0.0579,0.9658,-7.8242,-23.3984,-31.4121
306818,0.2294,0.1812,1.1942,-1.0859,-19.1719,-33.5859
306841,0.2207,0.0331,1.0747,10.7344,-11.9746,-36.3926
306864,0.0824,-0.0457,0.7885,18.582,-5.2734,-38.3496
306887,0.0713,0.0618,0.8666,28.1484,-1.4219,-38.9082
306910,0.2117,0.256,1.0962,34.0996,2.4414,-38.7383
306933,0.2206,0.22,0.9526,36.5664,3.9609,-38.4102
306956,0.1393,0.1345,0.6991,39.1738,5.0859,-38.4297
306979,0.0332,0.0671,0.4785,40.6543,5.4629,-39.0762
307002,-0.0105,0.1973,0.5764,43.5508,6.4062,-41.418
307025,0.0568,0.2871,0.8407,49.0215,8.9141,-46.3242
307048,0.1556,0.2957,0.8406,54.7832,11.4668,-51.5605
307071,0.213,0.3112,0.7322,63.998,14.8262,-62.5508
307094,0.196,0.3876,0.5444,63.998,15.1621,-64.0
307117,0.0225,0.5201,0.558,63.998,10.8027,-64.0
307140,-0.0637,0.6201,0.7739,63.998,1.0801,-64.0
307163,-0.0319,0.6346,0.7583,63.998,-6.9082,-64.0
307186,-0.0024,0.7454,0.7354,63.998,-18.6816,-64.0
307209,-0.0309,0.7869,0.6372,63.998,-25.3066,-64.0
307232,-0.1326,0.8086,0.5464,63.998,-32.3242,-64.0
307255,-0.1549,0.8276,0.521,63.998,-35.3711,-64.0
307278,-0.1541,0.8608,0.4562,63.998,-35.3828,-64.0
307301,-0.1425,0.9327,0.5112,63.998,-33.3262,-64.0
307324,-0.0426,0.9561,0.6068,63.998,-31.2539,-61.4473
307347,-0.0901,0.8268,0.4432,63.998,-28.2695,-45.9844
307370,-0.1515,0.7693,0.2312,63.998,-27.084,-36.0234
307393,-0.0402,0.8741,0.3796,63.998,-27.1836,-21.8262
307416,-0.0284,0.8831,0.3589,63.998,-29.082,-9.0703
307439,-0.0863,0.8308,0.2059,63.998,-30.7012,-1.7461
307462,-0.099,0.839,0.2346,63.998,-32.4297,7.0566
307485,-0.1167,0.8915,0.2689,63.2363,-32.457,11.2988
307508,-0.127,0.8883,0.2137,51.8359,-30.084,15.0625
307531,-0.1476,0.8639,0.1812,45.4609,-24.832,15.7637
307554,0.0684,0.9636,0.349,44.1992,-20.1699,14.6641
307577,0.0233,0.9884,0.2405,46.0,-12.4824,11.1562
307600,-0.1919,0.8186,-0.0333,48.4785,-7.5469,8.2734
307623,-0.1456,0.825,-0.0211,51.3223,-1.3438,4.793
307646,0.1539,1.0428,0.3004,50.9707,2.7129,3.4746
307669,0.1802,1.0208,0.2292,48.8477,4.0449,3.6562
307692,-0.0765,0.8849,-0.0305,43.5898,4.0859,4.9766
307715,0.0028,0.8844,0.1904,38.9102,3.0273,6.5
307738,0.1711,0.8977,0.141,30.7578,0.2031,9.6113
307761,0.0237,0.8308,0.1194,25.1543,-2.3613,11.9199
307784,0.0402,0.8048,0.0857,17.5371,-6.7246,15.0293
307807,0.0732,0.8308,0.1108,11.8867,-10.9687,16.9473
307830,0.072,0.8293,0.1129,9.5781,-13.5039,17.2773
307853,0.0343,0.7806,0.0575,8.3965,-16.7012,16.2363
307876,0.0048,0.8052,0.0482,8.9355,-18.2676,14.6328
307899,0.0652,0.8654,0.0752,11.1426,-19.5625,11.2988
307922,0.0613,0.8629,0.0647,14.2109,-19.7012,7.4258
307945,0.0719,0.899,0.0328,16.3047,-19.2832,4.7891
307968,0.0527,0.8944,0.0222,19.0195,-18.0723,0.9551
307991,0.0031,0.8251,-0.0018,20.3867,-16.9688,-1.4805
308014,0.0435,0.8021,0.017,21.7305,-15.1621,-4.9219
308037,-0.0112,0.7974,0.0103,22.377,-13.7988,-8.0371
308060,0.0039,0.8268,-0.0095,22.5625,-13.4922,-9.873
308083,-0.0161,0.8127,-0.0311,22.6699,-14.3008,-12.1387
308106,-0.0072,0.8191,-0.0444,22.6855,-15.748,-13.2305
308129,-0.025,0.854,-0.0408,22.6523,-19.1348,-14.0918
308152,0.0354,0.8688,-0.0621,22.5762,-22.0645,-13.6113
308175,0.0074,0.8158,-0.0488,22.3496,-27.2227,-13.3945
308198,-0.0067,0.8002,-0.0787,21.9805,-32.9043,-12.1055
308221,-0.0168,0.8181,-0.0891,21.6777,-36.6016,-11.1387
308244,-0.0292,0.8292,-0.1132,21.1992,-41.2227,-9.7715
308267,-0.0266,0.7792,-0.1011,20.8789,-43.2148,-8.9766
308290,-0.0365,0.7928,-0.1057,20.3398,-43.9512,-7.9824
308313,-0.0269,0.7671,-0.1279,19.627,-41.7852,-7.1934
308336,-0.045,0.6783,-0.1011,18.9863,-38.875,-6.7207
308359,0.0093,1.2603,-0.2482,17.6621,-32.7207,-5.8887
308382,-0.0887,0.7543,-0.1141,16.4707,-27.623,-5.0918
308405,0.0076,0.8477,-0.1417,14.043,-18.832,-3.3242
308428,0.0209,0.8253,-0.1077,10.5645,-9.6719,-0.7578
308451,-0.0013,0.8473,-0.0869,7.5625,-4.043,1.3691
308474,-0.0082,0.8374,-0.1123,2.0625,2.9902,4.9844
308497,0.0188,0.8582,-0.1072,-2.1914,6.5762,7.5293
308520,0.0739,0.9454,-0.126,-9.2676,10.3594,11.3516
308543,0.1548,1.1211,-0.0029,-14.3281,11.9551,15.3301
308566,0.2029,1.0602,0.0273,-22.125,13.2676,17.1797
308589,0.1989,0.9901,0.0721,-29.668,13.9102,19.2832
308612,0.1122,0.8815,0.2029,-34.2227,14.4824,19.4648
308635,0.0973,0.7559,0.1255,-39.9336,16.5313,17.498
308658,0.0647,0.6831,0.1694,-42.9336,19.3418,14.7109
308681,0.1044,0.6471,0.1597,-46.2813,26.709,8.7031
308704,0.1049,0.6912,0.1699,-48.2656,38.0742,1.5254
308727,0.0367,0.6842,0.1569,-48.8301,47.4434,-3.0332
308750,-0.0968,0.6243,0.0127,-48.6484,63.1699,-8.0625
308773,-0.0873,0.6454,-0.0024,-47.9453,63.998,-9.5918
308796,-0.0632,0.6823,-0.0552,-45.873,63.998,-8.9609
308819,-0.1206,0.7399,-0.0636,-41.7578,63.998,-5.6289
308842,-0.1797,0.8141,-0.082,-37.3086,63.998,-2.5664
308865,-0.0458,0.8142,-0.0376,-27.5723,63.998,2.3145
308888,0.1381,0.864,0.0471,-19.1367,63.998,5.2285
308911,0.0159,0.896,0.0045,-4.5078,63.998,8.4258
308934,-0.0452,0.9739,0.0596,5.6523,63.998,10.2109
308957,0.1179,0.9866,0.0831,19.7461,63.998,10.8457
308980,0.1569,0.8759,0.0438,30.5938,63.998,11.0723
309003,-0.0189,0.8079,0.0055,35.1797,53.7402,10.7363
309026,0.0649,0.8467,0.0358,37.3848,33.0605,9.7246
309049,0.0651,0.8542,0.0254,35.793,20.5195,8.8984
309072,0.0743,0.8234,0.0253,29.6094,4.6309,7.6406
309095,0.0486,0.8572,0.0367,20.4707,-7.1602,6.4336
309118,0.033,0.8584,0.0128,13.7441,-12.6523,5.6543
309141,0.0656,0.855,0.0245,4.0703,-17.4844,4.4941
309164,0.0411,0.8413,0.033,-1.5215,-18.7051,3.7051
309187,0.0391,0.8312,0.0376,-8.0781,-18.1641,2.4531
309210,0.0385,0.8247,0.036,-12.3086,-15.6582,1.1133
309233,0.0376,0.8188,0.035,-13.957,-13.4102,0.1992
309256,0.0378,0.7902,0.05,-15.0625,-9.8437,-1.123
309279,0.0393,0.7462,0.0684,-15.1562,-7.6387,-1.916
309302,-0.0101,0.6573,0.1208,-14.748,-4.8984,-2.8965
309325,0.1504,1.2928,-0.0555,-14.2676,-2.9902,-3.5918
309348,-0.0322,0.7688,0.0605,-13.4512,-1.7734,-3.8867
309371,-0.0033,0.885,0.0815,-12.9102,-0.1406,-4.0527
309394,-0.0083,0.8374,0.0768,-12.9102,0.8887,-3.9414
309417,0.0374,0.8558,0.115,-13.6465,1.9961,-3.293
309440,0.045,0.8374,0.1046,-14.6973,2.1504,-2.4062
309463,0.0907,0.8518,0.0959,-17.1836,1.2188,-0.1934
309486,0.1333,1.0688,0.1869,-20.707,-1.0957,3.0957
309509,0.1671,1.1118,0.2222,-23.4277,-3.375,5.7168
309532,0.1438,1.0105,0.2239,-27.4766,-7.8418,9.6641
309555,0.1061,0.8959,0.3186,-29.7656,-11.3125,11.7871
309578,0.0426,0.7877,0.2507,-32.0156,-16.5957,13.3379
309601,-0.0463,0.657,0.1543,-32.7441,-21.1563,12.3418
309624,-0.0527,0.6289,0.1632,-32.6445,-23.3359,10.1914
309647,-0.0302,0.594,0.1235,-31.9609,-24.8047,4.8672
309670,0.0117,0.6083,0.1318,-31.1309,-24.5078,0.0996
309693,0.007,0.6554,0.1475,-28.9355,-22.3906,-8.3008
309716,-0.0385,0.7001,0.1586,-26.5566,-18.8379,-16.9941
309739,-0.0319,0.7438,0.0896,-21.4258,-16.0469,-22.0977
309762,-0.0072,0.7941,0.1267,-14.8242,-11.8145,-27.5078
309785,0.1078,0.8552,0.1643,-10.0117,-9.2578,-29.168
309808,0.0524,0.9297,0.205,-2.8301,-6.168,-28.502
309831,0.0421,0.9028,0.2069,1.5625,-4.6699,-26.0234
309854,0.0559,0.8508,0.1569,6.9082,-3.1504,-19.7852
309877,0.0457,0.8402,0.1198,10.1328,-2.2773,-11.7109
309900,0.0719,0.8829,0.1293,10.9629,-1.9902,-6.0684
309923,0.0178,0.8351,0.1121,10.4883,-2.0254,1.8105
309946,0.0419,0.8284,0.1332,9.3223,-2.3574,6.2832
309969,0.0386,0.802,0.1156,6.8477,-3.3398,11.4668
309992,0.0397,0.8394,0.0856,4.1328,-4.9785,14.6836
310015,0.0391,0.9575,0.1309,2.5488,-6.4395,15.7266
310038,0.0396,0.9327,0.1252,1.0,-9.0566,15.6562
310061,0.0389,0.8596,0.1241,0.6523,-10.9531,14.5234
310084,0.002,0.786,0.0973,0.9766,-13.7637,11.2969
310107,0.0323,0.8027,0.1367,1.9941,-16.2539,6.6523
310130,0.0143,0.8116,0.1222,2.2695,-17.6563,3.1523
310153,0.0409,0.8408,0.1501,2.6602,-19.3887,-2.0312
310176,0.0217,0.8583,0.1273,2.6074,-20.3301,-5.0879
310199,0.0059,0.8306,0.1073,2.0703,-21.3984,-8.6484
310222,0.0001,0.8423,0.1118,1.4668,-21.7852,-10.207
310245,0.0087,0.8131,0.1124,0.3574,-21.7285,-11.2637
310268,0.0382,0.8248,0.1335,-0.791,-20.9219,-10.8984
310291,0.0392,0.8242,0.1155,-1.4707,-20.0938,-9.9844
310314,0.046,0.8353,0.11,-2.2266,-18.6426,-7.8672
310337,0.0469,0.84,0.1222,-2.4902,-17.5938,-6.1523
310360,0.033,0.8286,0.1184,-2.4551,-15.7988,-3.5371
310383,0.0397,0.8344,0.1222,-1.8594,-13.5098,-1.4355
310406,-0.0151,0.8126,0.0785,-1.1602,-11.6309,-0.5977
310429,0.0054,0.8033,0.0792,0.209,-8.2656,-0.3789
310452,-0.0039,0.8228,0.1017,1.1738,-5.748,-0.8828
310475,0.0055,0.8582,0.093,2.3477,-1.916,-2.3105
310498,-0.0021,0.7961,0.1068,2.793,1.4824,-4.041
310521,-0.0277,0.7383,0.1294,2.5352,3.2891,-5.0918
310544,0.0737,1.137,0.0592,1.2773,5.1113,-6.2129
310567,-0.0742,0.7524,0.0968,-0.0273,5.7598,-6.5293
310590,-0.0468,0.8507,0.1281,-2.3848,6.2812,-6.2285
310613,0.0411,0.8484,0.1525,-4.0234,6.5566,-4.959
310636,0.0164,0.8542,0.1138,-6.2363,6.9902,-3.3594
310659,-0.0131,0.8536,0.0781,-7.9121,7.3477,-0.1816
310682,-0.0181,0.8538,0.0717,-8.7656,7.4023,2.3926
310705,0.0059,0.8419,0.0381,-10.084,6.957,6.7012
310728,0.0776,0.8348,0.1183,-11.4414,6.2227,9.8145
310751,0.1422,0.8516,0.191,-15.1426,4.334,14.8574
310774,0.2686,0.9689,0.3326,-21.625,1.2129,20.2227
310797,0.2446,0.9337,0.4059,-27.375,-1.6543,23.6152
310820,0.2012,0.9124,0.4265,-36.7227,-6.7754,27.209
310843,0.1223,0.8658,0.4384,-42.1582,-10.1855,27.7266
310866,0.0441,0.8002,0.2692,-47.1035,-14.1055,24.6367
310889,0.0503,0.7158,0.2187,-47.2344,-15.3594,17.0293
310912,0.0326,0.6782,0.2068,-44.8281,-14.3926,10.1836
310935,-0.0468,0.6949,0.2651,-38.2148,-10.3613,-1.0176
310958,-0.0255,0.6853,0.2626,-32.248,-6.2266,-8.0391
310981,0.0294,0.653,0.1569,-21.8828,1.3418,-16.3691
311004,0.0073,0.6329,0.083,-14.7285,6.709,-20.8633
311027,-0.0039,0.7124,0.1473,-4.75,14.3008,-21.4238
311050,-0.0868,0.7898,0.1935,3.6855,20.5898,-18.7012
311073,-0.0013,0.8412,0.0745,8.3828,23.832,-14.8418
311096,0.0068,0.9952,0.1046,13.9707,27.0488,-7.0801
311119,0.2183,1.0914,0.1936,16.7324,27.998,-1.4824
311142,-0.0206,0.8771,0.1719,19.5352,27.4766,6.0078
311165,0.085,0.812,0.1844,20.6543,24.6914,11.2266
311188,0.0555,0.7651,0.1672,20.3867,21.8223,13.1465
311211,0.057,0.8026,0.1688,18.5723,16.5664,13.6914
311234,0.0546,0.847,0.1582,16.6543,12.8223,12.6973
311257,0.0345,0.8226,0.1512,13.2578,7.5566,9.7734
311280,0.0452,0.7964,0.1469,9.8301,3.3809,5.9863
311303,0.0394,0.8427,0.1548,7.7695,1.3594,3.4336
311326,0.0303,0.8352,0.1382,5.2383,-0.6016,0.0898
311349,0.0288,0.8221,0.1307,3.9785,-1.3066,-1.6016
311372,0.0397,0.8187,0.1321,2.6484,-1.7324,-3.1387
311395,0.0427,0.8177,0.1252,2.0293,-1.8066,-3.4707
311418,0.0463,0.776,0.1008,1.3379,-2.0078,-3.125
311441,0.0981,0.9744,0.2002,0.9531,-2.6387,-2.0449
311464,0.0593,0.832,0.1652,0.918,-3.3574,-1.1582
311487,0.0417,0.8406,0.129,1.0371,-4.7539,0.0059
311510,0.0192,0.803,0.1404,1.0645,-5.7051,0.4531
311533,0.0396,0.8314,0.1361,0.8027,-6.7988,0.3906
311556,0.0151,0.8284,0.1312,0.0879,-7.2637,-0.5215
311579,0.0417,0.8219,0.1509,-0.623,-7.2109,-1.4355
311602,0.0389,0.8219,0.1633,-1.9434,-6.7461,-2.8887
311625,0.0338,0.8193,0.1512,-2.918,-6.291,-3.707
311648,0.0312,0.8083,0.1633,-4.3477,-5.5234,-4.4824
311671,0.043,0.8256,0.1603,-5.5176,-4.8047,-4.6133
311694,0.0325,0.7753,0.1566,-6.0508,-4.4434,-4.3594
311717,0.0664,0.8224,0.1682,-6.4434,-4.127,-3.5703
311740,0.0535,0.8729,0.1443,-6.4629,-4.0781,-2.8633
311763,0.0327,0.9047,0.1475,-6.2168,-4.1777,-1.7246
311786,0.0409,0.8607,0.1342,-5.9102,-4.3047,-0.7715
311809,0.0358,0.8381,0.1399,-5.2891,-4.3203,-0.3828
311832,0.0208,0.8363,0.1449,-4.5195,-4.1914,-0.2812
311855,0.0205,0.8313,0.144,-3.9473,-4.0039,-0.5176
311878,0.0277,0.8322,0.1479,-3.0527,-3.5781,-1.1504
311901,0.0391,0.8301,0.1537,-2.4785,-3.2109,-1.5957
311924,0.0394,0.8342,0.1506,-1.7363,-2.5234,-1.9941
311947,0.0393,0.8361,0.1342,-1.2129,-1.6367,-1.8066
311970,0.0383,0.838,0.1265,-1.002,-0.9395,-1.2988
311993,0.0302,0.8451,0.1298,-0.9258,0.168,-0.0312
312016,0.0281,0.8416,0.1228,-1.0898,0.8594,1.0723
312039,0.0302,0.8541,0.1268,-1.8906,1.6289,3.0039
312062,0.0105,0.8378,0.0803,-3.7812,1.8223,5.2402
312085,0.0437,0.8436,0.1066,-5.9473,1.543,6.9492
312108,0.0835,0.9058,0.1259,-11.0527,0.4668,10.0156
312131,0.1644,0.9517,0.2054,-15.918,-0.7285,12.5
312154,0.2233,0.9327,0.2596,-25.3574,-3.4609,16.8027
312177,0.1782,0.933,0.392,-32.5898,-7.5684,20.9453
312200,0.1609,0.9031,0.3575,-43.3203,-10.9082,22.8379
312223,0.1205,0.8342,0.3276,-52.2324,-16.0273,23.2754
312246,0.0361,0.7561,0.2283,-56.748,-19.0195,21.7207
312269,0.0425,0.7312,0.3016,-61.5234,-22.2656,16.9492
312292,0.0565,0.7073,0.3583,-63.4902,-23.3906,12.543
312315,0.0985,0.6653,0.3882,-64.0,-23.3672,4.793
312338,0.0935,0.6036,0.3779,-63.3633,-21.3965,-3.5469
312361,0.0448,0.5623,0.2993,-61.3945,-19.209,-8.9453
312384,0.0282,0.5709,0.3442,-57.0723,-15.0664,-15.9668
312407,0.0297,0.6516,0.3695,-53.4258,-11.9492,-19.5273
312430,0.0522,0.7352,0.4337,-46.8613,-7.0352,-22.8281
312453,0.1111,0.8392,0.5083,-39.168,-2.2793,-23.6465
312476,0.0878,0.9531,0.5165,-33.7676,0.5,-22.9121
312499,-0.0076,0.9554,0.4679,-26.334,3.5898,-20.0684
312522,0.0096,0.9865,0.4996,-22.5742,4.6797,-17.1836
312545,0.0437,0.9663,0.547,-19.6543,4.6699,-12.0723
312568,0.0363,0.8792,0.5011,-20.1582,2.9219,-7.418
312591,0.0023,0.7723,0.4587,-22.2441,1.1016,-5.373
312614,-0.0354,0.6755,0.434,-26.9746,-2.0898,-4.668
312637,-0.0336,0.6008,0.4325,-30.6074,-4.3047,-5.877
312660,-0.005,0.5699,0.4011,-35.5781,-7.5469,-9.877
312683,-0.0149,0.5486,0.4043,-37.9063,-9.6211,-13.5879
312706,-0.041,0.5378,0.3818,-39.0605,-12.6191,-19.748
312729,-0.0657,0.5709,0.3619,-37.0371,-15.5488,-25.2344
312752,-0.0779,0.6365,0.4084,-34.1484,-17.4922,-27.7813
312775,-0.0659,0.6724,0.4895,-28.5313,-20.3809,-29.1172
312798,-0.0004,0.7144,0.5876,-24.8105,-22.3652,-28.1113
312821,0.0853,0.7212,0.6869,-20.9102,-25.8223,-23.8984
312844,0.151,0.6887,0.6992,-20.5977,-30.459,-17.3691
312867,0.1139,0.6083,0.714,-22.8672,-34.3066,-12.4199
312890,0.1533,0.6055,0.7853,-29.9355,-40.3789,-5.0449
312913,0.1332,0.5746,0.7712,-36.6816,-43.8555,-0.5098
312936,0.1384,0.5309,0.7542,-48.8164,-47.125,5.5117
312959,0.0917,0.5183,0.7205,-62.0527,-47.2715,10.7109
312982,0.0981,0.4969,0.6993,-64.0,-45.4043,13.8594
313005,0.095,0.4714,0.6732,-64.0,-39.8242,18.332
313028,0.1024,0.45,0.7205,-64.0,-34.6504,21.2227
313051,0.1434,0.4828,0.8016,-64.0,-25.668,25.3184
313074,0.1678,0.5042,0.8546,-64.0,-19.5215,28.7578
313097,0.1323,0.4873,0.8623,-64.0,-11.2227,30.8125
313120,0.1051,0.4237,0.8251,-64.0,-5.0703,33.1191
313143,0.1322,0.3949,0.8431,-64.0,-2.4805,34.2832
313166,0.1964,0.3865,0.9441,-64.0,-0.9355,35.4199
313189,0.2094,0.3613,0.9669,-64.0,-1.3145,35.6426
313212,0.1943,0.3192,0.9857,-64.0,-3.5371,35.0
313235,0.1898,0.2494,0.9423,-64.0,-7.1348,33.3555
313258,0.1949,0.2296,0.8927,-64.0,-9.9297,31.9375
313281,0.2234,0.2504,0.9292,-64.0,-14.0859,29.623
313304,0.2886,0.2788,0.9767,-64.0,-16.4414,27.9766
313327,0.3245,0.2765,0.9982,-64.0,-18.8516,25.2031
313350,0.2896,0.2435,0.9718,-64.0,-19.7285,21.9922
313373,0.2333,0.2166,0.9414,-64.0,-19.5234,19.7285
313396,0.2614,0.2343,1.0111,-64.0,-18.2676,16.4805
313419,0.2811,0.2,1.0015,-64.0,-16.9727,14.5391
313442,0.2814,0.1234,0.9958,-64.0,-14.7227,12.0176
313465,0.3058,0.1025,1.0499,-64.0,-13.2539,9.877
313488,0.3406,0.0819,1.1178,-64.0,-11.4551,8.5957
313511,0.3569,0.0413,1.1449,-63.0098,-10.5918,6.8633
313534,0.3754,0.0144,1.2092,-60.8184,-10.7637,5.8984
313557,0.386,-0.0266,1.1355,-58.3613,-12.209,4.9258
313580,0.3851,-0.028,1.0636,-57.5781,-13.8711,4.7207
313603,0.3733,-0.0232,1.0469,-57.8672,-17.0098,5.2324
313626,0.3723,-0.0037,1.0243,-59.2441,-20.1094,6.7051
313649,0.3311,0.0485,1.0151,-59.9629,-21.627,8.0469
313672,0.2867,-0.0084,0.9906,-59.252,-22.2246,9.9648
313695,0.2876,-0.0159,1.0316,-56.8594,-21.0469,10.6152
313718,0.3129,-0.0161,0.9816,-49.8184,-16.4668,9.5937
313741,0.2998,-0.0448,0.9082,-39.1934,-8.7246,5.4531
313764,0.2601,-0.0789,0.8964,-31.0254,-2.3027,1.0742
313787,0.2137,-0.1072,0.9076,-18.959,8.082,-6.9023
313810,0.2004,-0.1115,0.9722,-12.0117,14.7441,-12.2695
313833,0.224,-0.1531,0.9929,-4.4121,23.0645,-18.8965
313856,0.2378,-0.203,0.9736,-1.5938,28.334,-22.5137
313879,0.2919,-0.2269,1.016,-0.873,28.9434,-22.8906
313902,0.2786,-0.212,1.0203,-3.8281,26.2617,-20.4551
313925,0.3461,-0.233,1.0151,-7.2441,21.8906,-17.1289
313948,0.3372,-0.1722,0.9911,-13.3848,12.25,-10.3672
313971,0.3003,-0.1007,1.0083,-17.4258,4.5703,-5.168
313994,0.3031,-0.0626,1.0166,-22.125,-7.0137,2.9199
314017,0.338,0.0354,1.0327,-23.7637,-16.3438,10.4629
314040,0.3005,0.1204,1.0852,-22.5176,-20.1191,14.6777
314063,0.2257,0.1113,1.0559,-16.6758,-20.7988,19.1738
314086,0.1587,0.1078,1.0012,-10.3398,-17.6387,20.8105
314109,0.1121,0.1016,1.0154,1.5859,-8.1289,21.4648
314132,0.0573,0.0614,1.0479,14.2734,4.9844,20.668
314155,0.1467,0.0594,1.032,21.9688,14.2539,19.666
314178,0.1709,0.0648,1.0131,30.9648,26.8145,17.6387
314201,0.0894,0.0491,1.0421,34.7949,33.3008,15.9824
314224,0.0934,0.0398,1.0886,37.1309,39.1406,13.2715
314247,0.1853,-0.0072,1.0641,36.6348,39.7891,10.6914
314270,0.2063,-0.0031,1.062,33.4043,37.3301,9.2148
314293,0.2412,-0.0188,1.0626,27.9785,29.9277,7.5508
314316,0.2867,-0.031,1.0417,23.584,23.1816,6.918
314339,0.2594,-0.0441,1.0175,16.4453,11.7715,6.8867
314362,0.2,-0.0519,0.9987,11.623,4.25,7.6309
314385,0.2067,-0.0402,1.0245,4.7422,-5.2773,10.125
314408,0.187,-0.0669,0.9774,-1.2813,-11.2949,14.3301
314431,0.1904,-0.0829,0.9438,-4.6758,-13.0566,17.9492
314454,0.2355,-0.0891,0.932,-8.7676,-12.5957,24.1367
314477,0.1897,-0.0518,0.9342,-10.7734,-10.6348,28.416
314500,0.163,-0.0518,0.9877,-12.4727,-6.0,34.502
314523,0.1689,-0.0798,0.9645,-12.3242,-0.2207,39.6719
314546,0.1803,-0.0862,0.9036,-11.2031,3.7246,42.4023
314569,0.1969,-0.0521,0.8918,-8.2793,8.9316,45.209
314592,0.2106,-0.0094,0.9301,-5.6719,11.5566,46.1367
314615,0.1924,0.0074,0.9266,-0.8789,14.0,46.0625
314638,0.1863,0.0055,0.8945,4.8926,14.9551,44.3945
314661,0.1432,0.0453,0.8967,9.3066,15.0957,42.6094
314684,0.1403,0.0459,0.9471,16.3965,15.1055,39.3555
314707,0.1665,0.0812,0.9651,21.3418,15.2109,37.0078
314730,0.2058,0.1183,0.9797,28.7578,15.6777,33.4004
314753,0.182,0.1271,0.9816,33.4082,16.1465,31.0176
314776,0.1429,0.1238,1.0052,39.3203,16.916,27.6582
314799,0.1693,0.1177,0.9976,43.1641,17.6582,24.8359
314822,0.1238,0.0641,0.925,44.1602,18.1211,23.4043
314845,0.0337,0.0405,0.8784,42.8301,18.832,22.1465
314868,0.0472,0.1017,0.9355,40.0293,19.4297,21.9512
314891,0.0667,0.0933,0.9119,33.5879,20.7266,22.3887
314914,0.0343,0.0807,0.838,25.7637,22.6543,23.1133
314937,0.0092,0.0992,0.8751,20.5059,24.2832,23.4629
314960,-0.0391,0.1488,0.9288,13.5234,27.0625,23.6621
314983,-0.0542,0.1683,0.9508,9.9004,28.9648,23.6309
315006,-0.0472,0.1699,0.9216,6.2949,31.4883,23.4902
315029,-0.0892,0.1272,0.912,4.5176,33.0977,23.3438
315052,-0.0726,0.1122,0.9165,3.9316,33.4473,23.248
315075,-0.0707,0.1444,0.9489,3.3457,32.6172,23.0938
315098,-0.0229,0.1543,1.0172,2.9453,31.0215,22.9863
315121,0.0249,0.1421,0.9857,2.2617,27.0039,22.7715
315144,0.0503,0.1293,0.9691,1.7676,23.3359,22.5762
315167,0.0613,0.1376,0.9829,1.0391,16.7246,22.3105
315190,0.0492,0.201,1.064,0.627,9.4883,22.3457
315213,0.0343,0.212,1.0695,0.7773,4.834,22.6738
315236,0.0214,0.2207,1.0177,1.8027,-1.0996,23.6465
315259,0.0426,0.2268,0.995,2.8867,-4.0156,24.5078
315282,0.0221,0.2334,1.0317,4.6777,-6.5371,25.7402
315305,-0.0006,0.2555,1.051,6.1934,-6.8164,26.4531
315328,-0.0374,0.2012,0.9373,6.8418,-5.9082,26.5
315351,0.0057,0.2327,0.9807,7.0078,-3.2852,25.8105
315374,0.0035,0.2507,0.9644,6.5957,-0.9238,24.7559
315397,-0.0765,0.2216,0.9651,5.5664,3.1152,22.2207
315420,-0.0414,0.1654,1.0117,4.6172,7.209,18.7363
315443,0.0134,0.1947,0.9731,4.2598,9.5703,16.0508
315466,0.0139,0.2421,0.9661,4.2207,11.8418,11.7363
315489,0.0472,0.2112,0.9514,4.4883,12.2422,8.7988
315512,-0.0422,0.21,0.9973,5.2676,11.1973,4.5
315535,0.0293,0.2062,0.9774,6.0527,9.6816,0.791
315558,-0.0247,0.2074,0.9331,7.6348,6.7637,-1.9375
315581,-0.0479,0.204,0.9452,9.5352,3.5684,-5.1074
315604,0.0352,0.2191,1.0088,10.8516,1.4551,-6.7852
315627,0.0282,0.1749,0.9653,12.6875,-1.6367,-8.4434
315650,0.0236,0.1924,0.9751,13.6172,-3.6406,-8.8516
315673,0.0175,0.2921,0.9364,14.2012,-6.457,-8.291
315696,0.0414,0.3496,1.0629,13.6484,-8.9336,-6.3887
315719,0.0387,0.3151,0.9237,12.7441,-10.3359,-4.5566
315742,0.0387,0.3094,0.9469,10.8184,-11.9199,-1.4668
315765,0.0514,0.38,1.0129,9.377,-12.5117,0.4355
315788,0.04,0.3577,0.9128,7.5859,-12.5645,2.4141
315811,0.0387,0.3691,0.9417,6.8711,-11.6602,2.8359
315834,0.0375,0.3595,0.9259,7.1895,-10.7363,2.1855
315857,0.0153,0.119,0.8684,8.9141,-9.2988,0.084
315880,0.0487,0.0658,0.9044,10.8086,-8.4082,-1.7891
315903,-0.0266,0.0226,0.9237,14.5918,-7.1934,-4.791
315926,-0.0535,0.1356,0.8723,17.6445,-6.375,-7.707
315949,0.0895,0.3269,0.8975,22.8066,-4.8496,-9.6172
315972,-0.0613,0.3314,0.8706,28.043,-3.0859,-12.334
315995,-0.1437,0.3799,0.8558,30.9102,-2.0039,-13.7266
316018,0.2084,0.4078,0.78,32.9902,-0.9746,-14.4473
316041,0.0327,0.4507,1.1631,32.2773,-1.0371,-13.8164
316064,0.161,0.355,0.8286,27.584,-2.7051,-11.1973
316087,0.0725,0.4315,0.9851,18.6094,-6.2578,-6.7578
316110,0.1573,0.4611,0.9664,10.7812,-9.3047,-3.1172
316133,0.0759,0.4851,0.9419,-2.166,-13.9023,2.5293
316156,0.073,0.4324,0.9351,-10.5703,-16.375,5.9316
316179,0.012,0.4099,0.876,-21.2734,-18.3477,9.9082
316202,0.1434,0.2496,0.9871,-28.3828,-17.4629,12.127
316225,0.0032,0.1975,0.8502,-30.7246,-15.1797,12.5332
316248,0.1339,0.2318,0.8953,-30.5684,-9.6465,11.7227
316271,-0.0345,0.2949,0.9365,-28.1758,-4.6602,10.3945
316294,-0.0742,0.3369,0.9011,-21.5508,4.9199,7.4609
316317,-0.0065,0.3628,0.8844,-15.4668,16.3652,3.7773
316340,0.0212,0.3723,0.8884,-4.752,23.6055,1.1406
316363,-0.1396,0.3379,0.8716,6.3184,33.0098,-2.6699
316386,-0.1154,0.3788,0.875,12.9004,37.6328,-4.8164
316409,-0.0697,0.4896,0.8448,20.3066,41.3281,-7.0215
316432,-0.0873,0.5173,0.8497,23.1465,41.1523,-7.7559
316455,-0.1218,0.5234,0.8561,23.9746,36.6465,-7.9687
316478,-0.0266,0.3313,0.9331,20.8867,27.5313,-7.6543
316501,-0.1708,0.2543,1.0939,16.9629,19.4082,-7.5645
316524,0.0271,0.0377,0.6526,8.7227,5.2285,-8.2168
316547,0.2919,0.1693,1.0358,1.9355,-4.7598,-9.5977
316570,0.0608,0.1323,0.9117,-8.916,-19.0313,-13.6855
316593,-0.0099,0.246,0.9287,-18.5391,-30.4844,-19.5938
316616,-0.0869,0.3135,0.7992,-23.3398,-35.6563,-23.6055
316639,-0.0217,0.387,0.7612,-27.4434,-39.1602,-28.2598
316662,-0.0527,0.3745,0.6873,-28.1328,-38.8496,-29.9238
316685,-0.1388,0.3395,0.7499,-26.752,-35.4316,-29.9648
316708,-0.1102,0.2456,0.7202,-24.8125,-30.1094,-27.2813
316731,-0.1079,0.0552,0.5984,-21.4688,-26.459,-24.4082
316754,-0.2123,-0.1031,0.4718,-18.6426,-22.0742,-19.5332
316777,-0.1752,-0.1405,0.5664,-17.1211,-20.3105,-16.6543
316800,-0.0691,-0.0569,0.6544,-14.2891,-19.4238,-14.3535
316823,0.0864,0.0068,0.6281,-10.9746,-19.7637,-14.9746
316846,0.1005,0.0981,0.5839,-2.2539,-21.2266,-19.9824
316869,-0.0226,0.2366,0.6414,11.9219,-23.1719,-29.6426
316892,0.0121,0.3578,0.7769,24.3555,-24.3457,-37.8516
316915,0.1302,0.5477,0.85,46.3906,-25.8418,-51.0605
316938,0.2201,0.686,0.936,62.2754,-26.9336,-59.6152
316961,0.3105,0.7443,0.9885,63.998,-29.2285,-64.0
316984,0.301,0.9163,0.9487,63.998,-32.584,-64.0
317007,0.1658,1.0037,0.8712,63.998,-35.291,-64.0
317030,0.0148,0.8284,0.724,63.998,-39.041,-64.0
317053,-0.0944,0.778,0.6823,63.998,-40.3926,-64.0
317076,-0.1268,0.7992,0.7377,63.998,-38.9219,-53.2402
317099,-0.0039,1.0072,1.0127,63.998,-31.875,-29.8203
317122,0.1538,0.9811,1.2328,63.8203,-24.1172,-14.582
317145,0.0018,0.8063,0.7739,39.7031,-9.6973,3.5352
317168,-0.2949,0.6617,0.5952,24.5566,0.1699,11.1992
317191,-0.2598,0.6047,0.7136,2.1699,13.1465,15.8437
317214,-0.0057,0.6567,0.8839,-13.0195,19.7773,14.7246
317237,0.1593,0.6133,0.8479,-36.0195,25.4629,7.5449
317260,0.1427,0.4489,0.6722,-58.4277,24.832,-4.4316
317283,-0.1023,-0.0289,0.5791,-64.0,20.8184,-13.3145
317306,-0.1267,0.4714,0.9463,-64.0,10.5801,-24.4473
317329,0.1501,0.6851,1.0925,-64.0,2.0566,-28.5371
317352,0.2076,0.4948,1.0132,-64.0,-11.4609,-28.2891
317375,0.0111,0.2781,0.8868,-64.0,-24.0742,-21.2266
317398,-0.0674,0.321,0.9417,-64.0,-31.2754,-13.625
317421,-0.0157,0.2328,0.9926,-64.0,-39.6758,0.584
317444,0.1205,0.1199,0.9911,-64.0,-43.5723,10.7695
317467,0.1816,0.1018,0.9219,-64.0,-47.2148,24.8516
317490,0.1667,0.166,1.0104,-64.0,-48.9492,35.2813
317513,0.1274,0.182,1.0786,-64.0,-49.3047,39.5332
317536,0.1831,0.2034,1.0768,-58.8027,-48.6855,41.7773
317559,0.236,0.2274,1.0533,-54.5352,-47.4688,40.7891
317582,0.2809,0.2468,1.0719,-47.123,-44.4902,36.4004
317605,0.2441,0.2354,0.9397,-41.5996,-41.8691,32.2188
317628,0.178,0.1871,0.9016,-33.2129,-37.3379,25.4395
317651,0.2229,0.2206,0.9438,-25.7715,-32.4004,19.4805
317674,0.2717,0.2373,1.0273,-21.6582,-29.002,16.373
317697,0.2462,0.1902,0.9469,-16.8477,-23.9473,13.0469
317720,0.2305,0.17,0.9081,-14.6172,-20.8125,11.6465
317743,0.2374,0.178,0.9393,-12.873,-16.8809,10.6465
317766,0.2778,0.1941,0.9879,-12.8574,-14.1641,10.6465
317789,0.2943,0.2184,1.0254,-13.4805,-13.0312,10.9238
317812,0.2919,0.1769,1.0052,-14.8398,-12.2207,11.3867
317835,0.2487,0.1366,0.9192,-15.8984,-12.1855,11.6582
317858,0.2372,0.12,0.9331,-17.7617,-12.7266,12.1094
317881,0.2659,0.152,0.9802,-19.8496,-13.625,12.6562
317904,0.2864,0.1477,0.9923,-21.1172,-14.1738,12.9551
317927,0.3107,0.111,0.9542,-22.4395,-14.6387,12.9961
317950,0.3112,0.0885,0.9316,-22.8594,-14.6582,12.6426
317973,0.2983,0.0952,0.9626,-22.9199,-14.3359,11.582
317996,0.3114,0.0671,0.9606,-22.6816,-13.9512,10.1621
318019,0.328,0.0345,0.953,-22.1074,-13.2383,9.2891
318042,0.3258,-0.017,0.9257,-21.6328,-12.5801,8.3691
318065,0.3291,-0.0468,0.8705,-21.623,-12.3437,8.2832
318088,0.3302,-0.0156,0.882,-22.3379,-12.5156,9.293
318111,0.2979,0.0021,0.9244,-23.2461,-13.0234,10.8066
318134,0.3583,0.0356,0.9746,-24.707,-14.2187,14.1445
318157,0.3843,0.0542,0.9642,-25.3164,-15.5723,18.0391
318180,0.3789,0.1052,0.9965,-24.7891,-16.3672,20.416
318203,0.3754,0.1235,1.0387,-22.2168,-17.1055,22.9414
318226,0.3768,0.109,1.0007,-19.332,-17.1563,23.6719
318249,0.3765,0.1044,0.9655,-13.8047,-16.4727,23.2246
318272,0.368,0.11,0.9753,-7.9395,-14.9258,21.1621
318295,0.3634,0.1062,1.0033,-4.4121,-13.4609,19.1055
318318,0.3746,0.0536,0.9464,-0.2734,-10.7246,15.3066
318341,0.3087,0.0621,0.8275,1.5059,-8.666,12.459
318364,0.2467,0.0341,0.8717,2.707,-5.3926,7.877
318387,0.3623,0.1024,1.0367,2.9082,-3.0625,2.7969
318410,0.4294,0.0934,1.0582,3.377,0.6406,-1.0664
318433,0.3894,0.0165,0.9464,4.6816,4.082,-7.4746
318456,0.3591,-0.0056,0.894,5.7285,5.7793,-11.6816
318479,0.3739,0.0723,0.9844,6.6836,6.9941,-16.7793
318502,0.3727,0.0997,0.9955,6.6367,6.9434,-18.8848
318525,0.3394,0.0765,0.9215,5.5742,5.9512,-19.791
318548,0.3141,0.1398,0.9169,3.6387,4.4141,-18.1992
318571,0.243,0.1417,0.944,2.1289,3.3867,-16.0918
318594,0.2791,0.1206,0.9631,-0.0059,2.2402,-12.1133
318617,0.2964,0.1265,0.8937,-1.168,1.8438,-9.4004
318640,0.2758,0.1133,0.9083,-2.5059,1.7012,-5.9297
318663,0.2721,0.1025,0.9885,-3.5059,1.7891,-3.6816
318686,0.3496,0.0792,1.0248,-4.0469,1.7813,-3.002
318709,0.3771,0.0408,0.9911,-4.8223,1.3906,-3.2227
318732,0.3798,0.016,0.9658,-5.4785,0.7578,-4.0859
318755,0.3829,0.0216,0.9854,-6.8789,-0.7285,-6.1094
318778,0.3677,0.0347,0.9919,-8.041,-2.3945,-8.5117
318801,0.3503,0.0441,0.9523,-9.7754,-3.4238,-10.043
318824,0.3193,0.0466,0.9183,-11.0469,-4.166,-11.832
318847,0.2856,0.0662,0.9326,-11.4609,-4.0605,-12.5059
318870,0.2769,0.0795,0.8958,-11.3105,-3.0254,-12.5703
318893,0.308,0.0872,0.9038,-10.7207,-1.8906,-11.9941
318916,0.3921,0.099,0.9559,-9.2754,0.0918,-10.459
318939,0.4376,0.0632,0.969,-7.4902,1.8242,-8.5977
318962,0.3615,0.0709,0.9844,-6.4023,2.5098,-7.3574
318985,0.199,0.0511,0.8813,-5.4687,2.5332,-5.2773
319008,0.1302,0.083,1.0042,-5.5,1.9355,-3.4473
319031,0.2257,0.0936,1.1277,-6.2148,0.6836,0.1094
319054,0.3416,0.0101,1.126,-6.9629,-0.3281,4.0078
319077,0.4976,-0.0195,1.0061,-7.4551,-0.8672,6.2891
319100,0.5284,-0.0474,0.8242,-9.0449,-2.0645,8.7676
319123,0.4279,-0.0089,1.0137,-11.1445,-3.3066,9.8184
319146,0.3545,0.0735,1.1251,-15.4414,-5.1094,10.8262
319169,0.3231,0.0713,1.0668,-18.1582,-5.3359,11.5508
319192,0.2689,0.04,0.8934,-20.4766,-4.0391,12.0039
319215,0.189,0.08,0.8906,-19.8496,0.1602,12.6562
319238,0.1595,0.1421,0.974,-17.6797,4.2363,12.9297
319261,0.1328,0.1527,1.0051,-11.7773,11.6855,12.5273
319284,0.1,0.1428,0.9659,-6.2266,17.127,11.2676
319307,0.1578,0.0885,0.9968,3.6211,25.0996,7.2227
319330,0.2668,0.0135,0.9601,13.3906,31.4453,0.1992
319353,0.33,-0.0068,0.8711,18.6582,34.0098,-6.1191
319376,0.3292,-0.047,0.8442,23.2773,34.7207,-17.5586
319399,0.2699,0.0005,0.9302,23.8574,33.0723,-25.8945
319422,0.2468,0.0266,0.979,21.584,27.875,-38.0
319445,0.2252,0.0784,0.9604,17.4395,20.5273,-47.9238
319468,0.1802,0.1593,0.9467,14.9297,15.2598,-52.7402
319491,0.1589,0.2601,1.0229,13.3691,8.2227,-57.2773
319514,0.1512,0.3219,1.0872,14.5918,4.8594,-58.9316
319537,0.1335,0.2979,1.0695,20.1758,2.373,-60.3027
319560,0.0757,0.3157,0.9497,28.7773,2.5254,-61.1543
319583,0.0015,0.2374,0.8724,34.6484,3.4961,-61.6133
319606,-0.0107,0.1683,0.8574,40.6875,5.3164,-62.166
319629,0.0072,0.1569,0.8552,41.7148,6.4121,-62.4922
319652,0.0055,0.1852,0.8988,38.1621,7.6719,-63.1289
319675,-0.0006,0.1559,0.9764,32.8379,8.2871,-63.7734
319698,-0.012,0.0551,0.9696,21.8398,8.9199,-64.0
319721,-0.0618,0.0438,0.9045,8.832,9.1328,-64.0
319744,-0.1111,0.0679,0.9282,-0.2793,9.043,-64.0
319767,-0.1414,0.0419,0.9261,-13.6426,8.8008,-64.0
319790,-0.1716,0.0537,0.9048,-21.7129,8.668,-61.8086
319813,-0.171,0.1099,0.8497,-31.3164,8.4824,-55.2383
319836,-0.1367,0.281,0.8884,-36.3789,8.0957,-46.2715
319859,-0.0852,0.2667,1.0089,-36.5156,7.6074,-39.6504
319882,-0.0033,0.2677,1.0623,-31.6484,6.4102,-30.0215
319905,0.0945,0.2938,1.1185,-25.6641,5.1895,-24.4004
319928,0.202,0.2617,1.1234,-14.793,2.4824,-17.627
319951,0.1536,0.2253,0.9865,-4.7715,-1.2637,-12.5176
319974,0.0835,0.2062,1.049,-0.0352,-3.9922,-9.4707
319997,0.0389,0.292,1.1941,3.3184,-7.3828,-4.4316
320020,0.0422,0.2764,1.2035,3.4707,-8.6875,-0.3535
320043,-0.004,0.2688,0.9269,1.8535,-8.9863,6.9824
320066,-0.0583,0.2147,0.7538,-0.127,-8.2422,12.4434
320089,-0.0144,0.118,0.8981,-4.7539,-6.3066,20.7188
320112,0.1107,0.0676,1.1156,-11.2227,-4.3262,27.709
320135,0.1302,0.0945,1.0562,-15.7461,-3.5508,30.8184
320158,0.0554,0.125,0.9972,-21.2207,-3.8867,32.4844
320181,-0.0052,0.1078,0.9988,-23.418,-5.1973,31.75
320204,-0.0045,0.0645,0.9907,-24.416,-8.4473,28.875
320227,0.0474,0.085,0.9478,-23.2676,-12.2988,25.1445
320250,0.0577,0.1592,0.9458,-21.7305,-14.6191,22.6523
320273,0.0801,0.2367,0.9971,-18.6797,-17.1348,19.3223
320296,0.045,0.2384,1.0056,-16.2578,-18.084,17.5605
320319,0.0563,0.2472,1.0199,-12.3086,-18.4785,15.8086
320342,0.085,0.1875,1.054,-8.6738,-17.7129,15.0801
320365,0.0948,0.1157,0.9772,-6.9922,-16.6328,14.9863
320388,0.1227,0.0618,0.9318,-6.5332,-14.5156,15.1133
320411,0.1277,0.0438,0.942,-7.957,-13.082,15.2187
320434,0.1179,0.033,0.9633,-12.5156,-11.3594,15.1895
320457,0.1216,0.0328,1.0079,-16.6035,-10.6289,14.9492
320480,0.1379,0.036,1.0669,-22.8789,-10.1035,14.1387
320503,0.1453,0.024,1.0317,-27.6895,-9.9648,12.7539
320526,0.121,0.0197,0.9569,-29.5332,-9.9336,11.6094
320549,0.1199,0.048,1.0294,-30.1133,-9.7988,9.8633
320572,0.1292,0.0851,1.0457,-29.1523,-9.5879,8.8398
320595,0.1252,0.0796,1.0083,-26.0078,-9.125,7.6211
320618,0.1334,0.0775,1.0022,-21.4316,-8.6035,6.6797
320641,0.1489,0.0967,1.0291,-17.9824,-8.2305,6.0547
320664,0.1654,0.0903,1.0537,-12.7246,-7.5547,4.832
320687,0.1848,0.0753,1.0505,-9.418,-6.9961,3.6914
320710,0.1909,0.0543,1.032,-5.2187,-6.0488,1.4141
320733,0.1532,0.019,1.0056,-2.4941,-5.0645,-1.3535
320756,0.1129,0.0161,1.0031,-1.7148,-4.4082,-3.209
320779,0.1075,0.0062,1.0299,-2.1016,-3.4238,-5.5156
320802,0.1158,-0.0183,0.9916,-3.2148,-2.7695,-6.5234
320825,0.1351,0.0,0.9647,-5.6914,-1.8359,-7.1348
320848,0.14,0.0543,1.0065,-7.543,-1.2891,-6.8574
320871,0.1422,0.0815,1.0814,-9.9863,-0.6797,-6.3613
320894,0.2115,0.1052,1.1907,-11.5195,-0.4668,-5.4121
320917,0.3062,0.0953,1.2264,-12.0527,-0.6035,-4.7773
320940,0.2128,0.0212,1.0115,-12.8301,-1.1191,-3.9531
320963,0.048,-0.0453,0.9119,-14.0605,-1.3867,-3.3887
320986,-0.0277,-0.0931,0.921,-18.0273,-0.9004,-2.1133
321009,0.0327,-0.0826,0.9548,-24.3965,1.3086,-0.1484
321032,0.1244,-0.0314,0.9934,-29.082,3.7324,1.2129
321055,0.0769,-0.0492,1.0006,-34.8047,8.1465,2.4375
321078,0.0353,-0.0835,0.9921,-36.8594,11.0859,2.3613
321101,0.015,-0.1138,0.9778,-36.7871,14.6426,0.9336
321124,0.0391,-0.1344,0.9742,-33.5137,16.416,-1.4375
321147,0.054,-0.1237,1.0221,-30.166,16.3672,-3.1094
321170,0.0768,-0.119,1.0468,-24.2871,14.4219,-5.207
321193,0.1007,-0.1162,1.0364,-20.207,12.0332,-6.1035
321216,0.1229,-0.0984,1.0352,-14.373,7.3105,-6.4766
321239,0.1179,-0.0809,1.0322,-10.8828,2.2871,-5.6152
321262,0.1136,-0.0439,1.0438,-6.4082,-1.3516,-4.4082
321285,0.123,-0.0264,1.0524,-2.8242,-5.5664,-1.8652
321308,0.1173,-0.0166,1.0315,-0.8633,-7.584,0.1191
321331,0.1031,-0.0156,1.0502,1.5117,-9.2422,3.1348
321354,0.0937,-0.0179,1.0426,2.752,-9.4355,4.9258
321377,0.1025,-0.0138,1.0566,4.1738,-8.5156,6.9023
321400,0.0979,-0.0006,1.0531,5.1992,-6.4531,7.668
321423,0.087,-0.0082,1.0507,5.7207,-4.6445,7.4121
321446,0.0521,-0.0305,1.0201,6.2051,-1.6055,6.002
321469,0.0536,-0.0461,1.0231,6.2129,0.4551,4.5742
321492,0.0627,-0.0605,1.0254,5.5293,3.3145,2.123
321515,0.0713,-0.0588,1.0283,3.9492,5.6094,-0.2285
321538,0.0563,-0.0516,1.0229,2.5039,6.7129,-1.5352
321561,0.0375,-0.0435,1.0251,0.0742,7.6699,-2.8848
321584,0.0448,-0.031,1.0334,-1.498,7.873,-3.3047
321607,0.0532,-0.0375,1.0361,-3.4902,7.6445,-3.2383
321630,0.0393,-0.0417,1.0161,-4.4805,6.9453,-2.5059
321653,0.0397,-0.0331,1.0306,-5.4297,6.3105,-1.7695
321676,0.0396,-0.0259,1.0472,-5.7695,5.2324,-0.4922
321699,0.0396,-0.0421,1.0087,-5.6914,4.4648,0.3672
321722,0.0414,-0.0487,0.9987,-5.2656,3.2559,1.4863
321745,0.04,-0.0537,1.0201,-4.873,2.4258,2.041
321768,0.0443,-0.0537,1.0339,-4.1973,1.2051,2.5059
321791,0.0612,-0.0414,1.0303,-3.4141,0.1543,2.4922
321814,0.0563,-0.0366,1.0336,-2.8164,-0.3711,2.2305
321837,0.0406,-0.0244,1.0425,-1.8164,-0.8164,1.5625
321860,0.0393,-0.0178,1.0366,-1.1172,-0.877,1.0371
321883,0.0287,-0.0184,1.0149,-0.1406,-0.6875,0.3398
321906,0.0179,-0.0209,1.012,0.543,-0.3242,-0.043
321929,0.0343,-0.0314,1.0004,0.7305,-0.0898,-0.0684
321952,0.0411,-0.0205,1.0066,0.5488,0.0879,0.1582
321975,0.0531,-0.0347,1.0507,0.1602,0.0098,0.3887
321998,0.0836,-0.0208,1.0693,-0.6348,-0.5,0.668
322021,0.0693,-0.0186,1.0654,-1.166,-1.4746,0.7168
322044,0.0505,-0.0205,1.0632,-1.7832,-2.291,0.6055
322067,0.0378,-0.0402,1.0298,-2.1426,-3.5098,0.3066
322090,0.0442,-0.0502,1.0159,-2.2988,-4.1641,0.0898
322113,0.0657,-0.0439,1.0392,-2.5059,-4.7227,-0.1836
322136,0.0657,-0.0518,1.0261,-2.6172,-4.7773,-0.3184
322159,0.0757,-0.0488,0.9985,-2.668,-4.4414,-0.4512
322182,0.058,-0.0425,1.0098,-2.5039,-3.7031,-0.4961
322205,0.0371,-0.0302,1.0048,-2.2285,-3.0312,-0.4707
322228,0.0403,-0.0135,1.0145,-1.5059,-1.8242,-0.3223
322251,0.036,-0.0027,1.0039,-0.7988,-0.9648,-0.1484
322274,0.0226,0.0137,1.0067,0.5605,0.2031,0.2207
322297,0.0337,0.0427,1.0251,2.1758,0.9746,0.6719
322320,0.0394,0.0369,1.0652,3.3223,1.1543,0.957
322343,0.0416,0.0338,1.0635,4.9961,0.8184,1.2266
322366,0.0569,0.0083,1.0538,5.9375,0.2148,1.2266
322389,0.0615,0.0007,1.0326,6.8203,-1.0527,0.9023
322412,0.0437,-0.0095,1.0178,6.8105,-2.3945,0.25
322435,0.0387,-0.0145,1.0063,6.2441,-3.1445,-0.2578
322458,0.0421,-0.0219,1.0094,4.6133,-3.9043,-0.8984
322481,0.0723,-0.0242,1.0138,3.1094,-4.1699,-1.1367
322504,0.087,-0.0188,1.028,0.5098,-4.3437,-1.1191
322527,0.0876,-0.0117,1.0441,-1.2344,-4.3965,-0.8672
322550,0.0946,0.0067,1.0576,-3.4687,-4.4785,-0.2031
322573,0.0813,0.0294,1.0559,-4.8242,-4.5586,0.6582
322596,0.0558,0.04,1.0576,-5.0879,-4.5391,1.2422
322619,0.0408,0.0427,1.0344,-4.5215,-4.2539,2.0137
322642,0.056,0.04,1.0222,-3.6406,-3.8359,2.3848
322665,0.0547,0.0337,1.014,-1.957,-2.8457,2.5977
322688,0.0498,0.0363,1.0273,-0.3477,-1.5137,2.2598
322711,0.0416,0.0344,1.035,0.4668,-0.5176,1.6836
322734,0.0389,0.0173,1.0247,1.1055,1.0254,0.3145
322757,0.0361,0.001,1.0142,1.0801,2.0254,-0.8633
322780,0.035,-0.0074,1.024,0.3457,3.377,-2.832
322803,0.0314,-0.0132,1.0304,-1.0742,4.3848,-4.7598
322826,0.0168,-0.0226,1.0244,-2.2559,4.793,-5.8672
322849,0.0066,-0.0376,0.9911,-4.1582,4.9902,-7.0488
322872,0.0115,-0.03,1.0011,-5.3984,4.8828,-7.4199
322895,0.0286,-0.0283,1.0253,-7.002,4.4355,-7.2695
322918,0.0428,-0.0266,1.0181,-7.7656,3.9531,-6.2129
322941,0.0463,-0.0188,1.012,-8.3008,2.9258,-5.3027
322964,0.038,-0.0121,1.0188,-8.082,1.543,-3.377
322987,0.0374,0.0048,1.0243,-7.5566,0.4902,-1.8965
323010,0.04,0.021,1.0369,-6.293,-1.1309,0.4531
323033,0.0396,0.028,1.0479,-5.207,-2.1445,1.9785
323056,0.0414,0.0291,1.0424,-3.3828,-3.4355,3.9707
323079,0.0393,0.0302,1.0199,-1.6094,-4.3418,5.4023
323102,0.0396,0.0267,1.021,-0.625,-4.6895,5.9785
323125,0.0397,0.026,1.0222,0.3926,-4.8145,6.2422
323148,0.0396,0.0275,1.0353,0.7363,-4.6543,6.0176
323171,0.0414,0.0336,1.057,0.8223,-4.1406,5.1055
323194,0.0385,0.0234,1.0354,0.5312,-3.4336,3.6211
323217,0.0156,0.0144,1.0005,0.1699,-2.9141,2.4395
323240,0.011,0.0166,1.0106,-0.5996,-2.1094,0.6191
323263,0.0237,0.0078,1.0164,-1.2324,-1.5859,-0.5078
323286,0.0398,-0.0074,1.0104,-2.2578,-0.9121,-1.9668
323309,0.0394,-0.0198,1.0115,-2.9355,-0.6094,-3.0918
323332,0.0403,-0.0302,1.0126,-3.8789,-0.4766,-3.6328
323355,0.0623,-0.0248,1.0297,-4.6582,-0.8047,-4.082
323378,0.0774,-0.0189,1.0454,-5.0371,-1.291,-4.1191
323401,0.0587,-0.0077,1.0342,-5.3262,-2.375,-3.7305
323424,0.0372,0.0103,1.0436,-5.3223,-3.25,-3.1484
323447,0.0583,0.0361,1.0598,-5.0273,-4.5449,-1.7871
323470,0.0573,0.0359,1.0229,-4.4707,-5.5273,0.002
323493,0.0385,0.0267,1.0083,-4.0703,-5.8926,1.2949
323516,0.0386,0.0281,1.0228,-3.6641,-5.9375,3.1523
323539,0.0265,0.0294,1.0306,-3.5977,-5.6543,4.2129
323562,0.0319,0.0107,1.0375,-3.8086,-4.8945,5.3574
323585,0.0402,-0.012,1.0277,-4.2891,-3.9785,5.834
323608,0.0415,-0.02,1.0292,-4.6855,-3.4043,5.7637
323631,0.0616,-0.0211,1.0394,-5.2598,-2.7187,5.1465
323654,0.0747,-0.0208,1.0325,-5.5391,-2.416,4.4902
323677,0.0697,-0.0142,1.0232,-5.7031,-2.2012,3.3691
323700,0.0447,-0.0078,1.0078,-5.6289,-2.1934,2.4062
323723,0.0492,0.0171,1.0222,-5.2852,-2.2891,2.002
323746,0.0536,0.0438,1.0372,-4.7051,-2.3965,1.8301
323769,0.0396,0.0466,1.0344,-4.1914,-2.4355,1.957
323792,0.0396,0.036,1.0184,-3.3145,-2.4199,2.3359
323815,0.0396,0.0255,1.0343,-2.7715,-2.3652,2.6055
323838,0.0509,0.0023,1.0409,-2.2148,-2.2363,2.8535
323861,0.0732,-0.0186,1.0232,-2.1328,-2.1426,2.709
323884,0.0525,-0.0216,1.0349,-2.375,-2.1426,2.3379
323907,0.0377,-0.036,1.0321,-3.1035,-2.2363,1.4355
323930,0.0591,-0.0275,1.0176,-3.7305,-2.3301,0.7109
323953,0.068,-0.0128,1.015,-4.6641,-2.4609,-0.3535
323976,0.0443,0.0092,1.0131,-5.3145,-2.5312,-1.1934
323999,0.0387,0.0328,1.0203,-5.4727,-2.5137,-1.543
324022,0.0327,0.0393,1.0204,-5.2266,-2.3555,-1.6855
324045,0.0315,0.0231,1.0118,-4.7812,-2.1738,-1.541
324068,0.053,0.007,1.0284,-3.8809,-1.8828,-1.0996
324091,0.0795,-0.0083,1.0397,-3.252,-1.7324,-0.6387
324114,0.076,-0.0194,1.0406,-2.4453,-1.7871,-0.459
324137,0.067,-0.0187,1.0377,-1.9316,-2.1348,-0.4453
324160,0.0566,-0.0153,1.0298,-1.7813,-2.4922,-0.5723
324183,0.0402,-0.0037,1.0289,-1.8086,-3.0508,-0.8145
324206,0.0466,0.0057,1.0262,-1.9434,-3.3398,-0.918
324229,0.0468,0.0194,1.0199,-2.2109,-3.541,-0.8809
324252,0.0391,0.0254,1.0176,-2.4531,-3.4434,-0.5859
324275,0.0398,0.0189,1.0162,-2.5879,-3.2402,-0.2617
324298,0.043,0.0116,1.0209,-2.793,-2.8281,0.3457
324321,0.0581,-0.0062,1.0221,-2.9648,-2.5605,0.7578
324344,0.057,-0.0183,1.0256,-3.3262,-2.2949,1.2559
324367,0.0543,-0.0206,1.0298,-3.8047,-2.2793,1.5156
324390,0.0669,-0.0138,1.033,-4.1387,-2.416,1.5566
324413,0.0665,-0.0027,1.0254,-4.541,-2.7949,1.4805
324436,0.0712,0.0144,1.0304,-4.6699,-3.1152,1.3906
324459,0.0638,0.022,1.0211,-4.582,-3.5957,1.2832
324482,0.0536,0.028,1.0175,-4.3398,-3.9648,1.252
324505,0.05,0.0303,1.0281,-3.7773,-4.1133,1.2617
324528,0.0554,0.0258,1.0315,-3.1172,-4.1914,1.2383
324551,0.0626,0.0101,1.0315,-2.7129,-4.168,1.1367
324574,0.0818,0.0103,1.0496,-2.3008,-4.0566,0.7676
324597,0.0812,-0.0072,1.033,-2.2051,-3.9434,0.3457
324620,0.0742,-0.0183,1.0168,-2.3828,-3.7363,-0.5176
324643,0.0695,-0.0168,1.0291,-2.9512,-3.4922,-1.5215
324666,0.0544,-0.01,1.037,-3.4902,-3.2988,-2.1719
324689,0.0613,-0.011,1.0323,-4.3828,-2.9531,-2.9766
324712,0.05,-0.0027,1.0035,-4.9531,-2.6973,-3.334
324735,0.0321,-0.0167,0.9943,-5.6875,-2.3105,-3.5293
324758,0.0431,-0.0259,1.0206,-6.2324,-1.9609,-3.2715
324781,0.0896,-0.0232,1.0341,-6.4492,-1.8047,-2.8691
324804,0.1084,-0.0195,1.0333,-6.4492,-1.8145,-2.0391
324827,0.104,-0.0031,1.0361,-6.1758,-2.0273,-1.4121
324850,0.0989,0.0244,1.0457,-5.3203,-2.6094,-0.4453
324873,0.0754,0.0359,1.0404,-4.0254,-3.3145,0.4883
324896,0.0594,0.0425,1.0503,-3.0391,-3.7168,1.0625
324919,0.0471,0.0342,1.0416,-1.6328,-4.0352,1.793
324942,0.0385,0.0198,1.0208,-0.8945,-3.9883,2.1465
324965,0.0404,-0.0035,1.0262,-0.3066,-3.502,2.4082
324988,0.0494,-0.02,0.9973,-0.332,-2.9473,2.3828
325011,0.0636,-0.0194,0.9976,-0.9922,-1.9199,2.0293
325034,0.0673,-0.0232,0.9978,-2.2266,-0.9023,1.3477
325057,0.0776,-0.0178,1.0074,-3.2051,-0.3652,0.7773
325080,0.0698,-0.0177,1.0306,-4.6289,0.0664,-0.1035
325103,0.0706,-0.0035,1.0481,-5.3965,0.0547,-0.6172
325126,0.0779,0.0,1.0491,-6.0742,-0.3965,-1.1387
325149,0.0823,0.0116,1.0358,-6.0898,-1.2344,-1.2656
325172,0.0785,0.0157,1.0519,-5.7695,-1.8828,-1.1328
325195,0.0793,0.0146,1.0419,-4.9453,-2.7637,-0.6738
325218,0.0646,0.0028,1.0184,-4.2949,-3.1699,-0.2559
325241,0.0404,0.0012,1.0055,-3.4043,-3.3672,0.416
325264,0.0417,0.0059,1.0175,-2.8145,-3.0293,1.0156
325287,0.0498,0.0005,1.0084,-2.6309,-2.5586,1.3027
325310,0.0607,-0.0016,1.0176,-2.6504,-1.6699,1.4766
325333,0.0546,-0.0131,1.0261,-2.834,-1.0859,1.3906
325356,0.0502,-0.019,1.0261,-3.2891,-0.4121,0.9824
325379,0.0729,-0.015,1.0361,-3.6504,-0.1758,0.0723
325402,0.074,-0.0106,1.0306,-4.1348,-0.2031,-0.1387
325425,0.0673,-0.0009,1.0167,-4.4219,-0.6602,-0.8184
325448,0.0664,0.0059,1.0232,-4.4785,-1.1328,-1.1797
325471,0.0629,0.0066,1.0253,-4.3711,-1.9297,-1.5273
325494,0.0708,0.0103,1.0366,-4.1875,-2.4375,-1.6289
325517,0.0822,0.0033,1.0458,-3.7852,-3.0684,-1.6465
325540,0.0842,-0.0105,1.0372,-3.3125,-3.4746,-1.5977
325563,0.0798,-0.0129,1.0321,-3.0215,-3.5957,-1.5664
325586,0.0645,-0.0111,1.025,-2.7148,-3.5312,-1.5371
325609,0.0571,0.0043,1.0204,-2.6289,-3.3301,-1.5176
325632,0.0576,0.0142,1.0314,-2.6719,-2.8301,-1.4531
325655,0.0555,0.0095,1.0262,-2.875,-2.1699,-1.3359
325678,0.0481,-0.011,1.0115,-3.0859,-1.7031,-1.2305
325701,0.0383,-0.0193,1.0066,-3.5352,-1.0605,-1.0332
325724,0.0468,-0.0299,1.0168,-3.9336,-0.7266,-0.8691
325747,0.0739,-0.0381,1.0143,-4.6406,-0.4629,-0.5527
325770,0.0767,-0.0317,1.0288,-5.1309,-0.4902,-0.1309
325793,0.0764,-0.0212,1.043,-5.7715,-0.8516,0.2285
325816,0.075,-0.0192,1.0328,-6.1484,-1.5137,0.918
325839,0.0831,-0.001,1.0359,-6.1992,-2.0488,1.4902
325862,0.0858,0.0159,1.0582,-5.9316,-2.8496,2.4844
325885,0.0923,0.0201,1.0355,-5.5215,-3.3105,3.1797
325908,0.0801,0.0353,1.0356,-4.625,-3.7832,4.1328
325931,0.0443,0.0154,1.0293,-3.5371,-3.8672,4.7891
325954,0.0625,0.0114,1.0067,-2.8164,-3.666,4.9687
325977,0.0846,0.0149,1.0405,-1.9355,-3.0117,4.7441
326000,0.0721,0.0143,1.0432,-1.5664,-2.4141,4.2305
326023,0.0536,0.0055,1.0289,-1.4219,-1.4355,2.9648
326046,0.0388,-0.0033,1.0327,-1.8496,-0.5156,1.3086
326069,0.0402,-0.0231,1.0248,-2.457,0.0098,0.1406
326092,0.0422,-0.043,1.0012,-3.7949,0.627,-1.4883
326115,0.0403,-0.0457,1.0087,-4.8926,0.9102,-2.3828
326138,0.0499,-0.0372,1.0157,-6.6211,1.1289,-3.3145
326161,0.0608,-0.0284,1.0197,-7.666,1.1211,-3.6914
326184,0.0559,-0.0248,1.0244,-8.832,0.8438,-3.6367
326207,0.0657,-0.0232,1.0449,-9.3477,0.2402,-3.1543
326230,0.0807,-0.0266,1.0454,-9.291,-0.3164,-2.6211
326253,0.0898,-0.0203,1.0398,-8.627,-1.293,-1.6406
326276,0.0868,-0.0173,1.0427,-7.8555,-1.9551,-0.9492
326299,0.0765,-0.0044,1.031,-6.3574,-2.791,0.0273
326322,0.0631,0.012,1.0353,-4.6699,-3.2383,0.832
326345,0.0643,0.0199,1.045,-3.5605,-3.2461,1.2188
326368,0.0477,0.0121,1.0286,-2.0918,-2.8066,1.5
326391,0.0383,0.0004,1.0177,-1.3477,-2.2461,1.4629
326414,0.0399,-0.0089,1.0265,-0.7441,-1.0977,1.0566
326437,0.0406,-0.0151,1.0281,-0.8281,0.2324,0.2559
326460,0.0397,-0.0251,1.021,-1.2422,1.0898,-0.4707
326483,0.0394,-0.0386,1.0087,-2.3047,2.1484,-1.75
326506,0.0396,-0.0371,1.0197,-3.2148,2.6387,-2.6387
326529,0.0396,-0.0378,1.0258,-4.6621,3.0,-3.8594
326552,0.0396,-0.0431,1.0042,-5.543,2.8887,-4.7656
326575,0.0396,-0.0399,1.0177,-6.5762,2.5488,-5.1152
326598,0.0396,-0.0353,1.0267,-7.1387,1.6797,-5.1855
326621,0.0398,-0.0321,1.022,-7.2129,0.9023,-4.9238
326644,0.0544,-0.0209,1.0367,-6.8906,-0.4766,-4.1133
326667,0.0559,-0.0223,1.041,-6.4219,-1.4688,-3.3516
326690,0.059,-0.0216,1.0331,-5.4395,-2.9336,-2.002
326713,0.0612,-0.0165,1.0399,-4.2891,-4.209,-0.5586
326736,0.0518,-0.0166,1.0419,-3.5137,-4.8809,0.373
326759,0.0677,-0.0094,1.0371,-2.4629,-5.5547,1.627
326782,0.0686,-0.0061,1.0424,-1.8984,-5.7578,2.3145
326805,0.0492,-0.0166,1.0205,-1.332,-5.6934,3.0625
326828,0.0485,-0.0164,1.0247,-1.1582,-5.2559,3.4512
326851,0.052,-0.0118,1.0331,-1.252,-4.8145,3.5117
326874,0.0483,-0.0168,1.0205,-1.6191,-4.0273,3.3086
326897,0.0538,-0.0134,1.0178,-1.9551,-3.4902,2.9922
326920,0.0428,-0.012,1.0297,-2.498,-2.7871,2.2891
326943,0.0442,-0.0165,1.0394,-2.8398,-2.3184,1.3887
326966,0.0635,-0.0182,1.0479,-3.293,-2.1914,0.7305
326989,0.0781,-0.0315,1.0247,-3.7031,-2.3203,-0.2734
327012,0.0737,-0.0321,1.0177,-3.9941,-2.6113,-0.9219
327035,0.0388,-0.0194,1.0277,-4.4707,-3.2441,-1.8203
327058,0.0649,-0.0161,1.0411,-4.7617,-3.6914,-2.3613
327081,0.0906,-0.0166,1.0299,-5.0449,-4.2246,-3.123
327104,0.0609,-0.0194,1.0167,-5.1055,-4.4297,-3.875
327127,0.0374,-0.0322,1.0101,-5.0508,-4.3047,-4.3398
327150,0.0466,-0.0387,1.0328,-4.875,-3.6641,-4.8516
327173,0.0801,-0.0333,1.0393,-4.6914,-2.9805,-5.0098
327196,0.0687,-0.0292,1.042,-4.2637,-1.8125,-4.9414
327219,0.0774,-0.0166,1.0334,-3.623,-0.8184,-4.4883
327242,0.0718,-0.0126,1.0386,-3.1055,-0.3906,-3.9766
327265,0.0498,-0.0055,1.0305,-2.3105,-0.1445,-2.9414
327288,0.0387,0.0024,1.036,-1.8516,-0.209,-2.1133
327311,0.0409,-0.007,1.0244,-1.373,-0.5273,-0.7871
327334,0.0537,-0.0201,1.0121,-1.2246,-0.9629,0.4434
327357,0.0751,-0.0166,1.0397,-1.3262,-1.252,1.0938
327380,0.0701,-0.0225,1.0425,-1.7305,-1.6152,1.6816
327403,0.0648,-0.024,1.0377,-2.1211,-1.7832,1.7891
327426,0.0529,-0.0183,1.037,-2.7871,-1.8848,1.5742
327449,0.0378,-0.0188,1.021,-3.2266,-1.8301,1.252
327472,0.0406,-0.0156,1.0164,-3.8047,-1.543,0.6602
327495,0.0417,-0.0048,1.0328,-4.2148,-1.0508,0.1016
327518,0.0465,-0.0133,1.0343,-4.3691,-0.6621,-0.1973
327541,0.0493,-0.0198,1.0232,-4.4434,-0.0879,-0.5156
327564,0.0381,-0.0255,1.0229,-4.4395,0.2383,-0.6465
327587,0.04,-0.0215,1.0292,-4.416,0.5918,-0.7324
327610,0.0427,-0.0245,1.0238,-4.3887,0.7676,-0.709
327633,0.0396,-0.0341,1.0099,-4.3633,0.7695,-0.6523
327656,0.0396,-0.0327,1.0201,-4.3301,0.5762,-0.5176
327679,0.0413,-0.0254,1.0289,-4.3184,0.3164,-0.3848
327702,0.0593,-0.0189,1.0349,-4.2773,-0.2461,-0.1328
327725,0.0647,-0.019,1.0443,-4.1445,-0.9688,0.1289
327748,0.0635,-0.0149,1.0494,-3.9844,-1.5,0.2852
327771,0.0452,-0.0118,1.0323,-3.6543,-2.2715,0.4844
327794,0.0404,-0.0092,1.0273,-3.4023,-2.6953,0.6035
327817,0.053,-0.0016,1.0286,-3.0469,-3.0879,0.752
327840,0.049,-0.0028,1.0314,-2.8594,-3.166,0.7969
327863,0.0403,-0.0088,1.0292,-2.7031,-3.0195,0.7031
327886,0.0509,-0.0164,1.0397,-2.752,-2.6309,0.3398
327909,0.0415,-0.0204,1.0214,-2.918,-2.2949,-0.0664
327932,0.0386,-0.0294,1.0134,-3.3672,-1.7656,-0.8828
327955,0.0398,-0.0388,1.0288,-3.7793,-1.4395,-1.5039
327978,0.052,-0.0479,1.0341,-4.459,-1.0625,-2.4375
328001,0.0431,-0.0626,1.0188,-5.0801,-0.8906,-3.2461
328024,0.0388,-0.0591,1.0149,-5.416,-0.916,-3.6328
328047,0.0398,-0.0479,1.0176,-5.7441,-1.1484,-3.8379
328070,0.0403,-0.0247,1.0116,-5.793,-1.418,-3.6719
328093,0.0651,-0.01,1.0374,-5.5215,-1.9805,-2.9629
328116,0.0807,-0.0028,1.0398,-4.7695,-2.7266,-1.8418
328139,0.0648,-0.0037,1.0338,-4.0391,-3.2949,-0.9805
328162,0.0555,0.0038,1.0514,-2.7812,-4.1523,0.3027
328185,0.0675,0.0032,1.0485,-1.9551,-4.6504,1.0586
328208,0.075,-0.0006,1.0449,-0.9004,-5.1855,1.8906
328231,0.066,-0.0081,1.0417,-0.3984,-5.3633,2.2227
328254,0.0392,-0.0166,1.0142,-0.0527,-5.3379,2.1484
328277,0.0414,-0.0184,1.0276,-0.2676,-4.9844,1.6523
328300,0.0653,-0.0162,1.0392,-0.6992,-4.6035,1.1191
328323,0.0632,-0.0254,1.0156,-1.6484,-3.9082,0.0996
328346,0.0542,-0.0323,1.0125,-2.3965,-3.4297,-0.666
328369,0.0565,-0.0206,1.0392,-3.5293,-2.7734,-1.8223
328392,0.0547,-0.0225,1.0275,-4.4316,-2.2246,-2.8516
328415,0.0594,-0.0181,1.0317,-4.8027,-1.918,-3.4082
328438,0.052,-0.0182,1.0288,-4.9668,-1.5352,-3.9883
328461,0.047,-0.0143,1.0387,-4.8418,-1.3281,-4.1836
328484,0.0654,-0.0143,1.0444,-4.4238,-1.0801,-4.1895
328507,0.058,-0.0116,1.031,-3.9004,-0.9219,-3.916
328530,0.0398,-0.0186,1.0455,-3.5937,-0.8672,-3.625
328553,0.0669,-0.0211,1.0341,-3.3125,-0.8262,-3.0937
328576,0.0701,-0.0264,1.0345,-3.2812,-0.793,-2.7207
328599,0.0409,-0.0325,1.0348,-3.4805,-0.6797,-2.1992
328622,0.0396,-0.0455,1.0137,-3.7539,-0.0332,-1.7051
328645,0.0396,-0.0476,1.0068,-4.3281,-0.1934,-1.3594
328668,0.0396,-0.0345,1.0223,-4.9902,0.2461,-0.7754
328691,0.0427,-0.0269,1.0487,-5.3809,0.5371,-0.334
328714,0.0625,-0.0212,1.0309,-5.7402,0.8711,0.3887
328737,0.0398,-0.0195,1.0095,-5.7891,0.9863,0.8906
328760,0.0386,-0.019,1.0269,-5.5898,1.0039,1.6484
328783,0.0399,-0.0183,1.0396,-5.1094,0.8926,2.3906
328806,0.0471,-0.0221,1.0243,-4.6562,0.7598,2.832
328829,0.0415,-0.0211,1.0233,-3.8555,0.4609,3.3242
328852,0.0392,-0.0043,1.0258,-3.2891,0.1953,3.5117
328875,0.0396,0.0085,1.0297,-2.4355,-0.3105,3.6055
328898,0.0449,0.0077,1.0361,-1.6445,-0.9297,3.5156
328921,0.0653,0.0077,1.0366,-1.209,-1.3789,3.334
328944,0.0441,-0.0068,1.0348,-0.7871,-2.0293,2.7793
328967,0.0388,-0.0161,1.0391,-0.7129,-2.3809,2.1914
328990,0.0396,-0.0229,1.0415,-0.9688,-2.707,0.9961
329013,0.0396,-0.0397,1.0328,-1.3906,-2.752,-0.4551
329036,0.0396,-0.0477,1.0266,-2.3516,-2.6426,-1.457
329059,0.0394,-0.0453,1.022,-3.5684,-2.3301,-2.8437
329082,0.0394,-0.045,1.022,-4.4121,-2.0723,-3.5898
329105,0.0404,-0.0458,1.0165,-5.5605,-1.7031,-4.2891
329128,0.048,-0.0432,1.015,-6.1738,-1.5371,-4.4199
329151,0.0538,-0.0325,1.0292,-6.7852,-1.5098,-4.0898
329174,0.0466,-0.019,1.0417,-6.957,-1.7988,-3.2031
329197,0.0537,-0.0178,1.057,-6.7969,-2.1445,-2.3848
329220,0.0652,-0.0084,1.0486,-6.1562,-2.7793,-0.998
329243,0.051,-0.0085,1.0303,-5.5215,-3.2012,-0.082
329266,0.0377,-0.0101,1.0293,-4.457,-3.6914,1.1172
329289,0.04,-0.0166,1.0397,-3.5352,-3.873,1.9609
329312,0.0463,-0.0255,1.0278,-3.1172,-3.793,2.2637
329335,0.0483,-0.0396,1.0137,-2.877,-3.4316,2.2812
329358,0.0387,-0.0446,1.0128,-2.9805,-3.1113,2.0293
329381,0.0439,-0.0347,1.0558,-3.4648,-2.6855,1.416
329404,0.083,-0.036,1.0704,-4.4277,-2.5117,0.7598
329427,0.0769,-0.0345,1.0137,-4.6738,-2.5625,0.377
329450,0.0367,-0.0375,1.0127,-5.3965,-2.7969,-0.0391
329473,0.0391,-0.0175,1.0156,-5.8477,-2.959,-0.1523
329496,0.0396,-0.0222,1.026,-6.4473,-3.0488,-0.0449
329519,0.0397,-0.0419,1.0035,-6.7988,-2.9883,0.1777
329542,0.0396,-0.0479,1.0107,-7.3281,-2.8125,0.6133
329565,0.0408,-0.0558,1.0411,-7.9141,-2.6914,1.002
329588,0.0629,-0.0706,1.0433,-8.3105,-2.7168,1.1738
329611,0.0857,-0.072,1.025,-8.8437,-2.9727,1.2715
329634,0.0657,-0.0521,1.0377,-9.1211,-3.2949,1.2617
329657,0.0382,-0.0282,1.0214,-9.332,-3.9414,1.248
329680,0.0409,-0.0162,1.0065,-9.2246,-4.6465,1.3809
329703,0.0662,-0.0265,1.035,-9.0117,-5.0879,1.5781
329726,0.093,-0.0554,1.0305,-8.6387,-5.6777,1.9512
329749,0.0911,-0.0677,1.0297,-8.4707,-6.043,2.1602
329772,0.0753,-0.0741,1.0605,-8.457,-6.5723,2.2852
329795,0.0906,-0.0834,1.0569,-8.6758,-7.0449,2.1309
329818,0.0734,-0.0942,1.0186,-8.877,-7.2773,1.8887
329841,0.0393,-0.0945,1.0077,-9.2051,-7.3906,1.4453
329864,0.0729,-0.0842,1.052,-9.4277,-7.2617,1.2012
329887,0.1219,-0.0835,1.0643,-9.6738,-6.8047,1.0371
329910,0.1245,-0.0739,1.0447,-9.7129,-6.4121,1.0684
329933,0.1071,-0.0605,1.0571,-9.4844,-5.8242,1.291
329956,0.0769,-0.0594,1.0552,-8.8633,-5.252,1.6914
329979,0.0609,-0.0677,1.0229,-8.2754,-4.8379,2.0645
330002,0.0822,-0.0664,1.0405,-7.3164,-4.084,2.7676
330025,0.1002,-0.0629,1.0522,-6.7324,-3.4824,3.2676
330048,0.0914,-0.0594,1.0316,-6.0625,-2.4785,3.9082
330071,0.0706,-0.0623,1.0272,-5.7539,-1.4395,4.2754
330094,0.0813,-0.0605,1.0481,-5.8008,-0.7656,4.334
330117,0.0814,-0.0859,1.0416,-6.2637,0.1719,4.1289
330140,0.0685,-0.1096,1.026,-6.834,0.7148,3.8027
330163,0.0579,-0.1174,1.0437,-8.0508,1.3711,3.0977
330186,0.059,-0.1293,1.0366,-9.5352,1.8398,2.2637
330209,0.0634,-0.1332,1.033,-10.5293,2.0605,1.7188
330232,0.0547,-0.1346,1.0197,-11.8125,2.2852,1.041
330255,0.038,-0.1376,1.0012,-12.4238,2.3789,0.7578
330278,0.04,-0.1379,1.0007,-12.873,2.4609,0.7012
330301,0.0493,-0.1312,1.0033,-12.8301,2.4707,1.4434
330324,0.0596,-0.1317,1.0164,-12.25,2.332,1.6953
330347,0.052,-0.1271,1.0275,-11.1152,1.873,2.8086
330370,0.063,-0.1178,1.0455,-10.1055,1.3379,3.6777
330393,0.0815,-0.1077,1.0585,-8.2812,0.1953,5.0449
330416,0.0763,-0.0959,1.038,-6.9121,-0.748,5.9219
330439,0.0531,-0.0881,1.028,-4.7598,-2.2656,7.0879
330462,0.0754,-0.0728,1.0603,-2.668,-3.6582,7.9824
330485,0.0887,-0.069,1.0542,-1.3711,-4.3984,8.3672
330508,0.0704,-0.0739,1.0187,0.334,-5.1094,8.5176
330531,0.0674,-0.0667,1.0236,1.2344,-5.2793,8.3027
330554,0.0786,-0.0566,1.0422,2.1387,-5.0684,7.4922
330577,0.0731,-0.0613,1.0315,2.4727,-4.4062,6.1016
330600,0.0621,-0.0819,1.0464,2.373,-3.8203,4.8867
330623,0.0742,-0.0957,1.0625,1.7422,-2.9102,2.7383
330646,0.0793,-0.1204,1.0677,1.0254,-2.3633,1.1777
330669,0.0851,-0.1343,1.0474,-0.4004,-1.707,-1.1719
330692,0.0732,-0.1288,1.031,-1.5078,-1.373,-3.2578
330715,0.0468,-0.119,1.028,-3.2168,-0.9512,-4.3418
330738,0.0387,-0.1178,1.0001,-4.7461,-0.5059,-5.2988
330761,0.0398,-0.1129,1.0051,-5.5566,-0.1602,-5.4336
330784,0.0394,-0.1074,1.0214,-6.332,0.3828,-4.9316
330807,0.0396,-0.1064,1.0046,-6.5117,0.6855,-4.2324
330830,0.0396,-0.1147,0.9895,-6.3203,0.8828,-2.8711
330853,0.0431,-0.1207,1.0092,-5.7598,0.5879,-1.4082
330876,0.0841,-0.1182,1.0477,-5.2754,0.041,-0.5098
330899,0.1154,-0.1129,1.066,-4.4121,-1.3652,0.5605
330922,0.1151,-0.1084,1.0632,-3.7383,-2.6719,1.041
330945,0.0985,-0.1017,1.0535,-2.5859,-4.9824,1.4414
330968,0.083,-0.084,1.0389,-1.332,-7.2539,1.625
330991,0.074,-0.0726,1.0277,-0.4824,-8.4727,1.7344
331014,0.0785,-0.0612,1.0166,0.7324,-9.5605,1.9746
331037,0.078,-0.0585,1.0194,1.4609,-9.7363,2.1895
331060,0.0795,-0.0679,1.0295,2.3535,-9.2676,2.5059
331083,0.098,-0.0769,1.0338,2.7656,-8.0996,2.6602
331106,0.108,-0.0741,1.0371,3.0547,-7.3828,2.582
331129,0.0992,-0.0692,1.049,2.9395,-6.2402,2.123
331152,0.1014,-0.0684,1.0477,2.6816,-5.6367,1.5957
331175,0.1036,-0.0789,1.0359,2.1074,-5.0176,0.5547
331198,0.1042,-0.0814,1.0338,1.6406,-4.7734,-0.2363
331221,0.095,-0.0828,1.0231,0.8691,-4.5703,-1.4434
331244,0.0917,-0.0734,1.0262,0.0918,-4.4336,-2.5312
331267,0.0857,-0.069,1.0295,-0.3828,-4.3301,-3.123
331290,0.0868,-0.073,1.0155,-0.9707,-4.1406,-3.7578
331313,0.0967,-0.0779,1.0242,-1.2793,-4.0078,-4.0039
331336,0.1091,-0.0754,1.0381,-1.6328,-3.8594,-4.1406
331359,0.1104,-0.0768,1.0323,-1.8711,-3.8437,-4.0586
331382,0.1056,-0.0853,1.0299,-1.9844,-3.9277,-3.9102
331405,0.1123,-0.0857,1.0333,-2.1152,-4.1699,-3.5625
331428,0.1113,-0.0817,1.0352,-2.1816,-4.377,-3.2559
331451,0.1134,-0.0739,1.036,-2.2168,-4.6914,-2.6973
331474,0.1158,-0.0708,1.0354,-2.1758,-4.9414,-2.043
331497,0.1146,-0.0648,1.0426,-2.0098,-5.0371,-1.5684
331520,0.12,-0.0521,1.0542,-1.7441,-5.0156,-0.834
331543,0.1005,-0.0508,0.9995,-1.543,-4.8535,-0.3633
331566,0.0813,-0.0629,0.9993,-1.3223,-4.3516,0.2734
331589,0.0967,-0.0592,1.0273,-1.3047,-3.8613,0.6328
331612,0.1073,-0.0677,1.0372,-1.4863,-3.0293,1.0234
331635,0.1183,-0.0795,1.0313,-1.8301,-2.3496,1.166
331658,0.1279,-0.0771,1.0376,-2.1016,-2.1133,1.1133
331681,0.1211,-0.0753,1.0364,-2.498,-2.1582,0.8555
331704,0.1222,-0.0658,1.0363,-2.7207,-2.4238,0.6191
331727,0.1272,-0.0525,1.0353,-2.9375,-3.0488,0.2734
331750,0.1155,-0.0496,1.0245,-2.9785,-3.7402,0.0352
331773,0.1075,-0.0519,1.0295,-2.9199,-4.123,-0.0332
331796,0.1188,-0.0497,1.0359,-2.7578,-4.4648,-0.0039
331819,0.1246,-0.0547,1.038,-2.6309,-4.5098,0.0664
331842,0.1245,-0.0621,1.0338,-2.4805,-4.3281,0.1484
331865,0.1165,-0.0665,1.0289,-2.4473,-3.9043,0.1172
331888,0.1053,-0.0728,1.0203,-2.5488,-3.5215,0.0137
331911,0.1075,-0.0739,1.0198,-2.8418,-2.8496,-0.248
331934,0.116,-0.0726,1.0237,-3.1152,-2.3887,-0.4746
331957,0.1105,-0.0709,1.0282,-3.5586,-1.7793,-0.8477
331980,0.1041,-0.0762,1.0143,-3.8301,-1.4785,-1.0859
332003,0.1158,-0.0695,1.0262,-4.1348,-1.2285,-1.3652
332026,0.1191,-0.0714,1.0265,-4.2539,-1.2344,-1.502
332049,0.1193,-0.0728,1.0223,-4.2148,-1.3848,-1.502
332072,0.1284,-0.0599,1.0371,-3.9844,-1.7969,-1.3711
332095,0.1274,-0.0518,1.043,-3.7207,-2.166,-1.209
332118,0.1141,-0.0599,1.0176,-3.1934,-2.7891,-0.8867
332141,0.1168,-0.0554,1.0245,-2.6348,-3.3848,-0.4961
332164,0.1243,-0.051,1.0371,-2.3105,-3.7031,-0.2285
332187,0.1246,-0.0586,1.0269,-1.9531,-4.0098,0.1133
332210,0.1246,-0.0637,1.0259,-1.8242,-4.1016,0.2637
332233,0.119,-0.0619,1.0302,-1.8066,-4.0918,0.3359
332256,0.126,-0.0659,1.0363,-1.957,-3.9609,0.2129
332279,0.1438,-0.0612,1.0347,-2.1035,-3.8398,0.0371
332302,0.1313,-0.0581,1.0265,-2.334,-3.6465,-0.334
332325,0.1195,-0.0605,1.0311,-2.4727,-3.5156,-0.6113
332348,0.1301,-0.0498,1.0352,-2.6426,-3.2949,-0.998
332371,0.1249,-0.0537,1.0363,-2.7227,-3.125,-1.207
332394,0.109,-0.0643,1.0187,-2.7988,-2.8418,-1.4238
332417,0.1162,-0.0675,1.0198,-2.8828,-2.5234,-1.5
332440,0.1305,-0.0658,1.0251,-2.9648,-2.3027,-1.4766
332463,0.1327,-0.0631,1.0624,-3.1074,-2.0156,-1.3633
332486,0.1304,-0.0601,1.0352,-3.1914,-1.8887,-1.2617
332509,0.1282,-0.0583,1.0333,-3.2656,-1.8105,-1.082
332532,0.1318,-0.0521,1.0359,-3.2617,-1.8262,-0.8828
332555,0.1307,-0.0472,1.0311,-3.2227,-1.8535,-0.7422
332578,0.116,-0.0482,1.0326,-3.1309,-1.8516,-0.5273
332601,0.1152,-0.0562,1.0292,-3.0781,-1.7891,-0.3848
332624,0.1228,-0.0591,1.0214,-3.0801,-1.5859,-0.1875
332647,0.1235,-0.0631,1.0309,-3.2305,-1.2715,-0.041
332670,0.1173,-0.0703,1.0211,-3.416,-1.0254,0.0078
332693,0.1191,-0.0712,1.0259,-3.7871,-0.6465,0.0039
332716,0.1281,-0.0619,1.0448,-4.0527,-0.4121,-0.0449
332739,0.1244,-0.0614,1.0356,-4.3867,-0.1348,-0.1699
332762,0.1124,-0.0656,1.0186,-4.5352,-0.0137,-0.2715
332785,0.1091,-0.0612,1.0243,-4.6602,0.0879,-0.3926
332808,0.1121,-0.0575,1.032,-4.6934,0.1328,-0.4355
332831,0.1096,-0.0618,1.0135,-4.6641,0.1445,-0.4219
332854,0.1096,-0.0575,1.0325,-4.5586,0.1328,-0.3672
332877,0.1171,-0.0608,1.041,-4.4414,0.1074,-0.334
332900,0.1188,-0.0596,1.0278,-4.2031,0.043,-0.3359
332923,0.1064,-0.0936,1.0327,-3.9336,-0.0469,-0.4297
332946,0.104,-0.0718,1.0245,-3.7773,-0.1035,-0.5332
332969,0.1099,-0.0686,1.0254,-3.625,-0.1641,-0.7168
332992,0.1118,-0.0715,1.0381,-3.5859,-0.1875,-0.8457
333015,0.1147,-0.0688,1.0299,-3.5937,-0.2266,-1.0215
333038,0.0989,-0.0665,1.0138,-3.6328,-0.2812,-1.1309
333061,0.0957,-0.0609,1.0291,-3.6582,-0.3203,-1.1426
333084,0.11,-0.0532,1.0341,-3.6523,-0.3809,-1.0605
333107,0.1101,-0.0524,1.0377,-3.6035,-0.4395,-0.959
333130,0.0991,-0.063,1.021,-3.4687,-0.5977,-0.7852
333153,0.1014,-0.0673,1.0243,-3.3789,-0.752,-0.6211
333176,0.1176,-0.0625,1.0465,-3.2949,-1.0352,-0.5352
333199,0.1257,-0.0659,1.0438,-3.2715,-1.3516,-0.4766
333222,0.1101,-0.0706,1.0228,-3.2793,-1.5645,-0.4941
333245,0.0947,-0.0657,1.0221,-3.3379,-1.8359,-0.5723
333268,0.0941,-0.0582,1.0298,-3.4102,-1.9453,-0.623
333291,0.1029,-0.0613,1.0222,-3.5312,-1.9746,-0.6523
333314,0.1051,-0.0679,1.0234,-3.6426,-1.8867,-0.6113
333337,0.1083,-0.0685,1.0321,-3.7012,-1.8027,-0.5547
333360,0.1151,-0.0642,1.0404,-3.7539,-1.6992,-0.4531
333383,0.1119,-0.066,1.0332,-3.7539,-1.6719,-0.3887
333406,0.1052,-0.0635,1.036,-3.7012,-1.7051,-0.3066
333429,0.1112,-0.0591,1.0441,-3.5859,-1.7988,-0.2344
333452,0.1101,-0.0608,1.0248,-3.4785,-1.8652,-0.1855
333475,0.1042,-0.0579,1.0261,-3.2949,-1.9414,-0.1172
333498,0.0984,-0.057,1.0261,-3.1836,-1.9629,-0.0742
333521,0.1028,-0.0604,1.0248,-3.0547,-1.9277,-0.0254
333544,0.11,-0.0621,1.0313,-3.0078,-1.8652,-0.0273
333567,0.1124,-0.0625,1.0383,-2.998,-1.752,-0.0801
333590,0.0958,-0.0679,1.0244,-3.0469,-1.6406,-0.2422
333613,0.0956,-0.0614,1.0311,-3.1055,-1.5723,-0.3926
333636,0.1044,-0.059,1.0365,-3.2227,-1.4902,-0.6406
333659,0.1084,-0.068,1.0231,-3.3066,-1.4688,-0.8027
333682,0.1089,-0.0718,1.0259,-3.4492,-1.5098,-1.0156
333705,0.108,-0.0669,1.0358,-3.6133,-1.625,-1.1719
333728,0.1093,-0.0624,1.0365,-3.7129,-1.7305,-1.2344
333751,0.1095,-0.0601,1.0388,-3.793,-1.918,-1.2656
333774,0.1024,-0.0634,1.0205,-3.793,-2.0488,-1.2383
333797,0.1051,-0.0588,1.0314,-3.7246,-2.2148,-1.1348
333820,0.1122,-0.0535,1.0437,-3.5977,-2.3047,-0.9883
333843,0.1128,-0.0583,1.0344,-3.4922,-2.3203,-0.8984
333866,0.1006,-0.0673,1.0232,-3.3437,-2.293,-0.8066
333889,0.0994,-0.0686,1.0305,-3.2871,-2.2441,-0.7793
333912,0.1108,-0.0685,1.0427,-3.2871,-2.1348,-0.7891
333935,0.1204,-0.0719,1.0399,-3.3262,-2.0098,-0.8574
333958,0.1119,-0.0693,1.0308,-3.4141,-1.9316,-0.9258
333981,0.0952,-0.0604,1.025,-3.5098,-1.8027,-1.0098
334004,0.0975,-0.0548,1.0311,-3.5586,-1.6875,-1.0195
334027,0.1027,-0.0533,1.0247,-3.5703,-1.4551,-0.9434
334050,0.1029,-0.0558,1.0375,-3.5234,-1.2773,-0.8438
334073,0.1035,-0.0608,1.0386,-3.3789,-1.0137,-0.6758
334096,0.0969,-0.0693,1.0269,-3.2109,-0.7949,-0.541
334119,0.0946,-0.0736,1.0232,-3.1367,-0.6875,-0.4805
334142,0.1045,-0.068,1.0322,-3.127,-0.5879,-0.4395
334165,0.1095,-0.061,1.043,-3.1758,-0.5684,-0.4453
334188,0.0941,-0.0645,1.0179,-3.2891,-0.6152,-0.4883
334211,0.0867,-0.0613,1.0238,-3.418,-0.7266,-0.5293
334234,0.0964,-0.0549,1.0365,-3.5,-0.8125,-0.5312
334257,0.1057,-0.0618,1.0271,-3.5742,-0.9473,-0.498
334280,0.1053,-0.0618,1.0369,-3.5898,-1.0527,-0.4648
334303,0.0946,-0.0652,1.0299,-3.5684,-1.2305,-0.4258
334326,0.0928,-0.0669,1.0267,-3.5391,-1.4043,-0.4141
334349,0.1028,-0.0629,1.0348,-3.4805,-1.5039,-0.4238
334372,0.1057,-0.0597,1.0414,-3.4082,-1.6152,-0.4687
334395,0.1028,-0.0609,1.0358,-3.3477,-1.6602,-0.5176
334418,0.0627,-0.0629,1.0283,-3.2617,-1.6777,-0.6016
334441,0.0918,-0.0646,1.0298,-3.2227,-1.6602,-0.6465
334464,0.1007,-0.0629,1.0292,-3.2168,-1.6016,-0.668
334487,0.1024,-0.0608,1.0328,-3.2598,-1.5195,-0.6406
334510,0.1012,-0.0571,1.0385,-3.2969,-1.4629,-0.6094
334533,0.0968,-0.0585,1.0382,-3.3477,-1.3867,-0.5566
334556,0.0898,-0.0641,1.0308,-3.3828,-1.3398,-0.5234
334579,0.0946,-0.0695,1.0282,-3.4648,-1.2695,-0.4746
334602,0.0996,-0.0704,1.0387,-3.5898,-1.2051,-0.4316
334625,0.0992,-0.0669,1.0387,-3.6777,-1.1719,-0.4121
334648,0.0911,-0.0684,1.0238,-3.7871,-1.1406,-0.3887
334671,0.087,-0.0315,1.0234,-3.834,-1.1289,-0.3594
334694,0.0909,-0.0549,1.0343,-3.8398,-1.1074,-0.2715
334717,0.1001,-0.0548,1.0374,-3.7402,-1.0859,-0.1348
334740,0.0967,-0.0549,1.0331,-3.6289,-1.084,-0.0293
334763,0.0894,-0.062,1.0344,-3.4414,-1.1035,0.1191
334786,0.0991,-0.0653,1.0372,-3.3398,-1.1152,0.1953
334809,0.0953,-0.0631,1.03,-3.2559,-1.1133,0.2441
334832,0.0796,-0.0662,1.0266,-3.25,-1.0898,0.2246
334855,0.0854,-0.0657,1.0286,-3.3066,-0.9961,0.123
334878,0.0937,-0.0635,1.0344,-3.4023,-0.8379,-0.0332
334901,0.0901,-0.0593,1.0338,-3.4609,-0.7187,-0.1582
334924,0.0836,-0.061,1.0356,-3.5195,-0.5547,-0.3535
334947,0.0844,-0.069,1.0271,-3.5391,-0.4766,-0.4687
334970,0.0903,-0.0662,1.0291,-3.5625,-0.4277,-0.5879
334993,0.0923,-0.0613,1.0404,-3.5879,-0.4766,-0.6348
335016,0.0863,-0.0638,1.028,-3.5996,-0.5566,-0.6289
335039,0.0857,-0.0637,1.0287,-3.6074,-0.7187,-0.5742
335062,0.087,-0.0586,1.041,-3.6074,-0.832,-0.5117
335085,0.0848,-0.0627,1.035,-3.5898,-0.9785,-0.4043
335108,0.087,-0.063,1.0283,-3.5566,-1.084,-0.3008
335131,0.0884,-0.0587,1.0397,-3.5352,-1.127,-0.2441
335154,0.0826,-0.0627,1.033,-3.5195,-1.1523,-0.1914
335177,0.0864,-0.0646,1.0313,-3.5312,-1.1445,-0.1797
335200,0.0896,-0.062,1.0394,-3.5957,-1.0977,-0.1953
335223,0.0811,-0.0634,1.0292,-3.6621,-1.0391,-0.2285
335246,0.0703,-0.0648,1.0259,-3.7812,-0.9121,-0.3027
335269,0.0784,-0.0653,1.0382,-3.9062,-0.7383,-0.3965
335292,0.0814,-0.0686,1.0305,-3.9785,-0.6074,-0.4687
335315,0.0754,-0.0742,1.0277,-4.0566,-0.4219,-0.582
335338,0.0782,-0.0769,1.0331,-4.0957,-0.3281,-0.6504
335361,0.0812,-0.0785,1.0309,-4.1426,-0.2617,-0.7168
335384,0.0756,-0.0686,1.0305,-4.1758,-0.2969,-0.7012
335407,0.0731,-0.0638,1.0359,-4.1719,-0.3652,-0.6328
335430,0.0854,-0.0591,1.0358,-4.0879,-0.5215,-0.4336
335453,0.0775,-0.0566,1.0294,-3.9687,-0.6484,-0.2539
335476,0.0662,-0.0608,1.0319,-3.7129,-0.8379,0.0508
335499,0.0792,-0.0601,1.036,-3.4219,-0.9883,0.3516
335522,0.083,-0.0632,1.0337,-3.2383,-1.0605,0.5156
335545,0.0807,-0.0608,1.0394,-3.0137,-1.1426,0.6582
335568,0.0762,-0.0593,1.0389,-2.9082,-1.1738,0.6699
335591,0.0699,-0.0653,1.0305,-2.8281,-1.1758,0.5547
335614,0.0682,-0.0688,1.0283,-2.8281,-1.1465,0.3086
335637,0.0695,-0.0651,1.0288,-2.9082,-1.0586,0.0898
335660,0.0673,-0.0656,1.0349,-3.0664,-0.9414,-0.2754
335683,0.0758,-0.0697,1.0359,-3.1934,-0.8633,-0.5215
335706,0.0806,-0.0728,1.0382,-3.3887,-0.7832,-0.8535
335729,0.0774,-0.0696,1.0398,-3.5098,-0.7715,-1.0273
335752,0.0696,-0.0693,1.0336,-3.6602,-0.8262,-1.1875
335775,0.0702,-0.066,1.0366,-3.7656,-0.9414,-1.1934
335798,0.0728,-0.0637,1.0365,-3.8047,-1.0273,-1.1113
335821,0.0621,-0.0663,1.0267,-3.8184,-1.1211,-0.8848
335844,0.0645,-0.0619,1.0311,-3.8027,-1.1465,-0.6836
335867,0.0743,-0.0642,1.0444,-3.7598,-1.127,-0.3516
335890,0.0865,-0.0654,1.0431,-3.7207,-1.0742,-0.0469
335913,0.0719,-0.0717,1.0391,-3.7246,-1.0449,0.1152
335936,0.0596,-0.0808,1.0267,-3.834,-1.0059,0.2891
335959,0.0581,-0.0675,1.0281,-3.9902,-0.9668,0.3691
335982,0.0548,-0.0524,1.04,-4.2949,-0.8555,0.457
336005,0.0452,-0.0618,1.0088,-4.4844,-0.7363,0.5059
336028,0.0437,-0.0677,1.0065,-4.6855,-0.5215,0.5098
336051,0.0411,-0.0735,1.0247,-4.7773,-0.3398,0.4395
336074,0.0396,-0.0815,1.0127,-4.7715,-0.2969,0.3164
336097,0.0707,-0.0835,1.0574,-4.6523,-0.459,0.002
336120,0.1171,-0.0956,1.1012,-4.4727,-0.7676,-0.2969
336143,0.0968,-0.1,1.0558,-4.0039,-1.541,-0.8535
336166,0.0967,-0.0675,1.0917,-3.2812,-2.4961,-1.3789
336189,0.0898,-0.0638,1.0675,-2.6016,-3.0215,-1.5918
336212,0.015,-0.0618,0.9758,-1.1191,-3.2461,-1.6387
336235,-0.0396,-0.0142,1.0397,0.3223,-2.8145,-1.5293
336258,0.0048,-0.0492,1.09,3.7539,-1.0996,-1.4766
336281,0.1168,-0.0608,1.0381,9.668,1.7363,-2.3945
336304,0.1816,0.0425,1.1982,15.3945,3.9238,-4.0488
336327,0.0728,0.0751,1.1281,26.875,7.1055,-8.3086
336350,-0.069,0.0721,0.9583,36.1953,9.0762,-11.9609
336373,-0.0814,0.1432,0.9534,51.5801,12.127,-17.5273
336396,-0.0103,0.2227,1.0551,62.1289,15.7754,-22.1211
336419,-0.0433,0.1997,0.9399,63.998,18.5859,-24.3887
336442,-0.0937,0.2277,0.8883,63.998,23.1172,-26.5332
336465,-0.1271,0.2909,0.8945,63.998,26.1641,-27.1191
336488,-0.1304,0.3278,0.9136,63.998,30.4492,-26.7871
336511,-0.1183,0.3501,0.9126,63.998,32.918,-25.8672
336534,-0.0532,0.3831,0.9192,63.998,35.6563,-23.7441
336557,-0.0426,0.3723,0.8829,63.998,36.6406,-21.0645
336580,-0.0878,0.3879,0.7373,63.998,35.9883,-19.0313
336603,-0.0594,0.4523,0.6995,63.998,32.4473,-15.3672
336626,0.1053,0.5272,0.7944,63.998,27.8281,-12.2773
336649,0.2374,0.598,0.6771,63.998,16.2969,-6.373
336672,0.1368,0.6141,0.4355,63.998,-1.5625,1.2148
336695,-0.1427,0.6301,0.3114,63.998,-16.3398,7.2852
336718,-0.2238,0.6595,0.5465,63.998,-39.7891,17.6602
336741,-0.1346,0.7043,0.6022,63.998,-53.9961,24.5918
336764,0.0305,0.731,0.4502,63.998,-64.0,32.207
336787,0.1224,0.8157,0.5023,63.998,-64.0,32.709
336810,0.031,0.8519,0.5398,63.998,-64.0,27.7383
336833,-0.0763,0.7501,0.4045,63.998,-64.0,12.5664
336856,-0.0725,0.7501,0.2821,63.998,-64.0,-1.3438
336879,-0.1943,0.807,0.4028,63.998,-55.8926,-24.6016
336902,-0.1163,0.8118,0.4067,63.998,-47.8262,-39.8047
336925,-0.0077,0.776,0.2972,63.998,-36.9668,-59.7031
336948,-0.0126,0.7797,0.2426,63.998,-29.5898,-64.0
336971,-0.0063,0.8304,0.4133,63.998,-27.252,-64.0
336994,0.1224,0.8831,0.4652,63.998,-27.6074,-64.0
337017,0.0526,0.8148,0.27,63.998,-30.0332,-64.0
337040,-0.047,0.797,0.2101,63.998,-35.7227,-64.0
337063,-0.0881,0.8324,0.327,63.998,-41.7793,-63.6211
337086,0.0093,0.8948,0.4521,57.8594,-44.8457,-51.5039
337109,0.0847,0.8379,0.2759,44.8848,-46.8242,-31.3887
337132,-0.0547,0.7963,0.243,36.3555,-46.1816,-18.252
337155,-0.1699,0.7765,0.2604,24.4316,-42.4727,-0.9688
337178,-0.0486,0.8256,0.3365,14.4316,-36.1641,11.9453
337201,-0.0331,0.7886,0.3175,9.3496,-31.1348,17.5801
337224,0.0038,0.7794,0.2886,4.5,-23.6113,21.2969
337247,-0.1022,0.7107,0.1743,3.0215,-19.3965,20.8926
337270,-0.0725,0.7299,0.2186,2.9043,-15.418,17.1543
337293,0.0095,0.8309,0.2449,3.9727,-14.7187,11.4082
337316,0.0132,1.0081,0.3197,7.2051,-16.8457,7.1426
337339,0.0591,0.9182,0.1429,12.2324,-22.2773,1.1289
337362,-0.0259,0.8367,0.1986,16.1504,-26.9902,-2.4043
337385,-0.0278,0.833,0.1616,21.9258,-34.1797,-6.7207
337408,-0.0411,0.8092,0.1711,25.2344,-38.2832,-8.8535
337431,-0.0227,0.7942,0.1632,28.9004,-42.4277,-10.9238
337454,-0.0021,0.8367,0.1593,30.8613,-43.459,-11.832
337477,-0.0175,0.8323,0.1459,31.3184,-42.3027,-11.998
337500,-0.0383,0.8162,0.1399,31.0469,-38.0742,-11.9883
337523,-0.0502,0.8339,0.1144,30.4434,-33.8984,-12.0488
337546,-0.0734,0.8044,0.0928,29.248,-26.2754,-12.5508
337569,-0.0887,0.6782,0.1124,28.0234,-17.9336,-13.6895
337592,-0.0747,0.6368,0.0869,27.2988,-12.4746,-14.7461
337615,-0.0967,1.2498,-0.0447,26.375,-4.9687,-16.4063
337638,-0.1759,0.77,0.0446,25.8555,-0.502,-17.2051
337661,-0.1685,0.8644,0.0239,25.0586,5.4121,-17.4512
337684,-0.1636,0.8475,0.0247,24.3281,8.7246,-16.3105
337707,-0.1428,0.8412,0.0074,22.5098,12.2715,-14.4395
337730,-0.0455,0.8276,0.0286,19.2402,13.5937,-10.0547
337753,0.0446,0.8738,0.0355,15.9473,13.1523,-5.8398
337776,0.1454,1.0613,0.1185,9.1855,10.668,2.3633
337799,0.0887,1.0867,0.1277,3.6973,8.0625,8.6797
337822,0.0439,0.9899,0.1987,-5.1406,3.5176,18.1211
337845,0.0382,0.8141,0.1299,-13.6484,-0.7031,25.6211
337868,0.0417,0.7227,0.1306,-18.7539,-2.8594,28.5859
337891,0.0771,0.6367,0.1671,-25.2148,-4.6855,29.1348
337914,0.0437,0.6196,0.1981,-28.4883,-4.875,26.8867
337937,-0.0796,0.6708,0.2256,-31.334,-3.6641,20.498
337960,-0.0475,0.6541,0.215,-31.1797,-0.9063,12.3867
337983,0.0227,0.6698,0.1241,-29.3438,1.541,7.0586
338006,-0.0063,0.7334,0.1603,-24.3301,5.5449,0.291
338029,-0.1195,0.7784,0.1938,-19.8047,8.125,-2.9844
338052,-0.0991,0.7115,0.0165,-12.002,11.543,-5.6387
338075,-0.0636,0.7307,-0.0911,-6.7187,13.3906,-5.709
338098,-0.0964,0.8219,0.0631,0.5781,15.1953,-4.709
338121,0.1732,1.3829,0.2596,7.2773,15.4043,-2.5762
338144,-0.0629,0.7722,-0.002,11.6777,14.459,-1.334
338167,0.0051,0.8447,0.0828,17.7402,11.5195,-0.4414
338190,0.0034,1.0392,0.0548,20.8438,8.8281,-0.6074
338213,-0.0116,0.7692,0.0837,23.3203,4.2578,-1.8711
338236,-0.0537,0.8656,0.0951,22.9219,-0.1016,-4.1016
338259,-0.0609,0.8413,0.0884,21.2344,-2.3418,-5.9473
338282,-0.1185,0.8481,0.0411,17.1445,-3.8535,-8.8789
338305,-0.1714,0.8732,0.0634,13.7207,-3.2383,-10.6504
338328,-0.1486,0.8496,0.0382,8.0,0.3184,-12.4277
338351,0.0945,0.8125,0.1294,1.6641,6.2168,-12.2285
338374,0.2697,0.9407,-0.0358,-3.209,10.5352,-10.3066
338397,0.0894,1.1248,0.1733,-12.2988,15.8613,-3.4434
338420,-0.0142,1.0149,0.3956,-19.6211,17.8652,4.2109
338443,0.0114,0.9138,0.2584,-31.4668,18.2578,19.2559
338466,-0.0472,0.7876,0.2722,-39.0879,16.0801,34.9824
338489,-0.0775,0.6818,0.2638,-48.7969,14.0684,43.4141
338512,-0.0314,0.6521,0.2654,-55.2891,10.6953,49.877
338535,-0.0525,0.6167,0.2405,-57.3828,8.6895,48.9688
338558,-0.0575,0.6257,0.165,-56.8027,6.2969,39.4844
338581,-0.004,0.6271,0.1713,-53.8633,5.0977,28.4531
338604,0.0468,0.6222,0.0874,-45.707,3.7891,7.207
338627,0.0768,0.7145,0.1162,-33.459,2.9844,-15.8203
338650,0.0585,0.8164,0.2056,-23.3496,2.7598,-29.8105
338673,-0.0529,0.8044,0.1337,-6.0098,3.084,-45.5957
338696,0.0148,0.9463,0.0585,6.2383,3.8594,-51.3984
338719,-0.0721,1.162,0.2065,23.9277,5.8086,-52.3633
338742,-0.0414,1.0133,0.0714,38.7793,8.3301,-45.1602
338765,-0.046,0.8218,0.0985,46.0254,10.0234,-37.1758
338788,-0.0424,0.7487,0.095,51.7344,11.9355,-23.0625
338811,-0.0342,0.7394,0.1082,51.9473,12.4238,-13.7227
338834,-0.0206,0.8314,0.083,47.6055,11.5996,-1.8555
338857,-0.0696,0.8522,0.0641,42.4434,8.9687,5.9785
338880,-0.0937,0.8361,0.0753,33.0137,6.4687,8.6895
338903,-0.0631,0.7494,0.0525,23.4902,2.1641,9.3437
338926,0.0188,0.9502,-0.0377,17.9238,-0.7402,7.9648
338949,-0.1521,0.948,-0.0031,11.498,-4.6055,4.2305
338972,-0.0785,0.8005,0.0168,8.6621,-6.457,1.3066
338995,-0.062,0.8412,0.0203,6.375,-7.6367,-2.7031
339018,-0.0488,0.8486,0.0466,5.7812,-6.709,-5.2969
339041,-0.0787,0.8601,0.0264,5.8711,-4.9687,-5.9082
339064,-0.0907,0.8684,-0.0052,6.0547,-1.0605,-5.0527
339087,-0.0701,0.8435,-0.0365,5.8086,2.0,-3.3984
339110,0.0513,0.8855,0.0166,4.1426,6.3477,0.4512
339133,0.2274,1.0817,0.1455,0.1133,9.209,5.5801
339156,0.2634,1.1399,0.2563,-4.0879,9.6016,9.373
339179,0.1271,0.9847,0.2728,-12.4766,7.2285,14.873
339202,0.1586,0.83,0.2845,-19.1992,3.7578,17.957
339225,0.1041,0.662,0.2505,-30.4082,-3.4395,21.0879
339248,-0.0021,0.5403,0.1754,-42.2188,-11.5918,22.3242
339271,0.025,0.6207,0.1831,-49.4043,-16.6855,22.3691
339294,0.0391,0.6436,0.2395,-57.9785,-22.6055,21.7168
339317,-0.0159,0.7922,0.2622,-60.9902,-24.8594,20.9336
339340,-0.1033,0.7913,0.2122,-60.1777,-25.1582,19.416
339363,-0.1157,0.821,0.1686,-56.0781,-23.3008,18.3262
339386,-0.1012,0.7886,0.1938,-45.8184,-18.002,16.7129
339409,-0.0825,0.7155,0.0919,-33.0039,-10.9707,15.0059
339432,-0.0254,0.7496,0.0674,-24.3984,-6.1855,13.6738
339455,0.0133,0.7717,0.2328,-12.7656,-0.0488,11.2422
339478,0.0519,0.7579,0.2386,-6.1094,2.8809,9.3496
339501,0.1116,0.8311,0.0792,2.2207,5.2031,6.377
339524,-0.0341,0.9979,0.1208,8.498,5.0918,3.8418
339547,0.1219,1.0627,0.1284,11.6016,3.918,2.6758
339570,0.0924,0.8964,0.0992,14.916,0.9922,1.6328
339593,0.0497,0.8429,0.1221,16.3672,-1.4785,1.207
339616,0.0513,0.7898,0.1141,17.5117,-5.4121,0.7031
339639,0.0868,0.8175,0.0919,17.5371,-9.0527,0.2793
339662,0.0994,0.8711,0.1155,17.0527,-11.1133,0.0625
339685,0.0836,0.8302,0.1228,15.8789,-13.4785,-0.1582
339708,0.0377,0.8251,0.0895,14.9824,-14.418,-0.2871
339731,0.0441,0.7814,0.0625,13.6719,-14.5723,-0.5742
339754,0.0391,0.6578,0.0977,12.8887,-13.7988,-1.3711
339777,0.0188,0.9309,0.2241,12.0039,-11.5566,-1.4609
339800,0.1005,0.9492,0.0596,11.6328,-8.5195,-2.1289
339823,0.0396,0.8762,0.0985,11.5156,-6.3496,-2.6055
339846,0.0349,0.7693,0.111,10.8496,-3.1289,-3.3691
339869,0.0492,0.832,0.14,9.7109,-1.0586,-3.8691
339892,0.0413,0.7812,0.1166,6.7578,1.7598,-4.5059
339915,0.0646,0.6281,0.1395,2.668,4.0527,-4.9375
339938,0.0752,1.1075,-0.0148,-0.2949,5.2227,-5.1113
339961,-0.0286,0.8475,0.1045,-4.3359,6.4395,-5.2051
339984,0.0415,0.834,0.0995,-6.3418,6.9355,-5.1387
340007,0.0099,0.8445,0.0968,-7.9102,6.9316,-4.7949
340030,0.027,0.8535,0.1,-7.748,5.4082,-4.1211
340053,0.011,0.842,0.0867,-6.9062,3.3242,-3.457
340076,0.028,0.8523,0.0848,-5.1973,-1.2422,-2.0586
340099,0.016,0.8496,0.0895,-4.2402,-4.8535,-0.7715
340122,0.0219,0.8275,0.0278,-3.959,-9.9727,1.9199
340145,0.0046,0.8379,0.0447,-5.0508,-12.2754,5.8984
340168,0.0944,0.8129,0.0918,-9.4473,-12.5781,9.4941
340191,0.0852,0.7871,0.1449,-18.041,-8.1621,16.666
340214,0.1497,0.7509,0.2491,-26.416,-2.4258,22.7344
340237,0.2195,0.806,0.3318,-42.7422,9.8164,33.6348
340260,0.3232,1.0114,0.4126,-55.5566,19.3945,41.7793
340283,0.2041,0.8584,0.457,-64.0,33.2148,54.3086
340306,0.2317,0.8245,0.4729,-64.0,43.4258,63.998
340329,0.2075,0.7428,0.501,-64.0,47.2656,63.998
340352,0.1923,0.6888,0.5873,-64.0,48.4336,63.998
340375,0.1472,0.6305,0.5994,-64.0,46.6328,63.998
340398,0.1536,0.5586,0.6172,-64.0,41.4043,63.998
340421,0.1716,0.5021,0.5686,-64.0,34.9453,59.5117
340444,0.1716,0.4796,0.6155,-64.0,30.7578,50.4863
340467,0.1151,0.4573,0.7444,-64.0,25.1973,35.5859
340490,0.1012,0.4431,0.8551,-64.0,21.8984,25.7422
340513,0.1984,0.3397,0.8086,-64.0,16.6699,12.625
340536,0.312,0.2799,0.7408,-64.0,12.1621,2.7148
340559,0.4148,0.3115,0.8041,-64.0,3.002,-1.8242
340582,0.4327,0.2567,0.8907,-64.0,-8.1992,-5.6602
340605,0.369,0.1801,0.877,-64.0,-15.4102,-6.4492
340628,0.3419,0.1698,0.9084,-63.8008,-23.2949,-5.2695
340651,0.4697,0.2312,1.1323,-58.2559,-25.4453,-3.0996
340674,0.5895,0.2711,1.054,-50.9785,-23.2188,1.5176
340697,0.4011,0.3418,0.9742,-43.957,-15.5059,6.7266
340720,0.2648,0.3942,0.964,-38.8574,-8.4805,10.1465
340743,0.1851,0.4067,0.8411,-29.6289,2.8203,14.791
340766,0.2529,0.4581,0.8173,-21.7988,9.7246,17.0391
340789,0.3798,0.5875,0.8522,-6.4238,17.873,17.4199
340812,0.2408,0.6202,0.8044,13.9219,23.1641,11.875
340835,0.0385,0.5723,0.5693,29.8711,25.6387,4.2383
340858,0.041,0.6597,0.5704,55.7637,28.7598,-12.2285
340881,0.0256,0.5811,0.4476,63.998,30.7734,-25.2344
340904,-0.1396,0.5511,0.1257,63.998,33.875,-44.8457
340927,-0.2617,0.6429,0.1484,63.998,36.7461,-60.7227
340950,-0.0913,0.708,0.2623,63.998,37.4902,-64.0
340973,0.1316,0.7941,0.3458,63.998,37.25,-64.0
340996,-0.1196,0.7864,0.2035,63.998,35.6992,-64.0
341019,-0.0908,0.8013,0.1455,63.998,31.2168,-64.0
341042,0.1686,1.0568,0.4354,63.998,26.9766,-58.9414
341065,0.0115,1.0339,0.251,63.998,19.2695,-47.3125
341088,-0.0699,0.8759,0.193,63.998,10.8086,-34.7305
341111,0.0554,0.8206,0.2535,63.998,5.3633,-26.5
341134,0.0116,0.8307,0.2555,63.998,-1.8047,-15.3711
341157,-0.0093,0.7889,0.2448,63.998,-5.7441,-9.2988
341180,-0.0364,0.8191,0.2306,56.1504,-10.3477,-2.8906
341203,-0.0227,0.825,0.1732,39.6973,-13.4414,0.0605
341226,-0.0046,0.8571,0.1975,30.7734,-14.7402,0.332
341249,0.0009,0.8141,0.1957,20.9316,-15.8574,-1.1094
341272,-0.0438,0.8098,0.1718,16.6973,-16.2559,-2.877
341295,-0.0438,0.7982,0.1486,13.3691,-16.418,-6.0645
341318,-0.051,0.8108,0.1703,12.7305,-15.8809,-9.166
341341,-0.0278,0.7628,0.1819,13.2324,-15.043,-10.8281
341364,-0.0336,0.9335,0.1345,14.373,-13.0059,-12.2949
341387,-0.0825,0.832,0.1567,14.9297,-11.0449,-12.4473
341410,-0.0833,0.827,0.1968,14.8516,-6.9043,-11.373
341433,-0.0535,0.8608,0.2076,14.082,-3.2383,-9.8359
341456,-0.0326,0.8455,0.1243,12.1445,3.3105,-6.4395
341479,-0.0564,0.8557,0.0782,9.8457,10.2402,-1.9551
341502,-0.0773,0.8704,0.0612,8.2383,14.6074,1.5137
341525,-0.0994,0.8269,0.0007,5.2539,20.2109,7.3086
341548,-0.0135,0.7201,0.0328,2.1641,23.0957,11.6172
341571,0.061,0.8158,0.0476,-5.8984,25.9785,19.2246
341594,0.0684,0.7365,0.1722,-19.5898,27.1133,29.0488
341617,0.3033,0.7499,0.4143,-31.8672,27.0352,37.123
341640,0.2427,0.6168,0.61,-53.7266,25.834,51.2969
341663,0.3157,0.5891,0.8237,-64.0,24.3086,61.4961
341686,0.3633,0.5889,0.9368,-64.0,20.834,63.998
341709,0.3484,0.4973,0.8872,-64.0,16.0293,63.998
341732,0.2667,0.4781,0.8419,-64.0,12.3066,63.998
341755,0.1614,0.3931,0.9061,-64.0,6.4355,63.998
341778,0.1328,0.287,0.887,-64.0,2.6348,63.998
341801,0.2484,0.2231,0.9194,-64.0,-2.5215,63.998
341824,0.2966,0.2006,0.9673,-64.0,-5.5488,63.998
341847,0.3346,0.1892,0.9869,-64.0,-9.5391,60.9102
341870,0.2758,0.1824,0.9708,-64.0,-12.7969,48.4043
341893,0.2577,0.204,1.0394,-64.0,-14.4082,40.4453
341916,0.2493,0.2214,1.0345,-64.0,-15.6816,29.9219
341939,0.288,0.2675,1.0941,-64.0,-15.6426,24.1133
341962,0.301,0.2434,1.0223,-64.0,-14.2832,17.2441
341985,0.2837,0.2335,0.9988,-64.0,-11.7617,12.3398
342008,0.2637,0.2184,1.0291,-64.0,-9.7344,9.9453
342031,0.2412,0.1595,0.996,-64.0,-6.5195,7.248
342054,0.2306,0.0834,0.9497,-64.0,-4.4668,5.793
342077,0.2599,0.0781,1.0206,-64.0,-1.9668,3.7285
342100,0.2922,0.0397,1.0603,-61.5977,-0.5645,1.2871
342123,0.3752,0.0465,1.1777,-58.5586,-0.334,-0.8398
342146,0.4241,0.0566,1.2175,-52.748,-0.9609,-5.0039
342169,0.4265,0.0145,1.1868,-47.7637,-1.8496,-8.2852
342192,0.3962,-0.0575,1.1168,-39.1465,-3.4414,-13.1582
342215,0.3955,-0.0798,1.123,-33.3633,-4.3867,-16.7188
342238,0.3938,-0.0945,1.1458,-25.877,-5.0937,-17.5703
342261,0.3707,-0.1252,1.1016,-20.707,-4.4062,-16.418
342284,0.3408,-0.144,0.9669,-18.7441,-3.1152,-13.8984
342307,0.2852,-0.14,0.8843,-17.8828,-0.0703,-7.7871
342330,0.2628,-0.1533,0.8936,-18.3496,2.6992,-2.5645
342353,0.2679,-0.1593,0.9597,-19.5176,7.9766,6.0
342376,0.3356,-0.1396,1.0316,-19.6992,14.3477,14.1035
342399,0.2773,-0.1219,0.9899,-18.6133,18.8926,18.6367
342422,0.1891,-0.0909,0.9895,-14.9453,25.6465,23.7578
342445,0.1616,-0.0599,1.0688,-11.3711,29.8809,26.1445
342468,0.2018,-0.0533,1.0847,-5.0059,35.4688,28.6016
342491,0.223,-0.0425,1.0919,1.5566,39.5957,30.2324
342514,0.2013,-0.0793,1.0833,5.4297,41.2656,31.1406
342537,0.1853,-0.1318,0.9961,9.5488,41.8672,32.8008
342560,0.158,-0.1379,0.9133,10.7207,40.9961,34.4648
342583,0.0883,-0.0476,0.944,9.957,38.166,38.1895
342606,0.0629,0.0062,1.035,8.1504,35.6445,43.0527
342629,0.0837,-0.0005,0.9792,4.6562,31.4395,47.7793
342652,0.0833,-0.0343,0.8586,1.3848,27.0957,54.9492
342675,0.038,-0.0421,0.8795,-0.3281,24.2793,59.8652
342698,-0.0137,-0.0084,0.9963,-1.8418,20.3418,63.998
342721,0.0256,0.0215,1.0502,-1.916,17.9512,63.998
342744,0.0961,-0.0067,0.9023,-0.4941,14.625,63.998
342767,0.0242,0.0383,0.7603,2.293,11.3906,63.998
342790,-0.0292,0.1244,0.9019,4.5391,9.2266,63.998
342813,0.0023,0.0366,0.9567,8.2695,6.0605,63.998
342836,0.0874,-0.0496,0.8862,10.9141,4.0859,63.998
342859,0.1423,-0.0548,0.9865,14.6543,1.293,63.998
342882,0.156,-0.0822,1.0688,17.5391,-1.4043,57.5449
342905,0.149,-0.0996,0.9696,18.8477,-3.0352,51.9082
342928,0.1199,-0.0796,0.8878,19.8906,-4.7793,43.9707
342951,0.1099,-0.005,0.9333,20.1172,-5.1914,39.5449
342974,0.2045,0.0758,0.9381,20.4297,-4.3613,34.8965
342997,0.2054,0.1501,0.8599,21.1504,-2.8555,33.0156
343020,0.1498,0.2001,0.8192,23.7441,0.5566,33.3203
343043,0.0627,0.2146,0.8293,28.5742,4.8848,35.9102
343066,0.0424,0.1946,0.8994,33.0,7.959,38.8105
343089,0.0844,0.2494,0.828,40.8828,12.2324,44.1875
343112,0.0432,0.3619,0.9111,46.3613,14.4609,47.8926
343135,0.0651,0.4021,0.8846,53.6602,16.3926,52.5977
343158,0.1715,0.3969,0.9862,58.4023,16.4727,55.1523
343181,0.1172,0.3645,1.0179,59.4941,15.5586,55.2246
343204,0.162,0.1569,0.9875,57.4766,13.084,52.7832
343227,0.3235,0.1315,0.9058,53.6074,10.9902,49.6426
343250,0.1888,0.163,0.933,44.5176,7.6465,43.2246
343273,0.1212,0.2877,1.0974,33.248,4.7012,35.6973
343296,0.106,0.3611,1.0625,25.8652,3.3418,30.5684
343319,0.1658,0.3181,1.0778,16.5566,2.6055,23.1699
343342,0.0225,0.2145,0.7089,11.793,2.9414,18.5547
343365,0.1594,0.3984,1.0,6.4531,4.1465,12.2344
343388,0.1226,0.3611,0.87,4.0098,5.627,6.418
343411,0.0803,0.2212,0.9811,2.3574,6.7832,2.5039
343434,0.0494,0.189,0.9327,3.7539,8.918,-3.8242
343457,0.0834,0.3064,0.9055,6.5762,10.5195,-8.3105
343480,0.0809,0.4578,0.873,13.4219,12.3145,-14.8672
343503,0.1064,0.611,0.8353,19.2949,12.5176,-18.7031
343526,0.074,0.7118,0.7261,28.9199,10.7266,-23.2148
343549,0.0588,0.79,0.5773,37.8164,6.293,-26.2656
343572,-0.1051,0.5192,0.6349,42.3789,2.0234,-27.7539
343595,-0.1844,0.2474,0.3082,45.877,-5.8301,-29.8594
343618,0.0588,0.3053,0.6462,45.5566,-11.7129,-31.7441
343641,0.2722,0.3148,1.1855,42.0039,-21.1563,-36.5859
343664,0.1899,-0.001,1.1526,37.1699,-30.9688,-44.9922
343687,0.0702,-0.1882,0.8066,33.9082,-37.5273,-52.2871
343710,0.1809,0.0986,0.9412,28.6582,-47.002,-63.8574
343733,0.2921,0.2739,1.0967,25.0625,-52.7227,-64.0
343756,0.2657,0.2675,1.0248,20.9805,-59.5332,-64.0
343779,0.1691,0.351,0.8857,20.0977,-62.8613,-64.0
343802,0.1001,0.5018,0.8568,22.4844,-62.4922,-64.0
343825,0.0851,0.5753,0.9064,29.3398,-57.6074,-64.0
343848,0.0621,0.4973,0.859,35.8262,-51.6055,-64.0
343871,0.0426,0.4034,0.6102,46.5195,-39.5117,-64.0
343894,0.0337,0.4359,0.5051,52.8223,-30.3438,-64.0
343917,-0.0188,0.5999,0.5936,59.043,-16.5742,-61.2852
343940,-0.0449,0.5511,0.6531,60.9297,-4.2461,-51.125
343963,-0.0504,0.5095,0.6858,60.3008,2.5801,-44.4941
343986,-0.0874,0.493,0.6188,57.5996,10.0957,-35.582
344009,-0.0585,0.5275,0.536,55.0996,13.043,-30.7227
344032,-0.0129,0.4849,0.4928,50.9551,14.0195,-25.457
344055,0.0333,0.344,0.517,47.1777,10.4941,-22.7656
344078,0.082,0.3873,0.4513,45.3086,5.7441,-22.4375
344101,0.0928,0.5043,0.5204,44.0703,-4.2012,-24.041
344124,0.0651,0.5854,0.577,44.6387,-11.9922,-26.2227
344147,0.0585,0.7063,0.6378,48.1172,-23.7715,-30.2852
344170,-0.0063,0.7792,0.6333,54.8203,-33.6094,-33.8633
344193,0.0022,0.824,0.6835,61.0703,-38.1328,-35.2402
344216,0.0247,0.8352,0.5845,63.998,-41.0293,-35.209
344239,0.0203,0.7308,0.2482,63.998,-40.3848,-33.7344
344262,-0.2097,0.7145,0.1959,63.998,-36.2637,-29.4707
344285,-0.3484,0.7579,0.266,63.998,-31.9961,-25.3418
344308,-0.2023,0.823,0.2474,63.998,-24.4434,-17.5469
344331,0.0809,0.8889,0.1959,63.998,-17.2305,-8.8516
344354,0.0079,1.0182,0.3134,63.998,-13.5547,-3.2539
344377,-0.0496,1.0267,0.2483,62.8164,-10.4648,4.3926
344400,0.2068,1.0771,0.0222,60.8184,-9.9687,9.1484
344423,0.2355,1.4318,0.2111,60.0957,-11.0469,16.2578
344446,0.1809,1.5316,0.2828,61.582,-13.0957,23.8203
344469,0.1799,1.5172,-0.0055,63.1504,-14.0547,29.2637
344492,0.1904,1.5254,0.0149,63.998,-13.9121,37.9102
344515,0.1218,1.314,0.0933,62.5566,-12.8242,43.6172
344538,0.3773,1.3401,0.2368,55.5,-10.6328,50.6133
344561,0.3018,1.2728,0.4005,43.7871,-9.3633,53.2285
344584,0.2336,1.1,0.4252,34.6602,-9.8008,51.5508
344607,0.2211,0.9282,0.2275,20.7305,-12.8105,43.9395
344630,0.0378,0.9153,0.2057,11.8535,-16.123,36.2363
344653,-0.0952,0.7921,0.3031,-0.1387,-21.9395,22.7363
344676,0.0419,0.5585,0.2277,-6.8125,-25.623,9.041
344699,0.2085,0.3741,0.2532,-14.3516,-30.0,0.5117
344722,0.1859,0.2235,0.2528,-18.707,-32.6953,-11.2285
344745,0.0426,0.2297,0.2317,-19.8691,-33.5254,-18.0059
344768,-0.153,0.1669,0.3716,-19.3691,-33.2168,-25.3496
344791,-0.125,0.015,0.3938,-17.957,-31.8633,-27.5508
344814,0.1217,0.0104,0.4297,-15.3281,-28.1582,-26.2813
344837,0.1758,0.1447,0.3906,-13.5215,-22.9219,-20.4102
344860,0.0696,0.2695,0.3097,-13.4102,-18.8516,-14.7129
344883,0.0747,0.3519,0.2905,-15.3965,-11.9941,-4.4609
344906,0.1848,0.5078,0.4425,-18.127,-6.8926,2.9824
344929,0.111,0.657,0.3815,-23.7773,1.5879,14.0527
344952,0.0109,0.7571,0.3726,-30.5527,10.9473,23.9219
344975,0.1429,0.9845,0.5658,-35.3398,17.3203,29.2988
344998,0.3118,1.0323,0.4907,-42.2852,25.9961,34.6367
345021,0.2406,1.1339,0.5277,-46.4512,30.5098,35.8613
345044,0.1183,1.067,0.4642,-51.7285,34.8105,33.9277
345067,0.0393,1.1699,0.6632,-54.5176,36.1465,28.4238
345090,-0.0393,1.1534,0.6376,-57.5039,36.4746,22.6582
345113,-0.1283,1.0548,0.5464,-59.3887,35.4375,12.584
345136,0.0944,0.9802,0.5055,-60.5781,34.0918,4.627
345159,0.0953,1.0126,0.7207,-63.0938,30.7285,-9.5664
345182,-0.0165,0.8209,0.7756,-64.0,27.4082,-20.6035
345205,-0.0977,0.6559,0.575,-64.0,21.127,-38.8301
345228,-0.1747,0.5524,0.3647,-64.0,14.168,-57.1758
345251,-0.2683,0.5139,0.285,-64.0,9.6055,-64.0
345274,-0.2397,0.5487,0.5226,-64.0,3.1934,-64.0
345297,-0.1365,0.6853,0.6348,-64.0,-0.8164,-64.0
345320,-0.0342,0.7122,0.7437,-64.0,-6.7734,-64.0
345343,-0.099,0.6769,0.6193,-51.084,-13.0781,-64.0
345366,-0.1069,0.6292,0.4608,-31.6016,-17.4395,-64.0
345389,-0.0447,0.7738,0.4905,2.0645,-23.7363,-64.0
345412,0.0131,0.8685,0.7253,25.2285,-27.4844,-64.0
345435,0.0087,0.8347,0.5872,57.9922,-32.0879,-64.0
345458,0.0264,0.7723,0.397,63.998,-34.3301,-64.0
345481,-0.1074,0.7733,0.2219,63.998,-36.0488,-62.3203
345504,-0.2722,0.8066,0.1866,63.998,-34.7266,-54.2617
345527,-0.1746,0.8275,0.2388,63.998,-31.5449,-48.7148
345550,-0.0969,0.9033,0.3406,63.998,-23.0566,-40.5996
345573,-0.3293,0.7759,0.0992,63.998,-15.1328,-35.5371
345596,-0.4377,0.7106,-0.1011,63.998,-0.8281,-28.168
345619,-0.2571,0.715,0.0178,63.998,14.293,-20.3906
345642,-0.1605,0.7463,0.0029,63.998,23.4512,-14.9492
345665,-0.244,0.816,0.0563,63.998,33.9824,-6.748
345688,-0.1704,0.802,-0.0393,63.998,38.1484,-1.3691
345711,-0.0282,0.7828,-0.2321,63.998,39.5215,6.4648
345734,-0.1348,0.8868,-0.0939,63.998,35.1973,13.8086
345757,-0.1332,0.9602,0.1907,61.4863,29.7832,18.2578
345780,-0.0565,0.9419,0.0375,54.5879,19.459,23.8711
345803,-0.0876,0.8264,-0.0918,51.8672,11.9805,26.7227
345826,-0.1448,0.8425,-0.0391,49.3672,1.1426,29.6348
345849,-0.0315,0.9041,-0.0737,47.6777,-8.2324,31.1211
345872,-0.0504,0.8547,-0.0476,43.6074,-13.0039,31.4063
345895,-0.0684,0.8196,-0.0342,36.873,-18.498,30.7969
345918,-0.0323,0.8177,-0.0076,30.9883,-20.8926,29.6836
345941,-0.0676,0.8103,0.0026,20.916,-22.6895,26.9336
345964,-0.0775,0.7719,0.0051,14.0508,-22.8418,24.3906
345987,-0.0784,0.7783,0.0281,4.6074,-21.8418,19.6445
346010,-0.1041,0.7925,-0.0327,-3.0371,-19.8027,14.1582
346033,-0.1077,0.9825,-0.0789,-7.0586,-17.9922,10.3926
346056,-0.1039,0.9305,-0.1428,-11.8359,-14.7305,5.1289
346079,-0.0774,0.8455,-0.0371,-14.4863,-12.4141,2.1562
346102,-0.1191,0.8419,0.024,-18.0137,-9.1387,-1.2676
346125,-0.1193,0.8395,0.0576,-21.125,-6.291,-3.4648
346148,-0.1553,0.8588,0.0123,-22.9629,-4.6191,-4.3301
346171,-0.2019,0.8612,-0.0098,-25.4316,-2.4648,-4.8418
346194,-0.1707,0.8397,-0.0341,-27.0586,-1.4043,-4.6562
346217,-0.0667,0.8385,0.0497,-30.1426,-0.9727,-3.377
346240,0.04,0.8217,0.1477,-33.1855,-2.7129,-0.4629
346263,0.1392,1.0708,0.2864,-40.0664,-5.1484,2.543
346286,0.2028,1.155,0.4934,-49.5742,-10.1484,8.377
346309,-0.1022,1.0553,0.6405,-56.4277,-13.8789,12.6562
346332,-0.0819,0.7756,0.4291,-64.0,-18.9688,18.3848
346355,-0.0137,0.5868,0.4042,-64.0,-21.3672,20.791
346378,0.0013,0.5132,0.4081,-64.0,-22.6563,20.7949
346401,-0.1057,0.484,0.339,-64.0,-20.584,15.8359
346424,-0.1931,0.5432,0.2794,-64.0,-17.168,10.2539
346447,-0.1855,0.595,0.2079,-64.0,-9.1895,0.2129
346470,-0.1346,0.698,0.1686,-64.0,-2.3984,-6.4629
346493,-0.1743,0.7281,0.1361,-51.5449,8.9062,-14.9043
346516,-0.2001,0.7938,0.1322,-35.0,20.166,-20.2715
346539,-0.2173,0.8265,0.0582,-22.7441,26.9121,-21.791
346562,-0.0999,0.9224,0.1642,-4.1699,34.8867,-21.0586
346585,-0.0587,0.8917,0.1589,7.4199,38.3086,-18.9434
346608,-0.1958,0.9409,0.1166,22.252,40.1875,-14.2305
346631,-0.1,0.9604,0.1241,32.793,38.2129,-8.584
346654,-0.0312,0.9205,0.1686,37.0059,34.9414,-4.7949
346677,-0.1378,0.7905,0.1022,39.3691,27.6895,0.2578
346700,-0.1079,0.7872,0.1399,38.5762,21.8535,3.0
346723,-0.0773,0.8217,0.144,34.7676,12.5957,6.1523
346746,-0.089,0.8396,0.1693,31.2031,6.5684,7.7129
346769,-0.05,0.8368,0.184,25.5117,-1.5645,9.4062
346792,-0.0745,0.8112,0.1398,20.3906,-7.9082,10.4023
346815,-0.1105,0.8179,0.1118,17.5176,-10.8164,10.7207
346838,-0.0742,0.8438,0.1239,13.9922,-12.9375,10.8437
346861,-0.0746,0.8383,0.1195,12.0645,-12.9668,10.7969
346884,-0.0737,0.8486,0.1359,9.6523,-11.4687,10.623
346907,-0.0735,0.8601,0.1163,7.7344,-8.9004,10.2754
346930,-0.0972,0.8337,0.1042,6.7383,-7.0293,9.8906
346953,-0.084,0.8121,0.0916,5.7031,-4.5371,9.0664
346976,-0.0461,0.817,0.1182,5.2812,-3.3477,8.4102
346999,-0.0314,0.8401,0.1133,4.877,-2.5605,7.4395
347022,-0.0459,0.7977,0.1233,4.4453,-2.9336,6.6816
347045,-0.0594,0.7896,0.1188,3.9785,-3.584,6.3516
347068,-0.0507,0.9921,0.0657,2.8223,-4.6152,6.0996
347091,-0.0791,0.8651,0.0873,1.707,-5.0527,6.0488
347114,-0.0585,0.8329,0.1216,-0.4902,-5.1035,6.0312
347137,-0.0641,0.8441,0.1423,-2.3047,-4.7969,5.9941
347160,-0.0225,0.85,0.181,-5.502,-4.1152,5.875
347183,-0.0051,0.843,0.1705,-9.1641,-3.3984,5.7656
347206,0.0442,0.8967,0.1567,-11.8047,-2.8184,5.7695
347229,0.1208,1.0682,0.1895,-15.9414,-1.3887,6.0469
347252,0.1178,1.0142,0.2637,-18.6621,0.0059,6.5586
347275,-0.1809,0.9128,0.3146,-22.3809,2.4277,8.2617
347298,-0.2574,0.7007,0.0636,-25.6504,4.7246,11.5469
347321,-0.132,0.6628,0.0776,-27.7207,5.9336,14.375
347344,0.0272,0.7189,0.2046,-30.3105,6.8574,18.0547
347367,0.0453,0.7902,0.2766,-31.0234,6.707,19.0469
347390,-0.0778,0.759,0.179,-29.4844,5.3359,17.334
347413,-0.1188,0.7952,0.0979,-24.7305,2.9863,12.3184
347436,-0.0802,0.8173,0.1738,-20.2383,1.1211,7.9238
347459,-0.0543,0.8182,0.248,-12.3203,-1.877,0.7676
347482,0.0177,0.7932,0.2782,-6.6484,-3.916,-4.0898
347505,-0.058,0.7488,0.2262,1.6797,-6.8672,-11.2422
347528,-0.1281,0.7253,0.1571,6.498,-8.627,-17.6719
347551,-0.0258,0.7787,0.2756,11.6406,-10.6875,-21.1895
347574,0.0176,0.7549,0.1951,13.8027,-11.8613,-24.7676
347597,-0.027,0.7742,0.104,13.6328,-12.1016,-25.8457
347620,-0.0748,0.8351,0.1266,11.4395,-11.5879,-25.1758
347643,-0.0574,0.9255,0.1427,9.25,-10.6602,-23.0898
347666,-0.0266,0.9386,0.1862,6.1016,-8.5293,-17.7285
347689,-0.0527,0.8921,0.0675,4.2246,-5.8125,-10.5586
347712,-0.0848,0.8119,0.1073,3.8437,-3.9355,-5.3887
347735,-0.0286,0.7682,0.1058,4.3398,-1.5078,1.9863
347758,0.0299,0.8213,0.1682,5.1855,-0.4219,6.127
347781,-0.057,0.9301,0.1544,6.9336,0.1387,10.582
347804,-0.0404,0.8811,0.1135,8.7598,-0.4687,12.832
347827,-0.0498,0.845,0.1104,9.6484,-1.3184,13.2363
347850,-0.0347,0.8429,0.129,10.0742,-2.9082,12.4727
347873,-0.0524,0.8109,0.1272,9.6641,-3.9629,11.2402
347896,-0.0374,0.788,0.1379,8.084,-5.125,8.7344
347919,-0.0084,0.7828,0.1545,6.4961,-5.4531,6.043
347942,-0.0074,0.717,0.1733,3.5605,-5.2266,4.4727
347965,0.0173,0.9731,0.0887,0.3027,-4.2168,2.7949
347988,-0.0717,0.9684,0.0831,-1.8516,-3.1191,2.2148
348011,-0.0647,0.8062,0.111,-4.7715,-0.8125,2.0742
348034,-0.0404,0.8496,0.1108,-6.3848,1.0781,2.2754
348057,-0.0365,0.8612,0.1273,-8.1719,4.043,2.6719
348080,0.0176,0.8354,0.1447,-9.3398,6.625,2.9609
348103,0.1819,0.8062,0.2814,-10.1504,8.0117,3.1211
348126,0.3031,0.7446,0.3682,-12.6035,9.7695,3.6797
348149,0.1788,0.8063,0.1343,-16.0645,11.0156,4.7441
348172,-0.2339,0.8425,0.2466,-25.4844,13.6074,8.7246
348195,0.0176,0.9352,0.2379,-40.3652,17.3438,16.7676
348218,-0.0073,0.9806,0.3036,-52.5371,20.082,23.9531
348241,0.0741,1.0603,0.4686,-64.0,23.5605,35.0703
348264,0.0244,0.9979,0.3619,-64.0,24.9766,41.082
348287,-0.1082,0.8857,0.307,-64.0,25.2754,46.0059
348310,-0.161,0.7767,0.368,-64.0,23.2578,45.0215
348333,-0.1123,0.6908,0.3627,-64.0,21.2637,40.9121
348356,-0.0493,0.6656,0.4819,-64.0,17.1152,29.5547
348379,-0.0632,0.5963,0.5695,-64.0,14.0898,18.7305
348402,-0.111,0.5612,0.4523,-64.0,9.7988,-1.2031
348425,-0.1351,0.626,0.4017,-62.9551,7.4219,-15.6992
348448,-0.0573,0.6831,0.5537,-33.7441,4.8477,-36.6504
348471,-0.0038,0.6844,0.5377,-1.3926,3.5137,-53.9395
348494,-0.0717,0.6572,0.356,20.2734,3.3535,-62.3496
348517,-0.146,0.692,0.2915,50.2207,4.3281,-64.0
348540,0.0239,0.7764,0.4807,63.998,5.7949,-64.0
348563,0.0317,0.7622,0.2937,63.998,9.0547,-64.0
348586,-0.1173,0.7854,0.2599,63.998,13.2422,-53.6699
348609,-0.1069,0.7504,0.2,63.998,16.2949,-43.6113
348632,0.0231,0.7983,0.1154,63.998,20.6855,-25.9395
348655,-0.1425,0.8434,0.0946,63.998,23.0762,-13.5195
348678,-0.1075,0.8925,0.1239,63.998,25.3086,4.1797
348701,-0.0485,0.8507,0.0153,63.998,25.4863,18.7754
348724,-0.0055,0.8777,0.0833,52.4785,24.3105,25.9297
348747,-0.0839,0.8979,0.1,40.8223,20.6914,32.1934
348770,-0.0835,0.8809,0.0886,34.3984,17.2988,33.4824
348793,-0.0198,0.865,0.057,26.5566,11.2754,31.791
348816,-0.0542,0.8293,0.0525,22.2402,6.9375,28.7852
348839,0.0231,0.8796,0.1846,16.7793,0.4707,22.4473
348862,-0.075,0.8127,0.1342,12.4492,-5.3008,15.1113
348885,-0.0459,0.778,0.0372,10.0879,-8.3945,10.3301
348908,-0.0278,0.7546,0.0631,6.9824,-11.582,4.1777
348931,0.0338,0.8372,0.1761,5.1504,-12.7266,1.082
348954,-0.101,0.9601,0.1768,3.1055,-13.1016,-1.8066
348977,-0.0455,0.9159,-0.015,2.1758,-12.0547,-2.7324
349000,-0.0505,0.9246,-0.0231,1.9141,-10.8379,-2.6035
349023,-0.1178,0.9664,0.0259,1.4512,-8.8535,-2.043
349046,-0.0778,1.0099,0.1328,0.9258,-7.7773,-1.793
349069,-0.0759,0.9421,0.137,-0.2207,-7.0273,-2.0918
349092,-0.0264,0.8727,0.1169,-1.7988,-7.6094,-3.6328
349115,-0.0823,0.8293,0.229,-3.6328,-8.6758,-5.4531
349138,-0.1016,0.7781,0.2693,-6.7754,-10.7109,-9.207
349161,-0.0924,0.7139,0.2628,-9.084,-11.8418,-12.1348
349184,-0.1327,0.6323,0.1587,-12.5645,-12.2773,-16.5254
349207,-0.181,0.6293,0.1217,-14.8457,-11.2871,-18.998
349230,-0.1847,0.6664,0.1405,-18.0332,-7.5117,-21.2441
349253,-0.1094,0.7117,0.1221,-20.3086,-1.3184,-21.1016
349276,-0.104,0.7205,0.0712,-20.9082,3.6152,-19.5508
349299,-0.1466,0.7594,0.0334,-20.084,11.1387,-15.1191
349322,-0.0869,0.8571,0.1371,-18.3301,15.627,-10.9316
349345,-0.0349,0.8894,0.1263,-13.9414,20.7012,-3.3984
349368,0.0022,0.9541,0.0554,-7.957,23.1582,4.5977
349391,-0.0417,0.9895,0.1625,-3.6152,23.252,9.6113
349414,-0.0648,0.9261,0.074,2.5273,21.4063,15.9785
349437,-0.0685,0.8411,0.057,5.8652,19.2051,19.166
349460,-0.0416,0.7939,0.0667,9.0977,15.1328,22.0234
349483,-0.0162,0.7987,0.0775,10.0586,10.8145,22.4648
349506,0.0062,0.8408,0.145,9.666,8.0723,21.5586
349529,-0.0897,0.8737,0.1055,8.1504,4.5059,18.8535
349552,-0.024,0.8481,0.1123,6.8418,2.6309,16.4629
349575,-0.0229,0.8256,0.0881,4.75,0.582,12.3984
349598,-0.0436,0.8225,0.0828,3.3535,-0.3398,9.5469
349621,-0.0793,0.8276,0.1096,1.375,-1.1055,5.4199
349644,-0.0593,0.8429,0.1219,-0.248,-1.125,1.9688
349667,-0.0502,0.8502,0.1295,-1.0234,-0.7617,0.2734
349690,-0.043,0.8455,0.094,-1.6543,0.2148,-1.2129
349713,-0.058,0.8558,0.1057,-1.7207,1.0781,-1.5371
349736,-0.0645,0.855,0.0966,-1.3281,2.6172,-1.2402
349759,-0.0553,0.8307,0.0835,-0.4434,4.3945,-0.3789
349782,-0.0571,0.8005,0.0721,0.3262,5.6543,0.3008
349805,-0.0345,0.8103,0.0713,1.5508,7.5488,1.252
349828,-0.0443,0.8306,0.0756,2.2988,8.748,1.7832
349851,-0.0321,0.8239,0.0664,3.1719,10.3418,2.4609
349874,-0.0249,0.8199,0.0444,3.6387,11.5156,3.1016
349897,-0.02,0.8566,0.0417,3.7266,11.9668,3.543
349920,-0.0245,0.8346,0.0266,3.6621,12.0293,4.2168
349943,-0.0186,0.8242,0.0425,3.6016,11.6113,4.6367
349966,-0.0225,0.8115,0.0337,3.6484,10.25,5.125
349989,-0.0215,0.8727,0.0132,3.7871,8.877,5.3086
350012,0.0087,0.9622,0.0182,4.0117,6.248,5.334
350035,-0.0209,0.8082,0.0242,3.9512,3.1133,5.0469
350058,-0.0239,0.8466,0.0321,3.5645,0.8848,4.6523
350081,-0.0272,0.8374,0.0253,2.2344,-2.3242,3.709
350104,-0.0469,0.8414,0.0129,0.7734,-4.2051,2.8477
350127,-0.0529,0.8416,0.0299,-2.3906,-6.5469,1.2676
350150,-0.0304,0.8418,0.0614,-6.9238,-8.5703,-0.4648
350173,-0.004,0.8284,0.0889,-10.8555,-10.0371,-1.543
350196,0.01,0.8268,0.16,-18.3223,-12.875,-2.8047
350219,0.0192,0.8169,0.2207,-24.4043,-15.3496,-3.3535
350242,0.0151,0.8104,0.2565,-35.041,-19.9043,-3.8398
350265,-0.0195,0.793,0.2888,-46.8555,-24.9609,-4.3086
350288,-0.0527,0.7936,0.3068,-54.7617,-28.127,-4.9004
350311,-0.0414,0.7797,0.3444,-64.0,-31.8477,-6.582
350334,-0.0756,0.7993,0.4069,-64.0,-33.3711,-8.3379
350357,-0.1073,0.7856,0.3479,-64.0,-33.9258,-11.8418
350380,-0.1293,0.7805,0.3622,-64.0,-33.041,-16.0332
350403,-0.1533,0.801,0.366,-64.0,-29.8184,-18.916
350426,-0.1711,0.7921,0.3475,-64.0,-24.5703,-22.834
350449,-0.1356,0.7948,0.3402,-60.1426,-20.2617,-24.8477
350472,-0.1385,0.7916,0.3437,-47.2539,-13.332,-26.4941
350495,-0.1331,0.7938,0.3267,-37.8066,-8.8457,-26.498
350518,-0.1364,0.7871,0.2877,-23.5469,-2.8437,-24.8164
350541,-0.1282,0.8051,0.2633,-10.5664,1.9824,-21.3809
350564,-0.124,0.8021,0.2723,-3.3008,4.4961,-18.3906
350587,-0.153,0.8024,0.2576,4.7715,7.2637,-13.3828
350610,-0.1215,0.7961,0.2769,8.0234,8.502,-10.0039
350633,-0.1119,0.7983,0.3265,9.6113,9.4316,-5.3145
350656,-0.1074,0.7878,0.3281,7.5781,9.1172,-1.4629
350679,-0.137,0.766,0.363,4.5859,8.2305,0.4922
350702,-0.1312,0.7874,0.3534,-1.5684,6.0996,2.3828
350725,-0.1322,0.7631,0.3729,-6.2969,4.2988,2.9531
350748,-0.1208,0.7667,0.3865,-13.5684,1.3379,2.916
350771,-0.1322,0.7933,0.3738,-18.166,-1.6055,2.1074
350794,-0.1296,0.7791,0.3917,-24.1621,-3.0859,1.3301
350817,-0.137,0.7816,0.4022,-28.4863,-4.6523,0.0605
350840,-0.1531,0.7611,0.4043,-30.1426,-5.0449,-0.7402
350863,-0.1577,0.7544,0.3972,-30.5293,-4.5508,-1.7363
350886,-0.1536,0.761,0.3984,-29.4336,-3.543,-2.1953
350909,-0.141,0.7827,0.3625,-26.25,-1.3301,-2.4395
350932,-0.1482,0.7454,0.3975,-22.1895,1.1934,-2.0215
350955,-0.1316,0.7648,0.4117,-19.5762,2.7559,-1.3418
350978,-0.1329,0.7661,0.3749,-16.5898,4.5586,0.2363
351001,-0.1365,0.7206,0.4227,-15.6055,5.2871,1.5977
351024,-0.0786,0.7866,0.4011,-16.1289,5.6152,3.9785
351047,-0.1039,0.7664,0.4192,-19.334,4.9082,6.582
351070,-0.1097,0.7656,0.3826,-22.8906,3.8516,8.293
351093,-0.0865,0.7074,0.4446,-29.9219,1.6465,10.5781
351116,-0.0773,0.7172,0.5056,-35.4199,-0.0449,11.8047
351139,-0.0682,0.713,0.5432,-44.4004,-2.8223,13.1055
351162,-0.0486,0.7233,0.5447,-50.6602,-6.0996,13.7148
351185,0.1096,0.8671,0.817,-60.2617,-8.6953,13.7324
351208,0.0391,0.8834,0.6774,-64.0,-13.3867,13.3613
351231,-0.1398,0.7413,0.5336,-64.0,-17.0762,13.1953
351254,-0.1427,0.6212,0.6079,-64.0,-23.0898,13.7148
351277,-0.0057,0.5923,0.7281,-64.0,-27.0156,14.5312
351300,0.0675,0.525,0.7759,-64.0,-32.0234,15.4492
351323,0.0082,0.4421,0.7405,-64.0,-35.3301,14.4824
351346,-0.0659,0.3684,0.7037,-64.0,-36.4512,12.3379
351369,-0.0549,0.3904,0.7467,-64.0,-36.623,7.0176
351392,-0.0354,0.4065,0.86,-64.0,-35.8984,2.4141
351415,0.0034,0.3796,0.8843,-64.0,-33.9766,-5.3047
351438,0.0128,0.3518,0.8948,-64.0,-31.9336,-12.8535
351461,0.0461,0.3842,0.922,-58.1172,-31.1406,-17.0664
351484,0.0403,0.3658,0.9342,-41.0898,-31.6152,-21.1016
351507,0.0704,0.3499,0.9313,-32.0488,-33.209,-21.791
351530,0.0892,0.3535,0.9147,-23.8633,-37.1035,-19.4297
351553,0.0991,0.3521,0.8422,-23.1055,-41.6367,-13.1387
351576,0.0858,0.3549,0.8904,-26.9863,-44.3164,-7.1465
351599,0.0917,0.3169,0.8925,-37.2988,-47.0547,3.4551
351622,0.1182,0.2911,0.8617,-45.998,-47.8125,10.7441
351645,0.1757,0.3145,0.8859,-59.127,-47.3359,20.3691
351668,0.2137,0.2875,0.8878,-64.0,-46.0898,25.0371
351691,0.2278,0.3007,0.9186,-64.0,-43.1992,28.4063
351714,0.2216,0.3171,0.9407,-64.0,-39.3867,27.0938
351737,0.2139,0.3403,0.9679,-64.0,-36.418,23.8965
351760,0.2006,0.2556,0.9182,-59.5586,-31.4219,16.625
351783,0.1882,0.1649,0.866,-50.873,-27.8262,10.8789
351806,0.2498,0.141,0.8861,-36.9492,-22.3066,2.2246
351829,0.2748,0.187,1.0181,-23.9395,-16.9824,-5.2012
351852,0.2686,0.1935,1.0424,-16.3828,-13.6895,-8.9766
351875,0.2316,0.2018,0.9766,-7.1309,-9.2637,-12.3594
351898,0.1501,0.2224,0.9167,-2.5117,-6.6641,-12.8965
351921,0.0858,0.2738,0.9136,2.0898,-3.1562,-11.0957
351944,0.1002,0.3203,0.9426,4.627,0.1504,-6.873
351967,0.0878,0.3284,0.9896,5.9668,2.375,-3.5625
351990,0.1506,0.2643,0.988,9.0625,5.7363,0.293
352013,0.1549,0.3916,0.9734,12.877,7.877,0.9316
352036,0.1182,0.5223,1.057,22.709,10.916,-2.6348
352059,0.1735,0.6401,1.0944,32.3145,12.9609,-8.4062
352082,-0.0094,0.5297,0.9146,50.6367,16.1289,-21.3945
352105,-0.0575,0.4408,0.552,63.998,19.0723,-36.7656
352128,-0.1101,0.4886,0.3993,63.998,20.4375,-46.291
352151,0.0522,0.6531,0.6777,63.998,20.9648,-56.9551
352174,0.0223,0.7109,0.5725,63.998,20.2656,-60.9023
352197,-0.1534,0.558,0.353,63.998,17.8945,-61.7363
352220,-0.1593,0.5431,0.1675,63.998,14.4512,-56.9355
352243,-0.0411,0.7761,0.368,63.998,11.8633,-51.4648
352266,0.0576,0.8564,0.6316,63.998,8.2363,-42.2422
352289,0.0184,0.7372,0.4696,63.998,6.4512,-36.875
352312,-0.0465,0.6993,0.1899,63.998,5.0039,-31.2715
352335,0.0088,0.8484,0.4326,63.998,4.666,-28.3203
352358,0.0396,0.8889,0.6128,63.998,4.8262,-27.2754
352381,-0.0713,0.7461,0.3052,63.998,5.4629,-26.0352
352404,-0.1198,0.7441,0.2235,63.998,5.9941,-24.6914
352427,0.0232,0.8927,0.4395,63.998,6.5742,-20.9922
352450,-0.0525,0.7842,0.2875,63.998,6.6328,-15.4238
352473,-0.0604,0.8009,0.3558,56.1094,6.2031,-11.2969
352496,-0.0643,0.7601,0.3331,42.2949,5.3906,-5.6895
352519,-0.082,0.745,0.3446,34.3281,4.7832,-2.9551
352542,-0.1179,0.8915,0.2933,25.2715,3.998,-0.9707
352565,-0.1296,0.8018,0.2598,21.3164,3.6562,-1.0801
352588,-0.1229,0.8219,0.2598,17.9941,3.3984,-2.9121
352611,-0.1134,0.8,0.2545,16.6523,3.3477,-5.7676
352634,-0.1145,0.7958,0.2377,16.2109,3.4219,-7.6328
352657,-0.1007,0.816,0.256,15.4297,3.7324,-9.5879
352680,-0.1504,0.816,0.2406,14.4863,4.0664,-10.0098
352703,-0.0762,0.8031,0.2369,12.0,4.6562,-9.0703
352726,-0.0476,0.8131,0.2709,7.7598,5.1699,-6.2227
352749,-0.0734,0.7494,0.2744,3.6719,5.4961,-3.4004
352772,-0.132,0.6564,0.416,-4.8633,6.459,1.7402
352795,-0.0946,0.6521,0.4785,-12.4805,7.7148,5.3887
352818,-0.0479,0.6101,0.5187,-27.2109,10.4414,10.5723
352841,-0.0405,0.5901,0.6115,-39.1445,12.4219,14.9082
352864,-0.0157,0.6863,0.7089,-59.3008,14.627,17.1797
352887,0.0016,0.8588,0.5831,-64.0,14.4805,19.5293
352910,-0.0851,0.6403,0.7451,-64.0,12.5098,20.3125
352933,-0.0316,0.6298,0.7433,-64.0,7.0156,20.334
352956,-0.0356,0.5939,0.7631,-64.0,2.3164,19.7734
352979,-0.0176,0.5597,0.7673,-64.0,-4.8398,18.6855
353002,0.0283,0.498,0.838,-64.0,-10.6562,18.0879
353025,0.0789,0.5771,1.0162,-64.0,-13.3203,18.3047
353048,0.0601,0.6313,0.9407,-64.0,-15.5625,19.793
353071,-0.0325,0.53,0.8799,-64.0,-16.2285,21.5586
353094,0.0071,0.4326,0.9207,-64.0,-16.7227,25.1367
353117,0.0857,0.3586,0.8881,-64.0,-17.4316,29.0938
353140,0.1355,0.332,0.8728,-64.0,-18.4063,31.3887
353163,0.1245,0.3256,0.907,-64.0,-20.8398,33.6211
353186,0.123,0.3149,0.9225,-64.0,-22.9824,34.1348
353209,0.1323,0.3054,0.9572,-64.0,-26.4668,33.5879
353232,0.1317,0.2799,0.9763,-64.0,-29.6094,31.9785
353255,0.1329,0.2269,0.9017,-64.0,-31.0332,30.666
353278,0.1327,0.1825,0.8717,-64.0,-32.2617,28.877
353301,0.1283,0.1497,0.88,-64.0,-32.4492,28.0137
353324,0.1237,0.0796,0.8256,-64.0,-31.9512,27.2324
353347,0.1753,0.0702,0.8242,-64.0,-31.2402,26.8418
353370,0.201,0.0365,0.8293,-64.0,-29.8281,25.7344
353393,0.1884,0.0245,0.8271,-64.0,-28.0215,22.9355
353416,0.1985,0.0402,0.993,-64.0,-26.4766,19.6172
353439,0.2461,-0.0074,1.0792,-64.0,-23.4727,12.1289
353462,0.2799,-0.1078,1.1133,-64.0,-21.0898,5.6191
353485,0.2988,-0.1764,1.0172,-56.5059,-17.4121,-5.4746
353508,0.2747,-0.1396,0.9661,-33.6074,-14.3066,-16.291
353531,0.2375,-0.0828,1.0671,-19.0137,-12.8301,-22.1855
353554,0.2097,-0.0339,1.0577,-0.3242,-11.5059,-27.6543
353577,0.2076,0.0162,1.0435,9.2129,-11.0957,-28.6094
353600,0.2012,0.0695,1.0552,18.498,-10.998,-25.9629
353623,0.2238,0.0851,1.0665,21.334,-11.3145,-19.2539
353646,0.2529,0.0975,1.0964,21.0547,-11.6211,-13.3184
353669,0.2465,0.0985,1.0784,16.3262,-12.043,-3.6074
353692,0.2322,0.0873,1.0549,11.3145,-12.2305,2.6992
353715,0.2561,0.073,1.0785,1.9199,-12.2969,10.9922
353738,0.2816,0.0743,1.1112,-5.041,-12.1699,15.3496
353761,0.3135,0.063,1.1334,-15.5918,-11.7051,19.7012
353784,0.304,0.0236,1.1042,-25.4063,-11.0137,21.375
353807,0.306,-0.0037,1.1295,-31.2559,-10.5254,21.2207
353830,0.2915,-0.0303,1.1346,-38.7402,-9.8223,19.6816
353853,0.249,-0.0492,1.0677,-42.7266,-9.3418,18.1602
353876,0.2903,-0.0275,1.1005,-46.916,-8.6348,15.6914
353899,0.3453,0.0063,1.0839,-48.4766,-8.1543,13.2734
353922,0.3187,0.0173,1.0774,-47.8418,-8.0332,11.6836
353945,0.2767,-0.0013,1.0751,-44.4297,-7.9473,9.3105
353968,0.2419,-0.0779,1.0758,-40.7969,-7.7109,7.7773
353991,0.282,-0.0328,1.1143,-34.1113,-6.6934,5.6074
354014,0.2869,-0.0482,1.0549,-27.3691,-4.8262,3.584
354037,0.2975,-0.0673,1.0426,-22.7754,-3.3086,2.3184
354060,0.3224,-0.1295,1.0521,-17.7617,-1.0039,0.5859
354083,0.3599,-0.1935,1.0634,-15.6094,0.3652,-0.3809
354106,0.3772,-0.2295,1.1285,-14.1621,1.9121,-1.3516
354129,0.355,-0.2461,1.09,-14.1543,2.4785,-1.5332
354152,0.3768,-0.2527,1.0028,-15.0391,2.3828,-0.832
354175,0.3752,-0.2173,0.9882,-16.3809,0.9844,1.2871
354198,0.361,-0.226,1.0101,-17.125,-0.416,3.5
354221,0.3292,-0.1802,0.9817,-17.2813,-2.3027,7.8457
354244,0.2764,-0.121,1.0037,-16.3633,-2.8164,11.3086
354267,0.2367,-0.1482,1.0128,-13.1387,-1.75,17.2051
354290,0.2567,-0.1832,0.9937,-8.0723,1.6055,23.793
354313,0.2334,-0.1891,0.9399,-4.2441,4.7617,28.4336
354336,0.1946,-0.1639,0.9546,1.1172,9.9844,35.4922
354359,0.1958,-0.1854,1.0137,3.9844,13.2871,40.0586
354382,0.2242,-0.2194,0.9924,6.9238,17.3965,46.1934
354405,0.1876,-0.2372,0.9181,8.2715,20.1875,50.7676
354428,0.162,-0.2089,0.9063,8.4199,21.2871,52.6875
354451,0.1708,-0.2255,0.9541,8.0039,21.957,53.7637
354474,0.1644,-0.1917,0.9602,7.7246,21.9238,53.3125
354497,0.0724,-0.2137,0.952,8.0176,21.4395,51.1699
354520,0.0896,-0.3162,0.9413,8.9414,20.959,49.0742
354543,0.1481,-0.2649,0.8726,11.5117,20.1191,45.4785
354566,0.1765,-0.1267,0.8931,15.4492,19.1484,41.7773
354589,0.1439,-0.0461,0.9497,18.8574,18.4648,39.4355
354612,0.1118,-0.0142,0.9218,25.166,17.5801,36.4746
354635,0.1228,0.0266,0.8759,29.9785,17.2559,35.1289
354658,0.0431,0.0651,0.9048,37.4004,17.4199,34.4453
354681,0.0413,0.0845,0.9103,44.0703,18.5371,35.5605
354704,0.0648,0.082,0.9539,47.625,19.8359,37.1426
354727,0.0854,0.1379,0.9529,51.1172,22.5254,40.1367
354750,0.0177,0.1019,0.9435,52.0293,24.7188,42.1289
354773,-0.0428,0.092,0.7646,51.0664,28.4355,44.5684
354796,-0.1401,0.1539,0.7797,47.2754,32.2813,46.0645
354819,-0.1886,0.1168,0.9127,43.498,34.6602,46.4844
354842,-0.0535,-0.0414,0.965,36.9785,37.5215,46.1992
354865,0.0555,-0.1343,0.689,32.5957,38.5527,45.3301
354888,0.0024,0.1024,0.8058,26.4648,37.9473,43.0039
354911,-0.2518,0.3458,1.3099,23.0762,35.873,40.0195
354934,-0.1392,0.1294,1.2209,19.998,30.5215,38.1875
354957,0.0792,0.0231,0.921,19.2031,23.0293,36.1973
354980,0.0399,0.1008,1.1306,19.0918,17.041,35.4141
355003,0.0524,0.2141,1.2897,18.4902,7.2441,34.9375
355026,0.0446,0.1134,1.0154,17.5527,0.8418,34.9688
355049,0.0967,0.233,1.1139,14.9844,-7.2891,35.1563
355072,0.0027,0.2037,0.9167,10.9102,-12.3613,34.8633
355095,0.0698,0.1897,0.8048,7.6035,-13.5879,34.084
355118,-0.0981,0.0923,0.8539,2.8086,-12.1055,31.707
355141,-0.0293,0.1569,0.9196,0.7461,-9.4199,29.1602
355164,-0.0295,0.1689,0.9099,1.1289,-4.6621,23.752
355187,-0.0171,0.2708,0.8727,6.457,-0.709,16.752
355210,-0.0046,0.3524,0.8248,12.2031,0.8574,11.7305
355233,0.1373,0.4891,0.7749,22.0078,0.748,5.0996
355256,-0.0653,0.373,0.9484,27.8574,-1.2891,2.1543
355279,-0.2878,0.152,0.8961,33.2969,-6.8691,0.5605
355302,0.2756,0.1451,1.0428,33.8691,-11.6621,1.0859
355325,0.5466,0.3499,1.2063,30.2891,-19.793,1.0566
355348,0.2617,0.2288,1.3871,23.2676,-28.9063,-1.4883
355371,-0.0665,-0.0577,1.2311,17.9082,-35.1426,-5.0781
355394,0.0454,-0.011,1.0529,10.043,-43.373,-12.7773
355417,0.1814,0.2244,0.9833,5.4648,-47.3184,-19.2754
355440,0.2993,0.3204,0.8859,0.8984,-50.1133,-31.1621
355463,0.3088,0.1824,0.7943,0.5234,-49.4336,-45.0527
355486,0.2352,0.1212,0.6814,2.8418,-47.8008,-54.2813
355509,0.2073,0.1937,0.598,9.6445,-44.9063,-64.0
355532,0.36,0.3544,0.6071,15.9844,-43.3184,-64.0
355555,0.3167,0.5828,0.7762,27.7422,-42.127,-64.0
355578,0.2421,0.4866,1.0022,41.6191,-42.0313,-61.2754
355601,0.2729,0.4005,0.9451,51.1875,-41.8945,-53.668
355624,0.4032,0.4055,0.6449,63.3008,-40.8574,-40.9297
355647,0.288,0.4324,0.6313,63.998,-39.5801,-32.9863
355670,0.1793,0.385,0.7821,63.998,-36.8047,-23.7793
355693,0.2241,0.3665,0.8158,62.9512,-32.8066,-19.1992
355716,0.2363,0.3148,0.7174,49.6816,-29.6875,-18.9902
355739,0.1018,0.2833,0.6904,31.6973,-24.6055,-22.3828
355762,0.1044,0.288,0.8301,18.5254,-21.3984,-26.3066
355785,0.2323,0.2667,0.9536,-0.6836,-17.4434,-33.2012
355808,0.2909,0.2261,0.9604,-11.877,-15.5879,-37.8887
355831,0.207,0.2336,0.8652,-24.8574,-14.1172,-44.3789
355854,0.1064,0.2583,0.8761,-32.8867,-14.0137,-49.2188
355877,0.0804,0.2902,0.9387,-35.7031,-14.4062,-50.8828
355900,0.1829,0.3409,0.9659,-36.7285,-15.2422,-50.3945
355923,0.1417,0.3481,0.9166,-35.6934,-15.834,-48.0508
355946,0.0696,0.3198,0.9089,-32.4043,-16.6328,-41.8945
355969,0.0811,0.3407,0.9318,-27.9961,-17.0996,-33.373
355992,0.116,0.3701,0.9683,-24.8027,-17.1016,-26.9961
356015,0.1504,0.387,1.0082,-19.9375,-16.5586,-17.4609
356038,0.1439,0.3599,0.9844,-16.8379,-15.832,-11.6797
356061,0.1725,0.355,1.0067,-12.9004,-14.2793,-4.502
356084,0.2225,0.3842,1.0283,-11.0137,-12.3926,0.5312
356107,0.2534,0.3781,1.053,-9.4297,-11.0996,2.6348
356130,0.2384,0.3568,1.0311,-9.1172,-9.2441,4.0273
356153,0.204,0.3341,0.9824,-9.4434,-8.0762,3.9902
356176,0.2218,0.3293,0.9684,-10.5059,-6.3828,3.0059
356199,0.2423,0.3445,0.9457,-11.4316,-5.2852,2.0195
356222,0.2529,0.3538,0.9666,-12.7266,-3.7129,0.3574
356245,0.2395,0.3463,0.9525,-13.3535,-2.2598,-1.3613
356268,0.2271,0.3473,0.9326,-13.1621,-1.3398,-2.502
356291,0.2238,0.3444,0.9126,-11.8711,0.0312,-4.1562
356314,0.2053,0.3457,0.8849,-10.4258,0.9941,-5.1895
356337,0.1675,0.3589,0.8685,-7.6934,2.5996,-6.5527
356360,0.1122,0.3789,0.8468,-4.6992,4.4434,-7.5332
356383,0.0908,0.4099,0.8763,-2.7344,5.75,-7.873
356406,0.11,0.4203,0.9025,0.0625,7.625,-7.8711
356429,0.1523,0.4141,0.9009,1.8125,8.6426,-7.6152
356452,0.1597,0.384,0.8734,4.1738,9.4883,-7.0977
356475,0.1714,0.3793,0.8875,6.4766,9.2109,-6.7207
356498,0.2101,0.4012,0.9108,6.9609,8.3437,-6.6875
356521,0.203,0.4203,0.8719,8.0312,6.1523,-7.1348
356544,0.1465,0.4222,0.8269,8.623,4.2949,-7.7734
356567,0.0873,0.4209,0.7643,9.3926,1.4258,-9.0566
356590,0.0564,0.45,0.7751,9.8066,-0.2305,-9.957
356613,0.0416,0.4678,0.7799,10.248,-1.957,-11.1152
356636,0.0288,0.4637,0.7529,10.3828,-2.6738,-11.8437
356659,0.019,0.4482,0.7415,10.1426,-2.6992,-12.0332
356682,0.0643,0.4626,0.799,8.9863,-2.4316,-11.8926
356705,0.1067,0.4432,0.8116,7.6211,-2.3262,-11.6328
356728,0.1277,0.4277,0.7919,4.7598,-2.6797,-11.3047
356751,0.1056,0.434,0.786,1.1035,-3.8945,-11.3281
356774,0.032,0.4518,0.7681,-1.6191,-5.1445,-11.5586
356797,-0.0099,0.4658,0.7462,-5.791,-7.3633,-12.0234
356820,0.0309,0.4753,0.7812,-8.4141,-8.8516,-12.2637
356843,0.0825,0.4624,0.8094,-11.8223,-10.8535,-12.502
356866,0.1001,0.4219,0.8141,-14.5664,-12.543,-12.8965
356889,0.0781,0.3965,0.8126,-16.1973,-13.543,-13.4395
356912,0.0421,0.3773,0.8129,-18.6953,-14.8477,-14.793
356935,0.0459,0.3521,0.8645,-20.4668,-15.5176,-16.0332
356958,0.0759,0.3411,0.8939,-23.0254,-16.0117,-18.377
356981,0.1335,0.3162,0.9683,-24.3184,-15.8535,-20.3301
357004,0.1749,0.3077,0.9725,-24.9473,-14.7461,-24.0098
357027,0.1635,0.3068,0.951,-23.5234,-12.9141,-28.4199
357050,0.1388,0.2893,0.9255,-21.543,-11.584,-31.3535
357073,0.1064,0.2509,0.9152,-17.7637,-9.6934,-34.7949
357096,0.0797,0.2129,0.9052,-15.2637,-8.4941,-35.9297
357119,0.0448,0.2166,0.8739,-12.3848,-6.5469,-35.457
357142,-0.0187,0.2222,0.8153,-11.1367,-4.1133,-32.5664
357165,-0.1121,0.2349,0.8029,-11.2852,-2.0937,-29.625
357188,-0.1034,0.2964,0.835,-12.625,1.5371,-24.4414
357211,-0.0901,0.3083,0.8428,-13.8398,4.1738,-21.0234
357234,-0.1263,0.3021,0.827,-15.4766,7.875,-16.8887
357257,-0.0612,0.2578,0.7977,-16.7773,10.3594,-14.7148
357280,0.0458,0.2585,0.8091,-17.8516,10.9102,-14.6113
357303,0.0935,0.2391,0.8188,-20.7227,9.6875,-16.4863
357326,0.0885,0.2086,0.8353,-23.9727,7.3203,-18.7148
357349,0.0474,0.1266,0.9467,-31.2988,1.2754,-22.2031
357372,0.1001,0.0439,0.9296,-37.7988,-4.3223,-23.6191
357395,0.125,0.0437,0.9497,-49.4492,-14.6562,-22.7695
357418,0.24,0.1013,0.965,-61.9805,-26.1465,-17.3027
357441,0.2766,0.1525,1.0428,-64.0,-33.4766,-11.1348
357464,0.1591,0.1581,1.0837,-64.0,-41.9805,0.9707
357487,0.0375,0.1324,1.2089,-64.0,-44.6699,10.1836
357510,0.0344,0.1638,1.235,-64.0,-42.8418,24.2676
357533,0.1539,0.1404,1.2681,-64.0,-34.6055,36.6699
357556,0.2834,0.1355,1.1715,-63.1289,-26.8965,42.7813
357579,0.3096,0.0963,1.0748,-50.5098,-14.5977,47.248
357602,0.2607,0.0801,1.0625,-42.7363,-7.2324,46.8516
357625,0.1744,0.1053,1.0765,-33.7969,1.2598,42.0176
357648,0.1404,0.1025,1.0516,-28.7148,6.5508,34.1289
357671,0.1251,0.0854,1.0771,-27.1426,8.7168,28.3359
357694,0.1412,0.1068,1.033,-26.3555,10.7852,20.0957
357717,0.1868,0.1083,1.0632,-26.0938,11.6973,15.2598
357740,0.1353,0.0925,1.0167,-24.9434,12.543,9.0859
357763,0.1141,0.0507,1.0615,-23.2988,12.7344,4.0645
357786,0.0848,0.0016,1.0936,-19.5078,12.2539,1.2949
357809,0.0511,-0.0408,1.0226,-14.8984,10.2617,-1.916
357832,0.1927,-0.1022,1.0507,-12.1211,7.4941,-3.3145
357855,0.2891,-0.2157,0.9484,-9.6797,0.3867,-4.2773
357878,0.3785,-0.2681,0.8785,-9.8437,-6.2754,-4.2148
357901,0.2175,-0.27,1.035,-13.1836,-18.0762,-2.9102
357924,-0.0299,-0.2726,1.4601,-19.1895,-29.9902,0.7207
357947,-0.0641,-0.2561,1.2933,-23.4648,-36.7324,5.0312
357970,-0.0117,-0.0028,1.0458,-28.3086,-43.5,14.2949
357993,0.1687,-0.0925,0.8745,-29.9102,-45.0273,21.3984
358016,0.1611,-0.2272,0.8854,-30.4805,-42.7871,31.1426
358039,0.4456,-0.3597,1.3795,-30.8086,-37.1172,37.6328
358062,0.5029,-0.0598,0.6116,-31.6895,-32.9434,39.3828
358085,0.417,-0.1483,1.2048,-33.8887,-27.3418,37.5449
358108,0.2646,-0.1667,0.9343,-35.3496,-24.2461,33.7207
358131,0.2134,-0.1771,0.9052,-36.5234,-20.3789,25.8379
358154,0.1738,-0.1354,0.9283,-36.2754,-17.1504,17.6992
358177,0.1904,-0.1334,0.9363,-33.9063,-15.0352,12.9414
358200,0.3647,-0.1689,1.162,-28.5977,-11.9531,6.7422
358223,0.439,-0.1503,1.1671,-23.248,-10.1035,2.6465
358246,0.4379,-0.1456,1.0892,-13.1973,-8.3789,-4.4082
358269,0.4027,-0.1523,1.0552,-6.1973,-8.248,-9.7715
358292,0.3209,-0.1664,0.9707,2.584,-9.3145,-17.8633
358315,0.2509,-0.1273,0.921,7.3164,-10.5293,-24.1523
358338,0.2134,-0.1388,0.9396,7.793,-10.5508,-26.3809
358361,0.2048,-0.1749,0.9679,5.082,-8.5469,-26.1133
358384,0.2089,-0.1925,1.0321,1.7656,-5.7793,-23.6914
358407,0.2128,-0.1947,0.9829,-3.9922,-0.0859,-17.7051
358430,0.2186,-0.1954,0.9929,-9.2988,6.1504,-10.5
358453,0.2266,-0.1969,1.0366,-12.0723,9.8633,-5.8477
358476,0.2325,-0.1881,0.9899,-14.6895,13.9395,0.0098
358499,0.2474,-0.1885,0.9866,-15.3809,15.3984,2.8809
358522,0.2272,-0.172,0.98,-15.0391,15.6465,5.5215
358545,0.212,-0.1537,0.9954,-14.0391,13.9473,6.4043
358568,0.2197,-0.1444,1.0234,-11.5957,12.1035,6.2441
358591,0.2397,-0.1492,1.0491,-8.3105,8.8887,5.2656
358614,0.234,-0.1561,1.0125,-5.9082,6.7383,4.3418
358637,0.201,-0.1702,0.9609,-2.584,3.8867,2.9492
358660,0.199,-0.1526,0.9926,-0.8965,2.3926,2.2148
358683,0.2275,-0.1504,1.0485,0.5957,0.8906,1.5625
358706,0.2299,-0.1615,1.0137,1.0234,0.2187,1.3379
358729,0.2246,-0.1598,1.0012,0.8906,0.127,1.2871
358752,0.2131,-0.1379,1.02,0.3242,0.3652,1.166
358775,0.1852,-0.1454,0.9902,-0.1465,0.7207,0.9844
358798,0.1838,-0.1481,1.0095,-0.8027,1.4727,0.5352
358821,0.1976,-0.1458,1.0253,-1.2383,2.3242,-0.1191
358844,0.2148,-0.1432,1.0215,-1.3516,2.8066,-0.6777
358867,0.2224,-0.1616,1.0295,-1.2949,3.166,-1.6934
358890,0.1846,-0.1855,0.976,-1.2207,3.0801,-2.4121
358913,0.17,-0.1835,0.9783,-1.3457,2.457,-3.3203
358936,0.1969,-0.1582,1.0194,-1.666,1.3711,-3.7793
358959,0.2322,-0.1425,1.0292,-2.3535,0.4707,-3.8125
358982,0.2187,-0.139,1.0315,-2.959,-1.0352,-3.5605
359005,0.1984,-0.1549,1.0035,-3.1973,-2.0566,-3.2598
359028,0.1956,-0.1669,0.9901,-3.3398,-3.4375,-2.666
359051,0.2031,-0.1663,1.0052,-3.3691,-4.1953,-2.2012
359074,0.2157,-0.1632,1.0121,-3.3828,-5.0801,-1.4844
359097,0.2367,-0.1514,1.0422,-3.3223,-5.748,-0.8574
359120,0.2261,-0.1619,0.999,-3.2148,-6.1328,-0.543
359143,0.2161,-0.151,0.9871,-2.9844,-6.6641,-0.2285
359166,0.2314,-0.1362,1.0398,-2.8086,-6.9961,-0.1074
359189,0.2587,-0.1366,1.0382,-2.4512,-7.4473,-0.0508
359212,0.2627,-0.1387,1.0231,-1.9316,-7.832,-0.1816
359235,0.2365,-0.15,1.0046,-1.5508,-8.0273,-0.3633
359258,0.2158,-0.1599,1.0018,-1.123,-8.1484,-0.668
359281,0.2323,-0.1573,1.011,-1.0273,-8.0625,-0.8223
359304,0.2544,-0.1447,1.0247,-1.1914,-7.6797,-0.9414
359327,0.2476,-0.1558,1.0037,-1.6348,-7.0859,-0.9707
359350,0.2383,-0.1556,1.0015,-2.043,-6.625,-0.9473
359373,0.2402,-0.1528,1.0265,-2.7832,-5.8848,-0.8242
359396,0.2408,-0.1591,1.0031,-3.3164,-5.3848,-0.6719
359419,0.2357,-0.1515,1.0018,-4.0977,-4.6797,-0.3418
359442,0.234,-0.1453,1.0238,-4.5605,-4.2676,-0.0723
359465,0.2518,-0.1499,1.0225,-5.0859,-3.7578,0.3535
359488,0.261,-0.1571,1.004,-5.4219,-3.3926,0.752
359511,0.2341,-0.1761,0.9802,-5.6191,-3.2344,0.9883
359534,0.2134,-0.1781,0.9952,-6.0078,-3.0918,1.3086
359557,0.2476,-0.1588,1.0276,-6.3145,-3.0332,1.4922
359580,0.2542,-0.1584,1.0074,-6.6621,-2.9824,1.6328
359603,0.2461,-0.1564,0.9916,-6.6797,-3.0098,1.5117
359626,0.2495,-0.1271,1.0034,-6.4707,-3.0879,1.2871
359649,0.2401,-0.1207,1.0138,-5.8535,-3.2695,0.7969
359672,0.2218,-0.1393,0.9949,-5.2969,-3.4082,0.416
359695,0.2463,-0.2031,0.9983,-4.4531,-3.627,-0.1719
359718,0.3257,-0.1884,1.0051,-3.8164,-4.1152,-0.7383
359741,0.3265,-0.2296,0.9984,-3.4941,-4.9199,-1.1035
359764,0.2781,-0.1841,0.955,-2.7891,-7.2266,-1.6523
359787,0.236,-0.1697,0.9636,-1.8047,-9.3828,-2.0508
359810,0.2211,-0.1631,0.9989,1.0313,-12.9785,-2.7891
359833,0.262,-0.1661,1.079,4.0234,-15.2832,-3.9824
359856,0.2889,-0.2251,1.1455,10.0742,-18.2188,-5.1094
359879,0.3448,-0.2346,1.0382,17.3477,-20.0586,-7.8301
359902,0.3514,-0.2251,0.9711,22.3633,-20.2969,-10.3145
359925,0.3578,-0.1859,1.0917,29.5488,-18.1484,-14.5449
359948,0.2695,-0.1605,1.0304,34.0215,-14.2539,-17.1035
359971,0.0427,-0.155,1.1223,40.4531,-3.4668,-19.3691
359994,-0.0651,-0.0785,1.3723,47.3574,13.7754,-18.5723
360017,-0.0427,0.0059,1.3749,52.8633,28.2031,-15.9766
360040,0.0656,0.0931,1.1477,62.998,51.4473,-9.1621
360063,0.0404,0.1483,0.9642,63.998,63.998,-3.2266
360086,-0.0416,0.2211,0.8615,63.998,63.998,6.418
360109,-0.099,0.3639,0.9507,63.998,63.998,15.4355
360132,-0.088,0.4711,1.0035,63.998,63.998,20.3887
360155,-0.0413,0.4712,0.9779,63.998,63.998,25.4043
360178,-0.0095,0.4906,0.8043,63.998,63.998,26.8652
360201,-0.0536,0.4586,0.7029,63.998,63.998,26.2441
360224,-0.0502,0.4921,0.635,63.998,63.998,22.7891
360247,-0.0443,0.5031,0.5178,63.998,63.998,19.3457
360270,-0.0311,0.5471,0.5063,63.998,57.7207,13.1094
360293,0.0486,0.5879,0.5796,63.998,53.6777,8.5215
360316,0.0277,0.5864,0.5725,63.998,49.3145,1.3359
360339,-0.0441,0.5409,0.4581,63.998,47.4883,-3.3828
360362,-0.04,0.5398,0.394,63.998,46.0293,-9.5293
360385,-0.0524,0.5392,0.3313,63.998,45.3828,-13.4551
360408,-0.0566,0.5575,0.2805,63.998,45.0332,-14.4102
360431,-0.0754,0.6329,0.2638,63.998,44.332,-13.1445
360454,-0.0781,0.7263,0.3429,63.998,43.7051,-10.582
360477,-0.1001,0.7356,0.3291,63.998,42.5117,-4.5684
360500,-0.1447,0.7689,0.2646,63.998,40.7695,3.3223
360523,-0.1028,0.8267,0.2782,60.2734,38.9961,9.1504
360546,-0.0779,0.8599,0.2899,46.8945,34.666,17.9805
360569,-0.1548,0.8563,0.2574,39.1348,30.1602,23.5156
360592,-0.2007,0.8174,0.1287,29.5195,20.373,30.7305
360615,-0.0458,0.8744,0.129,24.5527,6.7539,35.9746
360638,0.006,0.9722,0.2551,19.7109,-4.041,37.9023
360661,0.032,0.9656,0.3083,18.9688,-22.0391,37.7227
360684,-0.0416,0.884,0.1471,20.9746,-34.2695,35.4434
360707,0.0145,0.9104,0.1969,26.875,-51.3125,29.291
360730,0.075,0.9304,0.2727,31.9141,-60.8125,23.8496
360753,0.0447,0.8708,0.2518,39.7656,-64.0,14.5801
360776,0.002,0.8176,0.1697,46.4004,-64.0,5.291
360799,0.0214,0.863,0.2598,49.418,-64.0,-0.1309
360822,0.0289,0.8665,0.3127,51.3398,-64.0,-6.123
360845,-0.0419,0.807,0.2244,50.8242,-60.459,-8.3516
360868,-0.0353,0.775,0.1161,47.2832,-48.498,-8.8945
360891,0.0356,0.8262,0.1964,40.6738,-35.9063,-6.5937
360914,0.0945,0.894,0.2993,35.1738,-28.0742,-4.1035
360937,0.014,0.8076,0.1198,26.6152,-18.1348,0.0566
360960,-0.0424,0.7734,0.0376,21.2539,-13.0137,2.7129
360983,-0.0107,0.795,0.0917,14.3867,-7.7285,6.1133
361006,0.1682,0.958,0.2372,11.0742,-5.2051,8.2871
361029,0.0211,0.9342,0.1044,8.8066,-4.9258,8.7969
361052,0.027,0.8328,0.0955,9.7949,-6.084,8.1855
361075,0.0344,0.84,0.1185,11.7324,-7.4629,7.0684
361098,0.0358,0.8068,0.1071,15.4238,-9.8437,4.7852
361121,0.0326,0.8154,0.1047,17.8125,-11.4062,3.1055
361144,0.0394,0.8495,0.1334,20.6074,-13.459,0.6895
361167,0.0273,0.8347,0.1053,22.1875,-15.0312,-1.3496
361190,0.0302,0.817,0.0825,22.5938,-15.7461,-2.4551
361213,0.0015,0.8218,0.0657,22.3926,-16.1211,-3.7715
361236,0.0029,0.8298,0.0504,21.8477,-15.791,-4.4707
361259,-0.0273,0.7548,0.0232,20.6523,-14.332,-5.3203
361282,-0.0421,0.806,0.027,19.1465,-11.7422,-5.9336
361305,0.0411,0.874,0.0311,17.9375,-9.5098,-6.1504
361328,0.0111,0.9923,0.0526,15.6328,-5.7988,-6.0332
361351,-0.0054,0.8602,0.0531,13.6152,-3.3555,-5.5625
361374,0.0365,0.8483,0.1023,9.6504,-0.1504,-4.1406
361397,0.0391,0.8384,0.1064,4.8848,2.0664,-1.8535
361420,0.0394,0.8518,0.1268,0.9043,2.8535,0.0664
361443,0.0392,0.8517,0.1138,-4.5488,3.0566,3.25
361466,0.0223,0.8529,0.0798,-7.75,2.6719,5.3633
361489,0.0504,0.838,0.0602,-11.4531,1.625,8.1973
361512,0.1293,0.8794,0.0939,-13.1152,0.8242,9.7539
361535,0.0826,1.0476,0.0983,-14.5391,-0.2305,11.4844
361558,0.1332,1.053,0.3453,-14.8555,-0.918,12.1211
361581,0.2247,0.9309,0.1234,-14.5703,-1.1816,11.4922
361604,-0.0123,0.7625,0.1461,-14.0801,-1.4375,8.3691
361627,0.0288,0.6968,0.1385,-14.252,-1.5313,4.8984
361650,0.0415,0.6792,0.1647,-15.7441,-1.4238,-1.6523
361673,0.0178,0.6732,0.1543,-18.3594,-0.8027,-8.5332
361696,-0.0337,0.653,0.0901,-20.1855,0.0078,-12.4805
361719,-0.0645,0.6978,0.0437,-22.0645,1.8965,-16.2676
361742,-0.0757,0.7603,0.0587,-22.1934,3.5508,-16.8945
361765,-0.0862,0.7791,0.0389,-19.9531,6.3672,-14.7891
361788,-0.0189,0.8336,0.0699,-14.5117,9.0586,-9.6758
361811,-0.043,0.8656,0.09,-9.3809,10.4258,-5.25
361834,0.0093,0.8499,0.0472,-0.5312,11.3477,1.7871
361857,0.088,0.9122,0.1237,5.3008,11.0605,6.1074
361880,0.0834,1.0525,0.1395,12.6367,9.2715,11.1602
361903,0.052,0.8817,0.0823,16.0156,7.3457,13.2969
361926,0.0363,0.8253,0.1022,18.2949,3.8594,14.4766
361949,0.0284,0.8094,0.0959,17.3594,0.3574,13.3672
361972,0.0358,0.8351,0.0846,15.3809,-1.6602,11.6016
361995,0.0378,0.828,0.0736,11.3145,-3.8887,7.9902
362018,0.0393,0.8278,0.0747,8.416,-4.7539,5.3145
362041,0.0389,0.8031,0.0626,4.5273,-5.1172,1.4824
362064,0.0339,0.7479,0.0846,1.7207,-4.4375,-1.6289
362087,0.0016,0.7366,0.0808,0.5391,-3.459,-3.1406
362110,0.0787,1.1188,0.0146,-0.3711,-1.248,-4.4824
362133,0.0112,0.7913,0.1375,-0.5918,0.6641,-4.7773
362156,0.0444,0.8494,0.0962,-0.707,3.8262,-4.4941
362179,0.0249,0.8597,0.0955,-0.7871,6.8086,-3.5957
362202,-0.0179,0.853,0.0609,-0.8027,8.4629,-2.7832
362225,-0.0177,0.858,0.0228,-0.7207,10.2344,-1.3711
362248,0.0194,0.8435,-0.0076,-0.6738,10.8496,-0.2969
362271,0.0643,0.839,0.051,-1.0645,10.8359,1.709
362294,0.13,0.9502,0.1088,-2.0273,10.2461,4.9844
362317,0.0826,1.1293,0.2836,-5.0176,8.6035,6.9238
362340,0.1232,1.0818,0.3866,-9.623,6.125,10.6836
362363,0.277,0.9003,0.2675,-13.2031,4.043,12.4863
362386,0.0089,0.7434,0.3002,-19.0117,0.3691,12.582
362409,-0.0251,0.6561,0.2594,-23.1191,-2.1836,10.5156
362432,0.0332,0.6646,0.2721,-29.4883,-5.3574,4.582
362455,0.0394,0.632,0.2323,-35.5879,-6.7754,-3.5059
362478,-0.0029,0.6143,0.1094,-39.0859,-6.3594,-9.2031
362501,-0.0837,0.6416,0.0784,-42.75,-3.5059,-16.7148
362524,-0.1058,0.6765,0.0518,-43.6113,-0.2285,-20.2656
362547,-0.069,0.703,0.0132,-41.6191,6.1992,-22.6504
362570,-0.0403,0.7612,-0.0381,-35.127,13.3301,-21.4219
362593,0.0093,0.871,0.0724,-28.4121,17.7207,-18.8379
362616,0.0455,0.9071,0.0673,-15.5371,22.6563,-13.0
362639,0.1495,0.9479,0.1747,-5.8477,24.3652,-8.3047
362662,0.0234,0.9683,0.1797,8.6777,24.2188,-0.9766
362685,0.0433,0.9219,0.0734,17.2559,22.4453,5.8242
362708,0.0214,0.912,0.1149,26.6563,17.8555,9.6836
362731,0.0396,0.8597,0.1492,30.6367,11.8027,13.9395
362754,0.0319,0.8326,0.1586,30.2168,7.4277,15.5254
362777,0.0446,0.8324,0.1621,25.7441,1.0391,15.9102
362800,0.0375,0.8297,0.157,20.9238,-2.7441,14.9648
362823,0.0389,0.8221,0.1609,12.3945,-7.2168,12.2031
362846,0.0391,0.8301,0.16,4.0254,-9.8984,8.5664
362869,0.0239,0.8345,0.1346,-0.6934,-10.6191,6.0957
362892,0.0411,0.8636,0.135,-5.8047,-10.1562,2.8828
362915,0.0387,0.8956,0.1044,-7.7754,-8.9668,1.2793
362938,0.0396,0.9574,0.1001,-8.7187,-6.2832,-0.2109
362961,0.0165,0.9336,0.121,-7.7402,-3.1348,-0.7578
362984,-0.0183,0.8705,0.1365,-6.4199,-1.0957,-0.8301
363007,0.0396,0.8314,0.16,-4.1543,1.4707,-1.0449
363030,0.0643,0.7815,0.2026,-2.832,2.6738,-1.582
363053,0.0483,0.7253,0.1914,-1.6211,3.5566,-3.2305
363076,-0.0132,0.6774,0.1702,-1.5215,3.0762,-5.5039
363099,-0.0259,0.6542,0.1095,-2.543,3.0684,-6.8906
363122,0.0129,0.6903,0.0997,-4.6719,2.3828,-8.0664
363145,0.0439,0.7489,0.1193,-6.2676,2.0215,-8.0098
363168,0.021,0.7931,0.0797,-8.0625,1.7422,-6.5254
363191,0.0803,0.9316,0.1323,-8.4629,1.7285,-4.6152
363214,0.0901,1.1146,0.1416,-7.5645,1.8242,-0.6113
363237,0.0338,0.9755,0.0544,-5.1953,1.8418,4.127
363260,0.0366,0.848,0.1052,-3.2988,1.7383,7.1797
363283,0.036,0.7526,0.1464,-0.7148,1.3477,10.7324
363306,0.0431,0.7574,0.1718,0.5664,0.9004,12.0352
363329,0.0586,0.8191,0.1573,1.6172,-0.0312,12.1992
363352,0.047,0.8621,0.1388,1.5098,-1.1367,10.5703
363375,0.0503,0.8552,0.1459,0.8047,-1.8633,8.8574
363398,0.0375,0.8346,0.1379,-0.9902,-2.7891,5.9062
363421,0.04,0.8148,0.1305,-2.4531,-3.2344,3.9277
363444,0.0394,0.8334,0.1327,-4.623,-3.6016,1.2227
363467,0.0397,0.8351,0.1439,-5.8477,-3.6328,-0.9531
363490,0.0394,0.8237,0.1562,-7.1543,-3.5156,-2.0332
363513,0.0396,0.8221,0.1562,-7.7871,-3.2363,-3.0801
363536,0.0388,0.8329,0.1429,-7.873,-3.0293,-3.4375
363559,0.0345,0.825,0.1344,-7.5898,-2.7227,-3.5996
363582,0.0404,0.8152,0.1617,-7.2031,-2.5059,-3.5488
363605,0.0345,0.7935,0.1619,-6.4629,-2.1055,-3.3926
363628,0.0135,0.8525,0.1257,-5.6719,-1.541,-3.291
363651,0.0043,0.9324,0.1094,-5.1953,-1.0098,-3.2969
363674,0.0114,0.8088,0.1456,-4.6855,0.1562,-3.3691
363697,0.0333,0.8491,0.1865,-4.5625,1.1738,-3.3809
363720,0.0403,0.8436,0.2009,-4.752,2.8887,-3.1484
363743,0.0371,0.8375,0.1538,-5.2656,4.6074,-2.4336
363766,0.0165,0.847,0.12,-5.6562,5.623,-1.6719
363789,-0.0105,0.8533,0.0723,-6.1738,6.6836,-0.1816
363812,-0.0549,0.853,-0.002,-6.5547,6.8984,1.0039
363835,-0.0223,0.8307,-0.0352,-7.8203,6.2734,3.1543
363858,0.0566,0.8632,0.0277,-11.3379,4.3965,6.209
363881,0.1102,0.9537,0.0664,-16.1992,2.4961,9.1465
363904,0.239,1.0122,0.292,-27.9297,-1.0137,15.3887
363927,0.264,0.9814,0.3403,-38.7773,-3.6973,20.6953
363950,0.2424,0.8571,0.4062,-58.4414,-8.3437,29.2363
363973,0.2217,0.8202,0.5769,-64.0,-11.8965,34.1895
363996,0.1383,0.6915,0.5574,-64.0,-17.7363,38.4922
364019,0.1642,0.6356,0.6282,-64.0,-23.6758,37.5586
364042,0.0973,0.5186,0.5729,-64.0,-27.3223,33.8867
364065,0.0205,0.4258,0.5579,-64.0,-31.7852,24.7402
364088,0.0746,0.4215,0.7278,-64.0,-33.8867,17.1641
364111,0.1274,0.4023,0.8193,-64.0,-35.7344,5.4004
364134,0.1165,0.3021,0.7467,-64.0,-36.4512,-4.7871
364157,0.1466,0.2627,0.7511,-64.0,-36.582,-9.7344
364180,0.1864,0.2623,0.7906,-64.0,-36.5586,-13.4375
364203,0.2419,0.236,0.825,-64.0,-36.5078,-13.1914
364226,0.3098,0.2222,0.9,-64.0,-36.6191,-8.8945
364249,0.3397,0.2971,0.9387,-64.0,-37.2734,-0.6914
364272,0.3597,0.3507,0.9554,-64.0,-38.0957,6.334
364295,0.2924,0.2932,0.8516,-64.0,-39.6621,18.1582
364318,0.282,0.2671,0.8724,-64.0,-40.627,26.2441
364341,0.3646,0.2252,0.9791,-64.0,-41.3672,37.4395
364364,0.3785,0.157,0.967,-64.0,-41.1367,43.4922
364387,0.4116,0.1,0.9731,-64.0,-39.5371,49.3105
364410,0.4506,0.1072,1.03,-64.0,-36.6484,50.5547
364433,0.4724,0.111,1.0973,-64.0,-34.2539,48.8652
364456,0.442,0.1141,1.0551,-64.0,-30.3555,43.1777
364479,0.4291,0.1509,1.0194,-64.0,-27.7676,37.9277
364502,0.4994,0.179,0.9901,-64.0,-24.209,29.2285
364525,0.478,0.1881,0.9603,-58.8848,-21.2324,21.0547
364548,0.4293,0.1984,0.9869,-53.9785,-19.541,16.5391
364571,0.4049,0.2086,1.062,-48.5195,-17.1875,11.7246
364594,0.415,0.1759,1.0536,-46.0781,-15.625,9.9082
364617,0.4636,0.14,1.0391,-43.9707,-13.3203,8.9414
364640,0.4884,0.1039,1.007,-43.4688,-11.3398,9.1582
364663,0.5161,0.0867,1.0173,-43.8516,-10.4004,9.3555
364686,0.5409,0.0316,1.0308,-45.0859,-9.8184,9.0078
364709,0.4946,-0.0106,1.0352,-46.043,-9.9785,8.1426
364732,0.4669,-0.0367,1.079,-47.1875,-10.6953,5.9629
364755,0.4935,-0.0793,1.0358,-47.5488,-11.2402,3.0898
364778,0.5023,-0.0977,0.9827,-47.3789,-11.9375,0.9746
364801,0.4348,-0.1315,1.0511,-46.4375,-12.0508,-2.1738
364824,0.3694,-0.2051,1.1459,-45.3789,-11.3516,-4.0762
364847,0.4358,-0.2649,1.1379,-43.0234,-8.5293,-6.2715
364870,0.5316,-0.2889,1.0417,-40.9648,-5.3594,-7.166
364893,0.4983,-0.287,0.9597,-37.4688,1.0176,-7.5527
364916,0.429,-0.2612,0.9546,-33.9492,8.6797,-6.5781
364939,0.3544,-0.2498,0.9606,-31.666,14.125,-4.9902
364962,0.3295,-0.2495,0.9718,-28.1289,22.293,-0.9922
364985,0.3513,-0.2391,0.9763,-25.5137,27.4316,2.7266
365008,0.3265,-0.2026,0.967,-21.0,34.1328,9.5234
365031,0.3312,-0.1874,0.9613,-15.8301,38.9941,17.0586
365054,0.3678,-0.2069,0.9691,-12.1973,40.959,22.0098
365077,0.3304,-0.244,0.875,-6.875,41.9805,28.5469
365100,0.2383,-0.2539,0.8436,-3.6621,41.543,31.9629
365123,0.2863,-0.222,0.9207,0.4355,39.6914,35.4512
365146,0.323,-0.1666,0.937,2.8008,37.9844,37.1152
365169,0.2522,-0.1432,0.9232,6.207,35.2383,37.4531
365192,0.1771,-0.1642,0.9358,9.8457,32.9453,37.4512
365215,0.1471,-0.1429,0.9216,12.5332,31.9551,37.5469
365238,0.1493,-0.0937,0.9667,17.0996,31.2598,38.3789
365261,0.1332,-0.0817,0.9885,20.5879,31.0879,39.4551
365284,0.1135,-0.0488,0.8701,26.541,30.8027,41.418
365307,0.0697,0.106,0.8463,33.1836,30.1289,42.7852
365330,0.0874,0.0714,1.0194,37.8223,29.4199,42.7773
365353,0.0872,-0.2196,0.8662,44.5566,28.0293,40.8418
365376,0.0953,-0.403,0.5934,48.1445,26.8652,38.3203
365399,0.1089,-0.3647,0.6909,50.6406,24.4844,33.5098
365422,0.1472,-0.1646,0.8634,49.2871,21.123,28.8496
365445,0.1556,-0.0427,0.8414,47.041,18.4961,26.4941
365468,0.0168,0.0796,0.7684,43.4434,14.5312,24.9277
365491,-0.1013,0.1237,0.839,41.7129,12.2559,25.6465
365514,0.0229,0.2113,0.8121,40.9414,9.9414,29.7246
365537,0.0684,0.2163,0.75,41.7695,8.6426,36.7988
365560,0.0933,0.2086,0.8612,44.6484,8.5332,42.4336
365583,0.2183,0.3186,0.8713,48.6836,7.7461,50.9824
365606,0.2474,0.5118,1.0085,51.5918,6.6875,56.0508
365629,0.1733,0.7058,1.2852,55.8438,4.1348,61.752
365652,0.171,0.5194,0.884,58.2891,1.9668,63.9883
365675,0.3047,0.3911,1.026,60.3359,-1.4141,63.998
365698,0.2013,0.3174,1.1158,59.459,-4.1191,62.0527
365721,0.1552,0.2889,0.83,57.0977,-5.0547,58.4961
365744,0.3568,0.4052,1.054,51.1699,-4.5078,51.1094
365767,0.0413,0.4099,0.7518,46.1152,-2.6582,45.2402
365790,0.1544,0.4225,0.8765,38.2031,2.3789,35.6504
365813,0.0728,0.3358,0.8635,31.9883,9.418,25.3125
365836,0.005,0.349,0.7612,29.8398,14.3828,17.9023
365859,0.1389,0.6716,0.7253,30.0742,20.5117,5.9492
365882,0.2401,0.7418,0.6956,32.0859,22.627,-2.4219
365905,0.0737,0.5364,0.7244,36.1523,21.7852,-14.8984
365928,-0.2037,0.2719,0.8416,38.1973,16.6016,-25.9805
365951,-0.1174,0.1836,0.9763,38.0156,11.4609,-31.8594
365974,0.2131,0.2341,1.1447,32.541,2.0742,-38.1074
365997,0.2935,0.2117,1.0496,26.2422,-5.0957,-41.0879
366020,0.3273,0.2399,0.8643,14.6387,-16.7734,-45.4648
366043,0.3385,0.2981,0.9601,6.9941,-24.5605,-49.2695
366066,0.1793,0.3647,0.9924,-1.4121,-34.7129,-56.918
366089,0.0305,0.1951,0.8542,-3.8203,-41.1836,-64.0
366112,0.019,0.1254,0.7504,-2.1055,-42.7559,-64.0
366135,0.0566,0.2587,0.7634,3.832,-41.3848,-64.0
366158,0.1736,0.3228,0.7274,8.9414,-39.0059,-64.0
366181,0.2959,0.3098,0.7688,16.7656,-35.5801,-64.0
366204,0.3127,0.313,0.7833,23.4238,-34.4727,-53.2617
366227,0.2295,0.3566,0.7122,26.668,-35.4063,-44.7988
366250,0.1354,0.3472,0.6691,29.1094,-38.6523,-32.1875
366273,0.1918,0.4236,0.6938,28.8906,-41.293,-24.5742
366296,0.2078,0.4993,0.7015,25.9336,-44.5898,-15.6289
366319,0.201,0.5192,0.7627,20.5957,-45.7676,-11.1777
366342,0.2133,0.4662,0.7018,16.3691,-45.0996,-11.2695
366365,0.2235,0.4569,0.6639,9.4707,-42.7148,-15.9805
366388,0.1901,0.3955,0.6814,4.7676,-40.9258,-21.709
366411,0.2029,0.3534,0.7664,-2.2227,-38.9824,-32.8047
366434,0.2814,0.3204,0.7808,-6.7246,-38.6172,-40.8555
366457,0.3033,0.3138,0.6115,-13.0879,-40.0469,-52.1582
366480,0.2029,0.2924,0.5436,-19.1328,-44.1465,-60.3906
366503,0.092,0.2794,0.5839,-23.1445,-48.0352,-62.9727
366526,0.1379,0.299,0.6862,-29.1191,-54.1563,-61.25
366549,0.2493,0.3467,0.9011,-32.8438,-57.5273,-56.3125
366572,0.3213,0.2743,0.9331,-37.7344,-60.6914,-44.3477
366595,0.3296,0.2164,0.8027,-42.416,-61.873,-29.1758
366618,0.2789,0.1323,0.8042,-46.2461,-62.0273,-18.6465
366641,0.3607,0.1211,0.9928,-54.043,-61.6055,-4.2656
366664,0.4635,0.1289,1.0767,-60.5879,-60.8359,3.3301
366687,0.4752,0.1227,1.0295,-64.0,-58.5898,10.5371
366710,0.4753,0.0957,0.8884,-64.0,-54.2656,12.5664
366733,0.295,0.1393,1.0874,-64.0,-49.375,11.6445
366756,0.1794,0.1461,1.2063,-64.0,-37.5254,8.584
366779,0.0907,0.0709,1.2141,-64.0,-26.373,6.5176
366802,0.0367,0.0552,1.1931,-64.0,-5.9824,4.6152
366825,0.103,0.076,1.1031,-64.0,8.5645,4.25
366848,0.1859,0.1731,1.1135,-64.0,28.6211,4.2891
366871,0.1323,0.1776,1.1815,-64.0,43.0957,3.6094
366894,0.105,0.1426,1.0592,-64.0,48.4434,2.1602
366917,0.1508,0.1891,1.0184,-48.0273,49.1875,-1.6367
366940,0.2632,0.2169,1.2378,-35.7852,44.7422,-4.9844
366963,0.322,0.1931,1.1943,-18.7676,31.5,-10.6816
366986,0.2882,0.0671,0.9626,-5.4551,12.8047,-16.6211
367009,0.3058,0.1067,0.9158,0.1816,-0.8555,-20.3594
367032,0.3289,0.1331,0.9827,3.0156,-20.1992,-25.1309
367055,0.3777,0.1157,1.1058,1.6738,-30.9258,-27.6016
367078,0.4471,0.1113,1.0961,-3.1113,-42.3613,-30.2246
367101,0.3744,0.1384,1.11,-8.627,-47.9707,-31.5234
367124,0.3544,0.1084,1.1307,-11.7734,-48.8574,-31.4941
367147,0.4053,0.0752,0.9519,-15.4199,-47.0059,-29.7813
367170,0.3662,0.0562,0.953,-17.459,-44.3613,-27.4805
367193,0.3203,0.0688,0.9053,-20.5645,-39.4336,-22.4824
367216,0.4056,0.0717,0.9729,-22.8125,-36.1387,-16.373
367239,0.4272,0.0226,0.9967,-26.3457,-32.0313,-11.7285
367262,0.5034,-0.0585,0.8375,-29.9082,-29.4746,-5.2695
367285,0.3649,-0.0339,0.6993,-32.3535,-28.6953,-1.2363
367308,0.2902,-0.03,0.993,-36.0176,-28.2832,4.6191
367331,0.5135,0.05,1.0732,-37.8145,-27.9902,8.4746
367354,0.4878,0.0309,1.1146,-37.1777,-26.7363,13.4512
367377,0.3848,0.1003,0.9506,-30.3008,-22.5078,16.0547
367400,0.1727,-0.0167,0.7574,-22.5664,-17.0215,16.3223
367423,0.1727,0.0989,0.8142,-8.7168,-5.0742,15.4141
367446,0.2611,0.0371,1.0787,0.6191,4.0293,14.4473
367469,0.3232,0.1107,1.02,13.4395,16.0898,12.5078
367492,0.396,0.1355,0.9883,23.834,23.3398,8.9277
367515,0.4376,0.1271,0.9235,28.8555,25.1445,4.791
367538,0.4257,0.2441,0.9652,32.8965,24.5879,-4.9102
367561,0.4502,0.2054,0.9883,33.1816,23.2539,-13.6172
367584,0.4191,0.2345,1.0627,30.3789,21.4883,-28.5586
367607,0.3381,0.1792,0.9957,26.7539,20.998,-42.6934
367630,0.2274,0.1525,0.9126,19.2344,21.5645,-49.8047
367653,0.1124,0.1022,0.8889,9.6035,23.3887,-54.8867
367676,0.0776,0.012,0.8022,2.3242,24.7773,-54.0391
367699,0.0425,-0.0337,0.7085,-8.8633,25.8613,-47.0664
367722,0.396,0.2449,1.6355,-15.5176,25.1074,-39.8242
367745,0.3367,0.0856,0.8843,-22.2734,20.5762,-27.8691
367768,0.3126,0.0048,0.9666,-24.5645,12.3047,-17.502
367791,0.214,0.2484,1.1218,-24.3691,5.6523,-12.2812
367814,0.2098,0.1036,0.9655,-23.3223,-4.2402,-6.9551
367837,0.2666,0.0812,0.9807,-23.0586,-10.0293,-4.9023
367860,0.4651,0.022,0.8911,-24.4492,-17.2266,-3.6562
367883,0.4333,-0.0516,0.9125,-28.6895,-22.8535,-3.5547
367906,0.3832,-0.0337,0.9211,-33.0918,-25.293,-3.4668
367929,0.3047,-0.1899,0.9415,-41.4277,-24.9395,-2.7871
367952,0.1163,-0.1704,0.9761,-47.6797,-20.5977,-1.9004
367975,-0.0072,-0.0874,1.0109,-57.2656,-6.5488,-0.0469
367998,-0.0493,-0.0359,0.9712,-62.9668,15.6348,2.6016
368021,-0.1718,-0.1626,1.0081,-64.0,34.2188,5.3652
368044,-0.3075,-0.025,0.9255,-64.0,63.6504,11.959
368067,-0.2786,-0.0793,0.7687,-64.0,63.998,17.9453
368090,-0.8706,-0.2081,1.5155,-56.8418,63.998,28.2344
368113,-0.5991,-0.2098,0.8398,-51.3047,63.998,35.2227
368136,-0.5045,-0.1854,0.9192,-45.7637,63.998,44.7441
368159,-0.4462,-0.1818,0.9277,-43.6777,63.998,51.418
368182,-0.4572,-0.183,0.928,-43.2188,63.998,53.3398
368205,-0.4534,-0.1805,0.9292,-42.1758,63.998,51.7383
368228,-0.4572,-0.1802,0.9282,-40.5195,63.998,47.8047
368251,-0.4529,-0.182,0.9276,-36.0859,63.998,38.5879
368274,-0.4497,-0.183,0.928,-29.5703,35.3457,27.1465
368297,-0.4501,-0.1824,0.9272,-24.5137,18.3809,19.3262
368320,-0.4528,-0.1823,0.9276,-16.7207,-1.6563,8.6543
368343,-0.4569,-0.1825,0.9282,-11.8789,-10.8789,2.8145
368366,-0.4561,-0.1812,0.9293,-5.7969,-18.5996,-3.5176
368389,-0.4521,-0.1823,0.9294,-2.7559,-20.1836,-6.873
368412,-0.4503,-0.1829,0.9296,0.168,-18.5586,-7.6445
368435,-0.4507,-0.183,0.9293,1.2949,-13.9766,-7.1309
368458,-0.4539,-0.1823,0.9309,1.248,-10.25,-6.0352
368481,-0.4553,-0.1818,0.9299,0.377,-4.8203,-3.8574
368504,-0.4556,-0.1813,0.9288,-0.5078,-1.7852,-2.3535
368527,-0.4515,-0.1821,0.929,-1.9492,1.4434,-0.3906
368550,-0.4526,-0.1824,0.9285,-3.2227,2.9727,0.9688
368573,-0.4518,-0.1823,0.9281,-3.8711,3.1465,1.4883
368596,-0.4535,-0.1825,0.9296,-4.4805,2.4668,1.7383
368619,-0.4564,-0.1814,0.9297,-4.6504,1.6074,1.6172
368642,-0.4559,-0.1821,0.929,-4.6172,0.082,1.1543
368665,-0.4534,-0.1814,0.9265,-4.3437,-1.373,0.5371
368688,-0.4503,-0.1825,0.9299,-4.0957,-2.1621,0.127
368711,-0.4532,-0.1818,0.9271,-3.709,-2.9727,-0.3926
368734,-0.4535,-0.182,0.9268,-3.4844,-3.2559,-0.6426
368757,-0.4539,-0.181,0.928,-3.2305,-3.3379,-0.8613
368780,-0.4541,-0.182,0.9292,-3.1289,-3.1172,-0.9063
368803,-0.4497,-0.1815,0.927,-3.0703,-2.8711,-0.8633
368826,-0.452,-0.1835,0.927,-3.1055,-2.4512,-0.7305
368849,-0.4526,-0.1816,0.9276,-3.1621,-2.1855,-0.6191
368872,-0.4507,-0.1831,0.9301,-3.2715,-1.8594,-0.4551
368895,-0.4512,-0.1815,0.928,-3.3457,-1.7109,-0.3633
368918,-0.4519,-0.1814,0.9271,-3.4414,-1.5938,-0.2598
368941,-0.454,-0.1824,0.928,-3.5078,-1.5859,-0.207
368964,-0.4514,-0.1826,0.9292,-3.5312,-1.625,-0.1973
368987,-0.4489,-0.181,0.9297,-3.5391,-1.7227,-0.209
369010,-0.4507,-0.1824,0.9285,-3.5312,-1.7969,-0.2305
369033,-0.454,-0.1836,0.9264,-3.5039,-1.9023,-0.2715
369056,-0.4531,-0.1816,0.9285,-3.4707,-1.9805,-0.3125
369079,-0.4512,-0.182,0.9283,-3.4473,-2.0156,-0.3379
369102,-0.454,-0.183,0.9285,-3.4199,-2.0371,-0.3672
369125,-0.4525,-0.182,0.9293,-3.4062,-2.0352,-0.3809
369148,-0.4528,-0.181,0.9282,-3.3945,-2.0176,-0.3945
369171,-0.454,-0.1819,0.9288,-3.3926,-1.9863,-0.3965
369194,-0.4551,-0.1815,0.9276,-3.3965,-1.9648,-0.3926
369217,-0.4509,-0.1813,0.9294,-3.4043,-1.9375,-0.3848
369240,-0.4519,-0.1824,0.9291,-3.4082,-1.9238,-0.375
369263,-0.451,-0.1838,0.9293,-3.4141,-1.9141,-0.3594
369286,-0.4504,-0.181,0.9288,-3.416,-1.9141,-0.3477
369309,-0.4528,-0.1816,0.9285,-3.4199,-1.918,-0.3301
369332,-0.4559,-0.1829,0.9285,-3.4219,-1.9277,-0.3145
369355,-0.4508,-0.1821,0.9257,-3.4219,-1.9336,-0.3086
369378,-0.451,-0.1819,0.9301,-3.4219,-1.9434,-0.3008
369401,-0.4508,-0.1846,0.9321,-3.4199,-1.9473,-0.2988
369424,-0.4539,-0.1823,0.9293,-3.4199,-1.9531,-0.293
369447,-0.453,-0.1814,0.9291,-3.4258,-1.9531,-0.2891
369470,-0.4554,-0.1823,0.9303,-3.4297,-1.9512,-0.2891
369493,-0.4526,-0.183,0.9283,-3.4395,-1.9473,-0.291
369516,-0.4512,-0.1824,0.931,-3.4473,-1.9434,-0.293
369539,-0.4493,-0.1837,0.9308,-3.4551,-1.9395,-0.293
369562,-0.4534,-0.1827,0.9312,-3.4609,-1.9414,-0.2949
369585,-0.4532,-0.1813,0.9293,-3.4629,-1.9473,-0.2949
369608,-0.4556,-0.1809,0.9294,-3.4629,-1.957,-0.2988
369631,-0.4543,-0.1826,0.9294,-3.459,-1.9648,-0.3008
369654,-0.4496,-0.1833,0.9294,-3.4531,-1.9727,-0.3066
369677,-0.4478,-0.1829,0.9323,-3.4473,-1.9746,-0.3105
369700,-0.4521,-0.1829,0.9294,-3.4395,-1.9766,-0.3203
369723,-0.4556,-0.1814,0.9297,-3.4355,-1.9727,-0.3301
369746,-0.4541,-0.1809,0.9292,-3.4336,-1.9688,-0.3379
369769,-0.4514,-0.1818,0.9296,-3.4336,-1.959,-0.3457
369792,-0.4532,-0.1821,0.9292,-3.4336,-1.9512,-0.3516
369815,-0.4508,-0.1823,0.9296,-3.4336,-1.9414,-0.3555
369838,-0.4539,-0.1819,0.9271,-3.4316,-1.9336,-0.3555
369861,-0.4567,-0.1805,0.9282,-3.4316,-1.9277,-0.3535
369884,-0.4552,-0.1809,0.9277,-3.4297,-1.9238,-0.3457
369907,-0.4514,-0.1824,0.9294,-3.4277,-1.9219,-0.3398
369930,-0.451,-0.1837,0.9294,-3.4277,-1.9219,-0.332
369953,-0.4512,-0.184,0.928,-3.4297,-1.9258,-0.3242
369976,-0.4515,-0.1827,0.9299,-3.4336,-1.9297,-0.3203
369999,-0.4561,-0.181,0.9312,-3.4395,-1.9395,-0.3164
370022,-0.4573,-0.182,0.929,-3.4414,-1.9453,-0.3145
370045,-0.4503,-0.1824,0.9302,-3.4434,-1.9551,-0.3105
370068,-0.4479,-0.1826,0.9301,-3.4453,-1.9609,-0.3086
370091,-0.4503,-0.1841,0.9302,-3.4453,-1.9668,-0.3066
370114,-0.4551,-0.1815,0.9293,-3.4473,-1.9707,-0.3105
370137,-0.4574,-0.1809,0.9303,-3.4473,-1.9727,-0.3125
370160,-0.4537,-0.1821,0.9299,-3.4512,-1.9668,-0.3164
370183,-0.4496,-0.183,0.9288,-3.4531,-1.9629,-0.3184
370206,-0.451,-0.1836,0.9277,-3.457,-1.9531,-0.3184
370229,-0.4509,-0.1829,0.9283,-3.459,-1.9453,-0.3184
370252,-0.4562,-0.1802,0.9285,-3.4609,-1.9414,-0.3164
370275,-0.4545,-0.1813,0.9277,-3.4629,-1.9355,-0.3125
370298,-0.4556,-0.1824,0.9286,-3.4648,-1.9316,-0.3105
370321,-0.4481,-0.1837,0.929,-3.4648,-1.9277,-0.3086
370344,-0.4501,-0.1838,0.9296,-3.4648,-1.9316,-0.3125
370367,-0.4521,-0.1824,0.9276,-3.4668,-1.9395,-0.3184
370390,-0.4573,-0.1807,0.9291,-3.4707,-1.9551,-0.3262
370413,-0.4553,-0.1818,0.9282,-3.4746,-1.9648,-0.332
370436,-0.4507,-0.1808,0.929,-3.4785,-1.9746,-0.3379
370459,-0.4534,-0.1836,0.9298,-3.4805,-1.9766,-0.3398
370482,-0.4528,-0.1827,0.9307,-3.4766,-1.9766,-0.3379
370505,-0.4551,-0.1825,0.9288,-3.4687,-1.9727,-0.334
370528,-0.4539,-0.1819,0.9293,-3.4629,-1.9688,-0.3301
370551,-0.4554,-0.1831,0.9277,-3.4512,-1.9648,-0.3242
370574,-0.4518,-0.1819,0.9285,-3.4434,-1.9609,-0.3223
370597,-0.4506,-0.1816,0.9298,-3.4355,-1.959,-0.3184
370620,-0.455,-0.182,0.9288,-3.4316,-1.957,-0.3164
370643,-0.4539,-0.1821,0.9298,-3.4316,-1.9551,-0.3164
370666,-0.4503,-0.1825,0.9285,-3.4336,-1.9531,-0.3203
370689,-0.4525,-0.1835,0.9304,-3.4336,-1.9531,-0.3242
370712,-0.4519,-0.1826,0.9286,-3.4355,-1.9512,-0.3359
370735,-0.454,-0.1823,0.9296,-3.4355,-1.9512,-0.3496
370758,-0.454,-0.1832,0.9309,-3.4336,-1.9512,-0.3613
370781,-0.4569,-0.1824,0.9294,-3.4336,-1.9492,-0.373
370804,-0.4552,-0.182,0.9279,-3.4316,-1.9473,-0.3789
370827,-0.452,-0.1837,0.9293,-3.4316,-1.9453,-0.3828
