timestamp_ms,accX,accY,accZ,gyroX,gyroY,gyroZ
4283,-0.0267,-0.2173,1.0408,-3.5996,-1.4531,-0.2988
4306,-0.0275,-0.2166,1.038,-3.5918,-1.3867,-0.3008
4329,-0.0276,-0.2177,1.0387,-3.584,-1.334,-0.3047
4352,-0.0292,-0.2178,1.04,-3.5703,-1.25,-0.3105
4375,-0.0266,-0.2163,1.0372,-3.5625,-1.1914,-0.3145
4398,-0.0286,-0.2167,1.0398,-3.5566,-1.1074,-0.3223
4421,-0.0283,-0.217,1.0391,-3.5566,-1.0605,-0.3281
4444,-0.028,-0.2174,1.0399,-3.5586,-1.0098,-0.332
4467,-0.0277,-0.2187,1.0411,-3.5625,-0.9883,-0.334
4490,-0.0276,-0.2192,1.0387,-3.5664,-0.9941,-0.3359
4513,-0.0302,-0.2178,1.0393,-3.5703,-1.0273,-0.3359
4536,-0.0278,-0.2189,1.0389,-3.5723,-1.0527,-0.3359
4559,-0.0298,-0.2172,1.0406,-3.5742,-1.0879,-0.334
4582,-0.028,-0.2169,1.0402,-3.5723,-1.1152,-0.332
4605,-0.0284,-0.2159,1.0391,-3.5684,-1.1309,-0.3301
4628,-0.0287,-0.2168,1.0388,-3.5566,-1.1543,-0.3281
4651,-0.0267,-0.2172,1.0394,-3.5488,-1.1738,-0.3262
4674,-0.0275,-0.2173,1.0396,-3.5332,-1.2129,-0.3242
4697,-0.0291,-0.2181,1.0388,-3.5195,-1.2637,-0.3203
4720,-0.0282,-0.2169,1.0397,-3.5098,-1.2949,-0.3184
4743,-0.0287,-0.217,1.0388,-3.5,-1.332,-0.3184
4766,-0.0261,-0.2179,1.0393,-3.4961,-1.3457,-0.3184
4789,-0.0271,-0.2177,1.0391,-3.4883,-1.3574,-0.3203
4812,-0.0277,-0.2179,1.0389,-3.4824,-1.3555,-0.3203
4835,-0.0275,-0.218,1.0396,-3.4766,-1.3418,-0.3203
4858,-0.0278,-0.2174,1.0388,-3.4746,-1.3105,-0.3203
4881,-0.0269,-0.2172,1.0381,-3.4746,-1.2832,-0.3203
4904,-0.0293,-0.2174,1.0411,-3.4766,-1.2344,-0.3184
4927,-0.0306,-0.2169,1.0386,-3.4785,-1.1973,-0.3164
4950,-0.0283,-0.2169,1.0403,-3.4805,-1.1406,-0.3164
4973,-0.0273,-0.2178,1.0402,-3.4844,-1.0918,-0.3145
4996,-0.0289,-0.2172,1.0402,-3.4883,-1.0723,-0.3125
5019,-0.0291,-0.2158,1.0403,-3.498,-1.0664,-0.3125
5042,-0.0277,-0.2159,1.0404,-3.5059,-1.0801,-0.3125
5065,-0.0278,-0.2164,1.0393,-3.5195,-1.1211,-0.3145
5088,-0.0283,-0.2158,1.0421,-3.5332,-1.1797,-0.3184
5111,-0.0281,-0.2177,1.0398,-3.541,-1.2246,-0.3223
5134,-0.0269,-0.2177,1.0399,-3.5469,-1.2871,-0.3281
5157,-0.0287,-0.2174,1.0404,-3.5469,-1.3184,-0.332
5180,-0.0293,-0.2167,1.0408,-3.5469,-1.3438,-0.3379
5203,-0.0269,-0.2174,1.0392,-3.5449,-1.3418,-0.3398
5226,-0.027,-0.2168,1.0385,-3.543,-1.3262,-0.3418
5249,-0.0283,-0.2163,1.0397,-3.543,-1.2891,-0.3418
5272,-0.0277,-0.2178,1.038,-3.5449,-1.2559,-0.3418
5295,-0.027,-0.2173,1.0399,-3.5469,-1.2031,-0.3398
5318,-0.0289,-0.2161,1.0404,-3.5469,-1.166,-0.3398
5341,-0.0272,-0.2173,1.038,-3.5469,-1.1133,-0.3359
5364,-0.0293,-0.2175,1.041,-3.5449,-1.0703,-0.332
5387,-0.028,-0.2181,1.0421,-3.541,-1.0527,-0.3301
5410,-0.0286,-0.2172,1.0389,-3.5352,-1.043,-0.3281
5433,-0.0289,-0.2168,1.0411,-3.5312,-1.0488,-0.3262
5456,-0.0297,-0.2163,1.0403,-3.5234,-1.0703,-0.3242
5479,-0.0271,-0.2152,1.0399,-3.5156,-1.1035,-0.3223
5502,-0.0281,-0.2159,1.0406,-3.5098,-1.1289,-0.3203
5525,-0.0292,-0.2173,1.0393,-3.502,-1.1602,-0.3184
5548,-0.0295,-0.2166,1.0393,-3.5,-1.1738,-0.3164
5571,-0.0283,-0.2169,1.0405,-3.498,-1.1777,-0.3145
5594,-0.0287,-0.2169,1.0387,-3.4961,-1.1777,-0.3105
5617,-0.0286,-0.2163,1.0389,-3.4941,-1.1797,-0.3086
5640,-0.0287,-0.2162,1.038,-3.4883,-1.1816,-0.3066
5663,-0.0291,-0.2166,1.0385,-3.4844,-1.1816,-0.3047
5686,-0.0292,-0.2169,1.0402,-3.4805,-1.1719,-0.3066
5709,-0.0311,-0.2183,1.0403,-3.4805,-1.1621,-0.3105
5732,-0.0297,-0.2184,1.0402,-3.4883,-1.1465,-0.3125
5755,-0.0298,-0.2189,1.04,-3.502,-1.1387,-0.3164
5778,-0.0281,-0.2169,1.0382,-3.5117,-1.1406,-0.3164
5801,-0.0291,-0.214,1.0403,-3.5254,-1.1543,-0.3184
5824,-0.0275,-0.2144,1.038,-3.5293,-1.1641,-0.3184
5847,-0.0275,-0.2159,1.0388,-3.5293,-1.1738,-0.3223
5870,-0.0299,-0.2178,1.0404,-3.5234,-1.1699,-0.3281
5893,-0.0303,-0.2195,1.0402,-3.5215,-1.1602,-0.332
5916,-0.0278,-0.2183,1.0403,-3.5195,-1.1445,-0.3359
5939,-0.0277,-0.2163,1.0385,-3.5215,-1.1348,-0.3359
5962,-0.0304,-0.2152,1.0387,-3.5273,-1.127,-0.3301
5985,-0.0286,-0.2156,1.0372,-3.5312,-1.125,-0.3203
6008,-0.0289,-0.2166,1.0397,-3.5312,-1.123,-0.3125
6031,-0.0312,-0.2189,1.0402,-3.5332,-1.1191,-0.2988
6054,-0.0294,-0.2183,1.0414,-3.5371,-1.1172,-0.291
6077,-0.0293,-0.2185,1.0394,-3.5488,-1.1172,-0.2832
6100,-0.0289,-0.2167,1.0402,-3.5605,-1.127,-0.2812
6123,-0.0294,-0.2162,1.0371,-3.582,-1.1367,-0.2832
6146,-0.0276,-0.2169,1.0393,-3.5996,-1.1484,-0.2891
6169,-0.0287,-0.2168,1.0383,-3.6094,-1.1523,-0.293
6192,-0.0295,-0.2174,1.0386,-3.6133,-1.1582,-0.2988
6215,-0.0291,-0.218,1.0369,-3.6113,-1.1641,-0.3008
6238,-0.0304,-0.2168,1.0387,-3.5996,-1.1777,-0.3066
6261,-0.0288,-0.2174,1.0381,-3.584,-1.1953,-0.3145
6284,-0.0306,-0.2158,1.0383,-3.5703,-1.2031,-0.3223
6307,-0.0283,-0.217,1.0387,-3.5488,-1.2109,-0.332
6330,-0.0286,-0.2167,1.0403,-3.5352,-1.2148,-0.3379
6353,-0.0297,-0.2185,1.0405,-3.5215,-1.2207,-0.3457
6376,-0.0304,-0.2183,1.0399,-3.5156,-1.2305,-0.3516
6399,-0.0303,-0.2169,1.0393,-3.5195,-1.2363,-0.3516
6422,-0.0293,-0.2158,1.0372,-3.5332,-1.2402,-0.3516
6445,-0.0287,-0.2169,1.0376,-3.5449,-1.2344,-0.3477
6468,-0.03,-0.2172,1.0398,-3.5664,-1.2148,-0.3398
6491,-0.0287,-0.2158,1.0405,-3.584,-1.1895,-0.3281
6514,-0.0292,-0.2187,1.0387,-3.5977,-1.1738,-0.3203
6537,-0.03,-0.2173,1.0391,-3.6133,-1.1543,-0.3086
6560,-0.03,-0.2179,1.0388,-3.6211,-1.1426,-0.3027
6583,-0.0292,-0.2173,1.0385,-3.627,-1.1328,-0.2969
6606,-0.0288,-0.2169,1.0396,-3.625,-1.1328,-0.2949
6629,-0.0303,-0.2173,1.0396,-3.6172,-1.1445,-0.2988
6652,-0.0289,-0.217,1.0377,-3.5996,-1.1641,-0.3047
6675,-0.0298,-0.2178,1.0405,-3.5879,-1.1777,-0.3105
6698,-0.0297,-0.2175,1.0406,-3.5703,-1.1953,-0.3203
6721,-0.0286,-0.217,1.0386,-3.5605,-1.209,-0.3262
6744,-0.0303,-0.217,1.0389,-3.5488,-1.2305,-0.3379
6767,-0.0292,-0.2173,1.0386,-3.543,-1.2461,-0.3457
6790,-0.0306,-0.2166,1.0398,-3.541,-1.252,-0.3477
6813,-0.0288,-0.2174,1.0393,-3.5391,-1.252,-0.3496
6836,-0.0287,-0.2177,1.0394,-3.5391,-1.25,-0.3477
6859,-0.03,-0.2185,1.0389,-3.5371,-1.2422,-0.3437
6882,-0.0287,-0.2166,1.0388,-3.5371,-1.2285,-0.3379
6905,-0.028,-0.2173,1.0378,-3.5352,-1.2188,-0.334
6928,-0.0304,-0.2179,1.0408,-3.5371,-1.2051,-0.3262
6951,-0.0293,-0.2164,1.0371,-3.5371,-1.1953,-0.3223
6974,-0.0306,-0.2181,1.0389,-3.5391,-1.1797,-0.3145
6997,-0.0315,-0.219,1.0402,-3.5391,-1.1719,-0.3066
7020,-0.0326,-0.2194,1.0408,-3.541,-1.1582,-0.3027
7043,-0.0328,-0.2191,1.0398,-3.543,-1.1484,-0.2969
7066,-0.0325,-0.2184,1.0406,-3.541,-1.1406,-0.293
7089,-0.0299,-0.2164,1.0385,-3.5352,-1.1309,-0.2871
7112,-0.0291,-0.214,1.0374,-3.5234,-1.127,-0.2832
7135,-0.0298,-0.2146,1.037,-3.4941,-1.125,-0.2812
7158,-0.0292,-0.2158,1.0392,-3.4551,-1.1191,-0.2812
7181,-0.0319,-0.2166,1.0386,-3.4297,-1.1113,-0.2832
7204,-0.0319,-0.2168,1.0385,-3.4004,-1.0977,-0.2871
7227,-0.0302,-0.2192,1.0398,-3.3867,-1.0918,-0.291
7250,-0.0304,-0.2178,1.0366,-3.3828,-1.0938,-0.2969
7273,-0.0304,-0.2151,1.0378,-3.3965,-1.1113,-0.3008
7296,-0.0303,-0.214,1.0366,-3.4121,-1.125,-0.3008
7319,-0.0297,-0.2161,1.0396,-3.4434,-1.1445,-0.2988
7342,-0.0291,-0.2202,1.0399,-3.4687,-1.1543,-0.2969
7365,-0.0314,-0.2181,1.0377,-3.5098,-1.1719,-0.293
7388,-0.0302,-0.2206,1.043,-3.5371,-1.1973,-0.2949
7411,-0.026,-0.2177,1.0398,-3.5762,-1.2129,-0.2969
7434,-0.0317,-0.2191,1.0425,-3.6035,-1.2305,-0.3027
7457,-0.0334,-0.2206,1.0396,-3.6113,-1.2344,-0.3066
7480,-0.0299,-0.2205,1.0415,-3.5977,-1.2207,-0.3086
7503,-0.031,-0.2181,1.0402,-3.5645,-1.1953,-0.3066
7526,-0.0292,-0.2169,1.0385,-3.4805,-1.1348,-0.3027
7549,-0.0356,-0.2135,1.0333,-3.3613,-1.0547,-0.3008
7572,-0.0327,-0.209,1.0372,-3.2676,-0.998,-0.2988
7595,-0.0278,-0.2094,1.0375,-3.1348,-0.918,-0.2988
7618,-0.0284,-0.2148,1.0358,-3.0645,-0.8809,-0.3008
7641,-0.0343,-0.2181,1.041,-3.0078,-0.875,-0.3027
7664,-0.03,-0.2235,1.0414,-3.0195,-0.9316,-0.3066
7687,-0.0272,-0.2185,1.0402,-3.0645,-0.9922,-0.3086
7710,-0.036,-0.2124,1.0377,-3.1641,-1.1016,-0.3086
7733,-0.03,-0.2102,1.0359,-3.2402,-1.1719,-0.3105
7756,-0.0275,-0.2137,1.0385,-3.3496,-1.25,-0.3105
7779,-0.0339,-0.215,1.0392,-3.4375,-1.2813,-0.3125
7802,-0.0338,-0.2206,1.04,-3.4844,-1.2793,-0.3125
7825,-0.03,-0.2196,1.0385,-3.5332,-1.2539,-0.3145
7848,-0.031,-0.2137,1.0378,-3.5527,-1.2266,-0.3164
7871,-0.0334,-0.2118,1.0374,-3.5645,-1.1855,-0.3164
7894,-0.0304,-0.2123,1.0391,-3.5605,-1.1582,-0.3145
7917,-0.0328,-0.2167,1.0381,-3.5371,-1.1152,-0.3125
7940,-0.0341,-0.2179,1.0397,-3.5059,-1.0801,-0.3047
7963,-0.0304,-0.218,1.0403,-3.4863,-1.0645,-0.2988
7986,-0.0306,-0.2137,1.0387,-3.4648,-1.0645,-0.2949
8009,-0.0327,-0.2131,1.0383,-3.4531,-1.0762,-0.293
8032,-0.0292,-0.2134,1.0376,-3.4453,-1.1094,-0.2969
8055,-0.0314,-0.2167,1.0404,-3.4414,-1.1504,-0.3027
8078,-0.0331,-0.2178,1.0399,-3.4414,-1.1758,-0.3066
8101,-0.0339,-0.2169,1.0402,-3.4473,-1.1992,-0.3125
8124,-0.0272,-0.2145,1.0381,-3.4531,-1.2012,-0.3164
8147,-0.0323,-0.2124,1.0387,-3.4629,-1.1914,-0.3203
8170,-0.0337,-0.2126,1.0388,-3.4648,-1.1719,-0.3242
8193,-0.0308,-0.2173,1.0392,-3.4629,-1.1543,-0.3262
8216,-0.0314,-0.2169,1.0387,-3.4551,-1.1289,-0.3301
8239,-0.035,-0.2151,1.04,-3.4492,-1.1191,-0.332
8262,-0.0323,-0.2131,1.0396,-3.4453,-1.1191,-0.334
8285,-0.0314,-0.2145,1.0388,-3.4414,-1.125,-0.3379
8308,-0.0341,-0.2129,1.0391,-3.4355,-1.1406,-0.3398
8331,-0.0305,-0.2153,1.0391,-3.4316,-1.1719,-0.3437
8354,-0.0308,-0.2174,1.0397,-3.4297,-1.2012,-0.3477
8377,-0.0326,-0.2161,1.0392,-3.4355,-1.252,-0.3496
8400,-0.0311,-0.2139,1.0392,-3.4434,-1.2852,-0.3496
8423,-0.0294,-0.2142,1.04,-3.459,-1.332,-0.3457
8446,-0.0322,-0.2141,1.04,-3.4785,-1.3672,-0.3379
8469,-0.0326,-0.2153,1.0402,-3.4883,-1.3789,-0.3301
8492,-0.0289,-0.2173,1.0409,-3.498,-1.3809,-0.3203
8515,-0.03,-0.2159,1.0393,-3.502,-1.373,-0.3145
8538,-0.0309,-0.2136,1.0403,-3.5039,-1.3594,-0.3125
8561,-0.0299,-0.2142,1.0403,-3.5039,-1.3477,-0.3125
8584,-0.0321,-0.2148,1.0405,-3.5039,-1.3359,-0.3125
8607,-0.0323,-0.2152,1.041,-3.5,-1.3164,-0.3164
8630,-0.0311,-0.2158,1.04,-3.4961,-1.3008,-0.3184
8653,-0.0316,-0.2146,1.0377,-3.4941,-1.2773,-0.3223
8676,-0.0311,-0.2134,1.0416,-3.4941,-1.25,-0.3242
8699,-0.0304,-0.2141,1.0396,-3.498,-1.2324,-0.3242
8722,-0.0326,-0.2148,1.0406,-3.5098,-1.2031,-0.3262
8745,-0.0316,-0.2136,1.0403,-3.5176,-1.1875,-0.3242
8768,-0.0325,-0.2144,1.0398,-3.5293,-1.168,-0.3223
8791,-0.0287,-0.2148,1.0417,-3.5332,-1.1602,-0.3203
8814,-0.0319,-0.2141,1.0376,-3.5371,-1.1621,-0.3164
8837,-0.0308,-0.215,1.0382,-3.5312,-1.1777,-0.3145
8860,-0.0295,-0.2148,1.0399,-3.5254,-1.1953,-0.3145
8883,-0.0322,-0.2156,1.0404,-3.5117,-1.2266,-0.3164
8906,-0.0315,-0.2152,1.0405,-3.5039,-1.2461,-0.3203
8929,-0.0317,-0.2145,1.0402,-3.5,-1.2656,-0.3262
8952,-0.0317,-0.2145,1.0405,-3.5039,-1.2695,-0.332
8975,-0.0316,-0.2148,1.0381,-3.5117,-1.2617,-0.3359
8998,-0.0336,-0.2139,1.042,-3.5254,-1.2344,-0.3379
9021,-0.033,-0.2142,1.0409,-3.5332,-1.209,-0.3359
9044,-0.0319,-0.2139,1.0399,-3.5449,-1.1621,-0.3281
9067,-0.0308,-0.215,1.0391,-3.5508,-1.1172,-0.3164
9090,-0.0331,-0.214,1.0396,-3.5508,-1.0977,-0.3086
9113,-0.0323,-0.215,1.0405,-3.5469,-1.082,-0.2969
9136,-0.0297,-0.2152,1.0396,-3.541,-1.0859,-0.291
9159,-0.032,-0.2157,1.0402,-3.5312,-1.1113,-0.2871
9182,-0.0326,-0.215,1.0406,-3.5254,-1.1426,-0.2871
9205,-0.0323,-0.2145,1.0396,-3.5156,-1.2012,-0.2891
9228,-0.0315,-0.2137,1.0396,-3.5098,-1.2656,-0.293
9251,-0.0319,-0.2141,1.0406,-3.5059,-1.3066,-0.2969
9274,-0.0302,-0.2148,1.0402,-3.5059,-1.3652,-0.3027
9297,-0.0311,-0.2144,1.04,-3.5078,-1.4023,-0.3066
9320,-0.0331,-0.2136,1.0397,-3.5137,-1.4375,-0.3125
9343,-0.0331,-0.215,1.041,-3.5254,-1.4316,-0.3145
9366,-0.0326,-0.2148,1.0394,-3.5371,-1.3945,-0.3164
9389,-0.0317,-0.2137,1.0385,-3.5547,-1.2969,-0.3125
9412,-0.031,-0.2139,1.0383,-3.5684,-1.2168,-0.3086
9435,-0.0331,-0.2147,1.0394,-3.5918,-1.0879,-0.2988
9458,-0.0365,-0.2155,1.0389,-3.6172,-0.9434,-0.2871
9481,-0.0337,-0.2162,1.0403,-3.6309,-0.8379,-0.2793
9504,-0.0327,-0.2151,1.0396,-3.6504,-0.6953,-0.2676
9527,-0.0311,-0.2144,1.0385,-3.6582,-0.6328,-0.2637
9550,-0.0311,-0.2139,1.0399,-3.6621,-0.623,-0.2617
9573,-0.0323,-0.2142,1.0399,-3.6602,-0.7051,-0.2656
9596,-0.0336,-0.2151,1.0405,-3.6543,-0.791,-0.2695
9619,-0.0341,-0.2163,1.041,-3.6484,-0.9297,-0.2773
9642,-0.0325,-0.2156,1.0399,-3.6465,-1.0078,-0.2812
9665,-0.032,-0.2148,1.0403,-3.6465,-1.0898,-0.2871
9688,-0.0319,-0.2148,1.0397,-3.6523,-1.1211,-0.2891
9711,-0.0333,-0.2151,1.0404,-3.6641,-1.127,-0.293
9734,-0.0366,-0.215,1.0397,-3.6719,-1.0664,-0.2988
9757,-0.0367,-0.2162,1.0403,-3.6719,-0.9824,-0.3047
9780,-0.0374,-0.2156,1.0404,-3.6582,-0.8047,-0.3125
9803,-0.0337,-0.2158,1.0383,-3.6406,-0.6738,-0.3184
9826,-0.0361,-0.2151,1.0388,-3.6016,-0.5078,-0.3301
9849,-0.0347,-0.2155,1.0405,-3.5566,-0.4316,-0.3418
9872,-0.0353,-0.2153,1.0396,-3.5273,-0.4395,-0.3496
9895,-0.0365,-0.2141,1.0386,-3.4883,-0.5195,-0.3594
9918,-0.0331,-0.215,1.0391,-3.4687,-0.5977,-0.3633
9941,-0.0371,-0.215,1.0394,-3.4453,-0.7148,-0.3633
9964,-0.0372,-0.214,1.0399,-3.4277,-0.7949,-0.3535
9987,-0.0377,-0.2147,1.0378,-3.418,-0.8125,-0.3398
10010,-0.0377,-0.2137,1.0411,-3.4023,-0.7773,-0.3164
10033,-0.0374,-0.2134,1.038,-3.3926,-0.7168,-0.2988
10056,-0.0394,-0.2125,1.0398,-3.3828,-0.584,-0.2754
10079,-0.0394,-0.212,1.0398,-3.3789,-0.4785,-0.2656
10102,-0.0402,-0.2147,1.0404,-3.377,-0.3125,-0.2617
10125,-0.0409,-0.2156,1.0391,-3.3809,-0.1641,-0.2656
10148,-0.0389,-0.2146,1.0399,-3.3887,-0.0957,-0.2715
10171,-0.0403,-0.2144,1.0428,-3.3984,-0.0605,-0.2812
10194,-0.0409,-0.2164,1.0413,-3.4023,-0.082,-0.2871
10217,-0.0413,-0.217,1.0416,-3.4004,-0.1738,-0.293
10240,-0.0396,-0.2161,1.0404,-3.3887,-0.3145,-0.293
10263,-0.0442,-0.2145,1.0399,-3.373,-0.4219,-0.293
10286,-0.0416,-0.2131,1.0387,-3.3437,-0.5762,-0.291
10309,-0.0406,-0.2109,1.0402,-3.3223,-0.6602,-0.2891
10332,-0.04,-0.2101,1.0376,-3.2852,-0.7617,-0.291
10355,-0.0398,-0.2112,1.0405,-3.2539,-0.8418,-0.2969
10378,-0.0425,-0.2151,1.0378,-3.2402,-0.8926,-0.3027
10401,-0.0427,-0.2158,1.0394,-3.2441,-0.959,-0.3105
10424,-0.0427,-0.2187,1.0389,-3.2656,-1.0,-0.3145
10447,-0.0416,-0.2168,1.042,-3.3281,-1.0566,-0.3164
10470,-0.0383,-0.2125,1.0396,-3.3906,-1.0977,-0.3184
10493,-0.0365,-0.2078,1.0372,-3.4961,-1.1836,-0.3203
10516,-0.0396,-0.208,1.0365,-3.5977,-1.3105,-0.3281
10539,-0.0406,-0.2145,1.0383,-3.6523,-1.4199,-0.332
10562,-0.0391,-0.2198,1.0417,-3.707,-1.6074,-0.3398
10585,-0.0402,-0.2184,1.0389,-3.7266,-1.7441,-0.3437
10608,-0.0375,-0.213,1.0378,-3.7402,-1.9453,-0.3496
10631,-0.0365,-0.2097,1.0374,-3.7363,-2.1113,-0.3535
10654,-0.0375,-0.2115,1.0387,-3.7266,-2.1855,-0.3535
10677,-0.0378,-0.215,1.0393,-3.7031,-2.2227,-0.3555
10700,-0.0376,-0.2184,1.0428,-3.6816,-2.1953,-0.3555
10723,-0.0382,-0.2159,1.0402,-3.6445,-2.0762,-0.3535
10746,-0.038,-0.2126,1.0404,-3.5996,-1.8809,-0.3477
10769,-0.0377,-0.2103,1.0397,-3.5625,-1.7246,-0.3418
10792,-0.0376,-0.2123,1.0391,-3.5,-1.4707,-0.3281
10815,-0.0413,-0.2147,1.0404,-3.457,-1.3008,-0.3164
10838,-0.0396,-0.2172,1.0414,-3.4043,-1.0645,-0.2988
10861,-0.0376,-0.2142,1.0398,-3.3848,-0.8828,-0.2852
10884,-0.0385,-0.213,1.0393,-3.3867,-0.8047,-0.2793
10907,-0.0383,-0.2117,1.0402,-3.4199,-0.7559,-0.2773
10930,-0.0404,-0.2142,1.0382,-3.4512,-0.7578,-0.2793
10953,-0.0416,-0.2156,1.0421,-3.498,-0.791,-0.2891
10976,-0.0411,-0.2164,1.0391,-3.5234,-0.8203,-0.2949
10999,-0.0396,-0.2125,1.0394,-3.5566,-0.8633,-0.3008
11022,-0.0385,-0.2129,1.037,-3.582,-0.9082,-0.3008
11045,-0.0414,-0.213,1.0397,-3.5977,-0.9414,-0.2988
11068,-0.0414,-0.2147,1.0398,-3.623,-0.9805,-0.293
11091,-0.0417,-0.2155,1.0398,-3.6387,-0.9941,-0.2891
11114,-0.0409,-0.2148,1.0397,-3.666,-0.9961,-0.2891
11137,-0.0387,-0.2141,1.0404,-3.6934,-0.9844,-0.291
11160,-0.0389,-0.2139,1.0394,-3.709,-0.9766,-0.2969
11183,-0.0415,-0.2144,1.0374,-3.7285,-0.9688,-0.3066
11206,-0.0406,-0.2152,1.04,-3.7344,-0.9629,-0.3145
11229,-0.0399,-0.214,1.0385,-3.7344,-0.9531,-0.3262
11252,-0.0424,-0.2139,1.0416,-3.7246,-0.9512,-0.334
11275,-0.041,-0.2131,1.0398,-3.7148,-0.9609,-0.3359
11298,-0.0388,-0.2145,1.0392,-3.6914,-0.9961,-0.3359
11321,-0.0415,-0.2146,1.0405,-3.6719,-1.0332,-0.334
11344,-0.0421,-0.2147,1.0399,-3.6367,-1.0996,-0.3281
11367,-0.0404,-0.2141,1.0388,-3.6113,-1.1445,-0.3223
11390,-0.0409,-0.2129,1.0391,-3.5684,-1.1992,-0.3164
11413,-0.0399,-0.2142,1.0393,-3.5312,-1.2441,-0.3105
11436,-0.0398,-0.215,1.0406,-3.5078,-1.2656,-0.3066
11459,-0.0413,-0.2156,1.0386,-3.4805,-1.2813,-0.3027
11482,-0.0415,-0.2142,1.0403,-3.4668,-1.2793,-0.3027
11505,-0.0405,-0.2145,1.0387,-3.4531,-1.2559,-0.3047
11528,-0.0399,-0.2126,1.0391,-3.4395,-1.2305,-0.3066
11551,-0.04,-0.214,1.04,-3.4238,-1.2207,-0.3105
11574,-0.0389,-0.2135,1.0408,-3.3887,-1.2285,-0.3164
11597,-0.04,-0.2135,1.0416,-3.3594,-1.252,-0.3203
11620,-0.0404,-0.2146,1.04,-3.3145,-1.3047,-0.3203
11643,-0.0397,-0.2129,1.0393,-3.2793,-1.3633,-0.3164
11666,-0.0389,-0.2137,1.0397,-3.2695,-1.3965,-0.3105
11689,-0.0393,-0.2144,1.0398,-3.2773,-1.4277,-0.3027
11712,-0.0403,-0.2146,1.04,-3.2988,-1.4316,-0.2949
11735,-0.0422,-0.2131,1.0386,-3.3477,-1.3984,-0.2832
11758,-0.0402,-0.2136,1.0419,-3.3867,-1.293,-0.2734
11781,-0.0433,-0.2139,1.0389,-3.4414,-1.1797,-0.2656
11804,-0.0431,-0.2131,1.0409,-3.4902,-0.9727,-0.2598
11827,-0.0422,-0.2136,1.0388,-3.5156,-0.8262,-0.2578
11850,-0.0417,-0.2136,1.0404,-3.5508,-0.6309,-0.2637
11873,-0.0422,-0.213,1.04,-3.5742,-0.5371,-0.2715
11896,-0.0413,-0.2134,1.0385,-3.6055,-0.4727,-0.291
11919,-0.0419,-0.2146,1.0405,-3.6328,-0.5098,-0.3164
11942,-0.0426,-0.2142,1.0396,-3.6484,-0.5879,-0.332
11965,-0.042,-0.2135,1.0403,-3.6582,-0.7617,-0.3516
11988,-0.042,-0.213,1.0382,-3.6543,-0.9023,-0.3613
12011,-0.0435,-0.213,1.0389,-3.627,-1.1152,-0.3652
12034,-0.0416,-0.2129,1.0396,-3.584,-1.291,-0.3594
12057,-0.0424,-0.2146,1.0411,-3.5508,-1.3789,-0.3496
12080,-0.0415,-0.2134,1.0426,-3.5039,-1.4668,-0.334
12103,-0.0409,-0.2137,1.0389,-3.4805,-1.498,-0.3242
12126,-0.0411,-0.2145,1.0409,-3.4648,-1.5176,-0.3145
12149,-0.0415,-0.214,1.0389,-3.4766,-1.5098,-0.3105
12172,-0.0421,-0.2133,1.0406,-3.498,-1.4863,-0.3105
12195,-0.0411,-0.2141,1.0397,-3.5449,-1.4277,-0.3125
12218,-0.0436,-0.2139,1.0392,-3.5801,-1.3672,-0.3145
12241,-0.042,-0.2141,1.0411,-3.6328,-1.248,-0.3164
12264,-0.0417,-0.2139,1.0382,-3.6602,-1.1563,-0.3164
12287,-0.043,-0.2141,1.0417,-3.6816,-1.0234,-0.3203
12310,-0.0424,-0.2131,1.0404,-3.6738,-0.9219,-0.3242
12333,-0.0419,-0.2141,1.0417,-3.6543,-0.8848,-0.3301
12356,-0.0421,-0.2139,1.0424,-3.6094,-0.8848,-0.3398
12379,-0.0425,-0.2135,1.0396,-3.5742,-0.9141,-0.3477
12402,-0.0424,-0.2133,1.0402,-3.5195,-0.9863,-0.3574
12425,-0.0432,-0.213,1.0402,-3.4727,-1.0625,-0.3613
12448,-0.0426,-0.2151,1.0383,-3.4473,-1.1035,-0.3613
12471,-0.0427,-0.214,1.0408,-3.4238,-1.1465,-0.3574
12494,-0.0437,-0.2139,1.0396,-3.4219,-1.166,-0.3535
12517,-0.0426,-0.2134,1.0409,-3.4316,-1.1836,-0.3516
12540,-0.0433,-0.2133,1.0391,-3.459,-1.1992,-0.3516
12563,-0.042,-0.2131,1.0397,-3.4805,-1.2109,-0.3516
12586,-0.0426,-0.2139,1.04,-3.5156,-1.2246,-0.3535
12609,-0.0447,-0.2141,1.0387,-3.5352,-1.2285,-0.3535
12632,-0.0437,-0.2126,1.0409,-3.5586,-1.2188,-0.3516
12655,-0.0432,-0.2139,1.0371,-3.5684,-1.1992,-0.3477
12678,-0.0422,-0.214,1.0391,-3.5781,-1.1641,-0.3418
12701,-0.0428,-0.2131,1.0402,-3.584,-1.1328,-0.332
12724,-0.0419,-0.2145,1.0402,-3.5879,-1.1191,-0.3242
12747,-0.0424,-0.2137,1.0389,-3.5937,-1.1152,-0.3145
12770,-0.0426,-0.2136,1.0385,-3.5977,-1.1211,-0.3066
12793,-0.0431,-0.214,1.0388,-3.5996,-1.1289,-0.2949
12816,-0.0435,-0.2141,1.0397,-3.5957,-1.1309,-0.2852
12839,-0.0426,-0.2139,1.0391,-3.5879,-1.123,-0.2793
12862,-0.0442,-0.2141,1.0399,-3.5742,-1.1074,-0.2734
12885,-0.0422,-0.2136,1.0385,-3.5625,-1.0938,-0.2715
12908,-0.0438,-0.2131,1.0387,-3.5449,-1.0781,-0.2754
12931,-0.0417,-0.2139,1.04,-3.5293,-1.0664,-0.2852
12954,-0.0425,-0.2136,1.0405,-3.5234,-1.0625,-0.293
12977,-0.0427,-0.2133,1.0406,-3.5176,-1.0625,-0.3066
13000,-0.0443,-0.2135,1.0388,-3.5176,-1.0645,-0.3125
13023,-0.0427,-0.2131,1.0381,-3.5195,-1.0684,-0.3164
13046,-0.0443,-0.2136,1.0383,-3.5234,-1.0762,-0.3164
13069,-0.0424,-0.2135,1.0388,-3.5312,-1.082,-0.3145
13092,-0.0433,-0.2145,1.0376,-3.543,-1.0898,-0.3105
13115,-0.043,-0.2139,1.0409,-3.5527,-1.0918,-0.3105
13138,-0.0436,-0.2134,1.0397,-3.5664,-1.0918,-0.3105
13161,-0.0436,-0.214,1.0383,-3.5762,-1.0898,-0.3145
13184,-0.0432,-0.2135,1.0405,-3.5898,-1.0918,-0.3184
13207,-0.0443,-0.2131,1.0394,-3.5996,-1.1035,-0.3242
13230,-0.0448,-0.213,1.0383,-3.6035,-1.1152,-0.3281
13253,-0.0441,-0.2128,1.0385,-3.6055,-1.1348,-0.332
13276,-0.0428,-0.2128,1.038,-3.6074,-1.1484,-0.334
13299,-0.045,-0.2136,1.0399,-3.6094,-1.168,-0.3379
13322,-0.0435,-0.2136,1.0388,-3.6133,-1.1797,-0.3398
13345,-0.0453,-0.214,1.0405,-3.6172,-1.1797,-0.3398
13368,-0.0452,-0.2139,1.038,-3.6211,-1.1719,-0.3398
13391,-0.0432,-0.2151,1.0409,-3.623,-1.1641,-0.3398
13414,-0.0441,-0.2131,1.0396,-3.623,-1.1543,-0.3379
13437,-0.0443,-0.2133,1.0394,-3.6172,-1.1543,-0.334
13460,-0.0428,-0.214,1.0389,-3.6094,-1.1563,-0.332
13483,-0.0436,-0.2145,1.0398,-3.5957,-1.1621,-0.3281
13506,-0.0435,-0.2145,1.0403,-3.584,-1.1641,-0.3242
13529,-0.0441,-0.2146,1.0394,-3.5664,-1.168,-0.3203
13552,-0.0448,-0.2146,1.041,-3.5566,-1.168,-0.3164
13575,-0.0449,-0.2145,1.0387,-3.5449,-1.1641,-0.3164
13598,-0.0452,-0.214,1.0398,-3.5391,-1.1602,-0.3203
13621,-0.0431,-0.2142,1.0396,-3.5391,-1.1582,-0.3223
13644,-0.0447,-0.2157,1.0404,-3.541,-1.1621,-0.3262
13667,-0.0463,-0.2141,1.0387,-3.543,-1.168,-0.3281
13690,-0.0447,-0.2142,1.0381,-3.5488,-1.1758,-0.332
13713,-0.0433,-0.214,1.0385,-3.5547,-1.1816,-0.334
13736,-0.0439,-0.2137,1.0399,-3.5566,-1.1836,-0.334
13759,-0.0447,-0.2144,1.0366,-3.5586,-1.1836,-0.3359
13782,-0.0446,-0.2148,1.042,-3.5586,-1.1836,-0.3379
13805,-0.0441,-0.214,1.0388,-3.5586,-1.1797,-0.3418
13828,-0.043,-0.2131,1.0393,-3.5586,-1.1738,-0.3437
13851,-0.0458,-0.2142,1.0371,-3.5586,-1.1699,-0.3437
13874,-0.0442,-0.2142,1.0406,-3.5566,-1.1641,-0.3418
13897,-0.045,-0.2133,1.0385,-3.5547,-1.1602,-0.3398
13920,-0.0452,-0.2148,1.0393,-3.5527,-1.1484,-0.334
13943,-0.0439,-0.2144,1.0389,-3.5508,-1.1387,-0.3281
13966,-0.0452,-0.2133,1.0405,-3.5469,-1.1309,-0.3242
13989,-0.0465,-0.2142,1.0387,-3.543,-1.1152,-0.3184
14012,-0.0435,-0.2133,1.041,-3.5391,-1.1016,-0.3145
14035,-0.0428,-0.2136,1.0383,-3.5312,-1.0781,-0.3125
14058,-0.0488,-0.2142,1.04,-3.5254,-1.0645,-0.3125
14081,-0.0446,-0.2136,1.0389,-3.5176,-1.0469,-0.3125
14104,-0.0454,-0.2142,1.0389,-3.5156,-1.0254,-0.3125
14127,-0.0459,-0.2145,1.0389,-3.5156,-1.0156,-0.3125
14150,-0.0448,-0.2136,1.0405,-3.5254,-1.0059,-0.3145
14173,-0.0472,-0.214,1.0394,-3.5352,-1.0059,-0.3184
14196,-0.0471,-0.214,1.0402,-3.5508,-1.0195,-0.3281
14219,-0.0442,-0.2141,1.0396,-3.5625,-1.0352,-0.3379
14242,-0.0442,-0.2141,1.0383,-3.5684,-1.0469,-0.3437
14265,-0.0459,-0.2144,1.0385,-3.5742,-1.0625,-0.3477
14288,-0.0452,-0.2139,1.0382,-3.5742,-1.0762,-0.3477
14311,-0.0457,-0.2135,1.0385,-3.5723,-1.0977,-0.3418
14334,-0.047,-0.214,1.0394,-3.5703,-1.1191,-0.332
14357,-0.0444,-0.2148,1.0394,-3.5664,-1.1289,-0.3242
14380,-0.0437,-0.214,1.0392,-3.5586,-1.1367,-0.3145
14403,-0.047,-0.2141,1.0385,-3.5527,-1.1387,-0.3066
14426,-0.0452,-0.2141,1.0396,-3.543,-1.1387,-0.2988
14449,-0.0442,-0.2141,1.038,-3.5371,-1.1328,-0.293
14472,-0.0466,-0.2135,1.0386,-3.5312,-1.123,-0.2832
14495,-0.0466,-0.2135,1.0393,-3.5273,-1.1133,-0.2734
14518,-0.0469,-0.2131,1.0397,-3.5273,-1.1094,-0.2676
14541,-0.0472,-0.2133,1.0394,-3.5273,-1.1074,-0.2656
14564,-0.0472,-0.2139,1.0405,-3.5293,-1.1113,-0.2656
14587,-0.0457,-0.2145,1.0415,-3.5293,-1.123,-0.2715
14610,-0.046,-0.2135,1.0381,-3.5293,-1.1367,-0.2793
14633,-0.0466,-0.2137,1.0361,-3.5273,-1.1445,-0.2852
14656,-0.0464,-0.2141,1.0425,-3.5215,-1.1504,-0.293
14679,-0.0443,-0.2135,1.0376,-3.5156,-1.1484,-0.2969
14702,-0.0502,-0.2123,1.0402,-3.5039,-1.1426,-0.3027
14725,-0.0476,-0.2135,1.0392,-3.4902,-1.1309,-0.3066
14748,-0.0436,-0.215,1.0399,-3.4863,-1.1211,-0.3066
14771,-0.0488,-0.2134,1.0385,-3.4863,-1.1035,-0.3066
14794,-0.0483,-0.2131,1.0386,-3.4902,-1.0918,-0.3047
14817,-0.0436,-0.2134,1.0389,-3.502,-1.0781,-0.3027
14840,-0.0485,-0.2139,1.0369,-3.5117,-1.0684,-0.3008
14863,-0.048,-0.2139,1.0396,-3.5234,-1.0527,-0.2988
14886,-0.0447,-0.2144,1.0372,-3.5312,-1.0352,-0.2949
14909,-0.0465,-0.2131,1.0398,-3.5293,-1.0254,-0.293
14932,-0.0469,-0.2118,1.04,-3.5176,-1.0215,-0.2891
14955,-0.0468,-0.2133,1.04,-3.5059,-1.0254,-0.2891
14978,-0.0469,-0.2131,1.0396,-3.4883,-1.043,-0.2891
15001,-0.0474,-0.2133,1.0369,-3.4746,-1.0684,-0.291
15024,-0.045,-0.2145,1.0387,-3.4668,-1.0879,-0.293
15047,-0.0464,-0.2136,1.041,-3.4648,-1.1191,-0.2969
15070,-0.0485,-0.2128,1.0388,-3.4668,-1.1387,-0.2988
15093,-0.0466,-0.2135,1.041,-3.4746,-1.1602,-0.3027
15116,-0.0457,-0.2139,1.0397,-3.4863,-1.166,-0.3086
15139,-0.0492,-0.2137,1.0394,-3.4961,-1.1602,-0.3105
15162,-0.0477,-0.2133,1.0391,-3.5137,-1.1426,-0.3086
15185,-0.0453,-0.2122,1.0397,-3.5254,-1.127,-0.3047
15208,-0.0485,-0.214,1.0398,-3.5449,-1.1016,-0.2988
15231,-0.0469,-0.2136,1.0394,-3.5566,-1.0801,-0.293
15254,-0.0461,-0.2142,1.0381,-3.5684,-1.0703,-0.2891
15277,-0.048,-0.2131,1.0397,-3.5723,-1.0645,-0.2871
15300,-0.0479,-0.213,1.0399,-3.5703,-1.0703,-0.2891
15323,-0.0461,-0.2134,1.0376,-3.5703,-1.0918,-0.2949
15346,-0.0504,-0.2144,1.0428,-3.5703,-1.1113,-0.3008
15369,-0.0415,-0.212,1.0349,-3.5781,-1.1445,-0.3105
15392,-0.0472,-0.2137,1.0403,-3.5918,-1.1797,-0.3203
15415,-0.0503,-0.213,1.0409,-3.6016,-1.1992,-0.3262
15438,-0.045,-0.214,1.0385,-3.6133,-1.2188,-0.332
15461,-0.0468,-0.2142,1.0383,-3.6191,-1.2207,-0.334
15484,-0.05,-0.2136,1.0406,-3.623,-1.2129,-0.332
15507,-0.0457,-0.212,1.0409,-3.623,-1.2012,-0.3281
15530,-0.0476,-0.2136,1.0411,-3.6191,-1.1953,-0.3242
15553,-0.05,-0.213,1.0389,-3.6113,-1.1973,-0.3184
15576,-0.0471,-0.2141,1.0375,-3.6035,-1.2012,-0.3145
15599,-0.0452,-0.2136,1.0382,-3.5957,-1.2109,-0.3105
15622,-0.0476,-0.2126,1.0397,-3.5918,-1.2207,-0.3105
15645,-0.0468,-0.2124,1.0393,-3.5937,-1.2285,-0.3105
15668,-0.046,-0.2145,1.0406,-3.6035,-1.2344,-0.3145
15691,-0.0488,-0.2136,1.0381,-3.6094,-1.2305,-0.3164
15714,-0.0499,-0.2135,1.0381,-3.6172,-1.2129,-0.3223
15737,-0.0454,-0.214,1.0393,-3.6172,-1.1914,-0.3262
15760,-0.0491,-0.2135,1.0383,-3.6113,-1.1523,-0.3301
15783,-0.0498,-0.2123,1.0348,-3.5996,-1.1074,-0.334
15806,-0.0449,-0.2135,1.04,-3.5898,-1.0762,-0.3359
15829,-0.0515,-0.2164,1.0463,-3.5801,-1.0391,-0.3379
15852,-0.0437,-0.2089,1.0331,-3.5762,-1.0273,-0.3398
15875,-0.0464,-0.2147,1.0408,-3.5762,-1.0293,-0.3437
15898,-0.0464,-0.2153,1.0416,-3.5801,-1.0488,-0.3437
15921,-0.049,-0.2118,1.0374,-3.584,-1.0684,-0.3418
15944,-0.0485,-0.2141,1.038,-3.5937,-1.1035,-0.3359
15967,-0.045,-0.2169,1.0404,-3.5996,-1.125,-0.3301
15990,-0.0481,-0.212,1.04,-3.6113,-1.1543,-0.3203
16013,-0.0486,-0.2119,1.0396,-3.6211,-1.1816,-0.3125
16036,-0.0474,-0.2123,1.0377,-3.627,-1.1934,-0.3066
16059,-0.0502,-0.2087,1.037,-3.6289,-1.1992,-0.3008
16082,-0.0494,-0.2153,1.0415,-3.627,-1.1895,-0.2988
16105,-0.0519,-0.2164,1.041,-3.6113,-1.1582,-0.3027
16128,-0.0542,-0.2159,1.0402,-3.5957,-1.1309,-0.3105
16151,-0.0531,-0.2158,1.0381,-3.5625,-1.0879,-0.3184
16174,-0.0458,-0.2169,1.0428,-3.5098,-1.0469,-0.332
16197,-0.0468,-0.2101,1.0366,-3.4609,-1.0234,-0.3398
16220,-0.0543,-0.2062,1.0366,-3.3691,-0.9922,-0.3477
16243,-0.0505,-0.209,1.0382,-3.3008,-0.9727,-0.3477
16266,-0.0468,-0.2147,1.0405,-3.2051,-0.9473,-0.332
16289,-0.0544,-0.2159,1.0425,-3.1562,-0.9531,-0.3027
16312,-0.0504,-0.2173,1.0425,-3.1602,-0.9785,-0.2793
16335,-0.0455,-0.214,1.0387,-3.2246,-1.0371,-0.2461
16358,-0.0511,-0.2085,1.035,-3.3125,-1.0898,-0.2285
16381,-0.0447,-0.2112,1.0398,-3.5,-1.1855,-0.2148
16404,-0.0466,-0.2148,1.0409,-3.7168,-1.2813,-0.2207
16427,-0.0513,-0.2173,1.041,-3.8496,-1.332,-0.2344
16450,-0.0497,-0.2173,1.0406,-4.0059,-1.377,-0.2695
16473,-0.0417,-0.2113,1.0367,-4.0859,-1.3984,-0.3027
16496,-0.0469,-0.2126,1.0386,-4.1855,-1.4492,-0.3613
16519,-0.045,-0.2148,1.0394,-4.2383,-1.5371,-0.4219
16542,-0.0443,-0.2197,1.0427,-4.2793,-1.6055,-0.4531
16565,-0.0472,-0.2151,1.0404,-4.25,-1.6953,-0.4805
16588,-0.0464,-0.2152,1.0414,-4.1836,-1.7305,-0.4844
16611,-0.042,-0.2104,1.0389,-4.0215,-1.7148,-0.4648
16634,-0.0493,-0.2135,1.0396,-3.8945,-1.6504,-0.4414
16657,-0.0503,-0.2157,1.0398,-3.709,-1.4688,-0.4023
16680,-0.0446,-0.2202,1.0405,-3.582,-1.2012,-0.3672
16703,-0.0566,-0.2144,1.0381,-3.5391,-1.0,-0.3496
16726,-0.0518,-0.2124,1.0411,-3.5254,-0.6738,-0.3262
16749,-0.0527,-0.2124,1.0381,-3.5312,-0.4531,-0.3125
16772,-0.0443,-0.2113,1.0391,-3.543,-0.1973,-0.2969
16795,-0.0458,-0.219,1.0426,-3.543,-0.1816,-0.2891
16818,-0.045,-0.2168,1.0416,-3.5352,-0.3535,-0.2891
16841,-0.0481,-0.2167,1.0391,-3.5234,-0.8535,-0.3008
16864,-0.0382,-0.2115,1.0363,-3.5254,-1.2969,-0.3125
16887,-0.0405,-0.2148,1.0385,-3.5488,-2.0215,-0.3379
16910,-0.0459,-0.2142,1.0398,-3.6016,-2.6641,-0.3633
16933,-0.0454,-0.2166,1.0366,-3.6426,-2.9687,-0.375
16956,-0.0449,-0.2156,1.0392,-3.6992,-3.1621,-0.3828
16979,-0.047,-0.2147,1.0399,-3.7227,-3.1055,-0.3809
17002,-0.0447,-0.2148,1.04,-3.7246,-2.7773,-0.3672
17025,-0.0437,-0.2145,1.0388,-3.7031,-2.4492,-0.3477
17048,-0.0465,-0.2134,1.0396,-3.6465,-1.8945,-0.334
17071,-0.0463,-0.2151,1.0402,-3.582,-1.3867,-0.3164
17094,-0.0411,-0.2164,1.0375,-3.5469,-1.123,-0.3086
17117,-0.0465,-0.2141,1.0396,-3.5117,-0.8711,-0.3027
17140,-0.0468,-0.2142,1.037,-3.502,-0.8027,-0.3027
17163,-0.0425,-0.2153,1.0388,-3.5078,-0.8125,-0.3105
17186,-0.0463,-0.2163,1.0411,-3.5273,-0.9102,-0.3242
17209,-0.0468,-0.215,1.0406,-3.5488,-0.9941,-0.334
17232,-0.0442,-0.2159,1.0385,-3.5859,-1.1113,-0.3477
17255,-0.0457,-0.2151,1.0385,-3.6094,-1.1641,-0.3535
17278,-0.0436,-0.2145,1.0397,-3.6289,-1.1992,-0.3574
17301,-0.0454,-0.2156,1.0416,-3.625,-1.1895,-0.3516
17324,-0.043,-0.2133,1.0406,-3.6113,-1.166,-0.3437
17347,-0.0505,-0.2156,1.0402,-3.5742,-1.1016,-0.3301
17370,-0.0441,-0.2151,1.0397,-3.5449,-1.043,-0.3223
17393,-0.0463,-0.2157,1.0415,-3.502,-0.957,-0.3125
17416,-0.0452,-0.2152,1.0403,-3.4805,-0.9102,-0.3105
17439,-0.0449,-0.2161,1.0408,-3.4668,-0.916,-0.3125
17462,-0.0431,-0.2156,1.04,-3.4746,-0.9766,-0.3203
17485,-0.0468,-0.2141,1.0391,-3.4922,-1.0449,-0.3242
17508,-0.0469,-0.2137,1.0388,-3.5234,-1.1602,-0.3301
17531,-0.0452,-0.2158,1.0421,-3.5449,-1.2285,-0.332
17554,-0.0471,-0.2156,1.0403,-3.5723,-1.2949,-0.3281
17577,-0.0444,-0.2152,1.0396,-3.5918,-1.3066,-0.3184
17600,-0.045,-0.2157,1.0405,-3.5977,-1.2871,-0.3105
17623,-0.0454,-0.2141,1.0403,-3.5937,-1.2305,-0.2988
17646,-0.0463,-0.2148,1.0405,-3.582,-1.1816,-0.293
17669,-0.0449,-0.2147,1.0405,-3.5586,-1.1055,-0.2871
17692,-0.0466,-0.2151,1.0393,-3.5293,-1.041,-0.2891
17715,-0.0465,-0.2135,1.0378,-3.5137,-1.0078,-0.2891
17738,-0.0461,-0.215,1.0397,-3.4961,-0.9785,-0.293
17761,-0.0465,-0.2139,1.0408,-3.4922,-0.9727,-0.293
17784,-0.0466,-0.2147,1.04,-3.4961,-0.9824,-0.2949
17807,-0.0454,-0.2151,1.0404,-3.5098,-1.0078,-0.2969
17830,-0.0463,-0.2161,1.0386,-3.5234,-1.0293,-0.2969
17853,-0.0459,-0.2145,1.038,-3.5527,-1.0645,-0.2988
17876,-0.0471,-0.2146,1.0389,-3.5723,-1.0859,-0.3008
17899,-0.0477,-0.2146,1.0378,-3.5977,-1.1055,-0.3047
17922,-0.0487,-0.2144,1.0378,-3.6094,-1.1074,-0.3047
17945,-0.047,-0.2144,1.0371,-3.6172,-1.0898,-0.3047
17968,-0.0468,-0.2156,1.0403,-3.6113,-1.0605,-0.3047
17991,-0.0469,-0.2146,1.0394,-3.6016,-1.043,-0.3086
18014,-0.0476,-0.2157,1.0383,-3.5859,-1.0254,-0.3145
18037,-0.0461,-0.2159,1.0393,-3.5742,-1.0254,-0.3184
18060,-0.0471,-0.2152,1.0391,-3.5586,-1.0449,-0.3223
18083,-0.0466,-0.215,1.0404,-3.5508,-1.0859,-0.3203
18106,-0.0464,-0.2152,1.04,-3.5488,-1.1191,-0.3184
18129,-0.0497,-0.2137,1.0402,-3.5527,-1.1699,-0.3145
18152,-0.0491,-0.2137,1.0385,-3.5547,-1.1934,-0.3125
18175,-0.0471,-0.2155,1.0392,-3.5586,-1.209,-0.3125
18198,-0.0475,-0.2155,1.0391,-3.5566,-1.2051,-0.3125
18221,-0.0485,-0.2153,1.0392,-3.5547,-1.1934,-0.3125
18244,-0.0486,-0.2146,1.0402,-3.5508,-1.1641,-0.3086
18267,-0.0449,-0.2148,1.0396,-3.5508,-1.1465,-0.3047
18290,-0.0471,-0.2139,1.0389,-3.5527,-1.1309,-0.2969
18313,-0.0482,-0.215,1.0391,-3.5586,-1.1348,-0.291
18336,-0.0472,-0.2156,1.0392,-3.5703,-1.1543,-0.2891
18359,-0.0469,-0.2158,1.037,-3.584,-1.1797,-0.2852
18382,-0.0472,-0.2153,1.0386,-3.5937,-1.1953,-0.2852
18405,-0.0475,-0.2151,1.0388,-3.6055,-1.2109,-0.2852
18428,-0.0468,-0.2158,1.0398,-3.6113,-1.2168,-0.2852
18451,-0.0492,-0.2157,1.0385,-3.6191,-1.2227,-0.2891
18474,-0.046,-0.2157,1.0375,-3.623,-1.2266,-0.2949
18497,-0.0477,-0.2155,1.0385,-3.623,-1.2324,-0.3008
18520,-0.0475,-0.2136,1.0397,-3.6211,-1.2422,-0.3125
18543,-0.0485,-0.2148,1.0408,-3.6172,-1.2461,-0.3203
18566,-0.0463,-0.2146,1.0391,-3.6133,-1.248,-0.3281
18589,-0.0476,-0.2156,1.0382,-3.6113,-1.2461,-0.332
18612,-0.0463,-0.2148,1.0383,-3.6074,-1.248,-0.332
18635,-0.0472,-0.2151,1.0398,-3.6035,-1.2539,-0.332
18658,-0.047,-0.2158,1.0387,-3.5996,-1.2617,-0.3281
18681,-0.0471,-0.2152,1.0372,-3.5918,-1.2754,-0.3223
18704,-0.047,-0.2151,1.0394,-3.5859,-1.2949,-0.3145
18727,-0.047,-0.2148,1.0393,-3.5781,-1.3105,-0.3086
18750,-0.0474,-0.2148,1.0391,-3.5723,-1.3281,-0.2988
18773,-0.0454,-0.2153,1.0411,-3.5684,-1.3359,-0.293
18796,-0.0468,-0.2153,1.0389,-3.5664,-1.334,-0.2832
18819,-0.0458,-0.2155,1.0372,-3.5645,-1.3262,-0.2773
18842,-0.046,-0.2141,1.0398,-3.5625,-1.3047,-0.2734
18865,-0.0463,-0.2147,1.0398,-3.5605,-1.2773,-0.2734
18888,-0.048,-0.2158,1.0376,-3.5586,-1.2559,-0.2773
18911,-0.0457,-0.214,1.0392,-3.5586,-1.2305,-0.2852
18934,-0.0471,-0.2156,1.0403,-3.5566,-1.2207,-0.291
18957,-0.046,-0.2161,1.0386,-3.5586,-1.2207,-0.3008
18980,-0.0457,-0.2155,1.0378,-3.5566,-1.2324,-0.3086
19003,-0.0465,-0.2164,1.0408,-3.5566,-1.2422,-0.3125
19026,-0.0459,-0.2153,1.0398,-3.5527,-1.248,-0.3145
19049,-0.0458,-0.2158,1.0403,-3.5508,-1.2441,-0.3125
19072,-0.0461,-0.2147,1.0397,-3.5488,-1.2246,-0.3105
19095,-0.0469,-0.2151,1.0383,-3.5488,-1.1953,-0.3066
19118,-0.0475,-0.2142,1.0414,-3.5508,-1.1758,-0.3027
19141,-0.0461,-0.2163,1.0397,-3.5547,-1.1543,-0.2949
19164,-0.0455,-0.2144,1.0409,-3.5586,-1.1465,-0.2891
19187,-0.0455,-0.214,1.0382,-3.5664,-1.1504,-0.2832
19210,-0.0466,-0.2166,1.0416,-3.5703,-1.1621,-0.2793
19233,-0.0457,-0.2148,1.0396,-3.5762,-1.1934,-0.2793
19256,-0.0463,-0.2157,1.0398,-3.5781,-1.2266,-0.2832
19279,-0.0466,-0.2152,1.0396,-3.5762,-1.2441,-0.2891
19302,-0.0476,-0.2145,1.0396,-3.5723,-1.2578,-0.2969
19325,-0.0463,-0.2137,1.0364,-3.5645,-1.2539,-0.3008
19348,-0.0466,-0.2153,1.0392,-3.5488,-1.2363,-0.3086
19371,-0.0449,-0.2147,1.0411,-3.5332,-1.2129,-0.3145
19394,-0.0474,-0.2151,1.0386,-3.5254,-1.1992,-0.3145
19417,-0.0465,-0.215,1.0404,-3.5156,-1.1875,-0.3145
19440,-0.0452,-0.2148,1.0405,-3.5137,-1.1836,-0.3125
19463,-0.0468,-0.2148,1.0403,-3.5137,-1.1797,-0.3086
19486,-0.047,-0.2156,1.0408,-3.5215,-1.1836,-0.3027
19509,-0.0474,-0.2155,1.0417,-3.5273,-1.1855,-0.3008
19532,-0.0464,-0.2152,1.0388,-3.5371,-1.1855,-0.2969
19555,-0.0455,-0.2152,1.0399,-3.543,-1.1855,-0.2949
19578,-0.0468,-0.2146,1.04,-3.5488,-1.1875,-0.2969
19601,-0.0459,-0.215,1.0402,-3.5527,-1.1914,-0.2988
19624,-0.0474,-0.2155,1.04,-3.5508,-1.2012,-0.3027
19647,-0.0466,-0.2164,1.0405,-3.5469,-1.2129,-0.3086
19670,-0.0468,-0.215,1.0394,-3.541,-1.2207,-0.3086
19693,-0.0455,-0.2141,1.0414,-3.5293,-1.2324,-0.3086
19716,-0.0458,-0.2146,1.0389,-3.5195,-1.2441,-0.3086
19739,-0.0465,-0.2163,1.0414,-3.502,-1.2617,-0.3066
19762,-0.0461,-0.2151,1.0394,-3.4863,-1.2793,-0.3047
19785,-0.0457,-0.2151,1.0381,-3.4785,-1.2871,-0.3047
19808,-0.0459,-0.2144,1.0406,-3.4687,-1.293,-0.3008
19831,-0.0449,-0.2144,1.0397,-3.4648,-1.2949,-0.2988
19854,-0.0455,-0.2144,1.0388,-3.4609,-1.2949,-0.293
19877,-0.0454,-0.215,1.04,-3.457,-1.293,-0.2891
19900,-0.0448,-0.2145,1.0403,-3.4551,-1.293,-0.2871
19923,-0.0455,-0.2145,1.0397,-3.4531,-1.2891,-0.2852
19946,-0.0463,-0.2153,1.0382,-3.4551,-1.2852,-0.2852
19969,-0.0472,-0.2134,1.0406,-3.4629,-1.2695,-0.2871
19992,-0.0443,-0.2153,1.0383,-3.4707,-1.2539,-0.2871
20015,-0.0458,-0.2139,1.0405,-3.4902,-1.2441,-0.2871
20038,-0.0454,-0.2145,1.0386,-3.5137,-1.2344,-0.2852
20061,-0.0457,-0.2144,1.0408,-3.5312,-1.2285,-0.2832
20084,-0.0464,-0.2145,1.0411,-3.5547,-1.2188,-0.2793
20107,-0.0452,-0.215,1.0415,-3.5684,-1.209,-0.2773
20130,-0.0457,-0.215,1.0409,-3.582,-1.1836,-0.2715
20153,-0.0457,-0.2145,1.0414,-3.5859,-1.1563,-0.2656
20176,-0.0454,-0.2148,1.0414,-3.582,-1.1406,-0.2637
20199,-0.045,-0.2135,1.0391,-3.5723,-1.1309,-0.2617
20222,-0.0469,-0.214,1.0397,-3.5605,-1.1328,-0.2637
20245,-0.045,-0.2139,1.0406,-3.541,-1.1465,-0.2676
20268,-0.0458,-0.2135,1.0403,-3.5215,-1.1641,-0.2715
20291,-0.045,-0.214,1.0396,-3.5078,-1.1758,-0.2773
20314,-0.0448,-0.2152,1.0392,-3.4902,-1.1816,-0.2852
20337,-0.0453,-0.2147,1.0394,-3.4844,-1.1797,-0.291
20360,-0.0459,-0.2152,1.0403,-3.4844,-1.1602,-0.3008
20383,-0.046,-0.214,1.0402,-3.4961,-1.1289,-0.3066
20406,-0.0464,-0.2144,1.0391,-3.5098,-1.1055,-0.3066
20429,-0.0463,-0.214,1.0408,-3.5312,-1.0801,-0.3066
20452,-0.0472,-0.2144,1.0408,-3.5469,-1.0723,-0.3066
20475,-0.0464,-0.2153,1.0411,-3.5703,-1.0723,-0.3066
20498,-0.0465,-0.2151,1.0413,-3.584,-1.0801,-0.3066
20521,-0.0463,-0.2148,1.0403,-3.6016,-1.1016,-0.3066
20544,-0.047,-0.2148,1.0397,-3.6152,-1.1289,-0.3086
20567,-0.0475,-0.2141,1.0391,-3.6191,-1.1484,-0.3086
20590,-0.0458,-0.2133,1.0393,-3.6152,-1.1699,-0.3086
20613,-0.0457,-0.2146,1.0389,-3.6094,-1.1797,-0.3086
20636,-0.0464,-0.2144,1.0404,-3.5937,-1.1875,-0.3047
20659,-0.0458,-0.215,1.0403,-3.5801,-1.1875,-0.2988
20682,-0.0461,-0.2141,1.0391,-3.5703,-1.1855,-0.293
20705,-0.0464,-0.2142,1.0385,-3.5605,-1.1816,-0.2852
20728,-0.0463,-0.2147,1.0381,-3.5547,-1.1797,-0.2812
20751,-0.0449,-0.2152,1.0402,-3.5508,-1.1816,-0.2793
20774,-0.0475,-0.2152,1.0403,-3.5508,-1.1895,-0.2812
20797,-0.0459,-0.215,1.0404,-3.5547,-1.1992,-0.2852
20820,-0.0453,-0.2144,1.0393,-3.5684,-1.2148,-0.293
20843,-0.047,-0.2151,1.0389,-3.5781,-1.2227,-0.2988
20866,-0.0466,-0.2147,1.0389,-3.5937,-1.2266,-0.3066
20889,-0.0454,-0.2144,1.0406,-3.6035,-1.2207,-0.3086
20912,-0.0461,-0.2136,1.041,-3.6172,-1.2109,-0.3066
20935,-0.0479,-0.2155,1.0404,-3.627,-1.1934,-0.2969
20958,-0.0483,-0.2146,1.0414,-3.6309,-1.1816,-0.2871
20981,-0.0485,-0.2142,1.0406,-3.6348,-1.1719,-0.2676
21004,-0.0482,-0.2144,1.0398,-3.6367,-1.166,-0.2539
21027,-0.0481,-0.2145,1.0406,-3.6348,-1.1621,-0.2363
21050,-0.0453,-0.2139,1.0406,-3.6289,-1.1602,-0.2266
21073,-0.047,-0.2144,1.0381,-3.6211,-1.1641,-0.2227
21096,-0.048,-0.2146,1.0399,-3.6113,-1.1758,-0.2227
21119,-0.048,-0.215,1.0396,-3.6035,-1.1816,-0.2246
21142,-0.047,-0.215,1.0389,-3.5977,-1.1934,-0.2285
21165,-0.0468,-0.2145,1.0397,-3.5957,-1.2051,-0.2344
21188,-0.0465,-0.2146,1.0411,-3.5977,-1.2109,-0.2422
21211,-0.0468,-0.2142,1.0402,-3.6035,-1.2168,-0.252
21234,-0.0469,-0.2148,1.0403,-3.6055,-1.2148,-0.2578
21257,-0.0472,-0.2144,1.0378,-3.6055,-1.209,-0.2637
21280,-0.0453,-0.2148,1.041,-3.6016,-1.1992,-0.2637
21303,-0.0453,-0.2145,1.0404,-3.5977,-1.1914,-0.2598
21326,-0.047,-0.2147,1.0392,-3.5879,-1.1855,-0.2578
21349,-0.0458,-0.2144,1.0399,-3.584,-1.1855,-0.2578
21372,-0.0447,-0.2158,1.0392,-3.5898,-1.2051,-0.2637
21395,-0.0374,-0.2161,1.0398,-3.6035,-1.2402,-0.2715
21418,-0.0502,-0.2169,1.04,-3.6191,-1.3184,-0.2891
21441,-0.0461,-0.2125,1.04,-3.6094,-1.3281,-0.2988
21464,-0.0641,-0.2117,1.0405,-3.5781,-1.2188,-0.2988
21487,-0.0525,-0.212,1.0408,-3.4844,-0.8164,-0.2773
21510,-0.0515,-0.2144,1.0389,-3.4023,-0.4141,-0.2539
21533,-0.0487,-0.2163,1.0416,-3.2793,0.2383,-0.2148
21556,-0.0525,-0.215,1.0397,-3.1934,0.7598,-0.1816
21579,-0.051,-0.2131,1.0394,-3.1699,0.9746,-0.168
21602,-0.0573,-0.2135,1.0398,-3.2012,1.1016,-0.166
21625,-0.0566,-0.2144,1.0402,-3.2637,1.0879,-0.1719
21648,-0.0554,-0.2164,1.0403,-3.4082,0.9844,-0.1875
21671,-0.0563,-0.2155,1.0404,-3.5781,0.8301,-0.207
21694,-0.0565,-0.2136,1.0396,-3.6836,0.7227,-0.2168
21717,-0.0603,-0.2134,1.0392,-3.7969,0.5898,-0.2266
21740,-0.061,-0.2136,1.0397,-3.832,0.5391,-0.2285
21763,-0.0594,-0.2147,1.0402,-3.8223,0.5195,-0.2246
21786,-0.063,-0.2153,1.0417,-3.7773,0.5332,-0.2148
21809,-0.0626,-0.2153,1.0388,-3.6758,0.5781,-0.209
21832,-0.0637,-0.213,1.0391,-3.5586,0.6309,-0.2051
21855,-0.0638,-0.2126,1.0385,-3.4844,0.6621,-0.2031
21878,-0.0619,-0.213,1.0404,-3.3945,0.6738,-0.2051
21901,-0.0641,-0.2144,1.0383,-3.3555,0.6406,-0.209
21924,-0.0646,-0.215,1.0382,-3.334,0.5176,-0.2168
21947,-0.0614,-0.214,1.0377,-3.3535,0.3203,-0.2266
21970,-0.0605,-0.2144,1.0378,-3.3848,0.1621,-0.2344
21993,-0.0698,-0.2123,1.0382,-3.4355,-0.0645,-0.2441
22016,-0.0653,-0.2147,1.0376,-3.4531,-0.1738,-0.248
22039,-0.0498,-0.2123,1.0398,-3.4395,-0.2344,-0.2441
22062,-0.0684,-0.2115,1.0393,-3.373,-0.1777,-0.2285
22085,-0.0913,-0.2114,1.0364,-3.291,-0.0098,-0.2109
22108,-0.1036,-0.2106,1.0414,-3.0918,0.6016,-0.166
22131,-0.0392,-0.2129,1.0378,-2.916,1.2344,-0.123
22154,-0.0751,-0.2106,1.0381,-2.6504,2.252,-0.0508
22177,-0.0723,-0.2087,1.0381,-2.0039,3.2168,0.0254
22200,-0.0686,-0.2095,1.0387,-2.3574,3.9492,0.0801
22223,-0.0475,-0.2107,1.0371,-2.3125,5.6016,0.1699
22246,-0.194,-0.2106,1.0215,-2.3359,7.5078,0.248
22269,-0.3239,-0.2069,1.0167,-2.418,12.7148,0.4453
22292,-0.1906,-0.2089,1.0248,-2.4746,18.0957,0.6523
22315,-0.1877,-0.2197,1.022,-2.5547,27.8574,1.0313
22338,-0.2743,-0.1987,1.0179,-2.6543,36.877,1.416
22361,-0.1868,-0.2101,1.0261,-2.75,41.1016,1.6563
22384,-0.1699,-0.2065,1.0289,-2.9336,43.1719,1.9277
22407,-0.176,-0.2086,1.0266,-3.0762,41.2422,2.0039
22430,-0.2001,-0.207,1.0253,-3.291,33.8477,1.916
22453,-0.2089,-0.2086,1.0269,-3.4824,22.8965,1.5938
22476,-0.1449,-0.2133,1.0308,-3.5879,14.8535,1.2852
22499,-0.1517,-0.2104,1.03,-3.709,3.25,0.7422
22522,-0.1306,-0.2067,1.0328,-3.7637,-3.3809,0.375
22545,-0.1277,-0.1515,1.0356,-3.8066,-10.3008,-0.0996
22568,-0.0638,-0.2054,1.0482,-3.8066,-11.6836,-0.3262
22591,-0.2262,-0.2267,0.9358,-3.7852,-8.3379,-0.2051
22614,-0.6104,-0.2291,0.7291,-3.707,4.0469,0.5898
22637,-1.113,-0.2051,0.5111,-3.6973,16.916,1.6699
22660,-0.8904,-0.176,0.6304,-4.043,41.2402,4.4023
22683,-0.6917,-0.1644,0.702,-4.5449,58.9492,8.3418
22706,-0.9098,-0.2117,0.6505,-5.4492,63.998,10.6777
22729,-0.708,-0.1732,0.7267,-6.3125,63.998,13.8164
22752,-0.8167,-0.1545,0.6433,-6.9512,63.998,15.2422
22775,-0.8204,-0.1437,0.6161,-8.6113,63.998,16.5742
22798,-0.8591,-0.1357,0.5679,-10.6543,63.998,17.2539
22821,-0.9132,-0.1929,0.6906,-15.7109,63.998,18.5859
22844,-0.9067,-0.2385,0.6531,-23.2461,63.998,21.043
22867,-0.9928,-0.0985,0.5696,-29.541,57.6758,23.834
22890,-0.9979,-0.0535,0.558,-40.9297,41.1191,30.8887
22913,-0.6929,0.069,0.5822,-49.8711,31.0742,38.0176
22936,-0.6503,0.017,0.3973,-64.0,16.2578,52.3652
22959,-1.234,-0.2803,0.2578,-64.0,1.1367,63.998
22982,-1.2091,-0.1141,0.375,-64.0,-8.0625,63.998
23005,-0.8627,0.0801,0.7317,-64.0,-19.4941,63.998
23028,-0.6219,0.1195,1.1711,-64.0,-26.3125,63.998
23051,-0.5125,-0.007,1.2426,-64.0,-37.2988,63.998
23074,-0.5776,-0.1202,1.1053,-64.0,-50.918,63.998
23097,-0.713,-0.1992,1.0414,-64.0,-61.1094,63.998
23120,-0.5439,-0.2061,1.0786,-51.6113,-64.0,45.459
23143,-0.3652,-0.2357,1.1136,-42.2148,-64.0,19.7715
23166,-0.2256,-0.2744,1.063,-36.7188,-64.0,-21.125
23189,-0.1714,-0.2872,0.9109,-38.9961,-64.0,-47.8203
23212,-0.1033,-0.309,0.8134,-50.0195,-64.0,-64.0
23235,-0.0797,-0.3899,0.8363,-64.0,-64.0,-64.0
23258,-0.0867,-0.4684,0.8544,-64.0,-64.0,-64.0
23281,-0.0679,-0.4603,0.8456,-64.0,-64.0,-64.0
23304,-0.0492,-0.4141,0.7952,-64.0,-64.0,-64.0
23327,0.0219,-0.3624,0.674,-64.0,-64.0,-64.0
23350,0.1783,-0.4175,0.5728,-64.0,-64.0,-64.0
23373,0.1594,-0.5015,0.7354,-64.0,-64.0,-64.0
23396,0.209,-0.3866,1.4203,-64.0,-63.9258,-64.0
23419,0.1017,-0.1624,1.7828,-54.6836,-58.6699,-64.0
23442,-0.0662,-0.304,1.2408,-19.8887,-52.6699,-55.9785
23465,-0.296,-0.4889,0.499,13.1719,-44.9082,-36.8652
23488,-0.2987,-0.6407,0.2678,29.5156,-38.4453,-23.3867
23511,-0.3175,-0.6444,0.7958,39.5078,-29.5371,-1.959
23534,-0.0695,-0.4601,1.2877,36.9355,-25.1543,11.8711
23557,0.166,-0.4026,1.1276,23.9707,-20.3223,27.7969
23580,0.3339,-0.5032,0.9066,12.582,-17.5879,32.7031
23603,0.4673,-0.4666,0.991,-4.4902,-13.2305,29.3027
23626,0.1085,-0.4615,0.979,-18.6172,-6.5312,14.5
23649,-0.1792,-0.4872,1.0251,-25.4473,0.0977,1.248
23672,-0.1614,-0.6116,0.7614,-31.5195,12.4668,-17.8027
23695,-0.1836,-0.5664,0.8004,-33.2461,21.2637,-27.2813
23718,0.1406,-0.5188,1.0596,-33.043,33.5449,-34.668
23741,-0.0535,-0.4927,1.0089,-29.4004,44.1387,-34.5371
23764,-0.3313,-0.5979,0.8035,-25.1914,50.5078,-31.1973
23787,-0.5872,-0.6031,1.0714,-17.4238,58.8027,-22.6641
23810,-0.2751,-0.5415,1.113,-12.1387,62.5137,-15.6973
23833,0.1116,-0.4691,0.9761,-5.2461,62.3691,-6.2109
23856,0.7649,-0.6489,0.1023,-0.998,52.7852,-1.8242
23879,-0.1403,-0.489,1.2302,-0.2227,41.8516,-3.0937
23902,0.0104,-0.2954,1.2256,-0.7305,22.8613,-10.1875
23925,-0.0894,-0.52,1.3027,-0.4004,9.9727,-16.2402
23948,-0.178,-0.5062,0.588,2.5234,-7.8086,-23.834
23971,-0.1281,-0.5029,0.6281,5.5195,-17.3984,-27.082
23994,0.0928,-0.4397,1.0094,10.2012,-27.0547,-26.5137
24017,0.2061,-0.3163,1.355,15.1113,-30.5918,-22.8086
24040,0.1996,-0.3729,1.3757,18.9668,-29.5879,-19.5313
24063,-0.0217,-0.3516,1.0719,25.2793,-24.4355,-14.5449
24086,-0.3917,-0.5565,0.6661,28.7852,-19.9824,-11.0254
24109,-0.2716,-0.4835,1.2737,31.0371,-14.0371,-4.2969
24132,-0.0353,-0.4387,1.1316,29.2363,-9.8496,4.5684
24155,0.1016,-0.4587,0.7367,26.168,-8.0176,10.8652
24178,0.1971,-0.4141,0.9281,19.2988,-6.3418,18.9492
24201,0.1509,-0.4166,1.2942,13.7324,-4.9746,22.5859
24224,0.1272,-0.3234,1.502,5.2695,-0.1621,25.0801
24247,-0.1379,-0.2883,1.3513,-2.4648,9.2578,25.2852
24270,-1.1345,-0.6888,0.0856,-7.7734,17.0742,25.623
24293,-0.5344,-0.4735,1.2643,-17.5078,27.0449,28.6309
24316,-0.2269,-0.4667,1.1791,-24.9375,30.3203,32.0488
24339,-0.1962,-0.4066,1.3253,-35.5352,28.8027,36.0977
24362,-0.3854,-0.5613,0.6178,-41.5098,20.8984,35.0605
24385,-0.095,-0.5179,1.1229,-48.7031,13.4687,30.4258
24408,0.0659,-0.5785,0.9648,-53.627,1.8438,17.4395
24431,0.4463,-0.5906,0.9012,-55.4609,-4.875,5.4141
24454,0.5647,-0.5985,0.7349,-56.0156,-12.3262,-15.5273
24477,0.3474,-0.6287,0.7838,-55.0664,-15.4746,-29.5801
24500,0.2034,-0.6353,0.8873,-51.9004,-17.8438,-46.9082
24523,0.1355,-0.6317,0.8357,-46.7012,-18.5957,-55.6699
24546,0.1201,-0.6208,0.87,-42.1992,-19.1738,-55.5527
24569,0.0449,-0.6187,0.8362,-34.3262,-21.3477,-46.7891
24592,-0.1071,-0.5853,0.9106,-28.7051,-24.0293,-36.3691
24615,-0.2246,-0.5887,1.0002,-20.3945,-30.0059,-16.8301
24638,-0.2874,-0.647,1.1188,-12.9219,-37.8027,3.502
24661,0.0142,-0.6514,0.8906,-8.7832,-43.3281,15.4844
24684,0.4275,-0.5969,0.8833,-4.502,-50.7637,28.5137
24707,0.4246,-0.6611,0.5876,-3.293,-54.6719,32.8633
24730,0.3582,-0.5837,0.6066,-4.3672,-58.959,32.873
24753,-0.3503,-0.7411,1.3108,-8.1387,-61.543,27.9609
24776,0.005,-0.9656,1.0413,-10.877,-62.7637,24.4766
24799,0.2296,-0.7461,0.6594,-14.043,-64.0,21.207
24822,0.4084,-0.5267,0.6368,-15.9219,-64.0,19.7207
24845,0.5994,-0.756,0.2755,-19.7656,-64.0,15.6348
24868,0.504,-0.9369,0.6791,-23.2363,-64.0,6.8926
24891,0.6458,-0.7672,0.6763,-27.6992,-64.0,-1.2441
24914,0.6349,-0.5858,0.765,-26.6426,-64.0,-15.5449
24937,0.6873,-0.5972,0.9199,-20.9121,-64.0,-25.0156
24960,0.7227,-0.6232,0.8563,-4.5898,-64.0,-36.0684
24983,0.4672,-0.584,0.851,9.9453,-64.0,-39.4629
25006,0.4355,-0.5062,0.9481,33.5293,-59.248,-36.3848
25029,0.6301,-0.4895,1.0148,55.9395,-38.4199,-24.207
25052,0.5513,-0.4474,1.1055,63.998,-24.4121,-13.1016
25075,0.5422,-0.411,1.1941,63.998,-4.7031,4.418
25098,0.5306,-0.4919,1.0195,63.998,6.9707,15.1934
25121,0.4292,-0.5153,0.9783,63.998,21.9375,28.9336
25144,0.3082,-0.4752,1.0995,63.998,34.0684,40.123
25167,0.2885,-0.5491,1.0962,63.998,40.6621,46.7383
25190,0.3094,-0.6658,0.9064,63.998,48.2051,56.2285
25213,0.098,-0.5658,0.8269,63.998,51.7559,62.6777
25236,-0.0778,-0.3052,0.9042,53.7969,55.5195,63.998
25259,-0.2349,-0.2554,0.7355,40.5918,58.4141,63.998
25282,-0.3235,-0.337,0.64,20.3691,59.7246,63.998
25305,-0.047,-0.4399,0.6725,1.0098,61.3398,63.998
25328,-0.1593,-0.4532,0.7595,-10.4785,61.7676,63.998
25351,-0.1399,-0.4235,0.7667,-24.2891,60.7188,63.998
25374,0.099,-0.6167,0.6956,-31.0391,58.3145,63.998
25397,0.1298,-0.674,0.6324,-38.4688,51.1836,63.998
25420,-0.0983,-0.6633,0.4863,-44.8477,39.2031,63.998
25443,-0.0771,-0.7267,0.4103,-49.6719,28.5371,63.998
25466,0.2767,-0.7703,0.7375,-58.3125,9.1133,63.998
25489,0.4354,-0.7783,0.9655,-64.0,-5.4551,63.998
25512,0.3489,-0.85,0.8088,-64.0,-28.1191,63.998
25535,0.2389,-0.8062,0.6978,-64.0,-49.5586,56.666
25558,0.3738,-0.7561,0.7886,-64.0,-62.0625,51.0
25581,0.4835,-0.7499,0.937,-64.0,-64.0,42.9063
25604,0.4548,-0.7566,0.9791,-64.0,-64.0,37.7383
25627,0.3741,-0.8402,0.8456,-60.627,-64.0,30.3906
25650,0.3922,-0.807,0.9406,-50.332,-64.0,23.8613
25673,0.4353,-0.8802,0.8828,-43.0664,-64.0,20.1426
25696,0.3665,-0.9083,0.7876,-32.6074,-64.0,15.7051
25719,0.4883,-0.8451,1.0101,-26.0996,-64.0,13.6035
25742,0.4109,-0.8066,1.0026,-16.8398,-64.0,11.7246
25765,0.4093,-0.7651,1.0353,-10.8574,-58.3262,11.3066
25788,0.4318,-0.7588,1.0382,-2.4102,-47.5645,11.9355
25811,0.5018,-0.7054,1.2312,4.6113,-37.0293,13.8965
25834,0.6343,-0.7266,1.35,8.0566,-30.1836,15.6562
25857,0.6423,-0.7705,1.3955,10.6582,-19.9121,18.3867
25880,0.548,-0.7883,1.1697,9.9863,-12.834,20.1367
25903,0.5205,-0.838,0.8682,3.7344,-1.6016,23.0586
25926,0.3534,-0.8373,0.7234,-10.0078,10.3301,27.4238
25949,0.1155,-0.7627,0.6511,-23.1133,18.4375,31.8555
25972,-0.0068,-0.7543,0.4656,-46.9707,30.0684,41.6563
25995,-0.2174,-0.7535,0.2571,-64.0,36.7773,50.4199
26018,-0.2148,-0.8619,0.0417,-64.0,43.7305,63.998
26041,-0.3165,-0.9336,-0.115,-64.0,45.0352,63.998
26064,-0.4412,-0.9186,-0.0603,-64.0,41.9941,63.998
26087,-0.345,-0.9296,-0.0724,-64.0,31.3984,63.998
26110,-0.438,-0.937,-0.1548,-64.0,20.752,63.998
26133,-0.5382,-0.9818,-0.215,-64.0,0.7051,63.998
26156,-0.4308,-0.9839,-0.0431,-64.0,-14.3379,63.998
26179,-0.2863,-0.947,0.1791,-64.0,-37.0137,63.998
26202,-0.2314,-0.8971,0.2448,-64.0,-56.6719,63.998
26225,-0.4307,-0.7833,0.0754,-64.0,-64.0,63.998
26248,-0.6652,-0.647,-0.0529,-64.0,-64.0,63.998
26271,-0.6785,-0.5437,-0.0048,-64.0,-64.0,63.998
26294,-0.6234,-0.494,0.0917,-64.0,-64.0,63.998
26317,-0.6013,-0.5028,0.064,-64.0,-64.0,63.998
26340,-0.4463,-0.6278,-0.0084,-64.0,-60.2051,63.998
26363,-0.4207,-0.5878,0.1311,-64.0,-45.0508,63.998
26386,-0.6942,-0.5309,-0.176,-64.0,-33.7813,63.998
26409,-0.8713,-0.5295,-0.5182,-64.0,-16.2969,63.998
26432,-0.802,-0.6724,-0.7999,-64.0,0.9434,63.998
26455,-0.7738,-0.7084,-0.7825,-64.0,11.7871,63.998
26478,-0.8003,-0.5941,-0.7155,-64.0,26.1074,58.3984
26501,-0.7521,-0.5497,-0.6414,-64.0,33.9063,53.9863
26524,-0.7274,-0.5913,-0.7778,-64.0,42.6953,47.6152
26547,-0.7426,-0.6155,-0.8792,-64.0,48.2168,39.748
26570,-0.7474,-0.6254,-0.7866,-64.0,50.5254,32.7285
26593,-0.802,-0.6865,-0.6261,-64.0,52.7383,18.375
26616,-0.2103,-0.6409,0.3407,-64.0,54.2637,5.8262
26639,0.3441,-0.7303,0.7985,-64.0,58.3145,-17.2832
26662,-0.1095,-0.8638,-0.1168,-53.5293,62.8555,-34.8008
26685,-0.3639,-0.9677,-0.8351,-23.9395,63.998,-61.9043
26708,-0.1432,-0.8654,-0.8101,-1.6758,63.998,-64.0
26731,0.0352,-0.8584,-0.7491,5.6719,63.998,-64.0
26754,0.0455,-0.7614,-1.1755,4.0117,63.998,-64.0
26777,-0.3739,-0.7098,-1.5416,-4.873,63.998,-64.0
26800,-0.2687,-0.6215,-1.2216,-27.0762,63.998,-64.0
26823,-0.1127,-0.6047,-0.9532,-55.0469,63.998,-64.0
26846,0.0306,-0.5557,-1.0532,-64.0,63.998,-64.0
26869,-0.0187,-0.4305,-1.0281,-64.0,63.998,-64.0
26892,0.0642,-0.4166,-0.9812,-64.0,63.998,-64.0
26915,0.2783,-0.45,-1.1665,-64.0,63.998,-55.7344
26938,0.4741,-0.5778,-1.2341,-64.0,63.998,-46.8535
26961,0.4512,-0.4933,-1.0587,-64.0,63.998,-44.3125
26984,0.3251,-0.4366,-0.8309,-64.0,63.998,-44.3984
27007,0.0583,-0.2671,-0.6194,-59.4941,63.998,-45.877
27030,-0.0562,-0.4434,-0.4122,-26.6523,63.998,-48.3008
27053,0.2311,-0.464,-0.5104,-4.1855,63.998,-49.7051
27076,0.6367,-0.2032,-1.0054,25.1055,63.998,-52.5176
27099,0.7786,-0.1506,-1.235,42.2148,63.998,-57.916
27122,0.3105,-0.2623,-0.6915,44.3105,59.1719,-63.4473
27145,0.324,-0.1677,-0.4866,34.0859,42.2559,-64.0
27168,0.4911,-0.2324,-0.7974,20.6016,31.9102,-64.0
27191,0.5822,-0.1848,-0.8988,-5.1406,18.1055,-64.0
27214,0.5139,0.0585,-1.2749,-32.7813,3.9531,-64.0
27237,0.291,0.0941,-1.3756,-50.1426,-6.9824,-64.0
27260,0.3776,-0.0447,-1.0038,-64.0,-25.3594,-64.0
27283,0.624,-0.0474,-0.7958,-64.0,-37.4434,-64.0
27306,0.4448,0.0046,-0.7068,-64.0,-52.5352,-60.3379
27329,0.3268,-0.0525,-0.7706,-64.0,-62.0508,-45.2363
27352,0.2795,-0.0508,-1.0034,-64.0,-64.0,-34.8828
27375,0.1104,0.0132,-1.3053,-51.0254,-64.0,-19.2539
27398,-0.1147,0.0016,-0.8125,-38.1719,-64.0,-9.166
27421,0.0724,-0.0977,-0.4457,-21.5371,-63.5,4.123
27444,0.2701,-0.1381,-0.7266,-12.5156,-58.8047,12.7949
27467,0.1162,-0.1495,-1.2986,-2.709,-50.6836,14.7754
27490,0.0342,-0.1194,-1.567,0.5781,-45.1367,11.623
27513,-0.0676,-0.2161,-0.9921,-1.1582,-43.4883,6.1074
27536,-0.098,-0.0774,-0.6503,-6.4004,-41.5078,-5.2676
27559,-0.1963,-0.3004,-0.7817,-8.6133,-38.4863,-13.7773
27582,0.1938,-0.5997,-0.7969,-5.8164,-28.5781,-26.8906
27605,0.7731,-0.3362,-0.678,6.3691,-11.0508,-40.6074
27628,0.9299,-0.3956,-0.522,19.4473,3.6699,-50.3984
27651,0.3745,-0.5009,-0.7014,44.1758,26.3047,-64.0
27674,0.2771,-0.4242,-0.6239,61.8691,39.123,-64.0
27697,0.2388,-0.4294,-0.7222,63.998,51.5488,-64.0
27720,0.2705,-0.3086,-0.7285,63.998,54.5605,-64.0
27743,0.028,-0.2125,-0.5289,63.998,51.2383,-64.0
27766,-0.2092,-0.1804,-1.0601,63.998,38.6133,-64.0
27789,0.1467,-0.2281,-1.4626,63.998,25.7754,-64.0
27812,0.4868,-0.1604,-1.3966,63.998,2.0156,-64.0
27835,0.2328,-0.1907,-0.989,48.8613,-23.7109,-63.5449
27858,-0.0123,-0.1953,-0.8521,14.5996,-39.8457,-54.1992
27881,0.0125,-0.1864,-0.9061,-13.6582,-59.9922,-40.0762
27904,-0.1666,-0.2422,-1.0852,-26.4258,-64.0,-30.4551
27927,-0.1542,-0.3081,-1.0793,-35.541,-64.0,-15.8594
27950,0.1339,-0.2954,-0.993,-35.5879,-64.0,-6.543
27973,0.046,-0.274,-0.9478,-28.6465,-64.0,5.25
27996,0.061,-0.3428,-0.9751,-16.2793,-64.0,12.9062
28019,0.0432,-0.3622,-1.1227,-6.8691,-56.1895,15.4375
28042,0.0923,-0.3154,-0.999,6.5234,-36.8262,15.666
28065,0.1532,-0.312,-0.7415,14.1621,-22.7988,13.7988
28088,0.2015,-0.3281,-0.7992,23.334,-2.0781,8.873
28111,0.2721,-0.3666,-0.9287,29.5547,15.8379,2.8652
28134,0.1851,-0.3065,-0.8319,31.8555,25.3672,-0.8301
28157,0.1129,-0.3201,-0.7524,32.5801,36.2305,-4.7031
28180,0.1754,-0.3639,-0.7772,31.5664,41.7793,-5.7305
28203,0.3323,-0.3992,-0.7833,28.3789,48.3027,-4.873
28226,0.3105,-0.3698,-0.7709,23.5332,52.6465,-1.7559
28249,0.2002,-0.37,-0.9283,19.4434,53.9473,1.2324
28272,0.2419,-0.3896,-0.9591,12.0,53.2227,6.6855
28295,0.2802,-0.3928,-0.9698,6.252,51.291,10.6406
28318,0.3416,-0.4308,-0.9061,-2.9336,47.3555,16.2383
28341,0.303,-0.3757,-0.9319,-8.8223,44.8008,19.2324
28364,0.2821,-0.4094,-0.8103,-16.0996,41.9785,22.0039
28387,0.2936,-0.4043,-0.7729,-20.3027,40.6504,22.5254
28410,0.2903,-0.3971,-0.7788,-21.0781,40.2188,21.7188
28433,0.3016,-0.3735,-0.819,-19.4824,38.627,19.1367
28456,0.2115,-0.3763,-0.9181,-17.0723,35.8438,16.7559
28479,0.1779,-0.38,-0.9338,-12.502,28.4121,12.6055
28502,0.2245,-0.3945,-0.9841,-7.8418,17.9238,8.0566
28525,0.3555,-0.386,-1.147,-4.9941,9.9453,4.8008
28548,0.3517,-0.4584,-1.0865,-1.1367,-2.2598,-0.6758
28571,0.4778,-0.4724,-1.1891,1.3496,-9.5293,-4.832
28594,0.542,-0.5201,-1.2427,5.3359,-17.0762,-11.5977
28617,0.611,-0.5447,-1.2205,9.4941,-18.918,-17.7578
28640,0.5605,-0.5084,-1.0414,11.9316,-17.0293,-20.4199
28663,0.599,-0.5107,-0.8158,14.3125,-11.4727,-20.4082
28686,0.614,-0.4463,-0.6661,14.7461,-7.4121,-16.998
28709,0.5439,-0.4224,-0.579,13.2539,-2.9707,-6.4512
28732,0.4224,-0.4634,-0.5021,10.4316,-1.6934,9.7422
28755,0.4166,-0.2725,-0.4354,2.457,-1.0723,22.5293
28778,0.348,-0.3439,-0.5187,-10.9395,0.5996,42.3008
28801,0.2606,-0.2264,-0.2814,-22.9121,2.2305,54.7969
28824,0.0767,-0.1281,-0.2819,-44.4512,2.6035,63.998
28847,-0.0206,-0.1389,-0.2952,-60.1738,0.0254,63.998
28870,-0.0123,-0.0548,-0.561,-64.0,-8.0723,63.998
28893,-0.1198,0.0989,-0.8943,-64.0,-17.9863,63.998
28916,-0.1288,0.2992,-0.9332,-64.0,-23.5313,63.998
28939,-0.0714,0.3225,-0.8948,-64.0,-28.5313,63.998
28962,0.0937,0.3546,-1.0084,-64.0,-29.416,63.998
28985,0.2003,0.3304,-1.0964,-64.0,-27.9102,63.998
29008,0.243,0.345,-1.1184,-64.0,-24.959,63.998
29031,0.1566,0.35,-1.1936,-64.0,-23.1191,63.998
29054,0.129,0.3022,-0.9769,-64.0,-20.7773,54.5469
29077,0.2069,0.3044,-0.7584,-64.0,-18.8535,40.8496
29100,0.1542,0.28,-0.783,-64.0,-14.4102,21.9316
29123,0.0441,0.2729,-0.7755,-64.0,-8.543,6.6875
29146,0.0564,0.2841,-0.7745,-64.0,-4.7012,-0.7598
29169,0.1226,0.2806,-0.7754,-64.0,-0.3477,-7.7051
29192,0.1112,0.2933,-0.7775,-56.1934,1.2891,-9.8984
29215,0.032,0.35,-0.7256,-41.5059,1.9746,-10.5918
29238,0.1305,0.3976,-0.7058,-34.4355,1.4941,-9.9707
29261,0.2968,0.3851,-0.7845,-28.373,-0.3281,-8.5078
29284,0.3043,0.3827,-0.7898,-27.6523,-2.9687,-7.5566
29307,0.1943,0.3984,-0.8325,-29.7207,-4.5742,-7.5645
29330,0.1422,0.4238,-0.79,-35.4395,-5.5078,-8.4453
29353,0.1389,0.437,-0.7755,-40.0762,-4.6719,-9.3535
29376,0.2194,0.4188,-0.7911,-46.6406,-1.3105,-10.7773
29399,0.2501,0.4312,-0.9103,-51.1855,3.627,-11.9863
29422,0.1205,0.489,-0.673,-52.5547,7.0977,-12.5879
29445,0.1179,0.4886,-0.5966,-51.8438,11.9395,-13.0996
29468,0.3141,0.4877,-0.7687,-49.791,14.6875,-13.1953
29491,0.2386,0.4858,-0.7429,-45.5039,17.2559,-13.1035
29514,0.1287,0.4855,-0.7667,-41.4277,17.3926,-12.8594
29537,0.1691,0.4702,-0.7106,-39.5977,16.2871,-12.6465
29560,0.1831,0.4757,-0.6204,-38.9414,13.0723,-12.3535
29583,0.2015,0.4753,-0.6099,-40.1133,9.9395,-12.2988
29606,0.1409,0.5017,-0.6239,-44.1797,4.1133,-12.6621
29629,0.0747,0.5723,-0.5822,-48.0547,0.043,-13.7695
29652,0.1063,0.5663,-0.5999,-54.5801,-5.002,-14.6719
29675,0.1467,0.5698,-0.6298,-60.7188,-7.5039,-16.4316
29698,0.1101,0.5282,-0.5237,-64.0,-7.5449,-17.625
29721,0.0684,0.5265,-0.4331,-64.0,-5.5312,-19.1328
29744,0.0615,0.6121,-0.4171,-64.0,-3.1914,-19.7715
29767,0.1237,0.5858,-0.3473,-64.0,0.9551,-19.918
29790,0.1602,0.5377,-0.5616,-64.0,4.7383,-18.9102
29813,0.0623,0.6497,-0.506,-64.0,6.5371,-17.5703
29836,0.1094,0.7633,-0.4542,-61.7246,7.8262,-14.6484
29859,0.1331,0.8441,-0.4209,-59.0391,7.8301,-12.2148
29882,0.1256,0.8296,-0.3979,-54.7324,6.9297,-8.0937
29905,0.1467,0.7108,-0.41,-50.3301,5.2539,-3.7754
29928,0.0752,0.6793,-0.4067,-47.4277,3.5703,-1.0332
29951,0.0403,0.683,-0.3524,-43.1582,-0.4297,2.457
29974,0.0585,0.7388,-0.4412,-40.3477,-4.418,4.1992
29997,0.0332,0.7473,-0.4596,-36.123,-12.707,5.9082
30020,0.0454,0.6857,-0.3087,-33.334,-23.7949,6.8672
30043,0.0236,0.6808,-0.3669,-29.4492,-32.4551,7.4141
30066,0.1365,0.641,-0.5461,-26.5078,-46.7559,8.6016
30089,0.1713,0.6871,-0.3351,-25.3535,-56.6855,9.8457
30112,0.1304,0.6283,-0.4441,-24.7441,-64.0,12.3809
30135,0.0686,0.67,-0.3912,-24.7773,-64.0,14.2441
30158,0.0414,0.7278,-0.4479,-24.7188,-64.0,16.5215
30181,0.0492,0.7521,-0.4019,-23.7285,-64.0,17.1895
30204,0.0458,0.7219,-0.4054,-22.3574,-64.0,16.3672
30227,0.0432,0.6794,-0.3804,-19.459,-58.4492,13.1328
30250,0.0338,0.6893,-0.3625,-17.2285,-44.8418,9.8457
30273,0.0077,0.7495,-0.4014,-13.8535,-23.2676,3.9004
30296,0.0142,0.7141,-0.3726,-10.7793,-2.8418,-2.2637
30319,0.0861,0.6875,-0.3328,-9.0234,9.0059,-5.9492
30342,0.0463,0.7307,-0.3748,-6.916,22.875,-10.1777
30365,0.0353,0.7324,-0.4073,-5.8398,29.166,-11.8984
30388,0.0745,0.7041,-0.373,-4.623,34.3457,-12.7656
30411,0.0601,0.7356,-0.3976,-3.5332,35.3496,-11.834
30434,0.04,0.7661,-0.3856,-3.4219,34.4004,-10.4746
30457,0.0807,0.6898,-0.3752,-3.1328,31.4707,-7.8184
30480,0.0602,0.7159,-0.3434,-3.1816,28.8125,-5.9121
30503,0.0992,0.7168,-0.3496,-3.668,24.0137,-3.2676
30526,0.1093,0.7146,-0.3892,-4.2246,20.3945,-1.8496
30549,0.0376,0.7097,-0.3931,-5.2441,14.5684,-0.5098
30572,0.0386,0.7021,-0.3818,-6.2266,8.6191,-0.3262
30595,0.0352,0.7491,-0.2938,-6.7344,4.7344,-0.8926
30618,0.0957,0.7108,-0.3409,-7.1465,-0.7598,-2.6738
30641,0.0237,0.7185,-0.3833,-7.1445,-4.0039,-4.3203
30664,0.0026,0.7209,-0.3748,-6.6719,-7.8945,-7.1152
30687,-0.0077,0.7151,-0.3967,-5.6133,-10.3047,-9.877
30710,-0.0146,0.7101,-0.4059,-4.6152,-10.9922,-11.4629
30733,0.0027,0.7114,-0.3804,-2.7871,-10.8027,-13.1113
30756,0.0157,0.723,-0.342,-1.4141,-10.123,-13.5273
30779,0.075,0.7208,-0.369,0.7637,-8.6914,-12.8281
30802,0.0448,0.7078,-0.4208,2.9453,-6.8945,-10.4121
30825,0.027,0.6997,-0.4432,4.2891,-5.4512,-7.998
30848,0.0354,0.7081,-0.3983,5.9102,-2.8906,-3.75
30871,0.0627,0.7111,-0.3782,6.5996,-1.0605,-0.9121
30894,0.0433,0.7242,-0.3682,6.8906,1.4004,2.7285
30917,0.0283,0.7037,-0.4186,6.5547,2.5703,5.4727
30940,0.0372,0.6964,-0.4171,5.2734,3.373,5.8008
30963,0.0511,0.707,-0.3757,3.1934,3.0488,5.5566
30986,0.0282,0.7113,-0.3527,1.5273,2.3633,4.623
31009,0.0143,0.7123,-0.407,-1.0078,1.0898,2.377
31032,-0.0193,0.7019,-0.4016,-2.4707,0.4023,0.5645
31055,0.045,0.7009,-0.4144,-3.9805,0.0,-2.1055
31078,0.0604,0.694,-0.3905,-4.4316,0.4375,-4.0664
31101,0.0415,0.7059,-0.4117,-4.1016,1.0977,-4.709
31124,0.0608,0.704,-0.4546,-2.7227,2.3906,-4.5352
31147,0.0563,0.7021,-0.4745,-1.3496,3.3242,-3.7207
31170,0.0382,0.7007,-0.3817,0.957,4.6113,-1.7715
31193,0.0554,0.709,-0.4205,2.8809,5.3984,0.4766
31216,0.0314,0.7017,-0.4268,3.5996,5.459,1.8184
31239,0.0327,0.7106,-0.3982,3.4883,4.752,3.2578
31262,0.0514,0.7015,-0.359,2.541,3.791,3.7461
31285,0.0688,0.7054,-0.3751,-0.0625,1.832,3.791
31308,0.0487,0.6991,-0.4008,-2.373,-0.1328,3.1797
31331,0.0503,0.6997,-0.392,-6.1152,-1.6719,2.5039
31354,0.0074,0.7057,-0.3724,-9.3945,-3.1172,1.2188
31377,0.0292,0.7081,-0.4,-10.9277,-3.623,0.2598
31400,0.0372,0.7053,-0.4089,-11.8633,-3.7031,-1.127
31423,0.0394,0.6997,-0.4176,-11.4961,-3.3789,-1.8691
31446,0.0575,0.7079,-0.4136,-9.5996,-2.5391,-2.4844
31469,0.074,0.703,-0.4103,-6.5625,-1.5801,-2.3633
31492,0.0649,0.7006,-0.4066,-4.2754,-1.0488,-1.9141
31515,0.045,0.7023,-0.3947,-1.0547,-0.6426,-0.9316
31538,0.0426,0.7035,-0.3712,0.6602,-0.7266,-0.2852
31561,0.033,0.6956,-0.3733,2.2891,-1.4766,0.3105
31584,-0.0023,0.7059,-0.3978,2.8105,-2.877,0.1562
31607,0.0043,0.6945,-0.4248,2.7344,-3.998,-0.4004
31630,0.0367,0.6879,-0.427,2.4238,-5.6777,-1.7461
31653,0.0317,0.6912,-0.4281,2.3359,-6.6816,-2.8008
31676,0.035,0.6855,-0.455,2.7109,-7.8555,-4.2578
31699,0.0342,0.6858,-0.452,3.8887,-8.4395,-5.2266
31722,0.0066,0.7001,-0.4553,4.9883,-8.4648,-5.5156
31745,-0.0006,0.7103,-0.438,6.9766,-8.0547,-5.4414
31768,0.0355,0.7745,-0.472,8.2695,-7.6211,-5.1113
31791,0.0256,0.9452,-0.1659,9.7441,-7.0195,-4.293
31814,0.0144,0.7201,-0.4458,10.1191,-6.6934,-3.5312
31837,-0.0378,0.7056,-0.4858,8.8926,-6.5566,-1.7813
31860,-0.0029,0.7528,-0.5007,5.0,-7.3008,1.0938
31883,-0.0452,0.8094,-0.3835,1.4492,-8.2148,3.582
31906,0.0298,0.8202,-0.4269,-3.6367,-9.6465,7.5977
31929,0.1334,0.808,-0.5194,-5.9434,-10.4023,9.9492
31952,0.171,0.8517,-0.6539,-6.8281,-11.252,12.1289
31975,0.1132,0.8864,-0.7412,-4.168,-12.1348,12.3672
31998,-0.0343,0.8115,-0.7358,-0.2559,-12.8145,11.7344
32021,-0.0632,0.7063,-0.665,9.1914,-13.4531,10.3516
32044,0.0211,0.6256,-0.63,18.082,-13.1758,9.3828
32067,0.1011,0.5675,-0.6056,35.1836,-11.4336,7.7773
32090,0.0768,0.4829,-0.5923,55.6602,-8.6641,5.7383
32113,0.0579,0.366,-0.6597,63.998,-6.6309,4.252
32136,0.1061,0.3191,-0.6833,63.998,-3.3809,2.5078
32159,0.098,0.2773,-0.6166,63.998,-1.0,2.2109
32182,0.0806,0.234,-0.546,63.998,2.918,3.9687
32205,0.0339,0.1991,-0.5302,63.998,5.5977,9.0449
32228,0.0087,0.1494,-0.5671,63.998,9.3809,14.2832
32251,-0.0208,0.1072,-0.6124,63.998,12.998,24.3242
32274,0.0328,0.0325,-0.792,63.998,15.5039,31.957
32297,0.1575,0.0808,-0.8593,63.998,19.748,43.8242
32320,0.1924,0.0244,-0.8171,63.998,22.9629,51.4453
32343,0.264,-0.0999,-0.8644,63.998,28.3945,61.5762
32366,0.3893,-0.2166,-1.0125,63.998,34.8711,63.998
32389,0.4921,-0.293,-1.0421,63.998,39.8105,63.998
32412,0.528,-0.3612,-1.0798,63.998,47.1621,63.998
32435,0.3846,-0.4135,-1.0267,63.998,51.0566,63.998
32458,0.306,-0.4393,-0.923,63.998,54.7754,63.998
32481,0.3323,-0.4719,-0.8757,63.998,56.9863,63.998
32504,0.4337,-0.5115,-0.7804,63.998,58.0215,63.998
32527,0.4791,-0.5404,-0.7439,63.998,58.4766,63.998
32550,0.3928,-0.5834,-0.7795,63.998,57.6895,63.998
32573,0.4091,-0.6163,-0.7797,63.998,54.8613,63.998
32596,0.3877,-0.608,-0.7198,63.998,50.4297,63.5371
32619,0.3867,-0.5906,-0.5895,63.998,46.752,62.4004
32642,0.4683,-0.6379,-0.5999,63.998,40.4766,60.9922
32665,0.559,-0.7045,-0.6693,63.998,36.002,60.1523
32688,0.5421,-0.699,-0.7113,58.377,29.0137,58.8535
32711,0.4391,-0.6422,-0.6805,48.9961,24.2031,57.9609
32734,0.4366,-0.6316,-0.6848,34.4883,17.0625,56.8457
32757,0.4346,-0.6241,-0.7273,20.1699,10.5234,56.4141
32780,0.3562,-0.5701,-0.7356,11.0898,6.5742,56.6582
32803,0.2557,-0.542,-0.7791,-1.332,1.2168,57.8691
32826,0.2911,-0.5723,-0.7764,-8.5547,-1.9453,59.1758
32849,0.3447,-0.5618,-0.757,-17.4297,-6.0,61.5586
32872,0.2875,-0.5402,-0.7246,-23.6172,-9.3418,63.8672
32895,0.1847,-0.5516,-0.7924,-26.1719,-11.1523,63.998
32918,0.1833,-0.582,-0.8285,-27.8906,-12.9121,63.998
32941,0.2158,-0.5867,-0.8025,-27.9316,-13.3164,63.998
32964,0.2034,-0.5865,-0.7789,-26.8828,-12.9316,63.998
32987,0.2026,-0.6006,-0.7679,-24.9844,-11.6465,63.998
33010,0.1677,-0.598,-0.7495,-23.4277,-10.3789,63.998
33033,0.1215,-0.6014,-0.7803,-20.9746,-8.041,63.998
33056,0.137,-0.6003,-0.7904,-19.5566,-6.4023,63.2773
33079,0.1205,-0.6285,-0.9351,-18.2676,-4.3672,60.75
33102,0.0969,-0.5922,-0.9214,-18.1172,-3.5664,58.9629
33125,0.13,-0.5514,-0.7701,-18.6133,-3.293,56.209
33148,0.0551,-0.6021,-0.7803,-18.8926,-3.8086,53.4199
33171,0.027,-0.6228,-0.7759,-18.4297,-4.291,51.6348
33194,0.0691,-0.6354,-0.7383,-16.5488,-4.7734,49.2051
33217,0.1155,-0.6355,-0.7812,-14.7207,-4.8281,47.7266
33240,0.1061,-0.646,-0.9382,-11.9043,-4.6816,45.6055
33263,0.1414,-0.6296,-0.8497,-9.9355,-4.4961,43.5742
33286,0.0836,-0.603,-0.7394,-9.248,-4.3145,42.3457
33309,-0.011,-0.5913,-0.7791,-8.8242,-3.8262,40.9824
33332,-0.0502,-0.5573,-0.7749,-8.7402,-3.2871,40.5645
33355,-0.0012,-0.5551,-0.7914,-8.7598,-2.0605,40.6426
33378,-0.0253,-0.5576,-0.9109,-9.0332,-0.3809,40.9824
33401,0.0105,-0.5297,-0.8232,-9.4238,0.9063,40.9199
33424,0.0764,-0.5609,-0.8949,-10.1348,3.0781,39.7871
33447,0.0238,-0.5712,-0.9083,-10.416,4.75,38.0918
33470,0.1012,-0.5948,-0.7124,-9.9277,7.6465,34.0215
33493,0.1027,-0.6897,-0.8312,-8.6934,9.6758,28.4473
33516,0.0701,-0.6593,-0.8608,-5.4043,12.4238,24.2656
33539,0.1204,-0.6628,-0.8635,-0.7246,14.5293,17.918
33562,0.0656,-0.6439,-0.8043,2.957,15.502,13.8965
33585,0.0624,-0.6134,-0.7773,9.0645,16.1445,8.4766
33608,0.05,-0.609,-0.8037,13.3574,15.9297,5.3828
33631,0.0232,-0.605,-0.7885,19.666,14.666,1.6973
33654,0.0697,-0.5581,-0.7214,25.0996,12.752,-0.7051
33677,-0.1097,-0.5302,-0.7775,27.8477,11.4238,-1.625
33700,0.0135,-0.5157,-1.0187,30.0684,9.5918,-2.2949
33723,0.0389,-0.4983,-0.8895,30.1172,8.3535,-2.6738
33746,-0.0143,-0.5659,-0.8152,28.6426,6.1562,-4.0898
33769,-0.0114,-0.641,-0.6626,26.9102,3.7187,-7.5293
33792,0.0342,-0.7561,-0.5115,26.5469,2.1797,-11.3984
33815,0.1249,-0.8457,-0.5765,27.8281,-0.1074,-20.1348
33838,0.3159,-0.8732,-0.6669,29.6055,-2.0781,-28.1836
33861,0.3147,-0.8151,-0.5446,32.4727,-6.5937,-43.5879
33884,0.2296,-0.7407,-0.5073,33.8945,-13.2187,-62.0508
33907,0.2013,-0.6869,-0.4486,34.5098,-18.5488,-64.0
33930,0.2946,-0.6018,-0.4805,32.3223,-27.543,-64.0
33953,0.3822,-0.5209,-0.6326,28.6055,-34.3516,-64.0
33976,0.3608,-0.4631,-0.7446,18.4414,-46.373,-64.0
33999,0.2897,-0.4204,-0.814,8.1113,-55.7363,-64.0
34022,0.3816,-0.4294,-0.9781,-12.625,-64.0,-64.0
34045,0.5131,-0.4569,-1.0593,-38.041,-64.0,-64.0
34068,0.5182,-0.4927,-1.1124,-55.9531,-64.0,-64.0
34091,0.4143,-0.4795,-1.0215,-64.0,-64.0,-64.0
34114,0.2375,-0.4595,-1.0223,-64.0,-64.0,-64.0
34137,-0.0054,-0.4379,-0.8789,-64.0,-64.0,-64.0
34160,-0.0881,-0.4497,-0.7653,-64.0,-64.0,-64.0
34183,-0.0667,-0.4437,-0.7072,-64.0,-64.0,-64.0
34206,0.0637,-0.4636,-0.712,-63.2852,-64.0,-64.0
34229,0.0881,-0.5055,-0.7341,-42.8691,-64.0,-64.0
34252,0.119,-0.5179,-0.6234,-11.2676,-38.9043,-50.2441
34275,0.1559,-0.4954,-0.5851,16.6797,-14.4492,-30.4121
34298,0.1212,-0.4668,-0.6969,31.0898,0.3984,-19.334
34321,0.1692,-0.4318,-0.8519,43.7227,19.8125,-6.6562
34344,0.2047,-0.2928,-1.0461,45.0625,30.3398,-0.8809
34367,0.1173,-0.2065,-1.1666,35.9141,41.5645,4.1641
34390,0.1409,-0.2045,-1.2357,23.0332,45.6719,5.5488
34413,0.2667,-0.2139,-1.2155,-3.7207,46.9688,5.3965
34436,0.3347,-0.2029,-1.1046,-34.5137,43.1719,3.2207
34459,0.3212,-0.2007,-1.0925,-54.3086,38.3711,0.9512
34482,0.282,-0.2051,-1.1481,-64.0,28.8516,-3.1133
34505,0.1335,-0.1587,-0.9829,-64.0,21.6973,-5.8437
34528,0.2006,-0.1201,-0.9563,-64.0,11.2383,-9.2812
34551,0.2336,-0.1306,-1.0607,-64.0,2.4219,-11.5176
34574,0.2435,-0.1327,-1.0874,-64.0,-2.3418,-12.3437
34597,0.1531,-0.1096,-0.9744,-64.0,-7.8633,-12.6914
34620,0.0825,-0.0906,-0.8378,-64.0,-10.3867,-12.373
34643,0.1233,-0.1085,-0.8644,-60.6465,-12.2363,-11.209
34666,0.1738,-0.1307,-0.9785,-46.0684,-12.084,-9.6816
34689,0.2059,-0.1367,-0.9771,-37.6309,-11.3965,-8.793
34712,0.1843,-0.1207,-0.8884,-27.8574,-10.334,-8.0195
34735,0.1262,-0.1085,-0.827,-23.3652,-9.8398,-7.9336
34758,0.1616,-0.1104,-0.8879,-19.3047,-9.3691,-8.3008
34781,0.0939,-0.1132,-0.955,-18.125,-9.1719,-8.957
34804,0.0994,-0.095,-0.8763,-18.3184,-9.168,-9.3848
34827,0.1267,-0.0557,-0.8494,-20.4297,-9.582,-9.8437
34850,0.1283,-0.0189,-0.8077,-22.582,-9.9883,-10.0332
34873,0.0896,0.0081,-0.8065,-26.5469,-10.4414,-10.2773
34896,0.1016,0.052,-0.8282,-29.6387,-10.4199,-10.5488
34919,0.2174,0.0854,-1.0432,-35.2207,-9.7695,-11.4297
34942,0.2518,0.1332,-1.075,-42.5176,-8.7988,-13.2012
34965,0.209,0.1858,-0.9886,-48.4512,-8.2441,-14.8574
34988,0.1741,0.1998,-0.9213,-58.2754,-7.416,-17.5723
35011,0.1818,0.2007,-0.8737,-64.0,-6.5781,-19.127
35034,0.1338,0.1815,-0.8541,-64.0,-4.4844,-20.4648
35057,0.0929,0.165,-0.7941,-64.0,-1.2441,-20.2168
35080,0.1166,0.1355,-0.7745,-64.0,1.4238,-19.207
35103,0.1698,0.1002,-0.7638,-64.0,5.5996,-16.9297
35126,0.2229,0.0863,-0.6454,-64.0,8.043,-15.334
35149,0.3346,0.1194,-0.6583,-64.0,10.7227,-13.5078
35172,0.2915,0.1395,-0.7988,-64.0,12.0605,-12.7187
35195,0.2168,0.2494,-0.8016,-64.0,12.2656,-12.625
35218,0.1685,0.3497,-0.7534,-61.3613,11.9492,-12.5234
35241,0.1256,0.4022,-0.6903,-60.8965,11.6777,-12.1172
35264,0.2229,0.427,-0.8047,-62.0508,11.8086,-10.7031
35287,0.2117,0.4282,-0.9314,-63.8672,12.3223,-9.3145
35310,0.215,0.464,-0.8291,-64.0,13.252,-6.9395
35333,0.171,0.4915,-0.8112,-64.0,13.7969,-4.6406
35356,0.0934,0.5154,-0.7543,-64.0,13.7871,-3.3008
35379,0.1299,0.5277,-0.6254,-64.0,13.1582,-1.75
35402,0.1782,0.5034,-0.6384,-64.0,12.3125,-1.2012
35425,0.2141,0.4784,-0.6794,-64.0,10.3047,-1.4473
35448,0.1982,0.5028,-0.709,-60.0957,7.4512,-3.1074
35471,0.1241,0.5156,-0.5529,-54.0273,5.3086,-4.8418
35494,0.1754,0.4969,-0.5542,-44.8906,2.5078,-7.9473
35517,0.215,0.4736,-0.6393,-39.3867,1.3438,-10.127
35540,0.2214,0.4751,-0.6256,-33.0,0.875,-13.2539
35563,0.1388,0.4851,-0.6073,-29.6055,1.7402,-15.832
35586,0.1294,0.4871,-0.6838,-29.0703,2.9062,-17.0215
35609,0.1447,0.4949,-0.6956,-30.4004,5.2344,-17.7793
35632,0.2039,0.5364,-0.6427,-32.2012,6.9277,-17.6016
35655,0.3149,0.5516,-0.7566,-35.127,9.1504,-16.5352
35678,0.2311,0.6136,-0.4965,-36.5391,10.082,-14.9648
35701,0.0002,0.6401,-0.5011,-36.834,10.2695,-13.4844
35724,0.1279,0.6323,-0.5946,-34.5137,8.8594,-11.1484
35747,0.1741,0.6141,-0.6339,-31.7793,6.9375,-9.5762
35770,0.3541,0.6447,-0.6299,-26.6914,2.7051,-7.6699
35793,0.1469,0.6208,-0.5192,-23.0605,-0.5918,-6.8633
35816,0.1324,0.6473,-0.6377,-17.8145,-5.0469,-6.0566
35839,-0.0291,0.6085,-0.6458,-13.2324,-7.7422,-5.1641
35862,0.1725,0.5671,-0.5795,-10.541,-8.3125,-4.541
35885,0.2211,0.5417,-0.668,-6.7695,-7.6621,-4.291
35908,0.2095,0.5087,-0.5771,-4.3145,-6.6523,-5.0039
35931,0.1874,0.5048,-0.5013,-0.6699,-4.9863,-7.5586
35954,0.0554,0.4895,-0.5541,2.8477,-3.6035,-11.2441
35977,0.0419,0.4888,-0.6255,4.959,-2.9082,-13.7305
36000,0.1237,0.5016,-0.7086,7.377,-2.2227,-16.7285
36023,0.1998,0.5284,-0.6915,8.3242,-2.0312,-18.0039
36046,0.1378,0.5588,-0.6456,8.8281,-2.0273,-18.7383
36069,0.1821,0.5245,-0.6184,8.7969,-2.0723,-18.0898
36092,0.1792,0.49,-0.6104,8.7109,-2.0781,-16.9922
36115,0.1162,0.527,-0.6027,9.0508,-2.0898,-14.6152
36138,0.202,0.481,-0.6465,9.6289,-2.1113,-12.7246
36161,0.2214,0.4521,-0.679,10.8867,-2.1191,-9.6133
36184,0.1349,0.4799,-0.6913,11.7988,-2.0527,-7.2871
36207,0.0337,0.5266,-0.6667,13.043,-1.6719,-3.1348
36230,0.075,0.5498,-0.5934,14.1504,-0.7031,1.9063
36253,0.2335,0.5334,-0.6213,14.877,0.2363,5.498
36276,0.1849,0.5242,-0.6711,15.8691,1.5195,10.4766
36299,0.0066,0.5769,-0.6344,16.2813,1.9102,13.1953
36322,-0.0852,0.7206,-0.604,16.248,1.6309,16.2324
36345,0.147,0.7438,-0.6963,15.332,0.3555,17.9629
36368,0.25,0.7152,-0.7798,14.2187,-1.1875,18.166
36391,0.1545,0.6766,-0.7596,11.877,-4.6777,16.6074
36414,0.0651,0.6564,-0.6617,10.084,-7.4844,14.3047
36437,0.1016,0.6229,-0.6217,7.6895,-11.3184,9.3574
36460,0.1929,0.5833,-0.5796,6.1562,-13.5762,3.2832
36483,0.2618,0.5217,-0.5905,6.2227,-13.9668,-1.0801
36506,0.2606,0.4292,-0.6951,6.8359,-13.0918,-7.6816
36529,0.241,0.365,-0.7212,7.4297,-11.8008,-11.8164
36552,0.1843,0.3712,-0.5951,8.0156,-9.2773,-16.9043
36575,0.0638,0.3904,-0.5358,8.0332,-7.3652,-19.0566
36598,-0.0236,0.3606,-0.5621,7.4082,-4.1641,-19.7051
36621,0.0708,0.3011,-0.7004,5.7441,-0.5625,-17.0605
36644,0.1177,0.2819,-0.7863,3.8164,1.791,-13.8301
36667,0.1016,0.2844,-0.7113,-0.4727,4.541,-7.793
36690,0.1387,0.3138,-0.7104,-4.0664,5.5664,-3.5742
36713,0.0907,0.3608,-0.7858,-9.8203,5.6543,2.252
36736,0.059,0.3793,-0.7565,-15.0039,3.9668,6.9785
36759,0.1471,0.4088,-0.7112,-17.6172,2.043,9.3789
36782,0.1422,0.437,-0.7635,-19.748,-1.5684,11.7266
36805,0.0735,0.4666,-0.7792,-19.8867,-4.1602,12.5059
36828,0.0098,0.4883,-0.7493,-18.3223,-7.7422,12.8613
36851,0.0204,0.5034,-0.6487,-14.9707,-10.1543,12.7773
36874,0.068,0.4917,-0.6426,-12.0195,-10.8379,12.6426
36897,0.1709,0.4989,-0.7043,-7.2324,-10.6562,12.2383
36920,0.1655,0.5077,-0.7543,-4.3301,-10.0801,11.6895
36943,0.1074,0.5035,-0.7726,-1.2188,-9.0996,10.3301
36966,0.0494,0.5074,-0.6794,-0.2148,-8.5137,8.4844
36989,0.0715,0.5017,-0.6514,-0.252,-7.7402,7.1504
37012,0.0941,0.4971,-0.6575,-1.6758,-7.0723,5.1875
37035,0.0786,0.4845,-0.6781,-3.0957,-6.7168,3.957
37058,0.0967,0.4805,-0.6807,-5.5312,-6.375,2.2871
37081,0.1119,0.4866,-0.6241,-7.1582,-6.3047,1.3203
37104,0.1173,0.4989,-0.6259,-9.3066,-6.4531,0.1445
37127,0.0338,0.5181,-0.6442,-10.9219,-6.7988,-0.5645
37150,0.0237,0.5361,-0.6542,-11.7324,-6.9707,-0.6992
37173,0.0746,0.5486,-0.6888,-12.7754,-6.9531,-0.459
37196,0.1572,0.5485,-0.7233,-13.5293,-6.8477,-0.2051
37219,0.1423,0.5615,-0.7023,-14.959,-6.9199,-0.1699
37242,0.1512,0.5653,-0.6862,-16.7227,-7.5,-0.9414
37265,0.1709,0.5431,-0.7419,-17.9238,-8.0957,-1.9141
37288,0.1194,0.5422,-0.6614,-19.4082,-9.0254,-3.7539
37311,0.0181,0.5499,-0.6133,-19.9434,-9.4238,-4.9258
37334,0.0208,0.5443,-0.5977,-19.7344,-9.2539,-6.0508
37357,0.0717,0.5253,-0.6442,-18.8633,-7.5195,-6.1152
37380,0.103,0.5192,-0.6857,-16.6973,-6.7109,-5.6484
37403,0.0795,0.5303,-0.6515,-13.9824,-4.5918,-4.5039
37426,0.0709,0.5559,-0.6287,-12.0781,-3.2246,-3.6094
37449,0.0947,0.5531,-0.6442,-9.252,-1.4043,-2.2773
37472,0.1156,0.5376,-0.6624,-7.4531,-0.4082,-1.4941
37495,0.0896,0.5187,-0.6555,-4.9648,0.7168,-0.6035
37518,0.0597,0.5126,-0.6372,-2.7363,1.4805,-0.0664
37541,0.0715,0.5038,-0.6425,-1.3535,1.8574,0.1562
37564,0.0558,0.5029,-0.6082,0.582,2.2402,0.3828
37587,0.08,0.4978,-0.6035,1.7461,2.3516,0.4844
37610,0.1158,0.4949,-0.658,3.1387,2.2949,0.5527
37633,0.0831,0.5167,-0.7009,3.7969,1.959,0.4961
37656,0.0785,0.5347,-0.6511,3.6895,1.6055,0.4141
37679,0.1024,0.5425,-0.6331,2.7187,0.9922,0.293
37702,0.1188,0.5397,-0.6809,1.6172,0.6035,0.2207
37725,0.119,0.5341,-0.6853,-0.5449,0.1055,0.1152
37748,0.0977,0.5488,-0.6559,-3.1953,-0.25,-0.0039
37771,0.0951,0.5579,-0.6055,-4.7012,-0.3867,-0.0742
37794,0.1152,0.5332,-0.6671,-6.9102,-0.4297,-0.1543
37817,0.1213,0.517,-0.7002,-8.1309,-0.3809,-0.1895
37840,0.0885,0.5477,-0.6201,-9.5527,-0.2578,-0.1934
37863,0.0647,0.5817,-0.5354,-10.1855,-0.1055,-0.1211
37886,0.0715,0.5487,-0.6787,-10.6074,0.4336,0.1543
37909,0.1145,0.5383,-0.7645,-10.6387,1.4004,0.5703
37932,0.1356,0.5833,-0.5781,-10.6406,2.1465,0.8496
37955,0.0996,0.5894,-0.6544,-10.6895,3.3184,1.166
37978,0.1245,0.5758,-0.7839,-10.7266,4.2168,1.3008
38001,0.1945,0.5688,-0.7509,-10.7187,5.8496,1.4844
38024,0.2701,0.5419,-0.6449,-10.2676,8.0137,1.8613
38047,0.2041,0.5072,-0.5769,-9.3965,10.0742,2.416
38070,0.1805,0.4801,-0.5377,-6.8281,14.7559,4.1875
38093,0.2338,0.4619,-0.609,-4.25,19.0156,6.2715
38116,0.3411,0.4327,-0.6915,0.4512,26.2891,10.918
38139,0.2512,0.4341,-0.6294,5.2754,33.0664,17.1172
38162,0.1871,0.4449,-0.5356,8.1738,36.7441,21.834
38185,0.2031,0.4401,-0.5397,11.7305,40.6211,29.1777
38208,0.2838,0.4368,-0.5657,13.4102,41.8359,33.7305
38231,0.3082,0.4507,-0.6173,14.5527,40.9121,38.9551
38254,0.2761,0.4674,-0.6682,14.2187,38.1953,41.1797
38277,0.256,0.489,-0.6409,11.9824,31.2383,40.7461
38300,0.2366,0.5,-0.6394,8.0215,22.1055,37.4434
38323,0.2711,0.5001,-0.6365,4.8125,15.7227,33.8145
38346,0.3232,0.495,-0.6493,-0.1582,6.8984,26.9453
38369,0.3383,0.4858,-0.6587,-3.1992,1.9863,21.8301
38392,0.3177,0.4854,-0.6368,-6.8418,-3.459,14.0625
38415,0.316,0.4791,-0.6124,-8.9883,-6.3848,7.0195
38438,0.3419,0.4664,-0.6342,-9.5059,-7.0195,3.1055
38461,0.3506,0.4631,-0.6187,-9.0488,-6.4375,-1.2813
38484,0.3442,0.4587,-0.6094,-8.1074,-5.3437,-3.168
38507,0.3267,0.4598,-0.613,-6.1504,-3.1191,-4.5039
38530,0.3064,0.4723,-0.6353,-4.0605,-0.6211,-4.25
38553,0.3143,0.481,-0.6285,-2.8613,0.9629,-3.377
38576,0.33,0.4778,-0.6476,-1.6309,2.8672,-1.4063
38599,0.3414,0.4746,-0.6704,-1.2656,3.6621,0.0762
38622,0.3401,0.4824,-0.6383,-1.3652,4.0156,2.1328
38645,0.3176,0.4786,-0.6293,-1.7383,3.4766,3.6777
38668,0.3083,0.4757,-0.6255,-2.4648,2.7988,4.3555
38691,0.319,0.4652,-0.6252,-3.082,1.6016,4.8457
38714,0.3406,0.4548,-0.6201,-3.3301,0.8145,4.8359
38737,0.3463,0.4526,-0.6193,-3.4199,-0.2422,4.3574
38760,0.3408,0.4548,-0.6218,-3.3164,-0.832,3.7812
38783,0.3453,0.4595,-0.6199,-3.002,-1.5117,2.6797
38806,0.3213,0.4606,-0.616,-2.6113,-1.9375,1.541
38829,0.3046,0.4624,-0.6111,-2.377,-2.0703,0.9023
38852,0.3019,0.4625,-0.6201,-2.1445,-2.0117,0.2969
38875,0.3126,0.4664,-0.6216,-2.1152,-1.8125,0.1543
38898,0.3246,0.4644,-0.6437,-2.3086,-1.3418,0.252
38921,0.3314,0.4639,-0.6454,-2.7773,-0.8047,0.502
38944,0.344,0.4698,-0.6252,-3.1953,-0.4687,0.6328
38967,0.3516,0.469,-0.6228,-3.8437,-0.0547,0.6504
38990,0.3694,0.4673,-0.6208,-4.2148,0.1406,0.5215
39013,0.3765,0.462,-0.6569,-4.5977,0.3008,0.1309
39036,0.3525,0.4663,-0.6433,-4.7715,0.2949,-0.3887
39059,0.3319,0.4739,-0.6199,-4.7734,0.1953,-0.7109
39082,0.3309,0.4655,-0.6125,-4.5996,-0.0703,-1.0137
39105,0.3182,0.4628,-0.6249,-4.377,-0.2949,-1.0488
39128,0.3123,0.4664,-0.6332,-3.9668,-0.6348,-0.8438
39151,0.322,0.4703,-0.6561,-3.7051,-0.8281,-0.5684
39174,0.3389,0.4756,-0.6416,-3.418,-1.0645,-0.0527
39197,0.3523,0.4761,-0.6003,-3.2598,-1.2969,0.3926
39220,0.3608,0.4675,-0.631,-3.1914,-1.4531,0.5488
39243,0.3748,0.4606,-0.6635,-3.1172,-1.6699,0.498
39266,0.3344,0.4629,-0.6267,-3.0957,-1.791,0.293
39289,0.316,0.464,-0.5996,-3.082,-1.9043,-0.1387
39312,0.3322,0.4548,-0.626,-3.043,-1.875,-0.5293
39335,0.338,0.4529,-0.6304,-3.0156,-1.7715,-0.6992
39358,0.3354,0.4573,-0.6345,-3.0352,-1.5098,-0.7969
39381,0.3304,0.4589,-0.6416,-3.1152,-1.2773,-0.7598
39404,0.3269,0.4542,-0.6302,-3.3379,-0.8691,-0.5625
39427,0.3286,0.4523,-0.621,-3.6289,-0.4141,-0.2344
39450,0.33,0.4612,-0.6226,-3.8105,-0.0859,0.0273
39473,0.348,0.4648,-0.6177,-4.0176,0.416,0.4199
39496,0.3668,0.4678,-0.6298,-4.1113,0.7207,0.6426
39519,0.3536,0.4683,-0.6517,-4.2129,1.0488,0.8555
39542,0.3345,0.4774,-0.6257,-4.2773,1.1563,0.9121
39565,0.3436,0.4771,-0.6036,-4.3672,1.166,0.8965
39588,0.379,0.4689,-0.6252,-4.4082,1.0098,0.8164
39611,0.3755,0.4681,-0.6361,-4.4043,0.7891,0.7207
39634,0.345,0.4705,-0.6249,-4.3809,0.2637,0.5215
39657,0.2998,0.4694,-0.6154,-4.3594,-0.168,0.4004
39680,0.3225,0.4685,-0.6169,-4.3086,-0.7754,0.334
39703,0.3378,0.4701,-0.6152,-4.2461,-1.2188,0.418
39726,0.3407,0.4709,-0.6312,-4.2129,-1.4102,0.5078
39749,0.3481,0.4695,-0.6293,-4.2031,-1.5566,0.5957
39772,0.3562,0.4685,-0.6287,-4.2246,-1.582,0.582
39795,0.3434,0.4701,-0.6176,-4.2812,-1.5527,0.4199
39818,0.3358,0.4734,-0.6134,-4.3145,-1.4512,0.1152
39841,0.353,0.4686,-0.6156,-4.2988,-1.3457,-0.1367
39864,0.3773,0.4576,-0.6432,-4.2207,-1.1777,-0.5625
39887,0.3622,0.4603,-0.6289,-4.1523,-1.1113,-0.8594
39910,0.3104,0.4659,-0.59,-4.043,-1.1328,-1.2539
39933,0.2909,0.4639,-0.5975,-3.9434,-1.1973,-1.457
39956,0.3148,0.4636,-0.6263,-3.752,-1.1895,-1.4434
39979,0.3395,0.4619,-0.6351,-3.6035,-1.0781,-1.25
40002,0.3427,0.4669,-0.6187,-3.5879,-0.9766,-1.0801
40025,0.3386,0.4714,-0.6105,-3.7207,-0.8691,-0.877
40048,0.3402,0.47,-0.6189,-3.9043,-0.8516,-0.8125
40071,0.3556,0.4658,-0.6321,-4.3008,-0.8867,-0.8496
40094,0.3619,0.4652,-0.6396,-4.7969,-0.9258,-1.043
40117,0.3473,0.4677,-0.6307,-5.1426,-0.9258,-1.2441
40140,0.3342,0.4717,-0.6052,-5.5879,-0.8926,-1.6074
40163,0.3391,0.4738,-0.6268,-5.7812,-0.875,-1.8594
40186,0.3151,0.4784,-0.6516,-5.8945,-0.9063,-2.2012
40209,0.2314,0.4917,-0.6885,-5.8574,-1.0488,-2.4785
40232,0.1737,0.4886,-0.6768,-5.7754,-1.2168,-2.6543
40255,0.2842,0.4767,-0.6305,-5.5234,-1.668,-3.1445
40278,0.3593,0.46,-0.618,-5.2227,-2.252,-3.8926
40301,0.3777,0.4408,-0.624,-4.5547,-3.7891,-6.0215
40324,0.3627,0.4354,-0.6449,-3.75,-5.9941,-9.2324
40347,0.2788,0.4777,-0.5901,-3.252,-7.5156,-11.5566
40370,0.2257,0.5011,-0.5803,-2.7266,-9.1191,-14.3945
40393,0.2952,0.4907,-0.6128,-2.6406,-9.375,-15.4473
40416,0.3605,0.4843,-0.6517,-3.1582,-8.4707,-15.6719
40439,0.3433,0.4867,-0.6604,-4.0645,-7.2891,-14.6602
40462,0.2815,0.4979,-0.6245,-6.2734,-5.2871,-13.9746
40485,0.2255,0.5122,-0.5808,-9.2012,-3.623,-12.8203
40508,0.2731,0.5128,-0.5879,-11.3047,-2.9121,-12.252
40531,0.3153,0.5011,-0.6364,-14.3965,-2.6406,-11.8848
40554,0.3,0.5082,-0.6052,-16.334,-3.0391,-12.0215
40577,0.2554,0.5173,-0.5483,-18.9844,-4.3633,-12.7031
40600,0.2577,0.5616,-0.582,-21.3027,-6.125,-13.5957
40623,0.2645,0.5607,-0.5685,-22.7266,-7.3223,-14.0684
40646,0.2097,0.5789,-0.5758,-24.8633,-8.9434,-14.3105
40669,0.1655,0.5863,-0.5446,-26.3848,-9.8437,-14.084
40692,0.2292,0.578,-0.5291,-28.9043,-10.9805,-13.2949
40715,0.3191,0.5862,-0.4855,-31.6914,-12.2637,-12.4492
40738,0.3051,0.6068,-0.4899,-33.6484,-13.457,-12.1328
40761,0.1881,0.6342,-0.4594,-36.6094,-15.7559,-12.0371
40784,0.0021,0.6692,-0.5493,-38.5234,-17.3145,-11.9863
40807,0.1448,0.705,-0.5887,-41.1602,-19.043,-11.4609
40830,0.2538,0.6863,-0.524,-42.625,-19.6348,-10.3984
40853,0.1545,0.6954,-0.4363,-44.043,-19.9121,-9.6387
40876,0.0781,0.6821,-0.458,-44.2109,-19.8301,-8.8066
40899,0.1152,0.6428,-0.4396,-43.5859,-19.709,-8.5859
40922,0.1306,0.604,-0.3378,-41.7402,-19.5449,-8.8359
40945,0.1696,0.5951,-0.4828,-40.1348,-19.6484,-9.3555
40968,0.1198,0.6497,-0.4766,-37.6523,-20.8652,-10.543
40991,0.0424,0.6772,-0.4583,-35.5254,-23.9512,-12.0508
41014,0.0813,0.7,-0.4672,-34.4648,-26.8652,-13.1348
41037,0.0604,0.6984,-0.4647,-33.4688,-31.5137,-14.748
41060,-0.0132,0.7499,-0.4567,-33.1484,-33.9629,-15.7402
41083,0.0166,0.726,-0.3478,-33.002,-35.2617,-16.9219
41106,0.0582,0.6769,-0.3416,-33.0332,-32.8613,-17.4395
41129,0.0183,0.7043,-0.3677,-33.0352,-29.3457,-17.2305
41152,0.0292,0.7069,-0.3792,-32.7773,-21.957,-15.877
41175,0.0597,0.6606,-0.3627,-32.2676,-16.1094,-14.2012
41198,0.1204,0.6664,-0.3568,-30.7637,-6.6055,-10.4629
41221,0.0861,0.7667,-0.3259,-29.207,3.0234,-5.3594
41244,0.0414,0.8458,-0.4266,-26.1016,9.0586,-1.4023
41267,0.2697,0.748,-0.3757,-22.1914,16.6406,4.8281
41290,0.051,0.7089,-0.3552,-19.2324,19.8242,8.7422
41313,0.1561,0.722,-0.3605,-14.6172,20.9766,13.4258
41336,0.1049,0.7155,-0.4445,-11.6641,19.5742,15.4082
41359,0.1107,0.7092,-0.4207,-7.8027,15.5352,16.4785
41382,0.1382,0.7166,-0.3778,-5.0586,10.957,15.4746
41405,0.158,0.7183,-0.3359,-4.0645,8.2832,13.9082
41428,0.1447,0.7301,-0.3428,-4.0156,5.2305,10.6387
41451,0.1232,0.7196,-0.3396,-4.9414,3.877,8.0488
41474,0.064,0.7321,-0.3217,-7.5566,2.7285,3.7988
41497,0.1146,0.7268,-0.3282,-11.1816,2.2617,-0.666
41520,0.085,0.726,-0.3048,-13.8223,2.1289,-3.6406
41543,0.0522,0.7365,-0.2958,-17.5313,1.9414,-7.8848
41566,0.0272,0.7428,-0.299,-19.4824,1.7109,-10.4238
41589,0.0365,0.7374,-0.3118,-21.084,1.1211,-13.457
41612,0.0752,0.7303,-0.332,-20.6816,0.2676,-15.082
41635,0.1055,0.7292,-0.3396,-19.2383,-0.4023,-15.1406
41658,0.13,0.7301,-0.3218,-15.5137,-1.5039,-13.5234
41681,0.0664,0.7401,-0.3483,-12.2305,-2.2578,-11.3691
41704,0.1239,0.7362,-0.3483,-6.6621,-3.1992,-6.9082
41727,0.1024,0.7244,-0.3944,-2.9082,-3.4883,-2.0
41750,0.124,0.7245,-0.3646,2.0937,-3.0137,1.4844
41773,0.118,0.735,-0.3546,5.6152,-1.3633,5.4375
41796,0.1278,0.7325,-0.3267,6.8457,0.168,7.1211
41819,0.0863,0.7301,-0.374,6.8379,2.5039,7.9141
41842,0.0941,0.7297,-0.3262,5.6562,3.7539,7.2812
41865,0.3317,0.6963,-0.3298,2.4844,4.7637,4.8867
41888,0.5281,0.6606,-0.3329,-1.6797,4.3613,1.5996
41911,-0.1445,0.7937,-0.3147,-4.5332,3.3457,-0.168
41934,-0.1791,0.7532,-0.4006,-8.1914,1.5996,-0.3906
41957,0.0273,0.7333,-0.2756,-9.9336,0.8965,1.6484
41980,0.3406,0.7261,-0.1971,-11.3594,1.252,7.3418
42003,0.1467,0.7687,-0.3773,-11.5195,3.0781,13.7227
42026,0.0839,0.7117,-0.3176,-11.1309,4.1738,16.6855
42049,-0.0168,0.7642,-0.3137,-10.1934,3.6777,17.1992
42072,0.0472,0.7281,-0.3307,-9.5234,1.3867,14.6133
42095,0.1111,0.7303,-0.3344,-8.6641,-4.1699,7.4121
42118,0.1434,0.7216,-0.3115,-8.2187,-10.2187,-1.4219
42141,0.158,0.7365,-0.293,-7.6113,-13.0664,-6.9629
42164,0.0664,0.7357,-0.3285,-6.7949,-15.4785,-13.541
42187,0.0125,0.7374,-0.3458,-5.998,-15.7734,-16.4922
42210,0.0217,0.7308,-0.3478,-4.3301,-14.7969,-18.7676
42233,0.0974,0.7223,-0.3762,-2.9102,-13.5273,-18.9238
42256,0.0773,0.7384,-0.2902,-0.4082,-11.0684,-17.2188
42279,0.0414,0.7452,-0.3412,2.3711,-8.1074,-13.4277
42302,0.135,0.7196,-0.381,4.2441,-5.7949,-10.0078
42325,0.1249,0.7239,-0.3715,6.7891,-1.7363,-4.125
42348,0.1099,0.7187,-0.3496,8.1191,1.2539,-0.0879
42371,0.1229,0.7211,-0.3445,9.293,5.7031,5.4648
42394,0.1414,0.7209,-0.3317,9.3574,9.4219,9.7031
42417,0.1324,0.7321,-0.3622,8.8262,11.1719,11.5215
42440,0.1099,0.6936,-0.3656,7.377,12.3418,12.5254
42463,0.1047,0.7029,-0.3817,6.1562,12.0508,12.0234
42486,0.1179,0.7268,-0.3795,4.3594,10.1816,9.7441
42509,0.0912,0.7124,-0.4246,3.4316,7.2187,6.291
42532,0.1144,0.7112,-0.4238,2.6758,5.0547,3.8203
42555,0.1245,0.7131,-0.382,2.6328,2.0488,0.5801
42578,0.1346,0.7164,-0.3486,2.8594,0.3691,-0.9648
42601,0.1392,0.7268,-0.3625,3.2891,-1.6035,-2.1191
42624,0.0961,0.7477,-0.3306,3.4844,-2.6543,-2.1582
42647,0.1132,0.717,-0.3187,3.4961,-4.2715,-1.4277
42670,0.0879,0.714,-0.3096,3.0898,-6.7148,-0.2031
42693,0.1019,0.723,-0.3417,2.6191,-9.1074,0.7207
42716,0.0989,0.7639,-0.3801,1.834,-13.627,2.2012
42739,0.1073,0.7461,-0.3873,1.4199,-16.8105,3.2656
42762,0.1466,0.6542,-0.4845,1.0508,-21.0352,4.9785
42785,0.1145,0.7445,-0.531,0.7637,-24.0098,6.7129
42808,0.0983,0.8491,-0.3834,0.627,-25.1855,7.8242
42831,0.1317,0.825,-0.4731,1.1758,-25.8418,9.4336
42854,0.2126,0.7942,-0.563,2.5312,-25.582,10.3906
42877,0.125,0.774,-0.6047,6.5254,-24.3574,11.3574
42900,0.0597,0.7939,-0.6549,12.8828,-22.7227,11.5312
42923,0.0247,0.7538,-0.6904,18.2773,-21.8301,11.2402
42946,-0.0231,0.7117,-0.6569,27.8281,-21.0,10.4102
42969,0.0702,0.6589,-0.6577,35.0488,-20.6445,9.6367
42992,0.1425,0.5848,-0.6874,46.9082,-20.3926,7.957
43015,0.1931,0.5425,-0.6873,55.2734,-20.6426,5.3555
43038,0.1373,0.4919,-0.6099,63.998,-22.1797,3.2734
43061,0.0613,0.4214,-0.5546,63.998,-25.0156,-0.0312
43084,0.0651,0.33,-0.5988,63.998,-27.0078,-1.8398
43107,0.0649,0.2559,-0.5999,63.998,-29.0508,-3.168
43130,0.0364,0.2085,-0.5028,63.998,-29.4004,-2.7734
43153,-0.0544,0.1803,-0.3253,63.998,-28.207,0.1094
43176,-0.0707,0.1626,-0.3629,63.998,-24.7656,5.8047
43199,-0.0415,0.2314,-0.6533,63.998,-21.1855,10.959
43222,-0.0439,0.2827,-0.8696,63.998,-14.6016,20.127
43245,0.1477,0.2489,-0.8422,63.998,-9.9355,26.6543
43268,0.3964,0.2434,-0.9333,63.998,-2.6504,35.5762
43291,0.4535,0.2239,-1.1051,63.998,5.2266,41.4023
43314,0.4694,0.1844,-1.3002,63.998,10.5195,42.9453
43337,0.3638,0.1603,-1.3391,63.998,17.293,42.2246
43360,0.2012,0.1448,-1.1461,63.998,20.4512,40.6367
43383,0.1581,0.0977,-0.969,63.998,23.2695,38.5156
43406,0.256,-0.0072,-0.9542,63.998,24.834,38.4355
43429,0.2883,-0.0894,-1.0071,63.998,25.1445,39.9473
43452,0.2531,-0.1315,-0.9551,63.998,24.6348,44.5371
43475,0.2286,-0.1838,-0.8214,63.998,23.4277,48.9043
43498,0.2236,-0.2513,-0.7814,63.998,20.9336,56.7285
43521,0.2672,-0.3071,-0.8041,63.998,19.4297,62.2813
43544,0.3363,-0.3702,-0.875,63.998,18.168,63.998
43567,0.3551,-0.3907,-0.7966,63.998,18.0723,63.998
43590,0.3175,-0.4194,-0.7745,63.998,18.4414,63.998
43613,0.291,-0.458,-0.7649,63.998,19.3867,63.998
43636,0.2687,-0.4794,-0.7037,63.998,20.1387,63.998
43659,0.2352,-0.5105,-0.6583,63.998,21.3555,63.998
43682,0.2852,-0.5676,-0.7089,63.998,22.6152,63.998
43705,0.3469,-0.5682,-0.7811,63.998,23.2383,63.998
43728,0.3022,-0.5376,-0.7759,63.998,23.1563,63.998
43751,0.2352,-0.5173,-0.7778,63.998,22.2363,63.998
43774,0.2008,-0.5138,-0.7772,49.6094,19.8848,63.998
43797,0.2236,-0.4994,-0.777,33.8652,17.0547,63.998
43820,0.1967,-0.4868,-0.7688,23.9805,15.2441,63.998
43843,0.1367,-0.4971,-0.7786,11.8047,13.1816,63.998
43866,0.0811,-0.5067,-0.7949,5.5996,12.5059,63.998
43889,0.0851,-0.5072,-0.7772,-0.7656,12.6875,63.998
43912,0.1625,-0.5145,-0.7776,-3.2266,13.4434,63.998
43935,0.2802,-0.5597,-0.8281,-4.8184,14.8359,63.998
43958,0.2622,-0.5878,-0.9313,-4.8184,15.4902,63.998
43981,0.1383,-0.5867,-0.8715,-4.4082,15.1699,63.998
44004,0.1244,-0.5895,-0.7719,-3.5098,13.7988,60.8633
44027,0.1519,-0.6283,-0.7651,-2.7422,12.5937,55.5742
44050,0.3174,-0.6776,-0.8553,-1.4395,10.6211,47.5449
44073,0.3413,-0.6746,-0.9,-0.416,8.1855,39.6152
44096,0.1549,-0.6356,-0.7935,-0.1074,6.1523,34.5859
44119,0.0193,-0.6134,-0.7753,-0.1055,2.875,28.0996
44142,0.114,-0.6302,-0.781,-0.2207,0.957,24.8574
44165,0.2279,-0.6344,-0.8341,-0.3984,-1.2461,21.7422
44188,0.1898,-0.6276,-0.8815,-0.6504,-2.9277,20.2461
44211,0.1757,-0.6394,-0.8096,-0.8379,-3.8633,19.8594
44234,0.094,-0.6482,-0.7205,-0.8457,-4.666,20.0195
44257,0.0419,-0.6877,-0.7327,-0.4883,-4.4941,20.6387
44280,0.2233,-0.6923,-0.7562,0.5605,-2.9414,22.2793
44303,0.2439,-0.6875,-0.8529,1.375,-1.2656,24.3145
44326,0.1089,-0.6315,-0.8038,2.3164,1.6289,25.627
44349,-0.0377,-0.5898,-0.7157,2.7383,4.7051,27.457
44372,0.0708,-0.6306,-0.7994,2.7871,6.7734,28.6113
44395,0.2238,-0.6349,-0.7802,2.4902,9.5254,30.0117
44418,0.114,-0.5913,-0.7897,2.0059,10.8418,30.4453
44441,0.0317,-0.5765,-0.8014,0.8418,11.7852,30.0352
44464,0.115,-0.6261,-0.8328,-0.7441,11.5312,28.3613
44487,0.1423,-0.6519,-0.7601,-1.9141,10.7793,26.6465
44510,0.1138,-0.6591,-0.8729,-3.5547,9.0547,23.3789
44533,0.1455,-0.6661,-0.8116,-4.3984,7.7148,20.8555
44556,0.1798,-0.6925,-0.7301,-4.959,5.7266,16.6973
44579,0.1248,-0.6765,-0.7802,-4.3535,4.0078,12.2187
44602,0.1361,-0.6567,-0.7911,-3.293,3.0723,9.1289
44625,0.1458,-0.6466,-0.7905,-1.0,1.9746,4.4922
44648,0.1117,-0.6328,-0.7833,0.7637,1.3926,1.5371
44671,0.1218,-0.6136,-0.7764,3.3516,0.5449,-2.3867
44694,0.147,-0.5809,-0.8066,4.7852,-0.6406,-5.3242
44717,0.0784,-0.547,-0.8164,6.1152,-1.4785,-6.5742
44740,0.0846,-0.5836,-0.8785,6.125,-3.0664,-7.3359
44763,0.0613,-0.5898,-0.7086,5.3027,-4.1602,-7.1855
44786,0.033,-0.5996,-0.7874,2.9316,-5.8555,-6.3437
44809,0.1783,-0.5994,-0.9449,0.6797,-7.1895,-5.752
44832,0.1146,-0.5614,-0.9648,-3.5469,-9.9395,-5.6777
44855,0.0637,-0.5458,-0.937,-8.1523,-13.5977,-7.3945
44878,0.0201,-0.5565,-0.9739,-10.832,-16.2656,-9.7363
44901,0.014,-0.557,-0.8214,-13.2812,-20.1641,-15.0137
44924,0.0388,-0.5851,-0.7708,-13.4121,-22.623,-19.623
44947,-0.0139,-0.5964,-0.7469,-11.0879,-26.3125,-28.0508
44970,0.0881,-0.647,-0.7399,-6.3047,-30.3594,-38.1953
44993,0.2035,-0.7122,-0.7828,-2.4375,-33.4629,-45.8613
45016,0.0834,-0.6722,-0.6927,3.1309,-38.957,-58.4492
45039,-0.0728,-0.5964,-0.6392,6.1152,-43.0449,-64.0
45062,-0.0785,-0.5558,-0.6066,8.8262,-49.2266,-64.0
45085,0.0587,-0.5746,-0.6459,8.5859,-55.123,-64.0
45108,0.2065,-0.5696,-0.6666,6.3027,-59.2051,-64.0
45131,0.2274,-0.5472,-0.7516,-1.4063,-64.0,-64.0
45154,0.1791,-0.4963,-0.8259,-9.7012,-64.0,-64.0
45177,0.1549,-0.4706,-0.9166,-26.7246,-64.0,-64.0
45200,0.1517,-0.457,-0.9082,-40.4922,-64.0,-64.0
45223,0.1375,-0.4399,-0.8743,-62.7461,-64.0,-64.0
45246,0.0667,-0.3767,-0.7936,-64.0,-64.0,-64.0
45269,0.027,-0.3257,-0.8291,-64.0,-64.0,-64.0
45292,0.074,-0.3428,-0.9557,-64.0,-64.0,-64.0
45315,0.192,-0.4146,-0.9756,-64.0,-64.0,-64.0
45338,0.1538,-0.374,-0.8142,-64.0,-64.0,-64.0
45361,-0.0555,-0.2616,-0.7449,-64.0,-57.4238,-64.0
45384,-0.0648,-0.2466,-0.8297,-64.0,-46.3398,-64.0
45407,0.0754,-0.2775,-0.905,-64.0,-29.8066,-59.2148
45430,0.1462,-0.2646,-0.8783,-64.0,-19.6699,-49.2129
45453,0.0439,-0.1816,-0.8407,-64.0,-7.0996,-35.5137
45476,-0.0988,-0.1367,-0.9353,-55.5293,1.8652,-24.0234
45499,-0.0524,-0.1486,-1.0435,-48.8359,6.1191,-17.6504
45522,-0.0157,-0.1708,-0.9182,-40.5,10.3848,-9.9355
45545,-0.0149,-0.1223,-0.7704,-35.8066,12.0117,-5.9648
45568,-0.0901,-0.0785,-0.7998,-29.2422,13.2012,-1.543
45591,-0.1149,-0.0927,-0.9205,-24.8438,13.7734,1.4395
45614,-0.0504,-0.0879,-0.9509,-18.2773,15.4004,2.7852
45637,0.0673,-0.0918,-0.991,-12.5,18.1855,3.7949
45660,0.1051,-0.1067,-1.0503,-9.5703,20.207,3.6738
45683,0.0702,-0.0857,-0.9425,-7.0137,22.6934,2.2285
45706,0.1206,-0.0479,-0.8575,-6.5254,23.8613,0.5215
45729,0.1986,-0.0505,-1.0438,-7.418,24.9336,-2.9004
45752,0.264,-0.0875,-1.2048,-10.3965,24.791,-7.1074
45775,0.2866,-0.0952,-1.2081,-13.6719,23.6152,-10.1582
45798,0.2405,-0.0776,-1.1772,-19.9609,20.0742,-14.5547
45821,0.1157,-0.0671,-1.0859,-24.1172,16.9277,-16.873
45844,0.0645,-0.0912,-1.0938,-27.9727,12.3926,-18.5352
45867,0.1282,-0.1212,-1.0787,-26.4063,9.3398,-17.4043
45890,0.1376,-0.1503,-1.1074,-21.498,8.0293,-15.1719
45913,0.076,-0.168,-1.0303,-8.1699,6.1016,-10.2793
45936,0.0088,-0.184,-0.8397,4.3262,4.3242,-6.5098
45959,-0.0509,-0.266,-0.7941,27.252,0.6406,-0.9707
45982,0.0602,-0.3665,-0.7855,44.127,-4.0078,3.459
46005,0.1996,-0.4199,-0.9309,63.998,-7.4004,5.2715
46028,0.2147,-0.4368,-1.0884,63.998,-12.6016,5.7207
46051,0.1675,-0.4211,-0.9663,63.998,-16.0352,4.5293
46074,-0.0237,-0.3666,-0.6794,63.998,-20.7012,1.2617
46097,-0.2107,-0.3202,-0.4425,63.998,-22.7852,-1.2148
46120,-0.1061,-0.3274,-0.5979,63.998,-22.9883,-4.3496
46143,0.1399,-0.3563,-0.9333,60.1563,-19.6152,-6.5391
46166,0.1993,-0.3826,-1.1284,45.6348,-16.3203,-7.8027
46189,0.2379,-0.3678,-1.1621,21.834,-11.3887,-9.9863
46212,0.0914,-0.3317,-0.9817,5.5332,-8.5684,-11.7051
46235,-0.0425,-0.2921,-0.9227,-17.3691,-5.0137,-14.248
46258,0.0476,-0.2908,-1.0493,-35.8984,-1.9688,-15.959
46281,0.0985,-0.2614,-1.0293,-44.9297,-0.3359,-16.3867
46304,0.0072,-0.2197,-0.9521,-52.9043,1.25,-16.0176
46327,-0.0002,-0.2129,-0.9742,-54.4648,1.7852,-15.2383
46350,0.0702,-0.2216,-1.0012,-51.7578,1.8926,-13.623
46373,0.0549,-0.2343,-0.9515,-44.2793,1.1895,-12.0312
46396,0.0773,-0.2332,-0.9205,-37.9531,0.4805,-11.248
46419,0.0878,-0.2546,-0.9702,-27.1563,-0.4805,-10.6816
46442,0.0378,-0.2603,-1.0306,-20.0449,-0.9258,-10.6816
46465,0.0454,-0.2693,-0.9878,-10.6641,-1.4395,-11.0391
46488,0.0946,-0.2736,-0.8969,-5.6484,-1.8164,-11.3945
46511,0.101,-0.2758,-0.8588,-0.0332,-2.4883,-12.0039
46534,0.0773,-0.2775,-0.8372,3.6445,-3.0371,-12.5898
46557,0.0571,-0.2828,-0.8539,5.1934,-3.166,-12.8437
46580,0.0912,-0.2828,-0.8818,6.2402,-2.8926,-12.793
46603,0.1167,-0.2783,-0.9321,6.0762,-2.4277,-12.3789
46626,0.0846,-0.2695,-0.9568,4.5488,-1.4824,-11.1191
46649,0.0073,-0.2535,-0.9148,1.6289,-0.582,-9.0742
46672,0.012,-0.2375,-0.8903,-0.9023,-0.2031,-7.3125
46695,0.0555,-0.2382,-0.9601,-5.2227,-0.3281,-4.3359
46718,0.0425,-0.2327,-0.9843,-8.2754,-1.0996,-2.3652
46741,-0.0419,-0.2032,-0.8661,-12.7891,-3.3516,0.1816
46764,-0.0582,-0.2008,-0.9108,-16.7949,-6.5957,1.9453
46787,0.0111,-0.2218,-1.0498,-19.1621,-9.3359,2.6191
46810,0.0115,-0.1932,-0.9536,-22.5625,-14.6836,2.8359
46833,-0.0798,-0.1797,-0.8076,-24.7695,-19.0664,2.4727
46856,-0.1013,-0.1779,-0.9049,-27.8848,-26.4063,1.3711
46879,-0.067,-0.1533,-0.9161,-29.9766,-31.6289,0.0
46902,0.0012,-0.1592,-1.0154,-33.7793,-39.9551,-0.8887
46925,-0.1167,-0.0911,-1.0256,-39.1563,-48.8418,-1.9492
46948,-0.2681,-0.0181,-0.8127,-43.7031,-54.7031,-2.2871
46971,-0.2544,-0.0364,-1.0013,-51.3203,-61.9648,-1.9121
46994,-0.0995,-0.0782,-1.1765,-56.4785,-64.0,-1.0254
47017,-0.1631,-0.0369,-0.9132,-63.4805,-64.0,0.8965
47040,-0.2625,-0.0078,-0.7029,-64.0,-63.7715,2.7793
47063,-0.2351,-0.0144,-0.7507,-64.0,-59.4961,3.6836
47086,-0.1967,-0.0225,-0.9144,-62.875,-49.9238,4.2695
47109,-0.2208,-0.0122,-0.8702,-57.0273,-42.2207,4.1504
47132,-0.1965,-0.0132,-0.7715,-45.8887,-30.1289,3.4082
47155,-0.1615,-0.02,-0.8291,-33.9512,-18.8223,2.3691
47178,-0.2457,-0.0043,-0.8582,-26.6602,-12.3789,1.7617
47201,-0.2247,0.0167,-0.9286,-18.1816,-5.0859,1.3828
47224,-0.2101,0.0265,-0.9448,-14.7441,-2.0781,1.627
47247,-0.2401,0.0416,-0.9185,-13.1602,-0.2969,2.7129
47270,-0.2423,0.0496,-0.9241,-14.1855,-0.9434,4.3535
47293,-0.2263,0.0598,-0.9189,-17.7988,-2.0977,5.5293
47316,-0.2428,0.0725,-0.9213,-22.3613,-4.0352,7.1035
47339,-0.2444,0.0907,-0.8993,-25.1035,-4.9941,7.8867
47362,-0.2483,0.0906,-0.9077,-27.8027,-5.332,8.5195
47385,-0.2344,0.0815,-0.9415,-28.3457,-4.7012,8.5312
47408,-0.2125,0.084,-0.9177,-27.1953,-2.6582,7.9102
47431,-0.2024,0.0844,-0.8947,-23.9238,0.1973,6.5801
47454,-0.2181,0.074,-0.88,-20.791,2.2598,5.3809
47477,-0.2067,0.0543,-0.8954,-15.1953,5.1738,3.3262
47500,-0.1903,0.046,-0.8846,-11.2695,6.7715,1.9141
47523,-0.1746,0.0507,-0.8964,-5.7578,8.4199,-0.0859
47546,-0.1755,0.0511,-0.9185,-1.2969,9.1094,-1.7793
47569,-0.1655,0.0524,-0.927,0.9004,9.0937,-2.666
47592,-0.1927,0.0583,-0.9316,2.9902,8.5273,-3.5391
47615,-0.1923,0.0543,-0.9006,3.6758,7.916,-3.7793
47638,-0.1921,0.0518,-0.858,3.9395,6.8984,-3.6426
47661,-0.1755,0.0409,-0.8807,3.623,5.9473,-3.0527
47684,-0.1526,0.0369,-0.9103,3.1992,5.3223,-2.5312
47707,-0.1942,0.0437,-0.8951,2.3008,4.2676,-1.7344
47730,-0.1835,0.0485,-0.906,1.582,3.5059,-1.248
47753,-0.1698,0.0443,-0.9297,0.4512,2.457,-0.6328
47776,-0.1675,0.0431,-0.9313,-0.2578,1.9121,-0.3125
47799,-0.1757,0.0363,-0.8955,-1.1328,1.3242,0.0332
47822,-0.1892,0.0361,-0.8755,-1.6191,0.9121,0.2598
47845,-0.1724,0.0282,-0.8982,-1.6582,0.7187,0.377
47868,-0.1741,0.0305,-0.886,-1.291,0.5957,0.5332
47891,-0.1798,0.0325,-0.8789,-0.8145,0.6387,0.6367
47914,-0.1747,0.0347,-0.9005,0.084,0.8516,0.7988
47937,-0.1759,0.0398,-0.9259,0.9277,1.0391,0.9648
47960,-0.1783,0.0446,-0.9087,1.3203,1.0176,1.0605
47983,-0.1932,0.0381,-0.9082,1.5566,0.6973,1.1602
48006,-0.1708,0.0305,-0.9181,1.4785,0.3262,1.1816
48029,-0.1704,0.0282,-0.9058,1.084,-0.3809,1.1172
48052,-0.1793,0.0266,-0.869,0.5391,-1.0781,0.9219
48075,-0.1821,0.0233,-0.8855,0.2109,-1.3887,0.7324
48098,-0.15,0.0178,-0.9261,-0.1582,-1.498,0.3926
48121,-0.1652,0.0189,-0.9105,-0.3613,-1.3633,0.1406
48144,-0.1781,0.0249,-0.9048,-0.6484,-0.9473,-0.2344
48167,-0.176,0.0255,-0.9073,-0.8281,-0.5762,-0.5293
48190,-0.1715,0.0232,-0.9175,-1.0527,0.0449,-0.6543
48213,-0.1743,0.0251,-0.9045,-1.2246,0.6582,-0.7285
48236,-0.163,0.0234,-0.8837,-1.3008,1.0215,-0.7168
48259,-0.1635,0.0181,-0.8983,-1.3379,1.4883,-0.6367
48282,-0.1627,0.0171,-0.9159,-1.3262,1.7363,-0.5703
48305,-0.1725,0.0194,-0.9089,-1.3164,1.9668,-0.4863
48328,-0.1541,0.0208,-0.9243,-1.3711,2.0312,-0.4473
48351,-0.151,0.0131,-0.9431,-1.459,2.0078,-0.4531
48374,-0.1617,0.0153,-0.9033,-1.6523,1.8926,-0.5039
48397,-0.1554,0.0126,-0.8971,-1.7832,1.7715,-0.5586
48420,-0.1575,0.0132,-0.9065,-1.8945,1.5117,-0.6445
48443,-0.1641,0.0109,-0.913,-1.877,1.1523,-0.7148
48466,-0.1671,0.0101,-0.9122,-1.7969,0.9004,-0.7441
48489,-0.1577,0.0049,-0.9232,-1.5859,0.6152,-0.7598
48512,-0.1544,0.0024,-0.9022,-1.3984,0.5254,-0.7539
48535,-0.1537,0.0018,-0.8792,-1.0469,0.5195,-0.7285
48558,-0.1494,0.0013,-0.9084,-0.7715,0.5781,-0.6777
48581,-0.1534,0.0049,-0.8988,-0.3535,0.6035,-0.627
48604,-0.1504,0.0098,-0.8845,-0.0391,0.6152,-0.5176
48627,-0.1362,0.0028,-0.906,0.0605,0.6172,-0.4238
48650,-0.1405,-0.0038,-0.9485,-0.041,0.6016,-0.252
48673,-0.1506,-0.0023,-0.9589,-0.3223,0.5781,-0.1074
48696,-0.1406,0.0022,-0.9562,-1.0566,0.5332,0.1758
48719,-0.1427,0.0043,-0.9366,-1.9941,0.4141,0.5586
48742,-0.146,0.0077,-0.8855,-2.5703,0.2461,0.8594
48765,-0.1633,0.009,-0.8778,-3.1055,-0.1641,1.3457
48788,-0.1735,0.0063,-0.9073,-3.1523,-0.5293,1.6641
48811,-0.1871,0.0123,-0.8875,-2.7734,-1.1582,2.0879
48834,-0.1785,0.0082,-0.8683,-2.0039,-1.7266,2.3906
48857,-0.1654,-0.0032,-0.8724,-1.3711,-1.9629,2.4902
48880,-0.1499,-0.0104,-0.8876,-0.4199,-2.0625,2.4316
48903,-0.15,-0.0128,-0.9056,0.0957,-1.9902,2.2285
48926,-0.1434,-0.0067,-0.9265,0.5078,-1.7031,1.6992
48949,-0.1509,-0.001,-0.9407,0.3809,-1.1855,0.9883
48972,-0.1401,-0.0057,-0.9319,0.0137,-0.7227,0.4863
48995,-0.1447,-0.0081,-0.9203,-0.8086,0.082,-0.207
49018,-0.136,-0.0114,-0.911,-1.4102,0.6602,-0.582
49041,-0.1377,-0.014,-0.9288,-2.1797,1.5703,-0.959
49064,-0.1256,-0.0112,-0.9409,-2.5273,2.168,-1.0742
49087,-0.1305,-0.0101,-0.941,-2.7812,2.9023,-1.0508
49110,-0.1366,-0.0083,-0.9381,-2.7676,3.3047,-0.8242
49133,-0.1432,-0.0101,-0.936,-2.6406,3.3672,-0.5879
49156,-0.1458,-0.0107,-0.9246,-2.3027,3.1406,-0.1602
49179,-0.1455,-0.0176,-0.9081,-1.9863,2.7676,0.1367
49202,-0.1404,-0.0186,-0.8988,-1.3906,1.9414,0.5352
49225,-0.1249,-0.0271,-0.9087,-0.6875,0.9844,0.8145
49248,-0.1241,-0.0294,-0.908,-0.209,0.3594,0.9121
49271,-0.1301,-0.027,-0.9196,0.4121,-0.4941,0.9453
49294,-0.1366,-0.0201,-0.9156,0.7031,-0.9824,0.9258
49317,-0.1458,-0.0223,-0.9086,0.9004,-1.5313,0.9141
49340,-0.1442,-0.0247,-0.892,0.8066,-1.8203,0.9941
49363,-0.152,-0.0203,-0.8879,0.5937,-1.8926,1.1211
49386,-0.1392,-0.0182,-0.911,0.0625,-1.8848,1.3965
49409,-0.1461,-0.0137,-0.9332,-0.4355,-1.8359,1.6055
49432,-0.1469,-0.0095,-0.9401,-1.377,-1.75,1.8867
49455,-0.152,-0.0068,-0.9124,-2.0859,-1.7109,2.0547
49478,-0.1562,-0.0084,-0.894,-3.1211,-1.6875,2.0762
49501,-0.1453,-0.016,-0.9117,-3.9473,-1.6563,1.9492
49524,-0.1345,-0.0188,-0.9343,-4.332,-1.6211,1.7402
49547,-0.1434,-0.0187,-0.9275,-4.6719,-1.5605,1.2363
49570,-0.1327,-0.0206,-0.9408,-4.7578,-1.5156,0.7988
49593,-0.1443,-0.0215,-0.9231,-4.6953,-1.4629,0.0605
49616,-0.1307,-0.0232,-0.8939,-4.4082,-1.3965,-0.6504
49639,-0.1309,-0.0294,-0.9109,-4.0918,-1.3027,-1.0469
49662,-0.131,-0.0282,-0.9275,-3.4863,-1.0566,-1.4551
49685,-0.1355,-0.0258,-0.9269,-3.0566,-0.8477,-1.5762
49708,-0.1383,-0.0215,-0.9144,-2.4629,-0.5312,-1.5254
49731,-0.1403,-0.0198,-0.9117,-1.9941,-0.2559,-1.2148
49754,-0.1464,-0.0189,-0.8992,-1.7754,-0.1113,-0.8945
49777,-0.1412,-0.0189,-0.8933,-1.6172,0.0332,-0.3125
49800,-0.1172,-0.0248,-0.9275,-1.6328,0.0742,0.0898
49823,-0.1305,-0.0195,-0.9386,-1.8691,-0.0078,0.6211
49846,-0.151,-0.0183,-0.9346,-2.1621,-0.2793,1.0234
49869,-0.1459,-0.0175,-0.9158,-2.7422,-0.5273,1.2246
49892,-0.1482,-0.0129,-0.9132,-3.3477,-0.9258,1.4453
49915,-0.1459,-0.0114,-0.9222,-3.6914,-1.1641,1.5391
49938,-0.1379,-0.0183,-0.9384,-4.0449,-1.4102,1.5859
49961,-0.1359,-0.0199,-0.9388,-4.1484,-1.4863,1.543
49984,-0.1461,-0.0244,-0.9063,-4.0762,-1.4844,1.3555
50007,-0.1488,-0.0316,-0.8728,-3.6914,-1.3613,1.0449
50030,-0.1295,-0.0446,-0.8821,-3.2695,-1.207,0.793
50053,-0.1135,-0.0482,-0.9111,-2.5195,-0.8945,0.377
50076,-0.119,-0.0388,-0.947,-2.0625,-0.668,0.1035
50099,-0.1256,-0.033,-0.9606,-1.6484,-0.3711,-0.2324
50122,-0.1284,-0.0229,-0.9315,-1.6777,-0.1602,-0.3672
50145,-0.1505,-0.0181,-0.8992,-1.8984,-0.0527,-0.3086
50168,-0.1459,-0.0177,-0.92,-2.3613,0.082,0.0137
50191,-0.1316,-0.0171,-0.9297,-2.6816,0.1387,0.3496
50214,-0.1447,-0.0183,-0.9359,-3.1094,0.084,0.9238
50237,-0.1498,-0.019,-0.9365,-3.4141,-0.2051,1.4219
50260,-0.1516,-0.0222,-0.9001,-3.5098,-0.5137,1.6387
50283,-0.1406,-0.0302,-0.8875,-3.4219,-1.0605,1.7168
50306,-0.1232,-0.0372,-0.9026,-3.2031,-1.4219,1.582
50329,-0.1305,-0.0345,-0.9128,-2.7109,-1.877,1.1094
50352,-0.1388,-0.033,-0.9148,-2.3535,-2.0781,0.1582
50375,-0.1327,-0.0376,-0.9075,-1.9043,-2.1719,-0.1016
50398,-0.1265,-0.0428,-0.8948,-1.6602,-2.0078,-0.8145
50421,-0.137,-0.038,-0.908,-1.6426,-1.7715,-1.1914
50444,-0.132,-0.033,-0.9681,-1.8633,-1.2852,-1.5293
50467,-0.131,-0.0267,-0.9551,-2.1836,-0.9336,-1.5742
50490,-0.1357,-0.0205,-0.9373,-2.8711,-0.4727,-1.3711
50513,-0.1339,-0.0231,-0.9187,-3.6504,-0.123,-0.9023
50536,-0.1371,-0.0197,-0.9132,-4.0996,0.0762,-0.502
50559,-0.1384,-0.0208,-0.9286,-4.5352,0.3555,0.123
50582,-0.1263,-0.0242,-0.9443,-4.6367,0.5176,0.4922
50605,-0.1331,-0.0328,-0.9308,-4.5215,0.6602,0.8906
50628,-0.1239,-0.0403,-0.8928,-4.1367,0.6504,1.0469
50651,-0.1312,-0.0403,-0.8739,-3.7441,0.5801,1.0137
50674,-0.1256,-0.038,-0.9041,-3.0195,0.4414,0.8066
50697,-0.1201,-0.0348,-0.9338,-2.541,0.3496,0.6113
50720,-0.1173,-0.0342,-0.9552,-2.0273,0.2246,0.3242
50743,-0.1189,-0.0282,-0.9301,-1.8984,0.1582,0.127
50766,-0.1376,-0.0234,-0.923,-2.0098,0.1094,0.0742
50789,-0.14,-0.0205,-0.9169,-2.3418,0.1406,0.1289
50812,-0.1371,-0.0225,-0.9225,-2.5957,0.207,0.2363
50835,-0.1249,-0.0621,-0.9242,-2.9375,0.3359,0.4336
50858,-0.1116,-0.0414,-0.926,-3.1113,0.4062,0.5293
50881,-0.1215,-0.0424,-0.9135,-3.2676,0.4512,0.5391
50904,-0.1163,-0.0459,-0.9192,-3.2754,0.459,0.3691
50927,-0.114,-0.0494,-0.9205,-3.2031,0.457,0.1816
50950,-0.1292,-0.0464,-0.8912,-3.0215,0.4121,-0.1328
50973,-0.1254,-0.0483,-0.8868,-2.8789,0.3457,-0.3145
50996,-0.1138,-0.0472,-0.902,-2.7012,0.2207,-0.4648
51019,-0.1268,-0.0358,-0.9238,-2.6777,0.0996,-0.416
51042,-0.1162,-0.0264,-0.9401,-2.8086,0.0527,-0.2578
51065,-0.1307,-0.0187,-0.9446,-3.2676,0.0449,0.1543
51088,-0.1388,-0.0146,-0.9346,-3.7285,0.084,0.5117
51111,-0.1367,-0.0049,-0.9537,-4.5293,0.2402,1.0918
51134,-0.1342,-0.0101,-0.975,-5.0391,0.5117,1.5742
51157,-0.1495,-0.0146,-0.9308,-5.5898,0.7109,1.75
51180,-0.1514,-0.0205,-0.8922,-5.668,0.9922,1.6621
51203,-0.1296,-0.0349,-0.9071,-5.3691,1.1465,1.3105
51226,-0.1165,-0.0464,-0.9065,-4.4102,1.2539,0.2871
51249,-0.0964,-0.0623,-0.9026,-3.5215,1.2012,-0.7207
51272,-0.0664,-0.069,-0.912,-2.0469,0.957,-2.627
51295,-0.0823,-0.0636,-0.9237,-0.7168,0.627,-4.7793
51318,-0.1006,-0.056,-0.9286,-0.0625,0.459,-6.1582
51341,-0.0953,-0.0562,-0.937,0.4219,0.3965,-7.8301
51364,-0.1042,-0.0531,-0.8977,0.3789,0.4434,-8.5332
51387,-0.1099,-0.0515,-0.8954,-0.1797,0.5215,-8.8535
51410,-0.0957,-0.0514,-0.9258,-1.1777,0.5371,-8.3203
51433,-0.0948,-0.0446,-0.9397,-2.002,0.5176,-7.5801
51456,-0.0922,-0.0392,-0.95,-3.3633,0.4336,-6.0859
51479,-0.1226,-0.0312,-0.9255,-4.2812,0.3281,-4.9414
51502,-0.1273,-0.0236,-0.9041,-5.5176,0.127,-3.1641
51525,-0.109,-0.0237,-0.925,-6.4062,-0.0586,-1.4824
51548,-0.1025,-0.0242,-0.9335,-6.7559,-0.1582,-0.5098
51571,-0.1086,-0.0245,-0.9393,-6.9434,-0.2695,0.6074
51594,-0.1106,-0.0277,-0.9424,-6.875,-0.3262,1.0938
51617,-0.1329,-0.0375,-0.9041,-6.543,-0.4082,1.4473
51640,-0.0946,-0.0437,-0.8743,-6.1895,-0.4648,1.4648
51663,-0.0908,-0.0656,-0.9541,-5.5176,-0.5195,1.2344
51686,-0.1029,-0.0469,-0.9673,-4.8477,-0.5039,0.7969
51709,-0.1066,-0.0341,-0.9861,-4.5117,-0.4648,0.4766
51732,-0.1025,-0.0294,-0.9469,-4.2344,-0.4316,0.1035
51755,-0.1085,-0.0214,-0.8833,-4.1406,-0.4727,-0.0078
51778,-0.1034,-0.0238,-0.8701,-3.9082,-0.5918,0.0684
51801,-0.1075,-0.0339,-0.9476,-3.3887,-0.6504,0.3984
51824,-0.1069,-0.035,-0.9795,-2.9277,-0.6406,0.7051
51847,-0.1282,-0.0356,-0.9301,-2.2305,-0.6016,1.1816
51870,-0.1118,-0.0431,-0.88,-1.8027,-0.5723,1.4551
51893,-0.1099,-0.0481,-0.8888,-1.2012,-0.5332,1.7305
51916,-0.1068,-0.0469,-0.932,-0.6895,-0.5059,1.7949
51939,-0.1135,-0.0453,-0.9562,-0.4551,-0.5059,1.7227
51962,-0.1094,-0.0453,-0.9493,-0.3398,-0.5527,1.4941
51985,-0.1033,-0.0503,-0.9116,-0.4141,-0.6172,1.2969
52008,-0.1035,-0.0529,-0.8763,-0.6191,-0.6953,0.9805
52031,-0.1028,-0.0547,-0.9033,-0.7187,-0.6602,0.6797
52054,-0.0941,-0.0575,-0.9535,-0.7461,-0.3809,0.5059
52077,-0.0868,-0.0569,-0.9563,-0.7168,0.0781,0.3047
52100,-0.0986,-0.0594,-0.912,-0.7187,0.3906,0.2227
52123,-0.0914,-0.0582,-0.8854,-0.752,0.7852,0.2031
52146,-0.0947,-0.056,-0.9265,-0.7715,0.9863,0.2637
52169,-0.0974,-0.0511,-0.9517,-0.8281,1.1582,0.4629
52192,-0.1233,-0.0498,-0.943,-1.0039,1.1699,0.7676
52215,-0.0914,-0.0532,-0.9241,-1.1953,1.1172,1.0078
52238,-0.0864,-0.0577,-0.9131,-1.5098,0.9805,1.3711
52261,-0.1097,-0.0498,-0.8896,-1.6719,0.8809,1.5801
52284,-0.1232,-0.0513,-0.931,-1.7715,0.793,1.8125
52307,-0.0994,-0.0472,-0.937,-1.7324,0.832,1.9199
52330,-0.0762,-0.0546,-0.9336,-1.668,0.9141,1.8984
52353,-0.0901,-0.0597,-0.9366,-1.5547,1.0527,1.6934
52376,-0.1088,-0.0569,-0.9279,-1.4766,1.1289,1.4473
52399,-0.1089,-0.0605,-0.9225,-1.3594,1.2129,0.9531
52422,-0.0809,-0.0642,-0.9327,-1.2832,1.3008,0.3574
52445,-0.0833,-0.0637,-0.9531,-1.1836,1.3691,-0.084
52468,-0.09,-0.0631,-0.9438,-1.1328,1.4297,-0.793
52491,-0.0902,-0.064,-0.9266,-1.125,1.4102,-1.2676
52514,-0.0842,-0.068,-0.9169,-1.0977,1.2754,-1.9297
52537,-0.0763,-0.0736,-0.907,-1.0352,1.1328,-2.3145
52560,-0.0664,-0.0837,-0.9152,-0.8574,0.877,-2.7852
52583,-0.0687,-0.0875,-0.9254,-0.6309,0.5664,-3.1133
52606,-0.0844,-0.0863,-0.9186,-0.5059,0.3164,-3.2422
52629,-0.0908,-0.0802,-0.9155,-0.4258,-0.0762,-3.2832
52652,-0.0822,-0.0813,-0.9241,-0.4668,-0.2969,-3.1973
52675,-0.0763,-0.0765,-0.9218,-0.6934,-0.4824,-2.9102
52698,-0.0792,-0.0715,-0.9341,-1.1172,-0.4531,-2.4824
52721,-0.0898,-0.0681,-0.9606,-1.502,-0.3281,-2.1445
52744,-0.0867,-0.0658,-0.9591,-2.2148,-0.0742,-1.5957
52767,-0.0803,-0.0645,-0.9333,-2.7324,0.0898,-1.2227
52790,-0.087,-0.0684,-0.9182,-3.4258,0.3027,-0.6953
52813,-0.0729,-0.0757,-0.9329,-3.8516,0.4687,-0.2598
52836,-0.0645,-0.0839,-0.9431,-3.9473,0.5371,-0.0469
52859,-0.0765,-0.0836,-0.9316,-3.8281,0.5371,0.1289
52882,-0.0856,-0.0804,-0.9196,-3.6016,0.4707,0.1582
52905,-0.0817,-0.0771,-0.927,-3.1133,0.3223,0.1172
52928,-0.0833,-0.0723,-0.9164,-2.7441,0.2129,0.0684
52951,-0.0846,-0.0731,-0.9187,-2.2207,0.0332,0.0137
52974,-0.0765,-0.077,-0.9207,-1.8262,-0.1484,-0.0059
52997,-0.0747,-0.0756,-0.9231,-1.6836,-0.252,-0.0078
53020,-0.068,-0.0718,-0.9436,-1.6914,-0.3477,-0.0117
53043,-0.0753,-0.0751,-0.9611,-1.8555,-0.3672,-0.0234
53066,-0.0815,-0.0723,-0.9408,-2.3105,-0.3437,-0.0508
53089,-0.0764,-0.0768,-0.9366,-2.9043,-0.2949,-0.0762
53112,-0.066,-0.0873,-0.9266,-3.2891,-0.2793,-0.0879
53135,-0.0723,-0.0952,-0.8942,-3.7168,-0.2988,-0.1016
53158,-0.0764,-0.0953,-0.9291,-3.8516,-0.3125,-0.1035
53181,-0.0586,-0.0939,-0.9873,-3.8398,-0.3066,-0.0723
53204,-0.0509,-0.0901,-0.9875,-3.6992,-0.3242,0.041
53227,-0.0566,-0.0786,-0.9701,-3.5703,-0.3613,0.1875
53250,-0.075,-0.0725,-0.9271,-3.2539,-0.3887,0.5527
53273,-0.0757,-0.072,-0.8901,-2.877,-0.3379,0.9102
53296,-0.0703,-0.0863,-0.9204,-1.9922,-0.1211,1.6094
53319,-0.066,-0.0901,-0.9213,-1.2441,0.0762,2.4219
53342,-0.0862,-0.0947,-0.9084,-0.0918,0.3301,2.957
53365,-0.0793,-0.0983,-0.9105,0.8301,0.4473,3.6641
53388,-0.0697,-0.0978,-0.899,1.1992,0.4473,4.0332
53411,-0.0752,-0.0919,-0.9156,1.2852,0.3535,4.3809
53434,-0.0909,-0.0806,-0.9437,1.0059,0.2441,4.4629
53457,-0.0714,-0.0778,-0.9781,0.0781,0.0137,4.373
53480,-0.0725,-0.0751,-0.9623,-1.3457,-0.293,4.0488
53503,-0.0906,-0.0734,-0.9208,-2.4277,-0.5195,3.7187
53526,-0.0841,-0.0781,-0.8932,-3.9258,-0.8125,3.0937
53549,-0.0684,-0.0869,-0.9227,-4.6777,-0.9375,2.6074
53572,-0.0626,-0.0912,-0.9312,-5.3086,-1.0547,1.791
53595,-0.0728,-0.0854,-0.9271,-5.3945,-1.1777,0.8945
53618,-0.0753,-0.0869,-0.8779,-5.2207,-1.291,0.291
53641,-0.0652,-0.0951,-0.8816,-4.75,-1.4883,-0.5664
53664,-0.0648,-0.097,-0.9329,-4.4102,-1.6211,-1.0801
53687,-0.0735,-0.0928,-0.976,-4.127,-1.7891,-1.7188
53710,-0.0844,-0.0715,-0.988,-4.2129,-1.8359,-2.127
53733,-0.0972,-0.0654,-0.9913,-4.7832,-1.7422,-2.2383
53756,-0.1033,-0.0635,-0.9723,-5.6816,-1.3633,-2.1621
53779,-0.0826,-0.0609,-0.9526,-6.2637,-0.9551,-1.9941
53802,-0.0524,-0.0552,-0.965,-6.7969,-0.1914,-1.7422
53825,-0.1067,-0.0338,-1.0081,-6.8223,0.332,-1.6992
53848,-0.1235,-0.0441,-1.0411,-6.4395,0.9961,-1.9551
53871,0.0341,-0.0768,-1.0564,-5.8574,1.375,-2.6094
53894,0.1173,-0.0933,-0.9545,-5.5273,1.3594,-3.2559
53917,0.095,-0.037,-0.8862,-5.3301,0.9785,-4.418
53940,0.0387,-0.0103,-0.9478,-5.5996,0.8145,-5.0566
53963,0.0374,0.0222,-0.9724,-7.2051,1.8633,-5.0684
53986,0.038,0.027,-1.1141,-10.9316,6.0703,-3.1758
54009,0.1461,0.0153,-1.1316,-14.7793,10.9531,-0.7598
54032,0.2228,0.0066,-0.9591,-22.2852,20.1738,4.1055
54055,0.226,-0.0027,-0.7775,-27.8398,26.4688,7.7129
54078,0.1548,0.0161,-0.7678,-35.5996,34.8887,12.9414
54101,0.0381,0.0497,-0.8093,-41.4746,41.7656,17.4199
54124,0.1012,0.0292,-0.8843,-44.2715,45.3555,19.8145
54147,0.2163,0.0231,-0.7889,-47.4121,48.4004,22.2344
54170,0.1937,0.0504,-0.7745,-49.1387,48.3887,22.9219
54193,0.0602,0.0847,-0.7784,-51.3086,45.3867,22.7129
54216,0.005,0.1157,-0.7836,-52.375,41.9805,21.627
54239,0.0236,0.1343,-0.7762,-53.1777,35.9492,21.3613
54262,0.0961,0.1558,-0.7775,-52.7988,29.8008,21.2656
54285,0.1184,0.1603,-0.8018,-51.8359,25.9434,21.5586
54308,0.0969,0.1552,-0.8883,-49.4336,20.8477,22.2285
54331,0.1512,0.1418,-0.8719,-47.3027,18.1309,22.6133
54354,0.241,0.1328,-0.8579,-43.3906,15.4766,22.6855
54377,0.2697,0.1283,-0.916,-38.5664,14.6523,21.7383
54400,0.2734,0.127,-0.9406,-34.8516,14.8301,20.498
54423,0.2688,0.1324,-0.9227,-28.668,15.4414,17.9961
54446,0.2295,0.13,-0.8469,-24.2344,15.6973,16.1563
54469,0.2236,0.1173,-0.8116,-17.3184,15.5547,13.5723
54492,0.2479,0.1008,-0.869,-10.5176,14.8066,11.4531
54515,0.2876,0.0966,-0.9696,-6.4473,13.9629,10.2793
54538,0.2417,0.1554,-0.9382,-1.709,11.9648,8.7422
54561,0.1484,0.1653,-0.8385,0.334,10.1445,7.834
54584,0.1235,0.175,-0.7952,1.8223,7.2266,6.623
54607,0.2003,0.1759,-0.901,1.9023,4.5547,5.4297
54630,0.2366,0.1818,-0.9382,0.7793,3.6113,4.4512
54653,0.1987,0.1814,-0.8878,-1.7207,2.0215,2.373
54676,0.1857,0.1925,-0.7794,-3.9414,1.1191,0.4629
54699,0.2765,0.1851,-0.8291,-7.5937,0.1836,-3.2207
54722,0.313,0.1733,-0.9301,-10.0449,-0.2344,-6.1543
54745,0.217,0.183,-0.8508,-13.6797,-1.0313,-10.9219
54768,0.2037,0.1909,-0.7693,-17.1328,-2.3398,-15.3926
54791,0.2216,0.1637,-0.8196,-19.1719,-3.4863,-17.7969
54814,0.2015,0.1403,-0.7424,-21.7715,-5.6074,-20.1953
54837,0.15,0.1421,-0.6354,-23.2949,-7.2344,-20.9512
54860,0.2185,0.1714,-0.6707,-25.6133,-9.8555,-20.9434
54883,0.1694,0.2297,-0.7347,-28.7168,-12.7852,-19.8691
54906,0.0422,0.2955,-0.83,-31.6563,-14.8613,-18.7324
54929,0.0483,0.3718,-0.7783,-37.6484,-17.6016,-16.6445
54952,0.1156,0.434,-0.735,-42.4941,-18.8184,-15.2324
54975,0.1064,0.4685,-0.7218,-50.2383,-19.5684,-13.6211
54998,0.1439,0.4609,-0.7866,-57.7012,-19.2715,-13.1328
55021,0.1858,0.4565,-0.829,-61.6914,-18.6992,-13.5586
55044,0.1531,0.4681,-0.7693,-64.0,-17.5605,-15.1738
55067,0.1638,0.4803,-0.77,-64.0,-16.6445,-16.623
55090,0.1099,0.4878,-0.7964,-64.0,-14.9668,-18.7168
55113,0.0648,0.4984,-0.7709,-64.0,-13.623,-19.707
55136,0.1307,0.489,-0.6948,-64.0,-11.2637,-20.2227
55159,0.1876,0.4586,-0.6439,-58.8027,-8.7129,-19.5566
55182,0.0977,0.4714,-0.6633,-53.916,-7.0977,-18.543
55205,-0.0306,0.4926,-0.6396,-46.0469,-4.8437,-16.2227
55228,0.053,0.4862,-0.6298,-40.9648,-3.3184,-14.1836
55251,0.146,0.4939,-0.6437,-34.4648,-0.9199,-10.7266
55274,0.2068,0.507,-0.5273,-30.2188,1.2656,-7.4785
55297,0.1239,0.5394,-0.7166,-28.9961,2.3926,-5.6953
55320,0.1139,0.5582,-0.7247,-29.7598,3.5234,-3.5645
55343,0.1178,0.5754,-0.693,-31.8516,4.0469,-2.3672
55366,0.1484,0.5643,-0.6147,-36.6914,4.9082,-0.7031
55389,0.1768,0.5791,-0.585,-42.5293,6.2344,0.8086
55412,0.1415,0.6359,-0.4915,-46.4551,7.3633,1.6406
55435,0.1614,0.6324,-0.5203,-51.8008,9.2656,2.4492
55458,0.1577,0.5634,-0.552,-54.791,10.5391,2.6113
55481,0.1959,0.5962,-0.5144,-58.3223,12.1152,2.2051
55504,0.0813,0.5724,-0.2712,-60.0918,12.7187,0.9688
55527,0.1478,0.6396,-0.5144,-61.9707,13.1621,-0.3125
55550,0.0894,0.7761,-0.6018,-62.9238,13.7891,-2.7363
55573,0.1807,0.7625,-0.4451,-62.9375,14.5391,-4.5586
55596,0.1697,0.7633,-0.3967,-61.9609,15.7969,-7.3789
55619,0.089,0.7393,-0.3853,-60.7168,16.3965,-9.2148
55642,0.1375,0.6675,-0.3905,-58.127,16.7383,-11.7988
55665,0.1573,0.7111,-0.3676,-54.793,16.5273,-14.0781
55688,0.1058,0.7318,-0.3113,-52.1543,16.1875,-15.3926
55711,0.0819,0.7218,-0.36,-47.4648,15.6719,-17.0625
55734,0.0896,0.7379,-0.3817,-43.7891,15.5859,-17.957
55757,0.0638,0.704,-0.371,-37.4902,16.1328,-18.832
55780,0.1123,0.6927,-0.3214,-30.666,17.2051,-18.8516
55803,0.1213,0.7268,-0.3917,-26.1758,17.7813,-18.2324
55826,0.1128,0.7323,-0.3768,-19.9434,17.9238,-16.332
55849,0.083,0.6908,-0.3912,-16.2695,17.502,-14.5176
55872,0.109,0.6951,-0.374,-11.6504,16.2578,-11.2422
55895,0.1401,0.7126,-0.3497,-9.2246,14.0801,-7.6777
55918,0.2122,0.7059,-0.3759,-6.5332,12.8242,-5.3672
55941,0.0745,0.7094,-0.3708,-4.7715,9.9687,-2.373
55964,0.0494,0.6929,-0.3292,-3.9434,7.6914,-0.9023
55987,0.0774,0.7196,-0.363,-2.9238,3.7578,0.2578
56010,0.0602,0.7158,-0.3699,-2.209,0.959,0.2754
56033,0.205,0.6798,-0.4058,-0.8281,-2.9121,-0.748
56056,0.1521,0.7035,-0.4532,1.0859,-5.877,-2.707
56079,0.0367,0.6791,-0.3884,2.6895,-7.377,-4.293
56102,0.0553,0.7051,-0.3955,5.543,-9.1758,-6.6992
56125,0.0713,0.715,-0.469,7.6543,-10.2578,-8.0547
56148,-0.0533,0.7054,-0.4333,10.8809,-12.0195,-9.2754
56171,0.0553,0.6921,-0.3685,13.7305,-14.1855,-9.2617
56194,0.0884,0.6909,-0.4568,15.1699,-15.7324,-8.5352
56217,0.0544,0.6667,-0.5011,16.4434,-17.4688,-6.4687
56240,0.1025,0.6951,-0.4476,16.6797,-17.8203,-4.6191
56263,0.075,0.6694,-0.4684,16.1621,-17.002,-1.6367
56286,0.1183,0.6776,-0.4443,14.791,-14.9453,1.0371
56309,0.1539,0.6722,-0.4498,13.3535,-13.2383,2.4434
56332,0.073,0.661,-0.4911,10.9473,-10.6836,3.8398
56355,0.0411,0.667,-0.467,9.2988,-9.1387,4.2871
56378,0.0,0.6876,-0.4347,7.123,-7.1016,4.4023
56401,0.1578,0.6683,-0.4419,6.0664,-5.8145,4.3516
56424,0.1395,0.6709,-0.4917,5.2754,-3.6504,4.5859
56447,0.0619,0.6543,-0.5499,5.3516,-0.9824,5.5176
56470,0.097,0.667,-0.4448,5.6973,1.0098,6.4355
56493,0.0959,0.6732,-0.4459,6.2559,3.916,7.7656
56516,0.1216,0.6489,-0.5021,6.4238,5.4648,8.293
56539,0.0612,0.6602,-0.5042,6.0781,6.6758,8.1094
56562,0.1066,0.6522,-0.444,4.9238,6.1602,6.6191
56585,0.1115,0.6749,-0.4487,3.7949,4.8652,5.0332
56608,0.0875,0.6537,-0.5312,1.8711,2.0449,2.2266
56631,0.1006,0.6504,-0.5117,0.6465,0.0742,0.377
56654,0.062,0.6533,-0.469,-0.8242,-2.416,-1.9063
56677,0.0847,0.6656,-0.4508,-1.668,-4.1113,-3.291
56700,0.1074,0.6494,-0.4944,-1.8496,-4.791,-3.6348
56723,0.1298,0.6627,-0.4978,-1.6113,-5.1191,-3.2617
56746,0.1139,0.668,-0.54,-1.209,-4.8633,-2.4766
56769,0.0743,0.6709,-0.5106,-0.5293,-3.7949,-0.8027
56792,0.1371,0.594,-0.493,-0.252,-2.7773,0.8398
56815,0.04,0.6779,-0.4476,-0.4824,-1.334,1.5566
56838,0.0791,0.6575,-0.4459,-1.7207,-0.627,1.8223
56861,0.0645,0.6646,-0.4623,-3.0742,-0.6758,1.4727
56884,0.0991,0.667,-0.4945,-5.5957,-1.2051,0.4531
56907,0.1176,0.6488,-0.5193,-7.3516,-1.5723,-0.2969
56930,0.0897,0.6635,-0.4323,-9.6562,-1.791,-1.123
56953,0.1084,0.6675,-0.4417,-11.1523,-1.5234,-1.3301
56976,0.0962,0.6627,-0.4589,-11.5332,-1.084,-1.0801
56999,0.1327,0.6604,-0.4709,-11.0879,0.0352,-0.1562
57022,0.1154,0.6581,-0.502,-10.1602,1.0918,0.7676
57045,0.1014,0.6733,-0.4803,-8.0566,3.0215,2.4316
57068,0.1239,0.6869,-0.4491,-5.5312,5.041,4.0586
57091,0.1504,0.6478,-0.4495,-3.8887,6.2012,4.8691
57114,0.1075,0.6411,-0.4956,-1.8926,7.2676,5.3633
57137,0.1088,0.6559,-0.4673,-1.041,7.3672,5.1465
57160,0.1252,0.668,-0.4316,-0.5293,6.5469,4.1074
57183,0.1226,0.6624,-0.4846,-0.6094,4.9844,2.5723
57206,0.111,0.6509,-0.4982,-1.1094,3.6172,1.5273
57229,0.1017,0.6475,-0.4774,-1.7461,1.9922,0.2637
57252,0.1818,0.6407,-0.4465,-2.0879,1.1973,-0.248
57275,0.1934,0.6449,-0.5118,-2.2988,0.4395,-0.4199
57298,0.0905,0.6829,-0.519,-2.1973,0.1445,-0.168
57321,0.1273,0.6522,-0.4449,-1.7598,-0.25,0.5488
57344,0.1089,0.6732,-0.4703,-1.209,-0.9863,1.2598
57367,0.0769,0.651,-0.504,-0.9082,-1.7754,1.5039
57390,0.0952,0.6471,-0.48,-0.668,-3.2227,1.3398
57413,0.0997,0.6522,-0.4768,-0.6543,-4.1797,0.8848
57436,0.125,0.6633,-0.4855,-0.7598,-5.2676,-0.1152
57459,0.1472,0.6521,-0.4819,-0.8887,-5.668,-1.1348
57482,0.0797,0.6459,-0.4978,-0.9434,-5.5391,-1.6445
57505,0.1111,0.6494,-0.5208,-0.959,-4.9043,-2.0312
57528,0.1381,0.6451,-0.4871,-0.8984,-4.2949,-2.0273
57551,0.1403,0.6556,-0.4895,-0.6836,-3.2969,-1.6621
57574,0.1202,0.6598,-0.5183,-0.4863,-2.377,-0.957
57597,0.1293,0.634,-0.5094,-0.2461,-1.8594,-0.3867
57620,0.1154,0.661,-0.4536,-0.291,-1.3379,0.4004
57643,0.136,0.6506,-0.4456,-0.5664,-1.2578,0.7441
57666,0.0813,0.6466,-0.4645,-1.3594,-1.6016,0.8301
57689,0.0955,0.6407,-0.5072,-2.0684,-2.0586,0.584
57712,0.089,0.6672,-0.4639,-3.166,-2.834,-0.1406
57735,0.1295,0.694,-0.4775,-3.9492,-3.4512,-1.0449
57758,0.1541,0.7994,-0.4448,-4.1484,-3.6699,-1.5918
57781,0.1453,0.8004,-0.4296,-4.0,-3.7227,-2.0742
57804,0.098,0.6631,-0.4395,-3.873,-3.6777,-2.0059
57827,0.0466,0.5532,-0.4744,-4.4941,-3.6582,-1.1094
57850,0.0327,0.5564,-0.5487,-6.9766,-3.918,0.6738
57873,0.0858,0.5831,-0.5219,-9.707,-4.3672,2.1191
57896,0.1495,0.6365,-0.4747,-14.5664,-5.5605,4.1328
57919,0.1372,0.6846,-0.4833,-17.5508,-6.6992,5.1328
57942,0.0955,0.7103,-0.5087,-20.3867,-8.6094,5.9727
57965,0.1254,0.6737,-0.5012,-20.4414,-10.1582,6.0566
57988,0.1356,0.6368,-0.4313,-18.998,-10.7676,5.7539
58011,0.1191,0.6361,-0.4325,-15.3965,-11.0254,4.8828
58034,0.1268,0.6748,-0.4594,-12.5898,-10.8203,4.1289
58057,0.146,0.6981,-0.5785,-8.4863,-10.0605,2.9609
58080,0.1005,0.7435,-0.7264,-6.0508,-9.3574,2.2891
58103,0.0969,0.7719,-0.4988,-2.7324,-8.2461,1.6055
58126,0.0983,0.7196,-0.4264,1.1074,-7.2246,1.2773
58149,0.1425,0.6501,-0.5287,4.4668,-6.5762,1.1445
58172,0.162,0.6046,-0.5394,10.8184,-5.5898,0.9238
58195,0.0913,0.5759,-0.4832,15.666,-4.8418,0.7734
58218,-0.0151,0.562,-0.37,23.1719,-3.2012,0.791
58241,0.0184,0.5344,-0.4764,30.0273,-0.2656,1.4473
58264,0.0769,0.5321,-0.5713,33.6387,2.5332,2.2578
58287,0.155,0.5624,-0.5977,36.8418,7.5,3.7461
58310,0.1982,0.6078,-0.6709,37.3535,10.8594,4.7168
58333,0.2081,0.6403,-0.6654,36.0801,15.1133,5.9824
58356,0.2129,0.6426,-0.6604,33.5371,17.627,7.084
58379,0.2694,0.6432,-0.752,31.9395,18.1289,7.7734
58402,0.2961,0.6589,-0.7505,30.7012,17.041,8.7344
58425,0.2863,0.6161,-0.7157,31.0586,15.1543,9.3301
58448,0.1875,0.5608,-0.7032,33.6895,11.0898,10.2305
58471,0.1144,0.5073,-0.6461,36.7617,6.5742,11.2988
58494,0.149,0.4391,-0.6359,42.752,4.0488,12.1211
58517,0.1914,0.3689,-0.6682,49.1875,1.2188,13.2852
58540,0.1377,0.3506,-0.6829,52.9219,-0.0293,13.8027
58563,0.0616,0.353,-0.6049,56.6738,-1.1973,13.9648
58586,0.0992,0.3326,-0.5908,57.6055,-1.5762,13.6074
58609,0.1761,0.3073,-0.6205,56.4727,-1.6621,12.2695
58632,0.1979,0.2952,-0.6516,52.4082,-1.5684,9.875
58655,0.2086,0.3112,-0.6836,48.2676,-1.6348,7.7598
58678,0.2081,0.3339,-0.7367,40.4707,-2.0293,4.2227
58701,0.2037,0.3602,-0.741,34.6543,-2.4102,1.9805
58724,0.2073,0.3914,-0.6903,25.8789,-2.918,-0.6016
58747,0.2279,0.4009,-0.7595,18.0605,-3.043,-1.7949
58770,0.277,0.3992,-0.8326,13.7637,-2.8496,-1.7871
58793,0.2638,0.4044,-0.84,8.8965,-2.3418,-0.8047
58816,0.1794,0.4071,-0.77,6.7441,-2.002,0.3086
58839,0.1588,0.3961,-0.7289,5.252,-1.5137,2.375
58862,0.1901,0.3661,-0.7676,5.9121,-0.9258,4.5156
58885,0.2135,0.3502,-0.7875,7.0469,-0.498,5.7187
58908,0.2008,0.3481,-0.7751,9.5996,0.0098,6.8535
58931,0.1958,0.3459,-0.7224,11.3906,0.1758,7.0664
58954,0.2094,0.3297,-0.7576,13.7441,0.2129,6.5918
58977,0.2275,0.3059,-0.7812,14.8691,0.1777,5.8262
59000,0.2532,0.3038,-0.7762,15.5664,0.1504,4.1953
59023,0.2457,0.306,-0.7773,14.9492,0.1992,2.2988
59046,0.2125,0.3135,-0.7733,13.8984,0.2832,1.1016
59069,0.217,0.3093,-0.7773,11.6582,0.5234,-0.2891
59092,0.2349,0.2991,-0.7804,9.8789,0.75,-0.8398
59115,0.2321,0.3047,-0.818,6.9473,1.082,-1.084
59138,0.225,0.3143,-0.7734,3.9219,1.1758,-0.7344
59161,0.2126,0.3232,-0.7786,2.0312,1.0234,-0.248
59184,0.2013,0.3201,-0.7769,-0.3281,0.5039,0.75
59207,0.2178,0.3031,-0.7787,-1.4707,0.041,1.5234
59230,0.2164,0.2848,-0.7769,-2.4219,-0.7344,2.707
59253,0.208,0.2831,-0.7758,-2.3789,-1.6133,3.7617
59276,0.1904,0.274,-0.7773,-1.7773,-2.291,4.3711
59299,0.176,0.2605,-0.7875,-0.0801,-3.541,5.2227
59322,0.1902,0.2733,-0.7762,1.5293,-4.5957,5.8437
59345,0.1876,0.2871,-0.7775,4.666,-6.5605,7.0195
59368,0.1846,0.2915,-0.7771,7.2871,-8.0156,8.5371
59391,0.1716,0.2682,-0.7772,12.0488,-9.9512,9.9551
59414,0.1802,0.2378,-0.7781,17.5781,-10.8672,12.2539
59437,0.2308,0.2234,-0.8331,21.3867,-10.6543,13.8555
59460,0.2623,0.2023,-0.8739,26.623,-9.2637,16.0215
59483,0.2806,0.1881,-0.8168,29.4395,-7.8809,17.1094
59506,0.2836,0.1788,-0.7811,32.3242,-5.4043,17.9922
59529,0.2859,0.1605,-0.8367,33.5859,-2.4727,18.0195
59552,0.271,0.1595,-0.8741,33.582,-0.25,17.7344
59575,0.228,0.1683,-0.882,32.4746,3.4434,17.2832
59598,0.2092,0.1521,-0.8536,31.1777,6.1211,17.2031
59621,0.2374,0.1365,-0.8124,28.8359,10.4668,17.5801
59644,0.2814,0.1047,-0.8159,26.5117,15.0566,18.3242
59667,0.3794,0.0796,-0.8564,25.1094,17.9844,18.7363
59690,0.4233,0.0612,-0.8694,23.2383,21.5977,18.8105
59713,0.4026,0.0554,-0.8461,22.1426,23.2461,18.416
59736,0.3668,0.0632,-0.7911,20.7988,24.6445,17.4629
59759,0.359,0.0491,-0.8065,20.1816,25.1309,16.8398
59782,0.3336,0.0433,-0.8281,19.7246,25.7051,17.0117
59805,0.3365,0.0499,-0.8102,19.707,26.4414,18.4492
59828,0.3802,0.0365,-0.8439,19.8008,27.0293,20.125
59851,0.4478,0.0231,-0.8638,19.8477,27.7422,23.1855
59874,0.5811,0.0017,-0.9327,19.6777,27.8398,25.1543
59897,0.6202,-0.0154,-0.9946,19.0078,27.0527,27.375
59920,0.5488,-0.0143,-0.9911,17.998,25.0039,28.5938
59943,0.5121,-0.0033,-0.9581,17.4297,23.1289,29.1523
59966,0.5237,-0.0411,-0.9523,17.4043,20.1621,30.3379
59989,0.6436,-0.111,-0.9854,18.2656,18.3613,31.6797
60012,0.6656,-0.1493,-1.0342,21.0684,15.9082,34.6797
60035,0.5752,-0.1464,-0.9884,25.4648,13.2324,38.748
60058,0.5482,-0.1504,-0.9214,29.0723,11.0781,41.9883
60081,0.4811,-0.1881,-0.936,35.1875,7.2598,47.4785
60104,0.4698,-0.2316,-0.9027,39.4824,4.4258,51.377
60127,0.5216,-0.2811,-0.9105,45.7148,-0.0801,57.082
60150,0.4811,-0.3141,-0.8755,51.418,-4.9043,61.9355
60173,0.4377,-0.3301,-0.7721,53.9102,-8.3203,63.998
60196,0.4288,-0.3811,-0.7789,56.9531,-13.5176,63.998
60219,0.4696,-0.4248,-0.7767,58.1055,-16.8359,63.998
60242,0.4635,-0.4547,-0.7705,58.3262,-21.3926,63.998
60265,0.3885,-0.4652,-0.7461,57.4023,-24.0703,63.998
60288,0.2925,-0.4695,-0.774,54.457,-27.3203,63.998
60311,0.3097,-0.4795,-0.7766,49.8066,-29.3828,63.998
60334,0.364,-0.511,-0.7428,45.8516,-30.1563,63.998
60357,0.3439,-0.5291,-0.6931,38.8223,-30.8418,63.998
60380,0.2163,-0.5334,-0.676,33.5957,-31.1543,63.998
60403,0.1799,-0.4968,-0.6699,25.3418,-31.375,63.998
60426,0.1941,-0.4924,-0.7068,16.9824,-31.248,63.998
60449,0.2102,-0.5044,-0.7449,11.4863,-31.0332,63.998
60472,0.1874,-0.4972,-0.7816,3.4844,-30.6563,63.998
60495,0.1055,-0.4655,-0.7638,-1.582,-30.3867,63.998
60518,0.0701,-0.4349,-0.7108,-8.4395,-29.6934,63.998
60541,0.0083,-0.4288,-0.7305,-13.9336,-28.0664,63.998
60564,-0.0255,-0.4333,-0.7888,-16.7266,-26.2012,63.998
60587,0.0035,-0.4401,-0.823,-19.8594,-22.2793,63.8398
60610,0.0438,-0.4517,-0.8467,-21.5215,-19.2676,63.1484
60633,0.0792,-0.4567,-0.8556,-23.793,-14.9902,61.1895
60656,0.0596,-0.4426,-0.8792,-25.2461,-12.627,57.584
60679,0.0426,-0.4382,-0.9541,-27.209,-9.8535,54.8105
60702,0.106,-0.4366,-0.9634,-28.6563,-7.8262,49.7266
60725,0.0415,-0.4487,-0.9976,-29.1953,-6.8594,46.2656
60748,-0.0294,-0.4066,-0.8781,-29.1035,-5.9102,41.541
60771,-0.0741,-0.384,-0.8499,-28.2598,-5.4727,38.9805
60794,-0.0476,-0.3879,-0.8944,-25.7031,-4.9687,36.2363
60817,0.0647,-0.4164,-0.8943,-22.0332,-4.7539,34.5957
60840,0.0486,-0.4407,-0.8809,-19.3926,-4.8457,33.8457
60863,-0.0267,-0.4388,-0.8297,-15.7109,-5.1836,32.9766
60886,-0.082,-0.41,-0.7726,-13.6426,-5.3066,32.5723
60909,0.0385,-0.424,-0.8657,-11.3125,-5.0254,32.3125
60932,0.1479,-0.437,-0.9003,-10.0586,-4.2012,32.3594
60955,0.0483,-0.4153,-0.8949,-9.7832,-3.4609,32.4512
60978,-0.1047,-0.3818,-0.7729,-9.8184,-2.0215,32.7383
61001,-0.1644,-0.3774,-0.7789,-9.8242,-0.6855,33.1543
61024,0.0063,-0.4199,-0.8585,-9.5176,1.9316,34.0723
61047,0.1514,-0.441,-0.9479,-9.168,4.8594,34.7129
61070,0.0339,-0.4073,-0.9518,-8.6973,6.4316,34.5703
61093,-0.1537,-0.3411,-0.946,-8.3379,8.248,33.2969
61116,-0.0037,-0.344,-0.9158,-7.998,9.1094,31.8379
61139,0.0522,-0.3855,-0.7201,-7.0391,10.0332,28.9004
61162,0.0642,-0.3662,-0.8976,-6.1016,10.4316,26.4844
61185,-0.0543,-0.3704,-0.9847,-4.6562,10.748,22.252
61208,-0.0278,-0.4581,-0.8252,-3.7285,11.0859,17.502
61231,0.1923,-0.5352,-1.0681,-3.6797,11.2441,14.2402
61254,0.0627,-0.4628,-1.0087,-4.709,10.6699,9.6016
61277,0.0553,-0.3708,-0.9827,-5.8711,9.6406,6.9043
61300,0.0234,-0.323,-0.9309,-7.2852,7.6152,3.6445
61323,0.0449,-0.3358,-0.965,-7.1602,5.6113,1.207
61346,0.0261,-0.3671,-0.8959,-5.9668,4.3477,-0.1387
61369,-0.0177,-0.3787,-0.7975,-2.8066,2.375,-2.0039
61392,-0.0676,-0.3783,-0.8917,-0.2187,0.9043,-3.2246
61415,-0.0081,-0.3171,-0.887,3.4121,-1.6563,-5.0684
61438,-0.026,-0.3711,-1.054,5.6621,-4.5937,-7.0391
61461,0.0337,-0.3226,-0.9808,6.2891,-6.623,-8.5312
61484,-0.0186,-0.311,-0.9828,5.8789,-9.3945,-11.2266
61507,0.0431,-0.3611,-1.1282,5.2266,-10.752,-13.4141
61530,0.0386,-0.4271,-1.1985,4.5488,-11.6777,-17.3848
61553,0.0409,-0.4354,-1.0566,4.8203,-11.5859,-20.4961
61576,0.0378,-0.4661,-0.9535,7.2812,-10.9648,-25.7207
61599,0.0151,-0.4722,-0.8591,13.1445,-10.7812,-31.291
61622,-0.0251,-0.4945,-0.7767,19.125,-11.4043,-34.9961
61645,-0.0793,-0.4969,-0.6721,30.7207,-13.9141,-40.3145
61668,-0.0886,-0.5374,-0.5586,39.5469,-16.7383,-43.6445
61691,-0.1357,-0.554,-0.5222,52.8164,-22.6738,-48.4082
61714,-0.1945,-0.5359,-0.4733,63.8477,-30.3965,-53.1992
61737,-0.2373,-0.5397,-0.4232,63.998,-36.1445,-56.6523
61760,-0.1316,-0.5718,-0.3899,63.998,-44.7051,-62.7109
61783,0.0072,-0.5977,-0.3739,63.998,-49.9453,-64.0
61806,0.0421,-0.5774,-0.4609,59.6797,-56.9102,-64.0
61829,0.0066,-0.5238,-0.5763,43.2598,-62.7109,-64.0
61852,-0.0121,-0.5121,-0.7231,28.8066,-64.0,-64.0
61875,0.1102,-0.5861,-0.7838,3.1074,-64.0,-64.0
61898,0.3722,-0.6733,-0.7262,-15.6172,-64.0,-64.0
61921,0.4327,-0.6058,-0.611,-43.5391,-64.0,-64.0
61944,0.2109,-0.5388,-0.8094,-60.3438,-64.0,-64.0
61967,0.1108,-0.5536,-1.0546,-64.0,-64.0,-64.0
61990,0.22,-0.601,-0.9764,-64.0,-64.0,-64.0
62013,0.2626,-0.5182,-0.7709,-64.0,-62.5586,-64.0
62036,0.0848,-0.36,-0.6589,-64.0,-54.2773,-64.0
62059,-0.1287,-0.3046,-0.8406,-64.0,-47.3281,-64.0
62082,-0.1025,-0.2664,-0.9708,-64.0,-35.1035,-64.0
62105,0.0935,-0.1949,-1.1074,-59.2754,-22.9707,-46.752
62128,0.0629,-0.1937,-1.4313,-51.252,-16.7852,-31.9961
62151,-0.0646,-0.1797,-1.4946,-45.1719,-12.0156,-13.1621
62174,-0.194,-0.1539,-1.1887,-45.2969,-11.6602,-3.3105
62197,-0.2319,-0.1816,-0.9894,-49.5527,-13.5937,7.457
62220,-0.1578,-0.2269,-0.9799,-54.6016,-15.8965,13.9941
62243,-0.04,-0.249,-1.005,-56.543,-16.7129,16.3203
62266,0.0002,-0.2187,-0.9824,-56.0488,-16.7461,17.1953
62289,-0.0825,-0.174,-0.9396,-53.4121,-16.252,16.3691
62312,-0.1638,-0.1501,-1.0192,-46.6719,-14.834,13.8457
62335,-0.1222,-0.1588,-1.1561,-40.9844,-12.1758,10.9023
62358,0.0117,-0.2004,-1.2183,-31.9414,-9.3691,9.1641
62381,0.0046,-0.2269,-1.2186,-23.5059,-4.5332,7.1094
62404,-0.0421,-0.2605,-1.2074,-18.4922,-1.1602,6.0996
62427,-0.1034,-0.2789,-1.0851,-11.5547,3.8887,5.1211
62450,-0.132,-0.2941,-0.9281,-6.7949,7.4316,4.8398
62473,-0.0348,-0.3174,-0.8414,1.5195,13.4023,4.918
62496,0.0377,-0.3357,-0.8524,11.5742,19.8379,5.2422
62519,0.0594,-0.3378,-0.9167,18.748,23.7402,5.3457
62542,0.009,-0.3286,-0.9486,28.6934,28.0586,5.1094
62565,0.0579,-0.3318,-0.9424,33.8984,29.7285,4.7051
62588,0.0759,-0.3375,-0.9237,38.5801,30.5801,3.875
62611,0.0659,-0.3502,-0.9612,39.1465,29.7148,2.9531
62634,0.0288,-0.3456,-0.9418,37.3555,28.2383,2.3887
62657,0.0225,-0.3384,-0.8699,32.0859,24.8203,1.75
62680,0.0289,-0.3473,-0.854,27.4668,22.0039,1.4961
62703,0.0573,-0.3612,-0.9221,19.9707,17.4785,1.3281
62726,0.0522,-0.3611,-0.9431,12.5586,12.9355,1.2715
62749,0.0256,-0.3641,-0.8962,8.3281,10.0332,1.2129
62772,0.0345,-0.3672,-0.8511,2.7832,6.1465,1.0332
62795,0.0404,-0.3657,-0.8826,-0.1035,4.0059,0.8203
62818,0.0403,-0.3586,-0.8931,-3.2559,1.5508,0.3301
62841,0.0575,-0.3593,-0.9369,-4.7051,0.4238,-0.1113
62864,0.066,-0.3607,-0.9232,-6.209,-0.5176,-0.9043
62887,0.0537,-0.3547,-0.916,-7.2695,-0.7422,-1.75
62910,0.0385,-0.3484,-0.8954,-7.8711,-0.666,-2.2715
62933,0.0518,-0.3422,-0.9031,-8.7012,-0.4492,-2.9023
62956,0.0688,-0.3441,-0.9462,-9.2363,-0.3281,-3.1953
62979,0.0599,-0.3407,-0.9756,-10.0898,-0.3164,-3.4414
63002,0.037,-0.3315,-0.9236,-11.041,-0.5098,-3.4687
63025,0.0404,-0.3302,-0.9052,-11.6484,-0.666,-3.3691
63048,0.0392,-0.3346,-0.894,-12.2949,-0.8516,-3.0605
63071,0.0397,-0.3232,-0.8892,-12.4551,-0.916,-2.7773
63094,0.0498,-0.3206,-0.8966,-12.2383,-0.8672,-2.3027
63117,0.0707,-0.319,-0.9291,-11.625,-0.5762,-1.8594
63140,0.0607,-0.3154,-0.9208,-11.1484,-0.2559,-1.6211
63163,0.0747,-0.3164,-0.9401,-10.5371,0.3574,-1.3828
63186,0.059,-0.317,-0.9537,-10.2734,0.8008,-1.3008
63209,0.0729,-0.3173,-0.954,-10.125,1.4238,-1.2637
63232,0.0758,-0.3143,-0.9495,-10.1465,1.7461,-1.2734
63255,0.0449,-0.3098,-0.9287,-10.2246,1.9629,-1.3047
63278,0.056,-0.306,-0.9177,-10.1387,1.8633,-1.3027
63301,0.058,-0.3049,-0.9204,-9.8887,1.6641,-1.2695
63324,0.0472,-0.3047,-0.9088,-9.1816,1.209,-1.1719
63347,0.0493,-0.3038,-0.9022,-8.5234,0.834,-1.0781
63370,0.0593,-0.3052,-0.9044,-7.377,0.252,-0.9141
63393,0.0511,-0.3091,-0.9257,-6.2266,-0.2871,-0.7441
63416,0.0658,-0.3083,-0.9277,-5.5703,-0.5898,-0.6523
63439,0.0681,-0.3077,-0.9141,-4.8672,-0.8984,-0.5781
63462,0.0791,-0.3049,-0.9261,-4.6094,-0.957,-0.582
63485,0.0728,-0.3042,-0.9301,-4.5293,-0.793,-0.6621
63508,0.0574,-0.2987,-0.9225,-4.7734,-0.3594,-0.7676
63531,0.062,-0.2982,-0.9535,-5.0742,0.0078,-0.8086
63554,0.0776,-0.2983,-0.953,-5.6582,0.4687,-0.7832
63577,0.0616,-0.2914,-0.9235,-6.0625,0.625,-0.7031
63600,0.0509,-0.2917,-0.9189,-6.5195,0.5898,-0.4961
63623,0.0601,-0.2981,-0.9143,-6.6406,0.416,-0.2012
63646,0.0392,-0.2964,-0.9093,-6.4961,0.0059,0.0137
63669,0.0474,-0.2913,-0.9246,-6.0293,-0.4746,0.3047
63692,0.0388,-0.2883,-0.9149,-5.623,-0.7832,0.4375
63715,0.0519,-0.2881,-0.9042,-5.0156,-1.1816,0.4922
63738,0.0667,-0.2959,-0.9049,-4.6738,-1.3926,0.416
63761,0.072,-0.3038,-0.9149,-4.3301,-1.6133,0.1211
63784,0.0935,-0.3109,-0.9327,-4.2598,-1.7012,-0.3555
63807,0.1035,-0.3135,-0.957,-4.4004,-1.6895,-0.7461
63830,0.0953,-0.3094,-0.9591,-4.9004,-1.6367,-1.3516
63853,0.0751,-0.2983,-0.9503,-5.3945,-1.6348,-1.6973
63876,0.0441,-0.2976,-0.9189,-6.2363,-1.7461,-2.002
63899,0.0691,-0.2939,-0.9119,-6.9434,-1.9766,-1.957
63922,0.0505,-0.2886,-0.9246,-7.2168,-2.1719,-1.7344
63945,0.0557,-0.2831,-0.9154,-7.2695,-2.5273,-1.1738
63968,0.0453,-0.2776,-0.9125,-7.0937,-2.8242,-0.7012
63991,0.025,-0.272,-0.9253,-6.6543,-3.3965,0.0684
64014,0.0308,-0.2708,-0.9165,-6.3359,-4.043,0.8184
64037,0.037,-0.2703,-0.9059,-5.9297,-4.4219,1.25
64060,0.0437,-0.278,-0.9132,-5.6309,-4.7812,1.6895
64083,0.0643,-0.2805,-0.9371,-5.4824,-4.8398,1.7871
64106,0.0637,-0.2867,-0.9509,-5.3535,-4.6387,1.5918
64129,0.0634,-0.2891,-0.9536,-5.334,-4.3184,1.2617
64152,0.0573,-0.2917,-0.9348,-5.377,-3.6094,0.5781
64175,0.0487,-0.2948,-0.915,-5.3887,-2.7793,-0.1719
64198,0.0428,-0.2919,-0.9128,-5.3184,-2.252,-0.6289
64221,0.0524,-0.2924,-0.9276,-5.0684,-1.6191,-1.1543
64244,0.0439,-0.2881,-0.9275,-4.8379,-1.3398,-1.3574
64267,0.0387,-0.2834,-0.9023,-4.4629,-1.123,-1.4004
64290,0.0397,-0.2798,-0.9004,-4.0898,-1.082,-1.1328
64313,0.0403,-0.2788,-0.9025,-3.8652,-1.1094,-0.8145
64336,0.062,-0.2836,-0.9183,-3.625,-1.1523,-0.2148
64359,0.0607,-0.2877,-0.9303,-3.5645,-1.1289,0.2012
64382,0.0498,-0.2847,-0.9501,-3.6816,-0.9375,0.7676
64405,0.0476,-0.2805,-0.9359,-4.0586,-0.5742,1.2109
64428,0.0574,-0.2766,-0.9314,-4.416,-0.2754,1.4219
64451,0.0477,-0.2753,-0.9437,-4.9941,0.1777,1.6016
64474,0.0383,-0.2764,-0.9265,-5.3398,0.4336,1.6367
64497,0.041,-0.2745,-0.9171,-5.7051,0.6836,1.5859
64520,0.0392,-0.2751,-0.9144,-5.8047,0.7363,1.002
64543,0.0403,-0.27,-0.9174,-5.7285,0.6719,1.3223
64566,0.0599,-0.276,-0.9386,-5.4434,0.5,1.082
64589,0.0731,-0.2809,-0.9454,-5.2012,0.332,0.877
64612,0.0424,-0.2777,-0.9293,-4.8516,-0.041,0.5039
64635,0.0424,-0.2782,-0.9312,-4.6543,-0.3691,0.2324
64658,0.0446,-0.2804,-0.9362,-4.4277,-0.9512,-0.1523
64681,0.0416,-0.2811,-0.915,-4.2754,-1.5508,-0.457
64704,0.0403,-0.282,-0.9132,-4.1934,-1.8926,-0.5977
64727,0.0519,-0.2856,-0.9218,-4.0625,-2.2598,-0.7207
64750,0.0579,-0.283,-0.9189,-3.9687,-2.4082,-0.7559
64773,0.0392,-0.2776,-0.9077,-3.8301,-2.4883,-0.7559
64796,0.0399,-0.2712,-0.9054,-3.7246,-2.3613,-0.6992
64819,0.0394,-0.2698,-0.9254,-3.7187,-2.1641,-0.6328
64842,0.0494,-0.2744,-0.9404,-3.9004,-1.7656,-0.5117
64865,0.0571,-0.2737,-0.9437,-4.1816,-1.4844,-0.4434
64888,0.0315,-0.2604,-0.8604,-4.8184,-1.123,-0.4023
64911,0.0123,-0.2551,-0.7946,-5.332,-0.9629,-0.4414
64934,0.0485,-0.2615,-0.9601,-6.3145,-1.0098,-0.5156
64957,0.0413,-0.2592,-0.9655,-7.9863,-1.7813,-0.7441
64980,0.0386,-0.2411,-0.8928,-9.6699,-2.7793,-0.9922
65003,0.0404,-0.2418,-0.9768,-12.9551,-4.8223,-1.4922
65026,0.0459,-0.2391,-1.0085,-15.4844,-6.4238,-1.8789
65049,0.0219,-0.2213,-0.965,-19.334,-8.9238,-2.4551
65072,0.0197,-0.2094,-0.921,-22.457,-11.002,-2.9004
65095,-0.0033,-0.2002,-0.877,-23.7051,-11.8398,-3.0742
65118,0.0192,-0.2076,-0.8929,-24.0234,-12.043,-3.1387
65141,0.0411,-0.2076,-0.9221,-23.3164,-11.5586,-3.0898
65164,0.0349,-0.2104,-0.9758,-21.4473,-10.2871,-2.9824
65187,0.0404,-0.2097,-1.001,-19.3906,-8.75,-2.9082
65210,0.0225,-0.1901,-0.9418,-18.1914,-7.666,-2.8809
65233,0.0043,-0.1847,-0.9342,-16.6836,-5.9434,-2.832
65256,0.0314,-0.187,-0.9497,-15.7852,-4.7344,-2.7656
65279,0.0404,-0.1891,-0.9637,-14.4551,-2.9609,-2.6094
65302,0.0264,-0.1886,-0.9503,-13.5293,-1.4629,-2.418
65325,0.0227,-0.1874,-0.925,-12.0215,-0.6914,-2.2832
65348,0.0238,-0.1885,-0.929,-10.3535,0.1289,-2.0762
65371,0.026,-0.1914,-0.9468,-9.1875,0.4609,-1.9434
65394,0.0326,-0.1925,-0.9563,-7.4941,0.6367,-1.7637
65417,0.0374,-0.192,-0.9352,-6.4824,0.541,-1.6641
65440,0.0306,-0.1899,-0.9137,-5.2187,0.1562,-1.5547
65463,0.0387,-0.1921,-0.9327,-4.2676,-0.3691,-1.4766
65486,0.0325,-0.1904,-0.9391,-3.8203,-0.7344,-1.4238
65509,0.0164,-0.1897,-0.9451,-3.4609,-1.2598,-1.3105
65532,0.0299,-0.1913,-0.9358,-3.4297,-1.5938,-1.1934
65555,0.0145,-0.1887,-0.9176,-3.6484,-2.0723,-0.9375
65578,0.021,-0.189,-0.9243,-4.0469,-2.4707,-0.6094
65601,0.0104,-0.1823,-0.9362,-4.3418,-2.6445,-0.375
65624,0.0127,-0.1812,-0.9454,-4.7793,-2.752,-0.043
65647,0.0176,-0.1808,-0.9364,-5.0645,-2.7539,0.1387
65670,0.0002,-0.1796,-0.9277,-5.4512,-2.7305,0.3203
65693,0.0016,-0.182,-0.9193,-5.7266,-2.6816,0.377
65716,0.0183,-0.1869,-0.9347,-5.8242,-2.6035,0.3457
65739,0.0203,-0.1871,-0.9352,-5.8555,-2.4082,0.2012
65762,0.031,-0.1877,-0.9395,-5.8301,-2.2559,0.0449
65785,0.0173,-0.1787,-0.9429,-5.7637,-2.0605,-0.2461
65808,0.0176,-0.1743,-0.9471,-5.7129,-1.9707,-0.9453
65831,0.0225,-0.1737,-0.9559,-5.6387,-1.873,-0.6973
65854,0.0143,-0.1743,-0.9618,-5.5801,-1.791,-0.8613
65877,-0.0013,-0.1738,-0.9368,-5.541,-1.7539,-0.9141
65900,-0.0063,-0.1761,-0.9155,-5.4199,-1.7266,-0.918
65923,0.0222,-0.1821,-0.9178,-5.25,-1.7227,-0.8906
65946,0.0137,-0.1865,-0.9282,-4.8477,-1.748,-0.8652
65969,0.0342,-0.1848,-0.9374,-4.3359,-1.8047,-0.9141
65992,0.0175,-0.1847,-0.9468,-4.002,-1.8477,-1.0
66015,0.0159,-0.1823,-0.9519,-3.6113,-1.916,-1.1719
66038,0.0076,-0.1797,-0.9392,-3.459,-1.9746,-1.2852
66061,0.0057,-0.1772,-0.9384,-3.3945,-2.0937,-1.3848
66084,0.0046,-0.1774,-0.9336,-3.4766,-2.2324,-1.3594
66107,0.0096,-0.1796,-0.9358,-3.5742,-2.3105,-1.2754
66130,0.0031,-0.1813,-0.9401,-3.7187,-2.373,-1.0898
66153,0.0005,-0.1823,-0.925,-3.7773,-2.3672,-0.9531
66176,0.0099,-0.1866,-0.9221,-3.752,-2.2852,-0.7637
66199,0.0068,-0.187,-0.9261,-3.6387,-2.1836,-0.6152
66222,0.01,-0.1873,-0.9343,-3.3516,-1.9531,-0.541
66245,0.031,-0.1852,-0.9198,-3.002,-1.623,-0.459
66268,0.0161,-0.1844,-0.9377,-2.7812,-1.3691,-0.4238
66291,0.0155,-0.1823,-0.9482,-2.5527,-0.9941,-0.3906
66314,0.0076,-0.182,-0.9612,-2.5059,-0.7793,-0.3672
66337,-0.0024,-0.1774,-0.941,-2.6152,-0.5605,-0.3086
66360,-0.0066,-0.1807,-0.9242,-2.875,-0.5293,-0.2031
66383,0.0112,-0.184,-0.9194,-3.0723,-0.6289,-0.1133
66406,0.0027,-0.182,-0.9261,-3.3281,-0.9531,0.0234
66429,0.0101,-0.1852,-0.9479,-3.459,-1.2598,0.0918
66452,0.007,-0.182,-0.9534,-3.6074,-1.7891,0.1406
66475,-0.001,-0.1786,-0.9343,-3.7168,-2.291,0.1113
66498,0.0066,-0.1801,-0.9369,-3.7559,-2.5332,0.0488
66521,-0.0024,-0.1823,-0.934,-3.748,-2.6602,-0.0918
66544,0.0139,-0.1877,-0.9283,-3.6953,-2.5723,-0.2109
66567,0.0135,-0.189,-0.9407,-3.5645,-2.2305,-0.4238
66590,0.0101,-0.1877,-0.9321,-3.4551,-1.7578,-0.6562
66613,0.0042,-0.1844,-0.9155,-3.2773,-1.4355,-0.8027
66636,0.0006,-0.1823,-0.9269,-3.1094,-0.998,-0.9727
66659,0.015,-0.1851,-0.9413,-3.0332,-0.7617,-1.0352
66682,0.0106,-0.184,-0.9473,-3.0391,-0.5273,-1.0547
66705,0.0081,-0.1821,-0.9507,-3.1348,-0.4668,-1.0234
66728,0.0038,-0.1824,-0.9407,-3.3887,-0.5273,-0.9258
66751,-0.0076,-0.1816,-0.9185,-3.6816,-0.7344,-0.7871
66774,0.0084,-0.1858,-0.9281,-3.8398,-0.918,-0.6855
66797,0.0128,-0.1859,-0.9396,-3.9883,-1.1934,-0.543
66820,0.0121,-0.1885,-0.9335,-4.0332,-1.3496,-0.4746
66843,0.0126,-0.1891,-0.9449,-4.0488,-1.4863,-0.4238
66866,0.0015,-0.1857,-0.9375,-4.0215,-1.5117,-0.4219
66889,0.0061,-0.184,-0.9265,-3.9824,-1.4941,-0.4277
66912,0.0,-0.1793,-0.9191,-3.8906,-1.4453,-0.418
66935,0.0071,-0.1809,-0.9263,-3.8145,-1.3867,-0.3848
66958,0.0125,-0.1886,-0.957,-3.7129,-1.2363,-0.3066
66981,0.0219,-0.191,-0.9646,-3.7051,-1.0098,-0.2227
67004,0.0123,-0.1857,-0.9275,-3.7656,-0.875,-0.1777
67027,-0.0028,-0.1815,-0.9137,-3.8809,-0.7891,-0.1172
67050,-0.0002,-0.1807,-0.9282,-3.9258,-0.8242,-0.0723
67073,0.0103,-0.1808,-0.9414,-3.9219,-0.9746,0.0078
67096,0.0013,-0.1803,-0.9425,-3.8945,-1.0938,0.0605
67119,0.0085,-0.1814,-0.953,-3.8809,-1.2305,0.1172
67142,0.0103,-0.1808,-0.9502,-3.9316,-1.3008,0.127
67165,-0.0092,-0.1791,-0.934,-3.9883,-1.3242,0.1035
67188,0.0018,-0.1797,-0.9229,-4.0547,-1.3496,0.0332
67211,0.0077,-0.1807,-0.9135,-4.0527,-1.3633,-0.0332
67234,0.0073,-0.1844,-0.9414,-3.9629,-1.3867,-0.1719
67257,0.0021,-0.1851,-0.9523,-3.8379,-1.416,-0.3535
67280,-0.0167,-0.1831,-0.9332,-3.7871,-1.4551,-0.4863
67303,-0.0316,-0.1824,-0.9088,-3.7793,-1.5664,-0.6758
67326,-0.0145,-0.1825,-0.8962,-3.8027,-1.6641,-0.791
67349,0.0087,-0.1875,-0.9067,-3.8555,-1.8047,-0.9707
67372,0.0146,-0.1879,-0.9354,-3.9551,-1.8906,-1.2031
67395,0.0276,-0.1855,-0.9664,-4.0977,-1.9043,-1.3906
67418,0.028,-0.1787,-0.978,-4.4922,-1.8574,-1.7051
67441,0.0267,-0.1736,-0.9779,-4.8672,-1.7754,-1.9121
67464,0.007,-0.1674,-0.9537,-5.498,-1.5664,-2.1602
67487,0.0093,-0.1656,-0.9507,-5.8652,-1.3711,-2.2773
67510,0.0001,-0.1649,-0.9458,-6.168,-1.0625,-2.2754
67533,-0.0123,-0.1693,-0.937,-6.0508,-0.9023,-2.1836
67556,-0.0165,-0.1793,-0.9337,-5.7285,-0.9609,-2.1035
67579,0.0034,-0.1929,-0.9474,-4.957,-1.3086,-2.0371
67602,0.0094,-0.1926,-0.9498,-4.3477,-1.6738,-2.0625
67625,0.01,-0.1879,-0.9402,-3.4805,-2.332,-2.2109
67648,0.0048,-0.183,-0.9058,-2.8008,-3.002,-2.4355
67671,0.0023,-0.1862,-0.9109,-2.4648,-3.3965,-2.5762
67694,0.0122,-0.1896,-0.9177,-2.1309,-3.8398,-2.7012
67717,-0.0044,-0.1888,-0.9288,-2.0293,-4.0117,-2.6953
67740,-0.0216,-0.1874,-0.9283,-2.0801,-4.0742,-2.5098
67763,0.0005,-0.1886,-0.936,-2.375,-3.9277,-2.0996
67786,-0.0118,-0.1847,-0.9321,-2.6777,-3.752,-1.7246
67809,-0.0137,-0.1825,-0.9305,-3.2051,-3.4199,-1.0801
67832,-0.0109,-0.1792,-0.9231,-3.5547,-3.168,-0.6348
67855,-0.0072,-0.1797,-0.9268,-4.0156,-2.7441,-0.0117
67878,0.0015,-0.177,-0.9473,-4.2715,-2.2539,0.4941
67901,0.0033,-0.173,-0.9609,-4.6113,-1.9199,0.7441
67924,-0.0134,-0.1692,-0.9601,-4.9551,-1.4941,0.9805
67947,-0.0031,-0.1725,-0.9634,-5.2051,-1.3066,1.0586
67970,-0.0106,-0.1708,-0.9526,-5.5898,-1.2305,1.0762
67993,-0.0316,-0.1722,-0.9158,-5.8203,-1.3145,1.041
68016,-0.0367,-0.1725,-0.9059,-6.0254,-1.5566,0.9414
68039,-0.0189,-0.1755,-0.9163,-5.9961,-1.832,0.793
68062,-0.0007,-0.1802,-0.9364,-5.8672,-2.002,0.6465
68085,-0.0074,-0.1775,-0.9432,-5.5996,-2.207,0.3223
68108,-0.0084,-0.1759,-0.9349,-5.4219,-2.2812,0.043
68131,-0.0016,-0.1794,-0.9353,-5.1953,-2.2422,-0.4141
68154,0.0127,-0.1812,-0.927,-5.0293,-2.002,-0.8301
68177,-0.0055,-0.1814,-0.9186,-4.9473,-1.7441,-1.0352
68200,0.0061,-0.1792,-0.9143,-4.8633,-1.2656,-1.1699
68223,-0.0023,-0.1779,-0.9418,-4.8437,-0.9277,-1.123
68246,-0.0116,-0.1711,-0.9415,-4.9258,-0.4629,-0.8398
68269,-0.0027,-0.1641,-0.9193,-5.1895,-0.0703,-0.3262
68292,0.0028,-0.1649,-0.9204,-5.4609,0.168,0.1094
68315,0.0155,-0.1674,-0.9303,-5.9785,0.5273,0.8457
68338,0.0219,-0.1682,-0.9462,-6.3906,0.791,1.373
68361,0.0181,-0.1412,-0.9747,-7.1016,1.2969,2.1914
68384,0.0077,-0.1416,-1.0447,-7.6348,1.7402,2.7617
68407,-0.0316,-0.1407,-0.9934,-8.5117,2.5723,3.6836
68430,-0.0015,-0.1467,-0.8937,-9.3359,3.5117,4.6777
68453,0.0498,-0.1294,-0.8716,-9.7207,4.0586,5.3203
68476,0.0817,-0.1198,-1.006,-10.0781,4.4902,6.1191
68499,0.0839,-0.1566,-1.0778,-10.4297,4.4238,6.5039
68522,0.0427,-0.1633,-1.0206,-11.7617,3.916,6.918
68545,0.0822,-0.136,-0.9191,-14.4238,3.5547,7.2578
68568,0.0553,-0.1135,-0.8418,-16.8359,3.8672,7.498
68591,0.0247,-0.1018,-0.9279,-20.9922,5.8555,7.918
68614,0.0927,-0.1024,-0.9576,-23.9453,8.293,8.2168
68637,0.097,-0.0881,-0.8912,-28.5098,12.9551,8.5332
68660,0.0892,-0.0457,-0.8481,-32.9746,17.7695,8.5039
68683,0.0824,-0.0155,-0.9045,-35.668,20.6289,8.2773
68706,0.1669,-0.0117,-0.9276,-39.0137,23.8867,7.748
68729,0.2375,0.0081,-0.9286,-40.7129,25.1719,7.3535
68752,0.1815,0.0211,-0.9738,-42.4648,25.8047,6.7852
68775,0.1571,0.0487,-0.9871,-43.1738,25.666,6.3848
68798,0.167,0.0573,-0.9213,-43.7129,25.334,6.2891
68821,0.2518,0.0652,-0.7732,-43.707,25.5918,6.4004
68844,0.27,0.0593,-0.7915,-43.4102,26.3828,6.5469
68867,0.1996,0.0851,-0.8962,-42.791,28.7656,6.6504
68890,0.2302,0.1106,-0.8309,-42.5938,31.1836,6.5332
68913,0.2213,0.1577,-0.7601,-43.1699,35.8008,5.8828
68936,0.1936,0.1838,-0.7067,-45.1348,41.0703,4.3809
68959,0.3318,0.1882,-0.8225,-47.3281,44.6602,2.7344
68982,0.3295,0.1971,-1.0071,-52.1055,49.5684,-0.957
69005,0.2495,0.2251,-0.9484,-56.2676,52.0605,-4.2539
69028,0.2618,0.2606,-0.7655,-63.3652,53.8301,-10.1348
69051,0.1559,0.2695,-0.781,-64.0,52.707,-16.5078
69074,0.1652,0.2767,-0.776,-64.0,50.3086,-20.627
69097,0.2576,0.2632,-0.8127,-64.0,44.4336,-26.1484
69120,0.2572,0.2406,-0.8832,-64.0,39.1191,-29.2598
69143,0.1523,0.2725,-0.7623,-64.0,29.293,-32.8887
69166,0.1326,0.3521,-0.578,-64.0,17.916,-34.9609
69189,0.1521,0.3779,-0.6128,-64.0,9.9883,-35.3516
69212,0.2128,0.3728,-0.7526,-57.9941,-1.6953,-34.5566
69235,0.2118,0.3804,-0.7749,-53.2188,-9.0078,-33.332
69258,0.2449,0.4316,-0.6145,-47.1445,-18.7344,-30.9648
69281,0.3146,0.4656,-0.5714,-44.1152,-24.1113,-29.293
69304,0.1863,0.496,-0.7754,-41.2168,-30.1484,-26.8789
69327,0.2017,0.4604,-0.746,-40.2852,-33.2891,-24.5117
69350,0.1798,0.5,-0.7615,-40.6133,-33.5469,-22.916
69373,0.2306,0.5205,-0.5994,-41.9629,-31.3809,-20.5742
69396,0.1584,0.5083,-0.6993,-43.0215,-28.6289,-19.0859
69419,0.02,0.5128,-0.7809,-44.3398,-23.4355,-16.9063
69442,0.0592,0.522,-0.6442,-44.9844,-17.9102,-14.6621
69465,0.2285,0.512,-0.5072,-44.8438,-14.5371,-13.2305
69488,0.2704,0.509,-0.5316,-43.6504,-10.7227,-11.5449
69511,0.1191,0.5298,-0.6184,-42.377,-9.2891,-10.8145
69534,0.0397,0.5382,-0.7632,-40.4063,-8.6113,-10.0039
69557,0.1725,0.577,-0.6377,-39.0254,-8.8945,-9.0215
69580,0.219,0.5864,-0.5082,-38.4531,-9.2773,-8.1406
69603,0.1637,0.5806,-0.5404,-37.7695,-9.8633,-6.5137
69626,0.1034,0.6194,-0.5466,-37.2559,-10.0684,-5.2773
69649,0.1818,0.6152,-0.5563,-36.2559,-9.7715,-3.3477
69672,0.1088,0.5909,-0.6453,-35.4395,-9.0957,-2.1484
69695,0.1029,0.5575,-0.6572,-34.209,-7.4609,-0.7168
69718,0.1656,0.5074,-0.5593,-33.4844,-5.3027,0.0625
69741,0.1764,0.4744,-0.3231,-33.5313,-3.6406,0.1504
69764,0.2651,0.5013,-0.4659,-34.5234,-0.7539,-0.3809
69787,0.043,0.7623,-0.6417,-35.7656,1.334,-1.125
69810,0.1163,0.9933,-0.764,-38.1719,4.4004,-2.7207
69833,0.2693,0.7808,-0.4318,-40.5039,6.8066,-4.9414
69856,0.1013,0.6868,-0.3801,-41.6973,7.668,-6.8555
69879,0.1432,0.8456,-0.4133,-42.832,8.2187,-10.4668
69902,0.1504,0.682,-0.4031,-43.2383,8.791,-13.2949
69925,0.0942,0.5547,-0.374,-43.877,10.8301,-17.668
69948,-0.0002,0.5951,-0.3979,-45.3652,14.1016,-21.3691
69971,0.0216,0.6704,-0.4497,-46.8594,16.4199,-23.127
69994,0.0026,0.6925,-0.4034,-48.9824,19.082,-24.5879
70017,0.0668,0.7317,-0.389,-49.5938,19.8711,-24.8398
70040,0.0428,0.7202,-0.3972,-48.2988,19.3457,-24.248
70063,0.0293,0.6868,-0.4144,-45.7363,18.0234,-22.498
70086,0.0488,0.6932,-0.4563,-39.6504,15.1172,-20.6797
70109,0.067,0.7148,-0.3912,-31.8398,11.6699,-17.0742
70132,0.0851,0.7308,-0.3192,-26.3066,9.2285,-14.207
70155,0.0988,0.7203,-0.3851,-18.4199,5.5605,-9.4844
70178,0.1078,0.7026,-0.4202,-13.8496,3.377,-6.2187
70201,0.0741,0.7106,-0.4094,-8.498,0.9121,-1.4551
70224,0.1279,0.7218,-0.3481,-5.1934,-0.5371,2.7012
70247,0.1375,0.7152,-0.3633,-4.0859,-1.125,4.8887
70270,0.0815,0.7114,-0.3223,-3.748,-1.8086,7.0586
70293,0.108,0.7168,-0.3972,-4.1191,-2.2344,7.7285
70316,0.0826,0.7168,-0.3712,-5.0039,-2.7129,7.6914
70339,0.0748,0.726,-0.3362,-5.6875,-2.9141,6.7363
70362,0.0862,0.714,-0.3818,-5.8125,-2.959,5.8281
70385,0.139,0.7109,-0.4442,-5.3672,-2.8359,4.4434
70408,0.1544,0.7083,-0.3518,-4.6855,-2.543,3.6797
70431,0.1138,0.7295,-0.3322,-3.2988,-1.9414,2.8398
70454,0.1057,0.7045,-0.4149,-2.293,-1.4805,2.1602
70477,0.0797,0.7114,-0.4034,-0.9219,-1.3516,1.6152
70500,0.0397,0.7109,-0.3767,0.0488,-1.5234,0.4121
70523,0.0172,0.7157,-0.3405,0.4121,-1.9141,-0.7109
70546,0.1005,0.7227,-0.3582,0.6055,-2.668,-2.6953
70569,0.1827,0.6793,-0.4622,0.6211,-2.9473,-3.9434
70592,0.0776,0.7031,-0.4264,0.7402,-2.4238,-5.1172
70615,0.0906,0.7085,-0.3527,1.248,-0.666,-5.0547
70638,0.0771,0.7058,-0.3535,1.9219,0.8848,-4.3535
70661,0.174,0.6903,-0.4143,3.5098,3.2148,-2.543
70684,0.0906,0.6981,-0.4534,4.9297,4.5723,-0.9336
70707,0.1132,0.6956,-0.4309,7.4297,6.1621,1.9043
70730,0.1211,0.697,-0.4427,9.998,7.0352,4.8457
70753,0.1536,0.6782,-0.4867,11.4844,7.1797,6.5723
70776,0.1322,0.6814,-0.4562,12.9629,6.8184,8.4082
70799,0.1302,0.6914,-0.438,13.25,6.1797,8.9629
70822,0.1115,0.6862,-0.4225,12.4336,4.5527,8.666
70845,0.0988,0.6776,-0.4672,10.0547,2.2734,7.0996
70868,0.1475,0.6846,-0.4504,7.9336,0.6055,5.5137
70891,0.2081,0.6714,-0.3854,4.0176,-1.7754,2.7012
70914,0.0386,0.7074,-0.3734,1.291,-3.1426,0.7949
70937,0.0813,0.6876,-0.4277,-2.4707,-4.6328,-1.6563
70960,0.1376,0.671,-0.4236,-4.4883,-5.1113,-2.793
70983,0.1803,0.6696,-0.427,-6.4004,-4.9023,-3.5293
71006,0.0698,0.7096,-0.412,-6.7031,-3.7012,-3.0723
71029,0.1704,0.6725,-0.4836,-6.0176,-2.5312,-2.1953
71052,0.1149,0.6752,-0.4595,-3.9648,-0.5332,-0.3301
71075,0.1202,0.6823,-0.4434,-2.2187,0.748,1.0508
71098,0.1157,0.6794,-0.4608,0.3906,2.2344,2.959
71121,0.0841,0.6772,-0.4335,2.3945,2.9219,4.3691
71144,0.209,0.6807,-0.411,3.1738,2.9082,4.9336
71167,0.1659,0.6708,-0.4523,3.4023,2.2852,5.1426
71190,0.1377,0.6859,-0.4335,2.9863,1.5488,4.8262
71213,0.0968,0.6761,-0.4332,1.75,0.1094,3.623
71236,0.0465,0.667,-0.4647,0.1895,-1.4355,1.6465
71259,0.1216,0.673,-0.4297,-0.7695,-2.2832,0.1055
71282,0.1649,0.6609,-0.4731,-1.7031,-2.9492,-1.9961
71305,0.1512,0.6643,-0.4728,-1.8223,-2.8848,-2.9238
71328,0.1344,0.6799,-0.4811,-1.1582,-2.0879,-3.2637
71351,0.1613,0.6644,-0.4778,-0.2461,-1.2539,-2.3887
71374,0.1559,0.6636,-0.4545,1.4531,0.0742,-1.3535
71397,0.1384,0.6768,-0.4299,2.9824,1.0313,0.3906
71420,0.125,0.6653,-0.4498,3.6426,1.2734,1.4082
71443,0.1328,0.6641,-0.4623,3.873,0.9746,2.375
71466,0.1252,0.6647,-0.4626,3.5117,0.3906,2.5566
71489,0.1483,0.6655,-0.4438,2.3535,-0.8906,2.166
71512,0.135,0.666,-0.4592,0.8008,-2.4668,1.1445
71535,0.0774,0.6613,-0.4922,-0.2344,-3.5605,0.2285
71558,0.1051,0.6624,-0.4889,-1.4902,-5.0664,-1.291
71581,0.1261,0.6605,-0.4893,-2.0254,-5.8594,-2.2559
71604,0.1292,0.6687,-0.4857,-2.3281,-6.5488,-3.3848
71627,0.1322,0.6627,-0.4801,-2.166,-6.5605,-3.9395
71650,0.1168,0.6676,-0.473,-1.9395,-6.2461,-3.9746
71673,0.1377,0.6593,-0.4707,-1.6738,-5.4629,-3.6484
71696,0.1079,0.6716,-0.4556,-1.6699,-4.8516,-3.2852
71719,0.1193,0.6667,-0.451,-2.0547,-3.9844,-2.7012
71742,0.1138,0.6726,-0.4399,-2.5762,-3.3457,-2.2578
71765,0.095,0.6711,-0.4486,-3.6582,-3.1152,-2.1055
71788,0.1039,0.6704,-0.4526,-4.8633,-3.0645,-2.0977
71811,0.1071,0.6699,-0.4698,-5.5801,-3.168,-2.2012
71834,0.0935,0.6519,-0.4818,-6.3047,-3.375,-2.3828
71857,0.1061,0.6553,-0.49,-6.4687,-3.4551,-2.4375
71880,0.1084,0.6631,-0.4989,-6.1816,-3.4062,-2.3066
71903,0.1156,0.6639,-0.4956,-5.3262,-3.166,-1.877
71926,0.1293,0.6659,-0.4613,-4.5391,-2.957,-1.4473
71949,0.1251,0.6663,-0.4698,-3.2793,-2.7148,-0.6895
71972,0.1167,0.6707,-0.4326,-2.5332,-2.6719,-0.2012
71995,0.1099,0.6885,-0.4099,-1.7617,-2.8418,0.3223
72018,0.0977,0.7444,-0.4255,-1.4746,-3.2832,0.418
72041,0.0985,0.7748,-0.3831,-1.5059,-3.6934,0.1973
72064,0.0505,0.7257,-0.3966,-1.834,-4.4609,-0.4355
72087,0.0676,0.6462,-0.4712,-2.3223,-5.0703,-0.8613
72110,0.0581,0.6716,-0.4828,-3.6738,-6.1035,-1.1543
72133,0.0937,0.667,-0.4812,-5.5254,-7.2012,-0.9004
72156,0.0612,0.6517,-0.4683,-7.5605,-7.9082,-0.5254
72179,0.1047,0.6206,-0.498,-10.3008,-8.8594,0.1191
72202,0.0992,0.6123,-0.4894,-11.9668,-9.4023,0.5332
72225,0.1022,0.6755,-0.5249,-13.7285,-9.9707,1.1992
72248,0.1354,0.7732,-0.5052,-14.084,-10.0469,1.7773
72271,0.139,0.7781,-0.5344,-12.7148,-9.4492,2.9746
72294,0.136,0.7725,-0.712,-8.4824,-7.8008,4.5137
72317,0.1259,0.7723,-0.7267,-4.0449,-6.1836,5.6289
72340,0.1077,0.7584,-0.6968,4.7559,-3.3711,7.2344
72363,0.1229,0.708,-0.6754,11.8398,-1.5723,8.1309
72386,0.1613,0.6334,-0.6974,23.8398,0.4805,8.9961
72409,0.1888,0.557,-0.6659,36.7813,1.3848,9.1406
72432,0.1575,0.5144,-0.5942,45.5117,1.3574,8.875
72455,0.0449,0.4803,-0.573,58.1895,0.8516,8.2246
72478,0.0148,0.4427,-0.641,63.998,0.6074,7.8535
72501,0.0524,0.3923,-0.6622,63.998,0.6016,7.623
72524,0.1305,0.3304,-0.5917,63.998,0.3145,7.582
72547,0.1753,0.2711,-0.4541,63.998,-0.668,7.3906
72570,0.1781,0.2482,-0.3835,63.998,-3.9668,6.6035
72593,0.1163,0.2632,-0.455,63.998,-7.2676,5.8477
72616,0.0576,0.3269,-0.6051,63.998,-12.668,4.9492
72639,0.0259,0.3822,-0.7566,63.998,-15.5566,5.1992
72662,0.0642,0.4419,-0.78,63.998,-17.4883,6.3184
72685,0.1385,0.5212,-0.7892,53.0137,-16.0957,9.2441
72708,0.1665,0.5281,-0.9707,45.0254,-13.5547,11.5996
72731,0.2125,0.4811,-1.1116,33.873,-8.2227,14.8281
72754,0.2285,0.4193,-1.0258,27.5938,-4.4062,16.3398
72777,0.2338,0.4014,-0.9033,21.0527,0.4316,17.2832
72800,0.1877,0.3738,-0.8983,19.3262,3.3437,16.7734
72823,0.1721,0.3224,-0.9492,21.2598,4.1582,15.9531
72846,0.2327,0.259,-0.995,28.4629,3.8906,14.6328
72869,0.3007,0.2307,-0.9954,35.5039,2.7676,14.0098
72892,0.2678,0.222,-0.9633,48.084,-0.3281,13.8984
72915,0.2109,0.1943,-0.9453,61.6973,-4.5625,15.252
72938,0.2006,0.1361,-0.9362,63.998,-7.416,17.1973
72961,0.2123,0.0809,-0.9216,63.998,-10.8125,21.7793
72984,0.2338,0.0302,-0.8638,63.998,-12.1504,25.8145
73007,0.2889,-0.0385,-0.8722,63.998,-12.5898,32.8086
73030,0.25,-0.0981,-0.9371,63.998,-11.3906,40.1289
73053,0.2444,-0.1229,-1.0222,63.998,-9.5723,44.832
73076,0.2855,-0.1582,-1.0201,63.998,-6.2598,51.3848
73099,0.311,-0.1746,-0.949,63.998,-3.9941,55.3613
73122,0.2823,-0.231,-0.9902,63.998,-1.2344,60.7305
73145,0.2449,-0.2723,-0.9801,63.998,0.0137,63.9707
73168,0.2212,-0.3096,-0.9249,63.998,1.041,63.998
73191,0.2455,-0.3606,-0.8446,63.998,1.0234,63.998
73214,0.2274,-0.3944,-0.7709,63.998,0.3496,63.998
73237,0.1151,-0.4232,-0.7739,63.998,-1.5996,63.998
73260,0.0979,-0.4536,-0.7758,63.998,-3.3301,63.998
73283,0.1521,-0.4695,-0.7762,63.998,-6.2109,63.998
73306,0.1445,-0.4812,-0.7742,63.998,-9.1699,63.998
73329,0.0527,-0.4865,-0.778,63.998,-10.9531,63.998
73352,0.0374,-0.4857,-0.7754,63.998,-12.7812,63.998
73375,0.0444,-0.4659,-0.6921,60.4746,-13.2246,63.998
73398,0.005,-0.4531,-0.6609,50.25,-12.7012,63.998
73421,-0.0582,-0.4532,-0.6591,39.3867,-10.8535,63.998
73444,-0.0304,-0.452,-0.6873,31.4922,-8.9648,63.998
73467,-0.0231,-0.4429,-0.7012,19.9883,-5.4629,63.998
73490,-0.0618,-0.4121,-0.7279,12.3516,-2.9141,63.998
73513,-0.093,-0.3949,-0.7844,1.0898,0.9316,63.998
73536,-0.1031,-0.3917,-0.7756,-6.1543,3.4062,63.998
73559,-0.0182,-0.4095,-0.8464,-16.3281,6.8535,63.998
73582,-0.0109,-0.413,-0.8973,-25.3105,9.6953,63.998
73605,-0.0184,-0.3916,-0.9063,-30.4414,11.0645,63.998
73628,-0.0516,-0.3553,-0.9188,-36.5215,12.2324,63.998
73651,-0.0991,-0.3546,-0.9398,-39.3398,12.4473,60.6738
73674,-0.0115,-0.3633,-0.9835,-41.6387,12.0488,54.0977
73697,0.0393,-0.3591,-1.0028,-41.8652,10.7871,48.0566
73720,0.0363,-0.3541,-1.048,-41.082,9.4238,44.3789
73743,-0.0675,-0.3287,-0.9658,-38.7598,6.7773,39.5703
73766,-0.1531,-0.312,-0.9177,-36.5078,4.9395,37.0078
73789,-0.0918,-0.3043,-0.8783,-32.1465,2.7246,34.291
73812,-0.0011,-0.3273,-0.9539,-27.0,1.3887,32.582
73835,0.0044,-0.3409,-1.0289,-23.5293,0.8203,31.6133
73858,-0.0441,-0.3381,-0.9156,-18.8262,0.1758,29.9121
73881,-0.0994,-0.3463,-0.7964,-16.1406,-0.127,28.5137
73904,-0.0188,-0.3921,-0.9272,-12.7637,-0.2695,26.1035
73927,0.0323,-0.3877,-0.8638,-10.9746,-0.1543,23.3633
73950,0.0409,-0.3706,-0.8746,-9.0391,0.2422,21.6816
73973,-0.0481,-0.3451,-0.902,-7.9219,0.8262,19.2461
73996,-0.0021,-0.3354,-0.8961,-7.5215,1.375,18.0293
74019,0.0352,-0.3391,-0.9137,-7.2012,2.5566,17.0996
74042,-0.0552,-0.319,-0.9097,-7.0371,3.5195,17.0898
74065,-0.1104,-0.2693,-0.874,-6.6699,4.8184,17.791
74088,-0.1152,-0.2856,-0.9717,-6.0742,5.043,18.8555
74111,0.0801,-0.3369,-0.9832,-5.5977,4.1367,19.4082
74134,-0.0514,-0.3583,-0.9098,-4.8574,1.1113,19.4531
74157,-0.0937,-0.3684,-0.9294,-4.3789,-1.6289,18.8223
74180,-0.0564,-0.3887,-0.9087,-3.7109,-5.7773,17.0293
74203,0.054,-0.4022,-0.9279,-2.9395,-8.9746,14.668
74226,-0.0278,-0.3702,-0.9314,-2.2363,-10.377,13.1074
74249,-0.1078,-0.3461,-0.9263,-0.834,-11.4355,11.2539
74272,-0.1326,-0.34,-0.9196,0.2832,-11.4316,10.4492
74295,-0.0642,-0.351,-0.9333,2.0625,-10.3477,9.7559
74318,-0.0366,-0.345,-0.9153,3.2031,-8.0664,9.2695
74341,-0.0513,-0.3768,-0.9171,4.6758,-6.7051,8.8359
74364,-0.0629,-0.3784,-0.9233,5.8066,-3.9492,7.7715
74387,-0.0795,-0.3632,-0.9087,6.4355,-1.8496,6.707
74410,-0.0695,-0.3655,-0.8655,7.3437,1.5664,4.5684
74433,-0.0415,-0.3938,-0.8981,7.9687,3.8281,2.8477
74456,-0.0122,-0.3788,-0.8999,8.8594,6.916,0.0137
74479,-0.0101,-0.3538,-0.9152,9.5137,9.418,-2.8555
74502,-0.0748,-0.3521,-0.8976,9.7207,10.6523,-4.623
74525,-0.0305,-0.384,-0.924,9.5957,11.7363,-6.7988
74548,0.0444,-0.4142,-0.9598,9.1895,11.8828,-7.8125
74571,0.0156,-0.3715,-0.9242,8.1504,11.1484,-8.623
74594,-0.097,-0.3136,-0.9208,6.9375,9.4414,-8.6953
74617,-0.1406,-0.2935,-0.9039,6.293,8.0156,-8.4941
74640,-0.0575,-0.3212,-0.9437,5.8203,5.6973,-8.3047
74663,-0.0985,-0.3055,-1.0109,5.834,4.0098,-8.6289
74686,-0.0453,-0.2625,-1.0596,6.2168,1.2344,-10.4043
74709,-0.0653,-0.2823,-1.1591,6.6758,-1.707,-14.1992
74732,-0.0552,-0.3264,-1.0488,7.8437,-3.6074,-17.9102
74755,-0.0852,-0.3398,-0.8191,10.0469,-6.2852,-25.0234
74778,-0.2502,-0.3416,-0.7723,12.3223,-8.127,-30.5801
74801,-0.2941,-0.3215,-0.7463,16.7715,-11.4707,-39.877
74824,-0.3076,-0.332,-0.6742,19.9004,-14.4336,-46.7793
74847,-0.0966,-0.3861,-0.621,23.3457,-20.6934,-58.5
74870,0.0669,-0.4604,-0.6036,23.2285,-30.043,-64.0
74893,0.0775,-0.4777,-0.6367,20.2344,-38.1836,-64.0
74916,0.0406,-0.4777,-0.6417,10.8086,-52.2656,-64.0
74939,-0.0339,-0.4073,-0.6017,1.459,-61.6973,-64.0
74962,-0.1036,-0.2932,-0.55,-16.0234,-64.0,-64.0
74985,-0.0546,-0.1876,-0.6188,-35.8789,-64.0,-64.0
75008,0.1283,-0.1593,-0.8153,-49.5625,-64.0,-64.0
75031,0.2274,-0.2063,-1.0856,-64.0,-64.0,-64.0
75054,0.2467,-0.3267,-1.1746,-64.0,-64.0,-64.0
75077,0.241,-0.3556,-0.9696,-64.0,-64.0,-64.0
75100,0.1926,-0.265,-0.7852,-64.0,-64.0,-64.0
75123,0.0663,-0.218,-0.8466,-64.0,-58.6582,-64.0
75146,0.0366,-0.2369,-0.973,-64.0,-47.3926,-64.0
75169,0.0494,-0.2477,-0.8936,-64.0,-38.4277,-64.0
75192,0.0973,-0.1147,-0.7633,-64.0,-23.2637,-64.0
75215,0.0244,-0.072,-0.9183,-64.0,-12.5078,-64.0
75238,0.0197,-0.0945,-1.0962,-64.0,3.7402,-57.873
75261,0.0981,-0.0665,-1.0533,-52.3711,19.1113,-33.9063
75284,0.1008,-0.0239,-1.0715,-41.3906,28.1816,-18.7441
75307,0.0854,0.0167,-1.0847,-28.8652,39.125,1.2246
75330,0.1018,0.0459,-1.1122,-23.4941,44.498,12.0957
75353,0.1071,0.045,-1.1614,-19.7324,50.041,24.2871
75376,0.1355,0.0425,-1.1289,-20.2109,53.3262,31.6211
75399,0.103,0.0244,-1.0292,-22.0762,54.8184,34.0938
75422,0.1193,0.0442,-1.021,-25.6953,56.9238,34.8496
75445,0.1377,0.0337,-1.0659,-27.8633,58.5703,33.8281
75468,0.2333,0.0133,-1.0507,-29.8652,61.2363,30.6816
75491,0.2937,-0.0161,-0.9897,-29.9473,62.6367,26.2031
75514,0.2466,0.0056,-0.9657,-28.9023,61.8223,22.7715
75537,0.1604,0.0524,-0.9744,-25.8359,57.0469,17.4746
75560,0.1,0.0566,-1.036,-22.9785,51.4512,14.1738
75583,0.1606,0.0444,-1.1947,-17.998,39.8184,9.9082
75606,0.3615,0.0282,-1.0944,-14.5898,23.7969,6.4258
75629,0.3077,0.0023,-0.9482,-9.6562,10.7461,4.4141
75652,0.0626,-0.0204,-0.8998,-4.5547,-12.2051,1.9258
75675,-0.0548,-0.0187,-0.9274,-0.7266,-27.6484,0.875
75698,-0.0088,-0.0283,-0.8478,5.8184,-47.3301,0.6074
75721,-0.0199,-0.0773,-0.8112,10.5723,-56.7871,1.2871
75744,-0.0242,-0.1538,-0.9498,17.6777,-64.0,3.1504
75767,-0.0132,-0.1666,-0.9076,23.6758,-64.0,5.3359
75790,0.0146,-0.1704,-0.7975,26.5391,-62.5977,6.6484
75813,0.0502,-0.176,-0.7823,28.7598,-53.6582,8.0977
75836,0.0674,-0.1692,-0.9199,28.7656,-45.3789,8.6465
75859,0.0262,-0.1379,-0.9803,26.3828,-31.0293,8.9023
75882,0.0466,-0.1194,-1.0278,21.0938,-16.373,8.7363
75905,0.0914,-0.1095,-1.0497,16.2109,-7.4121,8.5176
75928,0.061,-0.0939,-1.0142,7.7598,3.7852,8.1152
75951,0.0255,-0.0857,-0.9098,2.1055,9.5156,7.832
75974,0.0402,-0.0605,-0.924,-5.0996,15.5898,7.4395
75997,0.0323,-0.0665,-0.8838,-8.4883,18.8203,7.0684
76020,0.0381,-0.0784,-0.9441,-11.0996,19.4492,6.7676
76043,0.0428,-0.0889,-0.9873,-11.1406,18.2773,6.0898
76066,0.0807,-0.1005,-0.9868,-10.2051,16.3047,5.3965
76089,0.0696,-0.104,-0.9536,-8.0176,12.2012,3.9219
76112,0.0145,-0.1033,-0.9081,-6.2832,9.1543,2.6855
76135,0.0326,-0.1172,-0.929,-3.5332,4.8125,0.6328
76158,0.0826,-0.1205,-0.9191,-0.9531,1.1602,-1.4512
76181,0.0718,-0.1288,-0.9192,0.4746,-0.8379,-2.8105
76204,0.0715,-0.1309,-0.9244,1.9883,-3.1406,-4.7559
76227,0.0724,-0.1324,-0.9397,2.541,-4.209,-5.9355
76250,0.0597,-0.132,-0.9421,2.7168,-5.1855,-7.4023
76273,0.0554,-0.1307,-0.922,2.2344,-5.4785,-8.3574
76296,0.0773,-0.1354,-0.9213,1.6563,-5.3066,-8.6738
76319,0.0748,-0.1309,-0.9255,0.5898,-4.541,-8.6953
76342,0.0328,-0.1211,-0.9242,-0.1562,-3.7637,-8.4434
76365,0.0238,-0.1169,-0.9141,-1.1836,-2.4121,-7.709
76388,0.0688,-0.126,-0.9325,-2.0059,-1.1797,-6.6465
76411,0.0725,-0.1223,-0.9203,-2.4414,-0.5859,-5.875
76434,0.0537,-0.1163,-0.9681,-2.9531,-0.0234,-4.8047
76457,0.0596,-0.1124,-0.9425,-3.2266,0.2441,-4.2207
76480,0.054,-0.1078,-0.937,-3.5781,0.5977,-3.5781
76503,0.037,-0.1108,-0.9498,-3.7832,0.7852,-3.2988
76526,0.0543,-0.1168,-0.959,-4.0898,0.8887,-3.0645
76549,0.073,-0.1173,-0.9396,-4.4453,0.6211,-3.0254
76572,0.0439,-0.1155,-0.9237,-4.6992,0.2187,-3.1074
76595,0.0413,-0.1189,-0.9442,-5.043,-0.5937,-3.3652
76618,0.0454,-0.1204,-0.9357,-5.2187,-1.1855,-3.5996
76641,0.045,-0.1254,-0.9355,-5.3555,-2.084,-3.9883
76664,0.068,-0.1331,-0.9369,-5.3086,-2.918,-4.3555
76687,0.0848,-0.1338,-0.9266,-5.1738,-3.3535,-4.5566
76710,0.0619,-0.127,-0.9038,-4.8359,-3.6816,-4.75
76733,0.0374,-0.121,-0.9138,-4.5449,-3.627,-4.7637
76756,0.0452,-0.1201,-0.9423,-4.1172,-3.1797,-4.5254
76779,0.0583,-0.1152,-0.9542,-3.8926,-2.4941,-3.959
76802,0.0531,-0.1166,-0.9296,-3.9336,-2.043,-3.4375
76825,0.0435,-0.1083,-0.9153,-4.2598,-1.5059,-2.5273
76848,0.0388,-0.1096,-0.9353,-4.5977,-1.2676,-1.8867
76871,0.0397,-0.1066,-0.9587,-5.2168,-1.1406,-0.9531
76894,0.0424,-0.0995,-0.9556,-5.6875,-1.2363,-0.1562
76917,0.0471,-0.0962,-0.942,-6.4082,-1.6289,0.25
76940,0.038,-0.0959,-0.9301,-6.9785,-2.166,0.6309
76963,0.04,-0.104,-0.9357,-7.1855,-2.4863,0.7422
76986,0.0404,-0.1084,-0.942,-7.2109,-2.8379,0.7207
77009,0.0394,-0.1118,-0.9443,-7.0684,-3.0156,0.5879
77032,0.041,-0.1069,-0.9147,-6.6855,-3.2578,0.2383
77055,0.0397,-0.1105,-0.9232,-6.1309,-3.4219,-0.2285
77078,0.0399,-0.1115,-0.9366,-5.6973,-3.4395,-0.5566
77101,0.0452,-0.1157,-0.9364,-5.0488,-3.3125,-1.002
77124,0.0389,-0.1108,-0.9354,-4.6758,-3.1523,-1.2363
77147,0.0397,-0.1057,-0.9276,-4.2578,-2.8516,-1.4551
77170,0.0392,-0.1033,-0.9257,-4.0059,-2.5098,-1.4805
77193,0.0347,-0.1022,-0.9261,-3.9199,-2.252,-1.3789
77216,0.0394,-0.1036,-0.9265,-3.8926,-1.8164,-1.0527
77239,0.0396,-0.1075,-0.9226,-3.9355,-1.5508,-0.7559
77262,0.0396,-0.1029,-0.9098,-4.0723,-1.2988,-0.2891
77285,0.0396,-0.1091,-0.9479,-4.2012,-1.2461,0.1055
77308,0.0404,-0.1069,-0.9562,-4.4824,-1.3027,0.293
77331,0.0394,-0.098,-0.9314,-4.8887,-1.457,0.4395
77354,0.0369,-0.0939,-0.9141,-5.1953,-1.5352,0.4629
77377,0.04,-0.0909,-0.9204,-5.5996,-1.4922,0.4336
77400,0.0397,-0.0913,-0.9462,-5.7969,-1.3242,0.4023
77423,0.0442,-0.0944,-0.9753,-5.9805,-0.8945,0.3535
77446,0.0442,-0.0981,-0.9669,-6.0781,-0.3594,0.3027
77469,0.0386,-0.0966,-0.9404,-6.0957,-0.0176,0.2695
77492,0.0399,-0.0956,-0.9064,-5.9883,0.3926,0.2305
77515,0.0394,-0.0978,-0.922,-5.7871,0.5703,0.2148
77538,0.0409,-0.1021,-0.9508,-5.3008,0.6172,0.1875
77561,0.041,-0.1019,-0.9395,-4.7227,0.3398,0.1328
77584,0.0388,-0.1014,-0.9227,-4.3496,0.0039,0.0762
77607,0.0397,-0.1011,-0.9238,-3.8457,-0.6016,-0.0137
77630,0.0393,-0.0977,-0.9091,-3.5586,-0.9961,-0.0684
77653,0.0393,-0.098,-0.9047,-3.2266,-1.4551,-0.1289
77676,0.04,-0.1033,-0.9237,-3.0391,-1.6504,-0.168
77699,0.0404,-0.0992,-0.9292,-3.0234,-1.6289,-0.1953
77722,0.0397,-0.0991,-0.9518,-3.1914,-1.4004,-0.252
77745,0.0438,-0.0935,-0.953,-3.4375,-1.1543,-0.2969
77768,0.0408,-0.0934,-0.9469,-3.9629,-0.709,-0.3594
77791,0.0396,-0.0922,-0.933,-4.3613,-0.3945,-0.3926
77814,0.0394,-0.0918,-0.9332,-4.9043,0.0234,-0.418
77837,0.0397,-0.0935,-0.9448,-5.2598,0.2852,-0.4238
77860,0.0394,-0.0939,-0.9425,-5.3633,0.3242,-0.4297
77883,0.0396,-0.092,-0.9253,-5.3184,0.1543,-0.4668
77906,0.0394,-0.0933,-0.917,-5.1582,-0.0898,-0.5156
77929,0.0396,-0.0956,-0.9196,-4.7598,-0.5781,-0.6211
77952,0.0394,-0.0988,-0.9417,-4.2695,-1.1035,-0.7656
77975,0.0396,-0.0966,-0.9349,-3.9727,-1.4258,-0.8848
77998,0.0394,-0.0942,-0.9249,-3.6543,-1.8086,-1.0977
78021,0.0396,-0.0903,-0.9275,-3.541,-1.9688,-1.252
78044,0.0396,-0.0908,-0.9332,-3.5371,-2.0449,-1.4746
78067,0.0398,-0.0911,-0.9171,-3.7363,-1.9785,-1.6602
78090,0.043,-0.0974,-0.9374,-3.9609,-1.877,-1.7656
78113,0.0443,-0.0979,-0.9459,-4.3887,-1.6563,-1.9043
78136,0.0594,-0.0995,-0.9288,-4.6973,-1.4727,-1.9883
78159,0.0573,-0.1018,-0.9403,-5.1191,-1.1426,-2.0859
78182,0.0366,-0.0963,-0.9424,-5.3359,-0.9043,-2.1113
78205,0.0403,-0.092,-0.9242,-5.5469,-0.5684,-2.0625
78228,0.0442,-0.0898,-0.9303,-5.6035,-0.3145,-1.8809
78251,0.0411,-0.0898,-0.9427,-5.5566,-0.2129,-1.6992
78274,0.0393,-0.0869,-0.9438,-5.4004,-0.1797,-1.3691
78297,0.0394,-0.0826,-0.9275,-5.2539,-0.2266,-1.125
78320,0.0391,-0.0811,-0.9248,-4.9766,-0.3672,-0.752
78343,0.0397,-0.085,-0.9374,-4.6523,-0.5469,-0.3984
78366,0.04,-0.0889,-0.9418,-4.4375,-0.6797,-0.207
78389,0.0563,-0.0936,-0.9443,-4.1699,-0.9043,-0.0273
78412,0.0413,-0.0944,-0.9498,-4.0371,-1.0781,0.0059
78435,0.0392,-0.0922,-0.9216,-3.8945,-1.3633,-0.0547
78458,0.0397,-0.0884,-0.9033,-3.7559,-1.6191,-0.1914
78481,0.0396,-0.0931,-0.918,-3.6328,-1.7383,-0.2969
78504,0.0396,-0.0957,-0.9271,-3.4355,-1.8242,-0.459
78527,0.0396,-0.0939,-0.9138,-3.3301,-1.8184,-0.5664
78550,0.043,-0.0963,-0.9216,-3.2598,-1.7012,-0.7168
78573,0.0435,-0.0981,-0.9442,-3.2891,-1.4551,-0.8379
78596,0.0405,-0.094,-0.9337,-3.4766,-1.252,-0.8887
78619,0.0387,-0.083,-0.9166,-3.8437,-0.9414,-0.8887
78642,0.0398,-0.0796,-0.9342,-4.1504,-0.748,-0.8203
78665,0.0433,-0.0776,-0.9469,-4.6523,-0.5078,-0.627
78688,0.0446,-0.0811,-0.9767,-4.9922,-0.4062,-0.4629
78711,0.0385,-0.0773,-0.9591,-5.4727,-0.3691,-0.209
78734,0.0398,-0.0785,-0.924,-5.8125,-0.459,0.0273
78757,0.0396,-0.0818,-0.9067,-5.8789,-0.5625,0.1641
78780,0.0475,-0.0906,-0.9183,-5.6738,-0.7324,0.3008
78803,0.0732,-0.1027,-0.9612,-5.3574,-0.8262,0.3066
78826,0.0547,-0.0991,-0.9486,-4.7422,-0.9277,0.1621
78849,0.0371,-0.0928,-0.9169,-4.0859,-0.9707,-0.0937
78872,0.0391,-0.0895,-0.8927,-3.6465,-0.957,-0.2461
78895,0.0396,-0.0883,-0.9014,-3.0039,-0.875,-0.3516
78918,0.0431,-0.0864,-0.932,-2.6367,-0.8027,-0.3301
78941,0.0554,-0.0837,-0.9587,-2.3164,-0.7324,-0.209
78964,0.0376,-0.0795,-0.9567,-2.3281,-0.7656,-0.0625
78987,0.0402,-0.0795,-0.9462,-2.6992,-0.8359,0.0254
79010,0.0386,-0.0767,-0.9258,-3.3516,-0.9727,0.123
79033,0.0275,-0.0795,-0.9137,-3.8164,-1.0605,0.1562
79056,0.0414,-0.0829,-0.9277,-4.3926,-1.1504,0.1387
79079,0.0416,-0.0911,-0.9287,-4.6426,-1.1797,0.0645
79102,0.0415,-0.0931,-0.9363,-4.8184,-1.2012,-0.1621
79125,0.0392,-0.0901,-0.9365,-4.8027,-1.2266,-0.5176
79148,0.0397,-0.0853,-0.9224,-4.7246,-1.2559,-0.7871
79171,0.0394,-0.0808,-0.9089,-4.5352,-1.3281,-1.1797
79194,0.04,-0.0834,-0.9299,-4.377,-1.3711,-1.4004
79217,0.0475,-0.0902,-0.9611,-4.1582,-1.3965,-1.6426
79240,0.0397,-0.0907,-0.9572,-4.0703,-1.3926,-1.7773
79263,0.0396,-0.0856,-0.9253,-4.1035,-1.3887,-1.8105
79286,0.0396,-0.0858,-0.9167,-4.2324,-1.3789,-1.7715
79309,0.0431,-0.0891,-0.923,-4.3223,-1.3711,-1.6855
79332,0.0546,-0.0894,-0.9249,-4.4219,-1.3496,-1.5039
79355,0.0387,-0.0801,-0.954,-4.4863,-1.2871,-1.3086
79378,0.0505,-0.0769,-0.9609,-4.5293,-1.2168,-1.1875
79401,0.0348,-0.0714,-0.9614,-4.6133,-1.0938,-1.0176
79424,0.0283,-0.0684,-0.9512,-4.6621,-1.0313,-0.9023
79447,0.0391,-0.0737,-0.9137,-4.6602,-1.0313,-0.7109
79470,0.0404,-0.0867,-0.9022,-4.5566,-1.1191,-0.5371
79493,0.0518,-0.1003,-0.9353,-4.2031,-1.3809,-0.4746
79516,0.0411,-0.1022,-0.948,-3.6777,-1.7539,-0.5215
79539,0.0393,-0.0951,-0.9183,-3.2988,-2.0254,-0.6367
79562,0.0397,-0.0939,-0.9092,-2.7637,-2.3809,-0.8652
79585,0.0396,-0.0906,-0.9001,-2.457,-2.5508,-1.0078
79608,0.0397,-0.0889,-0.9187,-2.1289,-2.6699,-1.1465
79631,0.04,-0.0851,-0.9529,-2.0469,-2.5996,-1.168
79654,0.0396,-0.0803,-0.9698,-2.1797,-2.457,-1.1211
79677,0.0376,-0.0765,-0.9567,-2.6699,-2.1641,-0.959
79700,0.0249,-0.0747,-0.9243,-3.1348,-1.9492,-0.7988
79723,0.0306,-0.078,-0.9177,-3.8477,-1.6406,-0.5117
79746,0.041,-0.0842,-0.9385,-4.377,-1.373,-0.2598
79769,0.0392,-0.0911,-0.946,-4.5742,-1.2441,-0.168
79792,0.0396,-0.0909,-0.932,-4.6348,-1.1465,-0.1934
79815,0.0361,-0.0936,-0.9213,-4.5312,-1.1504,-0.3086
79838,0.0349,-0.0975,-0.9069,-4.1992,-1.2422,-0.5664
79861,0.0405,-0.1017,-0.9023,-3.8965,-1.3301,-0.8457
79884,0.0392,-0.0923,-0.9108,-3.4297,-1.4531,-1.002
79907,0.0397,-0.0829,-0.9407,-3.1094,-1.5352,-1.1348
79930,0.0396,-0.0764,-0.9495,-3.0723,-1.5703,-1.125
79953,0.0377,-0.0712,-0.9495,-3.3496,-1.6035,-0.9434
79976,0.0317,-0.0709,-0.9467,-3.7344,-1.6094,-0.7285
79999,0.0406,-0.0745,-0.9386,-4.4824,-1.582,-0.3281
80022,0.0393,-0.0813,-0.9479,-5.2227,-1.5137,0.0469
80045,0.0396,-0.0846,-0.951,-5.6016,-1.4531,0.2129
80068,0.0386,-0.0825,-0.9283,-5.8848,-1.3711,0.2832
80091,0.0369,-0.0837,-0.9142,-5.8379,-1.3281,0.2109
80114,0.0402,-0.0859,-0.9253,-5.4219,-1.2949,-0.0332
80137,0.0393,-0.0875,-0.9396,-4.7227,-1.3262,-0.3867
80160,0.0397,-0.0907,-0.9376,-4.1973,-1.3848,-0.6504
80183,0.0393,-0.0916,-0.9276,-3.4629,-1.5215,-1.0313
80206,0.0311,-0.0931,-0.9132,-3.0547,-1.6309,-1.2363
80229,0.0397,-0.0948,-0.9086,-2.6016,-1.7637,-1.4082
80252,0.0394,-0.0929,-0.9224,-2.4141,-1.8027,-1.3887
80275,0.0394,-0.088,-0.9343,-2.332,-1.7773,-1.2754
80298,0.0392,-0.0851,-0.9332,-2.5176,-1.6855,-0.9746
80321,0.0397,-0.0829,-0.9343,-2.7852,-1.5898,-0.7129
80344,0.0392,-0.0846,-0.9354,-3.3359,-1.4238,-0.2793
80367,0.0291,-0.0762,-0.9243,-3.752,-1.3164,0.0078
80390,0.0409,-0.0764,-0.9358,-4.3516,-1.1777,0.3926
80413,0.0388,-0.0793,-0.9521,-4.8535,-1.0918,0.6758
80436,0.0326,-0.0743,-0.9315,-5.1133,-1.0801,0.793
80459,0.0201,-0.073,-0.9285,-5.3574,-1.1074,0.8594
80482,0.0356,-0.0752,-0.932,-5.4082,-1.1387,0.8398
80505,0.0403,-0.0787,-0.9293,-5.3262,-1.1992,0.7148
80528,0.0394,-0.0841,-0.9369,-5.0937,-1.2676,0.4687
80551,0.0394,-0.0896,-0.9473,-4.8906,-1.3105,0.2402
80574,0.0396,-0.0851,-0.9279,-4.5664,-1.3711,-0.1738
80597,0.0396,-0.0847,-0.9172,-4.3496,-1.4023,-0.4629
80620,0.0394,-0.0818,-0.9312,-4.0391,-1.4355,-0.8633
80643,0.0382,-0.0817,-0.9404,-3.791,-1.4609,-1.1699
80666,0.0398,-0.08,-0.9279,-3.6914,-1.4688,-1.3066
80689,0.0394,-0.0847,-0.9318,-3.6445,-1.4648,-1.3984
80712,0.0396,-0.0823,-0.9288,-3.6719,-1.4531,-1.3906
80735,0.0397,-0.0822,-0.9402,-3.7891,-1.4375,-1.2949
80758,0.0394,-0.0806,-0.9413,-3.9023,-1.4336,-1.1934
80781,0.0378,-0.0819,-0.9247,-4.0918,-1.4297,-1.0078
80804,0.0378,-0.0845,-0.92,-4.2266,-1.416,-0.793
80827,0.0399,-0.0833,-0.9418,-4.2578,-1.4004,-0.6426
80850,0.0394,-0.0835,-0.9513,-4.2187,-1.3887,-0.4258
80873,0.0382,-0.0796,-0.9272,-4.1562,-1.4023,-0.2949
80896,0.0282,-0.0768,-0.9092,-4.0117,-1.4453,-0.1133
80919,0.0358,-0.0797,-0.9214,-3.8066,-1.4805,0.0547
80942,0.0392,-0.0848,-0.9392,-3.6543,-1.4785,0.1523
80965,0.0396,-0.0891,-0.9471,-3.4727,-1.4199,0.252
80988,0.0396,-0.0845,-0.9359,-3.4102,-1.3477,0.2754
81011,0.0389,-0.0791,-0.9268,-3.3945,-1.2266,0.2441
81034,0.0264,-0.0811,-0.9305,-3.4258,-1.1484,0.1641
81057,0.0299,-0.076,-0.9196,-3.4473,-1.127,0.1055
81080,0.0223,-0.0782,-0.9208,-3.4668,-1.1094,0.0391
81103,0.0378,-0.0836,-0.9301,-3.4727,-1.0879,0.0059
81126,0.0398,-0.087,-0.9362,-3.5,-1.0215,-0.0605
81149,0.0364,-0.0872,-0.9442,-3.5449,-0.9609,-0.1797
81172,0.0283,-0.0793,-0.9348,-3.6738,-0.8672,-0.2832
81195,0.0411,-0.077,-0.9187,-3.8652,-0.8164,-0.4414
81218,0.0388,-0.0784,-0.9357,-4.0098,-0.8203,-0.5371
81241,0.0385,-0.0813,-0.948,-4.2402,-0.873,-0.6543
81264,0.0389,-0.0814,-0.9336,-4.4004,-0.9316,-0.709
81287,0.038,-0.0786,-0.927,-4.6094,-1.0469,-0.7461
81310,0.0397,-0.0785,-0.9351,-4.7246,-1.1953,-0.7227
81333,0.0377,-0.0803,-0.9371,-4.7383,-1.3125,-0.6738
81356,0.0323,-0.0813,-0.9237,-4.6836,-1.5,-0.5625
81379,0.0251,-0.085,-0.9171,-4.6016,-1.6133,-0.4687
81402,0.0304,-0.0824,-0.9048,-4.4238,-1.7148,-0.3184
81425,0.0396,-0.0839,-0.927,-4.207,-1.6895,-0.1875
81448,0.0396,-0.0846,-0.9401,-4.0879,-1.5996,-0.127
81471,0.0394,-0.0786,-0.9331,-4.0234,-1.373,-0.0801
81494,0.0396,-0.0789,-0.9402,-4.0762,-1.1777,-0.0723
81517,0.0387,-0.0746,-0.9453,-4.3008,-0.8496,-0.0605
81540,0.0309,-0.0676,-0.9324,-4.5234,-0.5215,-0.0098
81563,0.0354,-0.0692,-0.9409,-4.8984,-0.334,0.0625
81586,0.0249,-0.0696,-0.9314,-5.2363,-0.1641,0.2266
81609,0.0332,-0.0695,-0.9149,-5.3926,-0.1406,0.3555
81632,0.0354,-0.0729,-0.928,-5.4746,-0.2305,0.5371
81655,0.0403,-0.0778,-0.939,-5.4355,-0.3496,0.6191
81678,0.0391,-0.0775,-0.9373,-5.2871,-0.5684,0.6426
81701,0.0371,-0.0789,-0.9377,-5.0918,-0.7734,0.5469
81724,0.0393,-0.0742,-0.922,-4.9629,-0.8887,0.4336
81747,0.0382,-0.0712,-0.9187,-4.7812,-1.0176,0.2383
81770,0.0399,-0.076,-0.9316,-4.6738,-1.0703,0.1133
81793,0.0393,-0.072,-0.9358,-4.5645,-1.0918,-0.0371
81816,0.0396,-0.0696,-0.947,-4.5488,-1.041,-0.1191
81839,0.0393,-0.0668,-0.9579,-4.6035,-0.9785,-0.1309
81862,0.0319,-0.0636,-0.9471,-4.7676,-0.877,-0.082
81885,0.0261,-0.0637,-0.9265,-4.8945,-0.8281,-0.0156
81908,0.0299,-0.0675,-0.9171,-5.0117,-0.7891,0.1152
81931,0.0406,-0.0737,-0.9338,-4.9355,-0.7891,0.2129
81954,0.0388,-0.0801,-0.943,-4.7676,-0.8164,0.2168
81977,0.0397,-0.08,-0.932,-4.3555,-0.8848,0.0937
82000,0.0352,-0.0835,-0.9213,-3.9902,-0.9375,-0.0605
82023,0.0393,-0.0831,-0.9167,-3.3437,-1.0039,-0.3398
82046,0.0396,-0.0817,-0.9261,-2.8848,-1.0449,-0.5117
82069,0.0396,-0.077,-0.9293,-2.2617,-1.127,-0.6953
82092,0.0353,-0.0737,-0.9342,-1.8496,-1.2461,-0.75
82115,0.0282,-0.0691,-0.9271,-1.7422,-1.332,-0.707
82138,0.0237,-0.0656,-0.923,-1.8438,-1.4199,-0.5312
82161,0.0287,-0.0696,-0.9427,-2.0645,-1.4336,-0.3652
82184,0.038,-0.0695,-0.9268,-2.5625,-1.4004,-0.1055
82207,0.0397,-0.0763,-0.9363,-3.1465,-1.3164,0.084
82230,0.0386,-0.0807,-0.9427,-3.5156,-1.2422,0.1367
82253,0.0396,-0.0785,-0.9265,-3.9648,-1.1191,0.084
82276,0.0392,-0.0801,-0.9253,-4.1621,-1.0332,-0.0312
82299,0.0396,-0.079,-0.9254,-4.2715,-0.8984,-0.2871
82322,0.0396,-0.0763,-0.9241,-4.1816,-0.7598,-0.5879
82345,0.0394,-0.0786,-0.9393,-4.0488,-0.6777,-0.7754
82368,0.0391,-0.0769,-0.9293,-3.8203,-0.6035,-0.9785
82391,0.0391,-0.0752,-0.9275,-3.6895,-0.6035,-1.0352
82414,0.0392,-0.0773,-0.9333,-3.5586,-0.6836,-0.9902
82437,0.0353,-0.0723,-0.9227,-3.5195,-0.7695,-0.8086
82460,0.0398,-0.077,-0.9316,-3.5273,-0.8887,-0.6387
82483,0.0387,-0.0786,-0.9457,-3.6016,-0.957,-0.3555
82506,0.0273,-0.0701,-0.9211,-3.6777,-0.9785,-0.1738
82529,0.0371,-0.0709,-0.9275,-3.8066,-0.9766,0.0625
82552,0.0369,-0.0735,-0.9354,-3.8906,-0.959,0.1875
82575,0.0402,-0.0741,-0.9263,-4.0176,-0.9082,0.3027
82598,0.0405,-0.0778,-0.9576,-4.1504,-0.8281,0.2969
82621,0.0389,-0.0765,-0.9744,-4.248,-0.7734,0.2168
82644,0.0159,-0.0652,-0.9242,-4.3965,-0.7207,0.0156
82667,0.0132,-0.0615,-0.8965,-4.4434,-0.7051,-0.1328
82690,0.0363,-0.076,-0.9167,-4.3555,-0.7051,-0.3281
82713,0.0399,-0.0844,-0.9286,-4.082,-0.7656,-0.4941
82736,0.0394,-0.0852,-0.9442,-3.8535,-0.8457,-0.6113
82759,0.0396,-0.0774,-0.9481,-3.5332,-1.0098,-0.8125
82782,0.0361,-0.0734,-0.9387,-3.3691,-1.1406,-0.9512
82805,0.0317,-0.0673,-0.9169,-3.2012,-1.3613,-1.123
82828,0.0331,-0.0725,-0.9302,-3.125,-1.5801,-1.2051
82851,0.0294,-0.0725,-0.9347,-3.041,-1.7012,-1.207
82874,0.0387,-0.076,-0.9294,-3.0078,-1.8262,-1.1465
82897,0.0354,-0.0797,-0.9254,-3.0098,-1.875,-1.0801
82920,0.0404,-0.0812,-0.9244,-3.041,-1.8984,-0.9727
82943,0.0393,-0.0807,-0.9354,-3.0781,-1.875,-0.9121
82966,0.0396,-0.0807,-0.9435,-3.1602,-1.7813,-0.8457
82989,0.0375,-0.0797,-0.9376,-3.2793,-1.6367,-0.7988
83012,0.0254,-0.0765,-0.9288,-3.3652,-1.5332,-0.7676
83035,0.0337,-0.0737,-0.9175,-3.4609,-1.377,-0.7129
83058,0.0402,-0.079,-0.9314,-3.4824,-1.2695,-0.6758
83081,0.0388,-0.0834,-0.9343,-3.457,-1.1094,-0.6426
83104,0.0396,-0.084,-0.9274,-3.3965,-0.9863,-0.6445
83127,0.0321,-0.0861,-0.9285,-3.3594,-0.9492,-0.6641
83150,0.0156,-0.0773,-0.9181,-3.3379,-0.9668,-0.7012
83173,0.0417,-0.0785,-0.911,-3.3477,-1.0176,-0.7148
83196,0.0388,-0.0795,-0.9385,-3.4043,-1.1113,-0.7187
83219,0.0361,-0.0758,-0.9445,-3.5391,-1.1875,-0.709
83242,0.0367,-0.0757,-0.9426,-3.6855,-1.209,-0.6914
83265,0.0386,-0.0765,-0.9323,-3.9727,-1.2051,-0.6445
83288,0.0397,-0.0765,-0.9309,-4.1738,-1.1934,-0.6016
83311,0.0369,-0.0771,-0.9432,-4.4316,-1.2031,-0.5293
83334,0.0393,-0.0814,-0.941,-4.5547,-1.2383,-0.4766
83357,0.036,-0.0802,-0.921,-4.6348,-1.3359,-0.3945
83380,0.0248,-0.0811,-0.9137,-4.5566,-1.4629,-0.3066
83403,0.0393,-0.0789,-0.9261,-4.418,-1.5469,-0.2461
83426,0.0287,-0.074,-0.937,-4.1367,-1.6523,-0.1641
83449,0.0188,-0.0709,-0.9351,-3.9492,-1.6992,-0.1113
83472,0.0197,-0.0717,-0.9198,-3.7402,-1.7148,-0.0195
83495,0.0338,-0.0781,-0.9236,-3.6348,-1.6484,0.0801
83518,0.0398,-0.0817,-0.933,-3.623,-1.5664,0.1309
83541,0.0394,-0.08,-0.9462,-3.6992,-1.4004,0.1406
83564,0.0389,-0.0774,-0.9451,-3.8066,-1.2813,0.0937
83587,0.0267,-0.0752,-0.9271,-4.0234,-1.1406,-0.0273
83610,0.0233,-0.0742,-0.9182,-4.2324,-1.0996,-0.1621
83633,0.0321,-0.075,-0.9288,-4.334,-1.1348,-0.2402
83656,0.0394,-0.0741,-0.9392,-4.4121,-1.2383,-0.3379
83679,0.0363,-0.0758,-0.9473,-4.4277,-1.3145,-0.3965
83702,0.022,-0.0747,-0.936,-4.4141,-1.4063,-0.4785
83725,0.0275,-0.0719,-0.9177,-4.3809,-1.4473,-0.543
83748,0.0262,-0.0762,-0.9138,-4.2715,-1.4824,-0.5762
83771,0.031,-0.0752,-0.9254,-4.0937,-1.4824,-0.6094
83794,0.037,-0.0781,-0.9373,-3.9687,-1.459,-0.6289
83817,0.0312,-0.0757,-0.9337,-3.832,-1.3809,-0.6602
83840,0.0367,-0.0759,-0.9296,-3.7988,-1.2969,-0.6836
83863,0.0343,-0.0769,-0.9264,-3.8398,-1.1328,-0.7148
83886,0.0366,-0.0769,-0.9292,-3.9727,-0.9551,-0.7246
83909,0.0376,-0.0751,-0.9292,-4.0977,-0.8418,-0.7109
83932,0.0399,-0.0735,-0.9451,-4.3281,-0.6816,-0.6621
83955,0.0394,-0.0695,-0.951,-4.502,-0.5801,-0.6133
83978,0.0347,-0.0648,-0.9551,-4.7676,-0.4414,-0.5234
84001,0.0223,-0.0646,-0.9402,-4.9824,-0.3613,-0.3965
84024,0.0215,-0.0684,-0.9218,-5.0488,-0.3633,-0.291
84047,0.0325,-0.0739,-0.9149,-4.9687,-0.4648,-0.1211
84070,0.0404,-0.0824,-0.9254,-4.7832,-0.5859,-0.0312
84093,0.0392,-0.0845,-0.9253,-4.3672,-0.8125,0.0254
84116,0.0327,-0.0846,-0.9257,-4.0508,-1.0352,-0.0312
84139,0.0385,-0.079,-0.9307,-3.625,-1.1602,-0.1055
84162,0.0275,-0.0637,-0.9232,-3.3535,-1.3164,-0.2129
84185,0.0175,-0.0609,-0.9385,-3.291,-1.3945,-0.2441
84208,0.0361,-0.0658,-0.9504,-3.375,-1.4375,-0.2012
84231,0.0349,-0.0657,-0.9432,-3.5391,-1.4023,-0.1211
84254,0.015,-0.0667,-0.9368,-3.8789,-1.2676,0.0352
84277,0.0349,-0.0718,-0.9392,-4.207,-1.084,0.1758
84300,0.0398,-0.0778,-0.9371,-4.3535,-0.9766,0.2227
84323,0.0205,-0.0808,-0.9121,-4.3887,-0.8945,0.1875
84346,0.0396,-0.0833,-0.9055,-4.2656,-0.8945,0.0898
84369,0.0393,-0.0841,-0.91,-3.8945,-0.957,-0.1465
84392,0.0372,-0.0826,-0.9252,-3.4355,-1.0586,-0.4375
84415,0.0397,-0.0824,-0.9441,-3.1855,-1.1387,-0.625
84438,0.0394,-0.0718,-0.9296,-3.0273,-1.2676,-0.8477
84461,0.0239,-0.0688,-0.9373,-3.0918,-1.3477,-0.9336
84484,0.0236,-0.0671,-0.9437,-3.4199,-1.416,-0.9395
84507,0.0409,-0.0658,-0.9338,-3.9434,-1.4004,-0.8027
84530,0.0186,-0.064,-0.9447,-4.3359,-1.3516,-0.6641
84553,0.0212,-0.0591,-0.9423,-4.8906,-1.2676,-0.4336
84576,0.0199,-0.0582,-0.9319,-5.1895,-1.2285,-0.291
84599,0.0179,-0.0624,-0.9268,-5.4473,-1.2188,-0.1348
84622,0.0327,-0.0697,-0.9347,-5.4668,-1.2441,-0.0859
84645,0.0405,-0.0732,-0.9432,-5.2793,-1.3008,-0.1289
84668,0.0367,-0.0741,-0.9463,-4.8926,-1.373,-0.3125
84691,0.0348,-0.0718,-0.9324,-4.5625,-1.4238,-0.4863
84714,0.0283,-0.0743,-0.9249,-4.0098,-1.5039,-0.7559
84737,0.0221,-0.0756,-0.9135,-3.6289,-1.5527,-0.9102
84760,0.0333,-0.0781,-0.92,-3.0879,-1.6074,-1.0645
84783,0.0278,-0.0785,-0.9288,-2.6621,-1.6465,-1.1074
84806,0.0182,-0.0732,-0.9126,-2.4844,-1.6602,-1.0723
84829,0.0334,-0.0753,-0.9219,-2.4082,-1.6406,-0.9238
84852,0.0372,-0.074,-0.9401,-2.4863,-1.5918,-0.7773
84875,0.0369,-0.0724,-0.9506,-2.793,-1.4648,-0.5195
84898,0.0333,-0.0712,-0.9528,-3.2949,-1.2813,-0.2539
84921,0.0352,-0.0676,-0.9397,-3.6895,-1.1406,-0.0879
84944,0.0157,-0.0621,-0.92,-4.2559,-0.9492,0.127
84967,0.0215,-0.066,-0.9296,-4.5469,-0.8516,0.2422
84990,0.0267,-0.0702,-0.941,-4.7949,-0.7656,0.3594
85013,0.0266,-0.0693,-0.9315,-4.8359,-0.7559,0.3887
85036,0.0236,-0.0707,-0.9329,-4.7363,-0.8047,0.3555
85059,0.03,-0.0736,-0.9316,-4.4863,-0.9121,0.2344
85082,0.0219,-0.0725,-0.9337,-4.2676,-1.0039,0.1113
85105,0.0343,-0.0714,-0.9307,-3.9199,-1.1563,-0.1191
85128,0.0253,-0.0721,-0.9213,-3.7012,-1.2559,-0.2871
85151,0.028,-0.0757,-0.927,-3.4277,-1.3965,-0.5293
85174,0.0206,-0.0758,-0.9244,-3.25,-1.5078,-0.7324
85197,0.0353,-0.077,-0.9329,-3.1992,-1.5586,-0.834
85220,0.036,-0.0736,-0.9423,-3.2305,-1.5938,-0.9375
85243,0.0194,-0.0706,-0.9307,-3.3223,-1.5977,-0.9688
85266,0.0349,-0.0674,-0.9341,-3.5371,-1.5742,-0.9512
85289,0.0278,-0.0648,-0.9396,-3.7988,-1.5156,-0.8594
85312,0.016,-0.0684,-0.9407,-3.9687,-1.4551,-0.7695
85335,0.0225,-0.068,-0.936,-4.1758,-1.3359,-0.6133
85358,0.0118,-0.0681,-0.9156,-4.2539,-1.252,-0.5117
85381,0.0176,-0.0699,-0.9229,-4.248,-1.1465,-0.377
85404,0.0394,-0.0743,-0.9386,-4.168,-1.0762,-0.2949
85427,0.0363,-0.0751,-0.9395,-3.9844,-1.0527,-0.2832
85450,0.0135,-0.0728,-0.9327,-3.7969,-1.0449,-0.3203
85473,0.03,-0.0715,-0.9271,-3.6914,-1.0449,-0.3613
85496,0.0248,-0.0732,-0.9406,-3.5762,-1.0586,-0.4102
85519,0.0295,-0.0712,-0.933,-3.5332,-1.0859,-0.4219
85542,0.0245,-0.0709,-0.9238,-3.5156,-1.1465,-0.4004
85565,0.0286,-0.0728,-0.9221,-3.5273,-1.2031,-0.3437
85588,0.0184,-0.0746,-0.9319,-3.5391,-1.2207,-0.293
85611,0.0227,-0.0729,-0.9304,-3.5586,-1.2168,-0.2187
85634,0.0267,-0.0721,-0.9319,-3.5762,-1.2012,-0.1758
85657,0.0269,-0.0715,-0.9336,-3.6133,-1.1777,-0.1309
85680,0.0212,-0.0728,-0.9333,-3.6777,-1.1602,-0.1113
85703,0.0306,-0.0757,-0.9318,-3.7344,-1.1465,-0.1035
85726,0.0206,-0.0767,-0.924,-3.8184,-1.1309,-0.0937
85749,0.024,-0.0759,-0.9296,-3.8633,-1.125,-0.0801
85772,0.0304,-0.0729,-0.928,-3.9043,-1.1191,-0.0508
85795,0.0283,-0.0718,-0.9326,-3.918,-1.1172,-0.0039
85818,0.0159,-0.0709,-0.9287,-3.9375,-1.1152,0.0371
85841,0.0239,-0.0736,-0.9357,-3.9785,-1.1094,0.1152
85864,0.025,-0.0684,-0.9319,-4.0234,-1.1074,0.1699
85887,0.0116,-0.0656,-0.9272,-4.1133,-1.1152,0.2383
85910,0.0197,-0.0663,-0.9296,-4.1777,-1.1172,0.2695
85933,0.0197,-0.0688,-0.941,-4.2676,-1.1152,0.2734
85956,0.0355,-0.0696,-0.943,-4.3516,-1.1074,0.2051
85979,0.0186,-0.0712,-0.9421,-4.4023,-1.1035,0.1094
86002,0.0237,-0.0721,-0.9301,-4.4473,-1.1152,-0.0977
86025,0.0273,-0.0758,-0.9302,-4.4395,-1.1465,-0.2598
86048,0.0344,-0.0729,-0.9292,-4.3496,-1.2188,-0.5098
86071,0.0236,-0.0725,-0.9303,-4.1777,-1.3164,-0.7187
86094,0.0281,-0.0736,-0.9371,-4.0312,-1.373,-0.8105
86117,0.0172,-0.0747,-0.9324,-3.8008,-1.4141,-0.8438
86140,0.0074,-0.0708,-0.9023,-3.6523,-1.3945,-0.7852
86163,0.0081,-0.0712,-0.8934,-3.4277,-1.2715,-0.5762
86186,0.0319,-0.0773,-0.9159,-3.209,-1.0254,-0.25
86209,0.0388,-0.0795,-0.9313,-3.1074,-0.8086,-0.0059
86232,0.0374,-0.0747,-0.9326,-3.1035,-0.4355,0.3418
86255,0.0382,-0.0719,-0.9448,-3.2246,-0.168,0.5391
86278,0.0391,-0.0704,-0.9465,-3.5879,0.2148,0.7637
86301,0.0256,-0.0693,-0.9321,-3.9082,0.4238,0.8691
86324,0.005,-0.0662,-0.92,-4.3848,0.6523,0.9785
86347,0.0232,-0.0659,-0.9347,-4.7227,0.7949,1.0332
86370,0.0331,-0.0593,-0.9347,-4.8262,0.8477,1.0332
86393,0.0317,-0.0557,-0.9412,-4.793,0.8535,0.9531
86416,0.0378,-0.061,-0.9622,-4.6699,0.8125,0.8457
86439,0.0398,-0.0612,-0.965,-4.4141,0.6934,0.6035
86462,0.0394,-0.0592,-0.9561,-4.1543,0.5156,0.2773
86485,0.0396,-0.0636,-0.9628,-3.9922,0.3516,0.0176
86508,0.0394,-0.0681,-0.9517,-3.752,0.0098,-0.4004
86531,0.0293,-0.0797,-0.9371,-3.5703,-0.2988,-0.6777
86554,0.0391,-0.0903,-0.9237,-3.2207,-0.8672,-1.0488
86577,0.037,-0.0908,-0.9141,-2.7441,-1.541,-1.3184
86600,0.0249,-0.0874,-0.9214,-2.3633,-2.0293,-1.4258
86623,0.0242,-0.0784,-0.9187,-1.7715,-2.7656,-1.4609
86646,0.0026,-0.0745,-0.9261,-1.4238,-3.2324,-1.3984
86669,0.0077,-0.0737,-0.9235,-1.0781,-3.8672,-1.1895
86692,0.0082,-0.0746,-0.9241,-1.002,-4.2383,-0.8984
86715,0.0,-0.075,-0.9241,-1.1211,-4.6855,-0.7051
86738,0.0076,-0.0786,-0.9257,-1.4727,-4.9492,-0.4766
86761,0.0107,-0.0863,-0.924,-1.7949,-5.0,-0.3945
86784,0.0179,-0.0854,-0.9165,-2.3477,-4.8691,-0.4023
86807,0.0125,-0.0826,-0.9098,-2.7187,-4.6484,-0.4844
86830,0.0132,-0.0819,-0.912,-3.2148,-4.1465,-0.6719
86853,0.0226,-0.0818,-0.9268,-3.625,-3.5039,-0.8457
86876,0.0159,-0.0779,-0.9482,-3.877,-3.041,-0.918
86899,-0.0012,-0.071,-0.95,-4.2773,-2.3594,-0.9199
86922,0.0037,-0.0676,-0.9321,-4.5703,-1.9355,-0.8398
86945,0.0077,-0.0656,-0.9254,-4.9922,-1.3555,-0.6172
86968,0.0105,-0.0658,-0.9357,-5.2949,-0.8477,-0.3379
86991,0.0125,-0.0692,-0.9559,-5.4043,-0.5605,-0.166
87014,0.0071,-0.0667,-0.9412,-5.4414,-0.2324,-0.002
87037,0.0109,-0.0674,-0.9343,-5.3887,-0.0977,0.0234
87060,0.0314,-0.071,-0.9432,-5.2051,-0.0332,-0.0742
87083,0.0172,-0.0729,-0.936,-4.5215,-0.1484,-0.3301
87106,0.0103,-0.0757,-0.9396,-4.668,-0.3145,-0.5645
87129,0.0044,-0.0785,-0.9265,-4.2461,-0.6562,-0.957
87152,0.017,-0.0809,-0.911,-3.9355,-0.9121,-1.209
87175,0.0203,-0.088,-0.9237,-3.4375,-1.2793,-1.5234
87198,0.0294,-0.0931,-0.9214,-3.1094,-1.4844,-1.6641
87221,0.004,-0.0842,-0.9241,-2.6777,-1.7148,-1.7227
87244,-0.0035,-0.0813,-0.9404,-2.3711,-1.8555,-1.5469
87267,0.0171,-0.0725,-0.9402,-2.2676,-1.9219,-1.2949
87290,-0.0007,-0.0631,-0.9484,-2.291,-2.0234,-0.7656
87313,0.0399,-0.0804,-0.9834,-2.4336,-2.1055,-0.3613
87336,0.0182,-0.0869,-0.9554,-2.8262,-2.2441,0.2168
87359,-0.0115,-0.0687,-0.8906,-3.373,-2.3887,0.6914
87382,0.0116,-0.0682,-0.8936,-3.7578,-2.4902,0.957
87405,0.0636,-0.0983,-0.9761,-4.3379,-2.6895,1.291
87428,0.0364,-0.1013,-1.0078,-4.7969,-2.8711,1.4609
87451,-0.0253,-0.0592,-0.9855,-5.7812,-3.2363,1.6484
87474,-0.0356,-0.0168,-0.9604,-7.2266,-3.6621,1.8594
87497,0.061,-0.0278,-1.0106,-8.4141,-3.9531,2.0449
87520,0.0427,-0.0267,-1.0483,-10.4766,-4.3691,2.3008
87543,0.0004,-0.0197,-0.993,-12.0312,-4.6133,2.3613
87566,0.0309,-0.0127,-0.8767,-14.5508,-4.7559,2.1836
87589,0.1757,-0.0017,-0.7644,-16.2344,-4.4746,1.8496
87612,0.2809,-0.0188,-0.8545,-18.7266,-2.9883,0.9512
87635,0.0957,-0.002,-1.0139,-21.9238,0.2422,-0.4395
87658,0.1315,0.0435,-0.8834,-25.168,3.416,-1.4844
87681,0.0854,0.1101,-0.7482,-32.3926,9.4805,-2.8887
87704,0.0292,0.1365,-0.7313,-38.7441,14.2695,-3.5937
87727,0.0105,0.1458,-0.8447,-50.1055,22.4766,-4.2637
87750,0.1177,0.1531,-0.9377,-63.0273,31.4648,-4.668
87773,0.1647,0.2217,-0.8584,-64.0,37.1875,-4.9883
87796,0.057,0.248,-0.9039,-64.0,44.1055,-5.7676
87819,0.0729,0.2579,-0.9103,-64.0,47.2207,-6.5098
87842,0.1414,0.2997,-0.7872,-64.0,49.5684,-7.9141
87865,0.135,0.3363,-0.7872,-64.0,49.4277,-9.6367
87888,0.129,0.3513,-0.7756,-64.0,48.2559,-10.918
87911,0.1418,0.3508,-0.7419,-64.0,45.5762,-12.9707
87934,0.1283,0.3486,-0.7009,-64.0,43.6426,-14.418
87957,0.1372,0.3784,-0.6182,-64.0,41.2539,-16.6875
87980,0.2604,0.3669,-0.783,-64.0,40.3262,-19.002
88003,0.2389,0.4105,-0.7837,-64.0,40.1738,-20.4746
88026,0.1744,0.4949,-0.7257,-64.0,41.3418,-22.2617
88049,0.2728,0.5109,-0.6835,-64.0,42.4961,-22.9297
88072,0.3369,0.5167,-0.5876,-58.9219,43.7324,-22.8105
88095,0.2877,0.5211,-0.7041,-54.7109,43.5039,-21.9043
88118,0.238,0.5128,-0.6832,-48.7422,40.6973,-19.3906
88141,0.2491,0.46,-0.671,-43.2207,34.4863,-15.873
88164,0.2607,0.4543,-0.5701,-39.8301,28.4629,-13.2988
88187,0.2594,0.5096,-0.5109,-35.1953,17.0313,-9.6621
88210,0.2146,0.5978,-0.5378,-32.3535,8.3652,-7.6641
88233,0.173,0.6364,-0.6466,-28.3691,-4.6953,-5.5703
88256,0.2131,0.6177,-0.65,-24.7598,-15.6309,-4.5605
88279,0.2236,0.5856,-0.6122,-22.6699,-20.7168,-4.3652
88302,0.2213,0.5702,-0.6696,-20.2012,-24.3652,-4.4766
88325,0.1909,0.5734,-0.6368,-19.0605,-24.2734,-4.6094
88348,0.1521,0.6216,-0.6447,-18.0059,-21.3027,-4.5449
88371,0.1466,0.72,-0.5995,-17.4902,-16.4258,-3.9375
88394,0.2642,0.7368,-0.5201,-16.1406,-12.8008,-3.3711
88417,0.3033,0.6321,-0.7073,-13.1016,-7.5449,-2.8789
88440,0.243,0.5872,-0.682,-10.0215,-4.5234,-3.1191
88463,0.1405,0.5369,-0.5814,-4.1641,-0.9531,-4.5527
88486,0.3026,0.4094,-0.589,0.2969,0.8633,-6.1953
88509,0.413,0.2915,-0.6222,7.1992,2.7988,-9.6816
88532,0.3553,0.2411,-0.5614,13.3691,3.6445,-14.3145
88555,0.2634,0.2371,-0.5367,16.5469,3.6426,-17.7246
88578,0.2031,0.2826,-0.5574,19.3008,3.1211,-22.3613
88601,0.2007,0.3448,-0.6288,19.5254,2.6094,-24.5195
88624,0.173,0.4265,-0.7146,17.2012,1.7363,-25.6016
88647,0.0579,0.507,-0.7112,11.8555,0.7051,-23.7383
88670,-0.0056,0.5531,-0.651,7.0488,-0.0586,-20.9219
88693,0.0027,0.5841,-0.6302,-0.9023,-1.0957,-14.9297
88716,0.0774,0.6116,-0.5641,-5.9785,-1.541,-10.3828
88739,0.1417,0.6001,-0.6217,-12.2988,-1.7285,-4.0469
88762,0.1166,0.5605,-0.7111,-16.6758,-1.6289,0.3809
88785,0.0824,0.5533,-0.6705,-18.6426,-1.6094,1.8906
88808,0.0937,0.5682,-0.6213,-20.543,-1.8125,2.0527
88831,0.0726,0.5667,-0.674,-21.3027,-2.166,1.0215
88854,0.158,0.5739,-0.5725,-21.9238,-3.0566,-1.6387
88877,0.2659,0.556,-0.6062,-22.0762,-3.8496,-4.8281
88900,0.131,0.6044,-0.6914,-22.0508,-5.1719,-7.1426
88923,0.0964,0.6219,-0.7104,-21.7949,-6.0684,-9.6875
88946,0.1135,0.6195,-0.5704,-21.4492,-6.0508,-10.623
88969,0.1179,0.5919,-0.4486,-20.6055,-4.9668,-10.7598
88992,0.1624,0.5764,-0.6515,-19.8809,-3.707,-10.1113
89015,0.1188,0.5393,-0.6672,-18.7637,-1.4863,-8.373
89038,0.1781,0.5439,-0.4692,-17.9082,0.7168,-6.1816
89061,0.187,0.5242,-0.4092,-17.6543,1.9238,-4.7148
89084,0.1802,0.4363,-0.4436,-18.0059,3.1289,-2.7715
89107,0.16,0.563,-0.7611,-18.877,3.4336,-1.7188
89130,0.1143,0.7783,-0.6401,-21.375,2.5391,-0.6172
89153,0.1523,0.8636,-0.5217,-25.1055,-0.3906,-0.3105
89176,0.1051,0.7462,-0.5583,-27.9199,-3.2344,-0.6797
89199,0.0356,0.5983,-0.4806,-31.9434,-7.7012,-2.2441
89222,0.0142,0.6379,-0.5408,-34.1367,-10.1035,-3.9473
89245,0.0933,0.6545,-0.4409,-36.2148,-12.2129,-7.166
89268,0.1385,0.658,-0.4398,-36.6055,-12.6875,-10.3945
89291,0.0482,0.6493,-0.5126,-35.5527,-12.3594,-12.0566
89314,0.047,0.6367,-0.5162,-32.5508,-10.8828,-13.2656
89337,0.1299,0.6473,-0.557,-29.5938,-9.2129,-13.0547
89360,0.1262,0.6616,-0.415,-24.1465,-5.8652,-11.252
89383,0.113,0.655,-0.4614,-20.1719,-3.4121,-9.2715
89406,0.0964,0.6489,-0.5471,-14.2715,0.1113,-5.7051
89429,0.1357,0.6498,-0.5514,-8.9824,3.3418,-2.1562
89452,0.1156,0.6478,-0.4987,-6.043,5.2207,-0.1523
89475,0.118,0.6525,-0.4524,-2.7949,7.0586,1.9121
89498,0.0763,0.6489,-0.4948,-1.5039,7.2949,2.5254
89521,0.0654,0.634,-0.5255,-0.8398,6.0977,2.2617
89544,0.124,0.646,-0.4452,-1.3418,3.6367,0.7891
89567,0.0708,0.6583,-0.5068,-1.9941,1.7031,-0.6348
89590,0.0415,0.6473,-0.5,-2.8848,-1.1406,-3.0195
89613,0.0432,0.6445,-0.501,-3.1445,-2.7754,-4.5234
89636,0.1011,0.6465,-0.4734,-2.7246,-4.4902,-6.1777
89659,0.1366,0.6385,-0.5453,-1.8516,-4.9434,-6.5254
89682,0.1316,0.6375,-0.5562,0.2051,-4.3652,-5.7988
89705,0.11,0.6292,-0.585,2.7012,-2.2051,-3.2793
89728,0.1154,0.6403,-0.5078,4.2578,-0.168,-0.8867
89751,0.1615,0.6393,-0.5046,5.877,2.9746,3.0586
89774,0.1229,0.6375,-0.5212,6.2324,4.6074,5.4785
89797,0.0985,0.6305,-0.5421,5.459,5.707,8.1309
89820,0.0801,0.649,-0.4827,3.1719,4.7656,9.1074
89843,0.1025,0.6497,-0.4586,0.9902,3.0195,8.7402
89866,0.098,0.64,-0.4978,-2.8203,-0.7773,6.8477
89889,0.0801,0.632,-0.5651,-5.4238,-3.6055,4.9277
89912,0.0991,0.6392,-0.4772,-8.9219,-7.3945,1.6094
89935,0.0876,0.6669,-0.3945,-11.3828,-9.8242,-1.5156
89958,0.0978,0.6372,-0.5188,-12.2148,-10.4258,-3.1152
89981,0.1001,0.6252,-0.5476,-12.0918,-9.6797,-4.418
90004,0.119,0.6265,-0.5321,-11.1035,-8.1758,-4.4629
90027,0.1547,0.6329,-0.4983,-8.4082,-4.8477,-3.3711
90050,0.1239,0.6433,-0.5537,-4.9766,-0.959,-1.209
90073,0.1152,0.6373,-0.5732,-1.8223,1.5762,0.5703
90096,0.1338,0.6328,-0.5547,2.2363,4.8105,3.2656
90119,0.1196,0.6323,-0.5243,4.4551,6.3066,4.7754
90142,0.1206,0.6483,-0.4943,6.5,7.207,6.1621
90165,0.0748,0.6412,-0.5314,6.8145,6.8652,6.3555
90188,0.0835,0.6218,-0.486,5.6406,5.1738,5.5508
90211,0.1377,0.6423,-0.4728,2.7695,2.5527,3.7109
90234,0.1493,0.6429,-0.5154,0.2324,0.6055,2.1738
90257,0.1046,0.629,-0.4905,-3.8633,-2.1016,-0.1504
90280,0.2699,0.59,-0.525,-6.4238,-3.502,-1.4902
90303,0.3823,0.533,-0.5096,-9.4766,-4.6582,-2.8613
90326,-0.3815,0.8112,-0.4498,-11.0742,-4.4492,-2.8711
90349,0.276,0.5902,-0.5647,-11.125,-3.4707,-1.7754
90372,0.0508,0.6302,-0.5378,-9.7207,-1.1016,1.3145
90395,0.1526,0.585,-0.5475,-8.0215,0.707,3.8906
90418,0.2767,0.6289,-0.4524,-4.9219,3.0176,7.6016
90441,0.0977,0.7141,-0.5217,-2.0215,3.6797,10.084
90464,0.054,0.6155,-0.5653,-0.5898,2.8516,10.6309
90487,0.0846,0.6459,-0.4755,0.5156,0.0723,9.5664
90510,0.1035,0.6438,-0.5212,0.5645,-2.3164,7.748
90533,0.1281,0.6652,-0.5155,-0.207,-5.8047,3.9785
90556,0.1542,0.6234,-0.5999,-1.123,-7.6895,-0.166
90579,0.1011,0.5835,-0.527,-2.8223,-9.584,-2.7578
90602,0.0641,0.6327,-0.488,-4.5195,-10.4004,-6.0215
90625,0.1218,0.6326,-0.4537,-5.3809,-10.3945,-7.6309
90648,0.1353,0.6349,-0.4739,-5.8398,-9.6328,-8.9766
90671,0.1191,0.6292,-0.6014,-5.418,-8.6855,-9.0801
90694,0.1075,0.6117,-0.5829,-3.6309,-6.7129,-8.0762
90717,0.0963,0.6241,-0.5732,-0.7656,-4.2949,-5.9687
90740,0.1224,0.6279,-0.5371,1.4258,-2.5859,-4.1914
90763,0.1328,0.6145,-0.5702,4.5332,-0.0801,-1.3242
90786,0.1438,0.6179,-0.5532,6.1309,1.4609,0.5352
90809,0.1461,0.6292,-0.5146,7.3594,3.416,2.9512
90832,0.1139,0.6218,-0.5042,6.9336,4.666,4.6016
90855,0.1228,0.6318,-0.4984,5.7617,4.9492,5.1387
90878,0.1071,0.6487,-0.5634,2.957,4.4316,5.0293
90901,0.1056,0.6155,-0.5316,0.6406,3.4766,4.4004
90924,0.1122,0.5973,-0.5183,-3.0273,1.2461,2.8496
90947,0.095,0.6224,-0.5321,-5.3223,-1.6504,0.9043
90970,0.0989,0.626,-0.545,-8.0977,-3.7305,-0.4238
90993,0.0864,0.6173,-0.5542,-9.668,-6.5117,-2.2324
91016,0.1151,0.6221,-0.545,-9.9453,-7.9316,-3.2051
91039,0.1136,0.6251,-0.5396,-9.25,-9.2461,-4.2187
91062,0.0886,0.6243,-0.5358,-8.1758,-9.6133,-4.6016
91085,0.0955,0.6168,-0.5302,-5.9922,-9.584,-4.8379
91108,0.0819,0.6243,-0.5382,-3.6035,-9.1035,-4.8418
91131,0.0845,0.6367,-0.5302,-2.1289,-8.623,-4.7969
91154,0.0836,0.6262,-0.5388,-0.3477,-7.7383,-4.7305
91177,0.0713,0.623,-0.5381,0.4531,-7.0625,-4.6973
91200,0.0844,0.6232,-0.5464,0.9883,-5.9648,-4.6387
91223,0.0875,0.6465,-0.517,0.7734,-4.8828,-4.5195
91246,0.062,0.6006,-0.5748,0.2949,-4.2422,-4.3828
91269,0.0549,0.6304,-0.5251,-0.7617,-3.3984,-4.0664
91292,0.1006,0.6526,-0.5363,-1.5742,-2.9453,-3.7812
91315,0.0701,0.6608,-0.5341,-2.7656,-2.5957,-3.2832
91338,0.0305,0.7203,-0.5032,-3.9883,-2.7539,-2.8008
91361,-0.0671,0.7793,-0.4949,-4.5117,-3.1758,-2.5566
91384,-0.0217,0.6708,-0.4736,-5.7832,-4.2617,-2.418
91407,-0.0009,0.6041,-0.4751,-7.0898,-5.2695,-2.5781
91430,-0.0273,0.6171,-0.5076,-10.1738,-7.1562,-3.3828
91453,0.1301,0.5526,-0.5679,-12.9805,-8.5547,-4.375
91476,0.1907,0.5297,-0.5352,-17.8262,-10.625,-6.5449
91499,0.1191,0.6217,-0.5698,-22.3359,-12.3086,-9.0664
91522,0.0491,0.6759,-0.5299,-24.3887,-12.8672,-10.4375
91545,0.0728,0.6669,-0.5267,-25.0977,-12.3184,-11.293
91568,0.0336,0.6648,-0.5059,-23.8086,-10.9258,-10.8594
91591,0.0,0.6755,-0.5328,-19.627,-7.5254,-8.791
91614,0.0172,0.6288,-0.5054,-13.834,-3.1797,-5.4414
91637,0.061,0.6085,-0.4943,-9.7949,-0.1406,-2.7676
91660,0.1003,0.632,-0.5601,-4.3594,4.1387,1.4844
91683,0.0873,0.6904,-0.5345,-1.4395,6.5762,4.2402
91706,0.0743,0.7244,-0.5303,1.7324,9.3848,7.8867
91729,0.0719,0.745,-0.6444,3.4766,11.3672,10.7031
91752,0.0916,0.7595,-0.5051,4.084,12.5684,12.0977
91775,0.0964,0.7465,-0.5574,5.0,14.7988,13.541
91798,0.0986,0.7222,-0.6434,6.1211,16.793,14.125
91821,0.1431,0.65,-0.6449,9.209,20.5703,14.4941
91844,0.1737,0.569,-0.6125,12.4863,23.4688,14.4102
91867,0.2554,0.5095,-0.522,19.6563,28.0313,13.8242
91890,0.3156,0.469,-0.4419,29.877,32.5137,12.916
91913,0.3234,0.4204,-0.4594,38.3301,35.3809,12.4492
91936,0.3046,0.3942,-0.5437,52.7617,39.6113,12.8164
91959,0.2473,0.3767,-0.6471,62.8223,42.5176,14.3633
91982,0.2843,0.3889,-0.656,63.998,47.1855,19.3926
92005,0.3999,0.3452,-0.7142,63.998,52.2461,27.668
92028,0.4884,0.3259,-0.8528,63.998,55.6602,34.4395
92051,0.5006,0.2738,-0.8983,63.998,60.1855,45.1445
92074,0.5334,0.2472,-0.8263,63.998,62.4102,51.873
92097,0.5342,0.2355,-0.772,63.998,63.998,60.3398
92120,0.5148,0.2219,-0.7803,63.998,63.7891,63.998
92143,0.5549,0.1691,-0.8704,63.998,62.3047,63.998
92166,0.582,0.149,-0.938,63.998,57.9434,63.998
92189,0.5815,0.1583,-0.8828,63.998,53.377,63.998
92212,0.6375,0.1313,-0.8726,63.998,43.9453,63.998
92235,0.6576,0.0839,-0.9019,63.998,31.6484,61.6816
92258,0.6282,0.0508,-0.9056,57.4043,22.75,57.4023
92281,0.6172,0.0421,-0.8264,50.4355,8.2441,50.2012
92304,0.6144,0.0322,-0.7748,46.5723,-1.3867,45.3555
92327,0.5865,0.0159,-0.7773,42.418,-14.7617,38.793
92350,0.625,-0.0168,-0.7723,40.8555,-22.4434,35.2637
92373,0.6654,-0.0577,-0.7791,40.1328,-31.5742,31.625
92396,0.6069,-0.0894,-0.8024,40.6328,-37.9375,30.1953
92419,0.5323,-0.1132,-0.7797,41.1836,-40.9531,30.5488
92442,0.5105,-0.1149,-0.7397,41.9375,-43.9961,33.0625
92465,0.501,-0.1587,-0.7267,42.3594,-45.1191,35.9453
92488,0.4966,-0.1929,-0.7521,42.8789,-45.6387,41.6133
92511,0.4646,-0.2111,-0.7338,43.1289,-45.2383,48.1035
92534,0.4224,-0.224,-0.7095,43.0273,-44.7422,52.4434
92557,0.3442,-0.2544,-0.712,42.3008,-43.9434,58.4629
92580,0.3586,-0.2684,-0.7108,41.334,-43.4609,61.9648
92603,0.3494,-0.2871,-0.7285,39.0,-42.8691,63.998
92626,0.3318,-0.3029,-0.7756,36.7852,-42.4121,63.998
92649,0.254,-0.2977,-0.7748,32.4512,-42.1152,63.998
92672,0.1757,-0.2949,-0.7764,27.0605,-41.4355,63.998
92695,0.1504,-0.299,-0.7777,23.043,-40.6563,63.998
92718,0.1438,-0.3129,-0.796,16.6094,-38.8633,63.998
92741,0.1362,-0.3098,-0.7837,12.1406,-37.3438,63.998
92764,0.1676,-0.2876,-0.7761,5.3281,-34.9492,63.998
92787,0.115,-0.2539,-0.7881,-1.3516,-32.8477,63.998
92810,0.0585,-0.241,-0.856,-5.5723,-31.6875,63.998
92833,0.0369,-0.2397,-0.918,-11.3809,-30.0742,63.998
92856,0.0436,-0.2594,-0.9392,-14.832,-28.9297,63.998
92879,0.0969,-0.2506,-0.9103,-19.2344,-27.0801,63.998
92902,0.0806,-0.2574,-0.9207,-22.3906,-25.2578,61.9258
92925,0.04,-0.2756,-0.9263,-23.582,-24.0859,59.6758
92948,0.0126,-0.2794,-0.9132,-23.7207,-22.2207,56.1719
92971,0.0006,-0.2832,-0.8462,-22.6348,-20.793,53.9219
92994,0.0355,-0.293,-0.8401,-19.3086,-18.252,50.9141
93017,0.0023,-0.3212,-0.929,-14.4375,-15.2227,48.4141
93040,0.0261,-0.3369,-1.0004,-10.832,-13.0723,46.9805
93063,0.0242,-0.3331,-0.9736,-5.7148,-10.0645,45.0
93086,0.0389,-0.3326,-0.9089,-2.8242,-8.4453,43.6719
93109,0.0487,-0.3386,-0.955,0.4805,-6.9258,41.5234
93132,0.1178,-0.3303,-0.9542,1.9297,-6.6289,39.4609
93155,0.0994,-0.3182,-0.9683,2.9277,-7.248,37.502
93178,0.0095,-0.2971,-0.9652,2.6035,-8.75,35.2578
93201,0.0217,-0.3195,-0.9125,1.7754,-9.9004,34.1836
93224,0.0596,-0.3744,-0.9307,-0.1348,-11.457,33.5898
93247,0.0167,-0.3777,-0.9006,-1.6992,-12.334,33.9746
93270,-0.12,-0.3534,-0.7758,-4.123,-13.5742,35.6836
93293,-0.163,-0.3185,-0.7828,-6.1621,-14.9863,38.4434
93316,-0.0409,-0.3323,-0.9515,-7.2324,-16.1523,40.5293
93339,0.0068,-0.3365,-1.0083,-8.6777,-18.2539,43.3105
93362,-0.1002,-0.334,-0.8433,-9.627,-19.6406,44.5371
93385,-0.135,-0.363,-0.8018,-10.7715,-20.8574,45.0625
93408,-0.0582,-0.3469,-0.8444,-11.2266,-20.3711,43.9492
93431,0.0293,-0.3264,-0.9753,-11.1836,-19.166,42.3633
93454,0.0961,-0.2882,-0.983,-11.0586,-16.5879,38.8809
93477,-0.1823,-0.2177,-0.9016,-11.2187,-14.7031,36.002
93500,-0.2804,-0.1758,-0.9237,-11.9746,-11.8867,31.4121
93523,-0.0079,-0.2743,-0.8485,-12.7383,-10.0273,27.0352
93546,0.0641,-0.349,-1.0273,-14.0605,-7.3672,24.3027
93569,-0.0591,-0.2651,-0.8555,-15.2363,-4.9902,20.4805
93592,-0.1656,-0.2473,-0.8932,-15.5645,-3.3828,18.1934
93615,-0.0668,-0.2745,-0.9938,-14.7988,-0.3457,15.3184
93638,0.0287,-0.3091,-0.9205,-13.3223,2.2363,13.791
93661,0.0085,-0.338,-0.9041,-9.9082,6.5859,11.9102
93684,-0.047,-0.2589,-1.0112,-5.9355,10.7383,10.2637
93707,-0.0596,-0.2126,-1.0094,-3.5039,13.0801,9.1777
93730,-0.0321,-0.2234,-0.9781,-0.584,15.7754,7.3984
93753,-0.0288,-0.2347,-0.9263,0.8496,16.9922,6.041
93776,0.0206,-0.2621,-0.8905,2.4453,18.0273,3.7187
93799,-0.1738,-0.2544,-0.8165,3.666,18.416,1.1289
93822,-0.0352,-0.2595,-1.1222,4.2617,18.5176,-0.6836
93845,-0.1433,-0.1534,-0.9694,4.7246,18.5547,-3.6133
93868,-0.0388,-0.1718,-1.2065,4.8887,18.5605,-5.8457
93891,0.0204,-0.2177,-1.1592,5.4316,18.5625,-9.9277
93914,0.0046,-0.2974,-1.1169,6.4375,18.502,-15.2109
93937,0.1116,-0.3837,-1.0748,9.8105,18.3906,-19.416
93960,0.0946,-0.4465,-1.0099,16.3203,17.918,-26.4727
93983,0.0398,-0.4424,-0.845,22.7109,17.3457,-31.3516
94006,0.0579,-0.4487,-0.5907,35.4766,16.3535,-38.2051
94029,0.1699,-0.5309,-0.5643,45.8242,15.7637,-42.0684
94052,0.2322,-0.6172,-0.6498,62.6504,14.875,-46.3301
94075,0.1787,-0.6332,-0.6121,63.998,13.6191,-48.4609
94098,0.1428,-0.6411,-0.6046,63.998,12.5605,-48.6465
94121,0.2765,-0.6906,-0.6223,63.998,10.9219,-47.2559
94144,0.3771,-0.7314,-0.6353,63.998,9.9023,-45.5117
94167,0.3446,-0.7191,-0.6982,63.998,8.457,-42.3125
94190,0.2958,-0.6782,-0.6826,63.998,7.043,-38.9551
94213,0.2328,-0.6525,-0.7087,63.998,6.1289,-36.7559
94236,0.1681,-0.631,-0.6761,53.8926,4.8496,-33.5215
94259,0.1552,-0.6244,-0.6422,43.3203,4.0469,-31.4004
94282,0.073,-0.5914,-0.5958,28.8184,2.7773,-28.4004
94305,0.0355,-0.5648,-0.5325,16.5566,1.2051,-25.9863
94328,0.0334,-0.5604,-0.4785,10.5645,-0.1348,-25.0273
94351,0.0175,-0.5553,-0.4801,3.1484,-2.666,-25.1426
94374,-0.0176,-0.5225,-0.5332,-0.7852,-4.6328,-26.5547
94397,0.0585,-0.4976,-0.5206,-6.0957,-7.9316,-30.9844
94420,0.2245,-0.4946,-0.5603,-9.8145,-10.4941,-35.5449
94443,0.3208,-0.4897,-0.7299,-16.4785,-15.0703,-44.709
94466,0.2563,-0.4657,-0.8348,-25.0391,-20.1602,-55.9238
94489,0.1985,-0.4156,-0.9137,-31.8027,-23.3047,-63.7188
94512,0.1522,-0.385,-0.9299,-42.8984,-26.8027,-64.0
94535,0.197,-0.3687,-0.9902,-50.3164,-28.0781,-64.0
94558,0.1812,-0.3525,-1.0494,-60.3691,-28.6738,-64.0
94581,0.1238,-0.2898,-0.9996,-64.0,-28.8223,-64.0
94604,0.1641,-0.2516,-0.9265,-64.0,-29.5547,-64.0
94627,0.1863,-0.2324,-0.9146,-64.0,-33.1348,-64.0
94650,0.1737,-0.2263,-1.0176,-64.0,-37.75,-64.0
94673,0.1034,-0.2109,-1.1205,-64.0,-47.4297,-64.0
94696,0.0193,-0.1758,-1.0964,-64.0,-57.4414,-62.4883
94719,-0.0046,-0.167,-1.0405,-64.0,-62.1602,-56.9551
94742,0.0511,-0.1464,-1.0735,-64.0,-64.0,-48.248
94765,0.2505,-0.1826,-1.2258,-64.0,-61.541,-42.4824
94788,0.2202,-0.2236,-1.2689,-58.2539,-53.5898,-34.502
94811,0.2697,-0.2596,-1.2129,-53.707,-46.7441,-27.7109
94834,0.2543,-0.271,-1.1409,-46.8301,-36.1738,-23.8359
94857,0.262,-0.2421,-0.9781,-39.7695,-27.4727,-18.6387
94880,0.0685,-0.1564,-0.9083,-34.7578,-23.5801,-15.2656
94903,-0.0394,-0.1199,-0.8843,-26.6426,-20.5391,-9.8184
94926,-0.0236,-0.119,-0.8262,-21.0586,-19.834,-5.7734
94949,0.0356,-0.1185,-0.9058,-13.3047,-20.0254,0.6895
94972,-0.0328,-0.1071,-0.8914,-7.5312,-21.2813,6.918
94995,-0.073,-0.0248,-0.8894,-5.2734,-22.3984,10.5723
95018,-0.1193,0.0543,-1.097,-4.6094,-23.6387,14.9941
95041,-0.1338,0.0424,-1.3508,-6.1367,-23.3965,17.1484
95064,-0.0984,0.0137,-1.3613,-11.4512,-19.8516,19.084
95087,-0.0485,-0.0321,-1.1384,-19.2207,-11.7559,19.3457
95110,0.0392,-0.052,-0.9449,-24.2559,-4.4434,18.5645
95133,0.0408,-0.1119,-0.8807,-28.834,7.3203,16.0586
95156,0.1024,-0.1686,-0.8351,-28.75,14.6035,13.6309
95179,0.1389,-0.1965,-0.8958,-23.3652,23.5859,9.1797
95202,0.0807,-0.2037,-0.8307,-16.7168,29.9238,4.332
95225,0.0353,-0.2261,-0.8018,-3.7695,31.7773,1.291
95248,0.0638,-0.2531,-0.8212,10.252,32.8281,-2.4316
95271,0.1256,-0.2628,-0.8732,18.752,32.2383,-4.1934
95294,0.1365,-0.2668,-0.8978,28.373,29.7031,-5.7715
95317,0.1307,-0.2626,-0.9026,32.002,27.1504,-6.1934
95340,0.1307,-0.2401,-0.8918,32.9551,22.6094,-5.9941
95363,0.1212,-0.2164,-0.8813,29.1855,17.8027,-4.8789
95386,0.1144,-0.2051,-0.9037,24.7344,14.6914,-3.6836
95409,0.1116,-0.1865,-0.9113,16.3633,10.5801,-1.3711
95432,0.083,-0.1807,-0.8983,10.3398,8.4395,0.3711
95455,0.0853,-0.1832,-0.9614,1.6152,6.3145,2.9824
95478,0.1556,-0.1725,-0.9677,-5.9746,5.0664,5.2012
95501,0.1166,-0.1572,-0.9326,-10.1289,4.2344,6.2734
95524,0.0649,-0.1511,-0.9163,-14.7285,2.6074,7.1582
95547,0.093,-0.1488,-0.9485,-16.6563,1.3887,7.2891
95570,0.1189,-0.1471,-0.9722,-18.0078,-0.3301,6.875
95593,0.0753,-0.145,-0.9304,-17.5996,-1.7559,5.8223
95616,0.061,-0.135,-0.9156,-17.457,-2.4668,4.8359
95639,0.0885,-0.1295,-0.9426,-16.3848,-3.0879,3.0508
95662,0.1105,-0.1311,-0.9631,-15.6992,-3.2266,1.7168
95685,0.127,-0.1282,-0.9595,-14.998,-3.1484,-0.4238
95708,0.1527,-0.1255,-0.97,-14.8008,-2.9883,-1.8945
95731,0.1119,-0.1219,-0.9386,-14.7949,-2.748,-4.0664
95754,0.0804,-0.1205,-0.9216,-14.8691,-2.5898,-6.0195
95777,0.084,-0.1287,-0.9253,-14.8477,-2.5332,-7.1094
95800,0.0944,-0.1337,-0.9131,-14.668,-2.4668,-8.3906
95823,0.1172,-0.1339,-0.8926,-14.4629,-2.4004,-9.0527
95846,0.1302,-0.1327,-0.9231,-14.0352,-2.2402,-9.8574
95869,0.1246,-0.1238,-0.9341,-13.4727,-2.043,-10.5
95892,0.1025,-0.1116,-0.9171,-13.0332,-1.9277,-10.8145
95915,0.1259,-0.1188,-0.9259,-12.2988,-1.748,-11.0273
95938,0.1392,-0.1139,-0.9393,-11.791,-1.5781,-10.9512
95961,0.1128,-0.1136,-0.9365,-11.0684,-1.2305,-10.4746
95984,0.1216,-0.1089,-0.9326,-10.4453,-0.7988,-9.5469
96007,0.1323,-0.1069,-0.9347,-10.0879,-0.4082,-8.7012
96030,0.1403,-0.1089,-0.9761,-9.6289,0.4785,-7.1719
96053,0.1428,-0.106,-0.9539,-9.3652,1.3066,-6.041
96076,0.1259,-0.1,-0.9131,-8.959,2.7441,-4.2734
96099,0.1191,-0.0945,-0.9088,-8.6133,3.6289,-2.6035
96122,0.1304,-0.0999,-0.9412,-7.9375,4.4473,-1.4551
96145,0.1418,-0.0942,-0.9734,-7.1738,4.4082,-0.0684
96168,0.1184,-0.0939,-0.9644,-6.707,3.9805,0.6523
96191,0.1278,-0.0929,-0.9642,-6.0977,3.0703,1.4219
96214,0.1108,-0.0911,-0.9341,-5.6953,2.4043,1.748
96237,0.0892,-0.0936,-0.891,-4.9336,1.4063,2.0273
96260,0.1042,-0.1003,-0.8689,-3.8184,0.5742,2.1309
96283,0.1073,-0.1124,-0.9009,-2.8711,0.1855,2.1172
96306,0.1343,-0.1266,-0.9423,-1.3359,-0.1562,1.9531
96329,0.1483,-0.1279,-0.9172,-0.4141,-0.2695,1.7285
96352,0.1356,-0.1268,-0.9095,0.5977,-0.2852,1.2324
96375,0.1323,-0.1257,-0.897,1.0879,-0.0449,0.6504
96398,0.1334,-0.1251,-0.8975,1.1367,0.2949,0.3008
96421,0.136,-0.1229,-0.9316,0.8027,1.002,-0.0742
96444,0.1293,-0.1152,-0.9265,0.3008,1.459,-0.1992
96467,0.1134,-0.1102,-0.9054,-0.8301,1.8457,-0.1934
96490,0.1257,-0.1084,-0.8933,-1.7598,1.8398,0.0078
96513,0.1326,-0.1029,-0.9219,-3.2539,1.502,0.207
96536,0.1562,-0.1003,-0.9486,-4.75,0.9258,0.5156
96559,0.145,-0.0977,-0.9619,-5.7187,0.4844,0.6777
96582,0.1182,-0.0924,-0.9456,-7.0781,-0.1934,0.8242
96605,0.1233,-0.0913,-0.9293,-7.8574,-0.627,0.8691
96628,0.1333,-0.0974,-0.9252,-8.7168,-1.1797,0.877
96651,0.1238,-0.0983,-0.917,-9.0977,-1.4414,0.8027
96674,0.1273,-0.0964,-0.9124,-9.082,-1.373,0.7051
96697,0.1338,-0.0981,-0.9146,-8.7148,-0.9473,0.4863
96720,0.1243,-0.0924,-0.9124,-8.3086,-0.5625,0.2949
96743,0.1365,-0.0934,-0.9136,-7.5859,0.0137,-0.0371
96766,0.1617,-0.0929,-0.9252,-6.8711,0.5684,-0.4004
96789,0.1399,-0.0931,-0.9393,-6.4629,0.9355,-0.6445
96812,0.1305,-0.0927,-0.9375,-6.0,1.4609,-0.9727
96835,0.1514,-0.0957,-0.9342,-5.7969,1.7266,-1.1367
96858,0.1556,-0.098,-0.9384,-5.6094,1.8262,-1.2832
96881,0.1356,-0.094,-0.921,-5.5234,1.4629,-1.3242
96904,0.1332,-0.088,-0.9119,-5.3906,1.0195,-1.2949
96927,0.1478,-0.0867,-0.9283,-5.2109,0.1934,-1.1758
96950,0.1377,-0.0902,-0.9412,-5.082,-0.4375,-1.0684
96973,0.1245,-0.085,-0.9297,-4.9453,-1.4766,-0.8965
96996,0.1016,-0.0839,-0.8907,-4.8965,-2.1777,-0.7871
97019,0.1094,-0.0906,-0.9043,-4.8379,-3.0508,-0.6426
97042,0.1439,-0.0936,-0.9077,-4.7656,-3.5801,-0.5625
97065,0.1199,-0.0898,-0.8873,-4.7363,-3.7891,-0.5879
97088,0.083,-0.0922,-0.8878,-4.8184,-4.0312,-0.7773
97111,0.1072,-0.0864,-0.8851,-5.0547,-4.2363,-1.0137
97134,0.1334,-0.0851,-0.9192,-5.8887,-4.9004,-1.5586
97157,0.1241,-0.0771,-0.9418,-7.5039,-6.3125,-2.3594
97180,0.1295,-0.0701,-0.9624,-9.0234,-7.6484,-3.0
97203,0.115,-0.0664,-0.9634,-11.7324,-9.873,-3.9766
97226,0.0842,-0.0553,-0.928,-13.5703,-11.1816,-4.5254
97249,0.0973,-0.0492,-0.9185,-15.8613,-12.3535,-5.0273
97272,0.1156,-0.0455,-0.9517,-17.1445,-12.3887,-5.0645
97295,0.097,-0.0356,-0.931,-17.3535,-11.9043,-4.8477
97318,0.0613,-0.0245,-0.8954,-16.7266,-10.5957,-4.2207
97341,0.089,-0.0291,-0.9302,-15.7617,-9.3809,-3.6426
97364,0.0902,-0.0297,-0.9429,-13.7676,-7.2305,-2.6543
97387,0.068,-0.0287,-0.9417,-12.2793,-5.7578,-2.002
97410,0.0747,-0.0323,-0.9125,-10.1055,-3.7637,-1.1563
97433,0.0896,-0.0376,-0.9115,-8.207,-2.2422,-0.5937
97456,0.103,-0.0453,-0.937,-7.1602,-1.5508,-0.4336
97479,0.1104,-0.047,-0.9347,-5.9961,-0.9844,-0.543
97502,0.0878,-0.0448,-0.9249,-5.4863,-0.8516,-0.8125
97525,0.0911,-0.0452,-0.9158,-5.0391,-0.832,-1.3633
97548,0.1097,-0.0463,-0.9266,-4.8398,-0.8652,-1.9063
97571,0.0933,-0.0399,-0.9191,-4.7969,-0.8828,-2.1875
97594,0.0876,-0.0378,-0.9215,-4.8125,-0.8672,-2.4141
97617,0.0986,-0.0397,-0.9395,-4.8535,-0.8242,-2.4141
97640,0.0903,-0.0356,-0.926,-4.9434,-0.748,-2.2012
97663,0.0763,-0.0322,-0.9175,-5.0117,-0.6777,-1.7734
97686,0.0966,-0.0385,-0.9291,-5.0195,-0.6289,-1.4043
97709,0.0968,-0.0339,-0.9213,-4.959,-0.6113,-0.8086
97732,0.0891,-0.0363,-0.9231,-4.8828,-0.6621,-0.4297
97755,0.1005,-0.0377,-0.9502,-4.7402,-0.8047,0.041
97778,0.0879,-0.0387,-0.9342,-4.6484,-0.9297,0.3574
97801,0.0741,-0.0358,-0.9021,-4.5098,-1.168,0.4863
97824,0.0881,-0.0355,-0.8945,-4.3262,-1.4531,0.5703
97847,0.0903,-0.0339,-0.9104,-4.1777,-1.6543,0.5586
97870,0.0811,-0.0372,-0.9368,-3.9766,-1.9063,0.4395
97893,0.0815,-0.0349,-0.9296,-3.9062,-1.998,0.3066
97916,0.0725,-0.0314,-0.9191,-3.9453,-2.0312,0.0566
97939,0.0814,-0.0323,-0.9082,-4.1289,-1.9824,-0.2129
97962,0.1022,-0.0323,-0.9197,-4.3008,-1.918,-0.3945
97985,0.0977,-0.0378,-0.9402,-4.5957,-1.8145,-0.6641
98008,0.085,-0.0375,-0.9362,-4.8086,-1.7637,-0.8301
98031,0.0801,-0.0366,-0.9108,-5.1289,-1.75,-1.0273
98054,0.0857,-0.0331,-0.9229,-5.3848,-1.8066,-1.1328
98077,0.0879,-0.0308,-0.9294,-5.5039,-1.8672,-1.1543
98100,0.0835,-0.0273,-0.913,-5.6133,-1.9531,-1.1289
98123,0.0792,-0.0266,-0.9211,-5.6484,-1.9766,-1.082
98146,0.0917,-0.0277,-0.9387,-5.6914,-1.9629,-0.9785
98169,0.0811,-0.0229,-0.9249,-5.7422,-1.9922,-0.8691
98192,0.0612,-0.0184,-0.9072,-5.8535,-2.0664,-0.8086
98215,0.071,-0.0205,-0.9302,-5.9707,-2.2227,-0.752
98238,0.0935,-0.0229,-0.9325,-6.0488,-2.3613,-0.752
98261,0.0901,-0.0223,-0.9338,-6.1797,-2.6562,-0.8438
98284,0.0654,-0.0198,-0.9139,-6.2539,-2.9023,-0.9551
98307,0.0652,-0.0211,-0.9354,-6.293,-3.2617,-1.1426
98330,0.0758,-0.0229,-0.9325,-6.2266,-3.584,-1.291
98353,0.0743,-0.0216,-0.9181,-6.1367,-3.791,-1.3516
98376,0.0513,-0.0184,-0.8872,-5.9277,-4.0664,-1.3828
98399,0.0648,-0.0234,-0.9083,-5.7227,-4.1797,-1.3574
98422,0.0731,-0.0236,-0.9298,-5.3711,-4.1914,-1.2676
98445,0.079,-0.0232,-0.9323,-5.0996,-4.0547,-1.1621
98468,0.066,-0.0178,-0.9153,-5.0195,-3.9004,-1.0996
98491,0.0504,-0.0189,-0.9215,-5.0527,-3.5742,-1.0176
98514,0.0769,-0.0197,-0.9363,-5.1562,-3.3066,-0.9648
98537,0.0591,-0.0186,-0.9186,-5.3906,-2.9062,-0.8906
98560,0.0592,-0.0184,-0.916,-5.5508,-2.5703,-0.8184
98583,0.0791,-0.0179,-0.9264,-5.7129,-2.4102,-0.7695
98606,0.0513,-0.0178,-0.9336,-5.7324,-2.3125,-0.6953
98629,0.0408,-0.0198,-0.9166,-5.668,-2.3242,-0.6328
98652,0.0411,-0.0182,-0.8771,-5.4531,-2.3457,-0.4922
98675,0.0414,-0.0199,-0.9055,-5.2324,-2.2969,-0.3633
98698,0.0703,-0.0193,-0.9172,-4.8457,-2.0645,-0.1328
98721,0.0792,-0.0183,-0.9169,-4.5273,-1.6426,0.0898
98744,0.0731,-0.0188,-0.9261,-4.4121,-1.2871,0.209
98767,0.0753,-0.0171,-0.9304,-4.4434,-0.7012,0.3437
98790,0.0753,-0.0132,-0.9467,-4.6074,-0.3066,0.416
98813,0.0789,-0.0107,-0.9498,-5.0273,0.2266,0.5195
98836,0.0696,-0.0105,-0.9299,-5.541,0.6406,0.6328
98859,0.0696,-0.009,-0.9308,-5.8437,0.8535,0.7168
98882,0.0634,-0.006,-0.9221,-6.1172,1.0879,0.8398
98905,0.057,-0.0079,-0.9131,-6.1328,1.1855,0.9082
98928,0.0581,-0.0094,-0.911,-5.8906,1.252,0.9648
98951,0.0654,-0.0129,-0.9255,-5.3906,1.1855,0.9258
98974,0.0852,-0.0173,-0.9348,-4.9824,1.0293,0.8262
98997,0.0647,-0.0122,-0.922,-4.3652,0.6016,0.541
99020,0.0626,-0.0138,-0.9092,-3.9902,0.2324,0.2715
99043,0.0776,-0.0188,-0.9203,-3.498,-0.3145,-0.1973
99066,0.077,-0.0192,-0.9225,-3.2266,-0.6387,-0.5234
99089,0.0819,-0.0208,-0.9126,-2.918,-1.0137,-0.9883
99112,0.0751,-0.024,-0.9183,-2.7266,-1.2168,-1.3672
99135,0.0714,-0.0233,-0.913,-2.6582,-1.2637,-1.5391
99158,0.0824,-0.0194,-0.8998,-2.6367,-1.2305,-1.6387
99181,0.0614,-0.0186,-0.9106,-2.668,-1.1699,-1.5918
99204,0.0773,-0.016,-0.9192,-2.8008,-1.0469,-1.3594
99227,0.0801,-0.0099,-0.9244,-3.0605,-0.875,-0.9648
99250,0.0613,-0.0067,-0.9312,-3.3086,-0.7344,-0.6465
99273,0.0707,-0.0076,-0.9453,-3.7812,-0.4941,-0.1406
99296,0.0776,-0.0079,-0.9412,-4.1367,-0.3516,0.1758
99319,0.0577,-0.0094,-0.9227,-4.6406,-0.2461,0.5586
99342,0.0668,-0.0157,-0.9027,-4.9668,-0.293,0.7852
99365,0.0817,-0.0189,-0.9022,-5.0254,-0.3984,0.834
99388,0.0852,-0.0187,-0.915,-4.8652,-0.6289,0.7363
99411,0.0635,-0.0184,-0.9332,-4.6406,-0.791,0.5703
99434,0.0773,-0.019,-0.9242,-4.2402,-0.9746,0.2246
99457,0.0809,-0.0183,-0.9059,-3.9922,-1.0527,-0.1504
99480,0.0679,-0.0179,-0.9065,-3.6895,-1.1348,-0.3789
99503,0.0819,-0.0183,-0.9252,-3.5117,-1.2129,-0.6367
99526,0.0776,-0.0166,-0.9241,-3.4844,-1.2676,-0.7363
99549,0.0627,-0.0106,-0.9189,-3.5918,-1.3164,-0.7617
99572,0.067,-0.015,-0.9285,-3.7402,-1.2949,-0.6914
99595,0.0775,-0.016,-0.9347,-4.0293,-1.1797,-0.4883
99618,0.0684,-0.0137,-0.91,-4.334,-1.0293,-0.2383
99641,0.0719,-0.0116,-0.9183,-4.498,-0.9395,-0.082
99664,0.0845,-0.019,-0.9393,-4.6562,-0.8438,0.0898
99687,0.0853,-0.0179,-0.9207,-4.709,-0.8223,0.1465
99710,0.062,-0.0181,-0.9238,-4.7012,-0.8535,0.1328
99733,0.0659,-0.0176,-0.923,-4.584,-0.9473,0.0449
99756,0.0708,-0.0122,-0.9073,-4.4492,-1.0469,-0.0312
99779,0.0557,-0.0149,-0.9061,-4.1719,-1.2344,-0.1367
99802,0.074,-0.0159,-0.9078,-3.9551,-1.3496,-0.1934
99825,0.0754,-0.014,-0.9225,-3.6406,-1.4551,-0.2656
99848,0.0774,-0.0173,-0.9296,-3.4824,-1.4668,-0.3418
99871,0.0693,-0.0156,-0.924,-3.3789,-1.4277,-0.3906
99894,0.0524,-0.0123,-0.9174,-3.4434,-1.3223,-0.4492
99917,0.0671,-0.0139,-0.9116,-3.5508,-1.2246,-0.4629
99940,0.0885,-0.0184,-0.9233,-3.752,-1.0566,-0.4531
99963,0.0822,-0.0184,-0.9287,-3.8926,-0.9492,-0.4473
99986,0.0725,-0.0173,-0.9198,-4.0898,-0.8164,-0.459
100009,0.0696,-0.0164,-0.9331,-4.2559,-0.7363,-0.4727
100032,0.068,-0.0101,-0.9203,-4.3437,-0.7363,-0.4648
100055,0.0468,-0.0082,-0.8971,-4.4102,-0.8359,-0.4043
100078,0.0663,-0.0133,-0.9135,-4.3945,-0.9258,-0.3262
100101,0.0875,-0.0143,-0.9305,-4.3066,-1.0215,-0.1855
100124,0.08,-0.0182,-0.9353,-4.2168,-1.0645,-0.0859
100147,0.0781,-0.0177,-0.9325,-4.1875,-1.0781,-0.0645
100170,0.061,-0.0173,-0.9155,-4.1855,-1.1113,-0.0996
100193,0.0549,-0.0164,-0.9119,-4.1934,-1.1406,-0.1484
100216,0.0715,-0.0165,-0.9135,-4.1914,-1.1641,-0.2246
100239,0.0771,-0.0186,-0.9291,-4.1777,-1.1641,-0.2988
100262,0.0741,-0.0184,-0.9377,-4.1953,-1.1797,-0.3535
100285,0.0743,-0.0184,-0.9077,-4.3125,-1.2754,-0.4355
100308,0.0709,-0.0178,-0.8768,-4.4609,-1.4004,-0.4902
100331,0.0836,-0.0178,-0.9098,-4.8281,-1.7051,-0.5703
100354,0.0852,-0.0184,-0.9188,-5.2344,-2.0137,-0.6367
100377,0.0813,-0.0173,-0.899,-6.2227,-2.6797,-0.7656
100400,0.0562,0.0112,-0.9011,-7.7363,-3.5371,-0.8984
100423,0.02,0.0359,-0.9287,-9.0254,-4.123,-0.9375
100446,0.0349,0.0461,-0.9465,-11.3398,-4.8711,-0.8438
100469,0.0039,0.0403,-0.9347,-13.0937,-5.2637,-0.6836
100492,-0.0249,0.0859,-0.8783,-15.9004,-5.7578,-0.4043
100515,-0.0868,0.1152,-0.829,-18.7207,-6.1719,-0.252
100538,0.0421,0.1241,-0.8184,-20.5625,-6.3516,-0.3496
100561,0.2173,0.0742,-1.0338,-23.4883,-6.5508,-1.1504
100584,0.2015,0.0782,-1.1705,-25.8965,-6.8262,-2.3711
100607,0.0465,0.1088,-1.1199,-30.7422,-7.625,-5.334
100630,0.0723,0.1262,-0.8811,-36.7227,-8.3164,-9.1191
100653,0.0636,0.1321,-0.7325,-40.5605,-8.0723,-11.6523
100676,0.0413,0.132,-0.7445,-44.8203,-5.5801,-14.8809
100699,0.0999,0.1448,-0.8812,-46.4082,-2.123,-16.4414
100722,0.1326,0.1637,-0.9449,-47.4844,5.3184,-17.752
100745,0.1045,0.1925,-0.8292,-47.9023,10.9648,-17.7793
100768,0.1174,0.2186,-0.7706,-48.7441,19.0215,-17.0762
100791,0.0624,0.2477,-0.7787,-50.0195,25.5742,-14.9785
100814,-0.0332,0.2614,-0.8273,-51.0742,28.957,-12.9609
100837,0.0432,0.2815,-0.8301,-52.9023,32.6543,-9.3379
100860,0.1307,0.3009,-0.7823,-54.2168,34.0293,-6.8848
100883,0.1962,0.3313,-0.7769,-56.0508,33.8086,-3.9004
100906,0.1814,0.3315,-0.8004,-57.1641,30.5566,-2.3887
100929,0.1669,0.3271,-0.7517,-57.1641,27.002,-2.248
100952,0.1042,0.3141,-0.7362,-55.5957,20.5313,-2.957
100975,0.1409,0.3082,-0.6832,-53.3301,16.1328,-3.7246
100998,0.228,0.2942,-0.7714,-48.166,10.3984,-4.8848
101021,0.1707,0.3063,-0.8099,-41.5664,6.1621,-5.7227
101044,0.0978,0.3386,-0.7622,-36.8711,4.1777,-5.9297
101067,0.1304,0.3647,-0.6621,-29.9395,2.416,-5.5
101090,0.1254,0.3885,-0.7483,-25.5879,1.9688,-4.7305
101113,0.1929,0.3993,-0.8568,-19.8086,2.2031,-3.1484
101136,0.2531,0.4451,-0.8459,-16.6309,3.2031,-1.623
101159,0.1073,0.4766,-0.7731,-12.9023,4.002,-0.9063
101182,0.1682,0.4666,-0.7788,-10.1289,5.0273,-0.4121
101205,0.2035,0.4177,-0.7767,-8.6152,5.4043,-0.4551
101228,0.1674,0.3812,-0.7617,-6.6641,5.25,-0.9707
101251,0.1414,0.3776,-0.759,-5.5137,4.6621,-1.5117
101274,0.1691,0.3546,-0.7849,-3.9883,3.3184,-2.3906
101297,0.2257,0.3478,-0.7876,-2.7168,1.7637,-3.1055
101320,0.1765,0.3481,-0.8662,-1.9922,0.7187,-3.4199
101343,0.1176,0.3362,-0.839,-0.998,-0.8555,-3.5742
101366,0.168,0.3093,-0.7968,-0.334,-1.9883,-3.4297
101389,0.202,0.3096,-0.7789,0.8711,-4.0059,-2.9004
101412,0.1108,0.3079,-0.868,2.6562,-6.5371,-2.2129
101435,0.0946,0.2845,-0.8645,4.2402,-8.4902,-1.7578
101458,0.1001,0.2764,-0.7955,7.0684,-11.7344,-1.1309
101481,0.0367,0.2644,-0.7761,9.1172,-14.0605,-0.7734
101504,0.0101,0.2622,-0.8677,12.1914,-17.6191,-0.3633
101527,0.0139,0.2278,-0.8848,14.5684,-21.0547,-0.1426
101550,0.0739,0.2219,-0.7882,16.3535,-23.2578,-0.1348
101573,0.0443,0.2251,-0.7762,17.9316,-26.5,-0.4395
101596,0.0485,0.2117,-0.7755,18.6543,-28.5488,-0.873
101619,0.1089,0.2217,-0.7142,19.2773,-31.084,-1.7813
101642,0.0538,0.2505,-0.6797,19.3105,-32.2148,-2.4746
101665,0.0055,0.2821,-0.7006,18.4395,-32.793,-3.4277
101688,-0.2058,0.3459,-0.7811,15.8496,-31.6816,-3.9316
101711,-0.2708,0.3774,-0.788,12.8652,-29.8633,-3.8906
101734,0.0651,0.3925,-0.777,6.4824,-25.7188,-3.5801
101757,0.2383,0.3763,-0.8412,1.2637,-22.6055,-3.7305
101780,0.0933,0.4113,-0.9156,-7.1016,-18.6895,-5.1465
101803,-0.0682,0.4674,-0.8511,-14.707,-16.0059,-7.5117
101826,-0.0055,0.4698,-0.8733,-18.541,-14.3867,-8.9062
101849,-0.0067,0.4319,-0.9768,-21.6484,-11.4434,-9.8184
101872,-0.0985,0.3781,-0.9926,-21.8984,-9.041,-9.4629
101895,-0.0197,0.3242,-0.8867,-19.8809,-4.959,-7.7949
101918,0.0021,0.2361,-0.8026,-15.5078,-0.8145,-5.7246
101941,0.0493,0.1677,-0.7657,-11.6289,1.625,-4.7012
101964,0.0709,0.1371,-0.7634,-5.0684,4.3945,-4.2754
101987,0.0208,0.151,-0.7799,-0.7305,5.5312,-4.7969
102010,0.0094,0.1715,-0.745,4.7266,6.1504,-6.4551
102033,0.0286,0.1879,-0.7075,7.1504,5.9102,-8.5176
102056,-0.024,0.2111,-0.7729,8.3223,4.709,-9.7891
102079,-0.0986,0.2637,-0.8142,6.0996,2.7148,-11.1816
102102,-0.0033,0.324,-0.775,2.7422,1.0215,-11.6309
102125,0.0686,0.3433,-0.822,-4.5527,-2.0117,-11.5937
102148,0.0237,0.4022,-0.8605,-10.3848,-4.2402,-11.1816
102171,-0.0466,0.4395,-0.7252,-19.4375,-7.4414,-9.9941
102194,0.011,0.4607,-0.5452,-27.3965,-9.5605,-8.0215
102217,-0.0066,0.4828,-0.6008,-31.541,-9.9551,-6.3066
102240,-0.0243,0.5076,-0.8335,-36.1582,-8.7715,-3.416
102263,0.1788,0.5306,-1.0909,-38.6426,-6.707,-1.543
102286,-0.0018,0.5806,-0.6392,-41.8789,-1.4746,0.6348
102309,0.0278,0.5815,-0.6857,-43.8223,6.3848,1.5801
102332,0.0016,0.5781,-0.6993,-43.998,12.5977,1.3477
102355,-0.0048,0.5325,-0.6362,-42.6719,21.9805,-0.5176
102378,0.0839,0.4912,-0.5789,-41.166,27.4414,-2.8066
102401,-0.0033,0.4846,-0.4431,-38.9805,33.3809,-7.6035
102424,0.0209,0.3634,-0.8154,-38.0938,36.791,-13.3652
102447,0.238,0.3203,-0.9672,-38.373,37.6367,-17.252
102470,0.0424,0.4687,-0.5417,-40.332,37.9453,-22.3496
102493,0.1669,0.5828,-0.6437,-41.5293,37.7285,-24.791
102516,0.1715,0.6372,-0.7424,-41.2598,37.7637,-26.4688
102539,0.134,0.6121,-0.762,-38.957,38.7344,-26.2559
102562,0.1683,0.5514,-0.6862,-32.2715,41.9473,-24.4668
102585,0.1753,0.4684,-0.6138,-23.3027,45.8555,-21.8418
102608,0.1654,0.4817,-0.6213,-17.375,47.8047,-20.0098
102631,0.059,0.462,-0.6753,-10.2734,48.9395,-17.248
102654,0.2114,0.4452,-0.7023,-7.2598,48.7168,-15.3066
102677,0.2323,0.4777,-0.6133,-5.377,47.7383,-12.1484
102700,0.0824,0.5543,-0.7002,-5.8906,46.7813,-8.7266
102723,0.1285,0.5902,-0.8771,-7.0469,46.4336,-6.3242
102746,-0.0333,0.5125,-1.0129,-9.2852,46.1094,-2.5586
102769,0.3066,0.4985,-1.0022,-10.6855,45.2832,-0.127
102792,0.3323,0.4575,-0.673,-11.459,41.2813,2.4707
102815,0.2872,0.3887,-0.5837,-8.5625,33.0664,2.6504
102838,0.2808,0.2791,-0.5516,-3.8125,25.6484,1.2344
102861,0.2681,0.266,-0.7156,7.2031,12.8809,-2.6836
102884,0.2498,0.2151,-0.7278,16.0938,3.918,-5.9102
102907,0.2162,0.2449,-0.7053,29.2637,-9.2617,-10.4844
102930,0.1261,0.2944,-0.6161,36.5938,-17.293,-12.6973
102953,0.0377,0.3739,-0.5796,43.8242,-27.1641,-13.8477
102976,0.0322,0.4343,-0.641,45.5742,-33.3574,-11.8418
102999,0.041,0.4633,-0.7473,43.5039,-35.1758,-8.8359
103022,0.0327,0.4846,-0.843,35.748,-34.7539,-2.5879
103045,0.0272,0.5068,-0.725,27.9512,-32.8125,2.1113
103068,0.0433,0.5292,-0.5865,13.834,-28.2461,8.8281
103091,0.0676,0.5165,-0.6328,-0.9512,-22.7227,13.9512
103114,0.0715,0.4972,-0.7023,-10.207,-19.1445,15.9961
103137,0.1368,0.4939,-0.7871,-22.4531,-14.8984,16.707
103160,0.0977,0.5203,-0.6545,-29.3398,-13.1836,15.6816
103183,0.1396,0.5664,-0.6156,-37.4785,-12.2598,12.4336
103206,0.1223,0.6046,-0.762,-42.6641,-12.5859,8.1094
103229,0.0751,0.559,-0.7994,-44.4238,-12.9473,5.1719
103252,0.0769,0.5082,-0.5953,-44.793,-13.0586,1.2559
103275,0.1244,0.469,-0.4496,-43.877,-12.7578,-0.8594
103298,0.109,0.4978,-0.6089,-41.5703,-11.8672,-3.2168
103321,0.0603,0.5255,-0.7557,-39.8848,-10.9336,-4.748
103344,0.0825,0.5253,-0.7789,-37.7031,-8.625,-5.0195
103367,0.0392,0.4585,-0.5322,-36.1875,-5.1055,-4.9727
103390,0.0913,0.5194,-0.5201,-35.5449,-2.4238,-4.627
103413,0.0847,0.6062,-0.4495,-35.0,1.0957,-3.8906
103436,0.1202,0.6439,-0.6465,-34.7676,2.5723,-3.373
103459,0.0579,0.6417,-0.6802,-34.248,2.9746,-2.6758
103482,0.0505,0.6306,-0.6356,-33.0508,1.4941,-2.1387
103505,0.0334,0.6572,-0.5828,-31.7539,-0.0039,-1.8672
103528,0.1073,0.6487,-0.5963,-29.1523,-2.0723,-1.4883
103551,0.1317,0.5946,-0.62,-27.123,-3.0605,-1.1465
103574,0.0212,0.5862,-0.5669,-23.959,-4.043,-0.3926
103597,0.1042,0.5947,-0.5786,-21.0391,-4.7129,0.5703
103620,0.1393,0.6152,-0.5913,-19.3535,-5.1074,1.2383
103643,0.0569,0.6136,-0.5216,-17.2383,-5.6465,2.1016
103666,0.0402,0.6097,-0.5341,-16.0898,-5.8711,2.4473
103689,0.0507,0.6017,-0.5754,-14.7402,-5.7988,2.4512
103712,0.0728,0.6149,-0.5474,-14.0469,-5.3984,1.9063
103735,0.0685,0.6005,-0.5131,-13.1855,-4.2852,1.4063
103758,0.1797,0.5837,-0.5576,-12.3398,-2.7539,0.7754
103781,0.0785,0.6274,-0.5012,-11.6387,-1.7461,0.5996
103804,0.0471,0.6024,-0.5828,-10.1152,-0.5273,0.7812
103827,0.0647,0.5968,-0.6123,-8.6523,0.1543,1.1113
103850,0.0823,0.5986,-0.568,-5.6797,1.1934,1.7441
103873,0.1295,0.5931,-0.5524,-1.8984,2.2773,2.4766
103896,0.0798,0.5962,-0.616,0.8711,2.9238,3.0449
103919,0.1191,0.5947,-0.6901,4.9668,3.8613,4.0312
103942,0.1323,0.5861,-0.5947,7.373,4.6328,4.7266
103965,0.1371,0.597,-0.5688,9.9414,6.0078,5.6738
103988,0.1044,0.5867,-0.6305,10.6621,7.1875,6.2617
104011,0.1124,0.5874,-0.5813,9.9199,7.5352,6.3164
104034,0.0999,0.5936,-0.5352,7.0234,6.9844,5.7598
104057,0.1293,0.5916,-0.5509,4.127,5.8379,4.9551
104080,0.1266,0.5929,-0.5725,-1.0,3.1816,3.2207
104103,0.0824,0.5962,-0.5521,-4.457,-0.1484,1.1348
104126,0.0605,0.6012,-0.556,-8.9043,-2.459,-0.2773
104149,0.0841,0.5919,-0.5763,-11.707,-5.5605,-2.1875
104172,0.0999,0.5859,-0.5651,-12.3984,-7.1152,-3.1934
104195,0.0955,0.5845,-0.6245,-11.5742,-8.377,-4.1309
104218,0.0891,0.5823,-0.5988,-9.8848,-8.4316,-4.3086
104241,0.119,0.6089,-0.6274,-6.0508,-7.3203,-3.8809
104264,0.1179,0.5895,-0.5922,-1.4629,-4.9609,-2.7051
104287,0.1039,0.5731,-0.6265,1.4512,-2.918,-1.6543
104310,0.1016,0.5907,-0.5966,4.7793,0.3496,-0.0078
104333,0.1031,0.5944,-0.5577,5.9629,2.3477,0.9629
104356,0.0975,0.5912,-0.5466,5.9336,4.623,2.0332
104379,0.0985,0.5844,-0.6086,3.8867,5.7559,2.541
104402,0.1433,0.5852,-0.5673,1.6855,5.8477,2.582
104425,0.1321,0.5861,-0.5265,-2.2051,4.9941,2.2695
104448,0.0992,0.5883,-0.5389,-4.7539,3.793,1.8477
104471,0.0632,0.5785,-0.5957,-7.7676,1.2891,0.9336
104494,0.0834,0.575,-0.6167,-9.0801,-1.4727,-0.209
104517,0.0927,0.5791,-0.6106,-8.7695,-3.0957,-0.9785
104540,0.1019,0.573,-0.6034,-6.5195,-4.8105,-1.9121
104563,0.1167,0.5728,-0.6437,-4.0254,-5.334,-2.2676
104586,0.1084,0.5724,-0.6578,0.5898,-5.1133,-2.2734
104609,0.1204,0.5806,-0.6201,3.793,-4.3613,-1.9238
104632,0.1326,0.5687,-0.6053,7.957,-2.6816,-0.9902
104655,0.1091,0.5682,-0.5779,10.4961,-1.0078,0.1445
104678,0.0979,0.5648,-0.587,11.0059,-0.2539,0.8125
104701,0.0961,0.5605,-0.5911,10.0176,0.0195,1.4141
104724,0.1077,0.5695,-0.5732,8.4355,-0.4043,1.4434
104747,0.0936,0.5605,-0.6285,5.3457,-1.8047,0.8672
104770,0.0631,0.5547,-0.6675,2.293,-3.6777,-0.4082
104793,0.0848,0.5498,-0.6404,0.709,-4.8965,-1.5586
104816,0.0967,0.5627,-0.6313,-0.6328,-6.3965,-3.5352
104839,0.0615,0.5656,-0.6643,-0.8145,-7.1074,-4.8809
104862,0.063,0.5615,-0.6591,-0.2539,-7.707,-6.7461
104885,0.0514,0.5608,-0.6223,0.7715,-7.8652,-8.2617
104908,0.0396,0.573,-0.5594,1.3691,-7.8672,-9.0156
104931,0.0521,0.5536,-0.6331,1.7324,-7.918,-9.6875
104954,0.045,0.5454,-0.6588,1.5117,-7.9961,-9.7812
104977,0.0358,0.5574,-0.6204,0.5547,-7.9648,-9.3203
105000,0.0514,0.5612,-0.6217,-0.3535,-7.6914,-8.127
105023,0.0641,0.5576,-0.5994,-1.8164,-6.8242,-6.9551
105046,0.0405,0.556,-0.658,-3.0645,-5.5332,-4.7539
105069,0.045,0.5529,-0.6516,-3.6328,-4.5664,-3.0977
105092,0.0706,0.5576,-0.5909,-4.0195,-3.2578,-0.5312
105115,0.0658,0.5637,-0.5815,-4.0059,-2.7207,1.1211
105138,0.0438,0.5603,-0.5945,-3.6895,-2.6465,3.3437
105161,0.0562,0.5483,-0.6307,-3.0762,-3.2598,5.123
105184,0.0638,0.5536,-0.6301,-2.4746,-3.7715,6.0352
105207,0.0668,0.5878,-0.6252,-1.1914,-4.2148,7.0195
105230,0.0431,0.6361,-0.6174,-0.0547,-4.082,7.4512
105253,0.0222,0.6305,-0.6359,1.9727,-2.9707,7.8066
105276,0.0524,0.5854,-0.6345,3.959,-0.7402,7.791
105299,0.0109,0.6023,-0.5922,4.8633,1.1445,7.4941
105322,0.0175,0.6066,-0.6116,5.0039,4.0488,6.3633
105345,0.0317,0.5757,-0.6099,4.0801,5.7832,4.9492
105368,0.0652,0.4978,-0.6243,1.1348,7.8691,1.5742
105391,0.2113,0.416,-0.636,-1.7129,9.4258,-3.2656
105414,0.2811,0.3948,-0.6826,-6.6914,10.1016,-7.0312
105437,0.1609,0.4767,-0.6801,-11.291,10.9531,-12.5742
105460,0.1104,0.5634,-0.6777,-13.3184,11.4902,-15.5098
105483,0.1388,0.5619,-0.6753,-13.8125,12.3437,-17.8496
105506,0.1068,0.566,-0.6793,-12.2754,12.8281,-17.8535
105529,0.0879,0.5544,-0.6636,-7.6875,13.1309,-15.8672
105552,0.0776,0.5331,-0.6453,-1.7305,12.666,-12.4141
105575,0.0605,0.5205,-0.6521,2.1172,11.8887,-9.8594
105598,0.0503,0.525,-0.6575,6.5801,10.0996,-6.3184
105621,0.0695,0.5448,-0.6498,8.3027,8.6094,-4.4004
105644,0.0778,0.5596,-0.6437,8.8633,6.1602,-2.3574
105667,0.0771,0.5706,-0.6154,7.3398,3.7598,-1.2285
105690,0.0974,0.5841,-0.641,5.5039,2.4414,-0.8398
105713,0.0833,0.5693,-0.6975,2.0957,1.4121,-0.5254
105736,0.0598,0.5688,-0.6072,-0.3418,1.5898,-0.3398
105759,0.0332,0.5438,-0.5624,-3.9961,3.1875,0.1094
105782,0.12,0.5154,-0.6102,-7.875,6.0098,0.8691
105805,0.214,0.4991,-0.6384,-9.7344,8.1406,1.5039
105828,0.172,0.5256,-0.6041,-12.502,10.8945,2.4922
105851,0.1417,0.5558,-0.6057,-13.7402,12.0898,3.1211
105874,0.1543,0.5536,-0.665,-14.3027,12.707,3.9766
105897,0.1477,0.5638,-0.6686,-13.707,12.3828,4.4453
105920,0.1404,0.647,-0.6256,-11.5098,11.0078,4.8613
105943,0.0568,0.6976,-0.7703,-8.3672,8.8047,4.8184
105966,-0.03,0.6812,-0.9242,-6.2227,7.0723,4.5937
105989,0.0023,0.6764,-0.7213,-3.2187,4.6465,4.1719
106012,0.0692,0.5853,-0.6581,-0.959,3.5723,3.8457
106035,0.24,0.4762,-0.661,3.9258,3.207,3.0156
106058,0.3077,0.4219,-0.6073,11.4824,4.0605,1.2383
106081,0.2845,0.3796,-0.5947,18.0156,4.9844,-0.625
106104,0.2061,0.3414,-0.5464,29.291,6.7031,-4.0957
106127,0.1399,0.2731,-0.4993,37.0273,8.1895,-6.3926
106150,0.1656,0.1775,-0.5033,47.2676,11.1602,-8.9199
106173,0.2703,0.1924,-0.524,53.6621,14.6348,-9.7148
106196,0.2406,0.2921,-0.6523,54.7441,16.6055,-9.2402
106219,0.254,0.4097,-0.7874,50.7598,17.9746,-7.1816
106242,0.203,0.5138,-0.8035,44.416,17.3867,-5.0234
106265,0.1171,0.5649,-0.8566,30.5137,14.1699,-0.8223
106288,0.1426,0.5643,-0.8217,19.4746,10.8008,4.4277
106311,0.1248,0.5249,-0.7728,2.5977,4.6758,7.4277
106334,0.051,0.4753,-0.7206,-12.0254,-1.8281,11.7129
106357,0.1012,0.4591,-0.649,-19.4434,-5.9023,13.7207
106380,0.1477,0.4536,-0.6744,-26.377,-11.2246,14.9473
106403,0.1613,0.4692,-0.6826,-28.3125,-14.1855,14.4512
106426,0.0638,0.4927,-0.6632,-27.9785,-17.6543,11.9746
106449,0.0659,0.4973,-0.6696,-25.0703,-19.7324,8.2305
106472,0.1221,0.4995,-0.693,-22.4648,-20.3438,5.5391
106495,0.147,0.5057,-0.7428,-18.5801,-20.4883,1.7734
106518,0.0984,0.5101,-0.7806,-16.4219,-20.3789,-0.3242
106541,0.0817,0.5327,-0.7762,-14.0918,-20.2031,-2.5312
106564,0.0399,0.5283,-0.7289,-12.5312,-19.9688,-3.3672
106587,0.0745,0.5187,-0.6439,-11.5176,-19.6387,-3.1621
106610,0.1219,0.4803,-0.6254,-9.418,-18.7695,-1.9805
106633,0.1688,0.4287,-0.7245,-7.4609,-18.0391,-0.8398
106656,0.1887,0.4136,-0.7515,-3.8301,-17.1602,1.1621
106679,0.163,0.4343,-0.6953,-1.1309,-17.0488,3.7187
106702,0.137,0.4337,-0.7097,3.2344,-17.7695,6.041
106725,0.1396,0.4261,-0.7841,8.2109,-18.918,10.8867
106748,0.1106,0.4242,-0.7771,12.0547,-19.4746,15.1211
106771,0.0867,0.4314,-0.72,18.9004,-19.6523,22.832
106794,0.0723,0.3785,-0.6978,24.3281,-19.2793,28.5996
106817,0.0613,0.3246,-0.728,33.6152,-18.1523,37.416
106840,0.0641,0.2543,-0.7759,43.1914,-17.1934,45.2676
106863,0.0557,0.2325,-0.712,48.8105,-17.2715,49.2695
106886,0.1042,0.2418,-0.719,54.7949,-19.0137,52.502
106909,0.1793,0.2391,-0.8246,56.666,-21.3008,52.4785
106932,0.1498,0.2683,-0.9331,55.9941,-26.0527,49.1875
106955,0.0634,0.2992,-0.8994,51.6445,-31.3164,42.9043
106978,0.0245,0.3092,-0.8544,47.4277,-34.2988,37.9043
107001,0.0945,0.2733,-0.9281,40.5996,-36.625,30.4434
107024,0.2046,0.2166,-1.0417,36.4297,-36.248,25.9395
107047,0.2034,0.175,-1.0728,31.3672,-32.9766,20.1523
107070,0.1429,0.1698,-1.0078,28.9453,-27.1934,15.5254
107093,0.1104,0.1688,-0.9072,27.0703,-22.1074,13.0645
107116,0.1116,0.1433,-0.8652,27.6504,-12.832,10.2832
107139,0.0951,0.1304,-0.8385,29.3086,-6.002,8.9727
107162,0.084,0.118,-0.8141,32.9453,3.9766,7.6133
107185,0.0991,0.0996,-0.8533,35.4609,9.7051,6.9473
107208,0.1206,0.0885,-0.8666,38.123,15.8691,6.0215
107231,0.1415,0.0894,-0.8278,38.2891,18.4043,4.9199
107254,0.1191,0.0898,-0.8431,36.7344,18.0449,4.0234
107277,0.1238,0.0868,-0.8752,32.1016,15.0039,2.4883
107300,0.1442,0.0914,-0.8661,27.8105,11.8223,1.4258
107323,0.1426,0.0956,-0.8344,20.373,6.2285,-0.0508
107346,0.1207,0.0969,-0.8374,12.7812,0.6797,-1.1738
107369,0.1169,0.0963,-0.8508,8.123,-2.5,-1.625
107392,0.1051,0.0962,-0.848,2.1953,-6.0488,-1.793
107415,0.1061,0.1034,-0.8411,-0.9258,-7.5195,-1.5918
107438,0.1151,0.1143,-0.8595,-4.3242,-8.4551,-0.9473
107461,0.114,0.1234,-0.8938,-6.3047,-8.0527,-0.0996
107484,0.1042,0.1245,-0.8973,-6.9707,-7.2051,0.4746
107507,0.0861,0.1301,-0.8925,-7.2031,-5.3789,1.2539
107530,0.0928,0.1329,-0.9109,-6.9609,-3.9629,1.6777
107553,0.1211,0.126,-0.9418,-6.1953,-1.7988,2.0977
107576,0.1542,0.1146,-0.9567,-5.5234,-0.4766,2.1895
107599,0.1493,0.1053,-0.9524,-4.4062,1.0977,2.0098
107622,0.1327,0.1036,-0.9426,-3.1504,2.1133,1.5352
107645,0.1379,0.1028,-0.9323,-2.166,2.6191,1.1563
107668,0.1544,0.0939,-0.9972,-0.3457,3.4082,0.6465
107691,0.1731,0.0894,-1.0067,1.127,4.0469,0.418
107714,0.1742,0.0847,-0.9878,3.7734,5.1719,0.3516
107737,0.162,0.0944,-1.0068,7.1797,6.6055,0.7773
107760,0.1887,0.0883,-1.0925,10.0781,7.8574,1.4355
107783,0.1964,0.0616,-1.1637,15.627,10.2773,3.0723
107806,0.2777,0.0251,-1.1318,20.248,12.2461,4.5898
107829,0.3239,0.0067,-1.1104,28.7988,15.7051,7.3672
107852,0.2908,-0.0327,-1.1976,39.4551,19.6309,10.5508
107875,0.2529,-0.0809,-1.1907,47.5566,22.2461,12.8496
107898,0.3152,-0.1394,-1.1146,60.5156,25.6348,16.4844
107921,0.3568,-0.2051,-1.0126,63.998,27.2246,18.9063
107944,0.3564,-0.2725,-0.9515,63.998,28.127,22.2539
107967,0.3765,-0.3198,-0.915,63.998,27.5547,25.0293
107990,0.3684,-0.3682,-0.9268,63.998,24.8027,26.5273
108013,0.3761,-0.4231,-0.8904,63.998,19.8398,28.3965
108036,0.3807,-0.4646,-0.7903,63.998,15.4727,29.5547
108059,0.3561,-0.5011,-0.7728,63.998,7.8672,31.5195
108082,0.2882,-0.5284,-0.7286,63.998,2.5215,33.2129
108105,0.2861,-0.5602,-0.7323,63.998,-5.1582,36.6523
108128,0.286,-0.5789,-0.7716,63.998,-11.7598,41.2734
108151,0.2156,-0.557,-0.6741,63.998,-15.3125,44.9277
108174,0.1438,-0.557,-0.6573,63.998,-19.1094,51.0391
108197,0.132,-0.58,-0.6475,63.998,-20.5605,55.3672
108220,0.1798,-0.6074,-0.6895,63.998,-21.3262,61.873
108243,0.1405,-0.6011,-0.6957,54.834,-21.0156,63.998
108266,0.0094,-0.5594,-0.6263,47.7793,-20.4629,63.998
108289,-0.0717,-0.553,-0.6163,37.4883,-19.168,63.998
108312,-0.0206,-0.5585,-0.6624,30.9414,-18.0176,63.998
108335,-0.0104,-0.5582,-0.6865,21.5176,-16.1816,63.998
108358,0.0028,-0.561,-0.7826,15.3574,-14.7051,63.998
108381,-0.0823,-0.5264,-0.7753,6.1387,-14.4609,63.998
108404,-0.2024,-0.4838,-0.7777,-2.7773,-14.1953,63.998
108427,-0.1687,-0.4882,-0.7332,-8.2168,-13.8086,63.998
108450,-0.1028,-0.4928,-0.7288,-15.1484,-12.5234,63.998
108473,-0.0952,-0.4917,-0.8243,-18.8496,-11.2656,63.998
108496,-0.1951,-0.4482,-0.8475,-23.1563,-9.0352,63.998
108519,-0.2449,-0.4071,-0.7661,-26.1719,-6.4844,63.998
108542,-0.2168,-0.4196,-0.6897,-27.5,-4.6465,63.998
108565,-0.1091,-0.4496,-0.782,-28.584,-1.957,63.998
108588,-0.1534,-0.4641,-0.859,-28.8789,-0.418,63.998
108611,-0.1479,-0.447,-0.7892,-28.9844,1.5039,63.7695
108634,-0.1921,-0.4348,-0.7754,-28.7031,3.2578,60.7188
108657,-0.2291,-0.4332,-0.7827,-28.1973,4.4805,58.8105
108680,-0.2411,-0.4413,-0.8585,-26.9609,6.5605,56.2813
108703,-0.1683,-0.4371,-0.9668,-25.9844,8.0645,54.7344
108726,-0.1237,-0.4106,-1.0626,-24.6855,10.0547,52.2402
108749,-0.0997,-0.3959,-1.0444,-23.9941,11.3535,49.0781
108772,-0.156,-0.3951,-0.9218,-22.7051,11.9316,46.5137
108795,-0.2395,-0.4089,-0.8817,-20.0215,12.752,42.2207
108818,-0.1962,-0.4274,-0.8241,-17.0234,13.3887,39.2832
108841,-0.1465,-0.4833,-0.8583,-10.8223,14.2422,34.957
108864,-0.0156,-0.5026,-0.8756,-6.0332,14.502,32.1074
108887,-0.1343,-0.4933,-0.9331,0.9766,14.2227,27.8633
108910,-0.1946,-0.4556,-0.8933,6.625,13.541,23.9707
108933,-0.1578,-0.4702,-0.9176,9.3281,13.3242,21.8379
108956,-0.0627,-0.4463,-0.7793,11.7637,13.666,19.5449
108979,-0.1439,-0.4313,-0.7792,12.3594,14.1719,18.5742
109002,-0.1832,-0.4586,-1.0144,11.6758,14.8242,17.8105
109025,-0.1224,-0.4296,-0.9906,9.0,14.75,17.6855
109048,-0.1244,-0.4329,-0.8464,6.3223,14.0898,17.8027
109071,-0.0662,-0.4147,-0.7278,1.7813,12.2383,17.9746
109094,-0.233,-0.5596,-1.0729,-1.1191,10.5918,17.9277
109117,-0.0128,-0.4819,-0.9344,-4.7402,7.7012,17.4531
109140,-0.161,-0.4552,-0.7415,-6.8203,4.1035,16.2578
109163,-0.2329,-0.5005,-0.9171,-7.1035,1.4648,14.9609
109186,-0.1436,-0.4498,-0.9492,-5.9844,-1.9043,12.2109
109209,-0.1056,-0.4349,-0.9392,-4.375,-3.2461,9.8223
109232,-0.0995,-0.4025,-0.8705,-0.9277,-3.4102,5.4707
109255,-0.119,-0.4331,-0.8135,1.9277,-2.1113,0.7187
109278,-0.0631,-0.5026,-0.9227,6.7363,2.0859,-2.7539
109301,-0.0085,-0.5706,-0.8132,11.6113,8.541,-7.2656
109324,-0.0413,-0.6373,-0.7961,14.5781,13.5,-9.7383
109347,-0.0498,-0.6621,-0.7955,18.1348,20.7227,-12.3203
109370,0.0012,-0.6176,-0.8523,19.668,24.6563,-13.1641
109393,-0.0905,-0.5748,-0.8503,20.5332,28.1699,-13.168
109416,-0.0344,-0.5527,-0.8868,19.9023,28.1289,-12.1328
109439,-0.0457,-0.5516,-0.8673,18.9512,26.1563,-11.2285
109462,-0.0114,-0.5515,-0.8334,17.2793,21.3125,-9.9883
109485,-0.0189,-0.5574,-0.8308,16.2656,17.8359,-9.3672
109508,-0.0033,-0.5544,-0.8317,15.1484,13.9746,-8.7871
109531,0.0321,-0.5557,-0.7943,14.6133,13.082,-8.5645
109554,0.0413,-0.4957,-0.8151,14.541,14.207,-8.5254
109577,-0.0088,-0.4564,-0.8419,14.5742,17.3359,-8.4883
109600,-0.1271,-0.4664,-1.0403,14.4043,19.5566,-8.4316
109623,-0.0186,-0.3665,-0.8273,13.3574,22.1465,-8.4453
109646,-0.0262,-0.3783,-1.0625,12.0898,23.0586,-9.2598
109669,-0.0314,-0.3945,-0.9695,9.7344,22.4824,-10.6562
109692,0.0314,-0.4706,-0.9124,7.7383,18.9902,-14.3828
109715,0.0363,-0.5338,-0.7952,7.1875,14.9316,-18.0313
109738,0.0692,-0.5605,-0.7856,8.127,6.4355,-25.2324
109761,0.0784,-0.5664,-0.8721,9.9863,-0.5,-31.1055
109784,0.0166,-0.5616,-0.874,14.2266,-11.8281,-41.2578
109807,0.0458,-0.5839,-0.726,19.5,-22.6797,-52.5293
109830,-0.0588,-0.5519,-0.4668,23.166,-29.0195,-60.3887
109853,-0.0765,-0.5325,-0.4363,27.918,-37.3164,-64.0
109876,0.1061,-0.5525,-0.6577,29.6055,-42.6523,-64.0
109899,0.1608,-0.5396,-0.698,27.6914,-51.7207,-64.0
109922,0.1252,-0.5372,-0.6937,18.4004,-62.7051,-64.0
109945,0.121,-0.4816,-0.632,7.8633,-64.0,-64.0
109968,0.1456,-0.4541,-0.7009,-13.3379,-64.0,-64.0
109991,0.1571,-0.4415,-0.7886,-29.9355,-64.0,-64.0
110014,0.1215,-0.4098,-0.774,-56.2598,-64.0,-64.0
110037,0.1323,-0.3829,-0.761,-64.0,-64.0,-64.0
110060,0.2,-0.3411,-0.7648,-64.0,-64.0,-64.0
110083,0.2858,-0.3098,-0.8252,-64.0,-64.0,-64.0
110106,0.3206,-0.3013,-0.9833,-64.0,-64.0,-64.0
110129,0.3781,-0.3394,-1.0642,-64.0,-60.7168,-64.0
110152,0.3904,-0.3654,-1.025,-64.0,-50.793,-64.0
110175,0.3723,-0.282,-0.9167,-64.0,-35.1914,-64.0
110198,0.2478,-0.2004,-0.9515,-64.0,-19.2852,-64.0
110221,0.177,-0.2069,-1.0394,-64.0,-8.6484,-64.0
110244,0.1561,-0.256,-0.9202,-64.0,7.0254,-64.0
110267,0.1355,-0.1849,-0.6698,-64.0,16.8672,-49.7051
110290,0.0808,-0.0533,-0.6681,-63.748,29.8301,-26.0
110313,0.0562,-0.0531,-0.9907,-44.6641,39.5723,-3.6152
110336,0.1212,-0.0509,-1.2129,-34.0234,43.6543,9.3203
110359,0.2052,-0.0072,-1.1251,-23.5586,44.9395,24.2305
110382,0.2,0.0599,-1.0813,-20.7734,42.0684,30.7363
110405,0.0858,0.0848,-1.1434,-21.9629,32.7734,35.5879
110428,-0.0048,0.0939,-1.1488,-26.8945,20.3418,35.9824
110451,-0.0038,0.0779,-1.1198,-30.5215,12.252,34.7695
110474,0.0676,0.0359,-1.0155,-34.2598,2.3789,31.9219
110497,0.1813,-0.0006,-0.965,-34.7852,-2.4043,29.7207
110520,0.1958,-0.0414,-1.0037,-32.082,-7.209,26.2109
110543,0.1903,-0.0608,-0.9915,-28.123,-8.9551,23.7832
110566,0.1522,-0.0812,-0.8275,-19.7969,-9.2715,20.1211
110589,0.194,-0.0754,-0.723,-9.918,-6.8242,16.6152
110612,0.2657,-0.0876,-0.7472,-3.3145,-4.0449,14.4316
110635,0.3425,-0.1115,-0.9768,4.9434,0.7871,11.3574
110658,0.3292,-0.1321,-1.1661,8.2109,3.7578,9.4102
110681,0.2556,-0.1073,-1.0446,8.3398,6.6699,6.7969
110704,0.1577,-0.0459,-0.8344,3.0117,6.9375,5.1758
110727,0.0093,-0.0109,-0.8495,-2.3965,5.8691,5.0762
110750,0.0737,-0.0344,-1.1072,-11.0391,3.4492,6.7793
110773,0.2074,-0.0531,-1.2184,-16.209,1.6387,9.0273
110796,0.2114,-0.0413,-1.0938,-22.1152,-1.6465,13.3398
110819,0.0659,-0.0323,-0.8896,-24.7598,-5.5469,17.8105
110842,-0.0417,-0.0209,-0.7151,-24.1406,-7.7949,20.5156
110865,0.0299,-0.0476,-0.8552,-19.4922,-9.2793,23.7715
110888,0.2012,-0.0543,-1.095,-14.5781,-8.8145,25.1172
110911,0.1506,-0.0083,-1.16,-6.5625,-7.0,25.418
110934,-0.0001,0.0253,-0.9974,-1.8887,-5.8379,23.627
110957,-0.0149,0.0155,-0.9159,3.2656,-4.6641,21.5586
110980,0.0603,-0.028,-0.9155,6.3359,-4.1289,17.6484
111003,0.1216,-0.0717,-0.8585,7.5059,-4.2266,14.666
111026,0.1671,-0.1013,-0.8733,8.4219,-5.0508,9.6934
111049,0.2213,-0.1415,-0.9664,8.6973,-5.8242,6.0762
111072,0.2133,-0.1517,-0.9716,8.8047,-6.8945,0.4023
111095,0.1725,-0.1584,-0.9414,8.6777,-7.5039,-5.0488
111118,0.1617,-0.1605,-0.8893,8.5488,-7.4766,-8.1914
111141,0.2019,-0.1711,-0.9216,8.3848,-6.7168,-11.7031
111164,0.1587,-0.1527,-0.884,8.2637,-5.9082,-13.0918
111187,0.1157,-0.1238,-0.8558,7.9238,-4.5859,-13.6816
111210,0.0952,-0.1074,-0.8982,7.2285,-3.1953,-12.5762
111233,0.1173,-0.106,-0.9395,6.4551,-2.2148,-11.0586
111256,0.109,-0.1052,-0.9414,4.6836,-0.8359,-8.041
111279,0.0991,-0.1022,-0.9254,3.1055,-0.1484,-5.8184
111302,0.0847,-0.1029,-0.9114,0.3691,0.3457,-2.6172
111325,0.0952,-0.1046,-0.9413,-1.4941,0.2949,0.0195
111348,0.1118,-0.11,-0.9459,-4.0137,-0.3809,1.3125
111371,0.114,-0.1086,-0.9175,-5.8965,-1.7285,2.4512
111394,0.1239,-0.1062,-0.9122,-6.668,-2.8047,2.6797
111417,0.1234,-0.1169,-0.962,-7.0371,-4.2578,2.3437
111440,0.1306,-0.1191,-0.9637,-6.8262,-4.9492,1.7793
111463,0.1248,-0.1215,-0.9432,-6.0195,-5.4668,0.6621
111486,0.1152,-0.1202,-0.9139,-4.8047,-5.3535,-0.498
111509,0.1052,-0.1151,-0.9098,-3.8379,-4.9492,-1.1621
111532,0.1128,-0.1226,-0.906,-2.2734,-3.9395,-1.8691
111555,0.1302,-0.1282,-0.9222,-1.2637,-3.0898,-2.1348
111578,0.1158,-0.129,-0.9218,-0.0234,-1.7891,-2.2656
111601,0.1107,-0.1234,-0.9181,0.6934,-0.6855,-2.1641
111624,0.1057,-0.1216,-0.9355,0.8301,-0.1328,-2.0098
111647,0.1311,-0.1216,-0.9327,0.5449,0.3633,-1.7012
111670,0.0876,-0.1228,-0.9878,0.0859,0.4551,-1.4805
111693,0.1306,-0.1281,-0.9873,-0.8359,0.2832,-1.166
111716,0.1442,-0.1234,-0.9166,-1.9551,-0.3027,-0.9063
111739,0.088,-0.1276,-0.9183,-2.0664,-0.9473,-0.7871
111762,0.1064,-0.1299,-0.8988,-2.0508,-2.1738,-0.666
111785,0.1055,-0.1355,-0.8955,-1.7012,-3.043,-0.6094
111808,0.0972,-0.1382,-0.9065,-0.877,-4.2109,-0.5605
111831,0.1001,-0.1383,-0.9281,-0.3008,-4.7617,-0.5625
111854,0.1077,-0.1366,-0.9402,0.3125,-5.0781,-0.6348
111877,0.1095,-0.1346,-0.9379,0.4102,-4.8359,-0.7891
111900,0.0959,-0.1348,-0.9388,0.168,-4.4824,-0.9199
111923,0.0995,-0.1373,-0.9215,-0.5488,-3.832,-1.1055
111946,0.1068,-0.1439,-0.9261,-1.1582,-3.3633,-1.1934
111969,0.1038,-0.1432,-0.92,-2.084,-2.6289,-1.248
111992,0.0947,-0.1387,-0.9138,-2.8574,-1.8906,-1.1973
112015,0.0928,-0.132,-0.9041,-3.2344,-1.4297,-1.1094
112038,0.108,-0.1328,-0.9226,-3.5937,-0.834,-0.916
112061,0.1088,-0.137,-0.9539,-3.7539,-0.5117,-0.7676
112084,0.1211,-0.1343,-0.9503,-3.9785,-0.125,-0.5488
112107,0.0983,-0.135,-0.933,-4.2305,0.1367,-0.3613
112130,0.0901,-0.1359,-0.9286,-4.3887,0.2383,-0.2559
112153,0.1073,-0.1361,-0.9276,-4.5488,0.2715,-0.1172
112176,0.1068,-0.1384,-0.9148,-4.584,0.2109,-0.0449
112199,0.1116,-0.1403,-0.927,-4.5156,0.0625,0.0156
112222,0.1149,-0.1399,-0.9229,-4.4043,-0.043,0.0176
112245,0.1038,-0.1373,-0.9243,-4.1895,-0.2285,-0.0293
112268,0.092,-0.1353,-0.92,-3.9941,-0.4707,-0.1035
112291,0.0961,-0.1327,-0.9152,-3.9062,-0.6406,-0.1387
112314,0.1041,-0.1312,-0.9196,-3.8711,-0.8398,-0.1582
112337,0.1072,-0.1315,-0.9232,-3.9258,-0.8828,-0.1543
112360,0.1028,-0.1321,-0.9438,-4.1426,-0.7949,-0.1387
112383,0.11,-0.1278,-0.9409,-4.5273,-0.6289,-0.1309
112406,0.1007,-0.1235,-0.9463,-4.8613,-0.5527,-0.1289
112429,0.0975,-0.1216,-0.9349,-5.3965,-0.5586,-0.127
112452,0.1031,-0.1271,-0.9292,-5.7129,-0.6367,-0.123
112475,0.1075,-0.1321,-0.9298,-6.0332,-0.8164,-0.1387
112498,0.1143,-0.136,-0.9337,-6.1074,-1.0313,-0.2129
112521,0.0981,-0.1315,-0.9197,-6.0176,-1.207,-0.2969
112544,0.1028,-0.135,-0.9143,-5.6875,-1.5098,-0.4531
112567,0.1151,-0.1365,-0.9183,-5.3711,-1.6992,-0.5547
112590,0.097,-0.1305,-0.9055,-4.8301,-1.8926,-0.6797
112613,0.1,-0.1307,-0.9166,-4.4824,-1.9121,-0.7305
112636,0.1182,-0.1306,-0.9575,-4.0898,-1.7422,-0.7148
112659,0.1119,-0.1294,-0.9512,-3.9707,-1.4316,-0.6328
112682,0.0968,-0.1256,-0.9259,-4.0547,-1.209,-0.5508
112705,0.1027,-0.1219,-0.9233,-4.3242,-0.8691,-0.3945
112728,0.0997,-0.1206,-0.924,-4.5273,-0.6387,-0.2754
112751,0.094,-0.1184,-0.9269,-4.7793,-0.2871,-0.0937
112774,0.1042,-0.1248,-0.9634,-4.9316,0.043,0.0469
112797,0.1248,-0.125,-0.9519,-4.9824,0.1855,0.0918
112820,0.1007,-0.1282,-0.9138,-4.9609,0.1797,0.0488
112843,0.1067,-0.1285,-0.9246,-4.8477,0.0547,-0.0488
112866,0.116,-0.135,-0.9141,-4.5059,-0.2148,-0.2676
112889,0.1093,-0.1344,-0.9264,-4.0156,-0.4453,-0.5371
112912,0.1178,-0.135,-0.9341,-3.668,-0.541,-0.7207
112935,0.1006,-0.1368,-0.9089,-3.2031,-0.6406,-0.9609
112958,0.0946,-0.1342,-0.8881,-2.9609,-0.6992,-1.0703
112981,0.0942,-0.1326,-0.9016,-2.7148,-0.7637,-1.1211
113004,0.1129,-0.1233,-0.9054,-2.6562,-0.7617,-1.0215
113027,0.1124,-0.1212,-0.9351,-2.793,-0.7012,-0.8906
113050,0.1073,-0.1208,-0.9501,-3.2734,-0.502,-0.6387
113073,0.1184,-0.1212,-0.973,-3.8008,-0.3105,-0.459
113096,0.1113,-0.1195,-0.9558,-4.8203,-0.0645,-0.2129
113119,0.1027,-0.1182,-0.9159,-5.543,0.0039,-0.0801
113142,0.1041,-0.1154,-0.9067,-6.4316,-0.0371,0.0625
113165,0.1072,-0.124,-0.9257,-6.8613,-0.1738,0.1211
113188,0.1184,-0.126,-0.9286,-6.8672,-0.3027,0.1055
113211,0.104,-0.1261,-0.9196,-6.5352,-0.5684,-0.0039
113234,0.1068,-0.127,-0.9283,-6.1621,-0.793,-0.1211
113257,0.1136,-0.1237,-0.9341,-5.5156,-1.1953,-0.3281
113280,0.1058,-0.1238,-0.922,-4.9023,-1.6309,-0.5156
113303,0.1067,-0.1208,-0.9207,-4.5645,-1.875,-0.6055
113326,0.0967,-0.1201,-0.9169,-4.2031,-2.0547,-0.6621
113349,0.111,-0.1189,-0.928,-4.0703,-2.0254,-0.6426
113372,0.1227,-0.1217,-0.9451,-4.0371,-1.8086,-0.5488
113395,0.1036,-0.1128,-0.9518,-4.125,-1.4648,-0.4082
113418,0.0875,-0.1101,-0.9294,-4.3867,-1.1914,-0.2969
113441,0.1033,-0.1146,-0.9071,-4.6934,-0.7305,-0.1074
113464,0.1223,-0.1207,-0.9301,-4.8477,-0.4141,0.0078
113487,0.1106,-0.1217,-0.951,-4.9512,0.0,0.0977
113510,0.1047,-0.1183,-0.9633,-4.9434,0.209,0.0801
113533,0.1099,-0.115,-0.9371,-4.8203,0.3457,-0.0586
113556,0.0931,-0.1133,-0.9125,-4.5371,0.1484,-0.2988
113579,0.093,-0.1147,-0.9058,-4.2383,-0.1699,-0.4863
113602,0.1083,-0.1223,-0.8901,-3.6562,-0.8086,-0.7832
113625,0.1581,-0.1328,-0.892,-3.2344,-1.252,-1.0
113648,0.1678,-0.1409,-0.9615,-2.6914,-1.8145,-1.3789
113671,0.1187,-0.1361,-1.0128,-2.4609,-2.2187,-1.7754
113694,0.0614,-0.1355,-0.9558,-2.5391,-2.4062,-1.957
113717,0.0388,-0.1248,-0.8389,-2.8691,-2.5234,-1.9297
113740,0.0638,-0.1202,-0.8009,-3.0566,-2.4414,-1.6582
113763,0.1127,-0.1118,-0.8851,-3.0996,-2.0234,-0.9258
113786,0.1368,-0.106,-0.9915,-2.9941,-1.3535,-0.0312
113809,0.1337,-0.1008,-1.0167,-3.0293,-0.8848,0.5176
113832,0.094,-0.0957,-0.9467,-3.4004,-0.3086,1.1309
113855,0.0858,-0.109,-0.9285,-3.7949,-0.0234,1.3711
113878,0.1266,-0.1312,-0.9132,-4.3691,0.3027,1.4531
113901,0.1593,-0.1426,-0.9283,-4.625,0.4531,1.1719
113924,0.1328,-0.1514,-0.9546,-4.7344,0.4824,0.7871
113947,0.1141,-0.1493,-0.9297,-4.5566,0.1738,0.0352
113970,0.0339,-0.1292,-0.8688,-4.3086,-0.2187,-0.4629
113993,0.0443,-0.1141,-0.8315,-3.7598,-0.9102,-0.9844
114016,0.094,-0.1046,-0.876,-3.3086,-1.2988,-1.1035
114039,0.1023,-0.0983,-0.9561,-2.7148,-1.6191,-0.9551
114062,0.1075,-0.0626,-0.996,-2.5937,-1.5742,-0.5742
114085,0.1135,-0.0957,-0.9951,-2.9121,-1.3809,-0.3047
114108,0.1121,-0.1075,-0.9738,-3.8945,-1.002,-0.0273
114131,0.1066,-0.1292,-0.9254,-4.7012,-0.7695,0.0098
114154,0.1421,-0.1401,-0.8917,-5.7266,-0.5195,-0.207
114177,0.1394,-0.1505,-0.8999,-6.168,-0.4395,-0.7344
114200,0.1259,-0.1487,-0.9199,-6.0801,-0.4844,-1.2031
114223,0.1144,-0.1394,-0.9196,-5.5078,-0.709,-1.9102
114246,0.0833,-0.1255,-0.8955,-4.959,-0.9668,-2.2734
114269,0.0583,-0.1111,-0.885,-4.0898,-1.4707,-2.4824
114292,0.077,-0.108,-0.8942,-3.584,-1.8145,-2.2148
114315,0.0953,-0.1035,-0.9259,-3.0977,-2.2109,-1.8223
114338,0.1067,-0.1039,-0.9712,-3.1094,-2.3711,-1.0977
114361,0.1146,-0.1027,-0.9916,-3.4395,-2.3359,-0.6484
114384,0.0914,-0.0985,-0.9596,-4.3418,-2.1543,-0.1797
114407,0.0806,-0.0969,-0.9025,-5.0645,-1.9941,-0.0527
114430,0.1227,-0.109,-0.9015,-5.9805,-1.7109,-0.166
114453,0.1119,-0.1174,-0.9642,-6.418,-1.416,-0.6484
114476,0.1084,-0.12,-0.9315,-6.4219,-1.25,-1.1465
114499,0.1228,-0.1222,-0.9098,-6.0527,-1.0898,-2.0625
114522,0.0962,-0.1243,-0.9266,-5.5937,-1.0508,-2.7129
114545,0.1034,-0.121,-0.9154,-4.7324,-1.0762,-3.6094
114568,0.115,-0.1204,-0.9071,-3.877,-1.1602,-4.2617
114591,0.1045,-0.119,-0.9171,-3.418,-1.2109,-4.5156
114614,0.11,-0.1168,-0.9316,-3.0176,-1.2305,-4.5937
114637,0.1011,-0.114,-0.9495,-2.9902,-1.2051,-4.4531
114660,0.087,-0.1113,-0.9326,-3.3184,-1.1563,-3.9883
114683,0.0988,-0.1105,-0.9023,-3.7285,-1.1426,-3.3008
114706,0.1044,-0.1122,-0.9146,-4.4629,-1.1348,-2.7832
114729,0.1147,-0.1143,-0.9261,-5.1699,-1.0801,-2.0293
114752,0.121,-0.1084,-0.9363,-5.5742,-1.0059,-1.5977
114775,0.1166,-0.104,-0.9469,-6.0625,-0.8613,-1.0996
114798,0.1062,-0.0986,-0.946,-6.3105,-0.7617,-0.8691
114821,0.0918,-0.0989,-0.9351,-6.5703,-0.6152,-0.6367
114844,0.0964,-0.1003,-0.9309,-6.6836,-0.459,-0.4961
114867,0.1027,-0.1028,-0.9337,-6.6719,-0.3711,-0.4414
114890,0.1143,-0.1039,-0.9359,-6.5293,-0.3535,-0.4316
114913,0.1128,-0.1052,-0.951,-6.3691,-0.4746,-0.4863
114936,0.0905,-0.1022,-0.9514,-6.0664,-0.9199,-0.6562
114959,0.0785,-0.1014,-0.9037,-5.707,-1.6094,-0.877
114982,0.09,-0.1057,-0.8864,-5.4102,-2.0957,-1.0156
115005,0.099,-0.111,-0.9172,-4.8613,-2.6973,-1.1914
115028,0.1152,-0.1106,-0.9514,-4.4785,-2.9531,-1.291
115051,0.1028,-0.0978,-0.9606,-4.0254,-3.1094,-1.4297
115074,0.0897,-0.0914,-0.9562,-3.8437,-3.041,-1.5469
115097,0.1029,-0.0952,-0.9536,-3.877,-2.9023,-1.5996
115120,0.0966,-0.0959,-0.9424,-4.0469,-2.6406,-1.6406
115143,0.0828,-0.0956,-0.9243,-4.1504,-2.4902,-1.6523
115166,0.0699,-0.0945,-0.9165,-4.1309,-2.4023,-1.666
115189,0.0507,-0.0963,-0.8945,-3.9355,-2.4824,-1.6836
115212,0.0616,-0.1078,-0.8707,-3.3164,-2.7832,-1.752
115235,0.1134,-0.1226,-0.933,-2.3672,-3.1406,-1.9316
115258,0.1125,-0.1294,-0.9751,-1.6816,-3.3437,-2.1406
115281,0.0923,-0.1287,-0.9321,-0.8418,-3.5566,-2.5742
115304,0.0764,-0.127,-0.887,-0.4883,-3.6152,-2.8848
115327,0.0845,-0.1312,-0.8895,-0.2637,-3.5176,-3.2422
115350,0.0974,-0.1207,-0.8909,-0.3496,-3.1836,-3.3418
115373,0.0817,-0.1111,-0.905,-0.5625,-2.8555,-3.2285
115396,0.0929,-0.1057,-0.9161,-1.1172,-2.2871,-2.7852
115419,0.0942,-0.1086,-0.9414,-1.6523,-1.9063,-2.3359
115442,0.0856,-0.1049,-0.9397,-2.6973,-1.3867,-1.5313
115465,0.0912,-0.099,-0.924,-3.9668,-0.9219,-0.6953
115488,0.088,-0.0923,-0.9557,-4.8652,-0.6348,-0.1973
115511,0.0837,-0.0884,-0.9803,-6.1914,-0.2988,0.3652
115534,0.0647,-0.082,-0.9745,-7.0137,-0.1914,0.5723
115557,0.0728,-0.0791,-0.95,-8.0586,-0.2812,0.5918
115580,0.0979,-0.0869,-0.9382,-8.5566,-0.5352,0.25
115603,0.0981,-0.0981,-0.949,-8.8867,-1.2051,-0.1699
115626,0.0737,-0.1042,-0.9467,-8.6523,-2.1523,-1.0195
115649,0.082,-0.1106,-0.9379,-8.1855,-2.8477,-1.6543
115672,0.0796,-0.115,-0.9357,-7.0527,-3.8262,-2.5645
115695,0.0776,-0.1199,-0.9242,-6.0352,-4.3574,-3.0645
115718,0.083,-0.1183,-0.9037,-4.1855,-4.8418,-3.5547
115741,0.0566,-0.1127,-0.8875,-2.082,-4.8262,-3.6738
115764,0.0883,-0.1194,-0.9165,-0.6797,-4.5195,-3.5469
115787,0.1118,-0.1222,-0.9371,1.1016,-3.7363,-3.1094
115810,0.0771,-0.1194,-0.9374,1.8887,-3.1348,-2.7051
115833,0.0438,-0.1166,-0.9296,2.2891,-2.3262,-2.0
115856,0.0627,-0.1084,-0.9225,1.7793,-1.7246,-1.2109
115879,0.0734,-0.1029,-0.9475,1.0508,-1.4531,-0.6758
115902,0.0551,-0.1033,-0.9413,-0.3672,-1.252,0.0566
115925,0.0492,-0.105,-0.912,-1.3652,-1.2422,0.4531
115948,0.0532,-0.113,-0.8965,-2.668,-1.3477,0.8496
115971,0.0758,-0.1217,-0.9152,-3.2891,-1.5039,0.9648
115994,0.0856,-0.1232,-0.944,-3.7734,-1.6055,0.8887
116017,0.0747,-0.1165,-0.9093,-3.7461,-1.666,0.6035
116040,0.0823,-0.116,-0.9021,-3.4727,-1.5391,0.3535
116063,0.0991,-0.1163,-0.9452,-2.7969,-0.9688,-0.0273
116086,0.0857,-0.1108,-0.9636,-2.3027,-0.3691,-0.2559
116109,0.0725,-0.1088,-0.9705,-1.752,0.6465,-0.5293
116132,0.0653,-0.1112,-0.9358,-1.6035,1.5273,-0.6973
116155,0.056,-0.1123,-0.8923,-1.7129,1.9414,-0.75
116178,0.0624,-0.1193,-0.9097,-2.0469,2.2832,-0.7793
116201,0.0852,-0.127,-0.9363,-2.3262,2.3398,-0.8086
116224,0.0989,-0.1287,-0.9379,-2.8066,2.1836,-0.9395
116247,0.0839,-0.1245,-0.9233,-3.3633,1.7461,-1.2168
116270,0.0905,-0.1205,-0.911,-3.7598,1.3379,-1.4629
116293,0.0892,-0.1268,-0.9285,-4.373,0.6641,-1.8555
116316,0.0902,-0.1277,-0.9099,-4.7988,0.2363,-2.0879
116339,0.097,-0.1244,-0.8999,-5.4785,-0.2871,-2.332
116362,0.0919,-0.1194,-0.9127,-6.4551,-0.6113,-2.3965
116385,0.1157,-0.1213,-0.9436,-6.7422,-0.7305,-2.334
116408,0.1155,-0.1194,-0.9727,-7.7285,-0.873,-2.1055
116431,0.0764,-0.1005,-0.9348,-8.5371,-1.0039,-1.8828
116454,0.0453,-0.0842,-0.8778,-9.8906,-1.2813,-1.4297
116477,0.0392,-0.0922,-0.9142,-10.7832,-1.502,-1.0488
116500,0.0659,-0.0863,-0.9385,-12.0488,-1.9395,-0.416
116523,0.0582,-0.0427,-0.9019,-13.3223,-2.7031,0.1289
116546,0.0378,-0.0479,-0.9536,-14.2227,-3.4473,0.3496
116569,0.0376,-0.0647,-1.0056,-15.7715,-4.8496,0.3594
116592,0.0493,-0.0493,-0.9624,-17.0527,-5.9414,0.1133
116615,0.0417,-0.0061,-0.825,-19.4492,-7.8184,-0.6484
116638,0.0557,0.0356,-0.7888,-22.3555,-9.8828,-1.8359
116661,0.0975,0.0363,-0.9465,-24.6387,-11.1758,-2.834
116684,0.0895,0.0435,-1.0719,-29.1406,-12.5391,-4.6621
116707,0.0968,0.0497,-1.108,-33.2539,-12.7734,-6.1094
116730,0.1217,0.0681,-0.9264,-41.2012,-11.7305,-8.5859
116753,0.0818,0.1172,-0.7187,-50.0801,-8.4844,-11.2617
116776,0.054,0.1547,-0.7241,-55.4258,-4.6699,-12.9922
116799,0.0492,0.1428,-0.974,-61.3789,3.8711,-15.2148
116822,0.1287,0.1379,-0.9298,-63.8477,11.0293,-16.3379
116845,0.1578,0.1748,-0.7374,-64.0,22.3984,-17.5
116868,0.1547,0.1849,-0.8291,-64.0,29.4805,-18.0039
116891,0.1864,0.2014,-1.0363,-64.0,38.209,-18.4746
116914,0.2094,0.2308,-0.957,-61.4102,43.6699,-18.6875
116937,0.1349,0.2367,-0.873,-59.0645,45.1582,-18.6816
116960,0.1183,0.2299,-0.7775,-54.6133,44.1211,-18.3125
116983,0.1722,0.213,-0.7952,-50.9922,41.4336,-17.748
117006,0.2126,0.2114,-0.8405,-44.7715,34.9746,-16.4727
117029,0.1779,0.2294,-0.8005,-38.1309,26.5332,-14.9297
117052,0.1238,0.2585,-0.8025,-33.7871,20.459,-13.877
117075,0.127,0.2764,-0.8542,-27.7988,11.7187,-12.3555
117098,0.1554,0.2822,-0.8521,-24.3398,6.6074,-11.4219
117121,0.1505,0.2809,-0.8636,-20.1504,0.5117,-10.2441
117144,0.1764,0.2764,-0.8966,-17.1875,-3.4316,-9.4414
117167,0.2157,0.2719,-0.8595,-15.8066,-4.9375,-9.1426
117190,0.2064,0.2599,-0.8367,-14.3223,-5.9395,-9.0391
117213,0.1715,0.2631,-0.7761,-13.5195,-6.0645,-9.1523
117236,0.13,0.2521,-0.7781,-12.3281,-5.8555,-9.459
117259,0.1244,0.2515,-0.7753,-11.4844,-5.6328,-9.7461
117282,0.1063,0.2668,-0.7147,-10.1973,-5.4258,-9.8535
117305,0.0533,0.2789,-0.6849,-9.0937,-5.4023,-9.8379
117328,0.0522,0.2946,-0.6829,-8.6562,-5.3398,-9.7285
117351,0.1592,0.2795,-0.7832,-8.8691,-4.8711,-9.5664
117374,0.2219,0.2747,-0.9194,-9.8652,-4.2734,-9.5879
117397,0.1003,0.3425,-0.8324,-12.9082,-3.1465,-9.877
117420,0.0297,0.3927,-0.6982,-17.3535,-1.7441,-10.1543
117443,0.1359,0.3812,-0.7877,-20.5156,-0.5059,-10.127
117466,0.2817,0.3732,-0.875,-24.7188,1.8223,-9.8105
117489,0.2079,0.3643,-0.9232,-26.8242,3.5312,-9.6016
117512,0.0663,0.3711,-0.7826,-28.6445,5.8887,-9.5156
117535,0.0646,0.3616,-0.7645,-28.8691,7.543,-9.7324
117558,0.1349,0.3665,-0.733,-28.3555,8.0586,-10.0391
117581,0.1976,0.3654,-0.7811,-27.1836,7.8242,-10.8047
117604,0.1957,0.3633,-0.8494,-26.4961,7.0898,-11.5547
117627,0.0825,0.3973,-0.7909,-26.0527,5.4902,-13.002
117650,0.0717,0.4017,-0.7213,-26.2676,3.7383,-14.6406
117673,0.1542,0.4041,-0.6981,-27.3418,2.6758,-15.7227
117696,0.0894,0.4128,-0.6719,-29.1074,1.3262,-17.1914
117719,0.0803,0.4161,-0.7715,-30.4883,0.6309,-17.9941
117742,0.0656,0.4351,-0.6981,-32.5742,-0.0957,-18.8301
117765,0.077,0.449,-0.6395,-33.8027,-0.4336,-19.0898
117788,0.0881,0.4817,-0.7031,-35.1016,-0.7871,-18.9609
117811,0.0468,0.5522,-0.7842,-35.4727,-1.0,-18.1367
117834,0.0591,0.5422,-0.7386,-35.1133,-1.1309,-17.1719
117857,0.1035,0.4906,-0.6505,-33.7773,-1.5547,-15.1035
117880,0.0726,0.4901,-0.6844,-32.5625,-2.1738,-13.3633
117903,0.0844,0.494,-0.6766,-30.623,-3.6992,-10.3945
117926,0.0685,0.4988,-0.6501,-28.7598,-5.541,-7.3359
117949,0.0907,0.5026,-0.7052,-27.5781,-6.5254,-5.4414
117972,0.0762,0.4987,-0.7017,-25.8145,-6.9922,-3.0312
117995,0.0645,0.4926,-0.662,-24.5703,-6.4297,-1.7891
118018,0.0756,0.4973,-0.6139,-22.4785,-4.3945,-0.5078
118041,0.1189,0.4948,-0.6246,-20.0156,-1.666,0.1738
118064,0.074,0.5112,-0.7306,-18.1445,0.0586,0.416
118087,0.0825,0.5209,-0.6875,-14.916,2.1445,0.6523
118110,0.0933,0.5088,-0.7146,-12.4512,3.1621,0.793
118133,0.0945,0.4883,-0.686,-8.375,4.1895,1.0137
118156,0.1255,0.4741,-0.6373,-5.5723,4.5508,1.1406
118179,0.0796,0.4984,-0.698,-1.6523,4.5762,1.2344
118202,0.1183,0.5142,-0.6736,1.4902,4.1113,1.1367
118225,0.0913,0.5355,-0.7181,3.0059,3.6699,0.9492
118248,0.0917,0.5264,-0.7163,4.2891,3.041,0.5
118271,0.0731,0.5066,-0.7296,4.4492,2.7324,0.1191
118294,0.0836,0.4645,-0.6849,3.6113,2.4102,-0.4629
118317,0.1013,0.4786,-0.6344,1.5176,2.1172,-0.8496
118340,0.1315,0.5381,-0.688,-0.4668,1.8789,-0.8555
118363,0.1046,0.5409,-0.733,-3.9824,1.4316,-0.3457
118386,0.1069,0.4866,-0.7002,-6.4668,1.082,0.3145
118409,0.1168,0.4912,-0.5999,-10.1309,0.4336,1.5527
118432,0.101,0.5229,-0.6277,-13.5215,-0.4707,2.6621
118455,0.0984,0.5477,-0.7085,-15.5391,-1.207,3.0996
118478,0.0796,0.5559,-0.6981,-18.0313,-2.2539,3.1055
118501,0.0709,0.5665,-0.6097,-19.2402,-2.6875,2.6816
118524,0.1545,0.5419,-0.6111,-20.3125,-2.5879,1.6133
118547,0.1042,0.5388,-0.652,-20.5859,-1.9141,0.4082
118570,0.1349,0.5215,-0.6252,-20.4668,-0.0605,-0.2969
118593,0.146,0.535,-0.5566,-19.834,2.2344,-1.0684
118616,0.111,0.5502,-0.6611,-19.1387,3.5234,-1.3809
118639,0.0808,0.5513,-0.6707,-17.623,4.4453,-1.666
118662,0.069,0.5415,-0.6245,-16.2754,4.1641,-1.8672
118685,0.0664,0.5569,-0.6398,-13.8359,2.3457,-2.3867
118708,0.0919,0.5532,-0.6722,-11.127,-0.8066,-3.1719
118731,0.1019,0.5586,-0.6998,-9.373,-3.375,-3.7305
118754,0.0342,0.5613,-0.653,-7.1934,-7.5117,-4.4492
118777,0.0487,0.5569,-0.5983,-6.2441,-10.1387,-4.8262
118800,0.0822,0.5535,-0.6227,-5.8047,-13.1348,-5.2637
118823,0.0768,0.5631,-0.5687,-6.5449,-14.1152,-5.4805
118846,0.069,0.5607,-0.6161,-7.5566,-13.4043,-5.4297
118869,0.0624,0.5607,-0.5836,-9.4922,-10.5,-4.9902
118892,0.1014,0.5427,-0.5956,-10.8105,-7.7129,-4.4707
118915,0.1118,0.548,-0.6282,-12.3887,-3.1445,-3.4121
118938,0.0702,0.5869,-0.6268,-12.9414,0.6309,-2.0332
118961,0.0659,0.5698,-0.6223,-12.7461,2.6602,-0.9355
118984,0.0883,0.5496,-0.583,-11.3145,3.7852,0.875
119007,0.0817,0.5573,-0.6807,-9.7949,3.4375,2.0625
119030,0.0737,0.5616,-0.6538,-6.918,1.7637,3.6387
119053,0.0543,0.5795,-0.6134,-4.7734,0.3027,4.5156
119076,0.0037,0.6171,-0.6598,-1.582,-1.5762,5.5547
119099,-0.1738,0.6755,-0.5985,1.0391,-2.1738,6.125
119122,0.0937,0.573,-0.6067,2.1328,-1.6816,5.9453
119145,0.0594,0.5723,-0.6328,2.2832,-0.1055,4.041
119168,0.2347,0.5081,-0.5347,1.2031,1.0781,1.3008
119191,0.3386,0.4258,-0.5386,-2.1582,2.4043,-5.0879
119214,0.0179,0.5776,-0.5911,-6.9219,2.9648,-13.0215
119237,0.3818,0.5248,-0.6371,-10.1133,3.2461,-17.9336
119260,0.1823,0.5586,-0.6713,-13.6641,4.0664,-22.7734
119283,-0.1256,0.6338,-0.7052,-14.6953,5.0,-23.3574
119306,0.1263,0.551,-0.5637,-13.9922,6.8008,-19.5234
119329,-0.0042,0.5986,-0.5974,-11.2383,8.2812,-11.0898
119352,0.1136,0.5723,-0.6887,-8.4004,8.7227,-4.2246
119375,0.0164,0.5577,-0.5984,-4.0605,8.5645,5.6016
119398,0.085,0.5588,-0.5637,-1.377,8.0293,10.7227
119421,0.131,0.5691,-0.6754,1.8027,6.6875,15.2637
119444,0.0747,0.5646,-0.6663,3.1914,5.5039,16.1406
119467,0.0916,0.5476,-0.6031,4.1309,3.5625,14.748
119490,0.1219,0.5532,-0.5831,3.7969,1.6582,11.1309
119513,0.4962,0.5602,-0.7047,2.9902,0.4551,8.1309
119536,0.2145,0.5194,-0.6111,1.1387,-1.3691,3.793
119559,-0.3219,0.5944,-0.5063,-0.3965,-2.6445,1.7715
119582,0.0496,0.5658,-0.5857,-2.7734,-4.3008,1.1016
119605,0.2098,0.5549,-0.6895,-4.5937,-5.1387,3.2012
119628,0.184,0.5442,-0.7018,-5.2187,-5.127,5.5547
119651,0.0729,0.5507,-0.6067,-5.2324,-4.4707,9.3203
119674,0.0795,0.5638,-0.5909,-4.7812,-3.9355,11.332
119697,0.1306,0.5676,-0.5912,-3.7812,-3.5117,12.8379
119720,0.172,0.5348,-0.6621,-2.752,-3.8359,12.1953
119743,0.0952,0.5427,-0.6193,-2.168,-4.4785,10.6133
119766,0.0858,0.5463,-0.6171,-1.418,-5.8574,6.8184
119789,0.0262,0.5574,-0.6521,-0.8945,-6.834,3.6172
119812,0.0677,0.5391,-0.6615,0.1602,-7.916,-1.5215
119835,0.114,0.5206,-0.6794,1.123,-8.1641,-6.1934
119858,0.1346,0.5345,-0.6849,2.9199,-7.6797,-8.252
119881,0.0952,0.5326,-0.6935,4.9043,-6.2617,-9.7402
119904,0.1099,0.5229,-0.6719,6.123,-4.9141,-9.4941
119927,0.0962,0.5422,-0.6534,7.4062,-2.5391,-7.5371
119950,0.1698,0.5153,-0.6266,7.6953,-0.8984,-5.4629
119973,0.127,0.5581,-0.6162,7.0918,1.3574,-1.7969
119996,0.1158,0.5352,-0.6013,5.3125,3.1172,1.7793
120019,0.0896,0.5336,-0.6001,3.6484,3.8887,3.7187
120042,0.1318,0.541,-0.6201,0.8281,4.2148,5.5078
120065,0.1191,0.5472,-0.6744,-0.9824,3.7773,5.8359
120088,0.1077,0.5032,-0.6542,-3.1211,2.2676,5.0918
120111,0.083,0.5052,-0.6464,-4.1367,0.2227,3.209
120134,0.1118,0.5234,-0.6812,-4.0684,-1.1426,1.5742
120157,0.0847,0.52,-0.6949,-2.8398,-2.8437,-1.0566
120180,0.0782,0.5221,-0.7231,-1.3711,-3.5801,-2.7266
120203,0.1072,0.5139,-0.6964,1.4414,-3.9297,-4.8008
120226,0.1273,0.5101,-0.6493,3.4355,-3.6777,-6.0918
120249,0.1158,0.5347,-0.6729,6.0937,-2.832,-6.4551
120272,0.1346,0.5647,-0.6576,7.8789,-1.9063,-6.3379
120295,0.109,0.4983,-0.649,8.4609,-1.5352,-5.9336
120318,0.0514,0.4941,-0.553,8.4297,-1.6992,-4.9863
120341,0.0763,0.5326,-0.7041,7.9141,-2.3574,-4.1934
120364,0.0729,0.5404,-0.7227,6.7676,-3.9766,-2.9414
120387,0.0552,0.5161,-0.666,5.6699,-5.873,-1.873
120410,0.0563,0.4579,-0.6746,5.1348,-7.0918,-1.4102
120433,0.0402,0.4576,-0.6985,4.6855,-8.7383,-1.3086
120456,0.0416,0.4851,-0.7589,4.6465,-9.6738,-1.7168
120479,0.007,0.499,-0.7657,5.0742,-10.7676,-2.9746
120502,0.0229,0.4989,-0.6655,6.1445,-11.2871,-4.7031
120525,0.0629,0.5496,-0.7216,7.1484,-11.1113,-5.9004
120548,0.0391,0.6031,-0.8225,8.7793,-9.7617,-7.4805
120571,0.1262,0.575,-1.15,9.6504,-8.1191,-8.2832
120594,0.1633,0.575,-1.0023,10.2578,-5.0547,-9.0645
120617,0.031,0.5626,-0.8235,10.4043,-2.2109,-9.3437
120640,-0.0369,0.5239,-0.7073,11.1836,-0.7949,-9.1816
120663,-0.0183,0.4275,-0.748,13.5918,0.4043,-8.4023
120686,-0.0035,0.358,-0.7817,16.1738,0.5449,-7.6914
120709,0.0343,0.342,-0.7104,20.9043,-0.3633,-6.8145
120732,0.0402,0.3121,-0.6144,24.1758,-1.7402,-6.6191
120755,0.0396,0.2732,-0.5731,28.5781,-4.6914,-7.1172
120778,0.0364,0.2386,-0.6129,31.6074,-8.0098,-8.4277
120801,0.0254,0.2505,-0.6484,32.4512,-9.9727,-9.5098
120824,-0.0005,0.29,-0.5706,31.4902,-11.9395,-10.9414
120847,0.0425,0.3076,-0.5914,29.2676,-12.3574,-11.4805
120870,0.0524,0.3162,-0.6782,23.5801,-11.5586,-11.3691
120893,0.0846,0.3419,-0.6698,15.1855,-9.3867,-10.0293
120916,0.0895,0.3608,-0.72,8.2637,-7.4375,-8.4551
120939,0.0508,0.4086,-0.7861,-3.5937,-4.0957,-5.1426
120962,0.0387,0.4595,-0.7524,-12.0215,-1.7227,-2.3809
120985,0.0817,0.4969,-0.6101,-24.3613,1.8594,2.2891
121008,0.104,0.4943,-0.6864,-35.2305,5.0625,7.0098
121031,0.0509,0.4888,-0.7913,-40.8125,6.7285,9.8672
121054,0.0421,0.5039,-0.7584,-47.3574,8.3379,13.4414
121077,0.0226,0.526,-0.6921,-50.291,8.8496,15.2734
121100,0.0121,0.5433,-0.6819,-52.459,9.0234,17.1523
121123,0.0483,0.5603,-0.6348,-52.4082,8.9023,17.8066
121146,0.042,0.5491,-0.7034,-50.2988,8.5469,17.8574
121169,0.0753,0.5503,-0.7878,-46.3379,8.1289,16.8047
121192,0.1155,0.5731,-0.7272,-43.0645,7.8086,15.5566
121215,0.1021,0.5863,-0.6309,-37.5605,7.1426,13.0625
121238,0.0796,0.5713,-0.6543,-33.5742,6.5527,11.1543
121261,0.0758,0.5532,-0.709,-27.2559,5.5645,8.2578
121284,0.0972,0.5439,-0.6902,-20.8789,4.5703,5.6445
121307,0.1095,0.5369,-0.6617,-16.8027,3.877,4.1602
121330,0.0844,0.5311,-0.645,-11.1719,2.6992,2.377
121353,0.0542,0.5227,-0.6429,-7.7988,1.8418,1.5059
121376,0.0406,0.5096,-0.6422,-3.3555,0.6113,0.709
121399,0.0673,0.5085,-0.6096,0.3262,-0.3008,0.4902
121422,0.1301,0.5062,-0.6193,2.3418,-0.6543,0.5684
121445,0.1539,0.4989,-0.6731,4.6113,-0.791,0.7734
121468,0.1193,0.5065,-0.7094,5.5391,-0.623,0.8379
121491,0.1121,0.5166,-0.6736,5.9824,0.0254,0.7559
121514,0.1295,0.5122,-0.6791,5.707,0.6836,0.6191
121537,0.1322,0.5145,-0.6844,4.6797,1.8477,0.3945
121560,0.11,0.5103,-0.7251,3.2578,3.002,0.3223
121583,0.1071,0.5491,-0.7604,2.291,3.6875,0.4707
121606,0.0995,0.5919,-0.7859,1.1797,4.5625,1.1699
121629,0.1024,0.5908,-0.8906,0.9375,5.1016,2.0605
121652,0.1556,0.6108,-0.9318,1.918,6.1289,4.2676
121675,0.1633,0.6433,-0.8992,5.5059,7.9551,7.9434
121698,0.1097,0.6388,-0.9021,10.0,10.0312,11.4941
121721,0.1217,0.5767,-0.952,20.6348,15.0352,18.7637
121744,0.2378,0.5065,-1.0225,30.3555,19.5586,24.7949
121767,0.3792,0.4503,-1.0059,48.127,26.707,34.7305
121790,0.4125,0.3829,-0.9556,63.998,31.8047,44.0215
121813,0.3906,0.2946,-0.9438,63.998,33.1465,48.8965
121836,0.4388,0.2106,-0.9661,63.998,31.8438,53.2852
121859,0.4971,0.134,-0.995,63.998,28.9648,54.0625
121882,0.4775,0.0531,-0.9647,63.998,22.0625,52.2598
121905,0.4596,-0.0145,-0.8716,63.998,12.5586,47.9004
121928,0.4077,-0.0802,-0.778,63.998,5.7871,44.3535
121951,0.3932,-0.163,-0.7837,63.998,-4.6504,39.3301
121974,0.4283,-0.2649,-0.8348,63.998,-11.0449,36.7871
121997,0.4153,-0.3248,-0.783,63.998,-19.332,34.8789
122020,0.3677,-0.3578,-0.6931,63.998,-23.9277,35.0977
122043,0.3291,-0.4072,-0.6086,63.998,-29.2988,37.7988
122066,0.3442,-0.4647,-0.6428,63.998,-32.5938,43.1699
122089,0.3536,-0.5133,-0.655,63.998,-33.6328,47.9902
122112,0.2366,-0.537,-0.6196,63.998,-33.6152,56.627
122135,0.1423,-0.5387,-0.5713,63.998,-32.5703,63.0879
122158,0.1655,-0.5377,-0.5374,63.998,-29.4434,63.998
122181,0.1826,-0.5598,-0.5465,63.998,-24.7285,63.998
122204,0.1559,-0.5566,-0.5934,63.998,-20.9727,63.998
122227,0.0333,-0.5084,-0.6243,63.998,-14.6289,63.998
122250,-0.0205,-0.4734,-0.7203,63.666,-9.8066,63.998
122273,-0.1467,-0.448,-0.7765,47.0391,-1.3496,63.998
122296,-0.1989,-0.4508,-0.7086,35.8438,8.748,63.998
122319,-0.1312,-0.4484,-0.7047,19.7969,16.1289,63.998
122342,-0.0085,-0.4723,-0.7808,5.4687,26.8574,63.998
122365,-0.0349,-0.4532,-0.8256,-2.9434,32.6914,63.998
122388,-0.1639,-0.4293,-0.869,-13.7656,38.1504,63.998
122411,-0.1903,-0.4127,-0.9059,-19.6914,39.5254,63.998
122434,-0.1055,-0.4214,-0.8726,-26.4766,38.834,63.998
122457,0.0056,-0.4204,-0.9276,-30.7695,35.6543,63.998
122480,-0.0994,-0.4196,-0.9865,-32.4219,32.4961,63.998
122503,-0.1555,-0.4185,-0.985,-33.4707,26.959,63.998
122526,0.0038,-0.4346,-0.9371,-33.416,23.3008,63.998
122549,0.182,-0.4672,-0.9291,-32.4922,18.3945,60.0742
122572,0.1277,-0.48,-0.9382,-30.8086,14.2773,48.916
122595,0.0371,-0.4712,-0.979,-29.334,12.1348,42.3672
122618,-0.0326,-0.4614,-0.9369,-26.5781,10.252,34.7012
122641,0.041,-0.4369,-0.7964,-24.3535,10.0,31.332
122664,-0.0105,-0.4355,-0.7727,-20.4668,10.834,28.8105
122687,-0.0394,-0.4572,-0.8502,-16.2969,12.3926,28.5645
122710,0.0391,-0.4524,-0.9651,-13.8008,13.4023,29.0508
122733,0.1115,-0.4617,-0.9753,-11.1328,14.3027,29.7461
122756,0.1113,-0.4537,-0.9091,-10.1777,14.3594,29.7285
122779,0.0334,-0.4435,-0.844,-9.5879,13.8125,28.6621
122802,0.0099,-0.463,-0.8748,-9.3555,13.2754,26.8535
122825,0.0751,-0.5073,-0.8757,-8.6719,12.6172,24.8652
122848,0.1483,-0.5179,-0.8425,-7.2402,12.3926,22.1387
122871,0.1459,-0.5114,-0.8328,-5.7988,12.5176,20.3594
122894,0.0417,-0.4668,-0.8003,-2.9414,13.1699,18.0742
122917,-0.0215,-0.4011,-0.7574,-0.6641,14.043,17.043
122940,-0.1311,-0.4238,-0.9304,2.873,16.0605,16.5449
122963,0.1001,-0.431,-1.088,5.4922,18.5313,17.1973
122986,0.2106,-0.4238,-0.8781,6.2734,20.2637,17.8184
123009,0.1353,-0.4899,-0.8564,6.1895,23.2695,18.1191
123032,0.1327,-0.5483,-0.8921,5.7305,25.6426,17.627
123055,0.1095,-0.574,-0.8092,5.2363,29.1465,15.9492
123078,0.1094,-0.5361,-0.6476,5.6289,31.4277,13.541
123101,0.2125,-0.4982,-1.0363,6.4414,31.6543,11.6621
123124,0.1523,-0.4957,-0.922,8.0605,29.3691,8.4414
123147,0.0815,-0.517,-0.7594,9.1816,26.3984,6.0059
123170,0.2382,-0.6057,-0.8641,10.6992,20.4102,2.0605
123193,0.1417,-0.5979,-0.8522,11.457,15.4512,-1.9277
123216,0.1387,-0.5531,-0.9366,12.123,6.875,-4.4434
123239,0.1354,-0.5199,-0.8921,12.4805,-1.9883,-7.7227
123262,0.1293,-0.5497,-0.8824,12.7344,-7.3242,-9.4082
123285,0.1218,-0.5514,-0.8068,13.1797,-13.4473,-10.9414
123308,0.1355,-0.5446,-0.7999,13.3809,-15.873,-11.2266
123331,0.115,-0.5232,-0.8149,13.2305,-16.8691,-10.623
123354,0.097,-0.5259,-0.842,12.2676,-15.2793,-9.1582
123377,0.103,-0.5601,-0.8319,11.0898,-13.4004,-7.9707
123400,0.103,-0.5602,-0.8046,8.5586,-10.2227,-6.1953
123423,0.1458,-0.5527,-0.8038,6.5137,-8.1426,-5.1328
123446,0.1232,-0.5452,-0.7869,3.334,-5.3594,-3.8594
123469,0.1174,-0.5338,-0.7781,0.5586,-3.0234,-3.0723
123492,0.0913,-0.5094,-0.7828,-0.8652,-1.7383,-2.8496
123515,0.125,-0.4941,-0.8257,-2.2969,-0.4395,-2.9766
123538,0.1396,-0.4603,-0.897,-2.8965,-0.1387,-3.3535
123561,0.0349,-0.4282,-0.8558,-3.6543,-0.6074,-4.291
123584,0.0321,-0.4626,-1.1097,-4.3086,-1.9395,-5.5996
123607,0.2025,-0.4279,-0.9247,-5.7402,-3.3828,-6.7754
123630,0.2169,-0.5006,-0.9548,-7.2637,-6.2832,-9.502
123653,0.2136,-0.5448,-0.8987,-7.8984,-8.8711,-12.2363
123676,0.0801,-0.5554,-0.7928,-7.7949,-13.7246,-17.8047
123699,0.0797,-0.6025,-0.9216,-6.8926,-17.2891,-22.3145
123722,0.0908,-0.6483,-1.0175,-4.4219,-22.3398,-29.7813
123745,0.0636,-0.6044,-0.8257,-0.9961,-26.5039,-37.5137
123768,0.026,-0.6099,-0.7716,1.6797,-28.8301,-42.5215
123791,0.0421,-0.6056,-0.7789,6.0703,-31.9473,-49.4395
123814,-0.0006,-0.5737,-0.7767,8.9844,-33.9609,-53.541
123837,-0.0465,-0.5535,-0.7537,12.6855,-37.0898,-58.9258
123860,-0.0447,-0.5529,-0.6322,14.7422,-40.4336,-63.6094
123883,-0.0387,-0.5533,-0.5438,14.7891,-42.7969,-64.0
123906,-0.0376,-0.5511,-0.5962,12.375,-46.4863,-64.0
123929,-0.0713,-0.52,-0.605,8.8672,-48.918,-64.0
123952,-0.0765,-0.4846,-0.6171,0.5547,-52.0293,-64.0
123975,-0.0334,-0.4755,-0.6573,-11.418,-53.668,-64.0
123998,0.0309,-0.4451,-0.6177,-20.4375,-53.5879,-64.0
124021,0.0269,-0.3923,-0.5859,-35.5469,-51.5156,-64.0
124044,-0.0057,-0.3199,-0.6377,-45.7695,-48.8438,-64.0
124067,-0.0159,-0.2593,-0.6812,-60.5137,-43.1484,-64.0
124090,0.157,-0.285,-0.7761,-64.0,-38.5664,-64.0
124113,0.2245,-0.2657,-0.7462,-64.0,-31.5,-64.0
124136,0.1495,-0.0951,-0.7228,-64.0,-25.334,-64.0
124159,0.1744,-0.0149,-0.9271,-64.0,-21.9883,-64.0
124182,0.2478,-0.0558,-1.0399,-64.0,-18.0156,-64.0
124205,0.2826,-0.0536,-0.8988,-64.0,-15.918,-64.0
124228,0.2501,0.11,-0.8452,-64.0,-13.291,-64.0
124251,0.1841,0.1699,-0.9532,-64.0,-10.9238,-64.0
124274,0.2365,0.1222,-1.053,-64.0,-9.3105,-64.0
124297,0.3015,0.2084,-1.007,-64.0,-6.707,-64.0
124320,0.2377,0.2828,-0.9449,-64.0,-4.9121,-64.0
124343,0.1593,0.2732,-0.834,-64.0,-2.3691,-59.041
124366,0.1956,0.2495,-0.8086,-64.0,-0.0352,-40.3887
124389,0.1946,0.3043,-0.8313,-64.0,1.4746,-28.2891
124412,0.2523,0.3241,-0.9194,-64.0,3.6367,-11.625
124435,0.2045,0.3342,-1.0222,-64.0,4.8809,-1.9629
124458,0.0745,0.3851,-0.9814,-60.916,6.3027,10.0195
124481,-0.0148,0.4004,-0.9883,-53.1367,7.0801,19.3906
124504,0.1008,0.3735,-1.0748,-43.002,8.2871,23.7207
124527,0.1969,0.3325,-1.0551,-34.3633,9.4844,28.373
124550,0.1637,0.2897,-0.9875,-29.0918,10.1387,29.9023
124573,0.139,0.2473,-1.0177,-21.209,10.8809,29.9395
124596,0.1339,0.2184,-0.9728,-15.6309,11.2109,28.7266
124619,0.1238,0.1812,-0.8905,-6.4766,11.3379,25.7246
124642,0.1864,0.1367,-0.8564,3.5762,10.8047,22.0508
124665,0.2098,0.1023,-0.8949,10.4727,9.9395,19.5059
124688,0.1904,0.1049,-0.8489,20.2754,7.8242,15.7695
124711,0.1804,0.108,-0.7711,25.9238,5.9824,13.4453
124734,0.2061,0.1418,-0.8427,32.2969,2.9023,10.3809
124757,0.2679,0.1887,-1.0065,35.3652,-0.4219,7.9629
124780,0.3057,0.2235,-1.1161,35.1758,-2.9805,6.7441
124803,0.2034,0.2075,-1.1746,31.2012,-7.7637,5.541
124826,0.0028,0.1943,-1.1849,26.25,-11.5117,5.2305
124849,-0.1245,0.1794,-0.8781,16.4805,-17.4961,5.7207
124872,-0.0328,0.126,-0.7756,9.5645,-21.4805,7.4121
124895,0.0732,0.0886,-0.8607,0.8184,-27.1504,8.9297
124918,0.1426,0.0707,-0.9214,-4.002,-32.4043,10.9883
124941,0.1323,0.052,-0.9569,-4.5156,-35.6523,11.7715
124964,0.0831,0.019,-0.9768,-1.3809,-39.7422,11.6836
124987,0.0426,-0.0148,-0.9423,2.8242,-41.4902,10.8301
125010,0.0686,-0.0323,-0.9097,11.1152,-41.8848,8.7559
125033,0.0774,-0.05,-0.8834,20.2793,-39.3379,6.3574
125056,0.0476,-0.0511,-0.7753,26.1289,-36.1074,4.9375
125079,0.012,-0.0577,-0.7358,33.6836,-28.998,3.5762
125102,-0.0139,-0.0436,-0.7272,37.541,-22.7324,3.375
125125,0.0226,-0.0201,-0.8003,40.9395,-11.5996,4.2305
125148,0.0139,-0.0156,-0.9008,40.6172,0.0645,6.1797
125171,0.0425,0.0026,-0.9469,37.9766,7.2852,7.7656
125194,0.0421,0.0066,-0.9293,30.4512,16.3184,10.0098
125217,0.0635,0.0199,-0.9198,23.5078,20.7422,11.1367
125240,0.0947,0.024,-0.948,11.4687,24.5957,11.9746
125263,0.1448,0.0144,-1.0342,3.1758,25.1348,11.666
125286,0.1566,-0.0029,-1.075,-8.3887,23.8887,10.8516
125309,0.1514,-0.0057,-0.9933,-17.5859,20.2227,8.9434
125332,0.1077,0.0045,-0.9161,-21.752,17.0684,7.4238
125355,0.1024,-0.0055,-0.9407,-24.4082,12.1777,5.1973
125378,0.1138,0.0023,-0.9125,-23.7734,9.123,3.9609
125401,0.0564,0.0083,-0.8456,-19.8105,4.9766,2.6855
125424,0.0369,-0.0031,-0.8824,-13.4785,1.4141,2.1719
125447,0.0402,-0.0011,-0.8519,-8.7793,-0.5742,2.1973
125470,0.0417,0.0133,-0.8397,-2.209,-2.8086,2.5742
125493,0.1208,0.0009,-0.9288,1.3086,-3.6621,2.8789
125516,0.1564,-0.0126,-1.0134,4.6602,-3.9746,3.1113
125539,0.1056,-0.0092,-0.9713,5.4395,-3.4062,2.873
125562,0.1034,-0.0081,-0.9662,4.7422,-2.625,2.4746
125585,0.1249,-0.0161,-0.9413,2.6387,-1.0117,1.6934
125608,0.1184,-0.0167,-0.9241,1.0566,0.1641,1.1621
125631,0.0953,-0.0161,-0.9175,-0.8223,1.6738,0.4941
125654,0.1028,-0.0188,-0.8961,-1.9727,2.5137,0.0742
125677,0.1053,-0.0183,-0.8771,-1.4063,2.6387,-0.0605
125700,0.0891,-0.0216,-0.9241,-0.2754,2.3164,-0.0996
125723,0.1252,-0.0385,-0.9915,0.8379,1.8945,-0.0508
125746,0.146,-0.0431,-0.9895,2.6367,1.0254,0.0742
125769,0.1038,-0.0416,-0.903,3.7871,0.2578,0.1855
125792,0.0563,-0.0308,-0.8165,5.4883,-1.0605,0.4668
125815,0.0482,-0.0427,-0.8173,7.2988,-2.1113,0.9746
125838,0.1014,-0.059,-0.9121,8.4922,-2.4258,1.4102
125861,0.1316,-0.0621,-0.9382,9.8281,-2.3027,2.0098
125884,0.1272,-0.0598,-0.9445,10.1484,-1.9219,2.2344
125907,0.1215,-0.0612,-0.9338,9.5605,-1.0527,2.1738
125930,0.1134,-0.0641,-0.9441,7.834,-0.0059,1.6582
125953,0.1067,-0.053,-0.925,6.2676,0.6836,1.1465
125976,0.0992,-0.0497,-0.8872,3.748,1.584,0.3066
125999,0.1078,-0.0642,-0.9379,2.2051,2.0664,-0.2109
126022,0.1266,-0.0769,-0.9552,0.3516,2.5801,-0.8398
126045,0.1184,-0.075,-0.9332,-0.8652,2.7441,-1.2734
126068,0.115,-0.0713,-0.8988,-1.3164,2.6523,-1.4531
126091,0.1162,-0.0721,-0.89,-1.4551,2.3535,-1.5566
126114,0.1185,-0.0723,-0.9055,-1.2363,2.1348,-1.5176
126137,0.1434,-0.08,-0.9623,-0.6328,1.8223,-1.3301
126160,0.1227,-0.0812,-0.929,-0.1953,1.5898,-1.1465
126183,0.0968,-0.0696,-0.8822,0.3477,1.2441,-0.8184
126206,0.0886,-0.0718,-0.8885,0.7266,1.0234,-0.4395
126229,0.115,-0.0814,-0.9185,0.8809,0.9883,-0.1777
126252,0.1407,-0.0781,-0.92,0.9004,1.0762,0.1465
126275,0.1367,-0.0858,-0.9644,0.7383,1.1855,0.2656
126298,0.1418,-0.0884,-0.9474,0.2129,1.3594,0.25
126321,0.1497,-0.0842,-0.9177,-0.5527,1.5488,0.041
126344,0.1395,-0.0826,-0.9478,-1.0723,1.7051,-0.1621
126367,0.1371,-0.0847,-0.913,-1.7129,1.9336,-0.4629
126390,0.1219,-0.0776,-0.8994,-1.9863,2.0488,-0.6113
126413,0.1279,-0.0833,-0.9285,-2.1445,2.1289,-0.709
126436,0.1368,-0.0823,-0.9216,-2.0918,2.0234,-0.6621
126459,0.1128,-0.0823,-0.9124,-2.0195,1.8281,-0.5859
126482,0.1238,-0.0823,-0.9176,-1.9492,1.3809,-0.4453
126505,0.134,-0.0878,-0.9301,-1.9707,0.9941,-0.3613
126528,0.1372,-0.0883,-0.9198,-2.127,0.3184,-0.2949
126551,0.1305,-0.0875,-0.927,-2.2969,-0.1289,-0.3184
126574,0.1282,-0.0837,-0.9248,-2.5918,-0.6523,-0.373
126597,0.1315,-0.0797,-0.8986,-2.8535,-0.8496,-0.4766
126620,0.1504,-0.0847,-0.9376,-2.9766,-0.7715,-0.5469
126643,0.1414,-0.0863,-0.9296,-3.1094,-0.4316,-0.6484
126666,0.1356,-0.0854,-0.9468,-3.1973,-0.1445,-0.709
126689,0.1318,-0.0891,-0.9326,-3.3711,0.252,-0.7773
126712,0.1226,-0.0817,-0.8906,-3.5645,0.5527,-0.7793
126735,0.1252,-0.0844,-0.896,-3.6562,0.6992,-0.7285
126758,0.1576,-0.0914,-0.9169,-3.7187,0.8398,-0.5879
126781,0.1592,-0.0945,-0.9453,-3.7344,0.8867,-0.4805
126804,0.1326,-0.0931,-0.9468,-3.793,0.8965,-0.3398
126827,0.1481,-0.0896,-0.9269,-3.9102,0.8652,-0.207
126850,0.1498,-0.095,-0.9197,-3.9746,0.832,-0.1094
126873,0.1384,-0.0937,-0.9126,-3.957,0.7656,0.0762
126896,0.1282,-0.0941,-0.9163,-3.8301,0.7227,0.2363
126919,0.1324,-0.0924,-0.9391,-3.4609,0.6816,0.5391
126942,0.136,-0.0864,-0.9297,-3.1172,0.6074,0.875
126965,0.1359,-0.0807,-0.9308,-2.5117,0.4805,1.0781
126988,0.1548,-0.0806,-0.9636,-1.8711,0.1055,1.2813
127011,0.1411,-0.0739,-0.9589,-1.4707,-0.3008,1.3145
127034,0.0991,-0.0637,-0.9121,-0.9375,-1.1445,1.1875
127057,0.092,-0.0709,-0.907,-0.6055,-1.8066,1.002
127080,0.1133,-0.0824,-0.9083,-0.1016,-2.8516,0.5898
127103,0.1133,-0.0942,-0.9249,0.377,-3.8437,-0.0371
127126,0.1168,-0.1007,-0.9158,0.6426,-4.4102,-0.6094
127149,0.1407,-0.1099,-0.9337,0.9121,-5.0293,-1.7109
127172,0.1528,-0.1201,-0.916,0.9941,-5.2656,-2.5801
127195,0.1429,-0.1232,-0.9125,0.9961,-5.3457,-3.9707
127218,0.1265,-0.1294,-0.913,0.9023,-5.084,-5.248
127241,0.1515,-0.1355,-0.8837,0.8086,-4.7227,-5.9102
127264,0.1484,-0.1365,-0.9039,0.6133,-3.959,-6.4902
127287,0.1482,-0.1383,-0.9138,0.4102,-3.3633,-6.5605
127310,0.1471,-0.1327,-0.9122,-0.0937,-2.4336,-6.168
127333,0.126,-0.1218,-0.8787,-0.8652,-1.5098,-5.1992
127356,0.1385,-0.1204,-0.9014,-1.502,-0.8926,-4.2637
127379,0.1443,-0.1182,-0.9075,-2.5918,-0.002,-2.5176
127402,0.1378,-0.1136,-0.9138,-3.3828,0.5352,-1.1953
127425,0.1305,-0.1031,-0.9153,-4.5937,1.2871,0.8965
127448,0.1263,-0.0913,-0.9154,-5.3691,1.8184,2.293
127471,0.1417,-0.0865,-0.9637,-6.4199,2.7383,4.2559
127494,0.1549,-0.0822,-0.9971,-7.3633,3.7344,5.8672
127517,0.1364,-0.0691,-0.9922,-7.9492,4.2969,6.6426
127540,0.125,-0.0635,-0.9683,-8.6797,4.7402,7.2715
127563,0.1198,-0.0712,-0.9463,-8.957,4.6777,7.3242
127586,0.1168,-0.0803,-0.9163,-8.8457,4.0352,6.8887
127609,0.108,-0.09,-0.8967,-7.9727,2.9043,5.9102
127632,0.1138,-0.1024,-0.8918,-6.9902,2.0273,5.0039
127655,0.1472,-0.115,-0.9141,-5.1074,0.7168,3.3477
127678,0.1475,-0.1256,-0.9108,-3.7578,-0.1211,2.1035
127701,0.1481,-0.1226,-0.8962,-1.8906,-1.2852,0.1582
127724,0.1388,-0.1226,-0.8812,-0.4824,-2.2109,-1.666
127747,0.1572,-0.1239,-0.8951,0.1074,-2.5996,-2.6973
127770,0.1545,-0.1232,-0.9148,0.4004,-2.7793,-3.8418
127793,0.1561,-0.1193,-0.9343,0.1973,-2.6387,-4.2949
127816,0.1621,-0.1074,-0.9436,-0.6328,-2.1309,-4.4844
127839,0.1416,-0.1008,-0.9253,-1.4473,-1.668,-4.1152
127862,0.1324,-0.0955,-0.8979,-2.8223,-0.8613,-3.5937
127885,0.1462,-0.098,-0.9059,-4.0859,0.0508,-2.5078
127908,0.1631,-0.1028,-0.9337,-4.7656,0.6816,-1.6719
127931,0.1517,-0.1035,-0.9589,-5.5176,1.5547,-0.4316
127954,0.1562,-0.0997,-0.958,-5.8633,1.998,0.3027
127977,0.1465,-0.0972,-0.9387,-6.1797,2.3008,1.1797
128000,0.13,-0.093,-0.9203,-6.2109,2.1367,1.7461
128023,0.1382,-0.0934,-0.9171,-6.043,1.832,1.9453
128046,0.1459,-0.0955,-0.9235,-5.5215,1.2148,1.9648
128069,0.1528,-0.1011,-0.9346,-5.041,0.7598,1.7852
128092,0.1475,-0.1102,-0.9415,-4.2402,0.0781,1.2402
128115,0.1393,-0.1055,-0.9054,-3.4551,-0.584,0.4414
128138,0.1324,-0.1084,-0.8853,-2.9629,-1.0039,-0.1523
128161,0.1508,-0.1171,-0.9076,-2.2852,-1.5527,-1.0137
128184,0.1635,-0.123,-0.9086,-1.9141,-1.8281,-1.5098
128207,0.1659,-0.1268,-0.9303,-1.5645,-2.0703,-2.0781
128230,0.1556,-0.1198,-0.9441,-1.5,-2.1152,-2.3887
128253,0.1454,-0.1066,-0.9288,-1.6621,-2.0664,-2.4355
128276,0.1243,-0.0992,-0.9117,-2.0312,-1.9785,-2.2461
128299,0.1338,-0.099,-0.8894,-2.3047,-1.9238,-1.9512
128322,0.1471,-0.1027,-0.9028,-2.6484,-1.7988,-1.334
128345,0.152,-0.1084,-0.9302,-2.8164,-1.6348,-0.875
128368,0.1666,-0.113,-0.9646,-3.0371,-1.207,-0.2422
128391,0.1691,-0.1176,-0.9646,-3.3203,-0.6504,0.209
128414,0.1488,-0.1168,-0.9418,-3.5449,-0.334,0.3867
128437,0.1162,-0.1044,-0.8717,-3.834,-0.0977,0.5059
128460,0.1282,-0.1072,-0.8778,-3.9004,-0.0957,0.5234
128483,0.1559,-0.1172,-0.9181,-3.748,-0.2422,0.4922
128506,0.1593,-0.1177,-0.9312,-3.416,-0.5117,0.3789
128529,0.1414,-0.1162,-0.9315,-3.2051,-0.7539,0.2539
128552,0.1321,-0.1146,-0.9169,-3.0078,-1.2148,0.0352
128575,0.125,-0.1041,-0.8857,-2.9707,-1.5664,-0.0937
128598,0.131,-0.1028,-0.9036,-3.0156,-2.0488,-0.1973
128621,0.1523,-0.1022,-0.9373,-3.1094,-2.2949,-0.1934
128644,0.1514,-0.1029,-0.9479,-3.3848,-2.2695,-0.1602
128667,0.1476,-0.1047,-0.9735,-3.8555,-1.9629,-0.1211
128690,0.1523,-0.1025,-0.947,-4.25,-1.6406,-0.1191
128713,0.1583,-0.0974,-0.916,-4.8105,-1.1152,-0.1699
128736,0.1588,-0.1084,-0.9336,-5.0605,-0.8008,-0.2402
128759,0.1537,-0.1191,-0.938,-5.1465,-0.4961,-0.3945
128782,0.1257,-0.124,-0.907,-4.9062,-0.5098,-0.5801
128805,0.118,-0.1213,-0.8834,-4.5879,-0.7324,-0.6953
128828,0.1333,-0.1226,-0.8823,-3.9355,-1.3594,-0.8164
128851,0.1394,-0.1194,-0.8904,-3.4453,-1.8887,-0.8574
128874,0.1456,-0.1213,-0.9183,-2.7852,-2.666,-0.8711
128897,0.1388,-0.1167,-0.9163,-2.4414,-3.2695,-0.8281
128920,0.1243,-0.1099,-0.9115,-2.4668,-3.5234,-0.7578
128943,0.1246,-0.1064,-0.9182,-2.9082,-3.6328,-0.5801
128966,0.1395,-0.1016,-0.9399,-3.4375,-3.5059,-0.4199
128989,0.1552,-0.0959,-0.9592,-4.5,-3.0625,-0.1699
129012,0.1449,-0.0929,-0.955,-5.7402,-2.4629,0.0176
129035,0.126,-0.0931,-0.9382,-6.543,-2.0566,0.084
129058,0.1218,-0.095,-0.9329,-7.5117,-1.5371,0.1113
129081,0.1271,-0.1029,-0.9235,-7.9023,-1.3047,0.0859
129104,0.1439,-0.1095,-0.9082,-8.0234,-1.1895,-0.0156
129127,0.1379,-0.115,-0.9191,-7.8008,-1.293,-0.1348
129150,0.1298,-0.111,-0.9164,-7.1094,-1.6973,-0.3867
129173,0.1198,-0.1052,-0.9066,-6.1621,-2.3086,-0.6797
129196,0.1222,-0.1044,-0.9028,-5.4863,-2.7324,-0.8574
129219,0.131,-0.1018,-0.8993,-4.5391,-3.2324,-1.0508
129242,0.1245,-0.1039,-0.9279,-4.0254,-3.4004,-1.1172
129265,0.1206,-0.0957,-0.9229,-3.5391,-3.3535,-1.1074
129288,0.1226,-0.0966,-0.9159,-3.4492,-2.9824,-0.9766
129311,0.1299,-0.0997,-0.9321,-3.5898,-2.6016,-0.8418
129334,0.1427,-0.1001,-0.9454,-4.0449,-1.9512,-0.627
129357,0.1226,-0.0945,-0.9175,-4.4531,-1.5332,-0.5039
129380,0.1125,-0.0928,-0.9124,-5.082,-0.9492,-0.3633
129403,0.1353,-0.0969,-0.9127,-5.5586,-0.3965,-0.2656
129426,0.1476,-0.1021,-0.932,-5.7422,-0.0703,-0.2344
129449,0.1539,-0.1019,-0.9436,-5.8418,0.2832,-0.2598
129472,0.1431,-0.099,-0.9451,-5.8301,0.3887,-0.3242
129495,0.1249,-0.0953,-0.9287,-5.7422,0.3066,-0.459
129518,0.1025,-0.0907,-0.9048,-5.6348,0.123,-0.5684
129541,0.1058,-0.0895,-0.8911,-5.3672,-0.2148,-0.5937
129564,0.1383,-0.0959,-0.9172,-4.9629,-0.4766,-0.5742
129587,0.1517,-0.0985,-0.9232,-4.666,-0.5898,-0.5566
129610,0.1351,-0.0969,-0.9272,-4.2812,-0.7148,-0.582
129633,0.119,-0.0955,-0.9387,-4.1074,-0.791,-0.6387
129656,0.1355,-0.0957,-0.9282,-4.0098,-0.9277,-0.75
129679,0.1417,-0.0997,-0.9178,-4.0684,-1.0781,-0.8594
129702,0.1382,-0.1021,-0.9189,-4.1484,-1.1367,-0.918
129725,0.1372,-0.098,-0.9188,-4.2734,-1.1094,-0.9648
129748,0.1344,-0.0961,-0.9266,-4.3398,-1.0195,-0.959
129771,0.1317,-0.0937,-0.9388,-4.4121,-0.8242,-0.8867
129794,0.1276,-0.0928,-0.912,-4.4473,-0.6211,-0.7402
129817,0.1317,-0.0927,-0.9167,-4.4395,-0.5039,-0.6074
129840,0.1339,-0.0896,-0.92,-4.3652,-0.3555,-0.3848
129863,0.1381,-0.0975,-0.9438,-4.2891,-0.2773,-0.2363
129886,0.1211,-0.0967,-0.9285,-4.1875,-0.2285,-0.041
129909,0.1152,-0.09,-0.8937,-4.1367,-0.2676,0.1074
129932,0.1281,-0.0927,-0.907,-4.0566,-0.3164,0.1738
129955,0.1459,-0.0963,-0.9271,-3.9473,-0.3672,0.2012
129978,0.1467,-0.1,-0.9399,-3.8848,-0.3633,0.1504
130001,0.132,-0.1005,-0.9274,-3.8418,-0.2891,-0.0254
130024,0.1304,-0.0984,-0.9034,-3.8418,-0.1914,-0.1816
130047,0.1405,-0.1002,-0.9067,-3.8457,0.0156,-0.418
130070,0.1451,-0.0967,-0.9177,-3.832,0.25,-0.6035
130093,0.1407,-0.0917,-0.9276,-3.832,0.3984,-0.6855
130116,0.1458,-0.0898,-0.9393,-3.8848,0.5742,-0.7305
130139,0.1433,-0.0905,-0.9415,-3.9727,0.6465,-0.709
130162,0.1355,-0.0916,-0.9399,-4.1699,0.6836,-0.6016
130185,0.1272,-0.0897,-0.9108,-4.375,0.6523,-0.4141
130208,0.1274,-0.089,-0.9059,-4.459,0.5957,-0.2598
130231,0.1417,-0.0927,-0.9076,-4.4551,0.4609,-0.0293
130254,0.15,-0.0981,-0.9294,-4.3691,0.3457,0.0879
130277,0.145,-0.099,-0.9315,-4.1719,0.1465,0.1582
130300,0.1343,-0.0951,-0.9227,-3.5352,-0.082,0.0918
130323,0.1367,-0.0935,-0.8995,-3.8633,-0.2383,-0.0078
130346,0.1362,-0.1005,-0.9093,-3.7363,-0.4492,-0.1953
130369,0.1495,-0.1053,-0.913,-3.6816,-0.5645,-0.3184
130392,0.1538,-0.1016,-0.9244,-3.6777,-0.666,-0.4727
130415,0.1471,-0.0966,-0.9385,-3.7461,-0.6797,-0.543
130438,0.147,-0.0874,-0.9319,-3.957,-0.6211,-0.5762
130461,0.1429,-0.0818,-0.9292,-4.25,-0.4707,-0.5039
130484,0.1353,-0.083,-0.9254,-4.4434,-0.332,-0.4004
130507,0.1467,-0.0878,-0.9287,-4.6699,-0.1113,-0.1895
130530,0.1447,-0.0995,-0.928,-4.7539,-0.002,-0.041
130553,0.1438,-0.1016,-0.9131,-4.7637,0.0352,0.1367
130576,0.15,-0.1012,-0.9215,-4.6172,-0.1094,0.2266
130599,0.1451,-0.095,-0.9211,-4.4473,-0.3047,0.2383
130622,0.134,-0.0879,-0.9131,-4.1348,-0.6934,0.2012
130645,0.1338,-0.0867,-0.9189,-3.918,-0.9746,0.1641
130668,0.1378,-0.0857,-0.9315,-3.6426,-1.3848,0.1035
130691,0.1433,-0.0879,-0.9346,-3.4883,-1.7363,0.0371
130714,0.149,-0.0974,-0.9547,-3.4648,-1.918,-0.0195
130737,0.139,-0.0962,-0.9286,-3.5137,-2.1309,-0.1387
130760,0.1116,-0.0907,-0.8759,-3.5488,-2.2441,-0.2344
130783,0.1296,-0.0981,-0.8867,-3.4863,-2.3301,-0.3691
130806,0.1549,-0.1038,-0.9222,-3.3496,-2.3184,-0.4453
130829,0.1415,-0.1047,-0.9287,-3.082,-2.2402,-0.5566
130852,0.1459,-0.0958,-0.9175,-2.8789,-2.1016,-0.6602
130875,0.1366,-0.0961,-0.9316,-2.8281,-1.9629,-0.7148
130898,0.1321,-0.0958,-0.9274,-2.8945,-1.7266,-0.7344
130921,0.1178,-0.0988,-0.9186,-3.0293,-1.5879,-0.6934
130944,0.1311,-0.0961,-0.9106,-3.3242,-1.416,-0.5508
130967,0.1497,-0.093,-0.9089,-3.666,-1.2734,-0.3574
130990,0.1418,-0.0939,-0.9266,-3.8828,-1.2012,-0.2363
131013,0.1296,-0.0974,-0.9436,-4.1758,-1.1426,-0.1035
131036,0.1204,-0.1008,-0.9259,-4.3437,-1.1367,-0.0488
131059,0.1396,-0.0984,-0.894,-4.541,-1.1641,0.0059
131082,0.1504,-0.0961,-0.8984,-4.627,-1.1758,0.0449
131105,0.1476,-0.0916,-0.9293,-4.6289,-1.1426,0.0664
131128,0.1542,-0.0902,-0.9562,-4.627,-1.0098,0.0937
131151,0.1509,-0.0895,-0.9738,-4.6758,-0.8887,0.1113
131174,0.13,-0.0813,-0.938,-4.8477,-0.7754,0.1523
131197,0.1194,-0.0835,-0.9248,-4.9824,-0.793,0.2324
131220,0.1293,-0.0898,-0.9092,-5.0879,-0.9727,0.3105
131243,0.1204,-0.092,-0.9039,-4.9824,-1.3184,0.4238
131266,0.1351,-0.1014,-0.9451,-4.8105,-1.6719,0.4609
131289,0.1233,-0.1002,-0.9271,-4.5254,-2.498,0.4004
131312,0.0939,-0.0902,-0.897,-4.3652,-3.2578,0.2734
131335,0.0835,-0.0831,-0.8739,-4.1582,-4.5488,-0.0098
131358,0.105,-0.0793,-0.8741,-3.9238,-5.7012,-0.334
131381,0.1388,-0.088,-0.9669,-3.7559,-6.248,-0.5664
131404,0.1471,-0.0911,-0.9897,-3.6133,-6.6719,-0.9688
131427,0.1005,-0.0894,-0.994,-3.6895,-6.7168,-1.2793
131450,0.047,-0.0803,-0.855,-4.0684,-6.4473,-1.7539
131473,0.0911,-0.0839,-0.8175,-4.4473,-5.6953,-2.1367
131496,0.1555,-0.098,-0.9303,-4.5352,-4.9336,-2.334
131519,0.1801,-0.106,-0.9929,-4.4805,-3.6992,-2.623
131542,0.1559,-0.1051,-0.991,-4.4687,-3.0195,-2.8418
131565,0.1301,-0.098,-0.9353,-4.6191,-2.3672,-3.1523
131588,0.1351,-0.0963,-0.928,-4.7969,-2.084,-3.2734
131611,0.1273,-0.0946,-0.9364,-5.0391,-2.0586,-3.166
131634,0.099,-0.0902,-0.9338,-5.1172,-2.25,-2.6719
131657,0.0787,-0.0906,-0.9414,-5.0527,-2.5254,-2.1328
131680,0.0947,-0.0881,-0.9355,-4.8008,-3.1602,-1.1094
131703,0.0865,-0.0857,-0.9138,-4.5527,-3.7266,-0.377
131726,0.064,-0.0847,-0.8887,-4.0664,-4.7246,0.6289
131749,0.0708,-0.0925,-0.8823,-3.4629,-5.7012,1.375
131772,0.0807,-0.0975,-0.8954,-3.0332,-6.2402,1.6719
131795,0.089,-0.1006,-0.9021,-2.4687,-6.8008,1.7871
131818,0.0817,-0.099,-0.9148,-2.2285,-6.9922,1.6602
131841,0.0784,-0.0981,-0.9161,-2.1816,-6.9727,1.2344
131864,0.0985,-0.0963,-0.9203,-2.5625,-6.5605,0.6523
131887,0.0927,-0.09,-0.922,-3.0254,-6.0723,0.248
131910,0.0774,-0.0848,-0.936,-3.9219,-5.082,-0.2949
131933,0.0804,-0.0793,-0.9458,-4.5762,-4.3301,-0.5664
131956,0.0806,-0.0752,-0.9354,-5.5195,-3.1953,-0.8066
131979,0.0812,-0.0743,-0.9396,-6.0449,-2.1426,-0.8691
132002,0.0797,-0.074,-0.9308,-6.5762,-1.5117,-0.8496
132025,0.0872,-0.078,-0.9437,-6.7227,-0.707,-0.791
132048,0.0935,-0.0846,-0.9387,-6.6055,-0.291,-0.7715
132071,0.1044,-0.0889,-0.9269,-6.1484,0.1133,-0.8184
132094,0.0859,-0.0939,-0.9231,-5.6934,0.2305,-0.9121
132117,0.0945,-0.0973,-0.9193,-4.875,0.209,-1.1191
132140,0.106,-0.1008,-0.9232,-4.0391,-0.0078,-1.3555
132163,0.104,-0.1003,-0.9316,-3.5547,-0.2402,-1.4961
132186,0.0984,-0.0929,-0.9252,-3.0254,-0.6582,-1.6328
132209,0.0791,-0.0889,-0.9219,-2.8262,-0.9395,-1.6406
132232,0.0623,-0.0808,-0.8972,-2.7461,-1.2988,-1.4863
132255,0.0701,-0.0822,-0.9033,-2.8652,-1.498,-1.1367
132278,0.0908,-0.0858,-0.9247,-3.0273,-1.5156,-0.832
132301,0.0972,-0.087,-0.9503,-3.3965,-1.3887,-0.375
132324,0.0951,-0.0916,-0.9519,-3.7344,-1.2559,-0.1289
132347,0.0861,-0.0859,-0.9149,-4.332,-1.082,0.0957
132370,0.0795,-0.0809,-0.9003,-4.9023,-0.959,0.1445
132393,0.095,-0.0846,-0.9324,-5.1973,-0.9043,0.1016
132416,0.0992,-0.0873,-0.9612,-5.502,-0.8848,-0.043
132439,0.0876,-0.0807,-0.9396,-5.6348,-0.918,-0.1699
132462,0.0746,-0.0786,-0.9128,-5.7324,-1.002,-0.3613
132485,0.0841,-0.0809,-0.9084,-5.707,-1.043,-0.5039
132508,0.0864,-0.0852,-0.9224,-5.5234,-1.0449,-0.5605
132531,0.0952,-0.0868,-0.9336,-5.2383,-0.9863,-0.5996
132554,0.0972,-0.0853,-0.9385,-5.0605,-0.9492,-0.6074
132577,0.0929,-0.0826,-0.929,-4.9004,-0.9316,-0.6074
132600,0.0818,-0.0747,-0.9092,-4.8789,-0.9414,-0.5957
132623,0.0784,-0.0735,-0.9192,-4.9473,-0.957,-0.5488
132646,0.0836,-0.0691,-0.9213,-5.1055,-0.957,-0.4531
132669,0.0638,-0.069,-0.9263,-5.2637,-0.9531,-0.375
132692,0.0875,-0.0762,-0.9515,-5.5996,-0.9492,-0.2734
132715,0.0891,-0.0751,-0.9406,-5.8965,-0.9844,-0.248
132738,0.0702,-0.0695,-0.9124,-6.4062,-1.1406,-0.3301
132761,0.0779,-0.0706,-0.9034,-6.918,-1.4004,-0.5742
132784,0.0862,-0.0691,-0.9177,-7.2461,-1.627,-0.8203
132807,0.0963,-0.0702,-0.9529,-7.7676,-2.0781,-1.293
132830,0.0912,-0.074,-0.9393,-8.1895,-2.4766,-1.6621
132853,0.0579,-0.0538,-0.8887,-8.9707,-3.2031,-2.2461
132876,0.037,-0.0486,-0.8779,-9.5723,-3.7246,-2.7695
132899,0.0403,-0.0557,-0.9114,-10.5957,-4.4727,-3.0449
132922,0.047,-0.0364,-0.8716,-11.9219,-5.1816,-3.3672
132945,0.0126,0.0133,-0.7919,-13.0937,-5.6641,-3.5527
132968,0.0442,0.0077,-0.8754,-15.4961,-6.4004,-3.8594
132991,0.1246,-0.0211,-0.9744,-17.752,-6.9258,-4.1621
133014,0.1215,0.0242,-0.9778,-22.6504,-7.9199,-4.9805
133037,0.0603,0.0425,-1.217,-29.6602,-9.1445,-6.332
133060,0.0311,0.1389,-0.8813,-35.248,-9.8066,-7.4355
133083,0.046,0.0804,-0.9116,-43.8809,-9.8789,-9.2305
133106,0.1449,0.0807,-1.0195,-49.1504,-9.0664,-10.5156
133129,0.1407,0.079,-1.1051,-55.6016,-6.7793,-12.6562
133152,0.0416,0.1168,-0.9376,-59.6484,-3.9082,-14.9375
133175,0.0383,0.1561,-0.7617,-60.5176,-1.918,-16.2871
133198,0.0315,0.1771,-0.7946,-58.4551,0.9883,-17.5957
133221,0.0818,0.1782,-0.9371,-54.9434,2.6992,-17.8105
133244,0.0492,0.1818,-0.8694,-47.6016,4.4707,-17.0898
133267,0.0408,0.1982,-0.8004,-42.2285,5.043,-15.3008
133290,0.0112,0.235,-0.774,-34.9141,4.8477,-13.6797
133313,-0.0231,0.2574,-0.7783,-29.8926,4.0645,-10.916
133336,0.0138,0.2557,-0.8352,-28.3984,3.5215,-9.082
133359,0.1112,0.2446,-0.9314,-29.4043,3.1094,-6.7969
133382,0.0953,0.2573,-0.8812,-32.2129,3.1758,-5.8262
133405,0.0424,0.2699,-0.8237,-38.9199,3.8262,-5.3242
133428,0.0269,0.2767,-0.7809,-47.0313,5.2285,-5.6582
133451,0.0164,0.2942,-0.8231,-52.2324,6.5645,-6.0684
133474,0.0433,0.3037,-0.8132,-58.4961,8.8359,-6.6094
133497,0.0647,0.3151,-0.767,-61.168,10.1387,-6.8184
133520,0.0923,0.3308,-0.7651,-62.5156,11.0469,-6.8555
133543,0.0713,0.3511,-0.7797,-60.7617,10.1992,-6.5801
133566,0.0386,0.3708,-0.7754,-58.1934,8.6777,-6.2285
133589,0.0422,0.3887,-0.7057,-53.0039,5.3691,-5.4766
133612,0.089,0.4064,-0.6813,-49.1445,2.7891,-4.9004
133635,0.1183,0.4084,-0.8013,-43.5977,-1.1191,-4.1523
133658,0.0916,0.4255,-0.8365,-39.252,-4.5723,-3.752
133681,0.0353,0.4626,-0.6853,-37.2754,-6.375,-3.6914
133704,0.0258,0.4725,-0.5999,-35.5098,-8.0254,-3.7656
133727,0.0096,0.4703,-0.7474,-34.9258,-8.3555,-3.834
133750,0.0461,0.4718,-0.7847,-34.75,-7.8008,-3.8867
133773,0.0658,0.4867,-0.7137,-35.0176,-6.8477,-3.9043
133796,0.0676,0.5072,-0.6539,-35.707,-4.8125,-3.9512
133819,0.0455,0.5254,-0.7494,-36.3867,-2.4043,-4.0391
133842,-0.0165,0.5132,-0.7516,-36.709,-0.6523,-4.1113
133865,0.0459,0.5012,-0.6611,-36.9531,2.2812,-4.25
133888,0.1069,0.4967,-0.6353,-37.0098,4.2539,-4.4023
133911,0.0953,0.5538,-0.6632,-37.0898,6.4824,-4.8066
133934,0.0139,0.5768,-0.6996,-37.3086,6.9648,-5.416
133957,0.0077,0.5552,-0.6439,-37.5859,6.123,-5.8418
133980,0.0549,0.5118,-0.6471,-38.3008,3.2207,-6.3125
134003,0.0278,0.5323,-0.578,-39.0176,0.3926,-6.4355
134026,0.025,0.5455,-0.6232,-40.3535,-4.582,-6.2656
134049,0.0006,0.5715,-0.6234,-41.5977,-9.4277,-5.6699
134072,-0.0062,0.5896,-0.6206,-42.0664,-12.0547,-5.0586
134095,0.0208,0.5659,-0.6445,-41.8242,-14.5293,-3.875
134118,0.0112,0.5725,-0.5393,-40.9043,-14.9785,-2.9434
134141,0.0503,0.5773,-0.5543,-38.3828,-13.6738,-1.3965
134164,0.0363,0.6189,-0.5741,-36.041,-11.582,0.2676
134187,0.0404,0.6085,-0.6243,-31.8281,-7.1055,1.4063
134210,0.0573,0.6074,-0.5449,-27.2402,-1.8184,3.0801
134233,0.0758,0.5944,-0.5864,-24.2539,1.7109,4.1035
134256,0.0409,0.5876,-0.5879,-20.2383,6.498,5.3535
134279,0.0726,0.5739,-0.5654,-18.002,9.2031,5.8945
134302,0.0555,0.5779,-0.4644,-15.4023,12.4395,6.1504
134325,0.0698,0.6415,-0.5331,-13.6934,14.7422,5.7461
134348,0.0472,0.6593,-0.653,-13.0137,15.7734,5.209
134371,0.077,0.6232,-0.5966,-12.5742,16.4004,4.2227
134394,0.0835,0.578,-0.5142,-12.5801,16.0059,3.5625
134417,0.0555,0.6096,-0.5063,-12.9023,14.0449,2.6914
134440,0.067,0.7531,-0.584,-13.4141,10.9531,2.0449
134463,0.1044,0.6254,-0.5511,-13.709,8.7285,1.7402
134486,0.0222,0.6132,-0.4939,-13.8867,5.6934,1.4023
134509,0.0306,0.5874,-0.517,-13.7988,4.0937,1.2188
134532,0.0325,0.5785,-0.5514,-13.3066,2.6055,1.0352
134555,0.1454,0.6703,-0.5328,-12.6621,2.2559,1.125
134578,0.1222,0.6467,-0.5311,-10.9785,2.2305,1.3945
134601,0.1105,0.6057,-0.5474,-8.2031,2.0547,2.1348
134624,0.1161,0.6122,-0.54,-5.707,1.7012,2.832
134647,0.1276,0.5996,-0.6252,-1.0879,1.0371,4.0762
134670,0.0677,0.5878,-0.662,2.459,0.7129,4.9238
134693,0.0541,0.5726,-0.6415,8.1895,0.5898,6.0078
134716,0.0937,0.5789,-0.42,14.0566,0.6953,6.7324
134739,0.1606,0.5763,-0.6447,17.8789,0.666,7.0391
134762,0.1655,0.5455,-0.6348,23.3535,0.2559,7.3301
134785,0.121,0.5475,-0.6074,26.7988,-0.2578,7.4082
134808,0.1522,0.5337,-0.6614,31.502,-1.4023,7.1836
134831,0.0886,0.5577,-0.7374,35.2754,-3.0605,6.2422
134854,0.0708,0.5482,-0.7429,37.0703,-4.2461,5.0664
134877,0.0638,0.4924,-0.7295,38.4063,-5.4668,2.4395
134900,0.0918,0.5144,-0.7368,38.1953,-5.5332,0.25
134923,0.1069,0.5549,-0.7643,35.9238,-4.3164,-3.2363
134946,0.1261,0.5095,-0.9014,31.0391,-1.8203,-6.2715
134969,0.1019,0.5271,-0.8246,26.9395,0.2793,-7.6641
134992,0.0886,0.5347,-0.5721,20.0449,3.7012,-8.4121
135015,0.0872,0.459,-0.5597,16.0938,5.918,-7.9551
135038,0.1002,0.3943,-0.5951,12.2637,8.4863,-5.998
135061,0.1061,0.3773,-0.598,11.1875,9.2656,-4.0645
135084,0.1002,0.3964,-0.6381,11.1973,8.6523,-0.7012
135107,0.12,0.4509,-0.6305,12.084,6.0176,2.6992
135130,0.1256,0.4871,-0.6471,12.6328,3.4453,4.7734
135153,0.1376,0.4866,-0.7074,12.8789,-0.9199,7.4297
135176,0.1628,0.4863,-0.7765,12.5059,-3.6797,8.8711
135199,0.1456,0.5028,-0.7769,11.166,-6.8242,10.5996
135222,0.1273,0.504,-0.7773,9.3457,-8.1816,12.0098
135245,0.1295,0.4998,-0.7772,8.2656,-7.9531,12.8867
135268,0.1006,0.4922,-0.7773,7.4199,-6.0117,14.127
135291,0.1118,0.4647,-0.7772,7.5723,-3.8867,14.8418
135314,0.1454,0.4408,-0.7772,8.9629,-0.1191,15.5605
135337,0.1388,0.4305,-0.7772,11.668,3.3555,15.6484
135360,0.147,0.4238,-0.7773,14.1172,5.0234,15.3398
135383,0.1823,0.3981,-0.7773,18.5938,6.127,14.4902
135406,0.1674,0.4088,-0.7776,21.9922,5.9141,13.8203
135429,0.1676,0.4087,-0.8518,27.4902,4.6152,12.9785
135452,0.2373,0.3452,-0.9935,31.2852,3.5059,12.707
135475,0.2585,0.3403,-0.9758,36.9648,1.9785,12.9629
135498,0.2767,0.3311,-0.9257,42.7109,0.9023,14.123
135521,0.2324,0.296,-0.9502,46.8105,0.5273,15.375
135544,0.2325,0.2688,-0.9806,53.6211,0.5508,17.8145
135567,0.2526,0.2411,-0.9882,58.5723,0.9102,19.6445
135590,0.2286,0.2141,-0.9503,63.998,1.7266,22.3223
135613,0.1891,0.1785,-0.9603,63.998,2.6328,24.5039
135636,0.1619,0.151,-0.9564,63.998,3.25,25.5254
135659,0.2083,0.1155,-0.9855,63.998,4.1094,26.2773
135682,0.2416,0.0565,-0.9902,63.998,4.4609,26.1992
135705,0.3112,0.0071,-0.9716,63.998,4.2441,25.1348
135728,0.3616,-0.0574,-0.9841,63.998,2.6758,22.9668
135751,0.3302,-0.1035,-0.9449,63.998,0.7656,21.084
135774,0.324,-0.1162,-0.9138,63.998,-3.2012,18.1719
135797,0.3406,-0.1611,-0.9038,63.998,-6.3574,16.5957
135820,0.369,-0.2283,-0.9285,63.998,-11.4141,15.4395
135843,0.2896,-0.2479,-0.8237,63.998,-14.7266,16.3008
135866,0.2844,-0.2542,-0.7793,63.998,-19.0547,18.2051
135889,0.2792,-0.308,-0.798,63.998,-22.0742,23.1191
135912,0.2495,-0.3331,-0.7411,63.998,-23.2246,27.6387
135935,0.2003,-0.3578,-0.7119,63.998,-23.7168,35.8652
135958,0.2037,-0.3807,-0.7173,63.998,-23.3145,42.0039
135981,0.1473,-0.4076,-0.766,63.998,-21.8145,51.6172
136004,0.0819,-0.4011,-0.7339,63.998,-19.4844,61.0508
136027,0.0867,-0.3802,-0.6628,63.291,-17.5996,63.998
136050,0.0916,-0.4045,-0.7128,57.0137,-14.4766,63.998
136073,0.0342,-0.4053,-0.7286,51.793,-12.3164,63.998
136096,-0.0237,-0.3984,-0.7736,42.6172,-9.0293,63.998
136119,-0.019,-0.3673,-0.7557,32.2578,-5.6113,63.998
136142,0.0028,-0.3536,-0.7461,25.0039,-3.25,63.998
136165,-0.0616,-0.3417,-0.7805,14.1309,0.3652,63.998
136188,-0.0553,-0.3491,-0.8318,7.1543,2.8848,63.998
136211,-0.0148,-0.3417,-0.8553,-2.5957,6.9883,63.998
136234,0.0129,-0.3481,-0.8435,-8.4941,11.3789,63.998
136257,0.0447,-0.3365,-0.9318,-16.2813,14.2344,63.998
136280,0.1086,-0.2975,-0.9093,-22.6816,17.8828,63.998
136303,0.0631,-0.2841,-0.9504,-26.1211,19.6426,63.998
136326,0.0405,-0.2977,-1.0259,-29.9688,21.2344,63.998
136349,0.0846,-0.2964,-0.9972,-31.6465,21.7695,63.998
136372,0.0579,-0.2997,-0.9651,-32.7969,22.0234,63.998
136395,0.062,-0.3075,-0.9357,-32.2324,21.7715,63.998
136418,0.011,-0.3169,-0.882,-30.9336,21.3926,63.998
136441,0.0403,-0.3245,-0.9376,-27.8926,20.5117,63.6563
136464,0.1041,-0.3075,-0.9928,-25.4531,19.6797,63.2109
136487,0.0468,-0.2756,-1.0638,-21.748,18.0605,62.0391
136510,0.0178,-0.261,-0.9889,-18.375,16.1406,59.9434
136533,0.0662,-0.2954,-0.8961,-16.2949,14.8125,58.0391
136556,0.0382,-0.3276,-0.9041,-13.2363,12.7969,54.5781
136579,0.1021,-0.3549,-0.9371,-11.1914,11.4941,51.9629
136602,0.0813,-0.3644,-0.9609,-8.1875,9.7363,47.707
136625,0.0696,-0.323,-0.8732,-5.3027,8.2754,43.2461
136648,0.0443,-0.3054,-0.8168,-3.7148,7.459,40.2988
136671,0.0542,-0.3129,-0.8376,-1.5039,6.4902,36.1172
136694,0.0779,-0.3282,-0.9435,-0.4121,6.0312,33.5391
136717,0.0499,-0.3069,-0.9136,0.3164,5.5254,29.9727
136740,0.0631,-0.3064,-0.863,0.0859,5.2617,27.7598
136763,0.1082,-0.3304,-0.9136,-1.2891,4.9395,24.6465
136786,0.0846,-0.3159,-0.9012,-3.623,4.7207,21.7109
136809,0.0819,-0.3162,-0.949,-5.4082,4.7461,19.7969
136832,0.0712,-0.3381,-0.9591,-7.8145,5.1934,16.9414
136855,-0.0272,-0.3129,-0.7429,-8.875,5.6328,15.0645
136878,0.1432,-0.3892,-0.955,-9.1914,5.9277,12.2891
136901,0.0718,-0.3639,-0.9559,-7.918,4.4785,9.5059
136924,0.021,-0.3451,-0.9774,-6.3047,1.8906,7.6113
136947,0.0717,-0.3441,-0.9441,-2.9238,-4.3437,4.6562
136970,0.0277,-0.3499,-0.8862,-0.1133,-9.4297,2.6016
136993,0.009,-0.3658,-0.9196,4.7246,-16.7148,-0.5195
137016,0.0203,-0.3522,-0.9177,9.8594,-21.8984,-3.5801
137039,0.0853,-0.3252,-0.9653,13.1035,-24.1172,-5.5566
137062,-0.0411,-0.2736,-0.9645,17.1152,-26.375,-8.291
137085,0.0033,-0.2823,-0.9818,18.9336,-27.1445,-9.8145
137108,-0.0763,-0.3035,-0.9221,20.0898,-26.3711,-11.4531
137131,0.0586,-0.1879,-0.6509,19.8027,-24.1113,-12.1387
137154,-0.1594,-0.3567,-1.2797,17.8652,-18.0684,-12.9297
137177,0.1232,-0.2106,-1.0328,14.0332,-9.8242,-14.1895
137200,0.05,-0.2676,-1.0936,10.7832,-4.2676,-15.8477
137223,0.0647,-0.2795,-1.0018,6.0742,2.2012,-20.2656
137246,-0.0229,-0.3042,-0.8309,3.8184,4.4492,-24.6875
137269,-0.0505,-0.3765,-0.7601,2.748,4.0078,-33.4883
137292,-0.0837,-0.4048,-0.6637,4.6582,-1.1563,-44.5996
137315,-0.1499,-0.4188,-0.6208,7.1133,-7.0605,-53.0996
137338,-0.1707,-0.42,-0.6316,11.123,-18.8848,-64.0
137361,-0.152,-0.3916,-0.5753,13.002,-28.082,-64.0
137384,-0.054,-0.3879,-0.5762,13.0762,-42.334,-64.0
137407,0.0372,-0.4321,-0.6249,8.6465,-55.1836,-64.0
137430,0.1084,-0.4224,-0.5762,2.9277,-62.0859,-64.0
137453,0.1423,-0.4009,-0.6018,-9.3945,-64.0,-64.0
137476,0.043,-0.3442,-0.6385,-19.5078,-64.0,-64.0
137499,-0.0286,-0.3022,-0.6726,-36.1836,-64.0,-64.0
137522,-0.0017,-0.2736,-0.7372,-47.5098,-64.0,-64.0
137545,0.0891,-0.2843,-0.7837,-63.6992,-58.4395,-64.0
137568,0.1707,-0.2103,-0.7319,-64.0,-47.1602,-64.0
137591,0.2197,-0.1161,-0.8074,-64.0,-38.9941,-64.0
137614,0.1986,-0.1084,-1.0228,-64.0,-27.0645,-64.0
137637,0.1815,-0.1802,-1.1157,-64.0,-19.8906,-64.0
137660,0.1759,-0.1198,-0.9374,-64.0,-10.6934,-64.0
137683,0.1589,-0.0294,-0.954,-64.0,-3.2051,-64.0
137706,0.1306,-0.0593,-1.0526,-64.0,0.9727,-64.0
137729,0.1256,0.0314,-0.9706,-64.0,6.0645,-64.0
137752,-0.0364,0.118,-1.0596,-64.0,8.6426,-58.6406
137775,-0.064,0.0771,-1.1704,-61.4238,11.1836,-37.2051
137798,0.1238,0.0707,-1.1859,-44.1465,12.1973,-16.7363
137821,0.1624,0.0773,-1.2468,-33.6426,12.0527,-4.7402
137844,0.104,0.0226,-1.2623,-20.7539,10.6621,9.5215
137867,0.1351,-0.0068,-1.1671,-14.4395,9.2715,16.2715
137890,0.2157,-0.0114,-1.1621,-8.2148,7.4277,22.4961
137913,0.2385,0.0389,-1.278,-5.8652,6.5859,24.8867
137936,0.069,0.0553,-1.3799,-4.4121,6.5703,25.0176
137959,-0.0466,0.058,-1.204,-4.668,6.9648,24.2617
137982,-0.0693,0.0128,-0.9667,-5.0762,7.2578,23.7852
138005,-0.0171,-0.0535,-0.8635,-4.4473,7.4082,23.7461
138028,0.0024,-0.1223,-0.8357,-2.332,7.084,24.166
138051,0.0378,-0.093,-0.8157,4.1836,5.4629,25.0098
138074,-0.0339,-0.0885,-0.8514,14.4824,2.1133,25.4492
138097,-0.0513,-0.1276,-1.057,22.6836,-0.7305,25.252
138120,-0.0276,-0.1613,-1.1515,34.916,-4.7578,24.0059
138143,0.0618,-0.1837,-1.0851,41.7246,-6.9258,22.502
138166,0.0365,-0.2053,-0.9359,48.5586,-9.3965,19.2676
138189,0.0001,-0.2216,-0.7665,51.4043,-10.6797,15.1387
138212,0.0504,-0.2528,-0.714,51.6777,-10.4785,12.1387
138235,0.0802,-0.2712,-0.7915,50.5,-8.1055,7.6211
138258,0.1184,-0.2909,-0.9117,48.7891,-5.1875,4.7598
138281,0.0955,-0.2975,-0.9457,44.627,0.582,0.9375
138304,0.0597,-0.3007,-0.9401,38.2051,7.041,-2.0059
138327,0.0861,-0.2952,-0.9065,33.3613,11.2695,-3.3223
138350,0.0934,-0.2821,-0.8673,25.0801,16.9258,-4.2227
138373,0.0674,-0.2632,-0.8494,19.5801,19.9707,-4.1387
138396,0.08,-0.2596,-0.8949,11.998,23.1191,-3.1758
138419,0.1198,-0.2601,-0.9056,7.5605,24.1328,-2.1523
138442,0.1307,-0.26,-0.9561,1.877,23.9746,-0.4316
138465,0.136,-0.2571,-0.9567,-2.7344,22.0449,1.0996
138488,0.1152,-0.2487,-0.9491,-5.2617,20.0391,1.8691
138511,0.1232,-0.2457,-0.9481,-8.2383,16.5391,2.5703
138534,0.1523,-0.2551,-0.9307,-9.6523,14.2285,2.7383
138557,0.1425,-0.2515,-0.9297,-10.8633,11.248,2.5996
138580,0.1307,-0.2577,-0.9545,-11.0312,9.0137,2.1113
138603,0.1483,-0.2582,-0.9583,-10.6758,7.8398,1.6758
138626,0.1416,-0.257,-0.9402,-9.6895,6.3105,0.9805
138649,0.1406,-0.2605,-0.9283,-8.832,5.3926,0.5449
138672,0.1625,-0.2593,-0.9314,-7.3477,4.1582,0.0078
138695,0.1143,-0.2516,-0.9146,-5.7246,3.043,-0.3301
138718,0.0923,-0.2498,-0.8817,-4.6191,2.3848,-0.4199
138741,0.1246,-0.2534,-0.8835,-3.0137,1.6016,-0.3691
138764,0.1371,-0.2603,-0.8828,-2.0586,1.209,-0.2695
138787,0.1484,-0.26,-0.9242,-0.9668,0.7832,-0.1699
138810,0.1521,-0.26,-0.9421,-0.5762,0.5547,-0.2051
138833,0.1461,-0.26,-0.9545,-0.6094,0.1895,-0.459
138856,0.1499,-0.26,-0.9268,-1.3125,-0.2285,-0.9102
138879,0.1426,-0.26,-0.9056,-1.9902,-0.5176,-1.2617
138902,0.1333,-0.259,-0.9146,-3.0215,-0.8945,-1.7715
138925,0.15,-0.2584,-0.9185,-3.5937,-1.0625,-2.043
138948,0.1484,-0.2604,-0.9246,-4.1816,-1.2031,-2.3047
138971,0.1418,-0.2603,-0.9463,-4.4492,-1.2988,-2.3789
138994,0.1447,-0.2606,-0.9467,-4.4902,-1.3574,-2.3281
139017,0.0957,-0.2592,-0.9073,-4.4004,-1.4375,-2.1055
139040,0.1077,-0.25,-0.8582,-4.2324,-1.4609,-1.8613
139063,0.1451,-0.2524,-0.8716,-3.8008,-1.3848,-1.4004
139086,0.1436,-0.2552,-0.9272,-3.2676,-1.1719,-0.9648
139109,0.1506,-0.2587,-0.9558,-2.9922,-0.9961,-0.7695
139132,0.155,-0.2578,-0.9626,-2.8828,-0.834,-0.6855
139155,0.12,-0.2561,-0.9244,-3.0293,-0.877,-0.7676
139178,0.1429,-0.2585,-0.8883,-3.4512,-1.1172,-1.0508
139201,0.1589,-0.261,-0.9078,-3.7441,-1.3008,-1.4473
139224,0.1437,-0.2646,-0.9677,-4.0703,-1.4922,-1.7422
139247,0.1354,-0.2687,-0.9495,-4.2539,-1.5234,-2.1562
139270,0.1332,-0.2683,-0.9177,-4.3125,-1.4805,-2.3613
139293,0.1255,-0.259,-0.8517,-4.2617,-1.4102,-2.4883
139316,0.1082,-0.2517,-0.8433,-4.0742,-1.3789,-2.4258
139339,0.1383,-0.2499,-0.899,-3.5684,-1.2715,-2.1152
139362,0.1605,-0.2574,-0.9431,-3.0312,-1.002,-1.6504
139385,0.1606,-0.2567,-0.9592,-2.8398,-0.7402,-1.3359
139408,0.1569,-0.2605,-1.0013,-2.9707,-0.3105,-0.9473
139431,0.1339,-0.2599,-0.9531,-3.3301,-0.0859,-0.7676
139454,0.1411,-0.26,-0.8645,-4.0488,0.0781,-0.6035
139477,0.1639,-0.2604,-0.8591,-4.5547,0.0566,-0.541
139500,0.1495,-0.2683,-0.923,-4.6191,-0.0488,-0.541
139523,0.1243,-0.2645,-0.9293,-4.377,-0.332,-0.5566
139546,0.0988,-0.2594,-0.8964,-4.0996,-0.5703,-0.5352
139569,0.1025,-0.2588,-0.8619,-3.6387,-0.9043,-0.3848
139592,0.1238,-0.2566,-0.8711,-3.3301,-1.1328,-0.0898
139615,0.1552,-0.256,-0.9275,-2.9531,-1.1992,0.1465
139638,0.1637,-0.2496,-0.9664,-2.8652,-1.1582,0.4434
139661,0.1592,-0.2451,-0.9619,-3.0645,-1.0527,0.5508
139684,0.1541,-0.2499,-0.9637,-3.7324,-0.8008,0.5371
139707,0.1464,-0.2594,-0.9703,-4.3145,-0.6035,0.4258
139730,0.1349,-0.26,-0.9382,-5.1367,-0.3652,0.1602
139753,0.1296,-0.26,-0.8918,-5.5684,-0.2676,-0.1328
139776,0.1127,-0.26,-0.8545,-5.4922,-0.2773,-0.293
139799,0.1036,-0.2634,-0.8402,-4.7754,-0.3672,-0.4355
139822,0.132,-0.2671,-0.8428,-3.9805,-0.4434,-0.4609
139845,0.1449,-0.2598,-0.8883,-2.6172,-0.5332,-0.4414
139868,0.145,-0.2599,-0.9413,-1.5156,-0.5703,-0.4316
139891,0.1427,-0.2532,-0.9506,-1.1641,-0.5918,-0.459
139914,0.1377,-0.2456,-0.9486,-1.3594,-0.6582,-0.5605
139937,0.1392,-0.2477,-0.9508,-1.9297,-0.7012,-0.666
139960,0.1526,-0.2593,-0.9297,-3.1914,-0.6797,-0.8652
139983,0.1582,-0.2599,-0.9363,-4.6113,-0.4766,-1.1094
140006,0.1459,-0.26,-0.9424,-5.293,-0.2637,-1.2832
140029,0.1447,-0.26,-0.9115,-5.9805,0.0234,-1.5156
140052,0.1284,-0.2594,-0.8727,-6.084,0.1113,-1.6211
140075,0.1166,-0.2596,-0.8669,-5.6973,0.0605,-1.6621
140098,0.1331,-0.2588,-0.8844,-5.1543,-0.0371,-1.6152
140121,0.1488,-0.2603,-0.9198,-4.1797,-0.1602,-1.4785
140144,0.1421,-0.2599,-0.9333,-3.3945,-0.2129,-1.3633
140167,0.14,-0.26,-0.9283,-3.1426,-0.2324,-1.334
140190,0.1444,-0.2601,-0.9132,-3.2422,-0.2754,-1.377
140213,0.1553,-0.2599,-0.8916,-3.5762,-0.3105,-1.4551
140236,0.1511,-0.26,-0.906,-4.2988,-0.3301,-1.6211
140259,0.1515,-0.2598,-0.9208,-5.0879,-0.2676,-1.7813
140282,0.1552,-0.2568,-0.9377,-5.5762,-0.1875,-1.8438
140305,0.1439,-0.2485,-0.9338,-6.1855,-0.0391,-1.8281
140328,0.1445,-0.2424,-0.9243,-6.4785,0.0684,-1.7285
140351,0.146,-0.2454,-0.9128,-6.6953,0.25,-1.4453
140374,0.1473,-0.2466,-0.9192,-6.6152,0.4277,-1.0547
140397,0.1469,-0.2457,-0.9276,-6.4102,0.4941,-0.7773
140420,0.1439,-0.254,-0.9402,-5.9473,0.4199,-0.4004
140443,0.1438,-0.254,-0.915,-5.5781,0.2129,-0.207
140466,0.1261,-0.2488,-0.8883,-4.9648,-0.3223,-0.0293
140489,0.1331,-0.2535,-0.8833,-4.5156,-0.7656,0.0137
140512,0.1558,-0.26,-0.905,-3.8262,-1.3809,-0.0332
140535,0.1549,-0.2594,-0.9222,-3.248,-1.791,-0.2148
140558,0.1465,-0.2598,-0.9227,-3.0059,-1.9297,-0.4023
140581,0.1602,-0.2598,-0.9226,-2.916,-1.9746,-0.7246
140604,0.1418,-0.252,-0.9164,-3.0273,-1.9316,-0.9277
140627,0.1383,-0.2411,-0.9279,-3.3789,-1.7598,-1.1367
140650,0.1406,-0.2418,-0.924,-3.8594,-1.4609,-1.1758
140673,0.144,-0.2415,-0.9139,-4.1953,-1.2148,-1.1113
140696,0.1478,-0.2489,-0.9259,-4.627,-0.8047,-0.9238
140719,0.1476,-0.2565,-0.936,-4.8242,-0.5371,-0.7832
140742,0.1423,-0.255,-0.922,-4.9434,-0.2598,-0.6035
140765,0.141,-0.2576,-0.8938,-4.8145,-0.2324,-0.5039
140788,0.1479,-0.2554,-0.8921,-4.5879,-0.3398,-0.4902
140811,0.1543,-0.2603,-0.9099,-4.0957,-0.5937,-0.5527
140834,0.1603,-0.2599,-0.9214,-3.748,-0.7578,-0.6387
140857,0.1505,-0.26,-0.9276,-3.3437,-0.9297,-0.7988
140880,0.1433,-0.2568,-0.9349,-3.2129,-1.4961,-0.9277
140903,0.1328,-0.24,-0.9248,-3.248,-1.0762,-0.959
140926,0.1195,-0.2349,-0.8961,-3.4824,-1.1738,-0.8809
140949,0.1357,-0.2365,-0.894,-3.6758,-1.2109,-0.748
140972,0.1558,-0.2452,-0.9197,-3.9453,-1.1367,-0.4883
140995,0.1536,-0.2517,-0.9304,-4.1094,-0.998,-0.3301
141018,0.1437,-0.2556,-0.9476,-4.3516,-0.709,-0.1855
141041,0.1416,-0.2469,-0.936,-4.6016,-0.4727,-0.1738
141064,0.1305,-0.2474,-0.9082,-4.752,-0.4238,-0.2285
141087,0.135,-0.256,-0.8802,-4.873,-0.5293,-0.3711
141110,0.1561,-0.2603,-0.8962,-4.8496,-0.6699,-0.4902
141133,0.1763,-0.2599,-0.931,-4.6875,-0.8867,-0.6953
141156,0.1604,-0.2534,-0.951,-4.5195,-1.0742,-0.918
141179,0.1384,-0.2384,-0.9376,-4.4766,-1.1953,-1.041
141202,0.1288,-0.2307,-0.9155,-4.5039,-1.3633,-1.1074
141225,0.1212,-0.2382,-0.9036,-4.5273,-1.4434,-1.041
141248,0.1285,-0.2462,-0.8761,-4.457,-1.4746,-0.7793
141271,0.1301,-0.2506,-0.8982,-4.2988,-1.3379,-0.4023
141294,0.1494,-0.2581,-0.9343,-3.9238,-1.1602,-0.1484
141317,0.1552,-0.2499,-0.9219,-3.5293,-0.8613,0.1367
141340,0.119,-0.2378,-0.9166,-3.3281,-0.7031,0.2305
141363,0.1329,-0.2379,-0.9161,-3.1582,-0.5801,0.207
141386,0.1532,-0.2605,-0.9231,-3.1289,-0.582,0.0859
141409,0.1688,-0.2655,-0.936,-3.2109,-0.7324,-0.2539
141432,0.1279,-0.2479,-0.9319,-3.3887,-1.1211,-0.7402
141455,0.1038,-0.2328,-0.9017,-3.4863,-1.5098,-1.0723
141478,0.136,-0.2455,-0.9325,-3.4648,-2.1699,-1.4609
141501,0.1671,-0.2605,-0.9491,-3.3145,-2.625,-1.6211
141524,0.1719,-0.2605,-0.9603,-2.9512,-3.375,-1.7344
141547,0.1667,-0.2599,-0.9478,-2.5078,-4.2578,-1.7324
141570,0.1252,-0.2625,-0.9362,-2.1699,-4.8906,-1.6582
141593,0.1527,-0.2776,-0.9193,-1.5352,-5.7734,-1.4102
141616,0.1581,-0.2661,-0.8969,-0.9902,-6.252,-1.1543
141639,0.0845,-0.2572,-0.8716,0.0391,-6.7793,-0.6484
141662,0.0817,-0.2588,-0.9362,1.2363,-7.041,-0.002
141685,0.1008,-0.2374,-0.9498,1.9844,-7.0898,0.4824
141708,0.0651,-0.2255,-0.9642,2.8066,-7.1113,1.1855
141731,0.0444,-0.2369,-0.9552,3.0957,-7.1309,1.5566
141754,0.0624,-0.2576,-0.9034,3.1992,-7.125,1.8301
141777,0.0898,-0.2693,-0.9023,3.1855,-7.0527,1.7402
141800,0.1044,-0.2975,-0.9061,3.2969,-6.8027,1.0879
141823,0.1405,-0.3387,-0.8755,3.7305,-6.3828,-0.1953
141846,0.1874,-0.3584,-0.8679,4.2148,-5.9883,-1.334
141869,0.1564,-0.3478,-0.8745,5.127,-5.2402,-3.2148
141892,0.101,-0.3225,-0.8252,5.7539,-4.6523,-4.3613
141915,0.1217,-0.3162,-0.8745,6.5391,-3.541,-5.4883
141938,0.1348,-0.3038,-0.9377,6.8691,-2.0605,-5.541
141961,0.1077,-0.2834,-0.9679,6.6797,-0.9219,-4.9141
141984,0.0659,-0.2694,-0.9683,5.6699,0.8613,-3.0801
142007,0.0898,-0.2604,-0.9637,4.5762,2.0254,-1.418
142030,0.0886,-0.2714,-0.948,2.5801,3.5566,1.3398
142053,0.1105,-0.3104,-0.9099,0.6074,4.6016,3.8613
142076,0.1262,-0.3275,-0.8762,-0.4434,4.9453,5.1289
142099,0.1216,-0.3345,-0.8724,-1.375,4.8926,6.1484
142122,0.1379,-0.332,-0.8553,-1.541,4.5137,6.209
142145,0.1038,-0.332,-0.864,-1.25,3.5352,5.498
142168,0.1246,-0.3263,-0.9127,-0.875,2.7109,4.1445
142191,0.1475,-0.319,-0.949,-0.4258,1.3867,3.0801
142214,0.1315,-0.3071,-0.9557,-0.5,0.0977,1.4863
142237,0.1207,-0.2867,-0.9539,-0.9316,-0.7012,0.5391
142260,0.1042,-0.2706,-0.9778,-2.0781,-1.7949,-0.5664
142283,0.0842,-0.2592,-0.9835,-3.0625,-2.4687,-1.0625
142306,0.0627,-0.2627,-0.9633,-4.5879,-3.4297,-1.4824
142329,0.0818,-0.2764,-0.9489,-5.75,-4.3574,-1.6855
142352,0.078,-0.2969,-0.9313,-6.0977,-4.9844,-1.8418
142375,0.0585,-0.3071,-0.8929,-5.7656,-5.9414,-2.3086
142398,0.0641,-0.3275,-0.8625,-4.9336,-6.5605,-2.8535
142421,0.1019,-0.3408,-0.8375,-2.8711,-7.373,-4.0703
142444,0.1161,-0.3623,-0.8553,-0.1758,-7.9863,-5.7148
142467,0.1367,-0.3713,-0.8556,1.6816,-8.2637,-6.957
142490,0.1312,-0.3708,-0.8446,4.0801,-8.4355,-8.8086
142513,0.1147,-0.361,-0.8438,5.1895,-8.3359,-9.8672
142536,0.109,-0.3485,-0.9036,5.832,-7.7676,-10.9082
142559,0.1074,-0.327,-0.9424,5.4668,-6.5937,-11.0723
142582,0.0889,-0.3103,-0.9375,3.7109,-5.7227,-10.6582
142605,0.085,-0.2979,-0.9445,0.8223,-4.1152,-9.334
142628,0.0796,-0.296,-0.9493,-1.416,-3.0254,-8.1055
142651,0.0684,-0.287,-0.9307,-4.6992,-1.5137,-6.0332
142674,0.0405,-0.2914,-0.931,-6.5449,-0.6406,-4.6836
142697,0.0786,-0.3087,-0.9053,-8.4238,0.4277,-2.9824
142720,0.1058,-0.3225,-0.8738,-9.0215,1.1523,-1.9238
142743,0.1199,-0.3344,-0.8876,-8.709,1.4121,-1.6484
142766,0.1238,-0.3411,-0.9091,-7.3906,1.5059,-1.832
142789,0.1282,-0.3434,-0.9208,-6.168,1.4512,-2.25
142812,0.1439,-0.3514,-0.9181,-4.2266,1.3496,-3.0723
142835,0.1317,-0.3505,-0.8904,-2.5391,1.3379,-3.8164
142858,0.1373,-0.3577,-0.8948,-1.6641,1.4355,-4.1172
142881,0.0937,-0.3444,-0.9076,-0.7773,1.7676,-4.123
142904,0.1046,-0.3063,-0.8915,-0.4883,2.0859,-3.7812
142927,0.0673,-0.2856,-0.8848,-0.4922,2.6465,-2.7461
142950,0.1194,-0.3047,-0.9196,-0.752,3.2891,-1.2168
142973,0.1426,-0.3256,-0.9823,-1.4609,3.7266,-0.0781
142996,0.111,-0.3293,-0.9697,-2.4531,4.25,1.5254
143019,0.1119,-0.3433,-0.8801,-3.1523,4.4551,2.4121
143042,0.1337,-0.3479,-0.8196,-3.9375,4.5586,3.373
143065,0.1289,-0.3523,-0.8409,-4.1191,4.5293,3.7578
143088,0.1362,-0.3459,-0.8694,-3.8223,4.4395,4.0078
143111,0.1202,-0.3339,-0.905,-3.0762,4.418,3.9941
143134,0.1246,-0.3225,-0.9292,-2.5547,4.5059,3.9238
143157,0.1428,-0.3184,-0.9486,-2.0996,4.8008,3.8105
143180,0.1381,-0.3219,-0.9498,-2.1699,5.0312,3.748
143203,0.1265,-0.3152,-0.885,-2.9082,5.2305,3.666
143226,0.1143,-0.304,-0.8715,-4.209,5.1133,3.5918
143249,0.1097,-0.2988,-0.908,-5.207,4.8535,3.541
143272,0.1324,-0.2986,-0.9465,-6.6738,4.248,3.4336
143295,0.1361,-0.3016,-0.9625,-7.541,3.7402,3.2949
143318,0.131,-0.2972,-0.9666,-8.5312,2.9141,2.9062
143341,0.1136,-0.2867,-0.9279,-8.9648,2.1445,2.2578
143364,0.108,-0.29,-0.902,-8.834,1.7168,1.6836
143387,0.1124,-0.3046,-0.8838,-7.9297,1.2246,0.627
143410,0.1383,-0.3229,-0.8915,-6.8828,0.9746,-0.209
143433,0.1487,-0.3336,-0.8959,-4.8301,0.6797,-1.6484
143456,0.1565,-0.3437,-0.8853,-3.2812,0.5371,-2.709
143479,0.1884,-0.3573,-0.8943,-0.9316,0.4766,-4.3496
143502,0.1918,-0.3711,-0.8879,1.1855,0.6621,-5.8906
143525,0.2108,-0.3691,-0.8765,2.3535,0.9629,-6.7539
143548,0.1837,-0.3773,-0.8668,3.6602,1.7363,-7.627
143571,0.1831,-0.3879,-0.8564,4.2207,2.4883,-7.8301
143594,0.2108,-0.3647,-0.8645,4.5762,3.9082,-7.4492
143617,0.1973,-0.344,-0.8785,4.3105,5.4629,-6.2207
143640,0.1687,-0.3376,-0.9116,3.7852,6.4863,-4.9746
143663,0.1456,-0.3273,-0.9559,2.498,7.9473,-2.625
143686,0.1698,-0.321,-0.9739,1.334,8.8008,-0.875
143709,0.1818,-0.3052,-0.9297,-0.7266,9.6953,1.7246
143732,0.1312,-0.3146,-0.9235,-2.7832,9.9414,3.9492
143755,0.1573,-0.3519,-0.9243,-3.9062,9.7266,5.0703
143778,0.1493,-0.329,-0.8141,-4.9102,8.8477,6.0391
143801,0.1176,-0.3422,-0.7734,-4.9687,7.9707,6.1641
143824,0.2397,-0.3788,-0.8828,-4.0684,6.5195,5.5742
143847,0.2532,-0.3948,-0.9585,-3.0137,5.5371,4.1016
143870,0.1986,-0.3639,-0.9508,-1.373,3.9824,2.7227
143893,0.1974,-0.306,-0.9869,-0.2754,2.3535,0.3535
143916,0.1356,-0.3083,-0.949,0.0059,1.2539,-1.2188
143939,0.114,-0.356,-0.889,-0.1504,-0.4258,-3.2852
143962,0.1211,-0.3402,-0.7765,-0.4238,-1.5977,-4.3809
143985,0.1052,-0.3456,-0.736,-0.5703,-3.4336,-5.6113
144008,0.1593,-0.3542,-0.7714,0.0391,-5.1211,-6.502
144031,0.1538,-0.3396,-0.8342,0.8047,-6.0195,-7.0293
144054,0.1997,-0.3544,-0.9274,1.8984,-6.8398,-7.8516
144077,0.3052,-0.37,-1.012,2.1914,-6.9258,-8.459
144100,0.3019,-0.3921,-0.9908,1.5352,-6.3848,-9.4551
144123,0.2755,-0.3835,-0.9808,-0.3984,-5.1836,-10.3809
144146,0.2297,-0.3857,-0.9344,-2.125,-4.0898,-10.7812
144169,0.2554,-0.3634,-0.8752,-4.7578,-2.1895,-10.7578
144192,0.1907,-0.3457,-0.8815,-6.2012,-0.9414,-10.2051
144215,0.1444,-0.3243,-0.8531,-7.5547,0.5957,-8.4922
144238,0.1434,-0.3096,-0.8671,-7.8613,1.8379,-5.8164
144261,0.1625,-0.3223,-0.927,-7.5391,2.0625,-3.6777
144284,0.1986,-0.3417,-0.9456,-6.5879,2.3926,-0.3711
144307,0.2079,-0.3451,-0.9519,-5.7754,2.4492,1.6211
144330,0.1891,-0.3608,-0.8947,-4.4023,2.4199,3.9336
144353,0.1694,-0.3807,-0.7891,-3.3496,2.4395,4.9258
144376,0.2046,-0.401,-0.776,-1.4102,2.7461,5.5918
144399,0.2744,-0.4028,-0.8157,0.959,3.4629,5.4043
144422,0.2313,-0.3779,-0.9429,2.5391,4.082,4.9395
144445,0.2125,-0.3524,-0.9624,4.2969,5.043,4.043
144468,0.2356,-0.3705,-0.9059,4.793,5.6152,3.498
144491,0.3097,-0.3625,-0.8672,4.4961,6.248,2.9512
144514,0.2504,-0.356,-0.927,3.3047,6.4492,2.7871
144537,0.1965,-0.328,-0.9604,2.2031,6.291,2.9102
144560,0.1647,-0.335,-0.9153,0.3516,5.6641,3.4609
144583,0.1471,-0.3274,-0.9082,-0.8086,5.084,4.0332
144606,0.0857,-0.3376,-0.8813,-2.0312,4.1816,5.0078
144629,0.0974,-0.3561,-0.8248,-2.3145,3.4434,5.7812
144652,0.1423,-0.3921,-0.7771,-1.7754,3.084,5.959
144675,0.25,-0.4272,-0.8298,-0.166,2.6621,5.3672
144698,0.2853,-0.4425,-0.9071,1.248,2.3281,4.2656
144721,0.2563,-0.4272,-0.9017,3.2578,1.5313,1.5938
144744,0.2343,-0.4139,-0.8818,4.1875,0.7656,-0.6465
144767,0.2439,-0.4111,-0.8339,4.6465,-0.6758,-4.1289
144790,0.2545,-0.406,-0.83,3.9531,-2.3555,-7.0801
144813,0.2279,-0.3899,-0.9102,2.9355,-3.541,-8.4668
144836,0.1797,-0.3702,-0.9537,0.75,-5.2969,-9.4395
144859,0.155,-0.3716,-0.8832,-0.9844,-6.3437,-9.3164
144882,0.1733,-0.3785,-0.8311,-3.4863,-7.4824,-8.1328
144905,0.1703,-0.4005,-0.8484,-5.1855,-7.8887,-6.1895
144928,0.2157,-0.4232,-0.8197,-5.6445,-7.7187,-4.7637
144951,0.2487,-0.4397,-0.8431,-5.3145,-6.873,-2.832
144974,0.2394,-0.4293,-0.8619,-4.5723,-6.0293,-1.8359
144997,0.2262,-0.4296,-0.8331,-3.1309,-4.5664,-0.834
145020,0.2513,-0.4244,-0.8105,-1.8398,-3.0566,-0.2734
145043,0.2356,-0.4126,-0.8566,-1.2988,-2.0937,-0.0176
145066,0.2146,-0.3988,-0.9061,-1.2402,-0.8047,0.4043
145089,0.2019,-0.3848,-0.8861,-1.7949,-0.0898,0.8145
145112,0.1965,-0.3777,-0.8755,-3.4805,0.7207,1.7285
145135,0.2053,-0.344,-0.8784,-5.0488,1.0781,2.5293
145158,0.2059,-0.3737,-0.8901,-7.8027,1.2813,3.9121
145181,0.2225,-0.3728,-0.9135,-10.8125,0.9316,5.3223
145204,0.1956,-0.3608,-0.928,-12.8867,0.3145,6.1738
145227,0.1681,-0.3391,-0.917,-15.9648,-1.1563,7.2305
145250,0.1497,-0.3242,-0.8903,-17.8574,-2.3867,7.7773
145273,0.1442,-0.3187,-0.8735,-20.123,-4.3105,8.3691
145296,0.1609,-0.3243,-0.8948,-21.3418,-5.9355,8.6602
145319,0.1707,-0.326,-0.9281,-21.4922,-6.7031,8.6504
145342,0.1458,-0.3193,-0.9399,-20.8066,-7.291,8.2949
145365,0.136,-0.3141,-0.9033,-19.8398,-7.2988,7.8359
145388,0.1577,-0.3212,-0.8682,-17.7656,-6.7598,6.873
145411,0.1693,-0.3322,-0.8877,-15.0918,-5.6562,5.6484
145434,0.177,-0.342,-0.9188,-13.1191,-4.6992,4.7246
145457,0.1909,-0.3459,-0.9189,-10.1875,-3.1426,3.25
145480,0.1858,-0.3414,-0.911,-8.4102,-2.1504,2.2598
145503,0.1749,-0.3324,-0.8938,-6.1738,-0.8945,0.8652
145526,0.1752,-0.3346,-0.891,-5.0,-0.248,-0.3008
145549,0.1873,-0.3427,-0.9058,-3.6895,0.4277,-0.9082
145572,0.1962,-0.3508,-0.9086,-2.875,0.7871,-1.5508
145595,0.1907,-0.3485,-0.8962,-2.5723,0.8711,-1.8125
145618,0.1697,-0.3458,-0.8911,-2.3828,0.791,-1.9863
145641,0.1771,-0.3446,-0.8767,-2.3711,0.6348,-1.9785
145664,0.1825,-0.3427,-0.879,-2.4238,0.3066,-1.8398
145687,0.1754,-0.3466,-0.8882,-2.498,-0.0859,-1.6328
145710,0.1868,-0.3427,-0.8943,-2.5605,-0.3457,-1.5
145733,0.1692,-0.3405,-0.8901,-2.6973,-0.6836,-1.3496
145756,0.1698,-0.339,-0.8892,-2.8203,-0.8535,-1.2871
145779,0.1797,-0.3431,-0.903,-3.0449,-1.0039,-1.248
145802,0.1859,-0.3472,-0.9039,-3.3125,-1.0313,-1.2734
145825,0.1932,-0.3423,-0.9014,-3.5039,-0.9883,-1.3262
145848,0.1906,-0.3364,-0.8905,-3.7891,-0.8613,-1.4512
145871,0.1906,-0.3419,-0.8954,-3.9512,-0.7559,-1.5547
145894,0.1896,-0.3483,-0.9016,-4.127,-0.6074,-1.7148
145917,0.1849,-0.3542,-0.8888,-4.1914,-0.0273,-1.8516
145940,0.1908,-0.3528,-0.8796,-4.1934,-0.4453,-1.916
145963,0.1738,-0.3444,-0.8718,-4.0898,-0.4336,-1.9492
145986,0.1785,-0.3417,-0.8759,-3.9902,-0.4609,-1.9219
146009,0.1891,-0.3411,-0.8915,-3.8613,-0.5156,-1.8027
146032,0.1848,-0.3401,-0.9005,-3.8398,-0.5391,-1.6816
146055,0.1906,-0.3407,-0.8981,-3.9512,-0.5215,-1.4512
146078,0.1981,-0.338,-0.9063,-4.2266,-0.4082,-1.1934
146101,0.2024,-0.3346,-0.9263,-4.4727,-0.2754,-1.0195
146124,0.2018,-0.3363,-0.9215,-4.8828,-0.0078,-0.7754
146147,0.2017,-0.3402,-0.9034,-5.1387,0.2012,-0.623
146170,0.1954,-0.3466,-0.9164,-5.4043,0.5059,-0.4121
146193,0.1865,-0.3462,-0.9106,-5.4707,0.6484,-0.2051
146216,0.1868,-0.3501,-0.9077,-5.4023,0.5703,-0.0625
146239,0.1777,-0.3444,-0.8721,-5.1543,0.1367,0.1758
146262,0.175,-0.3406,-0.8518,-4.9023,-0.332,0.3555
146285,0.1843,-0.3396,-0.8672,-4.4238,-1.1699,0.6621
146308,0.1761,-0.3401,-0.8661,-3.5918,-2.0117,0.9922
146331,0.1866,-0.3352,-0.8984,-3.709,-2.502,1.2012
146354,0.1923,-0.3375,-0.9331,-3.6406,-3.0801,1.4629
146377,0.184,-0.3275,-0.9203,-3.8379,-3.3535,1.582
146400,0.1667,-0.3212,-0.9075,-4.4453,-3.5801,1.6738
146423,0.1633,-0.3209,-0.913,-4.9492,-3.5937,1.6836
146446,0.1787,-0.325,-0.9175,-5.6387,-3.4316,1.625
146469,0.1713,-0.3271,-0.9182,-6.0215,-3.1426,1.4512
146492,0.1608,-0.3286,-0.9083,-6.0254,-2.9395,1.2578
146515,0.1589,-0.3344,-0.8821,-5.6055,-2.6953,0.8535
146538,0.1597,-0.3384,-0.8831,-5.0488,-2.5977,0.5156
146561,0.1527,-0.3461,-0.8761,-3.8848,-2.5723,-0.0723
146584,0.1735,-0.3553,-0.8667,-2.5156,-2.6348,-0.7207
146607,0.1846,-0.3634,-0.8735,-1.6152,-2.6816,-1.1621
146630,0.1934,-0.3644,-0.8894,-0.4883,-2.7266,-1.791
146653,0.1835,-0.3594,-0.8805,0.0117,-2.7324,-2.1465
146676,0.1746,-0.3511,-0.8778,0.2832,-2.666,-2.5059
146699,0.1719,-0.3459,-0.8787,-0.0176,-2.4434,-2.5781
146722,0.1752,-0.3445,-0.8943,-0.4922,-2.1719,-2.4512
146745,0.1748,-0.3379,-0.9124,-1.5078,-1.582,-2.0312
146768,0.1683,-0.3336,-0.9081,-2.3242,-1.1172,-1.6367
146791,0.1676,-0.3326,-0.9092,-3.6172,-0.4473,-0.9629
146814,0.1704,-0.3351,-0.9064,-4.4355,-0.0859,-0.0156
146837,0.1855,-0.3394,-0.9023,-5.4551,0.3027,0.0508
146860,0.191,-0.3445,-0.9116,-6.0977,0.5488,0.3945
146883,0.1898,-0.347,-0.9169,-6.2852,0.6445,0.4727
146906,0.1796,-0.3494,-0.8756,-6.2285,0.6387,0.3809
146929,0.1619,-0.3464,-0.8845,-5.9961,0.5195,0.2227
146952,0.1523,-0.3412,-0.8622,-5.4238,0.1875,-0.0625
146975,0.1678,-0.3431,-0.8621,-4.6992,-0.2383,-0.3027
146998,0.182,-0.3469,-0.8843,-4.2187,-0.5176,-0.4121
147021,0.1865,-0.3514,-0.8958,-3.6641,-0.8945,-0.5039
147044,0.1781,-0.3458,-0.8933,-3.4824,-1.1094,-0.5254
147067,0.1704,-0.3405,-0.8931,-3.5547,-1.3594,-0.5
147090,0.186,-0.3405,-0.8857,-4.0215,-1.5078,-0.4023
147113,0.1842,-0.3411,-0.8928,-4.5,-1.5508,-0.3066
147136,0.1869,-0.3387,-0.911,-5.3867,-1.5352,-0.1348
147159,0.1903,-0.3354,-0.9141,-6.041,-1.4824,-0.0117
147182,0.1678,-0.3278,-0.9066,-7.0195,-1.3672,0.1855
147205,0.1614,-0.3258,-0.8888,-7.6094,-1.2871,0.4082
147228,0.162,-0.322,-0.8824,-8.2871,-1.1777,0.5723
147251,0.1646,-0.3212,-0.8926,-8.6328,-1.0938,0.8145
147274,0.1735,-0.3236,-0.9064,-8.6816,-1.0586,0.9473
147297,0.1777,-0.3201,-0.9099,-8.5547,-1.0488,1.0625
147320,0.1694,-0.3195,-0.9039,-8.3809,-1.0762,1.0625
147343,0.1654,-0.3147,-0.9011,-8.0547,-1.1582,0.9395
147366,0.1428,-0.3107,-0.8951,-7.6973,-1.2734,0.6836
147389,0.1605,-0.3118,-0.8927,-7.4629,-1.3281,0.4609
147412,0.1759,-0.3158,-0.895,-7.1387,-1.3301,0.0664
147435,0.1746,-0.318,-0.9099,-6.957,-1.2793,-0.2344
147458,0.1852,-0.3173,-0.9258,-6.7773,-1.1914,-0.7246
147481,0.1819,-0.3158,-0.9288,-6.75,-1.1816,-1.2246
147504,0.1752,-0.3158,-0.923,-6.8047,-1.248,-1.5293
147527,0.1647,-0.3129,-0.8988,-6.916,-1.4277,-1.8867
147550,0.168,-0.3101,-0.8999,-6.9375,-1.5508,-2.0293
147573,0.1703,-0.3079,-0.9052,-6.8105,-1.6758,-2.0879
147596,0.1705,-0.3141,-0.9043,-6.6055,-1.7012,-1.9902
147619,0.1752,-0.316,-0.9049,-6.1523,-1.6523,-1.8691
147642,0.1567,-0.3137,-0.8876,-5.582,-1.5098,-1.6523
147665,0.1663,-0.3112,-0.8771,-5.1719,-1.3594,-1.5039
147688,0.1885,-0.3208,-0.9047,-4.5703,-1.0586,-1.3105
147711,0.1973,-0.3267,-0.9084,-4.2324,-0.832,-1.2207
147734,0.1938,-0.3217,-0.91,-3.8965,-0.4961,-1.1582
147757,0.1565,-0.3145,-0.9275,-3.8066,-0.2246,-1.1582
147780,0.1587,-0.3,-0.9059,-3.875,-0.123,-1.1543
147803,0.1445,-0.2955,-0.881,-4.0937,-0.0879,-1.082
147826,0.1622,-0.3035,-0.8947,-4.2539,-0.0977,-0.9688
147849,0.1855,-0.3158,-0.9084,-4.4395,-0.1152,-0.7402
147872,0.1945,-0.3191,-0.9185,-4.5312,-0.1543,-0.5352
147895,0.1831,-0.3142,-0.9138,-4.541,-0.2168,-0.457
147918,0.1788,-0.3102,-0.9059,-4.4883,-0.3496,-0.4473
147941,0.1702,-0.3087,-0.8951,-4.4062,-0.4453,-0.4922
147964,0.1736,-0.3131,-0.8982,-4.2187,-0.6016,-0.5957
147987,0.1724,-0.3201,-0.9102,-3.5684,-0.8281,-0.6953
148010,0.171,-0.3236,-0.8927,-3.8594,-1.041,-0.7402
148033,0.1737,-0.325,-0.8694,-3.7148,-1.4102,-0.7637
148056,0.1776,-0.326,-0.8674,-3.666,-1.6426,-0.7422
148079,0.1798,-0.3231,-0.8782,-3.7051,-1.9336,-0.6582
148102,0.1772,-0.3195,-0.8846,-3.8496,-2.0996,-0.5645
148125,0.1791,-0.3153,-0.8912,-4.3203,-2.332,-0.3613
148148,0.1714,-0.3068,-0.9,-5.1504,-2.5117,-0.0898
148171,0.1628,-0.2959,-0.8792,-5.8945,-2.5645,0.125
148194,0.1752,-0.2941,-0.9052,-7.2402,-2.5039,0.4805
148217,0.1818,-0.2913,-0.9413,-8.2578,-2.4043,0.7187
148240,0.1736,-0.2867,-0.9421,-9.9258,-2.3086,1.0352
148263,0.1654,-0.2788,-0.9138,-11.6543,-2.3926,1.2656
148286,0.1493,-0.2693,-0.9021,-12.7285,-2.5586,1.3672
148309,0.1392,-0.2593,-0.9108,-14.084,-2.9727,1.4434
148332,0.1453,-0.2603,-0.9238,-14.8066,-3.4004,1.4453
148355,0.1461,-0.2599,-0.9199,-15.6777,-4.3574,1.3555
148378,0.1459,-0.26,-0.9233,-16.3438,-5.6484,1.1328
148401,0.1378,-0.2598,-0.8894,-16.6602,-6.5684,0.9102
148424,0.1241,-0.2528,-0.8658,-16.918,-7.8379,0.4922
148447,0.1162,-0.2402,-0.8672,-16.9902,-8.5762,0.1738
148470,0.1122,-0.2371,-0.9506,-17.2285,-9.6699,-0.3516
148493,0.1384,-0.2269,-0.9703,-17.7168,-10.5332,-0.7383
148516,0.1276,-0.1787,-0.9153,-19.2559,-12.123,-1.3711
148539,0.108,-0.1804,-1.0079,-21.7441,-13.9043,-2.0312
148562,0.1013,-0.2092,-1.0675,-23.873,-15.1035,-2.4531
148585,0.1664,-0.1969,-0.941,-27.7383,-17.0313,-3.0312
148608,0.0999,-0.1191,-0.785,-30.627,-18.5293,-3.3574
148631,-0.0078,-0.0806,-0.8502,-34.998,-20.9355,-3.6289
148654,-0.0164,-0.0781,-0.965,-39.457,-22.9668,-3.498
148677,0.0861,-0.0602,-1.0526,-42.9922,-24.0293,-3.2637
148700,0.0551,-0.0103,-0.9583,-49.9629,-25.4688,-3.043
148723,0.0291,0.0314,-0.8684,-55.7012,-26.1699,-3.1562
148746,0.0802,0.051,-0.8998,-64.0,-25.8965,-3.8672
148769,0.0516,0.0673,-0.9126,-64.0,-23.1484,-5.2969
148792,0.0721,0.0522,-0.9563,-64.0,-19.7246,-6.6465
148815,0.1954,0.0554,-0.8965,-64.0,-12.5332,-9.1406
148838,0.1436,0.0745,-0.8535,-64.0,-6.9629,-10.959
148861,0.0377,0.1068,-0.8978,-64.0,1.6602,-13.4668
148884,0.0748,0.1591,-0.8704,-64.0,7.2773,-15.1035
148907,0.0934,0.1796,-0.8336,-64.0,14.8984,-15.5059
148930,0.0714,0.1783,-0.868,-64.0,20.7871,-15.1113
148953,0.0952,0.1827,-0.8895,-64.0,23.4648,-14.3203
148976,0.0565,0.2032,-0.8505,-60.8691,25.3984,-12.6621
148999,0.0748,0.2162,-0.7799,-58.0234,25.3184,-11.416
149022,0.0955,0.2252,-0.7805,-55.0527,23.4668,-9.5996
149045,0.1125,0.2241,-0.835,-53.5898,20.2227,-8.1621
149068,0.1294,0.2488,-0.8236,-53.3906,17.6738,-7.5703
149091,0.0895,0.2936,-0.7681,-54.0527,13.668,-7.3066
149114,0.0679,0.3346,-0.7697,-54.9258,11.084,-7.4844
149137,0.0898,0.3549,-0.7786,-56.4844,7.7324,-8.0527
149160,0.1078,0.3578,-0.777,-58.0391,5.3145,-8.7637
149183,0.0881,0.389,-0.7773,-59.0,4.2852,-9.2539
149206,0.0483,0.4279,-0.795,-60.2266,3.6582,-9.9629
149229,0.0853,0.4404,-0.7809,-60.7891,3.8477,-10.3926
149252,0.0941,0.4479,-0.7743,-60.9316,4.7891,-10.9551
149275,0.0673,0.4539,-0.7173,-60.334,6.1055,-11.4238
149298,0.0753,0.4646,-0.6901,-58.0684,6.7949,-11.668
149321,0.0602,0.4788,-0.6478,-54.1016,7.7773,-11.9043
149344,0.088,0.4814,-0.6611,-50.707,8.3145,-11.998
149367,0.1127,0.4661,-0.7762,-45.127,8.9395,-12.1699
149390,0.16,0.4652,-0.7311,-41.5449,9.1816,-12.3984
149413,0.2186,0.5126,-0.7471,-36.9844,9.1562,-13.0059
149436,0.0895,0.5516,-0.7098,-33.5664,8.5957,-13.7969
149459,0.076,0.5398,-0.6995,-31.7656,8.123,-14.2578
149482,0.1388,0.5145,-0.6675,-29.4453,7.7949,-14.6621
149505,0.1694,0.473,-0.6536,-28.0391,7.9609,-14.7227
149528,0.13,0.4907,-0.7152,-26.166,8.6133,-14.6074
149551,0.0789,0.4906,-0.7317,-24.7988,9.0352,-14.4687
149574,0.0511,0.5101,-0.6718,-24.3145,8.7461,-14.5137
149597,0.0798,0.5062,-0.6045,-24.3516,7.1035,-14.9766
149620,0.0583,0.5328,-0.5657,-24.8848,5.2812,-15.5957
149643,0.0793,0.5925,-0.6764,-26.3223,2.0742,-16.8906
149666,-0.0389,0.5992,-0.6749,-28.0801,-0.5547,-18.2637
149689,0.0524,0.5115,-0.5853,-29.6445,-1.334,-18.9375
149712,0.0536,0.5233,-0.6184,-31.6719,-0.9492,-19.1738
149735,0.0442,0.6244,-0.5723,-32.9375,-0.0898,-18.6445
149758,0.0579,0.6317,-0.609,-34.6035,1.1367,-16.7109
149781,0.0814,0.632,-0.6002,-35.4805,1.5098,-14.709
149804,0.104,0.6283,-0.5079,-36.3086,1.123,-10.877
149827,0.0692,0.6194,-0.5369,-36.457,-0.3945,-6.5742
149850,0.0549,0.6112,-0.5607,-36.1406,-1.7832,-3.7949
149873,0.0398,0.6056,-0.5709,-34.9824,-3.7793,-0.2676
149896,0.0404,0.6244,-0.5205,-33.7266,-4.707,1.4609
149919,0.0541,0.658,-0.5529,-31.1309,-5.127,3.043
149942,0.057,0.6625,-0.5754,-27.791,-4.2734,3.6602
149965,0.0759,0.6244,-0.5352,-25.2441,-3.1113,3.7754
149988,0.1145,0.6226,-0.5144,-21.1543,-0.9883,3.8809
150011,0.0927,0.6281,-0.5596,-18.373,0.3164,4.0586
150034,0.0929,0.6215,-0.567,-14.293,1.7344,4.5703
150057,0.0935,0.6173,-0.564,-10.5215,2.3262,5.2305
150080,0.1033,0.626,-0.5541,-8.2988,2.2559,5.5957
150103,0.0839,0.6256,-0.5624,-5.5332,1.5801,5.7832
150126,0.0764,0.6187,-0.5673,-4.1172,0.873,5.5625
150149,0.0504,0.6251,-0.5707,-2.6367,-0.334,4.6621
150172,0.0626,0.6267,-0.5432,-2.0352,-1.1465,3.2383
150195,0.1243,0.6259,-0.536,-1.625,-2.3828,2.0996
150218,0.0979,0.6292,-0.5586,-1.7148,-3.7422,0.4805
150241,0.0996,0.6168,-0.5499,-2.0195,-4.7305,-0.4824
150264,0.0604,0.63,-0.5641,-2.7793,-6.2012,-1.8242
150287,0.0077,0.626,-0.5511,-3.4277,-7.0254,-2.793
150310,-0.0414,0.6427,-0.4999,-4.4629,-7.748,-4.582
150333,-0.0312,0.6282,-0.5486,-5.4258,-7.7344,-6.7246
150356,0.0464,0.6172,-0.519,-5.9629,-7.3691,-8.0723
150379,0.0781,0.6277,-0.5342,-6.502,-6.5098,-9.2715
150402,0.0907,0.6226,-0.54,-6.5898,-5.8203,-9.1406
150425,0.1256,0.6285,-0.5837,-6.1699,-4.4961,-7.2051
150448,0.0874,0.6144,-0.5885,-5.0605,-2.6191,-3.3516
150471,0.0732,0.6191,-0.5553,-4.043,-1.125,-0.1172
150494,0.0703,0.6219,-0.5496,-2.3633,1.0664,4.8223
150517,0.0481,0.6273,-0.5698,-1.2891,2.2305,7.6738
150540,0.1018,0.619,-0.5492,0.0254,3.2344,10.7539
150563,0.0771,0.6157,-0.577,0.5937,3.3184,12.2031
150586,0.0988,0.6245,-0.5433,0.8672,2.5723,12.3125
150609,0.0936,0.62,-0.572,0.4336,0.9414,11.4141
150632,0.0736,0.6184,-0.5427,-0.207,-0.4668,10.2695
150655,0.0558,0.6222,-0.54,-1.5488,-2.625,8.0312
150678,0.0942,0.6174,-0.5145,-2.5801,-3.8027,6.3848
150701,0.1007,0.6062,-0.5624,-4.1133,-4.7832,4.0352
150724,0.1639,0.567,-0.5134,-5.334,-4.5449,2.1855
150747,0.3728,0.5818,-0.5209,-5.7988,-3.7285,1.3809
150770,0.2146,0.6489,-0.5863,-5.6992,-1.7617,1.2031
150793,0.0103,0.6195,-0.62,-4.9824,-0.0918,2.1738
150816,-0.1552,0.637,-0.564,-2.9961,2.6777,5.8457
150839,0.2385,0.6089,-0.5756,-0.3711,5.1621,11.7793
150862,0.187,0.6178,-0.6226,1.3926,6.2773,16.0566
150885,0.1527,0.5801,-0.6041,3.5156,6.9043,21.0801
150908,0.0299,0.6165,-0.4814,4.3125,6.627,22.5762
150931,0.1041,0.6149,-0.562,4.3086,5.1934,21.2695
150954,0.1479,0.6101,-0.5845,3.5117,2.6738,16.0508
150977,0.1333,0.6021,-0.5858,1.3535,0.9824,11.0527
151000,0.1096,0.5947,-0.5981,-1.4902,-1.4863,2.5566
151023,0.1584,0.6006,-0.559,-3.4453,-2.5898,-3.0566
151046,0.0641,0.6282,-0.5565,-5.9805,-3.0098,-10.3574
151069,0.0454,0.6104,-0.532,-7.1758,-2.4336,-14.0684
151092,0.063,0.6023,-0.5353,-8.0117,-0.6543,-17.5469
151115,0.1422,0.5973,-0.5886,-7.6602,1.5605,-18.3691
151138,0.1465,0.6084,-0.5664,-6.8086,2.9336,-17.4512
151161,0.0867,0.6198,-0.5782,-4.7832,4.416,-14.123
151184,0.142,0.6082,-0.5917,-3.123,4.8887,-10.9199
151207,0.1476,0.6041,-0.6095,-0.625,4.7891,-5.4004
151230,0.1157,0.6028,-0.5365,1.2852,3.8105,-0.0664
151253,0.0404,0.6564,-0.579,1.957,2.7539,2.8613
151276,0.0767,0.6302,-0.5295,1.8457,0.8633,5.8066
151299,0.1609,0.5552,-0.5061,1.0234,-0.3047,6.6973
151322,0.2122,0.5774,-0.5439,-1.1211,-1.3125,6.5391
151345,0.224,0.6002,-0.5785,-3.8945,-0.832,5.0879
151368,0.202,0.5774,-0.5941,-5.457,0.4023,3.7305
151391,0.0323,0.6302,-0.5966,-7.2578,3.1855,1.5098
151414,0.0914,0.6,-0.501,-7.8066,5.1836,0.0645
151437,0.1693,0.5995,-0.63,-7.5664,7.5703,-1.9219
151460,0.1396,0.5781,-0.5808,-6.7715,8.4492,-3.0605
151483,0.0791,0.6169,-0.4941,-4.8496,8.5156,-4.3281
151506,0.087,0.6178,-0.5483,-2.334,7.3633,-4.8281
151529,0.1915,0.5811,-0.6299,-0.4609,6.373,-4.6289
151552,0.1821,0.5931,-0.5958,2.4004,5.3672,-3.4941
151575,0.1437,0.5952,-0.6166,4.1562,5.2031,-2.2754
151598,0.13,0.5928,-0.5813,6.2051,5.5391,-0.1543
151621,0.1588,0.5972,-0.5746,7.1719,6.0273,1.7012
151644,0.1986,0.5956,-0.6017,7.0937,6.1445,2.4883
151667,0.1881,0.5731,-0.5894,5.8984,5.7207,2.6777
151690,0.0912,0.5796,-0.5602,4.498,4.9336,2.0176
151713,0.0601,0.5875,-0.5155,1.8965,3.0508,-0.1855
151736,0.0978,0.5922,-0.5703,-0.6055,0.7559,-3.4473
151759,0.1134,0.5872,-0.6124,-1.8223,-0.6719,-5.7539
151782,0.1304,0.5757,-0.6179,-2.5469,-2.2988,-8.5469
151805,0.1442,0.5752,-0.6379,-2.2227,-2.9727,-9.5449
151828,0.1527,0.5918,-0.6273,-0.7129,-3.3828,-9.3594
151851,0.1624,0.58,-0.6215,0.7051,-3.3262,-7.125
151874,0.1581,0.5696,-0.5957,2.8047,-3.0215,-5.0215
151897,0.0945,0.5895,-0.5945,4.0898,-2.8437,-1.25
151920,0.1349,0.5775,-0.5457,4.2012,-2.9277,1.1504
151943,0.1326,0.5841,-0.5541,3.1582,-3.334,4.0391
151966,0.1483,0.5797,-0.5615,1.7949,-3.6484,5.3262
151989,0.1453,0.5918,-0.6084,-0.7812,-3.8437,6.25
152012,0.1575,0.5966,-0.6052,-3.3203,-3.3926,6.123
152035,0.1439,0.5903,-0.6107,-4.6777,-2.6816,5.5957
152058,0.1383,0.5581,-0.5928,-5.9609,-1.2227,4.3711
152081,0.1531,0.552,-0.6066,-6.3105,-0.2402,3.3887
152104,0.1276,0.5732,-0.6112,-6.207,0.8223,1.8535
152127,0.1232,0.5757,-0.6138,-5.5391,1.1719,0.4082
152150,0.1139,0.5682,-0.6123,-4.875,1.0234,-0.4258
152173,0.1313,0.5732,-0.5746,-3.6973,0.3477,-1.3555
152196,0.1349,0.5837,-0.5964,-2.877,-0.3047,-1.6816
152219,0.1765,0.5784,-0.597,-1.7363,-1.3613,-1.6055
152242,0.1619,0.5797,-0.5983,-1.1035,-1.9922,-0.8398
152265,0.167,0.5713,-0.5792,-0.4395,-2.7227,-0.0566
152288,0.1414,0.5789,-0.597,-0.1953,-3.2168,1.1875
152311,0.1318,0.5802,-0.6021,-0.2715,-3.4648,1.832
152334,0.1277,0.5676,-0.6128,-0.6836,-3.7891,2.2051
152357,0.1161,0.563,-0.6263,-1.0859,-3.9727,1.9629
152380,0.1056,0.5742,-0.6326,-1.752,-4.1504,0.8926
152403,0.1105,0.5743,-0.6431,-2.3555,-4.1348,-0.75
152426,0.139,0.5734,-0.597,-2.7012,-4.0215,-1.9277
152449,0.1323,0.573,-0.5795,-3.2109,-3.8496,-3.4414
152472,0.1284,0.5779,-0.582,-3.6113,-3.8223,-4.1211
152495,0.1433,0.5723,-0.5773,-4.3516,-3.9609,-4.5469
152518,0.1215,0.5793,-0.5638,-5.1797,-4.248,-4.373
152541,0.1227,0.5804,-0.573,-5.6621,-4.4648,-4.0762
152564,0.1089,0.5769,-0.6049,-6.0527,-4.7305,-3.6328
152587,0.0959,0.5742,-0.6421,-5.9785,-4.8164,-3.4746
152610,0.0923,0.572,-0.653,-5.2773,-4.7109,-3.5586
152633,0.1003,0.5685,-0.6377,-4.457,-4.4551,-3.9902
152656,0.11,0.5763,-0.6239,-2.9238,-3.832,-4.3672
152679,0.0947,0.577,-0.62,-1.4219,-3.0137,-4.8281
152702,0.1021,0.5726,-0.5969,-0.6621,-2.4004,-4.9355
152725,0.1097,0.5736,-0.5802,-0.1484,-1.4902,-4.6445
152748,0.1187,0.5736,-0.571,-0.2871,-0.9863,-4.1152
152771,0.1176,0.5751,-0.5911,-1.1426,-0.5547,-2.8867
152794,0.1257,0.5703,-0.6088,-2.4629,-0.5918,-1.3574
152817,0.1204,0.5732,-0.606,-3.3691,-0.8164,-0.3262
152840,0.1018,0.5785,-0.6212,-4.4512,-1.2852,1.0059
152863,0.0986,0.5702,-0.6237,-4.8574,-1.6035,1.6309
152886,0.1085,0.5706,-0.6172,-4.9219,-2.0078,2.0664
152909,0.1057,0.577,-0.6111,-4.4512,-2.3262,1.9297
152932,0.1121,0.5764,-0.6094,-3.9687,-2.5215,1.6055
152955,0.1165,0.5784,-0.6163,-3.2344,-2.8418,0.9375
152978,0.1086,0.564,-0.6117,-2.877,-3.1055,0.4551
153001,0.0787,0.5751,-0.593,-2.707,-3.5996,-0.2324
153024,0.1035,0.5753,-0.5986,-3.3711,-4.1836,-0.8359
153047,0.105,0.5743,-0.6042,-3.4648,-4.5781,-1.166
153070,0.0969,0.5746,-0.6074,-4.2734,-5.0664,-1.5176
153093,0.1002,0.5754,-0.6045,-4.7969,-5.2559,-1.6484
153116,0.0891,0.5747,-0.6144,-5.3945,-5.2598,-1.7031
153139,0.0967,0.5767,-0.6161,-5.6074,-5.0664,-1.6641
153162,0.1082,0.5741,-0.6105,-5.6348,-4.5059,-1.5273
153185,0.1071,0.5759,-0.608,-5.3848,-3.7285,-1.332
153208,0.0968,0.5806,-0.5948,-5.1309,-3.1641,-1.2031
153231,0.0948,0.576,-0.5927,-4.7305,-2.377,-1.0898
153254,0.0953,0.5719,-0.5806,-4.498,-1.9609,-1.1152
153277,0.0881,0.5792,-0.5991,-4.2129,-1.5391,-1.3438
153300,0.0874,0.5731,-0.6135,-3.9121,-1.2813,-1.7852
153323,0.0809,0.5682,-0.6285,-3.625,-1.1211,-2.1602
153346,0.0728,0.5688,-0.6294,-2.9746,-0.8047,-2.7461
153369,0.0785,0.5714,-0.6274,-2.3887,-0.5273,-3.0781
153392,0.0841,0.5687,-0.6326,-1.3672,-0.0684,-3.3457
153415,0.0978,0.5687,-0.6262,-0.3672,0.3281,-3.1758
153438,0.1053,0.571,-0.6177,0.1602,0.498,-2.7617
153461,0.1198,0.5651,-0.6135,0.5762,0.5312,-1.7168
153484,0.1017,0.5671,-0.6,0.5371,0.377,-0.8281
153507,0.0983,0.5739,-0.6088,-0.0078,-0.0957,0.5391
153530,0.0925,0.5671,-0.6115,-0.6387,-0.5215,1.8125
153553,0.0833,0.5686,-0.6177,-1.8066,-1.2031,2.0449
153576,0.0813,0.5695,-0.6224,-2.9727,-1.791,2.1406
153599,0.0861,0.5667,-0.609,-3.6152,-2.0762,1.875
153622,0.0881,0.563,-0.6218,-4.2363,-2.3066,1.1465
153645,0.0906,0.5667,-0.625,-4.3887,-2.3262,0.5781
153668,0.0934,0.5657,-0.6262,-4.2324,-2.1582,-0.1582
153691,0.0919,0.5619,-0.6257,-3.6953,-1.7969,-0.5488
153714,0.0973,0.5659,-0.6211,-3.207,-1.4922,-0.5566
153737,0.1023,0.5656,-0.6324,-2.4121,-0.9902,-0.1816
153760,0.1012,0.5604,-0.6323,-1.9258,-0.6426,0.291
153783,0.1173,0.5625,-0.6335,-1.3926,-0.1387,1.2305
153806,0.1107,0.5667,-0.6235,-1.2344,0.2305,2.2715
153829,0.101,0.5653,-0.624,-1.3945,0.3262,2.9082
153852,0.1063,0.5645,-0.6226,-2.0625,0.1699,3.6172
153875,0.0975,0.5681,-0.6063,-2.7793,-0.1426,3.8613
153898,0.1016,0.5663,-0.599,-4.1523,-0.8828,3.8418
153921,0.097,0.5663,-0.6003,-5.168,-1.5059,3.4082
153944,0.1,0.5691,-0.6035,-6.6016,-2.5078,2.9551
153967,0.0986,0.5681,-0.5964,-7.6289,-3.4102,2.1562
153990,0.0964,0.5704,-0.6023,-7.9336,-3.8691,1.6191
154013,0.0859,0.5828,-0.6089,-7.668,-4.2363,0.9258
154036,0.0898,0.5811,-0.6257,-6.9707,-4.2187,0.5918
154059,0.094,0.5743,-0.6331,-5.207,-3.8242,0.373
154082,0.0732,0.5886,-0.6046,-2.8516,-3.2383,0.5703
154105,0.0937,0.5514,-0.6233,-1.1797,-2.9492,0.9531
154128,0.1168,0.5447,-0.6396,1.0938,-2.8359,1.8691
154151,0.134,0.5381,-0.6681,2.2695,-2.916,2.6328
154174,0.1207,0.5436,-0.6616,3.3379,-3.0508,3.8086
154197,0.1332,0.5281,-0.6582,3.4727,-3.041,4.7129
154220,0.1085,0.5273,-0.6545,3.0254,-2.9922,5.0039
154243,0.0884,0.5588,-0.6454,1.6133,-3.043,4.8379
154266,0.0992,0.5618,-0.6169,0.2676,-3.2578,4.3184
154289,0.0897,0.5634,-0.6158,-2.125,-3.9336,3.0605
154312,0.0819,0.5618,-0.6185,-3.8145,-4.5703,1.4883
154335,0.0941,0.5632,-0.6123,-6.2246,-5.584,0.4336
154358,0.0924,0.5629,-0.6349,-8.1953,-6.3633,-0.9277
154381,0.0863,0.5624,-0.624,-9.1484,-6.6172,-1.582
154404,0.0868,0.5675,-0.6403,-9.9629,-6.5176,-2.0898
154427,0.0826,0.5737,-0.6392,-10.1074,-6.1406,-2.1035
154450,0.0826,0.564,-0.6412,-9.8359,-5.2422,-1.6797
154473,0.1066,0.5488,-0.6152,-9.2227,-4.2383,-0.8496
154496,0.098,0.5677,-0.5652,-8.7812,-3.6777,-0.168
154519,0.1293,0.5796,-0.5994,-8.2305,-3.1133,0.8691
154542,0.1014,0.5739,-0.6301,-7.9707,-2.8906,1.4609
154565,0.0878,0.5648,-0.6396,-7.7617,-2.6953,2.0098
154588,0.0834,0.5728,-0.6106,-7.7812,-2.5547,1.9883
154611,0.0844,0.573,-0.5933,-7.9219,-2.4629,1.6133
154634,0.0731,0.5841,-0.6062,-8.291,-2.3613,0.5547
154657,0.0702,0.5822,-0.6069,-8.5918,-2.3262,-0.3945
154680,0.0544,0.5796,-0.6096,-8.9941,-2.2891,-1.9453
154703,0.0773,0.5714,-0.5961,-9.1621,-2.1914,-3.3145
154726,0.0834,0.5759,-0.5974,-9.1523,-2.0723,-3.9492
154749,0.0897,0.573,-0.604,-8.7285,-1.8848,-4.3223
154772,0.0822,0.5789,-0.5762,-8.1699,-1.8105,-4.1621
154795,0.1051,0.5785,-0.5815,-6.8965,-1.8223,-3.4004
154818,0.0908,0.5687,-0.6365,-5.7695,-1.875,-2.6484
154841,0.0819,0.5686,-0.636,-3.7227,-1.7988,-1.3867
154864,0.093,0.5765,-0.6432,-1.3965,-1.2734,-0.2383
154887,0.0911,0.5986,-0.6428,0.1758,-0.6562,0.3301
154910,0.0751,0.6249,-0.6447,2.2988,0.4687,0.752
154933,0.0261,0.6053,-0.6128,3.3711,1.2383,0.7148
154956,0.0159,0.5609,-0.6245,4.125,2.5293,0.2109
154979,0.0529,0.5813,-0.7924,3.5547,4.334,-0.7344
155002,0.1383,0.645,-0.675,2.5898,5.7539,-1.5527
155025,0.1151,0.6321,-0.5994,1.3516,7.7109,-2.9629
155048,0.0837,0.5626,-0.6614,1.4395,8.666,-3.8906
155071,0.1224,0.5721,-0.7086,3.6934,9.4082,-4.9434
155094,0.1761,0.5393,-0.7379,8.3984,9.1914,-5.3145
155117,0.1819,0.4958,-0.7809,12.4668,8.3926,-5.1172
155140,0.1724,0.4741,-0.7754,19.0703,6.0977,-4.0937
155163,0.1241,0.4719,-0.7638,23.3555,3.8867,-2.873
155186,0.0834,0.4674,-0.7112,29.1289,-0.0977,-0.168
155209,0.0745,0.455,-0.6587,32.416,-2.877,3.168
155232,0.0641,0.4268,-0.6841,36.4141,-6.6016,6.1094
155255,0.0728,0.3849,-0.7158,39.0859,-9.2187,9.8496
155278,0.1001,0.3597,-0.7023,39.9355,-10.2637,11.7812
155301,0.0919,0.3505,-0.6538,39.5957,-11.0781,13.3164
155324,0.0624,0.3378,-0.6218,38.3184,-11.3477,13.3145
155347,0.037,0.348,-0.6173,35.1289,-11.5742,11.959
155370,0.0397,0.34,-0.6249,30.9121,-11.5937,9.5469
155393,0.0397,0.3423,-0.626,27.793,-11.4141,7.7031
155416,0.0587,0.3734,-0.6426,22.9258,-10.7852,5.0098
155439,0.0917,0.4253,-0.735,19.6484,-10.1816,3.4297
155462,0.069,0.4564,-0.8312,14.6953,-9.2148,1.5898
155485,0.0476,0.476,-0.9153,9.6797,-8.4668,0.5879
155508,0.0684,0.4902,-0.9139,6.4434,-8.2012,0.4531
155531,0.0897,0.516,-0.9199,2.377,-8.2031,1.002
155554,0.0488,0.517,-0.9604,0.709,-8.4258,1.7773
155577,0.0996,0.4768,-0.9622,0.5977,-8.9473,3.3926
155600,0.1206,0.4429,-0.969,2.4727,-9.3535,5.3984
155623,0.0331,0.4193,-0.9623,8.4863,-9.918,6.9004
155646,0.0822,0.3884,-0.9698,18.0762,-10.002,9.3496
155669,0.1628,0.3569,-0.9951,25.9844,-9.6133,11.0098
155692,0.1251,0.3086,-1.0217,39.0508,-8.4609,13.1914
155715,0.1467,0.2686,-1.0416,47.8945,-7.4629,14.2539
155738,0.1863,0.229,-0.9937,60.3945,-5.998,15.1309
155761,0.2084,0.1838,-1.0165,63.998,-4.9668,15.2695
155784,0.1934,0.1383,-1.0171,63.998,-4.6445,15.1523
155807,0.2126,0.0851,-1.0046,63.998,-4.8125,15.1348
155830,0.2513,0.0465,-1.0123,63.998,-5.3828,15.5098
155853,0.2438,-0.0027,-1.0027,63.998,-6.9141,17.0508
155876,0.2101,-0.0516,-0.9423,63.998,-8.9727,20.1367
155899,0.2161,-0.1129,-0.8669,63.998,-10.3477,23.1719
155922,0.2334,-0.1708,-0.7985,63.998,-12.0566,29.166
155945,0.3069,-0.2205,-0.7495,63.998,-12.8633,33.998
155968,0.2275,-0.2751,-0.7059,63.998,-13.5391,42.2441
155991,0.0475,-0.3065,-0.7249,63.998,-13.4961,51.5625
156014,0.0608,-0.3422,-0.7749,63.998,-11.9687,58.3652
156037,0.1033,-0.3688,-0.7776,63.998,-8.3398,63.998
156060,0.016,-0.3956,-0.7533,63.998,-5.1719,63.998
156083,-0.0219,-0.4,-0.6838,63.998,-0.1543,63.998
156106,-0.0538,-0.4318,-0.6682,63.998,3.0391,63.998
156129,-0.0396,-0.4833,-0.7548,63.998,7.252,63.998
156152,-0.0511,-0.5035,-0.74,63.998,10.1582,63.998
156175,-0.0947,-0.498,-0.6919,63.998,11.0449,63.998
156198,-0.1265,-0.5013,-0.7604,57.2813,10.9258,63.998
156221,-0.1481,-0.4741,-0.7428,49.1387,10.1621,63.998
156244,-0.1411,-0.448,-0.6787,37.418,8.3398,63.998
156267,-0.1649,-0.4543,-0.7776,26.0078,5.8164,63.998
156290,-0.1862,-0.4628,-0.8778,18.3105,3.8281,63.998
156313,-0.1593,-0.4308,-0.881,6.3477,0.7129,63.998
156336,-0.0874,-0.3925,-0.8562,-1.8203,-1.2773,63.998
156359,-0.0823,-0.3682,-0.9113,-13.7852,-4.0039,63.998
156382,-0.134,-0.3409,-0.9908,-24.6309,-6.2871,58.8164
156405,-0.1479,-0.3242,-1.0126,-30.5352,-7.4316,53.8027
156428,-0.104,-0.3046,-0.9684,-37.4141,-8.5156,47.3359
156451,-0.0464,-0.3091,-0.9615,-40.3496,-8.8691,43.8066
156474,-0.123,-0.3224,-0.9854,-42.0781,-8.9824,39.6836
156497,-0.1903,-0.3184,-0.963,-41.457,-8.7891,37.7402
156520,-0.1808,-0.312,-0.8796,-38.0527,-8.0039,36.0762
156543,-0.1392,-0.3232,-0.7999,-32.1602,-6.7637,35.7129
156566,-0.1183,-0.3613,-0.8528,-27.2949,-5.8691,35.8926
156589,-0.1477,-0.3777,-0.8987,-19.5527,-4.6875,36.25
156612,-0.184,-0.3896,-0.9199,-14.6797,-4.1289,36.3145
156635,-0.1426,-0.3801,-0.8582,-8.543,-3.709,35.959
156658,-0.1663,-0.3757,-0.8195,-4.0996,-3.6484,35.0156
156681,-0.181,-0.3657,-0.8135,-2.0078,-3.582,34.1113
156704,-0.1812,-0.3445,-0.9113,0.043,-3.0996,32.502
156727,-0.2092,-0.3286,-0.9612,0.7852,-2.4277,31.3457
156750,-0.1226,-0.3271,-0.9478,1.1719,-0.832,29.5879
156773,-0.1332,-0.3503,-0.9374,1.0996,1.2637,27.8691
156796,-0.129,-0.374,-0.9594,1.0625,2.7383,26.8281
156819,-0.0896,-0.3743,-0.9197,1.4043,4.8789,25.6367
156842,-0.1146,-0.3594,-0.8221,2.1016,6.2754,25.2344
156865,-0.1842,-0.3645,-0.8229,4.0898,8.5645,25.4785
156888,-0.2251,-0.3726,-0.8419,5.9961,10.4336,26.7949
156911,-0.1051,-0.365,-0.9302,9.2832,13.9258,28.2969
156934,-0.1261,-0.3524,-0.9603,12.3105,17.8203,30.4668
156957,-0.1813,-0.3326,-0.9281,13.8691,20.3574,31.4941
156980,-0.0731,-0.345,-0.8817,15.502,23.9668,31.7617
157003,-0.0693,-0.4451,-0.926,16.291,26.5156,30.832
157026,0.0465,-0.4945,-0.9323,17.3047,31.373,27.627
157049,0.0631,-0.5311,-0.9178,18.2598,37.3965,22.4551
157072,0.0,-0.5216,-0.8684,18.9336,41.6387,18.1504
157095,0.0436,-0.4652,-0.9089,20.1719,47.5664,10.9551
157118,0.0304,-0.4313,-0.8936,21.2617,50.6914,6.0176
157141,0.0394,-0.4016,-0.8997,23.334,53.2031,-0.9922
157164,0.0905,-0.3778,-0.9232,25.5215,51.9023,-6.8437
157187,0.0095,-0.3746,-0.856,26.5859,48.4609,-9.7891
157210,-0.019,-0.4272,-0.9634,26.7539,39.6582,-12.4492
157233,0.0479,-0.3383,-0.8765,25.4824,31.8086,-13.0195
157256,-0.0864,-0.2875,-0.9508,21.2129,18.2051,-12.416
157279,-0.2113,-0.2552,-0.9547,16.8926,8.791,-10.9844
157302,-0.0055,-0.3311,-1.1615,8.459,-4.5703,-10.3672
157325,-0.0062,-0.3649,-0.9818,-1.9102,-16.6797,-11.6484
157348,-0.188,-0.3805,-0.8907,-9.3965,-24.1953,-14.916
157371,0.105,-0.4386,-1.0724,-20.5273,-34.7793,-24.4023
157394,-0.0021,-0.4465,-0.9822,-27.4453,-41.7402,-33.8574
157417,-0.1111,-0.4149,-0.8595,-36.3164,-52.4492,-51.8398
157440,-0.1544,-0.3848,-0.7284,-42.3262,-62.7988,-64.0
157463,-0.1632,-0.3978,-0.6826,-44.3281,-64.0,-64.0
157486,-0.1399,-0.3762,-0.6442,-44.5156,-64.0,-64.0
157509,-0.2115,-0.3546,-0.7233,-43.3711,-64.0,-64.0
157532,-0.2657,-0.317,-0.7203,-41.332,-64.0,-64.0
157555,-0.2804,-0.3032,-0.7534,-40.8008,-64.0,-64.0
157578,-0.2267,-0.3147,-0.7593,-42.0293,-64.0,-64.0
157601,-0.1438,-0.3268,-0.7433,-46.6289,-64.0,-64.0
157624,-0.1624,-0.2938,-0.6929,-51.3633,-64.0,-64.0
157647,-0.2137,-0.2349,-0.7198,-60.168,-64.0,-64.0
157670,-0.2332,-0.1792,-0.7526,-64.0,-64.0,-64.0
157693,-0.1179,-0.2106,-0.7916,-64.0,-60.8594,-64.0
157716,0.0406,-0.2601,-0.8658,-64.0,-52.3008,-64.0
157739,0.0759,-0.2382,-0.8611,-64.0,-47.5254,-64.0
157762,0.0171,-0.1589,-0.8656,-64.0,-42.5957,-64.0
157785,-0.0155,-0.0894,-0.9443,-64.0,-40.5605,-64.0
157808,-0.0273,-0.1467,-1.0608,-64.0,-38.1602,-64.0
157831,0.0262,-0.1636,-0.9686,-64.0,-34.5371,-64.0
157854,0.0037,-0.0675,-0.8123,-64.0,-30.4961,-64.0
157877,-0.2219,-0.0469,-0.8091,-64.0,-21.3203,-56.6953
157900,-0.17,-0.0361,-0.859,-64.0,-13.0312,-40.5488
157923,-0.051,-0.0352,-0.9235,-64.0,1.7969,-15.4746
157946,-0.1335,0.0211,-0.9573,-46.5762,16.9063,8.1816
157969,-0.2432,0.0369,-1.0454,-32.1211,25.7012,22.0
157992,-0.1875,0.0468,-1.0145,-12.5391,35.9336,38.7422
158015,-0.1702,0.0704,-0.9359,-1.457,40.6094,46.9395
158038,-0.2358,0.0533,-1.0376,11.8555,44.4043,54.6289
158061,-0.1322,-0.0035,-1.1736,21.4531,44.5293,57.0098
158084,-0.0562,-0.0177,-1.1696,24.918,42.6563,55.9219
158107,-0.126,-0.0088,-1.0845,27.7988,37.002,51.0
158130,-0.2764,-0.0366,-0.9786,28.4102,31.5977,46.1602
158153,-0.1731,-0.1146,-0.9869,28.6387,22.1738,37.8184
158176,0.0608,-0.1945,-1.0557,28.9102,15.707,32.1191
158199,0.0581,-0.2344,-1.0004,29.9883,6.084,23.9668
158222,0.0333,-0.2042,-0.9354,32.1328,-3.3223,16.8711
158245,-0.0492,-0.1702,-0.8861,34.2344,-8.8906,13.1016
158268,-0.1349,-0.1678,-0.9945,38.0254,-14.7988,9.4121
158291,-0.1976,-0.1754,-1.1857,40.2754,-16.5742,8.4277
158314,-0.2147,-0.2222,-1.1875,41.6035,-15.9023,9.0762
158337,-0.1691,-0.256,-1.0736,39.3633,-11.7148,11.6191
158360,-0.1683,-0.2606,-0.8369,36.1738,-7.1562,13.7969
158383,-0.0844,-0.235,-0.7784,30.3945,2.5996,16.8496
158406,-0.0271,-0.2291,-0.998,26.6914,11.1875,18.25
158429,0.0413,-0.2135,-1.2194,21.6191,26.1152,18.8594
158452,-0.0118,-0.1857,-1.0974,16.4531,40.1016,17.5918
158475,-0.0392,-0.1699,-0.8954,12.8477,47.0566,15.8867
158498,-0.0011,-0.1835,-0.8013,7.8125,52.5918,12.4492
158521,0.0044,-0.2072,-0.9015,5.0801,52.9238,9.7734
158544,0.0018,-0.2087,-0.9302,1.9453,48.793,5.4453
158567,-0.0251,-0.1948,-0.8903,0.2148,43.4316,1.4883
158590,0.0139,-0.2104,-0.8971,-2.375,32.8418,-1.8535
158613,0.0677,-0.2408,-0.9921,-5.4375,21.3047,-5.916
158636,0.0724,-0.257,-0.996,-7.8926,14.1836,-8.4082
158659,0.0428,-0.2385,-0.899,-12.0625,5.5957,-11.6777
158682,0.0405,-0.2482,-0.9106,-14.8516,1.7949,-13.4297
158705,0.0713,-0.2466,-0.9467,-18.4473,-0.7461,-15.2305
158728,0.0743,-0.2318,-0.9393,-20.9492,-0.3066,-15.9375
158751,0.0485,-0.2212,-0.8881,-21.9434,0.8555,-15.8047
158774,0.0552,-0.2048,-0.8386,-22.4609,2.8281,-14.7969
158797,0.0662,-0.1962,-0.8555,-22.2617,3.8965,-13.6914
158820,0.0416,-0.1782,-0.8743,-21.5059,4.8418,-11.6133
158843,0.0455,-0.1688,-0.9043,-20.8066,5.0684,-9.291
158866,0.0446,-0.1506,-0.9634,-20.709,4.8984,-7.7441
158889,0.0393,-0.1329,-0.9939,-21.5059,4.0937,-5.5879
158912,0.0417,-0.1271,-0.9854,-22.7168,3.1191,-4.3242
158935,0.042,-0.1119,-0.9841,-25.209,1.1211,-2.7324
158958,0.0389,-0.0952,-0.9458,-26.9199,-0.3457,-1.4785
158981,0.038,-0.084,-0.9408,-28.748,-2.2949,-0.7773
159004,0.0327,-0.083,-0.9457,-28.9746,-3.5762,0.1523
159027,0.0287,-0.082,-0.9601,-28.0957,-4.0117,0.7051
159050,0.0164,-0.088,-0.9429,-25.3555,-4.1367,1.4063
159073,0.0394,-0.0875,-0.9581,-22.7422,-3.9453,1.7441
159096,0.0393,-0.0997,-0.9323,-17.9844,-3.3613,1.9824
159119,0.0356,-0.1019,-0.9036,-12.6543,-2.4531,1.8379
159142,0.0405,-0.1133,-0.9072,-9.0371,-1.6699,1.5176
159165,0.0657,-0.1255,-0.9653,-3.9473,-0.3242,0.7324
159188,0.0529,-0.1344,-0.963,-1.043,0.5371,0.0371
159211,0.0385,-0.1298,-0.9137,2.2617,1.5254,-1.1328
159234,0.0729,-0.1392,-0.9269,4.25,2.1445,-2.2617
159257,0.0596,-0.1365,-0.901,4.9414,2.4102,-2.8906
159280,0.0371,-0.1321,-0.9104,5.2266,2.6953,-3.5508
159303,0.0593,-0.1304,-0.951,4.9863,2.8672,-3.7695
159326,0.0619,-0.126,-0.9216,4.0527,3.127,-3.791
159349,0.0378,-0.1229,-0.9143,3.1074,3.2773,-3.543
159372,0.0696,-0.1268,-0.9479,1.3711,3.4082,-3.2871
159395,0.0747,-0.1281,-0.979,-0.5781,3.2734,-2.8652
159418,0.0552,-0.1248,-0.9707,-1.9102,2.9395,-2.5957
159441,0.0392,-0.1182,-0.9249,-3.7598,2.0391,-2.2148
159464,0.0398,-0.1185,-0.9049,-4.7363,1.2773,-1.9629
159487,0.0468,-0.1216,-0.9279,-5.6016,0.1738,-1.5801
159510,0.0453,-0.1257,-0.9337,-5.709,-0.6289,-1.2305
159533,0.0406,-0.1299,-0.9364,-5.4375,-0.9316,-1.0449
159556,0.0393,-0.1305,-0.9132,-4.6836,-1.0957,-0.8652
159579,0.043,-0.1324,-0.9132,-4.0527,-1.0898,-0.8145
159602,0.0599,-0.1345,-0.9314,-3.0781,-1.0254,-0.8398
159625,0.0577,-0.1407,-0.9125,-2.2441,-0.875,-0.9648
159648,0.0707,-0.1395,-0.9363,-1.832,-0.6348,-1.0801
159671,0.0972,-0.1467,-0.9594,-1.4863,-0.0137,-1.2578
159694,0.0894,-0.1382,-0.9437,-1.4531,0.5293,-1.3438
159717,0.0557,-0.1302,-0.9242,-1.6523,1.4121,-1.3535
159740,0.0425,-0.1207,-0.9165,-2.3984,2.2148,-1.1367
159763,0.0391,-0.1195,-0.9313,-2.3691,2.6211,-0.8535
159786,0.0463,-0.119,-0.9359,-2.9395,2.9277,-0.2734
159809,0.0442,-0.1171,-0.9272,-3.3613,2.8867,0.1504
159832,0.0389,-0.1205,-0.9303,-4.0098,2.4453,0.7187
159855,0.0554,-0.1273,-0.9237,-4.4102,1.9551,0.9902
159878,0.0759,-0.1335,-0.9244,-4.8926,1.1035,1.1621
159901,0.0865,-0.1415,-0.9298,-5.166,0.3281,1.0039
159924,0.0917,-0.1476,-0.9507,-5.2305,-0.0703,0.7266
159947,0.0823,-0.139,-0.9438,-5.2109,-0.5078,0.1406
159970,0.0527,-0.1282,-0.9265,-5.1562,-0.7441,-0.2891
159993,0.0441,-0.1217,-0.9155,-5.0488,-1.0508,-0.8379
160016,0.057,-0.1206,-0.9264,-4.9219,-1.2656,-1.1445
160039,0.0453,-0.1199,-0.9237,-4.832,-1.3438,-1.1895
160062,0.0505,-0.1262,-0.9296,-4.7207,-1.4043,-1.0488
160085,0.0443,-0.1179,-0.9293,-4.6797,-1.4473,-0.8633
160108,0.0588,-0.1239,-0.9497,-4.709,-1.5879,-0.5371
160131,0.0807,-0.1268,-0.9537,-4.8711,-1.8652,-0.2598
160154,0.0693,-0.127,-0.9421,-5.0391,-2.0977,-0.1504
160177,0.0518,-0.1229,-0.9362,-5.2949,-2.3848,-0.1211
160200,0.048,-0.1198,-0.9421,-5.4141,-2.4727,-0.1836
160223,0.0645,-0.1222,-0.936,-5.4609,-2.4453,-0.3555
160246,0.0419,-0.1187,-0.9166,-5.3867,-2.3477,-0.502
160269,0.04,-0.1232,-0.916,-5.1113,-2.1094,-0.7285
160292,0.058,-0.1277,-0.9259,-4.6719,-1.832,-0.9297
160315,0.045,-0.1266,-0.91,-4.334,-1.7031,-1.0527
160338,0.0455,-0.1309,-0.9353,-3.8379,-1.6543,-1.2324
160361,0.0637,-0.1318,-0.939,-3.5547,-1.7109,-1.3496
160384,0.0499,-0.1274,-0.9241,-3.2598,-1.9004,-1.5117
160407,0.0651,-0.1332,-0.927,-3.1367,-2.0957,-1.6289
160430,0.0697,-0.13,-0.9396,-3.1445,-2.1348,-1.666
160453,0.0436,-0.1227,-0.9564,-3.293,-2.0078,-1.6445
160476,0.0391,-0.1218,-0.9462,-3.4766,-1.8223,-1.5703
160499,0.0453,-0.1183,-0.8964,-3.8145,-1.4766,-1.3691
160522,0.0386,-0.1138,-0.9072,-4.082,-1.0918,-1.0996
160545,0.059,-0.1146,-0.9384,-4.1836,-0.8008,-0.9219
160568,0.075,-0.1202,-0.9698,-4.2676,-0.3633,-0.7344
160591,0.059,-0.1161,-0.969,-4.3301,-0.1426,-0.7012
160614,0.0396,-0.1163,-0.9321,-4.4531,-0.0273,-0.793
160637,0.041,-0.1207,-0.9098,-4.5098,-0.0859,-1.0156
160660,0.0475,-0.1233,-0.9279,-4.4609,-0.2539,-1.2109
160683,0.0598,-0.1354,-0.9485,-4.2383,-0.4277,-1.5391
160706,0.0759,-0.1384,-0.9386,-4.0293,-0.543,-1.7676
160729,0.0476,-0.1348,-0.9117,-3.6699,-0.7285,-2.0918
160752,0.0482,-0.1315,-0.9172,-3.4082,-0.8496,-2.2598
160775,0.0455,-0.1278,-0.9014,-3.0117,-1.0117,-2.3828
160798,0.0388,-0.1221,-0.9072,-2.6953,-1.1035,-2.3262
160821,0.0573,-0.1263,-0.9252,-2.5937,-1.0996,-2.1953
160844,0.0745,-0.1294,-0.9498,-2.7051,-1.0508,-1.9238
160867,0.0658,-0.132,-0.9624,-2.998,-1.0566,-1.7305
160890,0.0513,-0.1302,-0.9353,-3.7383,-1.1621,-1.4648
160913,0.0448,-0.1274,-0.8961,-4.666,-1.2949,-1.2344
160936,0.0388,-0.1191,-0.9197,-5.25,-1.3477,-1.0996
160959,0.0529,-0.1161,-0.9364,-5.9609,-1.3438,-0.9238
160982,0.0643,-0.1174,-0.9508,-6.3184,-1.293,-0.8281
161005,0.0635,-0.1141,-0.9608,-6.7227,-1.2109,-0.7168
161028,0.0421,-0.1089,-0.9441,-6.916,-1.2207,-0.6328
161051,0.0393,-0.1053,-0.9342,-7.0781,-1.3652,-0.5762
161074,0.0396,-0.1091,-0.9291,-7.0332,-1.5801,-0.4766
161097,0.0404,-0.1174,-0.928,-6.8691,-1.6895,-0.4062
161120,0.04,-0.1185,-0.9186,-6.4355,-1.7363,-0.3262
161143,0.0437,-0.1226,-0.9248,-6.0508,-1.6855,-0.3066
161166,0.0551,-0.1195,-0.9163,-5.4102,-1.5273,-0.3477
161189,0.0386,-0.115,-0.9067,-4.7969,-1.3398,-0.4687
161212,0.0635,-0.1173,-0.9313,-4.4609,-1.2031,-0.582
161235,0.0664,-0.1215,-0.9624,-4.1621,-1.0039,-0.7695
161258,0.0621,-0.1193,-0.9524,-4.1445,-0.8945,-0.8848
161281,0.0497,-0.1141,-0.9445,-4.3711,-0.7754,-1.0
161304,0.0387,-0.1086,-0.9304,-4.7559,-0.6934,-0.998
161327,0.0399,-0.1014,-0.9006,-4.998,-0.6348,-0.9121
161350,0.043,-0.1083,-0.9207,-5.207,-0.5078,-0.6719
161373,0.0541,-0.115,-0.9409,-5.2187,-0.418,-0.4687
161396,0.0472,-0.1163,-0.9276,-5.0781,-0.3105,-0.1562
161419,0.0464,-0.1182,-0.9376,-4.9102,-0.2578,0.0996
161442,0.062,-0.1138,-0.9458,-4.625,-0.2812,0.2187
161465,0.0376,-0.1111,-0.9255,-4.375,-0.4492,0.3145
161488,0.0487,-0.114,-0.9263,-4.2461,-0.6113,0.3281
161511,0.0443,-0.1144,-0.9224,-4.1074,-0.8125,0.291
161534,0.0399,-0.1118,-0.922,-4.0508,-0.8867,0.2422
161557,0.0576,-0.1155,-0.9249,-4.0117,-0.8984,0.1543
161580,0.058,-0.1127,-0.9357,-4.0254,-0.7461,0.0684
161603,0.0386,-0.1111,-0.9261,-4.0703,-0.543,0.0176
161626,0.049,-0.11,-0.9219,-4.1953,-0.0703,-0.0254
161649,0.0775,-0.113,-0.9382,-4.3184,0.3379,-0.0273
161672,0.0752,-0.1123,-0.9719,-4.5645,0.957,-0.0059
161695,0.0626,-0.1082,-0.9558,-4.8867,1.3633,0.0371
161718,0.0544,-0.104,-0.9301,-5.0957,1.4512,0.0859
161741,0.0415,-0.1042,-0.9203,-5.2871,1.334,0.2031
161764,0.0585,-0.1075,-0.9312,-5.2754,1.1523,0.3145
161787,0.047,-0.1096,-0.9308,-5.0332,0.8457,0.5098
161810,0.0411,-0.113,-0.9214,-4.5723,0.6055,0.7109
161833,0.0653,-0.1141,-0.9259,-4.1855,0.4961,0.8223
161856,0.0525,-0.1106,-0.9249,-3.5625,0.3633,0.916
161879,0.0381,-0.1057,-0.9182,-3.1641,0.2832,0.916
161902,0.0448,-0.1008,-0.9197,-2.6719,0.2383,0.8047
161925,0.0646,-0.1069,-0.9316,-2.4473,0.3066,0.6543
161948,0.0709,-0.1134,-0.948,-2.3125,0.5762,0.2949
161971,0.094,-0.118,-0.9536,-2.4277,0.9277,-0.209
161994,0.0823,-0.1208,-0.9601,-2.6191,1.1035,-0.6055
162017,0.082,-0.1156,-0.9458,-3.002,1.1758,-1.2168
162040,0.0724,-0.1165,-0.9299,-3.2578,1.0938,-1.5801
162063,0.0657,-0.1243,-0.9261,-3.5312,0.8379,-1.9785
162086,0.071,-0.1221,-0.9158,-3.5937,0.5137,-2.1367
162109,0.0585,-0.1144,-0.922,-3.5137,0.2773,-2.1035
162132,0.0544,-0.1123,-0.9406,-3.2793,-0.1211,-1.8691
162155,0.0548,-0.1088,-0.9188,-3.1035,-0.418,-1.6133
162178,0.0444,-0.1121,-0.9058,-2.8789,-0.8457,-1.1406
162201,0.0695,-0.1223,-0.9247,-2.7383,-1.1191,-0.6484
162224,0.0887,-0.1263,-0.934,-2.7187,-1.1602,-0.3574
162247,0.0845,-0.1259,-0.9574,-2.8437,-1.0,-0.041
162270,0.0682,-0.1206,-0.9496,-3.0312,-0.7969,0.0898
162293,0.0542,-0.1096,-0.916,-3.4141,-0.5176,0.2129
162316,0.0487,-0.1051,-0.9166,-3.6738,-0.4297,0.3008
162339,0.0524,-0.1068,-0.9271,-3.9805,-0.459,0.3574
162362,0.0795,-0.1178,-0.9435,-4.1582,-0.5547,0.4082
162385,0.0918,-0.1249,-0.9386,-4.2129,-0.582,0.3945
162408,0.0776,-0.127,-0.9502,-4.2187,-0.5762,0.2656
162431,0.0632,-0.1215,-0.9519,-4.1816,-0.5957,0.1211
162454,0.0436,-0.1162,-0.9238,-4.0723,-0.7461,-0.125
162477,0.0414,-0.1165,-0.8983,-3.8672,-1.0352,-0.3242
162500,0.0643,-0.1187,-0.8933,-3.6621,-1.2441,-0.4004
162523,0.0769,-0.1215,-0.9246,-3.2852,-1.502,-0.4355
162546,0.0581,-0.1205,-0.9521,-3.0527,-1.5977,-0.416
162569,0.0691,-0.1149,-0.9368,-2.8633,-1.5918,-0.3301
162592,0.0551,-0.111,-0.926,-2.918,-1.4473,-0.1836
162615,0.0504,-0.1115,-0.9216,-3.0723,-1.3008,-0.0625
162638,0.0774,-0.1162,-0.9417,-3.4238,-0.9961,0.1172
162661,0.0887,-0.1216,-0.9624,-3.7109,-0.7656,0.1973
162684,0.0769,-0.1217,-0.9446,-4.1953,-0.498,0.2051
162707,0.0424,-0.1143,-0.9037,-4.5176,-0.416,0.082
162730,0.0396,-0.1077,-0.8827,-4.9062,-0.4355,-0.0371
162753,0.0527,-0.113,-0.902,-5.125,-0.6074,-0.2227
162776,0.0693,-0.1161,-0.9191,-5.2363,-0.8027,-0.3555
162799,0.074,-0.1136,-0.9421,-5.5371,-1.1914,-0.5977
162822,0.0839,-0.1083,-0.9583,-5.9316,-1.4961,-0.8008
162845,0.0603,-0.097,-0.9423,-6.8789,-1.9844,-1.1465
162868,0.0458,-0.0939,-0.9746,-8.1387,-2.4512,-1.4531
162891,0.0417,-0.0862,-0.9536,-9.0215,-2.7109,-1.5801
162914,0.041,-0.0837,-0.9287,-10.1035,-2.9355,-1.5957
162937,0.0496,-0.0925,-0.9397,-10.4668,-2.9258,-1.4824
162960,0.0592,-0.0972,-0.941,-10.2637,-2.6719,-1.1758
162983,0.0586,-0.1044,-0.9347,-9.1484,-2.2305,-0.8125
163006,0.0468,-0.1061,-0.9248,-7.9902,-1.8906,-0.6016
163029,0.0634,-0.1133,-0.9315,-5.8691,-1.3848,-0.4004
163052,0.0742,-0.118,-0.9247,-4.3672,-1.0977,-0.3633
163075,0.0634,-0.1202,-0.9178,-2.25,-0.8125,-0.4531
163098,0.0546,-0.119,-0.9054,-1.0586,-0.7012,-0.6543
163121,0.05,-0.12,-0.9063,0.2539,-0.6738,-0.793
163144,0.0571,-0.118,-0.9119,0.9082,-0.6328,-0.9316
163167,0.0707,-0.1208,-0.9357,0.9609,-0.5977,-0.9473
163190,0.0703,-0.1177,-0.9398,0.4902,-0.5488,-0.8398
163213,0.0616,-0.1125,-0.9387,-0.1328,-0.5,-0.6836
163236,0.0656,-0.1057,-0.9236,-1.3652,-0.3516,-0.3398
163259,0.0504,-0.1044,-0.936,-2.707,-0.0684,0.0977
163282,0.0471,-0.0996,-0.9272,-3.543,0.1875,0.4121
163305,0.0518,-0.1012,-0.9237,-4.5781,0.6016,0.8633
163328,0.0636,-0.1039,-0.9231,-5.0801,0.8848,1.1152
163351,0.0792,-0.1075,-0.9507,-5.5371,1.3203,1.3535
163374,0.0858,-0.1105,-0.964,-5.707,1.7227,1.373
163397,0.0764,-0.1075,-0.9467,-5.7031,1.9063,1.2676
163420,0.0598,-0.1044,-0.9313,-5.5469,1.9512,0.9824
163443,0.0538,-0.1047,-0.9209,-5.3301,1.8027,0.748
163466,0.0676,-0.1086,-0.9193,-4.8379,1.3926,0.3867
163489,0.0757,-0.111,-0.9198,-4.207,0.8887,0.0469
163512,0.0758,-0.1149,-0.9353,-3.7676,0.5566,-0.1602
163535,0.0726,-0.1143,-0.9353,-3.1738,0.1152,-0.4258
163558,0.0608,-0.1101,-0.9309,-2.8633,-0.1113,-0.5625
163581,0.0696,-0.1108,-0.9224,-2.5566,-0.3125,-0.6875
163604,0.084,-0.1132,-0.9288,-2.4648,-0.3398,-0.7207
163627,0.0925,-0.1177,-0.9467,-2.4805,-0.2402,-0.7187
163650,0.0757,-0.1163,-0.9347,-2.6621,-0.043,-0.6914
163673,0.0818,-0.116,-0.932,-2.8457,0.125,-0.6602
163696,0.0645,-0.11,-0.9146,-3.1328,0.3945,-0.582
163719,0.0408,-0.1056,-0.9049,-3.293,0.5527,-0.502
163742,0.0768,-0.1079,-0.9182,-3.4453,0.7441,-0.334
163765,0.0964,-0.1151,-0.9462,-3.5391,0.8945,-0.1602
163788,0.0842,-0.113,-0.959,-3.6191,0.9688,-0.082
163811,0.083,-0.1079,-0.9569,-3.8262,0.9902,-0.043
163834,0.0693,-0.1042,-0.9312,-4.0098,0.9023,-0.0625
163857,0.0637,-0.1011,-0.9163,-4.2637,0.582,-0.1289
163880,0.0684,-0.1038,-0.923,-4.375,0.0801,-0.2148
163903,0.077,-0.1133,-0.9211,-4.3437,-0.3008,-0.2832
163926,0.0823,-0.1185,-0.9309,-4.1543,-0.8281,-0.4277
163949,0.0745,-0.1167,-0.9421,-3.9707,-1.1133,-0.5547
163972,0.0759,-0.1202,-0.9333,-3.6738,-1.4258,-0.7754
163995,0.0851,-0.1217,-0.9255,-3.4883,-1.584,-0.918
164018,0.0704,-0.1193,-0.9089,-3.2441,-1.8047,-1.0879
164041,0.0715,-0.1189,-0.9132,-3.0352,-1.959,-1.1719
164064,0.0842,-0.1139,-0.9371,-2.9355,-1.9668,-1.1719
164087,0.0797,-0.1144,-0.9515,-2.9121,-1.8281,-1.1016
164110,0.0758,-0.1122,-0.9464,-3.0059,-1.6758,-1.0156
164133,0.0657,-0.1133,-0.9198,-3.2793,-1.4375,-0.8359
164156,0.056,-0.1144,-0.9152,-3.582,-1.2441,-0.5898
164179,0.0732,-0.1136,-0.9089,-3.7344,-1.125,-0.3984
164202,0.0814,-0.116,-0.929,-3.8555,-0.9043,-0.1055
164225,0.0823,-0.1188,-0.9512,-3.8887,-0.7227,0.0684
164248,0.0846,-0.1189,-0.943,-3.9395,-0.457,0.2676
164271,0.0607,-0.1095,-0.9429,-4.0234,-0.3125,0.3809
164294,0.0673,-0.1067,-0.9386,-4.084,-0.332,0.4238
164317,0.0631,-0.1055,-0.9131,-4.1367,-0.543,0.4551
164340,0.0641,-0.1108,-0.9084,-4.1152,-0.7578,0.4551
164363,0.0768,-0.1198,-0.9307,-3.9844,-1.0547,0.4062
164386,0.0801,-0.1213,-0.9321,-3.8594,-1.1797,0.2754
164409,0.0781,-0.12,-0.9348,-3.6836,-1.2324,0.1406
164432,0.0786,-0.12,-0.9373,-3.5742,-1.1758,-0.1133
164455,0.0658,-0.1134,-0.9154,-3.5469,-1.1309,-0.291
164478,0.0583,-0.1161,-0.9069,-3.5547,-1.1016,-0.5215
164501,0.0732,-0.1123,-0.9211,-3.5801,-1.0859,-0.6309
164524,0.0842,-0.1155,-0.9431,-3.6719,-0.9902,-0.7246
164547,0.0923,-0.1147,-0.9514,-3.8789,-0.8047,-0.7578
164570,0.0741,-0.1138,-0.9537,-4.0918,-0.6895,-0.7578
164593,0.0579,-0.1117,-0.9286,-4.4707,-0.6348,-0.7187
164616,0.0496,-0.1046,-0.9055,-4.6992,-0.6934,-0.6562
164639,0.0616,-0.1106,-0.9161,-4.8945,-0.8809,-0.5
164662,0.0806,-0.1187,-0.9271,-4.8828,-1.0898,-0.3145
164685,0.0813,-0.1194,-0.9323,-4.7949,-1.1934,-0.2129
164708,0.0699,-0.1212,-0.9408,-4.6211,-1.2656,-0.127
164731,0.0699,-0.1101,-0.9354,-4.5195,-1.2754,-0.1133
164754,0.0613,-0.1073,-0.9237,-4.4082,-1.2715,-0.127
164777,0.0629,-0.1074,-0.9209,-4.3574,-1.2266,-0.1406
164800,0.0806,-0.1093,-0.936,-4.3047,-1.1426,-0.1426
164823,0.0775,-0.1128,-0.9442,-4.3008,-0.957,-0.1484
164846,0.0731,-0.1085,-0.9436,-4.3359,-0.8242,-0.1621
164869,0.0621,-0.1084,-0.9391,-4.4336,-0.6797,-0.1973
164892,0.0656,-0.1097,-0.9199,-4.5039,-0.6465,-0.2207
164915,0.0679,-0.1145,-0.9214,-4.543,-0.6934,-0.25
164938,0.0802,-0.1178,-0.9188,-4.457,-0.7793,-0.2852
164961,0.082,-0.1157,-0.9208,-4.3359,-0.8066,-0.3184
164984,0.0681,-0.1274,-0.9297,-4.1094,-0.7578,-0.3828
165007,0.072,-0.1073,-0.9229,-3.9707,-0.6641,-0.4238
165030,0.0594,-0.1028,-0.9347,-3.8359,-0.4824,-0.4453
165053,0.0831,-0.1031,-0.9391,-3.8555,-0.3828,-0.3848
165076,0.0765,-0.1031,-0.9432,-3.9707,-0.4082,-0.3105
165099,0.0675,-0.1033,-0.952,-4.2793,-0.5156,-0.1934
165122,0.0701,-0.1024,-0.9448,-4.541,-0.5664,-0.1309
165145,0.0719,-0.105,-0.9301,-4.9219,-0.5781,-0.0918
165168,0.0598,-0.1139,-0.9235,-5.1035,-0.6133,-0.1289
165191,0.0712,-0.1188,-0.9091,-5.1875,-0.7109,-0.1973
165214,0.0697,-0.1176,-0.9008,-5.0254,-0.9707,-0.3477
165237,0.0804,-0.1123,-0.9243,-4.8145,-1.168,-0.4687
165260,0.0919,-0.1124,-0.947,-4.4687,-1.3828,-0.6465
165283,0.0792,-0.1078,-0.9583,-4.3027,-1.4297,-0.7461
165306,0.0604,-0.1,-0.9467,-4.2266,-1.3535,-0.8281
165329,0.048,-0.0958,-0.9265,-4.3242,-1.1797,-0.7852
165352,0.0532,-0.0958,-0.922,-4.4199,-1.0547,-0.6777
165375,0.0673,-0.1024,-0.9291,-4.5195,-0.8965,-0.4453
165398,0.0778,-0.1066,-0.9344,-4.5352,-0.8359,-0.2949
165421,0.0685,-0.1123,-0.9304,-4.4805,-0.8262,-0.1582
165444,0.0774,-0.118,-0.9353,-4.332,-0.8926,-0.1738
165467,0.0769,-0.1183,-0.9255,-4.1875,-0.9668,-0.2676
165490,0.0624,-0.1136,-0.9102,-3.9219,-1.0957,-0.4902
165513,0.0651,-0.1156,-0.9174,-3.7285,-1.1406,-0.6523
165536,0.076,-0.108,-0.9286,-3.4961,-1.082,-0.8652
165559,0.0693,-0.1002,-0.9233,-3.4473,-0.9082,-0.998
165582,0.0782,-0.1028,-0.9452,-3.5566,-0.7559,-1.0313
165605,0.0808,-0.0962,-0.9478,-3.9414,-0.498,-1.0059
165628,0.0646,-0.092,-0.9458,-4.3145,-0.3379,-0.9453
165651,0.0697,-0.0963,-0.958,-4.9531,-0.1602,-0.8008
165674,0.0754,-0.1039,-0.9336,-5.3574,-0.1133,-0.6875
165697,0.0499,-0.103,-0.9054,-5.7949,-0.1914,-0.5254
165720,0.0499,-0.1088,-0.9213,-5.8848,-0.4609,-0.4102
165743,0.0823,-0.1133,-0.916,-5.7344,-0.7363,-0.377
165766,0.0637,-0.1108,-0.9048,-5.2578,-1.2461,-0.418
165789,0.0563,-0.1066,-0.9103,-4.8301,-1.584,-0.5
165812,0.0662,-0.1045,-0.9286,-4.1738,-1.9707,-0.6602
165835,0.0677,-0.0996,-0.9344,-3.6973,-2.1211,-0.8105
165858,0.0673,-0.1016,-0.9353,-3.5645,-2.0625,-0.8867
165881,0.0674,-0.0985,-0.9387,-3.6973,-1.7266,-0.9395
165904,0.0707,-0.1013,-0.932,-4.002,-1.3945,-0.9395
165927,0.078,-0.1055,-0.9098,-4.752,-0.9258,-0.9199
165950,0.0717,-0.1013,-0.9401,-5.8223,-0.7891,-0.959
165973,0.071,-0.1013,-0.9437,-6.7402,-1.0527,-1.0605
165996,0.0566,-0.0909,-0.9272,-8.4629,-2.0664,-1.3594
166019,0.0432,-0.0835,-0.9147,-9.8105,-3.082,-1.6484
166042,0.041,-0.0785,-0.9166,-11.9824,-4.8789,-2.168
166065,0.0392,-0.0671,-0.8856,-13.4082,-6.5664,-2.6895
166088,0.0398,-0.0551,-0.8796,-15.2363,-7.4219,-2.9746
166111,0.0405,-0.0505,-0.9353,-16.4219,-7.8574,-3.2285
166134,0.0413,-0.047,-0.9691,-16.8086,-7.5684,-3.2676
166157,0.0403,-0.0422,-0.9393,-16.8379,-6.3281,-3.125
166180,0.05,-0.0466,-0.9458,-16.5117,-5.0527,-2.9121
166203,0.0457,-0.0466,-0.932,-15.5234,-2.7285,-2.457
166226,0.0502,-0.0459,-0.9219,-13.9883,-0.293,-1.9102
166249,0.064,-0.0426,-0.9476,-12.7168,1.1934,-1.5391
166272,0.0468,-0.0446,-0.9541,-10.5918,2.959,-1.041
166295,0.062,-0.0472,-0.9344,-9.1289,3.7578,-0.7754
166318,0.0686,-0.0551,-0.9434,-6.9922,4.3887,-0.5098
166341,0.0836,-0.0638,-0.9556,-5.041,4.3984,-0.4277
166364,0.0813,-0.0625,-0.9467,-3.8867,4.0879,-0.4727
166387,0.0468,-0.0525,-0.8914,-2.373,3.2168,-0.6328
166410,0.045,-0.0535,-0.936,-1.4863,2.4844,-0.7539
166433,0.0834,-0.0604,-0.9552,-0.373,1.3711,-0.8965
166456,0.073,-0.0616,-0.9517,0.1484,0.377,-0.9922
166479,0.0609,-0.0581,-0.922,0.5234,-0.1406,-1.0332
166502,0.0525,-0.0631,-0.9316,0.4727,-0.5996,-1.0508
166525,0.0676,-0.0658,-0.9307,0.2598,-0.709,-1.0273
166548,0.0647,-0.0748,-0.9203,-0.2363,-0.6875,-0.9512
166571,0.0767,-0.0789,-0.9205,-0.6152,-0.5918,-0.8867
166594,0.0864,-0.0811,-0.9264,-1.1484,-0.3379,-0.7832
166617,0.0786,-0.0812,-0.9266,-1.5508,-0.0156,-0.6738
166640,0.0806,-0.0807,-0.9353,-1.7305,0.1992,-0.582
166663,0.0697,-0.0757,-0.9227,-1.8867,0.4492,-0.3809
166686,0.0555,-0.0717,-0.9139,-1.9336,0.5449,-0.1875
166709,0.0505,-0.0669,-0.9281,-1.9727,0.5801,0.1895
166732,0.0624,-0.0631,-0.9426,-2.125,0.4297,0.6191
166755,0.0559,-0.0312,-0.9106,-2.4043,0.1445,0.8711
166778,0.0873,-0.0084,-1.0317,-3.2949,-0.6992,1.0664
166801,0.0422,-0.0123,-1.1565,-4.4082,-1.6758,0.9941
166824,0.0333,-0.0881,-1.0785,-7.248,-3.998,0.5117
166847,0.121,-0.1189,-0.9357,-11.9609,-7.252,-0.4062
166870,0.0929,-0.0861,-0.8815,-14.8867,-9.748,-1.252
166893,-0.0209,-0.0398,-0.8689,-20.3535,-13.6055,-2.8086
166916,0.0033,-0.0092,-0.8337,-24.2461,-15.9492,-3.9844
166939,0.0266,0.0081,-0.775,-30.6563,-18.6113,-5.9336
166962,0.0021,0.0591,-0.7781,-35.4102,-19.5371,-7.3672
166985,-0.0027,0.1017,-0.7773,-43.2422,-19.0918,-9.6621
167008,0.0353,0.1312,-0.7987,-51.7363,-16.0039,-12.0176
167031,0.0306,0.1671,-0.8303,-57.666,-12.5156,-13.6055
167054,0.0355,0.2313,-0.8032,-64.0,-5.5879,-16.0156
167077,0.1089,0.2902,-0.7754,-64.0,-0.2695,-17.6211
167100,0.0609,0.3208,-0.8788,-64.0,7.9102,-19.9102
167123,-0.019,0.3395,-0.957,-64.0,15.6602,-21.7773
167146,0.0239,0.3501,-0.9423,-64.0,20.332,-22.6055
167169,0.0453,0.3546,-0.8186,-64.0,26.0957,-23.1289
167192,0.0229,0.3672,-0.7706,-64.0,28.877,-23.0527
167215,0.0024,0.3597,-0.7789,-64.0,31.4922,-22.4902
167238,0.1162,0.3542,-0.777,-64.0,32.6074,-21.6875
167261,0.1521,0.3524,-0.7795,-64.0,32.6035,-21.2168
167284,0.1881,0.3563,-0.7761,-59.084,31.5566,-20.8086
167307,0.1765,0.3705,-0.7776,-51.1406,30.4063,-20.7266
167330,0.1868,0.3807,-0.7759,-40.4395,28.7324,-20.6875
167353,0.2463,0.3954,-0.772,-34.6211,28.0723,-20.0664
167376,0.1973,0.3864,-0.7982,-28.4121,28.2148,-20.1016
167399,0.153,0.4016,-0.8362,-25.4551,29.8652,-19.2969
167422,0.0937,0.3995,-0.7778,-25.1387,31.6563,-18.6563
167445,0.1117,0.4121,-0.6885,-26.3652,34.8242,-17.8027
167468,0.1361,0.428,-0.6387,-27.6602,36.8379,-17.4863
167491,0.177,0.4246,-0.7301,-29.2988,38.9629,-17.6426
167514,0.1351,0.4286,-0.7775,-29.9238,39.1738,-18.5977
167537,0.0879,0.4541,-0.6722,-29.6816,37.959,-19.5293
167560,0.0615,0.4813,-0.559,-28.3301,34.2363,-20.9531
167583,0.0659,0.4757,-0.6042,-26.8184,30.9199,-21.7129
167606,0.1732,0.4503,-0.7405,-23.9883,25.6895,-22.4141
167629,0.2168,0.4333,-0.8473,-21.25,20.9727,-22.6465
167652,0.1571,0.4817,-0.7039,-19.8359,18.2637,-22.5703
167675,0.1602,0.5389,-0.4606,-18.2949,14.9453,-22.0156
167698,0.2482,0.4983,-0.6748,-17.4023,13.3594,-21.3008
167721,0.3611,0.5167,-0.8112,-15.9941,12.1875,-19.8047
167744,0.1299,0.5297,-0.7404,-14.9551,12.2734,-18.002
167767,0.2,0.4772,-0.6328,-13.2266,13.6934,-16.7266
167790,0.2249,0.4648,-0.653,-11.543,16.0508,-14.9258
167813,0.1575,0.4819,-0.7262,-10.6934,17.5352,-13.9414
167836,0.1619,0.4967,-0.687,-10.1016,18.9434,-12.9941
167859,0.1704,0.5082,-0.6129,-10.207,19.1719,-12.7773
167882,0.1576,0.5076,-0.6486,-11.0801,18.4688,-13.0527
167905,0.1981,0.4703,-0.6567,-12.6934,16.7695,-13.8594
167928,0.0824,0.4154,-0.6367,-14.125,15.1797,-14.5039
167951,0.1191,0.4204,-0.4711,-16.873,12.0742,-15.2578
167974,0.2045,0.5215,-0.6012,-19.1094,9.3535,-15.4238
167997,0.144,0.7329,-0.7471,-22.8848,4.1113,-14.9883
168020,0.167,0.739,-0.7556,-26.4863,-1.8008,-13.7695
168043,0.1383,0.6265,-0.6538,-28.3633,-5.3633,-12.6172
168066,0.1005,0.554,-0.5737,-30.1563,-9.1309,-10.5449
168089,0.1097,0.5612,-0.5211,-30.793,-10.3457,-9.0273
168112,0.1536,0.578,-0.5511,-31.2969,-10.543,-6.6152
168135,0.1642,0.6277,-0.5919,-31.459,-9.5996,-3.9551
168158,0.1749,0.611,-0.519,-31.3242,-8.6836,-1.9629
168181,0.1703,0.5973,-0.5497,-30.3691,-7.2187,1.3672
168204,0.2026,0.592,-0.632,-29.0879,-6.2344,3.7266
168227,0.1622,0.5889,-0.5891,-26.0898,-4.7461,7.2012
168250,0.2209,0.5574,-0.5653,-23.4707,-3.8535,9.2598
168273,0.189,0.5892,-0.5731,-19.0195,-3.0547,11.5937
168296,0.1746,0.6085,-0.6135,-14.5098,-3.2461,12.6113
168319,0.1603,0.6221,-0.6018,-11.7461,-3.9336,12.3887
168342,0.1685,0.6316,-0.5867,-8.3437,-5.6328,10.7012
168365,0.0967,0.5712,-0.5446,-6.7969,-7.0859,8.9238
168388,0.1115,0.5531,-0.5248,-5.8809,-9.4062,6.1074
168411,0.1847,0.5891,-0.5098,-6.6074,-11.2891,4.0645
168434,0.1992,0.6418,-0.572,-7.6699,-11.9883,3.3945
168457,0.2571,0.6619,-0.5775,-9.373,-12.0078,3.3613
168480,0.2214,0.6056,-0.5508,-10.25,-11.4023,3.875
168503,0.1261,0.5623,-0.5724,-11.0762,-9.8672,5.3984
168526,0.0299,0.5162,-0.5922,-11.9395,-7.9766,7.8711
168549,0.1908,0.5496,-0.5679,-11.9258,-6.6641,9.9238
168572,0.2109,0.6174,-0.5681,-12.1738,-4.7617,12.9375
168595,0.1815,0.6039,-0.5782,-11.9453,-3.6152,14.3867
168618,0.1381,0.5887,-0.5985,-10.7187,-2.1914,15.0117
168641,0.1569,0.5892,-0.5792,-9.3066,-1.4434,14.2187
168664,0.1705,0.5957,-0.5547,-6.5527,-0.5742,11.4043
168687,0.1918,0.5979,-0.574,-3.5117,0.0352,7.3809
168710,0.142,0.5879,-0.6005,-1.5977,0.2812,4.5449
168733,0.1697,0.5955,-0.5929,0.7559,0.3281,0.7734
168756,0.2074,0.6011,-0.5782,1.8086,0.0312,-1.1191
168779,0.177,0.5957,-0.5999,2.3926,-1.0332,-2.7422
168802,0.201,0.5869,-0.5717,1.6758,-2.7031,-2.9336
168825,0.2024,0.5962,-0.5942,0.5078,-3.9824,-2.4492
168848,0.1748,0.6038,-0.5337,-2.082,-5.8691,-1.2754
168871,0.16,0.6063,-0.5515,-4.1973,-6.9766,-0.5039
168894,0.1586,0.6023,-0.5492,-7.6094,-8.2148,0.1953
168917,0.155,0.6047,-0.5414,-10.8555,-8.8301,0.0566
168940,0.1483,0.6021,-0.5555,-12.666,-8.9023,-0.5254
168963,0.1516,0.6044,-0.5229,-14.4941,-8.5391,-1.9805
168986,0.1736,0.6013,-0.5431,-14.957,-8.0059,-3.168
169009,0.1282,0.608,-0.5496,-14.3516,-6.8437,-4.959
169032,0.1222,0.6044,-0.5671,-13.0703,-5.8711,-6.0195
169055,0.0951,0.6101,-0.5858,-9.9941,-4.2871,-7.2461
169078,0.1302,0.6029,-0.572,-5.9707,-2.8867,-7.8555
169101,0.1589,0.6011,-0.6038,-3.1035,-2.1973,-7.7949
169124,0.1615,0.6013,-0.5994,0.9336,-1.5078,-6.8633
169147,0.1643,0.5942,-0.5931,3.1465,-1.2285,-5.707
169170,0.165,0.5992,-0.5669,5.3242,-1.0664,-3.4316
169193,0.1597,0.5963,-0.5812,5.8477,-1.1758,-0.998
169216,0.1561,0.5981,-0.5598,5.2754,-1.3555,0.4238
169239,0.1576,0.5956,-0.5524,3.2734,-1.7051,1.9141
169262,0.1534,0.5939,-0.5577,1.4258,-1.9414,2.3652
169285,0.1271,0.5967,-0.5706,-1.5723,-2.1855,2.2168
169308,0.1271,0.6047,-0.5671,-4.1738,-2.1934,1.2734
169331,0.1199,0.599,-0.5673,-5.3828,-2.0625,0.3809
169354,0.1371,0.5958,-0.5779,-6.1641,-1.7422,-1.041
169377,0.1428,0.5925,-0.6023,-5.9727,-1.4922,-1.8555
169400,0.1516,0.5911,-0.5873,-4.7715,-1.1133,-2.6113
169423,0.146,0.5956,-0.5831,-3.5391,-0.8887,-2.6523
169446,0.1512,0.5909,-0.5894,-1.4375,-0.6562,-2.3008
169469,0.1509,0.59,-0.5902,0.4863,-0.5781,-1.3906
169492,0.1489,0.5924,-0.5933,1.4414,-0.627,-0.6738
169515,0.1528,0.5928,-0.5842,2.1523,-0.918,0.3125
169538,0.1466,0.5897,-0.5868,2.0918,-1.2891,0.7793
169561,0.1317,0.5925,-0.5767,1.2305,-2.123,1.0391
169584,0.1371,0.5894,-0.5754,-0.3516,-3.1562,0.6875
169607,0.1437,0.5876,-0.5648,-1.625,-3.8047,0.1523
169630,0.1255,0.5957,-0.5619,-3.5371,-4.4687,-0.918
169653,0.1075,0.5957,-0.5732,-4.6133,-4.6113,-1.6563
169676,0.1169,0.5914,-0.5885,-5.6504,-4.3008,-2.5664
169699,0.1387,0.5858,-0.6052,-5.7949,-3.418,-3.0312
169722,0.1447,0.5819,-0.6047,-5.375,-2.5937,-3.0059
169745,0.1431,0.5809,-0.5876,-4.1035,-1.1777,-2.4004
169768,0.1406,0.5903,-0.5962,-2.9746,-0.248,-1.6426
169791,0.1683,0.5905,-0.5995,-1.1816,0.8887,-0.125
169814,0.1396,0.5889,-0.6244,-0.125,1.3359,1.5566
169837,0.1245,0.5859,-0.619,0.9121,1.3242,2.5684
169860,0.1283,0.5903,-0.6023,0.9766,0.3164,3.6738
169883,0.1569,0.588,-0.601,0.3789,-0.9102,4.0762
169906,0.1702,0.5895,-0.5724,-1.4473,-3.334,4.2187
169929,0.1324,0.5988,-0.5392,-3.168,-5.043,4.0645
169952,0.15,0.5873,-0.5348,-6.1641,-7.1348,3.5312
169975,0.1547,0.5884,-0.5303,-9.1406,-8.084,2.6543
169998,0.1768,0.5712,-0.5616,-10.7832,-7.9453,1.9043
170021,0.0499,0.6206,-0.5627,-12.2324,-6.6445,0.6484
170044,0.1537,0.5796,-0.5728,-12.2832,-5.1719,-0.1719
170067,0.1278,0.5862,-0.6063,-10.8027,-2.3809,-1.2246
170090,0.1646,0.578,-0.6183,-7.5625,0.7734,-1.8906
170113,0.1525,0.5747,-0.6505,-4.6406,2.9219,-2.0391
170136,0.1689,0.5654,-0.6279,0.3164,5.9902,-1.7656
170159,0.1288,0.5896,-0.6188,3.5996,7.7988,-1.2539
170182,0.1447,0.5801,-0.6189,7.7871,9.9785,-0.0488
170205,0.1641,0.5713,-0.5848,10.2305,11.373,1.5605
170228,0.2006,0.5876,-0.5887,10.9473,11.8535,2.7891
170251,0.2325,0.5746,-0.6178,9.957,12.0527,4.7617
170274,0.1898,0.5769,-0.5972,8.166,11.959,6.0488
170297,0.1305,0.6298,-0.6107,4.1172,11.5039,7.6289
170320,0.3328,0.5205,-0.5848,0.7715,10.9473,8.2246
170343,0.1742,0.5775,-0.4966,-4.7363,9.543,8.0469
170366,0.3219,0.5192,-0.5565,-10.2168,7.3223,6.3652
170389,0.6718,0.4489,-0.5532,-13.4492,5.5352,4.5176
170412,0.2902,0.5568,-0.4972,-17.0234,2.9551,1.5137
170435,-0.4106,0.7943,-0.6447,-18.2441,1.8379,0.3867
170458,0.1127,0.6162,-0.6746,-18.0098,2.0937,1.6641
170481,0.2296,0.5082,-0.5221,-15.416,4.6328,6.3867
170504,0.4103,0.6188,-0.5988,-12.7461,6.9316,10.4434
170527,0.1478,0.6226,-0.5367,-8.2363,9.918,16.0117
170550,0.1658,0.5308,-0.5422,-5.4941,10.623,18.4023
170573,0.2164,0.5905,-0.5519,-2.5195,8.6426,18.9512
170596,0.1744,0.6063,-0.6147,-1.1094,3.4102,15.8125
170619,0.1104,0.6692,-0.6499,-0.9004,-0.8477,12.1797
170642,0.2633,0.5613,-0.6149,-1.3828,-6.6133,5.5273
170665,0.2313,0.5758,-0.5482,-2.1367,-9.5078,0.8301
170688,0.324,0.491,-0.5253,-3.8477,-12.4043,-6.1094
170711,0.1663,0.5691,-0.5743,-5.2852,-13.6582,-12.5527
170734,-0.0293,0.6476,-0.5275,-7.459,-14.8789,-16.6035
170757,0.1794,0.5908,-0.5848,-8.9082,-15.3652,-21.127
170780,0.1357,0.5769,-0.6029,-9.1133,-15.166,-22.834
170803,0.217,0.5487,-0.6136,-8.0273,-13.873,-23.0488
170826,0.1713,0.5444,-0.6279,-6.377,-12.2871,-21.625
170849,0.0819,0.6309,-0.6113,-2.7305,-8.8047,-17.4492
170872,0.1776,0.6063,-0.5923,1.7988,-4.2227,-11.4473
170895,0.309,0.4896,-0.6107,4.8555,-0.832,-6.8809
170918,0.1676,0.5804,-0.6217,8.6875,4.168,0.002
170941,0.1837,0.6111,-0.5852,10.373,7.0645,4.1543
170964,0.1392,0.5735,-0.5841,11.291,10.252,9.0488
170987,0.1552,0.6073,-0.5685,10.2695,11.7598,11.8086
171010,0.3199,0.5658,-0.6005,8.6465,11.7715,12.3633
171033,0.2054,0.5593,-0.6012,5.1895,10.1328,11.3418
171056,0.1785,0.5403,-0.5332,2.5371,7.8652,9.4863
171079,0.0676,0.5891,-0.537,-1.2129,2.9316,5.1465
171102,0.077,0.5648,-0.6377,-3.0879,-0.8828,-0.3457
171125,0.191,0.4965,-0.6633,-4.3359,-6.0781,-3.959
171148,0.2051,0.53,-0.6956,-3.4199,-9.252,-8.0762
171171,0.241,0.521,-0.6787,-1.6836,-9.8359,-9.3926
171194,0.2041,0.5365,-0.6853,2.1328,-8.5,-8.8437
171217,0.1852,0.564,-0.677,5.0352,-6.4941,-6.9492
171240,0.1899,0.5591,-0.6423,9.0117,-2.75,-2.5273
171263,0.1725,0.5404,-0.5999,11.5,0.5352,2.6621
171286,0.1819,0.547,-0.5455,11.9297,1.7188,5.9512
171309,0.1997,0.584,-0.5491,10.6348,1.1113,9.9707
171332,0.1652,0.5973,-0.6096,8.7266,-0.9863,11.832
171355,0.1271,0.587,-0.6862,5.1348,-5.8789,13.334
171378,0.0693,0.5253,-0.6219,1.7578,-11.3008,13.4883
171401,0.136,0.5273,-0.5302,0.0781,-14.4375,12.9805
171424,0.2854,0.5511,-0.6595,-1.2559,-17.8848,11.3613
171447,0.2615,0.582,-0.6698,-1.293,-19.2617,9.7129
171470,0.1624,0.6093,-0.8662,-0.1855,-19.6973,6.6465
171493,0.2015,0.6442,-1.0839,1.082,-17.7051,3.5449
171516,0.1765,0.6555,-0.9298,3.5078,-15.3828,1.8281
171539,0.1345,0.5961,-0.8336,7.1133,-10.5898,0.0684
171562,0.1257,0.511,-0.7739,10.709,-7.0762,-0.5703
171585,0.1073,0.4087,-0.7513,18.4473,-2.1055,-1.0059
171608,0.131,0.3755,-0.744,25.1406,0.5645,-1.2031
171631,0.1615,0.3441,-0.7628,36.7695,2.8516,-1.7871
171654,0.2126,0.3124,-0.7316,48.9063,2.3574,-3.002
171677,0.1594,0.2701,-0.7526,56.5332,0.4863,-4.125
171700,0.0282,0.2452,-0.7808,63.998,-3.5625,-5.8496
171723,-0.0095,0.2401,-0.7717,63.998,-6.1465,-6.6152
171746,0.0929,0.2123,-0.7446,63.998,-8.6367,-6.5937
171769,0.292,0.176,-0.7853,63.998,-9.2656,-5.0566
171792,0.2882,0.1415,-0.8353,63.998,-9.0937,-3.3203
171815,0.2159,0.1217,-0.8329,63.998,-8.498,0.3477
171838,0.2585,0.1118,-0.7903,63.998,-7.623,3.6328
171861,0.2338,0.0775,-0.776,63.998,-4.4512,9.9531
171884,0.2946,0.0188,-0.7776,63.998,2.1426,17.6953
171907,0.3942,-0.0378,-0.8186,63.998,8.5059,23.2461
171930,0.3845,-0.0643,-0.9517,63.998,19.7754,31.3223
171953,0.3743,-0.0656,-0.9962,63.998,27.3027,36.1621
171976,0.3746,-0.0909,-0.9692,63.998,36.8262,42.3066
171999,0.3781,-0.1086,-0.876,63.998,41.3496,45.6465
172022,0.3934,-0.153,-0.8591,63.998,44.916,49.6543
172045,0.4543,-0.2107,-0.8661,63.998,44.5527,52.6934
172068,0.547,-0.2651,-0.8967,63.998,42.1992,54.2949
172091,0.5526,-0.2856,-0.9255,63.998,35.6465,56.2422
172114,0.4127,-0.3199,-0.9292,63.5352,29.5215,57.4434
172137,0.3093,-0.327,-0.8861,62.0313,19.0391,59.6387
172160,0.2999,-0.37,-0.8771,62.1621,9.375,62.8457
172183,0.3865,-0.4266,-0.8656,62.791,4.3926,63.998
172206,0.433,-0.4855,-0.8326,63.8145,-0.5801,63.998
172229,0.3844,-0.5078,-0.8296,63.998,-2.5742,63.998
172252,0.2799,-0.5139,-0.8011,63.332,-4.3574,63.998
172275,0.265,-0.5212,-0.7783,60.6758,-5.1582,63.998
172298,0.2932,-0.5262,-0.7776,57.832,-5.2598,63.998
172321,0.2649,-0.537,-0.7771,52.1797,-4.9512,63.998
172344,0.1875,-0.5364,-0.7786,47.709,-4.4824,63.998
172367,0.1454,-0.5408,-0.818,40.3262,-3.3379,63.998
172390,0.1665,-0.5577,-0.826,35.1055,-2.3398,63.998
172413,0.1862,-0.5537,-0.7576,27.0469,-0.8281,63.998
172436,0.1095,-0.5559,-0.803,19.0078,0.248,63.998
172459,0.0376,-0.5559,-0.9052,13.7168,0.6074,63.998
172482,0.038,-0.5265,-0.8749,5.7246,0.541,63.998
172505,0.0726,-0.5052,-0.7908,0.2793,0.0059,63.998
172528,0.0642,-0.5146,-0.8527,-8.0449,-1.7188,63.998
172551,0.0363,-0.509,-0.9105,-16.4609,-4.5215,63.998
172574,0.0404,-0.4889,-0.916,-22.0957,-6.877,63.998
172597,0.0332,-0.4429,-0.8743,-30.4121,-10.9414,63.998
172620,0.0038,-0.4351,-0.8802,-35.6426,-13.834,63.998
172643,-0.025,-0.4248,-0.8755,-42.5957,-17.9297,62.0684
172666,-0.0341,-0.4259,-0.8824,-48.2051,-21.0527,58.1113
172689,-0.0231,-0.4238,-0.9087,-51.209,-22.4883,55.9922
172712,-0.0493,-0.4034,-0.8494,-54.7793,-24.0547,53.7949
172735,-0.0406,-0.3662,-0.7841,-56.5703,-24.918,53.0215
172758,-0.1199,-0.3467,-0.8044,-58.2598,-25.9512,52.8379
172781,-0.0962,-0.3444,-0.8168,-58.6641,-26.3066,53.6211
172804,-0.0474,-0.2782,-0.6648,-58.1914,-26.1074,54.4844
172827,-0.2321,-0.2448,-0.7095,-56.4824,-24.9531,55.9648
172850,-0.4012,-0.2632,-0.8727,-54.8008,-23.5059,56.9629
172873,-0.1298,-0.2668,-0.9178,-51.9355,-20.0293,58.1699
172896,0.0461,-0.3071,-0.927,-49.9902,-17.084,58.3672
172919,-0.0039,-0.3207,-0.9498,-46.916,-12.6152,56.9766
172942,-0.1731,-0.3125,-0.8904,-43.0156,-8.6895,53.4336
172965,-0.196,-0.265,-0.7859,-39.541,-6.2988,50.3105
172988,-0.0951,-0.2595,-0.8385,-32.8027,-2.8477,45.3555
173011,-0.0151,-0.2633,-0.9685,-27.5918,-0.7812,42.1992
173034,-0.0648,-0.2594,-1.0072,-19.7266,1.4648,37.957
173057,-0.1545,-0.2482,-0.8676,-12.7852,2.6133,34.623
173080,-0.1742,-0.2551,-0.7134,-8.7793,3.1055,33.1387
173103,-0.1829,-0.2603,-0.7626,-3.4512,3.9922,32.2578
173126,-0.1765,-0.261,-0.9633,-0.3262,4.9199,32.5195
173149,-0.0055,-0.2645,-1.1274,3.4629,7.1953,33.7227
173172,0.0452,-0.2545,-1.0536,5.291,10.9336,35.0371
173195,-0.136,-0.2478,-0.8185,7.2812,13.6836,35.6055
173218,-0.1763,-0.3042,-0.9397,9.0195,18.5176,35.8555
173241,0.0515,-0.3376,-1.0336,10.1816,21.7754,35.5996
173264,0.0769,-0.3282,-1.0227,11.6738,25.8867,34.4141
173287,-0.0426,-0.293,-0.8629,12.3105,27.6172,32.9902
173310,-0.0084,-0.3158,-0.869,12.5117,28.2832,29.9355
173333,-0.0272,-0.3112,-0.9683,11.6973,26.752,26.0195
173356,-0.0299,-0.3137,-0.9629,10.5996,24.7832,23.1289
173379,0.0177,-0.3613,-0.9429,8.3496,20.8867,18.666
173402,-0.006,-0.3411,-0.907,6.6836,17.7148,15.7305
173425,-0.0369,-0.3535,-0.9097,4.5117,12.0312,11.4219
173448,-0.05,-0.3146,-0.9496,3.3457,5.6211,7.082
173471,-0.0537,-0.2759,-0.9453,3.2754,1.3594,4.1094
173494,-0.038,-0.2556,-0.9393,4.0703,-4.2793,-0.4199
173517,-0.0286,-0.2621,-0.9298,4.957,-7.1465,-3.3711
173540,-0.0729,-0.2629,-0.9232,6.3027,-9.6367,-7.3848
173563,-0.0476,-0.2485,-0.9515,6.9082,-9.877,-10.4707
173586,-0.152,-0.1469,-0.8013,6.9844,-9.0625,-11.873
173609,-0.4229,-0.1273,-0.8009,5.7578,-6.9687,-13.1816
173632,0.0452,-0.1753,-1.1742,3.9141,-5.418,-13.9648
173655,0.1841,-0.213,-1.2118,-0.9766,-4.4375,-16.3867
173678,-0.0903,-0.1757,-1.1671,-5.6074,-5.5449,-19.6055
173701,-0.2365,-0.1813,-1.072,-13.5137,-9.7852,-27.2949
173724,-0.2318,-0.2405,-0.8369,-20.668,-15.8887,-38.0762
173747,0.0215,-0.351,-0.8555,-24.3125,-20.791,-46.7168
173770,-0.0923,-0.3655,-0.834,-28.1953,-30.1621,-61.4336
173793,-0.1915,-0.3217,-0.8304,-30.2383,-38.0918,-64.0
173816,-0.2705,-0.2965,-0.801,-33.416,-52.0039,-64.0
173839,-0.3372,-0.2599,-0.7712,-37.4492,-64.0,-64.0
173862,-0.2971,-0.228,-0.771,-40.748,-64.0,-64.0
173885,-0.2035,-0.2356,-0.7784,-46.5117,-64.0,-64.0
173908,-0.2411,-0.2319,-0.7411,-50.7715,-64.0,-64.0
173931,-0.2769,-0.2316,-0.7308,-57.4941,-64.0,-64.0
173954,-0.3054,-0.2634,-0.7192,-63.9883,-64.0,-64.0
173977,-0.3385,-0.2808,-0.5951,-64.0,-64.0,-64.0
174000,-0.2821,-0.2853,-0.5731,-64.0,-64.0,-64.0
174023,-0.2136,-0.2468,-0.5818,-64.0,-64.0,-64.0
174046,-0.2039,-0.2119,-0.7231,-64.0,-64.0,-64.0
174069,-0.2532,-0.2214,-0.7825,-64.0,-62.1563,-64.0
174092,-0.319,-0.2053,-0.7706,-64.0,-46.2773,-64.0
174115,-0.2153,-0.1885,-0.6483,-64.0,-27.125,-64.0
174138,0.0139,-0.1415,-0.6188,-64.0,-13.1875,-64.0
174161,-0.0676,-0.1575,-0.7974,-64.0,7.1719,-64.0
174184,-0.0748,-0.2025,-0.96,-64.0,19.1289,-64.0
174207,0.038,-0.2711,-0.8796,-64.0,33.5586,-64.0
174230,0.0659,-0.1407,-0.7643,-64.0,43.4375,-64.0
174253,-0.0833,-0.0675,-0.949,-64.0,47.6465,-64.0
174276,-0.1211,0.0104,-0.9884,-64.0,51.2305,-57.832
174299,-0.0875,0.0516,-0.9536,-64.0,52.4023,-49.7051
174322,-0.075,0.0857,-1.0533,-63.2656,53.2793,-35.3398
174345,-0.1962,0.0956,-1.0983,-56.5977,54.0176,-19.0664
174368,-0.1445,0.1047,-1.0106,-51.3398,54.8809,-7.8965
174391,-0.0031,0.115,-1.1179,-42.8809,56.8477,7.7773
174414,0.089,0.0986,-1.2893,-37.3691,58.166,16.5391
174437,0.0747,0.1279,-1.2626,-30.1719,59.0234,26.0117
174460,-0.0237,0.1282,-1.1848,-26.2637,58.3926,30.752
174483,0.0428,0.083,-1.1165,-21.2637,55.5527,32.1875
174506,0.1978,0.0209,-1.108,-16.207,50.7773,32.1777
174529,0.1366,0.0302,-1.0551,-12.2676,46.625,31.5703
174552,0.0399,0.0625,-0.9459,-5.0625,39.2051,30.7715
174575,0.0457,0.0201,-0.9662,0.5996,33.793,30.7441
174598,0.1293,-0.0524,-0.9951,9.709,25.3105,31.668
174621,0.0928,-0.0851,-0.8551,18.166,16.3125,33.3164
174644,-0.0421,-0.0914,-0.7675,22.748,10.2305,34.4609
174667,-0.0591,-0.1097,-0.78,27.2871,1.9297,35.8477
174690,-0.0035,-0.1062,-0.8049,28.373,-2.418,36.3809
174713,-0.0366,-0.0654,-0.8995,26.5469,-6.4922,36.3535
174736,-0.0264,0.0052,-0.9434,20.3691,-7.4961,35.2227
174759,0.0531,0.0344,-1.0737,14.0781,-6.3789,33.877
174782,0.1577,0.0178,-1.272,2.1797,-1.8086,31.0371
174805,0.2347,0.0087,-1.2639,-6.791,2.9375,28.6426
174828,0.1667,0.0294,-1.0804,-20.2891,11.2773,24.5352
174851,0.0735,0.0365,-0.9237,-28.1211,16.6426,20.3789
174874,0.1069,0.0305,-0.9006,-36.1309,22.9004,17.9453
174897,0.0699,0.0302,-0.8883,-38.3164,25.8574,15.1406
174920,0.0338,0.0259,-0.8879,-36.4883,25.791,13.9062
174943,0.056,0.0061,-0.9023,-29.668,23.0566,12.9395
174966,0.0861,-0.0101,-0.9233,-23.2129,19.9277,12.7324
174989,0.1084,-0.0261,-0.9883,-12.3145,14.1562,12.6953
175012,0.1219,-0.0378,-0.9812,-1.834,8.1855,12.5859
175035,0.1436,-0.0504,-0.9797,4.2031,4.7852,12.3633
175058,0.1335,-0.0602,-0.9423,11.5137,1.5332,11.8477
175081,0.1184,-0.074,-0.8539,15.373,0.918,11.4883
175104,0.1633,-0.0929,-0.8954,20.1406,2.3184,11.1152
175127,0.1765,-0.0983,-0.917,24.0859,5.8105,11.0078
175150,0.2004,-0.106,-0.88,26.3164,8.791,11.0254
175173,0.192,-0.1281,-0.858,28.9609,13.5703,11.0293
175196,0.1436,-0.126,-0.9404,30.0957,16.5371,10.9746
175219,0.2189,-0.1212,-0.9517,30.4277,20.0078,10.7754
175242,0.1852,-0.1306,-0.9841,29.5371,21.6797,10.3008
175265,0.1731,-0.1233,-0.9431,26.5,21.6094,9.7773
175288,0.1583,-0.1133,-0.835,21.9238,19.8945,8.6719
175311,0.1598,-0.1279,-0.8505,18.4902,17.918,7.7461
175334,0.1621,-0.1298,-0.889,13.3613,14.1836,6.1172
175357,0.2187,-0.1453,-0.9457,10.0937,11.418,4.873
175380,0.248,-0.1678,-1.0,5.373,7.1738,2.75
175403,0.2081,-0.1587,-0.9138,0.8203,3.082,0.3965
175426,0.1805,-0.1571,-0.8271,-1.9648,0.6797,-1.1582
175449,0.1993,-0.1619,-0.8391,-5.334,-1.9316,-3.1836
175472,0.2297,-0.1644,-0.8755,-6.8711,-2.8379,-4.2051
175495,0.2419,-0.1663,-0.9551,-8.1582,-3.0078,-5.1641
175518,0.2194,-0.1511,-0.946,-8.5918,-2.1855,-5.4434
175541,0.1748,-0.1355,-0.9038,-8.6074,-1.4063,-5.2637
175564,0.1876,-0.1241,-0.907,-8.3711,-0.3379,-4.4531
175587,0.2048,-0.116,-0.9288,-8.1035,0.0957,-3.5977
175610,0.1738,-0.1177,-0.9257,-7.6504,0.1699,-1.9902
175633,0.1635,-0.1096,-0.9122,-7.3516,-0.2363,-0.2129
175656,0.1464,-0.1111,-0.9106,-6.8945,-0.582,0.9473
175679,0.1658,-0.1106,-0.8961,-6.3789,-1.0176,2.4609
175702,0.1958,-0.109,-0.8993,-6.0039,-1.2012,3.1973
175725,0.1912,-0.1149,-0.9318,-5.4492,-1.2715,3.7031
175748,0.1973,-0.12,-0.9226,-5.1465,-1.1738,3.5898
175771,0.234,-0.1271,-0.9375,-4.8672,-0.8164,2.7676
175794,0.2407,-0.1406,-0.953,-4.8418,-0.2305,1.3164
175817,0.2411,-0.1373,-0.9614,-4.9785,0.2441,0.1309
175840,0.2185,-0.1302,-0.9388,-5.3672,0.916,-1.7109
175863,0.1882,-0.1239,-0.9076,-5.666,1.2227,-2.8184
175886,0.1884,-0.1276,-0.915,-6.002,1.2734,-4.0684
175909,0.1829,-0.1282,-0.9006,-6.0762,0.668,-4.707
175932,0.1724,-0.1233,-0.8606,-5.9551,-0.0703,-4.8125
175955,0.1687,-0.1245,-0.8566,-5.5,-1.4102,-4.6016
175978,0.1804,-0.1234,-0.8881,-5.0488,-2.252,-4.2988
176001,0.1952,-0.125,-0.9344,-4.3203,-3.1719,-3.7598
176024,0.2012,-0.1284,-0.9442,-3.8105,-3.6133,-3.2734
176047,0.2037,-0.1255,-0.906,-3.6992,-3.6699,-3.0215
176070,0.2091,-0.1237,-0.8916,-3.8418,-3.4062,-2.7578
176093,0.2032,-0.1271,-0.8949,-4.0703,-2.9844,-2.6367
176116,0.2024,-0.1228,-0.9083,-4.5039,-1.9961,-2.4766
176139,0.1932,-0.1172,-0.9327,-4.8359,-1.1836,-2.3555
176162,0.1851,-0.1063,-0.9327,-5.4102,-0.0195,-2.1113
176185,0.1746,-0.1017,-0.8956,-6.0527,0.7734,-1.7793
176208,0.1779,-0.1005,-0.8813,-6.4746,1.0488,-1.5234
176231,0.1899,-0.099,-0.8964,-7.041,1.1563,-1.1699
176254,0.2041,-0.1022,-0.9448,-7.3926,1.0625,-1.0117
176277,0.1686,-0.0846,-0.8864,-7.9961,0.6348,-0.9883
176300,0.1763,-0.0789,-0.9397,-8.832,-0.2617,-1.2773
176323,0.2214,-0.0857,-1.0229,-9.6191,-1.2305,-1.6699
176346,0.1815,-0.0707,-0.9415,-11.2383,-3.3691,-2.5762
176369,0.1438,-0.0686,-0.9149,-12.4824,-5.1289,-3.3437
176392,0.1559,-0.0774,-0.9307,-14.1348,-7.7656,-4.5625
176415,0.1775,-0.0808,-0.9037,-15.0059,-9.8613,-5.6523
176438,0.1603,-0.0892,-0.9072,-14.9473,-10.7793,-6.2324
176461,0.1604,-0.0936,-0.9204,-13.8066,-11.2637,-6.8105
176484,0.1528,-0.0941,-0.8688,-12.3906,-10.9043,-6.9766
176507,0.1639,-0.1006,-0.8768,-9.4766,-9.1973,-6.8906
176530,0.1743,-0.1036,-0.8669,-7.1758,-7.3027,-6.4395
176553,0.1825,-0.1083,-0.8622,-3.6094,-3.6836,-5.9824
176576,0.2212,-0.1163,-0.9246,-0.5273,0.1699,-5.1914
176599,0.2198,-0.1111,-0.958,0.8887,2.4414,-4.6738
176622,0.2087,-0.0969,-0.9258,1.7051,4.9004,-3.9961
176645,0.166,-0.0863,-0.9052,1.375,5.7871,-3.5977
176668,0.1547,-0.0785,-0.8694,-0.1191,6.0449,-2.9863
176691,0.1814,-0.0782,-0.9,-2.2793,5.2832,-2.2656
176714,0.1818,-0.0723,-0.9374,-3.8281,4.3555,-1.7207
176737,0.1742,-0.0745,-0.9294,-6.0371,2.5937,-0.8496
176760,0.1682,-0.0679,-0.9108,-7.2949,1.3789,-0.2559
176783,0.1774,-0.0657,-0.9229,-8.6641,-0.1328,0.6074
176806,0.2073,-0.0723,-0.957,-9.3535,-1.0254,1.3477
176829,0.1968,-0.0723,-0.9382,-9.4805,-1.2871,1.7168
176852,0.1761,-0.0674,-0.9193,-9.2402,-1.2891,2.0508
176875,0.1876,-0.0748,-0.937,-8.8145,-1.0859,2.1387
176898,0.189,-0.0746,-0.9132,-7.8555,-0.5957,2.1035
176921,0.1713,-0.0693,-0.8989,-7.0547,-0.2363,1.9238
176944,0.168,-0.0681,-0.9054,-5.7227,0.2461,1.7578
176967,0.178,-0.0741,-0.9031,-4.4082,0.5547,1.4668
176990,0.1805,-0.0747,-0.9106,-3.6465,0.6074,1.2441
177013,0.1719,-0.0784,-0.9137,-2.8008,0.4316,0.8574
177036,0.1917,-0.0767,-0.9277,-2.4844,0.1855,0.5664
177059,0.1986,-0.08,-0.9398,-2.4004,-0.2832,0.0879
177082,0.1976,-0.0774,-0.9194,-2.709,-0.7695,-0.3984
177105,0.1809,-0.0781,-0.9141,-3.0391,-1.0645,-0.6953
177128,0.186,-0.0853,-0.9366,-3.5566,-1.4688,-1.043
177151,0.1819,-0.079,-0.9087,-3.8437,-1.7422,-1.1875
177174,0.1714,-0.0818,-0.8898,-4.0703,-2.1035,-1.248
177197,0.1781,-0.0818,-0.8982,-3.9727,-2.2559,-1.127
177220,0.1847,-0.0894,-0.9054,-3.7402,-2.2129,-0.9629
177243,0.1932,-0.0868,-0.9188,-3.2598,-1.9883,-0.6484
177266,0.1833,-0.0809,-0.9399,-2.9355,-1.7793,-0.4277
177289,0.1548,-0.0704,-0.8933,-2.5625,-1.4219,-0.1094
177312,0.1688,-0.0734,-0.8804,-2.4062,-0.9727,0.1973
177335,0.1835,-0.0829,-0.9105,-2.293,-0.6094,0.377
177358,0.1946,-0.0861,-0.9205,-2.3496,-0.0664,0.5605
177381,0.1909,-0.0865,-0.9642,-2.5059,0.1992,0.5996
177404,0.2043,-0.0883,-0.9373,-2.9219,0.3145,0.5312
177427,0.1807,-0.074,-0.897,-3.2676,0.1855,0.4258
177450,0.1559,-0.0709,-0.8978,-3.7148,-0.2109,0.2461
177473,0.1665,-0.0811,-0.8921,-3.9082,-0.625,0.125
177496,0.1807,-0.0901,-0.8904,-3.8691,-0.7969,0.0879
177519,0.1866,-0.092,-0.9159,-3.627,-0.8691,0.0547
177542,0.1874,-0.0917,-0.9301,-3.4219,-0.8496,0.0293
177565,0.1913,-0.0854,-0.9249,-3.1992,-0.8613,-0.0332
177588,0.1836,-0.0822,-0.9156,-3.1543,-1.0547,-0.1055
177611,0.1757,-0.0758,-0.9128,-3.2129,-1.2676,-0.1465
177634,0.177,-0.0753,-0.9109,-3.373,-1.5625,-0.1738
177657,0.1782,-0.0809,-0.9236,-3.4922,-1.666,-0.1699
177680,0.1772,-0.0867,-0.9402,-3.6621,-1.6719,-0.1523
177703,0.1638,-0.0835,-0.9124,-3.8047,-1.6172,-0.1484
177726,0.1649,-0.0846,-0.8833,-3.8555,-1.6055,-0.1562
177749,0.1824,-0.0865,-0.8866,-3.8164,-1.627,-0.1973
177772,0.1831,-0.0875,-0.9171,-3.7168,-1.6387,-0.25
177795,0.1791,-0.0873,-0.912,-3.5273,-1.6152,-0.373
177818,0.1907,-0.0907,-0.9209,-3.4297,-1.5469,-0.4766
177841,0.1946,-0.0935,-0.9475,-3.3828,-1.3633,-0.6406
177864,0.1766,-0.0897,-0.9379,-3.5059,-1.207,-0.7734
177887,0.166,-0.0815,-0.8995,-3.6543,-1.1934,-0.8105
177910,0.1665,-0.0791,-0.8887,-3.8555,-1.3027,-0.752
177933,0.17,-0.0813,-0.9008,-3.9121,-1.4023,-0.6367
177956,0.1685,-0.083,-0.8955,-3.8574,-1.4512,-0.3965
177979,0.1766,-0.0858,-0.9152,-3.7109,-1.2773,-0.1523
178002,0.1908,-0.0947,-0.9541,-3.627,-1.0566,-0.0293
178025,0.1854,-0.0902,-0.9486,-3.623,-0.7344,0.0547
178048,0.1699,-0.0778,-0.8938,-3.7109,-0.6211,0.0508
178071,0.1632,-0.079,-0.874,-3.8867,-0.6035,-0.002
178094,0.182,-0.0889,-0.9015,-3.9863,-0.6465,-0.0605
178117,0.1823,-0.0884,-0.9199,-3.998,-0.6582,-0.1035
178140,0.1749,-0.0839,-0.9293,-3.998,-0.6094,-0.1836
178163,0.1759,-0.0846,-0.9332,-4.0273,-0.5508,-0.2441
178186,0.1775,-0.0845,-0.9231,-4.1328,-0.5098,-0.332
178209,0.1725,-0.0839,-0.9115,-4.2187,-0.5664,-0.4043
178232,0.1731,-0.0836,-0.9033,-4.2969,-0.7656,-0.4434
178255,0.1777,-0.0865,-0.8975,-4.248,-0.9648,-0.4883
178278,0.1809,-0.092,-0.9052,-4.1445,-1.0156,-0.5137
178301,0.1851,-0.0944,-0.937,-3.9473,-0.9492,-0.5488
178324,0.1871,-0.09,-0.9421,-3.8418,-0.8633,-0.5723
178347,0.1724,-0.085,-0.9104,-3.7754,-0.791,-0.5918
178370,0.151,-0.078,-0.8698,-3.7656,-0.8008,-0.5547
178393,0.1646,-0.0817,-0.8885,-3.7363,-0.7891,-0.4805
178416,0.1935,-0.0858,-0.9181,-3.6523,-0.6426,-0.3184
178439,0.1924,-0.0852,-0.9327,-3.6191,-0.4414,-0.2109
178462,0.1832,-0.0864,-0.9408,-3.6895,-0.0508,-0.0996
178485,0.1857,-0.0856,-0.9454,-3.9473,0.2598,-0.0566
178508,0.1772,-0.0812,-0.9081,-4.1934,0.3105,-0.0586
178531,0.1649,-0.0817,-0.8949,-4.5352,0.1289,-0.0781
178554,0.1698,-0.0865,-0.8934,-4.6641,-0.0859,-0.0879
178577,0.1858,-0.0886,-0.8947,-4.6562,-0.3848,-0.0977
178600,0.183,-0.0937,-0.9175,-4.5371,-0.5117,-0.1152
178623,0.176,-0.0901,-0.9216,-4.2812,-0.5684,-0.1328
178646,0.1831,-0.0874,-0.9119,-4.0488,-0.5605,-0.1484
178669,0.1779,-0.0856,-0.907,-3.9355,-0.5859,-0.1406
178692,0.176,-0.0804,-0.9113,-3.8437,-0.668,-0.0977
178715,0.1803,-0.0806,-0.9139,-3.8418,-0.6992,-0.0469
178738,0.1858,-0.0804,-0.9164,-3.9531,-0.6211,0.043
178761,0.177,-0.0851,-0.9315,-4.2031,-0.4043,0.1211
178784,0.1848,-0.0856,-0.9327,-4.4277,-0.2539,0.1543
178807,0.1805,-0.0793,-0.9149,-4.7754,-0.1777,0.166
178830,0.1707,-0.0754,-0.8989,-4.9531,-0.2676,0.1504
178853,0.1892,-0.0829,-0.9232,-5.0488,-0.5156,0.1016
178876,0.1946,-0.0852,-0.9331,-4.9375,-0.7246,0.0176
178899,0.1833,-0.083,-0.9237,-4.7871,-0.7871,-0.0566
178922,0.1694,-0.083,-0.9219,-4.5,-0.7695,-0.168
178945,0.1624,-0.0818,-0.9055,-4.2773,-0.7402,-0.2207
178968,0.1737,-0.0837,-0.8931,-3.8906,-0.7832,-0.2441
178991,0.1766,-0.0883,-0.8958,-3.5898,-0.9258,-0.2227
179014,0.1821,-0.0917,-0.9054,-3.1211,-1.0078,-0.209
179037,0.1945,-0.0928,-0.9169,-2.7441,-0.9785,-0.2266
179060,0.1846,-0.0917,-0.9202,-2.6113,-0.8223,-0.2754
179083,0.1793,-0.0883,-0.9215,-2.6543,-0.457,-0.3809
179106,0.1873,-0.0822,-0.9313,-2.8359,-0.2187,-0.4512
179129,0.1803,-0.077,-0.9189,-3.2754,-0.0527,-0.5312
179152,0.177,-0.0786,-0.9097,-3.7734,-0.1719,-0.5566
179175,0.1721,-0.0782,-0.9073,-4.0566,-0.3398,-0.5391
179198,0.1764,-0.0823,-0.9211,-4.3398,-0.5684,-0.4746
179221,0.174,-0.082,-0.9083,-4.4277,-0.6621,-0.4219
179244,0.1744,-0.0864,-0.9236,-4.4277,-0.7383,-0.3574
179267,0.1802,-0.0924,-0.9113,-4.3164,-0.832,-0.3477
179290,0.1866,-0.0917,-0.8839,-4.2012,-0.9453,-0.3848
179313,0.1835,-0.0959,-0.9056,-3.9941,-1.1699,-0.5039
179336,0.1941,-0.0962,-0.9264,-3.873,-1.3086,-0.6094
179359,0.1868,-0.0892,-0.9131,-3.8223,-1.459,-0.7676
179382,0.1792,-0.0846,-0.9337,-3.9102,-1.5566,-0.8672
179405,0.1752,-0.0728,-0.9351,-4.2207,-1.6328,-0.8691
179428,0.1436,-0.0599,-0.8917,-4.6641,-1.7852,-0.7559
179451,0.1527,-0.064,-0.9006,-4.9473,-1.8555,-0.6035
179474,0.1848,-0.0798,-0.9198,-5.252,-1.7734,-0.3145
179497,0.1932,-0.0841,-0.9299,-5.3711,-1.582,-0.1387
179520,0.179,-0.09,-0.936,-5.4648,-1.1992,0.0059
179543,0.1836,-0.0875,-0.9121,-5.4941,-0.8789,-0.0195
179566,0.177,-0.0844,-0.8905,-5.4668,-0.7598,-0.1094
179589,0.1636,-0.0797,-0.892,-5.3125,-0.7148,-0.3027
179612,0.1791,-0.0795,-0.9227,-5.1387,-0.7227,-0.4375
179635,0.1871,-0.0778,-0.9271,-4.8613,-0.7227,-0.6094
179658,0.1754,-0.0764,-0.9216,-4.666,-0.6914,-0.7246
179681,0.1847,-0.0801,-0.9346,-4.6055,-0.6777,-0.7598
179704,0.1755,-0.0764,-0.9244,-4.6016,-0.7383,-0.7402
179727,0.1599,-0.0712,-0.9021,-4.6172,-0.8438,-0.6758
179750,0.1753,-0.0765,-0.9114,-4.5977,-1.0273,-0.5137
179773,0.1855,-0.0848,-0.9238,-4.4824,-1.1504,-0.3203
179796,0.1758,-0.082,-0.9237,-4.3652,-1.2012,-0.2129
179819,0.1786,-0.0862,-0.9292,-4.1543,-1.2695,-0.1094
179842,0.1676,-0.0791,-0.9086,-4.0,-1.3359,-0.082
179865,0.1542,-0.078,-0.8795,-3.7227,-1.4727,-0.0742
179888,0.1575,-0.0823,-0.876,-3.4922,-1.541,-0.0742
179911,0.1887,-0.0858,-0.9069,-3.1113,-1.4746,-0.0801
179934,0.199,-0.088,-0.9559,-2.8359,-1.1484,-0.1328
179957,0.1799,-0.0817,-0.9379,-2.8086,-0.8398,-0.2051
179980,0.171,-0.0747,-0.9174,-3.0312,-0.3652,-0.334
180003,0.1619,-0.0737,-0.9059,-3.2969,-0.1113,-0.4004
180026,0.1589,-0.0712,-0.8921,-3.7207,0.0937,-0.4336
180049,0.1749,-0.08,-0.9053,-4.0371,0.1406,-0.4023
180072,0.1919,-0.0868,-0.9175,-4.1641,0.1387,-0.3828
180095,0.1888,-0.089,-0.9247,-4.2695,0.1289,-0.4141
180118,0.1743,-0.0867,-0.9175,-4.3145,0.1172,-0.4785
180141,0.1764,-0.0795,-0.9021,-4.3633,0.0625,-0.6074
180164,0.1805,-0.0774,-0.8997,-4.3691,-0.0488,-0.7148
180187,0.1833,-0.0806,-0.9131,-4.3457,-0.1426,-0.7559
180210,0.1965,-0.0824,-0.9292,-4.3066,-0.2637,-0.7656
180233,0.1869,-0.0845,-0.9291,-4.3086,-0.3027,-0.7402
180256,0.1705,-0.0787,-0.9283,-4.3848,-0.2891,-0.6484
180279,0.1729,-0.0707,-0.9022,-4.4727,-0.248,-0.4707
180302,0.163,-0.0699,-0.9026,-4.5957,-0.207,-0.3066
180325,0.1793,-0.0741,-0.9113,-4.6406,-0.25,-0.0332
180348,0.1868,-0.0801,-0.9159,-4.6191,-0.3125,0.1309
180371,0.1896,-0.0825,-0.9165,-4.543,-0.3906,0.2891
180394,0.1874,-0.0891,-0.9187,-4.4844,-0.4082,0.3203
180417,0.1749,-0.0848,-0.922,-4.4121,-0.4199,0.2695
180440,0.182,-0.0824,-0.8948,-4.3691,-0.4961,0.1562
180463,0.1785,-0.077,-0.8925,-4.3379,-0.5937,0.082
180486,0.1798,-0.0724,-0.9131,-4.2773,-0.7441,0.002
180509,0.1926,-0.0708,-0.9354,-4.248,-0.7793,-0.0215
180532,0.1825,-0.0719,-0.9351,-4.2871,-0.6758,-0.0098
180555,0.1738,-0.0714,-0.9342,-4.4492,-0.4277,0.0488
180578,0.1766,-0.0707,-0.9398,-4.5996,-0.2715,0.1035
180601,0.1771,-0.0696,-0.9087,-4.7891,-0.2285,0.1816
180624,0.1637,-0.0721,-0.8867,-4.8184,-0.377,0.2109
180647,0.1713,-0.083,-0.8971,-4.6289,-0.7773,0.1797
180670,0.1863,-0.0878,-0.8978,-4.3496,-1.1777,0.0254
180693,0.1862,-0.0884,-0.9081,-3.8047,-1.3301,-0.1543
180716,0.1801,-0.0825,-0.928,-3.2832,-1.3418,-0.5059
180739,0.1842,-0.0811,-0.9279,-3.0391,-1.2617,-0.7598
180762,0.1864,-0.0791,-0.9069,-2.8984,-1.166,-1.1035
180785,0.1769,-0.0797,-0.9131,-2.9375,-1.1563,-1.2773
180808,0.1776,-0.0773,-0.9071,-3.1406,-1.1699,-1.4199
180831,0.1821,-0.0792,-0.9063,-3.4414,-1.1309,-1.4043
180854,0.1768,-0.08,-0.9209,-3.6602,-1.0684,-1.3145
180877,0.1644,-0.0759,-0.9207,-4.0,-1.0059,-1.0938
180900,0.1715,-0.0704,-0.9199,-4.2187,-1.0391,-0.9063
180923,0.1757,-0.0721,-0.9114,-4.5,-1.252,-0.6113
180946,0.1805,-0.0773,-0.8964,-4.668,-1.5352,-0.3691
180969,0.1887,-0.0839,-0.9163,-4.6953,-1.6367,-0.2656
180992,0.1858,-0.0848,-0.9153,-4.6289,-1.5488,-0.2187
181015,0.1764,-0.077,-0.9191,-4.5488,-1.3398,-0.248
181038,0.1758,-0.0756,-0.9277,-4.4355,-0.9082,-0.3262
181061,0.1842,-0.0681,-0.9191,-4.3867,-0.5215,-0.3906
181084,0.1771,-0.0663,-0.9177,-4.3535,-0.3594,-0.4082
181107,0.1763,-0.0721,-0.9164,-4.3262,-0.2539,-0.4023
181130,0.1858,-0.0776,-0.9205,-4.2969,-0.2129,-0.3867
181153,0.1805,-0.0826,-0.9172,-4.2344,-0.1211,-0.3711
181176,0.177,-0.0835,-0.9111,-4.1797,-0.0469,-0.3789
181199,0.1798,-0.0831,-0.9026,-4.0742,0.0117,-0.4316
181222,0.1776,-0.0803,-0.8955,-3.9316,-0.084,-0.5176
181245,0.179,-0.0803,-0.9048,-3.8125,-0.2148,-0.5859
181268,0.1855,-0.0789,-0.9142,-3.6289,-0.3867,-0.6777
181291,0.1831,-0.0762,-0.9083,-3.5332,-0.4375,-0.7227
181314,0.1881,-0.0756,-0.9272,-3.4844,-0.3887,-0.7461
181337,0.1827,-0.0748,-0.9468,-3.5977,-0.2773,-0.7109
181360,0.1726,-0.0664,-0.9199,-3.7656,-0.2344,-0.6504
181383,0.1716,-0.0647,-0.8987,-4.0742,-0.248,-0.5
181406,0.1771,-0.0728,-0.903,-4.252,-0.2871,-0.375
181429,0.1877,-0.0804,-0.9199,-4.4043,-0.3594,-0.1973
181452,0.1813,-0.083,-0.9268,-4.4238,-0.4941,-0.1016
181475,0.176,-0.0865,-0.9128,-4.3848,-0.6543,-0.0996
181498,0.1674,-0.0806,-0.8866,-4.2539,-1.0137,-0.1758
181521,0.1731,-0.0813,-0.8817,-4.1133,-1.2871,-0.2559
181544,0.1921,-0.0837,-0.9102,-3.8477,-1.6172,-0.3867
181567,0.1995,-0.0782,-0.9341,-3.6895,-1.7227,-0.9727
181590,0.1847,-0.0687,-0.9368,-3.5977,-1.6563,-0.584
181613,0.174,-0.0686,-0.9402,-3.7461,-1.3652,-0.6348
181636,0.174,-0.0684,-0.9337,-3.959,-1.123,-0.6211
181659,0.1691,-0.0634,-0.8761,-4.3301,-0.8418,-0.5293
181682,0.1611,-0.0688,-0.8962,-4.5195,-0.7734,-0.4355
181705,0.1733,-0.0802,-0.9033,-4.6074,-0.8672,-0.293
181728,0.1874,-0.0852,-0.9095,-4.4395,-1.1504,-0.2187
181751,0.1835,-0.0894,-0.9197,-4.2344,-1.4082,-0.2344
181774,0.1764,-0.088,-0.917,-3.8926,-1.8281,-0.3633
181797,0.1674,-0.0773,-0.9042,-3.6914,-2.1094,-0.4902
181820,0.1552,-0.0723,-0.8983,-3.4746,-2.5,-0.6738
181843,0.1672,-0.0739,-0.9041,-3.3652,-2.7715,-0.7891
181866,0.1816,-0.0769,-0.9186,-3.3594,-2.8145,-0.8145
181889,0.1776,-0.0793,-0.9231,-3.4629,-2.6016,-0.7988
181912,0.1785,-0.0807,-0.9154,-3.6074,-2.2617,-0.7617
181935,0.1833,-0.0739,-0.9189,-3.8965,-1.5488,-0.6797
181958,0.1722,-0.0688,-0.9242,-4.1055,-1.0469,-0.5781
181981,0.1622,-0.0676,-0.9031,-4.3965,-0.4316,-0.5059
182004,0.1694,-0.0742,-0.9105,-4.6074,-0.0703,-0.3984
182027,0.1926,-0.0792,-0.9218,-4.6836,0.043,-0.3477
182050,0.1898,-0.0829,-0.936,-4.7246,0.0527,-0.3379
182073,0.1785,-0.0857,-0.9249,-4.7187,-0.0215,-0.3789
182096,0.1738,-0.075,-0.8926,-4.6582,-0.2246,-0.4805
182119,0.1581,-0.0679,-0.8855,-4.4922,-0.4766,-0.5645
182142,0.1632,-0.0707,-0.9088,-4.3242,-0.6328,-0.582
182165,0.179,-0.0731,-0.9211,-4.0547,-0.7988,-0.541
182188,0.1791,-0.0734,-0.937,-3.9258,-0.8613,-0.4824
182211,0.1769,-0.0728,-0.9371,-3.8809,-0.9219,-0.3848
182234,0.176,-0.0703,-0.9343,-4.0156,-1.0195,-0.3047
182257,0.1683,-0.0675,-0.9122,-4.1523,-1.1367,-0.2695
182280,0.1622,-0.0681,-0.9077,-4.3066,-1.3438,-0.2461
182303,0.1661,-0.076,-0.9019,-4.3145,-1.4512,-0.2461
182326,0.1694,-0.0868,-0.8997,-4.1582,-1.5215,-0.2754
182349,0.1859,-0.0936,-0.9187,-3.9629,-1.5195,-0.3457
182372,0.1691,-0.0883,-0.9008,-3.6191,-1.5293,-0.416
182395,0.1692,-0.0757,-0.8927,-3.3008,-1.6211,-0.5312
182418,0.1655,-0.0724,-0.9038,-3.1387,-1.707,-0.5918
182441,0.1661,-0.0703,-0.9271,-3.0312,-1.791,-0.625
182464,0.1666,-0.0702,-0.9299,-3.0879,-1.7852,-0.6016
182487,0.1746,-0.0696,-0.937,-3.3828,-1.6797,-0.5098
182510,0.177,-0.0706,-0.9315,-3.873,-1.5078,-0.3906
182533,0.1627,-0.0712,-0.9119,-4.2305,-1.3906,-0.3184
182556,0.1588,-0.0736,-0.9022,-4.6758,-1.2344,-0.2344
182579,0.172,-0.0778,-0.8995,-4.8555,-1.1563,-0.1973
182602,0.1685,-0.0823,-0.8995,-4.9238,-1.1328,-0.1875
182625,0.1691,-0.0828,-0.9178,-4.8086,-1.2441,-0.2324
182648,0.1692,-0.0775,-0.9218,-4.6934,-1.3945,-0.2852
182671,0.1615,-0.0668,-0.9093,-4.5469,-1.707,-0.3594
182694,0.1566,-0.0673,-0.9193,-4.4883,-1.9375,-0.3848
182717,0.1698,-0.0697,-0.9171,-4.4766,-2.2129,-0.3633
182740,0.1704,-0.0674,-0.92,-4.5215,-2.2988,-0.2891
182763,0.1691,-0.0742,-0.9353,-4.6465,-2.2285,-0.2266
182786,0.166,-0.0723,-0.9203,-4.8203,-1.9707,-0.1367
182809,0.1649,-0.0681,-0.9185,-4.9316,-1.7422,-0.084
182832,0.1619,-0.0658,-0.9325,-5.0371,-1.4004,-0.0234
182855,0.1591,-0.0676,-0.9049,-5.0508,-1.2109,-0.002
182878,0.1688,-0.0723,-0.9047,-4.9473,-0.9805,-0.0078
182901,0.1759,-0.0764,-0.9229,-4.6895,-0.7695,-0.0781
182924,0.1718,-0.0785,-0.9165,-4.4629,-0.6484,-0.1621
182947,0.1704,-0.0786,-0.9341,-4.1133,-0.5469,-0.3203
182970,0.1591,-0.0734,-0.9229,-3.9082,-0.5625,-0.4277
182993,0.1511,-0.0635,-0.8932,-3.6582,-0.7129,-0.5371
183016,0.1438,-0.0687,-0.895,-3.4473,-0.9414,-0.5391
183039,0.1587,-0.0782,-0.905,-3.3164,-1.084,-0.4805
183062,0.1776,-0.0822,-0.9243,-3.1758,-1.2461,-0.3496
183085,0.1576,-0.0808,-0.928,-3.1484,-1.3242,-0.2695
183108,0.1597,-0.0743,-0.9142,-3.2461,-1.4238,-0.1953
183131,0.1653,-0.0667,-0.8993,-3.4824,-1.5293,-0.1797
183154,0.1698,-0.0609,-0.9296,-3.6836,-1.5996,-0.1973
183177,0.1718,-0.0607,-0.9635,-4.0273,-1.6934,-0.2695
183200,0.1671,-0.0588,-0.9657,-4.2832,-1.7637,-0.3437
183223,0.1552,-0.0648,-0.9387,-4.6719,-1.9141,-0.4844
183246,0.1519,-0.0693,-0.9125,-4.8633,-2.0488,-0.5879
183269,0.1388,-0.0726,-0.8887,-4.9023,-2.2734,-0.7539
183292,0.1442,-0.0785,-0.8757,-4.5371,-2.4473,-0.9277
183315,0.151,-0.0809,-0.8894,-4.0801,-2.5,-1.0527
183338,0.1627,-0.0897,-0.9098,-3.2324,-2.4922,-1.2676
183361,0.1661,-0.0839,-0.9194,-2.6914,-2.4473,-1.4316
183384,0.1501,-0.0802,-0.9282,-2.1211,-2.3418,-1.6758
183407,0.1591,-0.0741,-0.9055,-1.9805,-2.168,-1.8438
183430,0.1556,-0.0742,-0.9092,-2.1387,-2.0078,-1.877
183453,0.1577,-0.0725,-0.9185,-2.7051,-1.7188,-1.793
183476,0.1656,-0.0697,-0.9366,-3.2578,-1.5098,-1.6563
183499,0.1426,-0.0668,-0.925,-4.2539,-1.2227,-1.3672
183522,0.1444,-0.0638,-0.9025,-5.293,-1.0273,-1.0332
183545,0.15,-0.0651,-0.9109,-5.916,-0.9707,-0.8223
183568,0.1619,-0.0693,-0.9287,-6.6641,-1.0313,-0.5996
183591,0.1566,-0.0646,-0.9166,-7.0312,-1.1777,-0.5527
183614,0.1353,-0.0609,-0.9104,-7.416,-1.5449,-0.6523
183637,0.1396,-0.0553,-0.8975,-7.5996,-1.8809,-0.9141
183660,0.1312,-0.0496,-0.8958,-7.8613,-2.5254,-1.1484
183683,0.1327,-0.0483,-0.9087,-8.2754,-3.3613,-1.5566
183706,0.1572,-0.046,-0.9419,-8.75,-4.0488,-1.8633
183729,0.1307,-0.0385,-0.9408,-9.875,-5.334,-2.3789
183752,0.1207,-0.0305,-0.9252,-10.8887,-6.3437,-2.7461
183775,0.1313,-0.0259,-0.937,-12.6582,-7.9375,-3.2969
183798,0.114,-0.0205,-0.9276,-14.5332,-9.4434,-3.8125
183821,0.0962,-0.0165,-0.9065,-15.7559,-10.332,-4.127
183844,0.0979,-0.0175,-0.9227,-17.4863,-11.4434,-4.5664
183867,0.1035,0.0042,-0.9084,-18.582,-12.0625,-4.8711
183890,0.0592,0.0533,-0.8965,-20.1934,-12.8867,-5.4238
183913,0.0259,0.0591,-0.9692,-21.8477,-13.5371,-6.1309
183936,0.0662,0.0377,-0.9705,-23.0371,-13.7715,-6.7012
183959,0.0841,0.0364,-0.8453,-24.9414,-13.6875,-7.791
183982,0.0964,0.048,-0.7981,-26.1699,-13.293,-8.7266
184005,0.1036,0.0541,-0.8866,-27.7051,-12.0781,-10.4414
184028,0.0846,0.059,-0.9226,-28.4941,-9.7852,-12.3633
184051,0.076,0.0687,-0.8907,-29.4434,-8.1113,-13.6152
184074,0.0786,0.1003,-0.8832,-30.291,-4.7461,-15.248
184097,0.123,0.1099,-0.9708,-30.8926,-2.3125,-16.1055
184120,0.1489,0.101,-1.0824,-31.9844,1.2559,-17.0195
184143,0.1122,0.1077,-0.9841,-32.8203,3.3437,-17.3848
184166,0.0472,0.1218,-0.808,-33.7754,5.7734,-17.4961
184189,0.041,0.131,-0.7743,-33.4473,7.3457,-16.9492
184212,0.0983,0.1115,-0.8024,-32.1992,7.9258,-16.2012
184235,0.1315,0.0939,-0.8782,-29.043,8.0293,-14.6777
184258,0.1221,0.1173,-0.9053,-26.5586,7.5801,-13.5371
184281,0.0188,0.1509,-0.8289,-23.1582,6.3398,-11.7734
184304,0.0693,0.1547,-0.7981,-20.9121,4.9961,-9.9648
184327,0.1809,0.1614,-0.9094,-20.3418,4.2676,-8.8008
184350,0.1456,0.1737,-0.9462,-21.1992,3.2598,-7.3789
184373,0.0756,0.1917,-0.8944,-22.9473,2.5566,-6.75
184396,0.099,0.2223,-0.8663,-26.9375,1.5801,-6.2773
184419,0.09,0.2561,-0.847,-30.0625,0.7949,-6.2227
184442,0.0896,0.2712,-0.8595,-34.5801,0.3066,-6.3223
184465,0.0896,0.272,-0.8296,-37.9688,-0.459,-6.543
184488,0.0864,0.2764,-0.7976,-39.2227,-0.9512,-6.6699
184511,0.1029,0.2817,-0.7761,-39.3008,-1.582,-6.7187
184534,0.0851,0.2959,-0.8251,-38.1719,-1.9414,-6.5879
184557,0.0021,0.3147,-0.7753,-35.0625,-2.4922,-6.0488
184580,0.0286,0.3406,-0.7198,-30.9277,-2.9844,-5.084
184603,0.0736,0.3206,-0.7769,-28.0645,-3.207,-4.3262
184626,0.1412,0.2878,-1.0106,-24.5586,-3.498,-3.3906
184649,0.1122,0.3162,-0.9176,-23.293,-3.832,-3.1289
184672,0.0288,0.3376,-0.7556,-23.2656,-4.6445,-3.4414
184695,0.0554,0.3237,-0.7987,-24.8984,-5.5,-4.4609
184718,0.0887,0.3263,-0.8502,-26.4727,-5.8594,-5.3867
184741,0.0345,0.3336,-0.7759,-28.9941,-5.7969,-6.9082
184764,0.0425,0.3508,-0.7784,-30.498,-5.248,-7.8672
184787,0.0544,0.3556,-0.7869,-32.125,-3.666,-9.0391
184810,0.0393,0.3623,-0.7778,-32.6895,-1.3809,-9.8086
184833,0.0789,0.3655,-0.7772,-32.7422,0.3672,-10.1074
184856,0.1053,0.377,-0.7831,-32.0234,2.9277,-10.3145
184879,0.0387,0.3944,-0.7753,-31.291,4.3301,-10.3262
184902,0.0582,0.3947,-0.7269,-30.0938,5.7051,-10.1562
184925,0.0814,0.396,-0.7631,-29.3711,6.0547,-9.9141
184948,0.0472,0.4102,-0.7557,-28.5918,5.7656,-9.3379
184971,0.0667,0.4215,-0.7781,-28.291,5.0566,-8.459
184994,0.0443,0.3955,-0.6722,-28.3535,4.7246,-7.6953
185017,0.0757,0.4298,-0.7786,-28.8066,4.5566,-6.3633
185040,0.0323,0.4917,-0.7717,-29.3105,4.4336,-5.4727
185063,0.033,0.5248,-0.7761,-30.1152,3.8848,-4.3633
185086,0.0475,0.5002,-0.7047,-30.5391,2.918,-3.7129
185109,0.0712,0.4719,-0.6685,-30.4297,2.2187,-3.5332
185132,0.0719,0.4578,-0.6543,-29.582,1.6445,-3.4668
185155,0.0647,0.4543,-0.6909,-28.5801,1.9727,-3.4141
185178,0.0625,0.4546,-0.7051,-26.5586,3.7871,-3.0918
185201,0.098,0.4596,-0.7124,-24.1211,6.7109,-2.3164
185224,0.1089,0.4912,-0.7382,-22.3203,8.7988,-1.5273
185247,0.1957,0.473,-0.7821,-19.3047,11.5371,-0.0195
185270,0.1299,0.4789,-0.7592,-17.0684,12.8457,1.0664
185293,0.0503,0.4932,-0.7235,-13.5469,13.8477,2.4258
185316,0.0972,0.4624,-0.6548,-11.2676,13.9687,2.9102
185339,0.0808,0.4586,-0.6549,-8.2461,13.502,2.7812
185362,0.1146,0.5046,-0.7504,-5.8496,12.4727,1.7402
185385,0.1371,0.465,-0.7461,-4.5371,11.625,0.7754
185408,0.118,0.4202,-0.7368,-2.791,10.3535,-0.627
185431,0.147,0.394,-0.7438,-1.6465,9.6543,-1.3203
185454,0.1479,0.4396,-0.7566,0.2695,8.9219,-1.8047
185477,0.1471,0.4567,-0.7629,2.668,8.2949,-1.6367
185500,0.1023,0.5314,-0.7646,4.6074,7.7324,-1.2539
185523,0.1268,0.4794,-0.7825,7.916,6.666,-0.4961
185546,0.1117,0.4359,-0.7651,10.1562,5.9707,-0.0098
185569,0.1234,0.4568,-0.6873,12.9609,5.1465,0.4648
185592,0.1268,0.4397,-0.7502,14.3691,4.5566,0.5
185615,0.1344,0.4281,-0.7814,14.2578,4.2266,0.2988
185638,0.1156,0.4359,-0.7367,12.416,3.5801,-0.2246
185661,0.1298,0.4337,-0.7288,10.1836,2.8125,-0.6543
185684,0.1229,0.4451,-0.7006,5.7539,0.8047,-1.332
185707,0.0925,0.4692,-0.6809,2.418,-1.1387,-1.9941
185730,0.1147,0.4503,-0.7072,-2.5254,-4.5664,-2.3906
185753,0.1417,0.4805,-0.7017,-6.6953,-7.7754,-2.8496
185776,0.1486,0.5127,-0.744,-8.75,-9.4316,-3.0527
185799,0.1127,0.5513,-0.7462,-10.5488,-10.9551,-3.2598
185822,0.1124,0.5055,-0.7144,-10.957,-11.2598,-3.3711
185845,0.0708,0.4871,-0.6808,-10.8594,-10.6875,-3.4648
185868,0.0996,0.4783,-0.6913,-10.7246,-9.1113,-3.3437
185891,0.0664,0.4761,-0.6906,-10.9922,-7.707,-3.0586
185914,0.0773,0.4755,-0.7334,-12.1621,-5.3574,-2.2305
185937,0.0969,0.4709,-0.7365,-13.4043,-3.7559,-1.3887
185960,0.0952,0.4644,-0.6895,-15.6953,-1.5156,0.2461
185983,0.1008,0.4695,-0.7144,-18.0742,0.3125,2.1484
186006,0.0992,0.4607,-0.7002,-19.457,1.2598,3.4531
186029,0.1245,0.4435,-0.7167,-20.834,2.457,5.2949
186052,0.1129,0.4364,-0.7231,-21.0859,3.3164,6.3574
186075,0.1571,0.4252,-0.6918,-20.2148,5.1016,7.5762
186098,0.1849,0.4507,-0.7008,-18.7363,7.6406,8.2734
186121,0.1481,0.4825,-0.7002,-15.2227,9.6152,8.4727
186144,0.1659,0.4554,-0.7435,-10.4199,12.6602,8.5234
186167,0.2195,0.4301,-0.7499,-6.7852,14.5273,8.4922
186190,0.2068,0.4572,-0.7776,-1.2988,16.6113,8.4121
186213,0.1721,0.5004,-0.777,1.9961,17.207,8.2949
186236,0.1516,0.4816,-0.749,5.791,16.4727,7.8574
186259,0.123,0.4319,-0.7031,7.6387,13.7285,6.9062
186282,0.1348,0.4163,-0.661,7.6191,11.0508,5.8906
186305,0.1925,0.422,-0.7258,5.8848,6.4668,3.6582
186328,0.2007,0.457,-0.7023,3.9883,3.4883,1.6699
186351,0.2,0.4706,-0.6473,1.1953,-0.1016,-1.8301
186374,0.155,0.4615,-0.6791,-0.123,-1.9727,-5.2852
186397,0.1537,0.4507,-0.7307,0.2461,-2.1484,-7.0977
186420,0.1906,0.4376,-0.7791,2.5273,-1.2031,-8.5605
186443,0.2025,0.4341,-0.7766,4.8184,-0.209,-8.6133
186466,0.189,0.429,-0.7773,8.6543,1.0684,-7.4473
186489,0.1942,0.4332,-0.7577,12.127,1.4688,-5.0879
186512,0.1801,0.4318,-0.7463,14.373,1.1152,-3.0312
186535,0.161,0.4092,-0.7789,16.9121,-0.1816,0.5137
186558,0.1407,0.3876,-0.7766,18.1797,-1.3145,3.0332
186581,0.1437,0.3662,-0.7761,19.4863,-3.0215,6.7891
186604,0.1633,0.3569,-0.7549,20.0566,-4.0762,9.1328
186627,0.1859,0.3492,-0.7799,20.7012,-5.6934,12.207
186650,0.2336,0.3346,-0.787,21.4004,-7.7598,14.6836
186673,0.2546,0.3594,-0.8435,22.1289,-9.5098,16.0938
186696,0.1517,0.3734,-0.8665,24.1758,-12.3145,18.2363
186719,0.0984,0.3475,-0.8236,26.5684,-13.6875,19.9863
186742,0.1071,0.3218,-0.7582,32.1777,-13.7812,23.4375
186765,0.2229,0.2693,-0.7589,40.1035,-10.6855,27.5586
186788,0.3365,0.2126,-0.8933,46.0898,-7.0508,30.0977
186811,0.3666,0.1901,-1.0275,54.4844,-0.7422,32.5527
186834,0.2992,0.1925,-0.9888,58.7305,2.9336,32.9297
186857,0.2632,0.1908,-0.9115,62.2012,6.541,31.6211
186880,0.2581,0.1576,-0.8851,62.3574,7.9473,28.7148
186903,0.2961,0.1218,-0.929,61.0625,8.0742,26.3809
186926,0.2926,0.09,-0.9998,57.8242,7.7344,22.9805
186949,0.2607,0.0725,-0.9841,55.2441,7.4883,21.1152
186972,0.24,0.0511,-0.9048,51.4941,7.4121,19.3652
186995,0.2529,0.0186,-0.8295,49.5156,7.5918,19.0293
187018,0.2646,-0.0358,-0.8225,47.9941,8.1973,19.6855
187041,0.2655,-0.0697,-0.7764,48.6094,9.2383,21.293
187064,0.2504,-0.0975,-0.7709,50.1836,10.209,22.5879
187087,0.2529,-0.0997,-0.7362,53.8828,12.1875,24.498
187110,0.2524,-0.1195,-0.7822,56.8594,13.918,25.625
187133,0.2537,-0.1375,-0.7758,61.2813,17.1855,27.0625
187156,0.2767,-0.1431,-0.7777,63.998,21.377,28.2598
187179,0.3397,-0.1862,-0.7834,63.998,24.6836,28.9219
187202,0.411,-0.2239,-0.8621,63.998,29.9688,29.5703
187225,0.4354,-0.2587,-0.8828,63.998,33.2246,29.6328
187248,0.4769,-0.2728,-0.885,62.7539,36.8613,28.9609
187271,0.51,-0.2985,-0.892,57.6523,38.2129,27.3164
187294,0.5034,-0.3073,-0.9138,53.5215,37.5547,25.7813
187317,0.4811,-0.3032,-0.9783,46.8066,34.1699,23.1543
187340,0.4696,-0.3073,-1.0286,42.3008,30.4707,21.4316
187363,0.4822,-0.2993,-0.9852,36.0,23.2949,19.2734
187386,0.4863,-0.3101,-0.9792,32.416,17.8359,17.9102
187409,0.4438,-0.3328,-0.9807,28.4688,9.416,17.5371
187432,0.4315,-0.3646,-0.9489,26.5586,1.6172,17.8613
187455,0.4541,-0.4042,-0.9486,26.4082,-2.8457,18.6602
187478,0.4849,-0.438,-0.9459,27.5898,-8.1602,20.623
187501,0.468,-0.4637,-0.8802,29.0723,-10.7715,22.3457
187524,0.499,-0.5148,-0.8258,31.8965,-13.3789,25.3945
187547,0.4749,-0.5605,-0.7932,34.8965,-14.6582,28.9277
187570,0.4723,-0.5797,-0.7742,36.6445,-14.9434,31.5938
187593,0.4835,-0.6227,-0.7911,38.3379,-14.7891,36.2266
187616,0.3967,-0.6338,-0.757,38.5488,-14.4277,39.834
187639,0.3712,-0.6113,-0.6396,37.2188,-13.457,46.1563
187662,0.3611,-0.6111,-0.6375,33.9902,-11.7598,53.5801
187685,0.2952,-0.6316,-0.6688,30.8516,-10.2754,59.0293
187708,0.239,-0.6093,-0.6095,24.6738,-7.9004,63.998
187731,0.2129,-0.5671,-0.5309,19.5996,-6.4883,63.998
187754,0.157,-0.5446,-0.5415,10.7148,-4.9414,63.998
187777,0.1138,-0.5011,-0.6118,4.0371,-4.3008,63.998
187800,0.0907,-0.4825,-0.7083,-7.0117,-3.7227,63.998
187823,0.1123,-0.4464,-0.7429,-19.0938,-3.3262,63.998
187846,0.1335,-0.4135,-0.7792,-27.4121,-3.0195,63.998
187869,0.0847,-0.3899,-0.7775,-39.4141,-2.2148,63.998
187892,0.0332,-0.3569,-0.7919,-46.4805,-1.252,63.998
187915,0.0188,-0.3464,-0.8099,-54.666,1.0645,63.998
187938,0.0453,-0.3411,-0.832,-59.1406,4.2832,63.998
187961,0.0562,-0.3654,-0.7949,-59.9414,6.6289,63.998
187984,0.1342,-0.3801,-0.9063,-58.2676,9.8496,63.998
188007,0.0962,-0.4062,-0.9939,-55.7324,11.4004,63.998
188030,0.2015,-0.3961,-1.0109,-50.8027,12.3008,62.5195
188053,0.1499,-0.3864,-0.9937,-45.4102,11.2031,54.2559
188076,0.0692,-0.3795,-0.9266,-41.7852,9.4551,49.0625
188099,0.0042,-0.387,-0.8575,-36.3262,5.8457,42.457
188122,0.0466,-0.4185,-0.8708,-32.7051,3.1465,39.1133
188145,0.196,-0.4518,-0.9539,-27.6426,-1.0059,35.6426
188168,0.1527,-0.4309,-0.9735,-24.8438,-5.2402,33.5
188191,-0.0007,-0.3884,-0.9495,-21.8926,-7.9219,32.5801
188214,-0.0427,-0.3719,-0.9124,-20.3789,-10.9082,31.9102
188237,-0.0096,-0.3735,-0.8665,-20.0,-11.8027,31.918
188260,0.0338,-0.3695,-0.9089,-20.209,-11.5664,32.3594
188283,0.0292,-0.3253,-0.8954,-20.8633,-10.7793,32.668
188306,0.0024,-0.3209,-0.923,-22.6406,-9.4941,32.7207
188329,0.059,-0.3353,-0.9149,-25.2207,-8.6152,32.0098
188352,0.0132,-0.3557,-0.8807,-27.1777,-8.3711,31.1621
188375,0.0112,-0.3271,-0.7622,-29.9727,-8.3809,29.6465
188398,-0.0905,-0.2758,-0.8176,-31.4121,-8.3945,28.6563
188421,-0.0587,-0.2633,-0.8846,-32.623,-7.998,27.334
188444,0.0597,-0.2671,-0.8854,-32.668,-6.6504,26.0215
188467,0.123,-0.285,-0.8964,-32.0371,-5.1113,24.9512
188490,0.0414,-0.2572,-0.7799,-29.9629,-1.7891,22.8867
188513,-0.0121,-0.2383,-0.7936,-27.7402,1.125,21.2793
188536,-0.0428,-0.2494,-1.0134,-23.2422,6.4785,18.8242
188559,0.2112,-0.2689,-1.1329,-17.8086,12.4648,16.5059
188582,0.2416,-0.2566,-0.9169,-13.832,16.0059,14.9609
188605,0.0134,-0.3169,-0.848,-7.1523,19.5371,12.4844
188628,0.0105,-0.4402,-1.0642,-2.1152,20.7148,10.75
188651,0.1102,-0.3271,-0.8782,6.2617,21.0781,8.0371
188674,0.1354,-0.3212,-0.9019,12.3125,20.2324,6.0625
188697,0.0392,-0.2886,-0.9375,21.6309,16.8652,2.6504
188720,0.0001,-0.2909,-0.9324,30.0703,11.1387,-1.2031
188743,0.0411,-0.3142,-0.9283,34.4102,6.6309,-3.8301
188766,0.0909,-0.2637,-0.8966,38.0742,-0.123,-7.5781
188789,-0.0944,-0.3259,-0.9755,38.4082,-4.2227,-9.834
188812,0.0408,-0.3401,-1.0966,35.7539,-9.1934,-12.7676
188835,0.0763,-0.328,-0.8766,30.043,-12.7031,-15.4844
188858,-0.0048,-0.3086,-1.0028,25.4141,-14.6055,-17.5781
188881,0.0536,-0.2841,-1.1315,18.4902,-17.5879,-21.9277
188904,0.1405,-0.3246,-1.2119,14.2383,-20.2051,-26.1934
188927,0.1881,-0.3961,-1.1355,8.502,-26.1152,-35.5078
188950,0.1655,-0.5002,-0.9391,3.6465,-35.2227,-48.6016
188973,-0.0156,-0.5221,-0.646,1.1836,-43.0137,-58.9766
188996,-0.2413,-0.507,-0.4706,-0.8438,-56.2793,-64.0
189019,-0.3794,-0.4547,-0.4412,-1.1426,-64.0,-64.0
189042,-0.3154,-0.4203,-0.4941,-1.2227,-64.0,-64.0
189065,-0.2095,-0.3939,-0.5095,-2.2852,-64.0,-64.0
189088,-0.1107,-0.3856,-0.5671,-7.7285,-64.0,-64.0
189111,-0.0875,-0.3745,-0.7084,-19.5566,-64.0,-64.0
189134,-0.0874,-0.3677,-0.7809,-31.0527,-64.0,-64.0
189157,-0.0125,-0.4086,-0.7747,-52.3594,-64.0,-64.0
189180,0.0267,-0.4016,-0.6698,-64.0,-64.0,-64.0
189203,-0.1141,-0.2454,-0.5544,-64.0,-64.0,-64.0
189226,-0.2446,-0.1415,-0.7598,-64.0,-64.0,-64.0
189249,-0.1256,-0.1732,-0.9502,-64.0,-64.0,-64.0
189272,0.0974,-0.3385,-0.9407,-64.0,-64.0,-64.0
189295,0.155,-0.2922,-0.7795,-64.0,-52.8672,-64.0
189318,0.0406,-0.152,-0.8412,-64.0,-32.5215,-64.0
189341,-0.1233,-0.0249,-0.9137,-64.0,-13.2383,-64.0
189364,-0.2362,-0.0231,-0.932,-64.0,-0.9805,-64.0
189387,-0.1776,-0.0048,-0.8618,-64.0,16.5254,-53.4512
189410,-0.129,0.088,-0.8383,-64.0,27.3125,-38.4512
189433,-0.1455,0.1167,-0.9647,-64.0,41.3105,-16.1816
189456,-0.0542,0.0829,-1.071,-54.3184,51.6836,3.2578
189479,0.0878,0.0425,-1.1564,-34.5234,55.9863,13.5
189502,0.0304,0.1189,-1.1721,-19.041,58.0352,24.002
189525,-0.1697,0.2197,-1.121,-11.1992,56.6934,27.957
189548,-0.0814,0.0942,-1.1832,-2.209,52.043,30.4629
189571,0.0729,-0.0045,-1.1765,2.5957,47.8848,30.5273
189594,0.1797,-0.1185,-1.1604,8.9102,40.3125,28.9863
189617,0.1456,-0.0352,-1.0675,14.959,31.0117,26.209
189640,0.0144,0.0522,-1.0341,19.1855,24.2422,24.168
189663,-0.0856,0.0552,-1.0634,25.7871,14.5762,21.6719
189686,-0.1021,0.0022,-1.116,29.8984,9.1504,20.7734
189709,-0.0685,-0.0349,-1.1094,34.498,2.9668,20.7363
189732,-0.0807,-0.0952,-1.0729,36.4531,-1.2285,21.8047
189755,-0.0847,-0.1478,-0.9508,36.4531,-3.1426,22.6934
189778,0.0095,-0.194,-0.9067,35.5137,-4.5527,23.5938
189801,0.0909,-0.2501,-1.0493,34.8359,-4.2383,23.5488
189824,0.0853,-0.2316,-1.1879,33.9414,-1.7285,22.1484
189847,0.028,-0.2015,-1.21,33.1289,2.4219,19.2402
189870,0.0126,-0.2017,-1.0795,31.1953,5.5645,16.7559
189893,0.038,-0.2034,-0.8914,29.0176,10.6543,12.7695
189916,0.0104,-0.2323,-0.7676,28.2148,14.291,10.1992
189939,0.0367,-0.2466,-0.7803,28.8711,19.6348,6.7266
189962,0.0248,-0.2622,-0.8069,30.4668,22.5801,4.6992
189985,0.0422,-0.2891,-0.8518,33.5391,25.1582,2.0234
190008,0.0767,-0.3146,-0.8711,35.7734,25.041,-0.3691
190031,0.0858,-0.3353,-0.9111,36.0488,23.5918,-1.8789
190054,0.109,-0.328,-0.8965,34.0566,20.0879,-4.0215
190077,0.1349,-0.3245,-0.9049,31.1055,17.3867,-5.3027
190100,0.1211,-0.3118,-0.9071,24.6992,13.6074,-6.8223
190123,0.0972,-0.2971,-0.9324,16.8359,10.8027,-7.6289
190146,0.0431,-0.2841,-0.9409,11.375,9.6543,-7.6699
190169,0.0759,-0.281,-0.922,3.7129,9.0039,-6.9629
190192,0.1351,-0.2838,-0.9329,-0.6172,9.0937,-6.0684
190215,0.1019,-0.2787,-0.9451,-5.5059,9.457,-4.3906
190238,0.0947,-0.2771,-0.9199,-8.1211,9.5488,-2.6797
190261,0.0966,-0.2793,-0.916,-9.1895,9.3535,-1.6875
190284,0.0975,-0.2787,-0.9143,-9.1602,8.7695,-0.5957
190307,0.1156,-0.2788,-0.9233,-8.5137,8.2656,-0.1992
190330,0.109,-0.2832,-0.9264,-7.0645,7.3691,-0.1445
190353,0.1165,-0.2831,-0.916,-6.0215,6.6758,-0.4453
190376,0.1085,-0.2864,-0.9144,-4.627,5.5156,-1.3047
190399,0.1134,-0.2925,-0.9014,-3.5801,4.2988,-2.4687
190422,0.1281,-0.2922,-0.9194,-3.0957,3.5078,-3.3105
190445,0.1466,-0.2931,-0.9215,-2.7129,2.3457,-4.5371
190468,0.1339,-0.2961,-0.918,-2.6895,1.5859,-5.2754
190491,0.1321,-0.2903,-0.8982,-2.9609,0.5645,-6.1738
190514,0.1198,-0.2778,-0.9099,-3.4707,-0.1133,-6.7305
190537,0.1196,-0.2811,-0.9178,-3.8672,-0.2891,-6.8789
190560,0.1337,-0.2858,-0.9163,-4.457,-0.1543,-6.7656
190583,0.1228,-0.2887,-0.9248,-4.7949,0.1074,-6.5
190606,0.1447,-0.2916,-0.9214,-5.1797,0.5566,-5.8965
190629,0.1366,-0.2905,-0.8899,-5.4102,0.8691,-5.166
190652,0.1246,-0.2867,-0.8699,-5.4824,0.9609,-4.6641
190675,0.1323,-0.2865,-0.8676,-5.5234,1.0195,-3.9375
190698,0.1394,-0.2844,-0.8832,-5.5879,1.0469,-3.4863
190721,0.1344,-0.2727,-0.8848,-5.9844,0.9883,-2.875
190744,0.1295,-0.2615,-0.8973,-6.6133,0.7734,-2.0117
190767,0.1245,-0.2573,-0.9235,-8.3379,0.0371,-2.0254
190790,0.1211,-0.2549,-0.973,-11.0996,-1.2422,-1.5996
190813,0.1272,-0.2347,-0.983,-13.418,-2.334,-1.334
190836,0.1165,-0.2249,-0.9596,-17.1309,-4.0469,-0.9258
190859,0.1031,-0.2173,-0.9199,-19.3477,-4.9883,-0.6211
190882,0.0997,-0.2164,-0.9178,-21.5742,-5.6641,-0.082
190905,0.1014,-0.2175,-0.9161,-21.9707,-5.2109,0.5254
190928,0.1265,-0.2357,-0.9292,-21.1836,-4.334,0.918
190951,0.1292,-0.2373,-0.9312,-18.7129,-2.5,1.3711
190974,0.1266,-0.2365,-0.9395,-16.4902,-1.1797,1.5332
190997,0.1473,-0.2369,-0.9399,-12.8301,0.5742,1.5352
191020,0.1412,-0.2325,-0.9458,-9.3281,1.7324,1.2754
191043,0.1082,-0.2249,-0.9249,-7.293,2.1074,1.0098
191066,0.1097,-0.218,-0.9146,-4.8203,2.2246,0.582
191089,0.1101,-0.2187,-0.913,-3.5508,2.1328,0.3262
191112,0.1174,-0.2269,-0.9148,-2.1152,1.9199,0.0059
191135,0.1372,-0.2361,-0.9238,-1.4063,1.8027,-0.2852
191158,0.1431,-0.2494,-0.9208,-0.6172,1.7422,-0.498
191181,0.1511,-0.26,-0.9003,-0.082,1.8867,-0.8809
191204,0.1678,-0.2646,-0.9104,0.1797,2.1582,-1.1738
191227,0.1638,-0.2716,-0.9169,0.4687,2.8926,-1.6191
191250,0.1729,-0.2631,-0.9045,0.6074,3.627,-1.8496
191273,0.1554,-0.2592,-0.873,0.7715,5.1309,-1.9648
191296,0.1608,-0.2573,-0.8395,0.9258,7.0684,-1.6699
191319,0.1733,-0.2487,-0.907,0.9824,8.4434,-1.2305
191342,0.1725,-0.2437,-0.9535,0.7363,10.0703,-0.2832
191365,0.1516,-0.2311,-0.9656,0.1758,10.5234,0.457
191388,0.1388,-0.2172,-0.9305,-1.3555,10.0039,1.5742
191411,0.1373,-0.2073,-0.9088,-3.4844,8.2402,2.5234
191434,0.1455,-0.2108,-0.9158,-5.0176,6.6113,2.9727
191457,0.1464,-0.2164,-0.9368,-7.2012,3.8047,3.248
191480,0.1316,-0.2253,-0.9258,-8.4766,1.8125,3.127
191503,0.1178,-0.2134,-0.8741,-9.9961,-1.1777,2.4922
191526,0.1001,-0.2008,-0.776,-10.7051,-3.5254,1.3965
191549,0.1438,-0.215,-0.8856,-11.4141,-5.3652,0.4609
191572,0.1809,-0.2372,-0.9999,-12.2109,-7.2949,-1.1895
191595,0.1641,-0.2323,-0.9794,-13.123,-8.541,-2.3984
191618,0.1338,-0.205,-0.9054,-15.1406,-10.3457,-4.1875
191641,0.1399,-0.1962,-0.9315,-16.6953,-11.3008,-5.207
191664,0.1399,-0.192,-0.9493,-18.8359,-11.9922,-6.2754
191687,0.136,-0.1808,-0.9531,-20.2656,-11.5703,-6.6719
191710,0.1178,-0.1709,-0.9114,-20.625,-10.6797,-6.5449
191733,0.1128,-0.1757,-0.9204,-20.0977,-8.5859,-5.8086
191756,0.1289,-0.1714,-0.9294,-19.0566,-6.8711,-5.0332
191779,0.1288,-0.1792,-0.9392,-16.7246,-4.248,-3.6465
191802,0.15,-0.1799,-0.9407,-13.9219,-1.9922,-2.2773
191825,0.1042,-0.1714,-0.91,-12.0195,-0.8242,-1.5
191848,0.1077,-0.1678,-0.8887,-9.3555,0.416,-0.6191
191871,0.1416,-0.1755,-0.9272,-7.8066,0.9316,-0.2344
191894,0.1357,-0.1783,-0.9285,-5.9805,1.2305,0.0332
191917,0.1373,-0.1769,-0.9303,-5.1523,1.0137,-0.0312
191940,0.1376,-0.1719,-0.931,-4.4902,0.6875,-0.207
191963,0.1333,-0.1703,-0.9323,-4.3984,0.125,-0.5625
191986,0.1311,-0.173,-0.9426,-4.5508,-0.209,-0.7949
192009,0.1366,-0.1766,-0.947,-4.9297,-0.5918,-1.0547
192032,0.1344,-0.1705,-0.9285,-5.1836,-0.7773,-1.1367
192055,0.1254,-0.1677,-0.9084,-5.3887,-0.9727,-1.1035
192078,0.129,-0.1693,-0.9191,-5.2207,-0.9844,-0.8965
192101,0.1353,-0.174,-0.9321,-4.8828,-0.8477,-0.6914
192124,0.1382,-0.176,-0.9326,-4.127,-0.4687,-0.3496
192147,0.139,-0.1787,-0.9496,-3.5508,-0.1875,-0.1426
192170,0.1293,-0.1793,-0.9515,-2.7559,0.0996,0.0937
192193,0.1238,-0.179,-0.9006,-2.1504,0.0996,0.2051
192216,0.1234,-0.1759,-0.8861,-1.834,-0.0234,0.209
192239,0.1295,-0.1819,-0.921,-1.457,-0.2754,0.1211
192262,0.139,-0.1862,-0.9205,-1.2949,-0.4668,0.0117
192285,0.1277,-0.1896,-0.9209,-1.252,-0.8086,-0.2031
192308,0.1274,-0.1837,-0.9357,-1.4688,-1.1992,-0.4258
192331,0.1243,-0.1798,-0.9302,-1.7441,-1.4844,-0.5469
192354,0.1252,-0.181,-0.8752,-2.2598,-1.9082,-0.6562
192377,0.1356,-0.1824,-0.9198,-2.5977,-2.1309,-0.6816
192400,0.1436,-0.1906,-0.9385,-3.0059,-2.2734,-0.6641
192423,0.1359,-0.1904,-0.9293,-3.1992,-2.2187,-0.627
192446,0.1294,-0.192,-0.9327,-3.3789,-1.9336,-0.5352
192469,0.1198,-0.1882,-0.9216,-3.4355,-1.5098,-0.373
192492,0.1191,-0.178,-0.9028,-3.416,-1.2363,-0.2168
192515,0.1022,-0.1676,-0.8892,-3.3047,-0.9355,0.082
192538,0.1218,-0.1691,-0.9176,-3.1895,-0.7949,0.3027
192561,0.1471,-0.1769,-0.95,-3.0371,-0.6133,0.5859
192584,0.1345,-0.1835,-0.9567,-3.0332,-0.4512,0.7031
192607,0.1315,-0.1892,-0.9469,-3.1426,-0.3633,0.6621
192630,0.1478,-0.1967,-0.947,-3.4102,-0.3145,0.4258
192653,0.1261,-0.1934,-0.9318,-3.5898,-0.3945,0.1777
192676,0.1097,-0.1888,-0.8907,-3.7441,-0.7109,-0.2402
192699,0.1211,-0.1887,-0.8795,-3.6348,-1.1348,-0.5996
192722,0.1227,-0.1899,-0.9012,-3.4062,-1.377,-0.7559
192745,0.1187,-0.1917,-0.9102,-2.9434,-1.6055,-0.834
192768,0.1211,-0.1881,-0.9175,-2.6562,-1.668,-0.7891
192791,0.1311,-0.1768,-0.9595,-2.4238,-1.6973,-0.6094
192814,0.1233,-0.1732,-0.9609,-2.4727,-1.7285,-0.4531
192837,0.12,-0.1732,-0.9374,-2.8672,-1.7949,-0.2266
192860,0.119,-0.1804,-0.9271,-3.4687,-1.7695,-0.0781
192883,0.1317,-0.1847,-0.9187,-3.8535,-1.627,-0.0488
192906,0.1326,-0.2023,-0.9161,-4.2441,-1.2266,-0.1406
192929,0.1305,-0.2024,-0.9204,-4.334,-0.9023,-0.2891
192952,0.1205,-0.1979,-0.9138,-4.2227,-0.5117,-0.6035
192975,0.1182,-0.1891,-0.8801,-3.9023,-0.3652,-0.9375
192998,0.1205,-0.1849,-0.8962,-3.627,-0.377,-1.1211
193021,0.1396,-0.1907,-0.9413,-3.2539,-0.4434,-1.2969
193044,0.1422,-0.192,-0.959,-3.127,-0.4746,-1.3457
193067,0.1292,-0.1797,-0.9534,-3.2207,-0.4941,-1.3262
193090,0.1151,-0.1776,-0.9418,-3.6191,-0.541,-1.1934
193113,0.1115,-0.1813,-0.9188,-3.9551,-0.6348,-1.043
193136,0.1129,-0.1866,-0.8986,-4.377,-0.8809,-0.7578
193159,0.1277,-0.1913,-0.8993,-4.5137,-1.0625,-0.5645
193182,0.1356,-0.1954,-0.9104,-4.4531,-1.2207,-0.3418
193205,0.1335,-0.1936,-0.9263,-4.2793,-1.1816,-0.2441
193228,0.1301,-0.1925,-0.934,-3.9531,-0.8906,-0.2441
193251,0.1299,-0.1858,-0.9495,-3.709,-0.4609,-0.293
193274,0.1239,-0.184,-0.9309,-3.6426,-0.209,-0.3281
193297,0.1205,-0.1772,-0.911,-3.6719,0.041,-0.3516
193320,0.1278,-0.1805,-0.9252,-3.7324,0.1289,-0.3437
193343,0.1333,-0.189,-0.9331,-3.8418,0.1934,-0.3164
193366,0.125,-0.1942,-0.9294,-3.9453,0.2305,-0.3047
193389,0.1296,-0.1934,-0.9293,-3.998,0.252,-0.3184
193412,0.1271,-0.1921,-0.9154,-4.0156,0.2246,-0.3672
193435,0.1173,-0.1924,-0.8854,-3.9727,0.123,-0.4141
193458,0.1261,-0.1868,-0.9069,-3.7988,-0.1211,-0.4805
193481,0.137,-0.1884,-0.9312,-3.5723,-0.3477,-0.5312
193504,0.1367,-0.189,-0.9376,-3.4746,-0.4355,-0.5566
193527,0.1362,-0.1899,-0.9407,-3.5039,-0.4551,-0.5781
193550,0.1334,-0.1897,-0.9514,-3.6562,-0.4336,-0.5762
193573,0.1272,-0.1821,-0.9375,-4.0371,-0.4727,-0.5469
193596,0.1173,-0.1808,-0.9132,-4.3242,-0.6914,-0.4805
193619,0.119,-0.1781,-0.9058,-4.6641,-0.9023,-0.418
193642,0.1298,-0.1871,-0.9225,-4.7793,-1.1934,-0.3223
193665,0.1375,-0.1935,-0.9353,-4.7363,-1.3066,-0.2754
193688,0.12,-0.1904,-0.9285,-4.5547,-1.3477,-0.2559
193711,0.1243,-0.1898,-0.9313,-4.3926,-1.3223,-0.2734
193734,0.1255,-0.1847,-0.9158,-4.1348,-1.3066,-0.3164
193757,0.1161,-0.1896,-0.9163,-3.8809,-1.4043,-0.3613
193780,0.1293,-0.1891,-0.9169,-3.7246,-1.5098,-0.3828
193803,0.1288,-0.1877,-0.9192,-3.5332,-1.6191,-0.4043
193826,0.1279,-0.1919,-0.9259,-3.4551,-1.5996,-0.416
193849,0.1284,-0.194,-0.9347,-3.4355,-1.3906,-0.4219
193872,0.1305,-0.1958,-0.9335,-3.5312,-1.0762,-0.4062
193895,0.1285,-0.1915,-0.9185,-3.6426,-0.9102,-0.3809
193918,0.1145,-0.1818,-0.9076,-3.8242,-0.8242,-0.3145
193941,0.1139,-0.1799,-0.9059,-3.9297,-0.8613,-0.25
193964,0.1256,-0.1831,-0.9272,-4.0508,-0.9434,-0.1309
193987,0.131,-0.1871,-0.9436,-4.1289,-0.9395,-0.0195
194010,0.1348,-0.1901,-0.9565,-4.2891,-0.8809,0.0293
194033,0.1311,-0.1854,-0.9381,-4.5098,-0.7871,0.0488
194056,0.1206,-0.1913,-0.9124,-4.6504,-0.7578,0.0273
194079,0.1179,-0.1827,-0.902,-4.7539,-0.75,-0.041
194102,0.1173,-0.1862,-0.9052,-4.7129,-0.7246,-0.0977
194125,0.13,-0.1946,-0.9113,-4.5039,-0.5918,-0.1816
194148,0.139,-0.1981,-0.9344,-4.2266,-0.3555,-0.2676
194171,0.1395,-0.1957,-0.9484,-4.082,-0.2051,-0.3242
194194,0.1309,-0.1836,-0.9338,-4.0059,-0.1074,-0.3906
194217,0.1152,-0.1766,-0.9164,-4.0488,-0.1504,-0.4004
194240,0.1254,-0.1768,-0.9248,-4.1934,-0.2949,-0.334
194263,0.1317,-0.1813,-0.9386,-4.3613,-0.3848,-0.1875
194286,0.1261,-0.1851,-0.9316,-4.4707,-0.3789,-0.0684
194309,0.1202,-0.1909,-0.9312,-4.5977,-0.3281,0.1074
194332,0.1267,-0.1909,-0.9282,-4.6406,-0.3359,0.2051
194355,0.1189,-0.1848,-0.9113,-4.6113,-0.5137,0.3086
194378,0.1117,-0.1835,-0.8855,-4.4492,-0.8672,0.3535
194401,0.1266,-0.1893,-0.9082,-4.2637,-1.0996,0.3516
194424,0.136,-0.1934,-0.9415,-3.9492,-1.3145,0.293
194447,0.1361,-0.1907,-0.9425,-3.7891,-1.3555,0.2187
194470,0.1257,-0.1862,-0.9335,-3.7109,-1.3027,0.0703
194493,0.1199,-0.1826,-0.9172,-3.7637,-1.2207,-0.0273
194516,0.116,-0.1807,-0.9076,-3.9336,-1.0547,-0.1309
194539,0.1207,-0.1825,-0.9139,-4.1172,-0.8301,-0.1602
194562,0.1344,-0.1844,-0.9292,-4.2227,-0.6445,-0.1504
194585,0.1394,-0.188,-0.9395,-4.377,-0.3398,-0.127
194608,0.1323,-0.1898,-0.9514,-4.4922,-0.1602,-0.123
194631,0.1257,-0.1807,-0.9315,-4.6875,-0.0078,-0.1406
194654,0.1154,-0.1766,-0.907,-4.8437,-0.0547,-0.1621
194677,0.1141,-0.1771,-0.9117,-4.875,-0.1777,-0.1699
194700,0.1239,-0.1853,-0.9209,-4.7852,-0.4082,-0.1719
194723,0.1332,-0.1892,-0.91,-4.6543,-0.5391,-0.1836
194746,0.1331,-0.1888,-0.9221,-4.416,-0.6426,-0.2383
194769,0.1432,-0.1913,-0.9633,-4.2285,-0.6348,-0.3437
194792,0.1361,-0.1835,-0.9474,-4.1875,-0.627,-0.4277
194815,0.1176,-0.1768,-0.9153,-4.2422,-0.7031,-0.5352
194838,0.1106,-0.1766,-0.9116,-4.3047,-0.8027,-0.5703
194861,0.1278,-0.181,-0.9232,-4.3437,-0.9258,-0.5547
194884,0.1294,-0.1866,-0.9186,-4.3145,-0.9375,-0.4863
194907,0.1295,-0.1921,-0.9227,-4.1953,-0.8066,-0.4355
194930,0.1373,-0.191,-0.9316,-4.0215,-0.5625,-0.3789
194953,0.1293,-0.1844,-0.9294,-3.9023,-0.4141,-0.3633
194976,0.1213,-0.1785,-0.918,-3.7461,-0.3047,-0.3613
194999,0.123,-0.1791,-0.9204,-3.666,-0.3184,-0.3672
195022,0.129,-0.1874,-0.9259,-3.584,-0.4023,-0.375
195045,0.1305,-0.1895,-0.9231,-3.5664,-0.4629,-0.3867
195068,0.1309,-0.1873,-0.9252,-3.5898,-0.4629,-0.3965
195091,0.1278,-0.1874,-0.9277,-3.6699,-0.4453,-0.4102
195114,0.1277,-0.1874,-0.9165,-3.7461,-0.4766,-0.4121
195137,0.119,-0.1854,-0.896,-3.877,-0.6289,-0.3945
195160,0.1312,-0.1869,-0.9041,-3.9844,-0.8047,-0.3496
195183,0.1384,-0.1884,-0.941,-4.0527,-0.8574,-0.3066
195206,0.139,-0.1853,-0.9415,-4.2129,-0.7871,-0.2383
195229,0.1322,-0.182,-0.9403,-4.3848,-0.6621,-0.1875
195252,0.1271,-0.1775,-0.9435,-4.7187,-0.4492,-0.0977
195275,0.1246,-0.1731,-0.9214,-4.9531,-0.3594,0.0137
195298,0.1146,-0.173,-0.9065,-5.2207,-0.3496,0.0957
195321,0.1241,-0.1787,-0.9171,-5.2949,-0.4336,0.2012
195344,0.1313,-0.1847,-0.9369,-5.2266,-0.4941,0.2422
195367,0.1353,-0.1862,-0.938,-5.0098,-0.5566,0.2227
195390,0.1395,-0.1869,-0.9392,-4.8301,-0.5977,0.1484
195413,0.1249,-0.182,-0.9338,-4.5586,-0.7227,-0.0371
195436,0.1201,-0.1796,-0.9099,-4.2949,-0.9707,-0.2617
195459,0.1169,-0.1809,-0.9004,-4.1094,-1.166,-0.3984
195482,0.1279,-0.1844,-0.9169,-3.8145,-1.4023,-0.5547
195505,0.1289,-0.1853,-0.9333,-3.6328,-1.4902,-0.6211
195528,0.1292,-0.1846,-0.9305,-3.4551,-1.5156,-0.6719
195551,0.1216,-0.1807,-0.9326,-3.4297,-1.4727,-0.666
195574,0.1204,-0.178,-0.9165,-3.4922,-1.4395,-0.6328
195597,0.1208,-0.1819,-0.9086,-3.6582,-1.3828,-0.5449
195620,0.1317,-0.1886,-0.9185,-3.7852,-1.3262,-0.4727
195643,0.1322,-0.1891,-0.9224,-3.9785,-1.2207,-0.3711
195666,0.1298,-0.1857,-0.9291,-4.1152,-1.125,-0.2988
195689,0.123,-0.1809,-0.9244,-4.3379,-1.0918,-0.2676
195712,0.1147,-0.1731,-0.9158,-4.5703,-1.0879,-0.2246
195735,0.1165,-0.1747,-0.9244,-4.7109,-1.0898,-0.1895
195758,0.1245,-0.1737,-0.9299,-4.8848,-1.0488,-0.1289
195781,0.1289,-0.1774,-0.9352,-4.9785,-0.9785,-0.0918
195804,0.1263,-0.1826,-0.9349,-5.0879,-0.834,-0.0664
195827,0.1274,-0.1783,-0.9309,-5.1484,-0.709,-0.0937
195850,0.1155,-0.1812,-0.9106,-5.1426,-0.6875,-0.1406
195873,0.1155,-0.1801,-0.8955,-5.0273,-0.7578,-0.2363
195896,0.1326,-0.1855,-0.9149,-4.875,-0.832,-0.3125
195919,0.144,-0.1829,-0.9373,-4.5879,-0.918,-0.4355
195942,0.1344,-0.1814,-0.954,-4.3691,-0.9473,-0.5625
195965,0.1295,-0.1791,-0.9432,-4.3203,-0.9551,-0.6348
195988,0.1144,-0.1732,-0.9167,-4.3789,-1.0039,-0.6836
196011,0.1078,-0.1683,-0.9104,-4.4551,-1.082,-0.6641
196034,0.1091,-0.1709,-0.9185,-4.5332,-1.2441,-0.5449
196057,0.1266,-0.1755,-0.9296,-4.5254,-1.4023,-0.3516
196080,0.1301,-0.1838,-0.9418,-4.4844,-1.4941,-0.2207
196103,0.1298,-0.1832,-0.9437,-4.4004,-1.6309,-0.0762
196126,0.1274,-0.1814,-0.9355,-4.3398,-1.7402,-0.0332
196149,0.1187,-0.1816,-0.9215,-4.2187,-1.9473,-0.0449
196172,0.1093,-0.1815,-0.9053,-4.0957,-2.0918,-0.084
196195,0.1156,-0.1866,-0.8912,-3.8262,-2.2207,-0.1523
196218,0.1366,-0.1917,-0.9149,-3.4941,-2.1543,-0.1953
196241,0.1204,-0.1829,-0.9292,-3.3027,-2.0176,-0.2031
196264,0.1143,-0.1724,-0.931,-3.1758,-1.7617,-0.1719
196287,0.0983,-0.1625,-0.9392,-3.2461,-1.6152,-0.1094
196310,0.1006,-0.1588,-0.924,-3.5742,-1.4727,0.0449
196333,0.101,-0.1663,-0.9171,-4.0664,-1.3613,0.2324
196356,0.1237,-0.1776,-0.9309,-4.4043,-1.2461,0.332
196379,0.1373,-0.1885,-0.9469,-4.8418,-0.998,0.3633
196402,0.1305,-0.1924,-0.9341,-5.0566,-0.8359,0.2773
196425,0.1182,-0.1873,-0.9146,-5.2246,-0.709,0.0
196448,0.1165,-0.1785,-0.9022,-5.1523,-0.7852,-0.3633
196471,0.1125,-0.1747,-0.9054,-4.9707,-0.9316,-0.5957
196494,0.111,-0.1747,-0.9156,-4.5762,-1.1797,-0.8633
196517,0.1179,-0.178,-0.9358,-4.3086,-1.2871,-0.9629
196540,0.1237,-0.1747,-0.9446,-4.0371,-1.2832,-0.9922
196563,0.1213,-0.1698,-0.9446,-3.9922,-1.1758,-0.9395
196586,0.1147,-0.1713,-0.939,-4.125,-0.9336,-0.7734
196609,0.1188,-0.1692,-0.9259,-4.3965,-0.6797,-0.5508
196632,0.1136,-0.1726,-0.9171,-4.5703,-0.5254,-0.4023
196655,0.1193,-0.1774,-0.9149,-4.7168,-0.293,-0.2227
196678,0.1305,-0.1843,-0.9318,-4.7187,-0.1289,-0.1484
196701,0.1351,-0.1818,-0.9501,-4.6113,0.084,-0.123
196724,0.123,-0.1788,-0.9425,-4.4551,0.1387,-0.1836
196747,0.1069,-0.1716,-0.91,-4.3437,0.0391,-0.2461
196770,0.1033,-0.1696,-0.9047,-4.1387,-0.2812,-0.3184
196793,0.1128,-0.1753,-0.9111,-3.9629,-0.5547,-0.3379
196816,0.1228,-0.1841,-0.924,-3.668,-0.9297,-0.3301
196839,0.1274,-0.1813,-0.9272,-3.418,-1.1602,-0.3105
196862,0.1305,-0.1815,-0.9391,-3.3164,-1.2168,-0.3047
196885,0.1195,-0.1766,-0.9463,-3.3027,-1.2031,-0.3047
196908,0.0952,-0.1659,-0.9098,-3.377,-1.1641,-0.3008
196931,0.1055,-0.1656,-0.8927,-3.541,-1.0508,-0.2598
196954,0.1184,-0.1763,-0.9207,-3.6367,-0.9199,-0.1855
196977,0.1331,-0.1893,-0.9432,-3.752,-0.6641,-0.1445
197000,0.137,-0.187,-0.9421,-3.8848,-0.418,-0.1465
197023,0.1246,-0.1786,-0.9287,-4.002,-0.3125,-0.1973
197046,0.11,-0.1729,-0.9141,-4.1895,-0.2871,-0.3184
197069,0.1079,-0.1727,-0.913,-4.291,-0.3496,-0.4004
197092,0.1119,-0.1716,-0.9073,-4.377,-0.4883,-0.4863
197115,0.1213,-0.174,-0.9235,-4.3848,-0.5723,-0.5195
197138,0.1279,-0.1779,-0.9382,-4.373,-0.5703,-0.5234
197161,0.1237,-0.1776,-0.9418,-4.3945,-0.5117,-0.5215
197184,0.1205,-0.1731,-0.9368,-4.4531,-0.4746,-0.5215
197207,0.1169,-0.1692,-0.9218,-4.5859,-0.4863,-0.5215
197230,0.1184,-0.1716,-0.9211,-4.7148,-0.5781,-0.5234
197253,0.1191,-0.1753,-0.922,-4.7637,-0.6484,-0.5234
197276,0.1195,-0.176,-0.9233,-4.7598,-0.7109,-0.5215
197299,0.1254,-0.177,-0.9309,-4.7109,-0.7129,-0.5195
197322,0.1195,-0.1774,-0.9255,-4.5898,-0.6953,-0.5117
197345,0.1102,-0.1721,-0.913,-4.4863,-0.7129,-0.4844
197368,0.1135,-0.1714,-0.9066,-4.3105,-0.7422,-0.4492
197391,0.1252,-0.1716,-0.9274,-4.1348,-0.7715,-0.3691
197414,0.1298,-0.1694,-0.9561,-4.0566,-0.7656,-0.3105
197437,0.1274,-0.1692,-0.9587,-4.0625,-0.7383,-0.2363
197460,0.1224,-0.1714,-0.9417,-4.1562,-0.7363,-0.2051
197483,0.1091,-0.1708,-0.92,-4.3477,-0.7871,-0.1934
197506,0.1084,-0.1721,-0.9091,-4.4531,-0.8887,-0.2148
197529,0.1165,-0.1788,-0.9055,-4.4102,-0.9668,-0.2441
197552,0.1237,-0.1859,-0.9117,-4.1602,-1.0762,-0.3145
197575,0.126,-0.1859,-0.9265,-3.9043,-1.1406,-0.3789
197598,0.1261,-0.1793,-0.9316,-3.4961,-1.2363,-0.4922
197621,0.1119,-0.1718,-0.9312,-3.1875,-1.3711,-0.5918
197644,0.0972,-0.1691,-0.9045,-3.0762,-1.4902,-0.625
197667,0.1027,-0.1749,-0.894,-3.043,-1.6563,-0.6074
197690,0.1191,-0.1801,-0.9241,-3.0937,-1.7109,-0.5586
197713,0.1302,-0.1826,-0.9348,-3.2812,-1.668,-0.4687
197736,0.1237,-0.1775,-0.9318,-3.9902,-1.4746,-0.4023
197759,0.1179,-0.1697,-0.9424,-3.9141,-1.2793,-0.373
197782,0.114,-0.1615,-0.9374,-4.4121,-0.9531,-0.3359
197805,0.1063,-0.1613,-0.926,-4.7324,-0.748,-0.3047
197828,0.1171,-0.17,-0.9364,-5.1074,-0.4707,-0.248
197851,0.1261,-0.1769,-0.9382,-5.252,-0.3086,-0.2168
197874,0.1224,-0.181,-0.9255,-5.293,-0.127,-0.2109
197897,0.1144,-0.1829,-0.9174,-5.1152,-0.0586,-0.2617
197920,0.1134,-0.1792,-0.9032,-4.8848,-0.0977,-0.3145
197943,0.1169,-0.174,-0.8964,-4.418,-0.2754,-0.3887
197966,0.1183,-0.1779,-0.9222,-4.0762,-0.4355,-0.4238
197989,0.127,-0.1782,-0.9375,-3.6406,-0.6621,-0.4414
198012,0.1262,-0.1738,-0.9418,-3.4414,-0.793,-0.4121
198035,0.116,-0.1687,-0.9449,-3.4766,-0.8164,-0.3613
198058,0.1083,-0.1649,-0.9371,-3.7441,-0.8008,-0.2246
198081,0.1005,-0.1639,-0.9117,-4.0059,-0.7988,-0.0996
198104,0.1047,-0.1674,-0.91,-4.3867,-0.8145,0.1133
198127,0.1158,-0.1759,-0.9105,-4.6328,-0.8105,0.2969
198150,0.1377,-0.1827,-0.9293,-4.7012,-0.7715,0.3613
198173,0.1343,-0.1803,-0.9419,-4.7012,-0.6426,0.3398
198196,0.1233,-0.1743,-0.9414,-4.6719,-0.5312,0.248
198219,0.1161,-0.168,-0.9365,-4.6289,-0.3906,0.0488
198242,0.0988,-0.1638,-0.9187,-4.6016,-0.3555,-0.0879
198265,0.1034,-0.1641,-0.9025,-4.5312,-0.3926,-0.2402
198288,0.1166,-0.1737,-0.9114,-4.3906,-0.4629,-0.3105
198311,0.1276,-0.1818,-0.9271,-4.2637,-0.4902,-0.3242
198334,0.1249,-0.1826,-0.9315,-4.084,-0.4922,-0.3242
198357,0.1202,-0.174,-0.9276,-4.0039,-0.4902,-0.3203
198380,0.1116,-0.168,-0.9269,-3.9707,-0.5254,-0.3008
198403,0.106,-0.1661,-0.9144,-4.0352,-0.5957,-0.2422
198426,0.1135,-0.1676,-0.9119,-4.1133,-0.6211,-0.1797
198449,0.1294,-0.1715,-0.9285,-4.252,-0.5527,-0.0742
198472,0.131,-0.1758,-0.9398,-4.3613,-0.4297,-0.0137
198495,0.1306,-0.1785,-0.9446,-4.5527,-0.1641,0.0332
198518,0.1223,-0.1667,-0.925,-4.7578,0.0859,0.0293
198541,0.1051,-0.1625,-0.9186,-4.8672,0.1738,0.0176
198564,0.1052,-0.161,-0.9144,-4.9395,0.1699,0.0195
198587,0.1168,-0.1624,-0.9213,-4.918,0.1113,0.0352
198610,0.1287,-0.1719,-0.9376,-4.8047,0.0273,0.0566
198633,0.1315,-0.1763,-0.9431,-4.707,-0.002,0.0273
198656,0.1317,-0.176,-0.9318,-4.5645,-0.0234,-0.0371
198679,0.1205,-0.173,-0.9127,-4.4219,-0.0957,-0.1934
198702,0.1072,-0.1674,-0.9,-4.3066,-0.1973,-0.3145
198725,0.1133,-0.1694,-0.9076,-4.0996,-0.4023,-0.4746
198748,0.1354,-0.1736,-0.9264,-3.9609,-0.5312,-0.5469
198771,0.1364,-0.1744,-0.9459,-3.8281,-0.6445,-0.6035
198794,0.1298,-0.1705,-0.9543,-3.875,-0.6367,-0.6094
198817,0.118,-0.1638,-0.9429,-4.0176,-0.5898,-0.5801
198840,0.1133,-0.1577,-0.9229,-4.3281,-0.5215,-0.4824
198863,0.1093,-0.1556,-0.9158,-4.5273,-0.5078,-0.3828
198886,0.1172,-0.1636,-0.9175,-4.7168,-0.5547,-0.2109
198909,0.1169,-0.1718,-0.9194,-4.748,-0.709,-0.0859
198932,0.118,-0.1713,-0.918,-4.7461,-0.9336,-0.0801
198955,0.1316,-0.1705,-0.9696,-4.9199,-1.6426,-0.2598
198978,0.1082,-0.1572,-0.9347,-5.2793,-2.4668,-0.5156
199001,0.0865,-0.1462,-0.8953,-6.1758,-4.1543,-1.0449
199024,0.0831,-0.1487,-0.8862,-6.8633,-5.8574,-1.5801
199047,0.0937,-0.152,-0.9044,-7.7285,-6.8457,-1.8555
199070,0.1119,-0.1584,-0.9473,-8.2656,-7.6738,-2.0937
199093,0.1145,-0.1619,-0.9679,-8.498,-7.8613,-2.1445
199116,0.0966,-0.1543,-0.9286,-8.7637,-7.7187,-2.0977
199139,0.0906,-0.1486,-0.91,-8.8691,-7.375,-1.9863
199162,0.0974,-0.1495,-0.9252,-8.8164,-6.5273,-1.6992
199185,0.0878,-0.1429,-0.9276,-8.4883,-5.4258,-1.3047
199208,0.0651,-0.1344,-0.9351,-8.1504,-4.6641,-1.0117
199231,0.0664,-0.1306,-0.9347,-7.5488,-3.5879,-0.5879
199254,0.0687,-0.1345,-0.9442,-7.1211,-2.9434,-0.3613
199277,0.0713,-0.1387,-0.9482,-6.4766,-2.1094,-0.1992
199300,0.0604,-0.1539,-0.9297,-5.8281,-1.4453,-0.3516
199323,0.1123,-0.1681,-0.9005,-5.3613,-1.0938,-0.666
199346,0.1442,-0.1646,-0.8969,-4.5449,-0.7187,-1.4805
199369,0.116,-0.1511,-0.913,-3.918,-0.5937,-2.2227
199392,0.0748,-0.1329,-0.9225,-2.9512,-0.5957,-3.4609
199415,0.0404,-0.1299,-0.9067,-2.377,-0.7402,-4.5527
199438,0.056,-0.1384,-0.929,-1.7402,-0.8535,-5.0703
199461,0.0906,-0.1461,-0.9473,-1.4453,-0.9863,-5.4805
199484,0.1235,-0.1392,-0.9534,-1.4434,-1.0176,-5.5605
199507,0.1156,-0.1567,-0.9319,-1.6367,-0.9063,-5.5254
199530,0.1202,-0.1704,-0.9105,-1.8047,-0.6719,-5.4512
199553,0.136,-0.176,-0.905,-1.9551,-0.0059,-5.2832
199576,0.1364,-0.1793,-0.9276,-1.9336,0.9785,-5.0293
199599,0.1375,-0.1914,-0.936,-1.8711,1.7051,-4.7871
199622,0.1494,-0.189,-0.9353,-1.8145,2.7246,-4.2617
199645,0.1252,-0.1821,-0.9314,-1.8359,3.2578,-3.7754
199668,0.105,-0.1688,-0.895,-1.9531,3.7734,-2.7969
199691,0.0884,-0.1564,-0.8698,-2.0645,4.0684,-1.4824
199714,0.0944,-0.1484,-0.9144,-2.0898,4.2461,-0.4375
199737,0.0945,-0.1448,-0.9346,-2.1074,4.5215,1.2832
199760,0.0925,-0.134,-0.9038,-2.1641,4.7012,2.4277
199783,0.1221,-0.134,-0.9402,-2.3437,5.002,3.9512
199806,0.1235,-0.1473,-0.964,-2.5234,5.3965,5.0254
199829,0.1399,-0.1555,-0.9655,-2.8633,5.7227,5.4043
199852,0.1643,-0.1627,-0.9725,-3.2441,6.2227,5.4141
199875,0.1748,-0.171,-0.943,-3.4863,6.4551,5.0566
199898,0.1678,-0.1855,-0.9106,-3.7676,6.4355,4.0762
199921,0.1798,-0.1908,-0.8944,-3.8691,6.1055,3.2285
199944,0.1555,-0.1891,-0.8965,-3.9141,5.0918,1.8965
199967,0.1149,-0.1963,-0.9194,-3.9766,3.5078,0.8008
199990,0.1262,-0.1871,-0.8829,-4.1309,2.2539,0.3574
200013,0.1342,-0.1589,-0.876,-4.5918,0.3809,0.2363
200036,0.1182,-0.1433,-0.9084,-5.0605,-0.6973,0.5215
200059,0.1256,-0.1367,-0.9534,-6.0469,-1.9004,1.4121
200082,0.1212,-0.1262,-0.9561,-7.4102,-2.5898,2.6602
200105,0.0992,-0.1152,-0.9514,-8.4629,-2.7969,3.5645
200128,0.0931,-0.114,-0.9457,-9.9883,-2.7695,4.8398
200151,0.113,-0.1146,-0.9517,-10.7891,-2.5625,5.5352
200174,0.1163,-0.1173,-0.9486,-11.4141,-2.1074,6.1699
200197,0.1268,-0.1205,-0.9656,-11.2207,-1.6953,6.1465
200220,0.1173,-0.137,-0.9677,-10.6641,-1.5723,5.7207
200243,0.1146,-0.1401,-0.9215,-9.3145,-1.7363,4.502
200266,0.1082,-0.1466,-0.9131,-8.1309,-2.0859,3.3711
200289,0.115,-0.1528,-0.9257,-6.0605,-2.9062,1.3867
200312,0.1107,-0.1569,-0.9071,-4.5918,-3.5918,-0.5098
200335,0.1089,-0.1646,-0.8925,-2.4512,-4.6641,-2.0156
200358,0.1208,-0.1722,-0.8909,-0.5703,-5.5488,-3.7168
200381,0.1243,-0.1816,-0.9014,0.4551,-5.9277,-4.5996
200404,0.1266,-0.1846,-0.9056,1.5176,-6.1035,-5.4844
200427,0.1165,-0.1774,-0.9078,1.8555,-5.9473,-5.7656
200450,0.1198,-0.175,-0.9047,1.7754,-5.3535,-5.7148
200473,0.1254,-0.173,-0.9136,1.0371,-4.4551,-5.123
200496,0.1232,-0.1703,-0.932,0.2344,-3.7773,-4.4668
200519,0.1346,-0.1627,-0.9426,-1.332,-2.7734,-3.1758
200542,0.1217,-0.1562,-0.9392,-2.5391,-2.1855,-2.1797
200565,0.1089,-0.1512,-0.9224,-4.4238,-1.5098,-0.5879
200588,0.105,-0.1541,-0.9249,-6.1641,-1.0859,0.9922
200611,0.1193,-0.1489,-0.9492,-7.1484,-0.9375,1.9707
200634,0.1078,-0.1296,-0.9535,-8.3008,-0.9473,3.2344
200657,0.0668,-0.1165,-0.9172,-8.8281,-1.1074,3.9121
200680,0.0778,-0.1144,-0.9211,-9.1855,-1.4473,4.6797
200703,0.0779,-0.1212,-0.9348,-9.1113,-1.6641,5.1387
200726,0.076,-0.1279,-0.931,-8.582,-1.8945,5.2559
200749,0.0951,-0.1362,-0.9304,-7.6797,-1.9746,5.1211
200772,0.1088,-0.1454,-0.9277,-6.9551,-1.9414,4.8145
200795,0.1118,-0.1516,-0.9264,-5.8203,-1.791,4.0449
200818,0.1111,-0.1572,-0.941,-5.1133,-1.6523,3.3633
200841,0.1224,-0.1571,-0.9326,-4.2617,-1.4434,2.1914
200864,0.1161,-0.1536,-0.9225,-3.7402,-1.3066,0.9824
200887,0.0939,-0.1451,-0.917,-3.5664,-1.2715,0.248
200910,0.0895,-0.1368,-0.9199,-3.498,-1.2637,-0.625
200933,0.094,-0.136,-0.921,-3.5332,-1.2578,-1.0117
200956,0.0894,-0.1389,-0.9187,-3.6484,-1.1973,-1.2969
200979,0.0933,-0.1461,-0.9187,-3.7852,-1.0508,-1.3008
201002,0.1045,-0.1499,-0.9102,-3.8828,-0.9063,-1.2129
201025,0.1116,-0.1484,-0.9037,-4.0469,-0.6406,-1.0508
201048,0.1196,-0.1499,-0.9248,-4.1816,-0.4434,-0.9805
201071,0.1121,-0.1393,-0.902,-4.4687,-0.1406,-0.9785
201094,0.0774,-0.1226,-0.877,-4.7598,0.1191,-1.1113
201117,0.0825,-0.1094,-0.9219,-5.4668,0.2148,-1.2637
201140,0.0657,-0.1093,-0.923,-6.7988,0.0371,-1.6016
201163,0.0741,-0.1107,-0.8929,-8.209,-0.4316,-1.9258
201186,0.0885,-0.1045,-0.9048,-11.1895,-1.7461,-2.6289
201209,0.1073,-0.101,-0.9294,-13.6934,-2.9746,-3.2578
201232,0.1349,-0.0989,-0.9609,-18.0137,-5.1074,-4.416
201255,0.1473,-0.0898,-0.9805,-22.6387,-7.207,-5.6953
201278,0.1388,-0.0743,-0.9661,-25.6289,-8.3867,-6.4922
201301,0.1235,-0.0677,-0.9957,-29.5547,-9.6035,-7.3711
201324,0.1084,-0.0354,-0.9811,-31.6094,-9.9609,-7.625
201347,0.0649,-0.0052,-0.9392,-33.6309,-9.832,-7.377
201370,0.0365,0.0015,-0.9396,-34.2734,-9.0742,-6.3496
201393,0.0676,-0.0072,-0.9677,-34.0117,-8.3848,-5.3223
201416,0.0653,-0.0106,-0.939,-32.8613,-7.4707,-3.5684
201439,0.0387,-0.0176,-0.8843,-31.7402,-7.1504,-2.459
201462,0.0374,-0.0188,-0.8666,-29.6543,-7.2344,-1.1582
201485,0.0327,-0.0176,-0.8785,-27.0469,-7.7871,-0.4551
201508,0.0408,0.0303,-0.8856,-25.4434,-8.2129,-0.3105
201531,0.0288,0.0131,-0.9036,-22.8047,-8.6348,-0.4414
201554,0.0402,0.0275,-0.8964,-21.1152,-8.625,-0.6328
201577,0.021,0.0433,-0.8795,-18.7402,-7.9961,-0.8555
201600,0.0375,0.056,-0.8943,-17.2344,-7.0937,-0.8613
201623,0.0398,0.0532,-0.9241,-15.0312,-5.0176,-0.584
201646,0.0443,0.0427,-0.9628,-12.8848,-2.2559,-0.0293
201669,0.0579,0.032,-0.9777,-11.5195,-0.2109,0.4043
201692,0.0548,0.0286,-0.9313,-9.5937,2.8652,0.9941
201715,0.0626,0.0227,-0.8928,-8.3535,4.7578,1.2578
201738,0.0801,0.0142,-0.91,-6.4863,7.0977,1.3555
201761,0.0853,0.0165,-0.9198,-4.666,8.5566,1.0293
201784,0.0728,0.0259,-0.9192,-3.5605,8.9687,0.5898
201807,0.0671,0.0243,-0.9349,-2.168,8.8672,-0.291
201830,0.0771,0.0125,-0.9318,-1.459,8.4687,-0.9551
201853,0.0852,0.0067,-0.9075,-0.7676,7.5977,-1.957
201876,0.09,-0.0005,-0.918,-0.4922,6.5508,-2.9023
201899,0.1042,0.0001,-0.9265,-0.5,5.8105,-3.4766
201922,0.1029,-0.0046,-0.9232,-0.7227,4.7129,-4.2305
201945,0.1088,-0.0134,-0.9128,-0.9551,4.0312,-4.6426
201968,0.0975,-0.011,-0.8945,-1.3184,3.1523,-5.082
201991,0.0769,-0.0007,-0.8981,-1.5059,2.7012,-5.2305
202014,0.0645,0.0125,-0.8866,-1.6523,2.291,-5.207
202037,0.0768,0.0165,-0.9109,-1.6582,2.248,-4.9082
202060,0.0454,-0.0038,-0.8861,-1.6211,2.4355,-4.6035
202083,0.0387,-0.0055,-0.809,-1.5664,3.0156,-4.1035
202106,0.0398,0.0034,-0.7772,-1.5488,3.5996,-3.8047
202129,0.0631,0.0192,-0.788,-1.6113,4.8418,-3.5039
202152,0.1616,0.0029,-0.8959,-2.0937,6.6484,-3.5469
202175,0.2302,-0.0068,-0.9672,-2.9766,8.168,-3.8848
202198,0.3894,-0.0229,-1.2028,-5.6621,10.8262,-4.9629
202221,0.3627,0.0441,-0.9023,-8.4395,12.8574,-6.0
202244,0.3027,0.0249,-0.9054,-13.4922,16.6172,-7.6309
202267,0.2599,0.0524,-0.9562,-18.6953,21.3438,-8.6875
202290,0.2726,0.0664,-1.1385,-22.0137,24.7246,-8.7988
202313,0.2932,0.0704,-1.0784,-26.6836,29.1016,-7.9844
202336,0.3134,0.0962,-0.8746,-29.3906,30.7969,-6.8711
202359,0.2831,0.0997,-0.766,-32.0371,30.5957,-4.5723
202382,0.228,0.1079,-0.7805,-32.416,28.6074,-1.7734
202405,0.1798,0.1194,-0.7988,-30.8691,23.5176,0.2422
202428,0.1356,0.1241,-0.826,-27.8379,17.1152,3.2402
202451,0.1735,0.14,-0.7709,-25.8672,12.7891,5.0234
202474,0.1504,0.1801,-0.6998,-24.2227,7.0137,6.9492
202497,0.0693,0.2319,-0.6936,-24.5332,4.0449,7.4844
202520,0.0516,0.2573,-0.8016,-27.8184,1.4453,6.7852
202543,0.1719,0.2751,-0.8601,-35.1543,0.9688,3.8887
202566,0.2311,0.2952,-0.8882,-42.3418,1.4277,0.5742
202589,0.2169,0.3208,-0.8883,-55.7012,2.6328,-6.3457
202612,0.1368,0.3433,-0.9451,-64.0,3.6016,-11.8652
202635,0.225,0.4071,-0.8694,-64.0,5.3652,-20.4707
202658,0.1621,0.3929,-0.7782,-64.0,7.5566,-28.2051
202681,0.1667,0.3865,-0.7566,-64.0,9.2266,-32.2793
202704,0.1953,0.3883,-0.755,-64.0,11.8437,-36.1719
202727,0.1819,0.4075,-0.7565,-64.0,13.4492,-37.1563
202750,0.1676,0.4174,-0.7223,-64.0,15.2715,-36.3652
202773,0.1309,0.4478,-0.6836,-64.0,16.4102,-33.4297
202796,0.1412,0.4478,-0.6926,-55.4434,15.8184,-30.7305
202819,0.1993,0.4503,-0.7074,-45.3984,14.4551,-26.3828
202842,0.2761,0.447,-0.6708,-40.2695,12.8984,-23.7715
202865,0.2257,0.459,-0.7333,-35.3418,9.8008,-20.8672
202888,0.1537,0.5068,-0.6674,-33.834,7.4707,-19.666
202911,0.1921,0.4982,-0.6899,-33.6641,4.1758,-18.6543
202934,0.215,0.4946,-0.6459,-35.0137,1.7793,-18.0801
202957,0.1725,0.5093,-0.6448,-36.1953,0.8848,-17.7188
202980,0.1406,0.5134,-0.6074,-37.6777,0.6094,-17.002
203003,0.2091,0.5083,-0.5669,-38.1855,1.0645,-16.3672
203026,0.2296,0.5201,-0.6669,-37.9766,2.5723,-15.2441
203049,0.1678,0.5577,-0.6775,-36.5762,4.8789,-14.1152
203072,0.149,0.5764,-0.6302,-35.0527,6.6953,-13.5137
203095,0.1758,0.5754,-0.5565,-32.1875,9.334,-13.0566
203118,0.1771,0.5675,-0.6608,-30.1719,10.6523,-13.1387
203141,0.1367,0.5687,-0.6512,-27.5098,11.2871,-13.8945
203164,0.0933,0.5574,-0.6097,-26.2305,9.7656,-15.3437
203187,0.1145,0.564,-0.571,-25.3672,7.5723,-16.6016
203210,0.1356,0.5944,-0.533,-25.875,3.209,-18.6621
203233,0.0995,0.6198,-0.5499,-26.8848,0.2344,-19.9629
203256,0.0248,0.6296,-0.5751,-29.1191,-3.4336,-21.4844
203279,0.1401,0.6157,-0.5807,-30.9063,-5.209,-22.0605
203302,0.131,0.6012,-0.4946,-33.793,-7.3145,-22.1172
203325,0.0789,0.5463,-0.5056,-36.6758,-9.3223,-21.1719
203348,0.0494,0.5162,-0.4705,-38.4727,-10.5195,-20.041
203371,0.0295,0.5889,-0.4639,-40.8535,-11.584,-17.7539
203394,0.1086,0.78,-0.4901,-42.1621,-11.6289,-15.9238
203417,0.0917,0.9249,-0.6243,-43.4844,-10.8555,-12.877
203440,0.108,0.7635,-0.4988,-43.6641,-9.6797,-9.6895
203463,0.0054,0.6418,-0.3761,-43.0156,-9.1582,-7.666
203486,0.0421,0.6942,-0.4401,-40.8965,-9.1777,-5.0547
203509,0.0557,0.6836,-0.4388,-38.7285,-9.6191,-3.6621
203532,0.0569,0.6786,-0.452,-34.3438,-10.416,-2.002
203555,0.0693,0.6783,-0.4524,-28.709,-10.7578,-0.5898
203578,0.0988,0.6853,-0.4629,-24.3906,-10.5566,0.3594
203601,0.0966,0.6713,-0.5088,-17.4375,-9.5801,1.9102
203624,0.067,0.6716,-0.5043,-12.7402,-8.5,3.0117
203647,0.0981,0.6738,-0.4814,-6.1055,-6.4238,4.6172
203670,0.1025,0.6782,-0.4987,-2.2656,-4.9805,5.5156
203693,0.0812,0.6725,-0.4902,2.1914,-3.1797,6.3594
203716,0.073,0.6743,-0.4946,4.791,-2.0937,6.3555
203739,0.0757,0.6718,-0.489,5.4668,-1.7207,5.8223
203762,0.0876,0.674,-0.4617,5.0859,-1.3555,4.293
203785,0.0818,0.6758,-0.4698,4.1133,-1.0605,2.9023
203808,0.0613,0.6675,-0.4951,2.0293,-0.3828,0.5098
203831,0.036,0.6738,-0.475,-0.2578,0.4687,-1.9551
203854,0.0671,0.6736,-0.4684,-1.6289,0.9492,-3.4766
203877,0.0636,0.6708,-0.4951,-3.1387,1.2695,-5.3145
203900,0.0438,0.6697,-0.5138,-3.6582,1.1641,-6.0977
203923,0.0474,0.6547,-0.5255,-3.6367,0.6055,-6.4473
203946,0.0837,0.6639,-0.5239,-2.7676,-0.2852,-5.7559
203969,0.0814,0.6807,-0.4957,-1.8613,-1.0801,-4.7598
203992,0.0526,0.6678,-0.5272,-0.3613,-2.7383,-2.6973
204015,0.0645,0.6658,-0.4994,0.4922,-4.1309,-1.1582
204038,0.0763,0.6709,-0.4784,1.1816,-6.3633,0.9961
204061,0.0586,0.6851,-0.4651,1.1074,-7.7148,2.6328
204084,0.0575,0.6631,-0.4631,0.1211,-9.2383,3.2031
204107,0.0775,0.6566,-0.4779,-1.7695,-9.8301,3.5059
204130,0.0735,0.655,-0.473,-3.3262,-9.5605,3.3594
204153,0.037,0.6735,-0.455,-5.5898,-8.248,2.7871
204176,0.0474,0.6625,-0.5259,-6.7051,-6.9512,2.2754
204199,0.0492,0.6593,-0.5232,-7.2598,-4.6289,1.4863
204222,0.0702,0.6527,-0.5278,-6.166,-2.2227,0.9258
204245,0.0891,0.6572,-0.5059,-4.5605,-0.8066,0.832
204268,0.0707,0.6664,-0.5391,-1.1934,0.8027,1.2832
204291,0.0601,0.655,-0.5371,1.3672,1.4883,2.0078
204314,0.1254,0.6505,-0.5355,5.0176,1.9961,3.5918
204337,0.1246,0.6515,-0.5349,7.6309,2.041,5.3945
204360,0.0753,0.6499,-0.5094,8.4551,1.8906,6.459
204383,0.0747,0.687,-0.4868,8.0664,1.4219,7.459
204406,0.1002,0.6469,-0.4935,6.752,0.9043,7.5488
204429,0.094,0.647,-0.4933,3.5527,-0.2598,6.7031
204452,0.1013,0.6409,-0.4954,0.9531,-1.293,4.8145
204475,0.0044,0.6699,-0.4993,-2.8926,-3.1465,3.166
204498,0.0684,0.6414,-0.5134,-5.791,-5.0801,0.5
204521,0.0465,0.6407,-0.5461,-6.8105,-6.1641,-1.1953
204544,0.0485,0.6406,-0.5577,-6.6406,-7.1426,-3.2949
204567,0.0687,0.6373,-0.5552,-5.377,-7.2695,-4.2559
204590,0.0615,0.6423,-0.5596,-2.0508,-6.7109,-4.8613
204613,0.0425,0.6434,-0.5779,2.2812,-5.4199,-4.3789
204636,0.1063,0.6309,-0.5862,5.2227,-4.1953,-3.498
204659,0.1018,0.6372,-0.5729,8.9023,-1.8652,-1.5762
204682,0.0894,0.6398,-0.5374,10.4434,-0.1152,-0.0957
204705,0.0906,0.6355,-0.5375,10.8789,2.4277,2.0312
204728,0.093,0.6385,-0.5011,8.8867,4.4062,3.6426
204751,0.0684,0.6335,-0.499,6.3496,5.2227,4.2754
204774,0.127,0.6332,-0.5007,1.3066,5.5801,4.4766
204797,0.0919,0.6359,-0.5244,-2.3926,5.248,4.125
204820,0.0342,0.6483,-0.5018,-7.4883,4.0137,2.998
204843,0.0586,0.6366,-0.5331,-10.0723,2.3711,1.375
204866,0.0769,0.6307,-0.5585,-12.127,1.041,0.1992
204889,0.0817,0.6283,-0.5581,-11.7363,-0.4727,-1.3398
204912,0.0884,0.6261,-0.5597,-10.2109,-1.1172,-2.0137
204935,0.1047,0.6329,-0.5663,-6.5078,-1.4063,-2.2559
204958,0.0867,0.64,-0.6063,-3.498,-1.1621,-1.8535
204981,0.0979,0.6245,-0.5701,0.9844,-0.418,-0.5195
205004,0.0952,0.6329,-0.5746,4.3984,0.2324,1.3281
205027,0.1141,0.6392,-0.5389,5.623,0.3789,2.5937
205050,0.1119,0.6324,-0.5204,5.5234,0.0508,4.2012
205073,0.0959,0.6301,-0.5277,4.1602,-0.4766,4.9258
205096,0.0935,0.6423,-0.5189,0.502,-1.5039,5.332
205119,0.113,0.6414,-0.5057,-4.3535,-2.5352,4.8418
205142,0.0782,0.6292,-0.5048,-7.7656,-3.1348,4.0352
205165,0.0977,0.6367,-0.5034,-12.4238,-3.8926,2.2285
205188,0.0253,0.6609,-0.4967,-14.834,-4.3359,0.7676
205211,0.0585,0.6399,-0.5095,-16.8945,-4.9082,-1.4922
205234,0.0558,0.6368,-0.5367,-17.0723,-5.2852,-3.4199
205257,0.0881,0.6321,-0.5435,-15.5176,-5.3281,-4.2949
205280,0.1062,0.626,-0.578,-12.0742,-4.9434,-4.7187
205303,0.0677,0.6486,-0.5568,-9.041,-4.3789,-4.334
205326,0.0984,0.6434,-0.5629,-4.0469,-3.2109,-2.8477
205349,0.0937,0.6299,-0.5579,-0.8652,-2.3574,-1.4238
205372,0.0801,0.6387,-0.5419,2.9629,-1.2148,0.9238
205395,0.0815,0.6357,-0.5258,5.0391,-0.4648,3.0273
205418,0.1061,0.6399,-0.4956,5.291,-0.2324,4.1113
205441,0.1305,0.6306,-0.512,4.0703,-0.1992,5.1621
205464,0.1182,0.632,-0.4952,2.4082,-0.3047,5.4707
205487,0.1008,0.6373,-0.5212,-0.7715,-0.5664,5.334
205510,0.0709,0.6293,-0.5397,-3.9414,-0.9121,4.4473
205533,0.0582,0.6267,-0.5283,-5.5996,-1.1504,3.4531
205556,0.0691,0.6251,-0.5331,-6.8887,-1.3984,1.4941
205579,0.0688,0.6265,-0.5604,-6.7715,-1.4297,0.043
205602,0.0751,0.6222,-0.5918,-5.0781,-1.209,-1.9844
205625,0.0863,0.6191,-0.6156,-1.8516,-0.6914,-3.3926
205648,0.1,0.6213,-0.605,0.8281,-0.2422,-3.8184
205671,0.1066,0.6178,-0.5969,4.9609,0.4551,-3.5937
205694,0.1156,0.6229,-0.5769,7.3613,0.8633,-2.9141
205717,0.1003,0.6217,-0.5559,9.7793,1.2461,-1.3457
205740,0.0969,0.6172,-0.5292,10.332,1.2383,-0.1445
205763,0.08,0.623,-0.5137,9.4238,0.6973,1.498
205786,0.094,0.6166,-0.5259,6.7422,-0.4414,2.5918
205809,0.0817,0.6249,-0.5421,4.3613,-1.3887,2.9199
205832,0.1118,0.619,-0.5634,0.6777,-2.7812,2.8437
205855,0.1005,0.6222,-0.5566,-1.4277,-3.541,2.498
205878,0.1053,0.6102,-0.5743,-3.541,-4.3398,1.6953
205901,0.076,0.6119,-0.583,-4.1738,-4.8848,0.7246
205924,0.0697,0.6021,-0.5942,-3.8242,-5.2656,0.0625
205947,0.0459,0.6377,-0.5879,-2.4277,-5.957,-0.8379
205970,0.103,0.6432,-0.5826,-1.1387,-6.3867,-1.3184
205993,0.1046,0.6833,-0.5365,0.8809,-6.6621,-1.7676
206016,0.1052,0.7139,-0.5217,2.4082,-6.2187,-1.7285
206039,0.0424,0.687,-0.4902,2.7988,-5.5684,-1.3086
206062,0.0084,0.6243,-0.4801,1.9355,-4.4844,0.1172
206085,0.041,0.5723,-0.5392,0.2168,-3.9707,1.6445
206108,0.1031,0.5389,-0.5798,-3.8945,-3.7578,4.5742
206131,0.1227,0.5427,-0.6116,-7.2187,-3.9121,7.6465
206154,0.1063,0.5663,-0.6067,-11.9238,-4.1543,9.3496
206177,0.132,0.5715,-0.6237,-14.8594,-3.8574,11.0703
206200,0.1567,0.5479,-0.6497,-15.2656,-3.209,11.5625
206223,0.1333,0.554,-0.6157,-13.2969,-1.6582,11.3809
206246,0.105,0.5817,-0.6403,-10.4219,-0.4121,10.7559
206269,0.0941,0.5969,-0.5892,-4.3887,1.3633,9.3145
206292,0.0824,0.6006,-0.5792,2.7285,2.623,7.5918
206315,0.0779,0.6335,-0.6077,7.5176,3.0488,6.4746
206338,0.0939,0.6512,-0.6512,14.041,2.9238,5.1855
206361,0.0061,0.6178,-0.8401,17.6738,2.3242,4.8027
206384,0.1294,0.644,-0.8115,22.0391,1.041,5.1836
206407,0.1807,0.6128,-0.6497,26.0723,0.043,6.4785
206430,0.2183,0.5674,-0.6184,29.3711,-0.0937,7.4785
206453,0.2089,0.4976,-0.6755,35.8809,0.4805,8.5996
206476,0.2035,0.4509,-0.7209,41.1055,1.0859,8.873
206499,0.2076,0.4432,-0.7538,49.3516,1.7422,8.4375
206522,0.1765,0.4343,-0.7778,54.4902,1.7266,7.2207
206545,0.1722,0.4208,-0.7426,60.8047,0.8652,6.2891
206568,0.1677,0.4006,-0.7317,63.998,-0.7383,5.2969
206591,0.1376,0.3619,-0.7817,63.998,-1.8945,5.1914
206614,0.088,0.3113,-0.7758,63.998,-3.207,6.1836
206637,0.0717,0.2557,-0.7354,63.998,-3.5547,7.6426
206660,0.0922,0.2183,-0.5962,63.998,-2.9434,10.6895
206683,0.1366,0.2255,-0.5776,63.3906,-0.6016,13.8477
206706,0.1992,0.2177,-0.7006,61.5078,1.9609,15.3965
206729,0.2837,0.2297,-0.8606,57.4043,6.709,16.1309
206752,0.2622,0.2428,-1.0027,53.252,9.7656,15.3691
206775,0.2443,0.2683,-0.9691,44.4102,12.9121,12.623
206798,0.2347,0.2839,-0.8861,33.2598,13.5371,8.9004
206821,0.2271,0.2683,-0.8611,25.6133,12.5996,6.5059
206844,0.246,0.2347,-0.7916,15.6289,9.5879,3.834
206867,0.3198,0.2283,-0.6908,10.7324,6.7539,2.9512
206890,0.2754,0.2966,-0.6923,6.5605,1.8027,3.1016
206913,0.1603,0.34,-0.7704,5.6914,-2.9961,4.9043
206936,0.1218,0.3544,-0.7778,6.0508,-5.5273,6.8965
206959,0.1373,0.3341,-0.7837,6.3535,-7.7617,10.6133
206982,0.1377,0.3114,-0.854,5.457,-8.1582,13.1016
207005,0.1489,0.2756,-0.8309,1.4766,-7.5176,15.8848
207028,0.1715,0.2551,-0.858,-2.9746,-6.5703,16.6133
207051,0.1733,0.208,-0.9242,-11.5078,-4.7305,15.5566
207074,0.1727,0.2002,-0.8702,-20.4922,-2.7695,12.0449
207097,0.15,0.194,-0.824,-25.5508,-1.5938,8.7187
207120,0.1691,0.1915,-0.7728,-30.0879,-0.3555,3.123
207143,0.1587,0.2191,-0.7778,-30.4512,-0.1582,-0.4531
207166,0.1123,0.2296,-0.7926,-26.7598,-1.1387,-4.7305
207189,0.1594,0.251,-0.8942,-18.8223,-3.5781,-6.9746
207212,0.2251,0.2894,-0.9292,-12.0273,-5.8398,-7.1953
207235,0.225,0.3437,-0.9086,-0.9922,-9.9102,-5.8125
207258,0.1896,0.3562,-0.9403,6.2793,-12.7676,-3.9824
207281,0.1348,0.3435,-1.0253,16.3027,-16.4609,-0.3125
207304,0.1023,0.2943,-1.0702,24.5957,-18.6953,3.957
207327,0.1531,0.2275,-1.0455,29.2227,-19.3477,6.8359
207350,0.2126,0.1633,-0.9497,34.7871,-19.5664,10.7012
207373,0.2047,0.0955,-0.8405,38.1484,-19.4668,12.7305
207396,0.1801,0.0195,-0.7758,43.709,-18.9395,14.8711
207419,0.1599,-0.0449,-0.7775,48.2422,-18.0996,15.8828
207442,0.1454,-0.0884,-0.7158,56.5859,-15.6133,17.3867
207465,0.1525,-0.1058,-0.6394,63.998,-11.1328,19.6563
207488,0.1558,-0.1187,-0.5879,63.998,-6.8652,21.918
207511,0.1263,-0.1182,-0.5433,63.998,1.3398,26.6738
207534,0.0483,-0.1283,-0.5836,63.998,7.8555,30.6992
207557,0.1158,-0.1442,-0.7231,63.998,18.8965,37.4336
207580,0.3081,-0.1519,-0.8342,63.998,30.4258,43.5352
207603,0.4,-0.1361,-0.9216,63.998,37.3223,46.1992
207626,0.4268,-0.1324,-1.0164,63.998,44.7988,46.834
207649,0.3955,-0.1216,-1.1143,63.998,47.2832,44.7793
207672,0.3744,-0.0944,-1.0996,47.5645,47.1406,38.5273
207695,0.4387,-0.0792,-1.0278,21.998,43.25,29.9551
207718,0.4349,-0.101,-1.031,5.748,39.2813,23.9082
207741,0.3678,-0.1052,-1.0081,-14.543,32.3047,15.7656
207764,0.3463,-0.1167,-0.9531,-24.1406,27.5254,11.6777
207787,0.3701,-0.1567,-0.9287,-31.5996,20.9902,8.3047
207810,0.3861,-0.1829,-0.8861,-31.9473,17.418,8.4551
207833,0.3942,-0.2023,-0.7831,-26.3848,13.6523,9.8203
207856,0.41,-0.2477,-0.7777,-15.3262,12.1113,13.5664
207879,0.4164,-0.2704,-0.7784,-6.1191,12.2793,16.5352
207902,0.3801,-0.2635,-0.7905,8.541,13.8535,20.9844
207925,0.3601,-0.2551,-0.8619,17.9063,15.4355,23.6582
207948,0.4529,-0.2609,-0.9736,30.002,18.0449,26.8867
207971,0.4868,-0.2598,-1.0884,38.5996,20.0957,28.8379
207994,0.4342,-0.2634,-1.132,42.0371,20.5762,29.3203
208017,0.4406,-0.2881,-1.1342,43.8691,19.2871,28.916
208040,0.4502,-0.3199,-1.1091,43.3047,16.957,28.0625
208063,0.4524,-0.3531,-1.0848,40.9453,11.4941,26.2598
208086,0.4594,-0.3862,-1.0575,38.2793,4.2715,24.2656
208109,0.413,-0.397,-0.9977,36.998,-1.1973,23.0684
208132,0.3762,-0.4159,-0.9503,36.3398,-9.8594,21.8262
208155,0.3148,-0.4446,-0.9114,36.7715,-15.6094,21.5605
208178,0.2999,-0.4681,-0.8534,38.3809,-23.6309,22.209
208201,0.3218,-0.5062,-0.7817,39.7539,-28.3633,24.0664
208224,0.3795,-0.5511,-0.781,41.5703,-34.5293,25.793
208247,0.3129,-0.5819,-0.7764,42.2734,-39.916,28.7578
208270,0.2783,-0.5946,-0.7291,41.793,-43.1777,30.8555
208293,0.2466,-0.5979,-0.6608,39.5039,-47.4297,34.1172
208316,0.1764,-0.5845,-0.5948,36.9785,-49.6484,36.3418
208339,0.1047,-0.5575,-0.5654,31.8066,-51.7129,39.6719
208362,0.0374,-0.55,-0.5968,24.9023,-52.1445,42.8379
208385,0.0544,-0.5427,-0.7162,19.1484,-51.6934,44.7207
208408,0.0375,-0.5195,-0.7854,8.4277,-50.4863,46.8906
208431,0.041,-0.4746,-0.7751,-0.1484,-49.6875,47.7246
208454,0.0212,-0.4316,-0.7837,-14.5977,-48.8008,47.9102
208477,-0.0262,-0.3993,-0.8109,-29.5859,-48.0566,46.9629
208500,-0.0627,-0.3667,-0.8273,-38.9844,-47.3887,45.9277
208523,-0.0879,-0.3567,-0.8798,-50.9844,-45.8164,44.209
208546,-0.1016,-0.3436,-0.8412,-57.0625,-44.3145,43.1777
208569,-0.0902,-0.3138,-0.8076,-62.7832,-41.4766,42.0449
208592,-0.1083,-0.296,-0.8737,-64.0,-38.332,41.4766
208615,-0.1219,-0.2765,-0.8887,-63.4531,-35.8965,41.3691
208638,-0.1471,-0.2598,-0.8633,-59.75,-32.1543,41.4707
208661,-0.1555,-0.2552,-0.8602,-56.168,-29.4629,41.6211
208684,-0.1765,-0.2456,-0.851,-49.7793,-25.2695,41.8359
208707,-0.1842,-0.2467,-0.8713,-45.168,-22.5254,41.9238
208730,-0.1879,-0.2339,-0.9359,-38.1992,-18.7188,41.8672
208753,-0.1572,-0.222,-0.9146,-31.5078,-15.334,41.3652
208776,-0.1979,-0.2244,-0.8489,-27.1855,-13.2031,40.6602
208799,-0.1802,-0.2539,-0.8444,-20.6289,-9.8926,39.0391
208822,-0.1969,-0.2842,-0.877,-16.0762,-7.5,37.6816
208845,-0.1602,-0.2821,-0.941,-9.0098,-3.748,35.4805
208868,-0.0693,-0.2816,-0.808,-1.9102,-0.2246,33.3457
208891,-0.1425,-0.2892,-0.8217,2.7207,1.8477,32.1172
208914,-0.1747,-0.3008,-0.9915,9.1953,4.8496,30.8809
208937,-0.1147,-0.3014,-0.9877,12.916,7.1992,30.6016
208960,0.0168,-0.2982,-0.8586,17.3027,11.8633,30.9668
208983,0.0164,-0.3341,-0.8132,19.4746,17.6875,32.0234
209006,-0.1423,-0.3317,-0.881,21.8047,21.7559,33.0684
209029,-0.1438,-0.3225,-0.9667,23.0938,27.7246,35.2637
209052,-0.0463,-0.3151,-0.9077,23.3203,31.5137,37.0898
209075,-0.1084,-0.3132,-0.8767,22.6152,36.5664,39.9043
209098,-0.1093,-0.3008,-1.0073,21.4336,39.2461,41.4395
209121,-0.0206,-0.3022,-1.0862,18.6953,41.9082,42.4551
209144,0.0221,-0.3049,-0.9624,15.293,42.8809,41.0117
209167,0.0085,-0.3312,-0.9608,13.125,42.5684,38.373
209190,0.0452,-0.3396,-0.984,10.7324,40.6953,31.8926
209213,0.031,-0.2968,-0.8944,10.0059,38.6406,26.1191
209236,-0.0083,-0.2627,-0.8431,10.3926,34.6992,16.0703
209259,0.0103,-0.2782,-0.99,12.082,30.0723,5.7461
209282,0.0392,-0.2716,-0.889,13.3652,26.707,-0.4629
209305,0.0234,-0.2919,-0.8864,14.6445,21.4043,-7.8398
209328,-0.0289,-0.1621,-0.6825,14.6797,17.8105,-11.1992
209351,-0.2883,-0.2708,-1.2921,13.0117,12.5781,-13.9668
209374,-0.0477,-0.2277,-1.1984,8.9531,7.7324,-15.0059
209397,0.2618,-0.3788,-1.0695,4.5723,4.4434,-15.8105
209420,0.3745,-0.561,-0.9521,-2.2363,-1.4648,-18.9609
209443,0.0826,-0.5671,-0.7292,-6.041,-6.2656,-22.8359
209466,-0.1038,-0.4784,-0.7018,-8.8281,-13.9043,-30.7656
209489,-0.3639,-0.3287,-0.6458,-8.2129,-18.4277,-36.6777
209512,-0.5402,-0.1241,-0.4497,-4.1094,-23.2734,-45.3555
209535,-0.2,-0.1884,-0.7341,1.3008,-25.8809,-53.7402
209558,0.2079,-0.3923,-0.7847,3.5371,-27.4277,-59.6641
209581,0.2552,-0.5406,-0.7957,1.9473,-31.6348,-64.0
209604,0.0674,-0.5304,-0.759,-3.082,-36.1406,-64.0
209627,-0.1321,-0.4203,-0.6124,-15.5566,-43.8613,-64.0
209650,-0.151,-0.2987,-0.5006,-30.873,-49.3477,-64.0
209673,0.0424,-0.2531,-0.6351,-41.0215,-50.4629,-64.0
209696,0.0663,-0.2296,-0.7842,-55.0586,-48.6074,-64.0
209719,0.097,-0.2672,-0.9388,-63.6895,-45.9512,-64.0
209742,0.1427,-0.3287,-0.9746,-64.0,-41.4453,-64.0
209765,0.0581,-0.2014,-0.6931,-64.0,-37.3848,-64.0
209788,0.0238,-0.0505,-0.7126,-64.0,-34.875,-64.0
209811,0.0348,-0.0692,-0.9911,-64.0,-30.6641,-64.0
209834,0.0764,-0.1633,-1.074,-64.0,-27.1094,-64.0
209857,0.1731,-0.1196,-0.8595,-64.0,-19.8281,-64.0
209880,0.0729,0.1064,-0.7255,-64.0,-13.1641,-64.0
209903,-0.0959,0.188,-0.8104,-64.0,-0.1035,-64.0
209926,0.01,0.1479,-1.0673,-64.0,15.8555,-57.5059
209949,0.2474,0.0868,-1.101,-64.0,26.791,-41.1367
209972,0.3173,0.1559,-1.1403,-64.0,40.8164,-17.7969
209995,0.1985,0.2422,-1.1395,-58.8438,47.2598,-4.4238
210018,0.1096,0.2788,-1.0118,-52.2832,51.7305,11.1309
210041,0.118,0.2164,-1.0192,-48.4316,50.625,21.1895
210064,0.1979,0.1283,-1.0485,-46.6875,47.4063,25.1504
210087,0.3324,0.0828,-1.0007,-44.4863,39.4766,27.6582
210110,0.1786,0.1038,-1.1116,-42.9551,32.332,27.5098
210133,-0.1222,0.1899,-1.1075,-40.1289,19.1914,25.6484
210156,-0.032,0.3303,-1.2142,-36.291,3.6836,23.2598
210179,0.0363,0.2844,-1.2456,-33.0215,-8.0469,21.916
210202,-0.1042,0.2445,-0.9655,-26.6621,-27.8691,20.6094
210225,-0.3127,0.1908,-0.6716,-20.9766,-41.916,20.3145
210248,-0.2869,0.0908,-0.5575,-9.6504,-61.0117,20.8359
210271,-0.0295,0.0775,-0.7877,-0.6289,-64.0,22.1367
210294,0.0305,0.1688,-0.952,12.7461,-64.0,22.9453
210317,-0.1672,0.1851,-0.9954,22.2656,-64.0,23.4551
210340,-0.1208,0.2369,-0.9886,24.8965,-64.0,23.2207
210363,-0.0461,0.2178,-1.1156,22.4785,-63.0371,22.0117
210386,-0.0789,0.1796,-1.0768,17.0098,-51.7734,20.6406
210409,-0.1621,0.1648,-0.9695,4.9277,-30.4434,17.8809
210432,-0.2009,0.1096,-0.9468,-8.4414,-6.7051,14.623
210455,-0.0321,0.1154,-0.8496,-16.2266,8.5039,12.3496
210478,-0.0398,0.0895,-0.8051,-24.2656,27.166,8.9062
210501,-0.0825,0.0732,-0.7891,-26.6914,35.3457,6.6445
210524,-0.0352,0.0601,-0.9108,-26.1582,40.2891,3.4707
210547,-0.0385,0.0668,-0.9288,-21.9063,37.291,0.7559
210570,-0.0212,0.0834,-0.8613,-17.8809,32.1113,-0.6973
210593,-0.0177,0.1035,-0.8312,-11.1367,22.1563,-2.1719
210616,-0.0243,0.1317,-0.8759,-6.6504,15.5391,-2.5957
210639,-0.0459,0.1232,-0.9554,-0.6777,7.5137,-2.3203
210662,-0.0441,0.1285,-0.9365,2.4004,2.5137,-1.0859
210685,0.0062,0.1329,-0.9172,5.2695,1.7285,0.0898
210708,0.0015,0.131,-0.9368,6.0859,2.2148,2.0664
210731,-0.0826,0.145,-0.8689,5.7168,3.2949,3.3789
210754,-0.1169,0.144,-0.8876,4.3379,5.0371,5.1875
210777,-0.0396,0.1294,-0.9294,3.1602,5.8555,6.1934
210800,0.0006,0.1167,-0.9296,1.3535,5.918,7.168
210823,-0.056,0.1061,-0.8693,-0.1387,4.3457,7.2812
210846,-0.0559,0.1069,-0.8301,-0.7324,2.7891,6.8926
210869,-0.0479,0.0931,-0.8424,-0.7891,0.6055,5.8184
210892,0.0006,0.0786,-0.897,-0.3086,-0.332,4.8945
210915,0.01,0.0851,-0.8955,0.8398,-0.5625,3.3496
210938,-0.0283,0.0984,-0.8785,2.002,0.6074,1.7852
210961,-0.012,0.0939,-0.9197,2.5508,1.9668,0.8418
210984,0.0165,0.089,-0.9542,2.7383,4.2832,-0.3066
211007,0.0044,0.0927,-0.9354,2.332,5.5625,-0.8809
211030,-0.0203,0.0937,-0.9147,1.002,6.4863,-1.4668
211053,-0.0146,0.0951,-0.8826,-0.1836,5.9941,-1.748
211076,-0.0273,0.0918,-0.8545,-1.9941,4.9941,-1.7832
211099,-0.0286,0.1008,-0.8636,-3.4375,2.8828,-1.6484
211122,-0.0344,0.1089,-0.9037,-4.1035,1.3281,-1.4746
211145,-0.0421,0.1102,-0.9193,-4.7598,-0.9434,-1.1758
211168,-0.0215,0.1051,-0.9152,-5.0801,-2.3867,-1.0078
211191,-0.032,0.1005,-0.917,-5.5117,-4.4434,-0.8848
211214,-0.0271,0.1106,-0.915,-5.9062,-6.1914,-0.9766
211237,-0.0303,0.1073,-0.9199,-6.1074,-7.082,-1.1504
211260,-0.0325,0.0999,-0.9312,-6.252,-7.9512,-1.5371
211283,-0.0315,0.0977,-0.9243,-6.2344,-8.2363,-1.8438
211306,-0.04,0.0985,-0.8806,-6.043,-8.3105,-2.3242
211329,-0.043,0.1,-0.8866,-5.6562,-7.9902,-2.7773
211352,-0.0276,0.0923,-0.9347,-5.3066,-7.543,-3.0527
211375,-0.0237,0.0833,-0.9353,-4.7285,-6.5566,-3.4238
211398,-0.0504,0.0837,-0.8912,-4.3223,-5.7227,-3.6387
211421,-0.0424,0.082,-0.8875,-3.6113,-4.1953,-3.8789
211444,-0.0186,0.0747,-0.875,-2.5195,-2.4219,-3.9648
211467,-0.0105,0.073,-0.8531,-1.957,-1.2246,-3.9199
211490,-0.0258,0.0908,-0.8477,-0.7832,0.4609,-3.6602
211513,-0.02,0.0952,-0.9082,-0.0605,1.5039,-3.3262
211536,-0.0171,0.093,-0.9561,0.6504,2.9062,-2.5449
211559,-0.0503,0.0975,-0.9381,0.7305,3.6562,-1.834
211582,-0.0321,0.1016,-0.9136,0.2305,4.4297,-0.5117
211605,-0.0315,0.0947,-0.9015,-0.752,4.8047,0.9902
211628,-0.0198,0.0894,-0.8923,-1.4707,4.8691,1.9766
211651,-0.0146,0.0898,-0.8922,-2.3906,4.7715,3.25
211674,-0.0272,0.0865,-0.9249,-2.8184,4.6191,3.873
211697,-0.0223,0.0878,-0.9077,-3.1602,4.3164,4.3789
211720,-0.0146,0.0948,-0.881,-3.1855,4.0312,4.3477
211743,-0.0156,0.0967,-0.8884,-3.0566,3.9082,4.0586
211766,-0.0134,0.0957,-0.9349,-2.7402,3.8652,3.334
211789,-0.0045,0.0895,-0.9424,-2.543,3.9141,2.7285
211812,-0.0081,0.0889,-0.9114,-2.3926,4.0117,1.7598
211835,0.0017,0.0956,-0.9026,-2.4102,3.9863,0.8379
211858,0.0111,0.0884,-0.921,-2.4746,3.8262,0.2949
211881,0.0121,0.0851,-0.929,-2.6211,3.3477,-0.3906
211904,-0.0149,0.0836,-0.9197,-2.7383,2.9043,-0.7539
211927,-0.0049,0.0828,-0.9325,-2.918,2.1602,-1.1445
211950,0.0109,0.0814,-0.9142,-3.0098,1.6504,-1.3125
211973,-0.002,0.0717,-0.8923,-3.041,0.8262,-1.4648
211996,-0.0082,0.0701,-0.8721,-2.875,-0.0898,-1.5352
212019,-0.0051,0.0651,-0.8934,-2.6465,-0.7148,-1.5371
212042,-0.0098,0.0618,-0.9072,-2.2148,-1.5781,-1.459
212065,-0.014,0.0649,-0.9012,-1.9395,-2.043,-1.3516
212088,-0.01,0.0674,-0.8973,-1.6602,-2.4707,-1.1113
212111,0.0009,0.0712,-0.9,-1.6074,-2.4473,-0.791
212134,0.0059,0.0771,-0.9059,-1.7148,-2.1582,-0.5527
212157,-0.0101,0.0796,-0.9086,-2.0762,-1.4121,-0.1992
212180,-0.0098,0.0853,-0.9224,-2.4316,-0.7969,0.0215
212203,0.0027,0.0828,-0.9319,-3.0879,0.123,0.3047
212226,0.0114,0.0804,-0.9233,-3.8145,0.8281,0.4883
212249,-0.0131,0.083,-0.9086,-4.2676,1.1113,0.5391
212272,-0.0103,0.0814,-0.9059,-4.7832,1.2793,0.5098
212295,0.0162,0.078,-0.9059,-4.9805,1.2637,0.4258
212318,-0.0051,0.075,-0.9104,-5.0625,1.0566,0.2051
212341,-0.0165,0.0743,-0.9069,-5.0,0.8086,-0.0762
212364,-0.0161,0.0806,-0.8893,-4.7812,0.3223,-0.2578
212387,-0.0065,0.0814,-0.8975,-4.4629,-0.1953,-0.4844
212410,-0.0046,0.0862,-0.9098,-4.2344,-0.4824,-0.6016
212433,-0.0052,0.088,-0.9171,-3.9414,-0.7383,-0.748
212456,-0.0126,0.0861,-0.9155,-3.8086,-0.7695,-0.8398
212479,-0.0142,0.0825,-0.9008,-3.7031,-0.6582,-0.9766
212502,0.004,0.0752,-0.9021,-3.6641,-0.4219,-1.123
212525,0.0026,0.0731,-0.9017,-3.6426,-0.2129,-1.2383
212548,0.0103,0.077,-0.9193,-3.6016,0.1855,-1.4512
212571,0.0155,0.0723,-0.9131,-3.5723,0.4844,-1.6172
212594,0.0057,0.0696,-0.8998,-3.5352,0.8867,-1.8652
212617,0.009,0.0676,-0.9045,-3.5,1.1387,-2.0645
212640,-0.0005,0.0743,-0.9047,-3.4883,1.1895,-2.1465
212663,0.0161,0.0732,-0.9154,-3.5273,1.0684,-2.1699
212686,0.0225,0.0776,-0.9253,-3.6133,0.8457,-2.1172
212709,-0.0033,0.0752,-0.9281,-3.8477,0.2832,-1.9336
212732,-0.0018,0.0739,-0.9072,-4.0488,-0.1992,-1.6172
212755,-0.0074,0.0757,-0.8936,-4.3379,-0.9023,-1.3457
212778,-0.0048,0.0835,-0.8871,-4.5059,-1.3574,-0.8984
212801,-0.0068,0.0802,-0.8971,-4.5293,-1.4551,-0.6133
212824,0.004,0.0791,-0.911,-4.4746,-1.3242,-0.2773
212847,0.015,0.0754,-0.9321,-4.4336,-1.1191,-0.1484
212870,0.0105,0.0817,-0.9208,-4.4453,-0.7676,-0.125
212893,-0.0055,0.0795,-0.9097,-4.5605,-0.4766,-0.2773
212916,0.0153,0.0752,-0.9135,-4.6641,-0.3242,-0.4434
212939,0.0186,0.0798,-0.9214,-4.8047,-0.166,-0.7266
212962,-0.002,0.0791,-0.9181,-4.8633,-0.1289,-0.9043
212985,-0.0038,0.0784,-0.8994,-4.8711,-0.2129,-1.0898
213008,-0.0024,0.0746,-0.8967,-4.7656,-0.4687,-1.1328
213031,0.0051,0.0753,-0.9005,-4.6445,-0.7129,-1.0801
213054,-0.0182,0.0804,-0.8894,-4.4316,-1.1348,-0.9063
213077,-0.0178,0.0822,-0.8721,-4.2949,-1.3984,-0.7402
213100,0.006,0.082,-0.8978,-4.1289,-1.6602,-0.4492
213123,0.0001,0.0876,-0.9205,-4.0762,-1.7148,-0.1777
213146,-0.0094,0.0874,-0.918,-4.1602,-1.6367,-0.0352
213169,-0.0021,0.0817,-0.9098,-4.4531,-1.334,0.0977
213192,0.0142,0.0781,-0.9128,-4.7266,-1.0254,0.1309
213215,0.0204,0.0819,-0.918,-5.1738,-0.4863,0.0879
213238,0.0051,0.0852,-0.9187,-5.4492,-0.1348,0.0117
213261,-0.0049,0.0885,-0.9186,-5.7656,0.3086,-0.1348
213284,-0.0048,0.0859,-0.9072,-5.9043,0.5898,-0.2695
213307,-0.007,0.0908,-0.8993,-5.873,0.6562,-0.3359
213330,-0.0103,0.0891,-0.9012,-5.6387,0.5684,-0.4043
213353,0.0056,0.0851,-0.9156,-5.3789,0.418,-0.4395
213376,0.0128,0.0803,-0.9298,-4.8906,0.1367,-0.5137
213399,0.0155,0.0829,-0.9086,-4.373,-0.1094,-0.6621
213422,-0.0038,0.0846,-0.8937,-4.0391,-0.2168,-0.8125
213445,0.0085,0.0822,-0.9038,-3.584,-0.2715,-1.0977
213468,0.0142,0.0806,-0.8994,-3.3477,-0.2676,-1.3086
213491,-0.0121,0.0759,-0.8934,-3.1484,-0.3066,-1.6094
213514,-0.0114,0.0791,-0.9104,-3.1875,-0.502,-1.8262
213537,-0.0017,0.0775,-0.9214,-3.3691,-0.7734,-1.8965
213560,0.0088,0.0729,-0.9127,-3.8906,-1.4531,-1.9004
213583,0.0031,0.0807,-0.9001,-4.3906,-2.0723,-1.8633
213606,-0.0125,0.0906,-0.9039,-5.3027,-3.1465,-1.7871
213629,-0.0105,0.1,-0.9108,-5.9805,-3.875,-1.7363
213652,-0.0181,0.1047,-0.9067,-7.0254,-4.8555,-1.666
213675,-0.0339,0.1124,-0.8835,-7.9668,-5.5762,-1.5957
213698,-0.0267,0.1117,-0.8906,-8.4512,-5.8652,-1.543
213721,-0.0243,0.1117,-0.9209,-8.9238,-6.0137,-1.4668
213744,-0.0157,0.1102,-0.9127,-9.0996,-5.9707,-1.4395
213767,-0.0398,0.1045,-0.8989,-9.2187,-5.8008,-1.4648
213790,-0.0455,0.1056,-0.9059,-9.2031,-5.5977,-1.5723
213813,-0.002,0.0973,-0.9523,-9.1543,-5.4668,-1.6934
213836,0.0098,0.0984,-0.9374,-9.0996,-5.3477,-1.9688
213859,-0.0332,0.1001,-0.8715,-9.0469,-5.334,-2.2109
213882,-0.0487,0.0964,-0.8649,-8.7617,-5.2949,-2.5723
213905,-0.0342,0.0929,-0.8993,-8.0684,-5.0762,-2.8125
213928,-0.0306,0.0988,-0.8933,-7.4043,-4.8262,-2.8672
213951,-0.0381,0.1051,-0.8851,-6.252,-4.3145,-2.7832
213974,-0.0369,0.1086,-0.8906,-5.4707,-3.8906,-2.6191
213997,-0.0408,0.1079,-0.927,-4.4336,-3.1895,-2.2344
214020,-0.0316,0.1107,-0.9177,-3.9238,-2.748,-1.9082
214043,-0.0486,0.1133,-0.8916,-3.5078,-2.2285,-1.3867
214066,-0.0571,0.1132,-0.8889,-3.4473,-1.8965,-0.9004
214089,-0.0322,0.1129,-0.8948,-3.543,-1.7559,-0.6367
214112,-0.0504,0.1113,-0.9208,-3.8203,-1.6563,-0.3984
214135,-0.0688,0.1104,-0.9252,-4.082,-1.6797,-0.3633
214158,-0.0334,0.1134,-0.9315,-4.5762,-1.8691,-0.4961
214181,-0.0316,0.1212,-0.9034,-5.1172,-2.3066,-0.8418
214204,-0.0662,0.1334,-0.8701,-5.4121,-2.7383,-1.1777
214227,-0.0848,0.1377,-0.8868,-5.6035,-3.4902,-1.7773
214250,-0.0675,0.1362,-0.9229,-5.5469,-4.0039,-2.2109
214273,-0.049,0.1257,-0.9333,-5.3125,-4.7598,-2.9277
214296,-0.0405,0.1156,-0.912,-5.0723,-5.5039,-3.7754
214319,-0.0721,0.1042,-0.8877,-4.9219,-5.9668,-4.416
214342,-0.0851,0.0845,-0.8737,-4.6191,-6.502,-5.4141
214365,-0.0485,0.0709,-0.8787,-4.3145,-6.6836,-6.0508
214388,-0.0448,0.0713,-0.8925,-3.7227,-6.6758,-6.8867
214411,-0.0394,0.0781,-0.9113,-3.3066,-6.0156,-7.5117
214434,-0.0658,0.083,-0.8865,-2.7793,-6.1074,-7.75
214457,-0.0668,0.0906,-0.8723,-2.4492,-5.5273,-7.7363
214480,-0.071,0.1027,-0.9165,-2.3437,-5.0645,-7.4414
214503,-0.0833,0.1013,-0.9104,-2.3711,-4.3379,-6.5645
214526,-0.0712,0.1024,-0.8842,-2.5059,-3.8633,-5.7324
214549,-0.0784,0.1002,-0.9059,-2.7949,-3.1836,-4.2539
214572,-0.0729,0.1062,-0.924,-3.0918,-2.5605,-2.707
214595,-0.0767,0.1108,-0.912,-3.2754,-2.207,-1.748
214618,-0.0753,0.1107,-0.9067,-3.4961,-1.8125,-0.5488
214641,-0.0946,0.1136,-0.9006,-3.5801,-1.6563,0.043
214664,-0.0941,0.1086,-0.8837,-3.5684,-1.5762,0.5742
214687,-0.0923,0.1011,-0.9001,-3.375,-1.6309,0.6738
214710,-0.0937,0.0948,-0.8683,-3.1641,-1.7168,0.5156
214733,-0.0903,0.0897,-0.8724,-2.7871,-1.8945,0.0039
214756,-0.0861,0.0897,-0.8901,-2.5488,-2.0195,-0.4648
214779,-0.0958,0.0941,-0.8722,-2.3262,-2.166,-1.25
214802,-0.0922,0.0972,-0.8636,-2.3203,-2.1953,-2.0098
214825,-0.0717,0.1007,-0.8912,-2.5625,-2.1211,-2.4512
214848,-0.0792,0.1105,-0.918,-3.1152,-1.8652,-2.9707
214871,-0.0784,0.1107,-0.9357,-3.6445,-1.6035,-3.207
214894,-0.0713,0.111,-0.9303,-4.6074,-1.082,-3.4004
214917,-0.0634,0.1056,-0.9312,-5.2852,-0.6816,-3.4297
214940,-0.0646,0.0997,-0.923,-6.1777,-0.0879,-3.3633
214963,-0.0707,0.0942,-0.9128,-6.709,0.4004,-3.2031
214986,-0.08,0.1022,-0.9045,-6.7695,0.6289,-3.0586
215009,-0.088,0.1036,-0.8773,-6.3535,0.7812,-2.7871
215032,-0.0891,0.1003,-0.8848,-5.752,0.7461,-2.5684
215055,-0.0907,0.098,-0.8832,-4.4941,0.5137,-2.2031
215078,-0.0885,0.0939,-0.8948,-3.082,0.1094,-1.8359
215101,-0.0791,0.0842,-0.9009,-2.2246,-0.2246,-1.6211
215124,-0.0797,0.0826,-0.8701,-1.2598,-0.7578,-1.3965
215147,-0.0854,0.0859,-0.8876,-0.8906,-1.0762,-1.332
215170,-0.0554,0.0833,-0.9293,-0.7891,-1.4082,-1.3652
215193,-0.0825,0.0851,-0.8943,-1.0293,-1.5234,-1.5195
215216,-0.1023,0.0946,-0.8717,-1.7441,-1.4531,-1.6367
215239,-0.0691,0.0997,-0.8978,-2.6621,-1.0762,-1.7363
215262,-0.0779,0.0953,-0.9034,-3.2852,-0.6641,-1.7246
215285,-0.1071,0.0942,-0.8706,-4.1289,0.0879,-1.5723
215308,-0.0823,0.0902,-0.8889,-4.5879,0.6426,-1.3887
215331,-0.0712,0.0935,-0.8948,-5.1152,1.4688,-1.0488
215354,-0.1119,0.0922,-0.8831,-5.5586,2.1426,-0.748
215377,-0.1832,0.0981,-0.833,-5.8965,2.457,-0.6367
215400,-0.235,0.0968,-0.7694,-6.7109,2.6328,-0.7441
215423,-0.1578,0.1266,-0.8052,-7.7441,2.3848,-1.1875
215446,0.0211,0.1506,-0.9628,-10.873,0.9824,-2.9785
215469,0.1682,0.1497,-1.1082,-16.9336,-2.2969,-6.7871
215492,0.0286,0.1831,-1.014,-22.7383,-5.8555,-10.4824
215515,-0.1838,0.2257,-0.8196,-32.957,-12.7734,-16.8457
215538,-0.2333,0.264,-0.7736,-39.5449,-17.3359,-20.7246
215561,-0.1724,0.2753,-0.8506,-47.043,-21.998,-24.5762
215584,-0.1527,0.271,-0.9271,-50.3516,-22.8672,-25.2617
215607,-0.2037,0.2679,-0.8641,-50.0918,-21.457,-23.9805
215630,-0.2236,0.259,-0.7523,-46.3301,-17.1426,-19.9863
215653,-0.1873,0.2435,-0.7771,-41.916,-13.3477,-16.416
215676,-0.1167,0.2163,-0.8258,-33.3164,-7.2207,-10.6406
215699,-0.108,0.1996,-0.8486,-26.9492,-3.3418,-5.0469
215722,-0.1381,0.2013,-0.8147,-17.6426,1.6016,-2.7051
215745,-0.1333,0.1964,-0.8091,-9.7324,5.2383,0.0703
215768,-0.1061,0.1992,-0.8608,-5.6504,6.9004,1.0742
215791,-0.1232,0.2106,-0.8757,-1.666,8.2617,1.5391
215814,-0.1241,0.2128,-0.8793,-0.4766,8.502,1.3457
215837,-0.108,0.2198,-0.8462,-0.6328,8.1309,0.6289
215860,-0.1346,0.2271,-0.8085,-2.4766,7.2187,-0.2891
215883,-0.1548,0.2396,-0.8046,-4.2324,6.5352,-0.8965
215906,-0.1636,0.2517,-0.7745,-7.1602,5.7637,-1.7344
215929,-0.1091,0.2618,-0.8104,-9.125,5.6211,-2.2812
215952,-0.0424,0.2579,-0.8816,-11.9707,6.1191,-3.2344
215975,-0.011,0.2571,-0.9088,-14.6797,7.2344,-4.4922
215998,-0.0872,0.2629,-0.8668,-16.3594,8.0937,-5.4258
216021,-0.1117,0.2576,-0.8041,-18.4219,9.3984,-6.5918
216044,-0.0237,0.2557,-0.7839,-19.3184,10.3008,-6.9746
216067,0.0189,0.2545,-0.8005,-19.8379,11.666,-6.7402
216090,0.0048,0.2614,-0.8855,-19.7461,12.4863,-5.4922
216113,-0.0886,0.3077,-0.9257,-19.2832,13.4453,-4.1309
216136,-0.1592,0.3386,-0.8527,-18.6621,14.0215,-1.4922
216159,-0.0658,0.3143,-0.808,-18.1484,14.248,0.457
216182,-0.0082,0.3076,-0.8035,-17.207,14.4297,3.1562
216205,-0.002,0.3085,-0.8428,-16.4961,14.5078,4.5
216228,-0.0315,0.2992,-0.8192,-15.3887,14.8477,5.4629
216251,-0.0344,0.2997,-0.8374,-14.334,15.791,5.0234
216274,-0.0146,0.2932,-0.8315,-13.7227,16.7578,4.0215
216297,-0.0117,0.2894,-0.8226,-13.0293,18.4746,1.7656
216320,-0.0228,0.2885,-0.7869,-12.7402,19.6973,0.002
216343,0.0211,0.2946,-0.7765,-12.5332,21.5508,-2.5664
216366,0.0662,0.3036,-0.7926,-12.4453,23.127,-4.5273
216389,0.0627,0.3018,-0.8411,-12.3379,23.7422,-5.2715
216412,0.0664,0.2991,-0.8455,-11.9199,23.8047,-5.3223
216435,0.0769,0.2999,-0.8251,-11.4102,23.3379,-4.623
216458,0.0884,0.3077,-0.8202,-10.3223,22.1543,-2.6465
216481,0.0662,0.3079,-0.8198,-9.4687,20.6797,0.0762
216504,0.1099,0.3024,-0.7782,-8.1973,19.4668,2.1289
216527,0.1151,0.3464,-0.8082,-7.1445,17.502,5.4453
216550,-0.0018,0.4098,-0.8285,-6.5996,16.2832,7.8457
216573,-0.1063,0.3959,-0.8873,-5.8965,15.4941,11.8594
216596,0.0258,0.3564,-0.8599,-5.4238,16.2676,14.7715
216619,0.0798,0.2979,-0.7955,-4.6797,19.4707,18.9824
216642,0.1547,0.287,-0.8263,-3.8789,23.8027,21.9805
216665,0.1567,0.2754,-0.7812,-3.1934,26.1777,22.7422
216688,0.0956,0.2318,-0.7849,-1.7168,27.3203,21.5527
216711,0.1436,0.2344,-0.7856,-0.4707,25.9805,19.2031
216734,0.1578,0.2439,-0.7759,1.5273,20.7656,13.7266
216757,0.1709,0.241,-0.8087,3.3027,12.3809,6.793
216780,0.1365,0.2378,-0.8248,4.1465,5.6934,1.9922
216803,0.0994,0.2692,-0.7706,4.6875,-4.5176,-4.4883
216826,0.0552,0.2872,-0.7793,4.5449,-10.4785,-7.8535
216849,0.0907,0.2893,-0.8193,3.6055,-16.8848,-10.9941
216872,0.1497,0.3063,-0.8126,2.5039,-19.6641,-11.8262
216895,0.0937,0.3296,-0.7765,0.2402,-19.6309,-11.293
216918,0.0496,0.3508,-0.7811,-2.4785,-17.2969,-9.2695
216941,0.0519,0.3243,-0.8855,-4.3848,-14.5762,-7.3672
216964,0.1768,0.3427,-0.8464,-7.2383,-9.4941,-4.2344
216987,0.0713,0.3256,-0.797,-9.0215,-6.0215,-2.3008
217010,0.0575,0.2902,-0.7767,-11.2832,-1.5449,-0.0527
217033,0.1343,0.2883,-0.8644,-12.8809,1.4727,1.1914
217056,0.0929,0.3047,-0.7938,-13.5586,2.4668,1.4297
217079,0.0865,0.3135,-0.774,-13.9902,2.5254,1.0098
217102,0.1521,0.3055,-0.8192,-13.8867,1.9121,0.3398
217125,0.1249,0.3148,-0.864,-13.2344,0.6035,-1.0273
217148,0.1077,0.3337,-0.8159,-12.2461,-0.7109,-2.6445
217171,0.0841,0.3336,-0.7867,-11.6016,-1.5508,-3.8281
217194,0.0409,0.3213,-0.7758,-10.9766,-2.957,-5.8027
217217,0.0432,0.3325,-0.8154,-10.9492,-3.9687,-7.2871
217240,0.0786,0.3394,-0.7826,-11.6309,-5.166,-9.7656
217263,0.0667,0.3153,-0.7758,-13.0508,-5.209,-12.4004
217286,0.0492,0.3209,-0.8,-14.4395,-4.0918,-14.0918
217309,0.1221,0.3843,-0.8633,-16.5293,0.0723,-16.2578
217332,0.1029,0.4486,-0.7672,-17.7813,4.6934,-17.3066
217355,0.1844,0.4153,-0.7703,-19.2813,13.9453,-18.1387
217378,0.1437,0.4077,-0.7765,-20.0977,20.9941,-18.1738
217401,0.1438,0.4097,-0.7483,-21.3262,31.4219,-17.5254
217424,0.1389,0.4293,-0.7415,-22.8848,39.7129,-16.2617
217447,0.1989,0.4257,-0.7826,-24.2129,42.9941,-15.2559
217470,0.0809,0.4081,-0.7487,-26.6191,43.6699,-13.8008
217493,0.1674,0.4313,-0.7301,-28.418,41.3281,-13.0254
217516,0.1581,0.4434,-0.7352,-31.2578,34.1289,-12.377
217539,0.1046,0.4753,-0.7209,-34.1035,23.5254,-12.459
217562,0.0391,0.475,-0.7195,-35.9102,15.3672,-12.9219
217585,0.0663,0.4823,-0.751,-38.3125,3.084,-14.0879
217608,0.0787,0.5001,-0.6818,-39.6035,-4.2441,-15.0
217631,0.0276,0.5205,-0.6555,-40.9375,-12.9102,-16.1543
217654,0.064,0.4946,-0.6521,-41.4355,-18.252,-16.5723
217677,0.0867,0.4709,-0.6139,-41.2793,-20.0586,-16.2246
217700,0.0964,0.5344,-0.6523,-40.2813,-20.6406,-14.6016
217723,0.0853,0.5637,-0.6498,-39.0371,-19.8828,-12.8027
217746,0.066,0.5436,-0.6377,-36.1309,-17.2891,-9.2246
217769,0.1017,0.5183,-0.636,-33.4238,-14.6602,-4.9316
217792,0.1128,0.5063,-0.6725,-28.2188,-9.6211,-2.0312
217815,0.0844,0.5045,-0.6763,-21.8438,-3.9355,2.1016
217838,0.1168,0.5031,-0.6929,-17.1348,-0.2754,4.457
217861,0.1255,0.4984,-0.6344,-9.7617,4.2461,7.1758
217884,0.1112,0.4968,-0.7383,-4.9023,6.2891,8.4238
217907,0.0889,0.5126,-0.7708,1.8477,7.8262,9.5449
217930,0.1631,0.4932,-0.7472,7.3965,7.9492,9.9336
217953,0.1409,0.4945,-0.7339,10.0879,7.5195,9.875
217976,0.1179,0.4935,-0.7079,12.1445,6.4687,9.418
217999,0.1285,0.4998,-0.6941,12.0215,5.627,8.9121
218022,0.1307,0.5133,-0.6698,9.5469,4.2598,7.9316
218045,0.1045,0.5358,-0.6517,4.6895,2.8926,6.793
218068,0.1671,0.5236,-0.6317,0.5293,2.0566,6.0156
218091,0.1924,0.5135,-0.6263,-6.2871,1.0039,4.9355
218114,0.1246,0.5186,-0.6432,-10.6816,0.5215,4.3203
218137,0.1034,0.5223,-0.6146,-16.1621,0.252,3.5293
218160,0.1161,0.5172,-0.6459,-18.625,0.3965,2.7578
218183,0.1256,0.5083,-0.6693,-20.0,1.041,2.1992
218206,0.1359,0.4955,-0.6841,-18.377,2.0352,1.3672
218229,0.1741,0.4902,-0.6844,-15.7402,2.7793,0.9316
218252,0.1564,0.4966,-0.7261,-9.9551,3.8418,0.6875
218275,0.1415,0.4849,-0.7261,-5.293,4.502,0.8984
218298,0.2021,0.4878,-0.7413,2.043,5.5762,1.8047
218321,0.1835,0.4982,-0.7371,8.625,6.8516,3.1992
218344,0.1761,0.4883,-0.7225,11.9922,7.7305,4.1641
218367,0.1844,0.4884,-0.7152,14.8262,8.7578,5.2891
218390,0.1952,0.4963,-0.7067,15.0215,9.0977,5.6523
218413,0.1539,0.5033,-0.6652,12.7871,8.9941,5.4687
218436,0.163,0.509,-0.676,7.959,8.1465,4.4102
218459,0.186,0.5039,-0.6697,3.7129,7.1719,3.293
218482,0.1848,0.5057,-0.6042,-3.3926,5.1855,1.1914
218505,0.1484,0.5089,-0.6365,-8.1035,3.6289,-0.3711
218528,0.1407,0.5118,-0.6663,-14.2754,1.2324,-2.7148
218551,0.1527,0.51,-0.6516,-17.3574,-0.7266,-4.7734
218574,0.1375,0.5103,-0.6475,-19.9121,-1.9941,-5.8574
218597,0.1315,0.5094,-0.6622,-19.7363,-3.1465,-6.9043
218620,0.1681,0.4973,-0.6937,-18.1543,-3.5605,-7.1582
218643,0.1682,0.4993,-0.6788,-13.9687,-3.6953,-6.8125
218666,0.1536,0.4995,-0.702,-10.332,-3.5293,-6.1172
218689,0.1589,0.5039,-0.7295,-4.373,-3.0254,-4.5352
218712,0.1509,0.5031,-0.7319,1.1895,-2.3672,-2.6328
218735,0.1484,0.5022,-0.7285,4.1465,-1.9883,-1.4023
218758,0.1511,0.4998,-0.704,6.8203,-1.748,0.1367
218781,0.1404,0.5094,-0.692,7.2187,-1.8887,0.8828
218804,0.1434,0.511,-0.6726,5.6992,-2.498,1.5898
218827,0.151,0.5123,-0.6404,1.9844,-3.3496,1.9355
218850,0.1937,0.5106,-0.6323,-1.3613,-3.9238,2.0586
218873,0.1658,0.5067,-0.6284,-6.9727,-4.6719,2.1895
218896,0.1744,0.5083,-0.6364,-10.6309,-5.0273,2.2402
218919,0.1321,0.5238,-0.6244,-15.1914,-5.2637,2.2031
218942,0.1466,0.5089,-0.6448,-17.2188,-5.0918,1.9258
218965,0.1456,0.5093,-0.6653,-18.2871,-4.7656,1.5742
218988,0.1483,0.5071,-0.6732,-16.8223,-4.0332,0.8281
219011,0.1459,0.5039,-0.707,-14.5352,-3.4316,0.2402
219034,0.1476,0.5006,-0.718,-9.5957,-2.4238,-0.6602
219057,0.1532,0.5043,-0.7034,-5.6973,-1.7344,-1.2051
219080,0.1466,0.5088,-0.7194,0.2168,-0.8125,-1.8535
219103,0.1239,0.5045,-0.7072,5.1875,-0.168,-2.2812
219126,0.1306,0.505,-0.7032,7.4961,0.0527,-2.457
219149,0.1384,0.5077,-0.6854,9.0,0.0195,-2.5449
219172,0.1599,0.506,-0.6736,8.627,-0.2363,-2.4531
219195,0.165,0.5039,-0.6522,6.1934,-0.9102,-2.0156
219218,0.1719,0.5045,-0.6439,2.0625,-1.8164,-1.2207
219241,0.1519,0.5083,-0.6394,-1.1934,-2.4531,-0.582
219264,0.1427,0.509,-0.6498,-6.0371,-3.2637,0.2949
219287,0.1387,0.51,-0.662,-8.7871,-3.6133,0.6777
219310,0.1449,0.5039,-0.6765,-11.5762,-3.7852,0.7695
219333,0.1332,0.502,-0.6769,-12.332,-3.5996,0.2168
219356,0.1169,0.5033,-0.6909,-11.7402,-3.3594,-0.4668
219379,0.1322,0.5027,-0.703,-9.3613,-2.9395,-1.7949
219402,0.1295,0.502,-0.7083,-7.0723,-2.6641,-2.7363
219425,0.1241,0.5005,-0.7054,-3.1562,-2.2539,-3.9727
219448,0.1284,0.501,-0.6963,-0.5742,-1.957,-4.5527
219471,0.1361,0.5016,-0.6874,2.7031,-1.4746,-4.9258
219494,0.1329,0.5026,-0.689,4.7695,-0.9844,-4.6543
219517,0.144,0.5016,-0.6792,5.3281,-0.6758,-4.1387
219540,0.1511,0.4961,-0.6646,4.9414,-0.2793,-2.9766
219563,0.1533,0.4977,-0.6637,3.9766,-0.084,-2.0488
219586,0.1461,0.4989,-0.67,1.832,0.0449,-0.6621
219609,0.1461,0.4952,-0.6914,-0.5879,-0.0859,0.4023
219632,0.1223,0.4963,-0.6948,-2.0391,-0.334,0.7754
219655,0.1266,0.4948,-0.7003,-3.5898,-0.873,0.6934
219678,0.1206,0.4933,-0.7019,-4.0703,-1.2773,0.207
219701,0.1134,0.4946,-0.7222,-3.9102,-1.8223,-1.0508
219724,0.1053,0.4955,-0.7173,-2.8691,-2.2012,-2.6602
219747,0.1011,0.4951,-0.7009,-1.8809,-2.3652,-3.7441
219770,0.1133,0.4922,-0.6863,-0.3086,-2.5254,-5.0859
219793,0.1331,0.4899,-0.6885,0.6113,-2.6016,-5.6348
219816,0.1306,0.4882,-0.6846,1.5801,-2.709,-5.7598
219839,0.1191,0.4828,-0.6826,1.9082,-2.7812,-5.3594
219862,0.1227,0.4786,-0.673,1.9941,-2.8691,-4.1699
219885,0.1356,0.4856,-0.7106,1.8379,-2.9004,-2.5723
219908,0.1331,0.474,-0.7153,1.7734,-2.8887,-1.4707
219931,0.126,0.4673,-0.718,1.9688,-2.7891,-0.0352
219954,0.1052,0.4673,-0.7202,2.3672,-2.6406,0.6348
219977,0.088,0.47,-0.7502,3.3789,-2.3418,1.0508
220000,0.1049,0.4619,-0.7679,4.7578,-2.0762,0.7676
220023,0.1152,0.4648,-0.7745,5.748,-1.9395,0.3242
220046,0.1299,0.4584,-0.7456,7.0723,-1.7461,-0.4062
220069,0.1252,0.4615,-0.7448,7.6719,-1.5898,-0.7637
220092,0.1311,0.4622,-0.7404,7.8965,-1.3105,-0.9277
220115,0.126,0.4619,-0.7205,7.1426,-1.0059,-0.6172
220138,0.1399,0.4535,-0.7119,6.0996,-0.8145,-0.2031
220161,0.13,0.4557,-0.7164,3.8848,-0.5801,0.5566
220184,0.1199,0.4596,-0.7174,2.1543,-0.4609,1.0391
220207,0.1194,0.4564,-0.7163,-0.4395,-0.3633,1.5371
220230,0.118,0.4578,-0.7397,-1.9453,-0.3848,1.6152
220253,0.105,0.4552,-0.7526,-3.5742,-0.5625,1.4141
220276,0.113,0.4463,-0.7498,-4.2676,-0.8555,0.8086
220299,0.1145,0.4489,-0.7345,-4.2051,-1.0488,0.2891
220322,0.1218,0.4497,-0.7441,-3.4414,-1.2715,-0.4844
220345,0.1075,0.4515,-0.78,-2.5996,-1.3691,-0.8984
220368,0.1145,0.4403,-0.7753,-1.0801,-1.4512,-1.2598
220391,0.1167,0.4485,-0.7681,0.4297,-1.4512,-1.2441
220414,0.1246,0.4503,-0.7601,1.2578,-1.4004,-1.0098
220437,0.1295,0.4453,-0.7539,2.0254,-1.248,-0.3457
220460,0.1267,0.4441,-0.7577,2.1445,-1.1055,0.2773
220483,0.1351,0.4495,-0.7739,1.6914,-0.8711,1.3906
220506,0.1324,0.4491,-0.7584,0.5449,-0.6523,2.584
220529,0.1118,0.4435,-0.7305,-0.5371,-0.5566,3.332
220552,0.0963,0.4485,-0.7001,-2.4844,-0.5996,4.2617
220575,0.1165,0.45,-0.723,-3.8789,-0.8281,4.7344
220598,0.1174,0.4393,-0.7253,-5.8125,-1.5371,5.3145
220621,0.1342,0.4338,-0.722,-6.793,-2.7266,5.9707
220644,0.1476,0.4382,-0.6986,-7.4785,-3.4785,6.5664
220667,0.142,0.4248,-0.7443,-6.9336,-4.7344,7.7695
220690,0.1638,0.4189,-0.7751,-5.8047,-5.373,8.7559
220713,0.1443,0.4276,-0.7765,-2.9883,-5.7676,10.3496
220736,0.1387,0.412,-0.7767,-0.4902,-5.6035,11.3516
220759,0.1353,0.4049,-0.7773,3.7852,-4.793,12.5312
220782,0.1732,0.4037,-0.7772,8.0859,-3.4766,13.1953
220805,0.1733,0.3961,-0.7772,10.6348,-2.4082,13.3672
220828,0.1769,0.3944,-0.7751,13.5625,-0.6191,13.3262
220851,0.1859,0.4069,-0.7775,14.7559,0.6758,13.1543
220874,0.2097,0.421,-0.7773,15.2969,2.7285,12.75
220897,0.1804,0.4176,-0.7781,14.3359,4.7266,12.2168
220920,0.1688,0.3973,-0.7798,12.8574,5.9121,11.8027
220943,0.2039,0.387,-0.7764,9.3691,7.373,11.1113
220966,0.1917,0.3838,-0.7428,6.2129,8.0684,10.6133
220989,0.1904,0.397,-0.7107,0.4453,8.5898,9.7871
221012,0.2079,0.4222,-0.6979,-3.8066,8.4687,8.832
221035,0.2136,0.449,-0.7394,-10.0508,8.0703,8.1113
221058,0.2087,0.4445,-0.7412,-15.1426,7.125,6.9102
221081,0.1979,0.4272,-0.7125,-17.4551,6.3965,6.0449
221104,0.2058,0.4062,-0.7001,-18.9609,5.541,4.7012
221127,0.182,0.3927,-0.7496,-18.6113,5.3574,3.8242
221150,0.1616,0.3876,-0.7759,-16.1914,5.8145,2.6836
221173,0.1775,0.3788,-0.777,-11.9199,6.8496,1.9629
221196,0.2179,0.3649,-0.7346,-8.3672,7.5137,1.7441
221219,0.2661,0.3412,-0.7563,-2.5078,7.8828,1.6758
221242,0.2935,0.3269,-0.8077,1.4297,7.4668,1.6914
221265,0.2078,0.3383,-0.771,6.8633,5.75,1.7637
221288,0.1836,0.3577,-0.7773,11.2773,2.9824,2.0488
221311,0.2461,0.3645,-0.728,13.4961,0.6895,2.4551
221334,0.2435,0.343,-0.8198,15.6504,-3.1641,3.373
221357,0.1862,0.3513,-0.8326,16.2871,-5.8027,4.1172
221380,0.1703,0.3237,-0.7969,16.0703,-9.5137,5.3203
221403,0.1859,0.3408,-0.7738,14.75,-12.5996,6.543
221426,0.2151,0.3347,-0.7782,13.4453,-14.2617,7.3223
221449,0.2111,0.3361,-0.7809,11.6113,-16.3027,8.4062
221472,0.1941,0.3529,-0.7771,10.7266,-17.377,9.123
221495,0.1803,0.3561,-0.7772,10.3848,-18.2305,10.3945
221518,0.1305,0.3458,-0.7775,11.0098,-18.0137,11.5098
221541,0.1202,0.3286,-0.7772,13.2227,-16.1895,13.6816
221564,0.2263,0.3043,-0.8407,16.4707,-12.6777,16.1777
221587,0.3542,0.248,-0.8882,18.793,-9.6914,17.6426
221610,0.2406,0.2756,-0.7726,21.9863,-4.4727,18.918
221633,0.1803,0.2339,-0.8439,23.7402,-0.6621,18.9629
221656,0.2076,0.2145,-0.8368,25.4922,4.752,17.832
221679,0.2794,0.1901,-0.8551,25.8496,8.8887,15.3887
221702,0.3848,0.1533,-0.916,25.2246,10.4766,13.0859
221725,0.3405,0.1611,-0.85,23.1563,10.7656,8.8809
221748,0.2498,0.1769,-0.8154,21.3535,9.8418,5.9551
221771,0.2137,0.1819,-0.8251,18.7754,7.7676,2.3203
221794,0.2202,0.1769,-0.7856,17.0723,5.7441,0.5605
221817,0.2363,0.1803,-0.776,16.6094,4.6582,0.627
221840,0.2616,0.1796,-0.7787,16.7832,3.5176,2.2539
221863,0.2589,0.1664,-0.8276,17.1836,3.0117,3.9551
221886,0.2626,0.1644,-0.8751,17.5137,2.3945,6.6934
221909,0.2634,0.1737,-0.8422,17.2266,1.9629,9.3105
221932,0.2285,0.1823,-0.8192,15.873,1.2539,10.1152
221955,0.22,0.1711,-0.8535,13.6836,0.6562,11.127
221978,0.2467,0.1647,-0.8457,11.9922,0.4199,11.418
222001,0.2728,0.1548,-0.8442,9.4492,0.3457,11.3477
222024,0.2803,0.1523,-0.8518,7.9336,0.4473,10.9941
222047,0.2596,0.1439,-0.8466,6.1875,0.7187,10.1172
222070,0.2581,0.1376,-0.8594,5.2676,1.0605,9.0703
222093,0.2427,0.1307,-0.8424,5.1582,1.3145,8.4355
222116,0.2379,0.127,-0.8215,5.7285,1.7324,7.7578
222139,0.2365,0.1235,-0.8234,6.543,2.0527,7.5391
222162,0.2522,0.1115,-0.8696,8.209,2.6328,7.4902
222185,0.2778,0.1051,-0.8823,10.0039,3.2578,7.5312
222208,0.3079,0.0977,-0.8544,11.0391,3.5781,7.4199
222231,0.3041,0.0856,-0.8625,12.127,3.7637,6.8008
222254,0.3051,0.0718,-0.9016,12.4727,3.6816,6.0371
222277,0.3115,0.058,-0.9111,12.4219,3.3125,4.4902
222300,0.3054,0.0619,-0.8705,12.1094,2.9453,2.7852
222323,0.2845,0.0601,-0.8167,11.5898,2.3516,1.7773
222346,0.2638,0.0464,-0.7808,11.5,2.0117,0.7441
222369,0.278,0.024,-0.7833,11.832,2.0762,0.4648
222392,0.2777,0.0137,-0.7764,12.8125,2.6777,0.6348
222415,0.2871,0.0175,-0.7775,13.584,3.4199,1.041
222438,0.2966,0.0259,-0.7783,14.4238,5.0156,1.8223
222461,0.3145,0.0439,-0.8412,14.2344,6.9883,2.4941
222484,0.3529,0.0564,-0.9127,13.2324,8.2656,2.7402
222507,0.3629,0.0604,-0.9314,10.2207,9.5937,2.6895
222530,0.3745,0.0547,-0.9596,7.3164,9.8398,2.3887
222553,0.3757,0.0564,-0.9447,2.209,9.1895,1.6816
222576,0.3596,0.0652,-0.8832,-2.7129,7.7402,0.9473
222599,0.3264,0.0558,-0.855,-5.2578,6.7012,0.6016
222622,0.3181,0.0437,-0.8441,-7.334,5.4746,0.4512
222645,0.3235,0.0424,-0.8134,-7.4746,4.9766,0.5957
222668,0.3245,0.0378,-0.8174,-6.1289,4.5781,1.0469
222691,0.3251,0.0289,-0.8477,-4.5605,4.3984,1.5117
222714,0.335,0.0388,-0.8387,-1.9434,4.0508,1.6992
222737,0.3235,0.0438,-0.8608,0.2539,3.5449,1.6934
222760,0.3279,0.0358,-0.8892,1.209,3.1406,1.4961
222783,0.3722,0.0349,-0.8788,1.7031,2.4512,0.9629
222806,0.3542,0.0291,-0.8582,1.4355,1.916,0.4785
222829,0.33,0.025,-0.8691,0.3965,1.0391,-0.3457
222852,0.3453,0.0146,-0.8866,-0.9609,0.2578,-1.1211
222875,0.3595,0.0125,-0.8754,-1.7832,-0.0957,-1.5215
222898,0.3309,0.015,-0.8413,-2.5176,-0.2676,-1.8262
222921,0.3096,0.0176,-0.8402,-2.4844,-0.0781,-1.7637
222944,0.3453,0.033,-0.8868,-1.4785,0.7402,-1.1973
222967,0.39,0.0042,-0.9662,0.6562,2.1426,-0.1152
222990,0.444,-0.0236,-0.9941,2.6367,3.3301,0.8008
223013,0.4253,-0.0426,-0.9723,6.4355,5.4102,2.3398
223036,0.4023,-0.043,-0.9666,9.6172,6.9922,3.4824
223059,0.3677,-0.0348,-0.9722,15.5527,9.6816,5.5137
223082,0.3522,-0.0518,-0.9624,20.3145,12.7793,8.1016
223105,0.4037,-0.0956,-0.9672,28.498,15.0391,10.1211
223128,0.4474,-0.1359,-0.9274,37.4844,18.4492,13.291
223151,0.46,-0.1692,-0.9,43.6328,20.5039,15.2598
223174,0.4064,-0.1997,-0.8689,52.6523,22.9102,17.6777
223197,0.4352,-0.2402,-0.8752,58.2676,23.9609,18.8652
223220,0.4918,-0.2679,-0.9116,63.998,24.7188,20.0547
223243,0.5389,-0.2985,-0.9132,63.998,24.6465,20.6699
223266,0.6013,-0.3477,-0.9371,63.998,24.2344,20.832
223289,0.6687,-0.4121,-0.9827,63.998,23.0664,20.793
223312,0.719,-0.4624,-1.0115,63.998,21.7246,20.6367
223335,0.6869,-0.4735,-0.9429,63.998,18.3613,20.4063
223358,0.6246,-0.4923,-0.8767,63.998,13.1465,20.6133
223381,0.5941,-0.5314,-0.8507,63.998,8.7852,21.3125
223404,0.5787,-0.5568,-0.7856,63.998,1.3047,23.623
223427,0.5542,-0.5598,-0.71,62.5273,-4.0586,26.1387
223450,0.5002,-0.5682,-0.5885,59.9277,-12.2344,31.4043
223473,0.3943,-0.5739,-0.5342,58.5469,-20.0859,38.2773
223496,0.3335,-0.6018,-0.5671,58.0645,-24.918,43.5859
223519,0.3433,-0.6281,-0.6549,57.0938,-31.4492,52.2441
223542,0.3245,-0.6265,-0.6361,55.6738,-35.4023,58.1406
223565,0.2365,-0.5975,-0.5768,51.6777,-40.8945,63.998
223588,0.1536,-0.5598,-0.5375,47.6875,-44.2168,63.998
223611,0.1169,-0.5555,-0.6062,40.0117,-48.3574,63.998
223634,0.0458,-0.5774,-0.6495,30.8027,-51.2031,63.998
223657,-0.0095,-0.5605,-0.6036,24.0898,-52.3301,63.998
223680,-0.0709,-0.5483,-0.5647,13.6465,-52.9277,63.998
223703,-0.0637,-0.5524,-0.6494,6.7129,-52.6582,63.998
223726,-0.0659,-0.5546,-0.7407,-3.3672,-51.4707,63.998
223749,-0.1246,-0.5299,-0.7278,-12.8926,-49.6367,63.998
223772,-0.1549,-0.5104,-0.6892,-18.7461,-48.0762,63.998
223795,-0.1381,-0.4972,-0.6678,-26.3477,-45.0781,63.998
223818,-0.2037,-0.4907,-0.6925,-30.4004,-42.5742,63.998
223841,-0.2668,-0.4691,-0.7201,-34.8164,-37.8379,63.998
223864,-0.2759,-0.4529,-0.7632,-37.4922,-31.6992,63.998
223887,-0.2167,-0.4573,-0.7808,-38.625,-26.957,63.998
223910,-0.1597,-0.452,-0.8435,-39.9043,-19.5078,63.998
223933,-0.2456,-0.4333,-0.8778,-40.7129,-14.7031,63.998
223956,-0.3041,-0.418,-0.8864,-41.9395,-7.8945,63.998
223979,-0.2478,-0.4166,-0.8955,-42.6602,-3.5293,62.3164
224002,-0.1821,-0.4037,-0.8826,-43.3516,2.5312,60.4277
224025,-0.1674,-0.4125,-0.9504,-43.375,7.248,56.8574
224048,-0.197,-0.4078,-0.9861,-42.9863,9.3047,54.0449
224071,-0.2021,-0.3934,-0.9465,-41.7793,10.6797,49.3789
224094,-0.2269,-0.3882,-0.9435,-40.4824,10.6562,46.1816
224117,-0.1868,-0.3784,-0.929,-37.6172,9.7324,41.6328
224140,-0.1512,-0.3772,-0.8883,-33.5215,8.3711,37.6797
224163,-0.1829,-0.3843,-0.8768,-30.1426,7.4629,35.4961
224186,-0.1899,-0.3777,-0.9014,-24.4492,6.3945,33.1172
224209,-0.174,-0.3716,-0.8845,-20.5723,6.043,32.2227
224232,-0.161,-0.3472,-0.8206,-15.2363,6.3926,31.9473
224255,-0.1986,-0.3414,-0.8596,-11.0098,8.207,32.7949
224278,-0.2377,-0.3538,-0.9382,-9.0391,10.3164,33.8418
224301,-0.1241,-0.3112,-0.9164,-7.5625,14.6758,35.7676
224324,-0.3091,-0.2665,-0.9525,-7.4687,18.1836,36.9375
224347,-0.1659,-0.228,-0.9608,-8.0703,24.082,37.7813
224370,-0.0889,-0.2426,-0.922,-8.4648,28.1934,36.6094
224393,-0.0472,-0.3046,-0.9838,-8.2559,34.0449,34.3848
224416,-0.0664,-0.4874,-1.0492,-6.5937,39.4102,28.8613
224439,0.0499,-0.3867,-0.8966,-4.5449,42.6855,23.9141
224462,-0.132,-0.224,-0.8143,0.1875,45.7129,15.1836
224485,-0.1257,-0.1959,-0.8772,4.4043,45.4961,8.9297
224508,-0.0215,-0.3202,-1.1223,11.4316,41.5254,-0.3672
224531,-0.0316,-0.1874,-0.504,17.4863,34.4043,-8.6953
224554,-0.2673,-0.4288,-1.1433,20.0703,28.998,-13.2617
224577,-0.0203,-0.28,-1.0409,20.7227,21.377,-18.2754
224600,-0.1433,-0.2474,-1.2491,18.9355,16.7793,-20.5566
224623,-0.1718,-0.2167,-1.2037,13.918,10.1035,-23.125
224646,-0.1514,-0.2626,-1.1025,8.3496,2.8711,-25.8965
224669,-0.1576,-0.391,-1.0236,5.7148,-2.6348,-28.5918
224692,-0.0386,-0.4983,-0.752,4.957,-12.2578,-34.9141
224715,0.1235,-0.5907,-0.5278,7.0078,-19.7402,-41.0625
224738,-0.0084,-0.64,-0.5476,13.5488,-32.8066,-53.2754
224761,-0.2837,-0.5378,-0.4607,19.2754,-47.0137,-64.0
224784,-0.4685,-0.4294,-0.3885,27.4688,-57.0508,-64.0
224807,-0.3451,-0.3873,-0.5125,31.8555,-64.0,-64.0
224830,-0.0845,-0.4064,-0.6128,30.9023,-64.0,-64.0
224853,0.0824,-0.4388,-0.5984,21.9199,-64.0,-64.0
224876,-0.0084,-0.4462,-0.5154,10.7773,-64.0,-64.0
224899,-0.1573,-0.4016,-0.4514,-12.3184,-64.0,-64.0
224922,-0.1161,-0.3065,-0.5004,-40.1406,-64.0,-64.0
224945,-0.0198,-0.2678,-0.6548,-59.4473,-64.0,-64.0
224968,0.1288,-0.3047,-0.7765,-64.0,-64.0,-64.0
224991,0.313,-0.363,-0.8196,-64.0,-64.0,-64.0
225014,0.411,-0.3174,-0.8398,-64.0,-56.4082,-64.0
225037,0.3928,-0.201,-0.8832,-64.0,-39.9375,-64.0
225060,0.2157,-0.0737,-0.9451,-64.0,-28.1387,-64.0
225083,0.0093,-0.0103,-1.0088,-64.0,-8.9492,-64.0
225106,-0.0779,0.0471,-1.0066,-64.0,4.7656,-64.0
225129,0.0074,0.0802,-1.1223,-64.0,25.5371,-64.0
225152,0.1062,0.1255,-1.2162,-64.0,43.6855,-37.5234
225175,0.1288,0.1543,-1.2755,-64.0,52.5293,-19.7129
225198,0.1674,0.1307,-1.3279,-64.0,58.9648,3.3125
225221,0.1465,0.1176,-1.2349,-64.0,58.3047,15.3164
225244,0.043,0.1479,-0.9359,-64.0,50.752,28.0879
225267,-0.0288,0.2106,-0.7645,-61.957,42.6855,33.5488
225290,-0.0602,0.1902,-0.8523,-44.0039,29.0703,38.248
225313,0.1642,0.1937,-1.1587,-25.3145,16.8027,39.7676
225336,0.3538,0.1715,-1.5873,-14.6035,9.9258,39.2715
225359,0.1216,0.2416,-1.5,-4.3809,0.2539,36.5742
225382,-0.1913,0.2653,-1.1514,-2.0664,-6.1953,34.0156
225405,-0.2804,0.1833,-0.8591,-3.3125,-14.0137,30.4629
225428,-0.1688,0.0646,-0.7767,-5.627,-16.1289,28.3906
225451,0.0096,-0.0106,-0.8828,-5.6582,-13.8105,27.752
225474,0.0435,-0.051,-1.0203,-2.4922,-7.0391,26.832
225497,0.0448,-0.1243,-0.9747,1.2793,-2.1504,25.5605
225520,0.1545,-0.1168,-0.9071,8.0137,4.0371,22.0098
225543,0.1981,-0.1226,-0.8329,14.8184,9.0234,16.5918
225566,0.1302,-0.1326,-0.769,19.0664,12.2266,12.3848
225589,0.1077,-0.1482,-0.7916,24.6855,17.4805,6.2109
225612,0.2102,-0.1372,-0.9275,27.5625,21.25,2.7246
225635,0.2581,-0.1069,-0.9875,29.6289,26.3301,-1.0234
225658,0.189,-0.0742,-0.962,29.0527,28.5781,-2.4414
225681,0.1503,-0.0557,-0.9598,25.0879,29.6348,-2.9746
225704,0.1542,-0.0355,-0.9707,18.0469,28.1289,-1.8047
225727,0.144,-0.019,-0.964,12.2793,25.9297,-0.2988
225750,0.1205,-0.0179,-0.9513,3.1816,21.291,2.5762
225773,0.1277,-0.0079,-0.9277,-2.5234,17.7188,4.6016
225796,0.1295,-0.0127,-0.9591,-9.6289,12.4668,7.3027
225819,0.1117,-0.0067,-0.947,-14.3398,8.0469,9.1133
225842,0.0959,-0.0104,-0.9376,-16.0195,5.6934,9.6582
225865,0.1208,-0.017,-0.9296,-16.4746,2.9336,9.3887
225888,0.1571,-0.0226,-0.926,-15.6152,1.4473,8.4902
225911,0.1542,-0.0363,-0.9237,-13.1055,-0.4687,6.1719
225934,0.1418,-0.0433,-0.9147,-9.8066,-2.0508,2.9902
225957,0.1432,-0.0533,-0.9113,-7.5098,-2.8516,0.6289
225980,0.1675,-0.0626,-0.913,-4.3398,-3.5312,-2.8926
226003,0.1605,-0.0663,-0.9161,-2.5918,-3.6094,-5.0371
226026,0.1597,-0.067,-0.8993,-0.6973,-3.2402,-7.6934
226049,0.1521,-0.0575,-0.8948,0.0566,-2.7734,-9.4883
226072,0.1619,-0.0607,-0.8986,0.4805,-1.916,-10.1387
226095,0.1801,-0.0641,-0.9177,0.1758,-0.9824,-10.3848
226118,0.1594,-0.0648,-0.8956,-0.3516,-0.3652,-10.123
226141,0.1544,-0.0538,-0.8916,-1.4648,0.6094,-9.2246
226164,0.1722,-0.0533,-0.9071,-2.3145,1.375,-8.3711
226187,0.2037,-0.0533,-0.9238,-3.6074,2.7402,-6.8809
226210,0.1802,-0.0466,-0.942,-4.8203,4.209,-5.3301
226233,0.1729,-0.0326,-0.9399,-5.5469,5.1055,-4.3301
226256,0.1736,-0.0321,-0.9332,-6.4551,6.1387,-2.9258
226279,0.1849,-0.0339,-0.9419,-6.8984,6.5645,-2.0781
226302,0.1779,-0.0433,-0.9536,-7.2676,6.752,-0.9941
226325,0.176,-0.0286,-0.895,-7.2441,6.3184,-0.1719
226348,0.1545,-0.0323,-0.895,-6.9922,5.7012,0.2305
226371,0.1742,-0.0382,-0.9158,-6.2988,4.4531,0.627
226394,0.1735,-0.0422,-0.9176,-5.7129,3.4941,0.7617
226417,0.1396,-0.0496,-0.8914,-4.8105,1.9902,0.7891
226440,0.1638,-0.0468,-0.88,-4.2539,1.0625,0.6562
226463,0.1812,-0.0471,-0.8903,-3.5547,-0.0723,0.502
226486,0.1808,-0.0444,-0.9086,-3.1152,-0.8652,0.1914
226509,0.1853,-0.0448,-0.9249,-3.0234,-1.1953,-0.0488
226532,0.1686,-0.0428,-0.9398,-3.2207,-1.4023,-0.3887
226555,0.1829,-0.043,-0.9323,-3.5527,-1.3613,-0.5566
226578,0.192,-0.0452,-0.8903,-4.1992,-1.0996,-0.6582
226601,0.1774,-0.0367,-0.8961,-4.7695,-0.6133,-0.5488
226624,0.1722,-0.0316,-0.9199,-4.998,-0.1387,-0.3516
226647,0.1749,-0.0356,-0.9292,-5.1016,0.8066,0.1152
226670,0.191,-0.0397,-0.9186,-5.0371,1.541,0.5098
226693,0.1907,-0.0422,-0.9125,-4.7734,2.5996,1.127
226716,0.1879,-0.0452,-0.9048,-4.3301,3.3945,1.6602
226739,0.1857,-0.0394,-0.9,-3.9629,3.7383,1.918
226762,0.1863,-0.0389,-0.9041,-3.3828,4.0,2.1133
226785,0.2028,-0.0485,-0.9374,-3.0391,4.0234,2.1074
226808,0.1888,-0.0441,-0.9077,-2.6777,3.8281,1.9082
226831,0.1843,-0.046,-0.9293,-2.5508,3.0625,1.5391
226854,0.2058,-0.0514,-0.9169,-2.4805,3.0801,1.2422
226877,0.2068,-0.0385,-0.8657,-2.459,2.8574,0.7637
226900,0.1865,-0.0403,-0.8419,-2.3984,3.0742,0.4453
226923,0.2233,-0.0483,-0.8953,-2.2051,4.0195,0.0078
226946,0.2032,-0.0557,-0.9308,-2.084,4.8691,-0.2441
226969,0.1981,-0.0497,-0.9156,-2.1172,5.9199,-0.5527
226992,0.2079,-0.0444,-0.9073,-2.5195,6.1895,-0.7676
227015,0.2241,-0.0438,-0.9252,-2.9668,5.8242,-0.8691
227038,0.2197,-0.0463,-0.9232,-3.7969,4.5625,-0.9824
227061,0.1945,-0.04,-0.9004,-4.373,3.3926,-1.0293
227084,0.2046,-0.0391,-0.9017,-5.1074,1.5234,-1.0332
227107,0.225,-0.0443,-0.9218,-5.5586,-0.0469,-0.9336
227130,0.2109,-0.0486,-0.9301,-5.6758,-0.7734,-0.8262
227153,0.2079,-0.0421,-0.8969,-5.5723,-1.2422,-0.623
227176,0.2087,-0.0432,-0.8623,-5.3125,-1.0957,-0.4766
227199,0.2205,-0.0437,-0.8738,-4.6582,-0.2207,-0.2715
227222,0.217,-0.0475,-0.912,-3.623,1.1582,-0.1328
227245,0.2251,-0.047,-0.943,-3.4082,2.1016,-0.0996
227268,0.2252,-0.0466,-0.9297,-3.0566,3.1309,-0.1523
227291,0.222,-0.0457,-0.9023,-3.0684,3.4004,-0.2461
227314,0.2136,-0.0448,-0.8959,-3.3379,3.1387,-0.4395
227337,0.2125,-0.0446,-0.8905,-3.582,2.6016,-0.5801
227360,0.2108,-0.0447,-0.896,-3.8867,1.5039,-0.7793
227383,0.2102,-0.0444,-0.9053,-4.0215,0.3457,-0.9473
227406,0.2004,-0.0443,-0.8971,-4.0039,-0.3574,-1.0371
227429,0.1948,-0.0447,-0.8795,-3.8359,-1.2148,-1.1406
227452,0.2075,-0.0432,-0.885,-3.6523,-1.5938,-1.1875
227475,0.2202,-0.0454,-0.8881,-3.3437,-1.8105,-1.252
227498,0.2177,-0.0404,-0.9043,-3.1191,-1.6035,-1.3262
227521,0.2262,-0.0447,-0.9296,-3.0781,-1.2695,-1.3828
227544,0.2416,-0.0464,-0.9319,-3.2305,-0.5801,-1.4668
227567,0.2089,-0.0442,-0.9095,-3.4492,-0.0859,-1.5137
227590,0.2253,-0.0544,-0.8972,-3.8301,0.6191,-1.5313
227613,0.2456,-0.0579,-0.882,-4.1074,1.2559,-1.4785
227636,0.233,-0.0516,-0.8868,-4.1855,1.6191,-1.4199
227659,0.2219,-0.0449,-0.9091,-4.1602,2.0312,-1.3047
227682,0.2358,-0.0432,-0.9363,-4.1094,2.1836,-1.207
227705,0.2313,-0.0405,-0.9358,-4.0937,2.166,-1.0215
227728,0.2216,-0.0375,-0.9177,-4.1484,1.9648,-0.873
227751,0.2181,-0.0433,-0.8844,-4.2598,1.4336,-0.6172
227774,0.2148,-0.0442,-0.8556,-4.2734,0.7988,-0.3359
227797,0.214,-0.0521,-0.8715,-4.1797,0.4297,-0.1523
227820,0.2235,-0.0511,-0.8959,-3.9297,0.0566,0.0742
227843,0.2319,-0.0522,-0.9215,-3.7656,-0.0664,0.1719
227866,0.2363,-0.0502,-0.9152,-3.6426,-0.1328,0.2305
227889,0.2222,-0.0437,-0.89,-3.6934,-0.1152,0.2012
227912,0.2238,-0.042,-0.886,-3.7891,-0.043,0.1582
227935,0.2263,-0.0442,-0.8949,-3.959,0.1719,0.0918
227958,0.2377,-0.0455,-0.9019,-4.0801,0.3672,0.0469
227981,0.2351,-0.0452,-0.9194,-4.2852,0.6816,-0.0215
228004,0.2367,-0.0409,-0.92,-4.5293,0.9102,-0.0957
228027,0.2272,-0.0437,-0.9032,-4.6973,0.9414,-0.1367
228050,0.217,-0.041,-0.8857,-4.8828,0.7871,-0.166
228073,0.2247,-0.0446,-0.8793,-4.9238,0.5996,-0.1602
228096,0.23,-0.0424,-0.8818,-4.8437,0.3008,-0.1367
228119,0.2317,-0.0396,-0.9003,-4.7266,0.1328,-0.1328
228142,0.2463,-0.0396,-0.9304,-4.5586,-0.0254,-0.1875
228165,0.2345,-0.0408,-0.947,-4.5215,-0.1094,-0.3359
228188,0.2351,-0.0408,-0.9097,-4.584,-0.1816,-0.4785
228211,0.2253,-0.0426,-0.8864,-4.6973,-0.3574,-0.7168
228234,0.2267,-0.0488,-0.8831,-4.6973,-0.5,-0.8711
228257,0.2385,-0.0566,-0.8669,-4.5,-0.6934,-1.0723
228280,0.2268,-0.0531,-0.877,-4.084,-0.8125,-1.2383
228303,0.224,-0.0455,-0.9124,-3.7461,-0.8379,-1.3184
228326,0.2245,-0.0385,-0.9137,-3.3047,-0.8379,-1.3594
228349,0.2216,-0.0399,-0.8939,-3.1191,-0.8555,-1.3203
228372,0.2294,-0.0419,-0.8965,-3.0352,-0.9082,-1.1602
228395,0.2323,-0.0458,-0.8969,-3.1504,-0.9316,-0.9238
228418,0.2435,-0.0444,-0.8934,-3.3145,-0.8867,-0.7617
228441,0.2405,-0.0446,-0.9167,-3.6523,-0.7246,-0.5664
228464,0.2356,-0.0454,-0.9299,-3.9277,-0.582,-0.4785
228487,0.2277,-0.046,-0.906,-4.3789,-0.4375,-0.3945
228510,0.2203,-0.045,-0.8875,-4.6504,-0.4609,-0.3301
228533,0.2279,-0.0457,-0.8882,-4.9121,-0.7031,-0.2852
228556,0.2346,-0.0499,-0.8805,-4.9414,-1.0645,-0.2246
228579,0.2229,-0.0396,-0.879,-4.8379,-1.252,-0.1992
228602,0.2096,-0.0321,-0.9028,-4.5762,-1.2441,-0.1816
228625,0.2452,-0.0341,-0.9291,-4.3965,-0.9824,-0.1777
228648,0.2479,-0.0397,-0.9357,-4.2305,-0.3496,-0.1914
228671,0.2291,-0.04,-0.9122,-4.2207,0.2031,-0.2363
228694,0.2275,-0.0411,-0.8771,-4.252,0.3887,-0.2812
228717,0.2371,-0.0446,-0.8888,-4.2441,0.373,-0.3574
228740,0.2416,-0.0452,-0.91,-4.1719,0.209,-0.418
228763,0.2239,-0.0438,-0.9095,-3.9863,-0.1621,-0.5195
228786,0.2301,-0.0498,-0.9108,-3.7598,-0.5625,-0.6055
228809,0.2386,-0.0522,-0.9028,-3.5977,-0.8242,-0.6387
228832,0.2209,-0.0505,-0.8792,-3.3281,-1.2422,-0.6445
228855,0.2134,-0.0466,-0.8655,-3.127,-1.5176,-0.6133
228878,0.2172,-0.0438,-0.8689,-2.8086,-1.8105,-0.5156
228901,0.2308,-0.0442,-0.9022,-2.6328,-1.8438,-0.3789
228924,0.2336,-0.0422,-0.9355,-2.5371,-1.7051,-0.2949
228947,0.2417,-0.04,-0.9359,-2.748,-1.3262,-0.2168
228970,0.234,-0.0392,-0.9167,-3.0449,-1.043,-0.2031
228993,0.2292,-0.0457,-0.8945,-3.5879,-0.6836,-0.2402
229016,0.2311,-0.0538,-0.8839,-3.9102,-0.5176,-0.2949
229039,0.2335,-0.0594,-0.8741,-4.2051,-0.3945,-0.4121
229062,0.226,-0.0599,-0.8799,-4.2207,-0.4062,-0.5469
229085,0.2346,-0.0581,-0.902,-4.1055,-0.4648,-0.6211
229108,0.2389,-0.0505,-0.9105,-3.8496,-0.6289,-0.6641
229131,0.2411,-0.0453,-0.9222,-3.6934,-0.7988,-0.6309
229154,0.2375,-0.0433,-0.9076,-3.5645,-1.1172,-0.4766
229177,0.2288,-0.0414,-0.8749,-3.582,-1.3965,-0.1953
229200,0.2174,-0.038,-0.8943,-3.6484,-1.4883,0.0527
229223,0.2178,-0.0477,-0.9335,-3.8027,-1.459,0.4922
229246,0.2202,-0.0515,-0.9065,-3.9492,-1.3867,0.8008
229269,0.2047,-0.0562,-0.8575,-4.1758,-1.3262,1.2363
229292,0.2139,-0.0592,-0.8453,-4.2559,-1.332,1.5781
229315,0.2343,-0.0516,-0.8643,-4.1855,-1.3047,1.7168
229338,0.2266,-0.0391,-0.8857,-3.9492,-1.1152,1.7441
229361,0.2196,-0.0293,-0.9252,-3.8066,-0.8516,1.6367
229384,0.235,-0.0253,-0.9507,-3.7793,-0.2656,1.3164
229407,0.2433,-0.021,-0.942,-3.9375,0.1797,1.0215
229430,0.2236,-0.0269,-0.9318,-4.3848,0.7793,0.4941
229453,0.2321,-0.0342,-0.9149,-4.8652,1.1836,-0.0937
229476,0.2354,-0.0405,-0.8931,-5.0703,1.3086,-0.5039
229499,0.2325,-0.0497,-0.8988,-5.0605,1.2207,-1.1426
229522,0.2299,-0.0576,-0.9135,-4.8164,0.9629,-1.5703
229545,0.2325,-0.0632,-0.8933,-4.1426,0.2949,-2.1875
229568,0.2239,-0.0684,-0.8779,-3.1973,-0.6504,-2.709
229591,0.2195,-0.0696,-0.8667,-2.4844,-1.3633,-2.9648
229614,0.2185,-0.0679,-0.8533,-1.416,-2.3867,-3.1543
229637,0.2242,-0.0691,-0.8521,-0.7949,-2.9102,-3.1367
229660,0.2393,-0.0706,-0.8804,-0.1582,-3.25,-2.9082
229683,0.2338,-0.0618,-0.921,-0.0566,-2.959,-2.4902
229706,0.2299,-0.0544,-0.9115,-0.3594,-2.4766,-2.1309
229729,0.2335,-0.0486,-0.8857,-1.334,-1.5352,-1.502
229752,0.2214,-0.0411,-0.8928,-2.2441,-0.8809,-1.0469
229775,0.2325,-0.0361,-0.9098,-3.8203,0.0137,-0.373
229798,0.2418,-0.0339,-0.9226,-4.9219,0.5117,0.0234
229821,0.2433,-0.0348,-0.9352,-6.5156,1.0762,0.4609
229844,0.2559,-0.0397,-0.9456,-7.8691,1.4082,0.6582
229867,0.2487,-0.0422,-0.941,-8.541,1.4824,0.6523
229890,0.2345,-0.0439,-0.9041,-9.0469,1.3652,0.4883
229913,0.2343,-0.0413,-0.8793,-8.9785,1.1719,0.3184
229936,0.2279,-0.0366,-0.8945,-8.2402,0.7734,0.0449
229959,0.2141,-0.0389,-0.9073,-6.9004,0.2656,-0.1738
229982,0.21,-0.0449,-0.8948,-5.8281,-0.1504,-0.2637
230005,0.213,-0.0508,-0.8805,-4.1758,-0.8906,-0.3086
230028,0.2104,-0.0555,-0.8597,-3.1426,-1.4238,-0.2891
230051,0.2227,-0.0571,-0.865,-1.8203,-2.1543,-0.2285
230074,0.2308,-0.0547,-0.8933,-0.9121,-2.6621,-0.1836
230097,0.2218,-0.0538,-0.9183,-0.6172,-2.832,-0.1836
230120,0.2151,-0.0516,-0.9175,-0.6797,-2.8008,-0.2266
230143,0.2386,-0.051,-0.9344,-1.0078,-2.5762,-0.2656
230166,0.2275,-0.0533,-0.9524,-1.7012,-1.957,-0.3145
230189,0.2417,-0.0535,-0.9347,-2.1055,-1.3555,-0.3242
230212,0.2555,-0.0575,-0.8938,-2.2246,-0.1074,-0.2734
230235,0.2526,-0.0634,-0.8313,-1.3477,1.6699,-0.123
230258,0.2463,-0.0669,-0.8427,-0.1387,3.166,0.0566
230281,0.2347,-0.0826,-0.8971,2.3242,5.6016,0.4824
230304,0.2638,-0.0919,-0.9103,4.0605,7.0762,0.8672
230327,0.2603,-0.1162,-0.8313,6.1973,8.5625,1.4844
230350,0.3208,-0.0754,-0.9849,7.2793,8.8301,1.8574
230373,0.2422,-0.0933,-0.8914,7.2656,8.2187,1.8379
230396,0.2423,-0.0835,-0.8818,6.1914,6.2324,1.4492
230419,0.252,-0.0898,-0.9176,4.9473,4.4219,1.0469
230442,0.2495,-0.0844,-0.9432,2.6543,1.4043,0.3965
230465,0.2368,-0.0762,-0.9004,0.2852,-1.541,-0.1445
230488,0.2288,-0.0782,-0.8781,-1.082,-3.2266,-0.375
230511,0.2263,-0.0824,-0.8802,-2.5059,-4.9863,-0.4766
230534,0.2341,-0.0885,-0.9099,-2.9512,-5.543,-0.3984
230557,0.229,-0.0936,-0.9391,-2.8945,-5.5352,-0.1582
230580,0.2407,-0.0903,-0.8937,-2.4609,-5.1309,0.0918
230603,0.2229,-0.0986,-0.8842,-1.373,-4.2773,0.1973
230626,0.2288,-0.1047,-0.8962,0.0371,-3.4902,0.209
230649,0.2449,-0.1082,-0.8442,1.0156,-3.1328,0.1055
230672,0.2511,-0.1113,-0.8717,2.3379,-2.8945,-0.2266
230695,0.2599,-0.1198,-0.9072,2.9902,-2.8965,-0.5566
230718,0.2753,-0.1255,-0.9275,3.4082,-3.0547,-1.1582
230741,0.2454,-0.1221,-0.924,3.0,-3.3359,-1.75
230764,0.2313,-0.1116,-0.8999,2.3027,-3.5332,-2.0293
230787,0.2311,-0.1083,-0.9292,0.8125,-3.7305,-2.1074
230810,0.2007,-0.0642,-0.5732,-0.3437,-3.8086,-1.8867
230833,0.1558,-0.1029,-0.9786,-2.1836,-4.0371,-1.166
230856,0.276,-0.0908,-1.1129,-4.7422,-4.5371,-0.168
230879,0.2615,-0.0778,-1.0541,-7.2773,-5.002,0.4785
230902,0.2367,-0.062,-0.999,-11.9922,-5.459,1.2637
230925,0.2258,-0.046,-0.8971,-15.0371,-5.1699,1.6855
230948,0.2161,-0.0613,-0.8645,-18.0215,-3.1719,2.2871
230971,0.2405,-0.0693,-0.8584,-18.3926,0.9102,2.9238
230994,0.2369,-0.076,-0.8444,-16.3535,4.4023,3.3242
231017,0.2308,-0.0813,-0.856,-11.9434,9.543,3.7266
231040,0.2421,-0.089,-0.8896,-8.3867,12.1055,3.7637
231063,0.2532,-0.0957,-0.9175,-3.3008,13.6719,3.334
231086,0.2448,-0.099,-0.9186,-0.625,13.0195,2.6992
231109,0.2356,-0.0995,-0.9175,1.7988,9.8613,1.3125
231132,0.2457,-0.0969,-0.8937,2.3047,5.0977,-0.3359
231155,0.2548,-0.0927,-0.8727,1.7988,1.6699,-1.4141
231178,0.2535,-0.098,-0.8754,0.2949,-3.0352,-2.7656
231201,0.2635,-0.1029,-0.8875,-0.9043,-5.5371,-3.3945
231224,0.2474,-0.1051,-0.8947,-2.6289,-8.0137,-3.8379
231247,0.2366,-0.0962,-0.8811,-4.0273,-8.8496,-3.666
231270,0.234,-0.093,-0.9025,-4.7402,-8.5527,-3.2363
231293,0.2422,-0.0812,-0.9012,-5.5449,-7.1094,-2.2168
231316,0.2186,-0.0779,-0.8906,-5.9707,-5.7031,-1.3691
231339,0.2224,-0.0751,-0.8861,-6.5273,-3.2734,0.0039
231362,0.2397,-0.0751,-0.8901,-7.3672,-0.8125,1.3086
231385,0.2448,-0.076,-0.9041,-7.3516,0.6719,2.0352
231408,0.2515,-0.0742,-0.9121,-7.8535,2.4629,2.7988
231431,0.248,-0.0713,-0.917,-8.2187,3.293,3.0645
231454,0.243,-0.0612,-0.9034,-8.791,3.9395,3.1211
231477,0.259,-0.0593,-0.9126,-9.1387,3.998,2.9727
231500,0.2667,-0.064,-0.9253,-9.5059,3.6191,2.5352
231523,0.2582,-0.0673,-0.9231,-9.584,2.8164,1.9063
231546,0.2421,-0.067,-0.9126,-9.4336,2.1504,1.416
231569,0.2354,-0.0669,-0.8982,-8.8555,1.1504,0.6387
231592,0.2349,-0.0645,-0.885,-8.2344,0.5781,0.1289
231615,0.2495,-0.0723,-0.8972,-7.0039,-0.0449,-0.5801
231638,0.2621,-0.0774,-0.887,-5.5645,-0.3691,-1.2012
231661,0.2451,-0.0813,-0.8785,-4.5879,-0.4355,-1.5605
231684,0.249,-0.083,-0.8744,-3.2363,-0.332,-1.9941
231707,0.2538,-0.0824,-0.8844,-2.4961,-0.1406,-2.1953
231730,0.2661,-0.0822,-0.8854,-1.7656,0.2891,-2.3535
231753,0.2842,-0.0793,-0.8966,-1.6211,0.7969,-2.3437
231776,0.2729,-0.0769,-0.9277,-1.8848,1.1113,-2.2461
231799,0.2704,-0.0688,-0.9236,-2.7754,1.4395,-1.9727
231822,0.259,-0.064,-0.9143,-3.5996,1.5137,-1.707
231845,0.2496,-0.0591,-0.917,-4.9238,1.3926,-1.2188
231868,0.25,-0.0535,-0.9191,-5.707,1.1895,-0.873
231891,0.255,-0.0481,-0.9185,-6.5312,0.7695,-0.4082
231914,0.2604,-0.0461,-0.9102,-6.8066,0.2812,-0.1133
231937,0.2469,-0.0601,-0.9164,-6.6621,-0.0703,-0.0449
231960,0.2396,-0.0643,-0.8986,-5.9922,-0.6523,-0.127
231983,0.2264,-0.0736,-0.8534,-5.2812,-1.0742,-0.2832
232006,0.2283,-0.0814,-0.8372,-3.9004,-1.6738,-0.6055
232029,0.2418,-0.088,-0.869,-2.3379,-2.0937,-0.9863
232052,0.2571,-0.0908,-0.8959,-1.3672,-2.2227,-1.2598
232075,0.2593,-0.09,-0.8901,-0.3047,-2.2109,-1.6797
232098,0.2552,-0.0817,-0.8829,0.0391,-2.0957,-1.9492
232121,0.2517,-0.0757,-0.8838,-0.0332,-1.8086,-2.2852
232144,0.2544,-0.0734,-0.8826,-0.7285,-1.4004,-2.4863
232167,0.244,-0.0704,-0.886,-1.4512,-1.0605,-2.5293
232190,0.2437,-0.0728,-0.8958,-2.7441,-0.4473,-2.4434
232213,0.2598,-0.0743,-0.9028,-3.6484,0.0254,-2.293
232236,0.2667,-0.0751,-0.9063,-4.918,0.7832,-1.9629
232259,0.2659,-0.074,-0.8865,-5.6328,1.2891,-1.7051
232282,0.2706,-0.0708,-0.8776,-6.4082,2.0293,-1.3105
232305,0.2732,-0.0685,-0.8895,-6.7832,2.7187,-0.9551
232328,0.2755,-0.0627,-0.9056,-6.8398,3.125,-0.7617
232351,0.2689,-0.0593,-0.925,-6.7539,3.6035,-0.5508
232374,0.2695,-0.0579,-0.9188,-6.6543,3.8008,-0.4648
232397,0.2655,-0.058,-0.8912,-6.502,3.8555,-0.4121
232420,0.2693,-0.059,-0.8832,-6.3242,3.5703,-0.4453
232443,0.2861,-0.0607,-0.8973,-6.1602,3.209,-0.5195
232466,0.2825,-0.0601,-0.9098,-5.8457,2.4668,-0.7148
232489,0.2648,-0.0598,-0.9181,-5.6094,1.8926,-0.8945
232512,0.2675,-0.0544,-0.9174,-5.2539,1.0078,-1.1934
232535,0.2603,-0.0502,-0.9093,-4.9082,0.1523,-1.4688
232558,0.26,-0.05,-0.9009,-4.668,-0.4004,-1.623
232581,0.2692,-0.0538,-0.8938,-4.2402,-1.1973,-1.8105
232604,0.2606,-0.0582,-0.8979,-3.8906,-1.6836,-1.9238
232627,0.2511,-0.0627,-0.8936,-3.2617,-2.2891,-2.1055
232650,0.2474,-0.0679,-0.8909,-2.7852,-2.5918,-2.3223
232673,0.2395,-0.0741,-0.8728,-2.0215,-2.8848,-2.4902
232696,0.2545,-0.0822,-0.8593,-1.2363,-2.9902,-2.7773
232719,0.2737,-0.0911,-0.8632,-0.7285,-2.9551,-2.9863
232742,0.2749,-0.0913,-0.8722,-0.0664,-2.7559,-3.3105
232765,0.2731,-0.0879,-0.8804,0.248,-2.5371,-3.5059
232788,0.2822,-0.0883,-0.8921,0.4336,-2.0937,-3.7051
232811,0.29,-0.0886,-0.8951,0.1953,-1.5195,-3.7305
232834,0.2832,-0.0873,-0.9014,-0.2051,-1.0781,-3.627
232857,0.2844,-0.0808,-0.9033,-1.1211,-0.3848,-3.2656
232880,0.2721,-0.0687,-0.9028,-1.8887,0.0293,-2.877
232903,0.2581,-0.068,-0.911,-3.1523,0.4727,-2.0801
232926,0.259,-0.0607,-0.8904,-4.377,0.6426,-1.0703
232949,0.2344,-0.0605,-0.8723,-5.0703,0.5957,-0.3262
232972,0.2562,-0.0607,-0.877,-5.8047,0.3457,0.7891
232995,0.2628,-0.0621,-0.9019,-6.0703,0.1094,1.457
233018,0.2504,-0.0626,-0.9083,-6.1953,-0.2812,2.2187
233041,0.2566,-0.0679,-0.8951,-6.1484,-0.6348,2.6152
233064,0.2657,-0.0707,-0.8967,-5.957,-0.8184,2.6699
233087,0.2635,-0.0717,-0.9006,-5.6738,-1.041,2.4687
233110,0.2632,-0.0752,-0.8823,-5.4609,-1.1699,2.1855
233133,0.2554,-0.0735,-0.8556,-5.1152,-1.3086,1.6309
233156,0.2584,-0.0692,-0.8805,-4.8711,-1.3164,1.2344
233179,0.275,-0.0681,-0.9231,-4.5371,-1.1309,0.6816
233202,0.275,-0.0646,-0.9156,-4.3574,-0.7715,0.2266
233225,0.2614,-0.0667,-0.8894,-4.3496,-0.5059,-0.0059
233248,0.2657,-0.068,-0.8801,-4.4453,-0.1152,-0.2324
233271,0.2549,-0.0658,-0.8802,-4.5352,0.127,-0.2988
233294,0.2679,-0.0662,-0.8765,-4.6641,0.4375,-0.2871
233317,0.2816,-0.0629,-0.8978,-4.791,0.6621,-0.1973
233340,0.276,-0.0624,-0.9313,-4.8984,0.75,-0.1289
233363,0.2754,-0.0588,-0.9264,-5.1289,0.748,-0.0469
233386,0.2616,-0.0566,-0.9027,-5.3086,0.6406,-0.0117
233409,0.2627,-0.0614,-0.8861,-5.5215,0.3359,0.0176
233432,0.2677,-0.0681,-0.8738,-5.5547,-0.0605,0.0234
233455,0.2673,-0.068,-0.8763,-5.375,-0.3223,0.0059
233478,0.2684,-0.0684,-0.899,-4.9551,-0.666,-0.0566
233501,0.2739,-0.0679,-0.9133,-4.6094,-0.8652,-0.1152
233524,0.2634,-0.0669,-0.8997,-4.1152,-1.1484,-0.2051
233547,0.2487,-0.0663,-0.8822,-3.8398,-1.334,-0.25
233570,0.2584,-0.0671,-0.8669,-3.5117,-1.5664,-0.2598
233593,0.2758,-0.0709,-0.8799,-3.2734,-1.666,-0.2129
233616,0.271,-0.069,-0.8986,-3.1758,-1.6484,-0.168
233639,0.2671,-0.0673,-0.9189,-3.1699,-1.5234,-0.1055
233662,0.2723,-0.0656,-0.9095,-3.2715,-1.4043,-0.0664
233685,0.2535,-0.0659,-0.886,-3.5293,-1.2344,-0.0059
233708,0.2583,-0.0682,-0.875,-3.7773,-1.1055,0.0703
233731,0.272,-0.0737,-0.8798,-3.8711,-1.0332,0.1289
233754,0.2667,-0.0734,-0.8947,-3.8809,-0.9375,0.2129
233777,0.2532,-0.072,-0.8876,-3.8184,-0.873,0.2617
233800,0.2566,-0.0665,-0.8773,-3.6562,-0.7383,0.3281
233823,0.2565,-0.0648,-0.8815,-3.4551,-0.5312,0.4082
233846,0.2516,-0.0601,-0.9053,-3.332,-0.3574,0.4668
233869,0.25,-0.0634,-0.874,-3.2324,-0.0566,0.5488
233892,0.2693,-0.0614,-0.8767,-3.2344,0.1758,0.5859
233915,0.2819,-0.0645,-0.9242,-3.3379,0.5566,0.5703
233938,0.2963,-0.0698,-0.9261,-3.4922,0.791,0.4824
233961,0.274,-0.0739,-0.9086,-3.8301,1.0293,0.2148
233984,0.2609,-0.0715,-0.8754,-4.1758,1.0996,-0.168
234007,0.2555,-0.0768,-0.8557,-4.3164,1.0742,-0.4336
234030,0.2733,-0.0789,-0.8651,-4.3086,0.9766,-0.7793
234053,0.2882,-0.0745,-0.8832,-4.1719,0.8965,-0.957
234076,0.2838,-0.0626,-0.9166,-3.8867,0.7559,-1.1465
234099,0.281,-0.0579,-0.9347,-3.6934,0.5781,-1.248
234122,0.2759,-0.0558,-0.9148,-3.6797,0.4238,-1.2695
234145,0.2582,-0.0626,-0.8926,-3.791,0.1328,-1.2344
234168,0.2607,-0.0696,-0.8784,-3.8789,-0.0879,-1.1719
234191,0.2605,-0.0729,-0.8654,-3.9043,-0.418,-1.0469
234214,0.2625,-0.078,-0.869,-3.7246,-0.7012,-0.9297
234237,0.2681,-0.0776,-0.8767,-3.5059,-0.8477,-0.875
234260,0.2725,-0.0792,-0.8729,-3.1152,-1.0195,-0.8359
234283,0.2692,-0.0769,-0.8677,-2.875,-1.1055,-0.834
234306,0.2745,-0.0758,-0.8832,-2.6445,-1.1582,-0.8477
234329,0.2721,-0.0745,-0.8969,-2.6348,-1.123,-0.8594
234352,0.275,-0.068,-0.9053,-2.8984,-0.9648,-0.8652
234375,0.2802,-0.0624,-0.9141,-3.4785,-0.7441,-0.8359
234398,0.2839,-0.0585,-0.9125,-3.9844,-0.6055,-0.7969
234421,0.2681,-0.0577,-0.8995,-4.7832,-0.4434,-0.7168
234444,0.2588,-0.059,-0.8849,-5.2422,-0.3691,-0.6543
234467,0.2744,-0.0681,-0.8893,-5.6855,-0.3105,-0.5566
234490,0.2739,-0.0757,-0.892,-5.7715,-0.332,-0.4941
234513,0.2611,-0.0778,-0.8763,-5.6426,-0.4062,-0.4844
234536,0.2574,-0.0781,-0.8662,-5.2344,-0.5918,-0.5156
234559,0.27,-0.0795,-0.876,-4.877,-0.7539,-0.5527
234582,0.2764,-0.0782,-0.8678,-4.3418,-1.0176,-0.6133
234605,0.276,-0.0739,-0.8721,-3.9473,-1.2129,-0.666
234628,0.2747,-0.066,-0.8792,-3.8223,-1.2402,-0.6777
234651,0.2777,-0.0582,-0.9191,-3.9082,-1.084,-0.6406
234674,0.2847,-0.0575,-0.9359,-4.1719,-0.8809,-0.5664
234697,0.2667,-0.0577,-0.8917,-4.8379,-0.5293,-0.3848
234720,0.2545,-0.0547,-0.8756,-5.3633,-0.2891,-0.125
234743,0.2782,-0.0552,-0.8918,-6.0703,0.0898,0.0723
234766,0.291,-0.057,-0.9093,-6.5195,0.4375,0.332
234789,0.2728,-0.0597,-0.906,-6.6465,0.584,0.4355
234812,0.2701,-0.0601,-0.9036,-6.584,0.6152,0.4648
234835,0.2739,-0.0616,-0.8914,-6.377,0.5156,0.4023
234858,0.2783,-0.0643,-0.8866,-5.8516,0.2285,0.2109
234881,0.2682,-0.0692,-0.8787,-5.125,-0.1602,-0.0586
234904,0.2706,-0.0686,-0.8704,-4.5859,-0.4316,-0.2539
234927,0.2736,-0.0635,-0.8829,-3.8086,-0.8105,-0.5254
234950,0.2798,-0.0625,-0.9072,-3.3828,-1.0332,-0.6738
234973,0.2668,-0.0618,-0.9087,-2.9863,-1.3301,-0.8223
234996,0.26,-0.0627,-0.8893,-2.9121,-1.5605,-0.8652
235019,0.2551,-0.0642,-0.8676,-2.9902,-1.6523,-0.8281
235042,0.2618,-0.0659,-0.859,-3.1836,-1.6504,-0.6855
235065,0.2819,-0.0643,-0.8777,-3.3105,-1.5371,-0.5586
235088,0.2831,-0.0654,-0.9091,-3.498,-1.2285,-0.3789
235111,0.2832,-0.063,-0.9225,-3.6465,-0.9668,-0.2715
235134,0.2729,-0.0624,-0.9012,-3.9297,-0.5703,-0.2402
235157,0.2626,-0.0598,-0.8822,-4.2207,-0.2461,-0.2266
235180,0.2655,-0.0599,-0.8806,-4.3633,-0.0879,-0.2227
235203,0.2587,-0.0687,-0.8817,-4.457,0.0449,-0.2187
235226,0.2589,-0.0795,-0.8905,-4.4473,0.0586,-0.2246
235249,0.2805,-0.0775,-0.9133,-4.373,-0.0293,-0.2754
235272,0.2656,-0.0769,-0.9025,-4.293,-0.2891,-0.3867
235295,0.2313,-0.0792,-0.9006,-4.2441,-0.5469,-0.4863
235318,0.2316,-0.083,-0.8944,-4.1504,-0.9434,-0.6289
235341,0.2362,-0.0713,-0.7961,-4.0684,-1.1602,-0.7187
235364,0.2633,-0.0321,-0.866,-3.9668,-1.4492,-0.9082
235387,0.293,-0.054,-0.8888,-4.1367,-1.9238,-1.3086
235410,0.3057,-0.0502,-0.9203,-4.5957,-2.5156,-1.7676
235433,0.2955,-0.0364,-0.9165,-6.0039,-3.9629,-2.7656
235456,0.2566,-0.0206,-0.8718,-7.4062,-5.2598,-3.5684
235479,0.2455,-0.0182,-0.7942,-9.9082,-7.3828,-4.7324
235502,0.2279,-0.0164,-0.7993,-12.0684,-9.1387,-5.5488
235525,0.2098,0.0033,-0.8549,-13.6934,-9.8379,-5.8008
235548,0.2109,0.0208,-0.9167,-15.3223,-10.041,-5.75
235571,0.2366,0.0272,-0.9677,-16.2441,-9.6738,-5.541
235594,0.2585,0.0348,-0.9995,-17.5703,-8.6211,-5.248
235617,0.2423,0.0294,-1.0038,-18.4258,-7.7402,-5.2109
235640,0.226,0.0208,-0.9442,-19.4121,-6.3125,-5.4824
235663,0.2096,0.0068,-0.8805,-19.4512,-4.7578,-6.0254
235686,0.2312,-0.0017,-0.8755,-18.6465,-3.625,-6.416
235709,0.2573,-0.0166,-0.9011,-16.0781,-1.8516,-6.9121
235732,0.2479,-0.0167,-0.8777,-13.6191,-0.752,-7.1367
235755,0.2347,-0.0173,-0.8855,-9.3027,0.5605,-7.2754
235778,0.243,-0.0143,-0.9016,-4.9238,1.3496,-7.1406
235801,0.2533,-0.0151,-0.8927,-2.3262,1.5625,-6.9062
235824,0.2487,-0.0184,-0.8679,0.7246,1.4434,-6.3848
235847,0.2509,-0.019,-0.8682,2.1055,1.1406,-5.9609
235870,0.266,-0.0206,-0.9031,3.1973,0.5195,-5.2715
235893,0.2557,-0.0208,-0.9113,3.2129,-0.1562,-4.584
235916,0.2441,-0.0227,-0.8938,2.7402,-0.5703,-4.1445
235939,0.2419,-0.0262,-0.8926,1.5742,-1.0605,-3.5098
235962,0.2451,-0.0278,-0.9031,0.6523,-1.3008,-3.0977
235985,0.2441,-0.0302,-0.8979,-0.7227,-1.6074,-2.4941
236008,0.2383,-0.0276,-0.8845,-1.5313,-1.8223,-2.1016
236031,0.2278,-0.0239,-0.8845,-2.457,-2.1621,-1.5156
236054,0.2208,-0.0183,-0.8807,-2.9785,-2.4687,-0.9004
236077,0.2122,-0.0166,-0.8716,-3.1211,-2.6309,-0.457
236100,0.1953,-0.0131,-0.8582,-3.1133,-2.8105,0.2715
236123,0.1973,-0.0032,-0.8647,-3.0254,-2.8652,0.791
236146,0.207,-0.0044,-0.9089,-2.8984,-2.7773,1.5527
236169,0.2312,-0.0034,-0.9338,-2.9355,-2.4414,2.1582
236192,0.2324,-0.0042,-0.9216,-3.1074,-2.1035,2.3926
236215,0.2319,-0.0084,-0.9091,-3.5273,-1.4766,2.4238
236238,0.2322,-0.0153,-0.9105,-3.8223,-0.9961,2.2383
236261,0.2373,-0.0183,-0.9032,-4.1211,-0.2402,1.709
236284,0.2365,-0.0212,-0.8938,-4.1035,0.4355,0.9805
236307,0.256,-0.0334,-0.9037,-3.8848,0.7754,0.4414
236330,0.2572,-0.0383,-0.9063,-3.2988,1.0234,-0.3633
236353,0.23,-0.0312,-0.8855,-2.7969,0.9902,-0.8477
236376,0.2211,-0.0293,-0.8806,-1.9883,0.6875,-1.3867
236399,0.2338,-0.0297,-0.8938,-1.4746,0.3711,-1.582
236422,0.2328,-0.0292,-0.8893,-0.8555,-0.209,-1.625
236445,0.226,-0.0214,-0.8823,-0.5215,-0.8438,-1.4297
236468,0.2152,-0.0183,-0.8938,-0.4766,-1.2324,-1.2109
236491,0.2184,-0.0186,-0.9132,-0.6738,-1.6641,-0.8203
236514,0.2263,-0.0203,-0.9037,-0.9668,-1.8242,-0.5684
236537,0.2206,-0.026,-0.8798,-1.5645,-1.875,-0.2988
236560,0.2239,-0.0308,-0.8701,-2.1934,-1.7285,-0.2363
236583,0.2485,-0.0343,-0.8933,-2.5527,-1.5449,-0.334
236606,0.2559,-0.0367,-0.9161,-2.9746,-1.2285,-0.6934
236629,0.2383,-0.0337,-0.8928,-3.1973,-1.041,-1.0449
236652,0.2155,-0.0292,-0.8618,-3.4629,-0.7988,-1.627
236675,0.2137,-0.0217,-0.8733,-3.6309,-0.5273,-2.0957
236698,0.2296,-0.028,-0.8999,-3.707,-0.3027,-2.2832
236721,0.2343,-0.032,-0.8972,-3.8594,0.0781,-2.3594
236744,0.2261,-0.0223,-0.8872,-4.0215,0.3457,-2.2949
236767,0.2334,-0.0215,-0.8998,-4.3809,0.7695,-2.0781
236790,0.2467,-0.0211,-0.8945,-4.7109,1.0605,-1.7949
236813,0.2433,-0.0208,-0.8928,-5.3672,1.4648,-1.627
236836,0.2423,-0.0187,-0.8828,-6.2187,1.7773,-1.4727
236859,0.2471,-0.0146,-0.8688,-6.8789,1.9219,-1.4551
236882,0.2466,-0.0049,-0.8853,-7.9883,2.082,-1.5664
236905,0.2461,0.0093,-0.8505,-8.8164,2.1719,-1.7324
236928,0.2529,0.0245,-0.8602,-10.2383,2.3242,-2.1211
236951,0.2483,0.0306,-0.946,-11.9902,2.5527,-2.6973
236974,0.2699,0.0297,-0.988,-13.4375,2.7363,-3.207
236997,0.275,0.0458,-0.934,-16.0176,2.9023,-4.1797
237020,0.1976,0.0641,-0.8447,-17.8203,2.8418,-4.9121
237043,0.1895,0.062,-0.83,-20.127,2.4512,-5.9687
237066,0.2517,0.0654,-0.8013,-21.6094,1.5918,-6.8672
237089,0.2694,0.0914,-0.8416,-22.2422,0.4551,-7.4355
237112,0.2003,0.0912,-0.882,-23.2305,-2.8281,-8.334
237135,0.21,0.089,-0.9469,-24.3457,-6.1953,-8.9551
237158,0.234,0.0779,-1.0302,-27.2695,-12.459,-9.8867
237181,0.1589,0.1136,-0.9181,-30.0781,-18.8848,-10.752
237204,0.1184,0.131,-0.8396,-34.8691,-22.7051,-11.1836
237227,0.1345,0.1284,-0.8717,-38.9531,-26.0391,-11.4336
237250,0.1871,0.1322,-0.8872,-40.6582,-26.3633,-11.3418
237273,0.17,0.1382,-0.8451,-41.2852,-24.0527,-11.0195
237296,0.17,0.1625,-0.7479,-40.418,-20.9648,-10.8086
237319,0.0989,0.1559,-0.8414,-37.5449,-14.7129,-10.5703
237342,0.1987,0.1567,-0.8936,-33.6563,-7.418,-10.4414
237365,0.1868,0.1743,-0.9414,-31.041,-2.6875,-10.4844
237388,0.229,0.2146,-0.8602,-27.584,2.9941,-10.8125
237411,0.1942,0.202,-0.8925,-25.6113,5.3184,-11.1758
237434,0.1202,0.2081,-0.8378,-22.9727,6.3184,-11.7012
237457,0.1448,0.2001,-0.8428,-20.498,4.8242,-11.8047
237480,0.1616,0.1927,-0.8635,-18.8789,2.8984,-11.5
237503,0.1421,0.2021,-0.8369,-16.502,-0.6992,-10.4648
237526,0.1193,0.2134,-0.8101,-14.9668,-3.1562,-9.4355
237549,0.0939,0.2207,-0.7742,-12.7402,-6.25,-7.5
237572,0.1311,0.2184,-0.7837,-11.3398,-8.0254,-5.2969
237595,0.1504,0.2153,-0.8451,-9.5332,-8.3535,-3.8496
237618,0.1251,0.2163,-0.8575,-8.4043,-7.7109,-1.9727
237641,0.1315,0.2185,-0.8182,-8.1602,-6.6934,-1.0254
237664,0.1499,0.2146,-0.8444,-8.543,-4.623,-0.1328
237687,0.1449,0.2227,-0.8428,-9.2031,-3.0859,0.1191
237710,0.12,0.2307,-0.7987,-10.5391,-0.7969,0.0723
237733,0.1477,0.2412,-0.7778,-11.9258,1.4238,-0.3184
237756,0.1893,0.2396,-0.7993,-12.7285,2.877,-0.707
237779,0.1593,0.2422,-0.8409,-13.7148,4.8867,-1.4395
237802,0.1488,0.2427,-0.8768,-14.293,6.0254,-1.9805
237825,0.168,0.2522,-0.8931,-15.168,7.2285,-2.7793
237848,0.0721,0.2837,-0.8131,-16.0586,7.3945,-3.4844
237871,0.2256,0.2711,-0.9095,-16.5723,6.7695,-3.9375
237894,0.1669,0.3134,-0.8052,-17.0508,4.6934,-4.7852
237917,0.1652,0.2848,-0.8781,-17.1016,2.666,-5.5078
237940,0.0884,0.2987,-0.8198,-16.7969,-0.7754,-6.6953
237963,0.1234,0.2876,-0.8517,-16.2168,-3.9961,-7.7676
237986,0.1794,0.2781,-0.8474,-15.8145,-5.873,-8.3906
238009,0.1615,0.269,-0.8551,-15.4316,-8.3809,-9.3027
238032,0.0522,0.2968,-0.7716,-15.416,-9.7715,-9.916
238055,0.1003,0.3013,-0.7537,-15.7559,-10.9258,-10.7344
238078,0.1656,0.2892,-0.7787,-16.1914,-10.8125,-11.1602
238101,0.1536,0.2916,-0.8041,-17.1973,-9.2383,-11.6641
238124,0.1691,0.3013,-0.8599,-18.7246,-6.1973,-12.0234
238147,0.127,0.319,-0.792,-19.957,-3.5879,-12.127
238170,0.1,0.3378,-0.7734,-21.6836,0.7578,-11.8906
238193,0.1055,0.3431,-0.7749,-22.416,3.6973,-11.3867
238216,0.1396,0.3363,-0.7777,-22.4863,7.7441,-10.1152
238239,0.1409,0.3354,-0.7771,-21.2891,10.916,-8.4316
238262,0.1213,0.3383,-0.7772,-19.9414,12.3594,-7.2207
238285,0.1348,0.3459,-0.7772,-17.4297,13.4199,-5.4395
238308,0.1454,0.3506,-0.7773,-15.6152,13.4375,-4.3398
238331,0.1621,0.348,-0.7974,-12.9727,12.6504,-2.8984
238354,0.1754,0.3442,-0.8022,-10.7227,11.2148,-1.7637
238377,0.1639,0.3477,-0.7729,-9.5312,10.0586,-1.1797
238400,0.1749,0.3459,-0.7784,-8.1738,8.2637,-0.5078
238423,0.1838,0.3525,-0.777,-7.4883,7.1504,-0.1543
238446,0.151,0.359,-0.7773,-6.6992,5.7598,0.2988
238469,0.1469,0.3663,-0.7772,-6.2949,5.0605,0.5859
238492,0.1609,0.3582,-0.7825,-5.8457,4.3516,1.0176
238515,0.1658,0.3527,-0.7882,-5.5977,3.9687,1.3887
238538,0.1587,0.3562,-0.7755,-5.5391,3.8164,1.5449
238561,0.1653,0.353,-0.7777,-5.5586,3.627,1.5664
238584,0.1819,0.3514,-0.7773,-5.6074,3.4727,1.4102
238607,0.1807,0.3436,-0.7776,-5.7324,3.0977,0.8984
238630,0.1969,0.3369,-0.7773,-5.9258,2.4512,0.1172
238653,0.1503,0.3447,-0.7771,-6.0566,1.8535,-0.4824
238676,0.1532,0.3378,-0.7775,-6.1699,0.8477,-1.3203
238699,0.1848,0.3466,-0.7772,-6.1719,0.209,-1.7539
238722,0.1508,0.3538,-0.7771,-6.0937,-0.623,-2.1328
238745,0.177,0.3523,-0.7772,-5.9512,-1.2539,-2.1484
238768,0.1978,0.3538,-0.7772,-5.8145,-1.5469,-1.9746
238791,0.1689,0.3538,-0.7773,-5.5625,-1.8496,-1.5352
238814,0.1454,0.3534,-0.7771,-5.375,-1.9727,-1.1758
238837,0.161,0.3517,-0.7775,-5.082,-2.0391,-0.6152
238860,0.1451,0.3516,-0.777,-4.8828,-2.0098,-0.1094
238883,0.1615,0.3517,-0.7773,-4.5898,-1.8711,0.1641
238906,0.1744,0.3541,-0.7772,-4.3164,-1.6602,0.459
238929,0.1591,0.3621,-0.7773,-4.1562,-1.5449,0.5742
238952,0.1627,0.3633,-0.7772,-3.959,-1.5,0.6348
238975,0.161,0.3552,-0.7772,-3.8555,-1.5898,0.6133
238998,0.1531,0.3541,-0.7773,-3.7344,-1.8926,0.5098
239021,0.1611,0.358,-0.7773,-3.6582,-2.293,0.332
239044,0.1536,0.3569,-0.7772,-3.6328,-2.5586,0.1797
239067,0.1516,0.355,-0.7772,-3.6426,-2.8906,-0.0762
239090,0.157,0.3538,-0.7773,-3.6758,-3.0352,-0.2539
239113,0.1564,0.3529,-0.7772,-3.7715,-3.0879,-0.5039
239136,0.1747,0.3455,-0.7773,-3.9219,-2.8906,-0.7109
239159,0.1592,0.3428,-0.7772,-4.0469,-2.584,-0.8301
239182,0.1588,0.3403,-0.7772,-4.2559,-1.7969,-0.9863
239205,0.1848,0.3517,-0.7772,-4.4004,-1.0469,-1.084
239228,0.1578,0.3567,-0.7776,-4.6445,0.2578,-1.2227
239251,0.1476,0.3502,-0.778,-4.8457,1.0938,-1.3574
239274,0.1736,0.3376,-0.7751,-5.2383,2.082,-1.4473
239297,0.1941,0.3616,-0.777,-5.7871,2.5996,-1.5742
239320,0.1444,0.3998,-0.8094,-6.2402,2.6035,-1.6426
239343,0.1394,0.4052,-0.8088,-7.0156,2.0547,-1.7227
239366,0.1521,0.3807,-0.7756,-7.5977,1.4043,-1.7754
239389,0.1681,0.3524,-0.7747,-8.6895,0.3848,-1.8633
239412,0.2062,0.3578,-0.7571,-10.248,-0.2344,-1.918
239435,0.1787,0.3997,-0.7809,-11.5957,-0.3906,-1.9121
239458,0.162,0.4075,-0.7762,-13.9492,-0.5488,-1.8926
239481,0.1589,0.405,-0.7776,-15.5898,-0.8438,-1.9609
239504,0.161,0.4016,-0.7725,-17.9102,-1.8203,-2.3848
239527,0.1356,0.4031,-0.7339,-19.8359,-3.082,-3.3477
239550,0.1509,0.4109,-0.7587,-20.8086,-3.6191,-4.3047
239573,0.1676,0.4153,-0.765,-21.6875,-3.375,-6.1289
239596,0.1447,0.4363,-0.7571,-21.834,-2.3828,-7.5215
239619,0.1412,0.4348,-0.7766,-21.375,0.1445,-9.7266
239642,0.1763,0.4132,-0.7826,-20.6738,3.0605,-11.9121
239665,0.127,0.4233,-0.7438,-19.2578,4.7109,-13.2832
239688,0.1593,0.4438,-0.7148,-17.7539,6.7734,-15.1055
239711,0.1614,0.4478,-0.7635,-16.8828,8.1738,-16.1055
239734,0.1517,0.4658,-0.738,-15.9531,10.7617,-17.2246
239757,0.1466,0.4624,-0.7103,-15.623,13.041,-17.7051
239780,0.0872,0.4771,-0.5436,-15.5645,17.4629,-18.0215
239803,0.2173,0.4614,-0.7549,-16.002,22.1484,-17.8184
239826,0.0995,0.4771,-0.6918,-16.5,24.1133,-17.3867
239849,0.1777,0.469,-0.7725,-17.3281,23.5273,-16.3027
239872,0.1368,0.4955,-0.6714,-17.7891,20.4883,-15.2988
239895,0.15,0.4912,-0.6758,-18.1797,13.0449,-13.4258
239918,0.142,0.4957,-0.6472,-18.166,4.3906,-11.2695
239941,0.1204,0.4877,-0.7356,-17.9629,-0.9805,-9.8242
239964,0.1342,0.4976,-0.7828,-17.4609,-7.7988,-7.9336
239987,0.1176,0.4747,-0.7577,-17.0781,-11.6191,-7.0098
240010,0.0757,0.4883,-0.6659,-16.6328,-16.1309,-6.2676
240033,0.1132,0.5021,-0.6302,-16.5391,-18.1992,-6.2324
240056,0.0984,0.5165,-0.6481,-16.7793,-17.6934,-6.4648
240079,0.0951,0.5132,-0.6569,-17.3281,-14.0703,-6.918
240102,0.1135,0.5195,-0.6716,-17.6973,-10.3086,-7.1289
240125,0.1168,0.5193,-0.6746,-18.0195,-4.4414,-7.1094
240148,0.1111,0.5176,-0.6597,-17.9883,-1.3555,-6.7988
240171,0.1262,0.5002,-0.6635,-17.5059,1.3691,-5.8398
240194,0.1244,0.5051,-0.6493,-16.4844,2.1543,-4.3672
240217,0.1456,0.502,-0.6549,-15.5273,2.0117,-3.2168
240240,0.09,0.5337,-0.65,-13.7754,1.2637,-1.5059
240263,0.1001,0.5465,-0.7015,-12.502,0.6191,-0.541
240286,0.1211,0.5306,-0.7017,-10.625,-0.3379,0.4277
240309,0.1257,0.5134,-0.6761,-9.0078,-1.2539,0.7129
240332,0.0946,0.524,-0.631,-8.1992,-1.8965,0.5273
240355,0.0834,0.5331,-0.6637,-7.543,-3.0098,-0.2559
240378,0.0857,0.5411,-0.653,-7.5156,-3.8633,-1.041
240401,0.0997,0.5436,-0.645,-8.0234,-5.1348,-2.3965
240424,0.0957,0.5566,-0.6404,-8.9844,-6.0664,-3.6348
240447,0.0784,0.5529,-0.6573,-9.7227,-6.3457,-4.2383
240470,0.0944,0.5334,-0.6426,-10.7559,-6.0723,-4.6602
240493,0.1212,0.5283,-0.6198,-11.2969,-5.3398,-4.5742
240516,0.1125,0.5549,-0.6527,-11.7871,-3.4609,-3.9004
240539,0.0725,0.5498,-0.6583,-11.8652,-1.8711,-2.6582
240562,0.1255,0.5446,-0.6549,-11.5723,0.668,-1.7852
240585,0.1311,0.5646,-0.6425,-10.8262,3.0859,-0.293
240608,0.1168,0.5529,-0.64,-10.1309,4.4414,0.6719
240631,0.1091,0.5417,-0.6588,-8.9277,5.8379,1.916
240654,0.1129,0.5491,-0.6552,-8.1016,6.3047,2.5371
240677,0.1248,0.5641,-0.6228,-6.9609,6.373,3.1074
240700,0.1376,0.5586,-0.6364,-6.0684,5.7695,3.2812
240723,0.1173,0.557,-0.6776,-5.6465,5.0742,3.2109
240746,0.1477,0.5483,-0.6636,-5.2715,3.7988,2.8652
240769,0.1068,0.563,-0.6337,-5.2031,2.8359,2.4707
240792,0.1201,0.5581,-0.629,-5.4199,1.1914,1.584
240815,0.1096,0.5587,-0.6234,-6.0469,-0.6562,0.3125
240838,0.0858,0.5625,-0.6259,-6.6602,-1.8867,-0.7187
240861,0.0988,0.5593,-0.6144,-7.7324,-3.4629,-2.4258
240884,0.113,0.5547,-0.6295,-8.4395,-4.1855,-3.5645
240907,0.1084,0.557,-0.6188,-9.2598,-4.5684,-5.0723
240930,0.0859,0.5594,-0.6079,-9.5117,-4.3145,-6.1328
240953,0.0956,0.5553,-0.6344,-9.2559,-3.291,-6.5195
240976,0.0853,0.5531,-0.6545,-8.1367,-1.7695,-6.582
240999,0.0909,0.5531,-0.647,-6.9219,-0.6523,-6.2773
241022,0.1035,0.5485,-0.6625,-4.5527,0.8984,-5.3027
241045,0.1158,0.5482,-0.6538,-2.7559,1.7168,-4.3008
241068,0.1277,0.5491,-0.6826,-0.0684,2.4961,-2.2871
241091,0.099,0.5573,-0.6527,2.1484,2.7207,0.2187
241114,0.1453,0.5437,-0.6477,3.1172,2.6113,2.0098
241137,0.1481,0.5537,-0.6615,3.4902,2.1621,4.5703
241160,0.1412,0.5531,-0.6478,2.9316,1.75,6.0078
241183,0.1088,0.5569,-0.615,0.9082,1.0684,7.4746
241206,0.1284,0.5557,-0.5859,-2.2812,0.3125,7.9023
241229,0.1434,0.5562,-0.5824,-4.8086,-0.248,7.5859
241252,0.1398,0.553,-0.5963,-8.666,-1.0938,6.3223
241275,0.1365,0.5446,-0.6176,-10.918,-1.5762,5.0625
241298,0.3298,0.5745,-0.6083,-13.2246,-2.1406,2.8027
241321,0.098,0.5647,-0.6312,-13.8164,-2.9766,0.6523
241344,-0.1818,0.5532,-0.6442,-13.1875,-2.9004,-0.1602
241367,0.1692,0.5282,-0.6672,-10.9395,-2.9512,0.1777
241390,0.0886,0.554,-0.642,-8.7246,-2.7363,1.3379
241413,0.1768,0.5386,-0.6552,-4.6582,-2.0508,3.873
241436,0.2289,0.5479,-0.72,-1.7129,-1.3652,5.7246
241459,0.152,0.5459,-0.6616,2.4336,-0.2109,8.1719
241482,0.1278,0.5502,-0.6342,5.418,0.7617,9.5156
241505,0.1064,0.5551,-0.6591,6.3984,1.2344,9.4727
241528,0.1219,0.5488,-0.6735,6.1367,1.8477,7.9043
241551,0.1313,0.5562,-0.6306,4.8496,2.3242,6.0645
241574,0.1542,0.5557,-0.6263,1.5059,3.1582,2.7715
241597,0.1738,0.5564,-0.5875,-3.043,3.9297,-0.3457
241620,0.1908,0.5538,-0.5937,-6.3945,4.207,-2.0371
241643,0.136,0.5505,-0.5918,-11.2695,3.916,-3.9316
241666,0.1029,0.5681,-0.5748,-14.0312,3.123,-4.8965
241689,0.0795,0.5698,-0.6171,-16.8242,1.0547,-6.1914
241712,0.0735,0.5497,-0.6455,-17.5176,-1.6953,-7.4922
241735,0.1084,0.5459,-0.6299,-16.5996,-3.5898,-8.2988
241758,0.1302,0.5443,-0.6295,-13.416,-6.0098,-9.0957
241781,0.1067,0.5486,-0.6646,-10.2227,-7.0586,-9.1309
241804,0.1442,0.5516,-0.7078,-4.3203,-7.3516,-8.1816
241827,0.13,0.5575,-0.6808,-0.0703,-6.5801,-6.8516
241850,0.1558,0.5281,-0.6647,5.8906,-4.2148,-4.0234
241873,0.1309,0.5449,-0.65,10.3086,-1.1367,-0.7305
241896,0.1539,0.5511,-0.6477,11.9727,0.8594,1.3926
241919,0.1552,0.5388,-0.6483,12.2852,3.2422,4.0332
241942,0.1447,0.5398,-0.6263,11.0977,4.209,5.2383
241965,0.1417,0.5344,-0.6273,7.6367,4.5176,5.9766
241988,0.1179,0.5439,-0.6115,2.9941,3.4766,5.3418
242011,0.1216,0.5394,-0.616,-0.1992,2.2246,4.2227
242034,0.0935,0.5371,-0.6619,-4.291,-0.0312,1.7891
242057,0.1049,0.5232,-0.66,-6.1504,-1.5117,-0.1016
242080,0.1071,0.532,-0.6683,-7.2207,-3.3379,-2.8574
242103,0.1204,0.5219,-0.6925,-6.2344,-4.3594,-4.9453
242126,0.1345,0.5316,-0.7334,-4.4355,-4.459,-5.6992
242149,0.1487,0.5305,-0.698,-0.9121,-3.6934,-5.6719
242172,0.1493,0.525,-0.6704,1.6172,-2.6934,-4.9082
242195,0.1377,0.5276,-0.6422,4.8887,-0.9199,-2.9687
242218,0.1002,0.521,-0.6381,6.3613,0.0918,-1.4414
242241,0.092,0.5366,-0.6394,7.2187,0.6875,0.6602
242264,0.1016,0.5656,-0.5786,6.625,-0.5977,2.0449
242287,0.1128,0.6129,-0.6063,5.7441,-2.7266,2.4668
242310,0.0603,0.5792,-0.6566,4.3301,-7.3984,2.5352
242333,0.0695,0.5283,-0.6903,3.6406,-10.8398,2.4434
242356,0.1022,0.4999,-0.6898,3.2637,-15.2461,2.4922
242379,0.1378,0.4708,-0.635,3.6719,-17.8516,2.9453
242402,0.1768,0.4436,-0.673,4.3047,-18.4727,3.4121
242425,0.168,0.4504,-0.7355,5.7285,-17.8125,4.1738
242448,0.1559,0.4824,-0.7758,7.0352,-16.3535,4.7012
242471,0.0667,0.5002,-0.7716,9.5957,-12.7969,5.7383
242494,-0.0253,0.485,-0.8431,12.6816,-7.8437,7.5586
242517,0.1152,0.5157,-1.007,14.8242,-3.8652,9.3477
242540,0.1785,0.5131,-0.9319,18.2676,2.4785,12.5625
242563,0.1796,0.4895,-0.8091,21.166,6.4766,14.6895
242586,0.1755,0.4241,-0.7756,27.3867,11.6719,17.3301
242609,0.2229,0.3337,-0.8456,33.0938,14.498,19.0918
242632,0.3019,0.266,-0.8755,43.7207,17.5313,19.7188
242655,0.2673,0.1982,-0.7981,55.709,18.7188,20.041
242678,0.2235,0.1769,-0.702,63.7637,18.6582,19.9473
242701,0.2102,0.1455,-0.6417,63.998,18.3301,19.6953
242724,0.24,0.1429,-0.708,63.998,18.6348,19.6719
242747,0.2209,0.1206,-0.7977,63.998,20.5742,20.1035
242770,0.2604,0.1143,-0.8579,63.998,24.1836,21.2051
242793,0.3165,0.1267,-0.901,63.998,27.0586,22.2695
242816,0.3765,0.1193,-1.0222,63.998,31.2109,24.1699
242839,0.3733,0.1069,-1.0627,63.998,33.4141,25.5391
242862,0.335,0.098,-0.9758,63.998,35.3008,27.7148
242885,0.3284,0.073,-0.8948,52.9414,35.4824,30.1055
242908,0.3463,0.0286,-0.8793,47.0605,34.9082,31.8047
242931,0.3906,-0.0221,-0.9224,42.1055,33.5098,34.377
242954,0.3796,-0.0664,-0.9526,41.6914,32.4375,36.0234
242977,0.3928,-0.1017,-0.8677,45.2773,30.8359,38.3906
243000,0.4321,-0.1437,-0.7612,50.2129,29.8984,40.8281
243023,0.4631,-0.2041,-0.7167,60.793,29.043,42.5898
243046,0.583,-0.2797,-0.7788,63.998,29.1563,45.418
243069,0.6462,-0.3463,-0.8146,63.998,29.5742,47.3086
243092,0.652,-0.389,-0.7738,63.998,29.8477,49.8828
243115,0.6686,-0.4376,-0.7781,63.998,29.4512,51.3027
243138,0.6526,-0.4885,-0.7772,63.998,27.8418,52.8652
243161,0.6621,-0.499,-0.7778,63.998,24.8457,53.7988
243184,0.6086,-0.5082,-0.7772,63.998,21.9434,54.1992
243207,0.5393,-0.5173,-0.7772,63.998,16.2793,54.8223
243230,0.4796,-0.5354,-0.7797,63.998,11.8633,55.5137
243253,0.3865,-0.5255,-0.7772,63.998,4.8047,57.3574
243276,0.3683,-0.5079,-0.7538,54.2617,-2.3359,60.3633
243299,0.3376,-0.4977,-0.7201,43.541,-7.0488,62.8984
243322,0.3046,-0.4982,-0.7842,28.3906,-14.0215,63.998
243345,0.283,-0.4877,-0.8167,19.2363,-18.5527,63.998
243368,0.2657,-0.4803,-0.8,7.2715,-24.8926,63.998
243391,0.2245,-0.4916,-0.7784,0.6719,-30.0566,63.998
243414,0.1934,-0.5151,-0.7771,-6.832,-32.834,63.998
243437,0.1538,-0.557,-0.7772,-11.3184,-35.4277,63.998
243460,0.1698,-0.6133,-0.7644,-12.7559,-36.2539,63.998
243483,0.1984,-0.6337,-0.6714,-13.0703,-36.5195,63.998
243506,0.2065,-0.6406,-0.702,-12.4434,-36.375,63.998
243529,0.1144,-0.636,-0.7522,-11.0645,-36.123,63.998
243552,0.0447,-0.6027,-0.7505,-10.166,-35.8262,63.998
243575,0.0535,-0.5757,-0.7704,-10.2656,-35.4082,63.998
243598,0.0334,-0.5452,-0.6876,-11.791,-34.2734,63.998
243621,-0.05,-0.5161,-0.6448,-13.7207,-33.1582,63.998
243644,-0.1058,-0.5048,-0.6847,-17.7852,-30.8438,63.998
243667,-0.0548,-0.4766,-0.7454,-23.0469,-27.6465,63.998
243690,-0.0104,-0.4451,-0.7799,-27.1387,-25.0977,63.998
243713,0.0034,-0.3989,-0.7766,-33.9375,-20.9453,63.998
243736,-0.0591,-0.385,-0.8264,-38.7031,-18.1113,63.998
243759,-0.1237,-0.365,-0.9075,-45.7324,-13.8203,63.998
243782,-0.0811,-0.3561,-0.8878,-50.0059,-9.3477,62.8711
243805,-0.061,-0.3597,-0.8622,-55.1445,-6.2969,60.9707
243828,-0.0892,-0.354,-0.8518,-58.0078,-1.8398,58.3965
243851,-0.0743,-0.3256,-0.8923,-58.3828,0.9414,56.7754
243874,-0.1714,-0.2921,-1.0477,-56.6797,4.6211,54.3516
243897,-0.1482,-0.2476,-1.0455,-54.252,6.7246,52.6641
243920,-0.0817,-0.2631,-1.0309,-49.0703,9.5762,49.8418
243943,-0.1062,-0.285,-0.8757,-42.3047,12.1133,46.5254
243966,-0.0968,-0.3254,-0.8571,-37.0234,13.4844,44.0898
243989,-0.0629,-0.3706,-0.8424,-28.3242,14.7578,40.2988
244012,0.0577,-0.3756,-0.9138,-22.3984,15.0098,37.7871
244035,-0.0217,-0.3503,-1.0842,-14.1055,14.5605,34.2168
244058,-0.2401,-0.2551,-0.8149,-7.1699,13.668,31.2598
244081,0.0363,-0.3353,-0.8453,-3.3184,13.3301,29.8457
244104,-0.1365,-0.3831,-0.729,1.3691,13.5059,28.5391
244127,0.0703,-0.4659,-1.2068,3.6172,14.0195,28.043
244150,0.0375,-0.3711,-0.9802,5.2539,15.0723,27.3887
244173,-0.1008,-0.3348,-0.8011,5.3184,16.6191,26.334
244196,-0.0248,-0.3632,-0.834,4.7246,18.1406,25.2949
244219,0.0055,-0.3585,-0.8519,4.0996,20.7188,23.1758
244242,-0.0466,-0.3292,-0.9773,3.748,22.0664,21.3457
244265,0.0057,-0.3248,-1.0056,3.0469,22.6543,17.9277
244288,0.0392,-0.3176,-0.889,2.3203,21.8418,15.2129
244311,-0.0017,-0.4166,-1.0385,0.8887,19.0449,10.6133
244334,0.1123,-0.4365,-0.983,-0.4727,15.3887,5.6875
244357,0.0065,-0.3894,-0.6328,-0.8242,13.1855,2.4219
244380,0.1196,-0.444,-0.9396,0.248,11.0586,-2.1367
244403,0.0239,-0.3004,-0.9683,2.0723,10.6387,-4.7871
244426,0.0219,-0.2762,-0.9983,5.9785,11.4941,-7.9707
244449,0.0999,-0.2509,-0.9553,10.4316,13.4785,-10.0977
244472,0.0018,-0.224,-0.9352,13.207,14.8008,-10.8789
244495,-0.0602,-0.2905,-0.8583,16.4531,16.0469,-10.9238
244518,-0.037,-0.4807,-1.0654,17.6934,15.9902,-10.2148
244541,0.1752,-0.4095,-0.8873,17.8164,13.8867,-8.6387
244564,0.0341,-0.2965,-0.9946,16.1973,8.959,-7.7363
244587,-0.0767,-0.1958,-1.1888,14.6895,4.3242,-8.1387
244610,-0.0663,-0.2148,-1.2855,12.7187,-3.7832,-10.8105
244633,0.0657,-0.3141,-1.1921,12.0918,-9.6191,-14.209
244656,-0.0098,-0.4285,-0.869,13.0352,-19.0898,-22.0391
244679,-0.0811,-0.5137,-0.5216,15.3984,-26.0527,-33.0918
244702,-0.0648,-0.5797,-0.4402,21.8496,-37.6035,-42.125
244725,-0.0236,-0.6256,-0.5173,30.5781,-50.4258,-57.5137
244748,0.0098,-0.5979,-0.5114,36.1543,-59.4551,-64.0
244771,-0.0261,-0.5424,-0.4696,41.4063,-64.0,-64.0
244794,0.0535,-0.5331,-0.5161,41.5293,-64.0,-64.0
244817,0.1047,-0.5439,-0.5482,35.3691,-64.0,-64.0
244840,0.0673,-0.5325,-0.5605,21.4961,-64.0,-64.0
244863,-0.0056,-0.458,-0.4437,8.5664,-64.0,-64.0
244886,-0.0286,-0.3975,-0.4302,-14.7285,-64.0,-64.0
244909,0.0864,-0.3279,-0.4655,-31.8047,-64.0,-64.0
244932,0.1813,-0.2334,-0.5575,-57.916,-64.0,-64.0
244955,0.1718,-0.125,-0.7134,-64.0,-59.1582,-64.0
244978,0.1987,-0.0125,-0.8801,-64.0,-47.4297,-64.0
245001,0.3208,-0.0198,-1.0262,-64.0,-27.1895,-64.0
245024,0.4768,-0.0354,-1.0223,-64.0,-12.1816,-64.0
245047,0.6071,0.0533,-0.9302,-64.0,11.459,-64.0
245070,0.5981,0.1279,-0.8937,-64.0,27.2539,-64.0
245093,0.5328,0.1829,-1.0007,-64.0,50.207,-64.0
245116,0.5347,0.2119,-1.1288,-64.0,63.998,-64.0
245139,0.5535,0.2266,-1.0739,-64.0,63.998,-64.0
245162,0.5795,0.2958,-0.9091,-64.0,63.998,-56.7617
245185,0.5229,0.311,-0.9364,-64.0,63.998,-40.4434
245208,0.5037,0.3153,-0.9489,-64.0,63.998,-15.6074
245231,0.5183,0.3768,-0.8641,-64.0,63.998,7.5156
245254,0.4576,0.4072,-0.8571,-64.0,63.998,20.998
245277,0.3916,0.36,-0.8873,-64.0,63.998,37.3965
245300,0.374,0.3125,-0.8333,-64.0,63.998,45.543
245323,0.376,0.3429,-0.7689,-52.1387,59.8926,53.5996
245346,0.3531,0.3228,-0.7988,-33.8438,37.4922,57.082
245369,0.354,0.2756,-0.8844,-21.9121,23.5078,57.2051
245392,0.4071,0.2704,-0.7731,-5.1328,5.2656,54.5723
245415,0.4728,0.2657,-0.7021,4.9258,-4.8027,51.1328
245438,0.4955,0.2201,-0.7653,17.7148,-17.082,43.6777
245461,0.5565,0.1837,-0.8409,24.2773,-26.7402,33.748
245484,0.6643,0.1508,-0.8275,30.3496,-32.1133,25.9629
245507,0.7002,0.0568,-0.9778,31.2988,-39.3477,13.0508
245530,0.5685,-0.0215,-1.1573,29.1367,-43.7168,4.1855
245553,0.4014,0.0061,-1.0067,22.752,-49.2578,-7.7617
245576,0.254,0.1266,-0.7073,17.6914,-51.9043,-13.502
245599,0.1289,0.2134,-0.5477,11.7598,-53.7832,-16.791
245622,0.0874,0.1783,-0.8448,10.1113,-53.0762,-12.9277
245645,0.1692,0.1248,-1.0917,11.2695,-51.4063,-7.1484
245668,0.3622,0.0603,-1.1228,14.3613,-47.9863,3.5312
245691,0.4471,0.0486,-0.9592,16.1113,-45.9414,10.125
245714,0.3302,0.033,-0.791,17.4707,-44.4531,16.9512
245737,0.1686,0.0333,-0.6877,18.0508,-44.6152,19.4414
245760,0.1177,0.0159,-0.725,18.6465,-44.7441,19.1738
245783,0.1864,-0.0066,-0.8013,20.1035,-43.5781,17.0254
245806,0.2719,0.011,-0.8719,21.0508,-41.5625,14.9199
245829,0.2476,0.0577,-0.8657,21.334,-36.9453,11.2363
245852,0.197,0.0822,-0.8864,20.2363,-30.8379,7.3555
245875,0.2322,0.0825,-0.9474,16.2871,-25.959,4.8945
245898,0.2878,0.0632,-1.0313,9.8105,-17.6309,1.6172
245921,0.2892,0.0558,-1.0219,4.5078,-11.9121,-0.2285
245944,0.2245,0.0636,-0.9177,-3.8242,-4.2402,-2.3965
245967,0.1825,0.0574,-0.8401,-8.8125,-0.2285,-3.3516
245990,0.2224,0.0417,-0.8398,-14.1855,3.8125,-3.9707
246013,0.2648,0.0267,-0.9148,-16.3125,5.5273,-3.7949
246036,0.2324,0.0334,-0.8942,-16.0039,5.4941,-3.4434
246059,0.1858,0.0414,-0.8186,-13.5234,4.1484,-2.8223
246082,0.1974,0.0465,-0.7968,-10.9258,2.8164,-2.4121
246105,0.2201,0.0431,-0.9056,-6.4023,0.8125,-1.8574
246128,0.2252,0.0459,-0.9656,-2.1797,-0.8379,-1.4551
246151,0.2028,0.0427,-0.8822,0.0078,-1.6992,-1.3125
246174,0.2611,0.0406,-0.8303,2.1309,-2.5586,-1.2969
246197,0.2805,0.0237,-0.9176,2.8437,-2.8184,-1.4219
246220,0.2633,0.0226,-0.9371,2.9902,-2.8008,-1.7832
246243,0.2645,0.0267,-0.9298,2.0488,-2.3887,-2.2227
246266,0.2695,0.0226,-0.9419,1.3477,-1.9844,-2.4473
246289,0.2472,0.033,-0.922,-0.043,-1.377,-2.5215
246312,0.2091,0.0427,-0.8799,-0.8125,-1.0,-2.3262
246335,0.1844,0.0392,-0.8584,-1.3906,-0.3398,-1.6133
246358,0.1709,0.0482,-0.8503,-1.2871,0.1934,-0.8906
246381,0.1735,0.0522,-0.9065,-0.4492,1.0176,0.3906
246404,0.1759,0.048,-0.8888,0.8789,1.6348,1.5762
246427,0.1975,0.0332,-0.8389,1.8477,1.8457,2.1289
246450,0.209,0.0083,-0.8701,3.2617,1.8906,2.4023
246473,0.2485,-0.0054,-0.9027,4.1055,1.8145,2.1582
246496,0.2615,-0.0157,-0.9088,5.0918,1.6445,1.1543
246519,0.2628,-0.0181,-0.8799,5.6758,1.4121,-0.4512
246542,0.2787,-0.0197,-0.8864,5.873,1.25,-1.6934
246565,0.3009,-0.0264,-0.9138,5.9199,1.0801,-3.5312
246588,0.2792,-0.0229,-0.9401,5.7832,1.0332,-4.582
246611,0.2352,-0.0242,-0.8896,5.3164,0.9785,-5.6582
246634,0.2461,-0.0315,-0.8429,4.6816,0.8887,-5.9121
246657,0.2484,-0.0375,-0.8573,4.2734,0.8418,-5.5977
246680,0.2463,-0.0317,-0.8949,3.7051,0.8184,-4.5254
246703,0.25,-0.0164,-0.9298,3.2617,0.7969,-3.5547
246726,0.23,-0.0011,-0.9171,2.2949,0.627,-1.9961
246749,0.2145,0.0251,-0.8829,1.3945,0.3672,-1.0352
246772,0.1903,0.0397,-0.8898,-0.248,-0.1953,0.1113
246795,0.2118,0.0417,-0.9263,-2.041,-0.7285,0.7578
246818,0.2247,0.0372,-0.9696,-3.2109,-0.9805,0.8418
246841,0.2159,0.0299,-0.9541,-4.7695,-1.2891,0.3789
246864,0.2117,0.007,-0.912,-5.5469,-1.5215,-0.3164
246887,0.1862,-0.0117,-0.8429,-6.0156,-1.9434,-1.8262
246910,0.2056,-0.0239,-0.8157,-5.375,-2.334,-3.6895
246933,0.2469,-0.0588,-0.8503,-4.3379,-2.4922,-5.0156
246956,0.2546,-0.0737,-0.8718,-2.2207,-2.5352,-7.002
246979,0.2592,-0.0657,-0.8486,-0.7539,-2.4668,-8.248
247002,0.243,-0.0594,-0.8392,1.0195,-2.2969,-9.8223
247025,0.2465,-0.0449,-0.8539,1.8555,-2.0547,-10.8262
247048,0.2565,-0.0343,-0.9066,1.7559,-1.8066,-11.0898
247071,0.2617,-0.0242,-0.9204,0.5742,-1.2715,-10.8301
247094,0.2374,-0.0177,-0.8982,-0.8184,-0.8438,-10.2324
247117,0.2181,-0.0013,-0.8845,-3.4687,-0.1602,-8.752
247140,0.2029,0.004,-0.8719,-5.3359,0.3242,-6.6738
247163,0.2251,0.0171,-0.8608,-7.8437,1.123,-5.0664
247186,0.2544,0.0217,-0.8832,-9.666,2.0312,-2.5723
247209,0.2737,0.0095,-0.9348,-10.4551,2.668,-1.0273
247232,0.2968,-0.0024,-0.9418,-11.1113,3.5215,0.873
247255,0.2915,-0.0129,-0.9314,-11.2812,3.9121,1.7969
247278,0.2753,-0.0189,-0.9078,-11.209,4.0937,2.7031
247301,0.2538,-0.0126,-0.8549,-10.709,3.7598,3.2324
247324,0.2408,-0.005,-0.8668,-10.0996,3.3105,3.5254
247347,0.207,0.0083,-0.8752,-8.793,2.4687,4.0762
247370,0.1567,0.0243,-0.8647,-7.7266,1.9102,4.5957
247393,0.1682,0.0317,-0.859,-5.9629,1.2695,5.6328
247416,0.1692,0.0426,-0.8657,-4.1562,1.0938,6.875
247439,0.2128,0.0427,-0.8809,-3.0195,1.3281,7.6699
247462,0.2559,0.0378,-0.8921,-1.5684,2.2285,8.4961
247485,0.2753,0.0214,-0.9205,-0.8379,3.127,8.627
247508,0.2881,0.0117,-0.9453,-0.1367,4.7246,8.0215
247531,0.3124,0.0039,-0.9265,0.0957,6.3301,6.4785
247554,0.3054,-0.0002,-0.8962,0.2598,7.3652,5.0469
247577,0.3121,-0.0189,-0.9008,0.4746,8.5762,2.5586
247600,0.2982,-0.0345,-0.8835,0.7754,9.1152,0.8438
247623,0.3093,-0.0477,-0.8882,1.5332,9.418,-1.5293
247646,0.3081,-0.0519,-0.8933,2.2168,9.2539,-2.8496
247669,0.2834,-0.0402,-0.8544,3.3926,8.498,-4.293
247692,0.2581,-0.0355,-0.8372,4.582,7.3242,-5.0078
247715,0.2533,-0.0345,-0.8477,5.2891,6.4766,-5.0918
247738,0.2776,-0.032,-0.855,6.0488,5.3379,-4.7402
247761,0.2844,-0.0359,-0.865,6.2715,4.7461,-4.3047
247784,0.2938,-0.0383,-0.8918,6.1016,4.1953,-3.5703
247807,0.3064,-0.0391,-0.8569,5.3496,4.043,-2.9531
247830,0.3772,-0.04,-0.8717,4.5957,4.1211,-2.6895
247853,0.3754,-0.0677,-0.9578,3.168,4.3535,-2.5977
247876,0.3729,-0.0737,-0.9103,2.0137,4.4531,-2.7422
247899,0.3153,-0.0811,-0.8932,0.0645,4.3301,-3.1465
247922,0.3033,-0.072,-0.86,-1.2383,3.8145,-3.4863
247945,0.3271,-0.0519,-0.8413,-2.8926,3.2949,-3.5098
247968,0.2919,-0.0389,-0.8661,-3.8789,2.3828,-3.084
247991,0.2974,-0.0327,-0.8958,-4.1016,1.8105,-2.4687
248014,0.3053,-0.0277,-0.9041,-3.8789,1.2051,-1.1309
248037,0.3048,-0.0245,-0.8704,-3.4668,1.0156,-0.0742
248060,0.2782,-0.0258,-0.8268,-2.6289,1.002,1.5254
248083,0.2686,-0.0422,-0.844,-1.7148,1.1719,2.877
248106,0.3069,-0.0576,-0.8765,-1.1895,1.2852,3.502
248129,0.3317,-0.0625,-0.89,-0.7598,1.2598,3.8379
248152,0.303,-0.0488,-0.8716,-0.7988,1.0176,3.6172
248175,0.2938,-0.0402,-0.8542,-1.3457,0.2988,2.7129
248198,0.3115,-0.0425,-0.8666,-2.3125,-0.6621,1.4023
248221,0.297,-0.0463,-0.8689,-3.082,-1.3223,0.4785
248244,0.2849,-0.0497,-0.8285,-4.2461,-2.168,-0.7441
248267,0.3059,-0.0475,-0.8125,-4.9336,-2.5039,-1.3418
248290,0.3015,-0.0503,-0.8481,-5.7383,-2.4746,-1.8184
248313,0.3231,-0.0566,-0.8793,-6.1523,-1.7559,-1.8125
248336,0.338,-0.0577,-0.8986,-6.7637,-0.9785,-1.6035
248359,0.3243,-0.0453,-0.8724,-7.5547,0.4141,-1.0996
248382,0.3204,-0.0364,-0.8503,-8.2148,1.377,-0.6836
248405,0.3409,-0.0242,-0.8652,-9.3359,2.7012,0.0098
248428,0.3545,-0.0186,-0.886,-10.1328,3.3965,0.4727
248451,0.3285,-0.0167,-0.903,-11.3496,3.9902,1.0918
248474,0.3115,-0.0004,-0.9155,-12.5,3.9766,1.5801
248497,0.317,0.011,-0.9097,-13.1562,3.6562,1.8301
248520,0.3112,0.0135,-0.8894,-13.832,2.8027,2.0781
248543,0.2965,0.0142,-0.8633,-13.9902,2.0488,2.1445
248566,0.3029,0.0073,-0.8698,-13.6777,0.791,2.0762
248589,0.313,0.0018,-0.8771,-12.709,-0.4473,1.7949
248612,0.2993,-0.0082,-0.8778,-11.7617,-1.1855,1.4941
248635,0.2996,-0.0184,-0.8517,-10.0293,-2.0703,0.916
248658,0.3083,-0.0199,-0.8344,-8.7402,-2.4629,0.4941
248681,0.3208,-0.0221,-0.8434,-6.7344,-2.7031,-0.1094
248704,0.3315,-0.025,-0.8724,-4.8633,-2.5312,-0.6133
248727,0.3354,-0.0254,-0.8807,-3.834,-2.2324,-0.8672
248750,0.337,-0.0199,-0.8652,-2.7812,-1.6113,-1.0879
248773,0.3184,-0.0182,-0.8613,-2.4297,-1.1465,-1.1094
248796,0.318,-0.0117,-0.8665,-2.3828,-0.4473,-0.9277
248819,0.3273,-0.0062,-0.8876,-2.625,-0.0195,-0.6758
248842,0.3251,-0.0028,-0.8856,-3.3086,0.4902,-0.1758
248865,0.3079,-0.0022,-0.8779,-4.2324,0.7715,0.3711
248888,0.3019,-0.009,-0.8556,-4.8711,0.8203,0.7148
248911,0.3087,-0.0089,-0.8569,-5.6641,0.7207,1.1445
248934,0.318,-0.0176,-0.8772,-6.0,0.5723,1.3457
248957,0.3289,-0.0193,-0.864,-6.1797,0.3027,1.4766
248980,0.316,-0.0201,-0.8414,-6.0,0.0586,1.3887
249003,0.3384,-0.0179,-0.8547,-5.7227,-0.0508,1.2266
249026,0.3447,-0.0183,-0.889,-5.1992,-0.1348,0.8867
249049,0.3407,-0.0171,-0.8804,-4.8809,-0.1797,0.627
249072,0.3185,-0.0144,-0.8741,-4.582,-0.2871,0.2559
249095,0.2985,-0.0098,-0.8716,-4.5215,-0.4551,0.0078
249118,0.3029,-0.0046,-0.8533,-4.5801,-0.5801,-0.0488
249141,0.3184,-0.0033,-0.8473,-4.7363,-0.7617,0.0273
249164,0.3136,-0.0055,-0.8662,-4.8457,-0.8691,0.1465
249187,0.3022,-0.0066,-0.8691,-4.9941,-0.9785,0.3398
249210,0.3116,-0.0079,-0.8727,-5.0859,-1.002,0.4375
249233,0.3179,-0.0104,-0.865,-5.209,-0.9629,0.4746
249256,0.3221,-0.012,-0.856,-5.293,-0.8672,0.3535
249279,0.3207,-0.0164,-0.8566,-5.3066,-0.7891,0.1895
249302,0.3372,-0.0116,-0.8649,-5.2656,-0.6543,-0.1426
249325,0.3503,-0.0055,-0.8978,-5.2266,-0.5723,-0.4023
249348,0.3434,0.0021,-0.9066,-5.2441,-0.5449,-0.8125
249371,0.3219,0.0039,-0.8868,-5.3984,-0.7168,-1.1816
249394,0.2881,0.0044,-0.8506,-5.5332,-0.9434,-1.3496
249417,0.2936,0.0002,-0.8386,-5.6387,-1.373,-1.4121
249440,0.3191,-0.0098,-0.8535,-5.582,-1.668,-1.3242
249463,0.3167,-0.0165,-0.8776,-5.3027,-2.0586,-1.0723
249486,0.3026,-0.0172,-0.8759,-4.8789,-2.3086,-0.7832
249509,0.3064,-0.0186,-0.8484,-4.5625,-2.3613,-0.6016
249532,0.3136,-0.0178,-0.8326,-4.0684,-2.2461,-0.3613
249555,0.3214,-0.0181,-0.8403,-3.7441,-2.0469,-0.2305
249578,0.3229,-0.0157,-0.8611,-3.3379,-1.6133,-0.0957
249601,0.3296,-0.0038,-0.8778,-3.1816,-1.2578,-0.043
249624,0.327,0.0015,-0.8945,-3.2168,-0.6699,-0.0488
249647,0.3206,0.0001,-0.8873,-3.6074,-0.0957,-0.0898
249670,0.3105,-0.002,-0.8738,-4.0117,0.2266,-0.1172
249693,0.3101,-0.0015,-0.8608,-4.6777,0.5469,-0.1172
249716,0.3126,-0.0001,-0.8507,-5.0625,0.6328,-0.0898
249739,0.3247,-0.0024,-0.8517,-5.4395,0.5918,-0.0371
249762,0.3303,-0.0005,-0.871,-5.5488,0.4043,-0.0312
249785,0.3311,-0.0018,-0.8933,-5.5098,0.2344,-0.0801
249808,0.3258,-0.0011,-0.8928,-5.375,-0.0449,-0.2324
249831,0.3032,-0.0031,-0.873,-5.2617,-0.2285,-0.3613
249854,0.3076,-0.005,-0.8439,-5.0449,-0.4668,-0.5312
249877,0.3132,-0.011,-0.8446,-4.7187,-0.6348,-0.623
249900,0.3247,-0.011,-0.8488,-4.4434,-0.7031,-0.6445
249923,0.3347,-0.0103,-0.8734,-4.0117,-0.7441,-0.6562
249946,0.3271,-0.0045,-0.8816,-3.7754,-0.7324,-0.668
249969,0.3182,-0.0022,-0.8813,-3.5742,-0.6699,-0.6914
249992,0.3218,-0.0023,-0.8729,-3.5527,-0.6133,-0.6836
250015,0.3196,-0.0024,-0.8582,-3.6504,-0.543,-0.6445
250038,0.3158,-0.0043,-0.8501,-3.8164,-0.5176,-0.5332
250061,0.3214,-0.0052,-0.8629,-3.9219,-0.5254,-0.4355
250084,0.324,-0.0044,-0.8779,-4.0586,-0.5801,-0.2812
250107,0.3157,-0.0016,-0.8788,-4.1465,-0.6465,-0.1953
250130,0.3068,-0.0046,-0.8735,-4.2852,-0.7891,-0.1055
250153,0.3053,-0.005,-0.8405,-4.4043,-0.9609,-0.0645
250176,0.3076,-0.002,-0.8444,-4.4453,-1.0723,-0.0684
250199,0.3264,-0.005,-0.8649,-4.4453,-1.209,-0.1406
250222,0.3271,-0.0067,-0.8783,-4.4414,-1.2715,-0.25
250245,0.3175,-0.0017,-0.8806,-4.502,-1.3242,-0.5156
250268,0.3317,-0.0004,-0.8822,-4.6973,-1.3398,-0.873
250291,0.3143,0.0005,-0.8743,-4.8945,-1.3555,-1.1328
250314,0.3058,0.0083,-0.8486,-5.2305,-1.416,-1.4941
250337,0.3088,0.0048,-0.8596,-5.4297,-1.4844,-1.6777
250360,0.3147,0.0024,-0.8662,-5.625,-1.627,-1.832
250383,0.313,-0.0027,-0.8705,-5.6797,-1.8105,-1.8457
250406,0.3087,-0.0011,-0.8621,-5.6621,-1.9395,-1.7949
250429,0.3114,0.0021,-0.8583,-5.5547,-2.0918,-1.6563
250452,0.3132,-0.0005,-0.859,-5.4492,-2.1328,-1.5352
250475,0.3132,-0.0011,-0.8574,-5.2656,-2.0684,-1.3301
250498,0.3157,0.0016,-0.8621,-5.1445,-1.9297,-1.1875
250521,0.3176,0.0066,-0.8755,-5.0156,-1.5918,-0.9785
250544,0.3074,0.0111,-0.8733,-5.0039,-1.166,-0.7832
250567,0.3054,0.0153,-0.8672,-5.0703,-0.8652,-0.6621
250590,0.3085,0.0137,-0.865,-5.2637,-0.4336,-0.5059
250613,0.3141,0.0181,-0.8632,-5.4258,-0.1797,-0.4316
250636,0.3181,0.0135,-0.8795,-5.6699,0.1172,-0.3887
250659,0.3337,0.0087,-0.8857,-5.877,0.2773,-0.4492
250682,0.3256,0.0056,-0.8815,-5.9746,0.291,-0.5527
250705,0.3138,0.0057,-0.8722,-6.0156,0.1777,-0.7617
250728,0.3035,0.0059,-0.854,-5.9414,0.0293,-0.9023
250751,0.3082,0.0071,-0.8358,-5.6445,-0.2559,-1.0547
250774,0.3081,0.0037,-0.8475,-5.3301,-0.5352,-1.0977
250797,0.3105,0.007,-0.8597,-4.7559,-0.6797,-1.0684
250820,0.3256,0.0135,-0.8723,-4.2207,-0.7871,-0.9531
250843,0.3269,0.0135,-0.8907,-3.9707,-0.7812,-0.8496
250866,0.3174,0.0175,-0.8857,-3.832,-0.6855,-0.6797
250889,0.3108,0.0132,-0.8704,-3.8887,-0.5879,-0.5625
250912,0.3163,0.0139,-0.8483,-4.1113,-0.4238,-0.3867
250935,0.3156,0.0104,-0.8619,-4.3574,-0.2773,-0.2363
250958,0.3226,0.0033,-0.8651,-4.4844,-0.2168,-0.166
250981,0.318,0.0051,-0.8558,-4.582,-0.2031,-0.1133
251004,0.3042,0.0095,-0.8643,-4.5801,-0.2461,-0.1113
251027,0.2999,0.0145,-0.8562,-4.502,-0.3672,-0.1191
251050,0.3177,0.0103,-0.8571,-4.3828,-0.502,-0.1172
251073,0.3184,0.0033,-0.8615,-4.3105,-0.5762,-0.1152
251096,0.318,0.0096,-0.8494,-4.2578,-0.625,-0.1289
251119,0.3318,0.0126,-0.8694,-4.2754,-0.6016,-0.1562
251142,0.3336,0.0137,-0.8958,-4.4102,-0.4941,-0.2109
251165,0.3002,0.0215,-0.8727,-4.6836,-0.3477,-0.2539
251188,0.2947,0.0209,-0.8536,-4.9043,-0.2441,-0.2383
251211,0.323,0.0161,-0.8586,-5.1914,-0.0937,-0.1328
251234,0.3369,0.012,-0.8693,-5.3105,-0.0156,-0.0352
251257,0.3318,0.0099,-0.8671,-5.3633,0.0273,0.0781
251280,0.3246,0.0133,-0.8716,-5.3184,0.0039,0.1094
251303,0.2971,0.0142,-0.8674,-5.1504,-0.0977,0.0996
251326,0.2827,0.0154,-0.8351,-4.873,-0.25,0.0898
251349,0.3032,0.0133,-0.8495,-4.6328,-0.3516,0.1113
251372,0.3201,0.0121,-0.8129,-4.2422,-0.4687,0.168
251395,0.332,0.011,-0.8496,-4.0098,-0.5098,0.1855
251418,0.3392,0.016,-0.8918,-3.7832,-0.4805,0.125
251441,0.3375,0.025,-0.9034,-3.8086,-0.3555,-0.0566
251464,0.3392,0.0258,-0.8998,-3.9824,-0.252,-0.2344
251487,0.334,0.0211,-0.881,-4.3984,-0.1562,-0.541
251510,0.3231,0.0129,-0.8632,-4.6855,-0.1719,-0.7461
251533,0.3148,0.0027,-0.838,-4.9531,-0.3535,-1.0039
251556,0.3035,-0.0035,-0.8199,-4.8867,-0.709,-1.1543
251579,0.2878,-0.0035,-0.8339,-4.6484,-1.0059,-1.168
251602,0.2896,0.0044,-0.8389,-4.1133,-1.457,-1.0273
251625,0.304,0.0142,-0.838,-3.7383,-1.707,-0.8281
251648,0.3127,0.0211,-0.8621,-3.3203,-1.918,-0.4219
251671,0.3325,0.0283,-0.8914,-3.2285,-1.9082,0.0098
251694,0.34,0.0323,-0.901,-3.459,-1.6348,0.2422
251717,0.3394,0.0334,-0.9049,-4.1016,-1.0977,0.4395
251740,0.337,0.0256,-0.9047,-4.666,-0.6582,0.4512
251763,0.3301,0.0154,-0.8783,-5.4922,-0.0293,0.3164
251786,0.3092,0.0073,-0.8394,-5.8906,0.2734,0.1543
251809,0.2936,0.0023,-0.8037,-6.0605,0.459,-0.1055
251832,0.2968,0.0018,-0.8098,-5.6523,0.3145,-0.2969
251855,0.3143,0.0094,-0.8398,-5.1328,0.0742,-0.3652
251878,0.3248,0.0161,-0.8778,-4.2461,-0.4043,-0.4023
251901,0.3308,0.022,-0.9016,-3.7559,-0.7305,-0.4023
251924,0.3169,0.0288,-0.8893,-3.3633,-1.1309,-0.3906
251947,0.3105,0.0239,-0.8717,-3.4082,-1.3535,-0.3535
251970,0.3167,0.0188,-0.8467,-3.6016,-1.3906,-0.3105
251993,0.3081,0.0197,-0.8439,-3.9687,-1.3027,-0.2363
252016,0.3242,0.0166,-0.8589,-4.1895,-1.1816,-0.1934
252039,0.3298,0.0143,-0.8796,-4.4297,-0.9707,-0.1621
252062,0.3285,0.0132,-0.8848,-4.5312,-0.8477,-0.1914
252085,0.3224,0.0153,-0.8702,-4.6055,-0.7305,-0.2383
252108,0.3058,0.0164,-0.8484,-4.5742,-0.7227,-0.3105
252131,0.3052,0.0164,-0.8384,-4.4863,-0.7734,-0.3379
252154,0.3177,0.0132,-0.8561,-4.2676,-0.9023,-0.3398
252177,0.3324,0.0144,-0.8792,-4.1035,-1.0039,-0.3281
252200,0.3214,0.0182,-0.8792,-3.9219,-1.1621,-0.3262
252223,0.3105,0.0184,-0.8755,-3.8672,-1.3125,-0.3496
252246,0.3115,0.0205,-0.8729,-3.8945,-1.3984,-0.3613
252269,0.2902,0.0205,-0.8516,-3.9687,-1.5078,-0.3516
252292,0.2896,0.0179,-0.829,-3.998,-1.5527,-0.3184
252315,0.3123,0.0123,-0.8442,-3.9648,-1.5488,-0.2383
252338,0.3311,0.0133,-0.8734,-3.8672,-1.4473,-0.1875
252361,0.327,0.0187,-0.8889,-3.8223,-1.3398,-0.207
252384,0.3204,0.02,-0.8865,-3.8613,-1.1445,-0.3281
252407,0.3191,0.019,-0.871,-3.959,-1.0059,-0.4531
252430,0.3102,0.0146,-0.8545,-4.1543,-0.8223,-0.6621
252453,0.3076,0.0123,-0.8459,-4.2715,-0.6875,-0.8438
252476,0.3062,0.0137,-0.8475,-4.3672,-0.6348,-0.9297
252499,0.3162,0.0167,-0.8539,-4.3555,-0.5996,-0.9922
252522,0.3151,0.0176,-0.8727,-4.3164,-0.5977,-0.9883
252545,0.3124,0.0208,-0.8712,-4.2656,-0.6094,-0.9219
252568,0.3141,0.0225,-0.8723,-4.2676,-0.6152,-0.8398
252591,0.3141,0.0201,-0.8691,-4.332,-0.6016,-0.6719
252614,0.3171,0.0219,-0.8594,-4.4551,-0.5449,-0.4902
252637,0.3192,0.0188,-0.8728,-4.541,-0.4883,-0.3867
252660,0.3215,0.0182,-0.8751,-4.6543,-0.4023,-0.2793
252683,0.3005,0.0183,-0.8619,-4.7051,-0.3652,-0.2441
252706,0.2938,0.0209,-0.8495,-4.7148,-0.3555,-0.2285
252729,0.307,0.0197,-0.8529,-4.6289,-0.3906,-0.2363
252752,0.3225,0.0192,-0.8556,-4.5371,-0.4355,-0.2598
252775,0.3284,0.0192,-0.8735,-4.3965,-0.5371,-0.3496
252798,0.3301,0.0175,-0.8892,-4.3379,-0.6211,-0.4492
252821,0.322,0.0228,-0.8875,-4.3477,-0.752,-0.6406
252844,0.3005,0.0281,-0.877,-4.418,-0.8906,-0.8262
252867,0.2897,0.0237,-0.8474,-4.5566,-0.9863,-0.9043
252890,0.3013,0.016,-0.8374,-4.6191,-1.1016,-0.9219
252913,0.3101,0.01,-0.8453,-4.5684,-1.1465,-0.8828
252936,0.3176,0.0138,-0.855,-4.3711,-1.1582,-0.8086
252959,0.3184,0.0167,-0.874,-4.209,-1.1328,-0.7832
252982,0.3071,0.0226,-0.8621,-4.0195,-1.0527,-0.8105
253005,0.2981,0.0233,-0.8462,-3.9883,-0.9395,-0.9121
253028,0.3108,0.0282,-0.8574,-4.0801,-0.8574,-1.0176
253051,0.2961,0.0316,-0.8413,-4.4316,-0.791,-1.25
253074,0.2933,0.0294,-0.8531,-4.834,-0.8359,-1.4746
253097,0.3162,0.0319,-0.8926,-5.752,-1.1406,-1.9688
253120,0.3221,0.0416,-0.8938,-7.0918,-1.8574,-2.7012
253143,0.3058,0.054,-0.8839,-8.1641,-2.5605,-3.3008
253166,0.2876,0.0591,-0.879,-9.7871,-3.7617,-4.2246
253189,0.2955,0.0547,-0.8767,-10.6973,-4.5039,-4.7559
253212,0.3096,0.051,-0.875,-11.5566,-5.3437,-5.3125
253235,0.3127,0.0452,-0.8848,-11.6758,-5.8066,-5.5625
253258,0.2894,0.0474,-0.8724,-11.3418,-5.9238,-5.5742
253281,0.269,0.0463,-0.8569,-10.2949,-5.834,-5.3711
253304,0.2816,0.0431,-0.8274,-9.3027,-5.6055,-5.0977
253327,0.2773,0.0422,-0.8318,-7.5547,-5.0547,-4.5352
253350,0.2809,0.0441,-0.8395,-6.3633,-4.5898,-3.6055
253373,0.3049,0.042,-0.8661,-4.8203,-3.8203,-3.4668
253396,0.2885,0.0502,-0.8639,-3.873,-3.0625,-2.9336
253419,0.2889,0.0553,-0.8763,-3.6719,-2.5996,-2.6621
253442,0.293,0.0566,-0.8984,-4.0273,-2.0039,-2.3809
253465,0.285,0.0543,-0.8839,-4.6543,-1.6914,-2.2734
253488,0.2745,0.0519,-0.8517,-5.959,-1.3516,-2.209
253511,0.2783,0.0474,-0.8413,-7.334,-1.1074,-2.2129
253534,0.2853,0.0416,-0.8357,-8.1133,-0.959,-2.2324
253557,0.265,0.0459,-0.7933,-8.9687,-0.752,-2.2715
253580,0.2692,0.0603,-0.7854,-9.3809,-0.6719,-2.3223
253603,0.2986,0.0728,-0.859,-10.0254,-0.8105,-2.5254
253626,0.2837,0.097,-0.8789,-11.166,-1.498,-3.0352
253649,0.2305,0.1246,-0.8489,-12.3848,-2.2891,-3.5781
253672,0.2339,0.137,-0.8645,-14.8848,-3.7402,-4.6133
253695,0.2811,0.1522,-0.8943,-16.873,-4.7207,-5.3965
253718,0.3129,0.1713,-0.9253,-20.0273,-6.0527,-6.6699
253741,0.2852,0.1837,-0.9303,-22.0254,-6.8203,-7.9766
253764,0.2782,0.1859,-0.931,-24.4473,-7.7305,-8.7656
253787,0.2286,0.1882,-0.8978,-25.6445,-8.2422,-9.6211
253810,0.245,0.1735,-0.9067,-25.5234,-8.3184,-9.8789
253833,0.2572,0.1537,-0.9049,-23.8105,-8.082,-9.791
253856,0.233,0.1328,-0.8882,-21.6914,-7.7598,-9.4805
253879,0.2256,0.1156,-0.8041,-17.293,-7.123,-8.7852
253902,0.2081,0.1071,-0.7736,-11.873,-6.3867,-7.9824
253925,0.2024,0.1077,-0.7821,-8.0547,-5.9141,-7.4805
253948,0.2307,0.1039,-0.8225,-2.7793,-5.3809,-6.9297
253971,0.2281,0.1086,-0.7887,-0.0312,-5.2031,-6.7852
253994,0.2241,0.1211,-0.7759,2.3594,-5.1641,-6.9492
254017,0.2186,0.1318,-0.7996,2.4199,-5.123,-7.4648
254040,0.2047,0.1523,-0.826,1.1934,-4.9199,-7.9023
254063,0.183,0.1816,-0.7993,-2.3242,-4.1875,-8.582
254086,0.2634,0.1914,-0.8547,-5.5996,-3.3828,-9.0566
254109,0.3212,0.1997,-0.9397,-11.5859,-1.8457,-9.9805
254132,0.3013,0.2089,-0.9479,-16.0879,-0.2832,-11.4004
254155,0.2373,0.2153,-0.8915,-23.0391,0.5918,-12.6191
254178,0.2295,0.2214,-0.8464,-29.1934,1.5996,-14.5859
254201,0.2474,0.2246,-0.8513,-32.252,2.0137,-15.7773
254224,0.2296,0.2264,-0.8713,-34.6758,2.0586,-17.0762
254247,0.1506,0.2347,-0.8083,-34.7207,1.627,-17.4629
254270,0.1024,0.2365,-0.7723,-32.4922,0.3906,-17.0879
254293,0.137,0.2273,-0.7786,-27.9238,-1.1816,-15.4824
254316,0.1758,0.2222,-0.7772,-24.0195,-2.2109,-13.8652
254339,0.2264,0.2203,-0.8,-17.8027,-3.5078,-11.0801
254362,0.2275,0.2266,-0.8103,-13.9609,-4.127,-9.2676
254385,0.1952,0.2349,-0.7794,-9.3516,-4.5352,-6.9355
254408,0.1708,0.2426,-0.7778,-6.5,-4.0801,-5.1543
254431,0.2087,0.2417,-0.811,-5.5977,-3.2187,-4.2461
254454,0.2283,0.2408,-0.8268,-5.5937,-1.1992,-3.2754
254477,0.2056,0.2505,-0.7852,-6.3359,0.457,-2.8809
254500,0.192,0.2643,-0.7764,-8.1738,3.0566,-2.5957
254523,0.2366,0.2729,-0.7808,-9.625,5.416,-2.5469
254546,0.2719,0.2788,-0.8414,-11.8008,6.6719,-2.5977
254569,0.2527,0.2875,-0.8668,-13.7109,7.9062,-2.7324
254592,0.2098,0.3027,-0.8497,-14.7285,8.2812,-2.793
254615,0.2169,0.3024,-0.8536,-15.7012,8.2637,-2.6895
254638,0.241,0.292,-0.8385,-15.8926,7.9258,-2.4551
254661,0.2122,0.2825,-0.781,-15.3965,6.9941,-1.9121
254684,0.1979,0.2712,-0.7771,-13.9414,5.668,-1.2617
254707,0.2213,0.2625,-0.7772,-12.5098,4.668,-0.8477
254730,0.2321,0.2645,-0.7772,-9.9531,3.1523,-0.3945
254753,0.2209,0.2642,-0.7783,-8.2031,2.2051,-0.2754
254776,0.2211,0.2667,-0.7889,-5.8887,1.0234,-0.4199
254799,0.2429,0.278,-0.7776,-4.3027,0.2617,-0.9141
254822,0.2156,0.2865,-0.7991,-3.7441,0.0137,-1.377
254845,0.194,0.2925,-0.8041,-3.625,0.0293,-2.1328
254868,0.2177,0.2952,-0.812,-3.9375,0.2578,-2.6035
254891,0.264,0.2938,-0.8307,-4.7539,0.752,-3.2246
254914,0.241,0.296,-0.8229,-5.8672,1.127,-3.8047
254937,0.213,0.2981,-0.7811,-6.0801,1.2168,-4.1777
254960,0.2074,0.2909,-0.8127,-6.2187,1.125,-4.6738
254983,0.2067,0.2874,-0.7767,-5.9004,0.957,-4.9512
255006,0.2169,0.2783,-0.7777,-4.8457,0.6152,-5.332
255029,0.2341,0.278,-0.777,-3.8594,0.3574,-5.6211
255052,0.2174,0.278,-0.7775,-2.2344,-0.0156,-6.1953
255075,0.179,0.2809,-0.781,-0.8223,-0.2344,-6.959
255098,0.1991,0.2865,-0.7854,-0.2012,-0.209,-7.5566
255121,0.2051,0.2909,-0.8441,0.082,0.123,-8.5898
255144,0.2339,0.297,-0.8311,-0.1543,0.5117,-9.3828
255167,0.2009,0.2888,-0.7787,-0.959,1.2422,-10.7656
255190,0.2216,0.2828,-0.7882,-1.9473,1.9512,-12.4004
255213,0.1835,0.2797,-0.8185,-2.5312,2.2207,-13.6094
255236,0.1958,0.2662,-0.7948,-3.0957,2.1035,-15.4746
255259,0.2301,0.2681,-0.7823,-3.1816,1.6582,-16.6465
255282,0.2235,0.2739,-0.7761,-2.7715,0.5859,-18.1191
255305,0.2158,0.2662,-0.7948,-1.7285,-0.6289,-19.0039
255328,0.2715,0.2743,-0.7998,-0.8047,-1.3086,-19.1445
255351,0.1982,0.2722,-0.7897,0.6426,-1.8457,-18.5293
255374,0.1582,0.2943,-0.8236,1.5,-1.7715,-17.5039
255397,0.2041,0.3325,-0.7827,2.4395,-0.9473,-15.1035
255420,0.1981,0.3523,-0.7902,2.7852,0.0352,-13.1055
255443,0.1499,0.348,-0.8368,2.832,1.8809,-9.9121
255466,0.175,0.3364,-0.866,2.2148,3.5488,-6.9004
255489,0.1526,0.319,-0.8502,1.4355,4.2207,-5.168
255512,0.2137,0.2924,-0.8466,-0.0586,4.3711,-3.1797
255535,0.2048,0.2816,-0.7819,-1.0273,3.9082,-2.3535
255558,0.1732,0.2513,-0.7837,-1.9316,2.5898,-1.9238
255581,0.24,0.2286,-0.8005,-1.7852,0.9902,-2.3437
255604,0.2861,0.2095,-0.8253,-1.0762,-0.0137,-2.9883
255627,0.2764,0.2009,-0.7748,0.709,-1.2656,-4.2422
255650,0.3,0.188,-0.7782,2.2148,-1.873,-5.0254
255673,0.3385,0.179,-0.7771,4.5918,-2.3965,-5.5937
255696,0.3607,0.1835,-0.7773,6.584,-2.5469,-4.7715
255719,0.2444,0.2083,-0.7791,7.4121,-2.5332,-3.0996
255742,0.1243,0.2322,-0.7977,7.5898,-2.2656,1.5
255765,0.1265,0.2533,-0.8047,6.9082,-1.75,5.9648
255788,0.1769,0.276,-0.826,4.6719,-0.3379,14.082
255811,0.1588,0.2654,-0.8375,2.4473,0.8633,22.1934
255834,0.119,0.2833,-0.8398,-1.7129,2.6367,26.9316
255857,0.1442,0.2793,-0.8397,-6.3359,4.0352,31.2422
255880,0.2228,0.2888,-0.7993,-9.3262,4.5996,31.9238
255903,0.1757,0.2949,-0.7913,-13.1758,4.5762,29.4043
255926,0.151,0.3004,-0.7745,-15.1055,3.8613,25.5859
255949,0.2294,0.2852,-0.782,-16.8887,1.8066,17.5293
255972,0.2822,0.27,-0.78,-17.4863,-1.1543,7.9922
255995,0.2965,0.2708,-0.7766,-17.4199,-3.3633,1.5762
256018,0.2291,0.2751,-0.7782,-16.9492,-6.4375,-6.9844
256041,0.149,0.2682,-0.8278,-16.5703,-7.9355,-11.3711
256064,0.1743,0.2881,-0.8718,-16.1484,-8.7949,-15.291
256087,0.2234,0.2991,-0.7965,-15.9746,-7.959,-15.9883
256110,0.2329,0.2815,-0.8086,-15.9219,-6.8047,-15.0215
256133,0.173,0.2861,-0.7854,-15.8223,-4.8613,-12.2461
256156,0.2008,0.2983,-0.7401,-15.707,-3.6816,-9.9902
256179,0.2629,0.3115,-0.8628,-15.4512,-2.3223,-6.6914
256202,0.2101,0.3295,-0.9158,-15.2637,-1.8652,-4.125
256225,0.1732,0.3123,-0.7516,-15.0918,-2.1016,-3.0664
256248,0.2053,0.3427,-0.7302,-15.3379,-3.252,-2.6387
256271,0.2091,0.3817,-0.8641,-15.9141,-4.3027,-3.1367
256294,0.1533,0.3895,-0.8077,-17.5371,-5.8828,-4.9062
256317,0.1862,0.3756,-0.7722,-19.127,-6.5566,-6.6133
256340,0.1852,0.3981,-0.7582,-22.1914,-6.2715,-9.6426
256363,0.1674,0.4348,-0.7797,-25.8906,-3.8145,-12.8379
256386,0.1846,0.4211,-0.7751,-28.5859,-1.0469,-14.8437
256409,0.1627,0.4148,-0.7231,-32.8242,3.9434,-17.4141
256432,0.1666,0.4355,-0.7739,-35.7188,7.2695,-18.7402
256455,0.1729,0.4629,-0.7631,-40.0371,11.3535,-20.0879
256478,0.1331,0.4822,-0.687,-44.1855,13.3242,-20.709
256501,0.1342,0.4724,-0.6575,-46.7773,13.207,-20.7813
256524,0.1321,0.479,-0.6782,-50.2324,11.3711,-20.4727
256547,0.1816,0.4728,-0.6514,-52.0977,9.6309,-20.0352
256570,0.2068,0.5122,-0.6598,-53.957,7.0937,-19.0742
256593,0.1201,0.5459,-0.5944,-54.4531,5.1484,-17.8418
256616,0.1433,0.5511,-0.6179,-53.9883,3.9238,-16.9473
256639,0.1473,0.531,-0.6407,-52.1309,2.5742,-15.6406
256662,0.1237,0.514,-0.5599,-50.2188,1.7031,-14.8613
256685,0.1387,0.5243,-0.5907,-46.5313,0.3535,-13.8906
256708,0.0983,0.5515,-0.5465,-43.6504,-0.6367,-13.3574
256731,0.108,0.5784,-0.614,-38.8809,-2.2715,-12.6074
256754,0.1171,0.5845,-0.6221,-33.6445,-3.5723,-11.6582
256777,0.1323,0.5974,-0.6187,-29.8984,-3.8516,-10.7617
256800,0.1267,0.5895,-0.5657,-23.9609,-3.0996,-8.8555
256823,0.1143,0.5408,-0.5884,-19.9043,-1.8398,-7.1543
256846,0.1702,0.4197,-0.6198,-13.9727,0.752,-3.9727
256869,0.1527,0.5699,-0.6609,-8.7402,2.5391,-0.2793
256892,0.1775,0.6976,-0.77,-5.8672,2.1934,2.209
256915,0.1498,0.6543,-0.7529,-2.5547,-1.2344,5.5156
256938,0.1053,0.5425,-0.5664,-1.0137,-5.1504,7.168
256961,0.1075,0.5725,-0.6293,0.1621,-12.1055,8.4531
256984,0.1002,0.5748,-0.6342,0.1035,-18.4473,8.1465
257007,0.0919,0.5721,-0.6024,-1.2402,-21.5215,7.1328
257030,0.1119,0.582,-0.5902,-3.8301,-23.7715,4.7422
257053,0.1136,0.5787,-0.611,-5.9922,-23.6465,2.8555
257076,0.1061,0.5697,-0.6171,-9.4004,-21.3008,0.082
257099,0.1088,0.5724,-0.5959,-11.4902,-18.5742,-1.498
257122,0.1163,0.5718,-0.6061,-13.9004,-13.3477,-3.2109
257145,0.1121,0.5718,-0.6069,-15.0488,-7.6094,-4.0547
257168,0.0825,0.5854,-0.629,-15.0059,-4.0527,-4.1816
257191,0.0765,0.5813,-0.6443,-13.7832,-0.002,-3.9043
257214,0.0864,0.5891,-0.6292,-12.3516,1.4902,-3.5254
257237,0.0541,0.5994,-0.6451,-9.7129,1.7305,-2.7852
257260,0.0757,0.5851,-0.6149,-7.1172,-0.1641,-1.8691
257283,0.1066,0.5905,-0.5878,-5.7539,-2.2754,-1.1504
257306,0.1168,0.5884,-0.6072,-4.6367,-6.0098,0.1035
257329,0.0958,0.5883,-0.6038,-4.6035,-8.4023,1.0352
257352,0.0991,0.5925,-0.5863,-5.5625,-11.1191,2.4492
257375,0.1083,0.5964,-0.5779,-7.248,-12.3398,3.6406
257398,0.0945,0.5936,-0.5741,-9.0293,-12.2891,4.1602
257421,0.0934,0.5903,-0.5764,-11.4395,-11.0508,4.3555
257444,0.1118,0.5803,-0.5673,-12.8281,-9.5723,4.0664
257467,0.0509,0.6163,-0.5671,-14.1445,-6.6816,3.082
257490,0.0662,0.5947,-0.6005,-14.3008,-4.498,2.1738
257513,0.0564,0.5924,-0.6017,-13.2461,-1.1445,0.6641
257536,0.0973,0.5869,-0.6313,-10.6973,1.9102,-0.6719
257559,0.1025,0.5875,-0.6346,-8.3379,3.5723,-1.2539
257582,0.1125,0.5942,-0.6177,-4.2695,5.3262,-1.4238
257605,0.1265,0.5906,-0.6271,-1.5527,5.9883,-1.0234
257628,0.104,0.5874,-0.6184,1.9004,6.3125,0.1875
257651,0.1233,0.5906,-0.611,3.959,5.9902,1.7363
257674,0.1124,0.5931,-0.597,4.3281,5.5078,2.7187
257697,0.124,0.5924,-0.5831,3.3301,4.6074,3.8223
257720,0.1179,0.5939,-0.5715,1.7539,4.0156,4.2129
257743,0.115,0.5916,-0.5651,-1.5527,3.2598,4.2109
257766,0.152,0.5741,-0.5822,-5.3027,2.707,3.5664
257789,0.301,0.5205,-0.5953,-7.6289,2.4609,2.875
257812,-0.1587,0.7098,-0.5773,-10.2812,2.2266,1.7656
257835,0.1915,0.5693,-0.6113,-11.2324,2.1426,1.209
257858,0.0729,0.5927,-0.594,-11.2891,1.9219,0.7598
257881,0.1293,0.5831,-0.6252,-10.4961,1.5938,0.668
257904,0.0902,0.5844,-0.5793,-8.3496,0.7988,0.7422
257927,0.1538,0.603,-0.5957,-5.5273,-0.1914,1.0352
257950,0.129,0.5879,-0.6495,-3.5547,-0.8203,1.3496
257973,0.093,0.5834,-0.6234,-0.8926,-1.4766,1.9277
257996,0.1226,0.5868,-0.6074,0.4648,-1.6367,2.3047
258019,0.1335,0.5897,-0.5806,1.6133,-1.4902,2.7598
258042,0.1246,0.5917,-0.5817,1.5957,-1.0566,3.0762
258065,0.1182,0.5891,-0.5597,0.9961,-0.7031,3.2324
258088,0.1522,0.5811,-0.5597,-0.5371,-0.1484,3.4277
258111,0.1875,0.5746,-0.5825,-1.7578,0.209,3.5469
258134,0.1492,0.5737,-0.6141,-3.416,0.6172,3.6641
258157,0.1633,0.5635,-0.6113,-4.3457,0.7051,3.5488
258180,0.062,0.5975,-0.6144,-4.3398,0.5195,3.2637
258203,0.1215,0.5696,-0.6381,-3.2617,-0.0508,2.5449
258226,0.1381,0.568,-0.6372,-1.875,-0.4941,1.9414
258249,0.1428,0.5592,-0.6604,0.916,-1.0293,0.9805
258272,0.0979,0.5674,-0.6443,2.9941,-1.2285,0.1035
258295,0.1115,0.5706,-0.6509,5.9395,-1.293,-0.3574
258318,0.1439,0.5752,-0.6407,8.1133,-1.168,-0.7422
258341,0.1423,0.5613,-0.6556,8.8711,-1.0664,-0.7559
258364,0.1252,0.5649,-0.6407,8.7012,-1.0273,-0.4316
258387,0.14,0.5648,-0.625,7.6621,-1.1328,-0.0547
258410,0.1295,0.5725,-0.5942,4.8047,-1.5801,0.584
258433,0.1239,0.5719,-0.5803,0.7695,-2.4609,1.1055
258456,0.1377,0.5699,-0.5861,-2.2578,-3.2852,1.293
258479,0.1226,0.5696,-0.5881,-6.6895,-4.7578,1.2266
258502,0.114,0.5681,-0.5959,-9.1973,-5.7832,0.9238
258525,0.1013,0.5713,-0.59,-11.7227,-7.1426,0.1055
258548,0.1072,0.564,-0.6271,-12.3203,-7.9961,-1.0117
258571,0.0914,0.5602,-0.6516,-11.5527,-8.1367,-1.7949
258594,0.1012,0.5568,-0.6697,-8.7852,-7.5781,-2.7891
258617,0.1262,0.5535,-0.6843,-6.0918,-6.709,-3.2012
258640,0.1271,0.5663,-0.662,-1.3828,-4.8301,-3.25
258663,0.136,0.5601,-0.6576,1.752,-2.8613,-2.5469
258686,0.1361,0.5544,-0.639,5.6523,-1.2188,-1.7285
258709,0.1315,0.5607,-0.6248,7.8086,0.4023,-0.2383
258732,0.1268,0.5583,-0.6177,8.0371,1.0039,0.7285
258755,0.1045,0.5577,-0.6111,6.5879,1.0625,1.7949
258778,0.0964,0.5623,-0.6249,4.6328,0.5742,2.0996
258801,0.1083,0.5625,-0.6211,0.8301,-0.707,1.8555
258824,0.1182,0.5591,-0.6107,-3.1582,-2.248,0.8984
258847,0.0984,0.5625,-0.6317,-5.4746,-3.2187,0.0137
258870,0.0881,0.5579,-0.6539,-7.9512,-4.3672,-1.4336
258893,0.0952,0.5557,-0.655,-8.7852,-4.8203,-2.3418
258916,0.1036,0.5564,-0.6544,-8.8027,-4.9141,-3.416
258939,0.1075,0.563,-0.6323,-7.6328,-4.3086,-3.9629
258962,0.1157,0.556,-0.6244,-6.4512,-3.6309,-3.9883
258985,0.1161,0.5559,-0.6154,-4.502,-2.4727,-3.5645
259008,0.1135,0.5551,-0.6132,-3.3027,-1.7734,-3.0566
259031,0.1029,0.5505,-0.618,-1.8691,-1.0801,-2.166
259054,0.0789,0.5553,-0.6415,-1.1758,-1.0078,-1.3867
259077,0.083,0.5485,-0.6564,-0.4043,-1.3535,-1.0332
259100,0.074,0.5446,-0.6528,0.2656,-2.3828,-0.7969
259123,0.0862,0.5365,-0.6693,0.7656,-3.3105,-0.7969
259146,0.0869,0.5465,-0.6753,1.6914,-4.8379,-0.8926
259169,0.0961,0.551,-0.6891,2.4219,-5.7793,-0.9082
259192,0.0991,0.5352,-0.6769,3.5742,-6.7637,-0.7129
259215,0.1038,0.5417,-0.6733,4.5078,-6.9707,-0.2031
259238,0.0963,0.5438,-0.642,4.8301,-6.6836,0.2695
259261,0.1227,0.5328,-0.6427,4.6543,-5.7988,1.0469
259284,0.1086,0.5314,-0.639,4.0488,-5.0273,1.5098
259307,0.1436,0.5126,-0.6514,2.5059,-3.8398,1.9863
259330,0.1635,0.5126,-0.6576,0.5117,-2.959,2.2031
259353,0.0895,0.5339,-0.6736,-0.8359,-2.7187,2.334
259376,0.0205,0.562,-0.6777,-2.5234,-2.9902,2.8574
259399,0.0311,0.5674,-0.6776,-3.2598,-3.5039,3.5566
259422,0.0574,0.5417,-0.6637,-3.666,-4.4258,4.9727
259445,0.0239,0.5743,-0.6655,-3.0371,-4.9492,6.291
259468,0.0442,0.5764,-0.6628,-2.9844,-4.7578,6.7695
259491,0.1415,0.5232,-0.6479,-2.3848,-3.5703,6.4355
259514,0.1436,0.4928,-0.6377,-2.1797,-2.3633,5.3809
259537,0.1862,0.4967,-0.6632,-2.3652,-0.3984,2.7559
259560,0.1185,0.538,-0.6737,-2.8047,0.7949,0.6719
259583,0.151,0.5361,-0.6515,-3.7109,2.1992,-2.1797
259606,0.1117,0.5304,-0.6658,-4.5742,2.8809,-3.9668
259629,0.0503,0.5315,-0.6598,-4.9941,2.8164,-4.3281
259652,0.0911,0.5222,-0.6539,-5.2773,1.9395,-3.6016
259675,0.0851,0.5283,-0.644,-5.1953,0.9395,-2.459
259698,0.1064,0.5137,-0.6674,-4.582,-0.8555,-0.2598
259721,0.0892,0.5332,-0.6719,-3.2793,-2.5117,1.9707
259744,0.1188,0.5178,-0.6876,-2.0039,-3.2676,3.2559
259767,0.1227,0.5179,-0.7065,0.4355,-3.5469,4.7207
259790,0.127,0.5212,-0.7008,2.2617,-3.1191,5.3594
259813,0.1154,0.5553,-0.7063,4.8984,-1.793,5.7891
259836,0.1344,0.5164,-0.6901,6.8477,-0.2168,5.4883
259859,0.1041,0.5026,-0.6542,7.4766,0.6035,4.8145
259882,0.0822,0.4852,-0.6748,7.1641,0.9883,3.1152
259905,0.0713,0.4888,-0.6854,6.1426,0.4941,1.6309
259928,0.062,0.5035,-0.6799,3.7754,-1.4473,-0.8184
259951,0.0345,0.5072,-0.6924,2.0176,-3.3828,-3.4102
259974,0.0582,0.4918,-0.7073,-0.1777,-6.6992,-4.4102
259997,0.0728,0.4734,-0.6587,-1.1855,-9.8496,-5.5859
260020,0.0897,0.4966,-0.7035,-0.998,-11.5859,-5.7773
260043,0.0638,0.5165,-0.7313,0.5977,-13.3711,-5.1699
260066,0.1057,0.4829,-0.7227,2.4219,-13.873,-4.2656
260089,0.0786,0.4749,-0.7103,5.8594,-13.5254,-2.4277
260112,0.0975,0.4612,-0.7229,9.4609,-12.0117,-0.3633
260135,0.084,0.4594,-0.7633,11.5977,-10.5605,0.9609
260158,0.0947,0.4641,-0.7756,14.0156,-8.1777,2.668
260181,0.0704,0.4742,-0.774,14.959,-6.6875,3.5352
260204,0.0706,0.4778,-0.7712,15.2715,-4.8066,4.2871
260227,0.058,0.4735,-0.7777,14.2695,-3.3145,4.2422
260250,0.0093,0.4965,-0.7617,12.9238,-2.3984,3.7344
260273,0.1105,0.4523,-0.7489,10.0137,-0.877,2.2656
260296,0.053,0.4563,-0.6936,7.5625,0.3145,0.8398
260319,0.1648,0.4441,-0.7435,3.3457,2.4805,-1.8223
260342,0.0712,0.4814,-0.6715,0.3711,4.1211,-4.7422
260365,0.088,0.4468,-0.7438,-3.9082,6.5312,-6.498
260388,0.0803,0.4564,-0.7216,-7.4805,8.2461,-8.2734
260411,0.0079,0.5023,-0.7185,-9.2676,8.6094,-8.6016
260434,0.1215,0.468,-0.7561,-10.8867,7.709,-7.6777
260457,0.0476,0.4783,-0.7272,-11.2402,6.2754,-6.2891
260480,0.0483,0.4766,-0.7627,-10.8262,3.3926,-3.5586
260503,0.0786,0.483,-0.7166,-9.627,0.4668,-0.7969
260526,0.0953,0.4951,-0.7297,-8.6309,-1.0293,0.6465
260549,0.1128,0.4705,-0.7007,-7.1934,-2.1699,1.834
260572,0.0786,0.4801,-0.6997,-6.4648,-2.1484,1.9453
260595,0.1758,0.4485,-0.7433,-5.9687,-1.2871,1.4063
260618,0.0009,0.4956,-0.7009,-6.3203,-0.3809,0.748
260641,0.1243,0.475,-0.7428,-6.9629,-0.1484,0.5703
260664,0.0701,0.4812,-0.6952,-8.2539,-0.4434,0.7187
260687,0.0874,0.4994,-0.7135,-9.1406,-0.8945,0.9551
260710,0.0851,0.4978,-0.7239,-10.2305,-1.5898,1.2266
260733,0.0929,0.4878,-0.714,-10.7109,-2.4141,1.1641
260756,0.0579,0.4971,-0.7059,-11.0469,-2.0586,0.8926
260779,0.088,0.5018,-0.6649,-11.0039,-1.8672,0.2363
260802,0.0797,0.4937,-0.7004,-10.8223,-1.6328,-0.2578
260825,0.1146,0.4908,-0.7014,-10.3711,-1.1406,-0.8613
260848,0.0662,0.4843,-0.715,-9.957,-0.7539,-1.0527
260871,0.0736,0.4834,-0.707,-9.1484,-0.3164,-0.8613
260894,0.0842,0.4924,-0.7241,-8.0918,-0.1699,-0.1211
260917,0.1014,0.4773,-0.7156,-7.2285,-0.1816,0.5273
260940,0.0614,0.4984,-0.7212,-5.6953,-0.1895,1.4629
260963,0.0626,0.4932,-0.7029,-4.5566,-0.0859,1.9258
260986,0.1176,0.4923,-0.7104,-2.8066,0.3633,2.2129
261009,0.1155,0.5046,-0.7106,-1.2109,1.1816,1.9355
261032,0.0969,0.4867,-0.6819,-0.3398,1.8867,1.502
261055,0.17,0.4821,-0.6921,0.543,3.0645,0.6934
261078,0.0701,0.4583,-0.7126,0.8027,3.7637,0.1914
261101,0.053,0.478,-0.7294,0.6992,4.2344,-0.248
261124,0.0793,0.4807,-0.7148,0.3789,3.666,-0.2461
261147,0.0851,0.4885,-0.7363,-0.2051,2.7305,-0.123
261170,0.0707,0.5032,-0.7479,-0.5254,0.9277,0.0332
261193,0.0557,0.501,-0.7383,-0.4336,-0.1777,0.0566
261216,0.1284,0.4004,-0.6904,0.2422,-1.0313,-0.0527
261239,0.1234,0.4606,-0.693,1.0,-0.8477,-0.1836
261262,0.1184,0.4581,-0.6842,2.4531,0.3398,-0.2695
261285,0.1483,0.453,-0.7345,4.2246,2.1348,0.0312
261308,0.1394,0.4528,-0.7672,5.5801,3.4062,0.5137
261331,0.157,0.448,-0.7794,7.8301,5.166,1.5508
261354,0.1132,0.4518,-0.7751,9.3691,6.1309,2.2949
261377,0.1301,0.4324,-0.7766,11.416,7.1758,3.1543
261400,0.1342,0.4402,-0.7747,12.707,7.707,3.3906
261423,0.1097,0.4955,-0.7766,12.9492,7.7715,3.1191
261446,0.0941,0.524,-0.7798,12.25,7.4902,2.1445
261469,0.1515,0.4878,-0.7769,11.1055,7.1777,1.2617
261492,0.1272,0.4858,-0.7775,8.6914,6.9687,-0.0664
261515,0.1558,0.4895,-0.7811,6.4473,7.5078,-1.0332
261538,0.1875,0.4669,-0.8081,4.7715,8.1855,-1.3887
261561,0.1748,0.4316,-0.8156,3.7383,8.998,-1.5605
261584,0.0724,0.3961,-0.7637,3.8965,8.9824,-1.5195
261607,0.0343,0.3507,-0.7035,5.5566,7.9121,-1.3672
261630,-0.0126,0.308,-0.6597,7.5801,6.6406,-1.2832
261653,0.0342,0.2988,-0.6991,11.6465,4.293,-1.3574
261676,0.1345,0.3007,-0.7648,16.2051,1.6172,-1.9082
261699,0.2449,0.309,-0.7791,19.0723,-0.4297,-2.5977
261722,0.2426,0.3033,-0.7767,22.7422,-3.9902,-3.8574
261745,0.2499,0.283,-0.7773,24.8203,-6.4746,-4.4473
261768,0.2267,0.2784,-0.7683,27.8516,-9.5898,-4.0195
261791,0.1733,0.2859,-0.7137,31.5117,-10.791,-1.0098
261814,0.1682,0.2888,-0.7618,34.582,-9.9336,2.7617
261837,0.1478,0.2539,-0.791,40.0078,-5.6387,10.9512
261860,0.1677,0.2419,-0.8352,43.7559,-0.6953,17.5957
261883,0.2681,0.2761,-0.8761,48.4922,9.418,27.7871
261906,0.3148,0.272,-1.0223,50.7285,21.0352,36.0313
261929,0.2997,0.2347,-1.0641,50.1191,28.1992,39.4277
261952,0.3291,0.2148,-1.0447,45.6289,36.2832,40.5586
261975,0.3335,0.1931,-0.9905,40.5898,39.3203,38.6426
261998,0.3252,0.1995,-0.8901,31.4941,40.0566,32.4766
262021,0.2997,0.2198,-0.8556,25.6211,38.252,26.9453
262044,0.3303,0.2056,-0.9598,19.0645,33.084,18.166
262067,0.395,0.1866,-1.0856,16.6406,26.2773,10.7187
262090,0.4396,0.1697,-1.1213,17.5957,21.4258,7.3203
262113,0.3777,0.1377,-1.1011,22.8066,14.4297,5.2988
262136,0.3252,0.1084,-1.0602,28.6348,10.416,6.1602
262159,0.3667,0.0232,-1.0447,40.3887,5.9453,10.5059
262182,0.473,-0.0479,-1.0729,54.6133,3.2891,17.4004
262205,0.5217,-0.114,-1.0581,63.998,2.1113,22.5293
262228,0.4585,-0.174,-0.9801,63.998,0.3594,29.8691
262251,0.3973,-0.241,-0.8862,63.998,-1.2031,34.1855
262274,0.4265,-0.3073,-0.7949,63.998,-4.4805,39.7051
262297,0.4434,-0.3702,-0.7378,63.998,-8.8789,44.2422
262320,0.4188,-0.4265,-0.6821,63.998,-12.3066,46.8633
262343,0.3556,-0.4713,-0.7197,63.998,-17.8594,50.5176
262366,0.3099,-0.4893,-0.7152,63.998,-21.6367,53.0352
262389,0.2985,-0.4928,-0.6174,63.998,-27.1074,57.3691
262412,0.2631,-0.4949,-0.6147,63.998,-30.4395,62.8047
262435,0.1561,-0.4857,-0.6448,63.998,-34.5996,63.998
262458,0.0834,-0.4733,-0.6055,63.998,-37.2598,63.998
262481,0.0842,-0.4512,-0.5326,63.998,-37.9551,63.998
262504,0.048,-0.4165,-0.5164,47.5547,-37.1836,63.998
262527,-0.0217,-0.4049,-0.618,36.0801,-35.4004,63.998
262550,-0.1014,-0.384,-0.6858,19.3203,-30.8125,63.998
262573,-0.1766,-0.3279,-0.672,3.5937,-24.0488,63.998
262596,-0.1958,-0.319,-0.7582,-5.9746,-18.4082,63.998
262619,-0.1119,-0.3276,-0.7915,-18.5039,-8.6543,63.998
262642,0.0231,-0.3186,-0.8799,-25.5234,-1.8496,63.998
262665,0.0413,-0.3022,-1.0273,-34.1211,7.2598,63.998
262688,0.0391,-0.2964,-1.1169,-40.6641,13.2949,63.998
262711,0.0468,-0.2706,-1.1426,-43.9648,15.1641,63.998
262734,0.0303,-0.2694,-1.0842,-47.0781,15.0195,63.998
262757,-0.0397,-0.2692,-0.9739,-47.6289,13.4766,63.998
262780,-0.1036,-0.2772,-0.936,-45.7188,10.1055,58.5957
262803,-0.1064,-0.3016,-0.9513,-42.6406,7.709,50.082
262826,0.0583,-0.3334,-1.0875,-36.0508,4.3691,46.0039
262849,0.0873,-0.3434,-1.1173,-28.5801,1.1074,41.752
262872,0.0376,-0.3376,-1.0072,-23.8359,-1.248,39.7676
262895,0.0271,-0.3411,-0.8925,-17.4004,-4.8379,37.6699
262918,-0.0286,-0.3499,-0.7633,-13.418,-6.8965,36.8262
262941,-0.1353,-0.3459,-0.7628,-7.6035,-8.8926,36.5098
262964,-0.2556,-0.3391,-0.7192,-2.1875,-9.2344,37.2813
262987,0.0022,-0.364,-0.9276,0.7109,-8.5312,38.0859
263010,-0.0524,-0.3472,-0.9464,3.0977,-6.6406,38.9316
263033,-0.0758,-0.2819,-0.9032,3.1895,-5.0996,38.9063
263056,-0.1206,-0.2776,-0.7832,1.6816,-2.3906,37.7461
263079,-0.005,-0.3289,-0.8334,-0.4121,0.9336,35.3594
263102,-0.0247,-0.2996,-0.8669,-1.4668,3.3633,33.2871
263125,-0.0835,-0.2491,-0.9878,-2.0332,7.1113,29.8555
263148,-0.0698,-0.1947,-1.0034,-1.6719,9.748,27.5508
263171,0.0486,-0.2577,-0.9873,-0.0957,14.2246,24.1641
263194,0.1458,-0.3501,-0.9534,1.5938,19.748,20.5859
263217,0.106,-0.4083,-0.9504,5.0332,23.8828,17.873
263240,0.0485,-0.4059,-0.7572,9.4062,30.5137,13.1406
263263,0.1251,-0.4375,-0.9624,12.6641,34.6348,9.5996
263286,0.0167,-0.3861,-0.9335,17.4453,39.1855,4.082
263309,0.0986,-0.3137,-0.9011,20.1465,40.6211,0.5684
263332,0.0231,-0.3341,-0.9164,22.9121,39.918,-3.9805
263355,0.0828,-0.2958,-0.9935,23.6309,35.8574,-7.291
263378,0.026,-0.2092,-0.9203,22.8262,31.5059,-8.752
263401,-0.2249,-0.1786,-0.9696,19.6777,23.2012,-10.0449
263424,-0.0426,-0.2699,-1.2523,16.209,17.0469,-10.707
263447,0.3411,-0.4004,-1.1267,8.9492,7.5605,-12.8301
263470,0.3242,-0.4934,-1.0183,0.2227,-2.2891,-18.3027
263493,0.1211,-0.4723,-0.8475,-5.3945,-8.9687,-24.293
263516,-0.1677,-0.3719,-0.7775,-11.8184,-18.2539,-35.9902
263539,-0.2147,-0.2943,-0.7701,-14.1152,-23.2227,-44.6816
263562,0.1748,-0.3755,-0.9116,-14.6543,-28.4277,-57.8203
263585,0.2518,-0.4536,-0.8585,-13.7734,-32.1914,-64.0
263608,0.0704,-0.4464,-0.7626,-12.0645,-34.6484,-64.0
263631,-0.1091,-0.3866,-0.7006,-11.0625,-38.0957,-64.0
263654,-0.1548,-0.3384,-0.6417,-11.1426,-39.5879,-64.0
263677,0.0037,-0.3213,-0.6439,-12.8223,-39.6016,-64.0
263700,0.1611,-0.3401,-0.7404,-15.3281,-38.1133,-64.0
263723,0.2001,-0.3362,-0.7827,-21.8672,-34.748,-64.0
263746,0.1837,-0.3157,-0.776,-32.1719,-31.5137,-64.0
263769,0.1478,-0.2926,-0.7664,-40.8672,-29.7031,-64.0
263792,0.1022,-0.2172,-0.63,-55.3379,-26.9629,-64.0
263815,0.0328,-0.1371,-0.5754,-64.0,-24.6055,-64.0
263838,0.0579,-0.0751,-0.6471,-64.0,-19.5039,-64.0
263861,0.1307,-0.1029,-0.7758,-64.0,-12.1992,-64.0
263884,0.2019,-0.1392,-0.7793,-64.0,-6.2793,-64.0
263907,0.1974,0.0071,-0.6969,-64.0,3.543,-64.0
263930,0.1385,0.1498,-0.7086,-64.0,10.3613,-64.0
263953,0.1608,0.1411,-0.8533,-64.0,20.7109,-64.0
263976,0.2921,0.088,-0.8921,-64.0,30.8945,-64.0
263999,0.4113,0.2598,-0.8173,-64.0,37.1055,-64.0
264022,0.4402,0.3071,-0.9927,-64.0,44.4746,-64.0
264045,0.3938,0.2822,-1.0054,-64.0,47.6289,-64.0
264068,0.411,0.3705,-0.8712,-64.0,49.502,-56.8418
264091,0.3822,0.4392,-0.8804,-64.0,48.9727,-50.4277
264114,0.2903,0.4213,-0.9858,-64.0,46.0215,-39.3906
264137,0.2438,0.4348,-0.9279,-64.0,41.2227,-26.2012
264160,0.248,0.4771,-0.8342,-64.0,37.2617,-16.418
264183,0.2346,0.4686,-0.8301,-64.0,30.2012,-1.332
264206,0.2583,0.4237,-0.9349,-63.5527,24.6719,8.1523
264229,0.2731,0.376,-0.9945,-48.2695,15.2012,20.125
264252,0.2667,0.4172,-0.8728,-33.7871,4.9551,28.2891
264275,0.1844,0.4609,-0.8408,-24.9004,-1.7617,31.4629
264298,0.1337,0.4442,-0.8549,-12.7012,-10.8516,33.3066
264321,0.1949,0.4026,-0.7946,-5.2324,-15.8828,33.0371
264344,0.2922,0.3477,-0.8176,5.0586,-21.5781,31.0273
264367,0.3055,0.311,-0.8673,14.1328,-24.9629,27.6563
264390,0.3063,0.2979,-0.8816,19.291,-25.8926,24.9707
264413,0.3564,0.2777,-0.8855,25.2012,-25.6035,20.834
264436,0.3639,0.2222,-0.879,27.6094,-24.7891,18.291
264459,0.2404,0.2299,-0.9203,28.5527,-23.5391,15.2187
264482,0.0933,0.2559,-0.8521,27.4082,-22.8945,13.9062
264505,0.0524,0.255,-0.7903,23.6211,-21.7813,13.3887
264528,0.0956,0.217,-0.8208,18.5781,-19.5762,14.584
264551,0.2046,0.1702,-0.8572,15.1758,-17.2441,15.9707
264574,0.2523,0.1439,-0.8502,10.6484,-12.7695,17.9785
264597,0.2672,0.1425,-0.863,8.1836,-9.5234,18.75
264620,0.2538,0.179,-0.8856,5.332,-4.9043,18.582
264643,0.2417,0.1971,-0.9255,3.2578,-1.0098,16.9063
264666,0.2666,0.2063,-0.9553,2.1328,1.1484,15.2207
264689,0.3003,0.1909,-0.9579,0.6992,3.6973,12.4043
264712,0.3025,0.2057,-0.907,-0.0117,4.8418,10.666
264735,0.2091,0.2151,-0.8695,-0.3027,5.6777,8.7812
264758,0.1353,0.2089,-0.8601,0.8965,5.8984,8.2227
264781,0.1715,0.1729,-0.9005,2.6543,6.1016,8.6348
264804,0.2832,0.1245,-0.9238,6.4473,6.7168,10.002
264827,0.3468,0.0837,-0.8768,9.4141,7.0566,10.9727
264850,0.2837,0.0869,-0.7864,14.0,6.6855,11.873
264873,0.1709,0.1099,-0.7478,16.9648,5.6914,11.9609
264896,0.1257,0.1135,-0.7573,21.0293,3.6387,11.7559
264919,0.1879,0.101,-0.7827,24.0605,1.8965,11.3301
264942,0.2775,0.0874,-0.8451,25.0156,1.1582,10.9375
264965,0.2987,0.0875,-0.9084,24.127,0.4043,9.8945
264988,0.2656,0.103,-0.8999,21.793,-0.123,8.7617
265011,0.2314,0.1014,-0.9132,15.9277,-1.0918,6.459
265034,0.2493,0.1036,-0.8701,8.1934,-2.0273,3.793
265057,0.278,0.099,-0.8821,2.7129,-2.4219,2.0332
265080,0.2697,0.0931,-0.9077,-4.9316,-2.5195,-0.332
265103,0.2623,0.0975,-0.887,-9.1484,-2.2969,-1.625
265126,0.2675,0.1079,-0.8588,-13.5937,-1.7773,-3.0254
265149,0.2435,0.116,-0.8168,-15.5176,-1.3848,-3.7187
265172,0.2157,0.1281,-0.7974,-15.4707,-1.3066,-3.7793
265195,0.2137,0.1334,-0.8491,-13.8516,-1.4453,-3.3164
265218,0.2397,0.121,-0.9027,-12.1289,-1.6719,-2.7246
265241,0.2448,0.1273,-0.8806,-9.3066,-2.1797,-1.6504
265264,0.2092,0.1415,-0.8497,-7.5859,-2.5937,-0.625
265287,0.2119,0.1417,-0.8665,-5.5352,-3.1094,-0.0645
265310,0.235,0.1387,-0.8749,-4.2227,-3.1523,0.5117
265333,0.2424,0.1289,-0.8666,-3.7441,-2.8047,0.6836
265356,0.2527,0.124,-0.855,-3.4883,-1.7227,0.6035
265379,0.2495,0.1152,-0.869,-3.5059,-0.7012,0.3418
265402,0.2622,0.1107,-0.8606,-3.6152,1.0625,-0.2715
265425,0.2643,0.1088,-0.8562,-3.666,2.8125,-1.0156
265448,0.2578,0.113,-0.8497,-3.625,3.8242,-1.498
265471,0.2694,0.1208,-0.8547,-3.4629,4.9668,-2.0918
265494,0.2725,0.1218,-0.8877,-3.3242,5.4199,-2.3594
265517,0.27,0.1254,-0.8971,-3.1738,5.5781,-2.5527
265540,0.276,0.1271,-0.871,-3.1855,5.125,-2.5254
265563,0.2645,0.1285,-0.8737,-3.2793,4.5547,-2.418
265586,0.2422,0.1265,-0.8754,-3.4785,3.457,-2.1699
265609,0.2484,0.1235,-0.8613,-3.6016,2.6602,-1.9766
265632,0.2559,0.1185,-0.8384,-3.6816,1.4863,-1.7148
265655,0.2659,0.1188,-0.8457,-3.627,0.4805,-1.5703
265678,0.2689,0.1157,-0.8702,-3.3887,-0.0254,-1.5742
265701,0.251,0.1108,-0.8707,-3.0508,-0.5273,-1.7168
265724,0.244,0.1068,-0.8397,-2.8164,-0.7051,-1.8672
265747,0.2598,0.1002,-0.832,-2.4824,-0.7617,-2.0859
265770,0.2612,0.1047,-0.8287,-2.2832,-0.6699,-2.1973
265793,0.2581,0.1064,-0.8347,-2.0605,-0.3633,-2.2852
265816,0.2683,0.1101,-0.8439,-2.0,0.0801,-2.2617
265839,0.2812,0.1136,-0.8792,-2.0977,0.3906,-2.1816
265862,0.262,0.1216,-0.8787,-2.5059,0.793,-1.959
265885,0.264,0.1229,-0.8823,-2.9453,1.0195,-1.7344
265908,0.2678,0.132,-0.8514,-3.75,1.3047,-1.2891
265931,0.2662,0.1267,-0.8829,-4.543,1.5273,-0.7617
265954,0.2605,0.1251,-0.8646,-4.9785,1.6211,-0.4062
265977,0.2736,0.123,-0.8424,-5.4004,1.6367,0.0645
266000,0.281,0.1206,-0.8608,-5.4902,1.5586,0.3008
266023,0.2632,0.1183,-0.8887,-5.3574,1.3125,0.5059
266046,0.2389,0.1146,-0.8633,-4.6387,0.9258,0.5625
266069,0.2408,0.1113,-0.8236,-4.6758,0.6211,0.5566
266092,0.2637,0.1108,-0.819,-4.082,0.1523,0.5195
266115,0.2743,0.1161,-0.8632,-3.6426,-0.127,0.4609
266138,0.2983,0.1158,-0.894,-3.0449,-0.4102,0.2734
266161,0.2751,0.1097,-0.9054,-2.7559,-0.4707,0.0664
266184,0.2616,0.1149,-0.8427,-2.5059,-0.3926,-0.3066
266207,0.2513,0.1118,-0.823,-2.334,-0.1875,-0.6172
266230,0.2744,0.1108,-0.8348,-2.1836,-0.0195,-0.7363
266253,0.2731,0.1111,-0.8547,-1.9219,0.2168,-0.7852
266276,0.2644,0.1135,-0.8669,-1.7871,0.3418,-0.7617
266299,0.2649,0.1145,-0.8622,-1.7715,0.4766,-0.6973
266322,0.2681,0.1106,-0.8662,-2.0449,0.5391,-0.6406
266345,0.2578,0.1084,-0.8518,-2.3789,0.5195,-0.627
266368,0.28,0.1132,-0.8521,-3.043,0.3633,-0.6621
266391,0.2595,0.1174,-0.8666,-3.5449,0.1445,-0.7383
266414,0.2672,0.1202,-0.882,-4.3359,-0.3984,-0.9531
266437,0.2656,0.1235,-0.8707,-5.166,-1.207,-1.3301
266460,0.2577,0.1299,-0.8474,-5.7441,-1.8848,-1.7031
266483,0.225,0.1215,-0.8804,-6.666,-3.1094,-2.4707
266506,0.197,0.1198,-0.8264,-7.3496,-4.0801,-3.127
266529,0.1407,0.1621,-0.7522,-8.5645,-5.8223,-4.3711
266552,0.08,0.1938,-0.793,-9.6465,-7.2852,-5.4766
266575,0.3717,0.1412,-1.1512,-12.4121,-10.4414,-7.9863
266598,0.5082,0.1404,-1.2017,-17.8398,-15.9375,-12.2266
266621,0.2208,0.2396,-0.8475,-23.0547,-21.2617,-16.0352
266644,-0.052,0.2942,-0.6848,-31.6152,-30.4082,-22.0762
266667,-0.0334,0.2732,-0.771,-36.4043,-35.7813,-25.3418
266690,0.1229,0.2557,-0.848,-40.5371,-40.7695,-27.9688
266713,0.11,0.2524,-0.8881,-40.5625,-41.5273,-27.7402
266736,0.0553,0.251,-0.837,-38.5742,-39.9746,-26.3398
266759,0.0052,0.2512,-0.7798,-33.3145,-35.3535,-23.0352
266782,-0.0312,0.2466,-0.7805,-28.7813,-31.2422,-20.3984
266805,0.0428,0.2285,-0.8218,-21.3789,-24.3984,-16.4531
266828,0.1715,0.2102,-0.8734,-14.4453,-17.8457,-13.3828
266851,0.1459,0.2164,-0.8419,-10.6367,-14.2441,-12.2227
266874,0.0448,0.2365,-0.7783,-6.541,-10.4141,-11.8965
266897,0.0442,0.2384,-0.8409,-4.8926,-8.7832,-12.3848
266920,0.0546,0.2452,-0.8347,-3.8594,-7.2578,-13.5645
266943,0.0887,0.2557,-0.8412,-3.9707,-6.6133,-14.8379
266966,0.0505,0.2706,-0.8561,-5.0039,-5.9141,-15.0898
266989,0.0221,0.2792,-0.8588,-6.627,-5.3008,-15.0312
267012,0.0021,0.2803,-0.8397,-7.793,-4.8437,-14.4531
267035,0.0139,0.2686,-0.8424,-9.375,-4.0586,-12.8789
267058,0.0326,0.2594,-0.8563,-10.2148,-3.5469,-11.5625
267081,-0.0465,0.2473,-0.894,-11.1016,-3.0332,-9.7012
267104,-0.1331,0.2145,-0.9199,-11.5996,-3.1309,-8.5957
267127,-0.1212,0.1752,-0.9065,-11.7734,-3.748,-8.6211
267150,0.0208,0.2065,-0.7777,-11.9219,-6.0117,-10.4219
267173,0.0876,0.2611,-0.7487,-12.0137,-8.7031,-13.1836
267196,0.2229,0.2721,-0.7932,-12.3437,-14.418,-19.9668
267219,0.1705,0.2726,-0.9342,-13.3809,-21.1797,-29.248
267242,-0.0768,0.3151,-0.8446,-14.6855,-25.5254,-35.7461
267265,-0.1968,0.366,-0.7103,-17.2773,-30.1406,-43.5996
267288,-0.1556,0.3981,-0.6666,-18.959,-30.9258,-46.3594
267311,-0.0399,0.3923,-0.7986,-20.7617,-27.832,-45.8633
267334,-0.0421,0.386,-0.921,-21.4961,-23.2969,-40.3398
267357,-0.1151,0.4053,-0.8562,-22.4121,-14.4551,-34.6719
267380,-0.1072,0.4153,-0.7716,-23.6016,-5.0723,-24.6816
267403,-0.0276,0.3861,-0.8632,-24.5918,0.7832,-17.9141
267426,0.0037,0.3549,-0.9178,-26.2891,8.2344,-8.9434
267449,-0.0649,0.358,-0.8347,-27.4609,12.0156,-4.2949
267472,-0.082,0.3555,-0.7701,-28.8379,15.752,0.3281
267495,-0.12,0.3441,-0.7792,-29.0508,17.2754,2.3203
267518,-0.1212,0.339,-0.7766,-28.2949,17.1914,2.4473
267541,-0.0503,0.3182,-0.7781,-25.8516,15.7402,1.2676
267564,-0.043,0.3022,-0.7947,-23.5449,14.1113,-0.2168
267587,-0.1246,0.308,-0.7751,-19.5039,11.0391,-3.0508
267610,-0.1078,0.3003,-0.7777,-15.1816,7.6836,-5.9687
267633,-0.0374,0.2997,-0.7728,-12.3105,5.4863,-7.6699
267656,-0.0377,0.3361,-0.7776,-8.2871,2.4629,-9.6836
267679,-0.0339,0.3567,-0.7771,-5.9785,0.7441,-10.6406
267702,0.0107,0.3722,-0.7773,-3.3594,-1.3027,-11.5
267725,-0.0066,0.3978,-0.7787,-2.2715,-2.9062,-11.6934
267748,-0.0914,0.4104,-0.8539,-1.668,-3.7754,-11.4512
267771,-0.0613,0.4288,-0.8798,-2.2012,-4.582,-10.5098
267794,-0.0444,0.4392,-0.8506,-3.0293,-4.707,-9.5488
267817,-0.0848,0.4233,-0.8103,-4.4922,-4.4297,-7.8125
267840,-0.1019,0.3789,-0.7596,-5.2578,-4.0801,-6.5879
267863,-0.0937,0.3483,-0.6908,-5.5684,-3.3281,-4.8594
267886,-0.0735,0.3199,-0.7203,-4.666,-2.0586,-3.5273
267909,-0.0879,0.3182,-0.7797,-3.5781,-0.8535,-2.9902
267932,-0.0291,0.3387,-0.7762,-1.8945,1.375,-2.7715
267955,0.0382,0.3794,-0.7795,-1.1836,2.957,-2.9805
267978,0.0072,0.443,-0.7831,-1.2949,5.0859,-3.6348
268001,-0.0917,0.4889,-0.7759,-3.0449,6.6348,-4.2461
268024,-0.0851,0.4799,-0.7883,-4.9746,7.3652,-4.3398
268047,-0.0387,0.4653,-0.8384,-8.543,8.0762,-3.8125
268070,-0.0355,0.4529,-0.778,-11.0703,8.207,-3.0801
268093,-0.051,0.4172,-0.7821,-14.5586,7.7676,-1.707
268116,-0.0393,0.3936,-0.7786,-16.416,6.7656,-0.3691
268139,-0.0245,0.3973,-0.7666,-18.207,6.0391,0.334
268162,-0.0607,0.401,-0.731,-18.6855,5.332,0.9199
268185,-0.0613,0.3878,-0.7184,-18.3574,5.3398,0.9473
268208,-0.0243,0.3672,-0.7821,-17.248,6.2617,0.4023
268231,-0.011,0.3748,-0.8403,-16.3516,7.5488,-0.3516
268254,-0.0525,0.373,-0.8301,-15.0508,10.5664,-1.9688
268277,-0.0701,0.3853,-0.7695,-13.8184,14.5762,-3.8633
268300,-0.1364,0.3734,-0.7867,-12.9082,17.3789,-5.0684
268323,-0.0033,0.3612,-0.9137,-11.1582,21.043,-6.5684
268346,0.0641,0.3627,-0.7935,-9.5879,22.6152,-7.373
268369,-0.0015,0.3729,-0.6489,-6.291,22.9863,-8.4355
268392,-0.1257,0.375,-0.645,-1.5762,21.1328,-9.2988
268415,-0.0472,0.3882,-0.6473,2.1602,19.1309,-9.6777
268438,0.0918,0.4137,-0.6667,7.6602,15.5742,-9.9922
268461,0.1572,0.4255,-0.7827,10.4824,12.9941,-10.1699
268484,0.0913,0.4557,-0.7947,12.1875,9.0605,-10.4863
268507,0.0039,0.474,-1.0032,10.2109,5.7617,-10.5
268530,0.0552,0.5222,-0.7833,6.7148,4.4316,-10.041
268553,0.0725,0.5044,-0.7765,-0.0703,4.2207,-8.4746
268576,0.1052,0.4995,-0.7678,-4.8848,5.1699,-6.9238
268599,0.0598,0.4962,-0.6855,-11.3711,7.6094,-4.1387
268622,0.0605,0.4427,-0.7249,-14.8477,9.6289,-2.1309
268645,0.0746,0.3954,-0.787,-18.7813,13.127,0.959
268668,0.0933,0.405,-0.7405,-21.5898,17.1621,3.9785
268691,0.0963,0.3859,-0.7203,-23.0254,20.0332,5.8359
268714,0.1611,0.4111,-0.7039,-24.6602,24.2324,8.2187
268737,0.1599,0.4158,-0.7371,-25.4238,26.7598,9.4844
268760,0.1449,0.4171,-0.7919,-26.0566,30.2617,10.9199
268783,0.1886,0.4152,-0.7231,-26.0566,33.918,12.0059
268806,0.277,0.4161,-0.6554,-25.7246,36.4102,12.7051
268829,0.337,0.439,-0.6549,-24.8125,39.5742,13.9707
268852,0.3568,0.4227,-0.7522,-24.0117,40.9277,15.1035
268875,0.2467,0.423,-0.7661,-22.7715,41.4902,17.5469
268898,0.0614,0.4315,-0.7776,-21.8105,40.127,21.3145
268921,-0.0299,0.4661,-0.7676,-21.4219,38.0684,24.6777
268944,-0.0028,0.5227,-0.7051,-21.0879,32.998,30.5234
268967,0.1946,0.5072,-0.7672,-20.7969,28.2207,34.2441
268990,0.2395,0.5426,-0.7018,-19.752,19.1445,37.9668
269013,0.3066,0.5321,-0.6991,-18.4023,12.1582,37.9063
269036,0.3083,0.5157,-0.7721,-15.1992,1.25,35.3535
269059,0.1748,0.4893,-0.7804,-10.7578,-8.6035,28.3125
269082,0.1494,0.4506,-0.7867,-7.3047,-13.6289,22.1504
269105,0.2375,0.4089,-0.8085,-1.6504,-17.8574,12.0195
269128,0.373,0.3928,-0.6501,2.3574,-18.3613,5.2402
269151,0.3798,0.3773,-0.5836,8.7051,-16.2734,-4.3555
269174,0.2324,0.364,-0.6692,15.1895,-12.1133,-12.5508
269197,0.225,0.3323,-0.7816,19.1816,-8.8008,-16.7598
269220,0.2985,0.309,-0.791,23.8281,-3.7695,-20.6758
269243,0.3096,0.3312,-0.7306,25.6523,-0.8965,-21.6543
269266,0.2355,0.3488,-0.6302,26.3438,1.9414,-20.9648
269289,0.181,0.3553,-0.6198,24.9434,2.8555,-18.252
269312,0.1809,0.3595,-0.7214,23.0586,2.5664,-15.666
269335,0.2163,0.3673,-0.7843,18.8965,1.0469,-11.2031
269358,0.22,0.3818,-0.7753,15.2695,-0.543,-8.1836
269381,0.1501,0.4241,-0.7095,8.8848,-3.5117,-4.041
269404,0.1385,0.4777,-0.589,4.4004,-5.6367,-0.6074
269427,0.0679,0.489,-0.7275,-1.8906,-8.5117,1.248
269450,0.0784,0.4641,-0.7946,-7.1699,-10.4492,3.3496
269473,0.2496,0.4337,-0.7844,-10.1113,-11.1211,4.1992
269496,0.2836,0.4299,-0.77,-13.7305,-11.5078,4.3574
269519,0.1427,0.4528,-0.7034,-15.5762,-11.5625,3.6758
269542,0.0229,0.4547,-0.6958,-17.332,-11.3281,1.8574
269565,0.1665,0.4227,-0.7303,-17.8398,-10.457,-0.1953
269588,0.3075,0.4082,-0.7744,-17.6484,-9.6426,-1.4727
269611,0.2319,0.4412,-0.681,-16.9883,-8.627,-3.1523
269634,0.0498,0.4404,-0.7699,-16.5059,-8.1777,-3.9687
269657,0.1345,0.4585,-0.7802,-15.9512,-7.4258,-4.3555
269680,0.239,0.4709,-0.7689,-15.6309,-6.168,-3.668
269703,0.182,0.4855,-0.7076,-15.4316,-5.0957,-2.8164
269726,0.1658,0.4767,-0.7023,-14.9141,-3.4219,-1.3789
269749,0.1656,0.4645,-0.7556,-14.3457,-2.3965,-0.5273
269772,0.1716,0.4365,-0.7725,-13.1758,-1.125,0.3027
269795,0.1931,0.4216,-0.7332,-12.2793,-0.002,0.3691
269818,0.1707,0.4298,-0.7137,-10.998,0.0508,-0.0566
269841,0.1595,0.4453,-0.7186,-10.0312,0.1953,-1.293
269864,0.1523,0.473,-0.7725,-9.6289,0.1094,-2.3887
269887,0.1414,0.4902,-0.7014,-9.3926,-0.207,-4.1719
269910,0.1702,0.4785,-0.702,-9.4531,-0.4395,-5.2949
269933,0.1902,0.4536,-0.7094,-9.8164,-0.5137,-6.6738
269956,0.1606,0.4574,-0.7372,-10.3867,0.1484,-7.5586
269979,0.1508,0.4922,-0.7438,-10.8145,1.1191,-7.8789
270002,0.1727,0.5007,-0.6727,-11.4336,3.2109,-8.0137
270025,0.2037,0.4858,-0.7061,-11.8047,4.8086,-7.9141
270048,0.1805,0.5035,-0.782,-12.3203,7.1152,-7.5488
270071,0.1455,0.4869,-0.6842,-12.8594,8.791,-7.084
270094,0.161,0.4861,-0.6481,-13.2969,9.2324,-6.8301
270117,0.1373,0.5017,-0.7008,-14.1406,8.5742,-6.6543
270140,0.1366,0.5084,-0.704,-14.8184,7.2773,-6.6816
270163,0.1327,0.5096,-0.649,-15.8965,4.3574,-6.8496
270186,0.1316,0.5071,-0.625,-16.5645,0.8516,-6.9492
270209,0.1301,0.499,-0.6608,-17.3086,-1.4297,-6.834
270232,0.1742,0.5016,-0.6971,-17.5,-4.1777,-6.1934
270255,0.1758,0.5027,-0.661,-17.1992,-5.3359,-5.3828
270278,0.1854,0.506,-0.6368,-16.0195,-5.8848,-3.6133
270301,0.1754,0.5127,-0.6685,-14.7559,-5.4238,-2.1738
270324,0.165,0.5107,-0.6827,-12.248,-3.6172,0.0566
270347,0.1692,0.4974,-0.6887,-9.2539,-0.9414,1.9434
270370,0.1793,0.4974,-0.6918,-7.1777,0.959,2.8203
270393,0.1755,0.4972,-0.6611,-4.2637,3.4434,3.4219
270416,0.1793,0.4955,-0.6694,-2.6328,4.6309,3.3359
270439,0.1755,0.4957,-0.6605,-0.8809,5.5684,2.543
270462,0.1978,0.5134,-0.6862,-0.0391,5.7402,1.1426
270485,0.1664,0.5402,-0.6904,0.0684,5.7754,0.0059
270508,0.2083,0.4957,-0.6576,-0.2949,6.3867,-1.7695
270531,0.193,0.4825,-0.6632,-0.8066,7.4746,-2.873
270554,0.2196,0.49,-0.7042,-1.8457,10.2344,-4.2363
270577,0.1689,0.5292,-0.676,-3.1348,13.7227,-5.207
270600,0.1835,0.519,-0.6237,-3.8145,15.832,-5.6875
270623,0.1809,0.5397,-0.6693,-4.8594,17.7051,-6.2695
270646,0.2015,0.522,-0.6877,-5.4219,17.7793,-6.582
270669,0.1719,0.502,-0.6837,-5.9863,16.1484,-6.8809
270692,0.1831,0.5074,-0.6368,-6.1543,14.1465,-6.9238
270715,0.2008,0.525,-0.6572,-6.084,10.3906,-6.6914
270738,0.1737,0.5233,-0.6925,-5.6562,6.502,-6.0605
270761,0.1837,0.5045,-0.6752,-5.2168,4.1816,-5.4121
270784,0.1985,0.5083,-0.6499,-4.4258,1.3984,-4.1113
270807,0.2263,0.506,-0.6517,-3.877,0.0566,-3.0449
270830,0.2196,0.5048,-0.6661,-3.0879,-1.248,-1.2402
270853,0.1976,0.505,-0.6802,-2.3574,-1.875,0.5859
270876,0.1948,0.5004,-0.6838,-1.9004,-2.0215,1.6387
270899,0.2014,0.5024,-0.6735,-1.2715,-2.0039,2.7461
270922,0.1971,0.5027,-0.6616,-0.9082,-1.9277,3.0977
270945,0.1844,0.5011,-0.6823,-0.4805,-1.8652,3.0391
270968,0.1815,0.5001,-0.6837,-0.2422,-1.9941,2.4062
270991,0.1945,0.5033,-0.6572,-0.2031,-2.2324,1.7871
271014,0.1924,0.5018,-0.6744,-0.334,-2.834,0.7871
271037,0.1735,0.4998,-0.6776,-0.5391,-3.3574,0.1895
271060,0.1821,0.5001,-0.6691,-0.9785,-4.1973,-0.4453
271083,0.1985,0.5016,-0.6665,-1.3301,-4.7344,-0.6406
271106,0.1864,0.4989,-0.6968,-1.8945,-5.4062,-0.5527
271129,0.1803,0.5004,-0.6941,-2.4609,-5.7988,-0.0547
271152,0.1852,0.5016,-0.687,-2.8437,-5.916,0.4355
271175,0.2057,0.5018,-0.6827,-3.4805,-6.0039,1.2773
271198,0.212,0.5017,-0.7059,-3.9941,-6.041,1.8438
271221,0.2031,0.5017,-0.6949,-4.9824,-6.0586,2.5801
271244,0.1829,0.5118,-0.6533,-6.3047,-6.002,2.9629
271267,0.1726,0.5142,-0.6605,-7.3848,-5.9277,2.8906
271290,0.1656,0.5151,-0.6625,-9.2422,-5.8008,2.168
271313,0.1609,0.5186,-0.6425,-10.5449,-5.7129,1.2852
271336,0.1807,0.5193,-0.6014,-12.3496,-5.5195,-0.4746
271359,0.1729,0.5188,-0.6642,-13.6328,-5.127,-2.4199
271382,0.1519,0.5198,-0.6614,-14.0078,-4.6602,-3.6172
271405,0.1603,0.5187,-0.6365,-13.6406,-3.5957,-5.0312
271428,0.1647,0.5173,-0.6891,-12.7461,-2.6758,-5.6289
271451,0.1556,0.5148,-0.6885,-10.5312,-1.0547,-5.9141
271474,0.1772,0.5142,-0.6669,-8.627,0.1133,-5.1719
271497,0.2124,0.512,-0.6851,-5.5195,1.7676,-4.668
271520,0.1785,0.5178,-0.6683,-2.6621,2.9199,-3.0273
271543,0.1587,0.5221,-0.681,-1.1758,3.2285,-1.7344
271566,0.1764,0.5162,-0.6757,0.1445,2.9375,0.1602
271589,0.1843,0.5193,-0.6711,0.3496,2.334,1.1934
271612,0.1566,0.5206,-0.6643,-0.3066,1.0488,2.1719
271635,0.1864,0.5219,-0.6488,-1.9023,-0.4141,2.4121
271658,0.1768,0.5283,-0.6411,-3.3105,-1.375,2.2227
271681,0.1766,0.521,-0.6444,-5.627,-2.6816,1.5645
271704,0.1754,0.5195,-0.646,-7.1152,-3.3945,0.9707
271727,0.1488,0.5167,-0.6216,-8.9531,-4.1406,0.0469
271750,0.1353,0.5431,-0.651,-10.0254,-4.4766,-0.6582
271773,0.1975,0.5164,-0.6663,-10.209,-4.4531,-0.8691
271796,0.1824,0.5175,-0.6761,-9.6484,-3.9746,-0.6758
271819,0.1726,0.5176,-0.6603,-8.7715,-3.3594,-0.2129
271842,0.1949,0.5099,-0.6561,-6.8828,-2.1074,0.8711
271865,0.2075,0.5068,-0.6744,-5.3906,-1.1758,2.2168
271888,0.1812,0.5245,-0.6893,-3.0937,0.1172,3.1406
271911,0.1816,0.5237,-0.6852,-1.0742,1.0391,4.3867
271934,0.1732,0.5144,-0.6566,-0.0449,1.3984,4.9961
271957,0.187,0.5182,-0.6566,0.834,1.6387,5.4102
271980,0.1838,0.5201,-0.6799,0.9238,1.6621,5.3301
272003,0.2142,0.509,-0.6829,0.3223,1.6113,4.7773
272026,0.1898,0.5204,-0.6691,-1.0605,1.5391,3.9219
272049,0.2001,0.5215,-0.6516,-2.3242,1.4688,3.2734
272072,0.214,0.5182,-0.6288,-4.5586,1.2598,2.252
272095,0.2318,0.5033,-0.6289,-6.1602,0.9805,1.5371
272118,0.1715,0.5248,-0.6504,-8.5176,0.1387,0.3828
272141,0.1049,0.5504,-0.6526,-10.5273,-1.3613,-0.9082
272164,0.1432,0.5287,-0.6235,-11.498,-2.6758,-1.8242
272187,0.1506,0.5302,-0.6285,-12.166,-4.8164,-3.1543
272210,0.1748,0.5221,-0.6522,-11.9727,-6.0918,-3.8848
272233,0.1802,0.5082,-0.6721,-10.6074,-7.293,-4.4629
272256,0.1926,0.5059,-0.6661,-8.9941,-7.3867,-4.1094
272279,0.1747,0.5364,-0.6852,-5.7109,-6.3184,-3.2656
272302,0.1959,0.5027,-0.6877,-1.8242,-3.959,-1.1543
272325,0.2021,0.5103,-0.6908,0.7832,-1.8398,0.6641
272348,0.2535,0.5035,-0.6979,4.1914,1.7813,3.6504
272371,0.2263,0.5107,-0.7017,5.8262,4.1816,5.5898
272394,0.2169,0.5123,-0.6711,6.916,7.166,8.0176
272417,0.2089,0.5171,-0.6473,6.1113,8.752,9.3867
272440,0.2117,0.5154,-0.6271,4.543,8.7852,9.502
272463,0.2186,0.5063,-0.6272,0.957,7.2383,8.3535
272486,0.1714,0.5211,-0.6344,-1.9238,5.2812,6.748
272509,0.1608,0.5253,-0.6445,-6.2539,1.4473,3.3457
272532,0.1506,0.5179,-0.6389,-9.7187,-2.6758,-0.7246
272555,0.1588,0.5167,-0.6536,-11.1621,-5.1465,-3.4473
272578,0.1843,0.5159,-0.6733,-11.707,-7.8789,-6.9687
272601,0.1963,0.5087,-0.696,-10.9668,-8.8184,-8.6465
272624,0.1774,0.5095,-0.7203,-8.4395,-8.7461,-9.8555
272647,0.1857,0.5103,-0.707,-6.1055,-7.1211,-9.4941
272670,0.1901,0.5175,-0.6854,-2.3105,-5.4883,-8.543
272693,0.1937,0.5051,-0.6776,0.9512,-2.8535,-6.4746
272716,0.1726,0.5201,-0.6711,2.4102,-1.3203,-4.957
272739,0.1663,0.5186,-0.6542,3.1641,0.2109,-2.9336
272762,0.1777,0.5184,-0.6456,2.6621,0.5898,-1.9492
272785,0.1581,0.5256,-0.6381,0.5937,0.1953,-1.1777
272808,0.1606,0.522,-0.642,-2.5,-1.0859,-1.2422
272831,0.1564,0.5204,-0.6381,-4.7363,-2.1777,-1.6563
272854,0.1564,0.5231,-0.6542,-7.7266,-3.7402,-2.6094
272877,0.1532,0.522,-0.6683,-9.166,-4.5117,-3.3125
272900,0.161,0.5156,-0.6788,-10.1523,-4.9961,-4.2324
272923,0.1724,0.5156,-0.6782,-9.6328,-4.5723,-4.7578
272946,0.1785,0.5154,-0.6841,-8.5527,-3.8613,-4.8184
272969,0.1714,0.5123,-0.6947,-6.1875,-2.4004,-4.4922
272992,0.1501,0.5212,-0.6902,-4.3848,-1.3418,-4.0723
273015,0.1578,0.5164,-0.6831,-1.8301,0.0664,-3.3262
273038,0.1617,0.5197,-0.6754,0.0195,0.9727,-2.6445
273061,0.1608,0.5286,-0.6653,0.6816,1.2109,-2.3008
273084,0.1578,0.5265,-0.651,0.6289,0.9961,-1.998
273107,0.1572,0.5177,-0.6311,-0.082,0.4863,-1.9395
273130,0.1465,0.5231,-0.6436,-1.9844,-0.7344,-2.0508
273153,0.1266,0.5305,-0.6481,-3.5977,-1.748,-2.2344
273176,0.1543,0.5201,-0.6417,-6.0664,-3.3457,-2.5977
273199,0.141,0.5183,-0.6588,-8.0254,-4.7344,-2.9551
273222,0.1439,0.5228,-0.6871,-8.791,-5.3789,-3.1211
273245,0.1604,0.5149,-0.6874,-8.8984,-5.75,-3.1699
273268,0.1328,0.5225,-0.693,-8.2734,-5.584,-3.0508
273291,0.1476,0.5234,-0.6888,-6.5039,-4.7988,-2.6602
273314,0.1483,0.5164,-0.6799,-4.2031,-3.5469,-2.0879
273337,0.1527,0.5208,-0.6698,-2.6777,-2.5566,-1.6504
273360,0.1614,0.5236,-0.6675,-0.8145,-1.0313,-0.9629
273383,0.1499,0.5137,-0.644,-0.0332,-0.1113,-0.5176
273406,0.1387,0.5144,-0.6506,0.3242,0.8984,0.0781
273429,0.1534,0.5192,-0.6646,-0.1934,1.2773,0.5352
273452,0.141,0.5142,-0.6794,-0.8398,1.1543,0.748
273475,0.1321,0.5084,-0.6886,-1.8965,0.5156,0.916
273498,0.1122,0.5127,-0.6812,-2.4531,-0.1152,0.9453
273521,0.1515,0.5155,-0.6431,-2.8145,-1.2266,0.9551
273544,0.135,0.5021,-0.6901,-2.6699,-2.0371,1.041
273567,0.1462,0.5079,-0.7249,-1.8535,-3.2129,1.4922
273590,0.137,0.5061,-0.719,-0.4004,-4.1172,2.5195
273613,0.1464,0.5051,-0.7372,0.8047,-4.582,3.5684
273636,0.1309,0.5012,-0.6523,2.6699,-5.3262,5.666
273659,0.0856,0.4963,-0.616,3.7637,-5.9883,7.3672
273682,0.1321,0.5,-0.6449,4.9687,-7.2227,10.2637
273705,0.2688,0.4841,-0.6783,5.7637,-8.3066,13.1621
273728,0.3102,0.4697,-0.7355,6.291,-8.6211,14.7207
273751,0.2373,0.4897,-0.7019,7.4668,-8.1172,16.0605
273774,0.1707,0.4651,-0.6906,8.6621,-7.0078,16.2578
273797,0.1682,0.4327,-0.7828,11.0215,-4.0957,15.7695
273820,0.2161,0.4465,-0.7751,13.5254,0.0723,14.6836
273843,0.2076,0.4586,-0.7771,14.8926,3.1445,13.7227
273866,0.1896,0.4546,-0.6946,16.0645,7.3828,11.9746
273889,0.1946,0.4291,-0.7189,16.1563,9.5488,10.6426
273912,0.2163,0.408,-0.7861,15.1719,11.332,8.457
273935,0.2083,0.3906,-0.7231,13.7324,11.3809,6.1797
273958,0.1964,0.3876,-0.6654,10.5371,9.8691,4.7227
273981,0.1908,0.3936,-0.6838,6.5117,7.1035,2.8652
274004,0.1575,0.4363,-0.6938,3.5684,4.9824,1.9785
274027,0.1796,0.4551,-0.6967,-1.0293,1.8965,1.2871
274050,0.2607,0.4453,-0.8717,-4.1367,0.1113,1.2305
274073,0.2114,0.4832,-0.7566,-8.6875,-2.0312,1.582
274096,0.2329,0.531,-0.719,-12.5937,-3.543,2.2363
274119,0.2217,0.5042,-0.7605,-14.4375,-4.2148,2.7773
274142,0.1837,0.4889,-0.7797,-15.541,-4.6406,3.8027
274165,0.1881,0.4709,-0.744,-14.9707,-4.4434,4.7461
274188,0.2091,0.433,-0.7262,-11.9961,-3.332,6.748
274211,0.2056,0.3895,-0.6959,-6.6016,-1.4199,9.5996
274234,0.188,0.3793,-0.6752,-1.8945,0.1016,12.0156
274257,0.1821,0.3746,-0.7178,6.2695,2.6152,16.3652
274280,0.304,0.3595,-0.7831,12.043,4.5117,19.5977
274303,0.3831,0.3328,-0.7751,20.4434,7.6348,24.4023
274326,0.4672,0.3138,-0.7295,25.4746,10.6973,28.4199
274349,0.4714,0.3179,-0.734,31.7676,12.4961,30.4277
274372,0.4323,0.3254,-0.803,36.3398,15.0293,32.6504
274395,0.4166,0.304,-0.8881,38.3867,16.7305,34.0371
274418,0.4396,0.2708,-0.8701,40.082,19.4434,36.8672
274441,0.4308,0.2441,-0.8232,40.5645,21.3633,39.6113
274464,0.4515,0.2187,-0.8406,41.0566,24.3398,45.166
274487,0.5267,0.1923,-0.9009,42.1309,27.1504,52.0566
274510,0.6223,0.1429,-1.0283,43.5078,28.623,56.957
274533,0.651,0.1288,-1.0369,46.8398,29.5508,63.998
274556,0.572,0.1257,-1.0004,50.0313,29.0078,63.998
274579,0.5006,0.0796,-0.9781,56.4805,26.5273,63.998
274602,0.5195,0.0118,-0.9198,63.998,22.6973,63.998
274625,0.6093,-0.0653,-0.9298,63.998,19.7734,63.998
274648,0.6135,-0.1506,-0.9644,63.998,15.1133,63.998
274671,0.6036,-0.2086,-0.9539,63.998,11.7988,63.998
274694,0.5635,-0.2592,-0.8734,63.998,6.332,63.998
274717,0.5259,-0.3235,-0.7667,63.998,0.2422,63.998
274740,0.515,-0.3892,-0.6987,63.998,-4.0391,63.998
274763,0.4917,-0.4801,-0.6187,63.998,-10.3145,63.998
274786,0.4967,-0.5511,-0.5887,63.998,-14.0,63.998
274809,0.4661,-0.6097,-0.5902,63.998,-18.2324,63.998
274832,0.4136,-0.6406,-0.5775,63.998,-20.0527,63.998
274855,0.3734,-0.6503,-0.5208,63.998,-21.373,63.998
274878,0.343,-0.6281,-0.5028,63.998,-21.3652,63.998
274901,0.2118,-0.6274,-0.5553,63.998,-20.7891,63.998
274924,0.1681,-0.6454,-0.6221,63.998,-19.1367,63.998
274947,0.2015,-0.6301,-0.6141,60.1621,-17.6367,63.998
274970,0.1633,-0.5984,-0.5807,44.9277,-15.3242,63.998
274993,0.1155,-0.5841,-0.6165,29.25,-13.3594,63.998
275016,0.0551,-0.5786,-0.6678,19.082,-12.2441,63.998
275039,0.048,-0.5602,-0.6941,4.8809,-10.709,63.998
275062,0.0571,-0.5536,-0.6974,-3.6328,-9.7266,63.998
275085,0.1537,-0.5548,-0.7689,-14.7363,-8.3242,63.998
275108,0.1537,-0.5498,-0.7866,-23.5059,-7.1367,63.998
275131,0.103,-0.524,-0.7789,-28.791,-6.5078,63.998
275154,0.0969,-0.5215,-0.7782,-34.7266,-5.7051,63.998
275177,0.1599,-0.5339,-0.8356,-37.7402,-5.2324,63.998
275200,0.1542,-0.5315,-0.9282,-41.0742,-4.7461,58.7461
275223,0.0601,-0.5253,-0.8934,-42.6172,-4.6348,54.3203
275246,0.0237,-0.509,-0.7839,-43.877,-4.5898,48.7344
275269,0.0415,-0.5098,-0.795,-43.625,-4.2246,44.7559
275292,0.0463,-0.5164,-0.8486,-42.5898,-3.6934,42.9805
275315,0.0754,-0.53,-0.9122,-40.0547,-2.6074,41.2891
275338,0.0427,-0.5176,-0.9086,-38.0059,-1.8574,40.5215
275361,0.019,-0.5151,-0.8679,-34.832,-0.9336,39.4922
275384,-0.041,-0.5172,-0.8671,-31.8086,-0.3164,38.2969
275407,0.014,-0.52,-0.8839,-29.9707,-0.0352,37.2754
275430,0.1674,-0.5111,-0.9302,-27.6426,0.168,35.1738
275453,0.1918,-0.5238,-1.0005,-26.4805,0.0586,33.2734
275476,0.1202,-0.4746,-0.9414,-25.3555,-0.4492,29.8027
275499,-0.004,-0.4753,-0.906,-24.873,-0.9844,26.3203
275522,-0.0365,-0.4888,-0.8311,-24.168,-1.0859,24.5156
275545,-0.0035,-0.4878,-0.7751,-23.1934,-0.6953,23.0293
275568,0.012,-0.4988,-0.8496,-22.4258,-0.1875,22.7832
275591,0.0243,-0.4609,-0.8401,-21.4727,0.5215,22.9902
275614,0.0382,-0.4355,-0.885,-21.2109,0.7148,23.1367
275637,0.0078,-0.3978,-0.8798,-21.5508,0.3867,22.873
275660,-0.0381,-0.3702,-0.8175,-22.5273,-0.4941,21.8223
275683,-0.0758,-0.3771,-0.882,-23.248,-1.123,20.7461
275706,-0.0153,-0.3562,-0.8761,-24.0059,-1.6797,18.7598
275729,0.0398,-0.369,-0.917,-24.0801,-1.6016,17.2363
275752,0.0387,-0.37,-0.9183,-23.2363,-0.6465,14.625
275775,-0.026,-0.3839,-0.7467,-20.959,1.6543,11.6328
275798,0.0842,-0.4631,-0.9017,-18.5664,4.3574,9.4883
275821,0.1418,-0.5039,-0.8993,-13.9395,10.6699,6.1152
275844,0.1465,-0.4946,-0.906,-10.4863,16.2461,3.8398
275867,0.1746,-0.5275,-0.8422,-5.2187,25.498,0.5879
275890,0.1664,-0.5302,-0.7965,-0.002,34.0313,-2.3887
275913,0.1881,-0.5077,-0.8459,3.5195,38.5508,-4.2773
275936,0.236,-0.473,-0.8917,8.9199,42.625,-7.0977
275959,0.2399,-0.4789,-0.8948,12.4707,43.127,-9.0078
275982,0.1891,-0.467,-0.894,17.252,40.8105,-11.8223
276005,0.2131,-0.4423,-0.8746,19.7051,37.7773,-14.4883
276028,0.1956,-0.4078,-0.8629,21.6465,31.7969,-15.3184
276051,0.105,-0.3867,-0.8801,20.9902,24.7813,-16.0625
276074,0.1787,-0.3662,-0.9105,19.0566,19.5957,-15.9414
276097,0.15,-0.373,-0.8925,14.2051,10.5176,-15.0098
276120,0.1866,-0.3749,-0.8611,9.9551,3.4082,-14.0371
276143,0.1515,-0.3422,-0.7434,2.6152,-8.3437,-12.3086
276166,-0.0392,-0.3894,-0.8656,-5.3379,-19.832,-10.5
276189,-0.0088,-0.3461,-1.2062,-10.9395,-26.3848,-9.4082
276212,0.0978,-0.2975,-1.0448,-19.6602,-33.9668,-8.5391
276235,0.1204,-0.3364,-0.9508,-25.0723,-37.6699,-9.0508
276258,0.0524,-0.3712,-0.8711,-30.9336,-41.4746,-12.3242
276281,-0.0786,-0.3713,-0.7758,-32.3379,-43.0098,-18.8887
276304,-0.1025,-0.3669,-0.7759,-30.3281,-42.457,-24.8594
276327,-0.0198,-0.3585,-0.6967,-23.2969,-39.1074,-35.6484
276350,0.0531,-0.38,-0.6305,-16.6836,-35.4883,-43.834
276373,0.0746,-0.3962,-0.6119,-5.7012,-28.8379,-57.3945
276396,0.0376,-0.3954,-0.5765,1.1426,-24.0508,-64.0
276419,0.0398,-0.3646,-0.5483,8.8809,-16.7715,-64.0
276442,0.0663,-0.3123,-0.5029,12.1855,-9.6211,-64.0
276465,0.1515,-0.2897,-0.5043,11.6367,-5.0508,-64.0
276488,0.2089,-0.2859,-0.5317,6.9629,1.3359,-64.0
276511,0.1946,-0.2754,-0.5645,1.6992,5.2461,-64.0
276534,0.1201,-0.187,-0.5333,-8.4941,10.6465,-64.0
276557,0.1089,-0.082,-0.6064,-20.2852,15.5195,-64.0
276580,0.2727,-0.0837,-0.7792,-28.5391,18.2461,-64.0
276603,0.4498,-0.1582,-0.8566,-41.209,20.7227,-64.0
276626,0.5532,-0.1681,-0.8995,-49.7324,20.9629,-64.0
276649,0.5247,-0.1129,-1.0551,-62.1816,19.5273,-64.0
276672,0.4762,-0.0211,-1.1605,-64.0,17.1445,-64.0
276695,0.437,0.0502,-1.1725,-64.0,15.7305,-64.0
276718,0.3953,0.157,-1.0444,-64.0,14.7715,-64.0
276741,0.4011,0.224,-1.0894,-64.0,15.4082,-64.0
276764,0.4613,0.2125,-1.2236,-64.0,18.7129,-64.0
276787,0.5543,0.1781,-1.1791,-64.0,24.2148,-64.0
276810,0.6871,0.12,-1.1102,-64.0,28.1309,-50.2773
276833,0.7017,0.0739,-1.0391,-51.1484,32.8145,-26.5918
276856,0.6196,0.0725,-0.9126,-40.3926,34.3516,-12.3965
276879,0.5481,0.0571,-0.7958,-23.6816,33.9883,5.5215
276902,0.5745,0.0397,-0.7734,-12.7148,32.3457,15.0996
276925,0.6248,0.0088,-0.7764,2.3691,28.5957,26.1523
276948,0.5834,-0.0125,-0.8043,14.4414,24.0859,33.7598
276971,0.5035,-0.0195,-0.8252,20.1992,21.1211,37.3027
276994,0.5072,-0.0098,-0.7709,25.0527,17.6055,40.9414
277017,0.5314,-0.0275,-0.7791,25.9688,16.2617,42.5137
277040,0.5344,-0.0522,-0.7766,24.7734,15.7695,43.7871
277063,0.532,-0.0844,-0.7566,21.9512,16.5117,43.7988
277086,0.4684,-0.1526,-0.6729,19.9902,17.3164,43.0977
277109,0.5052,-0.1853,-0.6248,17.8379,18.6055,41.002
277132,0.6206,-0.1801,-0.502,17.0977,19.1953,38.8965
277155,0.6365,-0.118,-0.7029,16.5762,18.9023,34.541
277178,0.5121,-0.1222,-1.0415,15.9102,16.6816,28.709
277201,0.4368,-0.1289,-1.1019,12.8848,14.3574,24.2656
277224,0.3898,-0.1268,-0.941,6.5781,10.4512,17.6094
277247,0.3518,-0.0917,-0.689,1.0352,7.8828,13.6934
277270,0.369,-0.0267,-0.5507,-7.5,4.0312,9.125
277293,0.4238,-0.0537,-0.8076,-12.4355,1.2832,6.8594
277316,0.5596,-0.0806,-1.0565,-18.3984,-3.5098,3.8301
277339,0.6093,-0.0858,-1.0681,-23.5098,-9.9023,0.084
277362,0.58,-0.0481,-0.8706,-26.7969,-15.3047,-3.1348
277385,0.4786,0.0381,-0.7484,-31.1445,-24.4102,-8.6426
277408,0.2908,0.0743,-0.7798,-33.1172,-30.1328,-12.1426
277431,0.2358,0.0385,-0.9255,-34.0527,-35.9199,-15.9902
277454,0.3414,0.0149,-0.9403,-32.6523,-36.4277,-17.4648
277477,0.451,-0.0038,-0.8374,-30.6914,-33.7988,-17.2598
277500,0.4968,-0.0402,-0.7982,-26.5918,-26.6426,-15.9414
277523,0.4908,-0.0692,-0.8346,-23.2988,-20.6094,-14.875
277546,0.4629,-0.0724,-0.7827,-17.9648,-11.0449,-13.5449
277569,0.4601,-0.0615,-0.7694,-12.916,-2.291,-12.6895
277592,0.4343,-0.0304,-0.7235,-9.5078,2.4434,-12.2871
277615,0.3425,0.0159,-0.7068,-5.6094,7.3613,-11.7129
277638,0.2617,0.0447,-0.7565,-3.9238,9.1484,-11.2891
277661,0.4027,0.053,-0.8575,-3.498,9.627,-10.8418
277684,0.5522,0.0731,-0.9774,-5.0801,8.2363,-11.0605
277707,0.5642,0.0953,-1.0774,-10.7246,2.8262,-12.8633
277730,0.4177,0.1149,-0.9824,-19.7734,-6.6621,-16.5137
277753,0.3446,0.1223,-0.8694,-26.7148,-14.3164,-19.4883
277776,0.298,0.1245,-0.7812,-36.3008,-25.3125,-23.5859
277799,0.3169,0.123,-0.7773,-40.9531,-30.9863,-25.4727
277822,0.3612,0.1206,-0.7913,-44.1309,-35.6074,-26.4961
277845,0.3934,0.1229,-0.8514,-42.6543,-35.334,-25.3711
277868,0.3617,0.1229,-0.8519,-39.5488,-32.873,-23.6504
277891,0.3052,0.1407,-0.7795,-32.7871,-26.7949,-20.0234
277914,0.3063,0.1616,-0.8085,-27.5137,-21.7637,-17.1211
277937,0.3137,0.1614,-0.8781,-19.4902,-13.7422,-12.4453
277960,0.3478,0.1549,-0.917,-12.4453,-6.2012,-7.9336
277983,0.342,0.1511,-0.8921,-8.7266,-1.9727,-5.3145
278006,0.3204,0.1483,-0.8187,-4.7773,2.5527,-2.2461
278029,0.306,0.1339,-0.7717,-3.0859,4.2305,-0.8105
278052,0.3049,0.1207,-0.799,-1.5156,4.9902,0.5078
278075,0.3383,0.1118,-0.8495,-0.8809,4.6406,0.9121
278098,0.3739,0.1069,-0.8406,-0.2793,3.373,0.9668
278121,0.3757,0.098,-0.8477,0.127,1.791,0.584
278144,0.3634,0.1034,-0.8367,0.4043,0.8906,0.2656
278167,0.3002,0.109,-0.7744,0.998,0.2129,0.0254
278190,0.3364,0.0908,-0.8254,1.582,0.3809,0.1895
278213,0.3835,0.079,-0.8466,2.6895,1.4883,0.9805
278236,0.3987,0.0729,-0.8364,3.8359,3.1074,2.2324
278259,0.374,0.069,-0.8218,4.5176,4.2012,3.1953
278282,0.3744,0.0621,-0.8202,5.3848,5.7109,4.7598
278305,0.3713,0.0601,-0.8062,5.8984,6.666,5.9004
278328,0.3969,0.0486,-0.8423,6.6582,8.1328,7.8301
278351,0.4308,0.0382,-0.8358,7.5039,9.6973,10.0703
278374,0.4109,0.0375,-0.7891,8.1719,10.791,11.7539
278397,0.37,0.0378,-0.7759,9.4355,12.6094,14.5879
278420,0.3656,0.0317,-0.7777,10.4551,14.0449,16.6621
278443,0.4016,0.0227,-0.7841,12.0391,16.5176,19.7891
278466,0.4302,0.0117,-0.864,12.8496,18.1191,22.0859
278489,0.4613,0.0211,-0.8762,13.125,19.7207,23.25
278512,0.4561,0.028,-0.8641,11.8457,19.582,23.1777
278535,0.4359,0.0366,-0.8409,10.1699,18.3438,22.1172
278558,0.4061,0.0443,-0.8195,6.8965,15.041,19.3145
278581,0.3763,0.0332,-0.8412,4.5918,12.2187,16.9395
278604,0.4017,0.0228,-0.7754,1.5547,7.7695,13.1465
278627,0.4142,0.0089,-0.7788,-0.4668,3.8418,9.5312
278650,0.4158,-0.0084,-0.7917,-1.1309,1.7773,7.3613
278673,0.4209,-0.0188,-0.8069,-1.207,-0.3965,4.5742
278696,0.4248,-0.017,-0.775,-0.7988,-1.3008,3.0488
278719,0.4202,-0.0178,-0.8248,0.2031,-2.0723,1.2871
278742,0.4171,-0.0142,-0.8423,1.3281,-2.5352,0.1465
278765,0.4244,-0.0166,-0.7968,1.9961,-2.8711,-0.3027
278788,0.4329,-0.0172,-0.7759,2.7715,-3.4473,-0.6328
278811,0.4351,-0.0183,-0.783,3.1094,-3.7539,-0.7246
278834,0.4545,-0.0188,-0.8232,3.2734,-3.8398,-0.8438
278857,0.4681,-0.019,-0.8568,3.0937,-3.5762,-1.1191
278880,0.4551,-0.0188,-0.8127,2.3281,-2.8203,-1.4375
278903,0.4307,-0.0183,-0.79,1.0742,-1.8965,-2.0645
278926,0.4142,-0.0178,-0.7821,0.123,-1.293,-2.4922
278949,0.4312,-0.0165,-0.7987,-1.2266,-0.4883,-2.9961
278972,0.4308,-0.016,-0.8309,-1.9785,-0.0742,-3.1855
278995,0.4221,-0.0143,-0.8185,-2.8223,0.291,-3.2187
279018,0.4171,-0.0157,-0.8208,-3.3125,0.3574,-2.9648
279041,0.4298,-0.0186,-0.8162,-3.4609,0.2715,-2.6699
279064,0.4353,-0.0182,-0.8081,-3.4805,0.0098,-2.1211
279087,0.426,-0.0181,-0.7743,-3.4062,-0.2129,-1.7344
279110,0.4331,-0.0188,-0.7917,-3.2363,-0.4961,-1.1855
279133,0.4528,-0.0209,-0.8356,-3.1172,-0.5957,-0.7266
279156,0.449,-0.0219,-0.8522,-3.1582,-0.5527,-0.4941
279179,0.4312,-0.0211,-0.8092,-3.4785,-0.3398,-0.252
279202,0.4194,-0.0179,-0.7719,-3.8379,-0.0801,-0.1328
279225,0.4191,-0.0165,-0.781,-4.4531,0.5117,0.0586
279248,0.4441,-0.0112,-0.807,-4.8496,1.0137,0.3027
279271,0.4576,0.001,-0.8468,-5.4238,1.7813,0.4668
279294,0.4425,0.0005,-0.8864,-6.0547,2.3652,0.6543
279317,0.4598,0.004,-0.8319,-6.5254,2.5527,0.7187
279340,0.4296,0.0054,-0.799,-7.1934,2.4707,0.7207
279363,0.4301,0.0067,-0.7855,-7.5039,2.2109,0.6777
279386,0.4465,-0.0004,-0.8246,-7.6289,1.6602,0.5664
279409,0.4443,-0.0101,-0.8597,-7.3301,1.0352,0.3789
279432,0.4329,-0.017,-0.8469,-6.9453,0.5996,0.1953
279455,0.4188,-0.0154,-0.7792,-6.1406,-0.0801,-0.1543
279478,0.4056,-0.0179,-0.7775,-5.4473,-0.5215,-0.4062
279501,0.4037,-0.0184,-0.7772,-4.1895,-1.0605,-0.7656
279524,0.4314,-0.0184,-0.7776,-2.8437,-1.3477,-1.0859
279547,0.4565,-0.0188,-0.8138,-2.0547,-1.3906,-1.2969
279570,0.4683,-0.0187,-0.8347,-1.2949,-1.3184,-1.6426
279593,0.4518,-0.0181,-0.8059,-1.1621,-1.25,-1.877
279616,0.4235,-0.0172,-0.8044,-1.502,-1.1758,-2.1465
279639,0.4471,-0.0139,-0.7852,-2.0059,-1.0762,-2.1934
279662,0.4442,-0.0117,-0.8115,-3.0059,-0.9629,-2.0762
279685,0.4377,-0.0027,-0.8156,-4.1211,-0.7109,-1.7129
279708,0.4395,0.0029,-0.8408,-4.8516,-0.5195,-1.3789
279731,0.4519,0.0073,-0.8528,-5.8301,-0.332,-0.8164
279754,0.446,0.0092,-0.8219,-6.3535,-0.3809,-0.4531
279777,0.4136,0.0035,-0.8051,-6.8242,-0.7676,0.0117
279800,0.4178,0.0029,-0.7756,-6.8145,-1.3555,0.3398
279823,0.4458,-0.0038,-0.8081,-6.5293,-1.7109,0.459
279846,0.4525,-0.014,-0.8491,-5.8066,-2.0527,0.4316
279869,0.4399,-0.0142,-0.8192,-5.2324,-2.1387,0.2656
279892,0.4326,-0.0155,-0.7767,-4.3691,-2.0566,-0.1445
279915,0.4276,-0.0183,-0.7788,-3.5684,-1.7383,-0.6172
279938,0.4473,-0.0184,-0.7787,-3.0996,-1.4023,-0.9004
279961,0.4543,-0.0182,-0.7946,-2.5762,-0.752,-1.2305
279984,0.4531,-0.0168,-0.8337,-2.4043,-0.2598,-1.375
280007,0.4396,-0.0083,-0.8262,-2.4922,0.4512,-1.4648
280030,0.4077,0.0038,-0.8132,-2.7793,0.9668,-1.3613
280053,0.4181,0.0081,-0.7775,-3.4473,1.1406,-1.1699
280076,0.4355,0.0071,-0.7882,-4.2109,1.1035,-0.7422
280099,0.4397,0.0044,-0.8239,-4.6953,0.8672,-0.4375
280122,0.4473,-0.001,-0.8372,-5.3379,0.2285,-0.0937
280145,0.4399,-0.0059,-0.851,-5.7051,-0.3613,-0.0078
280168,0.4075,-0.0038,-0.7969,-6.1348,-1.4863,-0.1484
280191,0.3993,-0.0012,-0.7786,-6.3848,-2.9062,-0.6016
280214,0.3511,0.0109,-0.7772,-6.459,-4.0098,-1.0703
280237,0.3855,0.0068,-0.7849,-6.5625,-5.8711,-2.0508
280260,0.4429,0.0052,-0.8486,-6.7871,-7.2695,-2.959
280283,0.4412,0.0138,-0.8632,-7.6621,-9.7012,-4.8262
280306,0.3911,0.027,-0.8324,-9.3359,-12.4687,-7.2207
280329,0.3741,0.0424,-0.7944,-10.7969,-14.2969,-8.9199
280352,0.3761,0.0488,-0.8208,-13.168,-16.5957,-11.2441
280375,0.3755,0.0535,-0.8379,-14.6855,-17.6504,-12.4687
280398,0.3765,0.0607,-0.8389,-16.6523,-18.375,-13.6641
280421,0.3688,0.0745,-0.832,-18.0918,-18.0547,-14.0527
280444,0.3696,0.0782,-0.858,-18.7129,-17.2969,-13.8867
280467,0.3766,0.0764,-0.8606,-19.1328,-15.4805,-13.1016
280490,0.3752,0.0719,-0.8558,-19.0859,-13.9453,-12.3105
280513,0.3632,0.0768,-0.8395,-18.5117,-11.3496,-10.8496
280536,0.3433,0.0818,-0.8168,-17.7617,-9.4922,-9.2285
280559,0.3375,0.0861,-0.8201,-16.0449,-6.5879,-7.8359
280582,0.3036,0.0916,-0.7771,-13.6855,-3.6758,-5.7227
280605,0.3536,0.0804,-0.8287,-11.8789,-1.8359,-4.2598
280628,0.3787,0.0779,-0.8374,-9.1348,0.4922,-2.2012
280651,0.3547,0.0824,-0.8138,-7.4805,1.6055,-1.0586
280674,0.3563,0.0806,-0.8209,-5.4785,2.5898,0.1777
280697,0.386,0.0745,-0.8481,-4.1836,2.916,0.8125
280720,0.39,0.074,-0.8491,-3.7305,2.8535,0.9121
280743,0.3744,0.0763,-0.838,-3.5918,2.457,0.6777
280766,0.376,0.076,-0.8317,-3.7598,2.0898,0.3691
280789,0.3755,0.078,-0.8229,-4.1797,1.5586,-0.1172
280812,0.377,0.0782,-0.8392,-4.5664,1.1855,-0.4355
280835,0.3755,0.0787,-0.8322,-4.7227,1.0527,-0.4844
280858,0.3748,0.0767,-0.8237,-4.7344,1.0469,-0.2695
280881,0.3683,0.0833,-0.7911,-4.5781,1.1797,0.0645
280904,0.3622,0.0826,-0.7991,-4.1152,1.5605,0.7949
280927,0.3892,0.0762,-0.8522,-3.7129,1.8926,1.6328
280950,0.3884,0.0732,-0.848,-3.1289,2.3555,2.1348
280973,0.3705,0.0784,-0.8145,-2.6973,2.6465,2.6582
280996,0.3593,0.0723,-0.8099,-2.5,2.7363,2.8262
281019,0.3762,0.0691,-0.8007,-2.3105,2.7187,2.8008
281042,0.3778,0.0635,-0.8007,-2.2461,2.5898,2.5898
281065,0.3759,0.0637,-0.7943,-2.2539,2.2129,1.9941
281088,0.3756,0.0656,-0.8065,-2.4102,1.6855,1.1543
281111,0.3756,0.0687,-0.8152,-2.6152,1.3125,0.541
281134,0.3757,0.0759,-0.812,-3.0937,0.7988,-0.3437
281157,0.3777,0.0735,-0.8287,-3.5391,0.5098,-0.8555
281180,0.3743,0.0771,-0.7899,-4.4004,0.1445,-1.4648
281203,0.376,0.0759,-0.7878,-5.4668,-0.1738,-1.8711
281226,0.4034,0.0759,-0.8315,-6.2754,-0.3848,-2.0605
281249,0.4208,0.0826,-0.8474,-7.6211,-0.752,-2.2988
281272,0.3944,0.0957,-0.8323,-8.5742,-1.0215,-2.4375
281295,0.374,0.1052,-0.826,-9.918,-1.3516,-2.5371
281318,0.3762,0.1116,-0.8271,-10.6328,-1.4473,-2.373
281341,0.3785,0.1066,-0.8555,-11.2676,-1.3555,-2.084
281364,0.3752,0.1064,-0.829,-11.3008,-1.043,-1.4395
281387,0.375,0.0999,-0.809,-10.9902,-0.7539,-0.9395
281410,0.3719,0.0967,-0.7782,-10.0723,-0.2324,-0.2187
281433,0.3763,0.0923,-0.7782,-9.2285,0.1543,0.1641
281456,0.3794,0.0918,-0.7836,-7.8281,0.748,0.4609
281479,0.3999,0.1067,-0.8142,-6.5801,1.3262,0.3125
281502,0.3997,0.1378,-0.8428,-6.002,1.6816,-0.041
281525,0.3546,0.1835,-0.9504,-5.7129,2.2363,-0.9063
281548,0.3239,0.1956,-1.0023,-6.0059,2.7324,-1.6777
281571,0.3999,0.214,-0.8779,-7.2852,3.9922,-3.1992
281594,0.455,0.174,-0.8215,-9.5293,6.1543,-5.4863
281617,0.427,0.1477,-0.7722,-11.5117,8.0547,-7.6406
281640,0.4381,0.1134,-0.7778,-15.1016,11.4297,-11.9219
281663,0.4893,0.1151,-0.7219,-17.7559,13.9023,-15.416
281686,0.5291,0.1045,-0.6726,-21.6758,17.5234,-21.3203
281709,0.4685,0.1277,-0.6543,-23.9355,20.4727,-27.4063
281732,0.3827,0.1412,-0.652,-26.3379,21.9551,-31.0723
281755,0.4143,0.1615,-0.6389,-27.2637,23.6172,-35.1895
281778,0.4514,0.1862,-0.6682,-27.0664,24.3691,-36.6719
281801,0.4434,0.2225,-0.6661,-25.8301,24.7813,-36.7344
281824,0.4971,0.2831,-0.6882,-24.6309,24.541,-35.3594
281847,0.4525,0.3173,-0.775,-22.7539,23.5957,-31.4902
281870,0.415,0.3129,-0.8466,-21.3809,22.375,-26.0625
281893,0.4305,0.3044,-0.788,-20.9844,21.6035,-22.0059
281916,0.4619,0.2655,-0.7928,-21.123,20.5449,-16.0156
281939,0.4075,0.2648,-0.7748,-21.4824,19.7715,-12.5176
281962,0.3645,0.2611,-0.6967,-21.8574,18.25,-8.541
281985,0.4473,0.2434,-0.7015,-21.3633,16.1641,-6.4512
282008,0.5321,0.2393,-0.7488,-20.3555,14.3672,-6.207
282031,0.5114,0.261,-0.7239,-17.9238,10.8594,-7.4258
282054,0.3672,0.2784,-0.6735,-15.8555,8.084,-8.9687
282077,0.3624,0.2987,-0.6223,-12.4141,4.0137,-11.5234
282100,0.4421,0.3276,-0.6063,-10.1172,1.084,-13.543
282123,0.489,0.3386,-0.6504,-7.1562,0.0937,-14.418
282146,0.5116,0.3368,-0.7205,-5.4199,0.2383,-15.0723
282169,0.5164,0.3433,-0.7662,-5.2285,1.4082,-15.1211
282192,0.4674,0.3759,-0.7125,-6.4473,4.5352,-14.5996
282215,0.47,0.3912,-0.6492,-8.0449,7.2734,-13.8203
282238,0.5107,0.3602,-0.7168,-10.9609,11.8047,-12.041
282261,0.5272,0.3424,-0.7534,-13.7148,15.9531,-9.7949
282284,0.4615,0.3513,-0.6328,-15.0937,17.9648,-8.2168
282307,0.4886,0.3351,-0.6614,-16.0137,19.373,-5.9219
282330,0.5162,0.3252,-0.6588,-15.7266,19.2344,-4.5215
282353,0.5184,0.321,-0.6656,-13.9961,17.7637,-2.7207
282376,0.5261,0.3245,-0.6965,-11.0898,15.4395,-1.3047
282399,0.5125,0.3308,-0.6681,-8.8047,13.7383,-0.5684
282422,0.5369,0.3212,-0.6478,-5.3945,11.2168,0.2402
282445,0.5781,0.3214,-0.6534,-3.416,9.627,0.582
282468,0.6143,0.3336,-0.6556,-1.25,7.4844,0.8516
282491,0.5531,0.3066,-0.649,-0.4551,5.9492,1.127
282514,0.4751,0.3171,-0.6672,-0.3262,5.6016,1.6191
282537,0.4438,0.335,-0.6279,-1.3301,6.5742,3.2344
282560,0.3959,0.3713,-0.6179,-2.3613,8.2402,4.9199
282583,0.5492,0.3621,-0.6622,-4.0,11.7285,7.9375
282606,0.5692,0.3402,-0.6635,-4.9805,14.0469,9.7754
282629,0.6311,0.3181,-0.6483,-6.1816,16.0684,11.3047
282652,0.5941,0.3131,-0.7019,-6.9961,15.0898,10.6133
282675,0.5,0.3354,-0.705,-7.2773,12.6523,8.9297
282698,0.5122,0.3319,-0.7222,-7.1738,7.0801,5.1855
282721,0.585,0.3026,-0.7689,-6.6602,2.6855,2.3301
282744,0.6313,0.2595,-0.7303,-5.1152,-4.1621,-1.8594
282767,0.6223,0.2195,-0.6423,-2.5547,-10.7227,-5.3301
282790,0.5828,0.202,-0.5745,-0.2695,-14.623,-6.918
282813,0.5072,0.2207,-0.5332,3.8164,-19.3652,-7.7305
282836,0.4034,0.2424,-0.5555,6.6699,-21.623,-7.0312
282859,0.3735,0.2711,-0.6099,10.2754,-23.5527,-4.1426
282882,0.3729,0.3169,-0.6874,11.8613,-24.0469,0.2559
282905,0.3157,0.3654,-0.7219,11.2559,-24.002,3.3457
282928,0.3527,0.4025,-0.7295,7.5977,-24.0547,7.0137
282951,0.4076,0.4266,-0.7858,3.5332,-24.4141,8.1738
282974,0.4298,0.4135,-0.7878,-4.1465,-25.4922,7.2871
282997,0.3851,0.3928,-0.775,-9.5996,-26.3223,3.418
283020,0.244,0.3661,-0.7281,-16.8164,-26.8691,-0.6504
283043,0.204,0.343,-0.6208,-21.2852,-25.4063,-7.3203
283066,0.3445,0.3176,-0.5793,-22.1914,-22.9023,-11.7715
283089,0.4854,0.2854,-0.6235,-20.4902,-17.0508,-18.1152
283112,0.615,0.2612,-0.6849,-17.8105,-12.2637,-22.0996
283135,0.6139,0.2667,-0.7875,-12.7715,-4.959,-27.4727
283158,0.4539,0.2999,-0.7046,-8.0156,1.1406,-31.2109
283181,0.3759,0.3597,-0.6504,-5.5156,4.1523,-32.1191
283204,0.424,0.3826,-0.6553,-3.0176,6.959,-30.4375
283227,0.4689,0.3798,-0.7441,-2.2148,7.6367,-27.3652
283250,0.4373,0.3876,-0.7576,-2.3145,6.8184,-20.7285
283273,0.3966,0.4008,-0.7277,-3.8301,4.0996,-13.1328
283296,0.2686,0.4119,-0.6952,-5.4102,1.5625,-8.2773
283319,0.3864,0.3895,-0.7837,-8.1562,-2.7168,-2.1465
283342,0.4897,0.3977,-0.7329,-9.9727,-5.625,0.8086
283365,0.3562,0.3881,-0.6637,-12.1816,-9.8008,3.2832
283388,0.3987,0.3801,-0.6997,-13.0547,-12.166,3.7031
283411,0.3693,0.3657,-0.7285,-13.2754,-14.5098,3.2246
283434,0.3888,0.361,-0.6941,-12.2891,-14.8281,2.0781
283457,0.4519,0.3658,-0.7573,-11.1289,-13.7852,1.3809
283480,0.4581,0.3413,-0.7297,-9.0137,-10.7305,0.8027
283503,0.4124,0.3414,-0.6997,-7.5977,-8.0254,0.8066
283526,0.4199,0.3591,-0.715,-5.8164,-3.2637,1.3945
283549,0.4186,0.353,-0.6714,-4.6895,2.1055,2.625
283572,0.3875,0.3557,-0.6948,-4.334,5.9258,3.7852
283595,0.3232,0.41,-0.6882,-4.2734,11.9746,6.0078
283618,0.4601,0.4121,-0.6481,-4.4004,16.123,7.7266
283641,0.5057,0.3737,-0.6445,-4.5469,22.0332,10.3398
283664,0.5381,0.3424,-0.6415,-4.4082,26.8594,12.5273
283687,0.4806,0.3615,-0.6671,-4.1113,29.1816,13.5234
283710,0.4734,0.3574,-0.6395,-3.3887,31.1563,14.1348
283733,0.5272,0.3534,-0.6293,-2.75,31.5078,13.9629
283756,0.5056,0.3488,-0.6682,-1.5664,30.7168,13.0293
283779,0.4712,0.359,-0.6256,-0.6445,28.9707,11.6602
283802,0.5612,0.3384,-0.6145,0.8555,26.8809,10.7168
283825,0.614,0.3225,-0.6836,2.2988,23.7676,9.4355
283848,0.5865,0.33,-0.6903,3.082,21.4961,8.7031
283871,0.6444,0.3215,-0.6998,3.8457,17.8984,7.8594
283894,0.7899,0.2739,-0.6121,4.0781,15.4746,7.5703
283917,0.6426,0.271,-0.5933,4.1348,12.1562,8.0254
283940,0.443,0.267,-0.6488,3.9785,10.0,10.4199
283963,0.0618,0.3077,-0.5076,3.7754,9.5996,13.3984
283986,0.2625,0.2837,-0.4978,3.2871,10.5762,19.3633
284009,1.0518,0.2308,-0.7262,2.6914,11.6973,23.1836
284032,0.718,0.2885,-0.7338,0.9512,11.9434,26.1289
284055,0.3485,0.4025,-0.6565,-1.9316,8.8242,24.1465
284078,0.4891,0.3585,-0.6996,-4.25,4.9883,20.2383
284101,0.5333,0.314,-0.6591,-7.8437,-2.4785,11.752
284124,0.5476,0.3044,-0.6281,-10.1074,-7.9707,5.2988
284147,0.5081,0.3223,-0.5809,-13.0645,-16.0586,-4.0098
284170,0.5262,0.3518,-0.7335,-14.6777,-23.3926,-11.5352
284193,0.5631,0.3756,-0.7896,-16.5898,-27.9629,-15.2148
284216,0.3997,0.3646,-0.7074,-18.0605,-34.9355,-18.918
284239,0.4594,0.3539,-0.7034,-18.9492,-39.7949,-20.5508
284262,0.3048,0.4011,-0.6779,-20.4688,-47.1563,-22.541
284285,0.3555,0.4081,-0.7325,-21.7383,-51.5996,-23.9258
284308,0.2863,0.382,-0.6239,-24.0664,-56.5254,-26.4297
284331,0.3298,0.4182,-0.7777,-26.8438,-58.875,-29.457
284354,0.2289,0.4539,-0.6361,-28.8691,-59.1875,-31.5938
284377,0.287,0.4753,-0.6799,-31.8926,-57.9551,-34.5156
284400,0.2191,0.486,-0.6707,-33.6895,-55.9863,-35.9707
284423,0.2225,0.4697,-0.6636,-35.707,-51.1875,-36.9648
284446,0.2268,0.478,-0.6793,-36.6094,-44.1484,-36.207
284469,0.2556,0.4973,-0.6392,-36.5234,-38.3945,-34.6641
284492,0.2196,0.5011,-0.6454,-35.4258,-28.7949,-30.9063
284515,0.2502,0.5028,-0.7012,-34.1543,-22.1484,-27.6035
284538,0.2603,0.4955,-0.658,-31.6836,-12.3867,-21.8691
284561,0.2532,0.4989,-0.6353,-28.8477,-3.6348,-15.8145
284584,0.2684,0.5145,-0.6339,-27.1836,1.127,-11.957
284607,0.2429,0.5283,-0.6313,-25.0176,5.875,-6.9023
284630,0.251,0.522,-0.6232,-23.9863,7.1523,-4.2168
284653,0.2384,0.5237,-0.6091,-23.084,6.2617,-1.3848
284676,0.213,0.5403,-0.6161,-22.8418,4.1387,-0.2891
284699,0.2399,0.5416,-0.6119,-22.7832,-0.3574,0.3379
284722,0.2374,0.5389,-0.588,-22.7695,-5.2148,0.0957
284745,0.2275,0.5333,-0.6141,-22.6367,-8.0937,-0.3223
284768,0.1942,0.5414,-0.6409,-22.0781,-11.2344,-1.0293
284791,0.2623,0.5348,-0.5854,-21.4102,-12.4043,-1.4082
284814,0.2187,0.5363,-0.5765,-20.0039,-13.082,-1.6738
284837,0.2185,0.4987,-0.5929,-18.2695,-13.0664,-1.5254
284860,0.2499,0.4586,-0.6074,-17.0234,-12.9141,-1.2422
284883,0.2001,0.5845,-0.6285,-15.1738,-12.7578,-0.7383
284906,0.1954,0.6376,-0.6757,-14.0039,-12.7402,-0.4844
284929,0.2141,0.6501,-0.6597,-12.3184,-12.6191,-0.4102
284952,0.2111,0.5856,-0.5859,-10.7109,-12.1035,-0.7891
284975,0.1805,0.5605,-0.616,-9.7266,-11.3906,-1.2676
284998,0.1644,0.5466,-0.598,-8.4727,-9.668,-2.1777
285021,0.2036,0.5669,-0.5936,-7.8164,-8.1816,-2.7793
285044,0.2026,0.5618,-0.6005,-7.0742,-5.8105,-3.3867
285067,0.2173,0.5549,-0.6173,-6.6758,-4.3281,-3.4434
285090,0.2283,0.5529,-0.6156,-6.0625,-2.4023,-2.8652
285113,0.2201,0.5493,-0.6123,-5.2422,-0.834,-1.5547
285136,0.2097,0.55,-0.6154,-4.5098,0.0117,-0.4258
285159,0.2185,0.5417,-0.6017,-3.0781,0.8594,1.3125
285182,0.2051,0.559,-0.6361,-1.8984,1.0684,2.3086
285205,0.1982,0.5455,-0.6417,0.209,0.9082,3.3418
285228,0.2119,0.5341,-0.6355,2.6641,0.5098,3.752
285251,0.222,0.5305,-0.6691,4.4219,0.3125,3.7344
285274,0.2034,0.5271,-0.6782,7.0781,0.291,3.4512
285297,0.2125,0.5353,-0.5808,8.7422,0.4395,3.1953
285320,0.2224,0.5151,-0.6592,10.8535,0.6621,2.8809
285343,0.2133,0.5077,-0.6965,12.3164,0.6914,2.8418
285366,0.2483,0.5051,-0.6835,12.9004,0.6445,3.0605
285389,0.2341,0.5002,-0.6633,13.1602,0.543,3.8281
285412,0.2338,0.5054,-0.6333,12.9023,0.4609,4.6191
285435,0.27,0.5116,-0.7059,11.8633,0.334,6.0684
285458,0.2493,0.5022,-0.6837,10.7852,0.25,7.5527
285481,0.2363,0.4974,-0.6646,8.6914,0.0234,8.2207
285504,0.2198,0.5092,-0.642,6.1426,-0.5918,8.623
285527,0.1973,0.5258,-0.6754,4.2793,-1.3574,8.332
285550,0.184,0.5157,-0.6685,1.4316,-3.0781,7.1094
285573,0.2017,0.5222,-0.686,-0.3828,-4.5332,5.9414
285596,0.1996,0.5525,-0.6404,-2.8203,-6.9395,4.1191
285619,0.2072,0.5426,-0.6218,-4.8457,-9.3594,2.7988
285642,0.1721,0.5386,-0.65,-5.9844,-10.9043,2.459
285665,0.1775,0.547,-0.7336,-7.375,-13.0664,2.9434
285688,0.2087,0.5507,-0.7642,-8.0156,-14.4902,3.9004
285711,0.2505,0.535,-0.644,-8.207,-16.8711,6.0234
285734,0.162,0.4907,-0.5785,-6.8379,-19.5078,8.5449
285757,0.1272,0.4557,-0.6178,-4.7812,-21.0391,10.2598
285780,0.1156,0.4308,-0.6307,-0.0273,-22.0176,12.6992
285803,0.178,0.4176,-0.6309,3.9355,-21.2676,14.0937
285826,0.3401,0.4011,-0.6331,10.1465,-17.6582,15.4238
285849,0.3649,0.3915,-0.7222,13.8184,-13.752,15.2637
285872,0.2422,0.3907,-0.7792,17.6172,-6.2402,14.2168
285895,0.1959,0.422,-0.7738,18.7188,2.5293,11.623
285918,0.2839,0.4392,-0.744,17.9727,8.6152,9.5664
285941,0.4949,0.4109,-0.8597,15.127,17.0977,6.3906
285964,0.3351,0.4506,-0.6888,12.5254,21.6895,4.3301
285987,0.2578,0.4388,-0.7504,8.5059,26.3477,1.5957
286010,0.2878,0.4027,-0.713,5.1641,28.0059,-0.3379
286033,0.3099,0.3723,-0.6971,3.4824,27.3672,-1.1152
286056,0.2974,0.3672,-0.7065,1.7637,24.0059,-1.6953
286079,0.2428,0.4141,-0.702,1.1172,20.502,-1.8398
286102,0.266,0.4504,-0.7169,0.8477,14.1719,-1.9063
286125,0.2786,0.4578,-0.7074,1.3672,7.6973,-1.9121
286148,0.2681,0.4401,-0.735,2.1191,3.9375,-1.8945
286171,0.2708,0.4084,-0.7585,3.7695,-0.1406,-1.7695
286194,0.2887,0.3784,-0.7407,5.1328,-1.6328,-1.5645
286217,0.2993,0.3956,-0.7181,7.3457,-2.1211,-0.9941
286240,0.2959,0.4327,-0.7688,8.7773,-0.9902,-0.0781
286263,0.3091,0.4158,-0.7651,10.6211,0.4062,0.7109
286286,0.3109,0.3738,-0.7502,11.877,2.8164,2.0918
286309,0.3184,0.3589,-0.7468,12.3027,4.416,3.0762
286332,0.3083,0.3712,-0.7555,12.2852,6.5215,4.498
286355,0.329,0.3877,-0.7733,11.8574,7.666,5.3223
286378,0.3342,0.3885,-0.7609,10.668,8.9707,6.248
286401,0.3326,0.3723,-0.7452,8.9277,9.6895,6.7344
286424,0.3214,0.3695,-0.7355,7.5234,9.7754,6.7969
286447,0.3287,0.3682,-0.7338,5.1641,9.2871,6.5293
286470,0.3376,0.3763,-0.7465,3.5234,8.5957,6.1484
286493,0.3347,0.3801,-0.7321,1.1621,7.1738,5.3906
286516,0.3364,0.3729,-0.7318,-0.8633,5.541,4.5527
286539,0.3362,0.3666,-0.7432,-1.9414,4.4922,4.0215
286562,0.3463,0.3615,-0.7479,-3.082,3.209,3.3398
286585,0.355,0.3757,-0.7637,-3.5273,2.6543,2.9902
286608,0.3507,0.3743,-0.7217,-3.791,2.2832,2.625
286631,0.3453,0.3647,-0.731,-3.7773,2.3574,2.3926
286654,0.3491,0.3636,-0.7405,-3.625,2.5859,2.2656
286677,0.3634,0.3656,-0.7266,-3.4473,3.082,2.0508
286700,0.3542,0.3733,-0.7422,-3.3613,3.4199,1.8672
286723,0.3361,0.3734,-0.7401,-3.3125,3.8105,1.5156
286746,0.3512,0.3641,-0.7266,-3.3359,3.998,1.2246
286769,0.3564,0.3693,-0.738,-3.4531,4.2148,0.7402
286792,0.3716,0.3678,-0.7262,-3.6641,4.3574,0.2773
286815,0.3737,0.3673,-0.7207,-3.8437,4.4082,0.0254
286838,0.373,0.3732,-0.7253,-4.1367,4.4863,-0.2285
286861,0.3738,0.3674,-0.7283,-4.3262,4.5703,-0.3242
286884,0.3665,0.366,-0.7223,-4.5781,4.7129,-0.418
286907,0.3525,0.3679,-0.7234,-4.7969,4.7148,-0.5469
286930,0.3497,0.3744,-0.7222,-4.9277,4.5449,-0.6953
286953,0.3557,0.3746,-0.7213,-5.0977,3.9668,-1.0098
286976,0.3665,0.3739,-0.7085,-5.1816,3.4121,-1.2383
286999,0.3561,0.3746,-0.7227,-5.2363,2.4883,-1.5137
287022,0.3695,0.3685,-0.7187,-5.2051,1.6777,-1.5996
287045,0.3706,0.3684,-0.7191,-5.0293,1.2852,-1.5117
287068,0.3759,0.3708,-0.719,-4.6934,0.9688,-1.1504
287091,0.3755,0.37,-0.7279,-4.3887,0.9316,-0.7812
287114,0.3755,0.3662,-0.7272,-3.8457,1.0762,-0.1328
287137,0.3749,0.3647,-0.7229,-3.4629,1.2578,0.2891
287160,0.366,0.3701,-0.7192,-2.9336,1.5371,0.7871
287183,0.3617,0.3685,-0.7258,-2.5469,1.6621,1.0371
287206,0.3691,0.3652,-0.7146,-2.3984,1.6035,1.0664
287229,0.3759,0.3625,-0.7156,-2.3359,1.3262,0.9824
287252,0.3756,0.3644,-0.7316,-2.373,1.0859,0.9141
287275,0.3757,0.3638,-0.7229,-2.457,0.7949,0.9141
287298,0.3763,0.3577,-0.718,-2.4824,0.7109,1.1328
287321,0.3771,0.3584,-0.7291,-2.4453,0.7871,1.4082
287344,0.3818,0.3572,-0.731,-2.3203,1.0605,1.9531
287367,0.375,0.3579,-0.7198,-2.2187,1.2949,2.332
287390,0.3766,0.3531,-0.7201,-2.1094,1.6094,2.7793
287413,0.3757,0.3544,-0.7206,-2.127,1.7441,2.9531
287436,0.3756,0.3625,-0.725,-2.2246,1.6895,2.8789
287459,0.3757,0.3602,-0.7213,-2.4785,1.375,2.5
287482,0.3756,0.3534,-0.7306,-2.6934,1.041,2.1152
287505,0.3755,0.3533,-0.7271,-3.0176,0.4707,1.4551
287528,0.3732,0.355,-0.7256,-3.1973,0.1094,1.0313
287551,0.3761,0.3533,-0.7209,-3.3535,-0.3047,0.5547
287574,0.3755,0.3673,-0.7291,-3.3203,-0.459,0.418
287597,0.3752,0.3835,-0.7245,-3.1758,-0.3672,0.582
287620,0.3716,0.3761,-0.7208,-2.7852,0.1348,1.2773
287643,0.3632,0.3529,-0.7062,-2.4395,0.8125,2.0742
287666,0.3926,0.3354,-0.6588,-1.8145,2.6055,3.8379
287689,0.5051,0.3044,-0.7412,-1.0469,5.4727,6.3203
287712,0.4847,0.3076,-0.7229,-0.4687,7.8379,8.2949
287735,0.4552,0.3047,-0.7424,0.4141,11.5039,11.4336
287758,0.4408,0.3187,-0.7269,0.9297,13.625,13.4102
287781,0.4365,0.3351,-0.7294,1.4141,15.6914,15.8008
287804,0.4442,0.3298,-0.7349,1.373,15.9707,17.1484
287827,0.4744,0.3196,-0.783,1.0215,15.1523,17.3945
287850,0.5304,0.324,-0.781,0.2051,12.6914,16.8711
287873,0.6138,0.3149,-0.8685,-0.2383,10.4648,16.0703
287896,0.601,0.3153,-0.8925,0.0137,6.6094,14.707
287919,0.5553,0.3077,-0.9066,1.3379,3.8711,14.1797
287942,0.4849,0.2968,-0.8057,6.002,-0.2344,14.9844
287965,0.4885,0.2465,-0.7739,14.7031,-4.0449,18.668
287988,0.5525,0.1831,-0.8353,22.8281,-6.2793,22.8652
288011,0.6108,0.1356,-0.9115,37.8125,-9.1992,31.2285
288034,0.5472,0.1179,-0.811,48.9531,-10.918,37.6152
288057,0.504,0.0796,-0.7657,63.998,-12.9023,47.416
288080,0.5216,0.0116,-0.7667,63.998,-13.3926,56.502
288103,0.6233,-0.0745,-0.8661,63.998,-12.4922,61.7227
288126,0.6066,-0.1429,-0.9247,63.998,-9.2109,63.998
288149,0.5974,-0.1865,-0.8783,63.998,-6.0117,63.998
288172,0.6442,-0.2271,-0.8595,63.998,-0.502,63.998
288195,0.5868,-0.2812,-0.8177,63.998,4.9316,63.998
288218,0.5792,-0.3613,-0.833,63.998,8.2051,63.998
288241,0.5581,-0.4229,-0.835,63.998,12.2324,63.998
288264,0.554,-0.4562,-0.7736,63.998,14.0234,63.998
288287,0.5433,-0.4919,-0.7515,63.998,14.8828,63.998
288310,0.4808,-0.5466,-0.6598,63.998,14.1172,63.998
288333,0.4888,-0.5795,-0.671,63.998,11.1367,63.998
288356,0.4127,-0.6182,-0.6217,63.998,6.4824,63.998
288379,0.3833,-0.6592,-0.5734,63.998,2.8574,63.998
288402,0.3982,-0.6816,-0.603,63.998,-2.6895,63.998
288425,0.3669,-0.6992,-0.6292,63.998,-6.1934,63.998
288448,0.3073,-0.6771,-0.5905,54.5195,-10.8535,63.998
288471,0.2554,-0.6639,-0.5621,42.3574,-14.4941,63.998
288494,0.2391,-0.6593,-0.5825,33.2168,-16.2578,63.998
288517,0.2408,-0.6404,-0.598,18.6934,-18.0254,63.998
288540,0.1954,-0.6091,-0.6069,8.8906,-18.7969,63.998
288563,0.132,-0.5742,-0.592,-5.3145,-19.5703,63.998
288586,0.124,-0.5532,-0.6104,-18.2168,-19.834,63.998
288609,0.1024,-0.5554,-0.6322,-25.832,-19.6328,63.998
288632,0.0829,-0.5537,-0.6691,-35.6465,-18.7188,63.998
288655,0.1139,-0.5323,-0.6777,-41.1445,-17.7305,63.998
288678,0.1454,-0.4976,-0.7029,-47.959,-15.8223,61.6074
288701,0.1084,-0.4747,-0.7745,-51.6309,-13.8437,57.2832
288724,0.1055,-0.462,-0.7823,-55.9883,-11.8184,54.252
288747,0.2061,-0.4668,-0.8051,-59.0898,-8.9297,49.6309
288770,0.2915,-0.4634,-0.8398,-60.4512,-6.9512,46.5977
288793,0.2433,-0.4528,-0.876,-61.2871,-4.2285,42.3848
288816,0.1191,-0.4343,-0.8866,-60.9297,-2.5781,40.0879
288839,0.0951,-0.4331,-0.8865,-58.9199,0.0059,37.9922
288862,0.079,-0.4323,-0.8414,-55.2656,2.959,37.791
288885,0.1423,-0.4388,-0.8269,-52.1484,4.9648,38.4844
288908,0.1915,-0.4326,-0.873,-47.0332,7.3633,39.9492
288931,0.1393,-0.4191,-0.9058,-43.7422,8.1855,40.7109
288954,0.1129,-0.4133,-0.9833,-39.6113,8.1309,40.9902
288977,0.1158,-0.4125,-1.0341,-36.9141,6.959,40.0898
289000,0.1219,-0.3779,-0.9554,-35.9414,5.8066,38.916
289023,0.1334,-0.3719,-0.9546,-35.3145,3.748,36.5449
289046,0.1157,-0.3723,-0.9612,-35.1074,2.2598,34.7168
289069,0.0905,-0.3914,-0.9335,-34.627,0.0742,31.918
289092,0.1648,-0.3932,-0.9119,-34.0371,-1.75,29.4258
289115,0.1187,-0.4043,-0.879,-32.6855,-2.625,28.0898
289138,0.1177,-0.3724,-0.8088,-30.8906,-3.1621,26.7363
289161,0.1656,-0.349,-0.7823,-29.5508,-2.9355,26.3262
289184,0.1493,-0.3561,-0.8418,-27.5742,-1.9531,26.4473
289207,0.0212,-0.3179,-0.9178,-26.5039,-1.0527,27.0039
289230,-0.0688,-0.2689,-0.9572,-25.5586,0.6602,28.5469
289253,-0.0171,-0.2173,-0.8687,-25.3262,2.9805,30.6094
289276,0.1831,-0.2335,-0.9824,-25.3203,4.8086,31.8027
289299,0.2341,-0.2189,-0.951,-25.1016,7.6094,32.3965
289322,0.1144,-0.2329,-0.8828,-24.5195,9.4785,31.625
289345,0.0258,-0.2845,-0.7546,-22.4453,12.834,28.6523
289368,0.2452,-0.3682,-0.9454,-18.7305,17.4043,23.8438
289391,0.2855,-0.3732,-0.9302,-15.5586,21.0117,19.8145
289414,-0.0977,-0.4525,-0.8519,-10.1113,26.625,12.9082
289437,0.422,-0.2953,-0.9944,-6.0996,29.752,8.0469
289460,0.2,-0.3147,-0.9185,0.5195,30.8848,0.877
289483,0.0966,-0.2744,-0.9637,7.7793,25.5117,-5.502
289506,0.092,-0.2892,-0.978,12.4805,18.7109,-9.0
289529,0.1112,-0.321,-0.8718,18.7852,6.1387,-12.9492
289552,0.1688,-0.2711,-0.7817,21.8965,-2.2344,-14.793
289575,0.0355,-0.4193,-1.1049,24.1055,-12.8672,-16.6855
289598,0.1681,-0.3367,-1.1099,23.5137,-17.957,-17.6367
289621,0.1775,-0.3574,-0.9847,19.5938,-22.3594,-19.2168
289644,0.2313,-0.3975,-0.9867,13.4805,-23.8867,-21.8145
289667,0.2438,-0.4565,-0.9468,9.2734,-24.0684,-24.4102
289690,0.1613,-0.4907,-0.8608,4.2344,-24.0781,-29.5488
289713,0.0829,-0.4752,-0.7644,2.3281,-24.2285,-33.4961
289736,-0.0582,-0.4164,-0.709,2.0723,-24.7871,-39.4199
289759,-0.1062,-0.376,-0.7196,4.5137,-25.5117,-44.6133
289782,0.0891,-0.4062,-0.7983,6.9277,-25.9453,-47.6035
289805,0.1793,-0.4288,-0.7882,10.2891,-26.6543,-51.873
289828,0.0764,-0.4187,-0.7722,11.7051,-27.2012,-54.8926
289851,-0.0222,-0.4143,-0.7449,12.2344,-27.5254,-59.7285
289874,-0.1078,-0.396,-0.6259,11.2148,-26.1035,-64.0
289897,-0.0919,-0.3942,-0.5306,10.0488,-23.7832,-64.0
289920,-0.0109,-0.3904,-0.5613,8.0449,-18.4336,-64.0
289943,-0.007,-0.3685,-0.6121,6.5879,-14.0937,-64.0
289966,0.0719,-0.3496,-0.6919,3.8555,-7.4434,-64.0
289989,0.1761,-0.3722,-0.7063,1.332,-3.5332,-64.0
290012,0.2347,-0.4087,-0.6847,-3.8457,0.707,-64.0
290035,0.1985,-0.3346,-0.5892,-10.3984,2.8945,-64.0
290058,0.1992,-0.2817,-0.6771,-15.0273,3.6621,-64.0
290081,0.2682,-0.3105,-0.797,-21.541,4.6191,-64.0
290104,0.3241,-0.3583,-0.7671,-25.2637,5.3066,-64.0
290127,0.3158,-0.312,-0.6764,-29.375,6.4062,-64.0
290150,0.2217,-0.2272,-0.7622,-31.0137,7.875,-64.0
290173,0.2007,-0.2101,-0.9476,-30.5898,9.2363,-64.0
290196,0.36,-0.2374,-1.0315,-28.1836,11.3516,-64.0
290219,0.4758,-0.1746,-1.0178,-25.875,12.041,-64.0
290242,0.4198,-0.1868,-1.1084,-21.9668,10.7793,-64.0
290265,0.2936,-0.2079,-1.1431,-17.8613,6.5566,-60.4395
290288,0.3126,-0.181,-0.969,-15.0176,2.4668,-53.0293
290311,0.2844,-0.1389,-0.9799,-10.4023,-5.0098,-43.0273
290334,0.0977,-0.1489,-1.0564,-7.1719,-10.6445,-37.2266
290357,0.0931,-0.1638,-0.9773,-2.9707,-19.668,-30.1133
290380,0.3413,-0.2305,-1.1134,-1.3848,-25.9531,-25.2012
290403,0.4963,-0.2914,-1.4004,-2.0371,-36.043,-23.9648
290426,0.4927,-0.2677,-1.5681,-6.8281,-46.5645,-23.666
290449,0.2063,-0.1869,-1.5023,-11.791,-52.5039,-23.9922
290472,-0.0239,-0.1752,-1.1478,-19.8125,-56.8984,-23.4141
290495,-0.035,-0.1981,-0.9136,-23.9141,-55.5938,-21.3789
290518,-0.0525,-0.2218,-0.7809,-25.5273,-46.7891,-15.2812
290541,0.0154,-0.2375,-0.7712,-19.9492,-31.1328,-6.3574
290564,0.101,-0.2358,-0.7738,-12.4434,-18.5176,0.166
290587,0.1198,-0.2203,-0.8123,2.2344,0.5449,9.0234
290610,0.1469,-0.205,-0.951,12.2949,11.7949,13.416
290633,0.2324,-0.2169,-1.0305,24.3203,24.7891,16.8047
290656,0.297,-0.2345,-1.0122,29.8477,31.9883,16.1211
290679,0.2485,-0.2377,-0.9753,29.4531,33.4004,13.7187
290702,0.2112,-0.2468,-0.9436,23.7598,31.2793,8.2148
290725,0.2295,-0.251,-0.9156,17.7266,27.9219,3.9961
290748,0.205,-0.254,-0.9055,7.5527,21.541,-2.0391
290771,0.2219,-0.2601,-0.9371,1.1387,17.2148,-6.791
290794,0.2513,-0.2599,-0.9708,-6.668,11.6836,-8.9805
290817,0.2347,-0.26,-0.973,-11.6855,7.8848,-10.7637
290840,0.2483,-0.2589,-0.9408,-13.4687,6.3262,-11.0469
290863,0.2227,-0.2441,-0.9088,-14.0762,5.1406,-10.4023
290886,0.2076,-0.2338,-0.8933,-13.3594,4.8516,-9.4473
290909,0.2173,-0.2339,-0.8923,-11.1543,4.6992,-7.5625
290932,0.2018,-0.2307,-0.8732,-8.291,4.4414,-5.5234
290955,0.1809,-0.2252,-0.8779,-6.3691,4.0918,-4.2656
290978,0.2025,-0.2251,-0.9004,-3.8906,3.3281,-2.7402
291001,0.2113,-0.2303,-0.9259,-2.6973,2.709,-2.0566
291024,0.2179,-0.235,-0.9188,-1.7715,1.7168,-1.6035
291047,0.222,-0.2406,-0.9006,-1.8164,0.8027,-1.8008
291070,0.2297,-0.2465,-0.8925,-2.2363,0.3281,-2.2187
291093,0.2511,-0.2574,-0.8931,-3.1465,-0.0645,-3.1133
291116,0.2428,-0.2596,-0.9023,-3.7871,-0.0937,-3.7812
291139,0.2355,-0.2576,-0.8947,-4.6289,0.1895,-4.6973
291162,0.2345,-0.2513,-0.8845,-5.0566,0.5684,-5.3008
291185,0.2341,-0.2445,-0.8853,-5.4629,1.3184,-5.4512
291208,0.2124,-0.2325,-0.8896,-5.627,2.1172,-5.248
291231,0.2338,-0.2327,-0.8824,-5.6602,2.625,-4.8496
291254,0.2482,-0.23,-0.8945,-5.7109,3.3457,-3.9785
291277,0.2318,-0.2233,-0.9048,-5.8125,3.7793,-3.3105
291300,0.2278,-0.2212,-0.9036,-6.1484,4.3086,-2.3008
291323,0.2396,-0.2169,-0.8853,-6.707,4.6211,-1.3965
291346,0.2329,-0.2096,-0.8881,-7.1523,4.6992,-0.9004
291369,0.2468,-0.2107,-0.905,-7.8418,4.6875,-0.3652
291392,0.2803,-0.215,-0.9257,-8.2891,4.6562,-0.168
291415,0.2573,-0.2139,-0.9441,-8.9199,4.623,-0.1211
291438,0.2523,-0.2112,-0.9144,-9.4512,4.5762,-0.293
291461,0.2579,-0.2135,-0.9102,-9.6797,4.5039,-0.4609
291484,0.2618,-0.209,-0.9056,-9.7148,4.2598,-0.7051
291507,0.2494,-0.2115,-0.8875,-9.5,3.9766,-0.8281
291530,0.2622,-0.2119,-0.8815,-8.8359,3.416,-0.9297
291553,0.2672,-0.214,-0.8972,-8.2129,2.8203,-0.9395
291576,0.2548,-0.2162,-0.9153,-7.1562,2.4531,-0.9102
291599,0.2651,-0.2152,-0.9011,-6.1602,1.9707,-0.8281
291622,0.2539,-0.2155,-0.8822,-5.6074,1.6914,-0.752
291645,0.2625,-0.2156,-0.8735,-4.9746,1.3691,-0.6133
291668,0.2645,-0.2147,-0.8678,-4.6855,1.2324,-0.5098
291691,0.277,-0.2123,-0.8826,-4.4648,1.1602,-0.3496
291714,0.2777,-0.2114,-0.9226,-4.5391,1.2324,-0.2012
291737,0.2673,-0.2058,-0.9452,-4.7832,1.3281,-0.1016
291760,0.2549,-0.202,-0.9203,-5.3984,1.4395,0.0879
291783,0.2509,-0.2008,-0.8877,-5.873,1.4297,0.2617
291806,0.2528,-0.1996,-0.8837,-6.4355,1.2539,0.5918
291829,0.2552,-0.1989,-0.8756,-6.627,0.9238,0.9395
291852,0.2583,-0.1963,-0.8777,-6.5293,0.6816,1.1211
291875,0.2567,-0.1929,-0.8984,-6.1465,0.416,1.2305
291898,0.2704,-0.1941,-0.9291,-5.8301,0.3496,1.1699
291921,0.2642,-0.1985,-0.9344,-5.4277,0.3711,0.877
291944,0.2571,-0.202,-0.8978,-5.2539,0.4141,0.4004
291967,0.257,-0.2054,-0.8597,-5.084,0.418,0.0254
291990,0.2562,-0.2078,-0.8568,-4.8906,0.3984,-0.5508
292013,0.2745,-0.2084,-0.8707,-4.7227,0.3867,-0.9219
292036,0.2787,-0.2085,-0.8959,-4.4824,0.3848,-1.4375
292059,0.2671,-0.2017,-0.9292,-4.3965,0.3867,-1.7441
292082,0.2561,-0.1959,-0.9152,-4.4687,0.377,-2.1113
292105,0.255,-0.1907,-0.866,-4.7578,0.3398,-2.3379
292128,0.2679,-0.1907,-0.8575,-4.9883,0.3281,-2.4102
292151,0.2745,-0.1886,-0.8888,-5.2891,0.4355,-2.4512
292174,0.2729,-0.189,-0.9155,-5.4629,0.6348,-2.4707
292197,0.2936,-0.191,-0.9307,-5.7598,1.1055,-2.5469
292220,0.2892,-0.1915,-0.9281,-6.1387,1.6094,-2.7324
292243,0.2771,-0.1914,-0.895,-6.3945,1.8496,-2.9141
292266,0.2772,-0.1934,-0.8702,-6.6172,1.9863,-3.2246
292289,0.2893,-0.1982,-0.887,-6.5723,1.918,-3.418
292312,0.2882,-0.205,-0.9161,-6.1836,1.5703,-3.6387
292335,0.2856,-0.2073,-0.9028,-5.5234,0.9473,-3.7285
292358,0.2751,-0.2098,-0.8627,-4.998,0.4102,-3.7012
292381,0.265,-0.2081,-0.8416,-4.123,-0.4551,-3.5059
292404,0.2758,-0.2056,-0.8563,-3.5176,-0.9746,-3.2734
292427,0.282,-0.2009,-0.8853,-2.7051,-1.541,-2.8066
292450,0.286,-0.1965,-0.8973,-2.3418,-1.7363,-2.4512
292473,0.2804,-0.1897,-0.9182,-2.2305,-1.7461,-1.9082
292496,0.2675,-0.1859,-0.9213,-2.6895,-1.4941,-1.3848
292519,0.2734,-0.1868,-0.8986,-3.252,-1.252,-1.0527
292542,0.269,-0.1874,-0.8778,-4.252,-0.875,-0.5937
292565,0.2734,-0.1896,-0.8828,-4.875,-0.6543,-0.334
292588,0.2841,-0.1887,-0.9032,-5.5723,-0.3867,-0.0469
292611,0.2891,-0.1929,-0.9027,-5.9355,-0.2051,0.0801
292634,0.2739,-0.1915,-0.8983,-6.0,-0.1523,0.0781
292657,0.264,-0.1927,-0.9061,-5.8691,-0.209,-0.0078
292680,0.2828,-0.1925,-0.9011,-5.6641,-0.3437,-0.0918
292703,0.2844,-0.1938,-0.89,-5.2402,-0.666,-0.2422
292726,0.2814,-0.1912,-0.8893,-4.7461,-1.0801,-0.4238
292749,0.2836,-0.1873,-0.9022,-4.4199,-1.377,-0.5508
292772,0.2869,-0.1897,-0.9142,-4.0117,-1.8203,-0.7305
292795,0.2697,-0.1906,-0.9056,-3.8242,-2.1172,-0.8262
292818,0.2637,-0.1948,-0.8916,-3.668,-2.5625,-0.8965
292841,0.2574,-0.1975,-0.8656,-3.6055,-2.8496,-0.8477
292864,0.255,-0.1995,-0.8583,-3.4902,-3.2246,-0.748
292887,0.2659,-0.1975,-0.8649,-3.3105,-3.4551,-0.5234
292910,0.2596,-0.196,-0.8865,-3.1895,-3.4844,-0.3457
292933,0.2605,-0.197,-0.907,-3.1133,-3.3066,-0.0645
292956,0.2589,-0.1963,-0.8912,-3.1797,-3.0449,0.125
292979,0.2462,-0.1947,-0.8772,-3.4609,-2.4824,0.4102
293002,0.2609,-0.1954,-0.869,-3.8594,-1.7793,0.6914
293025,0.2815,-0.1951,-0.8798,-4.1406,-1.2539,0.8594
293048,0.2887,-0.1898,-0.8994,-4.5586,-0.416,1.0371
293071,0.2742,-0.1863,-0.9172,-4.8496,0.1523,1.0918
293094,0.2792,-0.1824,-0.9259,-5.334,0.9707,1.0957
293117,0.2682,-0.1802,-0.9104,-5.8477,1.625,1.0391
293140,0.2582,-0.1818,-0.8861,-6.1465,1.9102,0.9863
293163,0.267,-0.1849,-0.8784,-6.4102,2.0977,0.8965
293186,0.2805,-0.1899,-0.8726,-6.416,2.084,0.8203
293209,0.2706,-0.1884,-0.876,-6.168,1.9238,0.6621
293232,0.2671,-0.1888,-0.9033,-5.873,1.7734,0.457
293255,0.2888,-0.1919,-0.9041,-5.3555,1.5488,0.3086
293278,0.2693,-0.1918,-0.8862,-4.8633,1.3281,0.084
293301,0.2676,-0.1921,-0.8722,-4.5781,1.1914,-0.0527
293324,0.2882,-0.1941,-0.8719,-4.2285,1.0547,-0.2187
293347,0.3035,-0.1914,-0.8918,-4.0625,1.0273,-0.3086
293370,0.2931,-0.1855,-0.9214,-3.9687,1.084,-0.4277
293393,0.292,-0.1808,-0.9274,-4.1172,1.2051,-0.5117
293416,0.2856,-0.1764,-0.9156,-4.3398,1.2598,-0.5352
293439,0.2703,-0.1758,-0.9005,-4.75,1.2168,-0.5117
293462,0.2677,-0.1782,-0.8857,-4.9844,1.0781,-0.4629
293485,0.2725,-0.1797,-0.8752,-5.1484,0.7031,-0.3809
293508,0.2749,-0.1796,-0.8811,-5.0234,0.1895,-0.3594
293531,0.2833,-0.1869,-0.9032,-4.8047,-0.1875,-0.4121
293554,0.2981,-0.1895,-0.9167,-4.3711,-0.7793,-0.6152
293577,0.2866,-0.1906,-0.9108,-4.0684,-1.1973,-0.8281
293600,0.2855,-0.1918,-0.8861,-3.6445,-1.8477,-1.2207
293623,0.2883,-0.1968,-0.8712,-3.3789,-2.2695,-1.6113
293646,0.2854,-0.2015,-0.8632,-2.9941,-2.8105,-1.8203
293669,0.2646,-0.2006,-0.8768,-2.6445,-3.1582,-1.9805
293692,0.2533,-0.2024,-0.8857,-2.4668,-3.2598,-1.9492
293715,0.2506,-0.2007,-0.8608,-2.3457,-3.2148,-1.6621
293738,0.2506,-0.1968,-0.8561,-2.373,-3.0586,-1.3301
293761,0.278,-0.1902,-0.8649,-2.5703,-2.625,-0.707
293784,0.2831,-0.1815,-0.9048,-2.9707,-1.9727,-0.0918
293807,0.285,-0.1772,-0.9247,-3.3809,-1.4512,0.2324
293830,0.283,-0.1741,-0.9181,-4.2129,-0.5898,0.5059
293853,0.2888,-0.1766,-0.9183,-4.8574,0.0059,0.5332
293876,0.2952,-0.1799,-0.9233,-5.7988,0.8516,0.3535
293899,0.2922,-0.1849,-0.9077,-6.502,1.4941,-0.041
293922,0.2836,-0.1896,-0.886,-6.7383,1.7422,-0.3828
293945,0.25,-0.1931,-0.8784,-6.6445,1.7969,-0.9355
293968,0.2815,-0.1956,-0.8842,-6.2832,1.6191,-1.2852
293991,0.2762,-0.1968,-0.8898,-5.3887,1.0605,-1.7129
294014,0.2737,-0.1958,-0.8708,-4.6523,0.2734,-1.9648
294037,0.2662,-0.1932,-0.8601,-3.5078,-0.2852,-2.0176
294060,0.2833,-0.1932,-0.8793,-2.5195,-1.0215,-1.9238
294083,0.2958,-0.1902,-0.8978,-2.0586,-1.3887,-1.7695
294106,0.2828,-0.1849,-0.9008,-1.791,-1.7285,-1.4453
294129,0.2662,-0.1779,-0.906,-1.916,-1.8145,-1.1855
294152,0.2742,-0.1772,-0.9045,-2.4844,-1.752,-0.752
294175,0.2754,-0.1786,-0.8958,-3.3301,-1.5176,-0.3145
294198,0.2831,-0.1852,-0.8969,-3.9219,-1.3086,-0.0586
294221,0.2822,-0.1881,-0.891,-4.6875,-0.9766,0.2168
294244,0.2833,-0.1892,-0.8883,-5.0449,-0.7754,0.3066
294267,0.2747,-0.1876,-0.8933,-5.291,-0.541,0.3008
294290,0.2795,-0.1913,-0.8906,-5.2109,-0.4238,0.1582
294313,0.2832,-0.1929,-0.8801,-5.0137,-0.416,0.0156
294336,0.2729,-0.1929,-0.8738,-4.5879,-0.4863,-0.2305
294359,0.2812,-0.1921,-0.8684,-4.2656,-0.5488,-0.3848
294382,0.2892,-0.1904,-0.8907,-3.832,-0.5977,-0.5684
294405,0.2896,-0.189,-0.9119,-3.6387,-0.5449,-0.6738
294428,0.2739,-0.1866,-0.9065,-3.582,-0.4629,-0.6855
294451,0.2712,-0.1842,-0.8845,-3.7871,-0.3008,-0.5996
294474,0.2732,-0.1825,-0.8826,-4.0078,-0.1855,-0.4746
294497,0.2863,-0.1814,-0.8914,-4.3711,-0.0293,-0.2305
294520,0.2833,-0.182,-0.8942,-4.6016,0.0547,-0.0723
294543,0.2792,-0.1831,-0.8928,-4.9082,0.1426,0.1016
294566,0.2783,-0.1847,-0.8956,-5.1465,0.2012,0.1719
294589,0.2844,-0.189,-0.8873,-5.252,0.2227,0.166
294612,0.285,-0.189,-0.8805,-5.2988,0.2109,0.0918
294635,0.2831,-0.1871,-0.8932,-5.252,0.1758,0.0078
294658,0.2953,-0.187,-0.9022,-5.0918,0.1016,-0.1484
294681,0.2844,-0.1851,-0.9023,-4.8926,0.0098,-0.3203
294704,0.2917,-0.1881,-0.9012,-4.7637,-0.0703,-0.4238
294727,0.2688,-0.1859,-0.8943,-4.5703,-0.2617,-0.5371
294750,0.225,-0.1742,-0.9058,-4.4277,-0.4473,-0.5684
294773,0.1969,-0.1892,-0.9258,-4.1562,-0.7617,-0.5332
294796,0.2437,-0.2045,-0.8799,-3.7344,-1.0449,-0.4395
294819,0.2269,-0.2231,-0.8687,-3.2852,-1.209,-0.4121
294842,0.2645,-0.2261,-0.8954,-2.2715,-1.3906,-0.5371
294865,0.2937,-0.2192,-0.8962,-1.4004,-1.459,-0.7852
294888,0.3022,-0.1962,-0.8348,0.0254,-1.5645,-1.459
294911,0.3053,-0.1758,-0.8459,0.9258,-1.7188,-2.1055
294934,0.3131,-0.1519,-0.885,1.8906,-2.252,-3.3223
294957,0.3274,-0.1368,-0.9429,1.9258,-3.3359,-4.7539
294980,0.3151,-0.135,-0.963,1.2441,-4.4355,-5.7617
295003,0.2817,-0.1393,-0.9442,-0.7852,-6.5645,-7.2227
295026,0.2432,-0.1515,-0.9109,-2.5488,-8.0996,-8.0605
295049,0.2236,-0.1619,-0.8938,-5.1426,-10.0664,-8.9414
295072,0.2205,-0.1753,-0.8771,-6.9199,-11.1113,-9.2637
295095,0.2476,-0.1965,-0.8589,-7.3887,-11.1445,-9.1816
295118,0.251,-0.2123,-0.8611,-6.9453,-10.2246,-8.7344
295141,0.2321,-0.2073,-0.8683,-6.0176,-9.0703,-8.3047
295164,0.2598,-0.2125,-0.8759,-4.1172,-6.8437,-7.5664
295187,0.2963,-0.2231,-0.8721,-2.248,-4.4863,-6.8047
295210,0.2695,-0.2097,-0.8694,-1.3145,-3.0625,-6.3145
295233,0.2588,-0.1991,-0.8962,-0.6719,-1.3438,-5.5723
295256,0.2657,-0.1974,-0.9025,-0.8242,-0.5371,-5.0391
295279,0.2665,-0.2012,-0.8746,-1.8887,0.0898,-4.1465
295302,0.2563,-0.1956,-0.8624,-3.0293,0.0977,-3.166
295325,0.2316,-0.1768,-0.859,-5.1152,-0.4844,-2.5
295348,0.2317,-0.1555,-0.8898,-7.4219,-1.7051,-1.5566
295371,0.2411,-0.1469,-0.96,-9.0586,-2.8223,-1.0313
295394,0.2466,-0.1399,-1.0159,-11.7422,-4.877,-0.5078
295417,0.2295,-0.1298,-1.0198,-13.6855,-6.4414,-0.3711
295440,0.2015,-0.1205,-0.9777,-16.5645,-8.8984,-0.4531
295463,0.1954,-0.1166,-0.9312,-18.709,-11.084,-0.7246
295486,0.1904,-0.1279,-0.9237,-19.3105,-12.1426,-0.9219
295509,0.1974,-0.1331,-0.8994,-18.584,-12.8945,-1.1621
295532,0.1937,-0.1372,-0.8801,-16.9961,-12.8086,-1.2832
295555,0.2122,-0.1464,-0.8936,-13.2578,-11.875,-1.4492
295578,0.2158,-0.1582,-0.9049,-8.5801,-10.1816,-1.6758
295601,0.2169,-0.1703,-0.9105,-5.3828,-8.7715,-1.8945
295624,0.2267,-0.1766,-0.913,-1.0723,-6.4727,-2.3301
295647,0.2048,-0.1831,-0.9192,1.2246,-4.9551,-2.666
295670,0.2161,-0.1843,-0.9071,3.5859,-2.9043,-3.1406
295693,0.213,-0.1832,-0.89,4.4395,-1.291,-3.457
295716,0.209,-0.1788,-0.8667,4.8027,-0.5879,-3.5234
295739,0.2086,-0.1772,-0.8829,4.3633,0.082,-3.377
295762,0.2228,-0.1741,-0.9174,3.7637,0.3066,-3.125
295785,0.2212,-0.168,-0.9321,2.5254,0.4238,-2.5801
295808,0.212,-0.16,-0.9257,1.5293,0.3984,-2.1562
295831,0.1995,-0.1554,-0.9281,-0.0937,0.25,-1.5059
295854,0.2084,-0.1567,-0.926,-1.6738,0.0195,-0.9121
295877,0.2114,-0.1566,-0.9138,-2.5898,-0.1719,-0.5879
295900,0.2014,-0.1615,-0.9165,-3.6094,-0.4961,-0.2715
295923,0.2139,-0.1636,-0.9103,-3.9902,-0.7246,-0.1875
295946,0.1979,-0.1655,-0.9009,-4.0859,-1.0742,-0.2656
295969,0.197,-0.1677,-0.8988,-3.6641,-1.4004,-0.5645
295992,0.2068,-0.1741,-0.8962,-3.1719,-1.5703,-0.8594
296015,0.2063,-0.1785,-0.8938,-2.2773,-1.7148,-1.3945
296038,0.2092,-0.1816,-0.8916,-1.6758,-1.7109,-1.7813
296061,0.1952,-0.1848,-0.9021,-0.9238,-1.5176,-2.3379
296084,0.2041,-0.1964,-0.9117,-0.6016,-1.2637,-2.7949
296107,0.2267,-0.2017,-0.8855,-0.4863,-0.7539,-3.0137
296130,0.223,-0.1951,-0.8749,-0.8379,-0.2305,-3.1895
296153,0.2197,-0.1792,-0.8928,-1.3027,0.0586,-3.1914
296176,0.2288,-0.1667,-0.9365,-2.2969,0.3516,-3.0176
296199,0.2319,-0.1566,-0.9639,-3.1348,0.4414,-2.7969
296222,0.2228,-0.1481,-0.9597,-4.582,0.4082,-2.3672
296245,0.2056,-0.1448,-0.9403,-6.0449,0.1953,-1.9004
296268,0.1985,-0.1505,-0.9141,-6.8574,-0.0352,-1.6113
296291,0.1965,-0.1599,-0.9052,-7.5723,-0.4805,-1.2949
296314,0.1979,-0.1692,-0.9053,-7.6152,-0.8105,-1.2051
296337,0.2012,-0.1709,-0.8936,-7.0098,-1.2949,-1.3027
296360,0.2001,-0.1749,-0.887,-5.75,-1.7051,-1.6914
296383,0.2065,-0.1818,-0.8936,-4.6895,-1.8926,-2.084
296406,0.2053,-0.1918,-0.897,-3.0391,-1.9863,-2.7988
296429,0.2122,-0.1949,-0.8816,-2.0488,-1.9063,-3.2949
296452,0.2092,-0.196,-0.8717,-0.9199,-1.5605,-3.9551
296475,0.2328,-0.1954,-0.8752,-0.4648,-0.9492,-4.3848
296498,0.2351,-0.157,-0.892,-0.3008,-0.4141,-4.502
296521,0.226,-0.1697,-0.9188,-0.8223,0.5176,-4.3828
296544,0.238,-0.1597,-0.9351,-1.5684,1.166,-4.0996
296567,0.2322,-0.1487,-0.9272,-3.2246,2.0625,-3.3945
296590,0.2274,-0.1447,-0.9379,-4.584,2.5508,-2.7832
296613,0.2253,-0.1409,-0.9401,-6.7402,3.0449,-1.7539
296636,0.2223,-0.1393,-0.9292,-8.6914,3.2168,-0.7383
296659,0.2217,-0.146,-0.9323,-9.6914,3.1602,-0.1445
296682,0.2306,-0.1547,-0.9285,-10.5332,2.8691,0.5352
296705,0.2258,-0.1633,-0.9182,-10.5898,2.5781,0.8242
296728,0.2205,-0.1675,-0.8994,-9.8984,2.0762,1.0117
296751,0.225,-0.1709,-0.9005,-8.3926,1.6094,0.9668
296774,0.2428,-0.1744,-0.9031,-7.0762,1.3555,0.8535
296797,0.2531,-0.1755,-0.9106,-4.9297,1.0742,0.6133
296820,0.2535,-0.1785,-0.9139,-3.5664,0.9414,0.4434
296843,0.2407,-0.1746,-0.9076,-1.8848,0.7969,0.2383
296866,0.2275,-0.1639,-0.8994,-0.5957,0.6738,0.1797
296889,0.2241,-0.165,-0.9097,-0.459,0.5684,0.2598
296912,0.2323,-0.1672,-0.9037,-0.4473,0.332,0.5605
296935,0.2196,-0.168,-0.9021,-0.7266,0.1172,0.8613
296958,0.2111,-0.1644,-0.899,-1.4375,-0.2539,1.4063
296981,0.2152,-0.1692,-0.8842,-2.0137,-0.4961,1.7988
297004,0.212,-0.1757,-0.8767,-2.8652,-0.7949,2.3633
297027,0.2115,-0.181,-0.8898,-3.5527,-0.9609,2.8223
297050,0.2191,-0.1788,-0.8893,-3.8945,-0.9746,3.0332
297073,0.2262,-0.1796,-0.8959,-4.2871,-0.8223,3.1836
297096,0.2369,-0.1799,-0.9077,-4.5098,-0.5918,3.1758
297119,0.2418,-0.1736,-0.9158,-4.8555,-0.0391,3.0371
297142,0.2477,-0.1696,-0.9271,-5.2559,0.7148,2.8262
297165,0.251,-0.1671,-0.9246,-5.5586,1.2539,2.6914
297188,0.2538,-0.1653,-0.9152,-6.0215,2.0,2.5352
297211,0.2415,-0.1669,-0.9086,-6.291,2.4043,2.4707
297234,0.2443,-0.1683,-0.9052,-6.5527,2.8379,2.4375
297257,0.2426,-0.1681,-0.9165,-6.5762,3.0488,2.4668
297280,0.2402,-0.1619,-0.9156,-6.4512,3.0547,2.5059
297303,0.2332,-0.1639,-0.9083,-6.0859,2.8281,2.5762
297326,0.226,-0.1604,-0.8708,-5.7441,2.5234,2.6113
297349,0.2217,-0.157,-0.8552,-5.1152,1.9082,2.6113
297372,0.2224,-0.1554,-0.874,-4.6504,1.4609,2.5586
297395,0.2323,-0.1558,-0.9001,-4.0039,0.8691,2.3672
297418,0.2377,-0.1538,-0.9198,-3.6094,0.4746,1.998
297441,0.2551,-0.1586,-0.9194,-3.5703,0.3477,1.6289
297464,0.2504,-0.1561,-0.9156,-3.8691,0.3574,0.8828
297487,0.2589,-0.1554,-0.9425,-4.2598,0.4746,0.2773
297510,0.2703,-0.1583,-0.949,-5.0215,0.7559,-0.7187
297533,0.2524,-0.1604,-0.9215,-5.7969,1.0605,-1.7051
297556,0.2452,-0.1603,-0.8936,-6.1719,1.2188,-2.2852
297579,0.2446,-0.162,-0.8848,-6.3125,1.2988,-2.9414
297602,0.233,-0.1638,-0.8717,-6.0625,1.2031,-3.2051
297625,0.2297,-0.166,-0.8768,-5.209,0.8398,-3.3359
297648,0.2526,-0.1765,-0.9106,-3.9863,0.3281,-3.207
297671,0.2617,-0.1691,-0.9014,-3.1445,-0.0195,-3.0312
297694,0.2181,-0.1432,-0.8927,-2.1152,-0.4551,-2.709
297717,0.2043,-0.1324,-0.9141,-1.7227,-0.6426,-2.4824
297740,0.2333,-0.1427,-0.9541,-1.8281,-0.7676,-2.2051
297763,0.2672,-0.1405,-0.9475,-2.4766,-0.8301,-2.1699
297786,0.2933,-0.1375,-0.8866,-4.3242,-1.0625,-2.377
297809,0.3145,-0.1313,-0.8457,-6.9238,-1.4297,-3.0781
297832,0.257,-0.0979,-0.8435,-8.877,-1.5039,-3.7539
297855,0.2533,-0.087,-0.9259,-12.0605,-0.7187,-4.9004
297878,0.3406,-0.0992,-0.9379,-14.4453,0.6055,-5.6875
297901,0.3745,-0.1047,-0.9202,-18.5488,3.5332,-6.9687
297924,0.3099,-0.1082,-0.9364,-23.0293,6.9727,-8.4512
297947,0.2872,-0.1166,-0.9387,-25.8691,9.2676,-9.4805
297970,0.2823,-0.1295,-0.8745,-29.1738,12.2988,-10.834
297993,0.2645,-0.1332,-0.7797,-30.3086,13.7422,-11.4375
298016,0.2406,-0.1268,-0.7773,-29.9141,14.5762,-11.668
298039,0.2534,-0.1088,-0.7816,-27.0391,13.5742,-10.957
298062,0.2732,-0.0896,-0.8252,-24.1035,11.9551,-9.9844
298085,0.2878,-0.0648,-0.8501,-19.0254,8.459,-7.9531
298108,0.2745,-0.0421,-0.8695,-15.6992,5.7324,-6.3555
298131,0.2858,-0.0309,-0.9163,-11.4941,1.7246,-3.8262
298154,0.3043,-0.0344,-0.9562,-9.4687,-1.0352,-1.4238
298177,0.313,-0.0409,-0.9565,-7.752,-2.9297,-0.0391
298200,0.282,-0.0465,-0.9141,-7.3848,-4.0352,1.5703
298223,0.2662,-0.0569,-0.8804,-7.5781,-4.1133,2.3145
298246,0.2825,-0.0741,-0.8695,-7.9629,-3.4414,2.9766
298269,0.2831,-0.0825,-0.8787,-8.0273,-2.6211,3.166
298292,0.2913,-0.0826,-0.8669,-7.627,-1.1348,3.1699
298315,0.2794,-0.0732,-0.8568,-6.6426,0.377,3.0098
298338,0.2925,-0.0599,-0.8623,-5.7559,1.3066,2.9121
298361,0.2947,-0.0519,-0.9052,-4.3281,2.5215,2.9023
298384,0.3099,-0.0532,-0.917,-3.4883,3.1777,3.0059
298407,0.3032,-0.0614,-0.9125,-2.6504,3.873,3.291
298430,0.3049,-0.0715,-0.8981,-2.4004,4.207,3.6367
298453,0.311,-0.0811,-0.8772,-2.4727,4.2871,3.8535
298476,0.3066,-0.0909,-0.868,-2.6992,4.334,4.1035
298499,0.3287,-0.098,-0.8453,-2.7988,4.3887,4.2012
298522,0.343,-0.1036,-0.8407,-2.7656,4.5527,4.2109
298545,0.3507,-0.1049,-0.8374,-2.6328,4.7832,4.0527
298568,0.3267,-0.0942,-0.8129,-2.3789,4.9375,3.8887
298591,0.2944,-0.0717,-0.7968,-2.2187,5.1621,3.6953
298614,0.3,-0.0504,-0.8317,-2.25,5.3379,3.6895
298637,0.3395,-0.0408,-0.8997,-2.6797,5.6465,3.9199
298660,0.3468,-0.0303,-0.928,-3.3301,5.8184,4.1738
298683,0.347,-0.0188,-0.9333,-4.918,5.9082,4.5117
298706,0.3445,-0.0184,-0.9519,-7.0469,5.75,4.5762
298729,0.3484,-0.0184,-0.9618,-8.5371,5.5039,4.3809
298752,0.3265,-0.0199,-0.9475,-10.4414,4.8926,3.6777
298775,0.3164,-0.0383,-0.9153,-11.2344,4.3047,2.9414
298798,0.3218,-0.0597,-0.891,-11.3418,3.1621,1.5078
298821,0.3152,-0.0713,-0.8707,-9.9434,1.7793,-0.1895
298844,0.3159,-0.0839,-0.8317,-8.2031,0.7949,-1.3555
298867,0.3215,-0.1003,-0.7872,-4.6602,-0.6367,-2.9629
298890,0.3177,-0.1082,-0.7759,-1.9297,-1.4707,-3.832
298913,0.3268,-0.1104,-0.7992,2.1582,-2.3848,-4.6914
298936,0.3456,-0.1089,-0.8342,4.5176,-2.7656,-4.9336
298959,0.3503,-0.1046,-0.8496,6.9473,-2.7031,-4.7539
298982,0.3495,-0.1007,-0.8657,7.6328,-2.166,-4.041
299005,0.3398,-0.0941,-0.8809,7.0762,-1.5566,-3.3184
299028,0.3269,-0.0823,-0.8812,4.9414,-0.3809,-1.9629
299051,0.3265,-0.077,-0.8871,2.8926,0.498,-0.9395
299074,0.3418,-0.0698,-0.895,-0.6035,1.7988,0.6367
299097,0.3568,-0.0698,-0.9064,-4.0137,2.9023,2.0664
299120,0.3462,-0.0671,-0.8939,-5.9648,3.4395,2.8281
299143,0.3444,-0.0736,-0.8767,-8.1172,3.8613,3.5723
299166,0.3425,-0.0758,-0.8807,-8.9297,3.8789,3.7773
299189,0.3455,-0.0797,-0.8824,-9.2031,3.5508,3.6641
299212,0.3496,-0.0853,-0.8635,-8.4941,2.8828,3.1152
299235,0.344,-0.0896,-0.8577,-7.6211,2.3086,2.5703
299258,0.3521,-0.0933,-0.8707,-5.9805,1.3633,1.6113
299281,0.3414,-0.0933,-0.8652,-4.8437,0.7383,0.9551
299304,0.335,-0.0902,-0.843,-3.3437,-0.1172,0.0723
299327,0.3242,-0.0869,-0.8495,-2.0859,-0.8125,-0.5547
299350,0.3285,-0.0844,-0.8684,-1.9219,-1.1621,-0.791
299373,0.3336,-0.0831,-0.8711,-1.8848,-1.502,-0.8906
299396,0.3485,-0.0801,-0.8721,-2.1895,-1.6035,-0.8262
299419,0.3755,-0.078,-0.8762,-3.0312,-1.6016,-0.6387
299442,0.3756,-0.0754,-0.8811,-3.7461,-1.5313,-0.5176
299465,0.3654,-0.072,-0.8827,-4.8535,-1.3926,-0.4102
299488,0.3446,-0.0696,-0.8688,-5.7695,-1.2676,-0.3984
299511,0.343,-0.0762,-0.8708,-6.1641,-1.1934,-0.4141
299534,0.3248,-0.0762,-0.8795,-6.3555,-1.1035,-0.4297
299557,0.3269,-0.0778,-0.8663,-6.2363,-1.0586,-0.4082
299580,0.3115,-0.0774,-0.8533,-5.7715,-1.0273,-0.3027
299603,0.3077,-0.0741,-0.8618,-5.0996,-1.0332,-0.0859
299626,0.3226,-0.0709,-0.86,-4.623,-1.0488,0.1152
299649,0.335,-0.0742,-0.8605,-3.9941,-1.0938,0.4531
299672,0.3384,-0.0774,-0.8633,-3.6855,-1.1133,0.6641
299695,0.3396,-0.0737,-0.8751,-3.4434,-1.0645,0.8984
299718,0.3492,-0.0725,-0.8828,-3.4805,-0.8711,0.9863
299741,0.3568,-0.0745,-0.8857,-3.6426,-0.6641,0.9551
299764,0.3557,-0.0776,-0.8885,-4.0117,-0.2871,0.7734
299787,0.3513,-0.0876,-0.8719,-4.2793,-0.0312,0.5781
299810,0.3422,-0.0942,-0.8431,-4.5977,0.3066,0.2129
299833,0.3368,-0.0964,-0.8405,-4.6934,0.4863,-0.043
299856,0.3472,-0.0957,-0.8533,-4.6348,0.6816,-0.3848
299879,0.3687,-0.0914,-0.8755,-4.4238,0.7812,-0.6152
299902,0.3453,-0.0868,-0.8668,-4.2852,0.7891,-0.6855
299925,0.3435,-0.0823,-0.8558,-4.1699,0.7227,-0.6406
299948,0.3385,-0.0779,-0.8619,-4.1855,0.6504,-0.4961
299971,0.3477,-0.0786,-0.8591,-4.3555,0.5391,-0.125
299994,0.3475,-0.0782,-0.859,-4.7031,0.4531,0.3672
300017,0.3508,-0.076,-0.868,-5.0176,0.4297,0.7207
300040,0.3535,-0.0713,-0.8737,-5.584,0.4707,1.2148
300063,0.3558,-0.0665,-0.8678,-5.998,0.5449,1.4902
300086,0.3572,-0.0608,-0.9056,-6.6113,0.6934,1.7773
300109,0.3671,-0.0643,-0.8942,-7.1406,0.8613,1.8926
300132,0.353,-0.0645,-0.8778,-7.416,0.9629,1.8711
300155,0.3409,-0.0677,-0.8483,-7.6543,1.0684,1.7129
300178,0.3571,-0.0695,-0.8486,-7.6562,1.1035,1.5488
300201,0.3584,-0.0651,-0.8817,-7.4102,1.084,1.25
300224,0.3698,-0.0581,-0.8823,-7.1211,1.0078,0.9121
300247,0.3485,-0.061,-0.8766,-6.6074,0.7793,0.6738
300270,0.3589,-0.0734,-0.8641,-6.0762,0.4355,0.3242
300293,0.3562,-0.0817,-0.854,-5.7227,0.166,0.1074
300316,0.3462,-0.0837,-0.8632,-5.2031,-0.252,-0.1738
300339,0.3557,-0.0786,-0.8706,-4.8887,-0.5137,-0.3145
300362,0.34,-0.0654,-0.8605,-4.5391,-0.8652,-0.4434
300385,0.3435,-0.051,-0.8762,-4.3945,-1.1504,-0.4668
300408,0.3564,-0.0538,-0.9037,-4.4316,-1.291,-0.4395
300431,0.3615,-0.0649,-0.9041,-4.6758,-1.4395,-0.3848
300454,0.3425,-0.0732,-0.8796,-4.9121,-1.5,-0.377
300477,0.3263,-0.069,-0.8483,-5.2051,-1.5352,-0.4434
300500,0.3186,-0.0614,-0.8427,-5.2266,-1.5547,-0.6035
300523,0.3403,-0.0599,-0.8704,-5.0488,-1.5918,-0.7578
300546,0.3773,-0.0554,-0.8945,-4.5664,-1.707,-1.0938
300569,0.3707,-0.0464,-0.9302,-4.2051,-1.8457,-1.4199
300592,0.3513,-0.041,-0.9551,-3.8008,-2.2168,-2.1035
300615,0.3516,-0.0437,-0.9392,-3.6836,-2.5918,-2.9844
300638,0.3632,-0.0497,-0.9008,-3.6758,-3.3359,-3.6445
300661,0.3484,-0.0536,-0.8741,-3.6504,-4.2539,-4.6973
300684,0.3569,-0.0524,-0.8197,-3.543,-4.9297,-5.4375
300707,0.3741,-0.0298,-0.7665,-3.3652,-6.0098,-6.6758
300730,0.3416,0.0236,-0.7334,-3.4844,-6.7344,-7.6797
300753,0.3251,0.1228,-0.7788,-4.834,-7.6406,-9.7168
300776,0.4292,0.1785,-0.9629,-9.0996,-8.0918,-12.9648
300799,0.5873,0.1658,-1.0638,-14.4141,-8.0801,-16.2344
300822,0.6315,0.1451,-0.9969,-26.4648,-7.3652,-23.1973
300845,0.5717,0.1622,-0.7944,-36.541,-6.0352,-28.9844
300868,0.5308,0.1458,-0.7035,-52.209,-1.8906,-38.0313
300891,0.4834,0.1246,-0.6376,-64.0,5.3359,-45.2637
300914,0.2666,0.1182,-0.6094,-64.0,11.7949,-47.9141
300937,0.0852,0.1151,-0.6389,-64.0,23.9668,-47.5488
300960,0.0358,0.1016,-0.6863,-64.0,33.6387,-44.3984
300983,0.0834,0.1316,-0.6119,-64.0,49.1914,-36.627
301006,0.2589,0.1617,-0.6545,-64.0,63.1602,-28.2637
301029,0.3982,0.2042,-0.7448,-59.2637,63.998,-24.3008
301052,0.473,0.2687,-0.7825,-54.9922,63.998,-22.959
301075,0.5007,0.3351,-0.7759,-53.6406,63.998,-25.5625
301098,0.5304,0.4048,-0.7758,-53.6621,63.998,-33.8945
301121,0.5033,0.4441,-0.7191,-54.5254,62.4805,-41.2324
301144,0.4891,0.452,-0.7063,-55.9102,51.8359,-52.4199
301167,0.5322,0.4244,-0.7837,-56.1836,41.5293,-61.1113
301190,0.5704,0.4171,-0.7275,-55.3535,35.7637,-64.0
301213,0.5632,0.4293,-0.6691,-52.3652,29.293,-64.0
301236,0.45,0.4437,-0.663,-49.2227,26.3906,-62.6367
301259,0.3275,0.4493,-0.5986,-43.0508,23.8281,-54.9141
301282,0.3923,0.4753,-0.5118,-35.7305,23.0234,-43.6465
301305,0.4906,0.4281,-0.6501,-30.6797,23.2148,-35.2188
301328,0.5609,0.4626,-0.6873,-23.7559,23.8652,-23.0117
301351,0.2958,0.5197,-0.543,-20.0254,24.043,-16.043
301374,0.5004,0.4973,-0.6941,-16.041,23.4238,-8.2422
301397,0.527,0.5042,-0.5477,-14.373,21.3359,-4.1133
301420,0.5415,0.4821,-0.5374,-12.8555,19.0098,-3.3691
301443,0.4207,0.4563,-0.5527,-11.8594,14.2793,-4.5898
301466,0.3778,0.4445,-0.5538,-11.2617,10.5918,-6.3164
301489,0.4106,0.4547,-0.5619,-10.3437,4.9805,-9.1426
301512,0.5055,0.4438,-0.5884,-9.7246,1.5195,-10.707
301535,0.4987,0.4541,-0.5209,-8.8633,-3.0176,-12.1445
301558,0.4872,0.4548,-0.5333,-8.1504,-6.7422,-12.2715
301581,0.4883,0.4896,-0.5066,-7.8008,-8.752,-11.5703
301604,0.5027,0.4719,-0.5931,-7.5684,-10.9004,-9.3477
301627,0.5188,0.4961,-0.5217,-7.6914,-11.7246,-7.1875
301650,0.5038,0.521,-0.5228,-8.3828,-12.1934,-3.2715
301673,0.4882,0.512,-0.5669,-9.6738,-11.9941,0.9688
301696,0.4755,0.4991,-0.5353,-10.8223,-11.5801,3.7227
301719,0.5383,0.4863,-0.4647,-12.8203,-10.7285,7.4453
301742,0.5204,0.4957,-0.4691,-14.209,-10.207,9.5645
301765,0.4832,0.535,-0.4954,-16.2246,-9.6934,12.3125
301788,0.3896,0.6085,-0.5018,-18.4766,-9.3926,15.0391
301811,0.2841,0.7388,-0.5576,-19.25,-9.1875,17.1992
301834,0.2891,0.8008,-0.559,-20.9648,-8.7305,21.1797
301857,0.4736,0.8384,-0.692,-22.0527,-8.3828,24.0391
301880,0.4645,0.8835,-0.6401,-23.2559,-8.25,27.2871
301903,0.5596,0.7782,-0.5251,-23.2129,-8.5547,27.7246
301926,0.575,0.6504,-0.4771,-20.6055,-9.5645,24.3125
301949,0.5718,0.5582,-0.3782,-13.9922,-10.9746,15.5
301972,0.5715,0.4675,-0.3999,-7.3633,-11.7949,7.1172
301995,0.5519,0.3921,-0.3953,4.8711,-12.1426,-7.4492
302018,0.5237,0.3073,-0.4138,13.541,-11.373,-17.1504
302041,0.5707,0.2181,-0.4279,25.2793,-8.1914,-29.3945
302064,0.5079,0.184,-0.4655,33.2207,-2.3594,-36.6914
302087,0.3933,0.1915,-0.5063,35.4355,2.9043,-38.0313
302110,0.3008,0.2196,-0.5475,33.3926,12.3535,-34.4473
302133,0.2166,0.2625,-0.558,28.4785,19.1445,-28.7188
302156,0.3593,0.3386,-0.5321,16.584,28.7227,-16.8359
302179,0.479,0.4329,-0.5757,0.9922,35.4141,-4.1172
302202,0.4077,0.5148,-0.6014,-10.3301,37.1367,3.1074
302225,0.3624,0.5619,-0.5632,-27.0098,35.0332,10.457
302248,0.3314,0.5765,-0.5679,-37.0195,30.9023,12.7949
302271,0.2898,0.6008,-0.5754,-49.1406,22.1484,12.9375
302294,0.3451,0.686,-0.5436,-54.8262,15.709,10.3145
302317,0.5453,0.7079,-0.5612,-59.416,6.8652,7.1953
302340,0.7458,0.6783,-0.6425,-59.4355,0.2773,1.8809
302363,0.4685,0.7144,-0.4888,-57.2109,-2.5488,-1.8027
302386,0.3986,0.6741,-0.4825,-51.1074,-4.1582,-6.543
302409,0.3445,0.6284,-0.5188,-45.5898,-3.4336,-8.7285
302432,0.2231,0.6561,-0.5011,-35.9199,-0.0137,-10.3984
302455,0.2905,0.6351,-0.5094,-25.3594,5.1504,-11.0254
302478,0.394,0.5974,-0.5432,-18.1328,8.6875,-11.7734
302501,0.5128,0.5596,-0.4575,-7.3613,12.5488,-14.7812
302524,0.6121,0.5381,-0.4069,-0.4297,13.375,-18.4531
302547,0.4916,0.4747,-0.4103,9.1152,11.4727,-25.9883
302570,0.4115,0.505,-0.4774,16.8086,6.6934,-33.9219
302593,0.3014,0.4968,-0.4745,20.4316,2.8652,-38.0195
302616,0.3638,0.5272,-0.5247,23.0996,-2.4355,-40.6621
302639,0.4353,0.5715,-0.5288,22.959,-5.1582,-39.623
302662,0.4125,0.6001,-0.5089,20.2188,-7.7461,-34.0293
302685,0.3796,0.5925,-0.5105,17.1367,-8.6211,-24.7832
302708,0.3466,0.5753,-0.5566,11.584,-9.2148,-17.5684
302731,0.3337,0.5756,-0.5378,6.1367,-9.7305,-6.875
302754,0.358,0.5657,-0.538,3.2148,-10.4316,-0.793
302777,0.3752,0.5455,-0.5146,0.6895,-12.4375,5.4531
302800,0.413,0.575,-0.4408,0.5508,-14.5195,7.2715
302823,0.3354,0.6146,-0.473,2.8574,-18.5176,6.4668
302846,0.3871,0.6406,-0.526,7.8457,-22.5469,2.3613
302869,0.4073,0.6858,-0.4742,12.1582,-24.5898,-1.3535
302892,0.4655,0.7561,-0.3074,19.0137,-26.123,-6.9238
302915,0.4337,0.7483,-0.5502,23.1563,-25.8887,-9.8906
302938,0.3711,0.7949,-0.6854,27.5859,-23.0449,-12.3945
302961,0.4005,0.7208,-0.6445,28.957,-16.9238,-12.4082
302984,0.4707,0.6321,-0.6064,28.0879,-11.582,-11.4062
303007,0.4451,0.567,-0.5443,24.7324,-3.3652,-9.3906
303030,0.4364,0.5028,-0.5057,21.752,1.3066,-8.2031
303053,0.4742,0.4004,-0.5601,17.2246,5.8496,-6.9863
303076,0.4,0.3418,-0.6064,14.5762,6.1055,-6.0801
303099,0.2484,0.3435,-0.5126,11.416,3.7578,-5.1113
303122,0.097,0.3616,-0.5081,9.1465,-2.9785,-2.127
303145,0.053,0.3966,-0.4567,7.9277,-8.4453,1.2129
303168,0.212,0.3984,-0.6123,6.0234,-16.0605,7.8926
303191,0.373,0.4056,-0.7206,4.291,-20.0605,12.6953
303214,0.3861,0.451,-0.6602,0.3789,-24.3945,18.7715
303237,0.3748,0.4954,-0.6571,-5.1465,-27.1172,22.1758
303260,0.307,0.5388,-0.6584,-9.3594,-28.1758,22.8672
303283,0.1344,0.5525,-0.6664,-15.6133,-28.7305,22.3105
303306,0.1647,0.5459,-0.6549,-19.2285,-28.377,21.4746
303329,0.322,0.5054,-0.725,-23.1602,-26.7383,20.1387
303352,0.3564,0.4865,-0.7388,-24.957,-24.3516,18.6797
303375,0.2498,0.5206,-0.6085,-24.959,-22.8516,17.5098
303398,0.201,0.5516,-0.4825,-23.3047,-21.2793,15.5156
303421,0.2809,0.5465,-0.5605,-21.3027,-20.6953,14.125
303444,0.3718,0.5148,-0.7637,-17.7129,-20.2051,11.9687
303467,0.3176,0.5902,-0.6798,-15.5176,-19.9805,9.623
303490,0.201,0.6484,-0.4849,-13.1445,-19.5586,7.9727
303513,0.3534,0.584,-0.6165,-11.9277,-18.6426,5.498
303536,0.3236,0.5557,-0.7133,-11.6992,-17.752,3.8965
303559,0.2179,0.5044,-0.6862,-12.1113,-16.3965,1.5645
303582,0.2434,0.4995,-0.5903,-12.7969,-15.6562,0.0352
303605,0.2333,0.5625,-0.5284,-14.3145,-14.9668,-2.2539
303628,0.2555,0.6085,-0.5814,-16.2773,-14.7773,-4.5176
303651,0.2467,0.6122,-0.6558,-17.7344,-14.7598,-5.9687
303674,0.2518,0.5912,-0.6326,-19.9824,-14.4961,-7.9883
303697,0.2246,0.582,-0.5261,-21.4844,-14.0937,-9.2148
303720,0.215,0.5916,-0.5312,-23.8086,-13.459,-10.9141
303743,0.1895,0.6057,-0.5981,-26.2949,-13.1797,-12.5273
303766,0.172,0.5979,-0.5255,-28.0059,-13.2227,-13.5918
303789,0.1547,0.6172,-0.5273,-30.4785,-13.3672,-15.1543
303812,0.1646,0.635,-0.5531,-31.9355,-13.3242,-16.1191
303835,0.1648,0.6393,-0.5288,-33.6367,-12.875,-17.2949
303858,0.1387,0.6189,-0.5088,-34.377,-12.0449,-17.9375
303881,0.1392,0.6299,-0.4835,-34.8438,-11.4043,-17.9648
303904,0.1678,0.6212,-0.4608,-34.5684,-10.5996,-17.3242
303927,0.1584,0.6045,-0.4707,-34.0137,-10.332,-16.4434
303950,0.1241,0.4877,-0.4012,-32.6758,-10.3398,-14.5527
303973,0.1368,0.7019,-0.5696,-31.4922,-10.3867,-13.0176
303996,0.1368,0.864,-0.598,-29.2832,-9.9727,-10.5352
304019,0.1478,0.856,-0.5283,-26.4063,-8.6172,-8.0859
304042,0.1248,0.5957,-0.4312,-24.0938,-7.2754,-6.5625
304065,0.1366,0.6721,-0.4951,-20.3105,-4.9883,-4.4922
304088,0.1736,0.6707,-0.4834,-17.7832,-3.5273,-3.2578
304111,0.119,0.6735,-0.463,-14.2187,-1.8652,-1.6191
304134,0.1528,0.6699,-0.4838,-11.0469,-1.0645,-0.2227
304157,0.1466,0.6724,-0.4888,-9.1621,-0.9434,0.5937
304180,0.1616,0.6649,-0.5077,-6.6387,-1.0449,1.6836
304203,0.1875,0.6615,-0.4941,-5.1504,-1.0918,2.3418
304226,0.1616,0.6653,-0.5044,-3.25,-0.9648,3.1797
304249,0.1589,0.6658,-0.4993,-1.7578,-0.6484,3.6602
304272,0.1664,0.6678,-0.4823,-1.2578,-0.3887,3.668
304295,0.1594,0.6559,-0.486,-0.8574,0.0215,3.1211
304318,0.1379,0.6619,-0.4938,-0.8867,0.2812,2.4238
304341,0.1385,0.6725,-0.5009,-1.2441,0.5859,1.0918
304364,0.1741,0.6531,-0.5034,-1.584,0.6914,0.1914
304387,0.1379,0.6659,-0.5129,-2.0488,0.7129,-0.9043
304410,0.1462,0.6809,-0.4764,-2.2793,0.5762,-1.4863
304433,0.1654,0.6656,-0.4998,-2.2598,0.4121,-1.5469
304456,0.1439,0.6598,-0.5175,-2.0117,0.1973,-1.2266
304479,0.1509,0.668,-0.5117,-1.7754,0.2168,-0.8574
304502,0.175,0.6602,-0.5084,-1.4648,0.6348,-0.2988
304525,0.1425,0.6611,-0.4999,-1.4082,1.4395,0.0488
304548,0.1587,0.6594,-0.5018,-1.5957,2.0566,0.123
304571,0.1603,0.6627,-0.4825,-2.2559,2.8164,0.0352
304594,0.1531,0.6605,-0.4736,-2.9219,3.0312,-0.123
304617,0.205,0.637,-0.4854,-4.0801,2.6953,-0.4336
304640,0.1489,0.6576,-0.4943,-5.0977,1.3926,-0.6855
304663,0.1277,0.6838,-0.478,-5.4883,0.0117,-0.7129
304686,0.1655,0.6571,-0.5159,-5.3906,-2.5195,-0.4473
304709,0.147,0.6514,-0.5034,-4.7988,-4.209,-0.0879
304732,0.1348,0.6639,-0.5264,-3.1348,-6.0996,0.6367
304755,0.1321,0.6525,-0.5433,-1.6113,-6.6211,1.2012
304778,0.2222,0.6493,-0.5304,0.9609,-6.0059,2.084
304801,0.2089,0.6456,-0.5428,3.3418,-3.8437,2.8379
304824,0.1803,0.6528,-0.5201,4.5234,-1.8477,3.1191
304847,0.1616,0.6519,-0.5165,5.3184,1.2852,2.9453
304870,0.1732,0.6521,-0.5215,5.0664,3.0977,2.3125
304893,0.1288,0.6549,-0.5085,3.5098,4.9766,0.5098
304916,0.1602,0.6511,-0.5021,0.7832,5.5508,-2.2148
304939,0.1829,0.64,-0.481,-1.4395,5.168,-4.3848
304962,0.0417,0.6875,-0.4762,-4.8574,3.6895,-7.7402
304985,0.1538,0.6519,-0.504,-6.8633,2.4121,-9.75
305008,0.1172,0.6604,-0.488,-8.9746,0.6797,-12.0273
305031,0.1552,0.6561,-0.5179,-9.6387,-0.1719,-13.1562
305054,0.153,0.6521,-0.5258,-9.2051,0.0059,-13.2051
305077,0.1555,0.6549,-0.5228,-7.3789,1.459,-12.2812
305100,0.157,0.6587,-0.5251,-5.5957,3.0508,-11.1387
305123,0.1367,0.6586,-0.533,-2.5996,5.8164,-9.0059
305146,0.1346,0.6533,-0.5333,-0.7461,7.5039,-6.9141
305169,0.1312,0.661,-0.5131,1.2754,9.1855,-5.8027
305192,0.1082,0.6663,-0.506,1.959,9.4121,-4.7852
305215,0.1324,0.6617,-0.5056,1.5859,8.707,-4.5781
305238,0.1171,0.6583,-0.5155,-0.1035,6.5645,-4.875
305261,0.1223,0.6622,-0.4983,-1.8105,4.6426,-5.3477
305284,0.1479,0.6619,-0.4839,-4.8164,1.4961,-6.1836
305307,0.1709,0.6619,-0.4487,-7.7852,-1.4863,-6.8555
305330,0.2415,0.6637,-0.4825,-9.4453,-3.1719,-7.0762
305353,-0.0806,0.6865,-0.5142,-11.1133,-4.9434,-6.8105
305376,0.1613,0.6482,-0.5183,-11.5605,-5.4375,-6.0977
305399,0.1438,0.6654,-0.4933,-11.1992,-5.1562,-4.3066
305422,0.1157,0.6703,-0.5123,-9.7402,-3.9863,-1.998
305445,0.1177,0.6582,-0.5077,-8.3203,-2.9023,-0.3652
305468,0.1482,0.6604,-0.5054,-5.8848,-1.0684,1.9512
305491,0.17,0.6581,-0.5194,-4.2832,0.1523,3.248
305514,0.1566,0.6675,-0.5007,-2.2305,1.7559,4.5918
305537,0.1315,0.6602,-0.5396,-1.2129,2.5605,5.0098
305560,0.1134,0.6625,-0.5186,-0.3359,3.2363,4.709
305583,0.1157,0.6735,-0.4777,-0.3066,3.1055,3.4121
305606,0.0984,0.6698,-0.5044,-0.75,2.5176,2.0898
305629,0.1912,0.6461,-0.514,-1.9941,1.0195,-0.2695
305652,0.1633,0.6532,-0.4702,-3.082,-0.2578,-1.8906
305675,0.8586,0.5388,-0.4474,-4.7695,-2.4336,-4.0801
305698,0.2468,0.6393,-0.4606,-6.0898,-4.6895,-5.166
305721,0.0685,0.6741,-0.5221,-6.5156,-5.7031,-4.168
305744,-0.3656,0.7568,-0.6305,-6.1719,-5.3477,1.6504
305767,0.1526,0.7006,-0.4692,-5.2168,-3.6113,8.5586
305790,0.3511,0.6479,-0.4916,-2.7754,0.4766,21.4609
305813,0.1893,0.6617,-0.6394,0.4062,4.3828,33.3672
305836,0.1138,0.646,-0.4836,2.4805,5.7793,38.6289
305859,0.2285,0.6149,-0.4825,4.6934,4.8242,40.5078
305882,0.1205,0.6586,-0.5222,5.2324,2.0586,37.4805
305905,0.08,0.6593,-0.5659,4.4941,-4.1543,27.5664
305928,0.1414,0.6378,-0.5815,3.1133,-10.5723,13.7871
305951,0.2679,0.6415,-0.4513,0.1465,-13.9707,4.0801
305974,0.1996,0.637,-0.5183,-3.2793,-17.1621,-9.2676
305997,0.1038,0.6642,-0.4913,-5.5039,-18.1992,-16.6035
306020,0.0619,0.6422,-0.5175,-8.3301,-18.6094,-24.5859
306043,0.0798,0.66,-0.479,-9.6523,-18.3008,-27.7891
306066,0.1005,0.6429,-0.5132,-10.4297,-16.8418,-29.6035
306089,0.1859,0.6415,-0.5724,-9.4727,-13.6055,-28.2637
306112,0.1615,0.6281,-0.5482,-7.8555,-10.1992,-25.8965
306135,0.1108,0.6538,-0.5004,-4.2305,-3.3594,-20.5801
306158,0.1332,0.6436,-0.5544,-1.3145,1.9199,-16.1797
306181,0.1044,0.6389,-0.5776,3.1367,9.752,-9.0684
306204,0.1195,0.6418,-0.5516,6.8535,15.9902,-2.4863
306227,0.1685,0.6473,-0.5247,8.5586,18.6211,1.0742
306250,0.1841,0.6381,-0.5857,9.6387,19.9375,4.7285
306273,0.1613,0.6293,-0.5742,9.3184,19.1953,5.9707
306296,0.093,0.6431,-0.522,7.4199,16.1484,6.084
306319,0.1796,0.6318,-0.4701,5.4219,11.3867,4.2695
306342,0.1553,0.6239,-0.5323,1.8594,7.6152,2.1719
306365,0.1063,0.6379,-0.5236,-1.6367,1.7734,-1.8203
306388,0.071,0.6444,-0.5565,-3.5234,-1.7578,-4.6562
306411,0.0957,0.6312,-0.5409,-5.2344,-5.7227,-8.4297
306434,0.1144,0.6288,-0.5648,-5.5,-7.1738,-10.2285
306457,0.1476,0.6158,-0.5776,-4.5996,-7.4473,-11.3672
306480,0.1648,0.6227,-0.5789,-2.4375,-5.7734,-10.4531
306503,0.1615,0.6251,-0.5582,-0.5547,-3.9375,-8.834
306526,0.1179,0.6293,-0.5708,2.4316,-0.7617,-5.4199
306549,0.127,0.6256,-0.5793,4.2285,1.2871,-2.8848
306572,0.132,0.621,-0.575,6.1699,3.7812,0.6426
306595,0.1409,0.625,-0.5239,6.8398,5.1484,3.2969
306618,0.1632,0.6235,-0.5139,6.5215,5.3281,4.4492
306641,0.1403,0.6252,-0.5709,5.0449,4.6348,5.2812
306664,0.1492,0.6222,-0.5776,3.5703,3.7305,5.3145
306687,0.1387,0.6144,-0.5753,1.0117,2.0391,4.7461
306710,0.13,0.6259,-0.549,-1.1953,0.1523,3.6328
306733,0.123,0.6216,-0.5476,-2.9102,-1.168,2.7012
306756,0.1177,0.6134,-0.5753,-4.4102,-3.0996,1.2188
306779,0.1234,0.6117,-0.5886,-4.8965,-4.2109,0.3164
306802,0.1417,0.6158,-0.6014,-4.8125,-5.3652,-0.6738
306825,0.1486,0.6099,-0.592,-4.2598,-5.7227,-0.9746
306848,0.1385,0.6067,-0.5868,-2.8926,-5.6406,-0.8027
306871,0.1304,0.6117,-0.5647,-1.2285,-5.0293,0.0469
306894,0.1244,0.6226,-0.5161,-0.1523,-4.584,0.8691
306917,0.1266,0.6072,-0.5385,1.1797,-4.3516,2.2617
306940,0.1462,0.6058,-0.5785,1.8184,-4.627,3.2012
306963,0.1454,0.597,-0.5889,2.4824,-5.5156,4.5566
306986,0.1437,0.5937,-0.6067,3.0723,-6.4922,5.8301
307009,0.1261,0.5889,-0.5767,3.5879,-6.959,6.6191
307032,0.1334,0.5756,-0.6013,4.7031,-7.2812,7.6602
307055,0.1409,0.5775,-0.6362,5.6953,-7.3242,8.2402
307078,0.1307,0.5636,-0.6544,7.4961,-7.4473,8.9512
307101,0.1324,0.5718,-0.6482,9.4766,-8.0859,9.5039
307124,0.1561,0.5725,-0.6416,10.7305,-9.0176,9.8105
307147,0.129,0.5795,-0.6158,12.2012,-11.3027,10.2383
307170,0.1379,0.598,-0.6559,12.7324,-13.3594,10.5527
307193,0.0929,0.644,-0.6666,12.6309,-16.8594,11.166
307216,0.1547,0.6877,-0.5454,11.8945,-19.1133,12.2324
307239,0.0376,0.5918,-0.5759,9.7441,-21.7715,12.918
307262,0.1951,0.6046,-0.7668,6.1895,-22.8535,14.4883
307285,0.2178,0.5698,-0.7786,3.0273,-22.498,15.5254
307308,0.1809,0.5874,-0.7008,-2.2617,-20.2734,16.502
307331,0.0634,0.584,-0.6143,-5.4199,-17.5781,16.5391
307354,0.0973,0.5647,-0.5905,-8.2852,-11.7324,15.582
307377,0.1605,0.5277,-0.6383,-8.0664,-4.502,13.416
307400,0.1777,0.4717,-0.7036,-6.2559,0.3516,11.2949
307423,0.1761,0.4612,-0.6599,-1.7031,6.6113,7.2305
307446,0.1631,0.4476,-0.6001,2.1328,9.7578,4.168
307469,0.1874,0.4436,-0.5663,8.4961,12.9316,-0.3164
307492,0.2106,0.42,-0.609,14.9219,14.6191,-3.7871
307515,0.2219,0.4036,-0.6454,18.8438,15.168,-5.1055
307538,0.2133,0.4146,-0.6718,23.6699,15.5156,-5.1172
307561,0.2194,0.4425,-0.6782,26.0371,15.6484,-3.6895
307584,0.2161,0.4546,-0.6796,28.3848,15.9199,0.4746
307607,0.2119,0.4854,-0.684,29.3262,16.1836,6.2852
307630,0.2531,0.5023,-0.7539,30.1934,16.6836,10.6602
307653,0.3378,0.5028,-0.826,30.7227,17.0449,16.4883
307676,0.3823,0.472,-0.8831,30.9434,16.8496,19.3809
307699,0.3619,0.4183,-0.8405,31.1641,15.5137,21.6543
307722,0.3356,0.3792,-0.775,31.4141,14.1797,21.8438
307745,0.3112,0.3636,-0.7618,32.4023,12.5176,20.8359
307768,0.3291,0.3549,-0.7594,34.5703,12.3809,19.5859
307791,0.2816,0.3416,-0.7429,36.6992,13.4434,19.3691
307814,0.2286,0.2769,-0.7566,40.5234,16.7227,20.8086
307837,0.2909,0.2449,-0.7311,43.084,19.8535,23.127
307860,0.3439,0.239,-0.7402,46.1816,25.2754,28.2559
307883,0.3375,0.2148,-0.7415,47.7266,30.3301,34.2578
307906,0.3748,0.1841,-0.7354,47.7578,32.9727,38.0547
307929,0.3846,0.1821,-0.7808,46.5137,35.5488,42.5586
307952,0.4408,0.1698,-0.7751,45.0859,36.3242,44.4375
307975,0.4761,0.1538,-0.778,42.627,36.3223,45.3613
307998,0.5103,0.1492,-0.8022,41.0742,35.8496,44.127
308021,0.5471,0.1495,-0.8812,39.1719,34.7891,42.3164
308044,0.5906,0.1444,-0.891,37.875,33.2148,38.5684
308067,0.6064,0.13,-0.9102,37.375,31.7949,35.6602
308090,0.5798,0.1248,-0.9546,37.2578,29.1484,31.2129
308113,0.5258,0.0957,-0.9557,37.6582,27.0586,28.5488
308136,0.5396,0.0732,-0.9178,39.084,23.4375,25.5449
308159,0.576,0.0251,-0.9023,41.666,19.4063,23.9004
308182,0.6238,-0.0204,-0.9052,44.0586,16.5508,23.3945
308205,0.6395,-0.0648,-0.8804,48.4766,11.8613,23.0879
308228,0.6592,-0.0991,-0.8634,51.7656,8.3457,22.9941
308251,0.6379,-0.1382,-0.8665,56.752,2.5059,22.918
308274,0.616,-0.1766,-0.8726,61.1934,-3.6816,23.1094
308297,0.626,-0.2054,-0.8752,63.5391,-7.7285,23.5684
308320,0.636,-0.238,-0.8627,63.998,-13.4785,24.9805
308343,0.6199,-0.2609,-0.8136,63.998,-17.1758,26.4805
308366,0.5861,-0.2755,-0.7722,63.998,-22.6484,29.6328
308389,0.5648,-0.3229,-0.7773,63.998,-27.6816,33.8535
308412,0.5481,-0.3501,-0.7761,63.291,-31.0039,37.1992
308435,0.5181,-0.373,-0.7765,60.8906,-34.9336,42.875
308458,0.479,-0.3815,-0.7473,59.0332,-37.0332,47.0352
308481,0.4032,-0.4092,-0.7113,55.8398,-39.4941,53.75
308504,0.3767,-0.4376,-0.7039,53.4219,-40.625,58.4609
308527,0.3752,-0.4578,-0.6763,49.2988,-41.4316,63.998
308550,0.3546,-0.464,-0.6653,44.4648,-41.293,63.998
308573,0.2817,-0.4662,-0.6748,40.7656,-40.8926,63.998
308596,0.2347,-0.4584,-0.6914,34.3359,-40.3281,63.998
308619,0.1881,-0.4427,-0.6718,29.3926,-40.2441,63.998
308642,0.1227,-0.4316,-0.6986,21.0391,-40.752,63.998
308665,0.0826,-0.4211,-0.7573,11.8242,-41.9082,63.998
308688,0.0873,-0.4232,-0.78,5.4199,-42.8789,63.998
308711,0.0673,-0.3802,-0.7765,-4.1094,-44.252,63.998
308734,0.0134,-0.3639,-0.7775,-10.0605,-44.8379,63.998
308757,-0.0372,-0.3546,-0.7776,-17.8281,-44.7793,63.998
308780,-0.0248,-0.3574,-0.8275,-22.0313,-43.3184,63.998
308803,-0.0366,-0.3644,-0.8787,-26.7676,-41.5449,63.998
308826,-0.0715,-0.3678,-0.8993,-29.666,-37.7148,63.998
308849,-0.0928,-0.3743,-0.8895,-30.6406,-34.4414,63.998
308872,-0.0975,-0.3781,-0.9109,-30.8418,-28.7637,63.998
308895,-0.0742,-0.3778,-0.9463,-30.2832,-24.7305,63.998
308918,-0.0924,-0.3779,-0.953,-28.7324,-18.8594,62.9004
308941,-0.1576,-0.3816,-0.9646,-26.7441,-13.8457,59.5488
308964,-0.1517,-0.3865,-0.9907,-25.4336,-11.2461,57.1387
308987,-0.1105,-0.3704,-0.9933,-23.9297,-8.8535,53.2832
309010,-0.145,-0.3511,-0.9663,-23.4707,-8.4883,50.5723
309033,-0.1743,-0.3187,-0.9817,-23.7891,-9.7812,46.4141
309056,-0.1786,-0.2982,-0.9789,-25.2988,-12.709,42.4512
309079,-0.108,-0.2758,-0.9044,-26.8672,-15.1504,40.1289
309102,-0.0756,-0.2971,-0.8549,-29.7539,-19.0059,37.4648
309125,-0.1053,-0.3406,-0.9237,-31.8242,-21.4023,36.4668
309148,-0.1366,-0.3341,-0.8899,-34.8594,-24.041,36.6074
309171,-0.1589,-0.2931,-0.7854,-37.1699,-24.5879,39.1836
309194,-0.3175,-0.223,-0.7719,-38.7383,-23.3066,42.3027
309217,-0.2047,-0.1783,-0.812,-39.7188,-18.6172,48.5723
309240,-0.2109,-0.2021,-0.9198,-39.7754,-13.9551,53.1816
309263,-0.1302,-0.2397,-1.0413,-39.3164,-5.6602,59.5273
309286,-0.0649,-0.2224,-0.9723,-38.8477,0.1738,62.8086
309309,-0.1283,-0.1912,-0.8163,-37.7715,8.8867,63.998
309332,-0.1997,-0.1614,-0.7444,-35.4727,17.3789,63.998
309355,-0.194,-0.2051,-0.8036,-32.8906,22.5859,63.998
309378,-0.0145,-0.2037,-0.9021,-27.6211,28.7617,63.998
309401,0.0372,-0.1993,-1.0117,-23.6484,31.2285,62.3555
309424,-0.1487,-0.1321,-0.8928,-17.8223,32.1172,57.6816
309447,-0.2004,-0.1166,-0.7961,-12.5391,30.4844,51.7539
309470,-0.0212,-0.2556,-1.1241,-9.2539,28.8809,47.502
309493,0.075,-0.162,-0.9235,-4.3926,26.8574,41.2422
309516,0.0857,-0.121,-0.886,-0.75,26.082,37.3672
309539,0.0414,-0.0916,-0.9797,6.2617,26.3887,32.0723
309562,0.0352,0.0776,-1.0477,15.498,29.9902,27.2344
309585,-0.054,0.1061,-1.223,22.5547,34.748,24.0938
309608,0.0898,0.2343,-1.0337,33.2344,44.4668,19.2383
309631,-0.252,0.084,-0.7573,39.6152,51.4688,15.7773
309654,0.2701,-0.2155,-1.3177,46.7344,60.9688,9.9766
309677,0.5387,-0.4657,-0.8405,49.3945,63.998,5.3555
309700,0.3311,-0.6624,-0.7184,51.2793,63.998,-3.2695
309723,0.2213,-0.6855,-0.5376,53.3203,63.998,-13.4668
309746,0.131,-0.6438,-0.3927,56.0059,59.7207,-20.3984
309769,0.2074,-0.5978,-0.4836,62.334,51.2656,-30.0195
309792,0.2341,-0.5342,-0.572,63.998,44.6211,-35.7734
309815,0.176,-0.4795,-0.6385,63.998,33.377,-43.8438
309838,0.1852,-0.4611,-0.6732,63.998,21.2773,-52.0137
309861,0.2798,-0.4421,-0.649,63.998,13.4375,-57.8359
309884,0.2812,-0.4111,-0.5559,60.2715,3.3535,-64.0
309907,0.2457,-0.3549,-0.4563,49.9023,-1.4648,-64.0
309930,0.2023,-0.3127,-0.4177,31.1152,-4.7363,-64.0
309953,0.2532,-0.2759,-0.4703,10.4844,-2.5371,-64.0
309976,0.3356,-0.2825,-0.5348,-3.3711,1.998,-64.0
309999,0.3771,-0.3281,-0.5464,-23.168,12.8691,-64.0
310022,0.403,-0.3207,-0.6444,-35.0703,22.3613,-64.0
310045,0.396,-0.2551,-0.7831,-50.0176,38.8242,-64.0
310068,0.3707,-0.1011,-0.7705,-57.625,50.2676,-64.0
310091,0.4983,-0.015,-0.7844,-64.0,63.998,-64.0
310114,0.7217,-0.0299,-0.9928,-64.0,63.998,-64.0
310137,0.7772,-0.0889,-1.2819,-64.0,63.998,-64.0
310160,0.6287,0.0012,-1.1851,-58.8281,63.998,-64.0
310183,0.5253,0.0865,-0.9507,-52.2344,63.998,-64.0
310206,0.4829,0.0411,-0.9872,-38.5996,49.2793,-64.0
310229,0.4836,-0.0214,-0.9767,-21.0039,24.1328,-64.0
310252,0.5129,0.0125,-0.9554,-8.0645,4.7383,-64.0
310275,0.5067,-0.0118,-1.2081,10.8047,-26.5273,-64.0
310298,0.505,-0.0537,-1.2531,21.4609,-47.5742,-64.0
310321,0.4272,-0.0751,-1.3043,32.4844,-64.0,-61.2734
310344,0.3494,-0.106,-1.2588,37.0469,-64.0,-54.1563
310367,0.4081,-0.123,-1.0717,37.3516,-64.0,-49.8438
310390,0.416,-0.1461,-1.0757,36.3633,-64.0,-42.7813
310413,0.2678,-0.1482,-1.131,36.2715,-64.0,-37.0137
310436,0.0068,-0.1432,-1.0804,38.1406,-64.0,-26.0156
310459,-0.0645,-0.1565,-0.8737,40.4355,-64.0,-12.0996
310482,-0.0428,-0.1946,-0.7434,44.4102,-64.0,-1.7109
310505,0.0105,-0.2358,-0.5978,48.2012,-51.8613,14.0137
310528,0.0367,-0.2494,-0.5354,50.3867,-26.8379,23.5605
310551,0.1881,-0.261,-0.7235,52.5059,10.5527,34.873
310574,0.3071,-0.2832,-0.9753,52.3164,33.7559,39.6621
310597,0.4447,-0.2615,-1.1113,47.7227,63.0547,41.9434
310620,0.4696,-0.2587,-1.0732,36.6094,63.998,38.4688
310643,0.415,-0.2209,-0.9534,25.9688,63.998,33.6758
310666,0.3521,-0.1875,-0.8833,7.5059,63.998,24.6973
310689,0.3564,-0.1841,-0.9363,-4.7129,63.998,18.7363
310712,0.3683,-0.1703,-0.9446,-20.3281,63.998,11.416
310735,0.3804,-0.1531,-0.923,-30.8379,63.998,6.9023
310758,0.3497,-0.1444,-0.9006,-34.5957,57.1582,5.4473
310781,0.3674,-0.1455,-0.8922,-35.5527,43.7637,5.0859
310804,0.3698,-0.155,-0.875,-33.4961,35.6191,5.6309
310827,0.3702,-0.1743,-0.8649,-27.4668,25.3281,6.8672
310850,0.3904,-0.1948,-0.8336,-22.2305,17.9629,7.8105
310873,0.3824,-0.2102,-0.8086,-13.8047,14.1797,7.9531
310896,0.3718,-0.2164,-0.774,-5.9609,10.8496,7.2129
310919,0.3865,-0.2216,-0.7782,-1.6074,9.7344,6.0859
310942,0.4399,-0.2272,-0.7828,3.0254,9.0898,3.5664
310965,0.4542,-0.2327,-0.8429,4.6289,8.8789,1.4336
310988,0.4165,-0.2297,-0.8285,4.6934,8.1875,-2.1719
311011,0.4292,-0.2211,-0.8147,2.332,6.8828,-5.7637
311034,0.4325,-0.2235,-0.8219,-0.1211,5.9297,-7.8398
311057,0.4468,-0.2151,-0.8109,-4.2305,4.9375,-10.082
311080,0.4475,-0.2057,-0.8346,-6.7773,4.8027,-10.8535
311103,0.4514,-0.1941,-0.828,-9.7363,5.4902,-10.8711
311126,0.4573,-0.1896,-0.8468,-11.3711,6.9941,-9.6895
311149,0.428,-0.1912,-0.8485,-11.7227,8.1934,-8.4121
311172,0.4409,-0.181,-0.8311,-11.3242,9.8984,-6.0898
311195,0.4517,-0.1749,-0.8004,-10.5781,10.7852,-4.4766
311218,0.4532,-0.1719,-0.8192,-9.0059,11.4805,-2.2832
311241,0.4569,-0.171,-0.8324,-7.8125,11.1953,-0.6562
311264,0.4644,-0.1674,-0.8086,-6.043,10.4277,0.0273
311287,0.46,-0.1669,-0.7782,-4.4727,8.5762,0.4375
311310,0.4633,-0.1781,-0.7921,-3.5762,7.0879,0.3555
311333,0.4823,-0.1918,-0.7751,-2.4609,4.9336,-0.1367
311356,0.473,-0.2002,-0.7794,-1.8691,3.7871,-0.6055
311379,0.4889,-0.2083,-0.8184,-1.2383,2.7363,-1.3535
311402,0.4687,-0.2106,-0.8477,-1.0156,2.459,-2.0059
311425,0.4818,-0.2041,-0.8353,-1.1543,2.5469,-2.3398
311448,0.447,-0.1958,-0.8104,-1.7598,2.7969,-2.6289
311471,0.4615,-0.1779,-0.7758,-2.3477,2.918,-2.6543
311494,0.4724,-0.162,-0.8007,-3.3086,2.8906,-2.4531
311517,0.4583,-0.1569,-0.8375,-4.1758,2.5078,-2.0684
311540,0.4534,-0.1587,-0.8312,-4.6211,2.0645,-1.7754
311563,0.4438,-0.1661,-0.7836,-4.9785,1.2148,-1.3535
311586,0.4333,-0.183,-0.7766,-4.9336,0.6133,-1.1172
311609,0.4557,-0.1969,-0.7773,-4.3594,-0.1406,-0.8613
311632,0.4696,-0.2074,-0.7772,-3.166,-0.5312,-0.7832
311655,0.4702,-0.2139,-0.7784,-2.3516,-0.5449,-0.8516
311678,0.4852,-0.2175,-0.8098,-1.0977,-0.1914,-1.1289
311701,0.5154,-0.2186,-0.8242,-0.5156,0.2715,-1.4063
311724,0.5227,-0.2098,-0.8148,-0.2363,1.2109,-1.9023
311747,0.4962,-0.1965,-0.7827,-0.4648,1.8945,-2.2168
311770,0.4746,-0.1838,-0.7766,-1.2949,2.8223,-2.5078
311793,0.46,-0.1776,-0.7773,-2.4336,3.5098,-2.4082
311816,0.4611,-0.1804,-0.7869,-3.207,3.832,-2.0898
311839,0.4558,-0.184,-0.8071,-4.2207,4.1875,-1.293
311862,0.464,-0.1804,-0.7725,-4.7207,4.3887,-0.6289
311885,0.4755,-0.1862,-0.7786,-5.1035,4.7324,0.3984
311908,0.4896,-0.1935,-0.7769,-5.0117,5.1719,1.25
311931,0.5015,-0.1993,-0.7848,-4.7441,5.5078,1.6152
311954,0.511,-0.2068,-0.8042,-4.1992,5.9902,1.7656
311977,0.5172,-0.2046,-0.7975,-3.8379,6.2246,1.5938
312000,0.519,-0.1954,-0.7761,-3.3906,6.3359,1.0098
312023,0.521,-0.1832,-0.7777,-3.0684,6.0879,0.2227
312046,0.511,-0.1804,-0.7771,-2.9141,5.7187,-0.3027
312069,0.5137,-0.188,-0.7924,-2.7832,4.8691,-0.959
312092,0.5022,-0.1893,-0.7882,-2.7812,4.1289,-1.2695
312115,0.5005,-0.189,-0.7754,-2.9023,2.8594,-1.5195
312138,0.4983,-0.1978,-0.7778,-3.0273,1.9785,-1.5527
312161,0.4897,-0.202,-0.7771,-3.2246,0.7031,-1.4492
312184,0.4852,-0.2018,-0.7773,-3.4082,-0.4355,-1.2383
312207,0.4811,-0.1996,-0.7772,-3.5215,-1.0703,-1.084
312230,0.4839,-0.1973,-0.7772,-3.666,-1.7598,-0.8828
312253,0.4967,-0.1909,-0.7773,-3.7344,-1.9961,-0.791
312276,0.5168,-0.1863,-0.7775,-3.8105,-1.9824,-0.7441
312299,0.5319,-0.1897,-0.7963,-3.9336,-1.5527,-0.834
312322,0.5125,-0.1903,-0.8186,-4.0879,-1.0977,-0.9629
312345,0.5042,-0.1873,-0.783,-4.4375,-0.3027,-1.1934
312368,0.5038,-0.1913,-0.7766,-4.6953,0.2187,-1.3145
312391,0.5079,-0.1959,-0.7775,-4.9922,0.8457,-1.3711
312414,0.5089,-0.2003,-0.7772,-5.0801,1.1543,-1.25
312437,0.5173,-0.2003,-0.7775,-5.0273,1.1445,-1.0859
312460,0.5127,-0.2014,-0.7919,-4.873,0.8105,-0.75
312483,0.5012,-0.1964,-0.7838,-4.7891,0.4141,-0.4902
312506,0.483,-0.1852,-0.776,-4.7578,-0.3125,-0.0586
312529,0.4769,-0.1782,-0.7775,-4.7891,-0.7871,0.2559
312552,0.4905,-0.1763,-0.7773,-4.8672,-1.3379,0.748
312575,0.5073,-0.1862,-0.7856,-4.9805,-1.6094,1.1875
312598,0.4928,-0.1864,-0.8157,-5.1074,-1.6484,1.3965
312621,0.4916,-0.1862,-0.778,-5.4004,-1.5586,1.5313
312644,0.4865,-0.1864,-0.7776,-5.6289,-1.4316,1.5059
312667,0.4865,-0.1833,-0.7772,-5.8887,-1.1582,1.332
312690,0.4919,-0.1824,-0.7773,-5.9277,-0.7773,1.0391
312713,0.5065,-0.1846,-0.7782,-5.8145,-0.4648,0.793
312736,0.5292,-0.1869,-0.8053,-5.4863,0.0586,0.3516
312759,0.5148,-0.1887,-0.8062,-5.2012,0.4102,0.0195
312782,0.507,-0.1851,-0.7739,-4.7129,0.8867,-0.4902
312805,0.5028,-0.1886,-0.7782,-4.1348,1.2598,-0.9277
312828,0.5009,-0.1925,-0.777,-3.6875,1.4297,-1.1445
312851,0.5027,-0.1941,-0.7773,-2.9687,1.5586,-1.3574
312874,0.5045,-0.1965,-0.7773,-2.5,1.5527,-1.4375
312897,0.5084,-0.1974,-0.7773,-1.9063,1.4141,-1.5117
312920,0.5139,-0.1993,-0.7772,-1.6309,1.2363,-1.5684
312943,0.5066,-0.1991,-0.7772,-1.4434,0.8828,-1.6113
312966,0.5061,-0.1992,-0.7773,-1.5234,0.5156,-1.666
312989,0.5131,-0.2002,-0.7773,-1.7109,0.3164,-1.6836
313012,0.5198,-0.1921,-0.7772,-2.1777,0.1309,-1.6621
313035,0.5068,-0.1846,-0.7773,-2.6016,0.0742,-1.6055
313058,0.5127,-0.181,-0.7772,-3.3398,0.082,-1.4434
313081,0.5125,-0.182,-0.7772,-4.0742,0.2109,-1.1953
313104,0.5122,-0.1863,-0.7772,-4.4922,0.3574,-1.002
313127,0.5254,-0.1898,-0.7802,-4.9434,0.6484,-0.7207
313150,0.5243,-0.1938,-0.7827,-5.1094,0.8574,-0.5723
313173,0.5345,-0.1991,-0.7762,-5.1641,1.1035,-0.4453
313196,0.512,-0.1971,-0.7775,-5.0078,1.1406,-0.4238
313219,0.4861,-0.1898,-0.7766,-4.793,1.0117,-0.4336
313242,0.4941,-0.1915,-0.7766,-4.3125,0.6367,-0.4141
313265,0.5159,-0.1934,-0.7776,-3.9336,0.3223,-0.3672
313288,0.5184,-0.1934,-0.7778,-3.4531,-0.1777,-0.2891
313311,0.5192,-0.1896,-0.7772,-3.2969,-0.9824,-0.252
313334,0.5215,-0.1903,-0.7772,-3.3828,-0.8105,-0.2578
313357,0.5208,-0.191,-0.7791,-3.791,-0.9453,-0.2871
313380,0.5155,-0.1901,-0.7902,-4.1738,-0.959,-0.3008
313403,0.5043,-0.1854,-0.7755,-4.7832,-0.9609,-0.2832
313426,0.4999,-0.1844,-0.7776,-5.127,-0.9844,-0.2383
313449,0.4857,-0.1825,-0.7771,-5.4141,-1.0664,-0.125
313472,0.5079,-0.191,-0.7775,-5.373,-1.1738,0.0156
313495,0.5372,-0.1993,-0.8015,-5.2129,-1.2383,0.0859
313518,0.5205,-0.1951,-0.8337,-4.9609,-1.3398,0.0898
313541,0.4899,-0.1859,-0.7834,-4.8633,-1.416,0.0254
313564,0.4728,-0.1786,-0.7765,-4.791,-1.5098,-0.0918
313587,0.4879,-0.1823,-0.7775,-4.6523,-1.498,-0.1387
313610,0.5083,-0.1888,-0.7773,-4.4687,-1.4023,-0.123
313633,0.5331,-0.1932,-0.7795,-4.1094,-1.1191,-0.0957
313656,0.5365,-0.1914,-0.8229,-3.8984,-0.8555,-0.125
313679,0.5197,-0.187,-0.8116,-3.7461,-0.418,-0.2734
313702,0.5089,-0.1801,-0.772,-3.7578,-0.0273,-0.4902
313725,0.4937,-0.1807,-0.7786,-3.8105,0.1699,-0.6172
313748,0.5082,-0.1893,-0.777,-3.7266,0.3555,-0.7363
313771,0.5316,-0.1974,-0.7775,-3.5645,0.3984,-0.7734
313794,0.5267,-0.203,-0.7772,-3.2266,0.3281,-0.8262
313817,0.4893,-0.1989,-0.7772,-3.0,0.1953,-0.875
313840,0.4889,-0.1912,-0.7772,-2.7168,-0.0781,-0.9355
313863,0.5106,-0.1902,-0.7772,-2.5039,-0.3652,-0.9355
313886,0.5177,-0.1926,-0.7775,-2.418,-0.5352,-0.9102
313909,0.5073,-0.1932,-0.7772,-2.4355,-0.7168,-0.8691
313932,0.5095,-0.1929,-0.7773,-2.584,-0.7539,-0.8555
313955,0.5201,-0.1947,-0.7815,-3.0234,-0.6426,-0.8555
313978,0.5284,-0.1936,-0.8141,-3.6641,-0.3457,-0.873
314001,0.5287,-0.1913,-0.7959,-4.1406,-0.0918,-0.8848
314024,0.5087,-0.1859,-0.7834,-4.7793,0.2812,-0.877
314047,0.5077,-0.181,-0.7761,-5.0508,0.4961,-0.8281
314070,0.5187,-0.1835,-0.7776,-5.0879,0.75,-0.6738
314093,0.5272,-0.1938,-0.7776,-4.8437,0.9082,-0.457
314116,0.5189,-0.1984,-0.7815,-4.1895,0.9414,-0.3145
314139,0.5073,-0.1959,-0.7765,-3.416,0.8828,-0.1504
314162,0.4994,-0.1951,-0.7775,-2.9277,0.793,-0.0762
314185,0.4977,-0.1953,-0.7772,-2.3047,0.6387,-0.0078
314208,0.5178,-0.1993,-0.7772,-1.9844,0.5547,0.0059
314231,0.531,-0.2031,-0.7775,-1.6836,0.4844,-0.0469
314254,0.5239,-0.1975,-0.7773,-1.6777,0.4668,-0.2148
314277,0.5319,-0.1947,-0.7791,-1.875,0.4648,-0.3887
314300,0.5282,-0.1931,-0.7769,-2.4531,0.4316,-0.7012
314323,0.5148,-0.188,-0.7773,-2.9648,0.3574,-0.916
314346,0.5278,-0.188,-0.7772,-3.7773,0.1543,-1.1855
314369,0.5195,-0.1908,-0.7772,-4.4766,-0.1738,-1.3516
314392,0.5016,-0.1903,-0.7771,-4.8086,-0.4668,-1.3945
314415,0.4978,-0.1897,-0.7773,-5.0332,-0.9707,-1.3516
314438,0.4902,-0.1925,-0.7772,-4.9785,-1.3203,-1.2637
314461,0.5085,-0.198,-0.7773,-4.6211,-1.7988,-1.0898
314484,0.514,-0.2001,-0.7773,-4.043,-2.1562,-0.9512
314507,0.5155,-0.2001,-0.7773,-3.623,-2.3008,-0.918
314530,0.522,-0.2034,-0.7772,-3.0703,-2.3418,-0.9629
314553,0.5151,-0.2001,-0.7773,-2.8027,-2.2383,-1.0449
314576,0.5099,-0.193,-0.7773,-2.5977,-1.8867,-1.1914
314599,0.5217,-0.1887,-0.7772,-2.5918,-1.5371,-1.2734
314622,0.5361,-0.1897,-0.778,-2.7559,-0.9219,-1.3398
314645,0.5295,-0.191,-0.7915,-3.0859,-0.3535,-1.3398
314668,0.5151,-0.1899,-0.7783,-3.3711,-0.082,-1.3125
314691,0.5079,-0.1891,-0.7771,-3.8047,0.084,-1.2383
314714,0.5007,-0.1885,-0.7772,-4.0254,0.0098,-1.1699
314737,0.4919,-0.1884,-0.7772,-4.1426,-0.377,-1.0566
314760,0.5112,-0.1997,-0.7773,-3.9434,-0.9902,-0.9688
314783,0.5277,-0.2078,-0.778,-3.6641,-1.4531,-0.957
314806,0.5062,-0.2079,-0.7777,-3.1484,-2.125,-1.0371
314829,0.5068,-0.2054,-0.7771,-2.8086,-2.4902,-1.1426
314852,0.5129,-0.2069,-0.7775,-2.3809,-2.832,-1.3184
314875,0.5068,-0.2098,-0.7772,-2.1172,-2.9062,-1.4434
314898,0.5062,-0.2076,-0.7772,-2.0684,-2.8203,-1.4688
314921,0.5197,-0.2003,-0.7773,-2.2012,-2.5098,-1.3965
314944,0.4977,-0.1898,-0.7771,-2.4199,-2.209,-1.2676
314967,0.4908,-0.1835,-0.7775,-2.8848,-1.6484,-0.9473
314990,0.4944,-0.1797,-0.7772,-3.248,-1.2109,-0.6641
315013,0.5044,-0.1796,-0.7772,-3.8301,-0.498,-0.1934
315036,0.5265,-0.1848,-0.7772,-4.4082,0.2129,0.209
315059,0.5427,-0.1968,-0.7865,-4.7715,0.6387,0.3672
315082,0.5448,-0.2051,-0.7987,-5.2656,1.1152,0.377
315105,0.5339,-0.2039,-0.7755,-5.5488,1.2773,0.2305
315128,0.5138,-0.2023,-0.7778,-5.8437,1.2402,-0.1367
315151,0.5055,-0.1997,-0.777,-5.8926,0.8652,-0.5371
315174,0.4962,-0.193,-0.7773,-5.7637,0.4648,-0.75
315197,0.4972,-0.1898,-0.7773,-5.3496,-0.2559,-0.9258
315220,0.5249,-0.1949,-0.7788,-4.9766,-0.7383,-0.9414
315243,0.5178,-0.1924,-0.7942,-4.418,-1.3906,-0.8535
315266,0.4828,-0.1897,-0.7783,-4.0,-1.9023,-0.6816
315289,0.4825,-0.187,-0.7771,-3.8066,-2.1191,-0.5234
315312,0.4951,-0.1901,-0.7775,-3.5762,-2.1914,-0.2344
315335,0.5192,-0.1956,-0.7772,-3.4238,-2.0566,-0.043
315358,0.5271,-0.2003,-0.7773,-3.1738,-1.6055,0.168
315381,0.5247,-0.2087,-0.7772,-2.9902,-1.1758,0.2246
315404,0.53,-0.2095,-0.7772,-2.7148,-0.4434,0.1758
315427,0.5167,-0.2052,-0.7772,-2.4902,0.2324,0.0195
315450,0.5046,-0.1985,-0.7772,-2.3867,0.5645,-0.1035
315473,0.5048,-0.1918,-0.7775,-2.3223,0.8184,-0.252
315496,0.5049,-0.1873,-0.7773,-2.3574,0.8145,-0.3105
315519,0.5083,-0.1901,-0.7772,-2.5586,0.5645,-0.3477
315542,0.5095,-0.1946,-0.7787,-2.9316,0.0937,-0.3652
315565,0.5133,-0.2,-0.7787,-3.2383,-0.2812,-0.3867
315588,0.5038,-0.1991,-0.777,-3.6836,-0.8535,-0.4609
315611,0.5083,-0.204,-0.7773,-3.9043,-1.1914,-0.541
315634,0.5076,-0.2046,-0.7772,-4.0586,-1.5762,-0.6973
315657,0.5083,-0.2017,-0.7772,-4.0039,-1.7969,-0.8867
315680,0.522,-0.2036,-0.7773,-3.8887,-1.8496,-1.0156
315703,0.5298,-0.2075,-0.7798,-3.6934,-1.8066,-1.1934
315726,0.5046,-0.203,-0.7838,-3.6289,-1.7363,-1.2871
315749,0.4778,-0.1929,-0.776,-3.7129,-1.623,-1.3477
315772,0.4912,-0.1907,-0.7777,-3.8711,-1.0332,-1.252
315795,0.5225,-0.1954,-0.778,-4.1973,-1.3301,-1.1094
315818,0.5338,-0.1976,-0.7777,-4.5664,-1.0234,-0.8555
315841,0.5286,-0.199,-0.7771,-4.8008,-0.7559,-0.7051
315864,0.5131,-0.1978,-0.7772,-5.0664,-0.2754,-0.541
315887,0.5051,-0.1967,-0.7772,-5.1445,0.0723,-0.4629
315910,0.5072,-0.1976,-0.7773,-5.0723,0.582,-0.3652
315933,0.5186,-0.1975,-0.7772,-4.791,1.002,-0.2891
315956,0.5232,-0.1959,-0.7773,-4.5312,1.1855,-0.2656
315979,0.5134,-0.1962,-0.7772,-4.1191,1.2656,-0.2793
316002,0.5024,-0.1982,-0.7773,-3.8711,1.1836,-0.3105
316025,0.4993,-0.196,-0.7771,-3.5781,0.9043,-0.3613
316048,0.5199,-0.1951,-0.7775,-3.3984,0.5273,-0.3945
316071,0.5306,-0.2023,-0.7772,-3.3379,0.2773,-0.418
316094,0.5344,-0.2001,-0.7772,-3.3477,-0.0352,-0.4844
316117,0.5177,-0.1979,-0.7773,-3.4141,-0.1816,-0.5527
316140,0.5131,-0.1962,-0.7772,-3.5684,-0.293,-0.6562
316163,0.5112,-0.1935,-0.7773,-3.6777,-0.3145,-0.707
316186,0.51,-0.1931,-0.7772,-3.8027,-0.3184,-0.6992
316209,0.5052,-0.1937,-0.7771,-3.8398,-0.3496,-0.6328
316232,0.5083,-0.1978,-0.7773,-3.8066,-0.4004,-0.5664
316255,0.5222,-0.2076,-0.7773,-3.6816,-0.5215,-0.4785
316278,0.5344,-0.2115,-0.7786,-3.5742,-0.6348,-0.4434
316301,0.5402,-0.2131,-0.7963,-3.4316,-0.8633,-0.4434
316324,0.5103,-0.2,-0.7769,-3.3398,-1.1621,-0.457
316347,0.4861,-0.1914,-0.7775,-3.2793,-1.377,-0.4238
316370,0.4877,-0.1942,-0.7772,-3.125,-1.6563,-0.2441
316393,0.5034,-0.1992,-0.7773,-2.9824,-1.7813,-0.0469
316416,0.5063,-0.2047,-0.778,-2.791,-1.8672,0.2656
316439,0.5021,-0.2041,-0.7778,-2.7578,-1.8477,0.4687
316462,0.5116,-0.1969,-0.7772,-2.8652,-1.7852,0.498
316485,0.5104,-0.1923,-0.7836,-3.1914,-1.6152,0.3555
316508,0.5094,-0.1929,-0.7806,-3.4766,-1.459,0.1445
316531,0.5278,-0.2084,-0.7766,-3.9023,-1.2012,-0.3086
316554,0.5322,-0.2285,-0.7773,-4.1172,-1.0039,-0.8633
316577,0.5164,-0.2311,-0.7772,-4.248,-0.9473,-1.2422
316600,0.5173,-0.223,-0.7771,-4.0605,-0.9492,-1.709
316623,0.5078,-0.2045,-0.7772,-3.7109,-0.9395,-1.8789
316646,0.4745,-0.1897,-0.7772,-2.8125,-0.7559,-1.8066
316669,0.4885,-0.1818,-0.7773,-1.9883,-0.4219,-1.5078
316692,0.4993,-0.1815,-0.7773,-0.5664,0.4512,-0.75
316715,0.5115,-0.1882,-0.7902,0.8047,1.6406,0.1465
316738,0.5159,-0.1964,-0.792,1.541,2.4785,0.6543
316761,0.5248,-0.2075,-0.7758,2.2676,3.5879,1.0566
316784,0.5256,-0.2217,-0.7777,2.5059,4.1191,1.0059
316807,0.5392,-0.2391,-0.7772,2.5781,4.457,0.4043
316830,0.5492,-0.2434,-0.7772,2.3828,4.0996,-0.7793
316853,0.491,-0.2322,-0.7675,2.1133,3.4277,-1.8262
316876,0.4758,-0.2162,-0.7712,1.4453,1.752,-3.6387
316899,0.5283,-0.2075,-0.7872,0.7207,0.1602,-4.959
316922,0.5748,-0.199,-0.8516,-1.0625,-3.0684,-7.1289
316945,0.5403,-0.1863,-0.8591,-3.8145,-7.3086,-9.5371
316968,0.4988,-0.178,-0.8282,-6.1191,-10.4785,-11.1602
316991,0.4924,-0.1754,-0.7897,-9.5723,-15.0586,-13.2559
317014,0.4783,-0.1796,-0.7754,-11.4746,-17.5586,-14.1895
317037,0.4766,-0.196,-0.7781,-13.1113,-19.8945,-14.5957
317060,0.4789,-0.2026,-0.7773,-13.2012,-20.334,-14.125
317083,0.4601,-0.2068,-0.7772,-11.8398,-19.3125,-12.3457
317106,0.4392,-0.2032,-0.7772,-9.0234,-16.5156,-9.4863
317129,0.4246,-0.1964,-0.7772,-6.6328,-13.8672,-7.1445
317152,0.4388,-0.1968,-0.7772,-2.8398,-9.1094,-3.332
317175,0.4722,-0.2006,-0.7773,-0.5215,-5.7168,-0.8398
317198,0.475,-0.203,-0.7772,2.0937,-0.875,2.3809
317221,0.4746,-0.1964,-0.7773,3.2285,3.0723,4.5566
317244,0.4362,-0.1825,-0.7771,3.0469,4.998,5.291
317267,0.4708,-0.1704,-0.7894,1.3887,6.6562,5.2734
317290,0.5319,-0.1608,-0.8749,-0.5703,6.8574,4.5234
317313,0.5178,-0.1453,-0.8879,-4.5703,5.7461,2.3555
317336,0.4408,-0.1276,-0.8572,-9.3125,3.2129,-0.7949
317359,0.4774,-0.1133,-0.8805,-12.4727,1.0156,-3.207
317382,0.4691,-0.1112,-0.8856,-16.5801,-2.6992,-6.9531
317405,0.4386,-0.1274,-0.8187,-18.5781,-5.2969,-9.3711
317428,0.4692,-0.1454,-0.7722,-20.0391,-9.0527,-12.6406
317451,0.4828,-0.1594,-0.8232,-19.8809,-11.2871,-15.498
317474,0.4215,-0.1406,-0.8511,-18.1855,-14.0977,-16.7441
317497,0.3993,-0.1237,-0.7792,-15.4531,-16.1953,-18.2715
317520,0.4182,-0.1176,-0.7776,-13.459,-17.1133,-18.8418
317543,0.4127,-0.1144,-0.7771,-10.6836,-17.5762,-18.9824
317566,0.3917,-0.1119,-0.7701,-9.1914,-17.127,-18.6191
317589,0.4171,-0.1002,-0.722,-7.7539,-15.0234,-17.5215
317612,0.4978,-0.0848,-0.7471,-7.5195,-10.9004,-16.082
317635,0.5314,-0.0916,-0.8644,-8.1875,-7.0137,-15.2012
317658,0.5151,-0.0736,-0.9266,-10.7187,-0.0098,-14.4434
317681,0.4985,-0.0569,-0.879,-13.4648,4.8086,-14.4883
317704,0.4508,-0.02,-0.7828,-18.7305,11.0293,-15.4219
317727,0.4166,0.0094,-0.778,-24.332,14.9785,-17.1348
317750,0.4583,-0.0059,-0.8706,-27.7129,16.1074,-18.5391
317773,0.4816,-0.0048,-0.9136,-31.8652,15.5937,-20.9063
317796,0.4653,0.01,-0.8206,-33.957,13.8477,-22.623
317819,0.3971,0.037,-0.7714,-35.9707,9.3496,-25.2598
317842,0.3719,0.0701,-0.7548,-36.5254,5.3965,-27.6094
317865,0.438,0.1116,-0.7675,-36.4063,-1.1406,-28.8223
317888,0.436,0.1548,-0.8113,-35.9609,-7.2598,-30.0547
317911,0.4268,0.1842,-0.8546,-36.1055,-10.4844,-30.584
317934,0.5525,0.1951,-0.8212,-37.7227,-13.3496,-31.2637
317957,0.5581,0.1865,-0.7803,-39.8711,-13.8262,-31.8652
317980,0.4274,0.2137,-0.7383,-44.3926,-12.377,-33.1855
318003,0.3628,0.2301,-0.7213,-49.6133,-7.9629,-34.7793
318026,0.4574,0.2285,-0.7723,-52.9727,-3.1602,-35.7871
318049,0.5059,0.2224,-0.7139,-57.2324,6.4512,-37.1113
318072,0.4889,0.2405,-0.6222,-59.291,13.873,-37.916
318095,0.496,0.2433,-0.6724,-60.8457,25.4766,-39.0059
318118,0.5992,0.2299,-0.8602,-60.4727,36.4707,-39.7344
318141,0.5588,0.2638,-0.7985,-59.2813,42.5605,-39.7988
318164,0.4412,0.3099,-0.6051,-56.1289,48.3105,-38.7227
318187,0.3663,0.3248,-0.5649,-52.959,49.4375,-36.8691
318210,0.3643,0.3237,-0.609,-46.498,47.3359,-32.0957
318233,0.4547,0.3312,-0.6423,-41.2949,43.9824,-25.4199
318256,0.5078,0.3528,-0.6635,-33.0391,37.1602,-20.5938
318279,0.4886,0.3666,-0.6151,-25.4492,29.4629,-14.0312
318302,0.4946,0.3663,-0.6063,-21.2852,24.5488,-10.6738
318325,0.5709,0.3558,-0.6228,-16.8184,18.4629,-7.666
318348,0.6008,0.3529,-0.6865,-15.1172,15.5977,-7.0273
318371,0.5922,0.3545,-0.6672,-14.4082,13.1094,-7.6719
318394,0.5531,0.3589,-0.6555,-15.4277,12.293,-9.2266
318417,0.4612,0.4288,-0.6738,-16.6152,12.3223,-10.1152
318440,0.5277,0.4108,-0.6075,-18.2461,12.6895,-10.4707
318463,0.5769,0.4,-0.6013,-18.7148,12.8301,-9.9277
318486,0.5509,0.3658,-0.593,-18.0254,12.373,-8.1621
318509,0.5356,0.3376,-0.594,-15.8613,10.7422,-5.7168
318532,0.4987,0.3542,-0.6101,-13.9512,8.9766,-3.9531
318555,0.5308,0.368,-0.604,-10.9492,5.5371,-1.3965
318578,0.5336,0.3853,-0.5845,-9.0781,2.9277,0.1348
318601,0.5272,0.4308,-0.5936,-6.6426,-1.0215,2.0645
318624,0.4386,0.498,-0.6051,-5.2754,-4.4121,3.5312
318647,0.431,0.585,-0.6174,-3.5898,-6.2871,4.25
318670,0.5123,0.598,-0.6178,-2.3945,-8.168,4.8594
318693,0.592,0.5875,-0.7903,-1.9766,-9.0645,4.7871
318716,0.6133,0.6378,-0.6458,-1.8652,-10.5547,3.541
318739,0.5297,0.5894,-0.5812,-1.75,-11.8965,1.7832
318762,0.507,0.5135,-0.5657,-0.5918,-14.2148,-2.1484
318785,0.4972,0.4462,-0.5654,2.502,-16.2148,-7.123
318808,0.5085,0.4006,-0.5651,5.6758,-17.0742,-10.6328
318831,0.5148,0.3679,-0.4999,11.6035,-17.5117,-15.5723
318854,0.543,0.3121,-0.4825,15.8594,-17.2461,-18.3281
318877,0.5626,0.2476,-0.5685,21.7051,-16.0625,-21.2773
318900,0.531,0.2126,-0.6311,25.5742,-14.1113,-22.5313
318923,0.4528,0.1893,-0.6222,26.4238,-12.4453,-22.3066
318946,0.4026,0.1897,-0.6382,24.6855,-9.293,-20.3008
318969,0.3623,0.1997,-0.666,21.5801,-6.7695,-17.9551
318992,0.3894,0.187,-0.6864,14.4687,-2.834,-13.4492
319015,0.3816,0.2269,-0.693,8.498,0.1348,-8.7578
319038,0.3494,0.3097,-0.6625,-1.4219,0.9004,-6.0937
319061,0.3802,0.3435,-0.6748,-11.3418,-0.4141,-3.3789
319084,0.3521,0.4064,-0.6947,-17.3945,-2.9883,-2.5801
319107,0.3051,0.4313,-0.7797,-25.0586,-8.8301,-2.7949
319130,0.3193,0.4557,-0.7751,-29.0391,-13.3652,-3.6348
319153,0.3528,0.467,-0.7765,-33.1523,-19.7793,-5.4023
319176,0.3481,0.4785,-0.7283,-34.9023,-24.457,-7.1973
319199,0.3137,0.4823,-0.6552,-34.7109,-26.1777,-8.1406
319222,0.3064,0.4734,-0.6619,-32.4414,-26.3672,-8.9082
319245,0.3341,0.479,-0.666,-29.8086,-24.9824,-8.9473
319268,0.3806,0.4767,-0.6808,-24.8164,-21.2402,-8.4551
319291,0.375,0.4711,-0.7448,-19.498,-16.5273,-7.7051
319314,0.3287,0.4946,-0.7008,-16.2402,-13.3613,-7.2676
319337,0.3339,0.4823,-0.6541,-12.2031,-9.1211,-6.8418
319360,0.4021,0.4656,-0.6632,-10.166,-6.8418,-6.7227
319383,0.3666,0.4615,-0.6711,-8.1055,-4.457,-6.7559
319406,0.2958,0.4753,-0.6393,-7.3496,-3.2109,-6.8789
319429,0.3324,0.4662,-0.6279,-7.002,-2.8223,-6.8945
319452,0.3754,0.4552,-0.6301,-7.4141,-2.5859,-6.7207
319475,0.3715,0.4712,-0.7108,-8.0312,-2.541,-6.4805
319498,0.3367,0.4865,-0.6588,-9.3437,-2.6602,-6.0508
319521,0.3223,0.4973,-0.6536,-10.4121,-2.9453,-5.8086
319544,0.3242,0.4937,-0.6704,-12.2637,-3.8848,-5.6855
319567,0.3325,0.4912,-0.6653,-14.4395,-5.7344,-6.0039
319590,0.3055,0.4979,-0.6327,-16.0723,-7.5684,-6.502
319613,0.2817,0.5249,-0.6499,-18.7227,-10.9512,-7.6348
319636,0.2493,0.5339,-0.6177,-20.543,-13.2402,-8.5645
319659,0.2742,0.5242,-0.5869,-23.1484,-15.8477,-10.0
319682,0.2897,0.5211,-0.5841,-25.373,-16.5469,-11.1777
319705,0.285,0.5428,-0.6122,-26.5254,-15.7305,-11.6699
319728,0.2778,0.5538,-0.6191,-27.5977,-12.8984,-11.8379
319751,0.254,0.5565,-0.5962,-27.8105,-10.3984,-11.5605
319774,0.2776,0.5465,-0.5729,-27.3613,-6.6367,-10.6426
319797,0.3082,0.5391,-0.5879,-26.1074,-3.6367,-9.2949
319820,0.2755,0.5581,-0.6008,-24.9199,-2.25,-8.2832
319843,0.2682,0.5685,-0.5823,-22.7695,-1.0938,-6.8047
319866,0.2699,0.5674,-0.5782,-21.1973,-0.8828,-5.9668
319889,0.2565,0.5658,-0.6174,-18.8184,-1.2695,-5.1133
319912,0.2443,0.5679,-0.603,-17.3301,-1.9141,-4.8828
319935,0.2501,0.5612,-0.5499,-15.4453,-3.4082,-5.0664
319958,0.2383,0.5704,-0.5797,-14.2051,-5.5312,-5.7949
319981,0.2112,0.5787,-0.6335,-13.7891,-7.1367,-6.4766
320004,0.2053,0.564,-0.5825,-13.6895,-9.3242,-7.5762
320027,0.2463,0.557,-0.5278,-13.8965,-10.373,-8.2148
320050,0.251,0.5776,-0.5505,-14.5176,-11.1211,-8.8125
320073,0.2527,0.5945,-0.5814,-15.3848,-10.6543,-8.8105
320096,0.2268,0.6276,-0.5725,-15.9922,-9.4902,-8.4551
320119,0.2347,0.5894,-0.527,-16.7559,-6.2656,-7.4687
320142,0.2347,0.5892,-0.5576,-17.084,-3.2148,-6.6133
320165,0.2443,0.6149,-0.5415,-17.2754,2.0937,-5.2598
320188,0.2357,0.545,-0.4761,-17.166,7.0547,-4.0449
320211,0.2753,0.5286,-0.5353,-16.9863,9.4863,-3.4043
320234,0.1993,0.665,-0.5817,-16.6445,11.2207,-2.7637
320257,0.2229,0.8292,-0.6522,-16.3633,11.1484,-2.5508
320280,0.2965,0.6042,-0.4974,-15.7559,9.4551,-2.4492
320303,0.184,0.6055,-0.5155,-15.2305,7.2832,-2.4395
320326,0.2712,0.625,-0.5364,-14.4043,2.8242,-2.4492
320349,0.2244,0.6272,-0.5536,-13.627,-2.1719,-2.4902
320372,0.2185,0.6261,-0.5183,-13.1465,-5.3008,-2.5801
320395,0.2019,0.6348,-0.5016,-12.4844,-9.2148,-2.9258
320418,0.2086,0.6261,-0.5156,-12.0723,-11.1797,-3.3398
320441,0.2078,0.6299,-0.5364,-11.4492,-13.0156,-4.2207
320464,0.2081,0.6318,-0.5264,-10.7324,-13.4434,-5.291
320487,0.1782,0.6366,-0.5334,-10.1758,-13.0,-6.0215
320510,0.1833,0.6342,-0.5537,-9.2266,-11.3848,-7.0059
320533,0.2037,0.634,-0.5389,-8.5586,-9.8086,-7.5117
320556,0.2032,0.6445,-0.5287,-7.623,-7.1133,-7.9297
320579,0.1887,0.6357,-0.5037,-6.9336,-4.5449,-7.8867
320602,0.1742,0.6384,-0.5251,-6.6816,-3.0527,-7.625
320625,0.1868,0.6366,-0.4995,-6.623,-1.0996,-6.9902
320648,0.1927,0.637,-0.4783,-6.7441,0.0762,-6.4746
320671,0.2316,0.6332,-0.5012,-6.957,1.6719,-5.6504
320694,0.1799,0.6337,-0.5269,-6.9492,2.5918,-4.7988
320717,0.1805,0.6385,-0.5251,-6.416,3.7676,-4.2461
320740,0.1698,0.6296,-0.5551,-5.043,4.8047,-3.4766
320763,0.1869,0.6249,-0.5608,-3.6719,5.457,-2.9746
320786,0.2419,0.6113,-0.5571,-1.1328,6.3164,-2.0801
320809,0.2175,0.6198,-0.5323,0.6875,6.6738,-1.2734
320832,0.1829,0.64,-0.5588,3.2051,6.6328,0.3809
320855,0.2837,0.6204,-0.5573,5.0293,5.9375,2.5352
320878,0.2549,0.6289,-0.5581,5.6504,5.2715,4.123
320901,0.2168,0.6251,-0.528,5.4648,4.1738,6.3301
320924,0.234,0.63,-0.5369,4.5332,3.4199,7.4082
320947,0.2007,0.6232,-0.5609,1.9707,2.2422,8.0312
320970,0.2463,0.6217,-0.5328,-1.7266,0.9199,7.2617
320993,0.2295,0.6392,-0.5027,-4.5859,-0.1523,5.9863
321016,0.1829,0.639,-0.4594,-9.0059,-2.2012,3.0801
321039,0.1521,0.6432,-0.4701,-11.7324,-3.873,0.6289
321062,0.1647,0.6428,-0.5328,-14.9707,-6.5918,-3.416
321085,0.1458,0.6371,-0.5204,-16.291,-8.7129,-7.25
321108,0.1621,0.6393,-0.4971,-16.6914,-9.752,-9.2949
321131,0.2046,0.6337,-0.5229,-15.1211,-9.8262,-11.0703
321154,0.2068,0.6146,-0.5482,-13.0879,-9.0117,-11.1816
321177,0.234,0.6267,-0.5413,-8.9375,-6.6328,-9.6406
321200,0.2273,0.6494,-0.5311,-5.7637,-4.4844,-7.5977
321223,0.2137,0.6255,-0.5569,-1.0352,-0.9219,-3.5605
321246,0.2202,0.6235,-0.5583,2.8711,2.3945,0.6875
321269,0.2029,0.6313,-0.5461,4.6641,4.1094,3.0937
321292,0.1797,0.6295,-0.5587,5.8086,5.4316,5.4434
321315,0.1997,0.6295,-0.5371,5.4863,5.3105,5.9883
321338,0.1829,0.6516,-0.4979,3.5371,3.627,5.3184
321361,0.2078,0.642,-0.5009,0.3105,0.5645,3.2773
321384,0.1404,0.6335,-0.5255,-2.2031,-1.8242,1.4629
321407,0.1614,0.6261,-0.5016,-5.9707,-5.1113,-1.4609
321430,0.3698,0.5861,-0.4559,-8.1621,-6.6914,-3.2754
321453,0.2524,0.6412,-0.5432,-10.4941,-7.9219,-5.3945
321476,-0.0059,0.6917,-0.5648,-11.1953,-7.9531,-6.4238
321499,0.1456,0.6067,-0.5198,-10.7695,-7.4082,-6.4551
321522,0.1539,0.6263,-0.5399,-8.6543,-5.9785,-5.7656
321545,0.2278,0.6095,-0.494,-6.4766,-4.7344,-4.957
321568,0.3005,0.6443,-0.579,-2.4746,-2.5742,-3.3281
321591,0.171,0.6271,-0.5729,0.3828,-1.0352,-2.0332
321614,0.1382,0.6215,-0.537,4.3984,1.1895,-0.1035
321637,0.1849,0.6226,-0.5874,7.5449,3.0137,1.2676
321660,0.1946,0.6207,-0.5819,8.959,3.9297,1.6797
321683,0.2096,0.6099,-0.6057,9.8984,4.7812,1.5742
321706,0.182,0.6252,-0.5482,9.6973,4.9102,1.1367
321729,0.1699,0.6272,-0.5374,8.2207,4.252,0.1387
321752,0.2223,0.6152,-0.5593,5.5937,2.584,-1.0879
321775,0.2205,0.6078,-0.5402,3.4355,1.082,-1.9766
321798,0.1482,0.6366,-0.5208,0.0566,-1.4863,-3.4316
321821,0.1044,0.6254,-0.5179,-1.9961,-3.291,-4.5195
321844,0.1218,0.5981,-0.575,-4.3301,-5.8223,-6.2754
321867,0.1418,0.6085,-0.5903,-5.1914,-7.5234,-7.8223
321890,0.1915,0.6028,-0.5737,-5.209,-7.8691,-8.416
321913,0.21,0.5918,-0.5686,-3.6621,-6.998,-8.1914
321936,0.1876,0.6078,-0.6233,-1.8906,-5.543,-7.1797
321959,0.1632,0.6046,-0.6176,1.4336,-2.4043,-4.4727
321982,0.2125,0.5928,-0.5806,3.7441,-0.0176,-2.0977
322005,0.1936,0.6083,-0.5688,6.7305,3.2754,1.8223
322028,0.1912,0.6041,-0.5623,8.5566,5.5117,5.5449
322051,0.1947,0.5902,-0.5542,8.9512,6.207,7.623
322074,0.2129,0.5918,-0.5662,8.3203,6.0215,9.8359
322097,0.2073,0.5909,-0.5757,7.2207,5.1855,10.6348
322120,0.2111,0.5925,-0.5791,4.9687,3.2129,10.8398
322143,0.2111,0.5895,-0.5841,2.5762,0.873,10.0078
322166,0.1918,0.5853,-0.6075,1.1973,-0.6406,9.0039
322189,0.1873,0.5687,-0.6074,-0.248,-2.5645,7.082
322212,0.1832,0.5763,-0.588,-0.7227,-3.5508,5.6816
322235,0.1898,0.5845,-0.6029,-0.6934,-4.6113,3.6719
322258,0.1919,0.5786,-0.619,0.0977,-5.2187,2.0273
322281,0.1913,0.5706,-0.6289,0.9238,-5.3496,1.2578
322304,0.1958,0.5673,-0.6259,2.3574,-5.0723,0.7148
322327,0.2017,0.5717,-0.6013,3.2891,-4.5996,0.7969
322350,0.2147,0.5701,-0.5945,4.4082,-3.6562,1.5547
322373,0.2129,0.5754,-0.6112,4.8633,-3.0293,2.418
322396,0.2151,0.5696,-0.6378,5.0176,-2.3125,4.0859
322419,0.217,0.5685,-0.635,4.5312,-1.916,5.9687
322442,0.2169,0.5681,-0.6302,3.877,-1.7539,7.2207
322465,0.2264,0.5667,-0.6317,2.459,-1.5469,8.9199
322488,0.2206,0.5522,-0.6184,1.2363,-1.4434,9.8613
322511,0.2096,0.5469,-0.5579,-0.9727,-1.4082,10.9102
322534,0.2382,0.5632,-0.5923,-3.5215,-1.4805,11.5273
322557,0.2374,0.5995,-0.5886,-5.2773,-1.5059,11.748
322580,0.222,0.6144,-0.5773,-7.7012,-1.3008,11.9219
322603,0.2115,0.6027,-0.5608,-9.0176,-0.8496,11.9961
322626,0.2185,0.5696,-0.5565,-10.4219,0.3437,12.0723
322649,0.2594,0.5739,-0.5957,-11.1699,1.7676,11.959
322672,0.2814,0.6099,-0.6213,-11.2695,2.5488,11.6328
322695,0.2963,0.6,-0.6731,-10.5312,3.248,10.6582
322718,0.2642,0.5802,-0.6993,-9.1758,3.4922,9.7812
322741,0.2468,0.568,-0.7323,-5.3418,3.9883,8.5762
322764,0.2544,0.5657,-0.7715,-1.373,4.6816,8.1621
322787,0.2662,0.5518,-0.7896,6.7969,6.4687,8.5449
322810,0.2258,0.5072,-0.8489,17.3594,8.8809,10.3262
322833,0.261,0.4683,-0.7919,25.4512,10.5371,12.1992
322856,0.3494,0.4363,-0.7745,38.6895,12.6094,15.5098
322879,0.3717,0.3918,-0.7952,47.9395,13.4492,17.6074
322902,0.3763,0.3478,-0.8834,61.8262,13.6367,19.959
322925,0.3882,0.3146,-0.9197,63.998,12.5078,21.1289
322948,0.4036,0.2761,-0.8916,63.998,11.0723,21.4023
322971,0.4375,0.2274,-0.8926,63.998,8.1504,21.5527
322994,0.4687,0.1875,-0.8976,63.998,5.8945,21.8066
323017,0.4738,0.1423,-0.9098,63.998,2.3379,22.9492
323040,0.4764,0.0864,-0.8964,63.998,-1.1328,25.4961
323063,0.5415,0.028,-0.8722,63.998,-3.3027,28.125
323086,0.545,-0.0215,-0.8044,63.998,-6.1953,33.4375
323109,0.5259,-0.0797,-0.7839,63.998,-7.6133,37.7988
323132,0.4908,-0.1375,-0.8572,63.998,-8.2988,45.4277
323155,0.4563,-0.1866,-0.9208,63.998,-7.5664,54.2715
323178,0.4707,-0.2152,-0.9294,63.998,-5.0488,60.7773
323201,0.4357,-0.2363,-0.8418,63.998,-2.0801,63.998
323224,0.3959,-0.2603,-0.7687,63.998,-0.5352,63.998
323247,0.4117,-0.306,-0.7749,63.998,0.6094,63.998
323270,0.4053,-0.3617,-0.777,63.998,0.4551,63.998
323293,0.4154,-0.3984,-0.7354,63.998,-1.1816,63.998
323316,0.3953,-0.4238,-0.7065,63.998,-4.2012,63.998
323339,0.3206,-0.4426,-0.7019,63.998,-6.709,63.998
323362,0.2466,-0.4589,-0.6991,63.998,-10.6367,63.998
323385,0.2133,-0.4758,-0.6678,60.6152,-12.9707,63.998
323408,0.1941,-0.4929,-0.675,54.6406,-15.4434,63.998
323431,0.1855,-0.5122,-0.6947,47.8301,-16.5352,63.998
323454,0.1925,-0.5156,-0.6676,42.6523,-16.7148,63.998
323477,0.1494,-0.4927,-0.6273,33.8379,-16.5762,63.998
323500,0.1007,-0.4817,-0.6642,27.3164,-16.2715,63.998
323523,0.0623,-0.4844,-0.7731,16.7227,-15.2812,63.998
323546,0.0459,-0.4755,-0.7576,9.2031,-13.6738,63.998
323569,0.045,-0.4485,-0.6604,-2.4531,-11.9648,63.998
323592,0.0345,-0.4343,-0.748,-13.8652,-9.2773,63.998
323615,-0.0092,-0.4275,-0.8073,-20.959,-7.252,63.998
323638,0.036,-0.41,-0.8551,-30.4824,-3.9551,63.998
323661,0.1215,-0.3965,-0.8386,-35.9395,-1.7891,63.998
323684,0.0808,-0.3961,-0.9154,-42.4863,0.8867,63.998
323707,-0.0026,-0.3868,-0.9344,-46.7305,2.6719,63.998
323730,-0.0325,-0.3627,-0.9463,-48.1563,3.6133,63.998
323753,-0.0009,-0.3492,-0.9247,-48.1523,5.0742,63.998
323776,0.0404,-0.3496,-0.9409,-46.8125,6.1445,63.998
323799,0.0376,-0.3611,-0.98,-43.1504,7.7656,61.6484
323822,-0.0051,-0.3665,-1.0065,-38.084,9.1699,56.1348
323845,-0.046,-0.3689,-0.9398,-34.25,9.8789,52.5703
323868,-0.0201,-0.3615,-0.8351,-28.1543,10.5566,47.4395
323891,0.0162,-0.39,-0.9259,-24.0293,10.7559,44.1543
323914,0.0762,-0.4199,-1.0085,-18.1602,10.8398,39.3145
323937,0.0809,-0.4182,-0.9316,-14.7246,10.9961,34.4531
323960,0.0382,-0.4243,-0.9063,-10.5332,11.2461,31.2305
323983,0.0402,-0.4196,-0.8672,-7.4902,11.8496,26.668
324006,0.0397,-0.4335,-0.8936,-5.9941,12.416,23.9531
324029,0.1017,-0.4269,-0.9146,-4.3672,13.5781,20.5117
324052,0.1259,-0.3922,-0.8331,-3.5977,14.5742,18.6445
324075,0.0311,-0.3527,-0.8068,-2.707,16.3906,16.4512
324098,0.0365,-0.3938,-0.9335,-1.9785,18.6543,14.9395
324121,0.0413,-0.387,-0.9259,-1.6094,20.4238,14.2363
324144,0.1445,-0.4126,-0.9219,-1.2715,23.1855,13.457
324167,0.1458,-0.4117,-0.8125,-1.1328,24.7676,12.9805
324190,0.15,-0.3907,-0.8198,-0.8496,26.248,12.1211
324213,0.0841,-0.4198,-0.9025,-0.3711,26.2773,10.9922
324236,0.0936,-0.4124,-0.8912,-0.0645,25.4434,10.1211
324259,0.1637,-0.3986,-0.896,0.1035,23.0508,8.6953
324282,0.1586,-0.399,-0.8885,-0.0781,20.8008,7.6465
324305,0.1396,-0.4159,-0.8989,-0.7754,16.7539,5.875
324328,0.1587,-0.4537,-0.9572,-1.4141,12.4219,3.8711
324351,0.1461,-0.4141,-0.749,-2.2871,9.6641,2.4531
324374,0.1543,-0.4847,-0.9056,-2.5742,5.9121,0.3437
324397,0.1615,-0.4769,-0.8673,-2.3008,3.6797,-0.9727
324420,0.1427,-0.4905,-0.8593,-1.1309,0.9082,-2.7227
324443,0.1862,-0.4744,-0.8678,0.1699,-0.3887,-3.6719
324466,0.1543,-0.4587,-0.8527,2.8613,-1.3301,-4.6992
324489,-0.0023,-0.4917,-0.808,6.252,-0.9004,-5.2441
324512,0.3339,-0.4084,-0.9662,8.7031,0.0312,-5.3672
324535,0.0201,-0.42,-0.8363,12.2676,0.9863,-5.3066
324558,0.1327,-0.3662,-0.8951,14.3145,0.7246,-5.1836
324581,0.1544,-0.3348,-0.9441,16.459,-1.0566,-4.9883
324604,0.1217,-0.411,-0.8995,17.0898,-3.9199,-4.8437
324627,0.0902,-0.3846,-0.824,16.5723,-5.5059,-4.7617
324650,0.1921,-0.3458,-0.8298,14.5918,-5.7793,-4.7305
324673,0.027,-0.2589,-0.7816,12.7891,-4.334,-4.8691
324696,0.0164,-0.2782,-1.0181,9.9434,-0.3281,-5.5273
324719,0.0573,-0.2776,-1.0397,7.1484,4.0957,-7.3047
324742,0.2845,-0.3479,-0.989,5.9336,6.1719,-9.6055
324765,0.3781,-0.4445,-0.9265,5.0918,6.7539,-15.4258
324788,0.2343,-0.5265,-0.7764,5.9004,5.2695,-20.9453
324811,0.113,-0.537,-0.6469,10.0625,1.2539,-30.9395
324834,0.0101,-0.5254,-0.515,15.0508,-1.6328,-38.0156
324857,-0.0618,-0.54,-0.405,25.3711,-4.9707,-48.2109
324880,0.0463,-0.5448,-0.3739,37.0957,-6.7285,-57.6914
324903,0.064,-0.4932,-0.3215,44.0313,-7.4102,-63.9961
324926,0.0908,-0.4263,-0.3563,50.3613,-8.4453,-64.0
324949,0.186,-0.3922,-0.4879,50.4746,-9.2852,-64.0
324972,0.3165,-0.2939,-0.5289,42.9004,-10.5254,-64.0
324995,0.4786,-0.2177,-0.5574,25.7441,-11.1035,-64.0
325018,0.6276,-0.2014,-0.6515,9.6875,-10.7559,-64.0
325041,0.7133,-0.184,-0.7899,-19.1641,-8.7148,-64.0
325064,0.7755,-0.1683,-0.9008,-39.9805,-6.2305,-64.0
325087,0.8345,-0.1068,-0.9365,-64.0,-0.9688,-64.0
325110,0.8236,-0.0192,-0.8954,-64.0,5.5137,-64.0
325133,0.7187,0.0115,-0.9283,-64.0,10.1758,-64.0
325156,0.644,-0.014,-0.9932,-64.0,17.6992,-64.0
325179,0.5842,0.0669,-0.9064,-64.0,23.2637,-64.0
325202,0.611,0.131,-0.7828,-64.0,32.3047,-64.0
325225,0.6261,0.116,-0.8658,-64.0,38.2227,-64.0
325248,0.6045,0.0768,-0.9812,-64.0,45.5508,-64.0
325271,0.629,0.1,-0.9945,-64.0,49.6504,-35.7578
325294,0.6229,0.0861,-1.0057,-61.3633,50.0059,-17.2383
325317,0.5857,0.0863,-0.9569,-42.2559,46.3438,7.0098
325340,0.6176,0.0624,-0.8219,-31.2422,40.9609,19.8027
325363,0.6224,0.0844,-0.7712,-17.3867,28.752,33.1523
325386,0.5909,0.1387,-0.7787,-6.248,12.502,39.7871
325409,0.5314,0.1356,-0.7662,-0.1035,0.248,41.1113
325432,0.6104,0.0906,-0.7843,7.1777,-18.1797,39.6875
325455,0.6781,0.0359,-0.9105,10.5801,-29.1113,37.123
325478,0.599,-0.0132,-0.8461,13.2441,-41.666,31.8574
325501,0.5422,-0.0458,-0.7692,13.2402,-48.2031,26.166
325524,0.4825,-0.1068,-0.7795,12.2402,-48.9375,22.8516
325547,0.4196,-0.1356,-0.7538,10.1602,-45.4375,19.4746
325570,0.382,-0.0466,-0.6154,8.8672,-41.1152,18.5859
325593,0.304,-0.0049,-0.7499,7.6094,-33.793,19.3477
325616,0.3031,0.0154,-0.939,7.1543,-29.2246,21.9629
325639,0.4611,0.0067,-1.0439,6.1621,-23.4609,23.998
325662,0.5765,-0.0144,-1.1053,3.5684,-19.4531,26.1172
325685,0.5054,-0.0143,-1.0542,0.7227,-17.9746,26.3086
325708,0.4602,-0.0146,-0.9307,-4.3848,-17.2285,24.6191
325731,0.4751,-0.0333,-0.8304,-7.3672,-17.1074,22.5703
325754,0.3474,-0.0355,-0.7714,-9.4551,-16.2324,19.1719
325777,0.3733,-0.0685,-0.7366,-7.459,-13.2734,16.582
325800,0.3931,-0.0847,-0.7848,-3.9004,-9.8086,15.625
325823,0.4528,-0.0988,-0.7959,3.5391,-2.9961,15.1035
325846,0.4219,-0.1,-0.833,8.8437,1.8984,14.9902
325869,0.423,-0.1075,-0.8291,15.6133,8.6953,14.5234
325892,0.4564,-0.1233,-0.8252,19.6543,14.1641,13.2285
325915,0.4586,-0.1406,-0.8296,20.5879,16.8711,11.8262
325938,0.45,-0.1425,-0.7799,19.6465,19.3828,9.0566
325961,0.4531,-0.1573,-0.7771,17.877,20.0508,6.9551
325984,0.4678,-0.1621,-0.7711,14.3906,19.8008,3.8047
326007,0.5084,-0.1632,-0.7524,11.9629,19.0293,1.0215
326030,0.5433,-0.1664,-0.7816,8.6562,17.3027,-0.5215
326053,0.5432,-0.1672,-0.8234,5.8574,15.125,-2.3301
326076,0.5408,-0.1625,-0.8257,4.1719,13.5234,-3.2031
326099,0.5314,-0.1528,-0.7917,1.7793,11.0488,-4.0371
326122,0.5139,-0.1399,-0.782,0.2676,9.4395,-4.2891
326145,0.5206,-0.1309,-0.7981,-1.8008,7.2344,-4.2559
326168,0.5164,-0.1251,-0.8385,-3.5371,5.377,-3.834
326191,0.4784,-0.12,-0.7837,-4.459,4.3203,-3.4082
326214,0.4614,-0.1179,-0.7765,-5.3633,3.0098,-2.6387
326237,0.4675,-0.1188,-0.7773,-5.5684,2.3418,-2.0898
326260,0.4985,-0.1277,-0.7773,-5.2617,1.6563,-1.3379
326283,0.5079,-0.1287,-0.7793,-4.4277,1.2148,-0.8613
326306,0.4977,-0.1356,-0.7789,-3.7656,0.998,-0.7754
326329,0.51,-0.1403,-0.7782,-2.8594,0.8066,-1.0039
326352,0.5134,-0.1455,-0.7771,-2.3965,0.7969,-1.3535
326375,0.5229,-0.1436,-0.7773,-1.9531,0.9805,-2.0449
326398,0.5187,-0.1434,-0.7773,-1.8145,1.2266,-2.7812
326421,0.5243,-0.1421,-0.7772,-1.8301,1.7539,-3.2187
326444,0.5229,-0.1381,-0.7772,-2.1055,2.4043,-3.7227
326467,0.5122,-0.1343,-0.7771,-2.4082,2.8457,-3.9297
326490,0.5194,-0.1312,-0.7773,-2.9512,3.4687,-4.0293
326513,0.5428,-0.1368,-0.7855,-3.3203,3.8457,-3.9668
326536,0.5398,-0.1339,-0.7854,-3.8437,4.2852,-3.7305
326559,0.5265,-0.1337,-0.7756,-4.291,4.4707,-3.373
326582,0.5172,-0.1312,-0.7777,-4.498,4.457,-3.0781
326605,0.5254,-0.1343,-0.777,-4.6133,4.3027,-2.5684
326628,0.5339,-0.1295,-0.7772,-4.5391,4.1992,-2.2129
326651,0.5293,-0.1288,-0.7775,-4.2148,4.1797,-1.7188
326674,0.5438,-0.1295,-0.7825,-3.7871,4.291,-1.3438
326697,0.5389,-0.1324,-0.7765,-3.5527,4.3457,-1.1777
326720,0.5166,-0.1272,-0.7775,-3.3437,4.3086,-1.0469
326743,0.5209,-0.1285,-0.7771,-3.2812,4.1738,-1.0078
326766,0.5431,-0.1307,-0.7772,-3.2207,3.832,-0.9863
326789,0.5454,-0.1284,-0.7772,-3.1641,3.4062,-1.0215
326812,0.5358,-0.1282,-0.7773,-3.0488,3.1016,-1.0898
326835,0.5258,-0.1266,-0.7778,-2.9473,2.6133,-1.2539
326858,0.5199,-0.1252,-0.7771,-2.9082,2.2598,-1.3984
326881,0.5194,-0.1232,-0.7772,-2.8672,1.6738,-1.6504
326904,0.5183,-0.1151,-0.7771,-2.8027,1.2266,-1.8535
326927,0.5065,-0.118,-0.7772,-2.582,0.4023,-2.25
326950,0.5297,-0.1183,-0.7772,-2.2305,-0.7031,-2.8789
326973,0.5499,-0.1241,-0.7775,-2.0215,-1.6641,-3.5215
326996,0.5281,-0.1241,-0.7772,-1.9844,-3.5547,-4.9316
327019,0.5173,-0.1263,-0.7772,-2.2656,-5.1211,-6.168
327042,0.51,-0.1233,-0.7773,-3.2148,-7.8242,-8.3379
327065,0.5114,-0.1213,-0.7783,-4.6973,-10.6914,-10.6172
327088,0.4894,-0.103,-0.7771,-5.8672,-12.5195,-12.0195
327111,0.4396,-0.0724,-0.7773,-7.668,-14.8418,-13.6895
327134,0.4534,-0.0579,-0.8146,-8.8105,-15.9707,-14.4121
327157,0.5143,-0.0582,-0.8951,-10.4687,-16.9727,-14.9238
327180,0.5247,-0.0613,-0.8884,-12.084,-17.3203,-14.9707
327203,0.4786,-0.0635,-0.8276,-13.1484,-17.252,-14.8359
327226,0.447,-0.0675,-0.7816,-14.084,-16.5898,-14.3437
327249,0.4719,-0.0848,-0.7965,-14.0566,-15.6973,-13.7676
327272,0.4724,-0.0922,-0.7736,-12.8418,-13.8066,-12.5195
327295,0.4419,-0.0962,-0.7782,-11.2988,-12.3594,-11.4844
327318,0.4448,-0.0952,-0.7771,-8.2246,-10.2051,-9.7754
327341,0.449,-0.0948,-0.7776,-4.8984,-8.3242,-8.1094
327364,0.5009,-0.0979,-0.7925,-2.9453,-7.3203,-7.1582
327387,0.4849,-0.093,-0.8187,-0.8945,-6.2695,-6.1191
327410,0.4435,-0.0754,-0.778,-0.2422,-5.8301,-5.6797
327433,0.4379,-0.069,-0.7914,-0.2754,-5.3164,-5.2305
327456,0.4427,-0.076,-0.8121,-1.2109,-4.6836,-4.7637
327479,0.444,-0.0692,-0.7721,-2.1172,-4.1035,-4.3437
327502,0.4542,-0.0659,-0.7903,-3.5762,-2.9805,-3.5195
327525,0.4667,-0.0587,-0.8209,-4.4844,-2.1133,-2.8711
327548,0.4708,-0.0582,-0.8325,-5.666,-0.7793,-1.8574
327571,0.4484,-0.0515,-0.8347,-6.6035,0.4375,-0.9238
327594,0.4381,-0.0472,-0.7988,-7.0762,1.1426,-0.3945
327617,0.4635,-0.052,-0.7932,-7.5,2.0332,0.2148
327640,0.4955,-0.0553,-0.8528,-7.5859,2.5078,0.4512
327663,0.4875,-0.0616,-0.8694,-7.4766,3.0527,0.4512
327686,0.4935,-0.0662,-0.8301,-7.2949,3.3535,0.1816
327709,0.4812,-0.069,-0.7761,-6.8594,3.7871,-0.5977
327732,0.4678,-0.0646,-0.7778,-6.1367,4.1973,-1.666
327755,0.4678,-0.0664,-0.7772,-5.4746,4.4102,-2.4121
327778,0.4846,-0.0677,-0.7792,-4.3066,4.5156,-3.4102
327801,0.4615,-0.0681,-0.7802,-3.5312,4.3477,-3.918
327824,0.4363,-0.0627,-0.7766,-2.5547,3.6641,-4.3398
327847,0.4231,-0.0642,-0.7775,-1.9121,2.5898,-4.2793
327870,0.4319,-0.0587,-0.7772,-1.709,1.7617,-3.9863
327893,0.4449,-0.0592,-0.7776,-1.8086,0.4805,-3.3164
327916,0.4595,-0.0563,-0.7856,-2.1953,-0.3711,-2.8672
327939,0.4805,-0.0543,-0.8037,-3.3301,-1.6719,-2.459
327962,0.5044,-0.0522,-0.847,-5.1094,-3.0352,-2.6113
327985,0.5027,-0.045,-0.8468,-6.5527,-3.9434,-3.0488
328008,0.4718,-0.0343,-0.8181,-8.7832,-5.1504,-4.0215
328031,0.4363,-0.0265,-0.777,-10.0625,-5.7344,-4.6816
328054,0.4233,-0.0314,-0.7777,-11.2793,-6.1094,-5.3262
328077,0.4285,-0.0302,-0.7771,-11.5,-5.9961,-5.3945
328100,0.377,-0.0208,-0.7772,-11.0234,-5.416,-4.957
328123,0.3835,-0.0183,-0.7775,-10.0078,-4.6758,-4.1445
328146,0.4319,-0.0184,-0.8053,-9.3926,-4.3535,-3.6699
328169,0.4532,-0.0103,-0.8416,-9.1602,-4.5781,-3.5762
328192,0.4392,0.0043,-0.8665,-9.7305,-5.3867,-4.1602
328215,0.4771,0.0145,-0.9224,-11.8418,-7.709,-6.1328
328238,0.4526,0.0247,-0.8727,-15.1973,-11.2363,-9.1738
328261,0.3918,0.0436,-0.8098,-17.7266,-13.957,-11.4707
328284,0.3691,0.0437,-0.8231,-21.127,-17.8457,-14.668
328307,0.3849,0.0372,-0.8408,-22.7324,-19.8984,-16.3125
328330,0.4193,0.0435,-0.8444,-23.793,-21.8066,-17.7656
328353,0.3873,0.0472,-0.8662,-23.209,-22.2715,-17.9648
328376,0.3759,0.0455,-0.8522,-22.0234,-21.8223,-17.4414
328399,0.329,0.0482,-0.7872,-19.2813,-20.0801,-15.75
328422,0.3004,0.0465,-0.7756,-16.9492,-18.2559,-14.0937
328445,0.3101,0.0455,-0.7776,-13.0059,-14.7363,-11.0762
328468,0.3605,0.038,-0.8046,-10.3516,-12.1172,-7.9648
328491,0.4,0.0387,-0.868,-6.8965,-8.3633,-6.2051
328514,0.4019,0.0469,-0.8954,-4.6738,-5.4844,-4.4512
328537,0.3544,0.0601,-0.848,-4.0332,-4.2344,-3.9238
328560,0.3241,0.0693,-0.7946,-4.1504,-3.2402,-3.8418
328583,0.3812,0.0642,-0.8616,-4.7266,-3.0039,-4.0371
328606,0.4011,0.0662,-0.8816,-6.002,-3.1289,-4.4199
328629,0.3718,0.0807,-0.8425,-7.4668,-3.7109,-4.7031
328652,0.3237,0.0978,-0.799,-8.3672,-4.2012,-4.7344
328675,0.2906,0.1212,-0.8038,-9.3848,-4.7695,-4.4453
328698,0.3241,0.1234,-0.8798,-9.8516,-4.9297,-4.0859
328721,0.3541,0.1166,-0.8983,-10.5176,-4.9355,-3.6367
328744,0.2717,0.1216,-0.8464,-11.5684,-4.9023,-3.8242
328767,0.2527,0.1132,-0.8308,-12.623,-4.8887,-4.5176
328790,0.2904,0.1158,-0.8088,-14.8281,-4.8906,-6.6309
328813,0.3684,0.1494,-0.8563,-16.793,-5.0332,-8.8848
328836,0.3807,0.171,-0.9254,-20.6914,-5.7676,-13.6992
328859,0.4105,0.1742,-0.9302,-23.9746,-7.1719,-20.127
328882,0.3754,0.1528,-0.8998,-29.6758,-8.4258,-25.0313
328905,0.3706,0.1514,-0.7899,-35.4668,-10.0762,-32.582
328928,0.3202,0.1649,-0.7045,-38.7676,-10.7617,-37.2109
328951,0.2933,0.188,-0.6536,-42.1445,-10.6699,-42.6738
328974,0.2532,0.2015,-0.7629,-43.25,-9.582,-44.9707
328997,0.26,0.2272,-0.7788,-43.7129,-6.125,-46.1914
329020,0.3282,0.2721,-0.7402,-43.8066,-0.7598,-44.998
329043,0.2965,0.326,-0.7224,-44.1621,3.4316,-43.1875
329066,0.2698,0.3739,-0.726,-45.5273,9.9473,-39.5137
329089,0.2966,0.4038,-0.7896,-47.0762,14.207,-36.7324
329112,0.2886,0.4204,-0.8474,-50.3047,20.2422,-32.5996
329135,0.2661,0.4419,-0.7864,-54.2148,25.5,-29.0879
329158,0.2269,0.455,-0.7554,-56.7168,28.3418,-27.3242
329181,0.2423,0.4764,-0.6345,-59.2969,31.2969,-25.7051
329204,0.291,0.4646,-0.618,-59.6836,32.2598,-25.3223
329227,0.3186,0.4437,-0.665,-57.7871,32.1133,-25.6875
329250,0.3182,0.4526,-0.6663,-54.9453,30.1426,-26.7969
329273,0.2803,0.4651,-0.6914,-48.8555,27.9941,-27.5781
329296,0.2229,0.4906,-0.5894,-41.4102,23.9609,-28.1152
329319,0.2206,0.502,-0.5411,-36.1094,21.0566,-27.7285
329342,0.3236,0.496,-0.5876,-28.2168,16.9297,-25.8984
329365,0.4044,0.5022,-0.6172,-23.3672,14.5566,-24.0371
329388,0.3728,0.4988,-0.7263,-17.3379,11.8105,-20.8535
329411,0.3191,0.5293,-0.6553,-13.2539,10.2949,-17.7344
329434,0.3491,0.533,-0.6353,-11.582,10.0664,-15.8398
329457,0.3727,0.5247,-0.6636,-10.2305,10.7754,-13.377
329480,0.3424,0.521,-0.6479,-9.8027,11.7148,-12.0312
329503,0.3102,0.5171,-0.6187,-9.4219,13.2617,-10.502
329526,0.3113,0.5054,-0.6168,-8.9902,14.3672,-9.5527
329549,0.3322,0.4951,-0.6487,-8.584,14.6777,-9.2207
329572,0.3196,0.4928,-0.656,-7.8418,14.4746,-9.1172
329595,0.2932,0.4984,-0.6196,-7.3359,13.9199,-9.252
329618,0.3202,0.4994,-0.616,-6.6914,12.5605,-9.5996
329641,0.3661,0.5007,-0.6392,-6.3906,10.7871,-9.9336
329664,0.3254,0.5098,-0.6354,-6.1914,9.5195,-10.0625
329687,0.2886,0.5085,-0.6282,-6.3184,7.6953,-9.9863
329710,0.3162,0.5007,-0.6213,-6.584,6.6348,-9.6855
329733,0.3259,0.5061,-0.6051,-7.2109,5.332,-8.7695
329756,0.2937,0.5363,-0.6139,-7.7383,4.6367,-7.834
329779,0.2729,0.5659,-0.6515,-8.5957,3.8652,-5.9434
329802,0.2642,0.566,-0.6604,-9.3809,3.5723,-3.5195
329825,0.3175,0.5872,-0.6984,-9.7656,3.7383,-1.6777
329848,0.3003,0.6439,-0.7029,-9.9219,4.5254,1.2402
329871,0.2241,0.6265,-0.7852,-9.5645,5.3809,3.1641
329894,0.3318,0.55,-0.7561,-7.9707,7.2051,5.7148
329917,0.3977,0.4908,-0.6812,-4.6934,9.4453,7.3242
329940,0.3887,0.4393,-0.6731,-1.418,10.8672,7.6055
329963,0.3954,0.3676,-0.7468,5.0996,12.4902,6.793
329986,0.3998,0.3129,-0.7465,10.3105,13.0645,5.6289
330009,0.4237,0.2485,-0.7013,18.877,12.7969,3.5723
330032,0.4303,0.1942,-0.6667,27.7559,10.541,2.1289
330055,0.4178,0.1824,-0.6346,33.3145,7.5234,2.1582
330078,0.3633,0.2145,-0.5541,41.0742,0.3262,4.7891
330101,0.3027,0.2438,-0.4927,45.6211,-6.0684,8.8672
330124,0.3252,0.2527,-0.5172,51.3086,-16.7891,19.0098
330147,0.3475,0.2687,-0.5347,54.1543,-23.6563,28.2734
330170,0.3292,0.3206,-0.5115,56.498,-31.7949,44.6563
330193,0.3362,0.3531,-0.5813,55.873,-35.3945,61.4609
330216,0.4507,0.3381,-0.834,53.4336,-34.4238,63.998
330239,0.6271,0.3224,-0.9884,46.2051,-27.9648,63.998
330262,0.6649,0.318,-0.927,38.9844,-21.3359,63.998
330285,0.5746,0.299,-0.8772,25.5469,-10.5312,63.998
330308,0.4456,0.2726,-0.8313,11.3848,-1.3691,63.998
330331,0.3689,0.2281,-0.8191,3.0723,2.9727,57.3281
330354,0.3706,0.172,-0.7731,-5.8047,6.4473,42.4824
330377,0.379,0.1283,-0.7784,-8.6836,6.7187,33.8398
330400,0.4082,0.0962,-0.7756,-8.2539,4.0645,24.2813
330423,0.4415,0.1021,-0.7719,-2.9785,-2.1523,19.4395
330446,0.4502,0.1239,-0.8134,2.3965,-7.9961,18.7285
330469,0.4369,0.1687,-0.78,11.7754,-18.3438,20.8008
330492,0.4189,0.1846,-0.7374,18.1289,-25.4551,23.7676
330515,0.3781,0.1498,-0.8445,26.6953,-34.4844,29.5625
330538,0.3589,0.0863,-0.9607,31.127,-38.2383,35.6563
330561,0.4203,0.0475,-0.8918,34.9082,-39.4297,39.0176
330584,0.395,0.0486,-0.8152,34.9766,-35.6992,42.375
330607,0.3405,0.0526,-0.8759,33.3223,-31.0977,43.1914
330630,0.3542,0.0497,-0.9142,29.1816,-21.9766,42.3066
330653,0.4221,0.0563,-0.8381,25.8066,-15.0723,40.4473
330676,0.4551,0.0453,-0.781,20.5449,-4.8477,36.0273
330699,0.4434,0.0217,-0.7771,15.6855,3.7598,30.0684
330722,0.4375,0.0087,-0.7772,12.8809,8.0762,25.5664
330745,0.4338,-0.0027,-0.7792,9.416,12.2383,18.6211
330768,0.4198,-0.0198,-0.8428,7.5469,13.6836,14.207
330791,0.4351,-0.0336,-0.886,5.1914,14.5,8.3789
330814,0.4768,-0.0425,-0.8453,3.1738,14.3145,3.7832
330837,0.4618,-0.0508,-0.808,2.041,13.7598,1.459
330860,0.4379,-0.0468,-0.7761,0.8359,12.375,-0.8848
330883,0.4136,-0.0286,-0.7617,0.4453,11.1777,-1.6563
330906,0.3831,-0.015,-0.746,0.4883,9.1719,-1.5957
330929,0.376,-0.0105,-0.7711,0.8105,7.8262,-0.209
330952,0.41,-0.0095,-0.7816,1.3262,6.0625,1.2422
330975,0.457,-0.0087,-0.8251,1.2832,4.8457,3.6777
330998,0.4899,-0.0049,-0.8267,0.709,4.3926,5.1328
331021,0.4753,-0.0018,-0.8195,-1.0078,4.1973,6.623
331044,0.4708,0.0093,-0.7775,-2.5723,4.332,7.0762
331067,0.4728,0.0184,-0.7778,-5.0977,4.8594,7.0723
331090,0.4629,0.0131,-0.808,-7.3203,5.7285,6.5781
331113,0.4752,0.0078,-0.8376,-8.4648,6.3965,6.1582
331136,0.4916,0.0126,-0.7797,-9.5918,7.2754,5.5605
331159,0.5074,0.0089,-0.8016,-9.9473,7.6309,5.2109
331182,0.4795,0.001,-0.8268,-9.9453,7.4941,4.7676
331205,0.4705,0.004,-0.8214,-9.4492,6.1797,4.418
331228,0.4702,0.001,-0.8353,-8.9258,4.6016,4.2285
331251,0.4803,-0.0063,-0.8256,-7.9473,1.5137,3.9473
331274,0.4685,-0.0078,-0.8109,-7.1914,-0.6797,3.709
331297,0.4547,-0.0054,-0.7736,-5.8906,-3.5684,3.2363
331320,0.4365,-0.0081,-0.7783,-4.8887,-4.9336,2.6719
331343,0.4379,-0.0104,-0.777,-3.1797,-5.8086,2.2988
331366,0.4486,-0.0151,-0.7775,-1.332,-5.1973,1.7969
331389,0.4858,-0.019,-0.7772,-0.1426,-4.0742,1.4941
331412,0.4933,-0.0242,-0.7838,1.3438,-1.7246,1.0234
331435,0.4771,-0.0304,-0.7766,2.0234,0.0156,0.6719
331458,0.4834,-0.0338,-0.7773,2.4922,2.5137,0.1055
331481,0.4974,-0.0326,-0.7773,2.3418,4.5801,-0.4375
331504,0.5013,-0.032,-0.778,1.959,5.623,-0.7402
331527,0.5005,-0.0272,-0.7771,1.0566,6.6543,-1.0449
331550,0.4993,-0.0269,-0.7772,0.3027,7.0254,-1.1172
331573,0.5107,-0.0347,-0.7773,-0.9434,7.2051,-1.0
331596,0.519,-0.0385,-0.7775,-2.248,7.0273,-0.6465
331619,0.5054,-0.0391,-0.7906,-3.1289,6.75,-0.3242
331642,0.5044,-0.0306,-0.778,-4.4219,6.1816,0.2363
331665,0.4958,-0.0203,-0.777,-5.2012,5.752,0.6602
331688,0.4603,-0.0024,-0.7772,-6.1074,5.1172,1.4102
331711,0.475,0.0072,-0.7775,-6.4863,4.7559,2.3281
331734,0.5385,0.0066,-0.8026,-6.7656,4.377,2.959
331757,0.5533,0.0024,-0.8497,-6.8965,4.125,3.6895
331780,0.55,-0.0004,-0.8486,-7.0,3.9609,3.8984
331803,0.5267,-0.0073,-0.8258,-7.1797,3.6484,3.7148
331826,0.5032,-0.0157,-0.7756,-7.2266,3.3535,3.3066
331849,0.5009,-0.0289,-0.778,-6.957,2.7324,2.4512
331872,0.4978,-0.0403,-0.777,-6.0684,1.9023,1.5293
331895,0.4902,-0.0403,-0.7769,-5.1191,1.2637,0.9785
331918,0.4777,-0.0361,-0.7771,-3.3398,0.2598,0.3398
331941,0.4786,-0.0277,-0.7772,-2.1016,-0.3809,0.0664
331964,0.4927,-0.0225,-0.7773,-0.5215,-1.1895,-0.1348
331987,0.5045,-0.022,-0.7773,0.3867,-1.709,-0.1914
332010,0.5229,-0.019,-0.7837,0.5078,-1.8555,-0.2285
332033,0.5145,-0.0201,-0.7911,-0.0391,-1.7773,-0.3652
332056,0.5071,-0.0194,-0.7747,-0.7988,-1.5684,-0.5137
332079,0.4934,-0.0212,-0.7778,-2.2305,-1.1074,-0.7656
332102,0.5242,-0.0253,-0.7773,-3.1875,-0.5879,-0.9688
332125,0.533,-0.0338,-0.7772,-4.3789,-0.2793,-1.0625
332148,0.5302,-0.0316,-0.7772,-5.1797,0.0547,-1.1523
332171,0.5049,-0.028,-0.7771,-5.4902,0.166,-1.1777
332194,0.4821,-0.0214,-0.7772,-5.6367,0.1719,-1.1016
332217,0.4996,-0.0192,-0.7772,-5.5391,0.1016,-0.9395
332240,0.5029,-0.0198,-0.7773,-5.1699,-0.0566,-0.5293
332263,0.5026,-0.0193,-0.7773,-4.6973,-0.2109,0.0117
332286,0.5148,-0.0209,-0.7773,-4.4238,-0.2578,0.3828
332309,0.5234,-0.0227,-0.7802,-4.209,-0.1855,0.8496
332332,0.5253,-0.0189,-0.7769,-4.2324,-0.0312,1.0527
332355,0.5211,-0.0184,-0.7773,-4.4746,0.3301,1.1641
332378,0.5228,-0.0189,-0.7772,-4.832,0.7578,1.0742
332401,0.5293,-0.0225,-0.7772,-5.0566,1.0078,0.9414
332424,0.5112,-0.021,-0.7772,-5.2676,1.2227,0.6934
332447,0.5027,-0.0262,-0.7773,-5.2754,1.2344,0.543
332470,0.5031,-0.032,-0.7772,-5.0586,1.0723,0.4043
332493,0.5006,-0.033,-0.7772,-4.7793,0.7793,0.4102
332516,0.4934,-0.0345,-0.7772,-4.2402,0.5605,0.4961
332539,0.4889,-0.0262,-0.7772,-3.6992,0.2832,0.7227
332562,0.4883,-0.0182,-0.7772,-3.4062,0.1973,0.916
332585,0.5048,-0.0183,-0.7773,-3.1562,0.3008,1.2109
332608,0.5549,-0.0187,-0.7797,-3.166,0.541,1.3594
332631,0.5518,-0.0227,-0.8038,-3.5195,1.0684,1.3984
332654,0.5209,-0.0199,-0.7762,-4.2812,1.6074,1.1699
332677,0.5093,-0.0181,-0.7777,-4.9238,1.8965,0.9102
332700,0.5238,-0.0186,-0.7771,-5.877,2.1621,0.4629
332723,0.5336,-0.0188,-0.7775,-6.3867,2.209,0.1699
332746,0.5303,-0.0212,-0.7802,-6.8418,2.082,-0.2305
332769,0.5171,-0.0194,-0.777,-6.8926,1.7461,-0.5488
332792,0.5065,-0.0183,-0.7772,-6.707,1.4316,-0.6836
332815,0.5085,-0.0182,-0.7772,-6.1152,0.8867,-0.7441
332838,0.5114,-0.0186,-0.7773,-5.5508,0.5312,-0.6992
332861,0.5276,-0.0188,-0.7773,-4.5664,0.1191,-0.5664
332884,0.5316,-0.0239,-0.7773,-3.5918,-0.0547,-0.4629
332907,0.5403,-0.0258,-0.7773,-3.0312,-0.0312,-0.4453
332930,0.5361,-0.028,-0.7771,-2.3926,0.1523,-0.5
332953,0.5459,-0.0273,-0.7772,-2.1172,0.3145,-0.5723
332976,0.5504,-0.0322,-0.7775,-1.9199,0.5176,-0.6953
332999,0.545,-0.0344,-0.7772,-1.9316,0.5684,-0.7734
333022,0.5321,-0.0306,-0.7772,-2.1523,0.459,-0.8633
333045,0.5159,-0.0248,-0.7772,-2.543,0.1387,-0.8672
333068,0.5135,-0.0221,-0.7773,-2.8418,-0.1738,-0.7949
333091,0.5046,-0.0201,-0.7772,-3.2754,-0.7637,-0.5547
333114,0.4966,-0.0184,-0.7772,-3.5312,-1.2109,-0.3184
333137,0.504,-0.0189,-0.7772,-3.8398,-1.8652,0.0957
333160,0.5132,-0.0237,-0.7773,-4.0762,-2.3672,0.4785
333183,0.5291,-0.0264,-0.7773,-4.2305,-2.5547,0.6484
333206,0.5507,-0.0315,-0.7772,-4.5195,-2.5664,0.6953
333229,0.5339,-0.0293,-0.7772,-4.7637,-2.4082,0.5801
333252,0.5167,-0.0211,-0.7771,-5.1816,-2.0117,0.252
333275,0.501,-0.0182,-0.7772,-5.541,-1.5371,-0.1055
333298,0.5093,-0.0186,-0.7772,-5.6836,-1.2188,-0.2852
333321,0.5181,-0.0181,-0.7773,-5.7168,-0.7754,-0.4355
333344,0.5198,-0.0186,-0.7773,-5.6406,-0.5176,-0.4707
333367,0.5249,-0.0184,-0.7772,-5.4336,-0.2129,-0.4687
333390,0.5256,-0.019,-0.7772,-5.2637,-0.084,-0.4512
333413,0.5076,-0.0212,-0.7771,-4.9727,-0.0312,-0.416
333436,0.5073,-0.0195,-0.7772,-4.6289,-0.123,-0.3848
333459,0.5251,-0.0217,-0.7772,-4.3691,-0.2246,-0.3789
333482,0.5333,-0.0256,-0.7775,-3.9805,-0.4023,-0.4336
333505,0.5337,-0.0205,-0.7794,-3.7832,-0.5254,-0.5273
333528,0.5205,-0.0181,-0.7769,-3.6582,-0.7148,-0.7402
333551,0.5117,-0.0186,-0.7772,-3.7168,-0.9082,-0.9609
333574,0.5103,-0.0187,-0.7772,-3.7949,-1.0059,-1.0742
333597,0.5095,-0.0188,-0.7772,-3.8633,-1.0332,-1.1719
333620,0.5234,-0.0233,-0.7772,-3.8359,-0.9238,-1.1992
333643,0.5336,-0.0297,-0.7773,-3.6758,-0.5449,-1.2285
333666,0.536,-0.0288,-0.7773,-3.4375,0.0,-1.2793
333689,0.525,-0.028,-0.7772,-3.2812,0.3496,-1.3184
333712,0.5317,-0.0232,-0.7772,-3.1152,0.7285,-1.3535
333735,0.5382,-0.0219,-0.7773,-3.0703,0.8555,-1.3418
333758,0.5278,-0.0269,-0.7773,-3.1152,0.8594,-1.2695
333781,0.5151,-0.0206,-0.7771,-3.2266,0.752,-1.1133
333804,0.5109,-0.0178,-0.7773,-3.4785,0.4551,-0.9531
333827,0.5232,-0.0189,-0.7775,-3.7695,0.0469,-0.6348
333850,0.5265,-0.0186,-0.7772,-3.9668,-0.2539,-0.4004
333873,0.5033,-0.0181,-0.7772,-4.25,-0.709,-0.0762
333896,0.4972,-0.0164,-0.7772,-4.4043,-0.9746,0.1035
333919,0.5199,-0.0179,-0.7773,-4.5273,-1.2461,0.2969
333942,0.531,-0.0182,-0.7773,-4.4863,-1.3457,0.3418
333965,0.5184,-0.0198,-0.7772,-4.3691,-1.3359,0.2539
333988,0.5138,-0.0221,-0.7771,-4.0723,-1.2207,-0.0547
334011,0.532,-0.0304,-0.7772,-3.7969,-1.0762,-0.3613
334034,0.5326,-0.0366,-0.7772,-3.293,-0.7891,-0.918
334057,0.5411,-0.038,-0.7773,-2.7715,-0.5,-1.502
334080,0.5411,-0.0388,-0.7773,-2.4805,-0.3535,-1.8555
334103,0.5312,-0.03,-0.7771,-2.2246,-0.2695,-2.2402
334126,0.5035,-0.0214,-0.7772,-2.1973,-0.3145,-2.3496
334149,0.5048,-0.0183,-0.7772,-2.3555,-0.4785,-2.2285
334172,0.5264,-0.0186,-0.7777,-2.5645,-0.6113,-1.7988
334195,0.5314,-0.0194,-0.7817,-3.0059,-0.7949,-1.416
334218,0.5139,-0.0189,-0.7765,-3.5352,-0.9336,-0.8223
334241,0.5055,-0.0215,-0.7775,-3.8594,-0.9922,-0.4668
334264,0.5144,-0.0303,-0.7771,-4.1758,-1.0273,-0.0371
334287,0.5249,-0.0374,-0.7772,-4.2305,-1.0117,0.1602
334310,0.531,-0.0344,-0.7773,-4.1191,-0.9336,0.2988
334333,0.5258,-0.0247,-0.7773,-3.9219,-0.8027,0.2695
334356,0.5215,-0.0171,-0.7772,-3.834,-0.6914,0.1875
334379,0.5234,-0.0177,-0.7775,-3.8418,-0.4922,0.0312
334402,0.5234,-0.0179,-0.7772,-3.9473,-0.3437,-0.0723
334425,0.5319,-0.0188,-0.7773,-4.2227,-0.1328,-0.2148
334448,0.5309,-0.0229,-0.7772,-4.5586,-0.0039,-0.3496
334471,0.5165,-0.0247,-0.7771,-4.7578,0.002,-0.4336
334494,0.519,-0.0251,-0.7772,-4.9238,-0.127,-0.5391
334517,0.5114,-0.0292,-0.7772,-4.9004,-0.293,-0.5859
334540,0.5145,-0.0278,-0.7772,-4.6504,-0.6191,-0.6211
334563,0.524,-0.0277,-0.7773,-4.377,-0.9668,-0.6406
334586,0.5358,-0.0322,-0.7773,-3.9141,-1.168,-0.6602
334609,0.5284,-0.0342,-0.7771,-3.5352,-1.3867,-0.7109
334632,0.5121,-0.0242,-0.7772,-3.3828,-1.4609,-0.7422
334655,0.5116,-0.0186,-0.7775,-3.3203,-1.4668,-0.7305
334678,0.516,-0.0229,-0.7772,-3.3887,-1.4121,-0.6621
334701,0.5348,-0.0187,-0.7773,-3.6582,-1.2715,-0.4805
334724,0.5219,-0.0184,-0.778,-4.0898,-1.1016,-0.252
334747,0.501,-0.0172,-0.7771,-4.416,-0.9844,-0.0918
334770,0.5012,-0.0168,-0.7773,-4.8516,-0.7832,0.1562
334793,0.511,-0.0186,-0.7772,-5.0352,-0.6328,0.3086
334816,0.5237,-0.0208,-0.7773,-5.082,-0.4141,0.459
334839,0.5253,-0.0271,-0.7773,-4.8496,-0.2324,0.4355
334862,0.5378,-0.0372,-0.7772,-4.5703,-0.1406,0.3008
334885,0.5481,-0.0394,-0.7775,-4.0566,-0.0742,-0.0645
334908,0.5342,-0.036,-0.7771,-3.7129,-0.1035,-0.3789
334931,0.519,-0.0253,-0.7773,-3.2891,-0.2637,-0.8535
334954,0.506,-0.0205,-0.7772,-3.1074,-0.5254,-1.1934
334977,0.5085,-0.0182,-0.7772,-3.0176,-0.7207,-1.293
335000,0.5098,-0.0186,-0.7775,-3.1348,-0.9785,-1.2402
335023,0.5149,-0.0189,-0.7773,-3.3164,-1.1074,-1.0957
335046,0.5194,-0.0206,-0.7772,-3.707,-1.2305,-0.7852
335069,0.5127,-0.0198,-0.7772,-4.0137,-1.2715,-0.5625
335092,0.5109,-0.022,-0.7773,-4.4512,-1.2734,-0.2578
335115,0.5189,-0.0265,-0.7773,-4.7773,-1.1992,-0.0449
335138,0.54,-0.0272,-0.7773,-4.9082,-1.1094,0.0215
335161,0.5333,-0.0247,-0.7773,-4.9824,-0.9336,-0.0195
335184,0.5128,-0.0186,-0.7771,-4.9727,-0.8125,-0.1211
335207,0.5115,-0.0184,-0.7772,-4.9023,-0.6426,-0.3184
335230,0.51,-0.0184,-0.7773,-4.7773,-0.5098,-0.4824
335253,0.5134,-0.0192,-0.7772,-4.6758,-0.4492,-0.5527
335276,0.5192,-0.02,-0.7773,-4.5059,-0.4141,-0.6055
335299,0.5258,-0.021,-0.7773,-4.3926,-0.4316,-0.6211
335322,0.5312,-0.0238,-0.7773,-4.2461,-0.5527,-0.6348
335345,0.5264,-0.0276,-0.7772,-4.1855,-0.8574,-0.6621
335368,0.511,-0.0244,-0.7775,-4.1758,-1.2188,-0.6836
335391,0.4816,-0.025,-0.7793,-4.2773,-2.041,-0.6797
335414,0.4935,-0.0167,-0.7767,-4.3887,-2.7051,-0.627
335437,0.5156,-0.0176,-0.7773,-4.541,-3.6172,-0.4766
335460,0.5269,-0.0203,-0.7773,-4.582,-4.0156,-0.3633
335483,0.5093,-0.0194,-0.7771,-4.5312,-4.1484,-0.2402
335506,0.4993,-0.0204,-0.7772,-4.3496,-3.6797,-0.2031
335529,0.5233,-0.0302,-0.7773,-4.1602,-3.0762,-0.2227
335552,0.5258,-0.033,-0.7772,-3.8203,-1.9277,-0.3223
335575,0.5065,-0.0276,-0.7772,-3.5957,-1.1328,-0.4219
335598,0.5146,-0.022,-0.7772,-3.332,-0.082,-0.5703
335621,0.5325,-0.0234,-0.7775,-3.2246,0.6426,-0.6582
335644,0.5231,-0.021,-0.7772,-3.2754,0.8672,-0.668
335667,0.5035,-0.0193,-0.7772,-3.5703,0.7637,-0.5937
335690,0.4973,-0.0184,-0.7772,-3.8867,0.4297,-0.4766
335713,0.4884,-0.0177,-0.7772,-4.4375,-0.3066,-0.1992
335736,0.5,-0.0184,-0.7773,-4.9297,-1.0723,0.1504
335759,0.5204,-0.0186,-0.7773,-5.1738,-1.4727,0.373
335782,0.517,-0.019,-0.7772,-5.3887,-1.8145,0.6016
335805,0.5165,-0.0232,-0.7773,-5.4375,-1.8613,0.6523
335828,0.5195,-0.0271,-0.7772,-5.4023,-1.7031,0.5762
335851,0.5217,-0.0283,-0.7772,-5.3301,-1.4941,0.4512
335874,0.5137,-0.0216,-0.7772,-5.1816,-1.0918,0.2129
335897,0.506,-0.0181,-0.7772,-5.0137,-0.6543,0.0059
335920,0.5168,-0.0175,-0.7775,-4.9062,-0.3789,-0.0762
335943,0.5157,-0.0182,-0.7772,-4.8086,-0.041,-0.0977
335966,0.5143,-0.0178,-0.7773,-4.8145,0.0918,-0.0547
335989,0.5033,-0.0186,-0.7772,-4.9355,0.0937,0.0801
336012,0.5061,-0.0184,-0.7772,-5.1348,-0.1484,0.2637
336035,0.4946,-0.0187,-0.7772,-5.2539,-0.4023,0.3945
336058,0.5089,-0.0193,-0.7773,-5.3223,-0.8164,0.5742
336081,0.5186,-0.0188,-0.7773,-5.2754,-1.0586,0.6523
336104,0.5122,-0.0201,-0.7773,-5.0957,-1.2969,0.6562
336127,0.5148,-0.02,-0.7772,-4.8477,-1.3418,0.5039
336150,0.5243,-0.0231,-0.7773,-4.6758,-1.2578,0.3281
336173,0.5243,-0.0197,-0.7773,-4.4434,-1.002,-0.0039
336196,0.5227,-0.0189,-0.7772,-4.3262,-0.7871,-0.2344
336219,0.5083,-0.0186,-0.7772,-4.2246,-0.4727,-0.5332
336242,0.4851,-0.0182,-0.7772,-4.1992,-0.2969,-0.6641
336265,0.489,-0.0182,-0.7772,-4.1855,-0.0918,-0.709
336288,0.5126,-0.0197,-0.7773,-4.1738,0.0527,-0.5859
336311,0.5212,-0.0197,-0.7773,-4.1738,0.127,-0.4492
336334,0.5165,-0.0183,-0.7772,-4.2207,0.2148,-0.2402
336357,0.5283,-0.0184,-0.7773,-4.293,0.2676,-0.1289
336380,0.5181,-0.0184,-0.7771,-4.4512,0.3457,-0.0273
336403,0.5024,-0.0181,-0.7773,-4.6113,0.4336,0.0078
336426,0.5002,-0.0184,-0.7772,-4.6758,0.5078,0.0156
336449,0.5212,-0.0187,-0.7773,-4.6699,0.6465,0.0273
336472,0.5236,-0.0184,-0.7773,-4.6016,0.7461,0.0234
336495,0.517,-0.0184,-0.7772,-4.4355,0.875,-0.0293
336518,0.5137,-0.019,-0.7772,-4.248,0.9609,-0.1465
336541,0.5254,-0.0183,-0.7773,-4.1348,0.998,-0.2559
336564,0.5333,-0.0184,-0.7773,-4.0137,1.0195,-0.4512
336587,0.5271,-0.0179,-0.7788,-3.9883,0.9922,-0.5937
336610,0.5219,-0.0184,-0.7793,-4.0527,0.877,-0.7988
336633,0.5127,-0.0176,-0.7767,-4.1562,0.7559,-0.9492
336656,0.5032,-0.0181,-0.7773,-4.3145,0.5469,-0.998
336679,0.5229,-0.0188,-0.7772,-4.3633,0.377,-0.9883
336702,0.5417,-0.0184,-0.7775,-4.3203,0.3008,-0.9492
336725,0.5338,-0.02,-0.7772,-4.1738,0.2207,-0.9141
336748,0.5115,-0.0193,-0.7771,-4.0488,0.1738,-0.9238
336771,0.5128,-0.0183,-0.7772,-3.8262,0.1094,-0.9707
336794,0.516,-0.0197,-0.7772,-3.5781,0.0508,-1.0234
336817,0.5261,-0.0197,-0.7773,-3.4238,0.0,-1.0488
336840,0.528,-0.0197,-0.7773,-3.2891,-0.127,-1.0781
336863,0.5195,-0.0183,-0.7771,-3.2988,-0.2559,-1.0898
336886,0.5151,-0.0179,-0.7772,-3.459,-0.4805,-1.0762
336909,0.5199,-0.0184,-0.7775,-3.7227,-0.6797,-1.0117
336932,0.5267,-0.0184,-0.7772,-3.9141,-0.7793,-0.9473
336955,0.5383,-0.0184,-0.7772,-4.1953,-0.8594,-0.8574
336978,0.5337,-0.0184,-0.7772,-4.3633,-0.873,-0.8203
337001,0.5126,-0.0182,-0.7772,-4.5508,-0.873,-0.7969
337024,0.5078,-0.0137,-0.7772,-4.623,-0.8906,-0.7734
337047,0.5084,-0.0063,-0.7775,-4.6602,-1.002,-0.7402
337070,0.5194,-0.0112,-0.7944,-4.6758,-1.3125,-0.6719
337093,0.5018,-0.0037,-0.7836,-4.7363,-1.7051,-0.6387
337116,0.525,-0.0159,-0.7924,-4.9336,-2.6289,-0.6758
337139,0.5188,-0.0177,-0.7852,-5.125,-3.4531,-0.8223
337162,0.4897,-0.0087,-0.7758,-5.4512,-4.9355,-1.3438
337185,0.4777,0.004,-0.7777,-5.7441,-6.5605,-2.293
337208,0.4805,0.0122,-0.7983,-5.9199,-7.6387,-3.1719
337231,0.4973,0.0134,-0.8398,-6.2637,-9.1816,-4.8848
337254,0.4838,0.0225,-0.7793,-6.6172,-10.1484,-6.291
337277,0.4033,0.0344,-0.7773,-7.3184,-11.4687,-8.7207
337300,0.3759,0.0353,-0.7772,-8.1074,-12.543,-11.334
337323,0.376,0.0499,-0.7688,-8.6914,-13.1367,-13.1152
337346,0.3818,0.0847,-0.7648,-9.8516,-14.002,-15.9199
337369,0.4421,0.0999,-0.8706,-11.002,-14.6699,-17.998
337392,0.4563,0.1211,-0.9154,-13.6738,-16.002,-21.6387
337415,0.4238,0.1216,-0.9135,-16.2012,-17.8008,-25.9336
337438,0.4486,0.1224,-0.8901,-20.9258,-19.1484,-29.0156
337461,0.4923,0.1163,-0.8566,-26.0703,-21.1855,-33.5859
337484,0.4863,0.1078,-0.8199,-29.2188,-22.4648,-36.3418
337507,0.4862,0.0967,-0.7787,-32.7422,-24.002,-39.5898
337530,0.5204,0.0967,-0.7772,-33.9434,-24.4863,-40.9648
337553,0.4583,0.1083,-0.7783,-33.793,-23.9258,-41.6953
337576,0.3794,0.165,-0.7766,-31.5938,-21.6309,-40.8301
337599,0.3276,0.2085,-0.736,-29.3242,-19.2012,-39.4355
337622,0.3223,0.2626,-0.6873,-25.3789,-14.4199,-36.4512
337645,0.4069,0.2935,-0.6888,-22.8516,-10.668,-34.2461
337668,0.4182,0.296,-0.7485,-20.1074,-4.5879,-31.4844
337691,0.4342,0.2919,-0.8845,-19.6699,1.6074,-30.2871
337714,0.3907,0.2831,-0.8534,-21.0469,5.5508,-30.5352
337737,0.2969,0.3003,-0.6725,-25.3789,10.8789,-32.002
337760,0.2389,0.3042,-0.6606,-29.1641,14.0332,-33.1367
337783,0.2371,0.3129,-0.7054,-35.0488,18.207,-34.1289
337806,0.3533,0.3179,-0.7855,-40.2109,21.4629,-33.7793
337829,0.3685,0.3296,-0.7803,-43.623,22.9531,-32.9531
337852,0.3469,0.3673,-0.735,-47.791,24.1719,-31.4063
337875,0.3611,0.4031,-0.6703,-50.0488,24.5098,-30.5195
337898,0.3752,0.4109,-0.7183,-52.4141,24.8008,-29.8906
337921,0.373,0.4196,-0.7778,-53.248,25.0742,-30.1152
337944,0.376,0.4254,-0.7766,-53.4121,25.6777,-31.4727
337967,0.3564,0.4407,-0.7653,-52.2793,26.1074,-33.7559
337990,0.3033,0.4662,-0.6572,-50.6875,25.957,-35.4648
338013,0.2816,0.476,-0.6322,-46.7461,24.666,-37.6836
338036,0.2896,0.4591,-0.6542,-42.998,22.9395,-38.5957
338059,0.2556,0.4636,-0.6212,-35.9023,18.877,-38.7148
338082,0.188,0.4629,-0.5791,-27.6621,13.1934,-37.1191
338105,0.2178,0.4723,-0.5533,-21.9668,8.9102,-35.1406
338128,0.2622,0.4709,-0.5491,-13.8535,2.6562,-31.1934
338151,0.2739,0.4698,-0.5961,-9.168,-0.875,-28.2695
338174,0.2892,0.4869,-0.649,-3.9023,-4.5742,-24.0762
338197,0.2985,0.5153,-0.6351,-1.252,-6.1719,-20.6563
338220,0.3387,0.5267,-0.6106,-0.9395,-6.2598,-18.9746
338243,0.3964,0.5239,-0.6412,-2.2344,-5.4219,-17.4375
338266,0.3514,0.525,-0.7238,-3.9258,-4.5215,-16.9922
338289,0.2838,0.5505,-0.6495,-7.0469,-3.041,-16.7617
338312,0.301,0.5463,-0.6301,-9.1035,-2.0586,-16.541
338335,0.3254,0.5476,-0.657,-11.543,-0.6543,-15.6387
338358,0.2781,0.5308,-0.6576,-12.832,0.5176,-13.8711
338381,0.2571,0.5157,-0.6312,-13.0332,1.1172,-12.2793
338404,0.2886,0.5127,-0.611,-12.5527,1.7559,-9.5508
338427,0.2936,0.5205,-0.6,-11.9062,2.0,-7.7187
338450,0.2908,0.5293,-0.6357,-10.8105,2.0625,-5.3105
338473,0.2754,0.5292,-0.6288,-9.9512,1.7188,-3.6465
338496,0.2769,0.5217,-0.5876,-9.6562,1.2285,-3.0605
338519,0.2952,0.5255,-0.6307,-9.7324,0.0937,-2.9922
338542,0.2593,0.5458,-0.6427,-10.1289,-0.9629,-3.4336
338565,0.2336,0.5637,-0.6232,-11.1543,-3.1094,-4.6621
338588,0.2262,0.5751,-0.6127,-12.5391,-5.9824,-6.2969
338611,0.2335,0.5667,-0.6,-13.5625,-8.2246,-7.4531
338634,0.2209,0.5525,-0.6183,-15.1152,-11.793,-9.043
338657,0.1908,0.5459,-0.6069,-16.1074,-14.0898,-9.8809
338680,0.1942,0.5352,-0.5502,-17.4805,-17.0684,-10.6543
338703,0.1975,0.5554,-0.4976,-18.3008,-18.5938,-10.791
338726,0.2681,0.6309,-0.6781,-19.3945,-20.1777,-10.3691
338749,0.1066,0.6436,-0.6466,-20.4199,-21.957,-9.2383
338772,0.1543,0.5663,-0.5914,-21.1758,-24.0879,-8.2187
338795,0.1222,0.5132,-0.5438,-22.5156,-28.8848,-6.5312
338818,0.1249,0.5839,-0.5903,-23.5039,-32.5859,-5.4043
338841,0.1488,0.6329,-0.6136,-24.916,-37.4219,-3.7988
338864,0.1298,0.7277,-0.6536,-25.8652,-39.793,-2.2812
338887,0.1985,0.6409,-0.584,-26.0352,-39.5156,-1.2969
338910,0.1266,0.5942,-0.5198,-25.4785,-36.3652,0.1035
338933,0.1654,0.613,-0.5712,-24.625,-32.7188,0.918
338956,0.1317,0.6184,-0.5487,-22.7891,-25.6172,1.7813
338979,0.1259,0.6189,-0.5369,-20.4082,-17.4043,2.0547
339002,0.1488,0.6035,-0.5599,-18.5469,-11.7363,1.8984
339025,0.1533,0.6244,-0.5739,-15.3672,-3.6328,1.3223
339048,0.1538,0.6104,-0.5823,-13.0137,1.0918,0.8477
339071,0.1232,0.6042,-0.5978,-9.2383,6.6211,0.2051
339094,0.1422,0.605,-0.5916,-6.668,9.0684,-0.1641
339117,0.1688,0.6147,-0.5635,-2.9844,10.6855,-0.1758
339140,0.2025,0.6094,-0.5674,0.1562,9.9316,0.252
339163,0.1412,0.6121,-0.6127,1.7734,8.4609,0.8418
339186,0.1774,0.5913,-0.6145,3.2969,5.6387,2.0469
339209,0.1885,0.6135,-0.5868,3.6406,3.791,2.918
339232,0.1798,0.6143,-0.5747,3.0918,1.5566,4.0332
339255,0.1515,0.606,-0.5806,1.2988,0.207,4.5762
339278,0.1476,0.6123,-0.5557,-0.502,-0.1523,4.4922
339301,0.2018,0.6229,-0.5348,-3.8281,0.0547,3.6641
339324,0.1495,0.6138,-0.5542,-6.2324,0.5645,2.7148
339347,0.1179,0.6161,-0.5487,-9.666,1.6016,0.9219
339370,0.1632,0.6241,-0.5424,-12.3633,2.5273,-0.9648
339393,0.1571,0.6162,-0.5299,-13.5195,2.8184,-2.0605
339416,0.1777,0.6101,-0.5933,-14.0684,2.5625,-3.1621
339439,0.1483,0.6027,-0.5802,-13.5996,1.957,-3.3984
339462,0.1726,0.6127,-0.5729,-11.7402,0.6523,-2.9004
339485,0.1788,0.6351,-0.5565,-9.8906,-0.7441,-1.3789
339508,0.223,0.6152,-0.5911,-6.6426,-1.2148,0.1094
339531,0.1772,0.6085,-0.6058,-3.5293,-1.4375,2.7187
339554,0.1812,0.6108,-0.5675,-1.9336,-1.168,4.4297
339577,0.1901,0.6173,-0.5555,-0.709,-0.4121,6.4414
339600,0.1749,0.6228,-0.5542,-0.7891,0.1094,7.1719
339623,0.1838,0.6216,-0.5212,-2.1895,0.5859,7.1445
339646,0.1863,0.6284,-0.5099,-4.752,0.4277,5.7539
339669,0.193,0.6144,-0.5303,-6.791,-0.0645,4.1719
339692,0.1119,0.6266,-0.538,-9.7637,-1.2031,1.1152
339715,0.1338,0.6317,-0.5575,-11.332,-2.0547,-1.125
339738,0.1324,0.6166,-0.536,-12.5645,-3.1348,-4.2871
339761,0.1492,0.6191,-0.5502,-12.1074,-3.6973,-6.6406
339784,0.1681,0.6091,-0.5537,-10.8223,-3.6816,-7.4707
339807,0.1991,0.6167,-0.5573,-7.6113,-2.9941,-7.3281
339830,0.167,0.6223,-0.5948,-4.8457,-2.1289,-6.2734
339853,0.1862,0.615,-0.6078,-0.334,-0.3887,-3.4727
339876,0.1919,0.6132,-0.5894,2.5273,1.3848,0.1836
339899,0.1873,0.608,-0.5895,5.9355,2.5332,2.6543
339922,0.176,0.6135,-0.5658,7.6855,3.457,5.7617
339945,0.1852,0.6053,-0.5625,7.7637,3.5977,7.1641
339968,0.2361,0.6147,-0.5616,6.3008,3.1934,8.0625
339991,0.1842,0.6154,-0.5503,4.4316,2.5859,7.877
340014,0.1432,0.5981,-0.5695,0.7148,1.2285,6.5508
340037,0.2344,0.585,-0.5585,-3.4746,-0.6211,4.209
340060,0.1877,0.6165,-0.5134,-6.1543,-2.125,2.2793
340083,0.0881,0.6466,-0.559,-9.4492,-4.6699,-0.7324
340106,0.1594,0.5919,-0.6053,-10.8945,-6.3516,-2.5566
340129,0.1362,0.6063,-0.5713,-11.6484,-8.373,-4.7012
340152,0.1013,0.6505,-0.5186,-10.6504,-9.3125,-5.8477
340175,0.1979,0.6124,-0.5836,-9.1406,-9.168,-5.9219
340198,0.1901,0.5999,-0.5985,-6.0488,-7.6641,-4.9316
340221,0.2201,0.6071,-0.5637,-3.7656,-5.8359,-3.625
340244,0.1782,0.6072,-0.5732,-0.5625,-2.2676,-1.0918
340267,0.1637,0.6088,-0.5499,1.1582,1.4141,1.4473
340290,0.1816,0.613,-0.5669,2.8105,3.4473,2.7812
340313,0.1902,0.5908,-0.5659,3.252,5.3828,3.8945
340336,0.163,0.6071,-0.5573,2.9609,5.8027,3.9707
340359,0.1587,0.6134,-0.5525,1.9707,5.1738,3.1816
340382,0.1456,0.5959,-0.5947,1.1855,4.0898,2.1992
340405,0.1599,0.5828,-0.6202,0.2285,1.9395,0.4043
340428,0.177,0.5936,-0.6224,-0.1074,-0.2695,-1.2832
340451,0.1906,0.582,-0.6177,0.1133,-1.5098,-2.0957
340474,0.1774,0.5917,-0.6179,1.0508,-2.7793,-2.6133
340497,0.1776,0.5978,-0.6024,1.9355,-3.2012,-2.4687
340520,0.1644,0.5981,-0.5801,3.2949,-3.3848,-1.668
340543,0.1564,0.5947,-0.5743,4.2383,-3.4531,-0.4863
340566,0.1642,0.58,-0.562,4.4531,-3.6816,0.3301
340589,0.1641,0.5906,-0.5657,4.0937,-4.5332,1.4199
340612,0.1713,0.5885,-0.5602,3.5059,-5.4355,2.002
340635,0.166,0.578,-0.5917,2.4629,-7.0684,2.627
340658,0.1481,0.576,-0.618,1.9023,-8.623,2.957
340681,0.1638,0.5729,-0.6489,1.6172,-9.4316,3.0215
340704,0.1638,0.5684,-0.6311,2.2129,-10.2109,2.9102
340727,0.1494,0.5631,-0.6656,3.0879,-10.4023,2.7148
340750,0.1499,0.5635,-0.6573,4.918,-10.0625,2.3008
340773,0.1401,0.5695,-0.6401,6.3105,-9.3672,2.0039
340796,0.1449,0.5776,-0.6528,8.3125,-7.7012,1.6426
340819,0.1493,0.6008,-0.6321,9.8301,-5.6328,1.5469
340842,0.1512,0.6289,-0.5875,10.4004,-4.2852,1.707
340865,0.1848,0.5778,-0.6046,10.4102,-2.5703,2.332
340888,0.1958,0.5787,-0.5544,9.7363,-1.7637,2.9863
340911,0.1799,0.5837,-0.6012,7.5586,-1.2598,4.2129
340934,0.155,0.6245,-0.5996,4.1348,-1.3926,5.5996
340957,0.113,0.6289,-0.6423,1.4238,-1.5527,6.6191
340980,0.1063,0.6,-0.7821,-2.7773,-1.4453,8.4668
341003,0.1719,0.606,-0.8265,-5.3437,-0.9531,9.9941
341026,0.2068,0.5967,-0.7896,-8.0234,0.4297,12.6562
341049,0.2106,0.5574,-0.7754,-7.8926,2.3437,15.459
341072,0.2096,0.5009,-0.7776,-5.4922,3.7539,17.2344
341095,0.2521,0.4543,-0.7756,2.209,5.6797,19.5195
341118,0.3544,0.4065,-0.7775,10.0332,6.4902,20.6523
341141,0.3771,0.3768,-0.8108,25.0449,6.3672,21.625
341164,0.332,0.3558,-0.7821,36.5215,5.2227,21.9063
341187,0.2902,0.3624,-0.7777,54.6523,2.332,22.457
341210,0.2799,0.337,-0.8696,63.998,-0.7656,24.2891
341233,0.2766,0.2815,-0.9648,63.998,-2.4297,26.7148
341256,0.3143,0.2412,-1.0214,63.998,-4.2676,32.3418
341279,0.2736,0.1998,-0.994,63.998,-5.3027,37.1777
341302,0.2708,0.1515,-0.9601,63.998,-6.8887,45.2344
341325,0.2971,0.0925,-0.97,63.998,-8.5918,53.0547
341348,0.3286,0.0259,-0.9843,63.998,-9.8535,57.5039
341371,0.3402,-0.031,-0.9705,63.998,-12.0352,62.3105
341394,0.3553,-0.0815,-0.9456,63.998,-13.6016,63.998
341417,0.3928,-0.1323,-0.9492,63.998,-15.8027,63.998
341440,0.4036,-0.1803,-0.8986,63.998,-17.6465,62.4922
341463,0.3965,-0.2142,-0.8322,63.998,-18.6484,60.418
341486,0.3739,-0.2523,-0.7738,63.998,-19.6797,56.9023
341509,0.3712,-0.2919,-0.7783,63.998,-19.9707,54.7656
341532,0.3549,-0.3102,-0.7771,63.998,-19.8984,52.5605
341555,0.325,-0.3239,-0.7772,63.998,-19.6973,52.0332
341578,0.301,-0.345,-0.7568,63.998,-19.4902,52.8691
341601,0.257,-0.3491,-0.7059,63.998,-19.4336,55.5742
341624,0.2271,-0.3523,-0.7029,62.2695,-19.3496,58.2148
341647,0.2155,-0.343,-0.7336,53.6582,-18.916,62.9805
341670,0.1893,-0.3373,-0.7821,47.4844,-18.3496,63.998
341693,0.1495,-0.3217,-0.7748,37.6211,-17.123,63.998
341716,0.1394,-0.3213,-0.7583,27.2402,-15.584,63.998
341739,0.1451,-0.3197,-0.7361,20.2559,-14.4043,63.998
341762,0.1256,-0.2971,-0.7805,10.084,-12.2695,63.998
341785,0.0676,-0.2627,-0.8135,3.6836,-10.5586,63.998
341808,0.0364,-0.2435,-0.9061,-5.1914,-7.666,63.998
341831,0.0229,-0.2185,-0.8734,-13.041,-4.5937,63.998
341854,0.0112,-0.2018,-0.8987,-17.5664,-2.5957,63.998
341877,-0.0192,-0.2175,-0.9442,-23.084,0.0098,63.998
341900,0.0287,-0.2189,-0.949,-25.8594,1.2695,63.998
341923,0.0747,-0.2394,-0.9293,-28.6992,2.0195,63.998
341946,0.0999,-0.2515,-0.9397,-29.75,1.5625,63.998
341969,0.0453,-0.2594,-0.9601,-30.1602,-0.5,63.998
341992,-0.0146,-0.2493,-0.9901,-29.3418,-3.4902,56.707
342015,0.0317,-0.2511,-0.9774,-28.25,-5.4766,51.9141
342038,0.1066,-0.2637,-0.9563,-26.0469,-8.0234,45.4531
342061,0.0605,-0.2769,-0.9539,-24.3262,-9.4434,41.8184
342084,0.0367,-0.2734,-0.9391,-21.5313,-11.2266,37.5898
342107,0.0223,-0.2734,-0.9606,-18.6406,-12.4961,35.0156
342130,-0.0282,-0.2834,-0.9637,-16.7656,-13.0117,34.2461
342153,0.0358,-0.2766,-0.8848,-14.1699,-13.293,34.3574
342176,-0.0128,-0.2572,-0.8849,-12.6094,-13.1719,35.0645
342199,-0.0697,-0.2476,-0.9006,-10.5137,-12.4746,36.623
342222,-0.0039,-0.2538,-0.9235,-8.7637,-10.9551,38.2656
342245,0.0245,-0.2533,-0.9208,-7.8242,-9.4199,39.1465
342268,0.0388,-0.2603,-0.9093,-6.6992,-6.4023,39.9004
342291,0.0391,-0.2599,-0.8662,-6.0137,-3.9805,40.0078
342314,0.0045,-0.2625,-0.8252,-4.748,0.1152,39.7461
342337,-0.0455,-0.2601,-0.8484,-3.5703,4.5918,39.3066
342360,-0.0157,-0.257,-0.9559,-1.2227,7.9043,39.0313
342383,-0.0121,-0.215,-0.998,1.625,13.0586,38.4844
342406,0.0347,-0.173,-0.9614,3.7246,16.6367,37.7676
342429,0.1799,-0.2025,-0.868,7.3027,22.1719,35.5801
342452,0.1602,-0.298,-0.9268,10.084,25.959,33.0977
342475,0.2073,-0.3923,-0.9822,14.8633,32.127,27.6855
342498,0.1377,-0.2925,-0.8158,20.3027,39.1973,20.6094
342521,0.1183,-0.254,-0.8636,24.1992,44.0723,15.3887
342544,0.2169,-0.3,-1.0326,29.9473,50.082,7.498
342567,0.1533,-0.2874,-0.9105,33.2402,52.0176,2.5508
342590,0.057,-0.28,-0.6099,36.5703,50.4199,-3.8867
342613,-0.0479,-0.4192,-1.0682,37.0527,43.668,-8.7949
342636,0.1429,-0.2721,-0.9067,35.3008,36.9844,-11.2754
342659,0.0834,-0.2935,-0.9139,29.7559,24.6895,-14.4844
342682,0.1068,-0.3176,-0.9558,24.7715,15.6777,-16.832
342705,0.0531,-0.3344,-0.8896,16.8125,2.3906,-21.5391
342728,-0.0356,-0.3265,-0.7673,11.9766,-8.9746,-28.4453
342751,0.0969,-0.3252,-0.7208,6.3066,-14.9746,-34.5957
342774,0.0765,-0.3162,-0.7616,2.5937,-21.8867,-46.4648
342797,-0.0037,-0.2891,-0.682,0.7715,-25.5469,-56.0723
342820,-0.0275,-0.2576,-0.5973,-1.9492,-30.1738,-64.0
342843,0.0131,-0.2587,-0.5924,-4.3086,-32.9277,-64.0
342866,0.0809,-0.2609,-0.569,-9.4883,-36.9531,-64.0
342889,0.1829,-0.2589,-0.5116,-17.2559,-41.0547,-64.0
342912,0.2762,-0.226,-0.5149,-23.9668,-43.7813,-64.0
342935,0.3279,-0.1949,-0.6112,-36.1777,-47.6543,-64.0
342958,0.2839,-0.1958,-0.7686,-45.5527,-49.8711,-64.0
342981,0.2993,-0.1876,-0.8849,-60.9082,-51.9707,-64.0
343004,0.2887,-0.1245,-0.9545,-64.0,-51.8418,-64.0
343027,0.1711,0.0182,-1.0142,-64.0,-50.4531,-64.0
343050,0.0754,0.0575,-1.1322,-64.0,-47.2695,-64.0
343073,0.2552,0.1062,-1.051,-64.0,-45.5078,-64.0
343096,0.3647,0.1304,-1.1873,-64.0,-45.6758,-64.0
343119,0.0739,0.1624,-1.4493,-64.0,-50.6484,-64.0
343142,-0.1429,0.1782,-1.3145,-64.0,-56.125,-64.0
343165,-0.173,0.1777,-1.0314,-64.0,-64.0,-53.707
343188,-0.2324,0.1273,-1.0568,-64.0,-64.0,-35.9902
343211,-0.1729,0.1136,-1.1261,-41.3516,-64.0,-8.6543
343234,-0.0919,0.0781,-1.1833,-23.8691,-64.0,8.7109
343257,-0.1014,0.0642,-1.1744,1.4531,-52.582,31.1543
343280,-0.0344,0.0591,-1.1422,22.8867,-36.4863,47.3223
343303,-0.0228,0.041,-1.082,34.1797,-24.6172,54.1543
343326,-0.0077,0.0289,-0.9346,46.6348,-6.5234,58.7988
343349,-0.0442,0.0105,-0.8269,52.4043,5.2578,58.7246
343372,-0.0813,-0.0439,-0.8719,58.1563,22.3066,55.127
343395,-0.0072,-0.0901,-0.9154,60.918,38.3633,48.8262
343418,0.0964,-0.1503,-0.9785,61.0762,48.0,43.7617
343441,0.1595,-0.1948,-1.0084,58.6973,59.752,35.5098
343464,0.1722,-0.2135,-1.0034,55.5195,63.998,29.8926
343487,0.1802,-0.2284,-0.959,49.1172,63.998,21.9082
343510,0.1949,-0.2361,-0.9227,42.3809,63.998,15.2363
343533,0.2216,-0.2279,-0.9061,37.5684,63.998,11.8613
343556,0.2968,-0.2103,-0.9608,31.7637,63.998,8.5957
343579,0.2858,-0.1876,-0.9906,28.4805,63.998,7.5488
343602,0.2675,-0.1841,-0.9637,24.166,63.998,7.334
343625,0.2542,-0.1936,-0.9116,21.5898,61.1035,7.8398
343648,0.2439,-0.2139,-0.8436,18.2461,53.4297,9.1035
343671,0.2435,-0.2423,-0.8182,15.8027,45.4531,10.4141
343694,0.3003,-0.2621,-0.8347,14.7402,40.4492,11.0332
343717,0.3126,-0.2717,-0.8704,13.7441,33.6016,11.2129
343740,0.2932,-0.2791,-0.8853,13.207,29.4258,10.7012
343763,0.2954,-0.2743,-0.8601,12.1816,23.7363,9.0117
343786,0.3217,-0.2655,-0.8389,10.709,18.875,6.5137
343809,0.3184,-0.2596,-0.8466,9.5078,16.1875,4.6367
343832,0.3267,-0.2601,-0.8666,7.4746,13.0859,1.8633
343855,0.3296,-0.2549,-0.8757,6.0059,11.6328,0.2148
343878,0.3385,-0.2458,-0.8986,3.6836,10.2266,-1.7617
343901,0.3156,-0.2452,-0.894,1.3086,9.4863,-3.0527
343924,0.3364,-0.2477,-0.8978,-0.2109,9.2363,-3.5352
343947,0.3281,-0.2551,-0.8838,-2.1641,9.1074,-3.7852
343970,0.369,-0.2579,-0.8693,-3.1133,9.1016,-3.7227
343993,0.3704,-0.2604,-0.858,-3.8672,9.0176,-3.4844
344016,0.3593,-0.2631,-0.8438,-3.9258,8.8496,-3.332
344039,0.3494,-0.2695,-0.8129,-3.4785,8.4687,-3.2148
344062,0.3606,-0.2668,-0.7936,-2.6523,8.1172,-3.2578
344085,0.3499,-0.2621,-0.8319,-2.0742,7.9824,-3.3613
344108,0.3567,-0.2595,-0.8451,-1.4688,7.959,-3.5879
344131,0.3734,-0.2594,-0.8568,-1.375,8.0254,-3.7676
344154,0.3835,-0.2498,-0.8561,-1.7832,8.168,-4.0605
344177,0.3862,-0.2523,-0.8695,-2.7676,8.2285,-4.373
344200,0.3752,-0.2455,-0.8774,-3.623,8.1543,-4.5703
344223,0.3763,-0.2422,-0.8754,-4.9707,7.8164,-4.7871
344246,0.3785,-0.2416,-0.8621,-5.7637,7.4336,-4.8437
344269,0.3665,-0.2417,-0.8551,-6.584,6.6309,-4.7832
344292,0.3765,-0.2399,-0.8257,-6.8027,5.6387,-4.5605
344315,0.3666,-0.2473,-0.8292,-6.6035,4.9355,-4.3535
344338,0.3777,-0.2526,-0.8264,-5.8984,3.9336,-4.0254
344361,0.3757,-0.2493,-0.8589,-5.2812,3.3594,-3.8418
344384,0.3856,-0.2526,-0.8732,-4.3848,2.707,-3.6914
344407,0.4208,-0.2524,-0.8658,-3.9336,2.4355,-3.6953
344430,0.4047,-0.2533,-0.8657,-3.5625,2.2246,-3.8594
344453,0.3988,-0.252,-0.8464,-3.498,2.1309,-4.1465
344476,0.3896,-0.251,-0.8182,-3.543,2.0723,-4.334
344499,0.3745,-0.2445,-0.8053,-3.5996,1.916,-4.4922
344522,0.3772,-0.2473,-0.8079,-3.582,1.7617,-4.4668
344545,0.3964,-0.2521,-0.8192,-3.4766,1.5176,-4.207
344568,0.3917,-0.2529,-0.8495,-3.3848,1.3613,-3.7441
344591,0.3953,-0.251,-0.8375,-3.4121,1.3281,-3.3672
344614,0.3916,-0.2432,-0.8403,-3.6621,1.375,-2.7617
344637,0.3779,-0.2371,-0.85,-3.9746,1.4551,-2.3613
344660,0.3966,-0.235,-0.8298,-4.6309,1.6191,-1.8008
344683,0.3885,-0.2358,-0.835,-5.4102,1.8223,-1.3379
344706,0.3915,-0.2384,-0.853,-5.9395,1.9883,-1.1016
344729,0.3932,-0.2374,-0.8582,-6.6875,2.2949,-0.8711
344752,0.4039,-0.2352,-0.8505,-7.1172,2.5098,-0.8008
344775,0.3955,-0.2297,-0.833,-7.5742,2.7363,-0.8008
344798,0.3771,-0.2256,-0.8363,-7.6973,2.7793,-0.8789
344821,0.4033,-0.2228,-0.8306,-7.5566,2.6699,-0.9492
344844,0.3978,-0.2278,-0.8345,-7.0547,2.3711,-1.0645
344867,0.4,-0.2318,-0.8468,-6.5742,2.0918,-1.1543
344890,0.4197,-0.2366,-0.8596,-5.7637,1.5723,-1.3145
344913,0.415,-0.2369,-0.8792,-5.2324,1.1328,-1.4453
344936,0.4058,-0.2345,-0.8522,-4.5352,0.2656,-1.6523
344959,0.3813,-0.2318,-0.7975,-3.9512,-0.8496,-1.8125
344982,0.3755,-0.2312,-0.7908,-3.584,-1.6348,-1.8477
345005,0.4006,-0.2341,-0.8167,-3.0508,-2.6445,-1.7676
345028,0.4041,-0.2327,-0.8542,-2.7598,-3.0996,-1.6445
345051,0.4028,-0.229,-0.8644,-2.5625,-3.3848,-1.4043
345074,0.385,-0.2266,-0.8552,-2.752,-3.2109,-1.1563
345097,0.3762,-0.2271,-0.8436,-3.0605,-2.8945,-0.9941
345120,0.3787,-0.2289,-0.833,-3.6426,-2.2422,-0.7715
345143,0.3826,-0.2296,-0.8262,-4.0059,-1.7598,-0.6504
345166,0.3969,-0.236,-0.828,-4.3887,-1.0605,-0.5566
345189,0.3949,-0.2345,-0.8542,-4.5098,-0.1367,-0.6074
345212,0.3947,-0.2352,-0.8561,-4.5195,-0.0957,-0.7207
345235,0.401,-0.2325,-0.8267,-4.3828,0.2715,-0.9805
345258,0.3827,-0.2297,-0.8192,-4.209,0.3887,-1.1836
345281,0.4056,-0.2343,-0.8361,-3.8262,0.3887,-1.4824
345304,0.42,-0.2393,-0.8656,-3.5273,0.3047,-1.6621
345327,0.4088,-0.2391,-0.851,-3.127,0.1016,-1.8887
345350,0.3929,-0.2422,-0.8285,-2.8594,-0.0879,-2.0352
345373,0.3926,-0.2441,-0.8284,-2.75,-0.1562,-2.0527
345396,0.3929,-0.2448,-0.8157,-2.6562,-0.2031,-1.918
345419,0.3823,-0.24,-0.7903,-2.6191,-0.2598,-1.7109
345442,0.3748,-0.2332,-0.8125,-2.5859,-0.4102,-1.2461
345465,0.3875,-0.2312,-0.8157,-2.6328,-0.5527,-0.6641
345488,0.4026,-0.228,-0.8434,-2.7578,-0.5742,-0.2793
345511,0.3943,-0.2266,-0.8718,-3.1426,-0.4336,0.1875
345534,0.4011,-0.2289,-0.8646,-3.5352,-0.2266,0.3848
345557,0.4128,-0.2322,-0.8492,-4.2227,0.1641,0.5
345580,0.3964,-0.2361,-0.8507,-4.6445,0.4941,0.4141
345603,0.3984,-0.2344,-0.8281,-5.0488,0.6387,0.2695
345626,0.3954,-0.2369,-0.8005,-5.0508,0.7754,-0.0273
345649,0.4081,-0.2378,-0.8158,-4.8223,0.8574,-0.2559
345672,0.4144,-0.2433,-0.8561,-4.2383,1.0039,-0.6074
345695,0.4177,-0.2428,-0.8495,-3.791,1.0781,-0.8281
345718,0.3853,-0.2386,-0.8134,-3.1738,1.0527,-1.0879
345741,0.375,-0.2336,-0.7915,-2.6738,0.8359,-1.2051
345764,0.3882,-0.2314,-0.7987,-2.4141,0.6309,-1.1836
345787,0.4137,-0.2354,-0.824,-2.1797,0.3398,-1.0449
345810,0.4257,-0.2467,-0.8572,-2.1777,0.2129,-0.9297
345833,0.4297,-0.2457,-0.8621,-2.4609,0.1641,-0.7871
345856,0.401,-0.2379,-0.8356,-3.0449,0.2246,-0.7031
345879,0.3949,-0.2316,-0.8014,-3.5117,0.291,-0.6582
345902,0.4042,-0.2305,-0.8129,-4.166,0.3965,-0.5742
345925,0.4102,-0.2324,-0.8416,-4.5234,0.457,-0.5117
345948,0.413,-0.2303,-0.8479,-4.9336,0.5273,-0.4434
345971,0.4058,-0.2327,-0.8534,-5.1387,0.5801,-0.4336
345994,0.4072,-0.2338,-0.8372,-5.3477,0.6035,-0.4629
346017,0.3951,-0.2339,-0.8109,-5.3965,0.5977,-0.5469
346040,0.4042,-0.2334,-0.8159,-5.3145,0.5664,-0.6191
346063,0.4182,-0.2355,-0.8289,-5.0508,0.4922,-0.7461
346086,0.4213,-0.2385,-0.8369,-4.834,0.4297,-0.8516
346109,0.4064,-0.2355,-0.8282,-4.5508,0.3535,-1.0332
346132,0.4116,-0.2343,-0.8151,-4.373,0.3535,-1.207
346155,0.4246,-0.2379,-0.8308,-4.3145,0.4023,-1.2969
346178,0.4113,-0.2369,-0.8324,-4.3086,0.498,-1.3672
346201,0.4047,-0.2323,-0.8131,-4.3535,0.5488,-1.3613
346224,0.4081,-0.226,-0.8304,-4.4727,0.5898,-1.2559
346247,0.4312,-0.2257,-0.8324,-4.6445,0.6016,-1.0508
346270,0.4249,-0.2258,-0.853,-4.7832,0.5879,-0.8809
346293,0.4114,-0.2238,-0.8608,-5.0176,0.502,-0.623
346316,0.4131,-0.2224,-0.8511,-5.168,0.3789,-0.4629
346339,0.4067,-0.2233,-0.8279,-5.3125,0.0879,-0.2656
346362,0.4095,-0.2297,-0.8223,-5.3066,-0.3027,-0.1523
346385,0.4137,-0.2319,-0.8253,-5.0957,-0.5918,-0.1348
346408,0.4208,-0.2356,-0.8335,-4.6738,-1.0273,-0.2109
346431,0.4219,-0.2371,-0.8453,-4.3203,-1.3184,-0.3242
346454,0.3995,-0.2346,-0.8151,-3.7676,-1.7578,-0.5508
346477,0.3807,-0.2313,-0.7804,-3.4082,-2.0312,-0.6992
346500,0.3929,-0.2339,-0.7979,-2.9102,-2.332,-0.8535
346523,0.4194,-0.2391,-0.8234,-2.541,-2.4375,-0.9023
346546,0.4219,-0.2422,-0.8331,-2.4277,-2.3848,-0.8965
346569,0.4138,-0.2407,-0.8453,-2.5234,-2.1289,-0.8613
346592,0.4175,-0.2382,-0.8461,-2.7598,-1.873,-0.8164
346615,0.3965,-0.2314,-0.8425,-3.3027,-1.4707,-0.707
346638,0.3777,-0.2229,-0.8234,-3.9199,-1.166,-0.5293
346661,0.397,-0.2205,-0.8207,-4.2891,-1.043,-0.3789
346684,0.4091,-0.2246,-0.8379,-4.7051,-0.9785,-0.1621
346707,0.4078,-0.2256,-0.8542,-4.8809,-0.998,-0.0664
346730,0.4072,-0.2277,-0.8585,-5.0176,-1.0781,-0.0684
346753,0.412,-0.2236,-0.8431,-5.0254,-1.2148,-0.2754
346776,0.3928,-0.2194,-0.826,-4.9492,-1.3496,-0.5176
346799,0.3838,-0.2219,-0.822,-4.6953,-1.5996,-0.9922
346822,0.3949,-0.2244,-0.8247,-4.4395,-1.7715,-1.3516
346845,0.4105,-0.2275,-0.8262,-3.9687,-1.9785,-1.9219
346868,0.4091,-0.2373,-0.8525,-3.6484,-2.0723,-2.3066
346891,0.4178,-0.2389,-0.8485,-3.248,-2.1641,-2.8555
346914,0.4027,-0.2374,-0.829,-3.0078,-2.2559,-3.3066
346937,0.3973,-0.2345,-0.8103,-2.9316,-2.334,-3.5137
346960,0.4012,-0.2372,-0.8197,-2.9062,-2.457,-3.6328
346983,0.4056,-0.2365,-0.8104,-2.9414,-2.5312,-3.584
347006,0.4053,-0.244,-0.8422,-3.1035,-2.6035,-3.3496
347029,0.4047,-0.2421,-0.8429,-3.4551,-2.6543,-2.9766
347052,0.391,-0.2294,-0.8337,-3.8164,-2.7148,-2.6816
347075,0.3756,-0.2156,-0.8245,-4.5215,-2.8711,-2.1895
347098,0.375,-0.2103,-0.826,-5.0625,-2.9922,-1.8418
347121,0.3606,-0.2043,-0.8284,-5.9297,-3.1328,-1.3281
347144,0.3584,-0.1936,-0.7909,-6.8711,-3.2051,-0.9512
347167,0.2632,-0.1614,-0.7159,-7.5996,-3.2988,-0.8906
347190,0.101,-0.1224,-0.6807,-9.1602,-3.8613,-1.3613
347213,0.2505,-0.1409,-1.0728,-11.0176,-4.9785,-2.3281
347236,0.4264,-0.1556,-1.1558,-16.4043,-9.1621,-5.4785
347259,0.4424,-0.1072,-1.0055,-22.1875,-14.3125,-11.2773
347282,0.3058,-0.0657,-0.8469,-33.3203,-25.4004,-16.4434
347305,0.2886,-0.0502,-0.8177,-44.8555,-38.373,-25.0293
347328,0.3688,-0.0458,-0.9393,-51.3691,-46.5918,-30.5039
347351,0.3046,-0.021,-0.9116,-58.0938,-56.5664,-37.1113
347374,0.276,-0.0027,-0.8931,-60.2031,-60.9043,-39.873
347397,0.2142,0.0233,-0.9264,-59.7051,-63.0801,-40.9258
347420,0.1293,0.0487,-0.9641,-55.3223,-59.8203,-38.1133
347443,0.1157,0.0516,-0.9524,-50.7559,-54.875,-34.3359
347466,0.1522,0.0437,-0.8822,-42.3125,-44.1797,-26.7207
347489,0.1951,0.0238,-0.8704,-36.0547,-35.5566,-21.0527
347512,0.2168,0.0026,-0.9164,-26.3945,-21.6367,-12.8984
347535,0.1882,-0.0065,-0.9053,-17.2734,-8.0625,-6.2793
347558,0.1877,-0.0176,-0.8885,-11.9629,0.0312,-3.0664
347581,0.2174,-0.0176,-0.8373,-5.6895,9.8965,-0.1523
347604,0.2772,-0.0183,-0.8594,-2.8223,14.6543,0.6055
347627,0.2834,-0.0184,-0.9027,-0.6348,18.8984,0.293
347650,0.2637,-0.0181,-0.916,-0.5645,19.8926,-1.1602
347673,0.231,-0.0048,-0.8558,-2.2227,19.0801,-2.375
347696,0.2048,0.0109,-0.7832,-5.25,16.3125,-4.0195
347719,0.1683,0.0177,-0.7997,-7.5605,13.8457,-4.7969
347742,0.1774,0.0187,-0.8799,-11.0391,9.7969,-5.4238
347765,0.1718,0.0339,-0.8695,-13.3262,7.1094,-5.6191
347788,0.1624,0.0586,-0.8029,-16.7871,3.3789,-5.998
347811,0.2845,0.0906,-0.8156,-20.3867,0.25,-7.0781
347834,0.3563,0.0955,-0.9412,-22.9355,-1.4824,-8.4687
347857,0.3123,0.1156,-0.9691,-27.1406,-3.7363,-11.6113
347880,0.2,0.1471,-0.8796,-30.1543,-5.0293,-14.123
347903,0.1476,0.1665,-0.8431,-34.4922,-6.2539,-17.6133
347926,0.2115,0.1752,-0.8939,-37.7539,-5.9492,-19.7461
347949,0.2767,0.1755,-0.9194,-38.9785,-4.791,-20.1152
347972,0.2405,0.1788,-0.9017,-39.168,-2.002,-19.1055
347995,0.1514,0.1827,-0.8325,-38.168,0.2969,-17.5176
348018,0.1816,0.1836,-0.7916,-35.0625,4.1035,-14.0605
348041,0.2577,0.176,-0.8746,-32.0879,7.7227,-9.8926
348064,0.2789,0.1742,-0.8999,-26.8262,10.3262,-7.1309
348087,0.2572,0.1733,-0.8804,-21.3887,12.9434,-3.5195
348110,0.2385,0.1625,-0.8621,-17.9883,13.9883,-1.627
348133,0.2611,0.162,-0.7799,-13.4434,14.5977,0.377
348156,0.2678,0.1501,-0.7896,-10.8145,14.4766,1.1797
348179,0.3103,0.1382,-0.8517,-7.5469,13.7109,1.6602
348202,0.3119,0.146,-0.8716,-5.2891,12.459,1.3984
348225,0.2524,0.1648,-0.843,-4.418,11.4824,0.9414
348248,0.2899,0.1722,-0.8788,-3.9844,10.0293,0.1113
348271,0.292,0.1829,-0.8146,-4.1348,9.1738,-0.4023
348294,0.2856,0.177,-0.8298,-4.6895,8.1523,-0.9941
348317,0.2877,0.176,-0.8387,-5.2422,7.5312,-1.3105
348340,0.308,0.1743,-0.8229,-5.4355,7.4258,-1.3613
348363,0.3063,0.1632,-0.8251,-5.3184,7.7598,-1.2266
348386,0.2805,0.1425,-0.8403,-4.9707,8.25,-1.0156
348409,0.3413,0.1229,-0.7928,-4.1387,9.2793,-0.5781
348432,0.3202,0.108,-0.7795,-3.4453,10.498,-0.1172
348455,0.3199,0.1293,-0.7771,-2.3398,11.1992,0.1426
348478,0.3173,0.1517,-0.8262,-1.3496,11.6133,0.4219
348501,0.2938,0.1704,-0.922,-0.8672,11.2246,0.5527
348524,0.299,0.2211,-0.8812,-0.5332,9.4199,0.7148
348547,0.2722,0.2523,-0.8743,-0.5352,7.4453,0.8008
348570,0.3228,0.2471,-0.8771,-0.7344,3.6914,0.8281
348593,0.2693,0.2139,-0.8962,-1.0723,-0.4687,0.6113
348616,0.2961,0.2021,-0.8857,-1.3398,-3.1367,0.2949
348639,0.3129,0.1808,-0.8749,-1.5938,-6.5371,-0.4355
348662,0.2877,0.1602,-0.8489,-1.4531,-8.1641,-1.041
348685,0.3051,0.12,-0.8157,-0.4277,-9.2383,-1.9512
348708,0.296,0.0913,-0.7777,1.7578,-8.4727,-2.6641
348731,0.2664,0.0649,-0.7839,3.7812,-7.0508,-2.957
348754,0.3059,0.0436,-0.7771,7.252,-4.0586,-3.1172
348777,0.2723,0.0271,-0.7783,9.5234,-1.8965,-3.0977
348800,0.2384,0.0227,-0.8018,12.2559,0.9746,-3.0547
348823,0.2782,0.0365,-0.8275,13.8125,2.9453,-3.2773
348846,0.2379,0.0232,-0.8485,13.4336,3.5723,-3.7734
348869,0.2065,-0.0201,-0.8799,11.7852,3.3945,-5.3379
348892,0.2595,0.0596,-0.8268,9.8457,2.5859,-7.0703
348915,0.3425,0.1519,-0.7886,6.0469,0.4922,-10.8105
348938,0.3375,0.2174,-0.7845,3.1309,-1.3691,-13.9746
348961,0.4396,0.2323,-0.9993,-1.6289,-4.5312,-19.2207
348984,0.2484,0.309,-0.83,-6.7422,-7.4531,-24.0293
349007,0.2743,0.3097,-0.8678,-10.1562,-8.7383,-26.3066
349030,0.3368,0.2567,-0.9512,-14.8437,-9.3008,-27.6113
349053,0.3977,0.2377,-1.0013,-17.4883,-8.8711,-26.9824
349076,0.3684,0.2332,-0.9772,-20.4727,-7.3984,-24.0781
349099,0.2621,0.2419,-0.8281,-21.7832,-5.1035,-19.3535
349122,0.2111,0.183,-0.7711,-21.4004,-3.0469,-15.4961
349145,0.2552,0.1188,-0.7753,-18.8027,0.8789,-9.2559
349168,0.2693,0.1071,-0.7104,-16.0,3.8848,-5.2363
349191,0.1802,0.1096,-0.6912,-11.1777,8.5625,-0.1602
349214,0.2252,0.1124,-0.7723,-7.0977,13.1992,3.1582
349237,0.3639,0.1473,-0.7515,-5.5645,16.002,4.1543
349260,0.2983,0.1859,-0.7482,-5.7324,18.9785,3.6426
349283,0.2587,0.2424,-0.7599,-7.5312,19.7832,2.0625
349306,0.2196,0.292,-0.7761,-12.2812,19.0781,-1.6191
349329,0.2019,0.321,-0.8308,-16.3555,17.5117,-4.543
349352,0.3154,0.3252,-0.9509,-22.9883,14.0859,-9.0762
349375,0.5153,0.3342,-0.9701,-29.2109,9.9668,-13.4922
349398,0.3032,0.3646,-0.7617,-32.457,7.2363,-16.2324
349421,0.3021,0.3557,-0.7784,-34.9453,4.2187,-19.5039
349444,0.3761,0.3264,-0.8037,-34.7383,3.4375,-20.7852
349467,0.3523,0.3223,-0.7754,-31.9219,4.2773,-21.1074
349490,0.3162,0.2938,-0.7777,-27.1699,6.8906,-19.7559
349513,0.3813,0.2693,-0.7771,-23.6387,9.0449,-18.2734
349536,0.3815,0.2661,-0.7773,-18.7598,11.9883,-15.875
349559,0.3625,0.2578,-0.7773,-16.1738,13.4004,-14.4902
349582,0.395,0.3051,-0.7439,-13.584,14.4687,-13.0176
349605,0.3688,0.3235,-0.7377,-12.4609,14.2773,-12.2148
349628,0.3147,0.2959,-0.8618,-12.3594,13.7031,-11.9062
349651,0.3474,0.2769,-0.8047,-12.9258,12.9043,-11.5273
349674,0.3682,0.2903,-0.7129,-13.6699,12.5625,-11.1934
349697,0.2799,0.3441,-0.7465,-15.1758,12.0879,-10.2871
349720,0.1819,0.317,-0.9897,-16.3398,11.7734,-8.1875
349743,0.1967,0.3214,-1.0195,-18.0879,11.7734,-6.4258
349766,0.333,0.3497,-0.7755,-19.0098,12.5312,-2.3828
349789,0.312,0.3234,-0.71,-18.3945,13.0859,0.6465
349812,0.2251,0.2513,-0.7686,-14.6621,13.2734,4.9141
349835,0.2941,0.1843,-0.7784,-10.168,12.8008,7.1914
349858,0.3053,0.1577,-0.7726,-0.957,11.1289,9.1953
349881,0.3154,0.1731,-0.6508,10.0254,8.1641,9.0039
349904,0.2979,0.2065,-0.4799,17.6445,5.4609,7.5176
349927,0.3053,0.2269,-0.5585,28.4688,0.7441,3.2852
349950,0.4355,0.228,-0.7684,34.5215,-2.4062,-0.7461
349973,0.5267,0.2711,-0.7939,40.3477,-6.6816,-8.2031
349996,0.4346,0.3259,-0.7876,40.9941,-10.2676,-16.3965
350019,0.3207,0.3551,-0.7914,38.4238,-12.0684,-21.4492
350042,0.2729,0.3507,-0.7745,30.8477,-13.2715,-27.0918
350065,0.3203,0.3401,-0.7833,24.0762,-12.7812,-29.0723
350088,0.3611,0.3585,-0.778,12.7695,-10.1602,-29.2559
350111,0.3885,0.3772,-0.7756,5.2383,-7.5059,-26.7168
350134,0.3807,0.356,-0.769,-4.9902,-2.918,-24.0137
350157,0.3778,0.3132,-0.9033,-13.248,1.7246,-19.1934
350180,0.3899,0.3966,-0.7628,-17.5273,4.7344,-15.8672
350203,0.3745,0.3683,-0.7817,-21.9434,9.3496,-11.2715
350226,0.3832,0.3596,-0.7589,-23.5547,12.5645,-8.668
350249,0.3641,0.3541,-0.7168,-24.3457,17.3223,-5.541
350272,0.3774,0.354,-0.6953,-23.9121,21.5898,-3.2852
350295,0.4678,0.3505,-0.7234,-23.3301,24.1484,-2.2461
350318,0.4417,0.3517,-0.7832,-22.3984,28.0078,-1.4082
350341,0.4404,0.3612,-0.6903,-21.8652,30.8906,-1.2891
350364,0.4532,0.312,-0.574,-21.3887,35.4492,-1.4316
350387,0.4989,0.2642,-0.6643,-21.5352,39.2988,-1.3145
350410,0.4304,0.2939,-0.7155,-22.0293,41.1035,-0.752
350433,0.296,0.3134,-0.8082,-23.2207,42.6328,1.2285
350456,0.2924,0.3375,-0.8221,-24.1426,42.9531,3.416
350479,0.4135,0.3641,-0.7397,-25.252,42.3086,7.6719
350502,0.5291,0.3486,-0.7473,-25.4805,39.8691,11.8867
350525,0.5939,0.3655,-0.7653,-24.6777,36.6172,13.8574
350548,0.6245,0.3273,-0.7793,-22.3574,29.7422,14.7383
350571,0.5939,0.3131,-0.7762,-19.9668,24.0625,13.8965
350594,0.4922,0.2505,-0.6825,-15.084,14.8164,11.1562
350617,0.4507,0.2429,-0.5352,-10.8887,8.7617,8.9746
350640,0.481,0.2196,-0.4379,-3.1855,0.7168,6.1309
350663,0.4381,0.2236,-0.4916,5.6035,-5.4121,4.3496
350686,0.3896,0.2358,-0.5708,11.3242,-8.2402,3.7695
350709,0.3884,0.2617,-0.6163,18.2129,-10.5195,3.498
350732,0.5021,0.2933,-0.6173,20.9238,-10.8457,3.4062
350755,0.5992,0.3143,-0.6395,21.4492,-10.0684,2.8262
350778,0.6078,0.3325,-0.7167,17.7324,-8.5391,1.3691
350801,0.515,0.3585,-0.7207,13.2793,-7.3926,0.0762
350824,0.3796,0.3768,-0.6735,4.6738,-5.5566,-1.5957
350847,0.4117,0.3599,-0.5986,-1.6328,-4.1875,-2.0957
350870,0.7483,0.3022,-0.9811,-10.8594,-1.9941,-1.6934
350893,0.3373,0.4377,-0.7035,-16.375,-0.209,-0.3164
350916,0.4962,0.4122,-0.7131,-22.7813,0.7812,0.8301
350939,0.4935,0.3624,-0.6292,-26.0098,1.6816,2.3711
350962,0.4772,0.3416,-0.6482,-26.2441,1.8027,3.0527
350985,0.4684,0.3447,-0.6692,-24.1074,1.2949,3.3789
351008,0.4624,0.3468,-0.6722,-21.4531,0.6895,3.1738
351031,0.5034,0.368,-0.6691,-16.4824,-0.1719,2.4844
351054,0.5341,0.3806,-0.6606,-11.3242,-0.584,1.7402
351077,0.5308,0.3624,-0.7476,-8.2676,-0.5137,1.4141
351100,0.4758,0.3784,-0.7108,-4.8125,0.0332,1.3496
351123,0.464,0.3545,-0.8241,-3.4316,0.502,1.584
351146,0.5303,0.3667,-0.748,-2.6758,0.8398,2.1777
351169,0.5635,0.3297,-0.7267,-2.7363,0.209,2.6621
351192,0.5985,0.2974,-0.6833,-2.6367,-0.8848,2.7266
351215,0.5876,0.2618,-0.6826,-1.5391,-3.5254,2.3848
351238,0.5508,0.2225,-0.6938,0.0215,-5.8828,1.9844
351261,0.5294,0.2085,-0.663,3.5137,-10.1348,1.4883
351284,0.459,0.2087,-0.6121,6.3711,-14.957,1.5469
351307,0.3951,0.2209,-0.5741,10.8301,-18.2266,2.0469
351330,0.3677,0.2394,-0.597,14.5312,-22.6855,3.4375
351353,0.3485,0.2664,-0.6772,15.9551,-25.1094,4.5742
351376,0.374,0.3008,-0.7184,15.666,-27.7988,5.998
351399,0.3635,0.3374,-0.7355,13.5703,-29.0762,6.4043
351422,0.3439,0.3555,-0.7769,7.6465,-30.4746,5.7754
351445,0.3475,0.3634,-0.7472,-0.8066,-31.3438,3.5391
351468,0.3408,0.3616,-0.7788,-7.1406,-31.5547,1.291
351491,0.3159,0.3789,-0.7615,-16.4902,-31.1367,-2.7344
351514,0.2822,0.3896,-0.7081,-21.9883,-30.332,-5.4922
351537,0.3285,0.3872,-0.6986,-28.3242,-28.4102,-9.1953
351560,0.3573,0.3794,-0.7108,-31.9648,-25.9375,-12.0137
351583,0.3473,0.3901,-0.7338,-32.9648,-24.1973,-13.3242
351606,0.3158,0.4053,-0.7521,-32.8008,-21.6348,-14.3848
351629,0.3007,0.4139,-0.7819,-31.9355,-19.9629,-14.4883
351652,0.3302,0.4073,-0.7522,-30.0254,-17.4922,-13.8672
351675,0.37,0.3981,-0.7697,-27.541,-15.1816,-12.6484
351698,0.3536,0.4258,-0.7285,-26.2168,-13.916,-11.7031
351721,0.2734,0.434,-0.691,-23.9453,-12.6738,-10.2852
351744,0.2639,0.4303,-0.6691,-22.5313,-12.248,-9.4043
351767,0.2834,0.412,-0.7562,-20.6895,-12.043,-8.2832
351790,0.2922,0.4268,-0.7804,-19.7441,-12.3105,-7.748
351813,0.252,0.4388,-0.7671,-18.8711,-13.7773,-7.3828
351836,0.2292,0.4457,-0.6848,-18.6953,-16.5313,-7.6309
351859,0.2555,0.4462,-0.6815,-18.9453,-18.6973,-8.1367
351882,0.218,0.4537,-0.7349,-19.8027,-21.6445,-9.3105
351905,0.1995,0.4639,-0.7797,-20.6191,-22.9688,-10.2715
351928,0.1954,0.4672,-0.6754,-22.0586,-23.4707,-11.7695
351951,0.1835,0.4635,-0.5901,-23.6055,-22.0879,-13.0449
351974,0.1858,0.4542,-0.6263,-24.6406,-20.2676,-13.5977
351997,0.2444,0.4731,-0.7332,-26.0957,-16.582,-13.7266
352020,0.2157,0.5421,-0.7559,-26.9063,-13.8789,-13.2344
352043,0.2187,0.5188,-0.6686,-27.6973,-10.2891,-11.6348
352066,0.1969,0.5127,-0.6403,-27.8613,-7.9863,-9.2793
352089,0.1581,0.5189,-0.6676,-27.625,-7.207,-7.5117
352112,0.2098,0.5266,-0.6643,-26.752,-6.7441,-4.8809
352135,0.2087,0.5106,-0.632,-25.8086,-6.6992,-3.2617
352158,0.1879,0.5287,-0.6357,-23.8281,-6.8164,-1.1641
352181,0.2002,0.5264,-0.6675,-22.1348,-6.8926,-0.0215
352204,0.1881,0.5315,-0.6818,-19.082,-6.8047,1.3047
352227,0.2119,0.5557,-0.6837,-15.582,-6.2949,2.2305
352250,0.2423,0.5393,-0.6906,-13.166,-5.7187,2.6758
352273,0.1936,0.5094,-0.6642,-9.75,-4.6836,3.1094
352296,0.1924,0.5145,-0.676,-7.8105,-3.9805,3.209
352319,0.1921,0.5269,-0.658,-5.6504,-3.0176,3.0
352342,0.209,0.5284,-0.6541,-4.4941,-2.2656,2.3242
352365,0.1869,0.5275,-0.6506,-4.25,-1.9219,1.6523
352388,0.1844,0.5203,-0.6569,-4.5273,-1.623,0.4512
352411,0.1969,0.5282,-0.6609,-5.0156,-1.5156,-0.377
352434,0.22,0.5303,-0.6515,-5.9668,-1.3535,-1.4766
352457,0.1927,0.5282,-0.6558,-6.9434,-1.0977,-2.2617
352480,0.1968,0.5317,-0.6514,-7.5312,-0.8789,-2.6133
352503,0.2057,0.5341,-0.6506,-8.291,-0.5703,-2.9746
352526,0.1951,0.5322,-0.6295,-8.7246,-0.4102,-3.1836
352549,0.1824,0.5361,-0.6459,-9.2832,-0.1875,-3.5586
352572,0.1821,0.5375,-0.6608,-9.5898,-0.0176,-4.4043
352595,0.1805,0.5321,-0.6193,-9.9082,0.2539,-4.5996
352618,0.1395,0.5475,-0.6427,-10.0215,0.3203,-5.4434
352641,0.1478,0.5375,-0.6223,-9.9492,0.0898,-6.0078
352664,0.1599,0.5323,-0.6271,-9.543,-0.9063,-6.6445
352687,0.1233,0.5447,-0.6387,-9.002,-2.0605,-6.7715
352710,0.175,0.5345,-0.6652,-7.6406,-4.293,-6.2305
352733,0.1693,0.5327,-0.6832,-5.5312,-6.3672,-4.5352
352756,0.1909,0.5293,-0.6963,-3.7656,-7.1211,-2.666
352779,0.2716,0.5198,-0.6868,-0.8984,-6.7031,1.2266
352802,0.3098,0.5133,-0.6818,0.8691,-5.3437,4.3789
352825,0.2233,0.5302,-0.6703,2.7402,-2.1699,9.2715
352848,0.217,0.53,-0.6703,3.1504,1.4375,13.1738
352871,0.2485,0.527,-0.6277,2.4492,3.5664,14.5879
352894,0.1566,0.532,-0.5986,-0.0703,5.6016,14.3359
352917,0.2134,0.4871,-0.6019,-2.5723,5.8418,12.5273
352940,0.0344,0.6246,-0.5957,-7.0,4.209,7.8398
352963,0.1906,0.5374,-0.6693,-9.9531,1.8418,2.0645
352986,0.1528,0.536,-0.6196,-13.5996,-2.8887,-1.5918
353009,0.2158,0.5365,-0.6664,-15.5742,-7.584,-5.7734
353032,0.1838,0.5337,-0.6566,-15.7187,-9.9082,-7.3125
353055,0.2136,0.546,-0.666,-14.1973,-11.457,-7.541
353078,0.2307,0.5405,-0.6305,-12.2598,-11.0977,-6.4551
353101,0.1875,0.5355,-0.6736,-8.6504,-8.8008,-3.625
353124,0.1912,0.5437,-0.6542,-5.1133,-5.1055,-0.375
353147,0.2034,0.5464,-0.657,-3.2246,-2.2891,1.5176
353170,0.1625,0.545,-0.6541,-1.5098,1.8613,3.457
353193,0.1981,0.5536,-0.6398,-1.2285,4.2539,4.041
353216,0.2184,0.5466,-0.6116,-2.1191,6.7734,3.9199
353239,0.2384,0.5348,-0.5811,-4.3672,7.5859,2.8398
353262,0.2018,0.5565,-0.6188,-6.3691,7.0879,1.7324
353285,0.2046,0.541,-0.6205,-9.5488,4.9082,-0.3633
353308,0.1097,0.5737,-0.5841,-11.418,2.6133,-1.9805
353331,0.1228,0.559,-0.5889,-13.3086,-1.793,-4.5684
353354,0.1423,0.5551,-0.6442,-13.7266,-6.9941,-7.0215
353377,0.17,0.5426,-0.6625,-12.8516,-9.2324,-8.3164
353400,0.1912,0.5342,-0.6545,-10.1641,-11.623,-9.3066
353423,0.1782,0.5541,-0.6376,-7.5273,-11.7656,-9.1523
353446,0.196,0.5474,-0.6669,-2.8184,-9.7695,-7.625
353469,0.1997,0.5399,-0.6915,0.4238,-7.2227,-5.8984
353492,0.1572,0.5472,-0.6727,4.7168,-2.3066,-2.7773
353515,0.1758,0.5413,-0.6826,7.5625,2.9141,0.2461
353538,0.2274,0.5344,-0.6639,8.3516,6.0371,1.9121
353561,0.1781,0.545,-0.6489,7.6797,9.5488,3.7051
353584,0.2081,0.5471,-0.614,6.043,10.8711,4.4102
353607,0.238,0.548,-0.5842,2.1211,11.1738,4.748
353630,0.2249,0.5438,-0.584,-2.9141,9.4883,4.2109
353653,0.1744,0.548,-0.6,-6.4277,7.3906,3.3379
353676,0.1689,0.5491,-0.6295,-11.1562,3.2344,1.2852
353699,0.1093,0.5632,-0.587,-13.5273,0.1504,-0.4551
353722,0.1948,0.5477,-0.6022,-15.3789,-4.2461,-3.2031
353745,0.1732,0.541,-0.6565,-15.3223,-7.6152,-5.5547
353768,0.175,0.5391,-0.6781,-13.2734,-8.7187,-6.6504
353791,0.183,0.5398,-0.6566,-9.1816,-8.6934,-7.4043
353814,0.1973,0.5325,-0.6548,-5.666,-7.5527,-7.3066
353837,0.1752,0.5533,-0.7168,0.0352,-4.584,-6.3848
353860,0.1582,0.5359,-0.6863,3.6348,-2.082,-5.3965
353883,0.1704,0.5417,-0.6608,7.957,1.8789,-3.6758
353906,0.2086,0.5315,-0.6492,10.2832,5.373,-2.0273
353929,0.2001,0.5411,-0.6471,10.5137,7.0781,-1.0801
353952,0.2109,0.5356,-0.625,8.9043,8.3691,0.0547
353975,0.1687,0.5439,-0.6309,6.7031,8.3379,0.5937
353998,0.1851,0.5398,-0.6281,2.248,7.0625,1.002
354021,0.1951,0.5421,-0.6334,-2.7754,4.6113,0.8438
354044,0.1781,0.5427,-0.6138,-5.957,2.5332,0.4121
354067,0.1663,0.5417,-0.6135,-9.832,-0.8633,-0.6875
354090,0.1479,0.5393,-0.6343,-11.5293,-3.0586,-1.6543
354113,0.1578,0.5414,-0.6781,-12.4648,-5.7988,-3.25
354136,0.1582,0.5389,-0.6737,-11.9824,-7.416,-4.6895
354159,0.1787,0.5376,-0.6659,-9.8047,-7.7285,-5.3828
354182,0.1785,0.5388,-0.6678,-6.4375,-7.0684,-5.8398
354205,0.1654,0.5339,-0.6604,-3.9355,-5.998,-5.7305
354228,0.1742,0.5389,-0.6517,-0.4238,-3.7852,-5.0312
354251,0.1699,0.5415,-0.6465,1.4551,-2.1562,-4.3086
354274,0.1638,0.5311,-0.6318,3.2441,0.0488,-3.0605
354297,0.1621,0.5316,-0.6333,3.707,1.5352,-1.8633
354320,0.1924,0.5363,-0.6486,3.3848,2.0273,-1.1875
354343,0.1793,0.5319,-0.6537,2.2949,2.0703,-0.4199
354366,0.1646,0.5277,-0.6652,1.3926,1.7324,-0.0977
354389,0.1562,0.5306,-0.6719,0.1348,0.875,0.0449
354412,0.1631,0.519,-0.673,-0.7031,-0.1738,-0.2461
354435,0.1628,0.5205,-0.6678,-0.9375,-0.873,-0.6602
354458,0.1395,0.5316,-0.6746,-0.7988,-1.8301,-1.5098
354481,0.1332,0.5264,-0.6831,-0.4297,-2.3828,-2.1406
354504,0.1453,0.5182,-0.6754,0.3867,-3.0742,-2.9883
354527,0.1582,0.52,-0.6605,1.498,-3.6074,-3.4316
354550,0.171,0.5199,-0.6498,1.8477,-3.8887,-3.3691
354573,0.1641,0.5104,-0.6584,2.4941,-4.2324,-2.6562
354596,0.1545,0.5197,-0.6823,2.7988,-4.4297,-1.8027
354619,0.1328,0.5117,-0.7257,3.1406,-4.7754,-0.1152
354642,0.1118,0.4933,-0.7128,3.3594,-5.1387,1.1738
354665,0.1252,0.4908,-0.6565,3.7773,-6.0,3.2187
354688,0.1649,0.5166,-0.6578,4.3789,-7.2109,5.3516
354711,0.183,0.511,-0.6964,4.916,-8.1113,6.8535
354734,0.1881,0.5839,-0.7103,5.9434,-9.3379,9.2949
354757,0.1833,0.5463,-0.7596,6.7266,-9.9258,11.0391
354780,0.1438,0.5217,-0.719,7.6797,-10.5801,13.7363
354803,0.1342,0.5037,-0.6714,7.6562,-11.2637,16.2891
354826,0.0806,0.4794,-0.698,6.793,-11.6543,17.6543
354849,0.2102,0.4844,-0.8988,4.2969,-11.5098,18.6484
354872,0.2552,0.5236,-0.7705,2.3281,-10.7305,18.3184
354895,0.2856,0.5381,-0.7794,0.4941,-8.709,16.1504
354918,0.2744,0.5287,-0.7853,1.8223,-6.3086,12.4121
354941,0.2495,0.502,-0.8878,4.957,-4.9453,9.5879
354964,0.2424,0.4333,-0.9325,12.7559,-3.7578,5.8926
354987,0.2249,0.37,-0.8977,19.4941,-3.623,4.3262
355010,0.1871,0.3043,-0.7996,30.8848,-4.127,3.9004
355033,0.1746,0.2395,-0.7144,38.8184,-4.6016,5.0234
355056,0.1525,0.1606,-0.5736,50.4922,-4.9473,8.6914
355079,0.1522,0.1073,-0.4536,60.957,-4.2812,14.2363
355102,0.0332,0.1201,-0.415,63.998,-2.9395,18.6016
355125,-0.0179,0.2189,-0.5175,63.998,1.2012,25.5938
355148,0.1504,0.316,-0.8259,63.998,5.8203,30.1953
355171,0.4373,0.2944,-1.1763,63.998,15.1211,36.0801
355194,0.647,0.3125,-1.2938,54.4355,24.5039,39.3535
355217,0.6124,0.326,-1.1847,42.8125,28.877,39.5391
355240,0.4786,0.2881,-1.0686,23.8047,31.084,37.0625
355263,0.3757,0.2277,-0.9764,12.5605,29.7129,34.3496
355286,0.3038,0.161,-0.8945,1.5977,24.3867,30.5742
355309,0.2076,0.1038,-0.7657,0.4238,16.7715,29.2246
355332,0.1217,0.0282,-0.6138,5.4453,11.4727,30.373
355355,0.08,-0.0197,-0.4678,20.4375,5.0,35.166
355378,0.0909,-0.0328,-0.4015,33.8574,2.6309,39.8633
355401,0.1935,-0.0542,-0.5664,55.4961,3.0078,47.5781
355424,0.3345,-0.0532,-0.8219,63.998,5.7715,53.623
355447,0.4193,-0.0554,-0.9591,63.998,12.084,56.5977
355470,0.476,-0.0232,-0.9418,63.998,18.6777,57.4473
355493,0.54,-0.0414,-0.9667,63.998,22.502,55.9746
355516,0.6241,-0.0864,-1.0615,63.998,26.8789,51.1348
355539,0.6615,-0.1023,-1.0751,63.998,28.5645,46.5645
355562,0.6024,-0.1115,-1.0612,50.1855,28.6543,38.6504
355585,0.5063,-0.13,-1.0129,36.5117,25.6934,30.9375
355608,0.4839,-0.1641,-0.9286,29.4922,22.3809,26.7539
355631,0.4951,-0.1931,-0.8358,23.4785,16.334,22.8125
355654,0.4703,-0.2336,-0.7717,22.8008,12.1973,21.916
355677,0.4557,-0.2766,-0.7788,26.4102,6.7695,23.0
355700,0.431,-0.324,-0.7758,34.1211,3.0078,26.4063
355723,0.4281,-0.3621,-0.7028,40.4844,1.6426,29.5352
355746,0.4354,-0.3953,-0.6382,50.2852,1.4082,34.7461
355769,0.4855,-0.4313,-0.663,56.1426,2.3848,38.0859
355792,0.51,-0.4674,-0.7479,62.5859,5.0039,42.1465
355815,0.4974,-0.4741,-0.7803,63.998,7.002,44.5059
355838,0.4772,-0.4661,-0.7764,63.8926,9.4922,45.0508
355861,0.4564,-0.4781,-0.7778,58.5508,10.7031,44.5215
355884,0.4872,-0.5044,-0.7935,52.8984,10.6543,43.4785
355907,0.5189,-0.5271,-0.813,42.3145,9.1934,41.2383
355930,0.5371,-0.5536,-0.7986,34.5332,7.2266,39.4746
355953,0.5278,-0.5641,-0.7754,22.9297,2.8535,36.7344
355976,0.4996,-0.5566,-0.7778,12.5742,-2.8516,34.3281
355999,0.4395,-0.5659,-0.7771,6.8047,-7.0801,33.207
356022,0.4464,-0.5815,-0.7772,0.1172,-13.5137,32.6855
356045,0.4141,-0.5762,-0.7771,-3.0645,-17.5762,33.2656
356068,0.3643,-0.5411,-0.7493,-6.2031,-23.0195,35.5957
356091,0.3047,-0.5093,-0.7014,-7.916,-27.4355,39.5176
356114,0.2506,-0.4906,-0.7665,-8.6602,-29.6797,42.8301
356137,0.1785,-0.4532,-0.7521,-9.8613,-31.9082,48.4609
356160,0.1383,-0.4279,-0.7371,-11.043,-32.6035,52.418
356183,0.1107,-0.4248,-0.7786,-13.6582,-32.3711,58.2168
356206,0.0999,-0.4214,-0.7766,-15.9746,-30.8457,63.3262
356229,0.1146,-0.4144,-0.7773,-20.123,-28.5566,63.998
356252,0.1304,-0.4203,-0.7847,-24.5996,-24.4688,63.998
356275,0.142,-0.4146,-0.8561,-27.4512,-21.1953,63.998
356298,0.1238,-0.3967,-0.8892,-31.1289,-15.8301,63.998
356321,0.0815,-0.3967,-0.9093,-33.0078,-12.2012,63.998
356344,0.1238,-0.4069,-0.9291,-34.7402,-7.1328,63.998
356367,0.1742,-0.4095,-0.9402,-35.0137,-3.0195,61.0664
356390,0.1394,-0.4147,-0.9132,-34.3359,-1.0234,57.9512
356413,0.0984,-0.4261,-0.8688,-32.0371,0.7324,52.9414
356436,0.1185,-0.4415,-0.856,-29.7383,1.1406,49.623
356459,0.0957,-0.4609,-0.8896,-25.4961,0.9219,45.0234
356482,0.1501,-0.4855,-0.9122,-20.9043,0.332,41.168
356505,0.2456,-0.4742,-0.8995,-17.9629,0.1133,39.1094
356528,0.0198,-0.4066,-0.7531,-14.002,0.3926,36.8867
356551,-0.0269,-0.4208,-0.8743,-11.7402,1.1113,36.0488
356574,0.0673,-0.4104,-0.9133,-9.1621,2.9727,35.6934
356597,0.048,-0.3365,-0.7803,-8.123,5.1016,35.8848
356620,0.1176,-0.3444,-0.9683,-7.5879,7.3672,35.8613
356643,0.078,-0.2732,-0.8962,-8.0645,10.2148,34.9668
356666,0.2006,-0.3629,-0.9069,-8.6133,12.2676,33.543
356689,0.3448,-0.4283,-0.7466,-8.8984,16.3086,29.8906
356712,0.0189,-0.5056,-0.6938,-8.0977,19.7402,26.4883
356735,0.1996,-0.4347,-0.9664,-4.7949,25.1172,20.3672
356758,0.1329,-0.3676,-0.891,0.707,28.959,13.6816
356781,0.1899,-0.347,-0.9397,5.166,29.8652,9.2832
356804,0.1097,-0.3431,-0.8784,12.1523,28.5977,3.2891
356827,0.134,-0.429,-0.7699,16.4629,26.5176,-0.0625
356850,0.1067,-0.4287,-0.7502,21.5488,22.6797,-3.8613
356873,0.0972,-0.5607,-1.0962,24.0605,18.7578,-6.2637
356896,0.244,-0.5032,-0.8982,24.0723,16.1016,-7.4219
356919,0.2253,-0.4961,-0.7755,22.3477,11.5762,-9.2812
356942,0.2538,-0.4958,-0.8604,20.8652,7.9961,-10.9922
356965,0.1973,-0.5083,-0.8929,19.3574,1.7637,-14.5957
356988,0.1376,-0.5148,-0.8816,19.1855,-5.0625,-19.4746
357011,0.1685,-0.5592,-0.8126,20.1465,-9.6934,-23.3652
357034,0.3387,-0.6189,-0.7998,21.9414,-16.8125,-30.0898
357057,0.2642,-0.6195,-0.6467,23.1348,-21.9238,-35.1387
357080,0.0646,-0.5667,-0.548,24.3418,-30.2461,-43.2305
357103,-0.1602,-0.4941,-0.4873,24.4766,-35.8848,-48.5859
357126,-0.2676,-0.413,-0.4812,23.0195,-43.5645,-55.9941
357149,-0.1179,-0.4244,-0.5756,18.3965,-49.8672,-62.8008
357172,0.0966,-0.4696,-0.5448,12.834,-53.6973,-64.0
357195,0.1826,-0.4626,-0.4595,0.2383,-59.8223,-64.0
357218,0.0876,-0.3723,-0.3969,-10.7637,-64.0,-64.0
357241,-0.0637,-0.2729,-0.415,-30.0254,-64.0,-64.0
357264,-0.0107,-0.2449,-0.619,-50.9707,-64.0,-64.0
357287,0.1824,-0.2509,-0.7288,-64.0,-64.0,-64.0
357310,0.3403,-0.1512,-0.6725,-64.0,-57.5664,-64.0
357333,0.4388,-0.0662,-0.7899,-64.0,-47.5156,-64.0
357356,0.5197,-0.0605,-1.0392,-64.0,-29.5332,-64.0
357379,0.6288,-0.0341,-1.1547,-64.0,-10.4316,-64.0
357402,0.6194,0.0481,-1.1924,-64.0,1.7383,-64.0
357425,0.5503,0.0911,-1.2557,-64.0,17.8047,-64.0
357448,0.5278,0.093,-1.291,-64.0,26.5059,-64.0
357471,0.5286,0.0265,-1.2809,-64.0,35.8438,-64.0
357494,0.4998,0.0322,-1.1178,-64.0,39.2285,-64.0
357517,0.3185,0.1532,-0.9794,-64.0,39.7793,-40.6875
357540,0.1241,0.1571,-0.9963,-64.0,35.5293,-15.7812
357563,0.146,0.1288,-1.0243,-64.0,30.8145,0.0293
357586,0.2513,0.1031,-1.027,-39.2773,21.8984,20.7441
357609,0.3108,0.1013,-1.0624,-23.0117,14.791,31.4883
357632,0.3044,0.0767,-1.0984,-2.125,1.9805,41.7832
357655,0.3197,0.045,-1.08,13.2676,-13.2109,45.0273
357678,0.2812,0.0007,-0.9811,20.6152,-23.8652,43.9531
357701,0.2238,-0.0551,-0.8059,28.6758,-38.3789,39.3379
357724,0.2778,-0.099,-0.7675,33.168,-45.4805,35.4785
357747,0.2491,-0.1355,-0.7871,39.9785,-49.9082,30.2891
357770,0.1714,-0.1765,-0.9052,46.9395,-45.5859,27.0527
357793,0.166,-0.1903,-0.9589,50.8652,-38.168,26.1621
357816,0.1373,-0.1906,-0.9677,54.041,-22.2148,26.293
357839,0.1615,-0.1912,-0.9785,53.7051,-9.8555,26.9219
357862,0.2013,-0.1937,-0.9486,49.4063,8.9512,27.8867
357885,0.2457,-0.1974,-0.9478,44.4609,20.6758,28.1543
357908,0.3042,-0.1979,-0.9183,35.1621,35.7285,27.5352
357931,0.3585,-0.2032,-0.9117,25.123,46.3926,25.457
357954,0.3768,-0.2037,-0.8827,18.7168,50.4883,23.2891
357977,0.3778,-0.2037,-0.863,10.2715,51.7969,19.1523
358000,0.3755,-0.2019,-0.8695,5.6582,49.6563,16.0742
358023,0.3677,-0.1967,-0.9073,0.3594,42.9141,11.4727
358046,0.3389,-0.1854,-0.9252,-3.2266,33.5488,7.4121
358069,0.3043,-0.1785,-0.922,-4.8613,26.7422,5.207
358092,0.3021,-0.1747,-0.9131,-6.4004,16.9258,2.7949
358115,0.2987,-0.1815,-0.8909,-6.873,11.2402,1.7676
358138,0.3083,-0.1903,-0.8738,-6.7656,4.6543,0.9141
358161,0.3164,-0.1962,-0.8571,-5.6934,0.5566,0.5469
358184,0.3242,-0.2052,-0.8552,-4.5039,-0.9395,0.3672
358207,0.3444,-0.2145,-0.8566,-2.2266,-1.709,-0.0488
358230,0.3767,-0.2268,-0.8441,-0.5508,-1.4824,-0.5195
358253,0.3053,-0.2231,-0.8412,1.8848,-0.4551,-1.5234
358276,0.3818,-0.2365,-0.8304,3.2871,0.5195,-2.8223
358299,0.3735,-0.2489,-0.881,4.8516,2.2207,-3.5957
358322,0.3793,-0.243,-0.8756,5.5918,3.8008,-4.8437
358345,0.3759,-0.2533,-0.8721,5.6016,4.5469,-5.5957
358368,0.3777,-0.2466,-0.8522,5.0,5.0586,-6.4863
358391,0.3685,-0.244,-0.8193,4.3125,4.9668,-6.8672
358414,0.3535,-0.2384,-0.8049,3.0918,4.3027,-7.043
358437,0.3766,-0.2314,-0.8239,1.8418,3.3789,-6.7344
358460,0.3591,-0.2263,-0.8478,1.0195,2.8008,-6.2969
358483,0.343,-0.2175,-0.8441,-0.25,2.1484,-5.4023
358506,0.3336,-0.2094,-0.8141,-1.1465,1.8848,-4.7148
358529,0.3528,-0.2083,-0.8242,-2.5488,1.7832,-3.6797
358552,0.3768,-0.2104,-0.868,-3.9629,2.0664,-2.8105
358575,0.3738,-0.2103,-0.8846,-4.8887,2.4434,-2.3984
358598,0.3737,-0.2085,-0.8718,-6.1992,3.2129,-2.0703
358621,0.3923,-0.2073,-0.8602,-6.9531,3.7988,-2.0312
358644,0.3918,-0.2089,-0.8516,-7.7598,4.6523,-2.1836
358667,0.4086,-0.2124,-0.8649,-8.0234,5.166,-2.5
358690,0.4176,-0.218,-0.8873,-8.0137,5.8437,-2.748
358713,0.4166,-0.2212,-0.88,-7.627,6.3516,-3.0898
358736,0.3953,-0.2213,-0.8656,-7.2246,6.541,-3.2578
358759,0.3876,-0.2175,-0.8379,-6.4648,6.5273,-3.3613
358782,0.4017,-0.2177,-0.8318,-5.875,6.2949,-3.3125
358805,0.3929,-0.2111,-0.835,-4.9297,5.6055,-3.0742
358828,0.3766,-0.2131,-0.8448,-4.0332,4.5508,-2.6816
358851,0.3828,-0.2101,-0.8195,-3.5312,3.7148,-2.3574
358874,0.38,-0.2173,-0.8561,-2.9746,2.4023,-1.8223
358897,0.3756,-0.2153,-0.823,-2.7461,1.5801,-1.4629
358920,0.3757,-0.2125,-0.7944,-2.584,0.5957,-0.9629
358943,0.3783,-0.2131,-0.812,-2.5801,0.0469,-0.5605
358966,0.4095,-0.2156,-0.8409,-2.666,-0.0469,-0.375
358989,0.3981,-0.2156,-0.869,-2.9766,0.1523,-0.2637
359012,0.3953,-0.2151,-0.8489,-3.3203,0.457,-0.2969
359035,0.4015,-0.2167,-0.8368,-3.9687,1.0977,-0.459
359058,0.4136,-0.2118,-0.8337,-4.4082,1.6035,-0.668
359081,0.4109,-0.2108,-0.8505,-4.9512,2.3594,-0.793
359104,0.3969,-0.2081,-0.837,-5.291,2.9668,-0.9121
359127,0.4095,-0.214,-0.8451,-5.3984,3.2461,-0.9316
359150,0.4082,-0.2114,-0.8495,-5.3965,3.4336,-0.8574
359173,0.3772,-0.2047,-0.839,-5.3027,3.3965,-0.7461
359196,0.3931,-0.2041,-0.8273,-5.0449,3.1465,-0.5039
359219,0.3948,-0.2079,-0.8241,-4.6738,2.7363,-0.2187
359242,0.3927,-0.2057,-0.8054,-4.3965,2.4043,-0.0449
359265,0.4103,-0.2109,-0.8091,-3.998,1.8945,0.1191
359288,0.4319,-0.2174,-0.8618,-3.7969,1.5977,0.1309
359311,0.4224,-0.2163,-0.8665,-3.6875,1.2578,-0.0254
359334,0.4109,-0.2118,-0.8268,-3.834,1.0195,-0.334
359357,0.3979,-0.2069,-0.8287,-4.0098,0.9082,-0.5586
359380,0.3987,-0.2114,-0.8215,-4.2754,0.8086,-0.832
359403,0.4109,-0.2091,-0.7955,-4.4062,0.7891,-0.9453
359426,0.4078,-0.2115,-0.8281,-4.5039,0.8281,-1.0137
359449,0.4131,-0.2103,-0.8488,-4.5254,0.9023,-0.9941
359472,0.4248,-0.2091,-0.8495,-4.5566,1.0469,-0.9551
359495,0.4071,-0.2056,-0.8419,-4.6309,1.1074,-0.8906
359518,0.4019,-0.2024,-0.8329,-4.6895,1.0684,-0.8555
359541,0.4216,-0.2034,-0.8259,-4.7383,0.9141,-0.8262
359564,0.4187,-0.2053,-0.8282,-4.7266,0.7754,-0.8379
359587,0.4189,-0.2092,-0.8258,-4.6406,0.5664,-0.916
359610,0.4237,-0.2145,-0.845,-4.5273,0.418,-1.0684
359633,0.4191,-0.2156,-0.8428,-4.4687,0.3555,-1.1914
359656,0.4062,-0.2102,-0.8202,-4.4219,0.2793,-1.3652
359679,0.4026,-0.2069,-0.8066,-4.4004,0.2285,-1.4414
359702,0.4185,-0.2069,-0.8173,-4.3516,0.1719,-1.4629
359725,0.4199,-0.2052,-0.8127,-4.2969,0.168,-1.3906
359748,0.4192,-0.2039,-0.8236,-4.2852,0.2187,-1.3164
359771,0.4304,-0.2074,-0.8574,-4.3672,0.3887,-1.1953
359794,0.434,-0.2059,-0.8649,-4.5117,0.5254,-1.1191
359817,0.4138,-0.2026,-0.8379,-4.832,0.6543,-1.0039
359840,0.405,-0.1995,-0.8083,-5.0547,0.6309,-0.8496
359863,0.4185,-0.2023,-0.8081,-5.2754,0.5508,-0.7148
359886,0.4167,-0.2032,-0.8158,-5.2988,0.4102,-0.4863
359909,0.4186,-0.2006,-0.835,-5.2266,0.3457,-0.3457
359932,0.4398,-0.2052,-0.8531,-5.0664,0.3066,-0.1895
359955,0.4286,-0.2059,-0.8531,-4.9687,0.2754,-0.1289
359978,0.3965,-0.2046,-0.8234,-4.8457,0.1367,-0.0898
360001,0.4023,-0.2072,-0.7861,-4.6992,-0.1348,-0.0586
360024,0.4124,-0.2047,-0.8049,-4.5566,-0.3496,-0.0293
360047,0.432,-0.2029,-0.8302,-4.3047,-0.6465,-0.0039
360070,0.4303,-0.2069,-0.8673,-4.1562,-0.7891,-0.0273
360093,0.4226,-0.2026,-0.8655,-4.041,-0.9219,-0.1445
360116,0.4144,-0.2035,-0.8414,-4.0273,-1.0996,-0.3223
360139,0.3971,-0.2025,-0.8086,-3.9941,-1.3496,-0.4336
360162,0.39,-0.2009,-0.7976,-3.7832,-1.9316,-0.5391
360185,0.4089,-0.2008,-0.7921,-3.5176,-2.3555,-0.5723
360208,0.4218,-0.2039,-0.8221,-3.0254,-2.7988,-0.625
360231,0.4341,-0.2074,-0.8629,-2.7324,-2.8066,-0.7637
360254,0.4286,-0.2076,-0.86,-2.5059,-2.5664,-0.9297
360277,0.4126,-0.2095,-0.833,-2.5859,-1.9805,-1.2559
360300,0.4034,-0.2128,-0.7935,-2.752,-1.5273,-1.4785
360323,0.4104,-0.2152,-0.785,-3.0352,-0.8418,-1.7383
360346,0.4114,-0.2155,-0.7849,-3.1914,-0.3965,-1.8398
360369,0.4174,-0.213,-0.7937,-3.3789,0.2773,-1.8789
360392,0.4244,-0.2085,-0.8168,-3.5742,0.9902,-1.8008
360415,0.4158,-0.2034,-0.8304,-3.75,1.4785,-1.6895
360438,0.4139,-0.1984,-0.8204,-4.1113,2.168,-1.4434
360461,0.4236,-0.1956,-0.8107,-4.4082,2.5762,-1.2363
360484,0.4432,-0.1929,-0.8405,-4.8984,3.1094,-0.9082
360507,0.4462,-0.1926,-0.856,-5.4297,3.5332,-0.6426
360530,0.4407,-0.1948,-0.8612,-5.7969,3.748,-0.5293
360553,0.4365,-0.1968,-0.8582,-6.2988,3.9102,-0.4551
360576,0.4293,-0.198,-0.8306,-6.5195,3.8398,-0.4414
360599,0.4261,-0.2012,-0.8101,-6.5312,3.3535,-0.4297
360622,0.4205,-0.2026,-0.7897,-6.0645,2.4434,-0.3984
360645,0.4188,-0.2017,-0.788,-5.5195,1.7109,-0.373
360668,0.4324,-0.2041,-0.7958,-4.5176,0.668,-0.3691
360691,0.452,-0.209,-0.8301,-3.8555,0.127,-0.416
360714,0.4498,-0.208,-0.8571,-3.0781,-0.3945,-0.5898
360737,0.4242,-0.2041,-0.8306,-2.7812,-0.5977,-0.748
360760,0.4119,-0.2004,-0.7904,-2.6602,-0.791,-0.9668
360783,0.4114,-0.1998,-0.7789,-2.8027,-0.8945,-1.0605
360806,0.4314,-0.1986,-0.801,-2.9824,-0.8945,-1.0391
360829,0.4396,-0.2002,-0.8378,-3.3477,-0.7637,-0.9297
360852,0.4458,-0.1993,-0.8575,-3.6582,-0.5937,-0.8457
360875,0.4451,-0.2013,-0.8433,-4.2031,-0.3105,-0.7383
360898,0.4332,-0.1987,-0.8293,-4.7148,-0.1367,-0.6523
360921,0.4225,-0.1985,-0.7963,-4.9512,-0.1289,-0.5898
360944,0.4209,-0.2013,-0.7916,-5.0703,-0.2578,-0.4727
360967,0.4395,-0.2058,-0.8151,-4.998,-0.3926,-0.3867
360990,0.4358,-0.2043,-0.8318,-4.7617,-0.5957,-0.2891
361013,0.4269,-0.1989,-0.825,-4.5059,-0.7441,-0.2559
361036,0.4238,-0.1969,-0.8225,-4.373,-0.7871,-0.2598
361059,0.4246,-0.1942,-0.8129,-4.25,-0.75,-0.2812
361082,0.4222,-0.1924,-0.8156,-4.2148,-0.6582,-0.3008
361105,0.4426,-0.1953,-0.8191,-4.2344,-0.4258,-0.3418
361128,0.4446,-0.1997,-0.8435,-4.2988,-0.2148,-0.3926
361151,0.4388,-0.2002,-0.8475,-4.4785,0.1484,-0.5176
361174,0.4359,-0.1969,-0.827,-4.7227,0.4883,-0.6816
361197,0.4275,-0.1967,-0.8086,-4.8652,0.6465,-0.7871
361220,0.4343,-0.1965,-0.8104,-4.9492,0.7266,-0.9043
361243,0.4327,-0.1967,-0.8158,-4.8965,0.6758,-0.9512
361266,0.4365,-0.1936,-0.8179,-4.6816,0.4746,-0.9961
361289,0.4412,-0.1932,-0.8436,-4.3906,0.1738,-1.0449
361312,0.4481,-0.1957,-0.8553,-4.207,-0.082,-1.0938
361335,0.4395,-0.1952,-0.8431,-3.9941,-0.5703,-1.1914
361358,0.4156,-0.194,-0.8236,-3.8828,-0.9629,-1.2598
361381,0.4149,-0.1967,-0.8032,-3.6992,-1.5918,-1.3281
361404,0.4303,-0.2008,-0.811,-3.4355,-2.1855,-1.3457
361427,0.4324,-0.2043,-0.8544,-3.2168,-2.5488,-1.3457
361450,0.4308,-0.2058,-0.848,-2.8789,-3.0879,-1.3535
361473,0.4226,-0.2052,-0.793,-2.6621,-3.4824,-1.3574
361496,0.382,-0.2053,-0.7759,-2.3184,-4.125,-1.3242
361519,0.4004,-0.2067,-0.7789,-2.0723,-4.5195,-1.1992
361542,0.4137,-0.2092,-0.7993,-1.7441,-4.8984,-1.0703
361565,0.4222,-0.2081,-0.8267,-1.6211,-4.8535,-0.8711
361588,0.4235,-0.2059,-0.8353,-1.7344,-4.5352,-0.7676
361611,0.427,-0.2004,-0.8309,-2.2324,-3.6504,-0.6855
361634,0.426,-0.1956,-0.8221,-2.752,-2.8516,-0.6816
361657,0.4275,-0.1953,-0.8296,-3.6992,-1.5078,-0.7266
361680,0.4176,-0.1919,-0.8353,-4.7031,-0.1816,-0.8105
361703,0.4325,-0.1938,-0.8424,-5.3418,0.6016,-0.873
361726,0.4426,-0.196,-0.8511,-6.1719,1.5098,-0.9648
361749,0.4286,-0.1959,-0.837,-6.5898,1.877,-1.0156
361772,0.4216,-0.1929,-0.8186,-6.9316,2.0508,-1.0645
361795,0.4309,-0.1969,-0.8195,-6.875,1.8496,-1.0605
361818,0.4365,-0.2015,-0.83,-6.627,1.5488,-1.0293
361841,0.4147,-0.1993,-0.808,-6.0312,0.9219,-0.9531
361864,0.4152,-0.1993,-0.7904,-5.5449,0.4512,-0.8828
361887,0.4314,-0.1998,-0.8219,-4.7871,-0.2012,-0.7598
361910,0.4375,-0.194,-0.8434,-4.3359,-0.5352,-0.6504
361933,0.4349,-0.1912,-0.8452,-3.8594,-0.8398,-0.6074
361956,0.429,-0.1919,-0.839,-3.6777,-0.9238,-0.584
361979,0.4171,-0.1949,-0.8234,-3.6934,-0.8926,-0.582
362002,0.4274,-0.194,-0.819,-3.8262,-0.7656,-0.5742
362025,0.4241,-0.1926,-0.8356,-3.9316,-0.6562,-0.5625
362048,0.4348,-0.1951,-0.8168,-4.0586,-0.5137,-0.541
362071,0.4257,-0.1992,-0.8241,-4.1133,-0.4727,-0.5293
362094,0.4299,-0.2002,-0.8328,-4.1035,-0.5117,-0.5352
362117,0.4222,-0.1982,-0.828,-4.0332,-0.6289,-0.5508
362140,0.4221,-0.1943,-0.8031,-3.957,-0.7129,-0.5625
362163,0.4236,-0.1973,-0.8109,-3.8184,-0.8164,-0.5566
362186,0.4182,-0.194,-0.8301,-3.6934,-0.8945,-0.5215
362209,0.4203,-0.1904,-0.8212,-3.6621,-0.9316,-0.4863
362232,0.4336,-0.1935,-0.8372,-3.7344,-0.9629,-0.4316
362255,0.4375,-0.1962,-0.8517,-3.873,-0.9746,-0.4102
362278,0.4237,-0.1957,-0.8473,-4.1934,-1.0078,-0.4141
362301,0.4213,-0.1937,-0.8317,-4.4434,-1.0488,-0.4492
362324,0.422,-0.1969,-0.8123,-4.7695,-1.1504,-0.4766
362347,0.4246,-0.1971,-0.8044,-4.918,-1.2988,-0.5
362370,0.4177,-0.1943,-0.8138,-4.8945,-1.3984,-0.502
362393,0.4294,-0.1908,-0.8306,-4.7187,-1.5078,-0.4863
362416,0.4274,-0.1906,-0.8521,-4.5684,-1.5449,-0.4746
362439,0.4023,-0.1935,-0.8491,-4.3984,-1.5488,-0.4629
362462,0.3976,-0.1941,-0.8287,-4.3379,-1.4688,-0.4531
362485,0.4058,-0.2026,-0.8451,-4.3398,-1.3652,-0.4512
362508,0.3828,-0.2175,-0.8779,-4.3613,-1.166,-0.4863
362531,0.3444,-0.2267,-0.8756,-4.377,-1.0195,-0.5723
362554,0.366,-0.2086,-0.8129,-4.4141,-0.8223,-0.8867
362577,0.417,-0.1888,-0.8422,-4.6289,-1.0293,-1.6543
362600,0.4141,-0.1547,-0.8591,-5.0684,-1.7891,-2.6074
362623,0.4011,-0.1306,-0.8517,-6.4883,-4.3496,-4.9219
362646,0.4182,-0.1052,-0.8053,-8.0215,-7.0977,-7.0801
362669,0.3669,-0.0859,-0.7764,-11.0664,-12.5859,-11.0977
362692,0.3292,-0.0637,-0.7781,-13.4043,-18.9219,-15.627
362715,0.3883,-0.0599,-0.8478,-17.0371,-23.0,-18.6543
362738,0.4581,-0.0681,-0.9694,-20.5977,-28.0918,-22.8496
362761,0.3956,-0.0741,-1.0262,-22.8926,-30.5332,-25.2344
362784,0.322,-0.0637,-0.9458,-26.0156,-32.4512,-27.7813
362807,0.2646,-0.0643,-0.844,-27.5586,-32.3633,-28.5332
362830,0.2999,-0.0782,-0.8826,-28.3789,-29.9883,-27.9688
362853,0.3364,-0.094,-0.887,-26.9688,-25.2988,-25.5215
362876,0.3411,-0.1039,-0.8916,-24.8281,-21.375,-23.1348
362899,0.3246,-0.1061,-0.8739,-20.2031,-15.1758,-18.959
362922,0.3333,-0.1136,-0.88,-16.5039,-11.377,-16.0566
362945,0.3018,-0.1226,-0.8373,-10.6582,-7.0293,-11.8887
362968,0.2798,-0.1205,-0.7753,-5.1406,-4.7383,-8.207
362991,0.2769,-0.1165,-0.7842,-1.9414,-4.2285,-6.0977
363014,0.2968,-0.1082,-0.8304,1.7266,-4.4648,-3.5059
363037,0.2955,-0.0924,-0.8494,3.1934,-4.9727,-2.1797
363060,0.2737,-0.0762,-0.8411,3.7129,-5.7578,-0.7695
363083,0.2823,-0.0626,-0.874,2.4648,-6.0273,0.0625
363106,0.2957,-0.054,-0.9049,0.4687,-5.7324,0.3711
363129,0.2863,-0.0441,-0.9156,-3.1641,-4.5508,0.5527
363152,0.2875,-0.0396,-0.9154,-5.8633,-3.3516,0.5215
363175,0.2959,-0.0365,-0.9205,-9.7422,-1.1816,0.2891
363198,0.2814,-0.0416,-0.9204,-11.9062,0.3105,0.0098
363221,0.2961,-0.0527,-0.8999,-14.1152,2.2832,-0.6055
363244,0.2992,-0.0527,-0.8719,-14.8281,3.6387,-1.4785
363267,0.3094,-0.0581,-0.8754,-14.459,4.1094,-2.207
363290,0.325,-0.0645,-0.882,-12.8672,4.1621,-3.4922
363313,0.3271,-0.0753,-0.8864,-11.332,3.8145,-4.4258
363336,0.3007,-0.0752,-0.8562,-8.7383,2.8887,-5.7852
363359,0.292,-0.0729,-0.8297,-6.1855,1.8125,-6.834
363382,0.3121,-0.0682,-0.8436,-4.6719,1.2148,-7.2305
363405,0.3369,-0.0648,-0.8689,-2.8984,0.7051,-7.293
363428,0.3325,-0.0574,-0.8857,-2.1445,0.6875,-6.9961
363451,0.3387,-0.0503,-0.8916,-1.7227,1.2012,-6.1113
363474,0.323,-0.0422,-0.8807,-2.0195,2.3906,-4.8027
363497,0.3091,-0.0406,-0.8694,-2.4629,3.541,-3.7578
363520,0.3433,-0.0514,-0.8849,-3.2324,5.6562,-2.0762
363543,0.3573,-0.0536,-0.8989,-3.7168,7.1406,-1.0078
363566,0.3505,-0.0557,-0.8809,-4.3203,9.0664,0.2715
363589,0.3749,-0.0566,-0.8793,-4.6289,9.9258,0.8105
363612,0.3674,-0.0558,-0.8828,-4.9355,10.3223,1.082
363635,0.3518,-0.0593,-0.8629,-5.0566,9.6094,0.7734
363658,0.3435,-0.066,-0.8551,-5.0254,8.6465,0.3516
363681,0.3361,-0.0704,-0.8346,-4.7949,6.8047,-0.3965
363704,0.3405,-0.0701,-0.8232,-4.5293,5.5195,-0.8574
363727,0.3401,-0.0665,-0.8297,-4.0352,3.8203,-1.3555
363750,0.3544,-0.0594,-0.8395,-3.5937,2.6211,-1.5742
363773,0.3763,-0.0555,-0.8644,-3.4492,2.1387,-1.5898
363796,0.3734,-0.0524,-0.8748,-3.6035,1.8535,-1.5
363819,0.3564,-0.0514,-0.8794,-3.9902,1.9141,-1.4063
363842,0.3564,-0.0466,-0.8761,-4.9238,2.2988,-1.2402
363865,0.3621,-0.0488,-0.8652,-6.0781,2.8613,-1.0684
363888,0.3766,-0.045,-0.866,-6.832,3.2266,-0.9766
363911,0.3754,-0.0426,-0.8822,-7.7656,3.6113,-0.9258
363934,0.3757,-0.0436,-0.8739,-8.1992,3.6953,-0.9609
363957,0.3722,-0.0428,-0.8625,-8.5098,3.5156,-1.0879
363980,0.3671,-0.041,-0.856,-8.4785,3.2168,-1.1797
364003,0.3754,-0.0422,-0.8615,-8.1016,2.5937,-1.2617
364026,0.3629,-0.0411,-0.8644,-7.4375,1.9063,-1.2344
364049,0.3683,-0.0421,-0.8414,-6.9121,1.4707,-1.1484
364072,0.3756,-0.0383,-0.8469,-6.1113,0.8848,-0.9453
364095,0.3724,-0.0387,-0.8553,-5.625,0.5566,-0.7891
364118,0.3761,-0.0371,-0.8655,-5.0605,0.1816,-0.5898
364141,0.3755,-0.0364,-0.8752,-4.7871,-0.0273,-0.5078
364164,0.3738,-0.0294,-0.8516,-4.7871,-0.0801,-0.543
364187,0.3496,-0.0249,-0.8542,-5.0117,-0.0527,-0.7148
364210,0.3491,-0.0261,-0.8463,-5.2656,0.0371,-0.8848
364233,0.3744,-0.0271,-0.849,-5.7187,0.2715,-1.2012
364256,0.3756,-0.0293,-0.8646,-6.1797,0.5996,-1.6191
364279,0.3756,-0.0306,-0.8567,-6.4492,0.8477,-1.959
364302,0.3628,-0.026,-0.8414,-6.7148,1.2402,-2.5098
364325,0.3491,-0.0215,-0.8184,-6.7461,1.5117,-2.8457
364348,0.3728,-0.0286,-0.8384,-6.5391,1.9141,-3.2109
364371,0.3761,-0.0352,-0.8516,-6.2695,2.1426,-3.3906
364394,0.3752,-0.036,-0.8152,-5.8145,2.3633,-3.4258
364417,0.3756,-0.036,-0.8094,-5.4473,2.4785,-3.3672
364440,0.3799,-0.0314,-0.8359,-5.3223,2.5547,-3.2539
364463,0.4003,-0.0267,-0.8636,-5.4297,2.7148,-2.9902
364486,0.4033,-0.0192,-0.8669,-5.75,2.8457,-2.7715
364509,0.3866,-0.0161,-0.8495,-6.6133,3.0371,-2.3926
364532,0.3798,-0.0022,-0.8661,-7.8008,3.1973,-1.9414
364555,0.3729,0.0105,-0.8774,-8.6719,3.2559,-1.5938
364578,0.3694,0.0148,-0.8767,-9.9473,3.1875,-1.0195
364601,0.3778,0.0133,-0.8728,-10.6758,2.9863,-0.6504
364624,0.3741,0.0177,-0.8556,-11.4238,2.3926,-0.2617
364647,0.3546,0.0105,-0.8784,-11.6465,1.4414,-0.293
364670,0.3695,0.0062,-0.8838,-11.5332,0.625,-0.6621
364693,0.3749,0.0137,-0.8721,-11.1426,-0.8906,-1.8633
364716,0.3439,0.0154,-0.8711,-10.8184,-2.1016,-3.0977
364739,0.3121,-0.0027,-0.8635,-10.3105,-4.0645,-5.4238
364762,0.3065,-0.0181,-0.8054,-9.9473,-5.7656,-7.9746
364785,0.2953,-0.0061,-0.7737,-9.3203,-6.457,-9.6113
364808,0.3571,0.0057,-0.7782,-8.5996,-6.459,-11.7344
364831,0.452,0.0026,-0.7856,-8.1875,-5.6152,-12.8418
364854,0.5659,-0.002,-0.8988,-8.1211,-3.0117,-14.0586
364877,0.5576,0.0043,-0.9606,-8.8066,-0.5664,-14.6719
364900,0.5648,0.0137,-0.9117,-11.3613,3.623,-15.4023
364923,0.5643,0.0398,-0.8016,-15.543,7.9062,-15.8574
364946,0.4604,0.0494,-0.7258,-18.8066,10.5859,-15.9668
364969,0.3447,0.0643,-0.7842,-23.7344,14.1895,-15.8574
364992,0.2888,0.11,-0.7362,-26.8496,16.3418,-15.7012
365015,0.3523,0.1504,-0.6935,-31.2285,19.3086,-15.7832
365038,0.385,0.1829,-0.7772,-35.4063,21.9531,-17.1758
365061,0.4341,0.2134,-0.8014,-38.2188,23.4473,-19.3574
365084,0.3969,0.2482,-0.8242,-42.5605,24.9648,-24.8125
365107,0.3547,0.2964,-0.7744,-45.3984,25.2695,-29.6777
365130,0.3192,0.325,-0.7543,-48.9668,24.3965,-37.8145
365153,0.3164,0.3497,-0.6771,-50.4805,21.875,-45.5352
365176,0.3387,0.3568,-0.7546,-51.0137,19.4023,-49.8125
365199,0.3805,0.3407,-0.8206,-49.5332,15.0703,-54.4395
365222,0.377,0.3361,-0.8217,-47.6836,12.0449,-56.2832
365245,0.365,0.3425,-0.7135,-43.9453,7.7227,-57.3242
365268,0.3999,0.3488,-0.6024,-40.877,5.1855,-56.9941
365291,0.4349,0.3394,-0.6606,-35.4844,2.1309,-55.1816
365314,0.3635,0.3583,-0.6666,-29.623,0.1543,-51.9434
365337,0.292,0.382,-0.752,-25.9355,-0.4238,-48.9473
365360,0.3491,0.4142,-0.7888,-21.4902,-0.0098,-43.1094
365383,0.4219,0.4156,-0.7745,-19.498,0.9375,-38.4434
365406,0.3563,0.4054,-0.74,-17.877,2.5957,-30.8906
365429,0.2782,0.3949,-0.6672,-17.375,3.8301,-23.5352
365452,0.3109,0.3894,-0.5984,-17.334,4.3437,-19.1758
365475,0.3892,0.3867,-0.6799,-17.3594,4.8203,-13.9961
365498,0.4084,0.3916,-0.6884,-17.3281,4.9473,-11.7012
365521,0.3295,0.3943,-0.7609,-17.0859,4.7656,-10.1777
365544,0.2902,0.4098,-0.7588,-16.7363,4.1035,-10.7949
365567,0.3024,0.4319,-0.7462,-15.9453,3.3203,-12.1582
365590,0.2839,0.4514,-0.6333,-15.0586,1.6152,-15.1777
365613,0.3412,0.4756,-0.6653,-14.5879,0.334,-17.5566
365636,0.301,0.5154,-0.7872,-14.2617,-1.4805,-21.2285
365659,0.2399,0.479,-0.7557,-14.334,-2.5449,-23.5449
365682,0.2556,0.4526,-0.7007,-14.8867,-3.5664,-26.5625
365705,0.2367,0.4935,-0.642,-16.0957,-3.2402,-28.6875
365728,0.2365,0.4896,-0.6394,-17.375,-2.082,-29.3809
365751,0.259,0.488,-0.6968,-20.1074,0.9375,-28.9961
365774,0.291,0.4983,-0.6348,-22.4141,3.4805,-27.6406
365797,0.3121,0.5336,-0.5745,-26.3301,7.0977,-23.9238
365820,0.344,0.5626,-0.6025,-30.2676,9.1191,-18.541
365843,0.2754,0.5298,-0.6168,-32.5625,9.0137,-14.4141
365866,0.2332,0.5306,-0.6193,-34.9941,6.5039,-8.207
365889,0.2728,0.5491,-0.6044,-35.707,3.4805,-4.5039
365912,0.2847,0.532,-0.5991,-35.2285,-2.5449,-0.127
365935,0.244,0.5336,-0.5995,-32.9043,-9.5527,2.5762
365958,0.2742,0.5391,-0.64,-30.582,-14.1289,3.457
365981,0.191,0.5447,-0.6482,-25.9785,-19.8262,3.6152
366004,0.2334,0.5316,-0.5836,-22.4473,-22.4121,3.1328
366027,0.2961,0.5393,-0.6283,-16.9453,-24.1992,1.959
366050,0.2711,0.5468,-0.6429,-13.4258,-24.0742,1.1406
366073,0.2402,0.5393,-0.6744,-8.7793,-22.2695,0.1406
366096,0.2354,0.5294,-0.6798,-5.2559,-19.1211,-0.5703
366119,0.2437,0.5427,-0.6337,-3.666,-16.6387,-0.9824
366142,0.2317,0.561,-0.609,-2.5039,-12.9414,-1.709
366165,0.2252,0.5476,-0.636,-2.5195,-10.7656,-2.377
366188,0.2305,0.5482,-0.5961,-3.5684,-8.1094,-3.7793
366211,0.2289,0.5542,-0.5918,-5.4746,-6.1191,-5.7051
366234,0.189,0.5516,-0.6104,-6.9297,-5.0762,-7.2383
366257,0.1401,0.5616,-0.6079,-8.9023,-3.8516,-9.709
366280,0.1449,0.5686,-0.6217,-9.8301,-3.2773,-11.2812
366303,0.1774,0.5566,-0.6428,-10.3516,-2.7402,-13.0977
366326,0.2036,0.5376,-0.6219,-9.7012,-2.3848,-13.6973
366349,0.2272,0.5289,-0.6498,-8.6562,-2.0996,-13.1582
366372,0.2517,0.552,-0.613,-6.3652,-1.3418,-10.7461
366395,0.2113,0.576,-0.6432,-4.5293,-0.5098,-8.1191
366418,0.2367,0.5371,-0.6504,-1.7227,1.2207,-3.0801
366441,0.2765,0.5345,-0.6458,-0.084,2.5645,0.5781
366464,0.2119,0.5485,-0.6227,1.6387,4.4492,5.6426
366487,0.2385,0.5527,-0.63,2.207,5.7988,9.2988
366510,0.2692,0.5532,-0.6285,1.8965,6.3457,10.6602
366533,0.2207,0.5529,-0.6431,0.416,6.6094,11.0371
366556,0.1763,0.5573,-0.6288,-1.209,6.3223,10.2949
366579,0.3118,0.5486,-0.5845,-4.4648,5.002,8.0273
366602,0.3179,0.5486,-0.5466,-8.3555,2.4824,4.8574
366625,0.2095,0.559,-0.5709,-10.9883,0.127,2.4375
366648,0.1361,0.5675,-0.6066,-14.3652,-4.2695,-1.5371
366671,0.1234,0.5604,-0.6289,-15.8457,-7.4727,-4.375
366694,0.1257,0.5618,-0.6044,-16.377,-11.8711,-8.6328
366717,0.174,0.5524,-0.5856,-14.5742,-14.7129,-12.1484
366740,0.2386,0.5359,-0.6213,-12.1035,-15.2656,-13.5527
366763,0.2435,0.5396,-0.6682,-6.8379,-13.7031,-13.6113
366786,0.2229,0.5458,-0.6824,-2.625,-11.0703,-12.1504
366809,0.2211,0.5424,-0.6663,3.9961,-5.2246,-7.9941
366832,0.2606,0.5286,-0.6975,8.1094,-0.5996,-2.3379
366855,0.2261,0.5406,-0.6833,12.9883,6.2891,1.5137
366878,0.2316,0.5352,-0.6725,15.5156,11.793,6.6602
366901,0.1884,0.5337,-0.6417,15.6172,14.0879,9.1953
366924,0.2219,0.5392,-0.5792,13.3535,14.9863,11.2715
366947,0.2653,0.5396,-0.604,10.4219,13.9023,11.4961
366970,0.2336,0.5291,-0.6315,4.5547,10.252,10.3555
366993,0.2288,0.5385,-0.6238,-1.9648,5.1797,7.918
367016,0.2102,0.5436,-0.5814,-6.0156,1.5742,5.8477
367039,0.1907,0.5374,-0.6187,-10.7988,-3.4414,2.4629
367062,0.2054,0.5302,-0.644,-12.7715,-6.1445,0.2656
367085,0.2283,0.5331,-0.6578,-13.6094,-8.7129,-2.5059
367108,0.2357,0.5271,-0.6499,-11.9844,-9.1797,-4.1953
367131,0.2358,0.5316,-0.6466,-9.7832,-8.3457,-4.5801
367154,0.2499,0.5381,-0.6848,-5.4414,-5.6973,-4.0762
367177,0.2462,0.5249,-0.6635,-2.3008,-3.3203,-3.1719
367200,0.231,0.5286,-0.6523,2.0,0.4414,-1.3945
367223,0.2308,0.5317,-0.6498,4.2012,2.6211,0.2832
367246,0.2076,0.5303,-0.6523,6.0508,4.7363,1.0664
367269,0.2153,0.5319,-0.6385,5.9707,5.0762,1.5078
367292,0.2152,0.5333,-0.6082,4.9238,4.3203,1.3066
367315,0.2158,0.5287,-0.6252,2.2305,2.0195,0.4238
367338,0.2018,0.5332,-0.6304,0.002,0.0137,-0.3945
367361,0.2202,0.5315,-0.6331,-3.377,-3.0625,-1.6582
367384,0.2268,0.5292,-0.6329,-6.1211,-5.502,-2.6348
367407,0.2202,0.5223,-0.6511,-7.3203,-6.4863,-3.0039
367430,0.2196,0.5234,-0.6674,-7.9707,-6.7988,-3.0918
367453,0.2136,0.5256,-0.6597,-7.6348,-6.2598,-2.8809
367476,0.2194,0.5266,-0.6637,-6.166,-4.6035,-2.3008
367499,0.2209,0.5214,-0.6586,-3.9609,-2.418,-1.5957
367522,0.2162,0.5266,-0.6497,-2.3594,-0.9512,-1.1426
367545,0.2249,0.5261,-0.6499,-0.1621,0.9023,-0.5801
367568,0.2141,0.5245,-0.6421,0.9805,1.793,-0.3105
367591,0.2319,0.5199,-0.6415,2.0254,2.5703,-0.0723
367614,0.2112,0.5236,-0.6571,2.25,2.75,-0.0039
367637,0.2223,0.5134,-0.6646,1.9668,2.6133,-0.0137
367660,0.2234,0.5146,-0.6711,1.1484,2.1465,-0.0449
367683,0.219,0.5128,-0.6593,0.4395,1.7285,-0.0566
367706,0.2169,0.5149,-0.6584,-0.6699,1.0313,-0.0547
367729,0.2168,0.5131,-0.6544,-1.3457,0.5566,-0.0391
367752,0.2148,0.5142,-0.64,-2.1387,-0.1348,0.0117
367775,0.2139,0.5154,-0.6615,-2.5625,-0.791,0.125
367798,0.2177,0.5018,-0.662,-2.5996,-1.2051,0.2637
367821,0.1903,0.5078,-0.6809,-2.2422,-1.8262,0.6035
367844,0.1803,0.5178,-0.6552,-1.707,-2.3223,0.9355
367867,0.2015,0.5422,-0.6154,-0.4648,-3.4082,1.6641
367890,0.238,0.6328,-0.5607,1.2207,-4.9883,2.875
367913,0.2487,0.615,-0.6906,2.4922,-6.1289,4.1523
367936,0.2639,0.5624,-0.6699,4.2637,-7.5273,7.0781
367959,0.2944,0.4745,-0.6726,5.0234,-8.0059,9.709
367982,0.3145,0.4069,-0.6373,4.9258,-7.7695,14.1953
368005,0.3301,0.391,-0.6908,3.8164,-6.5234,18.2656
368028,0.2947,0.4257,-0.693,0.6562,-5.4473,20.1426
368051,0.2699,0.4741,-0.6796,-3.5723,-3.8809,21.1172
368074,0.2922,0.5249,-0.717,-6.4004,-3.0703,20.459
368097,0.3297,0.5238,-0.696,-9.8574,-2.3652,17.834
368120,0.3298,0.5016,-0.6655,-11.373,-2.1309,15.4355
368143,0.1876,0.5166,-0.6519,-12.4746,-1.541,12.0215
368166,0.1487,0.4937,-0.6801,-12.6504,0.2832,10.2617
368189,0.1747,0.5238,-0.6722,-12.582,2.4687,10.4883
368212,0.1714,0.5717,-0.6687,-12.5254,6.9902,12.7969
368235,0.2498,0.5598,-0.8898,-12.5469,10.4004,15.166
368258,0.3434,0.5833,-0.9028,-12.334,15.0547,18.8066
368281,0.3333,0.5636,-0.8358,-10.6016,17.8984,21.3066
368304,0.3372,0.5336,-0.7871,-7.6582,18.3398,21.959
368327,0.3698,0.498,-0.7828,0.6504,16.582,21.4297
368350,0.3773,0.4506,-0.7804,9.1035,13.7812,20.3066
368373,0.3353,0.369,-0.752,25.877,7.4648,18.0371
368396,0.3876,0.2931,-0.7189,39.2031,-0.1543,15.7988
368419,0.4398,0.2352,-0.7688,60.8105,-5.1133,14.6895
368442,0.4021,0.1898,-0.7865,63.998,-11.4238,14.1113
368465,0.3608,0.1489,-0.8197,63.998,-14.5254,14.7832
368488,0.2942,0.0918,-0.7708,63.998,-17.0313,17.8633
368511,0.3253,0.0425,-0.7438,63.998,-16.8848,21.3867
368534,0.3286,-0.0215,-0.6935,63.998,-13.4121,28.5547
368557,0.3624,-0.0845,-0.6658,63.998,-6.1055,37.1992
368580,0.3684,-0.1251,-0.6653,63.998,0.5703,43.3027
368603,0.3054,-0.1708,-0.6193,63.998,12.7324,52.3555
368626,0.3746,-0.2518,-0.6368,63.998,22.041,58.0273
368649,0.5161,-0.3137,-0.6808,63.998,37.1953,63.998
368672,0.6223,-0.3375,-0.6901,63.998,52.1113,63.998
368695,0.6572,-0.3369,-0.7395,63.998,60.5996,63.998
368718,0.6334,-0.3264,-0.7783,63.998,63.998,63.998
368741,0.6263,-0.3203,-0.7769,63.998,63.998,63.998
368764,0.5864,-0.306,-0.7772,63.998,63.998,56.9355
368787,0.5603,-0.2892,-0.7772,54.041,63.998,46.582
368810,0.6091,-0.2501,-0.7775,43.9434,58.377,39.2344
368833,0.6058,-0.2773,-0.7772,29.125,46.5762,28.4258
368856,0.5958,-0.2719,-0.7772,20.1738,37.8828,21.7637
368879,0.5759,-0.2681,-0.7772,8.7832,24.8789,13.1289
368902,0.5868,-0.2634,-0.7719,2.8457,16.9336,8.4941
368925,0.6051,-0.2751,-0.7751,-3.2988,7.0078,3.375
368948,0.6357,-0.2874,-0.7778,-6.2305,-0.0332,0.3418
368971,0.6453,-0.2883,-0.798,-6.6621,-3.166,-0.6699
368994,0.6565,-0.2948,-0.8243,-5.5937,-5.9492,-0.9277
369017,0.6901,-0.3237,-0.9044,-4.0684,-6.8359,-0.3887
369040,0.6842,-0.3411,-0.9249,-1.084,-7.2559,1.291
369063,0.6873,-0.3661,-0.9156,2.2891,-7.2715,3.8633
369086,0.7262,-0.3961,-0.8887,4.6445,-7.418,6.0234
369109,0.7061,-0.4237,-0.8348,8.4082,-8.168,9.8711
369132,0.6769,-0.4515,-0.7764,11.1816,-9.0371,12.8359
369155,0.7216,-0.4871,-0.7776,15.8535,-10.75,17.9238
369178,0.714,-0.5172,-0.7742,20.998,-12.8437,23.834
369201,0.655,-0.5443,-0.7125,24.4785,-14.4043,28.2539
369224,0.6404,-0.5614,-0.6846,29.3359,-16.709,35.6328
369247,0.5986,-0.5735,-0.6722,32.0527,-18.0254,41.0332
369270,0.5305,-0.5841,-0.642,34.8789,-19.5,49.7715
369293,0.5482,-0.6071,-0.6528,35.7227,-20.1563,55.9277
369316,0.5032,-0.6182,-0.6537,35.2363,-20.8633,63.998
369339,0.4071,-0.6082,-0.6125,32.7012,-21.5488,63.998
369362,0.3197,-0.6011,-0.582,30.0566,-22.002,63.998
369385,0.2679,-0.6072,-0.6136,25.0547,-22.3301,63.998
369408,0.2408,-0.5889,-0.6345,21.209,-22.0508,63.998
369431,0.1782,-0.5706,-0.6125,14.8652,-20.7324,63.998
369454,0.1378,-0.5508,-0.5709,8.0664,-18.5547,63.998
369477,0.0961,-0.5302,-0.5157,3.4805,-16.7539,63.998
369500,0.0078,-0.5255,-0.5465,-3.1426,-13.5664,63.998
369523,-0.0798,-0.5206,-0.6107,-7.293,-10.9941,63.998
369546,-0.0632,-0.5336,-0.6581,-13.1953,-6.248,63.998
369569,0.0295,-0.5386,-0.641,-18.875,-0.6445,63.998
369592,0.0073,-0.5403,-0.6542,-22.5332,3.2012,63.998
369615,-0.0083,-0.5554,-0.7548,-27.7227,8.5273,63.998
369638,0.0198,-0.5547,-0.7805,-30.959,11.5215,63.998
369661,0.0886,-0.5554,-0.7766,-35.4902,14.834,63.998
369684,0.1483,-0.5574,-0.816,-38.2539,16.1387,63.998
369707,0.1183,-0.5632,-0.8973,-41.8906,16.7754,63.998
369730,0.0848,-0.5616,-0.9216,-44.8047,16.1855,58.8828
369753,0.1321,-0.5607,-0.931,-46.3066,15.3848,49.9453
369776,0.1678,-0.5548,-0.903,-47.8438,13.8242,38.2832
369799,0.0989,-0.5485,-0.8717,-48.3516,12.6133,31.9785
369822,0.0585,-0.5399,-0.8439,-48.3066,10.707,25.0234
369845,0.0842,-0.5483,-0.8771,-47.4375,8.9668,21.0684
369868,0.0818,-0.5311,-0.9067,-46.582,7.9941,19.8809
369891,0.0464,-0.5012,-0.9277,-45.2148,6.834,19.6836
369914,0.0562,-0.4684,-0.8885,-44.3691,6.248,20.2148
369937,0.0769,-0.4658,-0.8497,-43.1855,5.5957,21.332
369960,0.1232,-0.4867,-0.8978,-41.8887,5.1387,22.1836
369983,0.1093,-0.4558,-0.8737,-40.8242,4.9512,22.3652
370006,0.074,-0.4324,-0.8284,-38.7148,4.9414,21.9824
370029,0.0306,-0.4447,-0.8141,-36.8672,5.207,21.377
370052,0.0472,-0.4432,-0.7976,-33.3945,6.1387,20.1484
370075,0.1041,-0.4561,-0.8591,-30.6895,7.0879,18.6445
370098,0.172,-0.4501,-0.8862,-26.291,8.7559,17.4551
370121,0.1948,-0.4258,-0.8459,-21.7285,10.4414,15.3437
370144,0.0626,-0.4178,-0.8342,-18.625,11.5078,13.7969
370167,0.0741,-0.4177,-0.8909,-13.8457,13.1777,11.6191
370190,0.1674,-0.4431,-0.9124,-10.5918,14.4277,10.4551
370213,0.1899,-0.4531,-0.8866,-5.6992,16.3516,9.2246
370236,0.0742,-0.449,-0.7991,-0.8184,17.9375,8.5059
370259,0.0065,-0.4379,-0.8452,2.4785,18.7617,8.2363
370282,0.2863,-0.4972,-0.8682,7.5469,20.0742,7.8145
370305,0.2247,-0.5236,-0.8739,11.0215,21.4512,7.2266
370328,0.2819,-0.5483,-0.8936,16.4648,24.7676,5.7266
370351,0.0933,-0.5925,-0.782,22.3496,28.8867,3.7891
370374,0.2909,-0.4979,-0.8317,26.5664,31.0684,2.4824
370397,0.2096,-0.4656,-0.9077,33.1406,31.1641,0.6797
370420,0.1757,-0.4402,-0.8927,37.3672,28.2188,-0.3633
370443,0.0569,-0.5223,-0.8202,42.5645,19.8672,-1.5996
370466,0.2452,-0.55,-0.7921,44.6094,13.0898,-2.4336
370489,0.1542,-0.5291,-0.7793,44.6309,3.3691,-2.8906
370512,0.181,-0.4237,-0.7064,40.7148,-4.666,-3.7109
370535,-0.0157,-0.6138,-1.156,36.0645,-8.7793,-4.584
370558,0.2935,-0.5444,-1.0857,26.4512,-12.7148,-6.9141
370581,0.3193,-0.5811,-0.9116,19.0352,-14.3008,-9.5273
370604,0.2227,-0.6079,-0.8109,8.6055,-16.4414,-15.459
370627,0.084,-0.5937,-0.7307,1.6367,-19.1836,-23.5059
370650,-0.0392,-0.569,-0.6821,-0.1855,-21.4121,-29.5938
370673,-0.0901,-0.5488,-0.679,1.2129,-25.3555,-39.2383
370696,0.0167,-0.5553,-0.7085,4.0605,-28.6387,-45.9961
370719,0.1089,-0.5515,-0.661,8.957,-35.4512,-57.041
370742,0.1272,-0.5288,-0.6151,11.8828,-45.3652,-64.0
370765,0.0472,-0.4769,-0.5693,11.6152,-53.5645,-64.0
370788,-0.019,-0.4205,-0.6003,7.0293,-64.0,-64.0
370811,0.0458,-0.4121,-0.667,1.0566,-64.0,-64.0
370834,0.1732,-0.415,-0.6495,-11.9902,-64.0,-64.0
370857,0.1907,-0.4097,-0.6284,-22.9336,-64.0,-64.0
370880,0.1721,-0.3708,-0.6056,-41.4492,-64.0,-64.0
370903,0.1791,-0.2932,-0.5967,-60.6895,-64.0,-64.0
370926,0.2202,-0.2017,-0.6301,-64.0,-64.0,-64.0
370949,0.2634,-0.1495,-0.7819,-64.0,-64.0,-64.0
370972,0.3251,-0.1124,-0.9092,-64.0,-64.0,-64.0
370995,0.3853,-0.0905,-0.9653,-64.0,-50.7813,-64.0
371018,0.4072,-0.01,-0.9214,-64.0,-30.5879,-64.0
371041,0.4128,0.0901,-0.9406,-64.0,-17.2773,-64.0
371064,0.3705,0.0995,-1.0574,-64.0,1.25,-64.0
371087,0.3494,0.1023,-1.0682,-64.0,12.2051,-64.0
371110,0.3856,0.213,-0.8981,-64.0,26.1152,-64.0
371133,0.3978,0.2758,-0.9042,-64.0,36.7129,-64.0
371156,0.3306,0.2913,-0.978,-64.0,41.8789,-64.0
371179,0.3141,0.298,-0.9707,-64.0,47.0625,-52.5293
371202,0.3174,0.354,-0.9193,-64.0,49.1426,-40.9883
371225,0.3296,0.4014,-0.9039,-64.0,50.7148,-25.5195
371248,0.3428,0.387,-0.946,-64.0,50.7773,-13.4844
371271,0.4065,0.3553,-1.014,-64.0,50.0508,-7.7988
371294,0.4824,0.3582,-1.0009,-64.0,47.5566,-2.877
371317,0.4283,0.4148,-0.8538,-64.0,44.5996,-1.7148
371340,0.3416,0.4419,-0.7712,-64.0,37.8438,-2.0664
371363,0.2676,0.4424,-0.7789,-64.0,31.9844,-2.8965
371386,0.2544,0.4171,-0.7771,-64.0,22.1094,-3.8457
371409,0.2893,0.3866,-0.7788,-56.9512,12.2598,-3.7656
371432,0.2568,0.3977,-0.7087,-51.1523,6.209,-3.1719
371455,0.254,0.4189,-0.5916,-41.9785,-1.6738,-1.9355
371478,0.2957,0.4277,-0.6379,-35.8574,-5.9453,-1.25
371501,0.3296,0.4338,-0.778,-27.3984,-10.6914,-0.9863
371524,0.3114,0.4481,-0.7678,-20.7754,-13.5625,-1.9434
371547,0.2886,0.4833,-0.672,-17.6992,-14.5801,-3.1719
371570,0.2762,0.5016,-0.6375,-14.9883,-14.9004,-5.4707
371593,0.269,0.4998,-0.6946,-14.2168,-14.3672,-7.0215
371616,0.2288,0.4937,-0.7219,-14.2266,-12.6074,-9.002
371639,0.2863,0.4894,-0.7029,-15.3477,-10.1465,-10.373
371662,0.3224,0.491,-0.7018,-16.4219,-8.5,-10.9961
371685,0.3093,0.4904,-0.7461,-18.4219,-6.6426,-11.6777
371708,0.2629,0.5267,-0.7827,-19.7891,-6.0762,-12.0254
371731,0.2169,0.5223,-0.7321,-21.5098,-6.4238,-12.3437
371754,0.2285,0.4976,-0.6526,-22.2031,-7.3086,-12.3633
371777,0.2454,0.4836,-0.6763,-22.3516,-9.0605,-12.0449
371800,0.2308,0.4711,-0.7031,-21.5566,-10.6797,-11.3691
371823,0.2578,0.4315,-0.7686,-20.7051,-11.3984,-10.8105
371846,0.2479,0.4263,-0.7267,-19.4023,-11.7129,-9.9414
371869,0.2362,0.4602,-0.6777,-18.7461,-11.4512,-9.3594
371892,0.2236,0.4988,-0.6616,-18.25,-10.7109,-8.4727
371915,0.2024,0.4961,-0.7021,-18.293,-9.998,-7.6289
371938,0.2047,0.4967,-0.7721,-18.5059,-9.5605,-7.1738
371961,0.1989,0.4995,-0.735,-18.9238,-8.7695,-6.7969
371984,0.1685,0.4998,-0.6125,-19.2188,-8.1621,-6.8027
372007,0.1858,0.5199,-0.614,-19.7051,-7.3613,-7.1816
372030,0.201,0.5311,-0.6697,-20.0664,-6.8105,-7.8477
372053,0.1949,0.5333,-0.6687,-20.5723,-6.459,-8.3359
372076,0.1752,0.5405,-0.6182,-20.8789,-5.6602,-8.9941
372099,0.1694,0.5406,-0.6647,-20.9297,-4.8652,-9.3398
372122,0.1913,0.5397,-0.6576,-20.8125,-3.2988,-9.6875
372145,0.2017,0.5325,-0.6317,-20.6465,-2.0371,-9.7969
372168,0.1891,0.5583,-0.6287,-20.3516,0.1289,-9.7793
372191,0.2012,0.5654,-0.6267,-20.0547,2.6758,-9.5918
372214,0.1913,0.5649,-0.6471,-19.873,4.6523,-9.4141
372237,0.1833,0.5637,-0.629,-19.6445,8.0625,-9.125
372260,0.2026,0.5597,-0.5999,-19.5547,10.5273,-8.9434
372283,0.1945,0.5662,-0.5951,-19.5918,14.0996,-8.6992
372306,0.1935,0.5787,-0.6346,-19.8516,16.9707,-8.4746
372329,0.1937,0.5791,-0.587,-20.1133,18.1719,-8.3145
372352,0.1913,0.5876,-0.5277,-20.5449,18.4805,-8.0117
372375,0.198,0.589,-0.5653,-20.7988,17.6035,-7.7305
372398,0.1969,0.5879,-0.5798,-20.9727,15.0234,-7.1211
372421,0.2234,0.592,-0.5665,-20.6758,11.8828,-6.2187
372444,0.217,0.6182,-0.5441,-20.1094,10.0059,-5.4492
372467,0.2146,0.5958,-0.5752,-18.6406,7.9863,-4.1152
372490,0.238,0.5815,-0.5673,-17.2715,7.2695,-3.1875
372513,0.2092,0.5931,-0.5541,-14.7383,7.1055,-1.9004
372536,0.2113,0.5874,-0.548,-12.8223,7.5137,-0.6934
372559,0.2543,0.5848,-0.5531,-9.7949,8.6543,-0.459
372582,0.2358,0.5917,-0.5897,-6.8242,9.9844,-0.1289
372605,0.2247,0.5718,-0.5984,-4.9922,10.7539,-0.123
372628,0.2496,0.5575,-0.5582,-2.6094,11.4824,-0.4199
372651,0.2449,0.584,-0.5973,-1.3398,11.5332,-0.8164
372674,0.2069,0.5615,-0.5829,-0.0059,10.6934,-1.7227
372697,0.1984,0.6116,-0.6055,0.6191,8.6738,-3.0488
372720,0.2303,0.6409,-0.597,0.6738,6.6836,-4.1719
372743,0.2083,0.6096,-0.5426,0.3125,2.6484,-6.1328
372766,0.1609,0.58,-0.6133,-0.1758,-0.7207,-7.5469
372789,0.1296,0.5782,-0.6075,-1.1563,-6.2754,-9.6836
372812,0.1785,0.5996,-0.5952,-2.1562,-11.4082,-11.5859
372835,0.1526,0.6252,-0.6246,-2.627,-14.1328,-12.5312
372858,0.1449,0.5967,-0.5919,-2.7363,-16.8008,-13.1836
372881,0.1615,0.5901,-0.6217,-2.2754,-17.5527,-12.9824
372904,0.1903,0.5861,-0.6244,-0.6816,-17.1641,-11.6094
372927,0.1667,0.606,-0.6467,0.9688,-16.0488,-9.4941
372950,0.1388,0.5853,-0.5715,4.1602,-13.6543,-6.7559
372973,0.1523,0.6375,-0.475,7.8418,-11.2305,-2.957
372996,0.1296,0.6083,-0.5535,10.2852,-9.9492,-0.2324
373019,0.1041,0.657,-0.6499,13.5352,-8.6816,4.2852
373042,0.1169,0.6289,-0.9771,15.3047,-8.0586,7.6562
373065,0.2584,0.6536,-0.9755,17.5703,-6.8437,13.0762
373088,0.2509,0.6093,-0.7961,20.6758,-5.1621,18.4023
373111,0.2635,0.5225,-0.6908,24.3438,-4.0664,21.668
373134,0.2886,0.4286,-0.6865,33.6387,-3.0801,26.043
373157,0.2399,0.325,-0.6899,42.5391,-3.123,28.6523
373180,0.2097,0.2544,-0.6564,59.0,-4.2246,32.3457
373203,0.2191,0.1907,-0.7181,63.998,-6.0918,36.1348
373226,0.2633,0.1576,-0.7607,63.998,-7.5566,38.875
373249,0.2938,0.141,-0.7749,63.998,-10.0781,43.377
373272,0.2487,0.1174,-0.778,63.998,-11.9199,46.584
373295,0.2168,0.0593,-0.8077,63.998,-14.3086,51.5156
373318,0.2256,-0.0031,-0.8365,63.998,-15.0605,56.1738
373341,0.2974,-0.0342,-0.7788,63.998,-14.3516,58.7715
373364,0.3542,-0.0587,-0.8058,63.998,-11.9121,61.2305
373387,0.3252,-0.0844,-0.86,63.998,-9.9141,61.5918
373410,0.2576,-0.1129,-0.8627,63.998,-6.7676,60.0742
373433,0.2832,-0.1443,-0.8367,63.998,-4.3848,57.9082
373456,0.3623,-0.1721,-0.7731,63.998,-0.0371,53.6016
373479,0.4113,-0.1772,-0.7853,63.7969,5.0898,48.8574
373502,0.3781,-0.1715,-0.845,58.2754,8.6152,45.8652
373525,0.3364,-0.1418,-0.8364,50.8613,13.4844,42.2148
373548,0.2866,-0.0973,-0.7747,46.2559,16.3301,40.6016
373571,0.304,-0.0715,-0.7931,39.4746,20.2559,39.5625
373594,0.3798,-0.0758,-0.915,32.3242,24.1289,39.7559
373617,0.4186,-0.0807,-1.0231,26.9941,26.6152,40.0352
373640,0.462,-0.073,-0.98,17.8379,29.5586,39.752
373663,0.4399,-0.0651,-0.9423,11.1348,30.5684,38.7109
373686,0.3948,-0.0724,-0.9777,1.0898,30.3633,35.6758
373709,0.374,-0.0764,-0.9045,-4.9043,28.1797,31.2129
373732,0.3776,-0.0879,-0.8004,-11.6797,26.2344,27.7871
373755,0.3828,-0.1107,-0.7753,-14.8418,22.4707,22.4727
373778,0.4307,-0.1316,-0.8092,-14.8398,19.7852,19.0039
373801,0.4415,-0.1429,-0.8488,-12.293,15.7051,14.0508
373824,0.4319,-0.1543,-0.8534,-9.5273,13.041,10.9434
373847,0.4258,-0.1683,-0.8519,-4.8789,9.3594,6.6504
373870,0.4293,-0.1722,-0.8268,-0.6152,6.3086,2.9668
373893,0.4434,-0.162,-0.819,1.707,4.6973,0.9707
373916,0.4093,-0.1625,-0.8413,4.2676,2.9297,-1.1953
373939,0.4078,-0.1641,-0.8376,5.3633,2.1738,-2.0449
373962,0.4271,-0.1642,-0.7788,6.2129,1.6738,-2.4863
373985,0.438,-0.1669,-0.7771,6.3633,1.8867,-2.1738
374008,0.4415,-0.1716,-0.7897,6.2051,2.3301,-1.7363
374031,0.4513,-0.1833,-0.8541,5.6445,3.2324,-1.0293
374054,0.4503,-0.1853,-0.8319,5.0527,3.8457,-0.6523
374077,0.4481,-0.1804,-0.791,3.9199,4.5664,-0.3145
374100,0.4302,-0.1801,-0.7758,3.1191,4.9961,-0.207
374123,0.4462,-0.1794,-0.7777,2.0684,5.1953,-0.1992
374146,0.462,-0.1836,-0.7802,1.3223,5.4629,-0.2012
374169,0.4728,-0.1902,-0.814,0.9512,5.6191,-0.2031
374192,0.4803,-0.1882,-0.822,0.4082,5.7715,-0.2109
374215,0.4589,-0.1853,-0.7915,-0.0312,5.8047,-0.2168
374238,0.4591,-0.1746,-0.7753,-0.8418,5.8027,-0.1816
374261,0.4596,-0.1665,-0.8008,-1.7578,5.8262,-0.0508
374284,0.4568,-0.1631,-0.8068,-2.3887,5.8691,0.0918
374307,0.481,-0.1632,-0.8291,-3.3281,5.9629,0.3379
374330,0.4761,-0.1676,-0.8264,-3.9238,6.0176,0.4824
374353,0.4749,-0.1641,-0.8071,-4.7129,6.0293,0.6113
374376,0.4637,-0.1678,-0.7795,-5.25,5.9238,0.6172
374399,0.4814,-0.17,-0.7771,-5.4102,5.8242,0.5566
374422,0.4832,-0.1796,-0.7854,-5.3418,5.6914,0.3633
374445,0.4871,-0.1888,-0.8213,-5.1504,5.6016,0.168
374468,0.4972,-0.1868,-0.8041,-4.7988,5.3848,-0.2051
374491,0.4857,-0.1804,-0.7759,-4.5879,4.9687,-0.6113
374514,0.4741,-0.1747,-0.7778,-4.332,4.5781,-0.8535
374537,0.4755,-0.1716,-0.7772,-4.1367,3.9062,-1.1074
374560,0.4801,-0.1678,-0.778,-4.0332,3.4687,-1.1816
374583,0.5059,-0.1686,-0.8,-3.957,2.9336,-1.1758
374606,0.5149,-0.1752,-0.8552,-3.9805,2.6816,-1.1191
374629,0.5044,-0.1692,-0.8224,-4.1445,2.4062,-0.998
374652,0.4668,-0.1708,-0.7953,-4.3398,2.1348,-0.8184
374675,0.4777,-0.1716,-0.7754,-4.3711,1.9434,-0.6445
374698,0.4917,-0.175,-0.7778,-4.123,1.5996,-0.3066
374721,0.4733,-0.1801,-0.7772,-3.7422,1.2813,-0.0703
374744,0.4893,-0.1865,-0.7773,-2.959,0.6699,0.2187
374767,0.4904,-0.1886,-0.7799,-2.1543,0.0078,0.3437
374790,0.4808,-0.1865,-0.7828,-1.7305,-0.3965,0.3145
374813,0.4877,-0.1865,-0.7792,-1.3789,-0.8887,0.1426
374836,0.4841,-0.1836,-0.7772,-1.3516,-1.123,-0.0176
374859,0.4746,-0.1801,-0.7772,-1.5742,-1.293,-0.2598
374882,0.4735,-0.177,-0.7773,-2.3535,-1.2109,-0.4355
374905,0.4932,-0.1766,-0.7799,-2.4043,-1.0117,-0.502
374928,0.4998,-0.1758,-0.8219,-3.084,-0.5625,-0.5508
374951,0.4919,-0.1729,-0.8258,-3.5996,-0.2324,-0.5723
374974,0.491,-0.1718,-0.7792,-4.3926,0.1992,-0.5918
374997,0.4867,-0.174,-0.7773,-4.8457,0.4043,-0.5918
375020,0.4901,-0.1816,-0.7772,-5.2754,0.5703,-0.5723
375043,0.4866,-0.1837,-0.7772,-5.3379,0.584,-0.5449
375066,0.4802,-0.1832,-0.7772,-5.2012,0.5352,-0.5391
375089,0.4954,-0.1842,-0.7786,-4.8359,0.4141,-0.5566
375112,0.4978,-0.1819,-0.7789,-4.5566,0.3066,-0.5898
375135,0.4812,-0.1779,-0.7772,-4.1816,0.0996,-0.6562
375158,0.4852,-0.1774,-0.7772,-3.9277,-0.1133,-0.7051
375181,0.4973,-0.1758,-0.7772,-3.8418,-0.2109,-0.7168
375204,0.4971,-0.1731,-0.7781,-3.8633,-0.2305,-0.7109
375227,0.5105,-0.1735,-0.8125,-3.9863,-0.1543,-0.7051
375250,0.5101,-0.1764,-0.8386,-4.3203,0.0469,-0.7148
375273,0.4926,-0.1752,-0.793,-4.7539,0.2266,-0.7285
375296,0.4694,-0.1759,-0.775,-4.9961,0.2852,-0.7148
375319,0.4702,-0.1769,-0.7778,-5.1191,0.2715,-0.6191
375342,0.4774,-0.1813,-0.7772,-4.9883,0.2187,-0.5078
375365,0.4962,-0.1812,-0.7775,-4.5371,0.127,-0.3379
375388,0.5071,-0.1802,-0.7948,-4.1797,0.0879,-0.2695
375411,0.4932,-0.1718,-0.8153,-3.7598,0.0703,-0.2891
375434,0.4943,-0.1667,-0.7782,-3.6035,0.0879,-0.4277
375457,0.4939,-0.171,-0.7789,-3.6309,0.1152,-0.5527
375480,0.498,-0.1771,-0.7808,-3.7852,0.1895,-0.75
375503,0.4974,-0.1807,-0.7766,-3.918,0.252,-0.8789
375526,0.4973,-0.1841,-0.7775,-4.084,0.3418,-1.0566
375549,0.5077,-0.1836,-0.7783,-4.1621,0.4062,-1.2051
375572,0.502,-0.179,-0.783,-4.168,0.4023,-1.2734
375595,0.4827,-0.1783,-0.7764,-4.1113,0.2617,-1.3008
375618,0.4733,-0.1755,-0.7775,-4.0332,0.0801,-1.248
375641,0.4742,-0.1764,-0.7771,-3.8613,-0.25,-1.0586
375664,0.493,-0.1741,-0.7775,-3.6797,-0.4941,-0.7969
375687,0.5125,-0.1769,-0.7889,-3.6035,-0.5371,-0.6367
375710,0.5249,-0.1766,-0.8352,-3.6504,-0.4121,-0.5
375733,0.5153,-0.1741,-0.8031,-3.8164,-0.252,-0.498
375756,0.4893,-0.1709,-0.7778,-4.2051,-0.002,-0.5918
375779,0.4818,-0.1715,-0.7773,-4.4727,0.1387,-0.6738
375802,0.5004,-0.1749,-0.7773,-4.748,0.2871,-0.7598
375825,0.51,-0.1785,-0.7776,-4.7988,0.3594,-0.791
375848,0.509,-0.1794,-0.7939,-4.7227,0.3594,-0.7969
375871,0.4974,-0.1787,-0.7882,-4.5156,0.2734,-0.7949
375894,0.483,-0.1743,-0.7754,-4.3418,0.1504,-0.7773
375917,0.4734,-0.1753,-0.7777,-4.0254,-0.1055,-0.6973
375940,0.4906,-0.1757,-0.7772,-3.6582,-0.3496,-0.5645
375963,0.5166,-0.1794,-0.7795,-3.4316,-0.4629,-0.4824
375986,0.5172,-0.1859,-0.7882,-3.2285,-0.5312,-0.4375
376009,0.5067,-0.181,-0.7817,-3.2324,-0.5156,-0.4746
376032,0.4901,-0.1733,-0.7765,-3.4316,-0.4297,-0.5781
376055,0.4868,-0.1738,-0.7775,-3.7578,-0.3047,-0.6504
376078,0.4884,-0.1736,-0.7772,-3.9844,-0.2129,-0.6504
376101,0.4889,-0.1733,-0.7773,-4.2969,-0.0703,-0.5898
376124,0.5007,-0.1736,-0.7775,-4.4824,0.0391,-0.5312
376147,0.5093,-0.1725,-0.7885,-4.752,0.252,-0.457
376170,0.5107,-0.1694,-0.7809,-4.9375,0.416,-0.4316
376193,0.5079,-0.1659,-0.7808,-5.2168,0.6426,-0.4434
376216,0.5045,-0.1644,-0.7795,-5.4355,0.791,-0.4902
376239,0.5071,-0.1674,-0.7775,-5.5137,0.8379,-0.5312
376262,0.5101,-0.173,-0.7788,-5.4922,0.8516,-0.6152
376285,0.509,-0.1748,-0.7771,-5.377,0.8359,-0.6875
376308,0.5023,-0.1749,-0.7772,-5.0625,0.7812,-0.8164
376331,0.4868,-0.171,-0.7772,-4.5977,0.6504,-0.9395
376354,0.4822,-0.1688,-0.7772,-4.2266,0.5,-1.0
376377,0.4835,-0.1685,-0.7772,-3.625,0.1992,-1.0566
376400,0.4944,-0.1681,-0.7773,-3.2344,-0.0039,-1.0918
376423,0.5115,-0.1698,-0.7781,-2.75,-0.2168,-1.2031
376446,0.5266,-0.1741,-0.7876,-2.4941,-0.25,-1.4414
376469,0.5261,-0.1749,-0.7894,-2.4922,-0.1758,-1.6836
376492,0.5228,-0.1764,-0.7758,-2.7207,0.0332,-2.125
376515,0.5244,-0.1769,-0.7777,-2.9766,0.1914,-2.4258
376538,0.5323,-0.175,-0.7775,-3.3965,0.3594,-2.8047
376561,0.5277,-0.1775,-0.79,-3.6426,0.375,-3.0098
376584,0.4998,-0.1794,-0.7509,-3.9141,0.1973,-3.0156
376607,0.4818,-0.1779,-0.7762,-4.0215,-0.2168,-2.7734
376630,0.4728,-0.1758,-0.7775,-3.9746,-0.5801,-2.4375
376653,0.4821,-0.1748,-0.7772,-3.7266,-1.1406,-1.7129
376676,0.5006,-0.1733,-0.7775,-3.4961,-1.4629,-1.1504
376699,0.5062,-0.1721,-0.7922,-3.2148,-1.7949,-0.3418
376722,0.5023,-0.1678,-0.7827,-3.1895,-1.9082,0.2754
376745,0.4995,-0.1675,-0.7762,-3.3535,-1.8535,0.5371
376768,0.5062,-0.1698,-0.7775,-3.8027,-1.5645,0.7012
376791,0.5117,-0.1714,-0.7791,-4.1738,-1.252,0.668
376814,0.5184,-0.1707,-0.7773,-4.7422,-0.6797,0.4473
376837,0.5148,-0.1685,-0.7784,-5.2285,-0.1152,0.0918
376860,0.5073,-0.17,-0.777,-5.4687,0.1914,-0.1699
376883,0.4944,-0.1681,-0.7772,-5.6523,0.502,-0.5137
376906,0.4935,-0.1675,-0.7772,-5.6426,0.5996,-0.6738
376929,0.516,-0.1707,-0.778,-5.4434,0.5977,-0.791
376952,0.5148,-0.1719,-0.78,-5.2305,0.0098,-0.8047
376975,0.4984,-0.1692,-0.7771,-4.8984,0.2891,-0.7812
376998,0.5072,-0.1649,-0.7773,-4.6094,0.0312,-0.709
377021,0.5101,-0.1665,-0.7772,-4.4434,-0.123,-0.6484
377044,0.514,-0.1686,-0.7772,-4.2227,-0.3008,-0.5566
377067,0.4973,-0.1716,-0.7772,-4.0898,-0.3691,-0.5098
377090,0.4969,-0.1736,-0.7772,-3.8887,-0.4004,-0.4629
377113,0.5044,-0.1738,-0.7773,-3.6738,-0.3672,-0.4355
377136,0.5098,-0.1741,-0.7772,-3.5332,-0.334,-0.4277
377159,0.5056,-0.173,-0.7772,-3.3633,-0.3086,-0.4434
377182,0.5034,-0.1709,-0.7771,-3.2988,-0.3105,-0.4707
377205,0.5186,-0.1678,-0.7775,-3.2871,-0.3066,-0.5293
377228,0.5308,-0.1725,-0.8071,-3.4023,-0.3027,-0.6113
377251,0.5166,-0.1707,-0.8053,-3.5742,-0.334,-0.6758
377274,0.4938,-0.1659,-0.7731,-3.959,-0.4492,-0.7578
377297,0.4757,-0.1638,-0.7783,-4.2344,-0.5586,-0.7715
377320,0.5093,-0.168,-0.7771,-4.5605,-0.7344,-0.7012
377343,0.5144,-0.1725,-0.7773,-4.6953,-0.9375,-0.582
377366,0.4956,-0.1709,-0.7778,-4.8086,-1.0898,-0.5215
377389,0.5015,-0.1694,-0.7771,-4.8672,-1.3047,-0.4844
377412,0.5051,-0.1719,-0.7773,-4.8965,-1.4199,-0.502
377435,0.4991,-0.1692,-0.7772,-4.9648,-1.5254,-0.5879
377458,0.4977,-0.162,-0.7773,-5.0449,-1.5215,-0.6777
377481,0.5171,-0.1588,-0.7789,-5.2129,-1.3613,-0.8262
377504,0.5156,-0.1553,-0.7805,-5.4531,-1.041,-0.9785
377527,0.5104,-0.1566,-0.7781,-5.6523,-0.793,-1.0762
377550,0.5062,-0.1565,-0.7797,-5.9844,-0.4805,-1.2109
377573,0.4875,-0.1495,-0.7766,-6.2031,-0.3672,-1.291
377596,0.4246,-0.1378,-0.7427,-6.4824,-0.4062,-1.4121
377619,0.4561,-0.1355,-0.7755,-6.7988,-0.8555,-1.6465
377642,0.5585,-0.1398,-0.8665,-7.25,-1.5898,-2.0352
377665,0.5775,-0.1366,-0.8997,-8.7207,-3.6875,-3.2812
377688,0.4933,-0.1238,-0.8569,-10.291,-5.7559,-4.5742
377711,0.4539,-0.1168,-0.8008,-13.123,-9.3477,-6.8418
377734,0.4436,-0.1101,-0.7739,-15.9004,-12.6152,-8.8125
377757,0.4454,-0.1138,-0.7791,-16.709,-14.2012,-9.6465
377780,0.4744,-0.1255,-0.811,-17.0586,-15.3848,-9.9961
377803,0.4684,-0.127,-0.8104,-16.4727,-15.3516,-9.6621
377826,0.4409,-0.1222,-0.7734,-14.5664,-14.1504,-8.4687
377849,0.4518,-0.1227,-0.7783,-12.7676,-12.6543,-7.3145
377872,0.4761,-0.1249,-0.7814,-9.5918,-9.5723,-5.2402
377895,0.4758,-0.1251,-0.814,-6.2715,-5.8672,-3.0195
377918,0.4706,-0.1261,-0.8141,-4.2207,-3.3047,-1.6035
377941,0.48,-0.1262,-0.7831,-1.6582,0.3008,0.2539
377964,0.4823,-0.1267,-0.7806,-0.3828,2.3535,1.2402
377987,0.4913,-0.1322,-0.7986,0.8359,4.6602,2.2578
378010,0.4872,-0.1345,-0.7943,1.252,5.8789,2.6895
378033,0.4845,-0.134,-0.7823,1.1445,6.0762,2.6738
378056,0.465,-0.1328,-0.7777,0.5586,5.5625,2.3047
378079,0.449,-0.1296,-0.7772,-0.0078,4.8066,1.9102
378102,0.4766,-0.1292,-0.7838,-0.9766,3.2832,1.2285
378125,0.4851,-0.1299,-0.8142,-2.0098,1.5098,0.5176
378148,0.4993,-0.1284,-0.8073,-2.7168,0.3164,0.0527
378171,0.4866,-0.1282,-0.8047,-3.7324,-1.2656,-0.5879
378194,0.4872,-0.1331,-0.8169,-4.3223,-2.0762,-0.9355
378217,0.4734,-0.1349,-0.7974,-4.9824,-2.8711,-1.2695
378240,0.4568,-0.1368,-0.7749,-5.2344,-3.1289,-1.3359
378263,0.4491,-0.1349,-0.7778,-5.2852,-3.1523,-1.1816
378286,0.4586,-0.1307,-0.7772,-4.959,-2.7949,-0.75
378309,0.4745,-0.1276,-0.7839,-4.6035,-2.3906,-0.3594
378332,0.4766,-0.1254,-0.8187,-4.0508,-1.6348,0.2578
378355,0.4723,-0.1229,-0.8186,-3.7754,-1.0957,0.6191
378378,0.4669,-0.1206,-0.7913,-3.6055,-0.3223,1.0039
378401,0.4733,-0.1212,-0.7856,-3.709,0.3262,1.1504
378424,0.4945,-0.1305,-0.812,-3.8828,0.6543,1.1074
378447,0.4927,-0.1338,-0.8184,-4.2207,0.9375,0.8379
378470,0.4794,-0.1354,-0.7861,-4.4492,0.9727,0.5488
378493,0.4696,-0.1348,-0.7758,-4.7031,0.7988,0.0508
378516,0.4666,-0.1354,-0.7776,-4.7539,0.4082,-0.3848
378539,0.473,-0.1354,-0.7793,-4.6758,0.0723,-0.5898
378562,0.4757,-0.134,-0.7935,-4.459,-0.4551,-0.7578
378585,0.4702,-0.1268,-0.7782,-4.3047,-0.7715,-0.7852
378608,0.4614,-0.1212,-0.7777,-4.1172,-1.1211,-0.7148
378631,0.4749,-0.1254,-0.801,-4.043,-1.2422,-0.6113
378654,0.4749,-0.1272,-0.7987,-4.0234,-1.248,-0.4141
378677,0.4768,-0.1304,-0.7943,-4.1152,-1.0664,-0.2383
378700,0.4772,-0.1313,-0.7875,-4.2109,-0.8555,-0.1523
378723,0.4865,-0.1305,-0.7855,-4.3379,-0.4375,-0.0879
378746,0.4858,-0.1307,-0.7992,-4.3828,-0.125,-0.0859
378769,0.4772,-0.1287,-0.7869,-4.3672,0.3008,-0.1387
378792,0.4757,-0.1284,-0.7784,-4.252,0.6016,-0.2363
378815,0.4789,-0.1292,-0.7787,-4.125,0.7187,-0.3125
378838,0.4738,-0.1306,-0.7802,-3.9004,0.7559,-0.4375
378861,0.4551,-0.1298,-0.7767,-3.7734,0.6758,-0.5312
378884,0.4359,-0.1263,-0.7766,-3.7168,0.3652,-0.7129
378907,0.3818,-0.1031,-0.6887,-3.9609,-0.1973,-1.0176
378930,0.4038,-0.0994,-0.7137,-4.4336,-0.7422,-1.3789
378953,0.5178,-0.1005,-0.8245,-6.0742,-1.9707,-2.4316
378976,0.5754,-0.1039,-0.9463,-8.1445,-3.2246,-3.6621
378999,0.5481,-0.0787,-0.9438,-12.9922,-5.8379,-6.3379
379022,0.4727,-0.0488,-0.9045,-17.1094,-7.8437,-9.4277
379045,0.426,-0.0333,-0.8394,-23.457,-10.502,-11.1816
379068,0.4115,-0.0289,-0.7844,-28.3652,-11.9492,-12.6309
379091,0.4022,-0.0371,-0.7776,-30.1602,-12.0742,-12.627
379114,0.4478,-0.0479,-0.8049,-30.3281,-11.2246,-11.3203
379137,0.457,-0.0476,-0.8315,-28.959,-10.25,-9.8809
379160,0.4447,-0.0398,-0.8383,-25.3711,-8.6406,-7.4355
379183,0.4263,-0.0308,-0.8309,-20.8203,-7.1055,-5.1348
379206,0.4261,-0.0254,-0.8258,-17.6387,-6.0977,-3.8008
379229,0.443,-0.0321,-0.8383,-13.0,-4.4492,-2.1152
379252,0.4581,-0.0408,-0.8342,-10.1152,-3.1777,-1.1602
379275,0.4546,-0.0514,-0.8182,-6.168,-0.957,0.1133
379298,0.4435,-0.0598,-0.7759,-2.6445,1.6152,1.3066
379321,0.4467,-0.0685,-0.778,-0.502,3.4512,2.0859
379344,0.4597,-0.0763,-0.7771,2.3691,6.1484,3.1797
379367,0.4822,-0.0789,-0.7817,3.9785,7.7383,3.7734
379390,0.4768,-0.0767,-0.7878,5.7598,9.5449,4.2988
379413,0.4697,-0.0756,-0.7827,6.4473,10.2812,4.2832
379436,0.485,-0.0736,-0.7804,6.7168,10.6953,3.9844
379459,0.4803,-0.0747,-0.8038,6.2109,10.3926,3.2148
379482,0.4875,-0.0796,-0.8146,5.5781,9.9043,2.584
379505,0.4905,-0.0841,-0.7863,4.4746,8.9922,1.6621
379528,0.4708,-0.0867,-0.7874,3.8359,8.4434,1.1855
379551,0.4557,-0.0867,-0.7754,3.332,8.002,0.8535
379574,0.493,-0.0952,-0.7787,3.6094,8.2422,1.0527
379597,0.5575,-0.1095,-0.8323,4.2324,8.7539,1.418
379620,0.5957,-0.1,-0.9071,5.6504,9.7695,2.127
379643,0.5765,-0.0978,-0.9553,6.8281,10.4375,2.6406
379666,0.5302,-0.1069,-0.9259,9.0215,11.3223,3.5703
379689,0.5105,-0.1163,-0.8962,12.1836,12.1543,4.9883
379712,0.5159,-0.1193,-0.9041,15.1504,12.6934,6.334
379735,0.49,-0.1628,-0.8901,21.2051,13.375,8.9531
379758,0.5374,-0.2086,-0.9077,26.3281,13.6699,10.9941
379781,0.6031,-0.2562,-0.9452,35.3164,13.5859,14.1445
379804,0.6613,-0.3208,-0.9135,41.8223,12.4238,16.9375
379827,0.7972,-0.4036,-0.9061,51.709,10.8242,18.4023
379850,0.8068,-0.4484,-0.9248,61.0332,7.5371,19.8672
379873,0.7012,-0.4658,-0.9186,63.998,4.8789,20.4102
379896,0.665,-0.4784,-0.9003,63.998,0.6562,20.9824
379919,0.6797,-0.4867,-0.8608,63.998,-2.0625,21.5352
379942,0.6589,-0.5168,-0.7922,63.998,-5.7754,23.1387
379965,0.6326,-0.552,-0.7418,63.998,-8.9531,26.0586
379988,0.6261,-0.5979,-0.6555,63.998,-10.7637,28.8027
380011,0.5992,-0.6511,-0.5977,63.998,-13.082,33.9688
380034,0.5396,-0.6775,-0.5336,63.998,-14.4238,37.9336
380057,0.5393,-0.719,-0.5129,63.998,-16.25,44.2676
380080,0.5563,-0.7609,-0.5236,63.998,-18.1016,50.5488
380103,0.5361,-0.7887,-0.4739,63.998,-19.5488,54.4121
380126,0.5486,-0.7743,-0.3749,59.166,-22.1934,59.4063
380149,0.454,-0.7454,-0.3431,51.709,-24.2402,62.168
380172,0.3029,-0.7123,-0.3274,38.8613,-27.3633,63.998
380195,0.2178,-0.6211,-0.3271,29.4609,-29.6445,63.998
380218,0.0861,-0.5575,-0.4261,14.4922,-30.2031,63.998
380241,0.0385,-0.5299,-0.5366,-1.2578,-29.1387,63.998
380264,-0.0533,-0.4768,-0.5367,-12.0566,-27.1152,63.998
380287,-0.1709,-0.4041,-0.5277,-28.1992,-22.3184,63.998
380310,-0.1499,-0.3856,-0.6982,-38.4668,-18.1172,63.998
380333,-0.0863,-0.4148,-0.827,-52.3867,-10.7246,63.998
380356,0.0024,-0.4385,-0.9323,-63.875,-2.7969,63.998
380379,0.0433,-0.4591,-0.9371,-64.0,2.1973,63.998
380402,0.0596,-0.4666,-0.8574,-64.0,8.2949,63.998
380425,0.0522,-0.4871,-0.8411,-64.0,11.0273,63.998
380448,0.1096,-0.5009,-0.901,-64.0,12.9004,63.998
380471,0.1171,-0.4781,-0.9226,-64.0,12.2109,63.998
380494,0.0479,-0.4557,-0.8906,-64.0,10.5488,63.998
380517,0.0326,-0.4635,-0.886,-57.5859,6.9531,52.5801
380540,0.0374,-0.4619,-0.902,-52.2676,4.3633,45.7852
380563,0.0453,-0.4652,-0.9127,-45.1191,1.0137,37.7461
380586,0.0887,-0.4614,-0.9446,-39.7129,-1.2461,32.4922
380609,0.0836,-0.4465,-0.9618,-36.8867,-2.1602,30.3965
380632,0.0155,-0.4208,-0.9785,-34.2793,-2.8223,28.9746
380655,-0.0231,-0.4221,-0.9448,-33.2188,-2.8867,28.9316
380678,0.0343,-0.4324,-0.8676,-32.0117,-2.6562,29.7578
380701,0.0222,-0.4308,-0.8743,-31.123,-2.543,30.6035
380724,0.0043,-0.4376,-0.9366,-29.3496,-2.8203,31.8867
380747,0.0115,-0.447,-0.9159,-27.043,-3.6172,32.9063
380770,-0.0282,-0.4399,-0.8003,-25.2617,-4.2324,33.3711
380793,-0.0358,-0.4142,-0.7679,-22.2695,-4.916,33.6934
380816,-0.0933,-0.3916,-0.7808,-20.1602,-5.0781,33.5996
380839,-0.0439,-0.3599,-0.8807,-17.2559,-4.7305,32.8066
380862,-0.0267,-0.3506,-0.9991,-15.293,-3.5937,30.9258
380885,-0.0074,-0.3467,-0.994,-14.6621,-2.375,28.9609
380908,0.0144,-0.3728,-0.8088,-14.2207,0.2656,24.9668
380931,-0.0415,-0.4041,-0.8627,-13.6953,2.6406,21.7285
380954,0.0929,-0.4111,-0.8862,-11.8008,7.1484,16.3066
380977,0.2205,-0.5024,-1.0011,-8.1738,12.4277,10.4102
381000,0.0131,-0.3929,-0.6532,-5.3672,15.8535,6.4453
381023,0.0734,-0.3787,-0.9541,-0.0918,19.4492,1.0918
381046,-0.019,-0.2142,-1.0089,3.4824,19.9043,-1.7676
381069,-0.106,-0.1552,-0.928,8.0586,17.084,-4.8086
381092,0.0319,-0.2072,-1.0496,10.2207,13.416,-6.1523
381115,-0.5962,-0.1682,-0.9844,11.7871,6.8789,-7.6875
381138,0.0405,-0.2073,-1.0706,11.4746,0.8887,-9.6953
381161,0.1218,-0.3224,-1.1376,10.6035,-2.7402,-12.2988
381184,0.1716,-0.3926,-1.1421,9.1797,-8.7363,-19.4766
381207,0.1124,-0.4736,-1.0463,8.7812,-13.3984,-26.6875
381230,0.1038,-0.541,-0.9434,10.1289,-21.0195,-40.4785
381253,0.0518,-0.5548,-0.7815,14.6367,-28.7285,-56.2324
381276,-0.0348,-0.5183,-0.7102,19.291,-33.8711,-64.0
381299,-0.0709,-0.5166,-0.7467,27.4355,-42.0898,-64.0
381322,0.0802,-0.557,-0.8136,32.3691,-48.3496,-64.0
381345,0.1129,-0.5544,-0.7278,36.75,-59.5059,-64.0
381368,0.048,-0.541,-0.5916,35.998,-64.0,-64.0
381391,-0.0275,-0.5179,-0.5481,32.6367,-64.0,-64.0
381414,-0.0684,-0.5121,-0.5707,24.1895,-64.0,-64.0
381437,-0.0353,-0.5328,-0.623,16.9863,-64.0,-64.0
381460,0.0374,-0.5538,-0.627,5.1309,-64.0,-64.0
381483,0.116,-0.5485,-0.5519,-2.6309,-64.0,-64.0
381506,0.1426,-0.5487,-0.4962,-12.5449,-64.0,-64.0
381529,0.1118,-0.5422,-0.531,-19.0313,-64.0,-64.0
381552,0.0852,-0.545,-0.6425,-21.2813,-64.0,-64.0
381575,0.0886,-0.5214,-0.7295,-22.3672,-47.0293,-64.0
381598,0.1726,-0.4893,-0.783,-22.3906,-30.2246,-64.0
381621,0.2864,-0.4515,-0.7738,-22.7539,-5.4238,-64.0
381644,0.3624,-0.4487,-0.7852,-24.5215,16.5313,-64.0
381667,0.4558,-0.4797,-0.848,-26.6152,28.748,-64.0
381690,0.5068,-0.4657,-0.8345,-30.6738,43.0059,-64.0
381713,0.4808,-0.4327,-0.7584,-33.4551,49.8184,-64.0
381736,0.4492,-0.417,-0.776,-36.6152,56.4844,-64.0
381759,0.5175,-0.4318,-0.918,-37.6328,60.0078,-64.0
381782,0.5851,-0.4537,-0.9766,-37.0391,61.1895,-64.0
381805,0.5142,-0.4603,-0.8475,-34.3789,61.8203,-64.0
381828,0.4771,-0.443,-0.7699,-31.3574,61.9297,-60.2129
381851,0.4332,-0.3828,-0.7799,-24.748,62.5996,-51.3984
381874,0.4446,-0.3818,-0.865,-19.0723,63.7676,-41.959
381897,0.5171,-0.4469,-0.9814,-9.457,63.998,-34.8203
381920,0.5493,-0.4727,-0.8915,0.1602,63.998,-24.9766
381943,0.509,-0.4287,-0.7336,6.0762,63.998,-19.0781
381966,0.5045,-0.4111,-0.7802,14.0273,63.998,-11.6953
381989,0.5854,-0.4375,-0.8158,18.6348,63.998,-7.8926
382012,0.6877,-0.4851,-0.9719,24.0488,63.998,-4.082
382035,0.6251,-0.5021,-0.9384,27.0527,63.3516,-2.6621
382058,0.5457,-0.455,-0.7688,27.7207,58.9648,-2.8652
382081,0.5436,-0.4623,-0.699,27.5488,51.7051,-4.2598
382104,0.6141,-0.47,-0.703,27.3008,47.5703,-5.5508
382127,0.6589,-0.5031,-0.7797,27.4707,44.0508,-7.6348
382150,0.6815,-0.5134,-0.7445,28.3281,43.7461,-9.6055
382173,0.6931,-0.5223,-0.6464,29.1074,44.4863,-10.752
382196,0.7187,-0.547,-0.6313,30.3965,45.4082,-12.1504
382219,0.7548,-0.5586,-0.6426,31.2246,45.0742,-12.8672
382242,0.7612,-0.5621,-0.6613,32.1211,42.123,-13.625
382265,0.7528,-0.5542,-0.6482,32.2715,38.1855,-13.8906
382288,0.7158,-0.5487,-0.5428,31.4785,29.3574,-13.6465
382311,0.6134,-0.5339,-0.6173,29.1523,18.0801,-12.2949
382334,0.6239,-0.5461,-0.6849,26.5723,10.1836,-10.5742
382357,0.5936,-0.5536,-0.7288,21.0762,-0.7227,-6.8066
382380,0.5511,-0.5305,-0.665,16.6055,-6.7891,-3.7129
382403,0.5111,-0.4714,-0.322,9.8242,-13.8711,1.2773
382426,0.5145,-0.5205,-0.4746,4.5859,-18.5859,5.9219
382449,0.5785,-0.5657,-0.6816,2.4141,-19.957,8.3242
382472,0.6174,-0.5103,-0.6179,0.9238,-18.3926,10.1484
382495,0.6343,-0.5508,-0.4968,0.9316,-15.0957,9.9141
382518,0.5734,-0.5405,-0.484,2.3027,-8.2363,7.3848
382541,0.5948,-0.5459,-0.5094,5.082,-0.9199,2.7324
382564,0.726,-0.5321,-0.4897,7.4687,3.5176,-1.2246
382587,0.7328,-0.509,-0.5541,11.2676,8.4883,-8.0371
382610,0.6654,-0.5386,-0.6035,13.498,10.0371,-12.8691
382633,0.5284,-0.7064,-0.7015,15.627,9.1934,-19.8496
382656,0.9065,-0.3475,-0.5167,15.9648,5.3262,-25.8555
382679,0.8131,-0.4594,-0.5068,14.9961,1.5527,-29.25
382702,0.6907,-0.5448,-0.6099,12.8691,-4.3262,-33.1465
382725,0.7863,-0.5607,-0.6227,10.9785,-7.0254,-34.6113
382748,0.8097,-0.5562,-0.6128,7.6875,-6.9668,-34.6367
382771,0.7601,-0.5391,-0.5416,5.5449,-3.7539,-33.0703
382794,0.7134,-0.5226,-0.5271,3.2676,4.8437,-28.3242
382817,0.7432,-0.538,-0.4867,2.9902,15.4668,-21.041
382840,0.7968,-0.5637,-0.4989,4.1387,22.127,-15.1797
382863,0.8192,-0.5748,-0.5405,7.6387,29.7246,-5.7129
382886,0.8225,-0.6213,-0.502,10.7715,32.7617,0.5742
382909,0.8151,-0.6229,-0.3755,15.9844,34.8359,9.3574
382932,0.7661,-0.6277,-0.3174,21.3398,35.6016,16.9941
382955,0.7385,-0.682,-0.4246,24.8066,36.1621,21.4473
382978,0.6886,-0.6693,-0.3651,29.502,37.623,27.3613
383001,0.6819,-0.6676,-0.3368,32.1563,39.1133,30.8906
383024,0.6327,-0.6616,-0.1516,35.4551,42.2148,35.5801
383047,0.6219,-0.6639,-0.2081,37.3203,46.6719,39.3789
383070,0.6359,-0.6954,-0.3125,39.6289,50.4414,41.2734
383093,0.7012,-0.6943,-0.3718,41.0566,56.8047,42.9082
383116,0.6548,-0.6888,-0.2035,41.4766,60.8223,43.0918
383139,0.5869,-0.6765,-0.0281,41.7363,63.998,42.0039
383162,0.705,-0.6974,-0.1407,41.9805,63.998,40.3828
383185,0.722,-0.7185,-0.0514,42.5527,63.998,36.5371
383208,0.709,-0.7498,-0.155,42.9082,63.998,31.0273
383231,0.6528,-0.7598,-0.0629,42.6309,63.998,26.5996
383254,0.6851,-0.7571,-0.0715,41.0449,63.998,19.2324
383277,0.6885,-0.726,-0.2063,39.168,63.998,14.0684
383300,0.4459,-0.7753,0.2117,35.2207,63.998,6.3535
383323,0.5343,-0.649,0.3805,30.2051,63.998,-0.9121
383346,0.7886,-0.7654,0.2451,26.1602,63.998,-5.6133
383369,0.948,-0.6302,-0.1444,17.5684,63.998,-13.4785
383392,0.7488,-0.6279,-0.0559,9.1387,63.998,-19.7793
383415,0.6532,-0.6639,0.105,-7.7656,63.998,-30.3828
383438,0.5784,-0.5734,0.3649,-20.75,63.998,-40.9141
383461,0.5697,-0.5917,0.5215,-39.2969,63.998,-47.4668
383484,0.6073,-0.4775,0.3101,-52.4023,63.998,-57.0313
383507,0.772,-0.3571,-0.0712,-56.8691,63.998,-63.7148
383530,0.7377,-0.4193,0.2325,-57.5,63.998,-64.0
383553,0.8607,-0.2911,0.5502,-54.2012,63.998,-64.0
383576,0.9979,-0.3213,0.4669,-43.7363,63.998,-64.0
383599,0.8893,-0.1919,0.4868,-27.9082,63.998,-64.0
383622,0.7023,-0.1523,0.7352,-15.6992,63.998,-64.0
383645,0.9685,-0.0199,0.8107,3.4551,63.998,-64.0
383668,0.9299,-0.027,0.9684,16.2422,63.998,-64.0
383691,0.8846,0.0692,0.9259,34.6094,63.998,-64.0
383714,0.7781,0.0289,0.8096,50.2813,63.998,-64.0
383737,0.7133,0.0491,0.8849,58.1445,63.998,-64.0
383760,0.7312,-0.0435,0.9611,63.998,63.998,-64.0
383783,0.771,0.0801,0.8151,63.998,63.998,-64.0
383806,0.9019,0.1371,0.6136,63.998,63.998,-64.0
383829,0.7194,0.1262,0.4996,63.998,59.2949,-52.082
383852,0.6694,0.0439,0.6312,62.7969,44.1133,-34.3418
383875,0.8356,0.0667,0.6444,56.8672,19.9805,-8.1582
383898,0.8336,0.0847,0.6179,52.9766,4.8359,7.6934
383921,0.8511,0.1157,0.6226,48.3613,-14.0547,27.1172
383944,0.9637,0.0676,0.6106,46.377,-23.123,36.502
383967,0.8892,0.1205,0.6051,45.2031,-30.5332,44.9844
383990,0.672,0.1542,0.6708,46.0352,-29.5391,47.5273
384013,0.9099,-0.0288,0.9471,47.3594,-23.6035,46.7637
384036,0.4707,0.026,0.9558,49.5371,-6.9336,43.5781
384059,0.2117,0.0332,1.0398,50.4219,8.5879,41.002
384082,0.6604,-0.0662,0.7902,50.0703,36.1855,37.1543
384105,0.7661,0.0073,0.6738,46.6563,63.998,32.8379
384128,0.572,0.0287,0.7322,42.1875,63.998,29.2637
384151,0.4927,-0.012,0.847,32.3105,63.998,22.7324
384174,0.4617,-0.0391,0.9257,24.084,63.998,17.9902
384197,0.0773,-0.1124,1.2098,10.3184,63.998,11.791
384220,0.2654,-0.0974,0.999,-3.8828,63.998,8.8164
384243,0.5626,-0.1302,0.9368,-12.9453,63.998,9.209
384266,0.4789,-0.0428,0.9874,-25.209,63.998,12.877
384289,0.0883,0.0017,1.0703,-31.9766,63.998,16.5996
384312,0.4259,-0.0951,0.9137,-38.9336,63.998,22.3906
384335,0.3866,-0.1943,1.0133,-41.1035,56.502,25.543
384358,0.431,-0.1147,0.9572,-40.7539,30.9512,28.4941
384381,0.3844,-0.1056,0.9578,-36.7969,6.7305,29.1035
384404,0.3018,-0.1071,0.9723,-32.7402,-7.5137,28.209
384427,0.2904,-0.0824,0.9784,-25.4824,-24.7871,25.2832
384450,0.2561,-0.1313,0.986,-20.3691,-33.1602,22.9473
384473,0.5116,-0.1923,0.8802,-13.1387,-41.4141,20.7207
384496,1.2625,-0.2191,0.4879,-7.8398,-47.0391,21.8613
384519,0.5895,-0.0759,0.6947,-6.0508,-50.7539,24.5566
384542,0.323,-0.1986,0.9824,-5.4863,-54.9434,30.4297
384565,0.1801,-0.1598,1.1783,-5.5508,-54.375,35.0879
384588,0.2305,-0.1406,1.0387,-4.7617,-45.0684,42.5977
384611,0.3751,-0.1748,0.9667,-2.4258,-26.0098,49.043
384634,0.4587,-0.1774,0.8969,-0.3613,-10.6074,51.5352
384657,0.5503,-0.1764,0.8546,2.5996,11.3535,51.3105
384680,0.2843,-0.1714,1.001,4.084,23.457,48.3848
384703,0.0286,-0.1624,1.0892,5.3437,37.9043,40.6445
384726,0.0637,-0.1637,1.0638,5.5957,46.0898,30.6035
384749,0.1244,-0.1644,1.0211,5.2617,57.7598,23.7559
384772,-0.0603,-0.1746,1.0804,4.2402,63.998,14.2539
384795,0.0131,-0.1715,1.0593,3.2754,63.998,8.9687
384818,-0.027,-0.1638,1.0752,1.6074,63.998,3.0
384841,-0.089,-0.1636,1.0881,0.5156,63.998,0.3027
384864,0.5229,-0.2804,0.7286,-0.8926,63.998,-2.2266
384887,0.4576,-0.0724,1.09,-2.1934,62.418,-3.9766
384910,-0.3737,-0.1676,1.1261,-3.0801,47.5664,-5.5215
384933,0.0084,-0.1592,1.0371,-4.2461,26.0059,-8.6523
384956,0.1787,-0.1703,1.0028,-4.8164,14.5801,-10.8652
384979,-0.0044,-0.1714,1.0543,-5.332,2.834,-13.5527
385002,-0.0605,-0.1528,1.0632,-5.4434,-2.5957,-14.7773
385025,0.0214,-0.1628,1.045,-5.3066,-3.1445,-14.6074
385048,0.0997,-0.16,1.0267,-4.8613,-1.1797,-13.0195
385071,0.0859,-0.1991,1.0343,-4.4687,0.6797,-11.3027
385094,0.0698,-0.3359,1.056,-3.8301,2.8535,-8.2363
385117,0.051,-0.1897,1.0376,-3.4023,3.6543,-5.2246
385140,0.0312,-0.0735,1.0322,-2.7695,3.873,-3.5918
385163,0.0121,-0.0377,1.0396,-2.207,3.1074,-2.0723
385186,0.0177,-0.1176,1.0396,-1.9492,2.4082,-1.7324
385209,-0.0671,-0.1833,1.0558,-1.834,2.1211,-2.0273
385232,0.057,-0.1394,1.0259,-1.9492,3.0488,-2.5469
385255,-0.1106,-0.155,1.0549,-2.3203,6.375,-3.4434
385278,-0.0271,-0.167,1.045,-2.7461,11.7617,-4.123
385301,-0.1431,-0.1384,1.0552,-2.9922,16.0234,-4.3398
385324,-0.032,-0.161,1.0432,-3.2793,22.1816,-4.2598
385347,0.0133,-0.1566,1.037,-3.416,25.1602,-3.9707
385370,-0.0392,-0.1608,1.0448,-3.5781,26.3965,-3.2871
385393,0.0059,-0.158,1.0374,-3.707,23.2559,-2.4434
385416,0.006,-0.1582,1.0374,-3.7812,19.1211,-1.8633
385439,-0.0962,-0.1573,1.0551,-3.877,11.3125,-1.0469
385462,-0.0399,-0.1558,1.0431,-3.9219,6.0723,-0.5703
385485,0.009,-0.1589,1.0394,-3.9707,-0.6465,-0.0098
385508,0.0043,-0.16,1.0403,-4.002,-4.1465,0.3242
385531,0.0026,-0.1881,1.0421,-4.0605,-7.8652,0.4199
385554,-0.0645,-0.2335,1.053,-4.127,-9.6191,0.3848
385577,0.0258,-0.1241,1.0304,-4.1602,-9.7148,0.2168
385600,-0.0361,-0.1091,1.0482,-4.1758,-8.6953,-0.3887
385623,-0.0411,-0.1378,1.0503,-4.1504,-7.5215,-1.084
385646,-0.0486,-0.1647,1.0571,-4.0527,-5.3242,-2.459
385669,-0.1,-0.137,1.0371,-3.8926,-3.0723,-3.9199
385692,-0.2657,-0.1672,1.0485,-3.748,-2.0625,-4.8789
385715,0.1385,-0.1263,1.0553,-3.4727,-2.1309,-6.9492
385738,0.3547,-0.2178,1.0062,-3.2676,-3.5293,-9.668
385761,0.2788,-0.3073,1.0031,-3.043,-8.1094,-17.2305
385784,0.0886,-0.2528,1.0302,-2.9824,-14.7676,-28.7422
385807,-0.1566,-0.0967,1.0425,-2.8828,-18.248,-37.4512
385830,-0.2083,-0.0784,1.0193,-2.2676,-18.1074,-49.6484
385853,-0.1027,-0.1283,1.0458,-1.5488,-13.7461,-56.0
385876,-0.0308,-0.1987,1.0598,-0.5137,-3.3848,-61.7422
385899,-0.0115,-0.1791,1.0427,-0.2285,6.6074,-62.7891
385922,-0.0078,-0.1019,1.03,-0.7344,10.9727,-61.1406
385945,-0.0839,-0.097,1.0481,-2.2363,13.2773,-55.7617
385968,-0.1,-0.095,1.0322,-3.623,12.1426,-50.6953
385991,0.3262,-0.1869,1.0581,-6.1543,6.5625,-41.8438
386014,0.1199,-0.1593,1.0189,-8.209,0.0781,-35.6367
386037,-0.0775,-0.1853,1.0789,-11.6758,-12.1367,-26.4902
386060,0.0709,-0.1825,1.0253,-14.7754,-22.5176,-18.0176
386083,0.0004,-0.1799,1.0464,-16.1973,-26.3359,-12.9707
386106,-0.0142,-0.1814,1.047,-16.9863,-26.1406,-6.5781
386129,-0.0151,-0.1831,1.0455,-16.5801,-22.2324,-3.2012
386152,0.0968,-0.1829,1.0142,-14.7754,-12.2187,0.4844
386175,-0.1465,-0.1818,1.0631,-12.002,0.3945,2.6133
386198,-0.0358,-0.1785,1.0363,-9.8906,9.293,3.3125
386221,-0.0988,-0.178,1.0441,-6.7246,22.2012,3.5527
386244,-0.1785,-0.1807,1.0511,-4.8262,29.8184,3.3418
386267,-0.0533,-0.1823,1.032,-2.6152,38.6719,2.707
386290,-0.0492,-0.1853,1.036,-1.709,42.918,1.8984
386313,-0.1398,-0.183,1.0491,-1.2578,42.7168,1.3496
386336,-0.0969,-0.1851,1.0398,-1.7168,38.3125,0.6074
386359,-0.0422,-0.1843,1.0323,-2.3457,33.1992,0.1973
386382,-0.0796,-0.1824,1.0447,-3.4844,23.3184,-0.2715
386405,-0.1138,-0.183,1.0479,-4.2246,16.0371,-0.4902
386428,-0.0225,-0.1842,1.0326,-5.1133,5.4668,-0.6895
386451,-0.0605,-0.184,1.0355,-5.623,-3.5703,-0.7734
386474,-0.1654,-0.1837,1.0599,-5.7441,-8.2656,-0.7832
386497,-0.0538,-0.1844,1.0381,-5.6328,-12.75,-0.7441
386520,0.0316,-0.184,1.027,-5.4141,-14.2129,-0.7031
386543,-0.0535,-0.1836,1.0447,-4.9883,-15.0156,-0.6602
386566,-0.0482,-0.1846,1.0421,-4.5566,-14.6953,-0.6504
386589,-0.0369,-0.1862,1.0392,-4.3027,-13.8535,-0.6465
386612,-0.0717,-0.1838,1.0404,-3.998,-11.5,-0.6172
386635,-0.0576,-0.1848,1.037,-3.8496,-9.0898,-0.5645
386658,-0.0937,-0.1826,1.0377,-3.707,-4.1289,-0.4141
386681,-0.0792,-0.1815,1.0322,-3.6523,2.4434,-0.1719
386704,-0.2623,-0.1824,1.04,-3.6074,7.6855,0.0391
386727,-0.1422,-0.1853,1.0309,-3.5723,16.5957,0.4199
386750,-0.1663,-0.1836,1.0325,-3.5547,22.584,0.6836
386773,-0.1803,-0.1833,1.0345,-3.5547,29.8848,1.0098
386796,-0.1498,-0.1837,1.0394,-3.582,32.6855,1.1367
386819,-0.0818,-0.1841,1.0339,-3.668,32.5859,1.1328
386842,-0.0498,-0.1857,1.0306,-3.8066,26.7832,0.8711
386865,-0.1512,-0.1848,1.0443,-3.9199,20.2207,0.5723
386888,-0.1224,-0.1848,1.042,-4.0801,8.3125,0.0312
386911,-0.0762,-0.1843,1.0383,-4.168,0.2422,-0.334
386934,-0.0546,-0.1832,1.0337,-4.2812,-10.5898,-0.8262
386957,-0.0973,-0.1851,1.0425,-4.3809,-18.7988,-1.1973
386980,-0.0887,-0.1855,1.0406,-4.4336,-22.3828,-1.3594
387003,-0.0867,-0.1857,1.0431,-4.4824,-24.7402,-1.459
387026,-0.063,-0.1855,1.0393,-4.4922,-24.5234,-1.4434
387049,-0.0488,-0.1838,1.0366,-4.4766,-22.3516,-1.3359
387072,-0.0537,-0.1835,1.0364,-4.4473,-19.0723,-1.1816
387095,-0.0674,-0.1851,1.0405,-4.3848,-16.7285,-1.0703
387118,-0.0629,-0.1841,1.042,-4.3066,-13.3437,-0.9121
387141,-0.0551,-0.1858,1.0413,-4.252,-11.2891,-0.8164
387164,-0.0491,-0.1854,1.04,-4.1758,-8.6504,-0.6914
387187,-0.0564,-0.184,1.0414,-4.1348,-7.2363,-0.625
387210,-0.0597,-0.1842,1.0414,-4.0859,-5.6016,-0.5469
387233,-0.0524,-0.1848,1.042,-4.0508,-4.4238,-0.4883
387256,-0.0507,-0.1842,1.0397,-4.0332,-3.834,-0.459
387279,-0.0573,-0.1842,1.0409,-4.0176,-3.1719,-0.4219
387302,-0.0562,-0.186,1.0376,-4.0098,-2.834,-0.4043
387325,-0.0548,-0.1849,1.04,-4.0059,-2.4141,-0.3789
387348,-0.0513,-0.1849,1.0404,-4.0059,-2.0859,-0.3594
387371,-0.0496,-0.1849,1.0392,-4.0078,-1.9238,-0.3496
387394,-0.0542,-0.1854,1.0403,-4.0098,-1.7676,-0.3418
387417,-0.0549,-0.1847,1.0406,-4.0098,-1.7051,-0.3437
387440,-0.0482,-0.1842,1.0392,-4.0059,-1.6523,-0.3516
387463,-0.0479,-0.1848,1.0394,-4.0,-1.6563,-0.3613
387486,-0.054,-0.1844,1.0392,-3.998,-1.6836,-0.3691
387509,-0.0498,-0.1842,1.0392,-3.9961,-1.7246,-0.377
387532,-0.0546,-0.1851,1.0396,-3.998,-1.7285,-0.377
387555,-0.0475,-0.1846,1.0403,-4.0039,-1.6855,-0.375
387578,-0.049,-0.1854,1.0405,-4.0098,-1.6348,-0.3711
387601,-0.0525,-0.1846,1.0416,-4.0234,-1.543,-0.3652
387624,-0.0502,-0.1843,1.0411,-4.0371,-1.4395,-0.3594
387647,-0.0465,-0.1843,1.0405,-4.0449,-1.375,-0.3555
387670,-0.0513,-0.1842,1.0411,-4.0547,-1.3027,-0.3477
387693,-0.0486,-0.1853,1.0406,-4.0586,-1.2734,-0.3457
387716,-0.0443,-0.1847,1.0402,-4.0605,-1.25,-0.3398
387739,-0.0509,-0.1847,1.0409,-4.0566,-1.2266,-0.3359
387762,-0.0564,-0.1854,1.0421,-4.0527,-1.1855,-0.332
387785,-0.0481,-0.184,1.0397,-4.043,-1.0488,-0.3262
387808,-0.0508,-0.1857,1.0413,-4.0352,-0.9121,-0.3203
387831,-0.0507,-0.1855,1.0396,-4.0254,-0.6836,-0.3105
387854,-0.0496,-0.1857,1.0405,-4.0195,-0.4707,-0.3047
387877,-0.0553,-0.1843,1.042,-4.0156,-0.3477,-0.3027
387900,-0.0538,-0.1854,1.0408,-4.0137,-0.1934,-0.3027
387923,-0.0526,-0.1851,1.0416,-4.0117,-0.1094,-0.3047
387946,-0.0524,-0.1847,1.0399,-4.0117,-0.0312,-0.3125
387969,-0.0526,-0.1859,1.0406,-4.0117,-0.0176,-0.3184
387992,-0.0538,-0.1848,1.0421,-4.0117,-0.0566,-0.3262
388015,-0.0509,-0.1846,1.0405,-4.0098,-0.1523,-0.332
388038,-0.0554,-0.1842,1.0414,-4.0098,-0.2422,-0.332
388061,-0.0518,-0.1849,1.0404,-4.0117,-0.4082,-0.3301
388084,-0.0555,-0.1846,1.042,-4.0156,-0.5273,-0.3262
388107,-0.0521,-0.1842,1.04,-4.0234,-0.6992,-0.3184
388130,-0.049,-0.1841,1.0402,-4.0352,-0.877,-0.3145
388153,-0.0479,-0.1838,1.0408,-4.043,-1.0098,-0.3145
388176,-0.0543,-0.1842,1.0417,-4.0527,-1.2305,-0.3164
388199,-0.0535,-0.1851,1.0398,-4.0566,-1.373,-0.3203
388222,-0.0459,-0.1854,1.0374,-4.0547,-1.5547,-0.3281
388245,-0.0515,-0.1841,1.0426,-4.0488,-1.7012,-0.3359
388268,-0.0463,-0.1855,1.0413,-4.041,-1.7676,-0.3398
388291,-0.0531,-0.1848,1.0402,-4.0254,-1.8105,-0.3457
388314,-0.0476,-0.1857,1.0413,-4.0137,-1.7949,-0.3477
388337,-0.0494,-0.184,1.0416,-3.998,-1.7012,-0.3496
388360,-0.0538,-0.1854,1.0404,-3.9902,-1.5938,-0.3535
388383,-0.042,-0.1859,1.0376,-3.9844,-1.416,-0.3555
388406,-0.0474,-0.1827,1.0406,-3.9824,-1.2832,-0.3613
388429,-0.054,-0.1843,1.041,-3.9863,-1.2227,-0.3652
388452,-0.0515,-0.1863,1.04,-3.9922,-1.1465,-0.3672
388475,-0.0461,-0.1832,1.0403,-3.9961,-1.1055,-0.3652
388498,-0.0494,-0.1847,1.0413,-4.002,-1.0742,-0.3574
388521,-0.0516,-0.1868,1.0415,-4.0059,-1.0781,-0.3477
388544,-0.0492,-0.1841,1.0408,-4.0098,-1.0957,-0.3398
388567,-0.0431,-0.1831,1.0404,-4.0137,-1.1289,-0.332
388590,-0.0537,-0.1859,1.0413,-4.0156,-1.1484,-0.3281
388613,-0.0503,-0.1842,1.0411,-4.0195,-1.1387,-0.3242
388636,-0.0533,-0.184,1.0416,-4.0234,-1.041,-0.3242
388659,-0.052,-0.186,1.0377,-4.0254,-0.9199,-0.3223
388682,-0.0515,-0.1852,1.0457,-4.0273,-0.6875,-0.3164
388705,-0.0493,-0.1829,1.0419,-4.0293,-0.5215,-0.3125
388728,-0.0568,-0.1849,1.038,-4.0293,-0.2969,-0.3066
388751,-0.0536,-0.187,1.0427,-4.0254,-0.1816,-0.3047
388774,-0.0436,-0.1801,1.0382,-4.0176,-0.0918,-0.3047
388797,-0.0503,-0.1842,1.0399,-4.0098,-0.1582,-0.3105
388820,-0.0538,-0.1873,1.0426,-4.0039,-0.2988,-0.3164
388843,-0.047,-0.1821,1.0417,-4.0,-0.5762,-0.3262
388866,-0.0527,-0.1838,1.0424,-3.998,-0.7559,-0.332
388889,-0.0537,-0.1869,1.0425,-4.0,-0.9688,-0.3359
388912,-0.05,-0.1815,1.0396,-4.0078,-1.0898,-0.3359
388935,-0.0518,-0.1848,1.0393,-4.0156,-1.1191,-0.3359
388958,-0.0452,-0.1864,1.0415,-4.0273,-1.0996,-0.334
388981,-0.0566,-0.1836,1.0372,-4.0352,-1.0605,-0.334
389004,-0.0454,-0.1836,1.0408,-4.043,-0.9824,-0.334
389027,-0.0483,-0.1881,1.0428,-4.0488,-0.9004,-0.334
389050,-0.0563,-0.1823,1.0413,-4.0488,-0.8477,-0.334
389073,-0.0525,-0.1855,1.0406,-4.0488,-0.7812,-0.3301
389096,-0.0439,-0.1821,1.0406,-4.0469,-0.7441,-0.3262
389119,-0.0541,-0.1858,1.0411,-4.043,-0.7148,-0.3223
389142,-0.0535,-0.1821,1.042,-4.0371,-0.7129,-0.3184
389165,-0.0503,-0.1855,1.0421,-4.0293,-0.7148,-0.3164
389188,-0.0492,-0.1826,1.0421,-4.0215,-0.7012,-0.3105
389211,-0.0548,-0.1854,1.0419,-4.0195,-0.6797,-0.3086
389234,-0.0507,-0.184,1.04,-4.0195,-0.6445,-0.3027
389257,-0.0577,-0.1852,1.0411,-4.0234,-0.6211,-0.3008
389280,-0.0513,-0.1836,1.0413,-4.0254,-0.5879,-0.2988
389303,-0.049,-0.1852,1.0409,-4.0273,-0.5898,-0.2988
389326,-0.053,-0.1842,1.0425,-4.0254,-0.6309,-0.2988
389349,-0.0485,-0.1842,1.0405,-4.0254,-0.7559,-0.2988
389372,-0.0494,-0.1842,1.0394,-4.0234,-0.8711,-0.3008
389395,-0.054,-0.1837,1.0421,-4.0234,-1.0625,-0.3027
389418,-0.0492,-0.184,1.041,-4.0234,-1.2285,-0.3066
389441,-0.0511,-0.1849,1.0398,-4.0215,-1.3086,-0.3105
389464,-0.0481,-0.1869,1.0393,-4.0215,-1.3848,-0.3145
389487,-0.048,-0.1831,1.0399,-4.0234,-1.4102,-0.3184
389510,-0.0552,-0.1846,1.04,-4.0234,-1.4238,-0.3281
389533,-0.0492,-0.1808,1.0415,-4.0234,-1.3867,-0.3379
389556,-0.0497,-0.1888,1.0417,-4.0215,-1.3242,-0.3437
389579,-0.0515,-0.187,1.0427,-4.0195,-1.1777,-0.3477
389602,-0.0453,-0.184,1.04,-4.0215,-1.0645,-0.3457
389625,-0.0491,-0.181,1.041,-4.0254,-0.9238,-0.3398
389648,-0.0566,-0.1847,1.0409,-4.0293,-0.8691,-0.332
389671,-0.0538,-0.1844,1.0405,-4.0332,-0.8262,-0.3203
389694,-0.0381,-0.187,1.0424,-4.0352,-0.7871,-0.3066
389717,-0.0549,-0.1902,1.043,-4.0391,-0.7617,-0.2969
389740,-0.0562,-0.1819,1.0408,-4.0449,-0.7363,-0.2871
389763,-0.0446,-0.1821,1.0389,-4.0488,-0.7207,-0.2852
389786,-0.0548,-0.1852,1.042,-4.0547,-0.7168,-0.2832
389809,-0.0536,-0.1875,1.0437,-4.0547,-0.75,-0.2871
389832,-0.0433,-0.184,1.0413,-4.0547,-0.7891,-0.291
389855,-0.0486,-0.1871,1.0414,-4.0547,-0.8867,-0.3008
389878,-0.052,-0.1832,1.0411,-4.0566,-0.9844,-0.3086
389901,-0.0476,-0.182,1.0392,-4.0586,-1.1563,-0.3281
389924,-0.0509,-0.1847,1.0416,-4.0586,-1.3145,-0.3477
389947,-0.0525,-0.188,1.0409,-4.0547,-1.3867,-0.3574
389970,-0.0422,-0.186,1.0405,-4.0488,-1.4277,-0.3652
389993,-0.048,-0.1851,1.0417,-4.0469,-1.4219,-0.3633
