timestamp_ms,accX,accY,accZ,gyroX,gyroY,gyroZ
1159,-0.1052,-0.2213,0.9966,-7.25,-7.2031,-7.1758
1182,-0.0432,-0.1617,1.0568,-14.0879,-13.9824,-13.832
1205,-0.0605,-0.1736,1.0396,-18.4258,-18.2734,-17.9805
1228,-0.0573,-0.1685,1.0405,-23.1543,-22.8867,-22.3184
1251,-0.0551,-0.1732,1.0424,-24.8457,-24.3691,-23.5156
1274,-0.0602,-0.1759,1.0435,-24.2246,-23.5527,-22.5254
1297,-0.059,-0.1755,1.0436,-21.1367,-20.1074,-18.877
1320,-0.0565,-0.1719,1.042,-18.0938,-16.7969,-15.4805
1343,-0.056,-0.1697,1.04,-12.9121,-11.207,-9.8398
1366,-0.0604,-0.17,1.0426,-9.5137,-7.541,-6.1992
1389,-0.0593,-0.1726,1.0433,-5.1152,-2.7617,-1.5469
1412,-0.0576,-0.1749,1.0448,-1.9961,0.6914,1.7031
1435,-0.0598,-0.1744,1.0443,-0.7148,2.1484,3.0137
1458,-0.0591,-0.1716,1.0436,0.0957,3.1406,3.8086
1481,-0.0571,-0.1715,1.0416,0.0254,3.1328,3.6973
1504,-0.0582,-0.1724,1.0438,-0.7031,2.4199,2.8887
1527,-0.0591,-0.1735,1.0424,-1.8164,1.2559,1.6914
1550,-0.0607,-0.174,1.0406,-2.5957,0.418,0.8652
1573,-0.0583,-0.174,1.0432,-3.6211,-0.7168,-0.2109
1596,-0.0598,-0.1719,1.0405,-4.1406,-1.3125,-0.75
1619,-0.0625,-0.1703,1.0422,-4.627,-1.9043,-1.2422
1642,-0.0573,-0.1718,1.0416,-4.7812,-2.1426,-1.3848
1665,-0.0579,-0.1727,1.0425,-4.7363,-2.1504,-1.3242
1688,-0.0598,-0.1722,1.0426,-4.5273,-2.0371,-1.084
1711,-0.0574,-0.1744,1.0442,-4.3379,-1.9336,-0.873
1734,-0.0422,-0.1741,1.0416,-4.0488,-1.8184,-0.5508
1757,-0.072,-0.1718,1.0443,-3.877,-1.7891,-0.3613
1780,-0.0515,-0.1732,1.042,-3.6836,-1.791,-0.1484
1803,-0.0563,-0.1736,1.0443,-3.5703,-1.8027,-0.0312
1826,-0.0565,-0.1729,1.0419,-3.541,-1.8086,-0.0059
1849,-0.0587,-0.1715,1.0435,-3.5469,-1.8105,-0.0293
1872,-0.0505,-0.1733,1.0425,-3.5762,-1.8086,-0.0742
1895,-0.0535,-0.1726,1.0439,-3.6406,-1.8105,-0.1641
1918,-0.0588,-0.1725,1.0436,-3.709,-1.8203,-0.2559
1941,-0.0519,-0.1741,1.0414,-3.75,-1.8223,-0.3086
1964,-0.0546,-0.1732,1.0425,-3.7988,-1.8125,-0.3613
1987,-0.0546,-0.1708,1.0399,-3.8203,-1.7852,-0.3789
2010,-0.0562,-0.1703,1.0413,-3.8359,-1.6953,-0.3828
2033,-0.0549,-0.1732,1.0419,-3.834,-1.5332,-0.3652
2056,-0.0562,-0.1741,1.0416,-3.8262,-1.3926,-0.3457
2079,-0.0587,-0.1736,1.0427,-3.8105,-1.166,-0.3125
2102,-0.0511,-0.1724,1.0422,-3.8008,-1.0313,-0.291
2125,-0.0558,-0.1715,1.0421,-3.7852,-0.8926,-0.2637
2148,-0.0559,-0.1698,1.041,-3.7734,-0.8555,-0.2461
2171,-0.0509,-0.1721,1.041,-3.7578,-0.877,-0.2402
2194,-0.0568,-0.1738,1.0426,-3.7422,-0.9688,-0.2402
2217,-0.058,-0.1742,1.0413,-3.7363,-1.043,-0.2441
2240,-0.0588,-0.1726,1.0419,-3.7344,-1.125,-0.25
2263,-0.0527,-0.1716,1.0399,-3.7344,-1.1445,-0.2539
2286,-0.0602,-0.1704,1.0413,-3.7383,-1.125,-0.2578
2309,-0.0549,-0.1715,1.0424,-3.7422,-1.0586,-0.2617
2332,-0.0588,-0.1743,1.0427,-3.7441,-1.002,-0.2637
2355,-0.0559,-0.1744,1.0389,-3.75,-0.9277,-0.2695
2378,-0.0594,-0.1738,1.0419,-3.7559,-0.9004,-0.2734
2401,-0.0524,-0.1719,1.041,-3.7656,-0.9082,-0.2812
2424,-0.0583,-0.1721,1.0421,-3.7754,-0.9902,-0.2871
2447,-0.0554,-0.173,1.0405,-3.7812,-1.082,-0.291
2470,-0.057,-0.1731,1.0397,-3.7852,-1.2559,-0.2949
2493,-0.0553,-0.1716,1.0414,-3.7852,-1.3828,-0.2988
2516,-0.054,-0.1688,1.0397,-3.7793,-1.5781,-0.3047
2539,-0.0505,-0.172,1.0413,-3.7695,-1.7656,-0.3105
2562,-0.0527,-0.1733,1.0416,-3.7539,-1.875,-0.3145
2585,-0.056,-0.1748,1.0419,-3.7344,-1.998,-0.3184
2608,-0.0535,-0.1748,1.0421,-3.7227,-2.0352,-0.3184
2631,-0.0541,-0.1702,1.0394,-3.7129,-2.0098,-0.3145
2654,-0.0549,-0.1688,1.0403,-3.7109,-1.9395,-0.3086
2677,-0.0533,-0.1696,1.0411,-3.7148,-1.7715,-0.2949
2700,-0.0551,-0.1724,1.0424,-3.7207,-1.5488,-0.2754
2723,-0.0562,-0.1755,1.0453,-3.7305,-1.3926,-0.2637
2746,-0.0547,-0.1742,1.0425,-3.7461,-1.1836,-0.248
2769,-0.0564,-0.1726,1.0426,-3.7559,-1.0801,-0.2422
2792,-0.0519,-0.1688,1.04,-3.7695,-1.0117,-0.2441
2815,-0.0509,-0.1693,1.0408,-3.7754,-1.0625,-0.2559
2838,-0.0536,-0.1724,1.0428,-3.7793,-1.1641,-0.2695
2861,-0.0483,-0.1737,1.0405,-3.7832,-1.3984,-0.293
2884,-0.0522,-0.1749,1.0422,-3.7891,-1.5879,-0.3086
2907,-0.0483,-0.1747,1.043,-3.7988,-1.8906,-0.3262
2930,-0.0552,-0.1765,1.0438,-3.8105,-2.1543,-0.3359
2953,-0.0497,-0.1715,1.0419,-3.8164,-2.2793,-0.3398
2976,-0.0475,-0.17,1.04,-3.8184,-2.3672,-0.3359
2999,-0.0504,-0.1689,1.0404,-3.8125,-2.3633,-0.3281
3022,-0.0487,-0.1714,1.0414,-3.7969,-2.2793,-0.3164
3045,-0.0499,-0.1726,1.0415,-3.7832,-2.1855,-0.3086
3068,-0.0486,-0.1733,1.0431,-3.7617,-2.0273,-0.2969
3091,-0.0487,-0.1729,1.0431,-3.7461,-1.8789,-0.2871
3114,-0.0472,-0.1749,1.0411,-3.7383,-1.793,-0.2812
3137,-0.0502,-0.1711,1.0405,-3.7324,-1.6855,-0.2734
3160,-0.0509,-0.1698,1.0422,-3.7324,-1.625,-0.2676
3183,-0.0455,-0.1702,1.0422,-3.7305,-1.5449,-0.2598
3206,-0.0481,-0.1722,1.0413,-3.7324,-1.4785,-0.252
3229,-0.0492,-0.175,1.0417,-3.7324,-1.4414,-0.2441
3252,-0.047,-0.1764,1.0417,-3.7344,-1.4004,-0.2363
3275,-0.0477,-0.1716,1.0414,-3.7363,-1.3848,-0.2305
3298,-0.0521,-0.1686,1.0397,-3.7383,-1.375,-0.2324
3321,-0.0468,-0.1698,1.0396,-3.7383,-1.3633,-0.2422
3344,-0.0468,-0.1726,1.0399,-3.7383,-1.3457,-0.25
3367,-0.0514,-0.1729,1.0419,-3.7383,-1.3008,-0.2617
3390,-0.051,-0.1731,1.0399,-3.7402,-1.252,-0.2676
3413,-0.0485,-0.171,1.0404,-3.7402,-1.1465,-0.2734
3436,-0.0531,-0.1692,1.042,-3.7402,-1.0586,-0.2754
3459,-0.0477,-0.171,1.042,-3.7344,-0.9238,-0.2715
3482,-0.0479,-0.1731,1.0409,-3.7266,-0.8164,-0.2617
3505,-0.0515,-0.1741,1.0427,-3.7227,-0.7734,-0.2539
3528,-0.0494,-0.1733,1.0419,-3.7207,-0.7559,-0.2422
3551,-0.0479,-0.1687,1.0415,-3.7207,-0.7695,-0.2363
3574,-0.0485,-0.1694,1.0406,-3.7207,-0.8086,-0.2344
3597,-0.0509,-0.1716,1.0441,-3.7227,-0.8496,-0.2383
3620,-0.0504,-0.1748,1.0417,-3.7227,-0.8672,-0.2441
3643,-0.0505,-0.1738,1.0425,-3.7285,-0.8613,-0.2559
3666,-0.051,-0.1726,1.0415,-3.7344,-0.834,-0.2637
3689,-0.0533,-0.1721,1.0431,-3.7441,-0.752,-0.2734
3712,-0.0502,-0.1714,1.0405,-3.752,-0.6309,-0.2773
3735,-0.0519,-0.1703,1.0415,-3.7559,-0.5469,-0.2773
3758,-0.0538,-0.1718,1.0402,-3.7559,-0.4492,-0.2734
3781,-0.053,-0.173,1.0417,-3.7539,-0.416,-0.2695
3804,-0.053,-0.1746,1.0415,-3.75,-0.4512,-0.2637
3827,-0.0542,-0.1736,1.0428,-3.748,-0.5391,-0.2617
3850,-0.0491,-0.1707,1.04,-3.7461,-0.7598,-0.2617
3873,-0.0477,-0.1709,1.0394,-3.75,-1.0488,-0.2656
3896,-0.0558,-0.1685,1.0399,-3.7559,-1.2559,-0.2695
3919,-0.05,-0.1742,1.0474,-3.7617,-1.5313,-0.2754
3942,-0.0472,-0.1749,1.0366,-3.7656,-1.668,-0.2773
3965,-0.0509,-0.1743,1.0416,-3.7715,-1.7891,-0.2773
3988,-0.0553,-0.1685,1.04,-3.7754,-1.8223,-0.2754
4011,-0.0399,-0.1682,1.0398,-3.7734,-1.8086,-0.2734
4034,-0.052,-0.1688,1.0399,-3.7676,-1.7539,-0.2715
4057,-0.0505,-0.1741,1.0422,-3.7617,-1.7031,-0.2715
4080,-0.0508,-0.1755,1.0394,-3.7559,-1.5996,-0.2715
4103,-0.0531,-0.1761,1.0435,-3.7578,-1.4648,-0.2715
4126,-0.0516,-0.1722,1.0404,-3.7617,-1.3613,-0.2715
4149,-0.0485,-0.1697,1.0406,-3.7676,-1.2012,-0.2734
4172,-0.0502,-0.1703,1.0419,-3.7695,-1.1016,-0.2754
4195,-0.0524,-0.1718,1.0414,-3.7715,-0.9863,-0.2793
4218,-0.0546,-0.1759,1.0437,-3.7715,-0.9297,-0.2793
4241,-0.0452,-0.1742,1.0427,-3.7695,-0.9316,-0.2773
4264,-0.0529,-0.1705,1.0417,-3.7676,-0.9941,-0.2734
4287,-0.0504,-0.1656,1.0388,-3.7637,-1.0664,-0.2695
4310,-0.0461,-0.1691,1.0422,-3.7539,-1.1953,-0.2695
4333,-0.0483,-0.173,1.0402,-3.748,-1.2832,-0.2715
4356,-0.0548,-0.1764,1.0443,-3.7422,-1.3984,-0.2773
4379,-0.0491,-0.1774,1.042,-3.7441,-1.4785,-0.2812
4402,-0.0488,-0.1727,1.0404,-3.748,-1.5098,-0.2832
4425,-0.0468,-0.1676,1.0386,-3.7578,-1.5293,-0.2812
4448,-0.048,-0.1687,1.0404,-3.7617,-1.5273,-0.2773
4471,-0.0464,-0.1727,1.0413,-3.7637,-1.4941,-0.2695
4494,-0.0574,-0.175,1.0391,-3.7637,-1.4297,-0.2578
4517,-0.0554,-0.176,1.0444,-3.7637,-1.3672,-0.252
4540,-0.042,-0.1732,1.0406,-3.7637,-1.252,-0.2402
4563,-0.0507,-0.1676,1.0408,-3.7656,-1.1758,-0.2363
4586,-0.0535,-0.1683,1.0422,-3.7676,-1.0801,-0.2324
4609,-0.0474,-0.1748,1.0417,-3.7695,-1.0039,-0.2363
4632,-0.0529,-0.178,1.0436,-3.7715,-0.9648,-0.2422
4655,-0.0525,-0.1761,1.042,-3.7754,-0.9316,-0.25
4678,-0.0485,-0.1725,1.0414,-3.7812,-0.9258,-0.2578
4701,-0.0479,-0.1671,1.0383,-3.7871,-0.9258,-0.2656
4724,-0.0522,-0.1676,1.04,-3.7871,-0.9336,-0.2715
4747,-0.0521,-0.1724,1.0435,-3.7852,-0.9453,-0.2754
4770,-0.0508,-0.176,1.0433,-3.7793,-0.957,-0.2793
4793,-0.0526,-0.1741,1.042,-3.7773,-0.9746,-0.2812
4816,-0.0492,-0.1725,1.0413,-3.7754,-1.0293,-0.2832
4839,-0.049,-0.1716,1.0426,-3.7754,-1.0898,-0.2852
4862,-0.0483,-0.1715,1.0414,-3.7793,-1.2051,-0.2871
4885,-0.052,-0.1729,1.0417,-3.7812,-1.334,-0.2871
4908,-0.0494,-0.1747,1.0421,-3.7832,-1.4121,-0.2871
4931,-0.0503,-0.1741,1.0415,-3.7871,-1.502,-0.2871
4954,-0.0499,-0.1725,1.0387,-3.7891,-1.5352,-0.2871
4977,-0.0498,-0.1699,1.04,-3.7891,-1.541,-0.2871
5000,-0.0483,-0.1697,1.0406,-3.7852,-1.4902,-0.2852
5023,-0.0522,-0.1715,1.0406,-3.7773,-1.4336,-0.2832
5046,-0.0504,-0.174,1.041,-3.7637,-1.3203,-0.2793
5069,-0.0519,-0.1757,1.0405,-3.7539,-1.2344,-0.2793
5092,-0.0488,-0.1735,1.0388,-3.7422,-1.1074,-0.2773
5115,-0.0522,-0.1719,1.0437,-3.7363,-1.0391,-0.2754
5138,-0.0481,-0.1707,1.0403,-3.7305,-0.9668,-0.2754
5161,-0.0538,-0.1709,1.0421,-3.7227,-0.9238,-0.2734
5184,-0.0541,-0.1732,1.0405,-3.7168,-0.9063,-0.2715
5207,-0.0421,-0.1744,1.0405,-3.709,-0.9004,-0.2715
5230,-0.0554,-0.172,1.0396,-3.7051,-0.9121,-0.2715
5253,-0.0531,-0.1696,1.0408,-3.7012,-0.9512,-0.2715
5276,-0.0464,-0.1727,1.0413,-3.7031,-1.0078,-0.2734
5299,-0.0509,-0.173,1.0397,-3.707,-1.0586,-0.2734
5322,-0.054,-0.174,1.0422,-3.7148,-1.1465,-0.2715
5345,-0.0469,-0.1731,1.0406,-3.7246,-1.207,-0.2676
5368,-0.052,-0.1719,1.0391,-3.7402,-1.291,-0.2617
5391,-0.0507,-0.1719,1.0406,-3.7598,-1.3438,-0.252
5414,-0.0498,-0.173,1.0415,-3.7695,-1.3555,-0.2461
5437,-0.0509,-0.1735,1.0426,-3.7852,-1.332,-0.2363
5460,-0.052,-0.1736,1.0419,-3.7891,-1.2949,-0.2305
5483,-0.0498,-0.1748,1.042,-3.7891,-1.2129,-0.2266
5506,-0.0505,-0.1735,1.0375,-3.7832,-1.1465,-0.2266
5529,-0.0553,-0.1688,1.0409,-3.7598,-1.0313,-0.2285
5552,-0.0465,-0.1719,1.0381,-3.7266,-0.9121,-0.2344
5575,-0.0477,-0.1703,1.0387,-3.7031,-0.8398,-0.2383
5598,-0.0571,-0.1732,1.0398,-3.6719,-0.7637,-0.2422
5621,-0.0514,-0.1729,1.0388,-3.6562,-0.7344,-0.2461
5644,-0.0497,-0.175,1.0398,-3.6445,-0.7148,-0.2539
5667,-0.0529,-0.1707,1.0402,-3.6484,-0.7344,-0.2676
5690,-0.0519,-0.1704,1.0397,-3.6562,-0.7695,-0.2773
5713,-0.0504,-0.1741,1.0415,-3.6738,-0.8457,-0.2949
5736,-0.0515,-0.1663,1.0413,-3.6875,-0.9023,-0.3066
5759,-0.052,-0.1796,1.0416,-3.709,-0.9824,-0.3164
5782,-0.0538,-0.1672,1.0393,-3.7305,-1.0469,-0.3164
5805,-0.0492,-0.1764,1.0399,-3.7422,-1.0742,-0.3145
5828,-0.0574,-0.168,1.0426,-3.752,-1.0957,-0.3047
5851,-0.046,-0.1732,1.0404,-3.7559,-1.0977,-0.2969
5874,-0.0571,-0.1698,1.0411,-3.7559,-1.0918,-0.2871
5897,-0.0487,-0.1722,1.0374,-3.752,-1.084,-0.2754
5920,-0.0569,-0.1714,1.0404,-3.748,-1.0801,-0.2695
5943,-0.0465,-0.1729,1.0403,-3.7461,-1.0742,-0.2598
5966,-0.0577,-0.1727,1.0397,-3.7461,-1.0703,-0.2539
5989,-0.0518,-0.1713,1.0408,-3.75,-1.0527,-0.2461
6012,-0.0537,-0.1724,1.0408,-3.7539,-1.0313,-0.2422
6035,-0.05,-0.1704,1.0399,-3.7578,-0.9961,-0.2363
6058,-0.0536,-0.1727,1.0421,-3.7578,-0.9824,-0.2324
6081,-0.0494,-0.1741,1.0411,-3.7578,-0.9844,-0.2324
6104,-0.0555,-0.1733,1.0424,-3.7539,-1.0,-0.2324
6127,-0.0521,-0.1726,1.0408,-3.75,-1.002,-0.2324
6150,-0.0571,-0.1715,1.0409,-3.7422,-0.9629,-0.2285
6173,-0.0562,-0.1698,1.0411,-3.7324,-0.8535,-0.2227
6196,-0.0587,-0.1725,1.0414,-3.7227,-0.7441,-0.2168
6219,-0.0529,-0.1725,1.0402,-3.7109,-0.5801,-0.2129
6242,-0.0507,-0.1697,1.0404,-3.7051,-0.5117,-0.2129
6265,-0.0551,-0.1686,1.0387,-3.7051,-0.541,-0.2207
6288,-0.0475,-0.1716,1.0376,-3.7148,-0.7344,-0.2402
6311,-0.0442,-0.1775,1.041,-3.7227,-0.9355,-0.2559
6334,-0.0643,-0.1749,1.0409,-3.7422,-1.2676,-0.2773
6357,-0.0626,-0.174,1.0416,-3.7539,-1.4355,-0.2891
6380,-0.0415,-0.1729,1.0415,-3.7656,-1.5078,-0.293
6403,-0.0608,-0.1672,1.0399,-3.7676,-1.4297,-0.291
6426,-0.0677,-0.1676,1.0402,-3.7578,-1.1602,-0.2812
6449,-0.049,-0.1735,1.0404,-3.7363,-0.7949,-0.2695
6472,-0.0485,-0.1746,1.0409,-3.7207,-0.5859,-0.2598
6495,-0.0659,-0.1753,1.0417,-3.7051,-0.4492,-0.25
6518,-0.0441,-0.1689,1.0392,-3.6992,-0.4961,-0.248
6541,-0.0468,-0.1682,1.0383,-3.6973,-0.7441,-0.25
6564,-0.0603,-0.1664,1.0402,-3.7031,-1.1055,-0.2559
6587,-0.0608,-0.1758,1.0437,-3.709,-1.3184,-0.2598
6610,-0.0522,-0.1771,1.0394,-3.7187,-1.4824,-0.2637
6633,-0.059,-0.1731,1.0405,-3.7285,-1.4688,-0.2656
6656,-0.0577,-0.168,1.0394,-3.7402,-1.3047,-0.2656
6679,-0.0548,-0.1675,1.0389,-3.7461,-1.0566,-0.2617
6702,-0.0514,-0.1699,1.0394,-3.7461,-0.9102,-0.2598
6725,-0.0626,-0.1737,1.0432,-3.7441,-0.8125,-0.2598
6748,-0.05,-0.1758,1.0425,-3.7422,-0.8496,-0.2617
6771,-0.05,-0.176,1.0427,-3.7441,-1.0645,-0.2715
6794,-0.056,-0.1686,1.0393,-3.748,-1.293,-0.2891
6817,-0.0615,-0.1709,1.0421,-3.7559,-1.668,-0.3027
6840,-0.0441,-0.1721,1.0409,-3.7598,-1.9551,-0.3164
6863,-0.0537,-0.1724,1.0419,-3.7578,-2.0547,-0.3242
6886,-0.0614,-0.1674,1.0382,-3.7461,-2.043,-0.3262
6909,-0.0493,-0.1725,1.0415,-3.7344,-1.9199,-0.3223
6932,-0.0519,-0.1705,1.0419,-3.7148,-1.6113,-0.3086
6955,-0.0638,-0.1727,1.0422,-3.7012,-1.2402,-0.2949
6978,-0.0538,-0.1744,1.0402,-3.6973,-1.002,-0.2871
7001,-0.0486,-0.1742,1.0419,-3.6973,-0.7266,-0.2773
7024,-0.0597,-0.1682,1.0406,-3.7031,-0.625,-0.2754
7047,-0.0591,-0.163,1.0399,-3.7129,-0.5918,-0.2773
7070,-0.0436,-0.1702,1.0403,-3.7187,-0.6523,-0.2812
7093,-0.059,-0.1755,1.042,-3.7246,-0.7324,-0.2832
7116,-0.0612,-0.1774,1.0472,-3.7422,-0.8848,-0.2871
7139,-0.0546,-0.1781,1.0439,-3.7578,-0.9824,-0.2891
7162,-0.0461,-0.1682,1.0389,-3.7891,-1.1094,-0.2891
7185,-0.0613,-0.166,1.0405,-3.8086,-1.1797,-0.2871
7208,-0.0497,-0.166,1.0388,-3.8281,-1.2441,-0.2832
7231,-0.0509,-0.1772,1.0425,-3.832,-1.252,-0.2773
7254,-0.0631,-0.1759,1.0422,-3.832,-1.2344,-0.2715
7277,-0.0537,-0.1759,1.0422,-3.8281,-1.1777,-0.2676
7300,-0.0525,-0.1707,1.0404,-3.8262,-1.1172,-0.2656
7323,-0.0563,-0.163,1.0375,-3.8242,-1.0059,-0.2637
7346,-0.0547,-0.1704,1.0393,-3.8164,-0.8555,-0.2598
7369,-0.059,-0.1733,1.0442,-3.8066,-0.7187,-0.2559
7392,-0.0656,-0.1738,1.0448,-3.7949,-0.4687,-0.2461
7415,-0.0552,-0.173,1.0398,-3.7891,-0.2891,-0.2383
7438,-0.058,-0.1683,1.0394,-3.7852,-0.0566,-0.2324
7461,-0.0536,-0.1669,1.0409,-3.7871,0.0527,-0.2305
7484,-0.0607,-0.1709,1.0405,-3.7949,0.0352,-0.2344
7507,-0.0565,-0.1782,1.0403,-3.8105,-0.1035,-0.2422
7530,-0.0624,-0.1791,1.0441,-3.8262,-0.2539,-0.25
7553,-0.0613,-0.1765,1.0416,-3.8574,-0.541,-0.2656
7576,-0.0575,-0.1559,1.0341,-3.877,-0.8672,-0.2832
7599,-0.0374,-0.1639,1.0375,-3.8965,-1.082,-0.293
7622,-0.0669,-0.1744,1.045,-3.8965,-1.3652,-0.3066
7645,-0.0736,-0.1847,1.0443,-3.8867,-1.4883,-0.3125
7668,-0.0563,-0.182,1.0439,-3.8691,-1.5176,-0.3125
7691,-0.0494,-0.1689,1.04,-3.8555,-1.4629,-0.3105
7714,-0.0665,-0.1611,1.0377,-3.832,-1.3574,-0.3047
7737,-0.049,-0.1661,1.0404,-3.8008,-1.2676,-0.3008
7760,-0.0553,-0.1752,1.0421,-3.7773,-1.2324,-0.2969
7783,-0.0637,-0.1791,1.0441,-3.7461,-1.2266,-0.293
7806,-0.0593,-0.1791,1.0417,-3.7305,-1.2441,-0.2891
7829,-0.0554,-0.17,1.0413,-3.7168,-1.2715,-0.2852
7852,-0.0571,-0.1622,1.0385,-3.7051,-1.2676,-0.2793
7875,-0.0598,-0.1643,1.0398,-3.6973,-1.2422,-0.2773
7898,-0.0583,-0.174,1.0409,-3.6855,-1.166,-0.2715
7921,-0.0588,-0.1772,1.0422,-3.6777,-1.0977,-0.2695
7944,-0.0676,-0.1771,1.0411,-3.6738,-1.0,-0.2695
7967,-0.0466,-0.1726,1.0397,-3.6797,-0.959,-0.2734
7990,-0.0566,-0.1669,1.0424,-3.6914,-0.998,-0.2793
8013,-0.0574,-0.1674,1.0406,-3.7129,-1.1777,-0.291
8036,-0.0544,-0.1729,1.0426,-3.7285,-1.3672,-0.2988
8059,-0.0513,-0.1757,1.0422,-3.7539,-1.7148,-0.3145
8082,-0.0532,-0.1741,1.0419,-3.7715,-1.9688,-0.3242
8105,-0.051,-0.1716,1.041,-3.7949,-2.332,-0.3398
8128,-0.0515,-0.1692,1.0402,-3.8086,-2.584,-0.3496
8151,-0.056,-0.1682,1.0411,-3.8066,-2.6445,-0.3516
8174,-0.0547,-0.1724,1.0405,-3.7891,-2.5488,-0.3457
8197,-0.0435,-0.1666,1.0417,-3.7695,-2.3789,-0.3359
8220,-0.0693,-0.1851,1.0414,-3.7402,-2.0215,-0.3066
8243,-0.0487,-0.1711,1.0399,-3.7168,-1.6191,-0.252
8266,-0.0569,-0.171,1.0422,-3.7109,-1.3652,-0.2031
8289,-0.0555,-0.1715,1.0405,-3.7148,-1.0313,-0.125
8312,-0.0562,-0.1741,1.0438,-3.7266,-0.8438,-0.0801
8335,-0.0609,-0.173,1.0425,-3.75,-0.6133,-0.0332
8358,-0.0546,-0.1733,1.0404,-3.7793,-0.4434,-0.0215
8381,-0.057,-0.1722,1.0428,-3.7969,-0.375,-0.0312
8404,-0.0536,-0.1691,1.0402,-3.8145,-0.3652,-0.0684
8427,-0.0582,-0.1659,1.0383,-3.8145,-0.4141,-0.1035
8450,-0.0547,-0.1686,1.0388,-3.8027,-0.5469,-0.1621
8473,-0.0533,-0.1759,1.0428,-3.7871,-0.6621,-0.2187
8496,-0.0601,-0.178,1.0422,-3.7637,-0.8711,-0.25
8519,-0.0551,-0.1757,1.0413,-3.75,-1.1016,-0.2832
8542,-0.0562,-0.1693,1.0416,-3.7461,-1.2441,-0.2949
8565,-0.056,-0.167,1.0361,-3.7461,-1.4082,-0.3008
8588,-0.0569,-0.1677,1.0399,-3.748,-1.4648,-0.2969
8611,-0.0543,-0.1735,1.0391,-3.7539,-1.4766,-0.2812
8634,-0.0573,-0.177,1.0419,-3.7695,-1.4336,-0.2637
8657,-0.0568,-0.1758,1.0424,-3.7891,-1.4004,-0.252
8680,-0.0531,-0.1715,1.0417,-3.8223,-1.3594,-0.2383
8703,-0.0564,-0.1687,1.0414,-3.8437,-1.3438,-0.2344
8726,-0.051,-0.1692,1.04,-3.8711,-1.3398,-0.2363
8749,-0.0569,-0.173,1.0405,-3.8828,-1.3496,-0.2461
8772,-0.0513,-0.1759,1.0415,-3.8828,-1.3496,-0.2539
8795,-0.0607,-0.177,1.0433,-3.877,-1.2949,-0.2676
8818,-0.0586,-0.1731,1.0405,-3.8691,-1.1934,-0.2715
8841,-0.0651,-0.17,1.043,-3.8516,-0.8867,-0.2734
8864,-0.0638,-0.1667,1.0394,-3.8359,-0.0605,-0.2656
8887,-0.064,-0.171,1.0411,-3.8086,0.0605,-0.2539
8910,-0.059,-0.1754,1.0425,-3.7832,0.6719,-0.2383
8933,-0.0636,-0.1761,1.0432,-3.7715,0.9629,-0.2285
8956,-0.0576,-0.1747,1.0405,-3.7637,1.1074,-0.2187
8979,-0.0569,-0.1705,1.0419,-3.7676,0.9766,-0.2187
9002,-0.0552,-0.1696,1.04,-3.7793,0.4629,-0.2266
9025,-0.0579,-0.1698,1.0406,-3.793,-0.3145,-0.2441
9048,-0.0599,-0.174,1.043,-3.8008,-0.8906,-0.2598
9071,-0.0538,-0.1752,1.0417,-3.8066,-1.7012,-0.2852
9094,-0.0575,-0.1727,1.043,-3.8086,-2.1543,-0.2988
9117,-0.0571,-0.1708,1.0431,-3.8066,-2.6543,-0.3184
9140,-0.0548,-0.1696,1.0417,-3.8008,-2.9316,-0.3301
9163,-0.0529,-0.1696,1.04,-3.793,-3.002,-0.334
9186,-0.0557,-0.1718,1.0404,-3.7793,-2.9609,-0.334
9209,-0.0525,-0.1747,1.0405,-3.7715,-2.8516,-0.3281
9232,-0.0524,-0.1747,1.0408,-3.7637,-2.5937,-0.3145
9255,-0.0535,-0.1759,1.0416,-3.7617,-2.2246,-0.2949
9278,-0.0449,-0.2059,1.0393,-3.7637,-1.9082,-0.2773
9301,-0.0732,-0.1515,1.0449,-3.7695,-1.3164,-0.2363
9324,-0.0619,-0.1635,1.0405,-3.7734,-0.8477,-0.1934
9347,-0.0701,-0.1666,1.0437,-3.7832,-0.084,-0.0977
9370,-0.0582,-0.1726,1.0399,-3.791,0.4043,-0.0215
9393,-0.0651,-0.1718,1.0428,-3.8066,0.9844,0.0879
9416,-0.0546,-0.1707,1.0394,-3.8184,1.252,0.1602
9439,-0.0585,-0.1682,1.0408,-3.8223,1.2109,0.1797
9462,-0.0583,-0.1716,1.0396,-3.8223,0.834,0.1582
9485,-0.0579,-0.1733,1.042,-3.8164,0.4238,0.1133
9508,-0.0708,-0.1743,1.0422,-3.8008,-0.2773,0.0176
9531,-0.0493,-0.1722,1.0397,-3.7754,-0.8848,-0.0918
9554,-0.0618,-0.1694,1.04,-3.7559,-1.1758,-0.1582
9577,-0.0608,-0.1713,1.0389,-3.7305,-1.3848,-0.2402
9600,-0.05,-0.1715,1.0367,-3.7168,-1.3398,-0.2773
9623,-0.0862,-0.1743,1.0416,-3.7031,-0.918,-0.3047
9646,-0.0923,-0.1731,1.0425,-3.6992,0.0605,-0.2949
9669,-0.0742,-0.1721,1.0417,-3.7012,1.0098,-0.2715
9692,-0.0769,-0.1711,1.0387,-3.7187,2.5859,-0.2207
9715,-0.0931,-0.1697,1.0414,-3.7363,3.5234,-0.1816
9738,-0.0649,-0.1715,1.0403,-3.7676,4.4258,-0.1328
9761,-0.0709,-0.1732,1.04,-3.7891,4.5078,-0.1113
9784,-0.0593,-0.1719,1.0408,-3.8242,3.6582,-0.1113
9807,-0.0636,-0.1733,1.0417,-3.8594,1.6953,-0.1484
9830,-0.0422,-0.1726,1.0385,-3.8828,-0.0625,-0.1895
9853,-0.0559,-0.1729,1.0402,-3.9102,-2.9551,-0.2656
9876,-0.0674,-0.1709,1.0406,-3.9199,-4.75,-0.3184
9899,-0.0637,-0.1735,1.0416,-3.918,-6.7031,-0.3809
9922,-0.0714,-0.1744,1.041,-3.8965,-7.4082,-0.4121
9945,-0.0782,-0.1747,1.0426,-3.8789,-7.1836,-0.4141
9968,-0.0503,-0.1735,1.0419,-3.8574,-6.127,-0.3984
9991,-0.0613,-0.1713,1.0435,-3.8496,-5.2598,-0.3828
10014,-0.043,-0.1698,1.0435,-3.8574,-4.2754,-0.3613
10037,-0.0081,-0.1709,1.0365,-3.8828,-4.166,-0.3516
10060,-0.0475,-0.1716,1.0432,-3.9062,-4.6582,-0.3574
10083,-0.0376,-0.1718,1.0409,-3.9395,-5.9336,-0.375
10106,-0.027,-0.173,1.0414,-3.9512,-6.8574,-0.3887
10129,-0.046,-0.1731,1.0437,-3.9473,-7.8906,-0.4062
10152,-0.0487,-0.1733,1.0432,-3.9277,-8.1113,-0.4062
10175,-0.0499,-0.1722,1.0432,-3.8789,-7.5254,-0.3926
10198,-0.048,-0.1702,1.0424,-3.8066,-5.8984,-0.3574
10221,-0.0521,-0.1704,1.042,-3.7539,-4.4121,-0.3242
10244,-0.0521,-0.171,1.0417,-3.6777,-1.9746,-0.2695
10267,-0.0427,-0.1742,1.042,-3.6348,-0.4668,-0.2383
10290,-0.0485,-0.1744,1.0463,-3.5879,1.2363,-0.2031
10313,-0.0416,-0.1758,1.0422,-3.5684,1.9746,-0.1895
10336,-0.0367,-0.171,1.0409,-3.5723,1.9004,-0.1934
10359,-0.0253,-0.1654,1.0372,-3.5918,1.0566,-0.2187
10382,-0.0415,-0.168,1.0398,-3.6094,0.1328,-0.2422
10405,-0.0413,-0.171,1.0419,-3.6367,-1.4355,-0.2812
10428,-0.042,-0.174,1.0414,-3.6582,-2.7598,-0.3105
10451,-0.036,-0.1746,1.0427,-3.668,-3.2988,-0.3223
10474,-0.0505,-0.171,1.0422,-3.6777,-3.418,-0.3164
10497,-0.0472,-0.1216,1.0402,-3.6777,-2.9844,-0.2988
10520,-0.072,-0.1819,1.041,-3.6621,-1.5605,-0.2539
10543,-0.0692,-0.1947,1.0417,-3.6387,0.8223,-0.1777
10566,-0.0468,-0.175,1.0394,-3.5977,2.2305,-0.1094
10589,-0.0785,-0.1781,1.0435,-3.5645,4.5195,0.0
10612,-0.0782,-0.1748,1.0413,-3.5508,5.7793,0.0664
10635,-0.0648,-0.1704,1.0383,-3.543,7.1172,0.1348
10658,-0.0907,-0.1771,1.0431,-3.5469,7.5781,0.1562
10681,-0.0596,-0.1787,1.0386,-3.5625,7.5684,0.1445
10704,-0.0792,-0.173,1.0437,-3.5957,6.6426,0.0996
10727,-0.0525,-0.1453,1.0416,-3.6328,5.5098,0.0625
10750,-0.0521,-0.1735,1.0389,-3.709,3.1152,0.0195
10773,-0.0629,-0.1663,1.0405,-3.7695,1.1816,0.002
10796,-0.0438,-0.168,1.0424,-3.8633,-1.8555,-0.0195
10819,-0.0599,-0.1686,1.0383,-3.9375,-4.6152,-0.0449
10842,-0.0516,-0.1799,1.0415,-3.9687,-6.0977,-0.0664
10865,-0.0383,-0.1737,1.0386,-3.9824,-7.6074,-0.1152
10888,-0.0619,-0.1687,1.0399,-3.9746,-8.1035,-0.1543
10911,-0.0424,-0.1675,1.0374,-3.9414,-8.1133,-0.2168
10934,-0.0433,-0.1727,1.0421,-3.9102,-7.3848,-0.2715
10957,-0.0591,-0.1691,1.042,-3.8691,-6.6016,-0.3008
10980,-0.0563,-0.1768,1.043,-3.8437,-5.1641,-0.3301
11003,-0.0608,-0.1831,1.0453,-3.8359,-4.1504,-0.3379
11026,-0.0894,-0.2167,1.0271,-3.8418,-2.7969,-0.332
11049,-0.0134,-0.0942,1.0469,-3.8574,-2.0547,-0.2793
11072,-0.066,-0.1821,1.0424,-3.8809,-1.0332,0.0039
11095,-0.0259,-0.1686,1.0374,-3.9043,-0.1934,0.5137
11118,-0.0682,-0.1749,1.0419,-3.9121,0.2285,0.8984
11141,-0.0571,-0.1747,1.0399,-3.916,0.7051,1.3965
11164,-0.0465,-0.1741,1.0385,-3.9082,0.9922,1.6152
11187,-0.0856,-0.1692,1.042,-3.8887,1.5273,1.7246
11210,-0.0785,-0.1702,1.0402,-3.8535,2.3477,1.5723
11233,-0.0432,-0.1738,1.0359,-3.8242,3.0508,1.3594
11256,-0.0972,-0.1742,1.0435,-3.7754,4.1797,0.9336
11279,-0.0774,-0.175,1.0399,-3.7422,4.9219,0.623
11302,-0.0912,-0.1716,1.0416,-3.6934,5.9453,0.1816
11325,-0.0907,-0.1699,1.0385,-3.6465,6.7559,-0.168
11348,-0.083,-0.1703,1.0372,-3.6191,7.082,-0.3359
11371,-0.0825,-0.1724,1.0404,-3.5859,7.0645,-0.4863
11394,-0.0742,-0.1742,1.0387,-3.5762,6.6445,-0.5273
11417,-0.0869,-0.173,1.0378,-3.582,5.4102,-0.5195
11440,-0.0856,-0.1719,1.0408,-3.5977,4.2812,-0.4844
11463,-0.0764,-0.1713,1.0375,-3.6328,2.3926,-0.4062
11486,-0.0876,-0.1687,1.0399,-3.6699,0.541,-0.3242
11509,-0.0826,-0.1559,1.0409,-3.6934,-0.5508,-0.2773
11532,-0.0752,-0.1986,1.0404,-3.7227,-1.9102,-0.2285
11555,-0.0773,-0.1692,1.0393,-3.7402,-2.6562,-0.2148
11578,-0.0775,-0.1732,1.0382,-3.7715,-3.6113,-0.2227
11601,-0.0692,-0.1703,1.0402,-3.8047,-4.4551,-0.2598
11624,-0.0569,-0.1694,1.0382,-3.8281,-5.0176,-0.2949
11647,-0.0581,-0.1686,1.0396,-3.8672,-5.9531,-0.3555
11670,-0.0491,-0.1735,1.04,-3.8926,-6.6504,-0.3965
11693,-0.0505,-0.1752,1.0402,-3.9199,-7.7012,-0.4473
11716,-0.054,-0.172,1.0397,-3.9277,-8.5273,-0.4785
11739,-0.0546,-0.1721,1.041,-3.9219,-8.8027,-0.4863
11762,-0.0574,-0.1713,1.0409,-3.8965,-8.6172,-0.4766
11785,-0.0585,-0.172,1.0383,-3.8691,-8.0586,-0.457
11808,-0.0623,-0.1715,1.0378,-3.8125,-6.6426,-0.4121
11831,-0.0614,-0.1742,1.0391,-3.7656,-5.4355,-0.3574
11854,-0.0635,-0.1724,1.0409,-3.6953,-3.5137,-0.3203
11877,-0.0562,-0.172,1.0413,-3.6367,-1.8555,-0.2715
11900,-0.0396,-0.17,1.0428,-3.6152,-1.1094,-0.248
11923,-0.0372,-0.1702,1.0402,-3.6094,-0.7461,-0.2363
11946,-0.0474,-0.1707,1.0402,-3.6172,-1.0215,-0.2383
11969,-0.0475,-0.1753,1.0383,-3.6328,-1.9785,-0.2559
11992,-0.0431,-0.1742,1.0375,-3.6309,-3.1113,-0.2754
12015,-0.0558,-0.1685,1.0388,-3.6152,-3.6973,-0.2832
12038,-0.0585,-0.1636,1.0364,-3.5703,-4.0273,-0.2832
12061,-0.0509,-0.1659,1.0377,-3.5332,-3.8262,-0.2754
12084,-0.0596,-0.1702,1.0408,-3.4902,-3.0039,-0.2559
12107,-0.0575,-0.1763,1.0416,-3.4844,-1.8672,-0.2344
12130,-0.0601,-0.177,1.0438,-3.5098,-1.1406,-0.2246
12153,-0.0454,-0.1731,1.0406,-3.5918,-0.4082,-0.2266
12176,-0.032,-0.1699,1.041,-3.6699,-0.3242,-0.2402
12199,-0.0216,-0.17,1.0394,-3.8066,-0.9863,-0.2773
12222,-0.0399,-0.1709,1.0398,-3.9004,-2.416,-0.3203
12245,-0.0331,-0.1724,1.0422,-4.0215,-3.7148,-0.3457
12268,-0.0385,-0.1746,1.0448,-4.0977,-5.4668,-0.3672
12291,-0.0297,-0.1722,1.0411,-4.1152,-6.3613,-0.3691
12314,-0.0347,-0.1699,1.0381,-4.0918,-7.082,-0.3594
12337,-0.0293,-0.1714,1.0399,-4.0469,-7.1094,-0.3477
12360,-0.0394,-0.1708,1.0403,-3.9434,-6.5137,-0.3242
12383,-0.0341,-0.1715,1.0405,-3.8203,-5.291,-0.2969
12406,-0.0464,-0.1708,1.0427,-3.7402,-4.2461,-0.2793
12429,-0.0309,-0.1713,1.0396,-3.6426,-2.541,-0.252
12452,-0.045,-0.1709,1.0424,-3.5977,-1.4434,-0.2363
12475,-0.0404,-0.1722,1.0409,-3.5645,-0.0352,-0.2207
12498,-0.0493,-0.1738,1.0433,-3.5684,0.9648,-0.2148
12521,-0.0304,-0.172,1.0377,-3.5879,1.3691,-0.2148
12544,-0.0454,-0.1702,1.0399,-3.6328,1.5742,-0.2246
12567,-0.0341,-0.1693,1.0387,-3.666,1.4727,-0.2324
12590,-0.0442,-0.1693,1.0422,-3.7109,1.0625,-0.2441
12613,-0.0437,-0.1692,1.0414,-3.7363,0.498,-0.2559
12636,-0.0441,-0.1718,1.0419,-3.7598,0.1152,-0.2598
12659,-0.0466,-0.1714,1.0413,-3.7715,-0.3887,-0.2598
12682,-0.0322,-0.1721,1.0421,-3.7715,-0.6699,-0.2598
12705,-0.0426,-0.1722,1.0421,-3.7637,-1.0508,-0.2578
12728,-0.0369,-0.1716,1.0425,-3.7578,-1.2891,-0.2617
12751,-0.0409,-0.1709,1.0419,-3.75,-1.5898,-0.2676
12774,-0.0426,-0.1697,1.0424,-3.7402,-1.7676,-0.2754
12797,-0.0411,-0.1691,1.0404,-3.7344,-1.8027,-0.2793
12820,-0.0386,-0.1699,1.0411,-3.7246,-1.7422,-0.2832
12843,-0.0398,-0.1681,1.0411,-3.7168,-1.6523,-0.2852
12866,-0.0198,-0.1382,1.0411,-3.7012,-1.4922,-0.2852
12889,-0.0609,-0.202,1.0437,-3.6816,-1.3125,-0.2637
12912,-0.0413,-0.1909,1.0399,-3.6699,-1.1582,-0.2148
12935,-0.037,-0.1724,1.042,-3.6602,-0.8926,-0.0684
12958,-0.0398,-0.172,1.0411,-3.6602,-0.7207,0.0605
12981,-0.0422,-0.1726,1.0422,-3.6719,-0.4844,0.2539
13004,-0.0471,-0.1719,1.0426,-3.6953,-0.2383,0.3945
13027,-0.041,-0.193,1.0406,-3.7148,-0.0391,0.4434
13050,-0.05,-0.1509,1.04,-3.748,0.3301,0.4473
13073,-0.0515,-0.1646,1.0419,-3.7637,0.625,0.4102
13096,-0.0563,-0.171,1.041,-3.7773,1.125,0.3223
13119,-0.0554,-0.1716,1.0408,-3.7793,1.4746,0.252
13142,-0.0542,-0.1698,1.0396,-3.7715,1.9375,0.1445
13165,-0.054,-0.1678,1.0387,-3.7617,2.2012,0.043
13188,-0.0532,-0.1687,1.0398,-3.752,2.2031,-0.0215
13211,-0.0519,-0.1707,1.0405,-3.7363,1.8945,-0.1074
13234,-0.0488,-0.1736,1.0408,-3.7285,1.4707,-0.1621
13257,-0.0477,-0.1736,1.0406,-3.7207,0.5391,-0.2344
13280,-0.0463,-0.1707,1.0413,-3.7246,-0.6484,-0.293
13303,-0.0421,-0.1698,1.0403,-3.7324,-1.498,-0.3262
13326,-0.0393,-0.1719,1.0392,-3.75,-2.7187,-0.3613
13349,-0.0449,-0.1731,1.0413,-3.7637,-3.4219,-0.377
13372,-0.0409,-0.1731,1.0424,-3.7773,-4.1738,-0.3867
13395,-0.0472,-0.1704,1.0422,-3.7852,-4.4395,-0.3848
13418,-0.0428,-0.167,1.0409,-3.7852,-4.3086,-0.375
13441,-0.0515,-0.1654,1.0398,-3.7793,-3.6777,-0.3535
13464,-0.0502,-0.1664,1.0392,-3.7715,-3.0156,-0.334
13487,-0.0537,-0.171,1.0411,-3.7539,-1.8008,-0.3027
13510,-0.0507,-0.1747,1.041,-3.7441,-0.9492,-0.2715
13533,-0.0499,-0.1757,1.0427,-3.7344,0.1895,-0.2539
13556,-0.0537,-0.1722,1.0409,-3.7383,0.959,-0.2363
13579,-0.0458,-0.1687,1.0387,-3.7461,1.209,-0.2285
13602,-0.0483,-0.1686,1.0404,-3.7617,1.1953,-0.2285
13625,-0.0498,-0.1709,1.0408,-3.7754,0.9688,-0.2324
13648,-0.0453,-0.2405,1.041,-3.793,0.4102,-0.2422
13671,-0.0618,-0.1522,1.0449,-3.8145,-0.25,-0.25
13694,-0.0483,-0.1586,1.0404,-3.8301,-0.6641,-0.2344
13717,-0.048,-0.1503,1.0403,-3.8516,-1.1758,-0.1562
13740,-0.0475,-0.165,1.0398,-3.8633,-1.4473,-0.0664
13763,-0.0469,-0.1689,1.0387,-3.8789,-1.7676,0.1016
13786,-0.048,-0.1714,1.0424,-3.8848,-1.9961,0.2617
13809,-0.0496,-0.1726,1.0406,-3.8828,-2.0918,0.3379
13832,-0.0479,-0.1719,1.0435,-3.875,-2.1445,0.3848
13855,-0.0491,-0.1707,1.0414,-3.8652,-2.1152,0.3672
13878,-0.0497,-0.1698,1.041,-3.8516,-1.9883,0.2812
13901,-0.0497,-0.1713,1.0415,-3.8437,-1.8594,0.1445
13924,-0.0488,-0.172,1.0413,-3.8301,-1.6328,0.041
13947,-0.0488,-0.1719,1.0413,-3.8203,-1.4219,-0.1074
13970,-0.046,-0.1703,1.0427,-3.8125,-1.3203,-0.1953
13993,-0.0471,-0.17,1.0408,-3.8008,-1.25,-0.2969
14016,-0.0463,-0.1707,1.0411,-3.793,-1.2656,-0.3418
14039,-0.0461,-0.1718,1.0419,-3.7793,-1.3691,-0.375
14062,-0.0471,-0.1715,1.0424,-3.7676,-1.5254,-0.375
14085,-0.0455,-0.1705,1.0426,-3.7617,-1.6328,-0.3633
14108,-0.0479,-0.1687,1.043,-3.752,-1.7598,-0.334
14131,-0.0428,-0.17,1.0417,-3.7461,-1.8125,-0.3145
14154,-0.0487,-0.1692,1.0425,-3.7363,-1.832,-0.2852
14177,-0.0416,-0.1484,1.04,-3.7305,-1.791,-0.2598
14200,-0.052,-0.1891,1.0442,-3.7285,-1.7363,-0.2461
14223,-0.0374,-0.1741,1.0402,-3.7305,-1.6191,-0.2168
14246,-0.0496,-0.1532,1.0417,-3.7344,-1.5234,-0.1855
14269,-0.051,-0.1494,1.0437,-3.7344,-1.3496,-0.1152
14292,-0.048,-0.176,1.0414,-3.7305,-1.1191,-0.0137
14315,-0.0471,-0.1774,1.0392,-3.7168,-0.9355,0.0781
14338,-0.0508,-0.1642,1.04,-3.6953,-0.6582,0.2539
14361,-0.0483,-0.199,1.0404,-3.6816,-0.5156,0.3887
14384,-0.0337,-0.1808,1.04,-3.6641,-0.4492,0.5918
14407,-0.0621,-0.1667,1.0431,-3.6621,-0.5195,0.709
14430,-0.0322,-0.1699,1.0385,-3.668,-0.7422,0.8203
14453,-0.0503,-0.1326,1.0415,-3.6836,-1.0273,0.8242
14476,-0.0565,-0.1859,1.0447,-3.6973,-1.2051,0.7656
14499,-0.0222,-0.2118,1.0344,-3.7129,-1.4238,0.6113
14522,-0.0291,-0.1857,1.0396,-3.7246,-1.5703,0.4863
14545,-0.0696,-0.171,1.0464,-3.7441,-1.7168,0.2988
14568,-0.0626,-0.1735,1.0438,-3.7559,-1.4082,0.1445
14591,-0.062,-0.1687,1.0399,-3.7559,-0.8027,0.0664
14614,-0.0682,-0.1675,1.0415,-3.7383,0.6504,-0.0117
14637,-0.0609,-0.167,1.0382,-3.7168,1.8379,-0.041
14660,-0.0706,-0.1678,1.0424,-3.6758,3.5898,-0.0684
14683,-0.0619,-0.1711,1.0398,-3.6406,4.8984,-0.0898
14706,-0.0692,-0.1713,1.0409,-3.623,5.3555,-0.1035
14729,-0.0563,-0.17,1.0386,-3.6152,5.3086,-0.1309
14752,-0.0618,-0.1702,1.042,-3.623,4.793,-0.1562
14775,-0.0607,-0.1713,1.0398,-3.6523,3.4395,-0.2031
14798,-0.0623,-0.1707,1.0406,-3.6777,2.3066,-0.2383
14821,-0.0664,-0.1691,1.041,-3.7187,0.5723,-0.2871
14844,-0.0648,-0.1503,1.0457,-3.75,-0.8809,-0.3223
14867,-0.0602,-0.1932,1.0371,-3.7617,-1.6074,-0.3359
14890,-0.0636,-0.1714,1.0402,-3.7715,-2.3887,-0.3477
14913,-0.0643,-0.1704,1.0415,-3.7715,-2.7441,-0.3516
14936,-0.0566,-0.1688,1.0376,-3.7656,-3.0527,-0.3535
14959,-0.0657,-0.1705,1.042,-3.7559,-3.1191,-0.3535
14982,-0.0583,-0.1696,1.0388,-3.75,-3.0586,-0.3535
15005,-0.0519,-0.1692,1.0378,-3.7461,-2.8809,-0.3516
15028,-0.0597,-0.1688,1.0408,-3.75,-2.75,-0.3496
15051,-0.0537,-0.1696,1.0389,-3.7598,-2.5645,-0.3496
15074,-0.0603,-0.171,1.042,-3.7715,-2.3691,-0.3477
15097,-0.061,-0.1709,1.0413,-3.7793,-2.2109,-0.3457
15120,-0.0577,-0.1699,1.0394,-3.7871,-1.9004,-0.3379
15143,-0.0597,-0.1698,1.0406,-3.7891,-1.6484,-0.3281
15166,-0.061,-0.167,1.0403,-3.7871,-1.2324,-0.3105
15189,-0.0631,-0.1627,1.0405,-3.7812,-0.9551,-0.2852
15212,-0.0548,-0.1614,1.0404,-3.7676,-0.6094,-0.2676
15235,-0.0588,-0.1626,1.0419,-3.752,-0.4785,-0.2441
15258,-0.0538,-0.1599,1.0438,-3.7461,-0.584,-0.2285
15281,-0.0422,-0.1591,1.0416,-3.7461,-1.1133,-0.2051
15304,-0.0265,-0.2065,1.0334,-3.752,-1.7363,-0.1797
15327,-0.076,-0.1761,1.0436,-3.7734,-2.957,-0.1172
15350,-0.056,-0.1735,1.04,-3.7969,-4.0527,-0.0176
15373,-0.047,-0.1716,1.0405,-3.8086,-4.459,0.0586
15396,-0.0612,-0.1694,1.0405,-3.8164,-4.4473,0.1602
15419,-0.0474,-0.1687,1.0371,-3.8145,-4.0488,0.2051
15442,-0.0592,-0.1674,1.0405,-3.8008,-3.0195,0.2266
15465,-0.0573,-0.1672,1.0402,-3.7754,-1.7227,0.1953
15488,-0.0389,-0.1112,1.0453,-3.7559,-0.8535,0.1484
15511,-0.0253,-0.1814,1.0343,-3.7266,0.2383,0.0566
15534,-0.0885,-0.2244,1.0361,-3.7109,0.7266,0.0
15557,-0.1055,-0.1604,1.0486,-3.6953,1.2188,-0.0469
15580,-0.0352,-0.1735,1.0356,-3.6895,1.5586,-0.0293
15603,-0.0779,-0.1719,1.0424,-3.6934,2.0879,0.0039
15626,-0.0647,-0.2009,1.0444,-3.7187,2.459,0.0586
15649,-0.0514,-0.1453,1.0392,-3.748,2.5215,0.0879
15672,-0.0704,-0.1633,1.0409,-3.8047,2.1855,0.1113
15695,-0.0538,-0.1678,1.0394,-3.8477,1.6719,0.1191
15718,-0.0657,-0.171,1.0426,-3.9004,0.6152,0.1172
15741,-0.0605,-0.1709,1.0415,-3.9355,-0.5078,0.0937
15764,-0.0651,-0.171,1.0405,-3.9414,-1.1504,0.0664
15787,-0.063,-0.171,1.0406,-3.9316,-1.8242,0.0137
15810,-0.063,-0.1696,1.0417,-3.9141,-2.0469,-0.0293
15833,-0.0607,-0.1672,1.0399,-3.877,-2.0684,-0.0937
15856,-0.0632,-0.1694,1.0409,-3.834,-1.8105,-0.1523
15879,-0.0659,-0.171,1.0415,-3.8047,-1.5371,-0.1875
15902,-0.0674,-0.1721,1.0394,-3.7676,-1.0352,-0.2285
15925,-0.068,-0.17,1.0421,-3.75,-0.6797,-0.248
15948,-0.0619,-0.1692,1.0414,-3.7305,-0.1836,-0.2637
15971,-0.0675,-0.1697,1.041,-3.7227,0.1758,-0.2695
15994,-0.067,-0.1692,1.0399,-3.7187,0.3125,-0.2695
16017,-0.0669,-0.1711,1.0388,-3.7227,0.3555,-0.2715
16040,-0.0677,-0.1699,1.0424,-3.7266,0.2832,-0.2715
16063,-0.0613,-0.1704,1.0402,-3.7383,0.0371,-0.2734
16086,-0.069,-0.1687,1.0411,-3.7441,-0.209,-0.2754
16109,-0.0657,-0.1689,1.0413,-3.752,-0.6641,-0.2793
16132,-0.0668,-0.1697,1.0416,-3.7559,-1.1602,-0.2852
16155,-0.0603,-0.1705,1.0417,-3.7539,-1.4902,-0.2891
16178,-0.0581,-0.1709,1.0431,-3.7539,-1.9785,-0.2949
16201,-0.0648,-0.1698,1.0426,-3.7578,-2.2871,-0.3008
16224,-0.0603,-0.1691,1.0405,-3.7695,-2.6758,-0.3125
16247,-0.0621,-0.1698,1.0416,-3.7852,-2.918,-0.3242
16270,-0.0569,-0.1709,1.0389,-3.7988,-2.9961,-0.332
16293,-0.0605,-0.1705,1.0431,-3.8203,-3.0176,-0.3379
16316,-0.0571,-0.1704,1.0414,-3.8359,-2.9863,-0.3398
16339,-0.0531,-0.1692,1.0428,-3.8555,-2.916,-0.3379
16362,-0.0583,-0.1687,1.0426,-3.8711,-2.8437,-0.3301
16385,-0.0552,-0.1696,1.0422,-3.877,-2.7832,-0.3223
16408,-0.0602,-0.17,1.0428,-3.873,-2.6328,-0.3086
16431,-0.0571,-0.1697,1.0437,-3.8652,-2.4746,-0.2969
16454,-0.0599,-0.1699,1.042,-3.8437,-2.1562,-0.2773
16477,-0.0566,-0.1705,1.0408,-3.8281,-1.9121,-0.2637
16500,-0.0608,-0.1698,1.0414,-3.8008,-1.5469,-0.2461
16523,-0.0575,-0.1693,1.0416,-3.7734,-1.2207,-0.2324
16546,-0.058,-0.1705,1.0416,-3.7598,-1.043,-0.2285
16569,-0.0592,-0.1704,1.041,-3.7461,-0.8516,-0.2266
16592,-0.0629,-0.1693,1.0421,-3.7402,-0.7773,-0.2305
16615,-0.0548,-0.1692,1.0421,-3.7383,-0.7344,-0.2383
16638,-0.0587,-0.1703,1.0425,-3.7402,-0.7832,-0.252
16661,-0.0554,-0.1703,1.0419,-3.7422,-0.8672,-0.2617
16684,-0.0566,-0.1703,1.0405,-3.7461,-1.0664,-0.2773
16707,-0.0591,-0.1694,1.0421,-3.75,-1.2266,-0.2871
16730,-0.0564,-0.1683,1.0424,-3.7559,-1.4512,-0.2988
16753,-0.058,-0.1697,1.0424,-3.7598,-1.6211,-0.3027
16776,-0.0544,-0.1696,1.0417,-3.7617,-1.6973,-0.3047
16799,-0.0585,-0.1704,1.0417,-3.7637,-1.7617,-0.3008
16822,-0.058,-0.1707,1.0426,-3.7637,-1.7637,-0.2969
16845,-0.0576,-0.1696,1.0424,-3.7637,-1.7109,-0.2871
16868,-0.0538,-0.1683,1.0411,-3.7617,-1.6504,-0.2793
16891,-0.0594,-0.1697,1.042,-3.7598,-1.5586,-0.2695
16914,-0.0547,-0.1685,1.043,-3.7559,-1.4844,-0.2637
16937,-0.0514,-0.1708,1.0417,-3.7559,-1.4551,-0.2637
16960,-0.0616,-0.1694,1.0436,-3.7559,-1.4453,-0.2656
16983,-0.0508,-0.1698,1.0416,-3.7578,-1.4473,-0.2676
17006,-0.0585,-0.1697,1.0422,-3.7617,-1.4453,-0.2734
17029,-0.0533,-0.1697,1.0415,-3.7656,-1.4375,-0.2773
17052,-0.0568,-0.1698,1.0428,-3.7676,-1.4297,-0.2793
17075,-0.0504,-0.1699,1.0411,-3.7695,-1.4121,-0.2812
17098,-0.0624,-0.17,1.0447,-3.7715,-1.3984,-0.2812
17121,-0.0499,-0.1699,1.041,-3.7695,-1.3613,-0.2832
17144,-0.0588,-0.1694,1.0419,-3.7676,-1.3066,-0.2852
17167,-0.0543,-0.1693,1.0403,-3.7617,-1.2637,-0.2891
17190,-0.0565,-0.17,1.0406,-3.7539,-1.2012,-0.293
17213,-0.054,-0.17,1.0416,-3.748,-1.1719,-0.2949
17236,-0.057,-0.1697,1.0437,-3.7402,-1.1582,-0.2988
17259,-0.0569,-0.1693,1.0417,-3.7363,-1.168,-0.3027
17282,-0.0529,-0.1699,1.0425,-3.7344,-1.2012,-0.3047
17305,-0.0601,-0.1698,1.0417,-3.7383,-1.2441,-0.3066
17328,-0.0525,-0.1702,1.0424,-3.7422,-1.2676,-0.3047
17351,-0.0559,-0.1697,1.0417,-3.75,-1.2969,-0.2949
17374,-0.0535,-0.1687,1.0424,-3.7559,-1.3125,-0.2871
17397,-0.058,-0.1698,1.0425,-3.7656,-1.3184,-0.2734
17420,-0.0526,-0.1681,1.0398,-3.7734,-1.291,-0.2598
17443,-0.0585,-0.1693,1.042,-3.7754,-1.25,-0.2539
17466,-0.0548,-0.1704,1.0416,-3.7754,-1.1621,-0.2461
17489,-0.056,-0.1702,1.041,-3.7734,-1.0918,-0.2422
17512,-0.0585,-0.1693,1.0416,-3.7676,-0.9883,-0.2422
17535,-0.0571,-0.1697,1.0404,-3.7578,-0.9043,-0.248
17558,-0.0547,-0.1697,1.0427,-3.7539,-0.877,-0.2559
17581,-0.0492,-0.1699,1.0402,-3.75,-0.9082,-0.2715
17604,-0.059,-0.1697,1.042,-3.75,-0.9785,-0.2812
17627,-0.0546,-0.1696,1.0406,-3.7578,-1.125,-0.293
17650,-0.057,-0.1691,1.0426,-3.7637,-1.2637,-0.3008
17673,-0.053,-0.1693,1.0415,-3.7734,-1.3398,-0.3027
17696,-0.056,-0.1696,1.0416,-3.7832,-1.4277,-0.3008
17719,-0.0546,-0.1689,1.0431,-3.7891,-1.4648,-0.2969
17742,-0.0552,-0.1703,1.0414,-3.7949,-1.4844,-0.2891
17765,-0.0554,-0.1692,1.0416,-3.7988,-1.4746,-0.2832
17788,-0.0576,-0.1696,1.0421,-3.7988,-1.4219,-0.2715
17811,-0.0533,-0.17,1.0398,-3.7949,-1.3262,-0.2637
17834,-0.056,-0.1696,1.0424,-3.7891,-1.248,-0.2617
17857,-0.0535,-0.171,1.0397,-3.7793,-1.127,-0.2617
17880,-0.0597,-0.1702,1.0411,-3.7734,-1.0508,-0.2637
17903,-0.0518,-0.1699,1.0406,-3.7637,-0.9414,-0.2637
17926,-0.0625,-0.1688,1.0416,-3.7578,-0.8535,-0.2617
17949,-0.0535,-0.1703,1.0399,-3.7539,-0.8066,-0.2578
17972,-0.0598,-0.1688,1.0416,-3.75,-0.7598,-0.248
17995,-0.0529,-0.1704,1.0408,-3.748,-0.7461,-0.2402
18018,-0.0598,-0.1694,1.0417,-3.7461,-0.7637,-0.2363
18041,-0.0549,-0.17,1.0417,-3.748,-0.8125,-0.2402
18064,-0.0602,-0.1698,1.0433,-3.752,-0.8594,-0.2461
18087,-0.0558,-0.1682,1.0427,-3.7559,-0.9375,-0.2559
18110,-0.0554,-0.1685,1.0416,-3.7559,-0.9941,-0.2637
18133,-0.0568,-0.1697,1.0421,-3.7598,-1.0898,-0.2695
18156,-0.0583,-0.1698,1.0421,-3.7598,-1.1563,-0.2734
18179,-0.0569,-0.1696,1.0413,-3.7617,-1.2363,-0.2734
18202,-0.0568,-0.1696,1.0411,-3.7617,-1.2813,-0.2734
18225,-0.0544,-0.1688,1.0427,-3.7598,-1.2988,-0.2734
18248,-0.0553,-0.1698,1.0405,-3.7578,-1.3223,-0.2734
18271,-0.0551,-0.168,1.0424,-3.7578,-1.3398,-0.2734
18294,-0.0513,-0.1466,1.0432,-3.7578,-1.3691,-0.2793
18317,-0.0658,-0.1873,1.0402,-3.7539,-1.377,-0.2812
18340,-0.0497,-0.1641,1.0421,-3.75,-1.3613,-0.2695
18363,-0.0552,-0.1699,1.0411,-3.7402,-1.3164,-0.2246
18386,-0.0586,-0.1667,1.0417,-3.7305,-1.2832,-0.1758
18409,-0.0511,-0.1807,1.0404,-3.7187,-1.2344,-0.082
18432,-0.0554,-0.1702,1.0417,-3.7109,-1.2109,0.0215
18455,-0.0673,-0.1689,1.0442,-3.7109,-1.2031,0.084
18478,-0.0471,-0.1694,1.0397,-3.7148,-1.1406,0.1523
18501,-0.0656,-0.1683,1.0415,-3.7187,-1.0488,0.1699
18524,-0.0574,-0.1698,1.041,-3.7227,-0.8281,0.1562
18547,-0.0579,-0.1698,1.0416,-3.7246,-0.6348,0.1191
18570,-0.064,-0.17,1.0421,-3.7285,-0.332,0.0352
18593,-0.0574,-0.1693,1.0414,-3.7305,-0.0645,-0.0625
18616,-0.0616,-0.1683,1.0433,-3.7324,0.0605,-0.127
18639,-0.0609,-0.1692,1.0421,-3.7363,0.1387,-0.2109
18662,-0.0576,-0.1694,1.0415,-3.7402,0.1094,-0.2539
18685,-0.0615,-0.1676,1.0406,-3.7441,-0.0586,-0.2988
18708,-0.059,-0.1672,1.0422,-3.75,-0.3301,-0.3125
18731,-0.0643,-0.1736,1.0414,-3.7539,-0.5371,-0.3086
18754,-0.0544,-0.1687,1.042,-3.7559,-0.8477,-0.2773
18777,-0.0602,-0.1688,1.0419,-3.7578,-1.041,-0.248
18800,-0.0573,-0.1685,1.0409,-3.7617,-1.2871,-0.1973
18823,-0.0612,-0.1694,1.0415,-3.7637,-1.4609,-0.1562
18846,-0.0576,-0.1692,1.041,-3.7656,-1.5332,-0.1387
18869,-0.059,-0.1687,1.041,-3.7676,-1.5859,-0.1289
18892,-0.054,-0.1672,1.0403,-3.7695,-1.6016,-0.1348
18915,-0.0547,-0.166,1.042,-3.7715,-1.627,-0.1523
18938,-0.0619,-0.1742,1.041,-3.7734,-1.6504,-0.1699
18961,-0.0602,-0.1704,1.0431,-3.7754,-1.6797,-0.1738
18984,-0.0554,-0.1724,1.0414,-3.7715,-1.6699,-0.1621
19007,-0.0613,-0.1692,1.042,-3.7695,-1.6387,-0.1426
19030,-0.0624,-0.1691,1.0424,-3.7637,-1.543,-0.1074
19053,-0.0547,-0.1694,1.0403,-3.7598,-1.4473,-0.0879
19076,-0.0591,-0.1683,1.0428,-3.7539,-1.2988,-0.0684
19099,-0.0538,-0.1688,1.0414,-3.75,-1.1855,-0.0723
19122,-0.0609,-0.1693,1.0413,-3.748,-1.1426,-0.0859
19145,-0.0585,-0.1698,1.0417,-3.748,-1.1074,-0.125
19168,-0.0583,-0.1691,1.0408,-3.748,-1.0918,-0.1562
19191,-0.0593,-0.1687,1.0417,-3.7461,-1.0742,-0.2051
19214,-0.0582,-0.1685,1.0414,-3.7441,-1.0645,-0.25
19237,-0.0541,-0.1683,1.0415,-3.7441,-1.0703,-0.2734
19260,-0.0593,-0.162,1.0399,-3.7441,-1.0977,-0.2969
19283,-0.0588,-0.1703,1.0405,-3.7422,-1.1094,-0.3027
19306,-0.0588,-0.179,1.0408,-3.7383,-1.1172,-0.2949
19329,-0.0592,-0.1674,1.0403,-3.7383,-1.1563,-0.2559
19352,-0.0588,-0.1698,1.0411,-3.7402,-1.207,-0.2168
19375,-0.0536,-0.1698,1.0415,-3.7461,-1.3105,-0.1562
19398,-0.0588,-0.1696,1.041,-3.7539,-1.3926,-0.1211
19421,-0.0593,-0.1688,1.0417,-3.7656,-1.5117,-0.0879
19444,-0.0563,-0.1699,1.041,-3.7715,-1.5762,-0.082
19467,-0.0603,-0.1696,1.04,-3.7812,-1.6348,-0.0977
19490,-0.0544,-0.1692,1.0408,-3.7871,-1.6426,-0.1328
19513,-0.0553,-0.1707,1.0422,-3.7871,-1.6367,-0.166
19536,-0.0569,-0.1681,1.0397,-3.7871,-1.6309,-0.2187
19559,-0.0548,-0.1682,1.0424,-3.7871,-1.6328,-0.2539
19582,-0.0566,-0.1691,1.0416,-3.7832,-1.6484,-0.3008
19605,-0.0531,-0.1692,1.0405,-3.7832,-1.6602,-0.332
19628,-0.0573,-0.1693,1.0422,-3.7832,-1.6582,-0.3457
19651,-0.0529,-0.1699,1.0398,-3.7832,-1.6172,-0.3535
19674,-0.0583,-0.168,1.043,-3.7832,-1.5664,-0.3496
19697,-0.0531,-0.1687,1.0393,-3.7773,-1.4492,-0.3359
19720,-0.0585,-0.1694,1.0417,-3.7715,-1.2988,-0.3125
19743,-0.0562,-0.1698,1.0419,-3.7598,-1.1816,-0.2969
19766,-0.056,-0.1694,1.041,-3.7461,-0.9902,-0.2734
19789,-0.0593,-0.1683,1.0414,-3.7383,-0.8691,-0.2617
19812,-0.0577,-0.1685,1.0417,-3.7285,-0.7187,-0.248
19835,-0.0553,-0.1688,1.0411,-3.7266,-0.6562,-0.2441
19858,-0.0579,-0.1681,1.0422,-3.7285,-0.6523,-0.2441
19881,-0.0575,-0.1691,1.0405,-3.7344,-0.7578,-0.2539
19904,-0.0538,-0.1694,1.0425,-3.7422,-0.8887,-0.2637
19927,-0.0533,-0.1688,1.0426,-3.7539,-1.1641,-0.2812
19950,-0.0537,-0.1688,1.0393,-3.7637,-1.3906,-0.2969
19973,-0.05,-0.1689,1.0415,-3.7773,-1.7656,-0.3164
19996,-0.0549,-0.1688,1.0415,-3.7891,-2.1328,-0.3359
20019,-0.051,-0.1689,1.0413,-3.793,-2.3379,-0.3457
20042,-0.0507,-0.1693,1.0421,-3.7949,-2.5566,-0.3555
20065,-0.0516,-0.1688,1.0405,-3.7949,-2.6348,-0.3574
20088,-0.0518,-0.1694,1.0409,-3.793,-2.6621,-0.3516
20111,-0.0468,-0.1699,1.0406,-3.793,-2.5898,-0.3398
20134,-0.0537,-0.1693,1.0422,-3.793,-2.4922,-0.3281
20157,-0.0525,-0.1694,1.0403,-3.793,-2.2637,-0.3145
20180,-0.0541,-0.1692,1.0411,-3.791,-2.0566,-0.3047
20203,-0.0496,-0.1671,1.0406,-3.7832,-1.6797,-0.2949
20226,-0.0511,-0.168,1.0421,-3.7773,-1.4121,-0.2871
20249,-0.0596,-0.1691,1.0416,-3.7695,-1.0215,-0.2793
20272,-0.0486,-0.1693,1.04,-3.7617,-0.6816,-0.2676
20295,-0.0575,-0.1689,1.0421,-3.7578,-0.5098,-0.2598
20318,-0.0503,-0.1691,1.0388,-3.7559,-0.3672,-0.252
20341,-0.0547,-0.1685,1.0413,-3.7578,-0.3535,-0.25
20364,-0.051,-0.1688,1.0404,-3.7598,-0.4414,-0.2539
20387,-0.0552,-0.1682,1.0421,-3.7656,-0.627,-0.2656
20410,-0.049,-0.1696,1.0405,-3.7676,-0.7871,-0.2754
20433,-0.0518,-0.1682,1.0413,-3.7715,-1.0586,-0.2871
20456,-0.0514,-0.1691,1.0402,-3.7734,-1.2441,-0.293
20479,-0.0525,-0.1687,1.0398,-3.7734,-1.4863,-0.2969
20502,-0.0498,-0.1687,1.0396,-3.7715,-1.6602,-0.2969
20525,-0.0525,-0.1698,1.0408,-3.7676,-1.7344,-0.2969
20548,-0.0529,-0.1688,1.0415,-3.7637,-1.7715,-0.293
20571,-0.0505,-0.1689,1.0416,-3.7617,-1.75,-0.2891
20594,-0.0515,-0.1681,1.0421,-3.7617,-1.6582,-0.2812
20617,-0.0531,-0.1685,1.0411,-3.7617,-1.5664,-0.2734
20640,-0.0525,-0.1697,1.0399,-3.7656,-1.4063,-0.2695
20663,-0.0491,-0.1697,1.0405,-3.7676,-1.2363,-0.2637
20686,-0.0564,-0.1686,1.0408,-3.7695,-1.1289,-0.2617
20709,-0.0486,-0.1686,1.0414,-3.7695,-0.9844,-0.2617
20732,-0.0542,-0.1692,1.0427,-3.7676,-0.9063,-0.2637
20755,-0.0518,-0.1692,1.041,-3.7617,-0.8262,-0.2656
20778,-0.0573,-0.1693,1.0405,-3.7559,-0.7871,-0.2676
20801,-0.0464,-0.1687,1.0409,-3.75,-0.7812,-0.2676
20824,-0.0564,-0.1685,1.0417,-3.7402,-0.8164,-0.2676
20847,-0.052,-0.1688,1.0392,-3.7344,-0.8691,-0.2676
20870,-0.0527,-0.1692,1.0421,-3.7285,-0.9805,-0.2656
20893,-0.0485,-0.1688,1.0404,-3.7246,-1.127,-0.2598
20916,-0.0519,-0.1687,1.0425,-3.7227,-1.2422,-0.2559
20939,-0.052,-0.1691,1.0409,-3.7266,-1.4336,-0.2539
20962,-0.0554,-0.1686,1.0436,-3.7324,-1.5684,-0.2559
20985,-0.0569,-0.1685,1.0438,-3.7441,-1.793,-0.2637
21008,-0.0532,-0.1697,1.0449,-3.7559,-2.1309,-0.2773
21031,0.0232,-0.171,1.0289,-3.7832,-2.5273,-0.291
21054,-0.0717,-0.1689,1.0507,-3.8281,-3.5117,-0.3203
21077,-0.0094,-0.1675,1.0374,-3.8594,-4.3008,-0.3418
21100,-0.0682,-0.1678,1.0477,-3.8984,-5.3047,-0.3652
21123,-0.0453,-0.1675,1.0452,-3.9121,-5.6699,-0.3711
21146,-0.0299,-0.1704,1.0421,-3.9082,-5.6973,-0.3633
21169,-0.0496,-0.1675,1.0454,-3.8828,-5.3242,-0.3496
21192,-0.0392,-0.1694,1.0444,-3.8574,-5.0352,-0.3437
21215,0.0481,-0.1652,1.0277,-3.8125,-4.8672,-0.3457
21238,0.0598,-0.1708,1.0261,-3.7852,-5.1094,-0.3574
21261,-0.0851,-0.171,1.0487,-3.75,-5.6211,-0.3789
21284,-0.1556,-0.197,1.0358,-3.6934,-4.4668,-0.3262
21307,-0.1254,-0.1293,1.0363,-3.6406,-1.752,-0.0918
21330,-0.1536,-0.1936,1.0449,-3.6152,5.7324,1.1816
21353,-0.1611,-0.1667,1.0406,-3.6914,12.6367,3.0078
21376,-0.2358,-0.2109,1.0372,-4.0098,24.0781,7.3008
21399,-0.0372,-0.0922,1.0223,-4.8477,33.1172,12.8047
21422,-0.3149,-0.2225,1.08,-5.0371,35.6055,16.6309
21445,0.0702,-0.2684,1.0311,-5.8555,31.6602,21.7363
21468,0.2726,-0.1783,0.9816,-6.416,23.1465,24.2988
21491,0.3489,-0.0961,0.9419,-7.123,1.9727,26.5781
21514,0.2375,-0.1951,0.9852,-7.3926,-16.168,26.9922
21537,0.207,-0.1371,0.9619,-7.3633,-43.791,26.0234
21560,-0.0149,-0.1085,1.0916,-6.7852,-62.9531,23.8379
21583,-0.2251,-0.1626,1.0669,-6.1211,-64.0,22.4902
21606,-0.3579,-0.0437,1.0068,-4.8867,-56.9199,21.707
21629,-0.3112,-0.239,1.0083,-4.0801,-40.4688,22.2852
21652,-0.1311,-0.0931,1.0267,-3.252,-5.832,24.7324
21675,-0.0901,-0.1077,1.0345,-3.0488,32.7227,27.8594
21698,-0.1456,-0.0951,0.9176,-3.1484,56.8574,29.2422
21721,-0.2751,0.1285,0.0336,-3.498,63.998,29.0547
21744,-1.0614,-0.4103,0.2714,-4.2715,63.998,27.752
21767,-2.2379,-0.0916,-0.4907,-7.9805,63.998,26.2734
21790,-0.6921,-0.245,-0.2477,-16.9355,63.998,27.457
21813,-1.1731,-0.0454,0.1853,-26.0801,63.998,29.8047
21836,-0.9459,-0.1053,0.2626,-42.3574,63.998,34.8555
21859,-0.9224,-0.123,0.35,-52.7988,63.998,38.8125
21882,-0.8901,0.0579,0.3107,-64.0,58.1094,45.1387
21905,-0.9583,0.22,0.2595,-64.0,27.5586,51.3652
21928,-0.9241,0.0508,0.3723,-64.0,-18.8496,55.2773
21951,-0.9756,0.1837,0.3108,-53.1367,-58.2324,60.3516
21974,-0.9641,0.0978,0.4094,-43.1582,-64.0,63.2813
21997,-0.8448,0.1736,0.4261,-27.7734,-64.0,63.998
22020,-0.8313,0.1606,0.5771,-19.0684,-64.0,63.998
22043,-0.7521,0.2689,0.5874,-10.3105,-64.0,63.998
22066,-0.7632,0.3984,0.6033,-7.6465,-64.0,63.998
22089,-0.7263,0.4492,0.6127,-9.2676,-64.0,63.998
22112,-0.7537,0.4601,0.6453,-16.0859,-64.0,63.998
22135,-0.5603,0.7783,0.6953,-22.7422,-64.0,63.998
22158,-0.1687,0.1138,0.601,-33.9121,-64.0,63.998
22181,-0.5038,-0.0677,0.6246,-44.8789,-64.0,63.998
22204,-1.1678,0.3274,0.8138,-52.0801,-64.0,63.998
22227,-1.2108,0.3643,0.9991,-63.3516,-64.0,63.998
22250,-0.5844,0.3052,0.6957,-64.0,-64.0,63.998
22273,-0.0779,0.0509,0.5875,-64.0,-64.0,63.998
22296,-0.2145,0.2167,1.0286,-64.0,-64.0,63.998
22319,-0.2889,0.3762,1.3445,-64.0,-64.0,63.998
22342,-0.0367,0.3215,1.0881,-64.0,-64.0,63.998
22365,-0.01,0.1592,0.7913,-64.0,-64.0,63.998
22388,-0.0131,0.0323,0.9117,-64.0,-64.0,53.6191
22411,0.0608,0.0181,1.0739,-64.0,-64.0,38.5527
22434,0.1497,0.0624,1.1058,-64.0,-64.0,19.5488
22457,0.0754,-0.0444,0.9453,-64.0,-64.0,7.5762
22480,-0.1398,-0.1249,0.7255,-64.0,-64.0,4.6152
22503,-0.2174,-0.2819,0.7418,-64.0,-64.0,8.1543
22526,-0.1669,-0.3219,0.9417,-64.0,-64.0,15.1426
22549,-0.0381,-0.4728,0.8474,-64.0,-63.8047,29.8496
22572,0.0981,-0.3378,1.1367,-64.0,-47.0488,45.1348
22595,0.2357,-0.0864,1.4121,-64.0,-36.7188,53.1543
22618,0.2992,-0.073,1.4429,-64.0,-24.6543,59.5605
22641,0.09,-0.2241,1.1465,-64.0,-19.7363,59.877
22664,-0.1466,-0.3713,0.7706,-64.0,-16.7891,55.8887
22687,-0.2599,-0.3942,0.8217,-64.0,-16.8379,49.3066
22710,-0.212,-0.4243,1.0654,-55.9355,-17.5156,44.7324
22733,-0.1189,-0.4343,0.8917,-50.6523,-19.8633,38.2344
22756,-0.0336,-0.2089,0.8491,-48.2051,-23.0469,33.7715
22779,0.1219,-0.2512,0.9664,-42.9434,-31.3848,25.4746
22802,0.3219,-0.3445,0.8949,-36.4492,-39.623,18.0645
22825,0.5001,-0.1213,0.9797,-20.2441,-55.5605,3.2402
22848,0.7002,-0.0349,1.0486,3.2852,-64.0,-16.1895
22871,0.4958,0.0321,1.0184,21.3262,-64.0,-31.0
22894,0.2661,-0.0664,1.0221,47.6387,-64.0,-53.1895
22917,0.2236,-0.1498,0.7922,62.0781,-64.0,-64.0
22940,0.2959,-0.1407,0.8564,63.998,-64.0,-64.0
22963,0.207,-0.0585,1.0182,63.998,-47.6191,-64.0
22986,0.2834,0.078,1.2212,63.998,-20.9883,-64.0
23009,-0.2703,0.0756,0.8846,63.998,23.625,-64.0
23032,-0.3896,0.0012,0.7338,63.998,53.4082,-64.0
23055,-0.5576,-0.0648,0.9205,55.25,63.998,-50.4688
23078,-0.4368,0.0078,1.0222,46.3887,63.998,-32.8047
23101,-0.2256,0.1523,1.0513,41.1816,63.998,-20.5859
23124,-0.2664,0.2997,0.9971,36.8945,63.998,-2.377
23147,-0.4261,0.201,0.9473,35.9531,63.998,9.7852
23170,-0.5011,0.131,0.8672,36.4805,63.998,28.7363
23193,-0.6174,0.1498,0.7599,37.3691,63.998,42.041
23216,-0.6335,0.2557,0.7158,38.4277,63.998,62.6621
23239,-0.4614,0.3157,0.8926,38.7891,63.998,63.998
23262,-0.1603,0.3613,1.0037,38.9492,62.2695,63.998
23285,-0.4441,0.3477,0.9167,39.5898,44.0703,63.998
23308,-0.7026,0.33,0.6887,40.2891,34.6582,63.998
23331,-0.3574,0.345,0.6359,41.5703,25.4766,63.998
23354,-0.2097,0.4774,0.7911,43.4746,22.5098,63.998
23377,-0.2242,0.4797,0.7518,45.6816,23.4434,63.998
23400,-0.2316,0.5681,0.7659,51.4102,27.8652,63.998
23423,-0.1704,0.495,0.6354,57.1738,32.082,63.998
23446,-0.1858,0.6008,0.4606,63.998,39.5703,63.998
23469,-0.228,0.655,0.2654,63.998,48.2383,63.998
23492,-0.0939,0.6698,0.2295,63.998,54.6289,63.998
23515,-0.0985,0.7664,0.4344,63.998,63.998,63.998
23538,-0.1754,0.7933,0.3805,63.998,63.998,63.998
23561,-0.1628,0.7429,0.1298,63.998,63.998,63.998
23584,-0.1646,0.8416,0.1293,63.998,63.998,63.998
23607,0.0554,0.8467,0.1932,63.998,63.998,63.998
23630,0.046,0.8407,0.2535,63.998,63.998,63.998
23653,0.0437,0.7496,0.1508,63.998,63.998,63.998
23676,0.1613,0.6978,0.2126,63.998,63.998,63.998
23699,0.0493,0.7374,0.2219,63.998,60.7246,63.998
23722,0.074,0.7943,0.2588,63.998,46.8633,61.1758
23745,0.0372,1.0554,0.358,46.877,32.332,51.4023
23768,0.0039,1.1051,0.1957,36.4844,23.0313,45.5781
23791,-0.05,0.9562,0.1077,24.4238,10.8926,38.6348
23814,-0.0565,0.9152,0.1472,18.7305,4.6406,35.1504
23837,-0.0385,0.8627,0.1992,13.418,-1.4492,30.9844
23860,-0.0283,0.7142,0.2035,11.6406,-3.5234,27.1367
23883,-0.0802,0.67,0.1466,12.2109,-2.7578,24.4043
23906,-0.0535,0.6924,0.1107,15.1895,1.1406,20.1426
23929,-0.0632,0.7239,0.0215,18.1445,5.0742,17.5625
23952,0.0735,0.7805,0.0913,23.0098,11.7617,14.9414
23975,0.0898,0.8685,0.1012,25.9277,15.8613,14.6484
23998,0.1584,0.8519,0.1246,28.9824,20.1074,15.8945
24021,0.0947,0.9365,0.0636,29.8281,21.3359,19.4688
24044,0.1006,0.8965,0.0668,29.0156,20.5625,22.4297
24067,0.1279,0.8218,0.1189,25.8301,17.6309,26.4492
24090,0.0599,0.8019,0.0502,22.5996,14.9297,28.0938
24113,0.0558,0.8906,0.0573,16.6309,10.543,28.2129
24136,0.0444,0.9044,0.0649,10.0332,6.4941,25.5039
24159,0.0519,0.8224,0.0459,5.6113,4.1914,22.4277
24182,0.0619,0.7594,0.0914,-0.9199,1.4004,16.4785
24205,0.0372,0.8507,0.0848,-5.3281,-0.0508,12.0059
24228,0.0958,0.829,0.1322,-12.3477,-1.6699,5.377
24251,0.0875,0.8212,0.1702,-20.2598,-2.7285,-0.0762
24274,0.0508,0.7432,0.1521,-26.2031,-3.1055,-2.5723
24297,0.1001,0.7961,0.3153,-36.2129,-3.0156,-4.1973
24320,0.1278,1.1191,0.3468,-43.5293,-2.4941,-3.7793
24343,0.0461,0.7531,0.2521,-54.9746,-1.0547,-1.0859
24366,0.0457,0.7196,0.2404,-62.6602,1.1211,3.2422
24389,0.2228,0.8121,0.3481,-64.0,2.7969,6.4492
24412,0.1686,0.7896,0.4752,-64.0,4.834,11.1562
24435,0.0651,0.6753,0.4509,-64.0,5.373,13.9375
24458,0.1345,0.705,0.522,-64.0,4.668,17.0117
24481,0.134,1.0198,0.6692,-64.0,3.1816,18.1094
24504,0.1898,0.875,0.6913,-64.0,-0.6875,18.3203
24527,0.2965,0.6165,0.8728,-64.0,-6.7598,16.6934
24550,0.2225,0.559,0.842,-64.0,-12.1055,14.3516
24573,0.0526,0.6539,0.8263,-64.0,-21.5977,8.9414
24596,-0.0162,0.7015,0.7623,-64.0,-28.2168,4.3496
24619,0.1375,0.5275,0.8101,-64.0,-37.0605,-3.6836
24642,0.3756,0.47,0.968,-64.0,-43.4395,-13.584
24665,0.1173,0.463,1.0228,-64.0,-46.1426,-21.5938
24688,0.0759,0.4403,1.234,-64.0,-47.748,-35.3789
24711,0.1296,0.3481,1.2561,-64.0,-47.1816,-45.1523
24734,0.1573,0.1351,1.1229,-64.0,-44.3457,-59.6504
24757,0.1799,-0.0055,1.1304,-64.0,-39.9434,-64.0
24780,0.2181,-0.1364,1.1804,-64.0,-36.3633,-64.0
24803,0.1844,-0.1915,1.2302,-64.0,-29.998,-64.0
24826,0.1073,-0.1006,1.1947,-64.0,-25.0059,-64.0
24849,0.0039,-0.0923,0.9948,-64.0,-16.2832,-64.0
24872,0.0095,-0.136,1.1318,-64.0,-9.584,-64.0
24895,0.067,-0.3224,1.0289,-64.0,1.7461,-64.0
24918,-0.0082,-0.3818,0.9677,-64.0,13.752,-63.5098
24941,0.0552,-0.2865,1.0111,-64.0,21.1602,-51.0918
24964,0.1615,-0.2545,0.8866,-64.0,29.4199,-31.3887
24987,0.2026,-0.2943,0.7771,-64.0,32.3164,-18.5762
25010,0.1476,-0.2722,0.7461,-64.0,33.5078,-1.3887
25033,0.0502,-0.2172,0.4761,-64.0,33.7031,12.4844
25056,-0.531,-0.5199,0.1959,-64.0,34.9434,19.9902
25079,-0.4849,-0.0547,0.6967,-64.0,40.1523,29.5762
25102,0.1664,0.1862,1.1243,-56.8965,45.4082,35.4824
25125,0.2292,-0.0847,1.0708,-44.1582,52.1777,43.8047
25148,-0.324,-0.3807,0.9254,-33.4141,53.1172,50.6621
25171,-0.3915,-0.4758,0.998,-28.4219,49.8965,53.9629
25194,-0.1818,-0.3407,1.0227,-24.625,40.5469,56.6621
25217,-0.1808,-0.1238,1.1016,-23.9688,32.2813,56.9434
25240,-0.2837,-0.0778,1.0797,-23.9004,18.6836,55.4277
25263,-0.2231,-0.188,1.0718,-23.4277,9.9902,52.4551
25286,-0.25,-0.214,1.0795,-21.2559,-0.7832,49.623
25309,-0.1479,-0.2089,1.0961,-17.5566,-7.7012,45.4082
25332,-0.2,-0.2446,0.9888,-14.6836,-10.0937,42.6484
25355,-0.2606,-0.1876,1.0067,-10.5488,-10.9453,38.6621
25378,-0.1581,-0.1104,1.0249,-8.1855,-10.2246,35.9414
25401,-0.151,-0.189,1.0903,-5.3223,-8.4355,31.2344
25424,-0.1102,-0.1664,1.0393,-3.2871,-7.3691,25.3125
25447,-0.0925,-0.0804,0.9681,-2.4629,-7.6152,20.6758
25470,-0.1886,0.0325,0.8492,-2.0137,-9.4414,13.0391
25493,-0.3094,-0.1534,0.9491,-2.0117,-11.2637,7.8828
25516,-0.2932,-0.0575,1.1864,-1.8145,-14.0977,0.9297
25539,-0.1627,-0.0886,0.9513,-0.998,-16.2617,-4.2852
25562,-0.2194,-0.226,0.9209,-0.5332,-17.0176,-6.6719
25585,-0.1392,-0.2701,0.9374,-1.3457,-16.8242,-9.0039
25608,-0.1733,-0.276,1.0311,-3.5059,-15.873,-10.0703
25631,-0.024,-0.3457,1.0696,-9.2559,-13.7656,-11.3555
25654,0.0319,-0.4425,1.0449,-14.3437,-12.3652,-12.5918
25677,-0.1244,-0.4729,1.0298,-22.6953,-10.8379,-13.4512
25700,-0.0917,-0.4584,1.0404,-30.1406,-10.1094,-14.5469
25723,-0.0415,-0.3875,1.0134,-33.6094,-9.9941,-14.9336
25746,-0.072,-0.2626,0.9862,-35.5215,-10.1758,-14.8242
25769,-0.1251,-0.1925,0.9871,-34.332,-10.3984,-14.3359
25792,-0.1365,-0.0385,1.0028,-28.9883,-10.4863,-13.2422
25815,-0.0825,-0.1261,0.9896,-20.2031,-9.6836,-12.0801
25838,-0.0603,-0.1746,1.0469,-13.1055,-8.5371,-11.4609
25861,-0.1315,-0.1511,1.0494,-1.6426,-6.1934,-10.959
25884,-0.1927,-0.1134,1.1129,5.9473,-4.4258,-10.9766
25907,-0.1394,-0.1639,1.0527,16.1543,-1.6855,-11.7363
25930,-0.2205,-0.3878,0.928,23.2363,1.1699,-13.8984
25953,-0.0288,-0.3833,1.0647,25.293,3.3477,-16.5547
25976,-0.0437,-0.3278,1.0876,24.209,6.8633,-22.9629
25999,-0.0695,-0.3334,1.0798,21.3496,9.0137,-28.8848
26022,-0.0947,-0.405,1.0166,15.3652,11.4531,-39.6035
26045,-0.0122,-0.4139,1.0859,11.0059,12.8828,-51.0508
26068,0.0748,-0.4073,1.0476,4.9141,12.5977,-58.1758
26091,-0.057,-0.4044,0.9966,0.1367,11.4766,-64.0
26114,-0.134,-0.3666,1.031,-2.1152,10.2148,-64.0
26137,-0.1025,-0.3058,1.0271,-3.9434,8.1133,-64.0
26160,-0.1292,-0.2678,1.0426,-4.1055,6.8867,-64.0
26183,-0.1345,-0.3025,1.0011,-2.9668,5.6406,-59.6914
26206,-0.1169,-0.2299,1.0369,-0.793,5.1973,-47.248
26229,-0.111,-0.2406,1.0256,0.8828,5.2637,-37.6934
26252,-0.115,-0.2148,1.038,3.3496,5.625,-23.0898
26275,-0.1387,-0.2019,1.0624,4.8047,5.8477,-14.0801
26298,-0.1394,-0.2297,1.0372,6.502,5.9141,-2.8672
26321,-0.1282,-0.2174,1.0928,7.3516,5.625,4.7227
26344,-0.0963,-0.2628,1.0558,7.3516,5.3105,7.6133
26367,-0.1111,-0.2311,1.0339,6.5059,4.8359,8.918
26390,-0.1803,-0.2168,1.0265,5.4941,4.6562,8.1094
26413,-0.1582,-0.2386,0.9828,3.6602,4.8203,5.2012
26436,-0.1935,-0.2552,0.9897,1.9199,5.582,1.207
26459,-0.1576,-0.27,1.0063,0.752,6.3594,-1.625
26482,-0.1625,-0.2997,1.0065,-0.5605,7.7441,-5.6523
26505,-0.187,-0.2561,1.0217,-1.2031,8.6777,-7.9531
26528,-0.1656,-0.2373,1.0023,-1.7637,9.8437,-10.4609
26551,-0.1888,-0.2316,1.0106,-1.834,10.3379,-11.3809
26574,-0.1873,-0.2157,1.0598,-1.4336,10.5215,-11.6953
26597,-0.1414,-0.2195,1.0402,-0.4648,9.9961,-11.043
26620,-0.2113,-0.2467,1.037,0.3457,9.2793,-10.2637
26643,-0.146,-0.194,1.0659,1.4648,7.8027,-8.7988
26666,-0.1732,-0.24,1.0106,2.0098,6.6855,-7.7715
26689,-0.2037,-0.2292,1.0072,2.4277,5.1074,-6.4414
26712,-0.2205,-0.252,0.9739,2.4414,4.002,-5.5977
26735,-0.2234,-0.2606,0.9589,2.3418,3.6465,-5.3809
26758,-0.1844,-0.2185,1.0229,2.2383,3.6699,-5.6172
26781,-0.2031,-0.2628,1.0031,2.2871,3.9297,-6.1172
26804,-0.2084,-0.2837,1.0099,2.4395,4.3437,-7.1465
26827,-0.1903,-0.2848,1.0016,2.3867,4.416,-8.123
26850,-0.174,-0.2341,1.0449,2.1328,4.1387,-8.5664
26873,-0.1757,-0.2411,1.0255,1.4746,3.1914,-8.752
26896,-0.2042,-0.2216,1.0076,0.9219,2.2637,-8.4863
26919,-0.1975,-0.1989,0.9946,0.0605,0.6562,-7.4785
26942,-0.218,-0.2,1.0122,-0.4316,-0.4219,-5.957
26965,-0.1837,-0.172,1.0403,-0.8848,-1.873,-4.6172
26988,-0.1647,-0.2039,1.0328,-0.9121,-3.0586,-2.791
27011,-0.1638,-0.2338,1.0315,-0.7539,-3.7031,-1.8008
27034,-0.1519,-0.2361,1.0332,-0.4297,-4.4551,-0.8984
27057,-0.1378,-0.2603,1.0248,-0.2285,-4.7969,-0.7637
27080,-0.1484,-0.2566,1.0536,0.0391,-5.0176,-1.2793
27103,-0.158,-0.2426,1.071,0.3906,-4.834,-2.4687
27126,-0.1699,-0.209,1.0447,0.7285,-4.502,-3.4219
27149,-0.1719,-0.1765,1.0515,1.377,-3.7363,-4.7051
27172,-0.2048,-0.1731,1.012,1.8652,-3.082,-5.2734
27195,-0.2094,-0.1531,1.005,2.5801,-1.918,-5.5098
27218,-0.2235,-0.1239,1.0214,3.2305,-0.5449,-5.0527
27241,-0.1959,-0.1403,1.028,3.666,0.4707,-4.543
27264,-0.1882,-0.1704,1.047,4.3555,2.0625,-3.877
27287,-0.1892,-0.1937,1.0049,4.7891,3.0801,-3.6855
27310,-0.1986,-0.1913,1.0186,5.2051,4.3418,-3.9258
27333,-0.1921,-0.193,1.0415,5.2441,4.916,-4.7793
27356,-0.1819,-0.2123,1.0326,4.9316,5.2832,-5.625
27379,-0.1991,-0.2234,1.0261,4.2812,5.0957,-7.1895
27402,-0.2267,-0.2233,0.9816,3.7832,4.7695,-8.3555
27425,-0.2399,-0.1902,0.9811,3.25,4.2832,-10.2402
27448,-0.2378,-0.1748,0.9619,3.3105,4.1816,-11.6328
27471,-0.2731,-0.1036,1.0184,4.5898,4.6875,-14.127
27494,-0.2496,-0.0664,1.0653,7.9316,6.1582,-17.3711
27517,-0.244,-0.1473,0.993,11.4219,7.5234,-20.0371
27540,-0.209,-0.1434,0.983,18.0371,9.3125,-24.6738
27563,-0.2264,-0.1367,0.9619,22.9121,9.8184,-28.0313
27586,-0.2854,-0.1276,0.9493,30.4297,9.4004,-33.2129
27609,-0.3298,-0.0825,0.8998,38.2891,8.5078,-38.4199
27632,-0.3973,-0.01,0.8833,44.0781,8.5293,-41.9473
27655,-0.3651,0.0258,0.9063,54.3125,10.8281,-47.5957
27678,-0.3923,0.0389,0.8344,62.3809,14.3945,-51.8809
27701,-0.4238,0.0917,0.5944,63.998,23.3945,-59.5547
27724,-0.4608,0.1864,0.6422,63.998,37.0137,-64.0
27747,-0.4087,0.2002,0.868,63.998,48.4219,-64.0
27770,-0.3149,0.1422,0.7587,63.998,63.998,-64.0
27793,-0.3771,0.2056,0.6395,63.998,63.998,-64.0
27816,-0.2394,0.3068,0.5662,63.998,63.998,-64.0
27839,-0.1757,0.402,0.5417,63.998,63.998,-64.0
27862,-0.5073,0.5339,0.5891,63.998,63.998,-64.0
27885,-0.7227,0.5526,0.4493,63.998,63.998,-58.834
27908,-0.6938,0.6779,0.373,63.998,63.998,-36.584
27931,-0.5496,0.7852,0.2684,63.998,63.998,2.8848
27954,-0.385,0.7264,0.3558,63.998,63.998,30.8516
27977,-0.2058,0.8999,0.2677,63.998,63.998,63.998
28000,-0.3071,0.9669,0.1436,63.998,63.998,63.998
28023,-0.3293,1.0159,0.0793,63.998,63.998,63.998
28046,-0.1799,0.9662,0.0519,63.998,63.998,63.998
28069,-0.1914,0.9601,0.1102,63.998,63.998,63.998
28092,-0.2003,0.9845,0.0845,63.998,63.998,63.998
28115,-0.1147,0.8689,0.0652,63.998,63.998,63.998
28138,0.0741,0.8022,0.0983,51.6016,63.9082,63.998
28161,0.0614,0.8202,0.123,40.248,52.3965,63.998
28184,-0.2133,0.7665,-0.0258,34.3242,44.0742,63.998
28207,-0.3002,0.7565,-0.126,28.1191,31.9492,63.998
28230,-0.0743,0.8231,0.0273,25.7988,24.7266,59.2246
28253,0.1488,1.0422,0.2239,25.2168,15.3906,46.252
28276,-0.2731,1.3761,0.2365,28.1543,7.7168,38.6973
28299,-0.0344,0.9174,-0.0736,31.459,3.8047,36.1484
28322,-0.1196,0.8257,-0.0571,36.2305,0.4531,34.2617
28345,-0.067,0.8807,-0.0264,37.9824,0.2187,33.0586
28368,-0.0271,0.9222,0.0065,37.1719,2.9238,29.9414
28391,-0.0662,0.8739,0.0046,32.0664,8.4277,24.9473
28414,-0.0328,0.8386,-0.004,26.7266,12.8301,20.9141
28437,0.0013,0.8184,0.0067,17.0488,19.0703,14.6387
28460,0.0355,0.8247,0.0326,10.3027,22.1543,10.7617
28483,0.0023,0.8446,0.0402,1.0137,24.1816,5.9727
28506,-0.0367,0.8894,0.0248,-6.1602,22.9941,2.668
28529,-0.0872,0.8749,0.0182,-9.3887,20.8457,1.2129
28552,-0.0343,0.8411,0.0432,-11.7871,16.5938,-0.2676
28575,-0.0371,0.8171,0.0055,-11.9316,13.6406,-1.1172
28598,-0.0634,0.8446,0.0511,-10.5879,9.7402,-2.6484
28621,-0.0472,0.8309,0.0446,-9.0703,7.748,-3.9316
28644,-0.0774,0.7649,0.0146,-6.5234,5.9375,-6.1582
28667,-0.0652,0.7399,0.0526,-4.332,5.6406,-8.4297
28690,-0.1257,0.6586,0.0012,-3.3105,6.1582,-9.7051
28713,-0.098,0.7406,0.0153,-2.4824,7.5977,-10.7949
28736,-0.0677,0.8246,0.0649,-2.2031,8.7461,-10.7266
28759,-0.0322,0.8682,-0.0009,-1.5879,10.3965,-9.2441
28782,-0.0488,0.8502,-0.0385,-0.1836,11.7695,-6.3125
28805,-0.0083,0.8589,0.0052,1.3203,12.5527,-3.8516
28828,-0.0093,0.7883,-0.0406,4.3535,13.6367,0.0254
28851,-0.0375,0.8507,-0.0276,6.7051,14.3477,2.4746
28874,-0.0265,0.8232,-0.0916,10.2051,15.4492,5.748
28897,-0.0503,0.8435,-0.0742,12.9238,16.5996,8.4883
28920,-0.0448,0.7372,-0.0951,13.8906,17.3359,9.9863
28943,0.0641,0.728,-0.0298,13.5527,18.1895,11.6309
28966,0.0454,0.697,-0.0438,11.9453,18.4375,12.3086
28989,-0.0262,0.7625,0.01,7.4727,18.1289,13.041
29012,0.0524,0.9282,0.0602,3.3926,17.4082,14.3105
29035,0.0354,0.8563,0.0061,-3.4551,15.5664,15.8945
29058,0.0933,0.8684,0.0164,-9.9922,13.1172,19.5723
29081,0.1245,0.8998,-0.0007,-13.6172,11.4414,22.7559
29104,0.1221,0.8972,-0.0116,-17.3027,9.3223,28.1465
29127,0.1035,0.8558,-0.0397,-18.3496,8.3652,31.7695
29150,0.1588,0.8057,-0.0485,-17.7305,7.7734,36.5254
29173,0.157,0.903,-0.047,-14.9531,8.127,39.6797
29196,0.1364,0.8329,-0.08,-12.4121,8.7383,40.5996
29219,0.1644,0.8735,-0.0719,-8.668,9.8437,40.0566
29242,0.2321,1.0697,-0.0575,-6.9629,10.4668,38.4668
29265,0.1832,0.7738,-0.0089,-6.8066,10.8594,34.5234
29288,0.192,0.8,0.0852,-10.6582,10.334,29.1406
29311,0.1935,0.7755,0.1587,-15.793,9.4238,25.0059
29334,0.1458,0.7717,0.1096,-27.3555,7.3359,18.5098
29357,0.0941,0.8188,0.1267,-37.4453,5.6484,14.4121
29380,0.1283,0.8246,0.2338,-55.3379,2.7949,9.498
29403,0.2493,0.7927,0.3989,-64.0,-0.5605,6.8223
29426,0.2922,0.7032,0.416,-64.0,-4.2617,6.3125
29449,0.1945,0.7693,0.5149,-64.0,-10.2578,7.084
29472,0.1298,0.9471,0.5797,-64.0,-14.4609,8.416
29495,0.2031,0.7627,0.5483,-64.0,-19.959,11.2207
29518,0.3168,0.5796,0.5967,-64.0,-22.5918,13.1426
29541,0.2103,0.6641,0.7192,-64.0,-24.6836,15.1074
29564,0.1417,0.5736,0.5806,-64.0,-24.4004,15.1758
29587,0.1821,0.5304,0.6584,-64.0,-22.8145,13.9453
29610,0.2457,0.527,0.7422,-64.0,-18.5469,10.1035
29633,0.14,0.5222,0.6971,-64.0,-14.7012,6.293
29656,0.1526,0.5809,0.7982,-64.0,-7.9297,-0.8301
29679,0.1044,0.6346,0.7905,-64.0,-0.6836,-8.832
29702,0.1342,0.6262,0.6891,-64.0,4.0215,-14.2637
29725,0.0671,0.6876,0.6885,-64.0,10.2676,-22.1816
29748,0.1398,0.7485,0.7294,-54.0078,13.3926,-27.1582
29771,0.1786,0.7809,0.7738,-26.4668,15.6699,-34.123
29794,0.0739,0.6957,0.537,-7.2109,14.752,-40.6641
29817,0.0549,0.7222,0.6108,21.1973,12.6855,-44.8516
29840,0.1187,0.7645,0.7349,46.7754,8.252,-50.7676
29863,-0.0021,0.595,0.5913,61.1074,4.9336,-54.2832
29886,-0.0748,0.4552,0.5042,63.998,0.3672,-58.334
29909,-0.1058,0.4885,0.5853,63.998,-2.0078,-59.7539
29932,-0.052,0.5309,0.5106,63.998,-4.5898,-59.0215
29955,-0.0248,0.6755,0.3856,63.998,-7.1855,-53.7031
29978,0.0345,0.7924,0.3562,63.998,-10.0742,-47.1445
30001,-0.007,0.8502,0.319,63.998,-18.0996,-32.9609
30024,0.0592,0.8252,0.2969,63.998,-26.5605,-21.5449
30047,0.0363,0.7881,0.2736,61.5176,-43.707,-4.6016
30070,0.026,0.6681,0.2749,62.9727,-64.0,7.2227
30093,0.0623,0.9446,0.2317,63.998,-64.0,9.7461
30116,0.0125,1.0455,0.1589,63.998,-64.0,3.5039
30139,0.2585,0.7229,0.2032,63.998,-64.0,-7.1973
30162,0.1735,0.5017,0.2192,63.998,-64.0,-30.7734
30185,-0.3014,0.5332,0.2455,58.7129,-64.0,-57.9473
30208,-0.408,0.6725,0.1418,47.3086,-64.0,-64.0
30231,-0.1376,0.7069,0.162,25.4199,-64.0,-64.0
30254,-0.1489,0.682,0.3668,9.5664,-64.0,-64.0
30277,-0.0776,0.7761,0.547,-11.9844,-64.0,-64.0
30300,-0.0016,0.8269,0.5416,-22.6719,-64.0,-64.0
30323,-0.1482,0.7704,0.4668,-31.207,-64.0,-59.502
30346,-0.2052,0.7229,0.2806,-31.2617,-64.0,-38.1387
30369,-0.2114,0.7394,0.2556,-27.8496,-64.0,-24.0742
30392,-0.2145,0.7505,0.2675,-19.5996,-64.0,-4.9082
30415,-0.1599,0.8008,0.265,-12.7656,-64.0,5.8652
30438,-0.1084,0.8763,0.2574,-1.2031,-64.0,18.2051
30461,0.076,0.8683,0.2244,11.2461,-59.9883,25.6055
30484,-0.0015,0.9427,0.2822,19.5762,-48.4961,27.9492
30507,-0.0337,1.026,0.4742,31.5645,-31.5352,28.4453
30530,-0.0571,0.9564,0.4381,38.9746,-21.5938,27.3828
30553,-0.0015,0.769,0.21,48.2891,-9.8477,24.5039
30576,0.0579,0.6549,0.1191,53.5098,-2.166,20.6406
30599,-0.0499,0.7064,0.1888,53.9043,0.8711,17.791
30622,-0.0841,0.681,0.1486,50.1777,2.9199,13.6504
30645,-0.0381,0.6049,0.0818,45.7227,3.0586,11.2832
30668,0.2089,0.5803,0.1091,38.0762,2.0898,8.625
30691,-0.046,0.9084,0.2238,33.4961,0.9492,7.0801
30714,-0.0422,0.9723,-0.03,28.9004,-0.9746,7.627
30737,0.1042,1.1,-0.0811,27.2773,-2.4746,9.9863
30760,0.1698,1.2562,0.0765,27.2246,-3.0684,12.5723
30783,0.1498,0.7506,-0.037,27.1914,-3.5273,16.8828
30806,0.0773,0.886,0.0767,26.2227,-3.793,19.1973
30829,0.0554,0.8257,0.1024,22.2051,-4.332,20.5234
30852,0.0099,0.8538,0.0928,14.8457,-4.9512,18.3809
30875,-0.0038,0.8353,0.0844,8.3711,-5.3145,14.9687
30898,-0.0031,0.8622,0.0282,-3.0684,-5.8281,7.4961
30921,-0.0397,0.8086,0.0105,-11.7266,-6.3691,1.6016
30944,0.0741,0.9348,0.0994,-26.5742,-8.0527,-7.2676
30967,-0.0696,1.0096,0.3226,-43.8906,-11.5293,-14.6895
30990,0.0745,0.8826,0.4312,-56.5508,-15.2578,-18.2109
31013,0.1893,0.8317,0.4761,-64.0,-23.543,-21.1719
31036,0.0137,0.7644,0.4683,-64.0,-30.9473,-21.8125
31059,0.022,0.4572,0.6388,-64.0,-44.1113,-21.2402
31082,0.1919,0.2875,0.8065,-64.0,-57.8574,-19.7266
31105,0.1465,0.3962,1.0425,-64.0,-64.0,-18.9531
31128,0.1239,0.4434,1.0155,-64.0,-64.0,-19.0273
31151,-0.0273,0.4928,0.8671,-64.0,-64.0,-19.9844
31174,-0.0203,0.543,0.7819,-64.0,-64.0,-22.2676
31197,-0.0638,0.4554,0.7527,-64.0,-64.0,-23.9258
31220,-0.0509,0.3412,0.8135,-64.0,-64.0,-26.0039
31243,0.0382,0.2544,0.8953,-64.0,-58.8242,-27.1602
31266,0.0774,0.3567,0.9679,-64.0,-48.3633,-27.3164
31289,0.0444,0.46,0.9272,-50.748,-33.7441,-26.4629
31312,0.1428,0.4635,0.7131,-37.8027,-26.2324,-24.9766
31335,0.2295,0.6064,0.7474,-19.3184,-19.7324,-21.375
31358,0.2087,0.708,0.7969,-2.3262,-18.1797,-16.8984
31381,-0.0056,0.6899,0.6765,7.9668,-18.5,-13.834
31404,-0.0449,0.6033,0.6143,20.8418,-18.5098,-9.1797
31427,0.0488,0.4623,0.5856,26.8359,-17.207,-5.9805
31450,0.0322,0.4594,0.6864,30.6211,-12.8437,-1.2344
31473,-0.0665,0.3593,0.6093,29.3262,-6.4238,3.0293
31496,-0.0211,0.2346,0.3965,21.6934,-1.8203,5.4141
31519,0.1477,0.4244,0.4204,7.9863,4.2363,8.0391
31542,0.054,0.6371,0.6017,-3.4746,7.0215,9.0371
31565,-0.073,0.5566,0.5162,-21.5645,8.3379,9.6914
31588,0.0303,0.4685,0.5856,-32.8105,6.9473,9.9434
31611,0.251,0.4901,0.8142,-46.7949,1.4199,10.3613
31634,0.3467,0.4624,0.9185,-56.2227,-7.1973,10.543
31657,0.1699,0.5006,0.9688,-59.8496,-13.4766,10.3672
31680,0.0385,0.6046,0.9899,-61.8301,-21.5938,9.9141
31703,0.2104,0.5726,0.9619,-61.3613,-25.1055,9.6973
31726,0.0922,0.5658,0.9764,-58.8438,-26.418,9.2539
31749,0.0388,0.5132,0.9156,-54.8145,-22.6367,7.9082
31772,0.1066,0.4473,0.9412,-51.459,-17.5527,6.1113
31795,0.1012,0.3274,0.9698,-45.5176,-7.2187,1.7168
31818,0.0732,0.3231,0.9296,-41.0977,0.5137,-2.252
31841,0.0743,0.3263,0.9761,-34.3086,11.5762,-9.0254
31864,0.0317,0.3944,0.9406,-28.0371,20.2207,-15.5293
31887,0.0292,0.4437,0.9207,-24.3457,24.0586,-19.1348
31910,0.0236,0.4066,0.9174,-19.4199,26.5977,-22.957
31933,-0.0062,0.3833,0.855,-16.2969,26.2344,-24.3613
31956,0.0045,0.4026,0.8541,-11.3926,23.2129,-24.8633
31979,0.0,0.4054,0.89,-7.8633,20.0215,-24.2793
32002,-0.0103,0.4279,0.8835,-2.3184,14.2754,-22.3711
32025,0.0079,0.4224,0.8668,3.0781,8.3105,-19.6484
32048,-0.0205,0.4434,0.8121,6.2793,4.7422,-17.5742
32071,-0.0137,0.4447,0.853,9.9863,0.791,-14.2734
32094,-0.0114,0.4341,0.9003,11.4219,-0.6016,-12.0078
32117,0.0043,0.413,0.9663,11.6113,-0.8457,-8.5566
32140,-0.0073,0.4138,0.9534,9.3828,0.4297,-5.0703
32163,0.001,0.4321,0.8756,6.8574,1.5566,-2.7832
32186,0.0098,0.4492,0.8149,2.293,2.8555,0.4531
32209,0.0154,0.5342,0.8939,-0.8633,3.1621,2.3965
32232,-0.0316,0.9625,1.3093,-5.2852,2.5469,4.8242
32255,0.1331,0.7808,1.2902,-9.2402,0.2949,6.3867
32278,-0.0011,0.3188,0.7291,-12.332,-2.373,6.7168
32301,0.1106,0.1752,0.8711,-19.5371,-7.8672,5.7988
32324,0.1207,0.2474,0.9778,-26.2891,-11.7949,3.9219
32347,0.0481,0.264,0.942,-37.3672,-16.2188,-1.4023
32370,-0.1202,0.2235,0.7461,-43.7637,-17.2539,-9.0664
32393,-0.1825,0.2212,0.7244,-50.123,-15.3008,-15.5703
32416,-0.079,0.2427,0.8286,-52.0684,-9.8867,-24.1563
32439,-0.0038,0.2096,0.8333,-51.0684,-5.4805,-28.8223
32462,-0.041,0.2104,0.8218,-47.0059,-0.1113,-33.4707
32485,-0.1445,0.2439,0.9192,-43.4141,1.1797,-34.6055
32508,-0.203,0.1376,0.9391,-38.3145,-2.3594,-32.791
32531,0.3356,0.0371,0.85,-35.4668,-13.7676,-26.7168
32554,0.3942,0.2051,1.0802,-35.6738,-25.5684,-20.7227
32577,0.5337,0.2543,1.1296,-39.6621,-47.873,-10.4687
32600,0.5267,0.2106,1.0192,-44.7852,-64.0,-3.9844
32623,0.2808,-0.0183,0.7196,-55.9297,-64.0,4.2773
32646,0.3914,-0.099,0.9316,-64.0,-64.0,11.7344
32669,0.5953,-0.0828,1.0256,-64.0,-64.0,17.0215
32692,0.4983,-0.2852,0.8462,-64.0,-64.0,26.123
32715,0.5957,-0.4026,0.7891,-64.0,-64.0,33.2129
32738,0.5269,-0.4856,0.7793,-64.0,-64.0,45.4258
32761,0.6981,-0.4514,0.952,-64.0,-64.0,58.9004
32784,0.7511,-0.4517,0.8887,-64.0,-64.0,63.998
32807,0.6553,-0.5219,0.8459,-64.0,-64.0,63.998
32830,0.5358,-0.5103,0.8462,-64.0,-64.0,63.998
32853,0.5696,-0.459,0.905,-64.0,-64.0,63.998
32876,0.6304,-0.3395,0.9622,-64.0,-59.043,63.998
32899,0.4274,-0.4332,0.8099,-64.0,-44.0684,63.998
32922,0.3799,-0.5062,0.7499,-55.7129,-27.9922,63.998
32945,0.4938,-0.433,0.8724,-39.0996,-17.1445,63.998
32968,0.5339,-0.339,0.8903,-14.6035,-1.582,61.584
32991,0.5087,-0.3087,0.9764,1.0332,7.8457,54.0996
33014,0.4669,-0.4335,0.9977,22.7676,19.875,44.7402
33037,0.4857,-0.5522,0.946,41.2773,28.9453,39.3398
33060,0.4658,-0.4727,0.9133,51.0703,33.4609,38.2988
33083,0.4584,-0.4237,0.9491,61.1113,38.4512,40.1523
33106,0.514,-0.4188,0.8734,63.998,40.9941,43.0664
33129,0.382,-0.4305,0.8225,63.998,44.3535,48.6484
33152,0.3353,-0.3641,0.8629,63.1992,47.6582,54.4746
33175,0.2971,-0.3147,0.8226,57.4727,49.7246,58.1816
33198,0.3167,-0.2859,0.8218,50.2109,52.0449,63.2715
33221,0.3163,-0.2847,0.8151,45.2441,52.7246,63.998
33244,0.2562,-0.2625,0.7678,38.1973,52.0879,63.998
33267,0.2799,-0.2676,0.7853,33.832,50.5156,63.998
33290,0.2903,-0.3636,0.7977,27.6152,46.6582,63.998
33313,0.347,-0.4746,0.7677,21.373,41.4902,63.998
33336,0.093,-0.5406,0.7018,16.9141,37.5801,63.998
33359,0.0844,-0.3793,0.903,9.7227,31.3145,63.998
33382,0.5475,-0.0555,1.3416,5.0059,26.8828,63.998
33405,0.4839,-0.2482,1.2333,-0.9609,19.2695,63.998
33428,0.1711,-0.4834,1.0557,-5.5332,10.1855,62.1582
33451,0.0486,-0.5873,1.0117,-8.2812,3.8926,59.5762
33474,0.2786,-0.5754,1.0286,-12.4609,-4.3359,56.0176
33497,0.2794,-0.507,0.9435,-15.2187,-8.3086,53.7207
33520,0.0493,-0.4001,0.9622,-18.7188,-11.4082,50.293
33543,0.0715,-0.3701,0.9596,-20.6797,-10.9785,47.2637
33566,0.1821,-0.3774,0.9727,-20.4785,-8.9824,45.6699
33589,0.0259,-0.4221,0.9169,-18.3379,-4.2617,43.918
33612,-0.0562,-0.4961,0.8883,-15.75,-0.5254,43.1426
33635,0.0959,-0.468,0.9589,-10.6602,5.0234,42.4004
33658,0.1221,-0.4686,0.9669,-6.7812,8.1523,41.9766
33681,0.0905,-0.455,1.0254,-0.8301,11.1777,41.2129
33704,0.1395,-0.4338,1.0115,4.5937,11.6953,40.3848
33727,0.1665,-0.4495,0.9739,7.5957,10.6973,39.8691
33750,0.0361,-0.3798,1.0286,10.832,7.709,39.2461
33773,0.1074,-0.2574,1.0354,12.1094,5.1367,39.0215
33796,0.0427,-0.2095,1.0483,12.9395,1.1563,38.9102
33819,-0.0812,-0.1013,1.1055,12.7734,-2.1074,38.6016
33842,0.0811,-0.1334,0.9672,12.1191,-3.5,37.9023
33865,-0.0027,-0.1825,1.0542,9.916,-4.1855,35.5117
33888,-0.043,-0.2836,0.9263,7.3867,-3.7637,32.9141
33911,-0.0431,-0.3459,1.0493,1.9863,-2.2402,27.7559
33934,0.4282,-0.4899,0.8748,-4.5352,-0.5039,21.3145
33957,0.0178,-0.7307,0.9102,-8.8145,0.1445,16.4395
33980,0.2061,-0.5396,1.0344,-13.7773,-0.7539,9.1523
34003,0.0497,-0.4065,1.024,-15.2285,-2.916,4.998
34026,0.0918,-0.3652,0.9252,-13.7207,-7.9902,0.7344
34049,0.0961,-0.3536,1.0391,-10.2969,-11.8652,-0.6152
34072,0.0879,-0.3198,1.0466,-2.2461,-17.2109,-0.7227
34095,0.1169,-0.2487,0.9988,7.9102,-21.0332,0.584
34118,0.1626,-0.3242,1.0323,14.9414,-22.4688,1.6582
34141,0.1622,-0.382,1.0568,24.5469,-22.959,2.7812
34164,0.1292,-0.3413,1.0223,29.6816,-22.293,2.8457
34187,0.1292,-0.2896,1.0095,34.752,-20.1328,1.6016
34210,0.157,-0.277,0.9945,36.3203,-17.0996,-1.0996
34233,0.1451,-0.2589,0.9865,35.4902,-14.9043,-3.4023
34256,0.1703,-0.266,0.9788,31.9355,-11.6895,-7.0
34279,0.1848,-0.2987,1.0062,28.498,-9.748,-9.1543
34302,0.144,-0.3235,1.0544,22.7461,-7.3301,-11.6035
34325,0.1672,-0.2494,1.0833,17.4961,-5.4004,-13.0801
34348,0.1851,-0.1982,1.0326,14.793,-4.0664,-13.7734
34371,0.098,-0.167,1.0267,12.3418,-1.4805,-14.9883
34394,0.0897,-0.134,1.1493,11.9141,0.7559,-16.2773
34417,0.1415,-0.1666,1.0677,13.2539,4.7578,-19.7109
34440,0.2567,-0.186,1.087,15.3613,7.6445,-26.1328
34463,0.3002,-0.1506,1.0948,19.7246,11.8867,-32.6191
34486,0.2035,-0.228,1.0649,24.4844,15.7031,-45.5723
34509,0.1033,-0.2446,1.0111,27.1855,18.0605,-55.6445
34532,0.1022,-0.1888,1.0292,29.6816,21.6484,-64.0
34555,0.085,-0.1445,1.0837,30.2031,24.3027,-64.0
34578,-0.0081,-0.1483,1.0359,29.6602,28.8574,-64.0
34601,-0.0983,-0.1808,1.0007,28.0078,33.6641,-64.0
34624,-0.0853,-0.1891,0.9979,26.4121,36.459,-64.0
34647,-0.072,-0.1763,0.9603,23.4902,39.2285,-64.0
34670,-0.0214,-0.1021,1.0144,21.4414,39.9355,-64.0
34693,-0.012,-0.1259,1.0051,18.8086,39.3555,-64.0
34716,-0.0231,-0.1423,0.9622,17.1777,37.0645,-64.0
34739,-0.0088,-0.1016,1.031,16.6875,34.7012,-64.0
34762,-0.0098,-0.0577,1.1006,16.7578,30.0957,-60.8672
34785,-0.0222,-0.0415,1.0886,17.2188,26.4688,-54.9668
34808,-0.0764,-0.074,1.0254,18.0449,20.5391,-46.7305
34831,-0.0468,-0.0968,1.0486,18.3223,14.5508,-39.1953
34854,-0.0018,-0.0886,1.0333,17.9785,11.0801,-34.8242
34877,-0.0972,-0.0593,1.0067,16.7637,6.7461,-29.9434
34900,-0.156,-0.0951,0.9456,15.5742,4.6699,-28.084
34923,-0.1,-0.0559,0.941,13.2969,2.7441,-27.4297
34946,-0.1056,-0.0181,0.9576,11.4824,1.9609,-28.3125
34969,-0.1536,-0.0685,0.8484,8.3594,0.7051,-31.375
34992,-0.0984,-0.1095,0.7574,4.6758,-1.6387,-36.127
35015,-0.0055,-0.073,0.7971,1.9688,-4.2949,-40.0293
35038,0.0189,-0.02,0.8,-1.998,-10.748,-47.0273
35061,0.02,0.1096,0.6732,-4.3652,-17.0332,-52.6758
35084,0.0802,0.0227,0.698,-7.3965,-29.3828,-62.9375
35107,0.2216,-0.0199,0.8258,-9.5566,-44.4629,-64.0
35130,0.3539,0.0081,0.9146,-10.2891,-55.2539,-64.0
35153,0.3351,-0.0072,0.8845,-10.3516,-64.0,-64.0
35176,0.3209,-0.0254,0.8386,-10.0684,-64.0,-64.0
35199,0.4677,0.0294,0.8289,-9.623,-64.0,-64.0
35222,0.577,-0.0004,0.9293,-8.5586,-64.0,-64.0
35245,0.5513,-0.0464,0.9935,-6.5234,-64.0,-64.0
35268,0.4698,-0.0428,0.9653,-0.3848,-64.0,-64.0
35291,0.6699,0.0366,0.9733,6.1055,-64.0,-64.0
35314,0.8307,-0.0149,0.8667,19.3125,-64.0,-64.0
35337,0.6543,0.025,0.8354,30.0215,-64.0,-54.3027
35360,0.5792,0.1053,0.8929,47.6875,-64.0,-31.9414
35383,0.6553,0.1981,0.9468,63.998,-64.0,-10.5625
35406,0.5593,0.0944,0.8696,63.998,-64.0,3.2871
35429,0.6392,0.1666,0.7911,63.998,-64.0,23.5371
35452,0.8015,0.1565,0.7828,63.998,-64.0,36.3555
35475,0.6882,0.097,0.7128,63.998,-64.0,53.1621
35498,0.6772,0.234,0.7837,63.998,-64.0,63.998
35521,0.8229,0.3043,0.7832,63.998,-64.0,63.998
35544,0.9092,0.2694,0.7473,60.2773,-64.0,63.998
35567,0.7417,0.1494,0.6211,48.4121,-64.0,63.998
35590,0.7374,0.2791,0.712,31.373,-64.0,54.4512
35613,0.8169,0.3324,0.7085,17.0801,-64.0,38.2129
35636,0.8068,0.2115,0.5868,9.8145,-64.0,25.8672
35659,0.8251,0.2065,0.5977,2.6543,-60.75,6.3594
35682,1.2726,0.4847,0.7593,0.3184,-53.9883,-6.6855
35705,0.6619,0.1875,0.5515,0.0117,-43.2129,-24.9199
35728,0.7635,0.2916,0.5511,1.2734,-35.7852,-34.8438
35751,0.8623,0.3359,0.5743,3.9277,-24.4766,-44.0879
35774,0.795,0.2175,0.5579,6.0391,-13.4336,-45.1465
35797,0.6309,0.243,0.5637,6.7031,-6.4766,-41.5547
35820,0.7234,0.2097,0.585,6.4941,2.9219,-31.582
35843,0.7142,0.309,0.6628,5.5723,8.2441,-23.3926
35866,0.6362,0.38,0.67,2.9785,14.8555,-11.6113
35889,0.77,0.3376,0.5928,-1.291,20.5352,-3.6406
35912,0.7756,0.2339,0.6393,-5.1914,24.1992,-1.7773
35935,0.7408,0.3021,0.6711,-12.3828,29.3496,-4.7129
35958,0.5756,0.5082,0.8226,-17.5801,32.041,-10.0117
35981,0.7983,0.3096,0.6365,-24.7754,34.0469,-21.4707
36004,0.8658,0.1809,0.5697,-30.2461,33.3535,-35.7832
36027,0.8618,0.1332,0.5466,-32.5449,31.668,-46.373
36050,0.7523,0.2926,0.6401,-33.0,27.6719,-62.4824
36073,0.6067,0.4858,0.7355,-30.5215,24.0723,-64.0
36096,0.5627,0.3978,0.5927,-21.7656,17.5469,-64.0
36119,0.6066,0.3971,0.5663,-12.8496,12.9727,-64.0
36142,0.5999,0.4972,0.5732,3.6465,7.0566,-64.0
36165,0.365,0.5745,0.5889,21.834,3.7754,-64.0
36188,0.2705,0.6265,0.6444,33.8652,3.5762,-64.0
36211,0.3624,0.524,0.5649,50.2559,6.0801,-64.0
36234,0.4205,0.4514,0.5359,59.1777,9.0488,-64.0
36257,0.384,0.4879,0.5345,63.998,14.2715,-64.0
36280,0.321,0.5626,0.5605,63.998,19.25,-64.0
36303,0.2109,0.5858,0.5286,63.998,21.9355,-64.0
36326,0.1741,0.5419,0.5051,63.998,24.6055,-64.0
36349,0.1632,0.5112,0.4579,63.998,25.4551,-64.0
36372,0.2786,0.538,0.5265,59.7402,25.6035,-64.0
36395,0.3853,0.7675,0.692,52.8887,24.957,-64.0
36418,0.2036,0.6687,0.504,48.0859,24.5352,-64.0
36441,0.1666,0.705,0.6049,39.5879,24.7949,-64.0
36464,0.0817,0.731,0.5814,32.5059,25.8398,-64.0
36487,-0.0211,0.641,0.5579,19.543,28.8652,-64.0
36510,-0.0328,0.6351,0.5505,9.7031,33.8672,-64.0
36533,-0.0059,0.6497,0.5795,-5.8555,37.7637,-60.5391
36556,-0.0327,0.7303,0.54,-21.3965,45.0566,-45.3125
36579,0.0425,0.6871,0.6586,-31.4219,50.1094,-35.4277
36602,0.0923,0.6116,0.7078,-45.6152,56.1328,-20.6621
36625,0.1636,0.4474,0.8304,-54.248,57.9375,-10.5273
36648,0.189,0.4338,0.8379,-64.0,56.2266,5.1836
36671,0.2139,0.5096,0.8069,-64.0,49.6348,20.5605
36694,0.1863,0.542,0.8079,-64.0,43.543,29.6934
36717,0.1466,0.605,0.7544,-64.0,34.0059,40.1152
36740,0.1021,0.6107,0.7656,-64.0,28.4375,44.1816
36763,0.1324,0.6132,0.7288,-64.0,22.0508,45.6855
36786,0.1211,0.6471,0.7804,-64.0,17.5215,42.6914
36809,0.1305,0.694,0.6697,-64.0,14.9531,39.2168
36832,0.0684,0.6982,0.7362,-54.2148,10.9766,33.502
36855,0.1456,0.6572,0.699,-45.2246,7.8984,30.1855
36878,0.2814,0.6421,0.7764,-29.8086,2.3613,26.5625
36901,0.1183,0.5054,0.6825,-18.5859,-3.8184,24.3398
36924,-0.0066,0.4465,0.6976,-1.4941,-7.3945,23.377
36947,0.0045,0.4193,0.7356,14.166,-10.2832,22.2383
36970,0.1656,0.3231,0.8214,22.9844,-9.9219,21.1621
36993,0.3208,0.2129,0.8724,33.0195,-5.6191,17.7266
37016,0.3024,0.1525,0.7808,37.2832,-0.4863,13.6211
37039,0.1826,0.608,1.0466,39.5879,9.6758,5.0332
37062,-0.0068,0.5592,0.689,36.7578,21.3477,-4.2969
37085,-0.0219,0.5195,0.7532,31.8418,29.0723,-9.3203
37108,0.0754,0.5132,0.7618,19.7559,39.1895,-13.1953
37131,0.0767,0.5278,0.8096,8.8594,44.0977,-12.8789
37154,0.1229,0.5266,0.7739,-10.5,47.5957,-8.2559
37177,0.0913,0.5881,0.7589,-31.2969,45.957,0.1328
37200,0.0709,0.6426,0.7465,-44.5996,42.1992,6.873
37223,0.1349,0.5645,0.7942,-61.7422,33.5566,17.1875
37246,0.1018,0.5818,0.7876,-64.0,26.6367,23.3594
37269,0.0819,0.6649,0.8632,-64.0,16.2188,30.3926
37292,0.0677,0.585,0.8705,-64.0,7.6035,33.8945
37315,0.0657,0.5364,0.889,-64.0,3.4687,34.1016
37338,-0.0127,0.5237,1.0807,-64.0,-0.3867,31.4492
37361,0.2062,0.3151,0.9487,-64.0,-1.7363,28.0117
37384,0.2212,0.1685,0.9651,-57.3418,-2.7168,20.9707
37407,0.1664,0.1666,1.0381,-53.957,-3.1992,15.5527
37430,0.1594,0.2426,1.1194,-52.0273,-4.1836,7.5645
37453,0.1716,0.2867,1.1504,-53.2598,-5.3613,1.002
37476,0.1682,0.2217,1.1064,-55.1152,-6.0762,-2.1191
37499,0.1055,0.1633,1.0929,-58.625,-7.0391,-4.4258
37522,0.1198,0.182,1.0654,-61.248,-7.7578,-4.1309
37545,0.1571,0.0754,1.0741,-64.0,-9.4062,-0.7891
37568,0.2178,-0.0514,1.0491,-64.0,-12.332,5.7129
37591,0.2831,-0.1714,0.9209,-64.0,-15.2637,11.4473
37614,0.2635,0.004,1.0792,-64.0,-21.125,21.4707
37637,0.3639,0.0673,1.2173,-64.0,-25.6484,28.6621
37660,0.449,-0.0153,1.0314,-64.0,-32.334,39.2734
37683,0.3162,-0.0635,0.9473,-64.0,-37.2285,48.4238
37706,0.1979,-0.0387,0.9636,-64.0,-38.5254,53.2969
37729,0.2445,-0.0203,1.0068,-64.0,-36.6895,58.6992
37752,0.3068,-0.0236,1.0095,-61.8105,-33.002,61.0742
37775,0.2697,-0.0908,0.9386,-54.2148,-24.6113,62.9551
37798,0.1877,-0.1119,0.9514,-49.3945,-17.8711,63.3262
37821,0.2102,-0.0754,1.016,-43.166,-7.5039,63.1699
37844,0.2328,-0.1379,0.9114,-38.4355,1.5586,62.7344
37867,0.2937,-0.097,1.0227,-36.1582,6.2266,62.4336
37890,0.3036,-0.1354,1.0249,-33.9121,10.8398,62.002
37913,0.2167,-0.2065,0.9785,-33.0918,12.3242,61.8906
37936,0.2897,-0.2448,1.0344,-32.8262,12.1973,62.6367
37959,0.3831,-0.3086,0.9951,-33.5957,9.3887,63.998
37982,0.3571,-0.3246,0.9801,-34.582,6.3164,63.998
38005,0.2433,-0.3011,0.9395,-36.6309,0.9102,63.998
38028,0.1958,-0.3546,0.9147,-38.2949,-2.4766,63.998
38051,0.129,-0.3798,0.8711,-41.1367,-6.125,63.998
38074,0.1282,-0.4174,0.7944,-44.3359,-7.2285,63.998
38097,0.1722,-0.3602,0.8175,-46.6309,-6.4258,63.998
38120,0.068,-0.3011,0.8416,-49.9805,-3.4355,63.998
38143,0.1027,-0.2345,0.9332,-51.666,-0.7617,63.998
38166,0.1432,-0.2709,0.9694,-52.248,3.2422,63.998
38189,0.1492,-0.3334,0.9724,-50.7852,5.7812,63.998
38212,0.1843,-0.3588,1.0159,-45.4922,6.5293,63.998
38235,0.2241,-0.3712,1.0347,-36.9551,5.084,63.998
38258,0.071,-0.3757,1.0361,-30.0801,2.623,63.998
38281,0.0181,-0.3199,0.9854,-19.2715,-2.6719,63.998
38304,0.2233,-0.275,0.9551,-12.4961,-6.5977,63.998
38327,0.072,-0.2369,0.981,-3.8828,-11.9551,63.998
38350,0.0353,-0.283,0.9854,2.6699,-15.7832,63.998
38373,0.139,-0.3328,1.0497,6.0937,-17.3184,60.8203
38396,0.1652,-0.3602,1.0302,10.1875,-18.5391,50.4805
38419,0.2688,-0.4561,0.8259,12.2773,-19.0527,44.3848
38442,0.188,-0.3446,1.024,14.3418,-20.0723,36.3906
38465,0.2388,-0.2543,0.9226,15.3418,-22.418,29.6953
38488,0.2947,-0.1985,0.8284,15.5723,-25.1641,25.8887
38511,0.2513,-0.2645,0.9009,15.4453,-31.127,20.9629
38534,0.2709,-0.2966,0.8899,15.2168,-35.9336,18.0879
38557,0.3094,-0.291,0.8953,14.8398,-43.1523,14.2539
38580,0.311,-0.2948,0.8804,14.5508,-48.8379,10.9102
38603,0.3269,-0.2502,0.9,13.9355,-51.1816,8.9277
38626,0.3639,-0.3064,0.8987,12.9629,-52.2305,6.2676
38649,0.3993,-0.3201,0.88,12.0586,-51.4121,4.6191
38672,0.4149,-0.2987,0.9045,10.2441,-48.4297,2.0508
38695,0.3933,-0.2025,0.9326,8.7383,-45.5605,0.0371
38718,0.3757,-0.1619,0.9648,6.1621,-40.2344,-3.9043
38741,0.4161,-0.2587,0.9294,3.2754,-33.9805,-9.5801
38764,0.2341,-0.4186,0.793,1.0059,-29.4434,-14.6309
38787,0.5273,-0.3031,0.931,-3.2832,-22.1621,-24.5156
38810,0.6401,-0.2609,0.8728,-6.6094,-17.2969,-32.9199
38833,0.2501,-0.3848,0.7323,-11.6484,-11.1406,-48.1211
38856,0.043,-0.384,0.746,-15.9492,-7.4687,-64.0
38879,0.3945,-0.2578,0.8254,-17.7891,-6.6191,-64.0
38902,0.7274,-0.1976,0.795,-17.668,-7.9785,-64.0
38925,0.645,-0.1842,0.7664,-14.9629,-10.8867,-64.0
38948,0.6239,-0.0646,0.856,-6.3281,-18.457,-64.0
38971,0.7686,0.0972,0.9454,7.9414,-29.7129,-64.0
38994,0.8673,0.2175,0.9878,19.1914,-38.873,-64.0
39017,0.7557,0.1581,0.8231,37.7637,-53.6289,-64.0
39040,0.4684,0.0292,0.6656,49.1465,-62.7715,-64.0
39063,0.5007,0.1221,0.7758,61.7461,-64.0,-64.0
39086,0.6002,0.1465,0.7399,63.998,-64.0,-64.0
39109,0.5876,0.1141,0.6809,63.998,-64.0,-64.0
39132,0.6168,0.2664,0.7614,62.7813,-64.0,-64.0
39155,0.5287,0.3214,0.7301,58.1387,-62.7969,-64.0
39178,0.514,0.3545,0.7502,50.7031,-51.4336,-64.0
39201,0.606,0.3291,0.6965,46.2695,-43.3926,-64.0
39224,0.6471,0.3842,0.7297,40.9863,-31.7383,-64.0
39247,0.4398,0.3065,0.6774,37.3438,-21.7676,-64.0
39270,0.4854,0.3721,0.751,35.7539,-16.5215,-64.0
39293,0.6187,0.5382,0.7415,34.7598,-11.0762,-64.0
39316,0.3689,0.5928,0.7069,35.252,-9.1211,-64.0
39339,0.1908,0.6635,0.7168,37.9863,-8.1035,-64.0
39362,0.3032,0.6752,0.6915,42.916,-7.7598,-64.0
39385,0.356,0.6781,0.667,46.9863,-7.0137,-64.0
39408,0.1658,0.7876,0.6729,53.1777,-4.3535,-64.0
39431,0.2452,0.7589,0.7272,56.6719,-1.3359,-64.0
39454,0.2008,0.599,0.6849,59.8613,4.7637,-64.0
39477,0.0925,0.5646,0.5895,60.0234,9.373,-64.0
39500,0.0989,0.6487,0.6056,56.5469,16.4102,-64.0
39523,0.0765,0.6411,0.5693,48.6445,23.1367,-64.0
39546,0.0773,0.9762,1.0469,41.5098,27.293,-64.0
39569,0.0236,0.8,0.467,29.3223,33.0352,-64.0
39592,-0.0759,0.8461,0.5292,20.5898,36.7227,-64.0
39615,-0.1523,0.7163,0.5402,6.8672,42.4141,-62.9434
39638,-0.0381,0.6224,0.5751,-6.7891,47.3398,-56.1387
39661,-0.114,0.5848,0.6245,-15.2305,48.9492,-51.5664
39684,0.0239,0.4902,0.6913,-26.1895,46.8926,-42.8262
39707,0.271,0.4349,0.7692,-32.2617,41.8672,-34.8652
39730,0.2802,0.4653,0.7797,-39.998,28.998,-19.1328
39753,0.0604,0.6057,0.7909,-47.2637,12.6758,0.5742
39776,-0.0281,0.5564,0.8586,-52.4316,2.6094,14.959
39799,0.1757,0.4813,0.8651,-60.8066,-7.6855,35.8242
39822,0.1803,0.3877,0.8334,-64.0,-10.4336,47.3184
39845,0.1897,0.4666,0.8032,-64.0,-9.0,58.1992
39868,0.1676,0.4529,0.8446,-64.0,-5.5234,60.3887
39891,0.1479,0.406,0.8502,-64.0,1.3145,57.5918
39914,0.2268,0.4664,0.8391,-64.0,8.0332,49.0703
39937,0.0731,0.5254,0.8119,-64.0,11.5391,41.9922
39960,0.022,0.4291,0.8693,-64.0,14.0605,32.0234
39983,0.2499,0.3497,0.881,-64.0,13.3047,27.1289
40006,0.3406,0.3402,0.8804,-62.7617,8.2715,23.291
40029,0.2698,0.4165,0.8458,-56.0332,-0.2617,23.0
40052,0.1698,0.4871,0.8452,-51.6758,-6.7051,24.1074
40075,0.1071,0.4274,0.8936,-45.4141,-15.5937,26.8223
40098,0.2913,0.4001,0.8212,-41.4043,-20.1699,28.8574
40121,0.2397,0.5549,0.9529,-35.6758,-24.2539,31.373
40144,0.1124,0.5045,0.9055,-30.5898,-24.8145,32.6777
40167,0.2273,0.3184,0.8496,-27.9727,-23.2305,32.8652
40190,0.2495,0.2933,0.9358,-25.8574,-17.6445,31.8789
40213,0.1598,0.3467,0.9977,-25.6563,-11.5117,30.0176
40236,0.1316,0.3202,0.9885,-26.6387,1.3301,25.0781
40259,0.0339,0.2684,0.9359,-27.8906,17.0898,18.0801
40282,0.1064,0.2754,1.0671,-30.4902,27.9766,12.8594
40305,0.1869,0.308,1.1366,-33.7148,43.0684,4.9941
40328,0.0394,0.2684,1.0579,-36.043,51.3984,0.1445
40351,-0.0771,0.2229,1.0693,-39.7539,59.9453,-5.5312
40374,0.0272,0.249,1.1851,-42.3809,62.4004,-7.6016
40397,0.0638,0.2096,1.1785,-46.3066,60.6934,-7.541
40420,0.0385,0.1519,1.1334,-49.75,52.793,-3.7949
40443,0.0446,0.1708,1.0856,-51.5391,44.793,0.4375
40466,0.0836,0.2115,1.067,-53.1758,30.4863,8.6309
40489,0.0251,0.1348,0.975,-53.4902,20.5391,14.793
40512,0.0803,0.0782,0.9856,-52.9746,6.5684,24.2207
40535,0.1367,0.0638,0.9543,-51.7402,-5.0547,32.8652
40558,0.1121,0.0326,1.021,-50.7969,-11.1172,37.7012
40581,0.1147,0.0291,1.1066,-49.4492,-17.3633,43.1875
40604,0.1145,-0.0922,1.0695,-48.627,-19.6387,45.6992
40627,0.1359,-0.1278,1.0402,-47.5898,-20.8027,48.3301
40650,0.1428,-0.0199,1.1,-46.9922,-20.4746,50.6621
40673,0.0953,0.0283,1.0127,-45.5957,-19.9883,52.5039
40696,0.0649,-0.0402,0.9316,-42.2266,-18.6719,55.5508
40719,0.1173,0.0128,1.0244,-38.1309,-16.6152,57.1465
40742,0.1135,0.0818,1.0313,-28.5176,-10.252,57.5195
40765,0.0717,0.038,0.9574,-19.9453,-3.5254,55.9805
40788,0.0221,-0.0547,0.8671,-5.4102,9.4043,51.3379
40811,0.1411,-0.0157,1.0222,8.2598,23.3496,45.4336
40834,0.1868,-0.0649,0.981,15.4961,31.5391,41.7969
40857,0.1713,-0.0637,1.0219,22.3594,40.1953,37.957
40880,0.1396,0.0714,1.0923,24.1699,43.1035,36.877
40903,0.0909,0.0348,1.0656,23.5391,43.5566,37.6758
40926,0.0881,-0.0023,1.0714,20.5352,40.9727,40.7988
40949,0.1134,0.0238,1.1066,18.1758,38.7324,43.5391
40972,0.1318,0.1492,1.0839,15.2207,36.1016,47.7441
40995,0.1174,0.0854,0.9191,13.9102,35.3672,50.3633
41018,-0.0046,0.0955,0.9042,12.5859,36.0195,54.1211
41041,0.0723,0.1472,0.958,11.1777,38.2988,58.0645
41064,0.1527,0.1376,0.8823,9.7617,40.1445,60.832
41087,-0.0253,0.0559,0.7557,6.2227,42.2305,63.998
41110,0.0051,0.0138,0.7976,2.498,42.623,63.998
41133,0.0732,0.0306,0.8433,-5.4434,41.1973,63.998
41156,0.0098,-0.0098,0.8804,-12.127,38.7168,63.998
41179,0.0385,-0.1193,0.8253,-23.5664,32.8535,63.998
41202,-0.1638,-0.2816,0.8701,-35.6855,25.3184,63.998
41225,-0.1177,-0.3115,1.0466,-43.3125,20.1426,63.998
41248,0.412,0.0637,1.0634,-52.3848,13.0684,63.998
41271,0.1943,0.0734,1.1072,-56.0566,8.7949,63.998
41294,-0.0753,-0.0682,0.9951,-57.5996,2.8223,63.998
41317,-0.2222,-0.1979,1.0707,-54.9707,-1.9961,63.998
41340,-0.0961,-0.208,1.0288,-51.4512,-4.0059,63.998
41363,0.0625,-0.1057,1.1222,-44.3906,-4.9785,63.998
41386,-0.0435,-0.1012,1.0547,-38.9219,-4.5312,63.998
41409,-0.0903,-0.0206,1.0361,-30.248,-2.8418,63.998
41432,-0.1145,-0.0498,0.9642,-21.8516,-0.5352,63.998
41455,-0.1462,-0.0623,0.9653,-16.8613,1.0508,63.998
41478,-0.0251,0.0173,1.0271,-10.6953,3.0996,62.1563
41501,-0.0299,0.0522,1.0389,-7.5176,3.9805,59.4668
41524,-0.0825,0.0902,1.0538,-4.1719,4.2598,55.291
41547,-0.0359,0.0419,1.0574,-2.9102,3.7305,51.0684
41570,-0.0774,-0.0446,1.0245,-2.5059,1.9238,48.2773
41593,-0.0474,-0.1073,0.9833,-3.8437,-0.9512,44.0859
41616,-0.0074,-0.0347,1.0121,-5.6191,-3.3145,41.2305
41639,-0.0081,-0.0356,1.0958,-9.2637,-7.2754,36.7871
41662,0.0116,-0.0023,1.0376,-12.0645,-10.0566,33.7441
41685,0.168,-0.0029,0.965,-16.4648,-14.2852,29.1875
41708,-0.0277,0.0157,1.1255,-20.6816,-18.4395,24.8477
41731,0.2261,0.05,1.0422,-22.998,-21.002,22.2637
41754,0.0107,-0.0238,1.0211,-25.2012,-24.8379,19.0664
41777,0.2825,-0.0356,1.0115,-25.6445,-27.7305,17.4395
41800,0.2023,-0.1389,0.9966,-24.7676,-32.3438,15.4219
41823,0.1344,-0.1819,1.0544,-22.459,-36.457,13.4648
41846,0.0988,-0.2278,1.0957,-20.4922,-38.2344,12.1074
41869,0.1431,-0.1924,1.0977,-17.4727,-38.5156,9.8145
41892,0.1638,-0.2418,0.9866,-15.7324,-36.8613,7.916
41915,0.1484,-0.3029,1.0414,-14.0801,-31.791,4.1836
41938,0.1527,-0.3309,1.0208,-13.7871,-24.0352,-0.8008
41961,0.145,-0.2882,1.0062,-14.416,-18.6582,-4.8184
41984,0.0753,-0.2542,0.9858,-15.6895,-9.8711,-11.6699
42007,0.0759,-0.2266,0.981,-16.4375,-4.3672,-16.5
42030,0.1002,-0.2181,1.007,-16.8008,2.6172,-23.4805
42053,0.0703,-0.1694,1.0225,-16.2617,6.0781,-27.5898
42076,0.0886,-0.1864,1.0156,-14.0039,9.1562,-32.502
42099,0.1334,-0.1958,1.0469,-10.0312,9.7246,-35.7012
42122,0.1647,-0.1749,1.0336,-6.5762,8.8574,-36.9473
42145,0.0985,-0.1677,1.0176,-0.457,6.0508,-37.7871
42168,0.0968,-0.1288,1.0455,4.0859,3.4961,-37.8867
42191,0.1626,-0.0723,1.0582,11.4082,-0.7187,-37.9824
42214,0.2219,0.0095,1.0122,19.1875,-4.998,-39.1621
42237,0.1061,-0.2327,0.9229,24.3516,-7.7402,-41.1738
42260,0.0734,-0.0781,0.9463,31.2773,-10.4941,-46.5391
42283,0.1001,-0.0344,1.0072,35.1836,-10.5371,-51.6914
42306,0.0457,-0.0017,1.0382,40.584,-7.5215,-61.2148
42329,0.0876,0.1506,1.0348,46.918,-1.541,-64.0
42352,0.182,0.2819,1.0157,51.1172,3.5098,-64.0
42375,0.0186,0.2286,0.9248,58.8027,11.4258,-64.0
42398,-0.1578,0.1718,0.9111,63.8555,16.1797,-64.0
42421,-0.0573,0.1875,0.9354,63.998,21.9922,-64.0
42444,0.0575,0.1775,0.8065,63.998,25.0,-64.0
42467,-0.0433,0.1121,0.7207,63.998,28.4395,-64.0
42490,-0.0609,0.1179,0.7029,63.998,31.1719,-64.0
42513,-0.0366,0.2046,0.787,63.998,32.9785,-64.0
42536,-0.0662,0.2509,0.911,63.998,36.0293,-64.0
42559,-0.092,0.3591,0.823,63.998,38.5234,-64.0
42582,-0.0964,0.4542,0.7614,63.998,43.4902,-64.0
42605,-0.1914,0.4479,0.6737,63.998,50.541,-60.957
42628,-0.3007,0.4032,0.5892,63.998,56.7305,-58.0703
42651,-0.2947,0.5253,0.5682,63.998,63.998,-52.1094
42674,-0.4362,0.776,0.5399,63.998,63.998,-46.6934
42697,-0.6598,0.7554,0.431,63.998,63.998,-35.7754
42720,-0.6198,0.6354,0.2697,63.998,63.998,-21.2129
42743,-0.4674,0.7072,0.3193,63.998,63.998,-9.8945
42766,-0.4431,0.8173,0.4055,63.998,63.998,8.1328
42789,-0.6823,0.8147,0.2703,63.998,63.998,20.1582
42812,-0.5104,0.8013,0.2505,63.998,63.998,37.4434
42835,-0.1881,0.8281,0.6506,63.998,63.998,47.9785
42858,-0.2236,0.9628,0.7239,63.998,63.998,61.1973
42881,-0.3743,0.9004,0.5817,58.4727,57.4277,63.998
42904,-0.2852,0.7552,0.355,55.627,34.4531,63.998
42927,-0.2162,0.7834,0.3429,52.8281,2.3125,63.998
42950,-0.2998,0.921,0.4342,50.9141,-14.9473,63.998
42973,-0.399,0.8236,0.3961,47.2461,-31.6621,63.998
42996,-0.1715,0.7539,0.3757,42.6191,-36.1543,63.998
43019,0.0167,0.8485,0.3123,39.1211,-32.959,63.998
43042,-0.2017,0.8906,0.2295,33.6426,-21.5977,63.998
43065,-0.2673,0.8457,0.3027,30.166,-11.4238,63.998
43088,-0.1522,0.8748,0.3212,25.8906,5.084,58.4766
43111,-0.1854,0.8621,0.2036,23.2422,20.4336,50.7285
43134,-0.2948,0.8153,0.0721,22.3184,28.9707,45.2871
43157,-0.3394,0.7827,0.2186,21.9023,38.5508,36.582
43180,0.052,0.8306,0.392,22.3418,42.7656,30.2617
43203,0.0398,0.771,0.2705,24.4941,45.9023,19.5391
43226,-0.1816,0.6757,0.1201,26.875,46.0645,7.6738
43249,-0.2465,0.7098,0.0859,31.0137,44.3008,0.1445
43272,-0.2156,0.7532,-0.0193,34.6699,41.5938,-8.6055
43295,-0.1471,0.8009,0.0483,36.4941,39.9473,-11.9746
43318,-0.1553,0.9453,0.139,38.332,38.0645,-12.918
43341,-0.1327,0.9827,0.038,39.0918,37.0645,-11.0195
43364,-0.1508,0.8136,-0.0861,39.6465,35.7227,-5.4883
43387,-0.0975,0.7406,-0.0692,39.3398,34.4316,1.4316
43410,-0.0458,0.8375,0.0967,38.5586,33.4082,5.9141
43433,-0.184,0.9347,0.0823,36.5859,31.1152,11.6621
43456,-0.1487,0.7855,-0.0054,34.916,28.9512,14.6504
43479,-0.0632,0.652,-0.0504,32.3164,25.0527,17.6758
43502,-0.1613,0.813,0.0133,30.1973,21.1328,18.9121
43525,-0.0728,0.8392,0.0088,29.3691,18.9785,18.9355
43548,-0.1403,0.8137,-0.1202,29.2891,16.9863,18.3047
43571,-0.0564,0.7781,-0.1233,30.0098,16.6953,17.7617
43594,-0.1273,0.8116,-0.1658,31.9473,17.8066,17.2246
43617,0.0049,0.8633,-0.0959,33.5352,20.375,17.3438
43640,-0.0232,0.8456,-0.1506,35.8457,22.3027,17.8242
43663,0.0244,0.7981,-0.1531,37.4961,25.0352,18.9648
43686,0.0046,0.8613,-0.1553,38.0,26.3809,19.8438
43709,-0.0043,0.8386,-0.2118,37.7148,27.4434,21.0781
43732,0.0205,0.8456,-0.1504,36.832,27.5039,21.7285
43755,0.0151,0.7783,-0.2074,34.5801,26.6953,22.3242
43778,0.0157,0.8324,-0.153,31.459,24.9727,22.3848
43801,0.032,0.7554,-0.1951,29.0469,23.4219,22.1387
43824,-0.0015,0.7906,-0.1743,25.1328,20.6816,21.4277
43847,0.0453,0.7948,-0.2245,22.4063,18.7324,20.8105
43870,0.0706,0.866,-0.1757,18.1992,15.8359,19.8184
43893,0.0686,0.8601,-0.2111,13.8672,13.0977,18.9395
43916,0.0574,0.7784,-0.2251,10.9297,11.3887,18.4902
43939,0.0674,0.8463,-0.168,6.4844,8.9551,18.0391
43962,0.0757,0.8105,-0.175,3.5059,7.332,17.8672
43985,0.087,0.7808,-0.1614,-0.959,4.7363,17.7129
44008,0.0878,1.0493,-0.2688,-3.9277,1.8145,17.5352
44031,0.1337,0.7699,-0.1937,-8.3633,-0.3789,17.3262
44054,0.1198,0.8365,-0.1556,-12.7871,-4.1504,16.7109
44077,0.0897,0.8151,-0.152,-15.7871,-6.9062,15.9844
44100,0.0682,0.8411,-0.1519,-20.5508,-10.9766,14.2441
44123,0.0388,0.8488,-0.1622,-24.0508,-13.3496,12.6191
44146,-0.0027,0.8252,-0.1373,-30.248,-16.1094,9.6211
44169,0.1536,0.7701,-0.0802,-38.5586,-18.3574,6.4043
44192,0.191,0.7334,0.0493,-45.8125,-20.377,4.5
44215,0.17,0.7424,0.1118,-59.3906,-25.5625,2.6562
44238,0.0831,0.7468,0.2374,-64.0,-30.7813,2.5469
44261,-0.0422,0.7894,0.4999,-64.0,-40.5879,4.8555
44284,0.1088,0.947,0.6019,-64.0,-50.6348,10.5234
44307,0.2411,0.821,0.4875,-64.0,-56.0508,15.6816
44330,0.1707,0.6906,0.5249,-64.0,-60.7227,23.8301
44353,0.168,0.6528,0.722,-64.0,-61.1934,28.5742
44376,0.1891,0.7368,0.7562,-64.0,-58.168,33.5332
44399,0.1504,0.826,0.7798,-64.0,-51.7676,35.1602
44422,0.3004,0.5856,0.6584,-64.0,-46.5352,34.2305
44445,0.2775,0.3252,0.6599,-64.0,-38.666,29.8535
44468,0.1415,0.4163,0.7043,-64.0,-33.8398,25.0977
44491,0.1562,0.3148,0.7035,-64.0,-27.2656,15.8281
44514,0.3018,0.2762,0.771,-64.0,-23.2656,8.6895
44537,0.1831,0.4644,0.9049,-64.0,-17.75,-2.7344
44560,0.202,0.6425,1.037,-64.0,-12.7383,-13.8633
44583,0.1708,0.5189,0.8898,-64.0,-9.7305,-20.3457
44606,0.1482,0.4402,0.7578,-64.0,-5.7559,-27.8379
44629,0.1294,0.5398,0.7577,-47.3438,-3.4414,-31.1855
44652,0.179,0.5613,0.7036,-17.9785,-0.3711,-33.9453
44675,0.1556,0.4537,0.549,10.5039,2.4043,-34.6309
44698,0.1488,0.399,0.5406,28.0293,4.2754,-34.3086
44721,-0.0073,0.4767,0.5389,51.4336,7.5664,-33.0195
44744,-0.1453,0.6282,0.3932,63.998,10.3652,-31.6543
44767,-0.136,0.666,0.3627,63.998,15.5781,-28.6543
44790,0.0468,0.6876,0.4706,63.998,20.959,-24.4199
44813,0.1749,0.7115,0.4911,63.998,23.6172,-21.1602
44836,0.1559,1.0139,0.7595,63.998,24.7188,-16.2148
44859,0.1477,1.1501,0.5924,63.998,22.9961,-13.1289
44882,0.1378,1.0906,0.585,63.998,16.541,-9.2402
44905,0.0839,0.9922,0.4631,63.998,9.6777,-6.9551
44928,0.0975,0.7915,0.5027,63.998,-4.4141,-6.5957
44951,0.098,0.6833,0.4014,63.998,-22.6563,-8.5488
44974,0.0898,0.5631,0.3997,59.293,-36.6543,-11.4531
44997,0.0586,0.4851,0.5615,36.4492,-59.1719,-17.7246
45020,0.0405,0.5851,0.5436,19.4238,-64.0,-22.9863
45043,0.0829,0.5901,0.3358,-7.6582,-64.0,-32.9121
45066,0.0801,0.5209,0.4105,-34.8926,-64.0,-45.9004
45089,0.1281,0.5824,0.4985,-51.9961,-64.0,-56.2207
45112,0.2064,0.7823,0.5033,-64.0,-64.0,-64.0
45135,0.1348,0.7423,0.6484,-64.0,-64.0,-64.0
45158,-0.1104,0.6627,0.6796,-64.0,-64.0,-64.0
45181,-0.0963,0.6045,0.6383,-64.0,-64.0,-64.0
45204,-0.0784,0.5431,0.5968,-64.0,-56.6406,-64.0
45227,-0.1355,0.5746,0.6707,-64.0,-33.1035,-64.0
45250,-0.2484,0.1853,0.8383,-64.0,-21.8477,-64.0
45273,-0.1429,0.2872,0.8378,-64.0,-14.8945,-64.0
45296,-0.0824,0.6866,0.85,-63.3047,-17.5039,-39.0586
45319,-0.0203,0.5382,0.8912,-50.4844,-30.8125,-24.252
45342,0.0601,0.469,0.7355,-36.7617,-50.6953,-9.9023
45365,-0.1161,0.7892,0.647,-27.9688,-64.0,-6.7891
45388,-0.1997,0.92,0.6555,-17.0371,-64.0,-11.8281
45411,-0.0684,0.6353,0.6731,-11.7969,-64.0,-20.5879
45434,0.1683,0.5212,0.7485,-6.9941,-64.0,-38.5723
45457,0.2263,0.616,0.5942,-6.0645,-64.0,-58.2148
45480,0.2582,0.4703,0.4603,-8.0059,-64.0,-64.0
45503,0.3418,0.5161,0.4918,-14.5234,-64.0,-64.0
45526,0.41,0.6794,0.637,-20.3008,-64.0,-64.0
45549,0.2365,0.6265,0.6416,-28.1445,-64.0,-64.0
45572,-0.0374,0.4808,0.6071,-31.0137,-64.0,-64.0
45595,-0.0402,0.5667,0.5789,-28.6406,-64.0,-64.0
45618,-0.0436,0.8572,0.5945,-18.2129,-64.0,-64.0
45641,-0.0072,0.913,0.714,-7.4316,-64.0,-64.0
45664,-0.1118,0.8052,0.8414,11.8027,-64.0,-64.0
45687,-0.1171,0.66,0.5416,24.3457,-64.0,-64.0
45710,-0.1531,0.6416,0.5898,38.1113,-64.0,-64.0
45733,-0.0514,0.75,0.5812,41.8672,-64.0,-64.0
45756,-0.1536,0.6705,0.6307,38.0625,-64.0,-64.0
45779,-0.108,0.5607,0.7155,24.0,-64.0,-64.0
45802,0.1901,0.6434,0.6265,10.459,-64.0,-64.0
45825,0.1332,0.6855,0.6311,-13.4141,-64.0,-64.0
45848,-0.0336,0.616,0.6971,-38.4824,-64.0,-64.0
45871,-0.1793,0.4856,0.7505,-54.1816,-64.0,-64.0
45894,-0.2345,0.4388,0.7699,-64.0,-64.0,-64.0
45917,-0.0869,0.6135,0.6718,-64.0,-55.1973,-64.0
45940,-0.3336,0.4807,0.7733,-64.0,-27.1367,-64.0
45963,-0.2462,0.4387,0.7865,-64.0,7.3828,-63.6875
45986,-0.244,0.5858,0.875,-64.0,31.125,-62.4258
46009,-0.3939,0.6211,0.8286,-64.0,63.2715,-59.1875
46032,-0.3678,0.5179,0.7592,-64.0,63.998,-55.5273
46055,-0.2798,0.403,0.7856,-64.0,63.998,-46.6172
46078,-0.2789,0.4486,0.8334,-64.0,63.998,-32.7305
46101,-0.2612,0.4258,0.8855,-64.0,63.998,-20.7754
46124,-0.1516,0.4301,0.7828,-64.0,63.998,0.1035
46147,-0.0931,0.359,0.7719,-63.5625,48.8984,15.0352
46170,0.0925,0.2423,0.8121,-56.4844,15.3926,37.1621
46193,0.1359,0.4717,0.9818,-52.8516,-7.3047,50.6172
46216,-0.1307,0.6871,0.984,-48.666,-37.459,63.998
46239,-0.0814,0.6033,0.8818,-44.9043,-58.5137,63.998
46262,-0.1249,0.4135,0.887,-41.9219,-64.0,63.998
46285,0.066,0.5265,1.0356,-35.7832,-64.0,63.998
46308,0.1736,0.5509,1.0851,-30.1719,-64.0,63.998
46331,0.1456,0.4548,1.0243,-19.3594,-62.4395,63.998
46354,0.1821,0.3323,0.9688,-6.6719,-51.6602,63.998
46377,0.0057,0.2965,1.0659,1.9102,-42.9922,63.998
46400,0.1906,0.2838,0.9403,13.7051,-29.5938,63.998
46423,0.4436,0.2024,0.7059,20.2168,-21.5566,63.998
46446,0.3158,0.2533,0.7113,27.0898,-12.084,63.998
46469,-0.0115,0.5552,1.0125,30.8184,-5.3926,59.6816
46492,0.0107,0.4198,1.0007,32.5645,-1.834,55.8887
46515,0.2434,0.3247,0.6766,35.4473,2.5176,49.5059
46538,0.1002,0.2332,0.6194,37.6641,4.6133,44.6191
46561,0.0831,0.4271,0.5834,41.3027,6.9062,36.0195
46584,0.2693,0.4812,0.403,44.1953,8.4766,26.0137
46607,-0.0685,0.5966,0.6736,50.2129,11.6328,19.5176
46630,-0.3732,0.686,0.8167,59.2246,15.4336,11.6797
46653,0.1453,0.5912,0.4113,63.998,17.7461,8.9297
46676,0.1876,0.6838,0.5208,63.998,20.2715,8.4473
46699,0.0441,0.7269,0.337,63.998,21.5098,9.668
46722,0.162,0.7574,0.4799,63.998,23.5996,12.1152
46745,0.1602,0.473,0.179,63.998,26.4121,13.8184
46768,0.2792,0.4891,0.2275,63.998,28.502,14.084
46791,0.271,0.7743,0.4159,63.998,31.4668,13.0937
46814,0.2971,0.7588,0.2108,63.998,33.0801,11.6953
46837,0.1064,0.9203,0.2563,63.998,34.7305,9.1621
46860,0.0704,0.9426,0.2544,63.998,35.4746,7.0762
46883,0.2039,0.8011,0.3289,63.998,35.502,6.2871
46906,0.1088,1.0645,0.3986,63.998,34.5977,5.8242
46929,0.1266,1.0747,0.3961,63.998,32.9668,5.5
46952,0.1056,0.7496,0.3567,57.1699,27.9414,4.0137
46975,0.0989,0.7841,0.355,45.8809,22.6074,0.7363
46998,0.0292,0.7894,0.3823,28.6895,12.584,-2.4414
47021,-0.0382,0.7864,0.3715,12.2988,2.3613,-8.291
47044,-0.0493,0.7935,0.3906,2.3535,-3.5176,-12.4648
47067,-0.105,0.8517,0.3683,-10.7539,-10.1973,-17.9707
47090,-0.0791,0.8174,0.3451,-18.4141,-13.1016,-20.2383
47113,0.1002,0.7705,0.37,-28.9473,-15.1289,-19.8359
47136,0.1249,0.9819,0.5654,-39.3906,-14.5,-13.2656
47159,0.4863,1.2059,0.8573,-46.8203,-12.9316,-5.2227
47182,0.7854,0.9363,0.4376,-59.1523,-10.2363,11.0312
47205,0.2568,0.7955,0.8003,-64.0,-9.3184,23.4316
47228,0.3323,0.5569,0.718,-64.0,-10.6973,42.7676
47251,0.4949,0.3888,0.5625,-64.0,-15.3984,60.6113
47274,0.4435,0.3162,0.6101,-64.0,-19.5234,63.998
47297,0.307,0.2363,0.4463,-64.0,-25.1582,63.998
47320,0.2275,0.3466,0.5575,-64.0,-27.2969,63.998
47343,0.1978,0.2104,0.4186,-64.0,-26.3594,63.998
47366,-0.0232,0.3672,0.6558,-64.0,-19.9492,51.2676
47389,0.026,0.4343,0.473,-46.4727,-11.9941,37.0313
47412,0.1224,0.3492,0.3942,-9.4883,2.0801,12.9199
47435,0.0194,0.4209,0.3768,16.5293,12.123,-3.9414
47458,-0.0477,0.4589,0.1555,53.6855,26.334,-28.543
47481,-0.3129,0.7247,0.3804,63.998,34.3027,-43.2168
47504,0.1156,0.8617,0.2441,63.998,42.5684,-60.541
47527,0.135,1.1,0.6036,63.998,45.0469,-64.0
47550,0.0896,1.8865,0.5101,63.998,43.1836,-64.0
47573,-0.1035,0.7837,0.1943,63.998,35.6582,-64.0
47596,-0.0012,0.9136,0.3909,63.998,28.5,-64.0
47619,-0.1841,0.813,0.3436,63.998,16.8379,-56.7813
47642,0.0815,0.7744,0.3591,62.6836,6.1699,-42.6172
47665,-0.0601,0.7999,0.3541,41.4609,0.1758,-33.168
47688,-0.04,0.7885,0.2632,11.7227,-7.0664,-20.3945
47711,0.0968,0.8281,0.291,-5.0625,-10.918,-12.8281
47734,0.2172,0.8573,0.2871,-24.3379,-15.9492,-2.0098
47757,0.2119,0.906,0.4313,-36.1465,-21.5234,9.5723
47780,0.2187,0.8748,0.5919,-40.75,-26.2285,18.2578
47803,0.2413,0.6475,0.3551,-43.0352,-34.3848,32.6328
47826,0.1704,0.7639,0.2936,-43.2363,-39.3008,42.5469
47849,0.2731,0.6931,0.5696,-44.3594,-43.1426,56.4727
47872,0.3383,0.59,0.5408,-46.3262,-42.6367,63.998
47895,0.3268,0.6575,0.6583,-50.6074,-37.7969,63.998
47918,0.3621,0.5924,0.6941,-55.041,-29.375,63.998
47941,0.2971,0.6588,0.8004,-57.3379,-22.6035,63.998
47964,0.2766,0.4753,0.829,-59.3516,-11.3105,63.998
47987,0.1428,0.2972,0.876,-59.9551,-2.7676,60.5664
48010,0.1361,0.2804,0.8207,-60.7168,12.5723,45.2109
48033,0.2747,0.2395,0.6166,-62.6719,31.5059,25.1465
48056,0.0836,0.2865,0.6062,-64.0,45.6816,9.9902
48079,-0.2882,0.2677,0.6571,-64.0,63.998,-12.4277
48102,-0.251,0.3944,0.6447,-64.0,63.998,-25.082
48125,-0.0492,0.476,0.4568,-64.0,63.998,-38.6387
48148,0.1029,0.536,0.5103,-64.0,63.998,-46.0195
48171,0.2648,0.5096,0.6945,-64.0,63.998,-48.1543
48194,0.0885,0.6453,0.9153,-64.0,63.998,-47.3418
48217,0.1478,0.7919,1.1362,-64.0,63.998,-43.5938
48240,0.0854,0.6006,0.9387,-64.0,56.4805,-32.4102
48263,0.01,0.5287,0.9641,-58.4063,39.4473,-21.7773
48286,-0.1028,0.5916,0.8591,-45.5059,17.0313,-3.6016
48309,-0.1102,0.4622,0.8721,-35.2559,3.3301,13.4492
48332,-0.0294,0.4135,0.8605,-30.5059,-0.3418,22.4355
48355,0.012,0.3948,0.8304,-26.6836,0.0801,30.9609
48378,0.0411,0.4061,0.8988,-26.1582,2.2246,33.2109
48401,-0.047,0.4022,0.9208,-27.8164,5.0195,32.0664
48424,0.0193,0.3534,1.0032,-31.5547,5.1445,27.0137
48447,0.1128,0.3092,1.1503,-34.6992,3.3809,22.5625
48470,0.0793,0.3323,1.0844,-39.375,-1.4512,15.8711
48493,0.0349,0.3759,1.0144,-41.543,-5.2695,12.0098
48516,0.0408,0.3971,0.9185,-41.4824,-10.0078,7.4687
48539,-0.0128,0.4573,0.7671,-35.7676,-11.6484,4.207
48562,-0.0642,0.5623,0.6782,-28.7188,-10.5293,2.4766
48585,-0.031,0.7037,0.7546,-14.9707,-6.2773,0.1719
48608,0.1,0.8026,1.4598,-5.4102,-2.873,-1.1992
48631,-0.0631,0.4484,0.9355,6.1738,1.0156,-2.5391
48654,0.0023,0.285,0.9294,9.9785,2.1289,-2.1328
48677,-0.1127,0.2576,1.0306,7.2539,1.5742,-0.6367
48700,0.0886,0.184,1.1036,-5.4277,-0.4531,2.9687
48723,0.1107,0.118,1.0046,-17.9004,-1.7754,5.6738
48746,-0.1184,0.0247,0.8036,-39.5898,-2.9746,9.5117
48769,-0.0253,0.0846,1.1243,-54.3711,-3.209,12.0078
48792,0.1078,0.1355,1.2272,-64.0,-2.9668,15.9746
48815,0.0996,0.1641,1.156,-64.0,-2.1855,20.0996
48838,0.0024,0.0708,0.9545,-64.0,-1.2734,22.8887
48861,-0.1185,0.0363,0.921,-64.0,0.7305,27.6035
48884,0.0233,-0.0532,0.8745,-64.0,2.3125,31.5195
48907,0.0634,-0.2239,0.7104,-64.0,4.5156,38.6992
48930,-0.0143,-0.1897,0.5942,-64.0,6.3691,46.3809
48953,0.0973,-0.1144,0.5736,-64.0,7.8164,50.752
48976,0.1887,-0.0459,0.5593,-59.8184,10.9121,54.5547
48999,0.2944,0.2333,0.9615,-43.8027,13.5449,54.582
49022,0.27,0.262,0.5803,-14.0703,17.6328,50.5273
49045,-0.0764,0.2976,0.4976,8.0898,20.8262,42.6484
49068,0.0022,0.3121,0.6387,40.6855,20.9492,36.6211
49091,0.5442,0.4077,1.1299,63.998,17.6797,28.1621
49114,0.5797,0.2867,1.035,63.998,12.2559,23.1914
49137,0.0935,0.266,0.8617,63.998,-0.7617,16.7773
49160,-0.1216,0.3273,0.8759,63.998,-11.7891,13.4805
49183,-0.0865,0.4958,1.2109,63.998,-29.2852,10.1914
49206,0.1886,0.4474,1.166,63.998,-44.543,7.1719
49229,0.3455,0.3247,0.6989,57.7598,-51.7109,3.6016
49252,-0.3297,0.3605,0.9653,43.2969,-56.2305,-5.5039
49275,-0.0896,0.8271,1.2598,35.2891,-54.7754,-13.4141
49298,0.0604,0.33,0.9436,26.3652,-46.2891,-25.8613
49321,0.0906,0.2463,0.8346,20.2383,-32.25,-36.6699
49344,-0.082,0.4321,0.9707,16.8594,-21.3086,-41.8887
49367,-0.0731,0.4542,0.9298,12.2129,-4.418,-45.6855
49390,0.1152,0.3417,0.9774,9.3242,6.0742,-45.2988
49413,0.0634,0.3655,0.9824,5.3027,18.7422,-40.6309
49436,0.0604,0.3713,0.9445,2.957,26.627,-32.3691
49459,0.0579,0.3552,0.9149,0.3652,29.3496,-25.9551
49482,-0.0066,0.3781,0.8892,-0.5488,30.6113,-16.8184
49505,-0.1089,0.4825,0.8008,0.0137,30.4102,-12.0527
49528,-0.1187,0.4973,0.7374,2.6484,30.0859,-8.0937
49551,-0.1562,0.4578,0.8152,5.3008,30.4199,-7.7656
49574,-0.0469,0.4048,0.8893,9.3828,31.5293,-9.9316
49597,0.0499,0.356,1.1097,11.4551,31.6816,-13.1836
49620,-0.0084,0.3718,1.0936,10.7949,30.2832,-14.7441
49643,-0.0568,0.429,1.0074,6.9453,25.7012,-15.1719
49666,-0.0396,0.4901,0.9438,3.4727,21.6055,-14.1523
49689,-0.1021,0.494,0.7266,-0.9609,15.6641,-11.2715
49712,-0.0906,0.5249,0.6218,-2.9941,12.1191,-7.9043
49735,-0.1808,0.6459,0.6844,-3.0527,11.7148,-6.0215
49758,-0.3374,0.6113,1.0122,-1.8203,13.6934,-4.4492
49781,-0.576,0.493,0.8469,-0.4062,16.0273,-4.498
49804,-0.0801,0.3904,0.7095,2.2617,19.873,-7.0625
49827,-0.3181,0.3798,0.8763,5.8965,23.6289,-14.332
49850,-0.2043,0.3153,0.8356,8.668,26.3086,-22.3105
49873,-0.2941,0.2191,0.5691,14.752,31.1328,-38.3125
49896,-0.2994,0.243,0.6366,19.5449,34.8164,-50.4277
49919,-0.1136,0.427,0.8521,26.6953,39.6855,-64.0
49942,-0.1804,0.5814,0.9408,30.6602,41.0371,-64.0
49965,-0.0728,0.4648,0.6953,33.8047,37.2305,-64.0
49988,-0.1417,0.4933,0.78,31.5313,23.8828,-64.0
50011,-0.1681,0.0664,0.5582,26.4102,9.4863,-64.0
50034,0.3602,0.2242,0.8578,14.168,-18.5918,-39.8418
50057,0.2257,0.3932,0.9645,4.7246,-39.7012,-19.0195
50080,0.0221,0.55,1.1337,-6.8691,-64.0,12.5
50103,-0.1077,0.6376,0.9937,-10.7559,-64.0,38.9219
50126,0.0303,0.2689,0.9742,-8.2383,-64.0,51.834
50149,0.0475,0.2511,0.9847,1.2695,-64.0,63.2012
50172,0.1042,0.2562,0.9208,9.6113,-64.0,63.998
50195,0.1689,0.3568,0.8429,21.9434,-64.0,62.2422
50218,-0.0759,0.3809,0.92,30.8145,-38.082,53.2461
50241,0.5095,0.2926,0.8302,33.5918,-18.9395,45.7598
50264,0.0736,0.5024,0.7881,32.2539,6.4863,34.7598
50287,0.0304,0.5728,0.8037,27.7324,19.6953,29.0352
50310,-0.0579,0.5188,0.8188,16.4219,32.6191,24.7598
50333,0.0961,0.476,0.8182,6.8223,36.5801,25.5176
50356,0.1914,0.5038,0.7467,-8.7715,36.2891,28.8633
50379,0.178,0.584,0.7629,-23.7539,30.3223,34.3027
50402,-0.0308,0.5673,0.7777,-32.541,24.4004,37.5117
50425,0.1243,0.6127,0.7963,-43.1445,14.2793,40.5742
50448,0.0396,0.6448,0.8429,-48.3496,7.2793,41.123
50471,0.198,0.5927,1.0768,-53.4766,-3.3457,39.5566
50494,0.3572,0.418,0.9586,-55.8164,-13.918,35.1836
50517,0.2166,0.4135,0.9733,-56.3477,-20.5117,30.8613
50540,0.1455,0.3005,0.9255,-56.8828,-28.9121,23.2031
50563,0.2532,0.2522,1.0112,-57.8164,-33.2012,18.1055
50586,0.2449,0.1718,0.8894,-60.8145,-37.3301,11.5195
50609,0.1787,0.1971,1.0397,-64.0,-38.5039,6.8672
50632,0.3052,0.193,1.1113,-64.0,-37.6309,4.9551
50655,0.332,0.1313,1.0419,-64.0,-33.9824,3.584
50678,0.1445,0.073,0.9031,-64.0,-30.1914,3.4492
50701,0.1421,0.1163,1.0728,-64.0,-22.9316,4.3125
50724,0.3562,0.093,1.1017,-64.0,-17.3555,6.3691
50747,0.3459,0.0154,1.0532,-64.0,-8.5898,8.2598
50770,0.0796,-0.0723,0.9873,-64.0,-0.5215,12.0
50793,0.1644,-0.0453,1.1903,-64.0,3.8066,15.4219
50816,0.5052,-0.0406,1.3398,-64.0,7.6855,22.252
50839,0.5833,-0.1437,1.1376,-64.0,7.7539,27.7832
50862,0.3131,-0.1639,1.0907,-63.8457,3.3887,37.166
50885,0.2695,-0.2095,1.1461,-54.7871,-4.9883,47.7695
50908,0.5887,-0.0796,1.1727,-49.084,-11.3789,55.4219
50931,0.4548,-0.1641,0.9749,-41.6484,-20.3652,63.998
50954,0.3107,-0.2416,0.9139,-37.8613,-25.1367,63.998
50977,0.3809,-0.2906,0.7634,-34.6504,-28.9336,63.998
51000,0.2622,-0.299,0.7742,-34.7383,-27.3496,63.998
51023,0.1444,-0.2568,0.7635,-36.375,-23.2285,63.998
51046,0.2178,-0.2773,0.7256,-40.2754,-13.4629,63.998
51069,0.2489,-0.2144,0.7352,-43.1777,-5.6035,63.998
51092,0.0493,-0.1644,0.7865,-46.793,6.0703,63.998
51115,0.0504,-0.2545,0.7477,-48.0996,15.4824,63.998
51138,0.2001,-0.1512,0.9536,-47.7129,19.7129,63.998
51161,0.2343,-0.1653,0.9497,-44.1504,22.2539,63.998
51184,0.1021,-0.2152,0.9319,-40.2148,21.2871,63.998
51207,0.1205,-0.2247,1.0171,-32.9863,16.4219,63.998
51230,0.257,-0.3345,0.963,-28.0547,11.5645,63.998
51253,0.2048,-0.4219,0.9537,-21.8789,3.0371,63.998
51276,0.1277,-0.4769,0.9481,-18.4629,-5.7461,63.998
51299,0.2706,-0.4233,0.9662,-18.0391,-11.2266,63.998
51322,0.3826,-0.4856,0.8798,-19.9824,-18.5254,63.998
51345,0.2239,-0.4434,0.9105,-22.5684,-22.8242,61.7637
51368,0.1896,-0.3521,0.9025,-27.2051,-28.6758,51.0586
51391,0.3519,-0.3087,0.8414,-31.1387,-34.6855,41.1934
51414,0.4053,-0.2979,0.8617,-32.6445,-39.6914,35.5195
51437,0.4993,-0.4127,0.801,-32.6953,-49.7754,28.8496
51460,0.54,-0.4941,0.8546,-31.25,-58.293,25.7344
51483,0.6111,-0.4932,0.8589,-27.1914,-64.0,22.8262
51506,0.6118,-0.504,0.8403,-21.5664,-64.0,21.3262
51529,0.5786,-0.5043,0.8378,-17.5684,-64.0,20.6016
51552,0.5758,-0.4335,0.8143,-11.959,-64.0,19.1504
51575,0.578,-0.4425,0.8136,-8.9473,-64.0,17.5332
51598,0.5916,-0.4381,0.8104,-5.9668,-64.0,13.6152
51621,0.5466,-0.3954,0.8208,-4.9922,-64.0,9.8418
51644,0.5443,-0.3319,0.8245,-4.6562,-63.2266,2.3809
51667,0.4917,-0.3887,0.7797,-5.1348,-42.0137,-7.082
51690,0.3411,-0.4094,0.7351,-5.7734,-27.4297,-14.334
51713,0.3451,-0.3665,0.6737,-7.1641,-5.9453,-26.416
51736,0.1932,-0.4664,0.5533,-8.2559,7.4707,-35.2871
51759,0.1283,-0.3818,0.5265,-9.6035,25.0,-49.9258
51782,0.1379,-0.2601,0.6417,-9.082,38.1367,-64.0
51805,0.1862,-0.1946,0.5612,-6.4434,43.9102,-64.0
51828,0.4043,-0.0636,0.592,2.5488,47.7754,-64.0
51851,0.5912,0.1022,0.7784,12.2754,47.2969,-64.0
51874,0.5364,0.149,0.8226,31.9258,42.5664,-64.0
51897,0.588,0.2233,0.8313,55.625,34.3047,-64.0
51920,0.7533,0.5317,0.9609,63.998,27.8359,-64.0
51943,0.8624,0.6565,1.1174,63.998,17.7383,-64.0
51966,0.6166,0.5784,0.9393,63.998,10.8594,-64.0
51989,0.175,0.5153,0.828,63.998,0.5879,-64.0
52012,0.1681,0.6846,0.8259,63.998,-5.5508,-64.0
52035,0.3644,0.7672,0.9153,63.998,-12.2305,-64.0
52058,0.3538,0.8876,1.1295,63.998,-14.9922,-64.0
52081,0.1396,0.6478,0.6444,63.998,-14.6289,-64.0
52104,0.0551,0.7644,0.8278,63.998,-10.6055,-64.0
52127,-0.0131,0.6145,0.7909,63.998,-5.2168,-64.0
52150,0.0624,0.4789,0.8065,63.998,6.4375,-64.0
52173,0.126,0.4156,0.8184,38.6621,19.2734,-64.0
52196,0.1451,0.474,0.8245,16.7754,26.3926,-64.0
52219,0.0873,0.6017,0.7866,-13.125,32.6836,-57.0703
52242,0.1156,0.5198,0.796,-29.6152,33.418,-47.1211
52265,0.1554,0.4263,0.7623,-47.5332,29.5215,-33.0664
52288,0.0555,0.473,0.795,-56.5977,20.875,-21.0039
52311,0.0409,0.501,0.7885,-58.0996,13.6348,-14.4219
52334,0.0479,0.5066,0.7863,-55.2012,2.7402,-6.9648
52357,0.1376,0.4768,0.8285,-51.1094,-3.3086,-3.7324
52380,0.2761,0.4332,0.8331,-43.8555,-8.9121,-1.8438
52403,0.1482,0.4244,0.8457,-39.2598,-9.9941,-3.5234
52426,0.1138,0.5192,0.8065,-33.7676,-8.1348,-6.123
52449,-0.0062,0.5287,0.8217,-30.4063,-3.3809,-10.7988
52472,0.0491,0.4825,0.824,-29.2441,0.6113,-13.5449
52495,0.0947,0.4291,0.8159,-28.5703,6.7676,-16.0449
52518,0.0518,0.4974,0.7965,-28.4609,10.5742,-16.3828
52541,-0.095,0.5422,0.8171,-28.3887,15.6406,-14.8379
52564,0.0391,0.4451,0.8269,-28.2422,19.9961,-10.9414
52587,0.0699,0.4277,0.8689,-28.082,22.4551,-7.2598
52610,0.0516,0.4369,0.876,-27.7754,25.5332,-0.7832
52633,-0.0048,0.4221,0.8348,-27.6094,27.2266,3.7383
52656,-0.0681,0.4274,0.8983,-27.6016,28.998,10.2324
52679,0.0696,0.4082,0.9606,-27.8418,29.2891,15.6719
52702,0.1138,0.3845,0.9581,-27.9727,28.3789,18.2109
52725,-0.0083,0.3608,0.8571,-27.9297,25.2324,19.8438
52748,-0.0101,0.3943,0.9376,-27.748,22.0977,19.5137
52771,0.0568,0.3384,0.9293,-27.3672,16.3457,17.4004
52794,0.0948,0.222,0.8147,-27.125,10.2129,14.0957
52817,0.0848,0.2013,0.8617,-26.8516,6.2891,11.6934
52840,0.0372,0.3331,0.9521,-26.2734,1.4121,8.6055
52863,-0.0482,0.4292,0.9764,-25.2461,-0.8867,7.2109
52886,-0.0444,0.3597,0.9053,-22.2734,-2.3164,6.041
52909,-0.0398,0.2888,0.8019,-19.4785,-1.4668,5.5098
52932,-0.0767,0.3558,0.9031,-14.793,3.1523,4.2988
52955,-0.05,0.3625,0.9291,-10.2656,11.3418,2.1602
52978,-0.0597,0.3718,0.9393,-7.5586,17.625,0.3496
53001,-0.0946,0.3734,0.9513,-4.1309,25.7832,-2.3789
53024,-0.0768,0.3976,0.9636,-2.4023,29.2207,-3.875
53047,-0.0408,0.3698,0.9456,-1.0566,30.5137,-5.2715
53070,-0.0221,0.3638,0.9937,-1.7871,27.207,-5.3379
53093,-0.0315,0.2501,0.861,-3.6758,22.6816,-4.4238
53116,0.012,0.3035,0.9166,-8.6953,13.0352,-1.3164
53139,0.0255,0.3252,0.9753,-13.207,5.2891,1.8711
53162,0.0707,0.312,0.988,-20.7168,-6.9414,7.793
53185,-0.0236,0.2635,0.8882,-25.6309,-18.3301,14.2773
53208,0.0327,0.2611,0.9601,-32.1797,-24.8301,18.5879
53231,0.0854,0.3159,1.0818,-37.123,-32.3184,24.5176
53254,0.0764,0.3165,1.0737,-39.1406,-35.4492,27.6543
53277,0.028,0.2234,0.9303,-40.0039,-36.8691,30.4473
53300,-0.0022,0.2288,1.0623,-39.3496,-35.6406,30.9648
53323,0.105,0.2972,1.1187,-37.1934,-31.1191,30.1152
53346,0.097,0.2289,1.0585,-34.416,-24.584,27.9297
53369,0.0792,0.1919,1.0438,-32.6133,-19.8398,26.0625
53392,0.0658,0.1935,1.052,-30.25,-12.918,23.0273
53415,0.1283,0.2386,1.0393,-28.8359,-8.5586,20.9551
53438,0.079,0.1953,1.0519,-26.75,-2.2949,17.9277
53461,0.031,0.1981,1.0839,-24.6719,3.4941,15.5762
53484,0.1051,0.2107,1.0914,-23.3125,6.8945,14.7441
53507,0.1235,0.2003,1.0414,-21.3555,11.0273,14.7305
53530,0.0895,0.1677,1.067,-20.1855,12.9785,15.4668
53553,0.1033,0.1428,1.0538,-18.7695,14.5254,17.5059
53576,0.1805,0.0461,0.9601,-17.7891,14.4531,20.3242
53599,0.2299,0.0767,0.9744,-17.3789,13.5273,22.4355
53622,0.1033,0.0463,0.9399,-16.8926,10.8008,25.8301
53645,0.0505,0.1088,1.0353,-16.3652,8.2305,28.2949
53668,0.1283,0.1433,1.0251,-14.7715,4.1191,32.2168
53691,0.1257,0.0343,0.8572,-13.1641,1.8867,34.7441
53714,0.1249,0.0409,0.9238,-10.666,0.1641,38.0098
53737,0.1373,0.0825,0.9897,-9.0586,0.748,40.4434
53760,0.0795,0.0167,0.9309,-8.7578,2.2891,41.5957
53783,0.1339,0.0043,0.9294,-9.4805,5.8242,42.6094
53806,0.15,0.0575,0.9691,-10.5723,8.709,42.7168
53829,0.0695,0.0714,0.9742,-12.6289,13.3789,41.9238
53852,0.0533,0.0312,0.9513,-14.6895,17.9668,40.3203
53875,0.0625,0.0447,0.9475,-15.9141,20.7285,39.1035
53898,0.0969,0.0914,1.0331,-17.4316,24.0098,37.4941
53921,0.0687,0.0518,0.963,-18.25,25.373,36.8262
53944,0.0344,0.0153,0.9532,-19.4473,25.8887,36.8867
53967,0.0796,0.0372,1.0295,-20.9414,24.6855,38.4707
53990,0.1519,0.0229,1.015,-22.1543,23.1699,40.2715
54013,0.0654,-0.037,0.9587,-24.3496,20.2461,43.8125
54036,0.037,-0.0376,0.8883,-26.1328,18.1621,46.6387
54059,-0.132,0.0183,0.9244,-29.2656,15.4141,51.4395
54082,-0.0071,0.0585,1.0107,-31.4727,14.0918,56.9121
54105,-0.025,-0.0095,0.8995,-34.4941,12.8887,60.1426
54128,-0.172,0.0033,0.9633,-36.7773,12.2344,63.998
54151,0.1655,0.0552,1.1125,-37.6465,11.9824,63.998
54174,0.1498,-0.0157,1.0692,-37.5137,11.6113,63.998
54197,-0.0238,-0.1006,1.0481,-36.4512,11.168,63.998
54220,-0.006,-0.0797,1.0652,-33.8438,10.1484,62.3828
54243,0.1445,-0.131,0.9795,-30.7148,8.9258,56.7734
54266,0.0291,-0.0707,1.0396,-28.6777,8.0801,52.5938
54289,-0.1823,0.0023,0.9418,-26.0664,6.7793,46.5938
54312,-0.0227,0.0593,1.1852,-24.8379,5.9336,43.3652
54335,0.1641,-0.1105,1.0071,-24.2012,4.5156,40.2891
54358,0.0295,-0.2302,0.9576,-25.9805,2.1602,39.6152
54381,0.0658,-0.2084,0.897,-29.0234,-0.2344,40.5371
54404,-0.0538,-0.1759,0.983,-36.2188,-5.0098,43.5508
54427,0.0564,-0.2924,0.9596,-42.1719,-8.752,46.1699
54450,0.1938,-0.2665,1.0345,-51.4922,-14.916,49.9453
54473,0.1248,-0.1692,1.0969,-57.1797,-21.834,52.2422
54496,0.1281,-0.1705,1.1339,-63.6602,-26.2246,52.4941
54519,0.2271,-0.3351,1.0029,-64.0,-33.002,50.7891
54542,0.1376,-0.4113,0.9653,-64.0,-37.209,48.3105
54565,0.2407,-0.314,0.9559,-64.0,-43.0938,42.9121
54588,0.2953,-0.319,0.9739,-60.6309,-47.1973,38.4668
54611,0.3478,-0.3179,0.9152,-52.4219,-54.3672,30.9707
54634,0.3561,-0.3846,1.0006,-41.4199,-62.5098,23.0898
54657,0.4503,-0.379,0.9551,-33.1777,-64.0,18.0586
54680,0.443,-0.356,0.9459,-20.8066,-64.0,11.5449
54703,0.4186,-0.3296,0.9424,-13.3359,-64.0,8.2031
54726,0.4098,-0.3538,0.9402,-4.2461,-64.0,4.8906
54749,0.3718,-0.2997,0.9108,1.8301,-64.0,3.3652
54772,0.3665,-0.24,0.9161,4.2441,-64.0,3.0254
54795,0.3959,-0.2804,0.9279,5.793,-61.0391,2.9648
54818,0.3956,-0.3057,0.9508,5.7402,-52.082,2.9141
54841,0.4839,-0.3046,0.922,4.5391,-38.123,2.3184
54864,0.4545,-0.2697,0.9225,3.2324,-25.7559,0.5703
54887,0.5232,-0.2272,0.9373,0.8027,-19.2793,-1.457
54910,0.506,-0.2678,0.771,-1.9883,-12.625,-5.957
54933,0.3263,-0.2271,0.9365,-3.9531,-9.8164,-9.9141
54956,0.2455,-0.2618,0.8547,-6.5098,-6.6738,-17.0957
54979,0.3722,-0.3569,0.7671,-7.5488,-4.6836,-22.6738
55002,0.4821,-0.3622,0.7609,-7.666,-1.4629,-32.6699
55025,0.3612,-0.3049,0.7451,-5.4766,1.7383,-45.3398
55048,0.256,-0.1542,0.7842,-2.2656,3.6152,-55.3438
55071,0.2677,-0.0104,0.8226,6.0156,5.875,-64.0
55094,0.3361,0.0208,0.7743,14.1543,6.9102,-64.0
55117,0.3918,0.0856,0.7638,30.0723,7.3164,-64.0
55140,0.2938,0.1682,0.7417,49.3145,5.7246,-64.0
55163,0.2817,0.2419,0.7726,63.0957,3.4941,-64.0
55186,0.5376,0.3895,0.8954,63.998,-1.2402,-64.0
55209,0.6139,0.457,0.9058,63.998,-5.2266,-64.0
55232,0.4724,0.3673,0.8837,63.998,-12.5508,-64.0
55255,0.4182,0.3033,0.7385,63.998,-21.0801,-64.0
55278,0.3834,0.4032,0.7084,63.998,-26.9043,-64.0
55301,0.3644,0.489,0.7777,63.998,-35.0156,-64.0
55324,0.3439,0.5719,0.8285,63.998,-39.6699,-64.0
55347,0.3561,0.6237,0.8291,63.998,-44.9766,-64.0
55370,0.2981,0.6042,0.809,63.998,-47.0195,-64.0
55393,0.1678,0.6479,0.7633,63.998,-47.2578,-64.0
55416,0.1376,0.757,0.8373,63.998,-43.4551,-64.0
55439,0.2406,0.8171,0.9607,63.998,-38.4258,-64.0
55462,0.2345,0.7208,0.9303,57.9316,-27.5137,-61.5645
55485,0.1865,0.5267,0.7091,50.877,-18.584,-58.5977
55508,0.0898,0.6036,0.7668,37.9082,-3.9199,-55.8262
55531,0.051,0.5948,0.7596,20.7383,10.3496,-54.0664
55554,0.0704,0.5005,0.7694,7.2246,18.4199,-52.7324
55577,0.1307,0.4348,0.7839,-14.3867,26.8574,-49.5859
55600,0.1605,0.4104,0.7852,-28.4199,29.6367,-46.3516
55623,0.1917,0.4371,0.8077,-47.1113,30.1445,-39.3477
55646,0.1251,0.463,0.8789,-61.8047,28.3262,-29.3906
55669,0.1368,0.4983,0.876,-64.0,27.0273,-21.0059
55692,-0.0011,0.474,0.9047,-64.0,25.8457,-6.0664
55715,0.0796,0.4525,0.91,-64.0,25.5742,4.9004
55738,0.2006,0.4147,0.9326,-64.0,25.7246,21.041
55761,0.1057,0.4659,0.9099,-64.0,26.0098,34.3652
55784,0.0865,0.442,0.9148,-64.0,26.209,40.6992
55807,0.1904,0.3519,0.881,-59.4805,25.4453,45.9902
55830,0.152,0.3633,0.8195,-50.7949,23.9023,46.8398
55853,0.1609,0.4226,0.7947,-36.3809,19.4414,44.8281
55876,0.1704,0.4432,0.7778,-26.6191,15.1582,41.8477
55899,0.2069,0.4604,0.7903,-13.1992,7.8184,35.9199
55922,0.2526,0.475,0.8092,-2.8437,1.0508,29.4297
55945,0.2422,0.5083,0.8356,1.7227,-2.4922,25.4434
55968,0.245,0.5231,0.8358,4.7871,-6.1738,20.8809
55991,0.2771,0.5559,0.8561,4.5547,-7.8477,19.1367
56014,0.4486,0.5842,0.8909,1.7773,-10.1602,18.5859
56037,0.4611,0.517,0.8403,-2.6797,-13.4277,20.3594
56060,0.3301,0.4785,0.8589,-6.1113,-16.5039,22.8984
56083,0.0896,0.3701,0.8065,-11.334,-22.7031,29.1895
56106,0.1134,0.425,0.8256,-14.4941,-27.6992,35.041
56129,0.2446,0.3535,0.7747,-18.1328,-35.2988,44.7578
56152,0.4119,0.349,0.8276,-19.5234,-39.4688,51.793
56175,0.371,0.2681,0.8147,-19.6387,-42.8457,52.6875
56198,0.3761,0.2,0.8057,-16.9746,-41.5117,46.0996
56221,0.3981,0.2003,0.8673,-13.5215,-37.6914,36.127
56244,0.4088,0.2568,0.845,-5.7324,-27.8633,13.9355
56267,0.2366,0.2218,0.8184,1.1621,-19.0996,-4.2793
56290,0.2046,0.2183,0.7502,13.7109,-3.6309,-33.4922
56313,0.0619,0.2611,0.8173,28.084,13.791,-60.9629
56336,0.073,0.2303,0.7743,38.0938,26.0625,-64.0
56359,0.0127,0.3669,0.7744,52.6133,44.5117,-64.0
56382,-0.0624,0.7692,1.2393,61.1914,56.1152,-64.0
56405,0.0382,0.5955,0.6584,63.998,63.998,-64.0
56428,0.0231,0.5472,0.7866,63.998,63.998,-64.0
56451,0.0127,0.5472,0.8136,63.998,63.998,-64.0
56474,0.0452,0.5314,0.8071,53.6836,63.998,-59.5742
56497,0.0782,0.4958,0.822,38.6699,63.998,-41.9863
56520,0.1132,0.4884,0.808,12.1797,56.9453,-14.3066
56543,0.0247,0.5403,0.8191,-5.8711,36.6133,11.0078
56566,0.079,0.5731,0.7854,-30.0156,23.1387,24.7754
56589,0.03,0.5002,0.7946,-47.6055,5.5078,39.1289
56612,0.0396,0.4717,0.8181,-54.752,-3.4375,44.2207
56635,0.0657,0.4885,0.8138,-58.4941,-12.0586,45.6641
56658,0.0609,0.4888,0.8262,-56.8906,-14.7852,43.1953
56681,0.1068,0.4537,0.8315,-49.9785,-15.252,35.9414
56704,0.0806,0.4583,0.8011,-39.9551,-12.9629,26.498
56727,0.0371,0.525,0.813,-32.7578,-10.7734,20.0332
56750,0.0498,0.5065,0.8123,-22.6992,-7.332,11.2051
56773,0.0868,0.4181,0.8232,-17.0996,-5.2148,6.2793
56796,0.1003,0.3733,0.8324,-10.9141,-2.6172,0.6426
56819,0.1121,0.4275,0.8544,-7.5352,-0.7812,-2.8066
56842,0.0588,0.4722,0.8384,-6.791,0.0918,-3.8984
56865,0.0333,0.462,0.8438,-7.6719,1.082,-3.8652
56888,0.0388,0.4215,0.8507,-9.291,1.7383,-2.9707
56911,0.0389,0.4417,0.8431,-12.582,3.0977,-0.998
56934,0.0273,0.4392,0.8536,-16.4551,5.1035,0.8672
56957,-0.0341,0.4281,0.865,-18.2461,6.6777,1.7305
56980,0.0354,0.3981,0.9033,-20.7676,8.8711,2.3242
57003,0.1163,0.3622,0.9264,-21.8926,9.8262,2.3047
57026,0.0851,0.3522,0.9302,-22.6758,9.9258,1.7891
57049,0.0739,0.3417,0.8944,-22.5645,9.0098,1.207
57072,0.0565,0.379,0.8982,-21.4023,6.4648,0.1641
57095,0.0619,0.3762,0.8813,-19.1152,3.1562,-0.8203
57118,0.0536,0.3816,0.8707,-17.0918,0.8789,-1.3262
57141,0.0452,0.389,0.8563,-13.6172,-2.1875,-1.7578
57164,0.0386,0.3903,0.8646,-11.2383,-3.7793,-1.8066
57187,0.0244,0.3888,0.8792,-8.0098,-5.207,-1.502
57210,0.0425,0.397,0.8983,-5.6855,-5.3379,-0.7324
57233,0.0619,0.3716,0.9042,-4.8418,-4.8184,0.0527
57256,0.0702,0.3607,0.9132,-4.6875,-3.5703,1.625
57279,0.0669,0.3618,0.9036,-5.1992,-2.6719,2.877
57302,0.0793,0.3569,0.9084,-6.4844,-1.5176,4.8477
57325,0.0779,0.3591,0.8898,-7.8516,-0.7891,6.6035
57348,0.0706,0.3729,0.8873,-8.5527,-0.5957,7.4648
57371,0.0813,0.384,0.879,-9.0742,-0.7832,8.0918
57394,0.0939,0.3765,0.8816,-9.043,-1.25,8.0156
57417,0.106,0.3503,0.8892,-8.5371,-2.5352,7.248
57440,0.024,0.3763,0.9004,-7.998,-3.7988,6.4414
57463,0.104,0.3649,0.8929,-7.0996,-6.082,4.9648
57486,0.0531,0.3754,0.8933,-6.3125,-8.291,3.0547
57509,0.0585,0.3582,0.8999,-5.9297,-9.4141,1.4492
57532,0.1069,0.3572,0.8994,-5.6016,-10.3105,-1.3652
57555,0.1016,0.3403,0.8983,-5.5293,-10.4648,-3.3047
57578,0.1138,0.3542,0.8966,-5.5684,-10.3516,-5.7656
57601,0.1274,0.3513,0.9006,-5.6621,-9.9941,-7.1133
57624,0.1356,0.3615,0.896,-5.7012,-9.5996,-7.2578
57647,0.0677,0.3683,0.8862,-5.6777,-8.7344,-6.4492
57670,0.0775,0.3741,0.8975,-5.5996,-8.0293,-5.377
57693,0.1141,0.3715,0.8923,-5.3965,-6.8965,-3.3457
57716,0.1017,0.36,0.9017,-5.1133,-5.8789,-1.3379
57739,0.0823,0.359,0.8854,-4.873,-5.4375,-0.209
57762,0.1276,0.3535,0.9022,-4.4141,-5.3281,1.084
57785,0.0992,0.3572,0.8817,-4.0508,-5.6543,1.6777
57808,0.1392,0.3601,0.868,-3.4629,-6.666,2.2051
57831,0.1028,0.377,0.9037,-3.0723,-7.5508,2.293
57854,0.1333,0.3558,0.8932,-2.5332,-8.7168,2.0918
57877,0.1573,0.3297,0.894,-2.123,-9.1113,1.4336
57900,0.1514,0.3639,0.8844,-1.9883,-8.748,0.8047
57923,0.1193,0.4205,0.8561,-2.0762,-7.1465,-0.3281
57946,0.0814,0.4551,0.8519,-2.3281,-5.4648,-1.1289
57969,0.1331,0.4482,0.8632,-2.9121,-2.4648,-2.1387
57992,0.1465,0.4108,0.8446,-3.5781,0.2734,-2.502
58015,0.1465,0.3995,0.8608,-3.9746,1.3828,-2.1914
58038,0.0554,0.405,0.8524,-4.4062,1.2031,-0.7617
58061,0.0974,0.4019,0.8735,-4.584,-0.3145,0.7422
58084,0.1033,0.3759,0.9014,-4.7617,-4.375,3.3066
58107,0.1239,0.3455,0.896,-4.9805,-9.707,5.3457
58130,0.1401,0.3386,0.901,-5.2109,-13.4121,5.9434
58153,0.1378,0.4061,0.9196,-5.7031,-18.4512,5.2871
58176,0.1301,0.3652,0.8838,-6.1055,-21.1504,3.793
58199,0.2091,0.4159,0.8573,-6.7246,-23.9629,0.1953
58222,0.13,0.4675,0.8735,-7.0527,-25.4785,-4.6855
58245,0.1729,0.452,0.887,-7.1953,-25.1055,-8.4023
58268,0.2513,0.4547,0.8718,-6.6055,-23.7754,-14.1582
58291,0.1787,0.5266,0.9847,-5.625,-22.5586,-17.7285
58314,0.1871,0.4946,0.9854,-3.0156,-21.1484,-21.8887
58337,0.1573,0.3337,0.8511,-0.5898,-20.7051,-23.5176
58360,0.0509,0.3685,0.8834,3.3652,-20.1035,-24.2109
58383,-0.049,0.2448,0.8829,6.9102,-17.7773,-23.4746
58406,-0.0234,0.1498,0.8588,8.9004,-14.2578,-22.8281
58429,0.0358,0.1749,0.8705,11.4258,-4.9277,-22.9023
58452,0.1573,0.1393,0.9121,12.9023,4.2031,-24.3086
58475,0.1401,0.2236,0.9081,14.8633,21.4941,-28.6387
58498,0.0219,0.3684,0.8645,16.3223,40.6855,-34.0664
58521,-0.0247,0.4017,0.7678,16.8691,52.9023,-36.8301
58544,-0.1176,0.4552,0.8165,16.9746,63.998,-37.7305
58567,-0.0367,0.4215,0.7402,16.7129,63.998,-35.5391
58590,-0.0222,0.5592,1.0195,16.1914,63.998,-27.9453
58613,0.0215,0.5753,0.7871,15.8984,63.998,-15.8359
58636,-0.301,0.5181,0.812,15.0957,63.998,-5.7676
58659,-0.1133,0.4445,0.8646,12.6582,63.998,11.3809
58682,0.059,0.4241,0.8942,9.7305,63.998,23.3105
58705,-0.088,0.3964,0.8817,3.5781,55.9199,40.1289
58728,-0.1591,0.3376,0.8668,-1.2637,48.1641,49.7773
58751,-0.0416,0.4342,0.9075,-8.6523,38.0625,61.002
58774,0.0682,0.4644,0.8435,-15.0801,31.9434,63.998
58797,-0.0347,0.5513,0.7932,-18.3789,30.9824,63.998
58820,-0.2699,0.5078,0.7632,-21.5391,34.7891,63.998
58843,-0.1255,0.399,0.817,-22.4355,40.5117,63.998
58866,-0.0481,0.3564,0.8013,-22.127,52.0664,57.9844
58889,-0.1018,0.3977,0.8456,-20.459,63.8086,50.7402
58912,-0.0658,0.4519,0.884,-19.166,63.998,46.0664
58935,-0.0188,0.4747,0.8612,-17.8574,63.998,39.998
58958,-0.1639,0.5011,0.7906,-17.7402,63.998,36.7461
58981,-0.2064,0.5447,0.7898,-18.8008,60.3027,32.9531
59004,-0.1858,0.4812,0.7832,-20.6328,44.166,29.7969
59027,-0.0709,0.3979,0.8478,-22.4434,31.7305,27.4844
59050,-0.0974,0.4137,0.8627,-24.3926,12.8359,22.9551
59073,-0.1655,0.4363,0.8739,-25.2363,1.1875,19.0527
59096,-0.1782,0.4089,0.8849,-25.7129,-13.2402,12.0293
59119,-0.1373,0.35,0.8887,-25.5352,-20.166,6.8242
59142,-0.1202,0.3711,0.9325,-24.5977,-26.1934,-1.1934
59165,-0.153,0.3925,0.9344,-22.9004,-27.6367,-8.6914
59188,-0.1179,0.3647,0.8677,-21.4063,-26.6855,-12.9785
59211,-0.1263,0.3574,0.8467,-18.9277,-23.5977,-17.8105
59234,-0.1305,0.2947,0.818,-17.3848,-21.1563,-19.791
59257,-0.0487,0.277,0.8353,-15.4473,-18.0625,-20.8906
59280,-0.0751,0.4421,0.9692,-13.5898,-17.041,-20.0859
59303,-0.0098,0.4862,0.941,-12.0391,-18.1094,-18.75
59326,-0.0426,0.353,0.8942,-9.1895,-22.5469,-15.918
59349,-0.0414,0.3724,0.8894,-7.2734,-26.8066,-13.748
59372,0.0259,0.3381,0.8866,-5.0937,-33.418,-10.6367
59395,0.0612,0.3263,0.9208,-4.3027,-38.9863,-8.0547
59418,0.0096,0.3579,0.8792,-4.6367,-41.9375,-6.5801
59441,-0.0085,0.4287,0.9457,-6.2695,-44.9844,-4.5566
59464,0.0466,0.3932,0.8942,-7.9648,-45.8887,-3.3047
59487,0.0352,0.2993,0.8844,-11.3164,-45.4238,-1.6152
59510,0.037,0.3652,0.8445,-14.0977,-43.957,-0.1367
59533,-0.0038,0.3916,0.9907,-18.9492,-40.1094,0.4687
59556,0.0344,0.3663,0.9916,-24.0234,-34.5,0.9492
59579,0.0417,0.3197,0.9373,-27.0977,-30.1191,0.8691
59602,-0.0005,0.3242,0.9041,-30.6328,-23.2031,0.0898
59625,0.077,0.3566,0.9413,-31.8867,-18.5332,-0.9063
59648,0.1017,0.4344,0.9849,-31.4199,-11.5684,-3.1621
59671,0.0575,0.4399,0.9554,-27.582,-4.7852,-6.123
59694,-0.0361,0.3992,0.894,-23.2207,-0.334,-8.1816
59717,-0.0728,0.3518,0.8947,-14.7695,6.2187,-10.6953
59740,0.0955,0.2908,0.9419,-8.498,10.2988,-11.6973
59763,0.1982,0.2213,0.95,0.8789,15.375,-12.2324
59786,0.061,0.1947,0.9137,9.3301,18.4766,-11.8711
59809,-0.1284,0.2498,0.8638,14.082,19.2656,-11.0547
59832,-0.0985,0.1279,0.8444,19.6035,18.6719,-8.6328
59855,0.0925,0.1252,0.8507,22.2363,17.2676,-6.2617
59878,-0.0391,0.2206,0.9136,25.0488,14.1074,-2.1992
59901,-0.0903,0.2274,0.8671,26.5391,11.6797,1.6992
59924,-0.0157,0.2842,0.9082,28.6367,8.1055,4.0
59947,-0.095,0.3973,0.9559,30.5762,4.7871,6.9297
59970,-0.0653,0.4238,0.9283,31.5293,2.6523,8.5625
59993,-0.0452,0.4617,0.8951,31.7715,-0.5098,10.4844
60016,-0.058,0.462,0.9266,30.7695,-2.541,11.2617
60039,0.0475,0.3945,0.8799,27.2188,-5.291,11.3789
60062,0.0089,0.3909,0.8541,21.2109,-7.666,10.0684
60085,-0.0345,0.436,0.9209,16.0352,-9.0723,8.5078
60108,0.0654,0.3754,0.871,7.0859,-10.832,5.5234
60131,0.1655,0.3575,0.8926,0.7246,-11.6602,3.3105
60154,0.0513,0.4395,0.9075,-8.6738,-12.2305,0.0605
60177,-0.1278,0.465,0.873,-16.9961,-11.8437,-2.3691
60200,-0.0253,0.4374,0.8785,-21.4961,-10.9121,-3.1504
60223,-0.0015,0.3927,0.8557,-26.2031,-8.502,-3.0508
60246,0.0111,0.4083,0.8916,-27.8652,-6.373,-2.4082
60269,-0.0814,0.4178,0.8656,-28.2578,-2.752,-1.1914
60292,0.0288,0.3737,0.8777,-27.3516,0.7227,-0.2578
60315,0.0408,0.3318,0.8879,-24.8398,3.0605,-0.0039
60338,0.0363,0.3572,0.9185,-21.7676,5.3984,-0.2363
60361,0.0194,0.4015,0.9513,-19.8027,6.2266,-0.6934
60384,0.0374,0.354,0.8622,-17.457,6.3008,-1.4961
60407,0.0291,0.3456,0.8956,-16.541,5.5957,-1.8809
60430,0.0193,0.3561,0.9513,-16.3945,3.5625,-1.8848
60453,0.0243,0.3533,0.9224,-17.6699,0.5176,-0.9141
60476,-0.0515,0.3323,0.9025,-19.1523,-2.0039,0.3125
60499,0.0376,0.3265,1.0125,-21.8652,-6.1582,2.7227
60522,0.1151,0.2909,1.02,-23.584,-8.8086,4.3164
60545,0.0587,0.2378,0.9685,-25.4473,-12.0703,5.9785
60568,0.0358,0.2227,0.9279,-26.3359,-14.1055,6.4766
60591,0.0094,0.213,0.8583,-26.5508,-14.7656,6.3164
60614,0.05,0.2487,0.9634,-26.5293,-14.9062,5.7676
60637,0.0966,0.2628,0.9917,-26.2266,-14.6074,5.3809
60660,0.0386,0.2491,0.9082,-25.0938,-13.8613,4.9082
60683,0.0029,0.3002,0.9229,-23.3652,-12.957,4.625
60706,0.0341,0.303,0.9285,-21.457,-12.248,4.4863
60729,0.0461,0.2898,0.9313,-18.5488,-10.9023,4.0586
60752,0.0581,0.2687,0.9507,-16.3887,-9.7852,3.4316
60775,0.069,0.2516,0.9293,-12.9238,-7.8516,1.8086
60798,0.1173,0.2903,0.9609,-10.5762,-6.584,0.3145
60821,0.0642,0.321,1.0146,-7.2109,-5.1914,-2.2129
60844,0.0724,0.3081,0.9862,-4.4082,-4.7773,-4.4062
60867,0.0487,0.2971,1.0063,-3.1855,-5.0547,-5.3105
60890,0.1072,0.2833,1.0282,-2.8574,-6.0937,-5.5703
60913,0.1055,0.2555,1.0,-3.875,-6.998,-5.0762
60936,0.0673,0.2299,1.0065,-7.459,-8.2871,-3.6211
60959,0.0914,0.2114,1.0006,-13.2637,-9.1582,-1.5996
60982,0.1416,0.1831,1.027,-17.9355,-9.4199,-0.1094
61005,0.0397,0.1969,0.9835,-25.2148,-9.377,2.0996
61028,0.0409,0.187,0.9583,-29.6816,-9.1016,3.4922
61051,0.0579,0.1888,0.9991,-34.9297,-8.3496,5.3418
61074,0.1326,0.224,1.1001,-37.5957,-7.2246,6.6152
61097,0.0811,0.1798,1.0317,-37.7344,-6.3496,6.9902
61120,0.0786,0.1755,1.0322,-35.9023,-5.0332,6.8555
61143,0.1053,0.1843,1.0947,-33.8184,-4.2324,6.4141
61166,0.1266,0.1733,1.1082,-30.2344,-3.2676,5.4355
61189,0.0801,0.1144,1.03,-27.9453,-2.8496,4.7109
61212,0.0785,0.1277,1.0956,-25.1758,-2.5898,3.793
61235,0.0952,0.1218,1.1018,-23.377,-2.4609,3.2773
61258,0.0935,0.1021,1.106,-22.6426,-2.1914,3.1719
61281,0.1141,0.0625,1.0717,-22.1113,-1.2012,3.3379
61304,0.0986,0.0065,1.0322,-22.1055,-0.0684,3.6562
61327,0.0475,0.0131,1.0244,-22.5352,2.3516,4.4512
61350,0.0353,0.0276,0.9941,-23.1523,5.709,5.5898
61373,0.0253,0.0431,0.9834,-23.3496,8.541,6.4082
61396,0.0664,0.0948,1.1085,-22.7129,13.5996,7.332
61419,0.0933,0.0715,1.0331,-21.3809,17.2773,7.4941
61442,0.0356,0.037,0.9768,-18.2266,22.6094,6.918
61465,0.031,-0.0085,0.9248,-14.9219,27.0273,5.8086
61488,0.0067,-0.0217,0.9353,-13.4863,29.2012,5.2266
61511,0.0608,-0.0006,1.035,-13.3984,31.0371,5.3008
61534,0.0526,0.0052,1.0043,-14.8789,31.1816,6.2832
61557,0.0,-0.0658,0.9086,-19.1953,29.7402,9.416
61580,-0.0425,-0.0775,0.9092,-23.1699,27.8574,14.5156
61603,0.0186,-0.027,0.9878,-29.877,24.2285,18.7754
61626,0.0148,0.0006,1.0126,-35.9043,20.4531,25.7129
61649,-0.0323,0.0212,1.0154,-38.7168,18.2676,30.2051
61672,-0.0953,0.0017,0.9602,-40.4941,15.9102,36.1523
61695,-0.0779,-0.0374,0.9629,-40.123,15.0195,39.4531
61718,-0.0481,-0.0582,0.9607,-37.8613,14.5352,43.3555
61741,0.0244,-0.078,1.049,-34.502,14.6445,45.9766
61764,0.0027,-0.0886,0.9958,-32.1309,14.7578,47.0527
61787,-0.1208,-0.0774,0.9954,-29.0156,14.6406,47.9629
61810,-0.0354,-0.0138,1.0851,-27.5527,14.3223,48.3789
61833,-0.0754,-0.1006,0.9495,-26.6992,13.4238,49.1543
61856,-0.1815,-0.1777,0.8673,-27.957,11.998,50.4648
61879,-0.1602,-0.0695,0.9631,-30.0273,10.9238,51.6426
61902,-0.1331,-0.0925,0.9803,-34.3711,9.4687,53.4043
61925,-0.1543,-0.1096,0.9073,-37.5859,8.6914,54.1563
61948,-0.21,-0.0745,1.0709,-42.2344,7.7207,54.0977
61971,-0.0405,-0.1562,1.0485,-45.0469,6.5039,52.4395
61994,-0.0406,-0.2264,0.9199,-49.0898,5.2012,50.5137
62017,-0.0758,-0.2494,0.7841,-53.6367,1.8008,46.6621
62040,0.1044,-0.1731,1.1196,-57.0137,-1.7559,43.7598
62063,0.108,-0.2272,1.1062,-61.7461,-10.2988,39.7578
62086,0.2716,-0.2173,1.1021,-64.0,-18.791,37.8066
62109,0.0941,-0.3038,1.2061,-64.0,-35.8105,36.4863
62132,0.2356,-0.6012,0.7698,-64.0,-56.0586,37.2031
62155,0.2861,-0.4241,1.0035,-64.0,-64.0,38.5
62178,0.325,-0.3499,0.9396,-63.7168,-64.0,40.8008
62201,0.528,-0.4196,0.8918,-62.125,-64.0,42.1328
62224,0.4685,-0.3909,0.9514,-57.3555,-64.0,43.582
62247,0.5759,-0.4185,0.9313,-48.8066,-64.0,44.5039
62270,0.5657,-0.4137,0.931,-40.9707,-64.0,44.8359
62293,0.5461,-0.3231,0.9281,-26.8691,-64.0,44.6914
62316,0.5078,-0.295,0.9203,-16.7695,-64.0,44.0098
62339,0.5012,-0.3785,0.9174,-2.3105,-64.0,41.9082
62362,0.5107,-0.4393,0.9348,5.9316,-64.0,38.416
62385,0.4862,-0.4277,0.9036,15.0801,-64.0,35.3027
62408,0.4379,-0.395,0.9075,19.9023,-45.043,29.4609
62431,0.4434,-0.3767,0.881,20.877,-29.6797,24.8184
62454,0.4572,-0.4177,0.8964,19.7129,-9.5391,16.8672
62477,0.4574,-0.4568,0.9161,17.7109,1.3457,11.0488
62500,0.3945,-0.3912,0.8961,13.6738,13.7012,1.8652
62523,0.3718,-0.3131,0.8989,9.0156,22.0723,-7.3809
62546,0.369,-0.3081,0.9093,5.7324,26.1445,-13.2461
62569,0.376,-0.3167,0.908,0.6348,30.9082,-21.0117
62592,0.3683,-0.2714,0.9385,-2.8652,33.4902,-25.1699
62615,0.2898,-0.2482,0.968,-8.2441,36.8262,-29.4707
62638,0.2383,-0.177,0.9791,-13.7402,40.166,-31.3594
62661,-0.2831,-0.1809,0.7584,-17.5254,43.041,-31.5625
62684,-0.3251,-0.0281,0.9482,-23.5176,49.5859,-31.5859
62707,0.0143,-0.1276,0.9156,-27.5586,55.9063,-32.6914
62730,0.2129,-0.3999,0.8285,-33.082,63.998,-38.0254
62753,0.1354,-0.5555,0.8146,-36.873,63.998,-48.793
62776,0.1906,-0.4109,1.109,-36.9805,63.998,-58.7207
62799,0.2439,-0.4,1.1884,-31.2578,63.998,-64.0
62822,0.2072,-0.4404,1.1014,-22.3184,63.998,-64.0
62845,0.2246,-0.3542,0.9308,-1.125,63.998,-64.0
62868,0.1772,-0.1949,0.8367,17.2012,63.998,-64.0
62891,0.0254,0.0934,1.0813,48.1035,63.998,-64.0
62914,-0.267,0.1328,0.9927,63.998,63.998,-64.0
62937,-0.4601,0.1493,0.7826,63.998,63.998,-64.0
62960,-0.6224,0.3447,0.7865,63.998,63.998,-64.0
62983,-0.8765,0.4021,0.9075,63.998,63.998,-64.0
63006,-0.5374,0.3823,0.7546,63.998,63.998,-64.0
63029,-0.4158,0.4115,0.6353,63.998,63.998,-40.2676
63052,-0.5558,0.4611,0.5907,63.998,63.998,-16.4336
63075,-0.4216,0.5758,0.7352,63.998,63.998,14.4766
63098,-0.5349,0.5597,0.5676,63.998,63.998,30.3477
63121,-0.6165,0.5532,0.4148,63.998,63.998,46.2441
63144,-0.524,0.5952,0.5936,63.998,63.998,53.4727
63167,-0.3184,0.5231,0.6256,63.998,63.998,54.3828
63190,-0.5615,0.5881,0.462,63.998,63.998,51.7051
63213,-0.541,0.6989,0.3688,63.998,63.998,48.5449
63236,-0.4691,0.6318,0.2228,63.998,63.998,43.7578
63259,-0.4719,0.697,0.2646,63.998,63.998,40.2988
63282,-0.4646,0.7566,0.2404,59.9121,63.998,39.3711
63305,-0.475,0.7294,0.1787,47.6758,63.998,39.6328
63328,-0.4631,0.8154,0.2976,38.9785,63.998,40.75
63351,-0.4818,0.829,0.3721,26.0742,63.998,43.0586
63374,-0.4225,0.7977,0.3049,18.4824,63.998,44.4844
63397,-0.386,0.7534,0.3059,10.1621,63.998,45.6406
63420,-0.3907,0.7211,0.3671,6.791,63.998,45.084
63443,-0.4089,0.6172,0.0653,7.5391,63.998,43.7969
63466,-0.2684,0.5754,0.0145,12.4707,63.998,41.1543
63489,-0.3695,0.7974,0.1726,17.6113,63.998,39.5293
63512,-0.5461,0.9478,0.0154,27.0527,63.998,38.5273
63535,-0.4338,0.884,-0.0394,37.0488,63.998,40.2773
63558,-0.2795,0.7554,-0.0743,42.918,63.998,42.8203
63581,-0.1708,0.7423,0.1591,49.127,63.998,47.3359
63604,-0.335,0.8862,0.0776,51.1094,63.998,49.9434
63627,-0.3031,0.9165,0.0093,50.7012,63.998,52.3438
63650,-0.2247,0.7565,-0.0721,48.3496,63.998,52.4941
63673,-0.1876,0.7786,0.0261,42.3613,59.002,51.3184
63696,-0.2509,0.7773,-0.1125,34.6211,50.7754,47.9609
63719,-0.2765,0.8925,-0.0326,29.207,45.4785,45.0117
63742,-0.2168,0.7659,-0.0781,21.6758,38.2598,40.1934
63765,-0.1931,0.7476,-0.0673,17.4707,34.0742,37.0098
63788,-0.1704,0.7731,-0.0552,12.7988,28.8398,32.5664
63811,-0.1814,0.8501,-0.0588,10.207,24.9063,28.6602
63834,-0.1793,0.8038,-0.1313,9.5586,23.0059,26.3887
63857,-0.1774,0.7708,-0.1271,9.9727,21.1621,23.4805
63880,-0.1193,0.7803,-0.1133,11.0234,20.4863,21.8477
63903,-0.1174,0.7622,-0.0796,13.4785,19.8828,19.8223
63926,-0.1344,0.796,-0.1367,16.6543,19.2578,18.3125
63949,-0.1472,0.7805,-0.1927,19.0332,18.7734,17.6172
63972,-0.1194,0.8224,-0.2089,22.875,18.25,17.0645
63995,-0.0889,0.7939,-0.2064,25.5391,18.2168,16.9961
64018,-0.1055,0.8318,-0.3073,29.3789,18.6836,17.2012
64041,-0.106,0.8436,-0.2926,31.5098,19.5156,17.4727
64064,-0.0525,0.7494,-0.2744,33.2891,19.9824,17.4824
64087,-0.0742,0.7312,-0.2013,32.3008,19.8945,16.9063
64110,-0.1277,0.7574,-0.1615,29.5645,18.9648,16.0
64133,-0.1433,0.744,-0.1179,21.9961,16.0273,13.8184
64156,-0.1527,0.9722,-0.1721,14.8301,13.1406,11.9082
64179,-0.0818,0.7789,-0.1703,1.8242,7.7793,8.6465
64202,-0.108,0.8447,-0.1447,-12.3398,1.5781,5.3574
64225,-0.167,1.2771,-0.1941,-21.5684,-2.8652,3.4102
64248,-0.075,0.7281,-0.1584,-34.0801,-9.8477,1.1816
64271,-0.0928,0.8622,-0.0623,-41.2031,-14.7422,0.2402
64294,-0.0559,0.8202,-0.0094,-50.0527,-22.7773,-0.3437
64317,0.0256,0.8416,-0.0397,-57.3301,-32.1152,0.1465
64340,0.2321,0.7958,0.0377,-61.9355,-39.3809,1.3652
64363,-0.3002,0.7791,0.1362,-64.0,-52.2422,5.748
64386,-0.2155,0.8757,0.219,-64.0,-62.0391,11.2422
64409,0.0901,0.7061,0.3934,-64.0,-64.0,23.1191
64432,0.1578,0.7457,0.453,-64.0,-64.0,35.5313
64455,0.1121,0.7579,0.3225,-64.0,-64.0,41.3457
64478,-0.0358,0.8835,0.306,-64.0,-64.0,43.7344
64501,-0.125,0.8685,0.4492,-64.0,-64.0,40.959
64524,-0.0164,0.7941,0.6683,-64.0,-64.0,31.6367
64547,0.1003,0.7896,0.5919,-64.0,-64.0,22.9629
64570,0.1317,0.7661,0.5233,-64.0,-64.0,7.3926
64593,0.0098,0.7412,0.4427,-64.0,-53.543,-10.0977
64616,-0.0671,0.8163,0.5142,-64.0,-47.0918,-21.8516
64639,-0.098,0.8124,0.5748,-64.0,-39.1406,-37.6816
64662,-0.1012,0.7051,0.5409,-64.0,-35.9707,-46.0547
64685,-0.0443,0.6951,0.5298,-64.0,-35.8301,-54.5898
64708,0.0171,0.6654,0.4716,-64.0,-41.5801,-58.6973
64731,0.0231,0.6439,0.5261,-61.1152,-48.4004,-59.4629
64754,-0.0725,0.6074,0.672,-42.6484,-62.1934,-58.2188
64777,-0.0267,0.5538,0.7087,-31.1328,-64.0,-56.1094
64800,0.2294,0.4061,0.6274,-15.9023,-64.0,-51.998
64823,0.2792,0.3568,0.6624,-4.3496,-64.0,-48.0488
64846,0.172,0.5175,0.796,0.6562,-64.0,-45.5547
64869,0.0282,0.7258,0.6904,3.9062,-64.0,-40.6367
64892,0.1453,0.7418,0.7601,3.625,-64.0,-35.7715
64915,0.3314,0.6599,0.8134,0.4766,-64.0,-26.2422
64938,0.4391,0.6755,0.6427,-3.0879,-64.0,-16.3926
64961,0.3486,0.6407,0.6365,-10.2539,-64.0,-10.5215
64984,0.2056,0.4667,0.6283,-18.7891,-64.0,-4.8477
65007,0.0261,0.4089,0.6299,-24.7949,-64.0,-2.6113
65030,0.1526,0.5095,0.5654,-33.6367,-64.0,-0.2422
65053,0.1841,0.5847,0.4988,-38.8242,-64.0,1.1973
65076,0.2163,0.6611,0.516,-44.293,-64.0,3.1055
65099,0.2726,0.5776,0.4513,-45.7227,-64.0,3.7969
65122,-0.004,0.7548,0.743,-44.0449,-64.0,2.9727
65145,0.0588,0.6636,0.6647,-37.373,-64.0,-0.7695
65168,0.3784,0.6075,0.5029,-30.4902,-64.0,-5.2168
65191,0.202,0.7333,0.6113,-18.2969,-64.0,-15.373
65214,0.0929,0.6635,0.5167,-6.2832,-64.0,-29.1367
65237,0.1781,0.6908,0.5309,0.3516,-64.0,-39.1465
65260,0.1405,0.6794,0.5074,6.6621,-64.0,-53.1758
65283,0.1766,0.7186,0.5187,7.957,-64.0,-60.7031
65306,0.2103,0.7499,0.5469,5.4687,-64.0,-64.0
65329,0.2706,0.7681,0.5692,1.1836,-62.6465,-64.0
65352,0.1752,0.7406,0.5659,-8.1562,-51.3301,-64.0
65375,0.1934,0.6306,0.611,-19.3887,-36.8633,-61.5371
65398,0.2701,0.5739,0.6145,-26.9688,-26.4238,-55.1406
65421,0.1224,0.5994,0.6317,-37.25,-11.3613,-43.6738
65444,0.1422,0.6355,0.6591,-42.9414,-2.6406,-35.4707
65467,0.2458,0.5475,0.6643,-49.5664,7.3398,-23.4375
65490,0.1826,0.5713,0.7123,-54.2969,13.1562,-13.2266
65513,0.137,0.5712,0.7096,-56.7988,15.209,-8.2812
65536,0.0306,0.6311,0.7428,-60.1895,17.0039,-4.4551
65559,-0.0082,0.5658,0.8046,-62.4551,18.2539,-4.291
65582,0.1702,0.4594,0.7222,-64.0,21.4082,-7.0059
65605,0.1729,0.4608,0.7805,-64.0,26.3145,-12.1328
65628,-0.0679,0.5533,0.7671,-64.0,30.123,-15.8848
65651,-0.1112,0.4591,0.855,-64.0,36.0156,-19.9766
65674,0.0392,0.3344,0.9008,-64.0,39.9922,-20.7227
65697,0.1669,0.4381,0.9014,-64.0,45.8301,-18.3848
65720,0.1543,0.4829,0.8979,-64.0,50.0137,-12.2988
65743,-0.2792,0.7922,1.2079,-64.0,51.3398,-6.4492
65766,0.0046,0.4236,1.0157,-64.0,49.9551,4.3359
65789,0.0502,0.1721,0.7582,-64.0,47.0586,11.8906
65812,0.0155,0.226,0.8423,-64.0,40.3105,21.8242
65835,-0.0302,0.3433,0.9174,-64.0,34.416,26.9316
65858,0.0789,0.3339,1.0009,-64.0,23.9316,32.1211
65881,0.1113,0.3008,0.9666,-58.4375,12.6953,34.1621
65904,0.0297,0.3062,0.9855,-54.3477,5.6699,33.7168
65927,0.0194,0.2587,0.8978,-48.6133,-2.8223,30.7793
65950,-0.0132,0.14,0.7927,-45.3418,-6.4668,27.7793
65973,0.0466,0.3085,1.0031,-41.5273,-8.2852,22.5352
65996,0.0157,0.3583,1.0725,-38.4473,-5.8125,16.9844
66019,-0.0138,0.2461,0.8846,-36.3516,-2.1172,13.2793
66042,-0.0519,0.1794,0.8342,-33.0332,5.9141,7.8633
66065,-0.0811,0.3062,1.0393,-30.7578,12.5176,4.4297
66088,-0.0492,0.371,1.1248,-26.959,23.0742,-0.3203
66111,-0.0376,0.2657,0.9646,-24.0,32.4141,-4.4961
66134,-0.1018,0.2313,0.9255,-19.5684,36.877,-6.8027
66157,-0.1018,0.276,1.0461,-16.6582,39.748,-9.0742
66180,-0.0803,0.3094,1.1071,-16.0215,38.9551,-9.6602
66203,-0.1353,0.2292,0.9894,-16.9141,34.3125,-9.3184
66226,-0.1415,0.1664,0.9625,-18.6172,29.5176,-8.4434
66249,-0.1146,0.1699,1.0233,-22.6719,20.7441,-6.3437
66272,-0.0725,0.1774,1.0559,-27.9883,10.7793,-3.4277
66295,-0.0382,0.1427,1.0299,-31.6641,3.8984,-1.209
66318,-0.0593,0.1407,1.0217,-36.3438,-5.7539,2.0723
66341,-0.0925,0.1216,0.9836,-38.3691,-11.0801,4.0332
66364,-0.0996,0.1222,1.0184,-39.1289,-16.4863,6.5488
66387,-0.0638,0.1597,1.0969,-36.7754,-18.0313,8.5332
66410,-0.0565,0.1819,1.1504,-33.5117,-16.6875,9.5273
66433,-0.0367,0.0894,1.0194,-26.8125,-11.334,10.5977
66456,-0.0577,0.0996,1.0171,-21.9785,-6.1816,11.2773
66479,-0.0778,0.1232,1.0468,-15.7031,2.1836,12.9277
66502,-0.0967,0.0999,1.0471,-11.7578,9.5215,15.9062
66525,-0.0618,0.0642,0.9816,-10.5937,13.2832,18.6035
66548,-0.0621,0.0149,0.9611,-11.2129,16.7305,23.2676
66571,-0.0305,0.0491,1.0272,-13.0664,17.3711,26.4629
66594,0.0002,0.0549,1.0455,-17.4375,15.9785,30.8125
66617,-0.04,0.0398,0.9989,-20.9707,13.7793,33.1582
66640,-0.0477,0.0065,0.9911,-26.6172,9.2148,35.7617
66663,0.0251,0.0062,1.0293,-32.1563,3.9414,37.4316
66686,0.0413,-0.0155,1.0328,-35.5078,0.4668,38.1309
66709,-0.0283,-0.0127,1.0094,-39.709,-4.0742,38.8262
66732,-0.0569,-0.0262,0.9895,-41.8672,-6.4004,39.3262
66755,0.0171,-0.006,1.0535,-43.9629,-8.6914,40.502
66778,0.0372,0.0203,1.0686,-44.291,-9.6758,42.1348
66801,-0.0718,0.0298,0.9902,-43.3809,-9.7266,43.3008
66824,-0.0586,-0.0206,1.0039,-40.4941,-9.1016,44.9512
66847,0.0493,-0.0531,1.041,-37.7695,-8.3594,45.8066
66870,0.0714,-0.0883,1.0441,-32.8164,-7.0527,46.2578
66893,0.0217,-0.0505,1.0082,-27.2363,-5.6152,45.3125
66916,-0.049,-0.0392,0.9659,-23.4453,-4.4355,43.9648
66939,-0.0518,-0.0648,0.9688,-18.2344,-2.1035,41.3848
66962,0.0304,-0.041,1.0436,-15.3926,-0.1875,39.6133
66985,0.0676,-0.0525,1.073,-12.3125,3.0371,37.1387
67008,-0.0022,-0.0792,1.0215,-11.0957,5.2187,35.1836
67031,-0.0369,-0.0787,1.0034,-10.6426,8.1758,34.0449
67054,-0.012,-0.0298,1.0583,-11.7656,10.4453,33.3281
67077,-0.0153,-0.0414,1.0488,-13.1484,11.4844,33.3477
67100,-0.0551,-0.0624,0.9918,-15.7109,12.3379,33.9141
67123,-0.0671,-0.0723,0.9736,-17.5527,12.498,34.5117
67146,-0.0459,-0.0712,1.0114,-20.2266,12.2422,35.4883
67169,-0.0459,-0.0592,1.0057,-22.3535,11.4824,36.2188
67192,-0.063,-0.1183,0.9783,-23.2734,10.7383,36.4121
67215,-0.0507,-0.1361,0.9899,-23.8359,9.3613,36.166
67238,-0.0624,-0.0937,1.0465,-23.6719,8.3535,35.6348
67261,-0.0614,-0.1178,1.0049,-22.6035,6.8613,34.332
67284,-0.0565,-0.1517,1.0021,-20.75,5.5273,32.6582
67307,-0.0574,-0.1411,1.0321,-19.3184,4.7559,31.5371
67330,-0.0131,-0.1581,1.0391,-17.2285,3.7383,30.1113
67353,-0.048,-0.1754,0.9979,-16.0332,3.1113,29.4297
67376,-0.0771,-0.1429,1.0172,-14.6602,2.2852,28.8887
67399,0.0012,-0.1088,1.1001,-13.9785,1.9121,28.9141
67422,-0.0308,-0.1542,1.0032,-13.168,1.6797,29.2305
67445,-0.0724,-0.168,1.0084,-12.6992,1.791,30.2109
67468,-0.0377,-0.109,1.0786,-12.6445,2.084,31.2285
67491,-0.0347,-0.095,1.1002,-12.8418,2.8945,33.2344
67514,-0.1071,-0.1527,1.0212,-13.0605,3.7168,34.8125
67537,-0.0962,-0.1656,1.0284,-13.4961,5.4883,37.4004
67560,-0.1429,-0.1448,0.9828,-14.0723,7.8887,40.0742
67583,-0.1581,-0.0741,1.045,-14.4883,9.7051,41.8184
67606,-0.13,-0.0265,1.0929,-15.0293,12.3828,44.2734
67629,-0.2263,-0.0715,0.9846,-15.3477,13.8594,45.7734
67652,-0.2109,-0.1304,0.9762,-16.1348,15.1875,47.8379
67675,-0.1078,-0.1628,1.0223,-17.7441,15.1523,49.5117
67698,-0.0714,-0.2382,0.9803,-19.3086,14.2793,50.1563
67721,-0.1329,-0.17,1.0145,-22.1328,11.8027,50.0625
67744,-0.0819,-0.1135,1.1213,-23.9883,9.6055,49.1992
67767,-0.0516,-0.163,1.0624,-26.0078,5.918,46.7461
67790,-0.1313,-0.205,0.9293,-26.6309,2.1367,43.1836
67813,-0.1145,-0.0957,1.0333,-26.582,-0.2559,40.4707
67836,-0.0135,-0.0615,1.0863,-25.6895,-3.6387,36.4238
67859,-0.0687,-0.1376,1.0588,-24.9121,-5.9258,34.0371
67882,-0.1575,-0.2368,0.9294,-24.2461,-9.582,31.4395
67905,0.0117,-0.2384,0.9836,-24.6406,-12.0684,30.5527
67928,-0.1316,-0.2638,0.951,-26.7617,-15.8086,30.2461
67951,-0.1827,-0.2831,1.0618,-30.0762,-19.2539,30.1914
67974,-0.0623,-0.2863,0.9775,-32.4805,-21.1543,29.7168
67997,0.0078,-0.327,0.9629,-36.1641,-23.793,27.8145
68020,0.0487,-0.3259,1.1072,-38.6758,-25.873,25.6523
68043,0.0846,-0.3348,1.0006,-42.2148,-29.6445,21.3164
68066,0.0219,-0.3336,1.0348,-44.6797,-33.9512,16.5098
68089,0.045,-0.321,1.0393,-45.1602,-36.9141,13.5527
68112,0.1428,-0.3719,1.0553,-43.5313,-41.2793,9.9414
68135,0.1348,-0.3518,1.0579,-40.7969,-44.1387,8.1113
68158,0.1624,-0.332,1.0459,-34.4492,-48.293,5.9316
68181,0.1805,-0.3628,1.0,-26.0234,-51.9766,3.875
68204,0.1658,-0.3344,0.9929,-19.8555,-53.8672,2.3496
68227,0.1365,-0.3004,1.0415,-10.5039,-55.1328,-0.1738
68250,0.2137,-0.3059,0.9824,-4.6973,-54.5117,-1.8516
68273,0.158,-0.2688,0.9875,2.8281,-51.1016,-3.998
68296,0.1599,-0.2114,0.993,6.9414,-47.2344,-5.0293
68319,0.0903,-0.2303,1.0618,11.8164,-39.2559,-5.8203
68342,0.2139,-0.3265,0.9833,15.1855,-29.3359,-5.6523
68365,0.1896,-0.303,1.0283,16.4551,-22.4531,-5.0762
68388,0.1875,-0.229,1.0107,16.709,-13.0371,-3.7324
68411,0.1493,-0.1687,1.0245,15.8398,-7.8887,-2.707
68434,0.1945,-0.2787,1.0125,13.3477,-2.2305,-1.3555
68457,0.1858,-0.2843,1.0261,10.0137,0.9648,-0.5684
68480,0.1985,-0.2761,1.0166,7.6582,1.8848,-0.4727
68503,0.1852,-0.2418,1.0052,4.418,1.8496,-1.1055
68526,0.1515,-0.1846,0.9836,2.7129,1.1484,-2.1211
68549,0.152,-0.1899,0.9729,1.1758,-0.4551,-4.6016
68572,0.171,-0.2296,1.0,1.0137,-2.2832,-8.1406
68595,0.1829,-0.2673,0.9954,1.5703,-3.459,-10.9336
68618,0.1388,-0.2081,0.9661,2.9336,-4.9531,-15.4805
68641,0.1587,-0.1776,0.9752,3.8535,-5.6602,-18.6406
68664,0.1445,-0.248,0.955,4.7051,-6.166,-23.582
68687,0.1099,-0.1293,0.9829,4.6465,-6.1152,-27.1113
68710,0.1185,-0.0453,0.9775,3.2324,-5.293,-33.1094
68733,0.483,-0.0663,0.9597,-0.127,-3.3691,-40.5977
68756,0.2334,-0.3636,0.8333,-3.584,-1.3203,-46.6367
68779,0.0984,-0.1146,1.0675,-10.1562,3.2578,-56.5273
68802,0.2548,-0.1464,0.9238,-14.6328,6.916,-62.7734
68825,0.0984,-0.2512,0.889,-20.2715,11.9844,-64.0
68848,0.1466,-0.3058,0.7915,-23.9609,15.2051,-64.0
68871,0.286,-0.2841,0.9558,-25.0547,16.0059,-64.0
68894,0.3149,-0.2581,0.975,-23.8027,15.2266,-64.0
68917,0.0897,-0.2566,0.8444,-20.4922,13.5293,-64.0
68940,0.1162,-0.2131,0.8408,-11.2168,9.918,-64.0
68963,0.4635,-0.1868,0.8922,3.6113,6.1504,-64.0
68986,0.5961,-0.121,1.0343,16.5059,3.7383,-64.0
69009,0.3416,-0.0688,1.2676,39.3555,-0.3398,-64.0
69032,0.073,0.115,1.2529,55.9004,-3.707,-64.0
69055,0.0637,0.2338,0.9948,63.998,-9.6367,-64.0
69078,0.2404,0.4951,1.0754,63.998,-13.9062,-64.0
69101,0.3141,0.491,1.0363,63.998,-20.8984,-64.0
69124,0.1967,0.3726,0.724,63.998,-29.5195,-64.0
69147,0.2341,0.502,0.7777,63.998,-36.168,-64.0
69170,0.2399,0.8547,0.9236,63.998,-46.1855,-64.0
69193,0.2187,0.9082,0.912,63.998,-51.9707,-64.0
69216,0.275,0.8138,0.7312,63.998,-57.998,-64.0
69239,0.183,0.7472,0.6652,63.998,-59.5195,-64.0
69262,-0.0762,0.6658,0.5991,63.998,-57.4102,-64.0
69285,-0.0942,0.599,0.5857,63.998,-49.0996,-64.0
69308,0.1188,0.6082,0.631,63.998,-40.3984,-64.0
69331,0.2972,0.6614,0.749,53.1348,-24.3477,-64.0
69354,0.223,0.703,0.8167,18.3164,-7.9531,-47.0254
69377,0.0497,0.6417,0.8146,-4.3984,1.4395,-30.3086
69400,-0.0159,0.4918,0.7875,-35.709,11.6895,-5.0664
69423,0.1036,0.3171,0.7423,-54.209,15.9082,11.291
69446,0.2983,0.1343,0.7466,-64.0,19.1172,33.584
69469,0.2573,0.0753,0.8173,-64.0,19.0625,50.7734
69492,0.2227,0.0598,0.8523,-64.0,17.9238,58.3496
69515,0.2175,0.1066,0.8839,-64.0,13.6973,63.2324
69538,0.246,0.1743,0.9149,-64.0,9.7324,62.1289
69561,0.2178,0.1998,0.9398,-64.0,2.9355,54.2324
69584,0.1868,0.2427,0.9762,-64.0,-1.5703,45.3008
69607,0.1787,0.2283,0.9631,-64.0,-7.4102,28.0332
69630,0.1254,0.2808,0.9835,-64.0,-11.4531,9.002
69653,0.1106,0.2574,0.9655,-59.7168,-12.9609,-2.8887
69676,0.1516,0.2448,0.9541,-36.6191,-13.5566,-17.2598
69699,0.129,0.3105,1.0177,-23.0801,-13.0879,-23.7207
69722,0.1326,0.2743,0.9894,-7.0625,-11.6309,-28.4063
69745,0.1796,0.285,1.0186,3.2617,-9.8574,-27.9023
69768,0.1179,0.3242,1.0845,7.1641,-8.7109,-25.5156
69791,0.1189,0.2209,1.0128,9.2656,-6.8945,-20.2559
69814,0.2058,0.2253,1.0106,8.5547,-5.2207,-16.4238
69837,0.1664,0.2223,1.0781,4.998,-1.4707,-11.4277
69860,0.2397,0.1799,1.0413,1.4785,3.8047,-8.3125
69883,0.1605,0.2075,1.1079,-4.6016,8.0059,-7.541
69906,0.2233,0.1704,1.1194,-10.5918,14.8828,-8.3066
69929,0.2543,0.1416,1.0919,-14.1172,19.541,-9.9199
69952,0.0956,0.1378,1.0558,-18.5137,26.1699,-13.5234
69975,-0.1071,0.0819,0.9495,-20.873,30.2871,-16.3145
69998,-0.1635,0.0989,0.8641,-23.7734,36.6348,-20.4707
70021,-0.2047,0.1261,0.8304,-26.2031,44.7031,-24.5313
70044,-0.2682,0.1257,0.7855,-27.5762,51.6992,-27.3184
70067,-0.3304,0.1604,0.8159,-28.9727,63.998,-31.3086
70090,-0.3872,0.1787,0.8439,-29.1348,63.998,-33.2539
70113,-0.3918,0.1715,0.9044,-27.6387,63.998,-33.7363
70136,-0.277,0.1489,1.0125,-23.9023,63.998,-29.9883
70159,-0.1678,0.1493,1.0879,-20.4863,63.998,-24.8223
70182,-0.2026,0.1583,1.0895,-14.8691,63.998,-13.252
70205,-0.2462,0.1561,1.02,-11.3164,63.998,-3.3711
70228,-0.2781,0.0792,0.9021,-6.8809,58.8555,13.5586
70251,-0.2487,0.0769,0.8582,-3.623,39.3301,31.0059
70274,-0.199,0.1549,0.8098,-1.8438,27.707,41.6895
70297,-0.114,0.2352,0.7383,1.4219,14.8613,54.8809
70320,-0.1462,0.4406,0.7775,4.6211,10.1387,61.5957
70343,-0.3132,0.5518,0.8495,11.8672,8.9551,63.998
70366,-0.1971,0.5046,0.6669,18.4922,11.9277,63.998
70389,-0.2106,0.4955,0.6824,30.2246,21.3594,63.998
70412,-0.2695,0.3894,0.897,42.0996,35.4883,63.998
70435,-0.1071,0.3265,0.8733,48.9238,46.7207,63.998
70458,0.1331,0.2339,0.7756,55.7715,63.998,63.998
70481,0.3057,0.2046,0.7594,57.2656,63.998,63.998
70504,0.0841,0.313,0.9143,54.7813,63.998,63.998
70527,-0.2004,0.3987,0.975,48.7754,63.998,63.998
70550,-0.4032,0.4967,0.7365,44.6738,63.998,63.998
70573,-0.3751,0.6267,0.5825,40.7734,63.998,55.2285
70596,-0.3979,0.7303,0.5791,40.4609,63.998,46.0254
70619,-0.4154,0.7018,0.663,43.5508,63.998,32.7871
70642,-0.4531,0.6061,0.7161,49.4473,55.6016,20.4473
70665,-0.4561,0.6643,0.7856,53.6094,46.6973,13.0273
70688,-0.4866,0.6483,0.6976,58.1816,33.7676,3.8555
70711,-0.3807,0.5985,0.6067,59.1484,26.127,-0.5762
70734,-0.3049,0.5952,0.6544,56.3809,17.0,-4.502
70757,-0.259,0.6401,0.7809,51.6367,12.5781,-5.959
70780,-0.2582,0.593,0.7345,41.0254,8.1367,-4.9707
70803,-0.2406,0.5612,0.6885,27.9355,5.8223,-3.002
70826,-0.4401,0.608,0.7917,18.9551,5.4551,-1.252
70849,-0.4265,0.6344,0.72,6.9395,7.3184,1.709
70872,-0.4557,0.6091,0.5651,0.7129,10.5312,3.7715
70895,-0.4117,0.4716,0.5052,-5.3809,18.6797,6.6113
70918,-0.3947,0.594,0.5176,-7.3379,31.2402,8.3711
70941,-0.4524,0.5494,0.5334,-6.1465,41.9395,8.5977
70964,-0.4429,0.5281,0.4387,-0.7793,59.9961,7.5996
70987,-0.5369,0.5371,0.4301,4.5605,63.998,6.3945
71010,-0.4873,0.4994,0.4084,13.7051,63.998,4.6055
71033,-0.424,0.578,0.4553,22.7109,63.998,3.5781
71056,-0.433,0.6393,0.4598,28.1934,63.998,3.5078
71079,-0.4005,0.6415,0.4126,35.4805,63.998,4.3926
71102,-0.2874,0.7277,0.4657,39.7461,63.998,5.6602
71125,-0.2717,0.7631,0.4316,45.3301,60.9414,8.8496
71148,-0.3992,0.8634,0.4144,48.3887,50.8965,14.5762
71171,-0.4513,0.8464,0.2477,51.4277,38.0645,20.4629
71194,-0.5973,0.7053,0.0996,51.6699,29.8066,32.6816
71217,-0.5499,0.6949,0.1221,49.8652,27.1133,42.5313
71240,-0.3037,0.7233,0.1736,44.625,26.3438,57.373
71263,-0.4255,0.7017,0.1573,40.3496,27.0273,63.998
71286,-0.3606,0.6818,0.1399,34.7891,28.1816,63.998
71309,-0.2777,0.7325,0.1774,32.4277,28.2051,63.998
71332,-0.3112,0.7909,0.145,33.4277,27.3555,61.8301
71355,-0.3834,0.8057,0.0516,38.875,25.1582,46.6289
71378,-0.3036,0.8055,0.1019,44.666,23.582,34.543
71401,-0.3531,0.7633,0.0835,55.2461,22.0098,16.2031
71424,-0.248,0.7014,0.0447,63.998,22.2969,0.3418
71447,-0.3053,0.744,-0.0634,63.998,23.8867,-7.7285
71470,-0.3567,0.8505,-0.0591,63.998,28.543,-14.9414
71493,-0.3983,0.8915,-0.0686,63.998,32.9648,-16.1992
71516,-0.3187,0.8878,-0.051,63.998,40.7324,-13.2617
71539,-0.2555,0.7617,-0.2382,63.998,48.373,-6.4609
71562,-0.2877,0.7902,-0.1366,63.998,51.9727,-1.1563
71585,-0.272,0.8453,-0.0845,57.0,54.5938,6.2461
71608,-0.2953,0.7811,-0.0945,47.5,53.9355,10.168
71631,-0.2952,0.7544,-0.1273,32.1113,49.5723,13.9473
71654,-0.3278,0.7169,-0.1903,22.0332,44.9707,15.0039
71677,-0.2921,0.8043,-0.0806,8.5918,36.6719,14.7168
71700,-0.2955,0.7815,-0.0367,-1.5664,27.6309,12.9785
71723,-0.3008,0.715,-0.1541,-6.1113,21.5879,11.4668
71746,-0.2772,0.7203,-0.1161,-9.5488,13.2285,9.1797
71769,-0.272,0.8447,-0.0834,-9.7285,8.5684,7.877
71792,-0.2532,0.837,-0.1481,-7.2285,3.5332,6.5879
71815,-0.2477,0.7446,-0.1691,-2.2285,1.2637,6.3008
71838,-0.2384,0.745,-0.1913,1.8281,1.2852,6.6523
71861,-0.228,0.8622,-0.1622,7.8437,3.1172,7.8809
71884,-0.2185,0.8496,-0.1744,11.1699,5.0781,9.0488
71907,-0.2465,0.7565,-0.2065,14.2715,8.3809,10.9824
71930,-0.2118,0.7904,-0.1545,14.7617,11.3633,12.6016
71953,-0.2006,0.8008,-0.152,13.0215,12.7773,13.2363
71976,-0.222,0.7754,-0.1525,8.7578,13.6172,13.3027
71999,-0.2323,0.7264,-0.1459,4.9258,13.252,12.7344
72022,-0.2361,0.7461,-0.0775,-1.6348,11.4473,11.1055
72045,-0.2534,0.7361,-0.1208,-6.2012,9.627,9.6777
72068,-0.235,0.8312,-0.1257,-12.7969,6.6289,7.4219
72091,-0.2178,0.8414,-0.1162,-18.5273,4.1797,5.541
72114,-0.2129,0.834,-0.1212,-21.5938,3.1484,4.7305
72137,-0.2041,0.8119,-0.1404,-24.75,2.5352,4.3359
72160,-0.1871,0.8368,-0.1172,-25.8223,2.6172,4.5898
72183,-0.1881,0.823,-0.1034,-26.0059,3.1035,5.5449
72206,-0.1777,0.8566,-0.1375,-24.9043,3.5723,6.8242
72229,-0.1803,0.8231,-0.1063,-23.7656,3.6934,7.6387
72252,-0.1837,0.828,-0.1049,-21.9434,3.4297,8.5
72275,-0.1868,0.8138,-0.0896,-20.9258,2.9082,8.6934
72298,-0.1942,0.816,-0.0471,-20.0918,1.5859,8.2578
72321,-0.1969,0.8405,-0.0503,-20.418,-0.3164,6.9258
72344,-0.2012,0.834,-0.0386,-21.3477,-1.793,5.6055
72367,-0.2086,0.8264,-0.024,-23.6973,-4.123,3.1582
72390,-0.2117,0.8055,0.0258,-25.7637,-5.666,1.3359
72413,-0.218,0.7996,0.0315,-29.3418,-7.8691,-1.4766
72436,-0.2241,0.8229,0.0319,-31.8613,-9.1895,-3.2891
72459,-0.226,0.8218,0.0292,-35.4648,-10.7969,-5.7324
72482,-0.226,0.8206,0.0646,-38.3926,-11.8945,-7.6738
72505,-0.2305,0.7976,0.0862,-39.8125,-12.3574,-8.6289
72528,-0.2375,0.812,0.1122,-41.0742,-12.6797,-9.541
72551,-0.2498,0.7903,0.1232,-41.3262,-12.6758,-9.8223
72574,-0.2651,0.7773,0.1379,-40.8008,-12.373,-9.8164
72597,-0.2572,0.7794,0.111,-39.2109,-11.6738,-9.3418
72620,-0.2521,0.7914,0.1394,-37.5859,-10.9297,-8.7598
72643,-0.2334,0.832,0.1281,-34.3633,-9.3418,-7.4395
72666,-0.2241,0.8204,0.0947,-31.7422,-7.9551,-6.25
72689,-0.2179,0.8209,0.084,-27.2246,-5.4531,-4.0742
72712,-0.2184,0.8096,0.1273,-22.3535,-2.7227,-1.6816
72735,-0.2297,0.8044,0.1422,-19.1992,-0.998,-0.1699
72758,-0.2399,0.8053,0.1184,-15.0273,1.2051,1.6621
72781,-0.2487,0.8145,0.0963,-12.7559,2.3809,2.4609
72804,-0.2408,0.8301,0.1113,-10.2031,3.7285,2.9629
72827,-0.2371,0.8215,0.1277,-9.1113,4.3301,2.7422
72850,-0.223,0.8687,0.1017,-8.459,4.6992,2.3145
72873,-0.2214,0.8284,0.1064,-9.0,4.3184,1.4668
72896,-0.2128,0.8137,0.1272,-10.0059,3.5977,0.8535
72919,-0.2321,0.8063,0.1592,-12.5156,1.7305,-0.1016
72942,-0.2441,0.7795,0.2306,-14.916,-0.0801,-0.7969
72965,-0.2615,0.7892,0.2344,-19.6504,-3.6387,-2.043
72988,-0.2614,0.7932,0.2371,-25.5586,-7.9531,-3.5781
73011,-0.2559,0.7922,0.2385,-29.9336,-11.002,-4.7031
73034,-0.2296,0.8135,0.2596,-36.834,-15.4961,-6.3574
73057,-0.2386,0.792,0.3337,-41.5742,-18.3457,-7.3437
73080,-0.276,0.7634,0.3867,-48.7988,-22.3555,-8.6172
73103,-0.2646,0.7526,0.3654,-55.5645,-25.8633,-9.7285
73126,-0.281,0.7688,0.3224,-59.1699,-27.6719,-10.3887
73149,-0.2825,0.728,0.3558,-62.2852,-29.1914,-11.1582
73172,-0.2609,0.6749,0.4052,-62.6738,-29.4082,-11.4395
73195,-0.2423,0.679,0.464,-61.1992,-29.0293,-11.3867
73218,-0.254,0.6954,0.4219,-59.3027,-28.1094,-10.6602
73241,-0.2699,0.7916,0.389,-55.8066,-27.8535,-9.7285
73264,-0.2335,0.8027,0.4249,-52.4121,-26.9199,-7.5391
73287,-0.2347,0.7333,0.5179,-50.8242,-26.373,-5.6211
73310,-0.204,0.67,0.5414,-50.377,-26.1953,-2.5137
73333,-0.2302,0.6841,0.5789,-51.7148,-26.752,-0.6523
73356,-0.219,0.6727,0.5688,-56.166,-28.4629,1.3008
73379,-0.2144,0.6129,0.6333,-62.8906,-30.6016,1.8906
73402,-0.2106,0.5918,0.6904,-64.0,-31.9551,1.4785
73425,-0.2174,0.6029,0.6899,-64.0,-33.5273,-0.1836
73448,-0.2047,0.6185,0.7432,-64.0,-34.0723,-1.7773
73471,-0.1895,0.6399,0.816,-64.0,-33.8477,-4.4668
73494,-0.2449,0.5358,0.7183,-64.0,-32.1465,-7.0332
73517,-0.2198,0.458,0.7181,-64.0,-30.1992,-8.4746
73540,-0.2186,0.4568,0.7908,-64.0,-26.4609,-10.1328
73563,-0.2308,0.4866,0.7859,-64.0,-23.7266,-10.9297
73586,-0.2349,0.4849,0.7745,-64.0,-19.7695,-11.7285
73609,-0.2338,0.4735,0.8364,-64.0,-16.5703,-12.1895
73632,-0.2203,0.4332,0.8162,-64.0,-15.1953,-12.4648
73655,-0.2163,0.4011,0.8441,-64.0,-14.6895,-13.1699
73678,-0.2573,0.3866,0.8851,-64.0,-15.5449,-14.0078
73701,-0.2028,0.369,0.839,-64.0,-19.0352,-15.9824
73724,-0.1721,0.3441,0.9082,-64.0,-23.2461,-17.832
73747,-0.0985,0.3784,0.9771,-60.0879,-32.627,-21.5469
73770,-0.0465,0.3873,0.9969,-56.4395,-44.6309,-26.5723
73793,-0.0348,0.3488,0.9825,-54.4902,-52.9551,-30.6152
73816,-0.0409,0.3108,0.9476,-53.2578,-63.9512,-37.1582
73839,-0.1025,0.2416,0.995,-54.0488,-64.0,-41.2227
73862,-0.1586,0.2578,1.0309,-57.5488,-64.0,-45.7246
73885,-0.1606,0.2231,1.0673,-62.4082,-64.0,-47.5449
73908,-0.1188,0.1769,1.0876,-64.0,-64.0,-47.4043
73931,-0.0342,0.1766,1.0829,-64.0,-57.2773,-46.2441
73954,0.0073,0.1694,1.0219,-64.0,-50.3027,-45.7266
73977,0.0018,0.1022,0.994,-64.0,-40.8301,-46.6699
74000,0.0271,0.1515,1.0464,-64.0,-34.1191,-50.2012
74023,-0.0118,0.1351,1.0966,-62.627,-31.7676,-53.5566
74046,-0.0565,0.0685,1.0183,-57.8164,-31.3711,-58.6074
74069,-0.1206,-0.0037,1.0221,-54.8828,-32.5313,-61.0352
74092,-0.1288,-0.0603,1.1434,-51.6367,-34.8418,-62.0723
74115,-0.0662,-0.0128,1.1328,-50.1641,-36.0742,-60.7832
74138,0.0079,0.0067,1.0962,-48.3789,-37.3711,-56.2754
74161,0.03,0.0519,1.026,-46.2188,-38.6797,-49.9824
74184,0.0239,0.0476,1.0443,-43.9219,-39.5215,-45.7559
74207,-0.0052,0.0667,1.0271,-37.9648,-39.6934,-40.6836
74230,0.0167,0.1079,1.0299,-31.7891,-38.541,-38.5547
74253,-0.0045,0.0841,0.9817,-19.3789,-34.5938,-37.0859
74276,-0.0468,0.1438,0.9406,-4.793,-27.8789,-36.7461
74299,-0.0371,0.1394,0.9619,4.8887,-21.9336,-36.502
74322,-0.0854,0.0999,0.9764,17.4297,-11.2402,-35.1484
74345,-0.0591,0.1246,1.0831,23.5762,-3.3164,-33.2246
74368,0.0338,0.0676,1.1393,28.7227,8.6074,-28.8105
74391,0.0354,0.0808,1.1515,28.9434,18.3418,-23.1035
74414,0.0092,0.1165,1.1499,26.5449,22.4883,-18.9336
74437,0.0035,0.0729,1.0519,19.6992,24.5508,-12.7031
74460,0.0469,0.0869,0.998,13.3652,23.293,-8.9512
74483,0.0621,0.0745,0.9451,1.9863,18.2266,-4.623
74506,0.0564,0.0742,0.9503,-6.293,13.3418,-2.9609
74529,0.0492,0.0118,0.8624,-18.7852,4.8184,-2.5137
74552,0.0134,-0.0208,0.8499,-30.6602,-4.0488,-3.9922
74575,-0.032,-0.0331,0.8279,-38.0449,-9.5137,-5.5098
74598,-0.0286,-0.0533,0.8654,-48.0176,-16.1445,-7.7988
74621,0.0006,-0.1478,0.8761,-53.6895,-19.2344,-9.0742
74644,-0.0106,-0.3942,0.8571,-60.2441,-22.084,-10.5996
74667,0.0271,-0.0814,0.8065,-63.8477,-23.25,-11.8535
74690,0.0538,-0.0035,0.8784,-64.0,-23.127,-12.6992
74713,0.0398,-0.0713,1.0112,-61.4688,-21.9375,-14.3906
74736,0.0398,-0.1234,1.0387,-57.3281,-20.7168,-15.8945
74759,0.035,-0.0947,1.0559,-48.332,-18.3691,-18.248
74782,0.0403,-0.0365,1.1177,-37.2813,-15.5176,-19.6621
74805,0.0593,-0.0237,1.1475,-29.4512,-13.5469,-19.5996
74828,0.0782,-0.089,1.108,-17.8672,-10.7969,-17.8906
74851,0.0717,-0.1422,1.0657,-10.7656,-9.1211,-15.9785
74874,0.0509,-0.1486,1.0256,-1.9609,-6.5957,-12.6855
74897,-0.0297,-0.1293,1.0085,2.3105,-4.7168,-9.4961
74920,-0.0674,-0.1055,0.9573,6.2402,-1.3438,-7.5469
74943,-0.1086,-0.0905,0.9539,7.7695,2.8086,-4.9961
74966,-0.0989,-0.0889,0.9965,7.9648,5.9492,-3.7031
74989,-0.0393,-0.0841,1.0089,7.7617,10.7832,-2.6543
75012,-0.0305,-0.041,1.056,7.5469,13.6387,-2.5371
75035,0.0084,-0.0483,1.0665,7.2148,16.5684,-2.916
75058,0.0107,-0.0692,1.0337,6.7285,17.1797,-3.3496
75081,-0.0176,-0.0227,1.0403,6.1562,16.2324,-3.334
75104,-0.0201,-0.0116,1.1025,4.8437,13.2852,-2.5723
75127,-0.0017,-0.0275,1.062,3.7715,10.7363,-1.5859
75150,0.0055,-0.0507,1.0305,2.0039,6.7891,0.3301
75173,-0.0032,-0.0563,1.0403,0.0,3.4766,2.2695
75196,-0.0248,-0.0828,1.0229,-1.4746,1.9375,3.3477
75219,-0.0432,-0.089,1.0273,-3.8086,0.873,4.5
75242,-0.0245,-0.0759,1.051,-5.3418,0.9941,5.002
75265,-0.0428,-0.0469,1.037,-7.3281,2.1855,5.5449
75288,-0.1063,-0.0503,1.0242,-8.25,4.4766,5.9805
75311,-0.1212,-0.0701,1.0238,-8.8379,5.9785,6.207
75334,-0.1295,-0.1045,1.019,-8.6348,8.9316,6.4824
75357,-0.0884,-0.1005,1.0289,-8.3457,10.9512,6.6641
75380,-0.0559,-0.0818,1.0338,-8.1367,13.5625,6.9766
75403,-0.077,-0.0605,1.0591,-8.3047,14.6836,7.2324
75426,-0.0754,-0.1115,1.0333,-9.0977,15.0,7.7793
75449,-0.0789,-0.1342,1.0004,-10.5371,13.5254,8.6504
75472,-0.0786,-0.1233,1.0153,-11.7949,11.6875,9.3906
75495,-0.0725,-0.1073,1.0293,-13.7148,8.127,10.4687
75518,-0.0601,-0.087,1.0505,-14.623,5.5312,10.9355
75541,-0.0688,-0.1215,1.0386,-14.8418,1.8145,10.9551
75564,-0.1001,-0.1248,1.0162,-13.5254,-1.2441,10.1621
75587,-0.0807,-0.1289,1.0327,-11.9883,-2.7695,9.332
75610,-0.0559,-0.1276,1.0389,-9.1602,-4.2832,7.8848
75633,-0.0356,-0.1495,1.0094,-7.1875,-4.8789,6.877
75656,-0.067,-0.1252,1.0356,-4.5,-5.4023,5.4805
75679,-0.0471,-0.1035,1.0576,-3.043,-5.707,4.5449
75702,-0.0286,-0.1206,1.0179,-1.4453,-5.8926,4.3555
75725,-0.0558,-0.0884,1.0258,-0.5801,-6.2109,4.834
75748,-0.0615,-0.0632,1.0553,-0.3535,-6.4219,5.6289
75771,-0.0295,-0.049,1.0513,-0.2812,-6.6465,7.2949
75794,-0.0236,-0.0608,1.0376,-0.2598,-6.707,8.4902
75817,-0.0491,-0.0687,1.0394,-0.1504,-6.6914,10.0391
75840,-0.0472,-0.0587,1.0435,0.0742,-6.5645,11.0527
75863,-0.0286,-0.0551,1.0455,0.2988,-6.4004,11.3516
75886,-0.0356,-0.0553,1.043,0.7441,-6.0312,11.2051
75909,-0.0446,-0.0576,1.038,1.0977,-5.6953,10.7461
75932,-0.0408,-0.054,1.0385,1.6797,-5.0293,9.6328
75955,-0.0138,-0.0554,1.0641,2.293,-4.2012,8.166
75978,0.0051,-0.0619,1.0537,2.6836,-3.666,7.1055
76001,-0.03,-0.0641,1.0363,3.1328,-3.0684,5.5996
76024,-0.0333,-0.0563,1.0497,3.2598,-2.8242,4.7656
76047,-0.0288,-0.0413,1.0422,3.1191,-2.6113,3.8984
76070,-0.0291,-0.0168,1.0586,2.6055,-2.4687,3.5273
76093,-0.0325,-0.0209,1.0397,2.0977,-2.3652,3.5195
76116,-0.0542,-0.04,1.0237,1.1309,-2.1465,3.7617
76139,-0.0619,-0.0283,1.053,0.3633,-1.916,4.0078
76162,-0.0386,-0.0461,1.0476,-0.9023,-1.4004,4.2988
76185,-0.0168,-0.0649,1.0266,-1.7793,-0.9746,4.3125
76208,-0.0095,-0.0504,1.0551,-3.1152,-0.2988,3.9004
76231,-0.0435,-0.0806,1.0284,-4.3965,0.2676,3.0195
76254,-0.0668,-0.0864,1.0165,-5.1895,0.5371,2.3457
76277,-0.0524,-0.0548,1.0505,-6.2715,0.8145,1.5527
76300,-0.0415,-0.069,1.0369,-6.8809,0.9004,1.3125
76323,-0.0438,-0.0734,1.0319,-7.5801,0.8164,1.4883
76346,-0.0166,-0.0411,1.073,-8.043,0.4961,2.1875
76369,-0.0131,-0.0723,1.041,-8.2363,0.1621,2.8223
76392,-0.0549,-0.0856,1.0212,-8.5059,-0.5254,3.9453
76415,-0.0234,-0.0573,1.0586,-8.793,-1.0449,4.8184
76438,-0.02,-0.0833,1.0413,-9.4297,-1.8242,6.2539
76461,-0.0309,-0.083,1.0363,-10.2129,-2.5332,7.6094
76484,-0.0192,-0.0526,1.0704,-10.7187,-2.8848,8.3086
76507,-0.0302,-0.0581,1.0527,-11.2637,-3.166,8.8906
76530,-0.0366,-0.0605,1.054,-11.4238,-3.1699,8.9473
76553,0.0171,-0.0328,1.0907,-11.3867,-2.8848,8.5742
76576,0.0251,-0.0392,1.0576,-11.2207,-2.5703,7.5664
76599,-0.0248,-0.0554,1.0454,-10.9121,-2.1055,7.0625
76622,-0.0264,-0.0704,1.0601,-10.7559,-1.6953,5.9863
76645,-0.0059,-0.0892,1.0713,-10.7832,-1.3906,5.2598
76668,0.001,-0.1169,1.0492,-10.9687,-0.7734,3.9941
76691,-0.0199,-0.1348,1.0375,-11.166,-0.1914,2.9062
76714,-0.0345,-0.1312,1.0507,-11.5469,1.0078,0.834
76737,-0.0392,-0.1399,1.0411,-11.9336,2.582,-1.6055
76760,-0.0657,-0.1577,1.0262,-12.1406,3.7754,-3.25
76783,-0.0701,-0.1484,1.0359,-12.3437,5.6562,-5.4238
76806,-0.0774,-0.1627,1.0275,-12.4102,6.877,-6.5117
76829,-0.08,-0.142,1.0349,-12.4062,8.4902,-7.4355
76852,-0.0754,-0.1454,1.0321,-12.2598,9.6953,-7.5195
76875,-0.1033,-0.1547,1.0129,-12.0645,10.2168,-7.1914
76898,-0.1024,-0.1519,1.0215,-11.6289,10.5977,-6.2891
76921,-0.1139,-0.1396,1.0232,-11.2383,10.6328,-5.5371
76944,-0.1201,-0.1318,1.0272,-10.4668,10.4629,-4.4258
76967,-0.111,-0.1273,1.0331,-9.8105,10.2617,-3.5898
76990,-0.1218,-0.1675,1.0143,-8.6484,9.877,-3.2715
77013,-0.1486,-0.1804,1.0031,-7.4414,9.4062,-3.127
77036,-0.1218,-0.1615,1.0215,-6.7227,9.0625,-3.1875
77059,-0.1122,-0.1576,1.0342,-5.8555,8.4551,-3.373
77082,-0.1146,-0.1615,1.0299,-5.416,7.9219,-3.4824
77105,-0.1244,-0.1592,1.0165,-4.9414,6.8867,-3.5117
77128,-0.1458,-0.1575,1.0175,-4.6562,5.6387,-3.2969
77151,-0.1516,-0.1289,1.0264,-4.5234,4.7695,-3.0059
77174,-0.1521,-0.137,1.024,-4.2715,3.5508,-2.4434
77197,-0.1461,-0.1597,1.011,-3.9961,2.8555,-2.1113
77220,-0.1494,-0.1664,1.0153,-3.3926,2.0527,-1.9492
77243,-0.136,-0.1483,1.033,-2.5293,1.5176,-2.4805
77266,-0.1111,-0.1534,1.0219,-1.7734,1.2383,-3.3086
77289,-0.1218,-0.1691,1.017,-0.4453,0.7422,-5.0996
77312,-0.1104,-0.167,1.0258,0.4492,0.2695,-6.4082
77335,-0.0825,-0.1404,1.0408,1.5977,-0.7187,-8.0586
77358,-0.0659,-0.1323,1.0541,2.168,-2.043,-8.9395
77381,-0.0801,-0.1353,1.0503,2.6953,-3.0664,-8.9785
77404,-0.0775,-0.1276,1.0465,2.8418,-4.6367,-8.1934
77427,-0.069,-0.1143,1.0497,2.7656,-5.5762,-7.1719
77450,-0.0723,-0.1013,1.0608,2.4648,-6.6426,-5.0937
77473,-0.0587,-0.0814,1.0604,2.1875,-7.0508,-3.4902
77496,-0.0759,-0.0559,1.0546,1.7168,-7.168,-1.0039
77519,-0.0983,-0.0514,1.0654,1.2344,-6.7129,1.3281
77542,-0.1002,-0.0691,1.0575,0.9219,-6.127,2.6777
77565,-0.0973,-0.0741,1.0343,0.4492,-4.9082,4.207
77588,-0.126,-0.1058,1.0264,0.084,-3.9316,4.8086
77611,-0.1362,-0.1375,1.0074,-0.6367,-2.3398,5.0488
77634,-0.1183,-0.1437,1.0198,-1.6504,-0.7578,4.5977
77657,-0.0983,-0.1439,1.0315,-2.4668,0.168,3.9961
77680,-0.1194,-0.1455,1.0215,-3.7539,1.1621,2.8047
77703,-0.1111,-0.1466,1.0269,-4.5527,1.4941,1.9512
77726,-0.0908,-0.1479,1.0321,-5.5176,1.4844,0.8086
77749,-0.0895,-0.1185,1.0344,-6.4355,0.9434,0.0137
77772,-0.0909,-0.0996,1.0474,-6.1387,0.373,-0.2773
77795,-0.1167,-0.109,1.0259,-5.7988,-0.6484,-0.3184
77818,-0.118,-0.092,1.0367,-5.3184,-1.3418,-0.0742
77841,-0.0989,-0.071,1.0557,-4.3574,-2.2539,0.627
77864,-0.0743,-0.077,1.0535,-3.6348,-2.7324,1.1934
77887,-0.0858,-0.0961,1.0289,-2.5879,-3.2383,1.9277
77910,-0.1122,-0.1084,1.0369,-1.8223,-3.4902,2.3262
77933,-0.093,-0.1208,1.0504,-1.5605,-3.5293,2.3945
77956,-0.0585,-0.1355,1.0374,-1.5859,-3.4355,2.207
77979,-0.0653,-0.132,1.0352,-1.8613,-3.3047,1.8828
78002,-0.1241,-0.1171,1.0444,-2.5547,-3.0566,1.1621
78025,-0.1006,-0.1183,1.0417,-3.3613,-2.7812,0.3926
78048,-0.089,-0.1133,1.0332,-3.8418,-2.5801,-0.0352
78071,-0.0951,-0.1121,1.0273,-4.3691,-2.2324,-0.4766
78094,-0.11,-0.1046,1.0425,-4.5664,-1.9766,-0.6309
78117,-0.0947,-0.098,1.0405,-4.6191,-1.5879,-0.6484
78140,-0.0881,-0.1025,1.0449,-4.4316,-1.2734,-0.4473
78163,-0.0826,-0.1122,1.0347,-4.2266,-1.1367,-0.2559
78186,-0.0836,-0.1144,1.0449,-3.8984,-1.0488,0.0078
78209,-0.0809,-0.1158,1.0465,-3.7129,-1.0586,0.1348
78232,-0.0762,-0.1241,1.0332,-3.5488,-1.1563,0.2402
78255,-0.0969,-0.1012,1.0419,-3.5312,-1.248,0.2578
78278,-0.1034,-0.1039,1.0391,-3.6074,-1.3613,0.2324
78301,-0.1068,-0.1079,1.017,-3.748,-1.3672,0.1816
78324,-0.1282,-0.0823,1.0339,-3.8613,-1.2852,0.1484
78347,-0.1368,-0.0839,1.0194,-4.0078,-1.0488,0.0859
78370,-0.1432,-0.0787,0.9989,-4.0684,-0.8516,0.0117
78393,-0.1709,-0.0811,1.0083,-4.1328,-0.584,-0.1953
78416,-0.1731,-0.0615,0.994,-4.1973,-0.4863,-0.5469
78439,-0.1691,-0.0507,1.0057,-4.2363,-0.5937,-0.9004
78462,-0.1296,-0.1377,1.0198,-4.3027,-1.1523,-1.666
78485,-0.0604,-0.1815,1.0212,-4.4199,-1.8691,-2.3457
78508,0.002,-0.1918,1.0499,-4.8789,-3.5703,-3.6289
78531,0.0273,-0.238,1.05,-5.7266,-6.0254,-5.1426
78554,-0.0009,-0.2467,1.0498,-6.4434,-7.9766,-6.1367
78577,-0.0071,-0.238,1.0419,-7.502,-11.0156,-7.2734
78600,0.0322,-0.2772,1.0442,-8.0117,-12.8613,-7.6094
78623,0.0286,-0.3284,1.0146,-8.2422,-15.0,-7.2383
78646,0.0201,-0.3292,1.0221,-7.998,-15.8789,-5.5508
78669,0.0789,-0.2963,1.0573,-7.0723,-16.2949,-3.5391
78692,0.1093,-0.2345,1.0728,-5.5508,-15.8281,1.0313
78715,0.0425,-0.1869,1.0162,-4.2812,-15.2305,5.2363
78738,-0.059,-0.0942,1.0186,-2.2051,-14.0488,13.4395
78761,0.0032,0.007,1.0837,-0.7793,-13.0312,20.082
78784,0.0367,0.0769,1.0513,1.4707,-11.2148,31.0605
78807,-0.0647,0.0295,1.0435,3.6504,-9.4082,42.0449
78830,0.0009,-0.0793,1.0925,4.6641,-8.3613,48.8594
78853,0.1941,-0.1378,1.0973,4.7891,-7.1875,57.6055
78876,0.1635,-0.1608,1.0813,3.6582,-6.8711,62.0547
78899,0.085,-0.1362,1.0994,0.0449,-7.25,63.998
78922,0.088,-0.1176,1.0728,-5.2402,-8.1934,63.998
78945,0.0399,-0.127,1.0104,-9.0937,-8.6875,63.998
78968,-0.0648,-0.1315,0.9747,-14.4648,-8.5957,63.998
78991,-0.0764,-0.0782,1.0651,-17.291,-7.7637,63.998
79014,0.1002,-0.0133,1.1283,-19.6113,-5.4297,63.998
79037,0.1394,-0.0551,1.1129,-19.541,-2.4805,63.998
79060,0.1038,-0.1061,1.0935,-17.1035,-0.6113,63.998
79083,0.0378,-0.1041,1.0662,-12.9121,1.7715,63.998
79106,0.0094,-0.1317,1.0377,-9.9258,3.1035,62.1465
79129,-0.048,-0.1846,1.0088,-6.1895,4.9414,59.0078
79152,0.0048,-0.1357,1.0306,-4.6289,6.1758,57.5156
79175,0.0236,-0.1392,1.0277,-3.959,8.1016,56.4648
79198,-0.0824,-0.1119,0.9607,-5.0684,10.0762,56.9395
79221,-0.2056,-0.0549,1.0571,-6.5,11.4297,58.1738
79244,-0.0559,-0.0737,1.1425,-9.043,13.3672,61.4336
79267,-0.1536,-0.1017,1.0427,-10.7227,14.293,63.998
79290,-0.2278,-0.1578,0.916,-13.3535,14.7715,63.998
79313,-0.1329,-0.0897,1.0244,-16.748,14.4844,63.998
79336,-0.0237,-0.0776,1.0386,-19.5527,14.0059,63.998
79359,-0.043,-0.0593,1.0964,-24.3496,12.4941,63.998
79382,-0.0381,0.0607,1.1383,-27.7578,10.6855,63.998
79405,-0.0818,-0.1028,0.9385,-32.9785,6.5449,61.375
79428,-0.0836,-0.1389,1.1451,-36.4766,1.0332,52.8691
79451,0.0386,-0.235,1.0416,-41.1348,-2.8789,46.4609
79474,-0.0624,-0.392,0.9409,-43.7598,-8.2539,35.5938
79497,0.0933,-0.3689,1.0258,-43.7422,-10.9238,27.4551
79520,-0.0126,-0.4161,1.0499,-40.4473,-12.6465,14.5234
79543,-0.0952,-0.1816,0.9983,-35.9277,-11.8027,6.168
79566,-0.1385,-0.0891,0.9824,-25.9551,-6.8184,-4.4805
79589,-0.145,-0.1157,1.0474,-12.9648,2.2852,-11.582
79612,-0.1316,-0.0247,1.0402,-3.2266,9.7344,-14.0996
79635,-0.1365,0.0128,1.024,11.9473,20.9473,-14.957
79658,-0.0878,-0.0264,1.0313,21.8262,27.2324,-14.1035
79681,-0.1326,-0.0433,1.0634,35.3867,33.2227,-11.7383
79704,-0.1322,-0.0844,1.0483,46.7148,34.2363,-9.2871
79727,-0.1099,-0.1233,1.0769,52.8398,32.1953,-8.1816
79750,-0.1238,-0.0449,1.0206,59.8711,25.6895,-7.9941
79773,-0.1438,-0.017,0.9933,63.2285,19.5938,-9.1172
79796,-0.1361,-0.0596,1.0219,63.998,8.9141,-12.8145
79819,-0.1199,0.0731,1.0409,63.998,-2.2031,-18.627
79842,-0.1738,0.1439,0.9865,63.998,-9.1152,-23.3496
79865,-0.1482,0.1331,0.9904,63.998,-17.8438,-31.1055
79888,-0.1295,0.1633,1.0664,63.998,-22.2949,-36.3691
79911,-0.0737,0.2324,0.9968,61.2227,-26.8438,-44.0293
79934,-0.0063,0.2528,0.9777,57.2559,-28.5078,-49.043
79957,-0.1128,0.1737,1.0322,49.7754,-28.8281,-56.8047
79980,-0.22,0.0785,0.9894,40.8535,-26.0352,-64.0
80003,-0.1862,0.0237,0.9843,34.1563,-22.375,-64.0
80026,-0.2114,-0.0477,0.9036,22.9746,-14.5,-64.0
80049,-0.2524,-0.0608,0.8167,14.9961,-7.9727,-64.0
80072,-0.364,0.046,0.7527,3.4746,2.8672,-64.0
80095,-0.4995,0.1353,0.7013,-4.8906,13.8789,-64.0
80118,-0.5782,0.2635,0.6837,-7.0332,20.8809,-64.0
80141,-0.4351,0.1917,0.5974,-3.3008,30.2559,-64.0
80164,-0.2571,0.004,0.5968,3.8809,34.9063,-64.0
80187,-0.1254,-0.0238,0.6603,19.8828,37.168,-64.0
80210,0.0389,-0.0592,0.8335,38.6816,31.3418,-64.0
80233,0.1348,-0.1157,0.9369,50.8242,22.4531,-64.0
80256,0.1354,-0.1215,0.9282,63.998,2.7754,-64.0
80279,0.0541,-0.0271,1.006,63.998,-12.9121,-64.0
80302,0.0643,0.0717,1.0007,63.998,-36.2461,-64.0
80325,0.0184,0.1283,1.0635,63.998,-49.1172,-64.0
80348,-0.0671,0.2539,1.1116,63.998,-60.7285,-64.0
80371,-0.1149,0.2675,1.1409,63.998,-60.252,-64.0
80394,-0.1633,0.2471,1.1553,63.998,-52.7832,-64.0
80417,-0.2709,0.275,0.9385,63.998,-32.1895,-64.0
80440,-0.3138,0.2686,0.9567,63.998,-13.5703,-64.0
80463,-0.4569,0.2583,0.9625,63.998,18.3809,-58.209
80486,-0.5461,0.5002,1.0175,63.998,50.3008,-50.4492
80509,-0.4301,0.6141,0.8113,63.998,63.998,-43.7148
80532,-0.3092,0.6346,0.7452,63.998,63.998,-30.6211
80555,-0.4812,0.8798,0.4906,63.998,63.998,-19.957
80578,-0.7666,0.8375,0.3701,63.998,63.998,-1.0625
80601,-0.6857,0.7269,0.3278,63.998,63.998,21.2031
80624,-0.5908,0.655,0.0895,63.998,63.998,37.4082
80647,-0.5608,0.6378,0.0983,63.998,63.998,61.7637
80670,-0.4291,0.7651,0.2157,63.998,63.998,63.998
80693,-0.3988,0.9348,0.3129,63.998,63.998,63.998
80716,-0.5012,0.8531,0.0975,63.998,63.998,63.998
80739,-0.5387,0.7671,-0.0177,63.998,63.998,63.998
80762,-0.2524,0.8638,0.0645,63.998,63.998,63.998
80785,-0.301,0.8795,0.0452,63.998,63.998,63.998
80808,-0.549,0.8007,-0.125,63.998,63.998,51.8945
80831,-0.5044,0.7118,-0.235,63.998,63.998,39.5625
80854,-0.4198,0.6956,-0.0875,63.998,63.998,24.5898
80877,-0.3644,0.7231,-0.0254,63.0527,63.998,14.9785
80900,-0.4318,0.72,-0.127,54.9551,63.998,11.3555
80923,-0.4271,0.7358,-0.0834,42.0234,63.998,9.1465
80946,-0.4272,0.7549,-0.0724,33.625,63.998,9.1602
80969,-0.4196,0.7147,-0.1187,22.4219,54.5801,10.3047
80992,-0.3853,0.7162,-0.078,13.7168,43.2188,11.7324
81015,-0.3746,0.7458,-0.1544,9.584,36.5313,12.4297
81038,-0.3529,0.7852,-0.1477,5.9727,28.3281,12.8281
81061,-0.3555,0.7544,-0.1578,5.1387,24.1543,12.6816
81084,-0.3269,0.79,-0.0802,5.6797,19.5723,12.0898
81107,-0.3282,0.8068,-0.1284,6.8984,16.377,11.457
81130,-0.322,0.7893,-0.1508,9.5469,15.0508,11.1992
81153,-0.3118,0.7867,-0.158,12.6172,13.6582,11.2656
81176,-0.3076,0.7495,-0.2255,14.5723,13.1113,11.6758
81199,-0.2726,0.8514,-0.1384,16.8105,12.5781,12.8613
81222,-0.3212,0.7802,-0.2488,17.6133,12.3223,13.9258
81245,-0.3065,0.7877,-0.1703,17.5508,12.1348,15.6035
81268,-0.3013,0.7247,-0.1594,15.8711,12.2402,16.9473
81291,-0.2845,0.7434,-0.1667,13.9219,12.4355,17.457
81314,-0.283,0.7721,-0.1639,10.0527,12.7461,17.4902
81337,-0.2725,0.8077,-0.1526,7.1016,12.8301,17.0332
81360,-0.2694,0.7885,-0.1561,2.6074,12.5645,15.7637
81383,-0.2683,0.7484,-0.1719,-1.4434,11.75,14.0039
81406,-0.2454,0.7747,-0.1613,-3.666,10.9687,12.6934
81429,-0.2581,0.8059,-0.1814,-6.0684,9.5957,10.7402
81452,-0.2709,0.7836,-0.1733,-7.0469,8.6191,9.5703
81475,-0.2626,0.7643,-0.2024,-7.7227,7.1973,8.1465
81498,-0.2294,0.7727,-0.1714,-7.7773,5.9805,7.1465
81521,-0.2528,0.7935,-0.1824,-7.5527,5.2891,6.6836
81544,-0.2412,0.7764,-0.2101,-7.3711,4.3652,6.2227
81567,-0.2303,0.7917,-0.1445,-7.4766,3.7891,6.0332
81590,-0.245,0.7524,-0.1353,-8.1562,2.9414,5.9121
81613,-0.2643,0.7444,-0.1489,-8.9844,2.3633,5.9648
81636,-0.2485,0.8053,-0.11,-10.5977,1.5664,6.291
81659,-0.2567,0.723,-0.1571,-12.1406,1.0625,6.9473
81682,-0.2417,0.7628,-0.1531,-12.8184,1.002,7.5684
81705,-0.2189,0.7981,-0.1516,-12.9453,1.4688,8.7461
81728,-0.2124,0.7959,-0.1742,-12.3047,2.2187,9.666
81751,-0.1843,0.8232,-0.1935,-10.2344,3.9863,11.168
81774,-0.1699,0.799,-0.2206,-7.1016,6.2656,12.6895
81797,-0.1594,0.834,-0.1862,-4.7324,7.8086,13.6074
81820,-0.1615,0.8137,-0.2218,-1.3574,9.7305,14.6543
81843,-0.1558,0.8309,-0.1835,0.4434,10.5547,15.0176
81866,-0.1758,0.7853,-0.1724,2.0117,10.8984,14.9043
81889,-0.1929,0.7776,-0.1515,1.8555,10.0977,13.8848
81912,-0.1919,0.7737,-0.1508,0.7246,8.9844,12.7051
81935,-0.1837,0.7917,-0.1516,-2.3184,6.6836,10.334
81958,-0.182,0.7952,-0.1578,-4.9805,4.9551,8.5137
81981,-0.1775,0.8087,-0.1538,-9.3242,2.498,5.7793
82004,-0.1737,0.8179,-0.1527,-12.125,1.1387,4.1523
82027,-0.1842,0.7964,-0.1442,-15.793,-0.3359,2.2539
82050,-0.1768,0.8046,-0.1165,-18.6445,-1.1719,1.1172
82073,-0.173,0.819,-0.1324,-20.0879,-1.4414,0.7773
82096,-0.1697,0.8392,-0.1301,-21.5859,-1.5078,0.8223
82119,-0.1655,0.8447,-0.1255,-22.127,-1.3672,1.168
82142,-0.1611,0.8115,-0.1353,-22.207,-0.9453,2.0293
82165,-0.1561,0.8263,-0.144,-21.3672,-0.3457,3.1074
82188,-0.1572,0.8165,-0.1392,-20.3281,0.1133,3.8262
82211,-0.1616,0.8311,-0.1454,-18.2129,0.8242,4.7461
82234,-0.1577,0.8069,-0.1484,-16.5898,1.2695,5.1836
82257,-0.1539,0.8192,-0.1501,-14.1797,1.8008,5.5059
82280,-0.1499,0.8199,-0.1178,-12.2383,2.0059,5.4141
82303,-0.1495,0.8002,-0.0714,-11.4316,1.877,5.1387
82326,-0.1652,0.7881,-0.0806,-11.166,1.2383,4.459
82349,-0.1561,0.8121,-0.0797,-11.623,0.5977,3.8809
82372,-0.1483,0.9745,-0.1115,-13.0898,-0.4453,2.9414
82395,-0.158,0.7948,-0.0627,-14.4199,-1.0527,2.3379
82418,-0.157,0.8252,-0.0341,-16.627,-1.7148,1.5254
82441,-0.1505,0.8212,-0.0602,-18.7148,-2.1055,0.8418
82464,-0.1453,0.8297,-0.079,-19.832,-2.25,0.459
82487,-0.1503,0.8324,-0.0824,-20.8711,-2.3398,-0.0391
82510,-0.1461,0.829,-0.0784,-21.1289,-2.3691,-0.3633
82533,-0.1537,0.8232,-0.0629,-21.1074,-2.5371,-0.959
82556,-0.1713,0.8223,-0.0085,-21.1816,-3.1602,-1.8652
82579,-0.1869,0.818,0.0243,-21.6406,-4.0391,-2.7441
82602,-0.218,0.8193,-0.0012,-23.332,-6.3066,-4.5566
82625,-0.2211,0.8085,0.0447,-25.2285,-8.4785,-6.0645
82648,-0.2053,0.8065,0.1018,-29.1445,-12.6387,-8.541
82671,-0.2003,0.8059,0.1155,-33.9023,-17.6328,-10.8105
82694,-0.2012,0.8141,0.11,-37.1465,-21.127,-11.9258
82717,-0.1976,0.8197,0.1514,-41.4141,-25.8809,-12.666
82740,-0.209,0.8223,0.1229,-43.4531,-28.2617,-12.4414
82763,-0.2101,0.814,0.1138,-44.6895,-30.0391,-11.0762
82786,-0.2068,0.8208,0.1362,-44.1172,-29.4043,-8.791
82809,-0.1986,0.8198,0.1024,-41.2969,-28.0156,-7.0059
82832,-0.182,0.8221,0.1362,-36.7656,-24.9043,-4.3203
82855,-0.1984,0.8157,0.1182,-33.3223,-22.6426,-2.7207
82878,-0.1978,0.807,0.1383,-28.4414,-19.5723,-0.8594
82901,-0.2021,0.8042,0.2041,-25.8848,-18.0273,-0.0664
82924,-0.1993,0.8005,0.2467,-23.7109,-16.793,0.3848
82947,-0.214,0.7917,0.1888,-23.7773,-16.8633,-0.0371
82970,-0.2104,0.7993,0.174,-24.9961,-17.4063,-0.7461
82993,-0.2024,0.8065,0.2489,-28.3711,-18.5547,-2.2695
83016,-0.2006,0.7676,0.3004,-31.5195,-19.4258,-3.457
83039,-0.2266,0.7817,0.2971,-37.2129,-20.8105,-5.293
83062,-0.2208,0.7883,0.3127,-43.3984,-22.0547,-6.9883
83085,-0.2126,0.7781,0.3588,-47.3574,-22.627,-7.9258
83108,-0.2286,0.765,0.3708,-52.3457,-22.9023,-8.8828
83131,-0.2394,0.7433,0.3691,-54.6465,-22.6133,-9.1582
83154,-0.235,0.7557,0.3879,-56.1348,-21.4063,-8.9922
83177,-0.2295,0.7419,0.3733,-55.7891,-19.3926,-8.1582
83200,-0.2174,0.7328,0.4358,-53.627,-17.791,-7.2812
83223,-0.1987,0.7009,0.4958,-50.3848,-15.4199,-5.6289
83246,-0.2185,0.7094,0.4365,-48.2559,-14.1055,-4.3809
83269,-0.2233,0.8013,0.4749,-46.0566,-12.8242,-2.3145
83292,-0.1908,0.7906,0.4878,-45.5156,-12.4766,-0.7852
83315,-0.1903,0.802,0.4869,-45.6055,-12.4492,1.6055
83338,-0.1978,0.8579,0.4568,-45.1699,-12.2773,3.6895
83361,-0.2285,1.0125,0.4824,-43.5723,-11.6152,4.6035
83384,-0.2098,0.874,0.5168,-38.3555,-9.5,4.6992
83407,-0.1876,0.6877,0.5667,-33.125,-7.4453,3.4902
83430,-0.2246,0.7428,0.5699,-23.5254,-3.6289,-0.8535
83453,-0.2168,0.6464,0.2362,-12.791,1.248,-8.1797
83476,-0.2679,0.7001,0.1703,-5.4062,5.3359,-14.2207
83499,-0.2826,0.7831,0.361,5.7676,12.6094,-23.6074
83522,-0.2469,0.6495,0.4454,13.3828,17.8008,-29.1953
83545,-0.3706,0.5641,0.3081,25.2051,25.4316,-35.498
83568,-0.3098,0.631,0.2729,37.1816,32.8203,-38.6328
83591,-0.4092,0.5988,0.155,44.6055,37.8301,-38.75
83614,-0.4331,0.7582,0.2689,54.1523,45.5195,-35.6953
83637,-0.4875,0.8534,0.1632,58.8809,50.5449,-31.4512
83660,-0.377,0.7001,0.1466,63.3809,57.5039,-22.3105
83683,-0.3302,0.6506,0.1353,63.998,61.5234,-15.1191
83706,-0.3416,0.7124,0.0952,63.998,63.998,-4.0645
83729,-0.2397,0.6598,-0.1003,63.998,63.998,6.3809
83752,-0.2179,0.5868,-0.1544,63.998,63.998,12.873
83775,-0.2445,0.71,-0.0371,63.998,63.998,22.1465
83798,-0.2748,0.9161,0.0529,63.998,60.1992,28.2832
83821,-0.2845,1.0157,-0.0815,63.998,50.4785,37.5918
83844,-0.2065,0.8759,-0.0786,62.709,38.3203,46.0879
83867,-0.2052,0.8314,0.0376,55.8125,29.6113,50.2422
83890,-0.2083,0.8438,0.1039,41.334,16.5996,52.6914
83913,-0.2272,0.8096,0.0109,29.4668,8.4922,51.4102
83936,-0.2323,0.7134,0.0375,9.832,-1.9922,45.373
83959,-0.2122,0.7587,0.0881,-10.1406,-9.957,35.6426
83982,-0.2072,0.9056,0.1642,-22.752,-13.8848,28.0938
84005,-0.2599,1.087,0.2384,-39.5547,-17.8984,16.7715
84028,-0.1855,0.6549,0.1989,-48.9629,-19.416,9.8926
84051,-0.1641,0.8617,0.1718,-60.4648,-20.2383,0.9668
84074,-0.1625,0.7952,0.2228,-64.0,-20.1836,-6.0117
84097,-0.2767,0.8401,0.2153,-64.0,-20.2676,-9.7598
84120,-0.1936,0.7825,0.3472,-64.0,-21.8281,-13.0117
84143,-0.2041,0.7714,0.3744,-64.0,-23.959,-13.7969
84166,-0.1886,0.7681,0.4259,-64.0,-28.5156,-13.2285
84189,-0.1899,0.7472,0.4381,-64.0,-32.0684,-11.9199
84212,-0.1985,0.8727,0.5151,-64.0,-37.1445,-9.0195
84235,-0.1399,0.9291,0.3722,-64.0,-40.4258,-5.6719
84258,-0.2479,0.9136,0.296,-64.0,-41.0645,-3.6367
84281,-0.0724,0.8096,0.4553,-64.0,-39.9277,-1.5879
84304,-0.1862,0.8069,0.5083,-64.0,-38.3633,-1.3789
84327,-0.2479,0.8536,0.5741,-64.0,-35.7617,-3.416
84350,-0.1899,0.7665,0.6849,-64.0,-33.2715,-8.5449
84373,-0.1639,0.5399,0.7072,-64.0,-31.7285,-13.7246
84396,-0.2352,0.4254,0.6689,-64.0,-29.7852,-23.7285
84419,-0.2986,0.7001,0.6226,-64.0,-28.7227,-31.1875
84442,-0.4445,0.7572,0.5691,-64.0,-26.8652,-41.8691
84465,-0.4475,0.5483,0.5165,-64.0,-24.9844,-50.2988
84488,-0.4108,0.4478,0.7283,-64.0,-20.8066,-54.3535
84511,-0.3137,0.2808,0.6991,-64.0,-15.334,-58.5547
84534,-0.3621,0.219,0.6282,-64.0,-11.4258,-60.5
84557,-0.4343,0.2843,0.6354,-63.6836,-5.8906,-62.416
84580,-0.4395,0.3015,0.6162,-60.7734,-2.6621,-62.9316
84603,-0.4325,0.2323,0.4164,-56.332,1.4375,-62.3398
84626,-0.4458,0.2738,0.4988,-51.5488,4.7305,-60.1543
84649,-0.338,0.3691,0.5933,-48.0664,6.1504,-57.8828
84672,-0.3511,0.2972,0.8276,-41.8398,5.8223,-53.2324
84695,-0.3009,0.567,0.7986,-36.498,3.2637,-49.2109
84718,-0.2798,0.7457,0.9617,-26.2832,-4.541,-41.541
84741,-0.3552,0.6385,1.0024,-14.6543,-16.0703,-31.6289
84764,-0.3621,0.4191,0.9878,-7.6934,-24.6484,-23.6719
84787,-0.3467,0.4258,1.0105,-1.125,-36.6914,-10.1172
84810,-0.2876,0.403,0.9814,-0.3066,-43.1309,-0.6289
84833,-0.2469,0.4385,0.8463,-4.6348,-49.1465,12.6973
84856,-0.2982,0.4331,0.72,-10.6309,-49.6953,22.8613
84879,-0.2991,0.4113,0.6576,-22.4609,-46.8906,27.0215
84902,-0.2297,0.3386,0.7583,-34.8477,-38.6914,28.8789
84925,-0.2324,0.3989,0.8362,-41.6836,-32.002,27.4668
84948,-0.2382,0.4354,0.9362,-47.3398,-23.4434,22.6719
84971,-0.2473,0.458,0.9009,-47.0293,-20.6895,18.6387
84994,-0.2678,0.4375,0.8341,-40.4121,-22.877,12.748
85017,-0.2955,0.3833,0.7593,-29.1328,-31.6758,8.1387
85040,-0.2156,0.3671,0.7095,-21.3398,-39.3691,5.9512
85063,-0.1608,0.3612,0.8201,-12.332,-50.375,3.4512
85086,-0.1173,0.3191,0.969,-9.0645,-55.9023,1.7305
85109,-0.1012,0.2924,0.9476,-8.4707,-59.9375,-1.9219
85132,-0.1538,0.2585,0.9095,-12.2441,-58.1484,-7.4238
85155,-0.2146,0.2412,0.9609,-16.4707,-53.8379,-11.9219
85178,-0.2061,0.1864,0.9144,-23.8965,-43.7305,-18.9707
85201,-0.1686,0.2327,0.8726,-28.625,-35.4531,-23.2383
85224,-0.1885,0.3097,0.8782,-33.8418,-22.3711,-28.0508
85247,-0.2166,0.3307,0.8304,-35.3652,-10.2539,-30.1016
85270,-0.2412,0.2507,0.9025,-34.2891,-3.5,-29.7031
85293,-0.1898,0.2388,0.9379,-29.7852,3.8516,-26.6406
85316,-0.158,0.288,0.9392,-25.5625,6.7148,-23.3379
85339,-0.1937,0.317,0.8981,-18.4941,8.1191,-17.3496
85362,-0.2075,0.3505,0.9252,-13.8457,7.4277,-13.0937
85385,-0.1484,0.3538,0.9794,-7.6699,4.6211,-6.877
85408,-0.1869,0.3643,0.9554,-2.8887,0.5469,-1.5254
85431,-0.1727,0.3673,1.0222,-0.5957,-2.4062,1.2734
85454,-0.1135,0.3373,1.0275,1.5215,-6.5527,4.1309
85477,-0.0814,0.3323,0.9829,2.1543,-8.7793,5.0957
85500,-0.1432,0.3535,0.9709,2.207,-10.7461,5.1191
85523,-0.2063,0.3204,0.9539,1.418,-10.6191,3.752
85546,-0.2163,0.2518,0.8969,0.4121,-9.3145,2.3867
85569,-0.2417,0.2789,0.9268,-2.0078,-5.8105,0.1328
85592,-0.2135,0.2834,0.9406,-4.2012,-2.8359,-1.2969
85615,-0.083,0.2246,0.8459,-7.9062,1.459,-3.1562
85638,-0.1213,0.291,1.0347,-10.6094,4.1875,-5.0625
85661,-0.1229,0.2942,1.0646,-11.3047,4.6484,-6.8457
85684,-0.2,0.2977,0.8102,-8.5039,2.3223,-10.1543
85707,-0.2739,0.2943,0.8007,-4.9512,-1.6523,-12.0801
85730,-0.1919,0.4421,0.9458,0.791,-10.6836,-13.4492
85753,-0.1041,0.2972,1.059,4.0625,-18.2031,-13.1992
85776,-0.0538,0.3046,1.0981,7.8008,-30.9043,-11.8516
85799,-0.0834,0.2781,1.0597,10.0605,-43.9238,-11.2051
85822,-0.0677,0.2544,0.9845,10.4805,-51.959,-12.1758
85845,0.0442,0.2018,0.9426,8.8691,-62.7715,-16.3145
85868,0.0718,0.2007,0.8746,6.1387,-64.0,-20.6836
85891,0.0856,0.2372,0.8711,0.0117,-64.0,-29.1934
85914,0.0828,0.2501,0.8995,-7.1719,-64.0,-39.9961
85937,0.2384,0.3846,0.9025,-11.668,-64.0,-48.5547
85960,0.3218,0.3811,0.9491,-16.8965,-64.0,-63.1172
85983,0.1874,0.2664,0.8583,-19.1113,-64.0,-64.0
86006,0.0442,0.1498,0.6998,-21.1719,-64.0,-64.0
86029,-0.1726,0.1433,0.6354,-23.3262,-61.5586,-64.0
86052,-0.342,0.1335,0.7744,-25.0137,-42.4648,-64.0
86075,-0.1439,0.2874,0.8064,-25.7363,-9.0352,-64.0
86098,-0.1265,0.4329,0.6959,-23.043,13.4551,-60.5059
86121,-0.0668,0.5559,0.9028,-11.8125,42.0801,-37.4824
86144,0.1243,0.717,1.0068,0.7637,55.166,-16.3359
86167,0.0941,0.5117,0.8074,25.8477,62.6426,-4.7285
86190,-0.0504,0.4446,0.6703,54.6543,54.6445,7.9082
86213,-0.0531,0.526,0.6914,63.998,41.8887,13.8203
86236,0.1544,0.7678,0.6324,63.998,14.9922,19.9512
86259,0.176,0.7886,0.6416,63.998,-6.1191,22.4531
86282,0.0155,0.7299,0.6034,63.998,-39.3398,24.0859
86305,0.0424,0.7726,0.5408,63.998,-64.0,23.9199
86328,0.0931,0.7158,0.5197,63.998,-64.0,23.0703
86351,0.0378,0.7035,0.4652,63.998,-64.0,20.6465
86374,0.0409,0.6499,0.4796,63.998,-64.0,18.3359
86397,0.0548,0.6128,0.5101,63.998,-64.0,14.3945
86420,0.1847,0.6759,0.6198,63.998,-64.0,10.9492
86443,0.2964,0.5817,0.5979,58.6094,-64.0,9.4687
86466,0.3623,0.509,0.5764,28.1309,-55.8086,9.0117
86489,0.4016,0.5516,0.6949,8.3926,-39.9863,10.0137
86512,0.4304,0.6132,0.7472,-17.4277,-19.8281,13.1191
86535,0.4458,0.6909,0.7045,-30.4727,-10.1797,16.9805
86558,0.4728,0.655,0.6427,-42.0098,-2.0625,19.1582
86581,0.4521,0.6953,0.6541,-43.6699,-0.627,20.7305
86604,0.3676,0.6937,0.6083,-39.9102,-2.4102,20.2148
86627,0.3143,0.6654,0.5637,-28.7695,-7.2754,16.7266
86650,0.2648,0.6785,0.5249,-19.0078,-10.8105,12.6055
86673,0.1987,0.6464,0.5203,-3.1367,-14.8828,4.168
86696,0.1921,0.6401,0.4706,12.1035,-16.4355,-6.0234
86719,0.1018,0.676,0.4814,21.2246,-16.1563,-13.2129
86742,0.1134,0.7205,0.5431,33.0859,-14.6914,-23.9492
86765,0.1377,0.7139,0.4523,39.7656,-13.5254,-30.9238
86788,0.1097,0.7341,0.3911,47.6406,-11.8477,-41.0234
86811,0.1962,0.8247,0.4504,52.3418,-10.2441,-50.1836
86834,0.2661,0.8252,0.4753,53.5137,-9.2598,-55.2754
86857,0.0992,0.6908,0.3888,52.291,-8.0156,-60.4902
86880,-0.042,0.6841,0.3641,49.5781,-7.1934,-61.8164
86903,-0.0681,0.6852,0.3046,43.3379,-5.6406,-60.0332
86926,0.1113,0.8628,0.2704,38.4727,-3.9043,-54.1504
86949,0.0269,0.9546,0.2172,31.6172,-2.5664,-48.6992
86972,-0.353,1.0193,0.2367,26.6758,-0.9785,-39.252
86995,-0.3107,0.9047,0.2565,24.6992,-0.0469,-32.2695
87018,0.1454,0.8209,0.2113,22.8672,1.2051,-20.8477
87041,0.2887,0.7098,0.4309,21.3457,1.709,-12.8848
87064,0.1903,0.6663,0.4808,16.9512,1.2695,-1.0645
87087,0.2036,0.6576,0.4709,9.1191,-0.9941,10.2871
87110,0.2882,0.6179,0.5599,2.0566,-3.3594,17.5332
87133,0.4448,0.6104,0.6293,-10.3809,-7.7539,27.4766
87156,0.3649,0.5398,0.6139,-19.0508,-11.0059,33.0059
87179,0.1958,0.5616,0.5797,-31.0293,-15.6211,38.8125
87202,0.0353,0.6046,0.5438,-39.959,-18.5625,40.7676
87225,0.219,0.6387,0.4064,-43.3984,-18.9102,39.4688
87248,0.5857,0.7731,0.4331,-44.1465,-16.7988,32.8281
87271,0.6166,0.9159,0.5002,-41.5039,-14.0801,24.9746
87294,0.3228,0.8799,0.4966,-32.8223,-8.8184,8.8379
87317,0.0648,0.7828,0.3668,-24.4863,-1.3965,-9.1797
87340,-0.09,0.7479,0.3625,-10.418,5.7988,-19.791
87363,-0.087,0.7018,0.3518,2.3633,20.9805,-31.0117
87386,-0.0818,0.7183,0.2994,8.8281,33.916,-35.0625
87409,-0.163,0.8365,0.37,14.8066,56.25,-37.0918
87432,-0.1447,0.9592,0.531,16.625,63.998,-36.6582
87455,-0.2404,0.9491,0.4594,16.9414,63.998,-34.668
87478,-0.2845,0.8059,0.366,14.7246,63.998,-32.2285
87501,-0.2618,0.7036,0.3488,11.6523,63.998,-30.75
87524,-0.2162,0.6801,0.3252,4.5605,63.998,-28.8926
87547,-0.2321,0.7064,0.3422,-1.3652,63.998,-27.6797
87570,-0.2924,0.7072,0.363,-10.5254,63.998,-25.3262
87593,-0.3008,0.7267,0.3833,-18.0605,63.998,-21.6914
87616,-0.196,0.7112,0.2948,-21.4141,63.998,-18.3262
87639,-0.2507,0.7517,0.3556,-23.5879,50.5117,-12.0
87662,-0.1161,0.7706,0.3691,-23.2773,27.1191,-7.2324
87685,-0.246,0.7872,0.3821,-20.7344,-6.3613,-0.0352
87708,-0.4059,0.8073,0.2247,-16.4688,-34.6875,6.3555
87731,-0.095,0.7379,0.5779,-13.1289,-49.4883,9.5879
87754,0.4491,0.7399,0.8026,-7.9629,-64.0,11.4766
87777,0.0653,0.6632,0.7738,-4.6133,-64.0,10.0605
87800,-0.0686,0.6494,0.6085,-0.1582,-64.0,4.3281
87823,-0.0291,0.7701,0.697,2.1016,-64.0,-0.6973
87846,-0.0725,0.8517,0.7158,4.0488,-51.2754,-7.4277
87869,-0.1633,0.7778,0.5372,3.9043,-29.2793,-10.4766
87892,-0.2467,0.6796,0.4962,2.252,-12.7754,-9.5156
87915,-0.2081,0.6577,0.5735,-2.9766,10.4473,-3.6094
87938,-0.1741,0.7463,0.7482,-8.0039,22.2344,2.459
87961,-0.1112,0.7007,0.5848,-16.7148,30.5977,12.4668
87984,-0.0552,0.5875,0.4219,-26.127,26.3105,20.8301
88007,0.0388,0.6012,0.3723,-32.8848,17.3926,24.4258
88030,0.0383,0.6815,0.3792,-43.459,-2.7773,26.8848
88053,-0.0116,0.6445,0.4915,-49.8906,-19.4375,27.498
88076,-0.0872,0.7229,0.5303,-56.0156,-46.7051,28.7246
88099,0.0006,0.7252,0.4508,-54.8184,-64.0,30.8203
88122,0.1901,0.6652,0.5203,-48.9727,-64.0,31.6855
88145,0.1198,0.5483,0.4028,-32.9414,-64.0,29.791
88168,0.243,0.5731,0.3134,-18.4551,-64.0,25.4844
88191,0.1697,0.6187,0.3221,6.6719,-64.0,14.2207
88214,0.0095,0.7697,0.4886,24.541,-64.0,-1.3867
88237,-0.0155,0.8547,0.3601,51.3438,-64.0,-13.1133
88260,-0.0596,0.9161,0.2114,63.998,-64.0,-30.4922
88283,0.0488,0.8716,0.1503,63.998,-64.0,-40.9375
88306,-0.0094,0.8975,0.0643,63.998,-64.0,-53.3164
88329,-0.0925,1.0378,0.0759,63.998,-64.0,-58.5957
88352,-0.0974,1.0919,-0.1101,63.998,-60.1094,-60.9688
88375,-0.103,1.1578,-0.1267,63.998,-41.3711,-56.0352
88398,-0.1155,1.2058,-0.0729,63.998,-28.5352,-48.748
88421,-0.2201,0.8729,0.0018,63.998,-8.7285,-32.498
88444,-0.0563,0.6058,0.1245,59.7207,4.9844,-18.8242
88467,0.0591,0.4434,0.1606,39.6855,25.9863,3.8262
88490,-0.0544,0.4519,0.2313,18.3887,46.8535,25.7266
88513,-0.0916,0.5625,0.3013,4.0996,60.4004,38.4629
88536,0.1484,0.7261,0.4515,-16.4453,63.998,53.3418
88559,0.2078,0.7516,0.5795,-29.1348,63.998,59.4512
88582,0.0211,0.66,0.6646,-46.5078,63.998,61.4531
88605,0.0093,0.7996,0.6951,-57.2246,63.998,54.4922
88628,0.1703,0.9393,0.8605,-64.0,63.998,45.0801
88651,-0.1887,0.7974,0.8768,-64.0,63.998,24.9707
88674,-0.3409,0.5759,0.7428,-64.0,63.998,8.9473
88697,-0.1654,0.3317,0.6276,-64.0,63.998,-16.332
88720,0.4541,0.449,0.7716,-64.0,63.998,-32.7773
88743,-0.3196,0.7209,0.7694,-64.0,63.998,-54.8496
88766,-0.2616,0.7456,0.5841,-64.0,63.998,-64.0
88789,-0.2518,0.7504,0.6284,-64.0,63.998,-64.0
88812,-0.1636,0.6202,0.6678,-64.0,63.998,-64.0
88835,-0.2384,0.6169,0.5715,-64.0,63.998,-64.0
88858,-0.2882,0.6649,0.5601,-53.3281,63.998,-50.1777
88881,-0.2423,0.7366,0.5969,-31.166,63.998,-32.2168
88904,-0.3428,0.7766,0.4712,-16.9883,63.998,-21.0879
88927,-0.3613,0.7535,0.3994,1.7285,63.998,-7.9355
88950,-0.3176,0.7307,0.465,11.4727,62.7695,-2.0488
88973,-0.2665,0.7134,0.5758,20.5625,54.4512,3.0586
88996,-0.2764,0.6943,0.4792,22.6094,43.168,5.7988
89019,-0.4729,0.6953,0.4642,20.0215,33.6191,7.7871
89042,-0.3544,0.6635,0.4464,12.0859,16.5215,12.9512
89065,-0.1138,0.7377,0.5693,5.1699,3.8398,18.0781
89088,-0.0631,0.7557,0.579,-4.9512,-15.5605,26.8262
89111,-0.0615,0.778,0.5933,-10.0879,-27.7773,32.1133
89134,-0.1057,0.766,0.6063,-13.7656,-43.7852,37.6406
89157,-0.311,0.8647,0.7805,-12.0645,-56.2148,39.623
89180,-0.4493,0.7506,0.9574,-8.2715,-62.1582,38.9277
89203,-0.1062,0.4031,0.8656,-0.4043,-64.0,34.3262
89226,-0.1489,0.1752,0.7053,4.4668,-64.0,28.1484
89249,-0.3574,0.2446,0.6023,8.0273,-58.6563,13.3477
89272,-0.3073,0.3273,0.5519,5.4512,-42.9668,-7.3379
89295,-0.2443,0.3638,0.3936,0.9609,-28.1387,-23.332
89318,-0.2706,0.5103,0.2396,-7.2109,-0.668,-48.3477
89341,-0.2947,0.6965,0.2681,-11.7012,19.7324,-63.9766
89364,-0.5045,0.8076,0.2468,-13.8906,50.0586,-64.0
89387,-0.5125,0.7841,0.2047,-8.4902,63.998,-64.0
89410,-0.4388,0.9308,0.451,0.6543,63.998,-64.0
89433,-0.5599,0.8536,0.2832,19.5586,63.998,-64.0
89456,-0.3607,0.7859,0.3788,34.0859,63.998,-64.0
89479,-0.4939,0.6283,0.174,54.207,63.998,-54.5039
89502,-0.4205,0.6544,0.3282,63.8047,63.998,-40.9316
89525,-0.2648,0.7076,0.3218,63.998,63.998,-20.7734
89548,-0.5747,0.6599,0.2678,63.3672,53.6641,-2.1895
89571,-0.5656,0.681,0.3281,53.5859,39.2754,9.2988
89594,-0.2271,0.6818,0.3258,32.873,17.1348,25.291
89617,-0.5226,0.725,0.4142,17.207,2.9883,34.7012
89640,-0.3455,0.7767,0.4098,-5.043,-15.5137,46.0254
89663,-0.3562,0.7283,0.4418,-22.0313,-28.9531,52.9707
89686,-0.2985,0.7767,0.5331,-29.5469,-34.6699,54.8496
89709,-0.2563,0.7437,0.407,-36.0293,-38.834,53.7246
89732,-0.3972,0.7451,0.411,-38.4902,-39.2676,50.752
89755,-0.2419,0.6753,0.5132,-41.5449,-37.5313,44.125
89778,-0.2417,0.6416,0.5492,-45.2266,-34.3828,36.416
89801,-0.2461,0.6016,0.5538,-48.2695,-32.209,31.457
89824,-0.3075,0.6732,0.4714,-53.7129,-29.6973,25.3945
89847,-0.2634,0.6405,0.59,-57.9277,-29.0605,22.8926
89870,-0.0231,0.5259,0.85,-64.0,-30.6797,22.166
89893,-0.0527,0.5006,0.7993,-64.0,-33.8008,23.6309
89916,-0.1844,0.5884,0.6227,-64.0,-40.6523,27.8105
89939,-0.2795,0.8101,0.5458,-64.0,-47.7461,32.9824
89962,0.0287,0.6776,0.7574,-64.0,-51.4473,36.2422
89985,0.0079,0.5323,0.7789,-64.0,-54.6035,39.5898
90008,-0.0402,0.5278,0.698,-64.0,-54.8594,40.1523
90031,-0.1284,0.6003,0.6003,-64.0,-52.3887,38.0371
90054,-0.0963,0.5941,0.6471,-64.0,-47.1895,32.9785
90077,0.0039,0.5028,0.8275,-58.1563,-43.0176,28.7734
90100,0.1188,0.4478,0.9202,-49.3535,-37.2246,22.6367
90123,0.0505,0.5973,0.9111,-45.1484,-34.3555,19.3008
90146,-0.0287,0.6451,0.8715,-41.9668,-31.75,16.0176
90169,0.0353,0.6045,0.8627,-42.1777,-30.2402,14.8125
90192,0.0345,0.5714,0.8856,-43.8418,-29.2559,14.916
90215,0.0371,0.4288,0.7889,-48.3301,-27.5215,15.9531
90238,0.0436,0.34,0.8323,-52.627,-26.3457,16.998
90261,0.1018,0.3464,0.9327,-60.5801,-24.9824,18.6113
90284,0.1163,0.3733,0.9717,-64.0,-24.4004,19.4922
90307,0.0514,0.3649,0.9474,-64.0,-23.625,19.3086
90330,0.0195,0.3339,0.9108,-64.0,-22.1934,17.8359
90353,0.0371,0.306,0.9357,-64.0,-20.5469,16.2598
90376,0.0996,0.2875,0.9525,-64.0,-16.9961,13.3086
90399,0.0908,0.2888,0.9865,-64.0,-14.1328,11.0098
90422,0.0631,0.3004,1.0269,-64.0,-9.6855,7.082
90445,0.0764,0.2654,1.0154,-64.0,-5.7187,2.6523
90468,0.1036,0.2966,1.0771,-64.0,-3.584,-0.5527
90491,0.109,0.241,1.0343,-59.5371,-1.3496,-5.6855
90514,0.0554,0.2051,1.0354,-54.7637,-0.4707,-9.2363
90537,0.0276,0.2078,1.0471,-48.7031,0.3516,-14.4844
90560,-0.0016,0.1514,0.9723,-44.6602,1.1094,-19.3281
90583,0.0021,0.0859,1.0524,-43.2051,1.7461,-22.2383
90606,0.0643,0.0251,1.1057,-42.6816,2.8926,-26.1758
90629,0.0229,0.0258,1.1558,-43.1426,3.5527,-28.5957
90652,0.0421,0.0515,1.1775,-44.3477,3.9531,-32.0078
90675,-0.014,0.0618,1.1224,-45.0234,3.7461,-35.207
90698,-0.0828,0.0214,1.0667,-45.1348,3.084,-37.2285
90721,-0.0734,-0.0477,1.0439,-43.6953,2.6777,-39.9414
90744,-0.0417,0.0171,1.094,-41.7949,2.7168,-41.377
90767,-0.0319,0.0392,1.0876,-37.498,2.875,-42.6543
90790,-0.0563,0.0786,1.0775,-33.6621,2.5059,-42.7148
90813,-0.0852,0.1594,1.0912,-26.5996,0.6387,-41.2266
90836,-0.0863,0.193,1.0905,-18.4355,-2.4531,-37.502
90859,-0.0715,0.1519,1.0875,-12.9434,-4.707,-33.6973
90882,0.006,0.1277,1.1199,-5.9043,-7.5488,-26.1973
90905,-0.0052,0.1201,1.0841,-2.6562,-8.7676,-20.293
90928,-0.059,0.1167,1.0066,-0.4512,-9.4102,-10.6855
90951,-0.0565,0.1315,0.9858,-1.082,-8.502,-0.957
90974,0.0348,0.1628,1.0189,-2.4551,-6.918,5.0234
90997,0.0138,0.1605,0.9177,-4.7578,-3.1328,12.1289
91020,0.0189,0.1387,0.8265,-5.9727,-0.0254,15.0547
91043,0.0685,0.1128,0.8518,-7.123,4.416,16.3262
91066,0.1011,0.1003,0.7863,-7.5527,7.4336,14.2598
91089,0.0845,0.0889,0.7797,-7.9961,8.3848,11.5312
91112,0.0732,0.0255,0.7823,-8.5527,8.5098,6.3145
91135,0.043,-0.021,0.759,-9.1445,8.0801,2.5645
91158,-0.1587,-0.0985,0.7621,-10.6797,7.4902,-2.7305
91181,-0.3071,-0.3217,0.7928,-12.3164,7.7559,-5.625
91204,-0.0055,0.0693,0.8502,-15.4141,9.7969,-8.3066
91227,0.0662,0.2578,0.8556,-18.1113,13.1797,-8.8359
91250,-0.0256,0.2054,0.8533,-18.9883,15.3008,-8.2578
91273,-0.2776,0.0253,0.951,-18.6074,17.0879,-6.2285
91296,-0.176,-0.0594,1.0823,-17.6191,17.1387,-3.8945
91319,-0.0442,-0.0155,1.1588,-16.2285,15.2949,1.6543
91342,-0.019,-0.084,1.0896,-16.377,10.8516,9.7246
91365,-0.0531,-0.1361,1.0673,-17.8926,6.625,16.0625
91388,0.0194,-0.1112,1.1139,-22.0957,-0.6719,25.623
91411,0.0552,-0.0093,1.1063,-25.416,-5.5117,31.0488
91434,0.0309,0.0201,1.0577,-29.4121,-11.6426,36.3887
91457,-0.0667,0.0221,1.0181,-30.6055,-15.3066,37.7129
91480,-0.0753,-0.0026,1.0159,-29.6328,-15.9766,36.5156
91503,-0.0197,-0.0367,1.0151,-25.7246,-14.3086,32.291
91526,0.0104,-0.0177,1.0216,-22.0332,-11.7539,28.3145
91549,-0.0201,0.0322,1.0302,-15.793,-6.6875,21.4414
91572,-0.0751,0.0417,1.0001,-11.6094,-3.0664,16.8145
91595,-0.115,0.0493,0.9957,-5.9023,1.8828,10.8223
91618,-0.1085,0.0337,1.0237,-1.3691,5.5527,6.8105
91641,-0.0328,0.0612,1.0728,0.8848,7.0566,5.3008
91664,0.0085,0.0032,1.0594,3.0781,7.7715,4.2812
91687,-0.0001,-0.0142,1.0244,3.7129,7.2773,4.0371
91710,0.038,0.0345,1.0765,3.3789,5.4316,3.8242
91733,0.0347,0.0297,1.0941,1.6816,2.8574,3.5273
91756,0.0408,0.0131,1.1227,-0.041,1.0898,3.2949
91779,0.0353,-0.0155,1.0986,-3.3301,-1.0801,3.0234
91802,-0.0342,-0.027,1.0393,-5.9414,-1.873,2.9746
91825,-0.0759,-0.0635,1.0231,-10.4219,-1.5645,3.252
91848,-0.0936,-0.0828,1.0045,-15.2832,0.7246,4.0273
91871,-0.1237,-0.0769,0.999,-18.3965,3.1602,4.7383
91894,-0.1045,-0.0552,1.0322,-22.127,7.5762,5.7266
91917,-0.0825,-0.0455,1.0425,-23.5508,10.6035,6.0547
91940,-0.1012,-0.0563,1.0168,-23.6348,14.5645,5.6875
91963,-0.1432,-0.0743,0.991,-22.3496,16.5234,4.3535
91986,-0.1404,-0.0414,1.0239,-18.8691,18.207,2.9941
92009,-0.1249,-0.0469,1.0288,-14.2637,18.3867,0.8652
92032,-0.1467,-0.0776,0.9841,-11.0176,17.7676,-0.4922
92055,-0.161,-0.0582,1.0189,-6.5762,16.0117,-2.1699
92078,-0.1536,-0.0472,1.0188,-4.1914,14.4785,-2.9355
92101,-0.1477,-0.0488,0.9969,-1.6836,11.9414,-3.5234
92124,-0.1416,-0.0311,1.0259,-0.4492,9.4277,-3.584
92147,-0.1521,-0.0706,1.0139,-0.2324,7.8789,-3.4355
92170,-0.1628,-0.0753,1.0009,-0.6074,5.8398,-3.0508
92193,-0.1482,-0.0605,1.0309,-1.1816,4.7012,-2.748
92216,-0.14,-0.0697,1.0162,-2.2578,3.293,-2.2891
92239,-0.132,-0.0692,1.0197,-3.3437,2.1465,-1.832
92262,-0.1346,-0.0649,1.031,-3.9746,1.4746,-1.5313
92285,-0.1346,-0.076,1.0135,-4.6621,0.5469,-1.0879
92308,-0.1265,-0.0616,1.0322,-4.9121,-0.0332,-0.7871
92331,-0.1252,-0.0354,1.0347,-4.9336,-0.8535,-0.3027
92354,-0.1194,-0.0376,1.0321,-4.6914,-1.3594,0.2168
92377,-0.1252,-0.0219,1.0371,-3.9805,-2.0273,0.5605
92400,-0.118,-0.0228,1.032,-2.9824,-2.5215,1.0059
92423,-0.1122,-0.0244,1.0461,-2.2695,-2.7285,1.207
92446,-0.1067,-0.0289,1.0474,-1.2988,-2.8555,1.2754
92469,-0.119,-0.0497,1.0133,-0.8145,-2.8359,1.1582
92492,-0.1357,-0.0248,1.0305,-0.5039,-2.668,0.8535
92515,-0.1346,-0.0372,1.0397,-0.7285,-2.332,0.5742
92538,-0.1204,-0.0475,1.0179,-1.1074,-2.0391,0.4395
92561,-0.1207,-0.0215,1.0359,-1.8672,-1.5352,0.2539
92584,-0.1373,-0.0294,1.0273,-2.4082,-1.1953,0.1016
92607,-0.1427,-0.0527,1.015,-3.1699,-0.7246,-0.1543
92630,-0.1399,-0.0454,1.0216,-3.8281,-0.3379,-0.3574
92653,-0.1219,-0.0304,1.0238,-4.1953,-0.1426,-0.416
92676,-0.1288,-0.02,1.0189,-4.6094,0.0605,-0.3437
92699,-0.1752,-0.0355,1.0131,-4.8105,0.1504,-0.1328
92722,-0.1674,-0.0841,1.0178,-5.1113,0.248,0.541
92745,-0.1099,-0.0864,1.0422,-5.3887,0.2461,1.623
92768,-0.0736,-0.0721,1.0515,-5.9355,0.002,2.3809
92791,-0.0952,-0.0748,1.0408,-6.4375,-0.627,3.1816
92814,-0.1302,-0.0684,1.031,-6.6191,-1.2227,3.3848
92837,-0.1248,-0.054,1.0382,-6.5332,-2.2012,3.2617
92860,-0.1094,-0.0413,1.0408,-6.1973,-2.7988,2.9844
92883,-0.1136,-0.0256,1.0269,-5.2891,-3.4687,2.3887
92906,-0.1304,-0.0197,1.0269,-4.0234,-3.7559,1.7051
92929,-0.1338,-0.0409,1.0276,-3.1094,-3.7207,1.3047
92952,-0.1136,-0.0476,1.0272,-1.8633,-3.3926,0.9199
92975,-0.103,-0.027,1.0323,-1.2246,-3.0449,0.8262
92998,-0.1173,-0.0198,1.0355,-0.6484,-2.4082,0.9219
93021,-0.1326,-0.0342,1.0305,-0.5937,-1.6973,1.3691
93044,-0.1359,-0.0511,1.0164,-0.8828,-1.2031,1.9316
93067,-0.1351,-0.0515,1.0283,-1.832,-0.459,3.1992
93090,-0.1245,-0.0533,1.0437,-2.7422,0.0137,4.2383
93113,-0.1022,-0.0386,1.0427,-4.2656,0.5664,5.8086
93136,-0.1156,-0.0358,1.0331,-5.2109,0.7812,7.0137
93159,-0.1422,-0.054,1.0221,-6.2871,0.7129,7.4668
93182,-0.1301,-0.0486,1.0282,-6.8125,0.3633,7.541
93205,-0.1018,-0.0289,1.0387,-6.8223,0.0312,7.1797
93228,-0.1195,-0.038,1.0302,-6.3711,-0.5352,6.0957
93251,-0.1501,-0.0437,1.019,-5.8535,-0.9199,5.1367
93274,-0.1282,-0.0327,1.0333,-4.959,-1.4141,3.6172
93297,-0.0952,-0.0339,1.0439,-4.0781,-1.7539,2.1914
93320,-0.1086,-0.0483,1.0266,-3.5527,-1.9023,1.3164
93343,-0.1362,-0.0551,1.0205,-2.9395,-2.0312,0.1602
93366,-0.131,-0.0593,1.0255,-2.6934,-2.0625,-0.4375
93389,-0.1021,-0.0439,1.0421,-2.5762,-2.0469,-0.998
93412,-0.1041,-0.0413,1.0341,-2.6426,-2.0059,-1.2148
93435,-0.1278,-0.0577,1.0182,-2.7109,-1.9805,-1.2285
93458,-0.1306,-0.05,1.02,-2.7793,-1.9375,-1.0801
93481,-0.116,-0.0217,1.0397,-2.7637,-1.8984,-0.8691
93504,-0.1056,-0.0179,1.0416,-2.5723,-1.8203,-0.4355
93527,-0.123,-0.03,1.0168,-2.3223,-1.6816,0.0352
93550,-0.131,-0.0331,1.0281,-1.875,-1.5117,0.3281
93573,-0.1241,-0.0264,1.036,-1.4785,-1.1367,0.7168
93596,-0.1124,-0.0162,1.0393,-1.2617,-0.8594,0.9063
93619,-0.1211,-0.0256,1.0255,-0.9824,-0.5117,1.0117
93642,-0.1343,-0.0354,1.021,-0.8477,-0.3652,0.9531
93665,-0.1173,-0.0393,1.0331,-0.7949,-0.3105,0.7441
93688,-0.1077,-0.0262,1.0331,-0.9668,-0.4668,0.4648
93711,-0.1217,-0.0248,1.0305,-1.1797,-0.6777,0.252
93734,-0.1199,-0.0217,1.0365,-1.582,-1.0898,-0.0742
93757,-0.1116,-0.0281,1.0369,-1.8711,-1.3848,-0.2578
93780,-0.1067,-0.0436,1.0247,-2.3086,-1.7852,-0.4434
93803,-0.1207,-0.0258,1.022,-2.7539,-2.0488,-0.5176
93826,-0.1254,-0.0176,1.0453,-3.0391,-2.1133,-0.498
93849,-0.1315,-0.0338,1.0142,-3.3984,-2.0586,-0.3477
93872,-0.1204,-0.0336,1.0199,-3.5957,-1.9395,-0.1719
93895,-0.1284,-0.0348,1.0302,-3.8496,-1.6621,0.1406
93918,-0.1254,-0.0481,1.0193,-4.0645,-1.3047,0.4395
93941,-0.0984,-0.0361,1.0403,-4.1875,-1.0527,0.6074
93964,-0.0968,-0.0248,1.0372,-4.3047,-0.748,0.7871
93987,-0.1207,-0.0197,1.0459,-4.3047,-0.6426,0.8535
94010,-0.1316,-0.0243,1.0229,-4.1621,-0.6406,0.9277
94033,-0.1232,-0.0311,1.0211,-4.0,-0.7109,1.4883
94056,-0.1172,-0.0217,1.0262,-3.7246,-0.8398,1.0801
94079,-0.1467,-0.0359,1.0012,-3.459,-0.9434,1.1367
94102,-0.1461,-0.0234,1.0286,-3.3203,-0.9883,1.1719
94125,-0.1189,-0.0204,1.0231,-3.1836,-1.0488,1.2559
94148,-0.1245,-0.0278,1.0146,-3.1387,-1.1152,1.3223
94171,-0.1184,-0.017,1.0443,-3.1465,-1.2871,1.4023
94194,-0.108,-0.0198,1.021,-3.2109,-1.5742,1.4355
94217,-0.1023,-0.0226,1.0419,-3.2793,-1.8203,1.416
94240,-0.1011,-0.0192,1.0353,-3.418,-2.2363,1.3164
94263,-0.1027,-0.0322,1.036,-3.5352,-2.5137,1.2129
94286,-0.1041,-0.0232,1.0446,-3.748,-2.8633,1.0293
94309,-0.1083,-0.0316,1.026,-3.9648,-3.0566,0.8301
94332,-0.1204,-0.03,1.0304,-4.0918,-3.0684,0.6914
94355,-0.1116,-0.0255,1.0299,-4.2227,-2.8906,0.4531
94378,-0.1106,-0.0239,1.0186,-4.2344,-2.6562,0.25
94401,-0.1256,-0.026,1.0238,-4.0879,-2.1895,-0.1387
94424,-0.1354,-0.0381,1.0178,-3.8652,-1.8516,-0.5625
94447,-0.1115,-0.025,1.0187,-3.3613,-1.3809,-0.8008
94470,-0.1078,-0.0033,1.0376,-2.7266,-1.0508,-1.0
94493,-0.1154,-0.0175,1.038,-2.2754,-0.957,-0.9941
94516,-0.1041,-0.0204,1.0259,-1.668,-1.0273,-0.7852
94539,-0.1029,-0.031,1.0303,-1.3965,-1.1914,-0.5469
94562,-0.0939,-0.0197,1.0439,-1.2871,-1.5547,-0.125
94585,-0.0908,-0.0217,1.0361,-1.541,-1.9629,0.2793
94608,-0.1069,-0.0332,1.0311,-1.877,-2.207,0.5156
94631,-0.1097,-0.0243,1.0293,-2.5508,-2.4473,0.7988
94654,-0.1058,-0.0175,1.0271,-3.0312,-2.4863,0.9258
94677,-0.13,-0.019,1.0099,-3.6387,-2.3379,0.9863
94700,-0.1498,-0.0176,1.0027,-3.959,-1.9707,0.918
94723,-0.1425,0.0002,1.0151,-3.9531,-1.6406,0.8418
94746,-0.1143,0.0035,1.0315,-3.5957,-1.1289,0.7285
94769,-0.0945,-0.0134,1.0397,-3.1797,-0.8633,0.6582
94792,-0.0945,-0.0385,1.0332,-2.5176,-0.7168,0.5488
94815,-0.092,-0.041,1.0392,-2.2051,-0.8223,0.4414
94838,-0.0891,-0.0348,1.0391,-2.0859,-1.2461,0.3809
94861,-0.083,-0.0208,1.0431,-2.373,-1.8477,0.3125
94884,-0.0905,-0.0176,1.033,-2.7012,-2.2461,0.2773
94907,-0.111,-0.0172,1.0283,-3.2383,-2.6758,0.252
94930,-0.1176,-0.0139,1.0234,-3.5566,-2.7832,0.2812
94953,-0.1144,-0.0145,1.0275,-3.9102,-2.623,0.4219
94976,-0.1089,-0.0062,1.0251,-4.0723,-2.1191,0.6309
94999,-0.1289,-0.0195,1.0156,-4.0703,-1.6621,0.7578
95022,-0.1218,-0.0187,1.0287,-3.957,-0.9219,0.8906
95045,-0.1099,-0.0208,1.0182,-3.8555,-0.4727,0.9316
95068,-0.1057,-0.0192,1.0361,-3.7402,0.0254,0.9004
95091,-0.0978,-0.0181,1.037,-3.6875,0.2402,0.7285
95114,-0.1102,-0.022,1.0267,-3.6777,0.2207,0.5469
95137,-0.1169,-0.0272,1.0233,-3.7266,0.002,0.252
95160,-0.1089,-0.0188,1.0286,-3.8008,-0.2227,0.0898
95183,-0.1077,-0.0183,1.0282,-3.9219,-0.5918,-0.0879
95206,-0.1196,-0.0184,1.0251,-3.9668,-0.9297,-0.209
95229,-0.1141,-0.0182,1.0297,-3.9551,-1.1133,-0.2539
95252,-0.1064,-0.0253,1.025,-3.8789,-1.3184,-0.252
95275,-0.0995,-0.0212,1.0326,-3.8164,-1.4082,-0.2168
95298,-0.0907,-0.0055,1.0438,-3.7109,-1.4922,-0.168
95321,-0.1035,-0.019,1.0338,-3.6211,-1.5254,-0.1504
95344,-0.1089,-0.0308,1.0284,-3.5,-1.5508,-0.0977
95367,-0.1044,-0.0156,1.0293,-3.4922,-1.5332,0.0762
95390,-0.1071,-0.0155,1.0344,-3.5547,-1.4863,0.2598
95413,-0.11,-0.0171,1.0259,-3.6875,-1.3535,0.5684
95436,-0.1155,-0.0074,1.0225,-3.7676,-1.2207,0.7578
95459,-0.1342,-0.0139,1.0179,-3.8398,-0.9707,0.9707
95482,-0.129,-0.0116,1.0146,-3.8594,-0.6855,1.0918
95505,-0.1254,-0.0059,1.0216,-3.8633,-0.502,1.1094
95528,-0.1268,-0.0189,1.0194,-3.9004,-0.2949,1.0176
95551,-0.1237,-0.0226,1.0155,-3.9707,-0.2344,0.8633
95574,-0.1249,-0.0137,1.0247,-4.1855,-0.2969,0.4824
95597,-0.1514,-0.0033,1.0277,-4.3848,-0.5293,-0.0762
95620,-0.1509,-0.016,1.0208,-4.7187,-0.7441,-0.5547
95643,-0.0991,-0.0686,1.0277,-5.0859,-1.1367,-1.5508
95666,-0.0924,-0.0774,1.0208,-5.3672,-1.4648,-2.5352
95689,-0.1257,-0.0616,1.0396,-5.7832,-2.084,-4.6855
95712,-0.1382,-0.0778,1.025,-5.9277,-2.5723,-6.6074
95735,-0.0924,-0.0449,1.0215,-5.584,-3.3496,-10.3437
95758,-0.0785,0.0027,1.0216,-4.0293,-4.0137,-15.4746
95781,-0.1255,0.0016,0.9878,-2.0566,-4.2793,-19.8164
95804,-0.1437,0.0353,1.0138,2.3809,-4.2715,-27.4023
95827,-0.0487,0.08,1.0685,6.1953,-3.9824,-32.7344
95850,-0.0386,0.0585,1.0227,12.6699,-3.2539,-40.1484
95873,-0.1062,0.0286,1.011,18.8594,-2.3887,-45.252
95896,-0.1469,0.0424,1.0332,22.0391,-1.8438,-46.3438
95919,-0.1511,0.0287,1.0427,24.5352,-1.1816,-43.4473
95942,-0.103,-0.0038,1.0341,24.4629,-0.875,-38.4727
95965,-0.0487,-0.0159,1.0505,21.8184,-0.6348,-27.5449
95988,-0.0596,-0.0463,1.0438,16.6543,-0.6289,-14.5449
96011,-0.0823,-0.0566,1.0492,12.1797,-0.7148,-5.75
96034,-0.0171,-0.0565,1.1002,4.4277,-0.8887,6.8086
96057,0.0125,-0.0215,1.0747,-1.1855,-0.9961,14.627
96080,-0.1029,-0.0544,0.99,-10.082,-0.998,25.8105
96103,-0.1342,-0.0959,1.026,-16.3965,-0.7363,37.373
96126,-0.0674,-0.1359,1.0243,-26.6211,0.1719,45.832
96149,-0.1368,-0.1785,0.958,-37.6973,1.4551,60.2031
96172,-0.0339,-0.1028,1.0864,-45.2031,2.3496,63.998
96195,0.0154,-0.0497,1.0629,-55.3301,3.4258,63.998
96218,-0.0961,-0.0651,1.0367,-60.4043,3.7793,63.998
96241,-0.1066,-0.0377,1.0729,-64.0,3.75,63.998
96264,-0.0385,-0.0354,1.0785,-63.5566,3.332,63.998
96287,-0.0325,-0.0867,1.0377,-60.4648,3.0176,63.998
96310,-0.1086,-0.1133,1.0272,-52.875,2.7715,63.998
96333,-0.1849,-0.1301,1.0173,-46.498,2.877,63.998
96356,-0.1208,-0.0946,1.0958,-35.9609,3.4609,63.998
96379,-0.0358,-0.1042,1.0208,-25.207,4.3437,63.998
96402,-0.1104,-0.1592,0.9847,-18.4668,4.9707,63.998
96425,-0.2234,-0.0883,0.9708,-9.6934,5.8652,52.8535
96448,-0.109,0.0316,0.9985,-4.8418,6.4414,42.5566
96471,-0.173,0.0864,1.0637,1.3027,7.2539,29.3027
96494,-0.1659,0.0516,0.9645,4.9316,7.6855,19.0332
96517,-0.2316,0.0167,0.97,9.7734,8.0273,13.8652
96540,-0.1362,0.0332,1.0244,13.623,7.8418,8.3281
96563,-0.1135,0.014,1.0436,15.5332,7.2891,5.709
96586,-0.0637,0.0156,1.0555,17.3945,5.6875,2.5547
96609,-0.0796,0.0016,1.0748,17.9824,4.1719,0.5762
96632,-0.1407,-0.0995,1.017,17.9453,1.6016,-2.5098
96655,-0.163,-0.1113,0.9946,16.8105,-0.6953,-5.6035
96678,-0.085,-0.0316,1.0729,15.5215,-1.7754,-7.4727
96701,-0.1064,-0.019,1.0365,13.1934,-2.5566,-9.7207
96724,-0.225,-0.0482,0.9742,11.5918,-2.5176,-10.6641
96747,-0.1571,-0.0427,1.036,9.168,-1.6133,-10.7891
96770,-0.0663,0.0431,1.084,6.584,0.0527,-9.0449
96793,-0.1608,0.098,1.042,4.6797,1.2734,-6.8887
96816,-0.1154,0.035,1.088,1.2305,2.8262,-2.4297
96839,-0.1088,-0.0325,1.0533,-1.7539,3.4687,1.0859
96862,-0.1774,-0.0453,1.0035,-7.7012,3.582,6.5352
96885,-0.1022,-0.0784,1.0458,-12.6816,2.5723,11.2656
96908,-0.0994,-0.1141,1.1616,-21.1367,1.7285,13.3711
96931,-0.1591,-0.1821,1.0105,-29.6953,0.3887,14.0781
96954,-0.1238,-0.2125,0.8843,-34.9512,-0.2012,12.6582
96977,-0.1191,-0.1331,1.007,-41.4238,-0.8535,7.916
97000,-0.0956,-0.1085,1.0125,-44.2305,-1.5,3.5742
97023,-0.1237,-0.0662,0.9998,-45.2383,-3.2793,-3.3613
97046,-0.1498,-0.0961,0.9939,-41.7949,-6.248,-9.2988
97069,-0.0956,-0.1071,1.0131,-37.082,-8.8457,-12.1094
97092,-0.088,-0.1035,1.0317,-27.1797,-13.2891,-14.123
97115,-0.1016,-0.0833,1.0454,-19.4414,-16.2676,-13.9375
97138,-0.0753,-0.0566,1.0106,-7.5957,-20.0742,-11.666
97161,-0.0627,-0.0135,1.053,2.8828,-22.334,-7.834
97184,-0.0822,-0.0098,1.1195,8.4082,-22.6348,-4.9629
97207,-0.0371,-0.0925,1.0375,14.0176,-21.0625,-0.9492
97230,-0.0127,-0.0675,1.0216,15.8887,-18.9316,1.1426
97253,0.0232,-0.033,0.9895,16.0977,-15.1094,2.8848
97276,-0.0494,0.0172,1.0331,14.4473,-11.6309,2.6914
97299,-0.0907,0.0134,0.9872,12.5645,-9.7422,1.5137
97322,-0.1873,0.0651,1.1011,11.0176,-7.3945,-1.6211
97345,-0.0033,-0.0349,1.0013,11.0469,-5.9668,-4.5508
97368,0.0066,-0.045,1.0488,12.5762,-4.0215,-10.1348
97391,-0.0649,-0.0569,1.0698,14.127,-3.0605,-14.4043
97414,-0.0903,-0.1106,1.0547,16.3457,-2.416,-20.7695
97437,-0.1339,-0.1216,1.0782,17.4434,-2.8457,-26.0176
97460,0.0367,-0.1006,1.0127,17.0977,-3.6777,-28.5605
97483,-0.1708,-0.0507,1.1381,14.5254,-5.498,-30.8867
97506,-0.0039,-0.132,0.9562,11.3535,-6.7715,-31.5195
97529,-0.0499,-0.1276,1.0624,4.4082,-8.1152,-31.4668
97552,-0.0669,-0.131,0.9908,-4.6641,-8.3555,-30.709
97575,-0.0555,-0.0901,1.0171,-11.3594,-7.7871,-30.0176
97598,-0.0159,-0.1078,1.0535,-21.1895,-5.9902,-28.9141
97621,-0.0336,-0.1268,1.0669,-26.8535,-4.4687,-28.2227
97644,-0.0387,-0.1395,1.05,-33.0527,-2.2734,-27.3203
97667,0.0002,-0.1794,1.0492,-36.0703,-0.6152,-26.582
97690,-0.0101,-0.2123,1.0448,-36.4121,0.0645,-26.1719
97713,0.0129,-0.1973,1.0554,-34.8809,0.4531,-25.6211
97736,-0.0258,-0.1958,1.0531,-32.7871,0.3867,-25.2461
97759,-0.0598,-0.1982,1.0391,-28.4668,0.0742,-24.5684
97782,-0.0509,-0.1802,1.0503,-25.0313,-0.084,-23.9668
97805,-0.0544,-0.1697,1.0402,-19.4531,-0.0059,-22.75
97828,-0.0647,-0.1554,1.0446,-13.8496,0.5527,-21.127
97851,-0.0806,-0.1545,1.0383,-10.3496,1.168,-19.8379
97874,-0.0592,-0.1414,1.0457,-5.7695,2.3535,-17.668
97897,-0.0817,-0.1403,1.0353,-3.2871,3.2168,-16.1328
97920,-0.1072,-0.1512,1.0299,-0.5547,4.4277,-13.7637
97943,-0.0941,-0.1444,1.0392,0.9434,5.3555,-11.3437
97966,-0.0667,-0.1357,1.04,1.3203,5.75,-9.7637
97989,-0.0941,-0.1385,1.0372,1.1484,5.9434,-7.584
98012,-0.101,-0.157,1.0238,0.6777,5.8281,-6.2988
98035,-0.1187,-0.1409,1.0326,-0.3496,5.3809,-4.6406
98058,-0.0768,-0.1487,1.0393,-1.5293,4.7559,-3.3086
98081,-0.0819,-0.1404,1.0436,-2.293,4.2891,-2.627
98104,-0.1064,-0.1664,1.026,-3.293,3.5566,-1.9102
98127,-0.095,-0.175,1.0248,-3.8359,3.0801,-1.5977
98150,-0.0703,-0.1561,1.0551,-4.4414,2.4297,-1.3164
98173,-0.0787,-0.1732,1.0284,-4.6855,2.0254,-1.2207
98196,-0.0994,-0.1552,1.0488,-4.8105,1.457,-1.1484
98219,-0.0977,-0.1533,1.0359,-4.668,0.959,-1.041
98242,-0.083,-0.1476,1.0325,-4.4453,0.6855,-0.8984
98265,-0.103,-0.1213,1.0439,-3.9492,0.3828,-0.5605
98288,-0.0999,-0.1316,1.0375,-3.5234,0.25,-0.2676
98311,-0.0923,-0.1458,1.0322,-2.8066,0.1621,0.2344
98334,-0.1006,-0.1276,1.0381,-2.1445,0.2031,0.752
98357,-0.0984,-0.1331,1.0458,-1.7988,0.2773,1.0859
98380,-0.0844,-0.1332,1.0375,-1.4766,0.4043,1.5176
98403,-0.0947,-0.1345,1.0405,-1.4023,0.4629,1.7285
98426,-0.1132,-0.1311,1.0294,-1.4863,0.4687,1.9219
98449,-0.1113,-0.1237,1.0365,-1.7402,0.4082,1.9902
98472,-0.1014,-0.1184,1.0381,-1.957,0.3574,1.9746
98495,-0.1128,-0.1312,1.0265,-2.3125,0.291,1.8574
98518,-0.1207,-0.1412,1.03,-2.5625,0.2559,1.7246
98541,-0.0972,-0.1321,1.0426,-2.9531,0.209,1.4609
98564,-0.0972,-0.1617,1.0341,-3.2148,0.1582,1.123
98587,-0.0818,-0.1531,1.0494,-3.6172,0.0176,0.8594
98610,-0.092,-0.1687,1.0355,-4.0254,-0.2109,0.4316
98633,-0.0881,-0.152,1.0529,-4.2871,-0.4004,0.1543
98656,-0.0846,-0.1422,1.041,-4.6191,-0.6875,-0.1895
98679,-0.1102,-0.1506,1.0315,-4.7676,-0.8438,-0.3398
98702,-0.1007,-0.1151,1.047,-4.8457,-0.9531,-0.4062
98725,-0.1169,-0.1367,1.0236,-4.7168,-0.8711,-0.291
98748,-0.1165,-0.1268,1.0349,-4.5391,-0.7148,-0.125
98771,-0.108,-0.1101,1.0461,-4.1914,-0.377,0.2012
98794,-0.1187,-0.1531,1.0156,-3.9473,-0.127,0.4258
98817,-0.104,-0.1395,1.0416,-3.6836,0.2363,0.7051
98840,-0.1024,-0.1229,1.0494,-3.5996,0.5098,0.8535
98863,-0.1095,-0.156,1.0234,-3.6211,0.5996,0.8574
98886,-0.1097,-0.1445,1.0408,-3.7656,0.5801,0.7617
98909,-0.0963,-0.1279,1.0491,-3.916,0.4824,0.6543
98932,-0.1091,-0.1509,1.0258,-4.1641,0.2461,0.4687
98955,-0.1146,-0.1278,1.0458,-4.3262,-0.0137,0.2988
98978,-0.1082,-0.1313,1.0293,-4.5156,-0.1641,0.2187
99001,-0.1379,-0.1536,1.0159,-4.6094,-0.334,0.1699
99024,-0.1398,-0.1332,1.0219,-4.623,-0.4004,0.1934
99047,-0.1473,-0.1276,1.0208,-4.5762,-0.4473,0.2812
99070,-0.1478,-0.1418,1.0153,-4.5059,-0.4727,0.3555
99093,-0.0861,-0.1171,1.0533,-4.3945,-0.5879,0.4746
99116,-0.0713,-0.1617,1.0421,-4.3516,-0.9238,0.5449
99139,-0.0292,-0.1705,1.0801,-4.4199,-1.3223,0.5352
99162,0.0096,-0.1621,1.1025,-4.7305,-2.168,0.4219
99185,-0.0164,-0.1765,1.094,-5.0547,-2.8477,0.293
99208,-0.0458,-0.1545,1.0768,-5.6074,-3.8164,0.0859
99231,-0.0924,-0.1265,1.053,-6.0059,-4.3027,-0.0762
99254,-0.1361,-0.1375,1.0192,-6.0449,-4.125,-0.1523
99277,-0.1339,-0.109,1.0233,-5.6387,-2.8926,-0.2578
99300,-0.1862,-0.1333,0.9961,-5.0586,-1.4609,-0.3633
99323,-0.1711,-0.1149,1.0189,-3.8828,1.3145,-0.5723
99346,-0.1411,-0.1377,1.015,-2.5371,4.2871,-0.8223
99369,-0.1653,-0.1636,1.0077,-1.9453,6.0371,-1.0059
99392,-0.1555,-0.1503,1.0203,-1.332,7.9395,-1.2773
99415,-0.1373,-0.1715,1.0198,-1.25,8.6016,-1.4219
99438,-0.1368,-0.1647,1.0236,-1.5918,8.6328,-1.5488
99461,-0.1414,-0.1356,1.0411,-2.0469,8.0742,-1.5527
99484,-0.1285,-0.1394,1.0309,-2.8691,6.5625,-1.4063
99507,-0.1305,-0.1438,1.0323,-3.6562,4.5625,-1.0605
99530,-0.1284,-0.1232,1.0392,-4.0879,3.1426,-0.7363
99553,-0.1254,-0.123,1.0394,-4.4961,1.1445,-0.1973
99576,-0.1434,-0.1432,1.0227,-4.5762,0.0117,0.127
99599,-0.1375,-0.1201,1.0465,-4.4277,-1.2617,0.4785
99622,-0.1259,-0.1522,1.0226,-4.0566,-1.9922,0.6016
99645,-0.1321,-0.1553,1.0295,-3.7773,-2.2051,0.541
99668,-0.1334,-0.1238,1.0409,-3.4316,-2.1895,0.2695
99691,-0.1472,-0.1404,1.0242,-3.2734,-2.0156,0.0176
99714,-0.1354,-0.1251,1.0343,-3.1543,-1.6172,-0.3633
99737,-0.1504,-0.1362,1.0258,-3.1582,-1.168,-0.668
99760,-0.1438,-0.1442,1.0227,-3.2246,-0.8926,-0.8027
99783,-0.1354,-0.1451,1.0345,-3.4219,-0.5762,-0.9063
99806,-0.1355,-0.1553,1.0302,-3.6113,-0.4687,-0.9316
99829,-0.1213,-0.1571,1.0345,-3.9473,-0.502,-0.9277
99852,-0.1243,-0.1565,1.0372,-4.1816,-0.6641,-0.9102
99875,-0.1212,-0.1526,1.0387,-4.498,-1.084,-0.8496
99898,-0.1102,-0.1443,1.0411,-4.7207,-1.6133,-0.7207
99921,-0.1162,-0.1371,1.0469,-4.7793,-1.9668,-0.5996
99944,-0.1216,-0.1539,1.0336,-4.7109,-2.4043,-0.3789
99967,-0.1141,-0.1311,1.046,-4.5781,-2.5937,-0.2051
99990,-0.1395,-0.1415,1.0302,-4.2871,-2.6621,0.0723
100013,-0.125,-0.1345,1.0406,-3.9316,-2.457,0.3516
100036,-0.1125,-0.1262,1.0433,-3.6855,-2.1934,0.5195
100059,-0.1317,-0.1459,1.0348,-3.3457,-1.6777,0.6953
100082,-0.1278,-0.1373,1.0333,-3.1758,-1.291,0.7539
100105,-0.1418,-0.1272,1.0358,-3.043,-0.6914,0.7441
100128,-0.1429,-0.1354,1.0243,-3.0508,-0.1094,0.623
100151,-0.144,-0.1302,1.0294,-3.1172,0.2461,0.4902
100174,-0.1505,-0.1398,1.0273,-3.2734,0.6914,0.2441
100197,-0.1464,-0.1533,1.0215,-3.4043,0.9063,0.0723
100220,-0.1445,-0.1428,1.0327,-3.6367,1.0801,-0.166
100243,-0.1447,-0.1428,1.0271,-3.8066,1.0859,-0.3477
100266,-0.1398,-0.1442,1.0314,-4.0703,0.9219,-0.4121
100289,-0.1406,-0.1329,1.0355,-4.3145,0.5664,-0.4141
100312,-0.1394,-0.1439,1.0217,-4.4473,0.25,-0.3672
100335,-0.1348,-0.1464,1.0355,-4.5898,-0.2832,-0.25
100358,-0.1373,-0.1483,1.0317,-4.6523,-0.6445,-0.1523
100381,-0.1188,-0.1395,1.0463,-4.7129,-1.166,0.0156
100404,-0.1171,-0.1493,1.0405,-4.7402,-1.6367,0.1914
100427,-0.1243,-0.1469,1.0419,-4.7402,-1.9063,0.2988
100450,-0.1184,-0.135,1.0448,-4.707,-2.2109,0.4316
100473,-0.1309,-0.1364,1.0382,-4.6484,-2.3242,0.4844
100496,-0.1171,-0.1362,1.0496,-4.502,-2.3262,0.4961
100519,-0.1232,-0.1272,1.0427,-4.3145,-2.1133,0.4043
100542,-0.1364,-0.1334,1.0466,-4.1875,-1.8555,0.2754
100565,-0.124,-0.1395,1.0283,-4.043,-1.3223,-0.0078
100588,-0.1499,-0.1464,1.028,-4.0,-0.8926,-0.25
100611,-0.1564,-0.1444,1.0266,-4.0332,-0.1914,-0.6719
100634,-0.1655,-0.1281,1.0145,-4.1113,0.7793,-1.1113
100657,-0.188,-0.1256,1.0177,-4.2637,0.9219,-1.3965
100680,-0.1669,-0.1378,1.0083,-4.3984,1.416,-1.7852
100703,-0.1593,-0.1554,1.022,-4.4805,1.6094,-2.0117
100726,-0.1429,-0.167,1.0194,-4.6426,1.6113,-2.2969
100749,-0.1405,-0.178,1.0326,-4.8105,1.3867,-2.4453
100772,-0.103,-0.1685,1.0508,-5.1621,0.6953,-2.5957
100795,-0.1134,-0.1848,1.0468,-5.5566,-0.3457,-2.6816
100818,-0.1123,-0.1771,1.0518,-5.791,-1.1426,-2.6895
100841,-0.1064,-0.1694,1.0437,-6.0234,-2.3066,-2.582
100864,-0.1207,-0.1616,1.0491,-6.0547,-2.9473,-2.4219
100887,-0.1274,-0.1486,1.0337,-5.8672,-3.5508,-2.0449
100910,-0.1367,-0.1318,1.0358,-5.3887,-3.627,-1.5391
100933,-0.1558,-0.1285,1.0287,-4.9258,-3.3789,-1.1758
100956,-0.1599,-0.1265,1.0204,-4.082,-2.627,-0.6621
100979,-0.1656,-0.1271,1.0222,-3.4883,-1.9355,-0.3828
101002,-0.1674,-0.1316,1.0166,-2.6816,-0.7891,-0.1055
101025,-0.1656,-0.1282,1.0209,-2.2773,0.25,-0.0254
101048,-0.1666,-0.1189,1.0149,-1.9473,0.7715,-0.1074
101071,-0.1758,-0.1185,1.0085,-1.916,1.1914,-0.5137
101094,-0.1895,-0.1005,0.9843,-1.9707,1.2188,-1.0547
101117,-0.2173,-0.0499,0.9958,-1.8613,0.9336,-2.5293
101140,-0.2332,-0.0153,0.9803,-1.3828,0.5898,-4.2168
101163,-0.2196,0.0361,0.9426,0.5957,-0.0059,-8.5215
101186,-0.3022,0.0627,0.8884,5.0469,-0.4492,-16.1543
101209,-0.3551,0.1019,0.7834,9.9316,-0.4766,-23.707
101232,-0.2794,0.1108,0.8285,20.8066,0.1484,-38.9551
101255,-0.1256,0.0529,0.9269,30.5703,0.9375,-51.3164
101278,-0.0892,-0.0081,0.8823,48.3398,1.8906,-64.0
101301,-0.019,0.0182,0.7914,63.998,1.2285,-64.0
101324,0.035,0.066,0.7682,63.998,-0.666,-64.0
101347,0.0079,0.0532,0.7789,63.998,-6.0645,-64.0
101370,-0.0967,-0.0253,0.7894,63.998,-11.4199,-64.0
101393,-0.1124,-0.09,0.8553,63.998,-21.9277,-64.0
101416,0.1992,0.0714,0.8138,63.998,-34.8164,-64.0
101439,0.22,0.1222,0.8652,63.998,-44.0957,-64.0
101462,0.1715,0.1725,0.9138,57.9551,-57.5488,-64.0
101485,0.142,0.1428,1.0166,46.2227,-64.0,-64.0
101508,0.1847,0.0254,1.1022,31.084,-64.0,-48.2441
101531,0.1788,0.1086,1.1143,23.5879,-64.0,-35.2109
101554,0.119,0.2263,1.1143,17.1211,-64.0,-19.7969
101577,-0.0894,0.1287,1.0685,16.5098,-64.0,-10.0234
101600,-0.0803,0.0952,1.1259,18.9238,-58.3574,-6.3164
101623,-0.0975,0.0327,1.1737,25.6836,-39.3184,-3.7754
101646,-0.1608,0.1128,1.2089,31.6641,-24.7031,-3.1055
101669,-0.089,0.3265,1.1556,41.9219,-2.3867,-1.0996
101692,0.0577,0.4441,0.9852,52.7227,16.9941,5.4355
101715,0.1008,0.3802,0.8656,59.6133,26.6348,13.2012
101738,0.177,0.4695,0.9005,63.998,34.9141,28.7891
101761,0.1776,0.442,0.9916,63.998,36.2363,40.2832
101784,0.1516,0.464,0.922,63.998,32.6895,56.498
101807,0.1589,0.507,0.9896,63.998,24.3516,63.998
101830,0.2244,0.4584,1.043,63.998,17.1895,63.998
101853,0.2166,0.4347,0.9351,63.998,5.3105,63.998
101876,0.1888,0.4561,0.8765,62.3848,-2.6641,63.998
101899,0.0996,0.5098,0.8583,55.6348,-13.3711,63.998
101922,0.1084,0.5752,0.8716,52.1758,-18.8164,56.2266
101945,0.1571,0.5574,0.8313,49.1699,-23.2188,47.0352
101968,0.1659,0.5175,0.783,48.248,-22.5195,31.918
101991,0.1616,0.5594,0.8298,47.9844,-19.5234,22.0547
102014,0.1661,0.5625,0.8153,46.7969,-12.6016,9.1113
102037,0.175,0.5685,0.8115,44.8828,-7.3887,2.4531
102060,0.1318,0.5515,0.7882,39.75,-0.3652,-3.8262
102083,0.1339,0.5265,0.7815,31.9043,4.2832,-5.6367
102106,0.209,0.5317,0.783,25.5176,5.6855,-4.8105
102129,0.1979,0.5248,0.8005,15.2324,5.207,-1.7031
102152,0.2594,0.5884,0.8505,8.6562,3.373,0.8828
102175,0.1331,0.5664,0.8073,0.3691,-0.9258,4.4687
102198,0.168,0.5028,0.7126,-5.3262,-5.7734,6.8672
102221,0.1372,0.4694,0.7122,-7.7422,-8.5625,7.5547
102244,0.1355,0.4839,0.7251,-9.6777,-11.416,7.2148
102267,0.1404,0.4845,0.7439,-10.0215,-12.3789,6.248
102290,0.1952,0.5463,0.8298,-9.2773,-12.707,4.0801
102313,0.1702,0.4916,0.7715,-8.0371,-12.4551,1.5
102336,0.1385,0.4281,0.7083,-5.5801,-11.7734,-0.1543
102359,0.1382,0.4178,0.6925,-3.3477,-11.0508,-2.0898
102382,0.2097,0.4797,0.7629,-2.3027,-10.7246,-2.8574
102405,0.2676,0.5731,0.8387,-1.2148,-10.7637,-3.2344
102428,0.2124,0.5597,0.7925,-0.5,-11.2441,-3.0781
102451,0.2219,0.542,0.7803,0.8223,-12.5156,-2.3633
102474,0.2367,0.5281,0.7606,2.2324,-13.9043,-1.2246
102497,0.2241,0.5496,0.7606,3.0273,-14.5117,-0.4141
102520,0.208,0.5492,0.7584,3.8594,-14.5273,0.5391
102543,0.2145,0.5271,0.7527,4.1465,-13.8809,0.877
102566,0.194,0.4945,0.708,4.1582,-12.1191,0.9023
102589,0.1606,0.4698,0.6814,3.6621,-9.8652,0.4746
102612,0.2073,0.4988,0.713,3.1445,-8.3457,0.0312
102635,0.3087,0.6431,0.8398,2.498,-6.3867,-0.7871
102658,0.1776,0.5115,0.7238,2.3301,-5.4141,-1.3594
102681,0.2146,0.5135,0.7421,2.2285,-4.4453,-1.9355
102704,0.2267,0.5297,0.7397,2.0098,-3.5488,-1.834
102727,0.2203,0.5099,0.7463,1.1113,-3.5586,-1.3086
102750,0.2229,0.5017,0.754,-0.6738,-2.8301,0.1582
102773,0.2272,0.5111,0.762,-2.3398,-2.1094,1.5332
102796,0.2222,0.5365,0.7708,-5.3301,-0.6934,4.0117
102819,0.2361,0.5248,0.7617,-7.4258,0.3926,5.791
102842,0.2321,0.5022,0.7678,-10.3086,2.0059,8.3262
102865,0.2307,0.501,0.7662,-12.4805,3.3184,10.291
102888,0.2162,0.514,0.7775,-13.375,3.959,11.0977
102911,0.2206,0.5001,0.7679,-13.791,4.6211,11.3867
102934,0.2178,0.5035,0.7621,-13.4687,4.877,10.9531
102957,0.2214,0.4991,0.7672,-12.2422,4.9434,9.4766
102980,0.2227,0.4996,0.7657,-10.4453,4.5879,7.3086
103003,0.2218,0.4987,0.7666,-9.1367,4.1328,5.6934
103026,0.2196,0.4993,0.7753,-7.2852,3.2187,3.3379
103049,0.22,0.4993,0.7692,-6.2402,2.5352,1.9668
103072,0.2191,0.4991,0.7716,-5.0527,1.5215,0.375
103095,0.2229,0.5009,0.7672,-4.5176,0.6152,-0.6074
103118,0.2191,0.4996,0.7676,-4.0449,0.1113,-0.9531
103141,0.2203,0.499,0.7725,-3.8691,-0.4531,-1.1035
103164,0.2174,0.499,0.7715,-3.8613,-0.6875,-1.0254
103187,0.2191,0.5005,0.7645,-3.9453,-0.8535,-0.7559
103210,0.2209,0.4985,0.7705,-4.0195,-0.8867,-0.5332
103233,0.2169,0.4984,0.77,-4.1113,-0.9023,-0.2148
103256,0.2211,0.512,0.7634,-4.1465,-0.9082,0.0254
103279,0.2211,0.4968,0.7729,-4.1309,-0.9121,0.1289
103302,0.2162,0.4998,0.7662,-4.0742,-0.9004,0.2051
103325,0.2202,0.5001,0.7688,-4.0293,-0.8516,0.2109
103348,0.2225,0.4978,0.7744,-3.9922,-0.7129,0.1934
103371,0.2228,0.5005,0.7727,-4.041,-0.5293,0.1875
103394,0.22,0.4984,0.7705,-4.1328,-0.4141,0.2031
103417,0.2225,0.4991,0.7722,-4.3301,-0.2949,0.2461
103440,0.2156,0.4993,0.7755,-4.4766,-0.2559,0.2695
103463,0.2189,0.4994,0.771,-4.6621,-0.2324,0.2637
103486,0.2166,0.4969,0.7726,-4.7344,-0.2344,0.1875
103509,0.2179,0.4995,0.77,-4.7402,-0.2441,0.0957
103532,0.2172,0.4961,0.772,-4.6191,-0.2812,-0.0762
103555,0.2179,0.4998,0.7723,-4.4883,-0.3242,-0.1973
103578,0.2192,0.4991,0.771,-4.252,-0.4258,-0.3555
103601,0.2162,0.4991,0.771,-4.0918,-0.5234,-0.4336
103624,0.2179,0.4991,0.7727,-3.873,-0.707,-0.4961
103647,0.2206,0.4985,0.771,-3.7012,-0.916,-0.4941
103670,0.2181,0.4989,0.7705,-3.6211,-1.0664,-0.4648
103693,0.2166,0.4995,0.7649,-3.5625,-1.3027,-0.3965
103716,0.2177,0.5013,0.7678,-3.5645,-1.4512,-0.3457
103739,0.2175,0.4993,0.7736,-3.6582,-1.6152,-0.2715
103762,0.218,0.498,0.7772,-3.9082,-1.6504,-0.1895
103785,0.2213,0.4927,0.781,-4.1699,-1.5879,-0.125
103808,0.218,0.4938,0.7782,-4.6445,-1.3906,-0.0098
103831,0.2151,0.491,0.7786,-4.9434,-1.2168,0.0645
103854,0.2119,0.4912,0.7706,-5.2148,-0.9355,0.1387
103877,0.2056,0.4993,0.7678,-5.1309,-0.6836,0.1094
103900,0.2219,0.4988,0.7622,-4.8574,-0.5625,0.0195
103923,0.2238,0.4993,0.77,-4.2227,-0.4844,-0.1953
103946,0.2244,0.5017,0.7733,-3.7637,-0.5,-0.3574
103969,0.2214,0.5004,0.7717,-3.2129,-0.582,-0.5664
103992,0.2183,0.4995,0.7745,-3.002,-0.6523,-0.6641
104015,0.2161,0.5022,0.7799,-2.9375,-0.748,-0.75
104038,0.2166,0.5,0.7729,-3.1035,-0.8008,-0.8047
104061,0.2139,0.4945,0.7782,-3.2676,-0.8145,-0.8574
104084,0.2131,0.4999,0.7686,-3.457,-0.8027,-1.0234
104107,0.2056,0.5011,0.7637,-3.4785,-0.7676,-1.2188
104130,0.2114,0.4983,0.767,-3.2871,-0.6797,-1.6582
104153,0.2035,0.4999,0.7665,-2.875,-0.5547,-2.2148
104176,0.2032,0.5016,0.7649,-2.5469,-0.4609,-2.582
104199,0.2106,0.4983,0.7708,-2.1055,-0.3437,-2.9961
104222,0.2115,0.5015,0.7692,-1.9277,-0.2949,-3.1133
104245,0.2129,0.5031,0.771,-1.9258,-0.2734,-2.9961
104268,0.2108,0.5006,0.769,-2.2637,-0.2969,-2.5488
104291,0.2096,0.4988,0.7727,-2.6406,-0.3301,-2.1152
104314,0.2072,0.4991,0.7766,-3.3418,-0.3789,-1.373
104337,0.2074,0.4993,0.7739,-3.8281,-0.4004,-0.8848
104360,0.2065,0.4999,0.7694,-4.459,-0.416,-0.2598
104383,0.2068,0.499,0.77,-4.748,-0.4277,0.1602
104406,0.2052,0.4993,0.769,-4.9277,-0.4727,0.3145
104429,0.2081,0.5007,0.7706,-4.8262,-0.5449,0.3809
104452,0.2078,0.4993,0.7683,-4.6504,-0.5859,0.3437
104475,0.2109,0.4993,0.774,-4.332,-0.623,0.2187
104498,0.21,0.4995,0.7767,-4.1465,-0.627,0.123
104521,0.2092,0.4974,0.7775,-3.9824,-0.5977,0.0039
104544,0.2052,0.4988,0.7794,-3.9785,-0.5371,-0.0762
104567,0.2054,0.5006,0.7706,-4.0332,-0.4922,-0.1172
104590,0.1973,0.5046,0.7758,-4.1094,-0.4551,-0.1992
104613,0.2069,0.4985,0.7661,-4.1055,-0.457,-0.2812
104636,0.203,0.4994,0.7714,-3.9922,-0.4883,-0.4766
104659,0.2119,0.4993,0.7712,-3.7891,-0.5156,-0.7422
104682,0.2061,0.5005,0.7722,-3.6406,-0.5234,-0.9297
104705,0.2051,0.4994,0.7715,-3.4629,-0.5254,-1.1758
104728,0.2029,0.5004,0.7721,-3.3906,-0.5293,-1.2891
104751,0.2031,0.4994,0.7743,-3.373,-0.5469,-1.3652
104774,0.2059,0.4993,0.7749,-3.418,-0.5723,-1.3223
104797,0.1996,0.5009,0.7736,-3.5527,-0.6309,-1.2344
104820,0.2046,0.4998,0.7703,-3.7305,-0.707,-1.0449
104843,0.2042,0.499,0.7761,-3.8516,-0.7559,-0.9043
104866,0.2007,0.4994,0.7756,-4.0234,-0.8008,-0.7129
104889,0.2012,0.499,0.7732,-4.1191,-0.8027,-0.6152
104912,0.1969,0.4988,0.7729,-4.2168,-0.7578,-0.5234
104935,0.2045,0.4987,0.775,-4.2539,-0.6602,-0.5039
104958,0.1945,0.4996,0.7742,-4.252,-0.5645,-0.5273
104981,0.2028,0.5024,0.7678,-4.2266,-0.3848,-0.625
105004,0.1997,0.5057,0.7708,-4.2012,-0.248,-0.7285
105027,0.198,0.4993,0.7726,-4.1582,-0.041,-0.918
105050,0.1992,0.4993,0.776,-4.1426,0.125,-1.082
105073,0.1971,0.4984,0.778,-4.1699,0.1914,-1.1367
105096,0.1947,0.4987,0.7765,-4.291,0.2207,-1.0879
105119,0.1957,0.4958,0.7777,-4.4199,0.2012,-0.9609
105142,0.1969,0.4969,0.7789,-4.6641,0.125,-0.6504
105165,0.1987,0.4946,0.7761,-4.8437,0.0117,-0.25
105188,0.2008,0.4961,0.78,-5.1074,-0.0781,0.0332
105211,0.1993,0.495,0.7811,-5.3359,-0.2168,0.4395
105234,0.199,0.4973,0.7797,-5.4492,-0.3086,0.6777
105257,0.2019,0.5009,0.7762,-5.5371,-0.4668,0.957
105280,0.2014,0.5048,0.7737,-5.5234,-0.6055,1.0762
105303,0.202,0.4987,0.7758,-5.375,-0.877,1.1348
105326,0.2025,0.4957,0.7749,-5.1055,-1.209,1.0469
105349,0.1996,0.4984,0.7758,-4.8887,-1.4355,0.9199
105372,0.2013,0.4955,0.7806,-4.5723,-1.7285,0.666
105395,0.2015,0.4929,0.7841,-4.4082,-1.8555,0.4844
105418,0.1985,0.4971,0.7827,-4.2695,-1.918,0.2461
105441,0.2031,0.4955,0.7767,-4.2559,-1.8438,0.084
105464,0.2028,0.4976,0.7767,-4.2852,-1.7441,0.0156
105487,0.1992,0.4958,0.7811,-4.3301,-1.5508,-0.0469
105510,0.1987,0.4968,0.7806,-4.3398,-1.4102,-0.082
105533,0.1984,0.4982,0.7797,-4.3086,-1.207,-0.1484
105556,0.1982,0.4976,0.781,-4.2539,-1.0371,-0.2383
105579,0.2018,0.4932,0.7789,-4.1309,-0.9512,-0.3066
105602,0.1973,0.4971,0.781,-3.9883,-0.8711,-0.4043
105625,0.2037,0.4943,0.7795,-3.8965,-0.8594,-0.4551
105648,0.2018,0.4956,0.7806,-3.791,-0.9063,-0.4902
105671,0.1997,0.4993,0.7799,-3.7441,-0.9707,-0.4883
105694,0.1997,0.4987,0.7789,-3.6953,-1.0918,-0.4707
105717,0.1986,0.4969,0.7777,-3.6426,-1.2129,-0.4785
105740,0.2006,0.4968,0.7817,-3.5918,-1.2813,-0.5098
105763,0.2003,0.4907,0.7803,-3.498,-1.3457,-0.5957
105786,0.1989,0.499,0.776,-3.4297,-1.3652,-0.666
105809,0.1981,0.4984,0.7764,-3.3164,-1.3672,-0.7734
105832,0.2003,0.4989,0.7782,-3.1973,-1.3516,-0.8594
105855,0.199,0.4988,0.7792,-3.125,-1.334,-0.8945
105878,0.1985,0.4972,0.7777,-3.0527,-1.291,-0.9141
105901,0.1963,0.4946,0.7812,-3.0352,-1.2539,-0.9043
105924,0.2009,0.4988,0.7787,-3.0625,-1.1816,-0.8555
105947,0.2067,0.4999,0.7866,-3.1445,-1.1035,-0.7812
105970,0.199,0.4977,0.7759,-3.2148,-1.0547,-0.7324
105993,0.1929,0.4999,0.7676,-3.3223,-0.9844,-0.6836
106016,0.1918,0.499,0.7721,-3.375,-0.9336,-0.6738
106039,0.2031,0.4985,0.7836,-3.4277,-0.8477,-0.6895
106062,0.1987,0.4978,0.7819,-3.4531,-0.791,-0.7148
106085,0.1989,0.4989,0.7814,-3.5078,-0.7344,-0.7656
106108,0.1982,0.4974,0.7782,-3.5801,-0.7227,-0.8301
106131,0.197,0.4994,0.7784,-3.625,-0.7383,-0.8789
106154,0.1945,0.4995,0.7743,-3.6504,-0.793,-0.9688
106177,0.1926,0.496,0.7738,-3.625,-0.8418,-1.0469
106200,0.1917,0.4984,0.7727,-3.5195,-0.9199,-1.1855
106223,0.1946,0.4957,0.7788,-3.373,-0.9883,-1.3105
106246,0.1958,0.4943,0.7811,-3.291,-1.0195,-1.3516
106269,0.1943,0.502,0.7794,-3.2383,-1.0527,-1.3105
106292,0.2003,0.4991,0.7695,-3.2539,-1.0645,-1.2188
106315,0.1931,0.5005,0.7733,-3.3359,-1.0586,-1.0234
106338,0.196,0.5028,0.7819,-3.4707,-1.0137,-0.8164
106361,0.1967,0.4988,0.7794,-3.5723,-0.9629,-0.6953
106384,0.1927,0.498,0.7799,-3.7109,-0.8809,-0.5703
106407,0.1913,0.499,0.7743,-3.7656,-0.8301,-0.5371
106430,0.1904,0.4974,0.7706,-3.75,-0.7773,-0.5859
106453,0.1881,0.4994,0.7759,-3.666,-0.7559,-0.748
106476,0.1907,0.4928,0.7759,-3.4668,-0.7363,-0.8945
106499,0.1906,0.4945,0.7802,-3.2695,-0.7227,-1.0938
106522,0.1906,0.4999,0.7805,-3.1855,-0.7168,-1.1641
106545,0.201,0.4973,0.7859,-3.168,-0.7246,-1.1289
106568,0.1931,0.4988,0.7744,-3.2207,-0.7324,-1.0156
106591,0.1946,0.498,0.7793,-3.3574,-0.7246,-0.7578
106614,0.2113,0.4845,0.7837,-3.4922,-0.6641,-0.4414
106637,0.2008,0.4902,0.7783,-3.541,-0.5918,-0.2207
106660,0.1818,0.4991,0.7823,-3.5098,-0.4395,0.1562
106683,0.1737,0.4999,0.7631,-3.4102,-0.3086,0.4727
106706,0.1583,0.5101,0.7485,-3.1602,-0.0664,1.0879
106729,0.1722,0.5065,0.7463,-2.9062,0.2012,1.875
106752,0.2059,0.5006,0.7683,-2.8633,0.3359,2.4805
106775,0.2263,0.5099,0.7863,-3.2285,0.3594,3.4531
106798,0.2184,0.509,0.7944,-3.8594,0.209,4.0898
106821,0.2256,0.52,0.7926,-5.3691,-0.2969,4.8867
106844,0.2262,0.5076,0.7832,-6.6055,-1.2852,5.1992
106867,0.2113,0.5059,0.7821,-8.3809,-1.6348,4.9258
106890,0.2104,0.4954,0.7833,-9.4785,-2.4883,3.5625
106913,0.1943,0.4919,0.7906,-9.5742,-3.0098,1.9844
106936,0.1676,0.4852,0.7864,-8.6074,-3.6836,-1.2012
106959,0.204,0.4778,0.7878,-7.2734,-4.043,-3.6504
106982,0.1909,0.4861,0.8025,-4.5039,-4.4375,-7.3691
107005,0.188,0.4734,0.7773,-1.3047,-4.6309,-10.5781
107028,0.1715,0.46,0.7512,0.7461,-4.5977,-12.1465
107051,0.1759,0.4729,0.7548,3.3145,-4.2266,-13.334
107074,0.1869,0.4944,0.7734,4.6035,-3.7402,-13.2754
107097,0.1632,0.4976,0.759,5.9512,-2.7031,-11.959
107120,0.1615,0.5093,0.7487,6.7227,-1.4141,-9.3555
107143,0.1643,0.5602,0.7667,6.9785,-0.4922,-7.0664
107166,0.1577,0.5315,0.71,6.9766,0.8789,-3.1152
107189,0.1743,0.5503,0.7151,6.6211,1.7246,-0.3242
107212,0.1899,0.5592,0.7272,5.2871,2.7676,3.7969
107235,0.1995,0.5573,0.7417,3.7266,3.3809,7.5059
107258,0.2035,0.5336,0.7529,0.3008,3.4727,9.5879
107281,0.2098,0.5457,0.7743,-4.2168,3.0293,11.9395
107304,0.2285,0.5211,0.7865,-7.5527,2.3145,12.9004
107327,0.2241,0.5046,0.7949,-12.4258,0.6445,13.2734
107350,0.2222,0.4745,0.7902,-15.1914,-0.7852,12.7402
107373,0.2163,0.4573,0.7902,-18.0254,-3.1641,10.752
107396,0.219,0.4475,0.8041,-18.8633,-5.4609,7.5527
107419,0.2209,0.4441,0.8087,-18.2832,-6.7402,4.9844
107442,0.2175,0.4667,0.8044,-15.9785,-8.0605,0.9941
107465,0.2168,0.4684,0.7874,-13.7441,-8.459,-1.459
107488,0.2128,0.4834,0.7843,-9.834,-8.2871,-4.4082
107511,0.2175,0.481,0.7782,-5.8184,-7.2559,-6.1953
107534,0.1968,0.4962,0.7783,-3.3437,-6.1875,-6.6914
107557,0.2067,0.4957,0.7632,-0.2031,-4.2129,-6.4551
107580,0.1874,0.5179,0.7668,1.4258,-2.7852,-5.7422
107603,0.1978,0.5277,0.765,3.1094,-0.6758,-4.0645
107626,0.1805,0.5151,0.7461,3.7344,1.2051,-1.9688
107649,0.1831,0.5233,0.7296,3.9687,2.2422,-0.5156
107672,0.1855,0.54,0.7242,3.416,3.3789,1.5215
107695,0.2041,0.5211,0.7422,2.6367,3.8262,2.7031
107718,0.2043,0.5198,0.7594,0.8555,3.9824,4.1523
107741,0.2047,0.5255,0.7717,-0.7246,3.7363,4.9004
107764,0.2228,0.504,0.7809,-3.5723,2.8867,5.6836
107787,0.2122,0.5022,0.7911,-6.7031,1.5605,5.9805
107810,0.2241,0.4869,0.7952,-8.7266,0.502,5.8574
107833,0.2368,0.4661,0.7969,-11.2988,-1.2109,5.1113
107856,0.2253,0.4524,0.7987,-12.5156,-2.3496,4.2246
107879,0.2109,0.4624,0.795,-13.373,-3.8789,2.4043
107902,0.2163,0.4541,0.7922,-12.9844,-4.9805,0.2559
107925,0.2134,0.4692,0.7992,-12.1035,-5.3828,-1.168
107948,0.2175,0.4684,0.7979,-10.0898,-5.4395,-3.0137
107971,0.2181,0.478,0.7888,-8.4668,-5.1211,-3.9238
107994,0.2139,0.4851,0.7864,-5.9023,-4.1875,-4.6992
108017,0.2123,0.4912,0.7821,-3.4531,-2.8477,-4.75
108040,0.2026,0.4985,0.7697,-1.9863,-1.8164,-4.4355
108063,0.1953,0.5121,0.7598,-0.1094,-0.2012,-3.5703
108086,0.1958,0.5083,0.7533,0.8984,0.8398,-2.8262
108109,0.1873,0.5223,0.7489,1.9961,2.2168,-1.623
108132,0.183,0.5287,0.7396,2.4219,2.9375,-0.3457
108155,0.1965,0.5057,0.7483,2.5547,3.6191,0.1934
108178,0.1979,0.5271,0.7572,2.0215,3.7402,1.0156
108201,0.1884,0.515,0.754,1.2813,3.4961,1.4375
108224,0.2135,0.5071,0.7698,-0.3652,2.6836,1.8809
108247,0.2012,0.5072,0.7843,-1.7539,1.8848,2.0371
108270,0.2284,0.4901,0.7943,-4.0918,0.4141,2.0078
108293,0.2246,0.4762,0.8049,-6.4336,-1.2188,1.5742
108316,0.2169,0.4672,0.7977,-7.8008,-2.3008,1.0313
108339,0.2119,0.4528,0.7958,-9.2363,-3.7402,-0.1387
108362,0.205,0.4552,0.7919,-9.6367,-4.4766,-1.0938
108385,0.2062,0.4592,0.7991,-9.291,-5.1055,-2.623
108408,0.219,0.4615,0.7939,-7.916,-5.0742,-4.002
108431,0.2064,0.4772,0.7894,-6.5723,-4.6973,-4.6855
108454,0.2012,0.4877,0.7773,-4.209,-3.6582,-5.1602
108477,0.1976,0.5006,0.7692,-2.5684,-2.7051,-5.0332
108500,0.1879,0.5057,0.7584,-0.2754,-1.0156,-4.1504
108523,0.1875,0.5275,0.7471,1.0098,0.1934,-2.5312
108546,0.1844,0.5386,0.7373,2.3809,1.9609,-1.168
108569,0.1888,0.5438,0.7363,2.9297,3.4727,1.0313
108592,0.1968,0.535,0.7515,2.8008,4.2305,2.4336
108615,0.1986,0.5352,0.7516,1.8867,4.8477,4.1895
108638,0.1877,0.531,0.7571,0.8672,4.8594,5.0059
108661,0.1975,0.512,0.7629,-1.0742,4.2676,5.5625
108684,0.2072,0.5018,0.7798,-3.1992,3.0059,5.2383
108707,0.2089,0.4907,0.7866,-4.5527,1.875,4.541
108730,0.2064,0.4834,0.7952,-6.2852,-0.0781,2.8848
108753,0.2112,0.4703,0.7946,-7.1465,-1.418,1.4863
108776,0.2076,0.4633,0.7897,-7.8828,-3.25,-0.8281
108799,0.2031,0.4604,0.7913,-7.8906,-4.627,-3.0859
108822,0.1987,0.4697,0.7922,-7.5176,-5.1992,-4.3828
108845,0.1998,0.4739,0.7926,-6.5176,-5.4648,-5.7812
108868,0.2031,0.4771,0.788,-5.6641,-5.2539,-6.2461
108891,0.1995,0.486,0.7838,-4.293,-4.4336,-6.1543
108914,0.1959,0.4949,0.7805,-3.4102,-3.1211,-5.1426
108937,0.1981,0.5028,0.7615,-2.248,-2.1328,-4.0312
108960,0.1851,0.5247,0.7496,-1.3887,-0.4961,-1.9219
108983,0.1779,0.5669,0.7316,-1.0313,0.5859,-0.3691
109006,0.1996,0.5258,0.7465,-0.8828,2.0293,1.9023
109029,0.2004,0.5109,0.7542,-1.0645,2.7637,3.2148
109052,0.1801,0.5575,0.7529,-1.7656,3.3574,4.6621
109075,0.1902,0.4991,0.7684,-2.9102,3.2715,5.3242
109098,0.2129,0.5059,0.7803,-3.832,2.8301,5.2871
109121,0.1965,0.4908,0.7827,-5.2852,1.6504,4.5117
109144,0.2068,0.4751,0.7931,-6.1914,0.6016,3.5645
109167,0.2074,0.4663,0.8046,-7.293,-1.1543,1.6797
109190,0.2136,0.4504,0.8077,-7.9355,-2.8652,-0.4707
109213,0.1947,0.465,0.8004,-8.0586,-3.8379,-1.8672
109236,0.2057,0.4587,0.7979,-7.7363,-4.8418,-3.6426
109259,0.2081,0.4559,0.7938,-7.1953,-5.1328,-4.4805
109282,0.1974,0.4738,0.7832,-5.9766,-4.9785,-5.0605
109305,0.1858,0.4862,0.7722,-4.9805,-4.1621,-4.709
109328,0.1887,0.5016,0.7661,-3.4102,-3.3105,-3.9492
109351,0.1915,0.5291,0.7473,-2.0352,-1.7188,-2.127
109374,0.1981,0.5305,0.7562,-1.3867,-0.5625,-0.5801
109397,0.2013,0.5414,0.7498,-0.9961,1.0938,1.9297
109420,0.2054,0.5237,0.7574,-1.1621,2.0156,3.5195
109443,0.2003,0.5344,0.7678,-1.9785,2.9414,5.4258
109466,0.2062,0.5074,0.7729,-3.2246,3.1855,6.418
109489,0.1854,0.5093,0.7786,-4.1074,2.9531,6.4531
109512,0.2083,0.4851,0.7821,-5.2344,2.0625,5.5234
109535,0.2028,0.4772,0.7854,-5.7344,1.1719,4.3008
109558,0.1938,0.4687,0.7872,-6.0117,-0.4453,1.7813
109581,0.209,0.4565,0.7986,-5.7422,-2.1348,-1.1211
109604,0.2003,0.4619,0.804,-5.3262,-3.1504,-2.998
109627,0.203,0.4716,0.7896,-4.4805,-4.3027,-5.3359
109650,0.1918,0.4869,0.7795,-3.834,-4.7285,-6.3926
109673,0.1925,0.481,0.7732,-2.8242,-4.7656,-7.0098
109696,0.1913,0.4883,0.7777,-1.6816,-4.084,-6.3809
109719,0.2007,0.4858,0.7727,-1.3984,-3.2891,-5.3164
109742,0.2056,0.5045,0.7712,-1.0547,-1.7637,-2.9648
109765,0.2062,0.5199,0.7734,-1.1816,-0.6621,-1.0684
109788,0.2052,0.5237,0.7777,-1.9805,0.8945,1.9004
109811,0.2103,0.5216,0.7683,-2.8652,1.748,3.7285
109834,0.1985,0.5181,0.764,-4.4824,2.5996,5.8516
109857,0.1746,0.5254,0.7609,-6.0488,2.8516,6.877
109880,0.192,0.5009,0.7646,-6.8535,2.6855,6.8437
109903,0.2017,0.494,0.7682,-7.5293,1.9902,5.7168
109926,0.1986,0.4857,0.7847,-7.6211,1.2773,4.3379
109949,0.2207,0.4666,0.8158,-7.3555,-0.0527,1.6387
109972,0.2137,0.4684,0.8418,-6.8359,-1.5352,-1.3301
109995,0.208,0.4606,0.8251,-6.4199,-2.502,-3.1875
110018,0.1976,0.4587,0.797,-5.6191,-3.7187,-5.4863
110041,0.1996,0.459,0.787,-4.8711,-4.2539,-6.5879
110064,0.1825,0.4645,0.7676,-3.293,-4.498,-7.5352
110087,0.1715,0.4751,0.7551,-1.207,-4.0312,-7.6152
110110,0.1843,0.4932,0.7605,0.2949,-3.373,-7.1738
110133,0.2024,0.5117,0.7729,2.2656,-2.0215,-5.7852
110156,0.1968,0.5433,0.7687,3.1035,-0.9941,-4.4277
110179,0.1971,0.5549,0.7715,3.3066,0.5254,-1.9414
110202,0.1976,0.5311,0.7573,2.7168,1.4043,0.8262
110225,0.1884,0.5264,0.7584,0.9941,2.3516,2.2168
110248,0.1986,0.5192,0.7672,-1.2012,2.7363,3.8145
110271,0.1804,0.4963,0.7827,-2.6055,2.6582,4.2715
110294,0.1948,0.4862,0.7889,-4.2266,2.082,4.0137
110317,0.1897,0.4698,0.7894,-4.8359,1.4531,3.293
110340,0.1936,0.4805,0.7906,-4.9414,0.3105,1.6465
110363,0.1976,0.478,0.7871,-4.1465,-0.8105,-0.2637
110386,0.194,0.4807,0.7725,-3.2344,-1.4082,-1.4414
110409,0.1859,0.4949,0.7703,-1.5566,-1.918,-2.75
110432,0.1885,0.5135,0.76,-0.4141,-1.9492,-3.1934
110455,0.1763,0.5289,0.7577,1.0234,-1.5371,-3.127
110478,0.191,0.536,0.7469,1.8203,-0.6895,-2.2676
110501,0.1819,0.5421,0.7455,1.9043,0.0078,-1.3906
110524,0.1816,0.5392,0.741,1.3848,1.0469,0.0762
110547,0.1826,0.5421,0.7418,0.6914,1.623,0.9766
110570,0.1769,0.5416,0.7531,-0.666,2.1504,1.9531
110593,0.183,0.5214,0.7709,-1.6445,2.209,2.3066
110616,0.2039,0.5066,0.7864,-3.0059,1.8047,2.1504
110639,0.1937,0.4965,0.7952,-3.9961,0.8398,1.3262
110662,0.1936,0.4999,0.8044,-4.3223,-0.0352,0.4395
110685,0.1851,0.4808,0.7844,-4.2031,-1.4746,-1.2188
110708,0.1799,0.4515,0.7583,-3.7559,-2.3594,-2.3809
110731,0.1714,0.4584,0.7408,-2.7773,-3.3086,-3.8887
110754,0.1709,0.4757,0.7316,-1.7324,-3.6094,-4.7598
110777,0.1809,0.5514,0.7982,-1.0977,-3.4316,-4.8535
110800,0.1768,0.5626,0.7373,-0.3301,-2.6973,-4.207
110823,0.1962,0.5552,0.7483,-0.0586,-1.9766,-3.2891
110846,0.196,0.5568,0.7521,-0.2578,-0.7266,-1.3984
110869,0.1835,0.5413,0.7424,-1.25,0.4629,0.6992
110892,0.1764,0.5308,0.7587,-2.2441,1.0801,1.9531
110915,0.181,0.5078,0.7751,-3.9258,1.5586,3.291
110938,0.1797,0.5001,0.783,-4.9785,1.5195,3.7012
110961,0.1777,0.4851,0.7729,-6.1914,0.9355,3.5332
110984,0.1892,0.486,0.7621,-6.6562,-0.2246,2.5664
111007,0.1787,0.4968,0.7704,-6.8281,-0.9199,1.6543
111030,0.1957,0.5018,0.7883,-6.5684,-2.0918,0.2422
111053,0.2079,0.5079,0.7803,-6.3223,-2.7422,-0.5352
111076,0.2036,0.519,0.7793,-6.0566,-3.3984,-1.2637
111099,0.1997,0.5203,0.7743,-5.998,-3.5879,-1.4434
111122,0.1937,0.5361,0.7673,-6.0254,-3.5039,-1.3574
111145,0.1907,0.5245,0.7686,-5.9922,-3.0762,-1.0918
111168,0.1862,0.5173,0.7699,-5.8008,-2.6836,-0.9785
111191,0.1941,0.5214,0.8027,-5.0859,-2.084,-1.0977
111214,0.2113,0.5439,0.8204,-4.2734,-1.7461,-1.4336
111237,0.1951,0.5209,0.7993,-2.627,-1.3535,-2.2949
111260,0.1909,0.5068,0.7876,-0.8398,-0.998,-3.377
111283,0.1605,0.4978,0.7701,0.1777,-0.6836,-4.0723
111306,0.2081,0.4861,0.7463,1.1719,0.0215,-4.9043
111329,0.0746,0.4537,0.6564,1.4043,0.6895,-5.2637
111352,0.1503,0.4994,0.7408,1.1621,1.9941,-5.5
111375,0.1304,0.5087,0.7426,0.7695,3.5215,-5.5391
111398,0.1315,0.4934,0.7347,0.1699,4.5195,-5.5371
111421,0.1591,0.5739,0.7399,-0.2207,5.7266,-5.4941
111444,0.1526,0.5527,0.7478,-0.3223,6.2031,-5.3711
111467,0.1735,0.5513,0.7617,-0.2871,6.2754,-4.8809
111490,0.1604,0.557,0.7592,-0.2285,5.8848,-4.2969
111513,0.1611,0.5261,0.7592,-0.2422,4.7871,-3.1094
111536,0.1467,0.5139,0.7808,-0.5176,3.4023,-1.7988
111559,0.1641,0.5032,0.7706,-0.8613,2.5449,-1.0254
111582,0.1429,0.507,0.7677,-1.5254,1.6641,-0.2031
111605,0.1289,0.5183,0.7526,-1.9609,1.4746,0.0684
111628,0.1245,0.5437,0.7317,-2.3945,1.8691,0.1016
111651,0.1194,0.5569,0.7158,-2.4141,2.8906,-0.123
111674,0.1382,0.5535,0.7267,-2.2344,3.7148,-0.2734
111697,0.1536,0.5764,0.7651,-1.9238,4.8047,-0.3262
111720,0.1525,0.5643,0.6912,-1.8691,5.2715,-0.1973
111743,0.09,0.5872,0.6816,-2.2344,5.4492,0.1875
111766,0.1536,0.6613,0.7863,-2.6777,5.0,0.4961
111789,0.176,0.6287,0.8334,-3.084,4.3945,0.3789
111812,0.1785,0.5306,0.7704,-2.8359,3.1387,-0.6406
111835,0.1024,0.4724,0.7629,-2.5117,2.2031,-1.9023
111858,0.1265,0.4564,0.7798,-2.3691,0.9082,-4.332
111881,0.1238,0.4313,0.7457,-2.7012,0.2305,-6.0137
111904,0.0786,0.3911,0.775,-3.7988,-0.2637,-8.1465
111927,0.1453,0.3807,0.7618,-5.1426,0.2656,-9.3574
111950,0.1714,0.3827,0.8042,-5.7773,1.3047,-9.4941
111973,0.1334,0.4377,0.7787,-5.6602,3.6445,-8.4453
111996,0.2004,0.5229,0.8494,-4.5195,5.4219,-6.709
112019,0.2333,0.6316,1.0052,-0.8223,7.9492,-2.3379
112042,0.1118,0.5715,0.7412,5.168,10.334,3.877
112065,0.0703,0.5579,0.7452,9.9395,12.2773,8.6289
112088,0.1277,0.5638,0.6782,17.1504,16.5508,15.7324
112111,0.0582,0.5699,0.7244,21.3379,20.4453,19.9375
112134,0.0571,0.5452,0.6852,25.7637,27.3242,24.9629
112157,0.0568,0.6122,0.6642,27.2852,34.1426,28.3984
112180,0.0294,0.6288,0.6573,26.5469,37.7871,29.9863
112203,0.0026,0.5919,0.6884,22.9453,40.7305,31.7793
112226,0.0942,0.584,0.735,19.0605,40.6426,32.7129
112249,0.1669,0.5437,0.7507,11.4277,37.5371,33.4219
112272,0.124,0.5219,0.7881,5.4766,33.8711,32.6055
112295,0.1962,0.5679,0.7816,-3.9473,27.0273,31.1113
112318,0.1758,0.6301,0.7133,-12.8477,20.1699,27.2949
112341,0.1282,0.7037,0.6398,-17.8184,16.5352,23.8965
112364,0.0758,0.7747,0.6484,-22.877,13.582,18.0176
112387,0.2123,0.8345,0.6476,-24.2051,13.4434,13.916
112410,0.2965,0.9177,0.7856,-22.5723,15.4062,7.8496
112433,0.0657,0.8461,0.9318,-15.9238,18.6504,2.0645
112456,-0.0851,0.6571,0.8451,-8.6113,20.7402,-1.4004
112479,-0.0481,0.5492,0.7803,5.5254,23.0723,-5.8301
112502,-0.1057,0.4529,0.861,15.959,24.0176,-8.6621
112525,0.0248,0.5565,0.8766,31.7363,24.9219,-14.2441
112548,-0.0426,0.5951,0.749,47.1035,26.3066,-23.291
112571,-0.2216,0.5005,0.5864,56.8086,28.3145,-31.5488
112594,-0.351,0.4451,0.6278,63.998,34.0254,-45.9668
112617,-0.1613,0.4958,0.5591,63.998,39.7402,-55.6035
112640,-0.2268,0.6049,0.4058,63.998,50.3379,-64.0
112663,-0.4969,0.6627,0.2462,63.998,58.041,-64.0
112686,-0.2969,0.6433,0.2133,63.998,63.998,-64.0
112709,-0.1332,0.6968,0.2345,63.998,63.998,-64.0
112732,-0.3247,0.7472,0.197,63.998,63.998,-60.0488
112755,-0.2815,0.7729,0.1113,63.998,63.998,-43.2969
112778,-0.2493,0.8151,0.0681,63.998,63.998,-30.2969
112801,-0.2179,0.801,0.0581,63.998,63.998,-10.1699
112824,-0.1942,0.7986,-0.0441,63.998,63.998,8.5469
112847,-0.1326,0.7942,-0.0917,63.998,63.998,19.4453
112870,-0.163,0.8018,0.0072,63.998,63.998,32.793
112893,-0.0527,0.8335,0.0808,63.998,63.998,39.5781
112916,-0.0414,0.8265,0.1117,63.998,63.998,46.707
112939,-0.0508,0.7345,-0.0045,63.998,61.2305,50.666
112962,0.0111,0.6465,-0.0719,63.998,57.707,51.8555
112985,0.0464,0.6747,-0.1257,63.998,52.4316,51.7129
113008,0.0085,0.748,-0.1738,63.998,48.9258,50.3809
113031,-0.0111,0.8199,-0.2014,63.998,43.5938,46.6211
113054,0.0225,0.8484,-0.1104,63.998,37.8594,40.8496
113077,0.0386,0.6869,0.0193,46.4473,33.6289,35.9258
113100,-0.1455,0.8003,-0.3328,28.1914,26.4531,27.3555
113123,-0.3407,1.1611,-0.1919,17.8086,21.4922,21.4492
113146,0.0934,0.8923,-0.0712,5.8711,14.6133,13.3047
113169,-0.1238,0.8137,0.0074,0.6699,10.6562,8.4785
113192,-0.2112,0.8169,-0.0785,-3.209,5.8105,2.209
113215,-0.1315,0.8789,-0.1761,-3.3516,2.5781,-2.3984
113238,0.0209,0.8427,-0.2129,-2.0176,1.5547,-4.3047
113261,-0.0056,0.7349,-0.1287,1.1973,1.8477,-5.3516
113284,-0.0582,0.7482,-0.1405,3.6348,3.1309,-4.9141
113307,-0.0747,0.7758,-0.2095,6.834,6.3359,-2.7871
113330,-0.0651,0.7129,-0.1558,8.4844,10.5371,0.6719
113353,0.0022,0.7714,-0.0842,8.2754,13.4473,3.3359
113376,-0.0203,0.8729,-0.1149,5.623,17.3613,7.168
113399,-0.0699,0.7025,-0.0851,2.2852,19.4824,9.2852
113422,0.0404,1.0165,-0.0886,-4.7148,21.7539,11.4355
113445,-0.048,0.8145,-0.0879,-10.2852,22.7734,12.2187
113468,-0.0061,0.8757,-0.1099,-19.0859,22.7148,12.0859
113491,0.025,1.3094,-0.1544,-27.4316,21.5137,11.2969
113514,-0.0326,0.7667,-0.1573,-32.3887,19.9512,10.6582
113537,-0.0182,0.8726,-0.1069,-38.8711,16.2949,9.832
113560,-0.0092,0.8102,-0.025,-42.8047,12.7949,9.4316
113583,-0.0015,0.7898,0.0393,-49.0234,5.668,9.1855
113606,0.0714,0.7264,0.1693,-56.998,-3.9219,9.6855
113629,0.0817,0.7485,0.2217,-63.7676,-11.6738,10.6914
113652,0.0924,0.7786,0.3425,-64.0,-24.7676,13.6445
113675,0.0948,0.8379,0.4097,-64.0,-33.6504,16.6797
113698,0.1082,0.765,0.5485,-64.0,-45.1348,22.3672
113721,0.0626,0.7843,0.547,-64.0,-52.0098,28.0078
113744,0.0464,0.7012,0.5967,-64.0,-53.1465,30.8223
113767,0.0881,0.6372,0.5997,-64.0,-49.3906,32.4941
113790,0.0582,0.7194,0.594,-64.0,-43.6016,31.5254
113813,0.1134,0.7085,0.5914,-64.0,-31.1563,26.9297
113836,0.0811,0.7659,0.6187,-64.0,-16.1309,19.2305
113859,0.0292,0.7427,0.6554,-64.0,-5.9336,13.0195
113882,-0.0497,0.6667,0.6122,-64.0,7.6992,3.3535
113905,-0.0785,0.62,0.5918,-64.0,14.7305,-2.6406
113928,0.1008,0.5969,0.6425,-52.666,21.1855,-10.293
113951,0.0853,0.582,0.6023,-40.2207,22.5215,-14.457
113974,0.0447,0.6139,0.538,-21.3125,20.209,-19.4668
113997,0.0369,0.8185,0.5215,-2.3965,13.498,-23.1836
114020,0.1393,0.764,0.353,9.5742,7.0781,-25.1055
114043,0.1451,0.7549,0.443,24.4863,-4.9863,-27.6602
114066,0.0836,0.6898,0.401,31.0645,-14.2891,-29.6016
114089,0.0304,0.725,0.4413,34.2344,-29.2109,-33.5625
114112,0.0273,0.701,0.5251,28.5645,-44.1719,-38.9004
114135,-0.0176,0.5781,0.6215,20.0254,-53.7246,-42.8652
114158,-0.1516,0.5343,0.6846,1.2207,-64.0,-48.4688
114181,-0.079,0.5901,0.6855,-14.3184,-64.0,-51.377
114204,-0.0944,0.589,0.7115,-40.1309,-64.0,-53.9102
114227,-0.0309,0.6292,0.74,-64.0,-64.0,-54.5039
114250,-0.1228,0.5664,0.851,-64.0,-64.0,-54.3379
114273,-0.0322,0.608,0.9442,-64.0,-64.0,-53.9219
114296,-0.0048,0.4792,0.9491,-64.0,-64.0,-53.623
114319,-0.1361,0.4761,0.9114,-64.0,-64.0,-53.0781
114342,-0.1531,0.4719,0.8356,-64.0,-64.0,-52.1367
114365,-0.224,0.433,0.8184,-64.0,-62.6992,-51.9336
114388,-0.2104,0.4274,0.6865,-64.0,-51.3867,-51.6211
114411,-0.0879,0.4696,0.7096,-64.0,-44.0469,-52.1426
114434,0.0746,0.4976,0.7753,-50.207,-33.3711,-54.7617
114457,0.0513,0.4479,0.8223,-33.5176,-26.9629,-57.5879
114480,0.0071,0.4847,0.8453,-13.6016,-20.3613,-61.6094
114503,-0.0344,0.5177,0.7583,-2.3652,-20.1758,-62.127
114526,0.1587,0.7017,0.781,0.0312,-24.5996,-59.125
114549,0.1355,0.6107,0.8174,-2.7891,-37.5,-49.082
114572,0.0253,0.431,0.8456,-7.6602,-48.3613,-39.3594
114595,0.1458,0.4353,0.7957,-16.7461,-63.248,-22.5137
114618,0.0815,0.4031,0.8419,-25.1211,-64.0,-6.0449
114641,0.2711,0.4617,1.0433,-29.3711,-64.0,3.2793
114664,0.0757,0.4042,0.8214,-33.3027,-64.0,13.5566
114687,-0.0751,0.4708,0.8634,-34.3223,-57.2734,17.7461
114710,0.066,0.4969,0.941,-33.752,-39.2031,20.3359
114733,0.108,0.5391,0.9845,-32.3203,-25.2285,19.123
114756,-0.0209,0.4822,0.8363,-29.623,-4.1582,16.7637
114779,-0.0371,0.3732,0.8021,-28.0254,13.7715,12.1484
114802,0.084,0.3169,0.9015,-28.459,22.5898,9.0703
114825,0.0917,0.3419,0.965,-31.7891,30.043,5.1758
114848,0.0312,0.2607,0.8356,-35.5313,31.3398,3.168
114871,-0.0122,0.178,0.7167,-42.5234,29.2012,1.0039
114894,0.0396,0.1655,0.7889,-49.6211,24.168,-0.1934
114917,0.0314,0.2341,0.9031,-53.166,20.1699,-0.5801
114940,-0.0604,0.3672,1.0735,-54.375,14.5488,-1.0
114963,0.0276,0.2856,0.8781,-51.4141,11.8184,-1.498
114986,0.0272,0.2408,0.8042,-41.1523,9.877,-2.9766
115009,0.0273,0.2667,0.7173,-25.334,9.9648,-5.3555
115032,0.0785,0.554,1.2067,-12.4668,10.5391,-7.3184
115055,0.048,0.5599,1.0737,9.5957,11.082,-10.4902
115078,0.0383,0.4636,0.8087,25.2363,10.6016,-12.3926
115101,-0.0093,0.3989,0.6215,47.3184,7.7422,-14.127
115124,-0.04,0.6173,1.0939,59.6328,1.5078,-13.7773
115147,0.0892,0.5436,0.8053,63.998,-4.6914,-12.3789
115170,0.1456,0.4346,0.7474,63.998,-16.5645,-9.291
115193,0.0421,0.5062,0.7258,63.998,-25.3516,-7.1504
115216,0.074,0.5103,0.7688,63.998,-38.4082,-4.4453
115239,0.032,0.5118,0.7419,63.998,-46.2246,-3.166
115262,-0.0276,0.4916,0.712,63.998,-55.2676,-2.1816
115285,0.0819,0.4954,0.7545,51.4277,-60.0352,-2.2246
115308,0.1949,0.5653,0.7622,40.7148,-60.5156,-2.8379
115331,0.1534,0.5145,0.7657,23.791,-57.0645,-4.834
115354,0.1447,0.5297,0.7347,12.5547,-52.2656,-6.8359
115377,0.0984,0.5408,0.7654,-3.1348,-42.3457,-10.2793
115400,0.0782,0.5258,0.8026,-16.3027,-30.5254,-13.1816
115423,0.1055,0.5016,0.8196,-23.2598,-22.377,-14.2695
115446,0.2076,0.4877,0.8013,-30.7012,-11.0078,-14.2754
115469,0.1184,0.4872,0.7943,-33.6816,-4.7012,-13.2461
115492,0.0702,0.5109,0.8042,-35.4063,2.2285,-10.5352
115515,0.0912,0.485,0.8387,-34.9648,6.4043,-7.1113
115538,0.1573,0.5076,0.9233,-32.5176,8.0859,-4.8457
115561,0.141,0.5309,0.892,-28.8926,9.7168,-2.0449
115584,0.0479,0.4779,0.7557,-26.4922,10.5547,-0.7285
115607,0.0096,0.4408,0.752,-23.9648,11.7422,0.6426
115630,0.0688,0.4241,0.8043,-23.3691,12.5703,1.4336
115653,0.0975,0.4321,0.8965,-24.1016,13.8496,2.791
115676,0.0723,0.454,0.9279,-26.125,14.9961,4.4414
115699,0.0345,0.4877,0.9207,-27.7656,15.6426,5.6289
115722,0.0551,0.4509,0.8823,-30.3301,16.3906,7.3164
115745,0.0699,0.3917,0.9204,-32.1016,16.7305,8.2285
115768,0.076,0.4163,1.0101,-34.9922,17.0273,9.0859
115791,0.0857,0.3885,0.9835,-38.4219,17.0586,9.375
115814,0.0076,0.2981,0.9014,-41.2461,16.8047,9.4785
115837,0.0529,0.285,0.9369,-46.5898,15.6328,10.041
115860,0.111,0.2612,0.9404,-50.8047,14.1758,10.8555
115883,0.1064,0.2787,0.9996,-57.4961,10.9883,12.6328
115906,0.1029,0.3242,1.0634,-63.6758,6.8926,14.7363
115929,0.0649,0.3551,1.1024,-64.0,3.8066,16.1641
115952,0.101,0.3588,1.1466,-64.0,-1.1484,18.0879
115975,0.1234,0.3147,1.0972,-64.0,-4.4219,18.9238
115998,0.1045,0.2732,1.1567,-64.0,-8.4492,18.7051
116021,0.1171,0.229,1.2543,-63.1563,-9.9766,17.1426
116044,0.1372,0.1338,1.1176,-56.2461,-10.127,12.3125
116067,0.0781,0.1261,1.1235,-48.4395,-7.998,4.7344
116090,0.0563,0.1483,1.1926,-43.457,-5.5859,-1.4121
116113,0.0262,0.1124,1.1271,-36.7012,-1.0508,-11.2734
116136,-0.0099,0.1547,1.1357,-32.6699,2.1074,-17.5293
116159,0.048,0.1372,1.0446,-27.2539,6.3887,-25.1328
116182,-0.0099,0.1044,0.9633,-22.6602,9.582,-29.4512
116205,-0.0402,0.082,0.9728,-20.1777,11.002,-30.1699
116228,0.0371,0.0698,0.9766,-17.4727,12.3848,-28.0742
116251,-0.0215,0.0223,0.892,-16.459,13.0996,-24.8125
116274,-0.049,0.0718,0.9059,-16.3613,14.2852,-17.5742
116297,-0.0782,0.1287,0.9241,-17.7031,15.834,-8.1309
116320,-0.1008,0.158,0.983,-18.9102,16.9844,-1.0723
116343,-0.0487,0.0829,0.9562,-20.3672,18.6406,9.7051
116366,0.035,0.0131,0.8947,-20.8672,19.5977,16.3418
116389,0.042,0.0178,0.8705,-20.9688,20.6621,24.3887
116412,0.0417,0.0543,0.8434,-20.6816,21.0391,29.082
116435,0.0818,0.0569,0.8173,-19.6094,21.0137,30.916
116458,0.0209,0.0576,0.7528,-17.3594,19.9883,30.7852
116481,-0.0085,0.0852,0.8114,-15.0801,18.5469,29.4785
116504,-0.0007,0.0947,0.8418,-10.6504,15.2227,26.459
116527,-0.3418,-0.3308,0.6385,-7.3711,12.4062,24.0703
116550,-0.1433,-0.126,0.7048,-2.9785,7.8691,20.6816
116573,0.2794,0.2771,0.946,-0.084,3.4355,18.5
116596,0.1572,0.2639,1.1106,1.0469,0.3066,17.8379
116619,0.0499,0.0917,1.0398,1.8789,-5.0469,17.8926
116642,0.0092,-0.0237,1.1072,1.7246,-8.7559,18.6074
116665,0.1125,-0.0679,1.1735,-0.1289,-13.5684,20.8555
116688,0.1029,-0.0729,1.1398,-4.373,-16.8945,24.8711
116711,0.1193,0.016,1.173,-8.4473,-18.1758,28.5859
116734,0.1304,0.0436,1.1758,-15.5371,-18.5527,35.3105
116757,0.1265,-0.0024,1.0398,-20.1973,-17.7168,40.1348
116780,0.0699,-0.0062,0.9806,-26.0781,-14.7793,47.0684
116803,0.0928,0.0989,1.0244,-28.875,-11.6934,52.6992
116826,0.0369,0.1204,1.0121,-30.9492,-5.5801,55.3496
116849,-0.052,0.0649,0.9835,-30.5234,1.6855,57.5762
116872,-0.0123,-0.0164,0.9899,-29.2324,6.666,58.0547
116895,0.0803,-0.0012,1.0402,-26.5938,13.4121,57.5332
116918,0.0183,0.0128,1.0361,-24.7031,16.9141,56.4102
116941,-0.0476,-0.0326,0.9932,-21.9355,20.207,53.7246
116964,0.0042,-0.0029,1.0289,-19.3477,21.1699,50.2539
116987,-0.0201,-0.0411,0.9825,-17.668,20.6797,47.7246
117010,-0.0966,-0.0402,0.9772,-15.0684,18.6797,43.8691
117033,0.0197,0.0146,1.066,-13.2031,16.8555,41.3965
117056,0.0332,0.0109,1.0179,-10.1445,13.8652,37.9785
117079,-0.0637,0.0396,1.025,-7.0254,11.0,35.0996
117102,-0.069,0.0403,1.0394,-5.1895,9.3867,33.6426
117125,0.0406,0.0448,1.0466,-3.2402,7.6289,32.1836
117148,-0.0192,0.0165,1.0093,-2.6738,6.9082,31.5117
117171,-0.0667,-0.0131,1.0358,-3.1484,6.3984,30.6191
117194,-0.0187,0.0121,1.0327,-4.3418,6.3613,29.6465
117217,-0.0958,-0.0052,0.9441,-7.1582,6.5781,28.8008
117240,-0.0762,-0.0078,0.9679,-10.6309,6.9707,27.0176
117263,-0.0514,0.03,1.0498,-12.8926,7.1816,25.4316
117286,0.01,0.0435,1.0975,-15.5098,7.0039,22.5273
117309,-0.0518,0.0758,1.0533,-16.5039,6.3574,20.3574
117332,-0.0848,0.1364,1.1146,-17.0488,4.6328,16.9883
117355,0.0367,-0.1187,0.858,-17.418,2.5859,13.7129
117378,-0.0865,-0.0828,1.0242,-18.2969,1.4531,11.6934
117401,-0.0212,-0.0703,0.9967,-20.9004,0.4375,9.0879
117424,-0.0488,-0.0453,1.0198,-23.0684,0.0215,7.7441
117447,-0.0122,-0.1224,1.0437,-25.7637,-0.7949,6.4316
117470,-0.0099,-0.1011,1.0564,-26.3867,-2.3242,5.9395
117493,-0.0322,-0.0323,1.0778,-25.168,-3.6699,5.8887
117516,-0.1211,-0.0002,1.019,-20.8184,-5.4414,5.5781
117539,-0.0651,0.0632,1.0334,-16.4727,-5.9043,4.6523
117562,0.0735,0.0645,1.0259,-8.5488,-4.9473,1.2148
117585,-0.0304,0.057,1.0166,-2.9687,-1.9844,-5.1074
117608,-0.0621,0.093,1.0576,4.6309,1.1816,-10.543
117631,-0.1287,0.0208,0.9874,10.3184,7.6914,-19.2891
117654,-0.0018,0.0781,0.9999,12.9434,12.4883,-24.6523
117677,0.0138,-0.0042,1.0731,15.5723,17.8496,-30.5273
117700,0.0425,-0.0801,1.0756,16.8535,18.7305,-32.4004
117723,-0.0182,-0.0588,1.0637,18.6719,14.6562,-31.9297
117746,0.0098,0.0027,1.0535,20.6094,4.6152,-28.2617
117769,0.0302,0.0507,1.0958,21.7832,-4.2246,-24.7383
117792,0.0388,0.0032,1.088,22.6094,-18.1836,-18.957
117815,0.0215,-0.0266,0.9976,21.9063,-26.3438,-15.4043
117838,-0.0704,0.0042,0.9792,18.0273,-34.2227,-11.5723
117861,0.0607,0.0092,1.0024,10.6113,-34.9395,-10.5137
117884,-0.0303,-0.0334,0.9552,4.2676,-31.5156,-11.6152
117907,-0.1143,-0.0483,0.9058,-5.8672,-22.2344,-15.7305
117930,-0.1268,0.0332,0.8799,-12.0996,-14.5801,-19.7246
117953,-0.2224,0.0592,0.7573,-19.0938,-3.0762,-26.875
117976,-0.2596,0.0463,0.6796,-21.9395,6.6191,-34.7637
117999,-0.1414,0.053,0.636,-20.5781,11.6738,-40.3281
118022,-0.0493,0.012,0.6738,-13.9473,17.2773,-49.4004
118045,-0.1992,-0.0881,0.7406,-6.4199,19.8477,-55.9082
118068,-0.0764,-0.0239,0.7264,8.832,21.9277,-64.0
118091,-0.0227,0.1357,0.9408,21.1836,21.8105,-64.0
118114,-0.0828,0.0845,0.9484,42.0488,19.6992,-64.0
118137,-0.0692,0.061,0.9318,63.8848,16.1953,-64.0
118160,0.0308,0.2273,0.9205,63.998,12.9766,-64.0
118183,0.2155,0.2874,0.9636,63.998,6.2168,-64.0
118206,0.1749,0.2035,0.8914,63.998,0.2539,-64.0
118229,0.1396,0.3542,0.9487,63.998,-10.2832,-57.7676
118252,-0.0398,0.4434,1.0731,63.998,-20.6777,-49.5996
118275,-0.2749,0.3204,0.9375,63.998,-26.0352,-44.2813
118298,-0.0706,0.6405,1.0117,63.998,-30.2012,-35.9766
118321,0.2284,0.9052,1.1213,63.998,-30.416,-30.168
118344,0.0576,0.6865,0.8518,63.998,-28.2617,-21.4434
118367,0.0284,0.536,0.7303,63.998,-24.8047,-12.9473
118390,0.0375,0.907,1.0488,63.998,-22.2246,-7.4355
118413,-0.0277,0.8524,0.8541,63.998,-18.0371,0.6504
118436,-0.1171,0.6592,0.6115,63.998,-14.9727,6.1133
118459,-0.0607,0.5291,0.5482,63.998,-9.6484,14.6875
118482,0.1766,0.5986,0.6171,63.998,-5.6484,23.4668
118505,0.1876,0.7098,0.7216,63.998,0.2754,28.3262
118528,0.0164,0.6161,0.6478,63.998,5.0371,34.498
118551,0.042,0.5065,0.5707,63.998,7.2656,37.8203
118574,0.1451,0.5475,0.5623,56.0117,9.1309,42.3145
118597,0.2319,0.8818,0.8258,47.4336,9.3906,45.4492
118620,0.1952,0.7974,0.4673,36.6328,8.4297,51.0371
118643,0.1271,0.7677,0.4858,27.1797,7.3691,57.957
118666,0.1379,0.66,0.5444,19.7852,8.0312,63.0742
118689,0.1436,0.5753,0.6774,4.5977,11.8926,63.998
118712,0.2263,0.5016,0.7734,-8.8125,16.0977,63.998
118735,0.3009,0.5326,0.7722,-33.1895,23.8496,63.998
118758,0.2416,0.5693,0.8456,-60.2734,31.7324,63.998
118781,0.2284,0.5243,0.8829,-64.0,36.2109,63.998
118804,0.1984,0.3995,0.9126,-64.0,40.8867,63.998
118827,0.2163,0.392,0.9763,-64.0,42.3223,63.998
118850,0.2346,0.415,0.9989,-64.0,41.7227,63.998
118873,0.1796,0.36,0.925,-64.0,39.5684,55.6992
118896,0.1768,0.3101,0.8698,-64.0,34.2656,47.0254
118919,0.2101,0.3228,0.8817,-64.0,27.4609,33.3828
118942,0.1692,0.3335,0.8818,-64.0,22.5977,24.2891
118965,0.1602,0.3641,0.8838,-56.7598,15.4023,11.5547
118988,0.1758,0.3737,0.8914,-40.7324,10.9453,4.2148
119011,0.1605,0.3636,0.8828,-19.6094,5.1348,-4.3379
119034,0.1744,0.3655,0.8805,-3.9355,0.6797,-9.5273
119057,0.1638,0.3596,0.8824,3.0352,-1.457,-11.1465
119080,0.1704,0.3571,0.8715,8.5117,-3.4336,-11.2051
119103,0.1788,0.3687,0.8901,9.3242,-4.0273,-10.0156
119126,0.1829,0.3634,0.882,7.4336,-4.1211,-7.0918
119149,0.186,0.3599,0.886,3.3301,-3.6621,-3.625
119172,0.1844,0.3611,0.887,0.1582,-3.252,-1.4141
119195,0.1766,0.3594,0.8795,-4.291,-2.6738,1.3086
119218,0.1801,0.3622,0.8796,-6.6543,-2.3574,2.5664
119241,0.1702,0.3638,0.891,-8.9453,-2.0215,3.5234
119264,0.1659,0.3568,0.8854,-9.6055,-1.8984,3.4707
119287,0.1812,0.3545,0.8643,-9.4727,-1.9473,3.0195
119310,0.203,0.3716,0.8684,-8.416,-2.5566,2.0195
119333,0.2023,0.3557,0.8844,-7.4844,-3.375,1.334
119356,0.2053,0.3561,0.8844,-6.125,-5.0293,0.5234
119379,0.199,0.3566,0.8813,-5.3887,-6.166,0.1992
119402,0.1904,0.3567,0.882,-4.623,-7.4727,0.0078
119425,0.1844,0.3539,0.8756,-4.2266,-7.9141,0.0273
119448,0.1857,0.3549,0.8848,-4.1172,-7.6504,0.0664
119471,0.2083,0.3435,0.8822,-4.1074,-6.541,0.0977
119494,0.2063,0.3507,0.8903,-4.1719,-5.4863,0.1016
119517,0.2545,0.3518,0.8782,-4.3281,-3.7656,0.1387
119540,0.1062,0.3883,0.8964,-4.498,-2.2734,0.3984
119563,0.2159,0.3674,0.8687,-4.5762,-1.5879,0.8359
119586,0.2045,0.3568,0.8788,-4.5898,-1.127,1.8691
119609,0.2062,0.3545,0.8658,-4.5195,-1.1699,2.6602
119632,0.2028,0.3564,0.884,-4.3164,-1.5801,3.6777
119655,0.1991,0.3553,0.8865,-4.1445,-2.0781,4.1973
119678,0.2013,0.3547,0.8755,-3.8809,-2.2812,4.1875
119701,0.1931,0.3577,0.8848,-3.6582,-2.25,3.6543
119724,0.1985,0.3557,0.8823,-3.543,-1.9941,3.0215
119747,0.1973,0.356,0.8713,-3.4238,-1.3223,1.834
119770,0.1929,0.3556,0.8842,-3.3828,-0.7598,0.998
119793,0.1958,0.3551,0.8835,-3.377,0.127,-0.1406
119816,0.1957,0.3566,0.8837,-3.4395,0.9395,-0.9844
119839,0.1913,0.3556,0.8848,-3.5098,1.377,-1.3418
119862,0.1914,0.3567,0.8785,-3.6211,1.8438,-1.5762
119885,0.1936,0.3577,0.879,-3.6836,2.0234,-1.5605
119908,0.186,0.3594,0.8817,-3.7363,2.1016,-1.3594
119931,0.1855,0.3624,0.8802,-3.7363,2.0352,-1.0391
119954,0.1918,0.3523,0.8864,-3.7129,1.957,-0.8066
119977,0.1862,0.3538,0.892,-3.6582,1.793,-0.4824
120000,0.1921,0.354,0.8777,-3.6191,1.6523,-0.3047
120023,0.1908,0.3566,0.8807,-3.5586,1.375,-0.1172
120046,0.1831,0.3595,0.8838,-3.0098,1.0176,-0.041
120069,0.1842,0.356,0.8717,-3.4082,0.7695,-0.0527
120092,0.1873,0.3593,0.8866,-3.2734,0.4297,-0.1504
120115,0.1843,0.3564,0.8854,-3.1797,0.25,-0.248
120138,0.1881,0.3583,0.8789,-3.041,0.0996,-0.4023
120161,0.1841,0.3606,0.8799,-2.959,0.084,-0.4902
120184,0.1798,0.3616,0.881,-2.8516,0.168,-0.5918
120207,0.1802,0.369,0.8779,-2.7656,0.3711,-0.6621
120230,0.1752,0.3622,0.8823,-2.7285,0.5469,-0.6992
120253,0.1816,0.3553,0.8821,-2.7168,0.8145,-0.7617
120276,0.186,0.3584,0.8828,-2.7383,0.957,-0.8086
120299,0.177,0.3597,0.8849,-2.8145,1.0527,-0.8848
120322,0.1779,0.3601,0.8824,-2.9238,1.0039,-0.9688
120345,0.1738,0.363,0.88,-3.0,0.9219,-1.0293
120368,0.17,0.3599,0.8785,-3.0918,0.7676,-1.127
120391,0.1742,0.3586,0.8806,-3.1328,0.6641,-1.1914
120414,0.1776,0.3616,0.8888,-3.1777,0.5176,-1.2598
120437,0.1765,0.3621,0.8872,-3.2285,0.375,-1.2539
120460,0.1768,0.3606,0.8805,-3.2715,0.2891,-1.1914
120483,0.1742,0.3622,0.8818,-3.3535,0.1758,-1.0215
120506,0.1719,0.3627,0.8829,-3.418,0.1094,-0.873
120529,0.1711,0.3613,0.8774,-3.5215,0.0352,-0.6484
120552,0.1705,0.3638,0.8812,-3.5859,0.0098,-0.0195
120575,0.1703,0.361,0.8832,-3.6621,0.0078,-0.3867
120598,0.1719,0.3621,0.8809,-3.7031,0.0391,-0.334
120621,0.1713,0.3654,0.8828,-3.7109,0.0645,-0.3359
120644,0.1709,0.3678,0.88,-3.7109,0.0918,-0.3672
120667,0.1707,0.3665,0.8767,-3.7109,0.1094,-0.3926
120690,0.1648,0.3651,0.8827,-3.7266,0.1406,-0.418
120713,0.1689,0.3608,0.887,-3.7637,0.1973,-0.4375
120736,0.1747,0.3579,0.8879,-3.8008,0.2637,-0.4551
120759,0.1653,0.3634,0.889,-3.8613,0.3945,-0.5
120782,0.1643,0.3617,0.884,-3.8945,0.5,-0.5527
120805,0.1624,0.3619,0.8809,-3.9062,0.6777,-0.6719
120828,0.1624,0.3651,0.8812,-3.8555,0.834,-0.8379
120851,0.1639,0.36,0.8833,-3.7891,0.8887,-0.9629
120874,0.1652,0.3594,0.882,-3.668,0.8633,-1.1426
120897,0.1624,0.3597,0.8846,-3.5918,0.7695,-1.2383
120920,0.1654,0.3636,0.8818,-3.5117,0.5527,-1.3301
120943,0.1619,0.369,0.8816,-3.4844,0.3867,-1.3418
120966,0.1567,0.3729,0.8787,-3.4863,0.1602,-1.3066
120989,0.1516,0.3663,0.8781,-3.5293,0.0469,-1.2148
121012,0.1625,0.3563,0.8835,-3.5703,0.0762,-1.1582
121035,0.1582,0.3629,0.8964,-3.6523,0.2656,-1.1191
121058,0.1536,0.3555,0.8861,-3.7187,0.4648,-1.1387
121081,0.1561,0.3644,0.8845,-3.8281,0.8223,-1.2266
121104,0.1488,0.368,0.8828,-3.9199,1.1621,-1.3457
121127,0.1504,0.3634,0.8893,-3.9551,1.3555,-1.4219
121150,0.1514,0.3621,0.8851,-3.9453,1.5918,-1.5117
121173,0.147,0.3624,0.8866,-3.8984,1.6973,-1.5527
121196,0.1504,0.3633,0.8806,-3.7832,1.7578,-1.5762
121219,0.1462,0.3665,0.8824,-3.6445,1.6777,-1.5508
121242,0.1467,0.3658,0.8866,-3.5566,1.5488,-1.5
121265,0.1486,0.3691,0.8876,-3.459,1.291,-1.3789
121288,0.1453,0.3699,0.8835,-3.4297,1.0996,-1.2734
121311,0.1431,0.3575,0.8868,-3.4297,0.8301,-1.1133
121334,0.1477,0.363,0.8898,-3.4531,0.6797,-0.9902
121357,0.1467,0.3689,0.8911,-3.5078,0.5078,-0.9375
121380,0.1372,0.364,0.8853,-3.5625,0.4336,-0.9043
121403,0.1411,0.3645,0.8853,-3.5781,0.4687,-0.9102
121426,0.137,0.369,0.8848,-3.5469,0.6309,-0.9648
121449,0.1333,0.3695,0.8804,-3.4902,0.7656,-1.0254
121472,0.1412,0.3643,0.884,-3.3789,0.9277,-1.1367
121495,0.137,0.3684,0.8889,-3.2812,0.9492,-1.248
121518,0.1343,0.3701,0.8938,-3.2539,0.875,-1.3066
121541,0.1399,0.3613,0.8934,-3.2812,0.666,-1.3613
121564,0.1362,0.3628,0.8922,-3.334,0.5039,-1.3867
121587,0.1348,0.3679,0.8832,-3.4082,0.2715,-1.4473
121610,0.1349,0.374,0.8844,-3.4082,0.0801,-1.5391
121633,0.1313,0.373,0.8807,-3.3418,-0.0117,-1.6113
121656,0.1382,0.3728,0.8784,-3.1562,-0.082,-1.7246
121679,0.1311,0.3721,0.8876,-2.9961,-0.0762,-1.8066
121702,0.1379,0.365,0.8955,-2.7676,0.0,-1.959
121725,0.1356,0.3652,0.8975,-2.6504,0.1328,-2.1895
121748,0.1273,0.3693,0.8898,-2.5391,0.2285,-2.3984
121771,0.1261,0.371,0.8956,-2.4473,0.3379,-2.7812
121794,0.1162,0.3756,0.8984,-2.3477,0.3633,-3.0645
121817,0.1193,0.3768,0.8838,-2.0527,0.3008,-3.4668
121840,0.1207,0.3794,0.8807,-1.709,0.1875,-3.6797
121863,0.1152,0.3773,0.8622,-0.9219,-0.0527,-3.834
121886,0.1249,0.3861,0.8473,0.1465,-0.2637,-3.7441
121909,0.1176,0.3934,0.8562,0.9082,-0.3359,-3.5469
121932,0.1294,0.3914,0.8667,1.8379,-0.3105,-3.0801
121955,0.1298,0.3871,0.8795,2.1328,-0.2344,-2.6816
121978,0.1267,0.3813,0.882,1.8555,-0.1113,-2.0059
122001,0.1276,0.377,0.8967,0.6504,-0.0645,-1.3203
122024,0.1221,0.3763,0.9154,-0.5859,-0.1133,-0.9141
122047,0.1193,0.3762,0.9052,-2.7793,-0.3164,-0.4707
122070,0.1124,0.3823,0.8802,-4.2227,-0.5176,-0.3223
122093,0.1058,0.3738,0.8571,-5.9102,-0.8516,-0.334
122116,0.1097,0.3818,0.8491,-6.5352,-1.1367,-0.5566
122139,0.1218,0.3915,0.8546,-6.6621,-1.2656,-0.748
122162,0.1318,0.3848,0.8856,-6.1172,-1.3789,-0.9473
122185,0.1437,0.3796,0.9065,-5.6602,-1.4316,-0.9473
122208,0.1381,0.3741,0.9038,-5.2129,-1.5176,-0.6816
122231,0.1337,0.3745,0.8942,-5.1797,-1.584,-0.3535
122254,0.1212,0.3712,0.8906,-5.4668,-1.6504,0.2168
122277,0.1149,0.3779,0.8921,-5.8906,-1.625,0.6465
122300,0.1075,0.3756,0.8765,-6.0742,-1.5449,0.7559
122323,0.1093,0.3793,0.869,-6.0176,-1.3379,0.6133
122346,0.1204,0.3872,0.8641,-5.7207,-1.166,0.3594
122369,0.1256,0.3766,0.8751,-4.9746,-0.9063,-0.1094
122392,0.1342,0.3756,0.8882,-4.1328,-0.7168,-0.4746
122415,0.1349,0.3801,0.894,-3.6816,-0.6602,-0.584
122438,0.1302,0.3783,0.8971,-3.3418,-0.6719,-0.5293
122461,0.124,0.3666,0.9083,-3.3555,-0.7207,-0.4062
122484,0.11,0.3754,0.8967,-3.6191,-0.8027,-0.248
122507,0.1093,0.3799,0.8781,-3.9062,-0.8398,-0.2812
122530,0.1075,0.381,0.8596,-3.957,-0.8262,-0.4434
122553,0.109,0.3745,0.8594,-3.6953,-0.7559,-0.834
122576,0.1206,0.379,0.8719,-3.3242,-0.6934,-1.1191
122599,0.134,0.3871,0.8862,-2.6816,-0.6211,-1.4336
122622,0.1326,0.3784,0.8949,-2.3633,-0.6172,-1.0039
122645,0.1284,0.3816,0.8978,-2.2598,-0.7012,-1.375
122668,0.1182,0.3773,0.8969,-2.6484,-0.8633,-1.0449
122691,0.1168,0.3749,0.8894,-3.0937,-0.9824,-0.8008
122714,0.1118,0.3785,0.8757,-3.791,-1.123,-0.5293
122737,0.1116,0.3813,0.8694,-4.1348,-1.1777,-0.457
122760,0.1136,0.3785,0.8669,-4.3145,-1.2012,-0.5098
122783,0.1235,0.3807,0.8763,-4.1094,-1.1914,-0.666
122806,0.127,0.3815,0.882,-3.8594,-1.1953,-0.7598
122829,0.1282,0.3781,0.8956,-3.5273,-1.2461,-0.8047
122852,0.1245,0.3796,0.9015,-3.4395,-1.3066,-0.7559
122875,0.1226,0.3768,0.8942,-3.5664,-1.4043,-0.5879
122898,0.1184,0.3796,0.8788,-3.8945,-1.457,-0.3945
122921,0.1167,0.3794,0.8763,-4.1133,-1.4434,-0.3047
122944,0.1138,0.3809,0.8755,-4.293,-1.3359,-0.2812
122967,0.1183,0.38,0.8744,-4.2793,-1.2168,-0.3379
122990,0.1184,0.3777,0.8804,-4.0937,-1.0078,-0.4863
123013,0.1229,0.3798,0.8905,-3.9199,-0.875,-0.6309
123036,0.1233,0.3793,0.8954,-3.7031,-0.7266,-0.6855
123059,0.12,0.3795,0.8865,-3.6289,-0.6484,-0.6816
123082,0.1187,0.3796,0.8818,-3.6602,-0.6328,-0.6289
123105,0.1172,0.3774,0.8822,-3.7676,-0.6484,-0.5156
123128,0.1184,0.3777,0.8826,-3.8418,-0.6777,-0.4434
123151,0.1194,0.3781,0.8838,-3.9102,-0.7363,-0.3711
123174,0.1173,0.3787,0.8792,-3.9043,-0.8027,-0.3535
123197,0.1173,0.3804,0.8812,-3.8613,-0.8477,-0.375
123220,0.1147,0.3813,0.8787,-3.75,-0.9141,-0.4473
123243,0.1154,0.3804,0.8784,-3.6621,-0.9551,-0.5156
123266,0.1162,0.38,0.8788,-3.541,-1.0,-0.6211
123289,0.1179,0.3792,0.8827,-3.4805,-1.0176,-0.6914
123312,0.1217,0.3779,0.8905,-3.4941,-1.0117,-0.7031
123335,0.1183,0.3777,0.8892,-3.6016,-0.9863,-0.6641
123358,0.1144,0.3794,0.8828,-3.7148,-0.957,-0.6152
123381,0.1124,0.3811,0.8783,-3.8809,-0.8945,-0.543
123404,0.1124,0.3809,0.8776,-3.9453,-0.832,-0.5195
123427,0.1125,0.3806,0.8794,-3.9375,-0.7227,-0.543
123450,0.1141,0.3811,0.8789,-3.8105,-0.627,-0.623
123473,0.1173,0.3805,0.881,-3.6914,-0.5918,-0.6855
123496,0.1189,0.3798,0.8826,-3.5176,-0.6055,-0.75
123519,0.1191,0.3793,0.8889,-3.4395,-0.666,-0.7598
123542,0.1161,0.3804,0.884,-3.4043,-0.8184,-0.7246
123565,0.116,0.3815,0.8755,-3.4473,-1.0156,-0.6523
123588,0.1139,0.3815,0.8772,-3.4922,-1.1426,-0.5996
123611,0.1147,0.3815,0.881,-3.543,-1.2969,-0.541
123634,0.1158,0.38,0.8828,-3.5605,-1.3633,-0.5176
123657,0.1158,0.3817,0.882,-3.5684,-1.4082,-0.502
123680,0.1149,0.3838,0.88,-3.5684,-1.3984,-0.502
123703,0.114,0.3799,0.8806,-3.5684,-1.3652,-0.5059
123726,0.1147,0.3785,0.8889,-3.5742,-1.2773,-0.5195
123749,0.1136,0.38,0.8934,-3.5781,-1.207,-0.5391
123772,0.1106,0.3843,0.8818,-3.5605,-1.1055,-0.5859
123795,0.1135,0.3861,0.8761,-3.5059,-1.0273,-0.6387
123818,0.1104,0.3879,0.8586,-3.3047,-0.9805,-0.6699
123841,0.106,0.3811,0.8418,-2.9473,-0.8906,-0.6875
123864,0.0995,0.3678,0.8599,-2.6816,-0.8125,-0.6719
123887,0.111,0.3807,0.8823,-2.4805,-0.6934,-0.5859
123910,0.1377,0.3915,0.9102,-2.6484,-0.6523,-0.4746
123933,0.1327,0.3772,0.926,-3.5703,-0.7227,-0.207
123956,0.1235,0.3843,0.8954,-5.2187,-0.9785,0.1465
123979,0.1224,0.3524,0.8931,-6.5,-1.2129,0.3652
124002,0.1118,0.3639,0.8921,-8.2051,-1.5508,0.4941
124025,0.1018,0.3739,0.8931,-8.9473,-1.7109,0.3652
124048,0.0983,0.3763,0.8923,-9.2227,-1.8066,-0.1816
124071,0.0945,0.3734,0.8805,-8.4473,-1.748,-1.0332
124094,0.0983,0.3646,0.8821,-7.4316,-1.6582,-1.6406
124117,0.101,0.358,0.8833,-5.4258,-1.5078,-2.3828
124140,0.1115,0.3706,0.8802,-3.9766,-1.4258,-2.6445
124163,0.129,0.3728,0.8816,-2.0156,-1.3652,-2.5723
124186,0.1401,0.3987,0.8768,-0.5488,-1.4355,-1.9453
124209,0.1396,0.4141,0.876,-0.3164,-1.5625,-1.3008
124232,0.1342,0.3854,0.8762,-0.459,-1.8281,-0.1953
124255,0.123,0.3921,0.8768,-0.9395,-2.0137,0.4883
124278,0.1122,0.3778,0.8773,-1.9746,-2.1973,1.1914
124301,0.1044,0.3833,0.8779,-2.7187,-2.1973,1.3457
124324,0.1008,0.3754,0.8778,-3.7012,-1.998,1.0723
124347,0.1011,0.3715,0.8884,-4.4062,-1.6758,0.332
124370,0.1089,0.3695,0.8953,-4.7168,-1.4785,-0.2734
124393,0.1136,0.3738,0.889,-4.9902,-1.2832,-1.1035
124416,0.1191,0.3757,0.8832,-5.0723,-1.2305,-1.4863
124439,0.1208,0.3739,0.884,-5.0742,-1.252,-1.6914
124462,0.12,0.3759,0.8914,-4.957,-1.3574,-1.4434
124485,0.1218,0.3755,0.8879,-4.8281,-1.4512,-1.0781
124508,0.1221,0.3768,0.887,-4.5664,-1.5879,-0.3652
124531,0.1219,0.375,0.8844,-4.3457,-1.6543,0.127
124554,0.1172,0.3788,0.8802,-3.9473,-1.6934,0.7441
124577,0.1133,0.38,0.879,-3.4844,-1.6367,1.084
124600,0.1155,0.3793,0.8779,-3.1582,-1.543,1.1172
124623,0.1163,0.3818,0.8807,-2.707,-1.3574,0.8926
124646,0.116,0.3806,0.8837,-2.4648,-1.2305,0.6016
124669,0.1136,0.3801,0.8802,-2.2422,-1.0742,0.0527
124692,0.1156,0.3804,0.879,-2.2012,-0.998,-0.8262
124715,0.1179,0.3804,0.8826,-2.2949,-0.9238,-0.8203
124738,0.1143,0.3789,0.8813,-2.5469,-0.8984,-1.1406
124761,0.1168,0.3805,0.8865,-2.7832,-0.9023,-1.2344
124784,0.1185,0.3795,0.8856,-3.1973,-0.9316,-1.2012
124807,0.1185,0.3795,0.8879,-3.4824,-0.9629,-1.0801
124830,0.1147,0.3788,0.88,-3.8613,-1.0234,-0.8105
124853,0.1155,0.3806,0.8771,-4.1055,-1.0781,-0.5176
124876,0.1168,0.3799,0.88,-4.1738,-1.1074,-0.3437
124899,0.1157,0.3796,0.8844,-4.1504,-1.1367,-0.1523
124922,0.1154,0.3789,0.8862,-4.0781,-1.1523,-0.0703
124945,0.1174,0.3804,0.8826,-3.9453,-1.166,-0.0137
124968,0.1154,0.3799,0.8767,-3.834,-1.1641,-0.0117
124991,0.1133,0.3795,0.8784,-3.7871,-1.1465,-0.0312
125014,0.1167,0.3779,0.8842,-3.7793,-1.0898,-0.0664
125037,0.1196,0.3784,0.8877,-3.8262,-1.0352,-0.084
125060,0.1173,0.3777,0.8854,-3.9863,-0.9434,-0.0879
125083,0.1155,0.3796,0.8832,-4.1387,-0.8789,-0.0664
125106,0.114,0.3806,0.8806,-4.3965,-0.7754,-0.0508
125129,0.1127,0.3782,0.8837,-4.623,-0.6582,-0.0488
125152,0.1122,0.3766,0.8882,-4.7305,-0.5742,-0.0723
125175,0.1141,0.376,0.8871,-4.8066,-0.459,-0.1426
125198,0.114,0.3761,0.8811,-4.7969,-0.4004,-0.209
125221,0.1128,0.3793,0.8862,-4.6895,-0.3535,-0.3223
125244,0.1176,0.3799,0.8875,-4.4883,-0.3574,-0.4238
125267,0.1178,0.3735,0.8917,-4.3145,-0.3926,-0.4766
125290,0.1158,0.3768,0.8856,-4.002,-0.4922,-0.5371
125313,0.1189,0.3792,0.8881,-3.752,-0.584,-0.5781
125336,0.1189,0.3817,0.8856,-3.2969,-0.752,-0.6699
125359,0.1106,0.3846,0.8787,-2.7129,-0.9316,-0.834
125382,0.1075,0.3871,0.8778,-2.2461,-1.0254,-0.9961
125405,0.0992,0.3887,0.8766,-1.4395,-1.0781,-1.3281
125428,0.1025,0.3881,0.873,-0.8613,-1.0371,-1.5918
125451,0.1096,0.3921,0.8737,-0.0039,-0.8828,-1.9961
125474,0.1096,0.3955,0.8666,0.5039,-0.748,-2.3027
125497,0.1078,0.3953,0.8705,1.084,-0.5566,-2.4043
125520,0.1047,0.3916,0.865,1.3496,-0.4414,-2.3652
125543,0.1135,0.3949,0.8728,1.3086,-0.4414,-2.2168
125566,0.1117,0.3912,0.8745,0.8809,-0.5957,-1.8438
125589,0.1136,0.3961,0.8811,0.3535,-0.8008,-1.5215
125612,0.1129,0.3861,0.8859,-0.7363,-1.209,-0.9824
125635,0.1177,0.3893,0.8857,-2.0195,-1.6387,-0.4473
125658,0.1179,0.3923,0.8789,-2.8594,-1.8867,-0.1348
125681,0.1125,0.3977,0.8667,-3.9004,-2.1445,0.2031
125704,0.1071,0.3959,0.8628,-4.3535,-2.2109,0.3125
125727,0.1085,0.3907,0.8688,-4.6055,-2.1387,0.2754
125750,0.1117,0.3982,0.8719,-4.3945,-1.9004,0.0254
125773,0.1107,0.3982,0.8784,-4.0859,-1.6953,-0.2148
125796,0.1108,0.3923,0.8766,-3.543,-1.3848,-0.6074
125819,0.1083,0.3916,0.8783,-3.2148,-1.2031,-0.8398
125842,0.1108,0.3917,0.8785,-2.8594,-1.0039,-1.1016
125865,0.1077,0.387,0.874,-2.7266,-0.9336,-1.2324
125888,0.1101,0.3953,0.869,-2.6621,-0.9609,-1.2539
125911,0.1106,0.395,0.8743,-2.7051,-1.1016,-1.209
125934,0.1105,0.3951,0.8726,-2.7734,-1.2441,-1.1387
125957,0.1095,0.3964,0.8748,-2.918,-1.4727,-0.998
125980,0.1106,0.3938,0.8778,-3.043,-1.6094,-0.8887
126003,0.1097,0.3953,0.8741,-3.2773,-1.7559,-0.7246
126026,0.1124,0.3947,0.8799,-3.5508,-1.8223,-0.5723
126049,0.1096,0.3938,0.8737,-3.7383,-1.8223,-0.4844
126072,0.1143,0.3949,0.8776,-3.9883,-1.7656,-0.373
126095,0.1128,0.3942,0.8798,-4.1152,-1.7031,-0.3164
126118,0.115,0.3947,0.8829,-4.207,-1.5957,-0.2598
126141,0.1112,0.3948,0.8779,-4.1484,-1.5039,-0.2578
126164,0.1118,0.3989,0.8694,-4.0059,-1.4609,-0.2988
126187,0.1046,0.3992,0.8544,-3.6133,-1.4121,-0.4395
126210,0.1066,0.4003,0.8678,-3.2402,-1.3711,-0.584
126233,0.1072,0.3995,0.8694,-2.5918,-1.2754,-0.8477
126256,0.1063,0.4006,0.8743,-1.6738,-1.1504,-1.1035
126279,0.1083,0.4011,0.8691,-1.7051,-1.0645,-1.2344
126302,0.1079,0.3986,0.8701,-1.5234,-0.9512,-1.3301
126325,0.1075,0.3989,0.8678,-1.5781,-0.8926,-1.3105
126348,0.1108,0.3975,0.8735,-1.8984,-0.8438,-1.1563
126371,0.1115,0.3978,0.8762,-2.2422,-0.8379,-0.9785
126394,0.111,0.399,0.8757,-2.8828,-0.8691,-0.6348
126417,0.1151,0.3972,0.8759,-3.5762,-0.9277,-0.2539
126440,0.111,0.3986,0.8743,-4.0078,-0.9727,-0.0156
126463,0.1073,0.3965,0.8724,-4.5293,-1.0313,0.2656
126486,0.1093,0.3976,0.8713,-4.7598,-1.0488,0.3809
126509,0.1091,0.3966,0.8712,-4.9141,-1.043,0.4336
126532,0.1124,0.3969,0.8746,-4.8672,-1.0137,0.3691
126555,0.1122,0.3967,0.8745,-4.7559,-0.9961,0.2793
126578,0.1091,0.3973,0.873,-4.5312,-0.9863,0.1094
126601,0.1084,0.3977,0.8724,-4.3691,-0.9922,-0.0156
126624,0.1077,0.3978,0.8706,-4.1348,-1.0137,-0.2031
126647,0.1095,0.3983,0.869,-3.9375,-1.0391,-0.3711
126670,0.1093,0.3965,0.875,-3.8398,-1.0527,-0.457
126693,0.1113,0.3967,0.8751,-3.7715,-1.0645,-0.5312
126716,0.11,0.3962,0.8762,-3.7793,-1.0664,-0.5371
126739,0.1094,0.3979,0.8746,-3.8555,-1.0566,-0.4922
126762,0.1074,0.3988,0.8728,-3.9277,-1.0371,-0.4375
126785,0.1091,0.3975,0.8691,-4.0293,-0.9824,-0.3359
126808,0.1095,0.3964,0.8721,-4.0918,-0.9238,-0.2363
126831,0.1113,0.3962,0.874,-4.1152,-0.9023,-0.1797
126854,0.1093,0.396,0.8788,-4.1426,-0.9141,-0.1133
126877,0.108,0.3955,0.8743,-4.1699,-0.9492,-0.084
126900,0.1097,0.3967,0.8682,-4.2168,-1.0254,-0.0605
126923,0.1105,0.3964,0.8763,-4.2578,-1.1055,-0.0586
126946,0.1089,0.3958,0.874,-4.2754,-1.1504,-0.0605
126969,0.1071,0.3961,0.8738,-4.2793,-1.1895,-0.0664
126992,0.1107,0.3951,0.8741,-4.2695,-1.1953,-0.0664
127015,0.1104,0.3966,0.8756,-4.2383,-1.1699,-0.0605
127038,0.1079,0.3966,0.8739,-4.2031,-1.1211,-0.041
127061,0.1095,0.396,0.8743,-4.1816,-1.084,-0.0273
127084,0.1117,0.3949,0.8754,-4.1582,-1.0352,-0.0117
127107,0.1122,0.3947,0.8782,-4.1504,-1.0156,-0.0078
127130,0.1128,0.3954,0.8795,-4.1465,-1.0156,-0.0156
127153,0.1096,0.3958,0.8745,-4.1406,-1.0391,-0.0488
127176,0.1086,0.3965,0.8696,-4.1094,-1.0977,-0.0918
127199,0.1085,0.3959,0.8699,-4.0195,-1.166,-0.1973
127222,0.1053,0.396,0.8728,-3.9277,-1.207,-0.2891
127245,0.1083,0.3948,0.8741,-3.7734,-1.2441,-0.4414
127268,0.1077,0.3955,0.8727,-3.6797,-1.252,-0.5312
127291,0.1095,0.3954,0.8741,-3.6055,-1.2402,-0.6113
127314,0.1074,0.3959,0.8778,-3.6504,-1.2012,-0.5957
127337,0.1122,0.3929,0.8779,-3.7559,-1.166,-0.5273
127360,0.1105,0.3932,0.8781,-4.0117,-1.1211,-0.3555
127383,0.1134,0.3929,0.8802,-4.2246,-1.1016,-0.2168
127406,0.1101,0.3937,0.8783,-4.5469,-1.0918,-0.0117
127429,0.1093,0.3939,0.8717,-4.7988,-1.1094,0.1426
127452,0.1086,0.395,0.871,-4.8926,-1.1406,0.1953
127475,0.1066,0.394,0.8699,-4.9023,-1.2188,0.1855
127498,0.1064,0.3925,0.8726,-4.8418,-1.2891,0.1309
127521,0.1082,0.3909,0.8727,-4.709,-1.4102,0.002
127544,0.1119,0.3903,0.8793,-4.6426,-1.998,-0.1152
127567,0.1152,0.3907,0.8813,-4.6484,-1.6289,-0.1543
127590,0.1158,0.3887,0.8816,-4.8125,-1.7363,-0.127
127613,0.1136,0.3882,0.8789,-4.9961,-1.7793,-0.0527
127636,0.1111,0.3878,0.8765,-5.3145,-1.7754,0.1035
127659,0.1091,0.3887,0.8785,-5.5137,-1.7207,0.207
127682,0.1055,0.389,0.8781,-5.7402,-1.5664,0.3164
127705,0.1071,0.3882,0.8801,-5.8613,-1.3594,0.3477
127728,0.1116,0.3854,0.8833,-5.8887,-1.2168,0.3379
127751,0.1167,0.3849,0.8822,-5.8672,-1.0313,0.3145
127774,0.1166,0.3839,0.8817,-5.8203,-0.9512,0.3145
127797,0.1196,0.3851,0.8805,-5.707,-0.9004,0.3555
127820,0.1162,0.3861,0.884,-5.5234,-0.9258,0.4258
127843,0.1135,0.3866,0.8735,-5.3516,-0.9629,0.4609
127866,0.1104,0.3879,0.8831,-5.0156,-1.0215,0.4434
127889,0.1088,0.3865,0.8782,-4.7383,-1.041,0.3594
127912,0.1062,0.3871,0.8741,-4.25,-1.0078,0.1191
127935,0.1064,0.3876,0.8706,-3.8906,-0.9043,-0.2285
127958,0.1127,0.3885,0.8773,-3.3535,-0.8223,-0.4824
127981,0.1036,0.3894,0.8792,-2.9062,-0.7207,-0.8242
128004,0.1061,0.3893,0.8779,-2.709,-0.6738,-0.9863
128027,0.1171,0.3866,0.8721,-2.6055,-0.6426,-1.0801
128050,0.1127,0.3861,0.8896,-2.6797,-0.6621,-1.0273
128073,0.1133,0.3862,0.8937,-2.9902,-0.748,-0.7793
128096,0.1141,0.3868,0.8771,-3.4707,-0.8652,-0.3809
128119,0.119,0.3873,0.874,-3.8145,-0.9609,-0.0801
128142,0.1183,0.3853,0.8822,-4.2617,-1.1504,0.334
128165,0.1165,0.387,0.8831,-4.4707,-1.291,0.5391
128188,0.1123,0.3883,0.8865,-4.627,-1.4648,0.6738
128211,0.1093,0.3885,0.8832,-4.5879,-1.5371,0.5586
128234,0.1097,0.3895,0.8748,-4.459,-1.5195,0.3418
128257,0.1069,0.3866,0.88,-4.125,-1.4199,-0.1445
128280,0.1056,0.3879,0.8785,-3.8301,-1.3223,-0.5312
128303,0.1078,0.3899,0.8824,-3.3242,-1.1602,-1.1113
128326,0.106,0.3907,0.8781,-2.9785,-1.0195,-1.584
128349,0.1078,0.3931,0.8728,-2.4922,-0.9512,-1.791
128372,0.1085,0.3921,0.8647,-2.0742,-0.8984,-1.8965
128395,0.1124,0.3892,0.874,-1.8535,-0.8906,-1.8223
128418,0.1162,0.3915,0.8759,-1.6602,-0.9043,-1.5059
128441,0.1139,0.3916,0.879,-1.6543,-0.9355,-1.1797
128464,0.1193,0.3923,0.8789,-1.873,-1.0078,-0.5879
128487,0.1133,0.3914,0.8824,-2.3418,-1.0957,0.0156
128510,0.109,0.3906,0.8793,-2.752,-1.1348,0.3516
128533,0.1089,0.3911,0.8711,-3.4004,-1.1133,0.6562
128556,0.1062,0.3934,0.8719,-3.7988,-1.043,0.6973
128579,0.1036,0.3878,0.8783,-4.2754,-0.875,0.5137
128602,0.1066,0.3885,0.8865,-4.5937,-0.6953,0.1113
128625,0.1045,0.3893,0.8953,-4.7246,-0.6074,-0.2129
128648,0.1005,0.3915,0.885,-4.793,-0.543,-0.6719
128671,0.108,0.3922,0.874,-4.7266,-0.5371,-0.9082
128694,0.1085,0.3925,0.8717,-4.4121,-0.5801,-1.0938
128717,0.1106,0.3929,0.8707,-3.8379,-0.6738,-1.0547
128740,0.113,0.3962,0.8713,-3.3437,-0.75,-0.918
128763,0.1101,0.3953,0.8706,-2.5449,-0.8652,-0.6055
128786,0.1139,0.3955,0.8702,-2.0488,-0.9258,-0.375
128809,0.11,0.3967,0.8732,-1.4785,-0.9941,-0.084
128832,0.1067,0.3948,0.8734,-1.2637,-1.0215,0.0293
128855,0.1072,0.3954,0.8718,-1.2246,-0.998,0.0273
128878,0.101,0.3955,0.8768,-1.502,-0.8906,-0.1895
128901,0.0995,0.3989,0.8815,-1.8281,-0.7969,-0.4355
128924,0.0999,0.3948,0.8849,-2.4434,-0.668,-0.8965
128947,0.0969,0.3973,0.8793,-2.8672,-0.6191,-1.2129
128970,0.1025,0.3975,0.8665,-3.3867,-0.6152,-1.6016
128993,0.1012,0.3998,0.869,-3.6289,-0.6719,-1.7891
129016,0.1099,0.4001,0.8691,-3.6035,-0.7246,-1.7598
129039,0.1139,0.397,0.8722,-3.3398,-0.793,-1.4707
129062,0.1136,0.3999,0.875,-3.0859,-0.8262,-1.1348
129085,0.1106,0.4027,0.8718,-2.7285,-0.8594,-0.5137
129108,0.1021,0.395,0.8774,-2.5254,-0.875,0.084
129131,0.0968,0.3965,0.8749,-2.5039,-0.8633,0.375
129154,0.0999,0.4003,0.8787,-2.6191,-0.8125,0.5801
129177,0.1001,0.3995,0.8762,-2.748,-0.7715,0.5586
129200,0.1001,0.3883,0.8755,-2.9258,-0.7539,0.3555
129223,0.1083,0.3877,0.8724,-2.9883,-0.8184,0.0723
129246,0.1165,0.4064,0.8655,-2.959,-1.1465,-0.082
129269,0.1182,0.4026,0.8643,-2.7988,-1.8457,-0.1484
129292,0.1222,0.411,0.8588,-2.6426,-2.4668,-0.0527
129315,0.1166,0.4155,0.8662,-2.3848,-3.4062,0.2676
129338,0.1163,0.4055,0.8789,-2.2227,-3.9141,0.541
129361,0.1182,0.4023,0.8831,-2.0176,-4.3633,0.9023
129384,0.1169,0.4033,0.8853,-1.8164,-4.4004,1.0527
129407,0.1215,0.3876,0.8849,-1.6172,-4.2129,0.9805
129430,0.1445,0.3768,0.8915,-1.0723,-3.6797,0.5879
129453,0.1571,0.377,0.8599,-0.4629,-3.207,0.1621
129476,0.0889,0.4154,0.837,0.877,-2.375,-0.6152
129499,0.0691,0.4408,0.8264,2.6211,-1.3594,-1.2676
129522,0.0848,0.4475,0.8239,3.834,-0.5684,-1.4375
129545,0.0728,0.4788,0.8362,5.3457,0.7148,-1.1152
129568,0.1207,0.4351,0.8367,5.9414,1.5469,-0.5059
129591,0.1228,0.4469,0.8353,5.9941,2.5703,0.8457
129614,0.1211,0.4314,0.8518,5.4551,3.0059,2.3457
129637,0.1195,0.4609,0.8485,3.916,3.2148,3.1992
129660,0.1077,0.4417,0.8466,1.8203,2.9199,3.9805
129683,0.1168,0.4442,0.8414,0.3535,2.5039,4.082
129706,0.1102,0.4438,0.8367,-1.5723,1.6699,3.5801
129729,0.0983,0.4307,0.8378,-2.502,1.043,2.8555
129752,0.0876,0.4246,0.8442,-3.2324,0.127,1.334
129775,0.0864,0.4169,0.8508,-3.2422,-0.6387,-0.4355
129798,0.097,0.4115,0.8547,-2.9883,-1.0313,-1.5762
129821,0.1042,0.4026,0.8679,-2.5195,-1.4492,-2.9746
129844,0.1167,0.4084,0.8738,-2.3203,-1.6289,-3.5879
129867,0.1171,0.4229,0.8701,-2.3945,-1.7988,-3.9219
129890,0.1246,0.4244,0.861,-2.9805,-1.8633,-3.5723
129913,0.1028,0.433,0.8658,-3.5762,-1.7969,-3.043
129936,0.1002,0.447,0.847,-4.5371,-1.3379,-2.0254
129959,0.0959,0.4629,0.8461,-5.0605,-0.6953,-1.3457
129982,0.0857,0.4777,0.853,-5.4316,0.791,-0.584
130005,0.0817,0.4677,0.87,-5.3027,2.6816,-0.4238
130028,0.067,0.4628,0.8633,-4.3945,3.957,-0.7988
130051,0.0833,0.4695,0.8501,-2.4238,5.5371,-2.2676
130074,0.054,0.4639,0.8383,-0.4102,6.2129,-3.8926
130097,0.0406,0.4476,0.8129,3.707,6.5605,-7.2148
130120,0.0341,0.4314,0.8069,7.1016,6.377,-9.8652
130143,0.0435,0.4315,0.8336,12.791,5.4609,-14.041
130166,0.109,0.4371,0.8179,18.5078,3.5527,-17.7773
130189,0.0472,0.4708,0.8011,21.8926,1.625,-19.6465
130212,0.0707,0.4917,0.7638,25.6777,-2.0625,-21.0605
130235,0.0593,0.5476,0.7402,27.0117,-4.7598,-20.9473
130258,0.0792,0.5363,0.7535,26.8555,-8.6172,-19.25
130281,0.0864,0.5155,0.7653,24.0156,-11.8203,-16.0664
130304,0.0792,0.5115,0.7723,20.7656,-13.4805,-13.4004
130327,0.0662,0.5303,0.7649,14.3203,-15.1914,-9.0859
130350,0.0421,0.5074,0.7928,9.3496,-15.8066,-6.2773
130373,0.0194,0.4779,0.8159,1.5625,-16.0469,-2.5762
130396,0.0266,0.4452,0.8573,-5.9902,-15.7949,0.1016
130419,0.0985,0.3955,0.8885,-10.4062,-15.5996,1.0742
130442,0.168,0.3857,0.8975,-16.2168,-15.6484,0.9336
130465,0.1412,0.4019,0.8827,-19.3828,-16.1504,-0.2871
130488,0.21,0.4386,0.8046,-22.9766,-17.8926,-3.4707
130511,0.1674,0.5172,0.8003,-24.5664,-19.6855,-6.1113
130534,0.1412,0.4515,0.8361,-25.7305,-22.8359,-9.9082
130557,0.1112,0.441,0.855,-25.4668,-25.6738,-12.2891
130580,0.1182,0.5264,0.7904,-24.5605,-26.9375,-12.6113
130603,0.1188,0.5033,0.7822,-22.2754,-27.3906,-11.1895
130626,0.0764,0.4843,0.8119,-20.2754,-26.5957,-9.3105
130649,0.0988,0.4459,0.8391,-16.9023,-23.7363,-6.0098
130672,0.0383,0.444,0.8264,-13.5605,-18.9805,-3.418
130695,0.1162,0.426,0.8384,-11.6074,-14.9023,-2.75
130718,0.1174,0.3685,0.8485,-9.4414,-7.9414,-4.0078
130741,0.1627,0.3542,0.9017,-8.6934,-3.2109,-6.4219
130764,0.0896,0.3773,0.9045,-8.8516,3.1328,-11.8379
130787,-0.0441,0.5605,0.7513,-10.627,7.8457,-18.123
130810,0.1865,0.7262,0.7181,-12.5996,9.918,-22.0684
130833,-0.0422,0.411,0.9049,-16.1484,11.2246,-26.9434
130856,0.0706,0.3031,0.8462,-18.4473,10.8789,-29.3027
130879,0.1385,0.3706,0.8521,-21.2832,8.4277,-31.5801
130902,0.1219,0.4203,0.8495,-22.6777,5.3223,-32.4297
130925,0.0713,0.4357,0.8706,-24.1465,-1.5527,-32.7148
130948,0.0958,0.3861,0.859,-25.248,-10.1152,-31.4609
130971,0.1577,0.3678,0.8579,-25.9805,-15.9609,-29.5566
130994,0.1295,0.2917,0.8876,-27.2773,-23.9023,-25.0078
131017,0.1317,0.2837,0.9272,-28.3418,-28.1191,-20.9375
131040,0.0885,0.4751,0.9102,-30.3242,-32.0879,-13.6699
131063,0.0957,0.3553,0.9318,-32.8379,-32.8652,-5.7187
131086,0.1451,0.2355,0.9552,-34.7402,-31.5801,-0.5176
131109,0.1997,0.3622,1.0498,-37.6914,-27.4199,6.3965
131132,0.2017,0.3142,0.9706,-39.5137,-23.7148,10.1094
131155,0.1224,0.3169,0.7814,-41.291,-17.7793,14.0547
131178,0.0493,0.38,0.9474,-40.7461,-12.2969,16.0098
131201,0.1188,0.2628,0.9926,-38.7461,-9.0312,16.2988
131224,0.1093,0.2164,0.9169,-33.4688,-4.4062,15.2441
131247,0.1417,0.3162,0.9607,-28.7832,-1.2109,13.4863
131270,0.0718,0.3114,0.9297,-20.8281,4.2461,9.2676
131293,0.0736,0.3328,0.9076,-15.4551,8.4629,3.6113
131316,0.0934,0.2804,0.9237,-8.2129,15.2187,-0.418
131339,0.1219,0.2783,1.0059,-2.8418,20.8984,-5.9141
131362,0.098,0.3219,0.9884,-0.6133,23.1484,-8.6367
131385,0.0253,0.3021,0.8689,0.5195,23.4512,-10.6211
131408,0.0494,0.2461,0.8922,-0.1914,21.5957,-10.3848
131431,0.1251,0.2668,0.9493,-3.0645,16.3711,-8.0352
131454,0.0699,0.261,0.9492,-7.0371,9.6797,-4.3926
131477,0.0681,0.2528,0.9413,-9.5937,5.3359,-1.9063
131500,0.1123,0.2753,0.9512,-12.4082,0.1133,1.1699
131523,0.0576,0.3306,0.9807,-13.293,-2.1016,2.5195
131546,0.036,0.3195,0.9543,-13.0234,-3.293,3.3887
131569,0.0555,0.3015,0.9296,-11.2305,-2.0605,3.0391
131592,0.0383,0.2983,0.9932,-9.543,0.0254,2.207
131615,0.0167,0.2579,0.9037,-6.8652,4.8984,0.1836
131638,0.0154,0.2776,0.9192,-5.3555,9.0156,-1.5293
131661,0.0009,0.2869,0.9357,-3.9434,15.8418,-4.3184
131684,-0.0568,0.2822,0.9658,-3.6328,20.4512,-6.9785
131707,-0.0425,0.2732,0.963,-3.9902,26.832,-8.457
131730,-0.0132,0.2429,0.9727,-5.0918,31.6367,-9.9805
131753,0.0056,0.2399,0.9852,-6.1191,33.3184,-10.4336
131776,-0.0304,0.254,0.9897,-7.957,32.8398,-10.1836
131799,-0.0277,0.2833,0.9879,-9.3008,30.4629,-9.3848
131822,-0.0302,0.2975,1.0181,-11.4141,24.3203,-7.332
131845,-0.0295,0.2786,1.007,-13.6621,16.0605,-4.5586
131868,-0.0542,0.2549,0.8917,-15.3555,9.9219,-2.5508
131891,-0.0437,0.2523,0.9387,-18.4199,0.5684,0.2012
131914,0.0527,0.2452,1.0203,-20.7969,-5.2812,1.4805
131937,0.0485,0.2352,1.0732,-24.5273,-12.8652,1.9199
131960,0.0604,0.2689,1.1792,-27.8906,-18.6348,0.1816
131983,0.1106,0.2572,1.2163,-29.5977,-21.4473,-2.1348
132006,0.058,0.2104,1.1848,-31.0273,-24.3008,-6.8965
132029,0.0187,0.2004,1.0668,-31.252,-25.4141,-10.5391
132052,0.0454,0.1536,0.9619,-30.8691,-25.9785,-16.0078
132075,-0.0273,0.207,1.0808,-30.3555,-25.1816,-20.8477
132098,0.0581,0.2284,1.0929,-29.084,-24.3145,-23.5684
132121,0.0927,0.118,0.9773,-26.834,-21.9199,-27.0098
132144,0.022,0.0437,0.9117,-24.9082,-19.9863,-28.9277
132167,0.0133,0.098,0.9937,-21.9668,-17.1309,-31.0391
132190,0.0466,0.1705,1.0726,-20.1699,-15.4961,-31.748
132213,0.0238,0.1882,1.1331,-17.6797,-13.7695,-31.5156
132236,0.0071,0.1482,1.0298,-15.3906,-13.3887,-29.4355
132259,-0.0037,0.1899,1.0923,-14.168,-14.0391,-26.9453
132282,0.1023,0.1445,1.1448,-13.0391,-15.9961,-21.9805
132305,0.1322,0.1483,1.1333,-12.7187,-17.4648,-18.4375
132328,0.0914,0.0985,1.0924,-12.6934,-18.9434,-13.8379
132351,0.0193,0.0247,0.9976,-13.1309,-18.709,-10.7461
132374,-0.0436,0.0795,0.998,-13.6152,-17.2559,-9.5898
132397,-0.0254,0.1285,1.0381,-14.2266,-12.6719,-9.2402
132420,0.1023,0.1304,1.022,-14.252,-7.9609,-9.9844
132443,0.0509,0.0951,0.9896,-13.4492,1.0801,-12.5762
132466,-0.0776,0.0757,0.8995,-11.9316,11.2148,-16.3418
132489,-0.0966,0.1146,0.9381,-10.5918,17.7305,-18.8457
132512,-0.0681,0.106,0.9354,-8.8496,26.0254,-21.6465
132535,-0.0162,0.1151,0.9875,-7.8809,30.1289,-22.5977
132558,0.0372,0.0822,0.9904,-6.7207,33.7383,-22.6113
132581,-0.0806,0.0653,0.9589,-6.1328,34.377,-21.7598
132604,-0.0691,0.1206,1.0184,-5.5469,32.9941,-19.2559
132627,-0.0443,0.1262,1.016,-5.291,29.6621,-15.4258
132650,-0.0771,0.0944,1.0271,-5.2676,26.9121,-12.3398
132673,-0.0277,0.0942,1.0598,-5.3398,22.6934,-7.3945
132696,-0.0679,0.0448,0.9918,-5.3574,20.0781,-4.1836
132719,-0.0082,0.0811,1.0376,-5.1973,16.7363,0.1348
132742,-0.0507,0.0856,1.0231,-4.6484,14.377,3.666
132765,-0.0896,0.0472,0.9695,-4.0137,13.4785,5.6289
132788,-0.0321,0.098,0.9922,-2.7324,13.1484,8.2617
132811,-0.1267,0.0508,0.9072,-1.7324,13.4199,9.9902
132834,-0.144,0.0282,0.9567,-0.207,14.0078,12.8613
132857,-0.0518,0.0421,0.9241,1.1895,14.3203,16.1758
132880,-0.0751,0.0396,0.9067,1.9805,14.293,18.4492
132903,-0.0555,0.0688,0.9081,2.834,14.0254,21.584
132926,-0.0701,0.0637,0.8947,3.1289,13.7969,23.3691
132949,-0.1046,0.0343,0.8385,3.0801,13.4687,25.5879
132972,-0.0996,0.0913,0.8772,2.666,13.2695,26.877
132995,-0.0615,0.1412,0.9182,1.4512,12.9766,28.7695
133018,-0.043,0.1053,0.8959,-0.4199,12.5684,30.8027
133041,-0.0951,0.0792,0.8999,-2.0527,12.1582,32.293
133064,-0.079,0.0999,0.957,-5.1055,11.2793,34.75
133087,-0.0841,0.1165,0.9843,-7.4902,10.5371,36.4883
133110,-0.0416,0.0515,0.9325,-11.4824,9.3125,39.123
133133,-0.1246,0.0392,0.941,-15.9473,8.127,41.7207
133156,-0.1134,0.1797,1.025,-19.1016,7.459,43.457
133179,-0.1431,0.1632,1.0586,-23.5918,6.7754,46.0254
133202,-0.1359,0.1713,1.0963,-26.0801,6.6133,47.5742
133225,-0.1655,0.1143,1.0873,-28.709,6.8926,49.3301
133248,-0.1652,0.0406,1.0731,-30.0527,7.7637,50.1426
133271,-0.1445,0.0457,1.0663,-30.3555,8.6055,50.0859
133294,-0.1335,0.0751,1.0922,-29.9668,10.0898,49.0586
133317,-0.1088,-0.0181,1.064,-29.0898,11.1113,47.7891
133340,-0.1143,-0.0819,0.9875,-26.8555,12.5508,45.1953
133363,-0.1136,0.032,1.0132,-24.8496,13.416,42.2051
133386,-0.1816,0.0804,1.0184,-21.1543,14.584,40.3516
133409,-0.0376,0.1188,1.0463,-16.6797,15.6973,38.2832
133432,-0.2592,0.0602,0.823,-13.4043,16.4668,37.5332
133455,-0.2288,0.146,0.9672,-8.4727,17.7949,37.4727
133478,-0.17,0.1974,0.9731,-5.2871,18.8066,38.1074
133501,-0.153,0.2858,1.069,-0.5508,20.332,39.7031
133524,-0.3418,0.0985,0.8524,4.1348,21.5449,41.5527
133547,-0.2415,0.1218,0.9718,6.9668,22.0801,42.7148
133570,-0.1539,0.1536,1.0085,10.4473,22.3398,43.9707
133593,-0.3188,0.2275,1.1232,12.3066,22.0625,44.2324
133616,-0.126,0.2576,0.9999,14.625,20.9668,43.5449
133639,-0.1752,0.2347,1.0089,16.3203,19.3184,41.457
133662,-0.2599,0.2648,1.0194,16.9766,18.1016,39.3965
133685,-0.1497,0.2974,1.0487,17.291,16.377,35.7383
133708,-0.2375,0.3069,0.9744,17.2305,15.2578,33.1367
133731,-0.194,0.374,0.9524,17.0723,13.3359,29.2363
133754,-0.2041,0.3517,0.9886,16.9922,11.7031,25.418
133777,-0.1835,0.2703,0.9471,16.9102,8.6445,22.8867
133800,-0.113,0.2402,0.9216,17.0,5.1055,19.002
133823,-0.1083,0.2699,0.964,17.4082,2.5625,16.2754
133846,-0.1628,0.3087,0.903,19.3359,-1.8203,12.002
133869,-0.1482,0.3329,0.7968,22.0313,-5.3262,9.1348
133892,-0.1492,0.3402,0.823,28.7832,-11.0703,5.0273
133915,-0.1637,0.358,0.7433,38.7227,-15.7617,1.6367
133938,-0.1813,0.3738,0.7635,46.6016,-17.084,0.2109
133961,-0.2246,0.3776,0.7196,58.7715,-15.0469,0.0996
133984,-0.177,0.3844,0.7454,63.998,-10.8672,1.6426
134007,-0.1938,0.3785,0.8684,63.998,-1.1934,6.2148
134030,-0.15,0.4038,0.9576,63.998,10.9453,12.6367
134053,-0.1804,0.4233,1.0083,63.998,19.3906,17.25
134076,-0.2045,0.4116,1.0624,56.9434,30.6465,23.4375
134099,-0.1412,0.4183,1.0685,45.4961,36.0703,26.3379
134122,-0.2219,0.4584,0.9426,27.0215,39.8105,27.8164
134145,-0.2229,0.5089,0.9169,16.0,38.2559,25.3711
134168,-0.3054,0.4001,0.7517,4.6855,34.6387,21.8008
134191,-0.2324,0.4558,0.8004,2.2578,27.3535,14.4941
134214,-0.2854,0.4427,0.7151,6.082,22.3691,8.9902
134237,-0.2336,0.4896,0.6566,18.8672,16.7559,0.9844
134260,-0.2001,0.644,0.6208,30.5781,15.0957,-3.582
134283,-0.2411,0.6213,0.5342,49.9043,16.0371,-8.6641
134306,-0.2312,0.595,0.4681,63.998,19.6953,-11.4023
134329,-0.1591,0.5594,0.4117,63.998,22.3555,-12.0449
134352,-0.2279,0.587,0.3889,63.998,24.8828,-11.6816
134375,-0.2152,0.5795,0.2903,63.998,24.8789,-10.75
134398,-0.276,0.6664,0.2518,63.998,21.877,-8.5742
134421,-0.2166,0.7676,0.2899,63.998,15.8027,-5.9473
134444,-0.2817,0.7993,0.3955,63.998,10.752,-4.3477
134467,-0.2014,0.7772,0.3735,63.998,2.8828,-2.793
134490,-0.2537,0.736,0.4272,63.998,-1.8691,-2.6328
134513,-0.2113,0.6908,0.5328,53.3867,-7.4512,-3.9492
134536,-0.166,0.6417,0.5491,40.0352,-11.3125,-6.834
134559,-0.2689,0.5641,0.5031,19.5625,-13.2852,-9.2559
134582,-0.2174,0.6766,0.5643,0.1133,-15.4883,-12.8965
134605,-0.2574,0.7367,0.5752,-11.4805,-16.3848,-14.9473
134628,-0.3163,0.7198,0.4869,-25.8926,-16.7227,-17.082
134651,-0.3307,0.8038,0.4574,-33.3516,-16.1445,-17.8711
134674,-0.2838,0.7218,0.4972,-41.6426,-13.9141,-18.5078
134697,-0.3044,0.6211,0.5164,-47.1973,-10.3711,-19.2676
134720,-0.4227,0.4695,0.5704,-49.8457,-7.7051,-20.1855
134743,-0.3263,0.4264,0.7052,-52.8848,-3.9746,-22.2285
134766,-0.3416,0.4028,0.7695,-54.5215,-2.0859,-23.8242
134789,-0.421,0.4583,0.8932,-56.5547,-0.6914,-25.875
134812,-0.2878,0.5222,0.9982,-58.0215,-1.1523,-26.5566
134835,-0.3477,0.5543,0.9714,-58.5215,-2.3574,-25.9434
134858,-0.3881,0.5426,0.9054,-58.2891,-4.8945,-23.4844
134881,-0.359,0.4109,0.85,-57.3789,-6.5312,-21.123
134904,-0.2825,0.2069,0.7826,-54.7109,-8.0488,-17.3926
134927,-0.2994,0.2118,0.8014,-50.4023,-8.0098,-14.498
134950,-0.4362,0.4062,0.7433,-45.6641,-7.1719,-13.2852
134973,-0.4825,0.5377,0.651,-36.498,-4.9707,-12.3555
134996,-0.2129,0.5699,0.5719,-28.7695,-3.1758,-12.375
135019,-0.3959,0.6395,0.5391,-15.4766,-0.8418,-13.8906
135042,-0.4626,0.6954,0.5361,-6.2676,0.2129,-15.8984
135065,-0.4067,0.6096,0.4578,6.2871,1.1543,-19.5508
135088,-0.5018,0.5837,0.4745,14.9297,1.5742,-22.6641
135111,-0.4379,0.5885,0.5223,17.5176,1.625,-23.9629
135134,-0.2894,0.5353,0.5431,16.2461,1.0449,-24.8379
135157,-0.3323,0.3501,0.4015,12.1855,-0.1465,-25.0664
135180,-0.2203,0.3627,0.5679,2.082,-3.6562,-25.5273
135203,-0.1986,0.3356,0.527,-11.2598,-9.5605,-26.6543
135226,-0.2212,0.2026,0.475,-21.1582,-14.7539,-27.8516
135249,-0.2764,0.0922,0.4181,-36.8652,-23.7969,-30.1191
135272,-0.2377,0.0375,0.355,-47.6074,-30.1563,-31.7813
135295,-0.2131,0.0385,0.4399,-63.457,-39.3809,-34.3008
135318,-0.3159,-0.0784,0.4406,-64.0,-47.6172,-36.8477
135341,-0.2649,-0.043,0.4663,-64.0,-52.2871,-38.8145
135364,-0.1458,0.1184,0.5981,-64.0,-57.6016,-43.2344
135387,-0.2999,0.0588,0.701,-64.0,-59.8145,-47.8887
135410,-0.2507,0.083,0.7693,-64.0,-61.123,-58.0176
135433,-0.0457,0.2507,1.0931,-64.0,-61.0059,-64.0
135456,-0.0452,0.252,1.3446,-52.0742,-60.6719,-64.0
135479,-0.0151,0.1254,1.547,-24.7793,-62.1738,-64.0
135502,-0.03,0.1415,1.6322,-6.3379,-64.0,-64.0
135525,-0.1055,0.1045,1.6409,16.6445,-64.0,-64.0
135548,-0.1334,0.0051,1.765,26.3613,-64.0,-64.0
135571,0.0179,0.0574,1.6046,30.9063,-64.0,-64.0
135594,-0.1454,-0.0762,1.3461,25.1191,-64.0,-64.0
135617,-0.2772,-0.0671,1.2538,17.5195,-64.0,-64.0
135640,-0.0934,0.2249,1.4476,4.3594,-64.0,-61.6719
135663,-0.1147,0.2368,1.2546,-3.125,-64.0,-46.8398
135686,-0.2037,0.2333,0.9806,-9.2383,-58.0781,-25.7656
135709,-0.1627,0.126,0.8394,-8.3262,-37.6367,-7.6816
135732,-0.02,0.0719,0.7781,-4.6934,-23.7949,2.1699
135755,-0.1095,0.0029,0.7617,2.8887,-4.8418,13.3887
135778,-0.1699,-0.1196,0.6279,8.0215,5.6133,18.7539
135801,-0.1262,0.1268,0.8464,14.541,17.1602,24.6504
135824,-0.1338,0.3326,1.0081,18.1738,21.9258,29.668
135847,-0.2543,0.2478,0.9404,23.2676,24.584,33.5371
135870,-0.1476,0.3083,1.167,28.0801,22.125,40.9961
135893,0.0688,0.4065,1.2526,30.9824,18.084,46.8301
135916,-0.0874,0.2845,1.0176,34.6191,9.5469,55.3574
135939,-0.1171,0.1349,0.7898,36.207,3.0039,59.9629
135962,-0.002,0.2701,0.9287,36.7832,-6.6914,63.998
135985,0.1316,0.4889,1.2314,35.9824,-14.9473,63.8203
136008,0.1302,0.5035,1.0968,35.6895,-19.1934,60.9688
136031,-0.0181,0.4178,0.8704,36.2871,-23.3477,53.3652
136054,-0.0353,0.2823,0.6627,37.0703,-24.668,46.9961
136077,0.1649,0.4897,0.9696,38.248,-24.8359,37.0781
136100,0.0283,0.8986,1.368,39.8145,-23.2891,27.8906
136123,-0.0674,0.3698,0.6099,41.1035,-21.4785,22.668
136146,-0.0181,0.5775,0.9368,41.7891,-17.959,16.8418
136169,0.0603,0.4657,0.98,40.332,-15.3691,14.4414
136192,0.061,0.3922,0.9146,34.4004,-11.4746,12.7324
136215,0.0447,0.3613,0.9011,28.1836,-7.8594,12.2559
136238,0.026,0.3701,0.9122,16.8223,-4.8652,12.0352
136261,0.035,0.3772,0.8818,4.9863,-1.1621,11.3945
136284,0.048,0.3813,0.9211,-2.2187,0.7422,10.7168
136307,0.0399,0.3812,0.9214,-11.041,2.1641,9.457
136330,0.0417,0.3771,0.903,-15.2832,2.0371,8.5371
136353,0.0396,0.3779,0.8972,-18.998,0.5,7.1289
136376,0.0388,0.3761,0.8854,-19.7109,-1.9434,5.6934
136399,0.0378,0.3754,0.88,-18.7891,-3.6094,4.7187
136422,0.04,0.3772,0.8954,-15.9355,-5.625,3.2559
136445,0.0398,0.3784,0.9026,-13.4844,-6.5156,2.334
136468,0.0394,0.3798,0.897,-9.6875,-7.1953,1.1289
136491,0.0396,0.3774,0.889,-6.3711,-7.2207,0.2227
136514,0.0396,0.3722,0.8927,-4.6367,-6.9551,-0.2031
136537,0.0396,0.3749,0.8843,-2.8691,-6.2891,-0.5996
136560,0.0438,0.3812,0.8901,-2.2305,-5.7617,-0.7305
136583,0.09,0.4253,0.8801,-1.9512,-4.9687,-0.7715
136606,0.0203,0.3625,0.881,-2.1172,-4.2891,-0.6465
136629,0.043,0.3546,0.9083,-2.6914,-3.9609,-0.4199
136652,0.0449,0.3679,0.8999,-3.4219,-3.7266,0.1855
136675,0.0402,0.3615,0.8843,-3.8945,-3.7285,0.7344
136698,0.0522,0.3735,0.9065,-4.4746,-3.8652,1.6289
136721,0.0601,0.3779,0.8976,-4.748,-3.9687,2.1738
136744,0.0397,0.3779,0.8796,-4.9727,-4.0156,2.7617
136767,0.0463,0.3732,0.9011,-4.9707,-3.7949,2.9414
136790,0.0446,0.3723,0.8904,-4.8711,-3.4883,2.8125
136813,0.0499,0.3729,0.8871,-4.6387,-2.875,2.3105
136836,0.0579,0.3754,0.8998,-4.4609,-2.4375,1.8359
136859,0.0425,0.377,0.8855,-4.2012,-1.8711,1.0547
136882,0.0447,0.3767,0.8872,-3.9629,-1.4863,0.3262
136905,0.0479,0.3724,0.8888,-3.8223,-1.3262,-0.0762
136928,0.0525,0.3729,0.8987,-3.6582,-1.1973,-0.5078
136951,0.0551,0.3724,0.8954,-3.5918,-1.1563,-0.6699
136974,0.0573,0.3765,0.89,-3.5527,-1.1074,-0.7285
136997,0.05,0.3761,0.894,-3.5527,-1.0117,-0.623
137020,0.0438,0.3754,0.8932,-3.5566,-0.8984,-0.5117
137043,0.0476,0.376,0.8966,-3.5469,-0.6855,-0.3613
137066,0.0419,0.3757,0.8813,-3.5273,-0.5586,-0.3086
137089,0.0436,0.3774,0.8916,-3.4863,-0.4805,-0.332
137112,0.0457,0.3752,0.8875,-3.457,-0.5293,-0.4062
137135,0.0504,0.3763,0.8947,-3.4434,-0.7539,-0.5566
137158,0.0566,0.3743,0.8916,-3.4902,-1.1133,-0.6875
137181,0.0546,0.3756,0.8859,-3.5547,-1.3945,-0.7324
137204,0.051,0.377,0.8982,-3.6816,-1.8242,-0.7266
137227,0.0494,0.3773,0.8921,-3.7754,-2.0723,-0.6816
137250,0.0382,0.3754,0.8843,-3.9199,-2.3184,-0.582
137273,0.0494,0.3716,0.8932,-4.0781,-2.3574,-0.4668
137296,0.0613,0.3741,0.8978,-4.1973,-2.293,-0.3848
137319,0.0566,0.375,0.887,-4.3867,-2.1641,-0.248
137342,0.0631,0.3734,0.8937,-4.5059,-2.1113,-0.1465
137365,0.0549,0.3727,0.89,-4.6484,-2.125,0.0117
137388,0.0527,0.374,0.9008,-4.748,-2.2031,0.1562
137411,0.0583,0.3734,0.8931,-4.791,-2.2598,0.2266
137434,0.0618,0.3713,0.8971,-4.8203,-2.3477,0.2773
137457,0.0503,0.373,0.881,-4.8145,-2.4043,0.2695
137480,0.063,0.3721,0.8972,-4.7539,-2.4609,0.1992
137503,0.0544,0.3723,0.8937,-4.6816,-2.4629,0.123
137526,0.0593,0.3713,0.896,-4.5488,-2.3906,-0.0137
137549,0.0576,0.3722,0.8909,-4.4141,-2.2246,-0.1445
137572,0.0569,0.3712,0.8928,-4.3301,-2.0684,-0.2187
137595,0.0565,0.3708,0.8889,-4.2227,-1.7988,-0.2988
137618,0.061,0.3727,0.9006,-4.168,-1.6172,-0.3281
137641,0.0654,0.3713,0.8966,-4.1113,-1.3828,-0.3379
137664,0.0591,0.3735,0.895,-4.0723,-1.2129,-0.3125
137687,0.0546,0.3705,0.8945,-4.0469,-1.125,-0.291
137710,0.0544,0.3713,0.8926,-3.9902,-0.9785,-0.2793
137733,0.0494,0.3698,0.8979,-3.9414,-0.8516,-0.2949
137756,0.0605,0.3739,0.9005,-3.8496,-0.6016,-0.3652
137779,0.0525,0.3716,0.8856,-3.7246,-0.3203,-0.4844
137802,0.0543,0.3751,0.8893,-3.6172,-0.1387,-0.5898
137825,0.0431,0.3735,0.8882,-3.4258,0.0742,-0.7852
137848,0.048,0.3734,0.8942,-3.2988,0.1602,-0.9355
137871,0.0537,0.3733,0.8976,-3.1523,0.209,-1.168
137894,0.0448,0.373,0.8976,-3.1055,0.1973,-1.3711
137917,0.0431,0.3719,0.8888,-3.127,0.125,-1.4766
137940,0.047,0.3728,0.8953,-3.2324,-0.0059,-1.5762
137963,0.0481,0.3755,0.8942,-3.3223,-0.1191,-1.5977
137986,0.0443,0.3741,0.8873,-3.4414,-0.3066,-1.5625
138009,0.0455,0.3738,0.8923,-3.4941,-0.4258,-1.4941
138032,0.0431,0.3735,0.8887,-3.5332,-0.5742,-1.3379
138055,0.0535,0.3776,0.8993,-3.5391,-0.6758,-1.1387
138078,0.0443,0.3738,0.8953,-3.5352,-0.7168,-0.9961
138101,0.0454,0.3721,0.8906,-3.5273,-0.7305,-0.8027
138124,0.0459,0.3771,0.8925,-3.5254,-0.7148,-0.7051
138147,0.0477,0.3824,0.891,-3.5156,-0.6777,-0.625
138170,0.0487,0.3833,0.8916,-3.4824,-0.6387,-0.627
138193,0.0414,0.3667,0.8972,-3.4414,-0.6152,-0.6621
138216,0.0424,0.3721,0.8967,-3.3418,-0.5918,-0.7402
138239,0.0599,0.3779,0.8989,-3.2461,-0.5859,-0.8027
138262,0.0713,0.3788,0.8958,-3.0645,-0.6113,-0.9121
138285,0.0424,0.3889,0.8875,-2.9023,-0.6406,-1.0234
138308,0.0436,0.3843,0.8799,-2.5293,-0.6328,-1.0684
138331,0.0387,0.3787,0.8762,-1.9355,-0.457,-1.0508
138354,0.0397,0.3735,0.886,-1.4277,-0.2227,-0.9707
138377,0.0394,0.3829,0.8837,-0.6133,0.2324,-0.7344
138400,0.0397,0.3857,0.8834,-0.1348,0.5273,-0.498
138423,0.0515,0.3818,0.8971,0.3145,0.8066,-0.0488
138446,0.0919,0.3781,0.913,0.2695,0.7285,0.4434
138469,0.17,0.3746,0.9447,-0.0957,0.4297,0.7715
138492,0.0316,0.3855,1.0126,-1.1855,-0.293,1.3184
138515,-0.1176,0.5955,1.3391,-2.2598,-0.6914,1.7969
138538,-0.1405,0.4342,0.9893,-4.6641,-0.5078,2.5586
138561,0.0051,0.1246,0.9188,-9.5762,1.0527,2.3105
138584,0.0295,0.071,0.745,-15.1094,3.0488,0.4687
138607,-0.1322,0.246,0.8047,-26.3281,8.2168,-6.6133
138630,-0.239,0.313,0.9091,-34.3535,13.7207,-14.8008
138653,-0.248,0.1719,0.8054,-44.4316,25.4316,-31.959
138676,-0.3857,0.0007,0.725,-49.0078,39.6367,-52.8184
138699,-0.3699,-0.1265,0.7209,-52.8359,48.2461,-64.0
138722,-0.0591,-0.0355,0.8081,-53.7168,54.9082,-64.0
138745,-0.0419,0.4883,0.8613,-52.4336,52.8516,-64.0
138768,-0.0237,0.5504,1.025,-46.2305,40.1465,-64.0
138791,-0.1205,0.5587,1.3175,-38.4922,28.127,-64.0
138814,-0.3228,0.4109,0.8086,-22.3438,11.6875,-64.0
138837,-0.5367,0.0753,0.5878,-5.0176,4.0254,-64.0
138860,-0.3424,0.0117,0.241,4.8457,5.6699,-64.0
138883,-0.3243,0.2814,0.6487,15.8262,17.7227,-64.0
138906,-0.78,0.6746,1.5756,21.334,30.3691,-64.0
138929,-0.3766,0.2345,0.7616,28.2207,52.0586,-64.0
138952,-0.2842,0.2258,0.9286,32.5254,63.998,-39.9824
138975,-0.3501,0.2891,0.9697,33.0547,63.998,-24.0918
138998,-0.3628,0.2015,0.9022,29.4688,63.998,-3.4961
139021,-0.235,0.2046,0.9473,24.0137,63.998,7.6504
139044,-0.3141,0.4178,0.8802,11.5645,63.998,20.5859
139067,-0.7944,0.4114,0.7393,-5.166,50.5117,30.0371
139090,-0.5328,0.1664,0.7657,-17.6875,39.4766,35.3027
139113,-0.3624,0.2549,0.9769,-36.4785,25.459,42.5625
139136,-0.2643,0.1704,1.0577,-47.3047,18.9805,46.9258
139159,-0.4703,0.1472,0.8303,-58.8594,14.2559,52.5645
139182,-0.4237,0.3208,0.8413,-62.9629,14.3398,55.9629
139205,-0.8568,0.3619,0.5406,-64.0,18.5625,61.0801
139228,-0.7151,0.3568,0.6577,-60.5742,26.0254,63.998
139251,-0.7186,0.293,0.6204,-56.6426,31.4043,63.998
139274,-0.7524,0.3199,0.736,-49.3633,37.5938,63.998
139297,-0.9063,0.2327,0.7286,-43.8965,39.291,63.998
139320,-1.0806,0.356,0.9922,-34.8125,37.2383,63.998
139343,-0.5992,0.2256,0.8047,-24.8008,29.9746,63.998
139366,-0.251,-0.0269,0.708,-18.291,22.9355,55.3379
139389,-0.1799,-0.0693,0.8086,-10.1992,11.0508,31.3203
139412,-0.3594,-0.0967,0.6162,-6.2266,3.5742,10.8574
139435,-0.4125,-0.0048,0.4785,-1.7344,-5.373,-23.0879
139458,-0.2993,0.1599,0.6051,3.0176,-11.3691,-55.3789
139481,-0.3696,0.3169,0.8303,7.8574,-14.6641,-64.0
139504,-0.5303,0.7683,1.751,19.3965,-20.4219,-64.0
139527,-0.1089,0.7296,0.7614,29.8711,-24.7617,-64.0
139550,-0.7433,0.5637,0.7213,46.5352,-29.3945,-64.0
139573,-0.4436,0.2709,0.7794,55.5176,-29.3613,-64.0
139596,-0.1281,0.2152,0.9271,61.9902,-23.793,-64.0
139619,-0.0964,0.2434,0.9984,58.0527,-14.1953,-49.6055
139642,-0.4491,0.3518,0.8855,49.5488,-7.3086,-33.2383
139665,-0.7701,0.424,0.7264,28.8652,2.0605,-6.8535
139688,-0.634,0.3616,0.8561,10.9043,7.0898,11.2559
139711,-0.1786,0.3542,0.91,-19.0684,11.8867,37.998
139734,-0.3728,0.3749,0.7551,-47.6211,11.0547,62.709
139757,-0.8185,0.4196,0.6223,-63.2656,6.7871,63.998
139780,-1.0768,0.4075,0.5994,-64.0,-2.3262,63.998
139803,-0.8176,0.3929,0.8385,-64.0,-7.7227,63.998
139826,-0.8411,0.38,1.0839,-64.0,-12.2129,63.998
139849,-0.3821,0.4524,0.6635,-64.0,-11.9492,63.998
139872,-0.5588,0.2584,0.2683,-56.5918,-9.5801,63.998
139895,-0.6578,0.2375,0.4707,-35.7754,-4.293,63.998
139918,-0.4089,0.1802,0.7045,-22.0586,-0.8535,55.2188
139941,0.0784,0.1945,0.8142,-2.5332,2.1465,18.541
139964,-0.0651,0.0995,0.6221,10.0566,1.9121,-20.6855
139987,-0.4039,0.1567,0.8512,29.0137,-1.9824,-46.084
140010,-0.5942,0.4772,1.5488,48.4922,-8.5371,-64.0
140033,-0.0986,0.4177,1.0621,61.252,-13.0117,-64.0
140056,0.0662,0.2805,1.0221,63.998,-18.5117,-64.0
140079,-0.1989,0.2454,0.9504,63.998,-21.6055,-64.0
140102,-0.3208,0.2323,1.0239,63.998,-25.7441,-64.0
140125,-0.3264,0.2162,0.9839,63.998,-28.8438,-64.0
140148,-0.2787,0.2107,0.9395,63.998,-30.3574,-64.0
140171,-0.2408,0.2465,0.9229,48.4746,-32.7832,-64.0
140194,-0.255,0.2257,0.8853,30.1504,-35.4492,-48.0469
140217,-0.3188,0.2097,0.9353,1.9922,-42.3828,-17.7031
140240,-0.3076,0.2732,0.9554,-23.0469,-52.5664,9.5352
140263,-0.1564,0.2714,1.0365,-36.3301,-60.0801,24.1504
140286,-0.2469,0.2023,0.9292,-49.6484,-64.0,39.1504
140309,-0.3574,0.2812,0.9386,-53.8477,-64.0,44.4375
140332,-0.9104,0.3545,0.7739,-53.6074,-64.0,46.1914
140355,-0.8726,0.4281,0.7224,-49.7344,-64.0,41.9609
140378,-0.8822,0.3051,0.7402,-39.5117,-59.168,36.2324
140401,-0.0544,0.4482,1.0884,-24.9395,-40.334,22.9863
140424,-0.0464,0.342,1.0387,-13.2305,-26.8438,10.7539
140447,-0.6182,0.2789,0.9016,5.752,-9.4434,-12.3711
140470,-0.6289,0.2854,0.6632,17.8418,-1.0977,-30.0996
140493,-0.2432,0.2009,0.7212,32.7188,5.9102,-57.9473
140516,-0.1152,0.1754,0.5906,42.627,5.9277,-64.0
140539,-0.3365,0.2014,0.5627,46.7598,2.6074,-64.0
140562,-0.5048,0.1807,0.8986,50.709,-4.5039,-64.0
140585,-0.4247,0.192,1.1321,53.1289,-8.7578,-64.0
140608,-0.3904,0.2146,0.9459,58.3652,-13.0684,-64.0
140631,-0.6761,0.161,0.5577,63.998,-15.207,-64.0
140654,-0.5295,0.1667,0.7075,63.998,-15.4355,-64.0
140677,-0.2177,0.1859,0.9142,63.998,-13.7012,-64.0
140700,-0.4025,0.1897,0.4449,63.998,-11.3379,-64.0
140723,-0.9281,0.4503,1.2936,63.998,-6.4824,-64.0
140746,-0.4403,0.3206,0.8763,63.998,-0.6113,-64.0
140769,-0.384,0.249,0.8884,63.998,3.0625,-64.0
140792,-0.175,0.4624,1.1018,55.9902,6.0352,-64.0
140815,-0.5287,0.2183,0.8469,46.1563,5.3477,-64.0
140838,-0.432,0.1833,0.8031,29.8574,0.8926,-64.0
140861,-0.4185,0.2344,0.8823,18.9453,-3.0625,-56.1895
140884,-0.6274,0.1844,0.7816,3.8633,-8.4297,-40.3789
140907,-0.6001,0.2089,0.8292,-8.9512,-11.4023,-24.9941
140930,-0.4053,0.1637,0.9183,-16.0684,-11.6836,-15.2422
140953,-0.6871,0.0385,0.7423,-24.457,-10.2773,-1.8047
140976,-0.4965,0.1508,0.8596,-28.5547,-8.7637,6.2266
140999,-0.7545,0.1667,0.7914,-32.6211,-6.5918,16.5996
141022,-0.6849,0.2031,0.8048,-34.4863,-5.3906,24.6777
141045,-0.7937,0.1406,0.7063,-34.5781,-5.4238,28.7891
141068,-0.7378,0.1948,0.7749,-32.791,-6.9941,33.2539
141091,-0.8312,0.2716,0.98,-30.0977,-9.0625,35.125
141114,-0.7677,0.3159,0.8833,-23.6699,-13.3242,35.9336
141137,-0.5082,0.2601,0.564,-15.2207,-18.1543,33.3398
141160,-0.4233,0.2639,0.6783,-9.8027,-21.2656,29.1016
141183,-0.424,0.163,0.7644,-2.2227,-25.5527,18.7852
141206,-0.2241,0.0868,0.6487,2.5195,-28.2695,9.7285
141229,-0.2692,0.0814,0.8167,9.9668,-32.0391,-5.7676
141252,-0.1625,0.2197,1.0051,15.6777,-33.7793,-16.5117
141275,-0.1495,0.283,1.0753,26.2168,-33.8125,-32.043
141298,-0.3391,0.3477,0.8839,39.0996,-29.5352,-45.6602
141321,-0.6083,0.4095,0.8085,48.0215,-24.2988,-52.8613
141344,-0.5764,0.217,0.8418,59.4277,-13.9453,-59.4297
141367,-0.4087,0.1158,0.5112,63.998,-6.1445,-60.4941
141390,-0.642,0.2242,0.7965,63.998,5.666,-57.2871
141413,-0.6562,0.3225,0.7982,61.0879,16.7344,-49.4551
141436,-0.6089,0.2104,0.7793,54.7813,23.4453,-42.7031
141459,-0.6002,0.1772,0.7878,42.1621,31.7988,-32.127
141482,-0.5073,0.2445,0.8844,32.4805,35.6445,-25.668
141505,-0.6893,0.2002,0.7499,17.5176,37.9492,-17.8555
141528,-0.6296,0.2106,0.751,3.5684,35.5293,-12.584
141551,-0.4546,0.2236,0.8905,-4.3789,31.2246,-10.3906
141574,-0.6742,0.2002,0.7302,-13.4297,20.9473,-8.6367
141597,-0.4419,0.2684,0.8878,-17.4355,11.8633,-7.9727
141620,-0.5229,0.2288,0.838,-20.5605,-3.8477,-6.877
141643,-0.4332,0.2301,0.8691,-20.9004,-14.5547,-5.7266
141666,-0.4668,0.1807,0.7721,-19.3477,-28.8613,-2.8926
141689,-0.5164,0.2257,0.7494,-16.416,-39.373,1.6953
141712,-0.608,0.2567,0.7477,-14.4141,-43.8906,5.6934
141735,-0.5188,0.2631,0.7903,-12.2187,-46.9746,12.2578
141758,-0.4636,0.2583,0.8312,-11.5508,-46.7949,16.1914
141781,-0.5024,0.2483,0.8503,-11.8437,-44.0156,20.0996
141804,-0.3738,0.2184,0.9182,-13.541,-39.8047,20.8906
141827,-0.3524,0.1974,0.9438,-15.2305,-37.1387,19.7383
141850,-0.283,0.1979,0.9556,-18.0508,-34.4141,16.125
141873,-0.3917,0.2002,0.912,-19.7715,-33.7031,13.0391
141896,-0.4169,0.2244,0.8933,-21.582,-34.0078,8.4863
141919,-0.3956,0.2212,0.8925,-22.0391,-34.9902,5.084
141942,-0.4153,0.219,0.88,-21.4551,-35.3574,3.7383
141965,-0.3756,0.2312,0.8788,-19.2949,-34.6641,3.1094
141988,-0.4402,0.2374,0.8683,-17.1895,-33.2148,3.5254
142011,-0.3223,0.2269,0.9121,-13.5332,-29.8633,5.1562
142034,-0.3389,0.2073,0.8939,-11.0547,-27.1738,7.1797
142057,-0.3522,0.2266,0.8896,-7.6699,-22.957,9.1289
142080,-0.3448,0.2258,0.8927,-5.0703,-19.0391,11.2461
142103,-0.3231,0.2228,0.9093,-3.9414,-16.8887,12.25
142126,-0.2828,0.2385,0.9215,-3.2949,-14.7734,12.9414
142149,-0.3318,0.2256,0.9127,-3.5547,-14.2734,12.7969
142172,-0.3,0.2137,0.9258,-4.8301,-14.8027,11.7324
142195,-0.2559,0.2118,0.9567,-6.8965,-16.4707,10.043
142218,-0.2441,0.2216,0.9647,-8.5469,-18.041,8.9082
142241,-0.2697,0.191,0.9515,-11.1465,-20.8887,7.7285
142264,-0.2004,0.2014,0.9639,-12.7637,-22.9414,7.5273
142287,-0.2072,0.2036,0.9622,-14.6484,-25.8516,8.2383
142310,-0.2145,0.2064,0.9594,-15.5176,-28.0703,9.9492
142333,-0.1968,0.2074,0.9534,-15.418,-28.9297,11.4102
142356,-0.1676,0.2075,0.957,-14.2695,-29.1738,13.6855
142379,-0.1339,0.1968,0.9624,-12.9629,-28.7305,15.0547
142402,-0.1024,0.1888,0.965,-10.5586,-27.4043,16.5957
142425,-0.1256,0.1986,0.9519,-8.9297,-26.1758,17.2363
142448,-0.2144,0.2197,0.9631,-6.9238,-23.7754,17.0625
142471,-0.153,0.2031,0.9872,-5.9258,-20.5664,15.9043
142494,-0.1735,0.2024,0.9882,-5.9375,-18.0234,14.5781
142517,-0.1562,0.1914,0.9783,-6.7812,-13.8828,11.9121
142540,-0.132,0.1932,0.9661,-7.6211,-11.1211,9.8164
142563,-0.1974,0.2067,0.9647,-8.7578,-7.3926,6.5469
142586,-0.1335,0.1945,0.9657,-9.2734,-4.627,3.6387
142609,-0.1805,0.2041,0.9608,-9.1484,-3.4668,2.1113
142632,-0.1652,0.2078,0.9611,-8.3008,-2.6973,0.5605
142655,-0.1681,0.2036,0.9608,-7.4043,-2.6953,0.0039
142678,-0.1523,0.1917,0.9655,-5.8301,-3.1445,-0.2363
142701,-0.1572,0.1882,0.972,-4.3281,-3.7402,0.0625
142724,-0.1713,0.1895,0.9691,-3.5352,-4.0527,0.4668
142747,-0.1736,0.1793,0.9688,-2.8086,-4.2695,1.2695
142770,-0.2046,0.1823,0.9626,-2.6602,-4.2266,1.8574
142793,-0.1484,0.2162,0.9666,-2.8867,-3.8809,2.6152
142816,-0.1632,0.2178,0.9781,-3.2715,-3.0078,2.9668
142839,-0.0712,0.2058,0.9763,-4.0449,-2.8984,2.8848
142862,-0.1221,0.2034,0.9822,-4.8535,-2.5879,2.3516
142885,-0.0731,0.1863,0.9795,-5.3105,-2.7246,1.916
142908,-0.1731,0.205,0.9641,-5.7754,-3.6289,1.6191
142931,-0.1057,0.2017,0.9606,-5.9023,-4.7305,1.8828
142954,-0.1125,0.1976,0.9617,-5.8125,-7.0195,3.0781
142977,-0.1042,0.2211,0.9766,-5.5117,-9.8184,5.0293
143000,-0.0896,0.1993,0.9789,-5.3145,-11.8105,6.5547
143023,-0.0715,0.2029,0.9851,-5.2031,-14.7891,8.8574
143046,-0.0322,0.182,0.9838,-5.3027,-16.6758,10.2344
143069,-0.0442,0.1926,0.9814,-5.6895,-19.1797,11.8398
143092,-0.0513,0.1934,0.9772,-6.2227,-20.8594,12.707
143115,-0.0413,0.1912,0.9799,-6.5645,-21.209,12.8164
143138,-0.0553,0.1874,0.9847,-6.9473,-20.2363,12.2773
143161,-0.0537,0.184,0.9829,-7.082,-18.5254,11.4727
143184,-0.0312,0.1772,0.9783,-7.1035,-14.5293,9.6719
143207,-0.0588,0.1794,0.9847,-7.0215,-9.2246,7.3359
143230,-0.0824,0.2008,1.0005,-6.8496,-5.1621,5.6582
143253,-0.163,0.1842,0.9796,-6.7187,1.4355,3.3262
143276,-0.0955,0.1952,0.9834,-6.6582,5.9121,2.0898
143299,-0.1399,0.1962,0.9714,-6.5098,12.1719,0.8809
143322,-0.0743,0.1935,0.9768,-6.3047,15.6621,0.5098
143345,-0.1404,0.1969,0.9775,-5.7637,19.2871,0.5215
143368,-0.1365,0.1882,0.9696,-4.9727,20.5703,1.1016
143391,-0.1036,0.1932,0.9822,-4.3613,20.0918,1.7148
143414,-0.0822,0.182,0.9828,-3.4395,17.6426,2.748
143437,-0.1,0.1798,0.9806,-2.9004,15.1367,3.3789
143460,-0.1414,0.1899,0.9736,-2.3301,10.6484,4.1191
143483,-0.104,0.1965,0.9751,-2.1309,5.9883,4.543
143506,-0.1532,0.2158,0.9705,-2.2109,3.1172,4.6191
143529,-0.1487,0.208,0.967,-2.6152,-0.5234,4.4316
143552,-0.1213,0.1996,0.9763,-3.0195,-2.418,4.127
143575,-0.0999,0.1912,0.9775,-3.6895,-4.4492,3.4531
143598,-0.1028,0.1879,0.9817,-4.0937,-5.6289,2.6172
143621,-0.1027,0.1919,0.9752,-4.5117,-6.0488,2.0469
143644,-0.1095,0.1937,0.969,-4.6152,-6.3027,1.2891
143667,-0.1016,0.1948,0.9822,-4.5059,-6.3242,0.8984
143690,-0.0988,0.1948,0.9797,-4.1484,-6.2324,0.5234
143713,-0.0476,0.1904,0.9901,-3.8496,-6.1191,0.4062
143736,-0.0099,0.1986,0.9825,-3.4258,-6.0723,0.4414
143759,-0.0182,0.1949,0.9868,-3.1836,-6.8359,0.8555
143782,-0.0436,0.1769,0.9783,-3.2148,-8.207,1.4844
143805,0.0288,0.1863,0.9818,-3.6934,-11.9062,3.1914
143828,-0.0609,0.1934,0.9677,-4.3711,-15.498,4.9004
143851,-0.0907,0.1909,0.9747,-5.9844,-22.3516,8.2617
143874,0.0411,0.1949,0.9918,-8.25,-30.0605,12.1465
143897,0.0038,0.191,0.9989,-9.9648,-34.7578,14.5645
143920,0.007,0.1688,0.9955,-12.457,-39.6152,17.1777
143943,0.087,0.2186,0.984,-13.8105,-40.7559,17.9063
143966,0.0704,0.1912,0.9979,-15.0039,-38.9316,17.1406
143989,0.0448,0.1395,0.998,-14.9805,-33.3027,14.2891
144012,0.0394,0.1372,0.9823,-14.3066,-28.043,11.5918
144035,0.0231,0.17,1.0065,-12.5254,-19.1875,7.1465
144058,0.0287,0.1802,1.0126,-11.041,-13.3809,4.3594
144081,0.0392,0.1891,0.9863,-8.7168,-5.8398,0.9922
144104,0.0289,0.1752,0.9868,-7.2266,-1.998,-1.0371
144127,0.0404,0.1827,0.9797,-5.1562,1.6973,-1.6699
144150,0.0381,0.1628,0.9875,-3.293,3.0391,-1.543
144173,0.0591,0.165,0.9862,-2.1816,2.8887,-0.9395
144196,0.0814,0.1738,0.9907,-0.7832,1.668,0.3594
144219,0.0343,0.1938,1.001,-0.0859,0.5254,1.2598
144242,0.047,0.1937,0.9976,0.541,-1.127,2.3516
144265,0.0211,0.2017,0.9896,0.7363,-2.3887,2.9824
144288,0.0316,0.2538,1.0033,0.7559,-3.0117,3.1602
144311,0.0287,0.2692,0.9956,0.9316,-3.6973,3.1602
144334,0.0421,0.2825,0.9711,1.3809,-4.0449,3.0879
144357,0.0349,0.2476,0.9658,2.9805,-4.5703,3.1758
144380,0.0056,0.2732,1.0007,6.0625,-5.2852,3.877
144403,0.0234,0.2429,0.99,8.9746,-5.8652,4.7715
144426,0.1521,0.2272,0.927,14.2168,-6.7988,6.5801
144449,0.1597,0.1915,0.8542,17.8008,-7.4648,7.8691
144472,0.0596,0.2545,0.9727,22.4121,-8.5117,9.5898
144495,0.0338,0.2725,0.9755,24.6816,-9.1504,10.9355
144518,-0.0011,0.2032,0.8687,26.7852,-9.9043,11.627
144541,0.1244,0.2474,0.9126,27.4043,-10.2031,12.2012
144564,0.1486,0.2432,0.9126,27.1484,-9.9922,12.0664
144587,0.1008,0.3384,1.0713,26.1738,-8.8633,10.8066
144610,0.0394,0.2751,0.9067,25.3457,-7.4863,9.2891
144633,0.0902,0.2825,0.9379,23.8965,-4.4805,6.3125
144656,0.1001,0.277,0.9314,21.9824,-0.7676,3.0352
144679,0.1177,0.283,0.9386,20.3301,1.6387,0.998
144702,0.0542,0.2906,0.9365,17.2188,4.4766,-1.4082
144725,0.0448,0.3105,0.9493,14.7656,5.6309,-2.4082
144748,0.1241,0.3021,0.939,10.7031,6.207,-2.9551
144771,0.1012,0.2655,0.9193,6.5176,5.5547,-2.6523
144794,0.1515,0.2617,0.9266,3.8594,4.6328,-2.1855
144817,0.1973,0.2471,0.9421,0.2852,2.9629,-1.3145
144840,0.1061,0.3224,0.9437,-1.7813,1.9121,-0.6367
144863,-0.0005,0.3075,0.9386,-4.4297,0.7363,0.7148
144886,0.0551,0.3004,0.941,-5.9121,0.3418,2.6973
144909,0.1609,0.2825,0.9448,-7.7305,0.3965,4.2969
144932,0.1006,0.304,0.926,-9.0937,1.1191,6.7168
144955,0.0333,0.3142,0.9344,-9.7578,1.8672,8.1445
144978,0.0415,0.3148,0.9454,-10.3945,3.1816,9.832
145001,0.0844,0.3024,0.9261,-10.584,4.0703,10.5977
145024,0.0483,0.3264,0.9246,-10.5469,5.2207,11.1113
145047,0.0533,0.3209,0.9323,-10.1836,5.9746,10.8027
145070,0.0665,0.3022,0.922,-9.8047,6.2324,10.1426
145093,-0.0027,0.3187,0.9176,-9.1133,6.332,8.5234
145116,0.1393,0.2822,0.9236,-8.6328,6.3242,7.0762
145139,0.0217,0.3225,0.9235,-8.0781,6.2305,4.5469
145162,0.0684,0.3212,0.9313,-8.0098,5.6035,2.1113
145185,0.0797,0.2963,0.9332,-8.3574,4.6035,0.8711
145208,0.1633,0.2909,0.9366,-9.5078,2.0195,-0.082
145231,0.0829,0.2908,0.9535,-10.6152,-0.3164,-0.084
145254,0.0345,0.3267,1.0055,-12.5059,-4.0781,0.6836
145277,0.0458,0.3125,0.9818,-13.7363,-7.084,1.8594
145300,0.1334,0.3135,1.0386,-15.3535,-8.082,2.4473
145323,0.079,0.2919,1.0161,-16.7109,-7.5195,2.4219
145346,-0.0645,0.1986,0.8586,-17.6211,-5.6738,1.666
145369,-0.0266,0.2095,0.8348,-19.416,-0.627,-0.4004
145392,0.0283,0.2661,1.0374,-21.0195,4.1699,-2.2168
145415,0.0231,0.2756,1.0945,-23.6035,12.8652,-5.2422
145438,0.0405,0.2462,0.9844,-25.5215,21.8809,-7.9629
145461,0.002,0.1985,0.8699,-26.123,26.9551,-9.1074
145484,0.0339,0.2451,0.8643,-25.8594,31.6211,-9.0645
145507,0.0531,0.2491,1.0187,-24.709,32.2754,-7.5508
145530,0.0345,0.2966,0.9012,-20.7148,29.4727,-2.9121
145553,-0.0488,0.257,0.9181,-13.3184,22.4727,4.1738
145576,-0.0743,0.248,0.9984,-6.627,15.8477,9.791
145599,0.0504,0.2723,0.9481,5.1914,4.0273,18.373
145622,0.2355,0.2822,0.9379,13.4844,-4.209,23.2559
145645,0.2751,0.2526,0.9136,25.043,-15.4707,27.8477
145668,0.0282,0.2522,0.9491,34.4082,-23.8184,28.6602
145691,-0.0039,0.2512,0.9561,38.1523,-27.0781,27.5781
145714,0.1674,0.2616,0.9186,41.2637,-28.0527,24.6602
145737,0.2637,0.2767,0.8906,41.4277,-26.3184,22.3398
145760,0.1027,0.2905,0.894,39.3066,-21.2051,18.9336
145783,-0.1394,0.277,1.02,36.7441,-16.8789,17.1543
145806,0.0302,0.3164,0.9017,31.9434,-10.1562,15.8711
145829,0.1614,0.3022,0.9181,26.5156,-4.3691,16.0703
145852,0.0997,0.3302,0.9042,22.6172,-1.6953,16.4922
145875,0.2357,0.317,0.9562,16.375,-0.0156,16.7559
145898,0.0862,0.2819,0.906,11.9941,-0.457,16.4414
145921,0.1006,0.3087,0.9119,5.1816,-3.0098,15.2969
145944,0.1132,0.3285,0.9098,-1.8047,-6.8867,13.6484
145967,0.0969,0.3358,0.9177,-6.4512,-9.625,12.3672
145990,0.1703,0.3622,0.927,-13.1543,-13.0508,10.166
146013,0.1218,0.3136,0.9232,-17.2559,-14.4824,8.459
146036,0.1591,0.322,0.927,-22.4805,-15.1133,5.5508
146059,0.1227,0.3042,0.9257,-26.1719,-14.1152,2.4102
146082,0.1003,0.337,0.9121,-27.6309,-12.7676,0.3223
146105,0.1121,0.3477,0.925,-28.2754,-10.0254,-2.668
146128,0.165,0.3313,0.9266,-27.752,-7.8809,-4.5566
146151,0.0911,0.307,0.9216,-25.8066,-4.5234,-7.209
146174,0.124,0.3173,0.9418,-23.9395,-2.3828,-8.7852
146197,0.1038,0.3203,0.9153,-20.6309,0.3594,-10.7168
146220,0.1361,0.2921,0.9244,-17.0938,2.2246,-12.0371
146243,0.2103,0.3153,0.9373,-14.8184,2.8086,-12.5508
146266,0.1785,0.3328,0.9928,-11.8203,2.5879,-12.707
146289,0.1069,0.3336,0.9697,-10.2012,1.832,-12.3262
146312,0.0728,0.3308,0.9365,-8.3828,0.3105,-10.9199
146335,0.0781,0.3124,0.9139,-7.1465,-0.8145,-8.7012
146358,0.0818,0.3241,0.8562,-6.4727,-0.9648,-7.0937
146381,0.0009,0.354,0.8954,-5.209,0.0254,-5.1445
146404,-0.041,0.3955,1.0258,-3.7637,1.6387,-4.4277
146427,0.0651,0.324,0.9124,0.0273,5.4551,-4.3633
146450,0.1437,0.3508,0.976,5.8711,9.9355,-5.2969
146473,0.0978,0.4052,0.9908,10.4727,12.5039,-6.207
146496,0.0508,0.4124,0.9722,17.1992,14.9434,-7.3203
146519,0.0327,0.3605,0.967,20.7305,15.4395,-7.3926
146542,0.0935,0.3849,0.9369,23.4199,14.2598,-5.7812
146565,0.1344,0.3702,0.9285,23.1934,11.9062,-1.8633
146588,0.1177,0.2844,1.1493,20.3945,5.457,2.2812
146611,0.0768,0.3109,1.2855,16.0977,-3.9043,9.8398
146634,0.0917,0.4246,0.9415,12.6367,-10.459,15.3477
146657,0.1442,0.3396,0.8011,5.2871,-18.3828,22.8867
146680,0.2234,0.2648,0.9448,-1.8242,-21.4727,26.4219
146703,0.1743,0.298,1.0984,-15.6152,-22.1836,28.1816
146726,0.191,0.3495,1.1439,-30.9844,-18.5703,25.6465
146749,0.182,0.2803,1.0702,-40.623,-14.5801,22.2949
146772,0.1357,0.1779,0.9352,-52.5781,-7.791,16.3652
146795,0.1715,0.1035,1.0223,-58.4316,-3.3535,12.6797
146818,0.2572,0.213,1.0375,-63.6133,2.8066,8.5059
146841,0.2759,0.2069,0.9812,-64.0,7.9492,6.3477
146864,0.1724,0.1855,0.9589,-61.9336,10.5625,6.084
146887,0.0024,0.1521,1.0557,-55.2637,13.3418,7.6367
146910,0.0769,0.1257,1.0752,-49.0957,14.916,10.0508
146933,0.2008,0.1448,0.9554,-38.584,17.8359,15.252
146956,0.2777,0.1471,1.0153,-31.6777,20.252,21.0938
146979,0.1749,0.056,1.0383,-22.8887,23.834,24.8008
147002,0.1603,0.0173,1.0,-16.9531,25.9492,29.9395
147025,0.2205,0.0862,1.0028,-14.7207,25.9102,33.1367
147048,0.1501,0.0044,0.8896,-13.6328,23.6289,37.4941
147071,0.1526,0.0773,1.0104,-14.0293,21.1563,39.9648
147094,0.1588,0.1324,1.0518,-15.3906,17.1953,42.875
147117,0.2234,0.0291,1.0046,-16.7754,13.9023,45.0449
147140,0.2035,-0.0156,0.976,-17.5645,12.291,46.3477
147163,0.1761,0.0165,1.0068,-18.6953,10.7773,48.4355
147186,0.1245,0.0223,1.0143,-19.4707,10.3652,50.0137
147209,0.1575,-0.0221,1.0048,-20.7227,10.543,52.7402
147232,0.2075,-0.0215,1.0012,-22.2539,11.4609,55.8887
147255,0.1775,-0.0535,0.9495,-23.5547,12.4297,58.1445
147278,0.0769,-0.0112,0.9731,-26.0566,14.3203,61.8008
147301,0.0745,-0.007,1.0145,-28.0215,15.7324,63.998
147324,0.1362,-0.0435,0.9637,-31.0547,17.7344,63.998
147347,0.1292,-0.0844,0.9501,-32.9531,19.293,63.998
147370,0.084,-0.0875,0.9354,-35.3945,19.7441,63.998
147393,0.027,-0.0759,0.953,-37.0313,19.9141,63.998
147416,0.0374,-0.0754,0.9321,-37.457,19.7148,63.998
147439,0.0693,-0.1066,0.8933,-36.8398,19.2051,63.998
147462,-0.0613,-0.1699,0.8457,-35.5098,18.8047,63.998
147485,-0.0612,-0.1001,0.9614,-32.0156,18.1289,63.998
147508,0.045,-0.0225,0.9867,-26.5,17.2949,63.998
147531,-0.0616,-0.1129,0.8778,-21.7578,16.5508,63.998
147554,0.0005,-0.0973,0.9373,-13.7109,15.0312,63.998
147577,-0.0225,-0.0492,0.9944,-8.2324,13.6875,63.998
147600,0.1227,0.0741,1.0433,-0.5645,11.125,63.998
147623,0.0388,0.0737,1.0494,5.8437,8.0078,63.998
147646,-0.0007,-0.0083,1.0354,9.1699,5.7793,63.998
147669,0.0016,0.0529,1.0935,12.6133,2.6738,63.998
147692,-0.0309,0.001,1.0394,13.9727,1.0508,63.998
147715,0.0703,0.0413,1.0659,14.8379,-0.3848,63.998
147738,0.0366,0.0442,1.0328,14.7441,-0.5605,61.9902
147761,0.0244,0.0706,1.087,13.7246,-0.1035,58.2168
147784,0.0254,0.1479,1.0798,11.7168,1.0547,53.1602
147807,0.0444,0.1774,1.0385,9.7598,1.8711,50.5117
147830,0.0814,0.0476,0.9575,5.4219,2.7539,47.9063
147853,-0.0524,-0.0372,0.9506,1.2715,2.9824,47.0879
147876,0.0171,-0.0912,1.0712,-6.8281,2.709,47.0566
147899,0.1342,-0.2054,0.8953,-16.3789,1.6367,47.7227
147922,0.0453,-0.1716,1.0096,-23.0488,0.4395,47.8965
147945,0.0632,-0.1061,1.1119,-32.6406,-2.1211,46.8926
147968,0.064,-0.0807,1.1249,-38.1777,-4.2812,45.0898
147991,0.1411,-0.1702,0.8228,-44.4648,-7.7305,40.4336
148014,0.1439,-0.1461,1.0371,-47.8594,-10.7344,33.4473
148037,0.0839,-0.0679,1.0261,-48.082,-12.3691,27.7637
148060,0.0853,-0.0419,1.0496,-44.5469,-14.3711,18.5801
148083,0.1398,-0.1011,1.0157,-39.4473,-15.5254,12.6172
148106,0.1769,-0.1536,1.033,-28.3047,-17.248,4.834
148129,0.2159,-0.1625,1.01,-14.6895,-19.2539,-0.8203
148152,0.1809,-0.1207,1.0016,-5.3828,-20.7871,-3.2871
148175,0.1456,-0.0228,0.9969,7.416,-23.0547,-5.334
148198,0.1417,0.0238,0.9716,14.5742,-24.2051,-5.9668
148221,0.1354,-0.016,0.9474,22.7148,-24.9238,-6.4902
148244,0.1561,-0.026,0.9363,26.3164,-24.6914,-6.8223
148267,0.1652,-0.0369,0.9293,29.1016,-23.6113,-7.5176
148290,0.1959,-0.1716,0.9415,29.2051,-22.4375,-8.4687
148313,0.165,-0.1312,0.9796,28.1465,-22.0918,-9.1953
148336,0.2162,-0.0811,0.96,25.4336,-22.7129,-10.3848
148359,0.2139,0.0034,0.9268,23.0918,-23.9727,-11.2852
148382,0.2401,0.0171,0.9337,18.9258,-26.9434,-12.9375
148405,0.2808,0.0316,0.8759,14.043,-30.707,-15.0703
148428,0.2582,0.1348,0.8843,10.4531,-33.2754,-16.7949
148451,0.1595,0.1328,0.7701,4.7637,-36.5137,-19.7676
148474,0.1857,0.0841,0.9752,0.9707,-37.9219,-21.8672
148497,0.1448,0.0013,0.8584,-4.1328,-38.7324,-25.0801
148520,0.2039,-0.0365,0.8048,-8.0684,-38.1445,-28.793
148543,0.4164,0.1536,0.9379,-10.0312,-36.9902,-32.1289
148566,0.1384,0.085,0.7258,-11.9863,-34.1152,-39.4707
148589,0.0264,-0.0256,0.5791,-12.7305,-31.4414,-46.1777
148612,0.1564,0.0455,0.8348,-13.0625,-25.9785,-58.8184
148635,0.5229,0.2601,1.0894,-12.2441,-21.1621,-64.0
148658,0.2014,-0.0052,0.8068,-7.959,-12.7266,-64.0
148681,-0.0531,-0.1147,0.6166,0.4062,-3.8945,-64.0
148704,0.1893,0.2766,0.9695,7.7988,2.0488,-64.0
148727,0.4564,0.5404,1.1829,21.418,10.8066,-64.0
148750,0.2092,0.3009,0.8649,32.1504,16.0273,-64.0
148773,-0.0117,0.073,0.6825,49.4609,21.9668,-64.0
148796,0.2557,0.5051,1.1855,63.998,25.6094,-64.0
148819,0.2732,0.5745,1.0918,63.998,26.9902,-64.0
148842,0.0876,0.3413,0.845,63.998,27.4473,-64.0
148865,0.0941,0.3929,0.8386,63.998,26.6367,-64.0
148888,0.1569,0.7141,1.3113,63.998,24.123,-64.0
148911,0.0937,0.6769,1.059,63.998,20.6973,-64.0
148934,0.0381,0.5605,0.9032,63.998,18.1992,-64.0
148957,0.0488,0.5861,0.9325,63.998,14.3906,-49.4902
148980,0.0327,0.5946,0.957,63.998,11.9121,-37.8457
149003,0.0314,0.5961,0.9314,63.998,8.457,-22.3418
149026,0.0955,0.5833,0.9089,58.7363,6.3555,-9.8379
149049,0.0471,0.5499,0.8727,45.6875,3.3437,-3.3047
149072,-0.015,0.5652,0.9045,32.5918,0.2109,3.9844
149095,0.1215,0.7618,1.1821,24.4668,-1.9941,7.3574
149118,-0.0261,0.4896,0.762,13.6641,-5.3535,10.498
149141,0.0551,0.5286,0.8629,7.0488,-7.4082,11.5996
149164,0.0131,0.4529,0.8063,-2.7793,-9.7148,12.334
149187,0.0083,0.4497,0.7458,-12.8125,-10.4395,12.457
149210,-0.0155,0.4111,0.7412,-19.4785,-9.7305,12.3965
149233,0.0073,0.3954,0.7832,-29.2168,-6.7109,12.4805
149256,-0.0149,0.5568,1.2537,-35.6211,-3.5332,12.9687
149279,0.2566,0.3893,1.0236,-45.5059,2.0898,14.9375
149302,-0.1709,0.0266,0.739,-55.0352,7.2305,18.4297
149325,-0.0527,0.3605,1.0477,-60.0137,9.9453,21.0566
149348,0.0417,0.1439,0.9276,-64.0,12.6074,24.3789
149371,-0.1003,0.1301,0.9182,-64.0,13.5195,25.6113
149394,0.0162,0.2373,0.9824,-63.5586,14.8379,25.3027
149417,0.0189,0.426,0.9677,-62.0781,18.8633,21.9629
149440,-0.0084,0.375,0.9349,-60.6367,23.5176,17.8711
149463,-0.2859,0.2101,0.8881,-61.0234,35.2363,8.9707
149486,-0.0365,0.4314,1.0382,-62.1875,45.4395,1.5078
149509,-0.2109,0.1666,1.0363,-64.0,62.125,-11.082
149532,-0.2712,0.1195,1.0073,-64.0,63.998,-19.5176
149555,-0.1836,0.267,0.9949,-64.0,63.998,-30.2871
149578,-0.1567,0.1426,0.9799,-64.0,63.998,-36.8203
149601,-0.1588,0.1492,0.9862,-63.4316,63.998,-38.1855
149624,-0.1361,0.1351,0.9744,-56.5645,54.5137,-35.7324
149647,-0.0548,0.0093,0.9869,-50.4746,37.4512,-31.5449
149670,0.0188,0.1368,1.053,-40.209,8.5312,-22.7676
149693,-0.0648,0.161,1.0308,-30.2539,-20.0918,-12.8145
149716,0.0995,0.1294,0.9991,-24.5488,-36.75,-6.3359
149739,-0.0343,0.0867,0.9686,-17.9863,-56.4551,2.7129
149762,-0.0718,0.0371,1.0209,-15.0488,-64.0,8.4395
149785,0.0623,0.1901,1.0145,-12.7656,-64.0,16.834
149808,-0.0649,0.1484,1.0199,-12.5449,-64.0,24.8809
149831,0.0995,0.1117,1.0101,-13.6895,-64.0,29.7637
149854,0.1244,0.0833,1.0219,-15.7109,-64.0,35.5078
149877,0.2146,0.0818,1.0094,-17.0098,-61.8828,37.752
149900,0.05,0.0997,1.0168,-18.1816,-49.5605,38.3145
149923,-0.0114,0.0917,1.0193,-18.1719,-40.4668,37.0313
149946,0.0378,0.0732,1.0234,-16.7598,-26.5098,33.3496
149969,0.0399,0.0739,1.0178,-13.7832,-13.0078,28.1777
149992,0.0366,0.0907,1.0182,-11.1465,-4.6465,24.0957
150015,-0.0007,0.1187,1.0029,-6.7031,6.3906,17.3438
150038,0.0629,0.0992,1.0157,-3.7285,12.4473,12.6973
150061,0.1571,0.1166,0.9995,0.252,19.2656,6.0508
150084,-0.0933,0.1237,1.0116,3.1816,23.0742,0.6797
150107,-0.0286,0.119,1.0068,4.3984,23.9219,-1.5664
150130,-0.0815,0.1169,1.0184,5.1172,23.0645,-2.4023
150153,0.0117,0.1036,1.0078,4.9531,21.502,-1.4395
150176,0.1115,0.0812,1.0234,4.0195,18.5352,1.2969
150199,-0.0005,0.1152,0.9966,2.6172,15.5039,4.3027
150222,-0.1265,0.1427,1.0021,1.6094,13.584,6.0996
150245,-0.0541,0.1263,1.0077,0.1719,10.9805,8.3965
150268,0.0006,0.0999,1.0122,-0.6328,9.5234,9.5469
150291,0.0378,0.1106,1.0094,-1.5234,7.8887,10.3691
150314,-0.0355,0.1254,1.0033,-1.8984,7.1836,10.2266
150337,-0.0873,0.1329,1.0063,-2.1992,6.5254,9.2832
150360,-0.0024,0.1204,1.0135,-2.2969,6.1035,8.0937
150383,0.1089,0.1018,1.0073,-2.3066,5.8496,7.3633
150406,-0.1528,0.1349,1.0104,-2.3105,5.3262,6.5352
150429,-0.0349,0.126,1.0028,-2.3281,4.8516,6.3066
150452,-0.0071,0.1259,1.0094,-2.377,4.0684,6.4277
150475,-0.0483,0.1125,1.0029,-2.4414,3.3184,6.7187
150498,-0.0277,0.1235,1.0089,-2.4922,2.8672,6.8047
150521,-0.0209,0.1317,1.0094,-2.5801,2.2676,6.5957
150544,-0.0206,0.1178,1.0056,-2.6523,1.916,6.1934
150567,-0.0197,0.1215,1.0114,-2.7773,1.4512,5.2461
150590,-0.0253,0.1221,1.0067,-2.9004,1.0625,4.0645
150613,-0.0265,0.1238,1.0084,-2.9727,0.832,3.2617
150636,-0.0356,0.1139,1.0067,-3.0566,0.5059,2.1992
150659,-0.0326,0.1174,1.0088,-3.0918,0.2852,1.6504
150682,-0.0215,0.1212,1.0093,-3.1211,-0.0566,1.0996
150705,-0.0188,0.1261,1.0062,-3.1328,-0.2832,0.8887
150728,-0.0226,0.1238,1.0096,-3.1582,-0.6035,0.7324
150751,-0.0276,0.1226,1.0085,-3.2012,-0.8672,0.6875
150774,-0.0262,0.1185,1.011,-3.2402,-0.9941,0.6816
150797,-0.0223,0.1218,1.0077,-3.3066,-1.0996,0.6582
150820,-0.0206,0.1171,1.012,-3.3516,-1.1113,0.6016
150843,0.0326,0.1091,1.0109,-3.4004,-1.0215,0.4219
150866,-0.0948,0.1381,1.0068,-3.418,-0.8164,0.1875
150889,-0.0286,0.1324,1.0043,-3.4141,-0.6211,0.1113
150912,-0.0112,0.1232,1.0121,-3.3848,-0.2344,0.1914
150935,0.0272,0.1193,1.0033,-3.3555,0.0566,0.3477
150958,-0.0885,0.1351,1.0092,-3.3086,0.418,0.7305
150981,-0.0135,0.1342,0.999,-3.2539,0.5801,1.3828
151004,-0.0438,0.1273,1.0078,-3.2129,0.5488,1.9609
151027,-0.0319,0.1238,1.0076,-3.1426,0.2637,2.9121
151050,-0.0167,0.1445,1.0071,-3.0879,-0.0645,3.4863
151073,-0.024,0.1857,0.9907,-2.9746,-0.6875,4.0547
151096,-0.0538,0.2012,0.9855,-2.8574,-1.1211,4.0996
151119,-0.0878,0.193,0.9889,-2.5469,-1.6348,3.7773
151142,-0.0557,0.1663,0.9987,-1.9688,-1.8066,2.6348
151165,-0.0861,0.1534,1.0006,-1.3965,-1.6914,1.293
151188,-0.0363,0.1666,0.9899,-0.2441,-1.2578,-1.8477
151211,-0.1715,0.217,0.9692,0.6914,-1.0,-4.7441
151234,-0.1433,0.1958,0.9525,2.252,-1.0742,-10.1855
151257,-0.0718,0.2085,1.0026,3.8262,-1.9453,-16.875
151280,-0.0457,0.2709,0.9723,4.7578,-2.918,-22.0996
151303,-0.0937,0.2024,0.9503,5.8809,-4.6387,-31.1426
151326,-0.1666,0.1699,0.9661,6.4727,-5.8691,-37.8262
151349,-0.1387,0.0576,1.0076,7.1895,-7.5723,-48.5137
151372,0.0175,0.0455,1.0101,7.7617,-8.459,-60.0078
151395,0.2015,0.0144,1.0511,8.0547,-8.4805,-64.0
151418,0.1226,-0.0212,1.1099,8.1523,-8.1973,-64.0
151441,0.1017,-0.0398,1.0284,7.8008,-8.2168,-64.0
151464,-0.0417,0.118,0.9581,6.3711,-9.0527,-64.0
151487,-0.1134,0.2511,0.9878,4.6797,-10.6035,-64.0
151510,-0.1779,0.1887,1.0052,0.8379,-11.2695,-64.0
151533,-0.2476,0.1483,0.9886,-4.4687,-9.6973,-64.0
151556,-0.1643,0.1339,1.0236,-8.498,-6.248,-64.0
151579,-0.1476,0.1119,1.0171,-14.4863,2.1387,-50.4375
151602,-0.1487,0.1554,0.9781,-17.8984,8.8301,-34.834
151625,-0.1571,0.1123,0.9927,-21.2852,18.2188,-12.8262
151648,-0.1991,0.089,0.9919,-22.0488,24.7461,4.7793
151671,-0.1594,0.1118,0.9595,-21.1152,27.043,13.2168
151694,-0.0493,0.1433,0.8724,-18.082,27.6875,20.6973
151717,-0.1134,0.0856,0.7972,-15.5586,27.0625,22.5703
151740,-0.5375,0.0482,1.0223,-12.7383,27.2324,21.9258
151763,-0.713,-0.0928,1.1803,-13.9727,31.8789,18.9746
151786,-0.5461,-0.1337,0.8649,-18.1426,38.2109,16.791
151809,-0.446,-0.0714,0.9612,-28.5371,49.8379,14.7656
151832,-0.3356,0.0245,0.957,-36.6426,55.4492,14.8125
151855,-0.2837,0.1381,0.9624,-47.4395,54.9434,16.9277
151878,-0.2358,0.0621,0.9904,-52.2832,40.6914,20.4883
151901,-0.2141,0.0297,1.0035,-54.7324,24.4277,23.0
151924,-0.228,-0.0275,1.0154,-51.4355,-5.4375,26.2246
151947,-0.241,0.0085,1.01,-46.6816,-25.6094,27.7598
151970,-0.2156,0.0181,1.0044,-37.2285,-51.4102,28.9609
151993,-0.1759,0.0487,1.0039,-30.3301,-64.0,29.0137
152016,-0.1277,0.1405,1.0015,-20.4961,-64.0,27.9961
152039,-0.1766,-0.0017,1.0179,-12.4199,-64.0,25.6641
152062,-0.2054,0.0194,1.0093,-8.3457,-64.0,23.5059
152085,-0.2043,0.0157,1.0131,-4.3027,-61.1934,19.8223
152108,-0.1757,0.0149,1.0232,-2.8867,-49.9375,17.4336
152131,-0.1797,0.0156,1.012,-2.3203,-30.4102,14.4434
152154,-0.2019,0.0111,1.0133,-3.0039,-11.1289,12.2168
152177,-0.2009,0.0177,1.0099,-3.7988,-0.0703,10.998
152200,-0.2081,0.0211,1.0092,-5.0449,12.2363,9.2793
152223,-0.1901,0.0156,1.0137,-5.7266,17.1855,8.082
152246,-0.1938,0.0173,1.0125,-6.3418,19.8398,6.1484
152269,-0.1978,0.0166,1.0132,-6.4531,17.7969,4.125
152292,-0.1991,0.0166,1.0117,-6.2246,14.6836,2.8145
152315,-0.2026,0.0162,1.0123,-5.6602,8.7852,1.0449
152338,-0.1948,0.0154,1.0133,-5.1895,4.7539,0.0586
152361,-0.198,0.0144,1.0122,-4.4707,-0.5293,-1.0527
152384,-0.1965,0.0168,1.0104,-4.0449,-3.2109,-1.5293
152407,-0.1993,0.0154,1.012,-3.5527,-5.7461,-1.8711
152430,-0.1943,0.0153,1.0133,-3.2656,-6.5918,-1.8359
152453,-0.1921,0.0173,1.014,-3.1836,-6.4023,-1.6621
152476,-0.1963,0.0171,1.0117,-3.2012,-5.3652,-1.2637
152499,-0.1957,0.0164,1.0116,-3.2812,-4.3809,-0.9629
152522,-0.1989,0.0156,1.0122,-3.459,-2.7695,-0.5391
152545,-0.201,0.0154,1.0122,-3.6543,-1.2832,-0.2363
152568,-0.1968,0.0168,1.0121,-3.7676,-0.4902,-0.1406
152591,-0.1938,0.0162,1.012,-3.8848,0.2969,-0.1641
152614,-0.1925,0.016,1.0129,-3.9219,0.5371,-0.2812
152637,-0.2069,0.0138,1.0095,-3.9121,0.5469,-0.5703
152660,-0.2037,-0.0024,1.0134,-3.8437,0.3516,-0.9297
152683,-0.2017,0.0061,1.0111,-3.7754,0.2187,-1.168
152706,-0.2183,0.0411,1.0072,-3.6777,0.0898,-1.4668
152729,-0.1906,0.016,1.0118,-3.6289,0.0488,-1.5996
152752,-0.1909,0.0189,1.0112,-3.6035,-0.0625,-1.668
152775,-0.2053,0.0118,1.0118,-3.6191,-0.2402,-1.6172
152798,-0.2,0.0172,1.0123,-3.6797,-0.6309,-1.4102
152821,-0.2003,0.0182,1.0112,-3.7656,-1.0566,-1.0898
152844,-0.1981,0.0167,1.0126,-3.8281,-1.3086,-0.8496
152867,-0.2007,0.0167,1.012,-3.9102,-1.5977,-0.5039
152890,-0.1979,0.016,1.0122,-3.9531,-1.7168,-0.3125
152913,-0.1971,0.0157,1.0123,-3.9902,-1.8047,-0.127
152936,-0.1919,0.0155,1.014,-3.9922,-1.832,-0.0898
152959,-0.2015,0.0159,1.0116,-3.9746,-1.8359,-0.1484
152982,-0.1912,0.0151,1.0134,-3.9277,-1.8184,-0.3477
153005,-0.2091,0.0157,1.0123,-3.8828,-1.7734,-0.5391
153028,-0.2097,0.0153,1.0106,-3.8047,-1.5938,-0.8672
153051,-0.2012,0.0142,1.0127,-3.7246,-1.2695,-1.1758
153074,-0.2013,0.0176,1.0115,-3.6777,-1.0488,-1.3379
153097,-0.2009,0.0156,1.0116,-3.6289,-0.8789,-1.4746
153120,-0.1863,0.0157,1.0142,-3.6152,-0.959,-1.4824
153143,-0.1934,0.0045,1.0161,-3.6211,-1.4629,-1.3711
153166,-0.1917,0.0059,1.0173,-3.6426,-2.0469,-1.2266
153189,-0.188,0.0201,1.0149,-3.6992,-3.2129,-0.9199
153212,-0.1594,0.0261,1.015,-3.7871,-4.668,-0.5273
153235,-0.1753,0.012,1.0184,-3.8672,-5.752,-0.2266
153258,-0.1843,0.0215,1.0156,-4.0117,-7.2754,0.2617
153281,-0.1855,0.0073,1.0148,-4.1191,-7.9941,0.6035
153304,-0.1987,-0.0026,1.0168,-4.2949,-8.2832,1.1582
153327,-0.1962,0.0306,1.0184,-4.498,-7.3672,1.9043
153350,-0.1825,-0.0044,1.019,-4.6719,-6.1055,2.6348
153373,-0.1844,0.0184,1.015,-5.0391,-3.5937,4.2227
153396,-0.1835,0.0157,1.0153,-5.3613,-1.8496,5.5957
153419,-0.1838,0.0142,1.0188,-5.9453,0.3164,7.9707
153442,-0.1731,0.0106,1.0167,-6.5937,1.5059,10.4941
153465,-0.1688,0.0156,1.0214,-7.0312,1.6426,12.1406
153488,-0.1674,0.035,1.0182,-7.6445,0.9941,14.4277
153511,-0.1632,0.02,1.0188,-8.0,0.1953,15.7617
153534,-0.1636,0.0083,1.0204,-8.4043,-1.1445,17.3379
153557,-0.1647,0.0223,1.017,-8.5605,-1.9238,18.2188
153580,-0.1544,0.0239,1.0178,-8.5996,-2.7363,18.334
153603,-0.1581,0.0146,1.0188,-8.3867,-3.1211,17.7129
153626,-0.1664,0.0173,1.0193,-8.1113,-3.1484,16.7773
153649,-0.176,0.0121,1.0164,-7.5352,-2.8105,14.6953
153672,-0.1754,0.0128,1.0201,-7.0703,-2.332,12.9512
153695,-0.1675,0.012,1.0146,-6.3105,-1.3555,10.0117
153718,-0.1686,0.0115,1.016,-5.5449,-0.332,6.9902
153741,-0.176,0.0115,1.0164,-5.0742,0.2383,5.0937
153764,-0.1774,0.014,1.0177,-4.4727,0.8262,2.6328
153787,-0.1722,0.012,1.0179,-4.1582,1.0313,1.3242
153810,-0.1702,0.0105,1.0183,-3.832,1.0605,-0.084
153833,-0.174,0.0139,1.0183,-3.6641,0.7969,-0.8555
153856,-0.1748,0.0135,1.0179,-3.627,0.5137,-1.0664
153879,-0.1738,0.0115,1.0159,-3.6504,0.0312,-1.0352
153902,-0.1737,0.0133,1.0177,-3.7012,-0.2832,-0.8594
153925,-0.1733,0.0131,1.0144,-3.7988,-0.6895,-0.4883
153948,-0.1726,0.0117,1.0171,-3.8633,-0.9004,-0.1113
153971,-0.1733,0.0121,1.0154,-3.9434,-1.123,0.0957
153994,-0.1733,0.0139,1.0156,-3.9922,-1.2461,0.2988
154017,-0.1735,0.0118,1.0171,-4.0059,-1.2793,0.3555
154040,-0.1753,0.0114,1.0148,-4.002,-1.2734,0.3398
154063,-0.1737,0.0142,1.0175,-3.9863,-1.2422,0.2773
154086,-0.1711,0.0103,1.0165,-3.9512,-1.1758,0.1367
154109,-0.1724,0.0123,1.0168,-3.9102,-1.1113,-0.0234
154132,-0.174,0.0143,1.0172,-3.8867,-1.0801,-0.123
154155,-0.1744,0.0127,1.0183,-3.8594,-1.0547,-0.2441
154178,-0.1743,0.012,1.0187,-3.8457,-1.0449,-0.3027
154201,-0.174,0.0138,1.016,-3.8379,-1.0391,-0.3535
154224,-0.1732,0.0128,1.0164,-3.8359,-1.043,-0.3672
154247,-0.1724,0.0125,1.0197,-3.8359,-1.0488,-0.3574
154270,-0.1741,0.0126,1.0168,-3.8418,-1.0684,-0.3262
154293,-0.174,0.0128,1.0182,-3.8457,-1.0801,-0.2988
154316,-0.1738,0.012,1.0177,-3.8555,-1.0879,-0.252
154339,-0.1736,0.0118,1.016,-3.8633,-1.084,-0.2109
154362,-0.1735,0.0127,1.0166,-3.875,-1.0781,-0.1895
154385,-0.1727,0.0118,1.0161,-3.8848,-1.0703,-0.1699
154408,-0.1742,0.0114,1.0172,-3.8906,-1.0684,-0.1641
154431,-0.1753,0.0135,1.0181,-3.8984,-1.0684,-0.1621
154454,-0.1738,0.0129,1.0176,-3.9004,-1.0684,-0.166
154477,-0.1733,0.0118,1.0173,-3.9004,-1.0625,-0.1738
154500,-0.1735,0.0134,1.0171,-3.9004,-1.0605,-0.1816
154523,-0.1736,0.0125,1.0184,-3.8984,-1.0625,-0.1875
154546,-0.1746,0.0126,1.017,-3.8965,-1.0703,-0.1973
154569,-0.1754,0.0125,1.0165,-3.8965,-1.0781,-0.2051
154592,-0.1737,0.0123,1.0188,-3.8965,-1.0859,-0.2148
154615,-0.1727,0.012,1.0177,-3.8926,-1.0957,-0.2266
154638,-0.1741,0.0138,1.0161,-3.8887,-1.1055,-0.2344
154661,-0.1747,0.0127,1.0182,-3.8809,-1.123,-0.2441
154684,-0.1754,0.0122,1.0181,-3.873,-1.1328,-0.25
154707,-0.1747,0.0133,1.0179,-3.8613,-1.1387,-0.2559
154730,-0.1746,0.0128,1.0168,-3.8555,-1.1328,-0.2617
154753,-0.1741,0.0117,1.0172,-3.8496,-1.127,-0.2617
154776,-0.1742,0.0128,1.0171,-3.8457,-1.123,-0.2598
154799,-0.1753,0.0125,1.0159,-3.8457,-1.127,-0.2578
154822,-0.1765,0.0122,1.017,-3.8457,-1.1309,-0.252
154845,-0.1749,0.0133,1.0166,-3.8477,-1.1309,-0.248
154868,-0.1733,0.0131,1.016,-3.8496,-1.125,-0.2422
154891,-0.1732,0.0129,1.015,-3.8535,-1.1191,-0.2324
154914,-0.1735,0.0139,1.0164,-3.8574,-1.1172,-0.2246
154937,-0.1757,0.0135,1.0166,-3.8652,-1.1211,-0.2109
154960,-0.1754,0.0129,1.0175,-3.8711,-1.123,-0.2012
154983,-0.1752,0.0129,1.0172,-3.877,-1.1191,-0.1895
155006,-0.1736,0.0112,1.0173,-3.8809,-1.1074,-0.1816
155029,-0.174,0.0132,1.0171,-3.8828,-1.1016,-0.1797
155052,-0.1738,0.0122,1.016,-3.8848,-1.0977,-0.1797
155075,-0.1757,0.0131,1.0156,-3.8848,-1.0977,-0.1797
155098,-0.1761,0.0123,1.0161,-3.8848,-1.0957,-0.1855
155121,-0.1746,0.0131,1.019,-3.8848,-1.0859,-0.1953
155144,-0.1742,0.0115,1.0162,-3.8867,-1.0742,-0.2031
155167,-0.1729,0.0126,1.0157,-3.8887,-1.0586,-0.2109
155190,-0.1742,0.0132,1.0177,-3.8906,-1.0566,-0.2148
155213,-0.1755,0.0137,1.0166,-3.8945,-1.0625,-0.2148
155236,-0.1746,0.0137,1.0159,-3.8965,-1.0703,-0.2129
155259,-0.1747,0.0127,1.0154,-3.9004,-1.0781,-0.209
155282,-0.1744,0.0125,1.0149,-3.8984,-1.082,-0.2031
155305,-0.1737,0.0123,1.0162,-3.8965,-1.084,-0.2031
155328,-0.1741,0.0121,1.0156,-3.8887,-1.0957,-0.2031
155351,-0.1738,0.0133,1.0171,-3.8809,-1.1055,-0.2051
155374,-0.175,0.0134,1.0165,-3.873,-1.1211,-0.2129
155397,-0.1744,0.0123,1.0154,-3.8652,-1.1289,-0.2227
155420,-0.1743,0.0123,1.0168,-3.8633,-1.1309,-0.2285
155443,-0.1738,0.0118,1.0151,-3.8672,-1.127,-0.2383
155466,-0.1742,0.0123,1.0164,-3.8711,-1.123,-0.2441
155489,-0.1754,0.0123,1.015,-3.877,-1.1172,-0.248
155512,-0.1749,0.0133,1.0173,-3.8828,-1.1055,-0.25
155535,-0.1743,0.0122,1.0159,-3.8867,-1.0957,-0.25
155558,-0.1736,0.012,1.0154,-3.8906,-1.082,-0.2461
155581,-0.1731,0.0121,1.0146,-3.8906,-1.0742,-0.2441
155604,-0.1749,0.012,1.0164,-3.8906,-1.0723,-0.2402
155627,-0.37,-0.1766,1.0825,-3.8906,-1.0781,-0.2227
155650,-0.3352,-0.1063,1.1556,-3.9395,-1.4316,-0.0078
155673,0.1371,-0.0236,0.8268,-4.459,-4.2773,2.2383
155696,0.2048,0.0436,0.8572,-5.2266,-8.9355,6.375
155719,0.042,0.2187,1.1349,-6.6055,-18.9785,17.6289
155742,-0.0183,0.0153,1.1,-7.3203,-24.834,27.373
155765,-0.0623,0.0054,1.048,-7.5762,-27.3496,40.6035
155788,-0.2706,0.0114,1.0359,-6.666,-21.1699,46.9883
155811,-0.0514,-0.0011,1.0233,-5.5937,-14.5605,46.3906
155834,0.0883,0.0381,0.9719,-3.8027,-6.5527,39.6348
155857,-0.1221,-0.0095,1.0676,-2.7402,-4.7695,33.1641
155880,0.0121,-0.0016,1.0231,-1.5898,-7.3437,24.8145
155903,0.0291,-0.0095,1.0347,-1.0684,-13.168,22.6641
155926,0.1025,-0.0461,1.0208,-1.0449,-16.9746,26.1191
155949,0.0436,-0.0189,1.1851,-1.373,-20.0703,38.5215
155972,-0.1401,-0.0055,1.2861,-1.791,-19.1152,50.2168
155995,-0.0133,-0.1523,1.0332,-3.2266,-12.2617,63.998
156018,-0.0944,0.0205,1.2125,-5.5547,-1.0918,63.998
156041,-0.147,0.1453,0.924,-12.6797,7.4922,63.998
156064,-0.129,-0.0635,0.5085,-25.2051,19.6113,63.998
156087,-0.0934,-0.2361,0.6482,-36.1191,25.918,63.998
156110,0.0248,-0.2607,0.9991,-52.6582,30.9668,41.3965
156133,-0.0306,-0.0906,1.0542,-60.2969,30.4492,17.1484
156156,-0.1182,0.0626,1.6851,-61.2363,23.7539,-21.1895
156179,-0.0132,0.0201,0.9635,-46.9063,13.4141,-57.2383
156202,0.0974,0.036,1.077,-30.25,6.5723,-64.0
156225,0.1129,0.1156,1.0414,-0.2539,-2.0234,-64.0
156248,0.113,0.0112,1.0076,19.3652,-6.5449,-64.0
156271,0.1145,0.0034,1.02,42.9805,-12.4121,-64.0
156294,0.0802,0.0958,1.0178,55.9785,-17.3574,-64.0
156317,-0.2977,-0.0118,1.0769,58.1855,-19.2422,-64.0
156340,-0.267,-0.1171,1.1223,52.9883,-18.3906,-64.0
156363,-0.108,-0.1049,1.0095,45.2402,-15.8437,-64.0
156386,0.1621,0.1743,0.9772,30.0977,-12.6191,-64.0
156409,0.3495,0.1134,0.9249,19.334,-14.3652,-40.0742
156432,0.339,-0.0129,0.9307,4.6152,-18.9668,-23.418
156455,0.1567,-0.1775,1.0448,-6.4805,-28.0957,-0.3535
156478,-0.0475,0.0101,1.0868,-11.4062,-32.4902,12.0625
156501,-0.1833,0.0349,1.0261,-15.2656,-31.6563,22.832
156524,-0.2068,-0.0388,1.05,-15.8652,-25.0254,23.4941
156547,-0.1432,-0.0422,1.0583,-14.6602,-7.3926,15.2207
156570,-0.082,-0.0289,0.9917,-11.957,13.7363,-1.0898
156593,-0.0686,-0.031,1.0291,-9.8301,25.5762,-14.3301
156616,-0.1793,0.1533,0.9983,-6.7617,36.2148,-34.4785
156639,-0.0579,0.1796,1.0289,-5.0215,38.5293,-46.4941
156662,-0.1572,0.0559,1.0062,-3.1016,37.0918,-59.8301
156685,-0.3484,-0.1008,1.0962,-2.0469,33.5566,-64.0
156708,-0.4492,-0.0564,1.0011,-1.584,32.0859,-64.0
156731,-0.0382,0.1155,1.0918,-0.2344,33.4648,-58.7363
156754,-0.1067,0.0634,0.9065,1.9258,37.5195,-53.5117
156777,-0.4034,0.2317,0.8293,8.0801,48.5547,-45.8906
156800,-0.6293,0.2166,0.8632,17.498,63.998,-39.6016
156823,-0.7141,0.2743,0.8112,23.8691,63.998,-35.8457
156846,-0.7635,0.051,0.8438,32.0254,63.998,-29.3516
156869,-0.5811,0.5039,0.6373,35.3574,63.998,-23.5293
156892,-0.7181,0.2606,0.6853,36.6973,63.998,-11.2324
156915,-0.9939,0.1022,0.981,35.252,63.998,-0.25
156938,-1.1403,0.2209,1.1259,30.041,63.998,19.3945
156961,-1.0841,0.2931,1.0293,21.8223,63.998,38.6211
156984,-0.994,0.1215,0.8239,14.8203,60.0996,47.9297
157007,-0.6636,0.0577,0.6748,1.791,42.5098,52.1563
157030,-0.5598,0.0442,0.7432,-8.4785,30.9941,46.9473
157053,-0.7251,-0.0396,0.8271,-24.8105,14.6113,27.2031
157076,-0.7231,-0.0758,0.8599,-39.2891,0.7051,-3.1016
157099,-0.6089,-0.0862,0.8539,-46.2852,-6.1895,-26.0059
157122,-0.5823,-0.1619,0.8579,-51.2344,-11.8027,-59.4609
157145,-0.6234,-0.1986,0.8719,-50.6348,-12.0117,-64.0
157168,-0.6676,-0.2416,0.9188,-44.666,-6.8848,-64.0
157191,-0.6804,-0.2283,0.8387,-34.5293,4.0684,-64.0
157214,-0.6936,-0.2955,0.7656,-26.8027,13.7187,-64.0
157237,-0.6583,-0.2583,0.8536,-15.7598,29.4844,-64.0
157260,-0.5071,-0.2799,0.837,-9.5859,39.2949,-64.0
157283,-0.6257,-0.2828,0.8719,-2.957,50.6875,-64.0
157306,-0.6526,-0.2616,0.8171,-0.543,55.2012,-64.0
157329,-0.4911,-0.2797,0.6877,-0.0977,56.5898,-57.6133
157352,-0.4855,-0.3042,0.6245,-3.5039,51.8164,-46.2461
157375,-0.5939,-0.3748,0.7068,-7.7266,46.0586,-40.8945
157398,-0.5212,-0.3,0.8341,-16.0,35.3809,-36.1641
157421,-0.5134,-0.2952,0.8701,-21.918,27.7793,-34.8613
157444,-0.5417,-0.318,0.7686,-30.0527,16.6152,-34.8398
157467,-0.5283,-0.3181,0.64,-36.877,6.3926,-36.0625
157490,-0.4075,-0.3112,0.4973,-41.0391,0.2305,-37.0938
157513,-0.4131,-0.3298,0.4863,-47.4004,-8.1016,-38.5
157536,-0.6864,-0.3033,0.7257,-51.7793,-13.0723,-39.0859
157559,-0.712,-0.3232,0.8094,-57.7031,-19.6582,-38.7852
157582,-0.5485,-0.3463,0.7764,-61.4336,-25.2129,-36.5859
157605,-0.6287,-0.3318,0.8378,-62.2656,-28.3477,-34.1992
157628,-0.5809,-0.3657,0.7542,-61.0547,-32.2734,-29.834
157651,-0.484,-0.3854,0.5165,-59.0156,-34.418,-26.8125
157674,-0.5632,-0.3619,0.4796,-55.3262,-36.8926,-22.7813
157697,-0.6208,-0.3173,0.443,-53.0391,-37.9648,-19.6602
157720,-0.6174,-0.4108,0.3488,-50.127,-38.6152,-18.4473
157743,-0.627,-0.3864,0.3633,-47.3613,-37.998,-17.3633
157766,-0.637,-0.3638,0.4509,-45.0391,-36.8828,-17.1992
157789,-0.6749,-0.3484,0.5,-39.7598,-34.3965,-17.6367
157812,-0.681,-0.4525,0.3604,-34.5703,-32.3691,-18.2949
157835,-0.2998,-0.4955,0.3425,-24.2012,-29.1035,-19.8711
157858,-0.2885,-0.6128,0.63,-11.3125,-25.8984,-22.6152
157881,-0.4386,-0.6082,1.042,-1.5391,-24.0645,-25.1914
157904,-0.3914,-0.5063,1.2295,14.8457,-22.6641,-29.6094
157927,-0.4164,-0.5782,0.782,26.4766,-23.2813,-32.418
157950,-0.5759,-0.7195,0.406,42.5293,-26.6758,-35.7383
157973,-0.479,-0.6943,0.551,53.2188,-31.2539,-37.5762
157996,-0.3851,-0.644,0.7543,56.5449,-33.6641,-38.0547
158019,-0.3376,-0.6512,0.7279,57.3262,-34.9512,-38.166
158042,-0.4231,-0.6162,0.6259,56.6699,-33.8281,-38.0898
158065,-0.5485,-0.6027,0.7683,56.7598,-28.791,-37.7852
158088,-0.5363,-0.5668,1.0205,58.7813,-23.1016,-36.9063
158111,-0.2837,-0.4962,1.0844,63.998,-11.8359,-35.8672
158134,-0.1399,-0.27,1.1656,63.998,0.1016,-33.7813
158157,-0.447,-0.139,1.374,63.998,7.0566,-32.1289
158180,-0.6223,-0.0764,1.3712,63.998,15.8242,-28.7422
158203,-0.5922,-0.0385,1.1001,63.998,21.082,-25.2148
158226,-0.6609,0.0737,1.0148,63.998,28.418,-17.2148
158249,-0.7375,0.1388,1.0914,63.998,34.6152,-6.2832
158272,-0.7365,0.1873,1.1375,63.998,37.5547,1.8965
158295,-0.553,0.1067,0.8987,63.998,39.418,13.6973
158318,-0.538,0.1162,0.9156,63.998,38.8047,19.9883
158341,-0.4645,0.1848,0.8082,63.998,34.9668,25.3613
158364,-0.6241,0.2289,0.4875,63.998,27.7402,25.2168
158387,-1.0789,0.4192,1.8734,63.998,21.8613,22.4609
158410,-0.2002,0.1156,0.3687,60.875,12.5703,15.9824
158433,-0.4722,0.0586,1.1038,49.582,5.8262,11.0801
158456,-0.1559,-0.0291,0.8445,35.9258,-6.416,4.248
158479,-0.2511,-0.0753,0.933,28.998,-21.8535,-1.127
158502,-0.3459,-0.0072,0.9869,20.7383,-31.9629,-4.1816
158525,-0.4915,0.1359,0.9435,13.1797,-42.8262,-9.6777
158548,-0.5946,0.106,0.7568,7.9375,-44.1543,-15.0293
158571,-0.5951,0.137,0.573,-0.0488,-34.582,-26.1465
158594,-0.6589,-0.1101,0.4839,-5.0918,-20.5762,-35.0547
158617,-0.907,0.1212,0.4258,-12.1562,9.332,-48.582
158640,-1.3054,0.0868,-0.4012,-18.834,44.9961,-59.2832
158663,-1.4198,0.1179,-0.2365,-22.6777,63.998,-63.2598
158686,-1.3115,-0.0515,-0.1141,-26.9727,63.998,-62.8828
158709,-1.0966,-0.1642,0.1425,-28.502,63.998,-58.3594
158732,-0.7286,-0.3413,0.5394,-27.6035,63.998,-46.6094
158755,-0.7563,0.272,0.5977,-21.1543,63.998,-32.041
158778,-0.4551,-0.0767,0.4221,-13.4922,63.998,-22.4629
158801,-0.7661,0.0121,0.511,0.5586,47.2871,-9.0801
158824,-0.8405,-0.0596,0.6711,9.0898,13.1816,-0.9297
158847,-0.7531,0.0077,0.5504,16.584,-35.1641,9.5449
158870,-0.8711,-0.1517,0.6615,16.666,-64.0,16.8477
158893,-0.9166,-0.1055,0.7408,9.4121,-64.0,19.2578
158916,-0.8264,-0.0986,0.6748,-3.7969,-64.0,18.3945
158939,-0.8789,0.0776,0.5743,-13.4629,-64.0,15.0605
158962,-1.0903,-0.2354,0.6117,-25.6367,-64.0,7.3496
158985,-0.3097,0.0386,0.7847,-30.5488,-63.334,1.1191
159008,-0.1689,-0.0553,0.9802,-31.1895,-52.0703,-9.2598
159031,-0.2299,0.0939,1.0511,-23.498,-48.6016,-20.5957
159054,-0.1772,0.0012,1.0236,-14.6602,-49.9375,-28.6973
159077,-0.2758,-0.0049,0.9441,1.6309,-54.252,-41.209
159100,-0.495,-0.0658,0.9536,12.75,-57.0918,-49.0996
159123,-0.4503,-0.0536,0.9619,26.9336,-58.9707,-58.8672
159146,-0.2242,-0.0647,1.0057,35.7168,-57.1914,-64.0
159169,-0.1704,-0.079,0.9661,37.998,-54.5059,-64.0
159192,-0.3936,-0.0812,0.9709,36.3262,-48.377,-64.0
159215,-0.3926,-0.0917,0.9199,32.3672,-42.1406,-61.1152
159238,-0.1219,-0.1942,0.8096,23.4844,-29.0957,-54.4883
159261,-0.5132,0.0388,1.621,12.3496,-13.5977,-48.627
159284,-0.0657,0.0109,0.9873,4.1504,-3.4609,-46.1719
159307,0.0189,-0.3224,1.0161,-9.877,7.6797,-42.6348
159330,-0.2772,-0.1687,0.885,-19.7051,10.0957,-38.0195
159353,-1.1382,-0.162,1.1072,-33.3164,5.2578,-24.7168
159376,-0.0695,-0.1735,0.9771,-40.373,-1.4297,-11.5645
159399,0.1499,-0.141,1.0377,-46.3828,-13.0254,11.2637
159422,0.0889,-0.1531,1.0109,-46.3516,-24.4375,31.6406
159445,0.0463,-0.1508,1.0759,-43.2773,-30.6309,40.8203
159468,-0.1461,-0.1625,1.0343,-35.2832,-35.3711,45.7441
159491,-0.1678,-0.1598,1.0409,-28.6035,-34.6543,43.2871
159514,-0.0438,-0.1682,1.0353,-18.1328,-27.9844,32.9199
159537,-0.0433,-0.2097,1.0426,-8.6855,-16.5176,17.6543
159560,-0.1317,-0.1737,1.0425,-3.5723,-7.6582,6.5898
159583,-0.1073,-0.13,1.0444,1.8535,5.5293,-8.666
159606,-0.2201,-0.1082,1.0461,3.918,13.2422,-16.623
159629,-0.0508,-0.1482,1.0105,4.9004,21.2793,-23.9961
159652,-0.2983,-0.1647,1.0635,3.9668,23.7715,-26.4473
159675,-0.0521,-0.1476,1.0135,2.7441,22.5508,-26.3887
159698,-0.1501,-0.1381,1.0452,0.6523,16.8516,-25.7188
159721,0.0436,-0.1455,1.0421,-0.6152,11.0996,-25.9941
159744,-0.0157,-0.1495,1.0402,-1.9883,1.4844,-28.9258
159767,-0.0663,-0.1477,1.05,-2.4687,-4.5312,-35.3066
159790,0.026,-0.1582,1.0504,-2.5234,-11.5371,-40.9395
159813,-0.0338,-0.127,1.0485,-1.9277,-15.3281,-50.4297
159836,-0.0914,-0.1056,1.0354,-1.3086,-16.2695,-56.6895
159859,0.1307,-0.155,1.0348,-0.2871,-16.3574,-64.0
159882,0.4348,-0.2084,1.0009,0.3242,-16.0273,-64.0
159905,-0.2224,-0.1469,1.0804,0.9453,-14.5937,-64.0
159928,0.0662,-0.1407,1.075,1.1602,-9.6855,-64.0
159951,-0.2683,-0.1464,1.0256,1.0488,-3.6895,-64.0
159974,-0.3663,-0.0737,1.0311,0.3301,7.7051,-64.0
159997,-0.2301,-0.2174,1.0359,-0.5742,14.8672,-53.9297
160020,0.0602,-0.1976,1.0129,-2.4668,20.6387,-32.7813
160043,0.0417,-0.1602,1.0282,-4.6523,17.0703,-10.3789
160066,-0.119,-0.1576,1.0691,-6.0215,9.8828,2.9551
160089,0.0101,-0.1609,1.0313,-7.584,-4.6562,18.1484
160112,-0.1284,-0.1696,1.0155,-8.1875,-14.7266,24.3789
160135,0.0322,-0.1865,1.0674,-8.3945,-27.4355,27.7637
160158,-0.0349,-0.1749,1.0441,-8.1094,-32.9063,24.7031
160181,-0.0426,-0.1113,1.051,-7.1992,-35.5684,19.8047
160204,-0.0164,-0.1573,1.0557,-5.9434,-32.6152,9.4844
160227,0.222,-0.1561,1.0098,-5.0527,-28.9727,1.2852
160250,0.0844,-0.1437,1.0195,-3.8594,-23.6309,-11.8828
160273,-0.0256,-0.1611,1.0543,-3.252,-20.8691,-20.3926
160296,0.092,-0.1595,1.0159,-2.6582,-17.168,-30.9824
160319,0.0566,-0.1487,1.0842,-2.4121,-11.9355,-37.1816
160342,0.0479,-0.1458,1.0684,-2.3965,-6.3672,-38.2832
160365,0.0187,-0.1272,1.0773,-2.5801,5.4785,-34.9141
160388,-0.3344,-0.1422,1.0056,-2.8926,14.6758,-29.1074
160411,-0.4391,-0.176,1.0205,-3.7617,27.2617,-15.0684
160434,-0.1716,-0.1615,1.0603,-5.0918,34.7012,3.75
160457,0.0609,-0.1627,1.0264,-6.1016,35.4453,16.9551
160480,-0.0358,-0.1561,1.0524,-7.5273,29.377,34.1211
160503,0.1218,-0.1593,1.0129,-8.2676,20.9883,42.1367
160526,0.0194,-0.1578,1.0393,-8.8887,4.1406,47.5859
160549,-0.0133,-0.1604,1.0441,-8.9375,-13.3477,45.334
160572,0.037,-0.1646,1.0287,-8.4668,-22.9414,40.4023
160595,-0.1525,-0.1588,1.0607,-7.4824,-30.8184,29.8086
160618,-0.0997,-0.158,1.0453,-6.6406,-30.8535,21.834
160641,-0.0947,-0.1873,1.0452,-5.291,-23.6172,10.332
160664,-0.0249,-0.1584,1.0337,-4.4453,-15.4922,3.7715
160687,-0.026,-0.1627,1.0381,-3.4355,-2.0352,-3.6094
160710,-0.038,-0.1638,1.0428,-2.8418,9.2363,-7.7656
160733,-0.0642,-0.1826,1.05,-2.6797,14.3926,-8.8789
160756,-0.0731,-0.1136,1.0358,-2.7129,18.2773,-8.582
160779,-0.0697,-0.1556,1.0474,-2.8555,18.5273,-7.502
160802,-0.1239,-0.1562,1.0588,-3.1484,16.0273,-5.2988
160825,0.0397,-0.1677,1.0242,-3.459,10.8555,-3.0469
160848,0.0543,-0.1637,1.0348,-3.6602,6.1055,-1.7539
160871,-0.015,-0.1637,1.0403,-3.9551,-2.3652,-0.2891
160894,-0.0269,-0.1571,1.0457,-4.125,-8.0527,0.377
160917,-0.0204,-0.153,1.0459,-4.2988,-14.8633,0.998
160940,-0.0513,-0.1592,1.0394,-4.3437,-18.0977,1.3184
160963,-0.0609,-0.1578,1.0486,-4.3105,-18.002,1.459
160986,-0.0306,-0.1624,1.0399,-4.1855,-14.9062,1.6348
161009,-0.0625,-0.1636,1.0442,-4.0703,-11.4355,1.7266
161032,-0.0289,-0.1569,1.0392,-3.8828,-5.2969,1.7813
161055,-0.0529,-0.155,1.0443,-3.7715,-1.2813,1.7402
161078,-0.0421,-0.156,1.0421,-3.6465,3.6582,1.5527
161101,-0.0347,-0.1597,1.0416,-3.5879,6.582,1.2344
161124,-0.0259,-0.162,1.0399,-3.5879,7.2461,0.9707
161147,-0.0349,-0.1609,1.045,-3.6426,6.457,0.5449
161170,-0.0316,-0.1591,1.0415,-3.7051,5.0176,0.2656
161193,-0.0253,-0.1588,1.0398,-3.8105,2.1211,-0.0996
161216,-0.0359,-0.1573,1.0425,-3.9102,-0.8984,-0.373
161239,-0.0275,-0.1611,1.0421,-3.959,-2.6094,-0.4922
161262,-0.0442,-0.1604,1.0436,-3.998,-4.334,-0.584
161285,-0.0341,-0.1599,1.0435,-3.998,-4.8027,-0.5898
161308,-0.0344,-0.1595,1.0403,-3.9629,-4.5137,-0.5391
161331,-0.0543,-0.158,1.0436,-3.9238,-3.2734,-0.4434
161354,-0.0383,-0.1592,1.0392,-3.8477,-2.1035,-0.3691
161377,-0.0541,-0.1603,1.0446,-3.7656,-0.166,-0.2637
161400,-0.0367,-0.1591,1.0421,-3.7187,1.0469,-0.2051
161423,-0.0502,-0.1595,1.0414,-3.666,2.4473,-0.1426
161446,-0.0416,-0.1578,1.0414,-3.6504,3.0,-0.123
161469,-0.0399,-0.1581,1.04,-3.6523,3.2031,-0.1211
161492,-0.0447,-0.158,1.0432,-3.6797,2.7266,-0.1484
161515,-0.0438,-0.16,1.0416,-3.7109,2.127,-0.1738
161538,-0.043,-0.1599,1.0432,-3.7637,0.9844,-0.2187
161561,-0.0411,-0.1582,1.041,-3.7988,0.1582,-0.248
161584,-0.0416,-0.1588,1.0414,-3.8516,-1.043,-0.2871
161607,-0.0376,-0.1582,1.0413,-3.8926,-2.0625,-0.3145
161630,-0.043,-0.1576,1.0422,-3.9121,-2.5762,-0.3262
161653,-0.0439,-0.1602,1.0435,-3.9258,-3.0273,-0.334
161676,-0.0363,-0.1604,1.0419,-3.9258,-3.1172,-0.332
161699,-0.0422,-0.1591,1.0417,-3.9141,-2.9941,-0.3242
161722,-0.0385,-0.1589,1.0415,-3.8945,-2.6582,-0.3145
161745,-0.04,-0.1578,1.0398,-3.8789,-2.3672,-0.3086
161768,-0.0404,-0.1586,1.0419,-3.8555,-1.8809,-0.3066
161791,-0.0505,-0.1591,1.0437,-3.8437,-1.5469,-0.3066
161814,-0.0397,-0.1584,1.0424,-3.8301,-1.0566,-0.3086
161837,-0.0406,-0.1591,1.0421,-3.8242,-0.7852,-0.3105
161860,-0.035,-0.1581,1.0437,-3.8281,-0.541,-0.3164
161883,-0.0409,-0.1588,1.0436,-3.8398,-0.541,-0.3223
161906,-0.0428,-0.1586,1.0435,-3.8496,-0.6543,-0.3262
161929,-0.042,-0.1592,1.04,-3.8633,-0.9258,-0.332
161952,-0.0328,-0.16,1.0421,-3.8711,-1.1445,-0.3359
161975,-0.0365,-0.1593,1.0424,-3.8809,-1.5176,-0.3398
161998,-0.0398,-0.1586,1.0417,-3.8867,-1.8965,-0.3418
162021,-0.0355,-0.1578,1.0432,-3.8906,-2.1094,-0.3418
162044,-0.0369,-0.1595,1.0431,-3.8906,-2.3223,-0.3398
162067,-0.0389,-0.1602,1.0411,-3.8906,-2.3789,-0.3398
162090,-0.038,-0.1595,1.0387,-3.8926,-2.334,-0.3359
162113,-0.0364,-0.1581,1.0428,-3.8926,-2.1621,-0.332
162136,-0.0349,-0.1587,1.0404,-3.8926,-2.0078,-0.332
162159,-0.0399,-0.1581,1.0433,-3.8906,-1.7598,-0.332
162182,-0.0345,-0.1592,1.0421,-3.8887,-1.5996,-0.332
162205,-0.0375,-0.1599,1.0441,-3.8848,-1.3828,-0.332
162228,-0.0406,-0.1595,1.0421,-3.8809,-1.2578,-0.3301
162251,-0.0383,-0.1597,1.0426,-3.875,-1.0898,-0.3262
162274,-0.036,-0.1594,1.0426,-3.8691,-0.9414,-0.3203
162297,-0.041,-0.1584,1.0435,-3.8652,-0.8594,-0.3164
162320,-0.0367,-0.1584,1.0406,-3.8613,-0.7715,-0.3086
162343,-0.0356,-0.1598,1.0432,-3.8594,-0.7461,-0.3066
162366,-0.0394,-0.1597,1.0421,-3.8594,-0.7715,-0.3047
162389,-0.0363,-0.1589,1.0415,-3.8613,-0.8496,-0.3047
162412,-0.0413,-0.1578,1.0421,-3.8633,-0.9043,-0.3066
162435,-0.0365,-0.1592,1.0422,-3.8652,-0.9629,-0.3086
162458,-0.0377,-0.1588,1.0413,-3.8672,-0.9824,-0.3105
162481,-0.0393,-0.1588,1.0437,-3.8652,-0.9883,-0.3125
162504,-0.038,-0.1586,1.043,-3.8652,-0.9805,-0.3145
162527,-0.0361,-0.1586,1.0414,-3.8633,-0.9785,-0.3145
162550,-0.0388,-0.1581,1.0419,-3.8633,-1.0,-0.3125
162573,-0.0359,-0.1587,1.0437,-3.8613,-1.0332,-0.3105
162596,-0.0391,-0.1591,1.0424,-3.8613,-1.1016,-0.3105
162619,-0.0383,-0.1583,1.0421,-3.8594,-1.1504,-0.3086
162642,-0.0342,-0.1599,1.0417,-3.8574,-1.2109,-0.3086
162665,-0.0413,-0.1586,1.0422,-3.8516,-1.2363,-0.3066
162688,-0.0369,-0.1581,1.0426,-3.8477,-1.2207,-0.3047
162711,-0.0428,-0.1587,1.0444,-3.8379,-1.1484,-0.3047
162734,-0.0371,-0.1589,1.0436,-3.834,-1.0762,-0.3047
162757,-0.0403,-0.1583,1.0437,-3.8262,-0.959,-0.3086
162780,-0.0356,-0.1591,1.0435,-3.8223,-0.877,-0.3145
162803,-0.0394,-0.1587,1.0431,-3.8203,-0.8535,-0.3184
162826,-0.0397,-0.1598,1.0435,-3.8203,-0.8535,-0.3223
162849,-0.038,-0.1592,1.0422,-3.8223,-0.8691,-0.3223
162872,-0.0403,-0.1597,1.0427,-3.8223,-0.9004,-0.3164
162895,-0.0342,-0.1588,1.0419,-3.8242,-0.9473,-0.3066
162918,-0.0405,-0.1587,1.0419,-3.8281,-0.9863,-0.3008
162941,-0.042,-0.1577,1.0431,-3.832,-1.0469,-0.291
162964,-0.0371,-0.1592,1.0416,-3.8359,-1.0762,-0.2871
162987,-0.0393,-0.1587,1.0425,-3.8398,-1.1113,-0.2832
163010,-0.0337,-0.1595,1.0421,-3.8398,-1.1406,-0.2832
163033,-0.0391,-0.1592,1.0444,-3.8437,-1.2148,-0.2832
163056,-0.0381,-0.1595,1.0424,-3.8477,-1.2988,-0.2832
163079,-0.0415,-0.158,1.0414,-3.8496,-1.3301,-0.2832
163102,-0.0405,-0.1587,1.0432,-3.8477,-1.2949,-0.2812
163125,-0.0342,-0.1588,1.0405,-3.8437,-1.2246,-0.2773
163148,-0.0443,-0.1593,1.0435,-3.8398,-1.0762,-0.2695
163171,-0.0375,-0.1595,1.0409,-3.8359,-0.918,-0.2637
163194,-0.038,-0.1587,1.0435,-3.834,-0.8184,-0.2598
163217,-0.0422,-0.1586,1.043,-3.834,-0.6914,-0.2578
163240,-0.0417,-0.1586,1.0416,-3.834,-0.623,-0.2559
163263,-0.0408,-0.1583,1.0406,-3.8379,-0.5391,-0.25
163286,-0.0416,-0.1588,1.0419,-3.8418,-0.4922,-0.2461
163309,-0.0382,-0.1595,1.0404,-3.8477,-0.4824,-0.2461
163332,-0.042,-0.1592,1.0414,-3.8555,-0.5,-0.25
163355,-0.04,-0.1591,1.0422,-3.8633,-0.5254,-0.2559
163378,-0.0452,-0.1576,1.0422,-3.8691,-0.5625,-0.2676
163401,-0.04,-0.1592,1.0421,-3.8711,-0.5762,-0.2793
163424,-0.0426,-0.1586,1.043,-3.8691,-0.5762,-0.2871
163447,-0.0435,-0.1582,1.0432,-3.8652,-0.5664,-0.2949
163470,-0.0416,-0.1593,1.0428,-3.8633,-0.5605,-0.2969
163493,-0.0419,-0.1586,1.0425,-3.8613,-0.5645,-0.2988
163516,-0.0419,-0.1587,1.0428,-3.8633,-0.5801,-0.2988
163539,-0.0411,-0.1586,1.0411,-3.8652,-0.625,-0.2969
163562,-0.0447,-0.1588,1.042,-3.8691,-0.6836,-0.293
163585,-0.0414,-0.1588,1.0408,-3.8691,-0.7266,-0.291
163608,-0.0426,-0.1589,1.0443,-3.8672,-0.791,-0.2891
163631,-0.0414,-0.1584,1.0422,-3.8652,-0.832,-0.2852
163654,-0.0391,-0.1582,1.043,-3.8574,-0.8906,-0.2832
163677,-0.0438,-0.1588,1.041,-3.8477,-0.9414,-0.2773
163700,-0.0449,-0.1589,1.0419,-3.8398,-0.959,-0.2773
163723,-0.0435,-0.1587,1.0398,-3.8262,-0.9512,-0.2754
163746,-0.043,-0.1594,1.0433,-3.8184,-0.9219,-0.2754
163769,-0.0455,-0.1588,1.0427,-3.8086,-0.8555,-0.2773
163792,-0.0452,-0.1586,1.0437,-3.8066,-0.7734,-0.2832
163815,-0.0447,-0.1584,1.042,-3.8047,-0.7148,-0.2871
163838,-0.0444,-0.1581,1.0411,-3.8086,-0.6367,-0.2891
163861,-0.0426,-0.1582,1.0421,-3.8105,-0.6055,-0.291
163884,-0.0465,-0.1599,1.0442,-3.8164,-0.5898,-0.291
163907,-0.0485,-0.1584,1.0422,-3.8223,-0.5918,-0.291
163930,-0.0438,-0.1587,1.0414,-3.8262,-0.5957,-0.2949
163953,-0.045,-0.158,1.0399,-3.8301,-0.6094,-0.2988
163976,-0.0459,-0.1583,1.0403,-3.8301,-0.6309,-0.3008
163999,-0.0447,-0.1588,1.0404,-3.834,-0.6895,-0.3047
164022,-0.0468,-0.1592,1.0443,-3.8359,-0.7422,-0.3047
164045,-0.0461,-0.1598,1.0408,-3.8398,-0.8301,-0.3066
164068,-0.0457,-0.158,1.0406,-3.8457,-0.916,-0.3086
164091,-0.0426,-0.1583,1.041,-3.8496,-0.9688,-0.3086
164114,-0.0444,-0.1575,1.0411,-3.8555,-1.0449,-0.3027
164137,-0.0459,-0.1588,1.0428,-3.8594,-1.0977,-0.2988
164160,-0.0446,-0.1586,1.0433,-3.8672,-1.1777,-0.293
164183,-0.0442,-0.1589,1.0422,-3.875,-1.2598,-0.2871
164206,-0.0438,-0.1584,1.042,-3.8789,-1.3184,-0.2832
164229,-0.0452,-0.1586,1.042,-3.8867,-1.4023,-0.2812
164252,-0.0446,-0.1584,1.0415,-3.8867,-1.4492,-0.2832
164275,-0.0442,-0.1587,1.0406,-3.8828,-1.4844,-0.2871
164298,-0.0446,-0.1589,1.041,-3.877,-1.4785,-0.2891
164321,-0.0425,-0.1595,1.0431,-3.8633,-1.4219,-0.293
164344,-0.0439,-0.1584,1.0426,-3.8516,-1.3223,-0.293
164367,-0.0444,-0.1572,1.0421,-3.8437,-1.2402,-0.291
164390,-0.0464,-0.1588,1.0419,-3.834,-1.1016,-0.2891
164413,-0.047,-0.1578,1.0436,-3.8281,-1.002,-0.2871
164436,-0.0455,-0.158,1.0405,-3.8223,-0.8672,-0.2812
164459,-0.049,-0.1588,1.0457,-3.8184,-0.7812,-0.2734
164482,-0.0393,-0.1571,1.0369,-3.8203,-0.7617,-0.2695
164505,-0.0427,-0.161,1.0463,-3.8242,-0.7852,-0.2637
164528,-0.0541,-0.1576,1.0455,-3.8301,-0.8262,-0.2617
164551,-0.0424,-0.1595,1.0415,-3.8379,-0.9043,-0.2617
164574,-0.0399,-0.1577,1.0405,-3.8457,-0.9922,-0.2656
164597,-0.0486,-0.1572,1.04,-3.8496,-1.0547,-0.2715
164620,-0.0444,-0.1587,1.0457,-3.8535,-1.1406,-0.2793
164643,-0.0492,-0.1598,1.0465,-3.8555,-1.1855,-0.2852
164666,-0.0378,-0.1591,1.0348,-3.8574,-1.2383,-0.2949
164689,-0.0444,-0.1581,1.04,-3.8594,-1.2617,-0.3027
164712,-0.0504,-0.1583,1.0472,-3.8633,-1.2773,-0.3066
164735,-0.0447,-0.1591,1.0444,-3.8672,-1.2578,-0.3145
164758,-0.0458,-0.1593,1.0398,-3.8672,-1.2305,-0.3184
164781,-0.0466,-0.1561,1.0397,-3.8672,-1.1758,-0.3242
164804,-0.0339,-0.1627,1.0361,-3.8652,-1.1387,-0.3262
164827,-0.0499,-0.1541,1.0502,-3.8613,-1.0938,-0.3262
164850,-0.0566,-0.1649,1.049,-3.8555,-1.0684,-0.3242
164873,-0.0302,-0.1588,1.04,-3.8496,-1.0625,-0.3223
164896,-0.0485,-0.1589,1.0409,-3.8379,-1.0664,-0.3203
164919,-0.0526,-0.151,1.0433,-3.8281,-1.0781,-0.3164
164942,-0.0364,-0.1611,1.0431,-3.8105,-1.0938,-0.3125
164965,-0.0431,-0.1573,1.0419,-3.7949,-1.1191,-0.3066
164988,-0.0511,-0.1609,1.0414,-3.7891,-1.1387,-0.3047
165011,-0.0468,-0.1598,1.0422,-3.7832,-1.1504,-0.3027
165034,-0.042,-0.1604,1.0414,-3.7832,-1.1367,-0.3008
165057,-0.0487,-0.1542,1.0404,-3.7891,-1.0898,-0.3008
165080,-0.0422,-0.1602,1.0408,-3.7969,-1.0488,-0.2988
165103,-0.0427,-0.16,1.0421,-3.8125,-0.998,-0.2969
165126,-0.0483,-0.1609,1.0424,-3.832,-0.9727,-0.293
165149,-0.0493,-0.1591,1.0433,-3.8457,-0.9648,-0.293
165172,-0.0437,-0.1584,1.0405,-3.8594,-0.9492,-0.293
165195,-0.0446,-0.1554,1.0386,-3.8633,-0.9316,-0.2949
165218,-0.0449,-0.1578,1.0409,-3.8594,-0.8926,-0.2969
165241,-0.0491,-0.1603,1.0428,-3.8398,-0.7988,-0.3008
165264,-0.0669,-0.1595,1.0458,-3.8164,-0.6719,-0.3027
165287,-0.0322,-0.1594,1.0369,-3.7715,-0.4062,-0.3027
165310,-0.0576,-0.1533,1.0313,-3.75,-0.2383,-0.3008
165333,-0.0311,-0.1595,1.0588,-3.7461,-0.0977,-0.2969
165356,-0.0734,-0.1559,1.0521,-3.7871,-0.1543,-0.2969
165379,-0.0361,-0.1642,1.0293,-3.834,-0.2812,-0.2988
165402,-0.047,-0.1595,1.0425,-3.918,-0.5469,-0.3008
165425,-0.049,-0.1587,1.0454,-3.9707,-0.7344,-0.3027
165448,-0.0503,-0.1553,1.0403,-4.0273,-0.9824,-0.3066
165471,-0.047,-0.1577,1.0414,-4.0449,-1.1484,-0.3066
165494,-0.0446,-0.1597,1.0436,-4.0469,-1.2031,-0.3047
165517,-0.0542,-0.1622,1.0414,-4.0234,-1.2031,-0.3027
165540,-0.0514,-0.1616,1.0409,-4.0,-1.1504,-0.3027
165563,-0.0472,-0.1575,1.0402,-3.9551,-0.9941,-0.2988
165586,-0.0526,-0.1561,1.0415,-3.9258,-0.8555,-0.2969
165609,-0.0502,-0.1562,1.0378,-3.8848,-0.6445,-0.291
165632,-0.0502,-0.1603,1.0426,-3.8574,-0.4687,-0.2832
165655,-0.0513,-0.1614,1.0432,-3.8496,-0.3887,-0.2793
165678,-0.0553,-0.1606,1.0414,-3.8516,-0.3242,-0.2754
165701,-0.0509,-0.1584,1.0387,-3.8594,-0.3105,-0.2734
165724,-0.0503,-0.1575,1.0417,-3.873,-0.3242,-0.2754
165747,-0.0524,-0.1573,1.0386,-3.8828,-0.3867,-0.2832
165770,-0.0514,-0.1602,1.0416,-3.8867,-0.4551,-0.2891
165793,-0.053,-0.1613,1.04,-3.8867,-0.5703,-0.2949
165816,-0.0558,-0.1599,1.0414,-3.8867,-0.6328,-0.2969
165839,-0.0537,-0.1577,1.042,-3.8828,-0.6738,-0.2969
165862,-0.0525,-0.1581,1.04,-3.8789,-0.6445,-0.2949
165885,-0.0529,-0.1577,1.0415,-3.8711,-0.5957,-0.2949
165908,-0.0565,-0.1597,1.0422,-3.8574,-0.5117,-0.293
165931,-0.0541,-0.1613,1.0413,-3.8496,-0.4609,-0.2949
165954,-0.0522,-0.1598,1.0389,-3.8379,-0.4082,-0.2969
165977,-0.059,-0.1591,1.0398,-3.8301,-0.3906,-0.2988
166000,-0.049,-0.1584,1.0406,-3.8203,-0.375,-0.3008
166023,-0.0586,-0.1595,1.0431,-3.8086,-0.3281,-0.2969
166046,-0.0536,-0.1587,1.0408,-3.8008,-0.2461,-0.291
166069,-0.062,-0.1598,1.042,-3.7852,0.0156,-0.2754
166092,-0.0662,-0.1592,1.0411,-3.7715,0.3164,-0.2637
166115,-0.078,-0.1578,1.043,-3.7441,0.9922,-0.2402
166138,-0.0707,-0.1578,1.0422,-3.7109,1.8711,-0.2207
166161,-0.0634,-0.1581,1.0405,-3.6914,2.4531,-0.2109
166184,-0.0691,-0.1583,1.041,-3.668,3.084,-0.2031
166207,-0.0591,-0.1588,1.0406,-3.6641,3.2363,-0.207
166230,-0.0667,-0.16,1.0426,-3.6738,3.0156,-0.2187
166253,-0.0668,-0.1584,1.0402,-3.7051,2.375,-0.2363
166276,-0.0773,-0.1587,1.0406,-3.7305,1.8438,-0.248
166299,-0.0703,-0.1592,1.0396,-3.7715,1.0859,-0.2578
166322,-0.0797,-0.1578,1.0421,-3.7969,0.6855,-0.2617
166345,-0.0734,-0.1588,1.0406,-3.8262,0.2812,-0.2637
166368,-0.0709,-0.1591,1.0405,-3.8379,0.1191,-0.2617
166391,-0.069,-0.1588,1.0406,-3.8496,-0.0723,-0.2617
166414,-0.0673,-0.1581,1.0403,-3.8574,-0.3223,-0.2656
166437,-0.0671,-0.1584,1.0408,-3.8633,-0.5586,-0.2734
166460,-0.0675,-0.1589,1.0402,-3.877,-1.0,-0.2871
166483,-0.0674,-0.1593,1.0396,-3.8887,-1.3164,-0.2969
166506,-0.0682,-0.1584,1.0399,-3.9062,-1.7363,-0.3105
166529,-0.0696,-0.1599,1.0394,-3.9199,-2.0098,-0.3164
166552,-0.0699,-0.1594,1.0406,-3.9258,-2.0859,-0.3184
